application_id,application_date,dataset_split,loan_purpose,loan_amount_requested,term_months,channel,state,employment_type,annual_income,predicted_pd,credit_score,risk_band,decision,bad_flag
APP008094,2023-07-02,Train,Debt Consolidation,22500,48,Online,QLD,Self-Employed,44520.19,0.0167,605,Premium,Approve - Premium Pricing,0
APP007386,2023-11-11,Train,Wedding,9500,24,Branch,SA,Full-Time,122895.39,0.0303,587,Standard,Approve - Standard Terms,0
APP002766,2023-09-11,Train,Debt Consolidation,22000,48,Broker,VIC,Part-Time,47660.28,0.0326,585,Standard,Approve - Standard Terms,0
APP001828,2023-08-18,Train,Travel,43500,24,Branch,WA,Self-Employed,15000.0,0.0421,577,High Risk - Refer,Refer to Manual Underwriting,0
APP004458,2023-03-03,Train,Home Renovation,13000,24,Online,NSW,Full-Time,58972.9,0.1006,550,Decline,Decline,0
APP007061,2023-07-03,Train,Debt Consolidation,28000,24,Broker,NSW,Self-Employed,59712.83,0.05,572,High Risk - Refer,Refer to Manual Underwriting,0
APP006170,2023-05-03,Train,Debt Consolidation,33000,36,Branch,NSW,Full-Time,103484.92,0.0189,601,Preferred,Approve - Preferred Pricing,0
APP005922,2023-11-16,Train,Wedding,15500,36,Branch,QLD,Casual,45041.11,0.0296,588,Standard,Approve - Standard Terms,0
APP004708,2023-05-20,Train,Car Purchase,29000,36,Online,NSW,Full-Time,70207.73,0.0344,583,High Risk - Refer,Refer to Manual Underwriting,0
APP008964,2023-03-16,Train,Home Renovation,24500,12,Online,VIC,Full-Time,45661.73,0.0258,592,Standard,Approve - Standard Terms,0
APP006312,2023-10-30,Train,Debt Consolidation,43500,48,Online,VIC,Full-Time,71284.91,0.0344,583,High Risk - Refer,Refer to Manual Underwriting,0
APP000232,2023-06-25,Train,Car Purchase,35500,12,Online,NSW,Part-Time,50174.73,0.019,601,Preferred,Approve - Preferred Pricing,0
APP002136,2023-12-29,Train,Home Renovation,9000,24,Broker,NSW,Full-Time,61175.24,0.0258,592,Standard,Approve - Standard Terms,0
APP003886,2023-11-23,Train,Wedding,45500,36,Branch,WA,Full-Time,88201.17,0.0189,601,Preferred,Approve - Preferred Pricing,0
APP002881,2023-01-13,Train,Debt Consolidation,43000,36,Online,NSW,Full-Time,81154.35,0.0276,590,Standard,Approve - Standard Terms,0
APP006601,2023-10-09,Train,Medical,18500,60,Online,QLD,Casual,39943.29,0.0765,559,Decline,Decline,0
APP003131,2023-05-06,Train,Debt Consolidation,28000,36,Branch,VIC,Full-Time,80415.85,0.0258,592,Standard,Approve - Standard Terms,0
APP005744,2023-04-29,Train,Debt Consolidation,27500,60,Broker,VIC,Full-Time,77329.46,0.0177,603,Preferred,Approve - Preferred Pricing,0
APP003856,2023-01-27,Train,Car Purchase,20500,36,Branch,SA,Full-Time,81648.49,0.0276,590,Standard,Approve - Standard Terms,0
APP001717,2023-05-20,Train,Medical,18000,24,Broker,NT,Full-Time,71386.57,0.0227,596,Standard,Approve - Standard Terms,0
APP004644,2023-04-21,Train,Debt Consolidation,39000,60,Online,VIC,Full-Time,66823.09,0.0227,596,Standard,Approve - Standard Terms,0
APP001618,2023-06-15,Train,Home Renovation,32500,60,Branch,QLD,Full-Time,53520.77,0.0394,579,High Risk - Refer,Refer to Manual Underwriting,0
APP001752,2023-03-21,Train,Car Purchase,37000,36,Online,NSW,Full-Time,68732.5,0.0258,592,Standard,Approve - Standard Terms,0
APP000341,2024-01-05,Train,Debt Consolidation,22500,24,Branch,SA,Full-Time,109413.56,0.0542,570,High Risk - Refer,Refer to Manual Underwriting,0
APP006478,2024-01-12,Train,Home Renovation,30000,36,Online,NSW,Full-Time,79344.89,0.0435,576,High Risk - Refer,Refer to Manual Underwriting,0
APP007191,2023-07-19,Train,Debt Consolidation,42500,24,Branch,QLD,Self-Employed,73843.99,0.035,583,High Risk - Refer,Refer to Manual Underwriting,0
APP004062,2023-11-26,Train,Debt Consolidation,44500,12,Online,VIC,Full-Time,37025.0,0.0303,587,Standard,Approve - Standard Terms,0
APP007255,2023-11-26,Train,Other,38000,12,Online,NSW,Full-Time,41383.92,0.0189,601,Preferred,Approve - Preferred Pricing,0
APP003102,2023-09-02,Train,Home Renovation,12000,36,Branch,VIC,Unemployed,15977.04,0.1858,530,Decline,Decline,0
APP007318,2023-06-26,Train,Debt Consolidation,5500,12,Broker,VIC,Casual,32911.95,0.0258,592,Standard,Approve - Standard Terms,0
APP005537,2023-09-09,Train,Other,7000,60,Online,VIC,Full-Time,59734.93,0.0189,601,Preferred,Approve - Preferred Pricing,0
APP008636,2024-02-27,Train,Debt Consolidation,11500,36,Broker,NSW,Casual,34792.21,0.0236,595,Standard,Approve - Standard Terms,0
APP002391,2024-01-19,Train,Car Purchase,45500,48,Broker,WA,Full-Time,80928.11,0.0177,603,Preferred,Approve - Preferred Pricing,0
APP006774,2023-07-05,Train,Debt Consolidation,22000,24,Online,NSW,Full-Time,89895.74,0.0303,587,Standard,Approve - Standard Terms,0
APP001296,2023-05-17,Train,Wedding,29500,36,Branch,NSW,Full-Time,83708.5,0.0303,587,Standard,Approve - Standard Terms,0
APP001762,2023-01-12,Train,Car Purchase,3500,24,Online,VIC,Full-Time,104820.39,0.0189,601,Preferred,Approve - Preferred Pricing,0
APP000661,2023-08-20,Train,Home Renovation,23500,36,Online,NSW,Full-Time,111607.11,0.0227,596,Standard,Approve - Standard Terms,0
APP007765,2023-03-30,Train,Debt Consolidation,42000,48,Branch,QLD,Casual,50259.94,0.0258,592,Standard,Approve - Standard Terms,1
APP005866,2023-07-11,Train,Debt Consolidation,25000,24,Online,WA,Self-Employed,64642.91,0.0305,587,Standard,Approve - Standard Terms,0
APP008288,2024-02-09,Train,Travel,18500,48,Branch,QLD,Casual,50031.02,0.0433,576,High Risk - Refer,Refer to Manual Underwriting,0
APP008324,2023-06-04,Train,Debt Consolidation,14500,24,Broker,VIC,Full-Time,57875.94,0.0474,574,High Risk - Refer,Refer to Manual Underwriting,0
APP002526,2023-03-09,Train,Car Purchase,4000,36,Broker,NSW,Full-Time,71573.34,0.0227,596,Standard,Approve - Standard Terms,0
APP002098,2023-05-14,Train,Wedding,34000,12,Online,NSW,Full-Time,67262.13,0.0227,596,Standard,Approve - Standard Terms,0
APP007416,2023-11-23,Train,Wedding,30000,36,Online,VIC,Casual,47715.07,0.0738,560,Decline,Decline,0
APP004391,2024-02-19,Train,Travel,9500,60,Broker,VIC,Part-Time,36971.19,0.0528,570,High Risk - Refer,Refer to Manual Underwriting,0
APP004848,2023-08-04,Train,Travel,7000,12,Branch,NSW,Self-Employed,105120.59,0.0201,599,Preferred,Approve - Preferred Pricing,0
APP007809,2023-06-01,Train,Car Purchase,13500,24,Online,SA,Full-Time,86635.41,0.0344,583,High Risk - Refer,Refer to Manual Underwriting,0
APP007501,2023-05-12,Train,Debt Consolidation,39500,36,Online,QLD,Casual,30723.64,0.0303,587,Standard,Approve - Standard Terms,0
APP001393,2023-12-05,Train,Travel,4500,36,Online,NSW,Full-Time,40141.78,0.0344,583,High Risk - Refer,Refer to Manual Underwriting,0
APP007169,2023-07-26,Train,Debt Consolidation,32000,24,Online,VIC,Part-Time,15326.03,0.019,601,Preferred,Approve - Preferred Pricing,0
APP005418,2023-07-21,Train,Debt Consolidation,7000,36,Online,VIC,Unemployed,20132.58,0.141,539,Decline,Decline,0
APP000945,2023-06-10,Train,Debt Consolidation,5500,48,Broker,QLD,Full-Time,96091.5,0.0344,583,High Risk - Refer,Refer to Manual Underwriting,0
APP000134,2023-04-24,Train,Travel,48500,36,Branch,VIC,Casual,29057.36,0.0542,570,High Risk - Refer,Refer to Manual Underwriting,0
APP008773,2024-03-26,Train,Travel,30500,24,Online,NSW,Full-Time,58202.62,0.0344,583,High Risk - Refer,Refer to Manual Underwriting,0
APP005467,2023-01-07,Train,Home Renovation,15000,36,Online,NSW,Full-Time,82711.84,0.0243,594,Standard,Approve - Standard Terms,0
APP008936,2023-10-08,Train,Car Purchase,47500,36,Online,QLD,Self-Employed,75890.89,0.0305,587,Standard,Approve - Standard Terms,0
APP005940,2023-01-28,Train,Debt Consolidation,36500,12,Online,NSW,Full-Time,42903.1,0.0344,583,High Risk - Refer,Refer to Manual Underwriting,0
APP007564,2023-10-18,Train,Debt Consolidation,27000,48,Online,VIC,Part-Time,32963.2,0.0203,599,Preferred,Approve - Preferred Pricing,0
APP006466,2023-08-27,Train,Car Purchase,33500,48,Broker,WA,Casual,28081.41,0.1036,549,Decline,Decline,0
APP008681,2023-09-17,Train,Car Purchase,16000,48,Online,VIC,Self-Employed,111147.05,0.0305,587,Standard,Approve - Standard Terms,0
APP007204,2023-02-07,Train,Car Purchase,40500,24,Online,SA,Casual,35164.37,0.0177,603,Premium,Approve - Premium Pricing,0
APP008793,2023-01-20,Train,Debt Consolidation,49500,36,Broker,QLD,Full-Time,59835.13,0.0542,570,High Risk - Refer,Refer to Manual Underwriting,0
APP001408,2024-02-12,Train,Travel,16500,48,Online,NSW,Part-Time,49734.72,0.1109,547,Decline,Decline,0
APP000597,2023-07-03,Train,Medical,10500,24,Online,VIC,Full-Time,80497.71,0.0542,570,High Risk - Refer,Refer to Manual Underwriting,0
APP002951,2023-10-24,Train,Debt Consolidation,48500,36,Branch,NSW,Full-Time,65341.0,0.0562,569,High Risk - Refer,Refer to Manual Underwriting,0
APP002345,2023-07-08,Train,Home Renovation,2500,60,Online,NSW,Part-Time,25396.0,0.037,581,High Risk - Refer,Refer to Manual Underwriting,0
APP002262,2023-07-18,Train,Home Renovation,48000,48,Branch,VIC,Casual,27598.2,0.1784,531,Decline,Decline,0
APP008561,2024-03-28,Train,Home Renovation,48000,24,Online,NSW,Self-Employed,68585.09,0.0156,607,Premium,Approve - Premium Pricing,0
APP001391,2023-08-29,Train,Medical,44000,24,Branch,SA,Self-Employed,67149.51,0.0385,580,High Risk - Refer,Refer to Manual Underwriting,0
APP000604,2023-08-01,Train,Other,3000,48,Branch,NSW,Full-Time,35863.21,0.0394,579,High Risk - Refer,Refer to Manual Underwriting,0
APP001488,2023-09-02,Train,Wedding,28000,48,Broker,QLD,Full-Time,92022.75,0.0177,603,Preferred,Approve - Preferred Pricing,0
APP004324,2024-03-10,Train,Car Purchase,26500,60,Branch,VIC,Full-Time,56415.54,0.0177,603,Preferred,Approve - Preferred Pricing,0
APP005743,2023-01-25,Train,Car Purchase,45000,24,Branch,QLD,Casual,15000.0,0.0738,560,Decline,Decline,0
APP005300,2023-09-04,Train,Wedding,21500,48,Online,NSW,Full-Time,93336.45,0.0243,594,Standard,Approve - Standard Terms,0
APP007546,2023-01-13,Train,Debt Consolidation,39000,48,Broker,QLD,Full-Time,86481.33,0.0297,588,Standard,Approve - Standard Terms,1
APP006604,2023-12-25,Train,Travel,13000,60,Online,NSW,Self-Employed,80426.86,0.0201,599,Preferred,Approve - Preferred Pricing,0
APP007970,2024-03-06,Train,Other,45500,60,Online,QLD,Self-Employed,52177.87,0.0269,591,Standard,Approve - Standard Terms,0
APP007561,2024-01-04,Train,Car Purchase,7000,48,Broker,SA,Full-Time,84596.88,0.0177,603,Preferred,Approve - Preferred Pricing,0
APP008296,2024-01-01,Train,Debt Consolidation,34500,48,Online,VIC,Full-Time,106108.41,0.0344,583,High Risk - Refer,Refer to Manual Underwriting,0
APP007600,2023-10-30,Train,Travel,4000,36,Branch,ACT,Part-Time,38483.72,0.0603,566,Decline,Decline,0
APP000674,2023-10-11,Train,Car Purchase,5000,60,Branch,QLD,Full-Time,87958.55,0.0236,595,Standard,Approve - Standard Terms,0
APP007514,2023-12-06,Train,Car Purchase,16500,12,Branch,VIC,Full-Time,56474.38,0.0189,601,Preferred,Approve - Preferred Pricing,0
APP002404,2023-01-23,Train,Debt Consolidation,9000,36,Branch,NSW,Full-Time,81201.63,0.0189,601,Preferred,Approve - Preferred Pricing,0
APP000457,2023-04-05,Train,Home Renovation,29000,36,Branch,NSW,Self-Employed,62410.07,0.0156,607,Premium,Approve - Premium Pricing,0
APP002100,2023-09-02,Train,Car Purchase,23500,36,Broker,QLD,Full-Time,76851.55,0.0344,583,High Risk - Refer,Refer to Manual Underwriting,0
APP004428,2023-09-13,Train,Wedding,41000,60,Online,NSW,Casual,38519.43,0.0344,583,Standard,Approve - Standard Terms,0
APP005248,2023-09-20,Train,Wedding,45500,36,Online,QLD,Full-Time,45371.37,0.0344,583,High Risk - Refer,Refer to Manual Underwriting,0
APP008079,2023-05-10,Train,Debt Consolidation,22000,36,Online,NSW,Full-Time,99316.32,0.0344,583,High Risk - Refer,Refer to Manual Underwriting,0
APP000319,2023-04-26,Train,Wedding,16500,12,Branch,VIC,Full-Time,85015.2,0.0258,592,Standard,Approve - Standard Terms,0
APP000959,2023-08-15,Train,Debt Consolidation,28000,12,Online,VIC,Full-Time,68630.7,0.0562,569,High Risk - Refer,Refer to Manual Underwriting,0
APP008985,2023-06-14,Train,Other,10000,36,Online,NSW,Full-Time,81238.69,0.0738,560,Decline,Decline,0
APP002638,2023-08-28,Train,Car Purchase,47500,24,Online,NSW,Full-Time,87508.43,0.0258,592,Standard,Approve - Standard Terms,0
APP007244,2023-02-19,Train,Wedding,37500,24,Broker,VIC,Casual,33038.96,0.0189,601,Preferred,Approve - Preferred Pricing,0
APP001201,2023-04-17,Train,Car Purchase,28500,60,Online,NSW,Full-Time,70625.3,0.0236,595,Standard,Approve - Standard Terms,0
APP007886,2023-11-23,Train,Car Purchase,12500,36,Branch,VIC,Full-Time,61401.21,0.0542,570,High Risk - Refer,Refer to Manual Underwriting,0
APP003705,2023-04-06,Train,Debt Consolidation,12000,12,Online,QLD,Full-Time,141674.52,0.0189,601,Preferred,Approve - Preferred Pricing,0
APP005143,2023-08-03,Train,Home Renovation,24500,24,Online,QLD,Part-Time,53349.97,0.058,568,High Risk - Refer,Refer to Manual Underwriting,0
APP004711,2023-02-22,Train,Debt Consolidation,7000,48,Online,QLD,Part-Time,45341.07,0.037,581,High Risk - Refer,Refer to Manual Underwriting,0
APP003757,2023-07-20,Train,Home Renovation,20500,60,Broker,VIC,Self-Employed,36837.35,0.0245,593,Standard,Approve - Standard Terms,0
APP001813,2023-02-06,Train,Debt Consolidation,33500,60,Online,VIC,Part-Time,55129.86,0.0254,592,Standard,Approve - Standard Terms,0
APP001113,2024-01-08,Train,Debt Consolidation,38500,24,Online,VIC,Part-Time,32592.07,0.0424,577,High Risk - Refer,Refer to Manual Underwriting,0
APP004552,2023-08-18,Train,Car Purchase,19000,24,Online,VIC,Full-Time,81952.33,0.0189,601,Preferred,Approve - Preferred Pricing,0
APP007585,2024-01-07,Train,Car Purchase,19000,24,Broker,NSW,Full-Time,95127.76,0.0326,585,Standard,Approve - Standard Terms,0
APP006561,2023-01-30,Train,Debt Consolidation,50000,36,Online,NSW,Self-Employed,50427.18,0.0269,591,Standard,Approve - Standard Terms,0
APP003122,2023-01-16,Train,Home Renovation,12000,36,Online,NSW,Full-Time,92109.21,0.0326,585,Standard,Approve - Standard Terms,0
APP005416,2023-03-07,Train,Home Renovation,31500,36,Broker,NSW,Full-Time,60027.15,0.0303,587,Standard,Approve - Standard Terms,0
APP001454,2023-06-22,Train,Medical,7500,36,Broker,QLD,Casual,30161.08,0.0258,592,Standard,Approve - Standard Terms,0
APP004833,2023-07-20,Train,Debt Consolidation,49000,36,Branch,SA,Casual,25261.43,0.0344,583,Standard,Approve - Standard Terms,0
APP003040,2023-09-05,Train,Debt Consolidation,11000,60,Branch,NSW,Full-Time,95870.53,0.0344,583,High Risk - Refer,Refer to Manual Underwriting,0
APP008765,2023-09-14,Train,Other,47500,24,Online,NSW,Self-Employed,63576.34,0.0305,587,Standard,Approve - Standard Terms,0
APP006109,2024-01-17,Train,Car Purchase,32500,36,Online,QLD,Casual,34126.04,0.1142,546,Decline,Decline,0
APP000353,2023-07-18,Train,Home Renovation,18500,48,Online,NSW,Self-Employed,73685.95,0.0245,593,Standard,Approve - Standard Terms,0
APP000840,2023-04-07,Train,Wedding,28500,24,Online,NSW,Full-Time,90743.23,0.0236,595,Standard,Approve - Standard Terms,0
APP006337,2023-07-09,Train,Car Purchase,8500,24,Online,VIC,Casual,47749.16,0.0303,587,Standard,Approve - Standard Terms,0
APP004528,2023-12-21,Train,Other,4000,24,Broker,QLD,Part-Time,61006.13,0.0326,585,Standard,Approve - Standard Terms,0
APP001055,2023-03-04,Train,Other,20500,36,Online,WA,Casual,40350.78,0.0236,595,Standard,Approve - Standard Terms,0
APP003030,2023-09-14,Train,Car Purchase,46500,36,Online,WA,Full-Time,53102.74,0.0344,583,High Risk - Refer,Refer to Manual Underwriting,0
APP004768,2023-10-10,Train,Debt Consolidation,22500,24,Online,QLD,Casual,41889.86,0.0344,583,Standard,Approve - Standard Terms,0
APP005367,2023-09-16,Train,Travel,25000,36,Broker,WA,Full-Time,86682.66,0.0344,583,High Risk - Refer,Refer to Manual Underwriting,0
APP000043,2023-10-15,Train,Debt Consolidation,22500,48,Branch,QLD,Full-Time,60946.31,0.0189,601,Preferred,Approve - Preferred Pricing,0
APP003706,2023-03-05,Train,Home Renovation,43000,24,Online,VIC,Self-Employed,76531.4,0.048,573,High Risk - Refer,Refer to Manual Underwriting,0
APP001510,2023-02-03,Train,Debt Consolidation,38500,60,Branch,QLD,Part-Time,19420.07,0.0278,590,Standard,Approve - Standard Terms,0
APP003247,2023-08-07,Train,Home Renovation,13000,48,Online,TAS,Full-Time,15000.0,0.0344,583,High Risk - Refer,Refer to Manual Underwriting,0
APP002481,2024-03-20,Train,Debt Consolidation,33000,48,Online,WA,Unemployed,18317.39,0.1542,536,Decline,Decline,0
APP003769,2023-08-05,Train,Car Purchase,44500,36,Online,SA,Self-Employed,81176.61,0.0229,595,Standard,Approve - Standard Terms,0
APP000866,2023-12-03,Train,Travel,40000,12,Broker,NSW,Full-Time,68058.95,0.0303,587,Standard,Approve - Standard Terms,0
APP008991,2023-02-24,Train,Debt Consolidation,36000,36,Online,NSW,Full-Time,45508.1,0.0433,576,High Risk - Refer,Refer to Manual Underwriting,0
APP006151,2023-11-26,Train,Other,39500,60,Online,NSW,Full-Time,90275.28,0.0189,601,Preferred,Approve - Preferred Pricing,0
APP004431,2023-10-23,Train,Home Renovation,49000,36,Online,NSW,Casual,41831.26,0.0542,570,High Risk - Refer,Refer to Manual Underwriting,0
APP004055,2023-11-19,Train,Wedding,49500,24,Broker,VIC,Full-Time,63152.63,0.0433,576,High Risk - Refer,Refer to Manual Underwriting,0
APP008118,2023-01-15,Train,Travel,27500,36,Branch,NSW,Full-Time,72475.17,0.0303,587,Standard,Approve - Standard Terms,0
APP002081,2023-02-21,Train,Debt Consolidation,3000,60,Broker,VIC,Self-Employed,56952.06,0.0305,587,Standard,Approve - Standard Terms,0
APP005728,2023-06-05,Train,Other,28500,36,Online,NSW,Unemployed,16844.46,0.235,521,Decline,Decline,0
APP000342,2023-03-26,Train,Car Purchase,23000,60,Branch,NSW,Full-Time,86463.23,0.0189,601,Preferred,Approve - Preferred Pricing,0
APP001347,2023-05-14,Train,Car Purchase,49500,24,Online,QLD,Part-Time,50198.13,0.0245,593,Standard,Approve - Standard Terms,0
APP008895,2023-07-19,Train,Car Purchase,39500,24,Branch,VIC,Part-Time,49255.04,0.037,581,High Risk - Refer,Refer to Manual Underwriting,1
APP005008,2023-10-05,Train,Home Renovation,13000,24,Online,NSW,Full-Time,91741.94,0.0303,587,Standard,Approve - Standard Terms,0
APP001728,2023-01-25,Train,Car Purchase,28500,24,Broker,NSW,Part-Time,37781.48,0.0254,592,Standard,Approve - Standard Terms,0
APP003217,2023-02-08,Train,Wedding,11000,36,Branch,QLD,Full-Time,69446.38,0.0243,594,Standard,Approve - Standard Terms,0
APP001419,2023-04-16,Train,Car Purchase,47500,48,Broker,SA,Full-Time,83998.85,0.0177,603,Preferred,Approve - Preferred Pricing,0
APP002188,2024-02-28,Train,Home Renovation,44500,48,Online,VIC,Self-Employed,98605.6,0.0385,580,High Risk - Refer,Refer to Manual Underwriting,1
APP002994,2023-04-09,Train,Wedding,9500,48,Online,QLD,Self-Employed,101317.88,0.0229,595,Standard,Approve - Standard Terms,0
APP007552,2023-01-11,Train,Home Renovation,37500,24,Online,NSW,Full-Time,61799.88,0.0481,573,High Risk - Refer,Refer to Manual Underwriting,0
APP003675,2023-01-16,Train,Car Purchase,50000,48,Broker,NSW,Full-Time,78605.28,0.0276,590,Standard,Approve - Standard Terms,0
APP001599,2023-07-21,Train,Home Renovation,21500,48,Broker,NSW,Self-Employed,50170.33,0.0156,607,Premium,Approve - Premium Pricing,0
APP001867,2023-11-09,Train,Debt Consolidation,16500,24,Online,VIC,Self-Employed,96657.73,0.0167,605,Premium,Approve - Premium Pricing,0
APP003476,2023-12-20,Train,Car Purchase,44000,36,Online,QLD,Full-Time,47568.78,0.0276,590,Standard,Approve - Standard Terms,0
APP007592,2023-03-16,Train,Debt Consolidation,22500,36,Broker,NSW,Full-Time,100801.18,0.0177,603,Preferred,Approve - Preferred Pricing,0
APP004632,2023-12-06,Train,Travel,49500,24,Broker,QLD,Full-Time,108439.88,0.0177,603,Preferred,Approve - Preferred Pricing,0
APP003356,2023-07-31,Train,Home Renovation,26500,36,Online,QLD,Full-Time,15000.0,0.0344,583,High Risk - Refer,Refer to Manual Underwriting,0
APP007791,2023-07-17,Train,Debt Consolidation,38500,36,Online,WA,Full-Time,52763.01,0.0848,556,Decline,Decline,0
APP001946,2023-11-09,Train,Travel,2500,24,Branch,QLD,Full-Time,45328.24,0.0276,590,Standard,Approve - Standard Terms,0
APP007239,2023-04-01,Train,Home Renovation,13500,48,Branch,QLD,Full-Time,86108.73,0.0189,601,Preferred,Approve - Preferred Pricing,0
APP001961,2023-03-10,Train,Medical,17000,60,Online,QLD,Full-Time,81099.08,0.0673,563,Decline,Decline,0
APP008513,2024-02-29,Train,Home Renovation,38500,60,Broker,VIC,Full-Time,85860.89,0.0344,583,High Risk - Refer,Refer to Manual Underwriting,0
APP000397,2023-09-08,Train,Wedding,32500,36,Online,QLD,Self-Employed,77131.77,0.0289,588,Standard,Approve - Standard Terms,0
APP004256,2023-11-05,Train,Car Purchase,46000,60,Online,VIC,Part-Time,59533.45,0.058,568,High Risk - Refer,Refer to Manual Underwriting,0
APP008585,2023-12-05,Train,Car Purchase,12000,36,Broker,NSW,Full-Time,91459.61,0.0303,587,Standard,Approve - Standard Terms,0
APP001094,2023-09-18,Train,Travel,6500,60,Online,NSW,Part-Time,21173.22,0.0326,585,Standard,Approve - Standard Terms,0
APP000051,2023-04-16,Train,Debt Consolidation,33500,36,Branch,QLD,Casual,41541.04,0.0296,588,Standard,Approve - Standard Terms,0
APP000258,2023-04-18,Train,Medical,48500,24,Online,VIC,Full-Time,122019.08,0.0177,603,Preferred,Approve - Preferred Pricing,0
APP004198,2024-03-24,Train,Debt Consolidation,39500,60,Branch,QLD,Full-Time,107984.37,0.0243,594,Standard,Approve - Standard Terms,0
APP002380,2023-03-29,Train,Debt Consolidation,23000,36,Online,NSW,Self-Employed,71768.71,0.0156,607,Premium,Approve - Premium Pricing,0
APP003948,2023-01-19,Train,Wedding,4500,48,Online,QLD,Full-Time,79224.83,0.0317,586,Standard,Approve - Standard Terms,0
APP000650,2023-07-17,Train,Car Purchase,33000,36,Online,VIC,Self-Employed,83097.6,0.0167,605,Premium,Approve - Premium Pricing,0
APP003752,2023-01-13,Train,Wedding,33000,24,Online,VIC,Part-Time,29268.65,0.0254,592,Standard,Approve - Standard Terms,0
APP006708,2023-06-08,Train,Car Purchase,31500,48,Online,WA,Full-Time,85876.04,0.0344,583,High Risk - Refer,Refer to Manual Underwriting,0
APP007266,2024-01-23,Train,Wedding,14500,36,Online,NSW,Full-Time,81154.35,0.0258,592,Standard,Approve - Standard Terms,0
APP003599,2023-12-18,Train,Car Purchase,4000,24,Online,NSW,Full-Time,46513.35,0.0258,592,Standard,Approve - Standard Terms,0
APP002706,2023-07-10,Train,Debt Consolidation,27500,60,Online,SA,Full-Time,111588.56,0.0177,603,Preferred,Approve - Preferred Pricing,0
APP002764,2023-05-24,Train,Wedding,50000,36,Broker,SA,Casual,40252.59,0.0659,564,Decline,Decline,0
APP002529,2024-02-20,Train,Debt Consolidation,45500,24,Broker,QLD,Part-Time,45342.63,0.0603,566,Decline,Decline,0
APP006999,2023-04-14,Train,Debt Consolidation,37000,24,Broker,VIC,Part-Time,31712.15,0.0603,566,Decline,Decline,0
APP008785,2023-10-18,Train,Home Renovation,23000,24,Online,QLD,Full-Time,49704.75,0.0344,583,High Risk - Refer,Refer to Manual Underwriting,0
APP000545,2023-08-04,Train,Car Purchase,35500,24,Broker,VIC,Full-Time,67505.3,0.0236,595,Standard,Approve - Standard Terms,0
APP004041,2023-12-19,Train,Travel,15500,48,Online,QLD,Self-Employed,84411.2,0.0156,607,Premium,Approve - Premium Pricing,0
APP002334,2023-07-02,Train,Car Purchase,32000,60,Online,TAS,Full-Time,131630.72,0.0258,592,Standard,Approve - Standard Terms,0
APP000331,2023-09-06,Train,Debt Consolidation,21000,36,Online,SA,Self-Employed,98867.49,0.0156,607,Premium,Approve - Premium Pricing,0
APP002646,2023-08-28,Train,Home Renovation,28500,60,Broker,VIC,Casual,55685.71,0.0767,559,Decline,Decline,0
APP006797,2023-04-27,Train,Other,7000,48,Online,NSW,Unemployed,15000.0,0.0581,568,High Risk - Refer,Refer to Manual Underwriting,0
APP001079,2023-03-31,Train,Other,19500,48,Online,QLD,Full-Time,65872.89,0.0189,601,Preferred,Approve - Preferred Pricing,0
APP004199,2023-08-04,Train,Home Renovation,35000,36,Branch,NSW,Full-Time,75359.73,0.0491,573,High Risk - Refer,Refer to Manual Underwriting,0
APP006132,2023-04-03,Train,Debt Consolidation,25500,48,Online,VIC,Casual,60190.59,0.1346,541,Decline,Decline,0
APP006104,2024-02-02,Train,Debt Consolidation,49000,36,Online,NSW,Full-Time,35295.52,0.0258,592,Standard,Approve - Standard Terms,0
APP000898,2024-02-04,Train,Car Purchase,13000,60,Branch,NSW,Full-Time,44392.55,0.0303,587,Standard,Approve - Standard Terms,0
APP000305,2023-10-11,Train,Travel,34000,12,Online,VIC,Full-Time,66323.21,0.0408,578,High Risk - Refer,Refer to Manual Underwriting,0
APP002582,2023-09-11,Train,Debt Consolidation,48000,60,Broker,NSW,Full-Time,117677.27,0.0189,601,Preferred,Approve - Preferred Pricing,0
APP000585,2023-11-11,Train,Wedding,26000,48,Broker,VIC,Full-Time,89233.39,0.0297,588,Standard,Approve - Standard Terms,0
APP002245,2023-11-14,Train,Travel,28000,48,Online,SA,Full-Time,63070.09,0.0394,579,High Risk - Refer,Refer to Manual Underwriting,0
APP005491,2023-07-28,Train,Car Purchase,13000,36,Branch,NSW,Part-Time,33459.65,0.0203,599,Preferred,Approve - Preferred Pricing,0
APP008720,2023-09-09,Train,Medical,22000,60,Online,QLD,Part-Time,64809.81,0.0203,599,Preferred,Approve - Preferred Pricing,1
APP002267,2023-03-25,Train,Debt Consolidation,6000,24,Branch,QLD,Full-Time,94210.8,0.0317,586,Standard,Approve - Standard Terms,0
APP002056,2023-01-17,Train,Wedding,45000,12,Broker,NSW,Full-Time,81642.31,0.0236,595,Standard,Approve - Standard Terms,0
APP000884,2023-08-04,Train,Home Renovation,44000,60,Branch,NSW,Full-Time,80010.68,0.0177,603,Preferred,Approve - Preferred Pricing,0
APP006856,2023-08-12,Train,Home Renovation,41500,12,Online,VIC,Casual,15000.0,0.0673,563,Decline,Decline,0
APP001136,2023-09-25,Train,Other,49000,48,Online,VIC,Part-Time,59385.97,0.0254,592,Standard,Approve - Standard Terms,0
APP008532,2023-05-02,Train,Debt Consolidation,42000,36,Broker,NSW,Part-Time,21686.5,0.019,601,Preferred,Approve - Preferred Pricing,0
APP002940,2023-12-11,Train,Debt Consolidation,5500,24,Online,NSW,Part-Time,31001.41,0.0466,574,High Risk - Refer,Refer to Manual Underwriting,0
APP008573,2023-02-06,Train,Travel,30000,36,Broker,QLD,Casual,52905.44,0.037,581,High Risk - Refer,Refer to Manual Underwriting,0
APP002248,2023-04-03,Train,Wedding,49000,36,Online,NSW,Full-Time,133993.94,0.0845,556,Decline,Decline,0
APP000493,2023-05-01,Train,Debt Consolidation,32000,48,Broker,VIC,Unemployed,16784.97,0.1858,530,Decline,Decline,0
APP007096,2024-02-27,Train,Home Renovation,33500,36,Online,NSW,Full-Time,67167.22,0.0885,554,Decline,Decline,0
APP006050,2024-03-23,Train,Home Renovation,10500,36,Broker,VIC,Full-Time,82371.9,0.0236,595,Standard,Approve - Standard Terms,0
APP001221,2024-01-31,Train,Car Purchase,11500,48,Broker,VIC,Self-Employed,99686.9,0.0167,605,Premium,Approve - Premium Pricing,0
APP005087,2023-07-17,Train,Debt Consolidation,13000,36,Online,WA,Full-Time,73515.95,0.0394,579,High Risk - Refer,Refer to Manual Underwriting,0
APP000995,2023-12-31,Train,Debt Consolidation,39500,48,Online,WA,Full-Time,62252.1,0.0189,601,Preferred,Approve - Preferred Pricing,0
APP008557,2023-12-05,Train,Home Renovation,49000,24,Online,WA,Full-Time,56533.03,0.0848,556,Decline,Decline,0
APP008099,2023-12-27,Train,Debt Consolidation,14500,36,Broker,SA,Self-Employed,56408.61,0.0156,607,Premium,Approve - Premium Pricing,0
APP002011,2024-03-06,Train,Debt Consolidation,10500,24,Broker,NSW,Part-Time,50154.25,0.0203,599,Preferred,Approve - Preferred Pricing,0
APP005703,2023-02-04,Train,Car Purchase,21500,48,Online,NSW,Full-Time,46797.69,0.0243,594,Standard,Approve - Standard Terms,0
APP003558,2023-05-06,Train,Debt Consolidation,23500,12,Branch,NSW,Full-Time,93029.85,0.0177,603,Preferred,Approve - Preferred Pricing,0
APP004173,2023-12-06,Train,Car Purchase,35000,48,Online,VIC,Full-Time,102664.43,0.0258,592,Standard,Approve - Standard Terms,0
APP006490,2023-07-07,Train,Debt Consolidation,22000,24,Branch,VIC,Self-Employed,15000.0,0.0927,553,Decline,Decline,0
APP006727,2024-01-18,Train,Medical,38500,36,Online,NSW,Full-Time,69330.11,0.0344,583,High Risk - Refer,Refer to Manual Underwriting,0
APP003776,2023-03-28,Train,Debt Consolidation,15000,60,Online,SA,Full-Time,85427.59,0.0276,590,Standard,Approve - Standard Terms,0
APP006613,2024-01-27,Train,Debt Consolidation,18000,36,Online,NSW,Full-Time,93025.32,0.0433,576,High Risk - Refer,Refer to Manual Underwriting,0
APP004205,2024-01-06,Train,Car Purchase,49000,36,Broker,SA,Full-Time,112856.17,0.0177,603,Preferred,Approve - Preferred Pricing,0
APP006725,2023-03-15,Train,Debt Consolidation,12500,24,Online,WA,Full-Time,104921.97,0.0276,590,Standard,Approve - Standard Terms,0
APP006024,2023-05-12,Train,Travel,8500,48,Online,QLD,Full-Time,108952.22,0.0189,601,Preferred,Approve - Preferred Pricing,0
APP006882,2023-12-26,Train,Car Purchase,12500,36,Broker,NSW,Part-Time,38953.95,0.0424,577,High Risk - Refer,Refer to Manual Underwriting,0
APP000176,2023-12-25,Train,Medical,43500,36,Online,VIC,Casual,38193.39,0.0491,573,High Risk - Refer,Refer to Manual Underwriting,0
APP000074,2024-01-02,Train,Car Purchase,18000,48,Broker,VIC,Full-Time,66290.97,0.0236,595,Standard,Approve - Standard Terms,0
APP004899,2024-03-15,Train,Other,7000,36,Online,QLD,Casual,33397.78,0.0303,587,Standard,Approve - Standard Terms,0
APP007846,2023-03-04,Train,Car Purchase,44000,60,Online,WA,Part-Time,15000.0,0.0792,558,Decline,Decline,0
APP003882,2024-02-26,Train,Debt Consolidation,29500,60,Branch,VIC,Full-Time,37008.91,0.0189,601,Preferred,Approve - Preferred Pricing,0
APP006033,2024-03-10,Train,Wedding,39500,36,Branch,NSW,Self-Employed,91595.01,0.0421,577,High Risk - Refer,Refer to Manual Underwriting,0
APP005288,2023-04-22,Train,Car Purchase,40500,60,Branch,NSW,Full-Time,47998.54,0.0236,595,Standard,Approve - Standard Terms,0
APP007468,2023-08-30,Train,Home Renovation,37500,12,Branch,VIC,Full-Time,49018.62,0.0344,583,High Risk - Refer,Refer to Manual Underwriting,0
APP004464,2023-12-18,Train,Debt Consolidation,25500,36,Broker,NSW,Self-Employed,68314.26,0.0371,581,High Risk - Refer,Refer to Manual Underwriting,0
APP005801,2023-09-14,Train,Wedding,40000,24,Branch,NSW,Casual,40674.5,0.0177,603,Premium,Approve - Premium Pricing,0
APP004064,2023-09-26,Train,Wedding,13000,48,Online,NSW,Part-Time,42242.16,0.0792,558,Decline,Decline,0
APP001398,2024-01-29,Train,Debt Consolidation,5500,48,Online,VIC,Full-Time,132335.2,0.0189,601,Preferred,Approve - Preferred Pricing,0
APP000136,2024-01-23,Train,Home Renovation,29500,12,Online,WA,Full-Time,91853.66,0.0227,596,Standard,Approve - Standard Terms,0
APP002912,2023-04-24,Train,Debt Consolidation,8000,24,Online,NSW,Self-Employed,75333.31,0.0167,605,Premium,Approve - Premium Pricing,0
APP002891,2023-02-11,Train,Debt Consolidation,41500,36,Online,VIC,Full-Time,57682.23,0.0227,596,Standard,Approve - Standard Terms,0
APP004570,2023-01-09,Train,Debt Consolidation,28500,36,Branch,VIC,Part-Time,32637.81,0.0466,574,High Risk - Refer,Refer to Manual Underwriting,0
APP002173,2023-03-02,Train,Travel,44500,12,Online,VIC,Part-Time,47307.4,0.0278,590,Standard,Approve - Standard Terms,0
APP005977,2024-02-06,Train,Car Purchase,26000,60,Broker,WA,Part-Time,43999.41,0.0297,588,Standard,Approve - Standard Terms,0
APP008813,2023-06-08,Train,Debt Consolidation,14500,36,Online,NSW,Full-Time,50082.4,0.0177,603,Preferred,Approve - Preferred Pricing,0
APP008409,2023-07-03,Train,Car Purchase,2500,36,Broker,ACT,Full-Time,85939.03,0.0236,595,Standard,Approve - Standard Terms,0
APP004950,2023-11-14,Train,Travel,36000,36,Online,VIC,Part-Time,46283.54,0.0245,593,Standard,Approve - Standard Terms,0
APP002296,2023-11-02,Train,Other,17000,12,Online,TAS,Part-Time,43516.7,0.037,581,High Risk - Refer,Refer to Manual Underwriting,1
APP000120,2023-07-23,Train,Debt Consolidation,39000,36,Online,VIC,Casual,42015.71,0.0177,603,Premium,Approve - Premium Pricing,0
APP003351,2023-12-25,Train,Debt Consolidation,23000,36,Broker,NSW,Full-Time,65003.63,0.0236,595,Standard,Approve - Standard Terms,0
APP001833,2024-03-23,Train,Home Renovation,43500,36,Branch,VIC,Full-Time,99299.89,0.0303,587,Standard,Approve - Standard Terms,0
APP006477,2023-05-28,Train,Home Renovation,21500,12,Branch,VIC,Full-Time,75332.86,0.0276,590,Standard,Approve - Standard Terms,0
APP006107,2023-04-26,Train,Debt Consolidation,15500,24,Broker,NSW,Full-Time,110051.19,0.0258,592,Standard,Approve - Standard Terms,0
APP000811,2024-02-10,Train,Home Renovation,37500,36,Branch,QLD,Self-Employed,70073.25,0.0209,598,Preferred,Approve - Preferred Pricing,0
APP002054,2023-03-27,Train,Debt Consolidation,17000,60,Online,QLD,Full-Time,103193.95,0.0303,587,Standard,Approve - Standard Terms,0
APP002280,2023-01-08,Train,Car Purchase,24500,36,Online,WA,Self-Employed,90599.94,0.0167,605,Premium,Approve - Premium Pricing,0
APP005604,2023-06-20,Train,Debt Consolidation,20500,24,Online,SA,Full-Time,45844.34,0.0542,570,High Risk - Refer,Refer to Manual Underwriting,0
APP003809,2023-05-17,Train,Debt Consolidation,48000,48,Online,QLD,Full-Time,62300.6,0.0765,559,Decline,Decline,0
APP007210,2023-07-06,Train,Debt Consolidation,2000,48,Broker,VIC,Full-Time,109044.67,0.0344,583,High Risk - Refer,Refer to Manual Underwriting,0
APP006700,2023-02-10,Train,Debt Consolidation,49000,48,Branch,NSW,Full-Time,29791.35,0.0303,587,Standard,Approve - Standard Terms,0
APP007366,2023-01-22,Train,Debt Consolidation,13000,24,Branch,QLD,Full-Time,15000.0,0.1142,546,Decline,Decline,0
APP004274,2023-12-19,Train,Debt Consolidation,46000,60,Branch,NSW,Full-Time,102004.18,0.0177,603,Preferred,Approve - Preferred Pricing,0
APP000979,2023-04-22,Train,Medical,18500,48,Online,NSW,Casual,30695.51,0.0562,569,High Risk - Refer,Refer to Manual Underwriting,0
APP004202,2023-08-10,Train,Car Purchase,9500,24,Online,VIC,Full-Time,89224.51,0.0227,596,Standard,Approve - Standard Terms,0
APP001291,2023-09-02,Train,Other,19500,24,Online,QLD,Full-Time,55913.89,0.0177,603,Preferred,Approve - Preferred Pricing,0
APP003785,2023-05-10,Train,Debt Consolidation,37500,48,Online,ACT,Self-Employed,55212.58,0.0167,605,Premium,Approve - Premium Pricing,0
APP008528,2023-08-11,Train,Home Renovation,14500,48,Online,NSW,Full-Time,116694.64,0.0189,601,Preferred,Approve - Preferred Pricing,0
APP003845,2024-03-20,Train,Car Purchase,26000,12,Online,QLD,Self-Employed,79023.83,0.0269,591,Standard,Approve - Standard Terms,0
APP006654,2023-03-22,Train,Home Renovation,24500,12,Branch,NSW,Full-Time,73975.91,0.0177,603,Preferred,Approve - Preferred Pricing,0
APP003116,2023-12-01,Train,Debt Consolidation,23000,36,Online,TAS,Full-Time,68023.95,0.0339,584,Standard,Approve - Standard Terms,0
APP006497,2023-03-11,Train,Car Purchase,6500,36,Online,WA,Casual,42952.45,0.0326,585,Standard,Approve - Standard Terms,0
APP006180,2023-01-16,Train,Car Purchase,25000,24,Branch,VIC,Full-Time,91659.27,0.0303,587,Standard,Approve - Standard Terms,0
APP002649,2023-09-23,Train,Debt Consolidation,3500,48,Online,VIC,Full-Time,112066.24,0.0227,596,Standard,Approve - Standard Terms,0
APP007150,2023-03-04,Train,Home Renovation,4500,36,Online,VIC,Self-Employed,90686.85,0.0167,605,Premium,Approve - Premium Pricing,0
APP006358,2023-03-12,Train,Debt Consolidation,19000,24,Broker,WA,Self-Employed,63237.19,0.0305,587,Standard,Approve - Standard Terms,0
APP001551,2023-03-24,Train,Car Purchase,36500,24,Broker,VIC,Part-Time,32637.81,0.0278,590,Standard,Approve - Standard Terms,0
APP007983,2023-10-20,Train,Medical,9500,12,Online,QLD,Self-Employed,38865.77,0.0201,599,Preferred,Approve - Preferred Pricing,0
APP006633,2023-08-30,Train,Car Purchase,30000,36,Online,VIC,Casual,41464.93,0.1346,541,Decline,Decline,0
APP007085,2023-09-19,Train,Debt Consolidation,6000,48,Branch,VIC,Self-Employed,115423.34,0.0305,587,Standard,Approve - Standard Terms,0
APP003741,2023-01-24,Train,Wedding,23000,24,Online,WA,Full-Time,74551.77,0.0177,603,Preferred,Approve - Preferred Pricing,0
APP007963,2023-06-28,Train,Home Renovation,27000,24,Online,VIC,Full-Time,79559.37,0.0276,590,Standard,Approve - Standard Terms,0
APP003273,2024-03-01,Train,Debt Consolidation,38500,36,Broker,QLD,Casual,48650.72,0.0394,579,High Risk - Refer,Refer to Manual Underwriting,0
APP007553,2023-11-29,Train,Travel,45500,36,Branch,NSW,Full-Time,51909.25,0.0189,601,Preferred,Approve - Preferred Pricing,1
APP008539,2023-09-20,Train,Home Renovation,7000,24,Online,QLD,Casual,30340.38,0.1142,546,Decline,Decline,0
APP006164,2024-02-18,Train,Wedding,31000,36,Online,NSW,Casual,33508.37,0.0408,578,High Risk - Refer,Refer to Manual Underwriting,0
APP004244,2023-06-25,Train,Debt Consolidation,9000,24,Online,NSW,Full-Time,26081.13,0.0344,583,High Risk - Refer,Refer to Manual Underwriting,0
APP001738,2023-06-07,Train,Travel,32500,36,Online,VIC,Casual,51306.81,0.0296,588,Standard,Approve - Standard Terms,0
APP003704,2024-02-04,Train,Travel,11000,24,Online,VIC,Self-Employed,99686.9,0.0281,589,Standard,Approve - Standard Terms,0
APP003370,2023-09-04,Train,Debt Consolidation,41500,48,Online,SA,Full-Time,61766.83,0.0236,595,Standard,Approve - Standard Terms,0
APP005167,2023-03-11,Train,Debt Consolidation,25500,36,Online,WA,Casual,43121.54,0.0845,556,Decline,Decline,0
APP008570,2023-04-04,Train,Debt Consolidation,15500,36,Online,VIC,Full-Time,97533.44,0.0738,560,Decline,Decline,0
APP006417,2024-01-03,Train,Home Renovation,39000,48,Branch,ACT,Full-Time,72787.69,0.0542,570,High Risk - Refer,Refer to Manual Underwriting,0
APP002111,2024-02-01,Train,Debt Consolidation,36000,24,Branch,VIC,Full-Time,43536.81,0.0243,594,Standard,Approve - Standard Terms,1
APP006501,2024-02-02,Train,Home Renovation,13500,60,Online,VIC,Full-Time,102292.63,0.0303,587,Standard,Approve - Standard Terms,0
APP003212,2023-10-02,Train,Travel,36500,36,Broker,NSW,Full-Time,120645.64,0.0177,603,Preferred,Approve - Preferred Pricing,0
APP000297,2023-11-08,Train,Other,11000,36,Online,VIC,Full-Time,93572.26,0.0276,590,Standard,Approve - Standard Terms,0
APP001663,2023-10-04,Train,Debt Consolidation,11000,36,Branch,VIC,Part-Time,29268.65,0.0319,586,Standard,Approve - Standard Terms,0
APP001430,2023-10-09,Train,Other,49500,24,Online,QLD,Casual,30702.86,0.0258,592,Standard,Approve - Standard Terms,1
APP006515,2023-12-18,Train,Car Purchase,37000,36,Online,NSW,Part-Time,25266.25,0.0424,577,High Risk - Refer,Refer to Manual Underwriting,0
APP005082,2024-02-05,Train,Debt Consolidation,46000,36,Branch,QLD,Full-Time,86434.34,0.0189,601,Preferred,Approve - Preferred Pricing,1
APP005966,2023-09-16,Train,Debt Consolidation,11500,24,Online,SA,Full-Time,97005.4,0.0236,595,Standard,Approve - Standard Terms,0
APP001435,2023-06-12,Train,Debt Consolidation,48500,24,Broker,NSW,Full-Time,86672.0,0.0189,601,Preferred,Approve - Preferred Pricing,0
APP003612,2024-02-09,Train,Debt Consolidation,15500,36,Broker,QLD,Self-Employed,65339.54,0.035,583,High Risk - Refer,Refer to Manual Underwriting,0
APP008448,2023-05-14,Train,Debt Consolidation,45500,48,Broker,NSW,Full-Time,78542.0,0.0258,592,Standard,Approve - Standard Terms,0
APP002559,2024-01-07,Train,Home Renovation,15000,60,Online,NSW,Full-Time,66642.41,0.0258,592,Standard,Approve - Standard Terms,0
APP003171,2023-11-03,Train,Other,7500,24,Branch,WA,Full-Time,81389.9,0.0276,590,Standard,Approve - Standard Terms,0
APP000150,2024-03-28,Train,Debt Consolidation,49500,24,Broker,QLD,Self-Employed,68177.37,0.0167,605,Premium,Approve - Premium Pricing,0
APP003826,2023-09-26,Train,Wedding,15000,12,Broker,SA,Self-Employed,89357.0,0.0371,581,High Risk - Refer,Refer to Manual Underwriting,0
APP005459,2023-04-22,Train,Home Renovation,8500,24,Broker,VIC,Self-Employed,70590.19,0.0156,607,Premium,Approve - Premium Pricing,0
APP002574,2023-05-08,Train,Medical,13500,36,Online,QLD,Full-Time,70311.07,0.0394,579,High Risk - Refer,Refer to Manual Underwriting,0
APP007792,2023-01-22,Train,Wedding,21500,12,Broker,NSW,Self-Employed,58737.71,0.0201,599,Preferred,Approve - Preferred Pricing,0
APP000159,2023-06-08,Train,Car Purchase,19500,60,Broker,VIC,Unemployed,15977.04,0.1809,531,Decline,Decline,1
APP002610,2023-12-30,Train,Car Purchase,15000,24,Online,NSW,Self-Employed,117333.15,0.0209,598,Preferred,Approve - Preferred Pricing,0
APP003731,2023-01-13,Train,Debt Consolidation,4000,12,Online,QLD,Full-Time,44416.28,0.0344,583,High Risk - Refer,Refer to Manual Underwriting,0
APP000327,2023-09-02,Train,Travel,8500,24,Branch,QLD,Self-Employed,48155.6,0.0269,591,Standard,Approve - Standard Terms,0
APP004879,2023-09-09,Train,Car Purchase,37000,60,Online,VIC,Unemployed,15000.0,0.3001,512,Decline,Decline,0
APP003896,2023-09-03,Train,Travel,33500,60,Branch,WA,Full-Time,90281.06,0.0189,601,Preferred,Approve - Preferred Pricing,0
APP001980,2023-01-20,Train,Medical,48500,60,Branch,VIC,Self-Employed,111134.0,0.0215,597,Preferred,Approve - Preferred Pricing,0
APP006216,2024-01-17,Train,Debt Consolidation,48500,24,Online,NSW,Part-Time,37726.02,0.0582,567,High Risk - Refer,Refer to Manual Underwriting,0
APP000669,2023-07-04,Train,Debt Consolidation,45500,60,Broker,QLD,Self-Employed,58684.77,0.0305,587,Standard,Approve - Standard Terms,0
APP002455,2023-12-23,Train,Home Renovation,18000,48,Branch,WA,Full-Time,82655.42,0.0258,592,Standard,Approve - Standard Terms,0
APP000375,2023-03-08,Train,Medical,50000,36,Branch,VIC,Part-Time,63993.02,0.037,581,High Risk - Refer,Refer to Manual Underwriting,0
APP004989,2023-03-27,Train,Debt Consolidation,35000,48,Branch,QLD,Part-Time,47866.78,0.0909,554,Decline,Decline,0
APP001421,2024-01-29,Train,Travel,43500,36,Branch,NSW,Casual,56099.7,0.0303,587,Standard,Approve - Standard Terms,0
APP002937,2023-04-19,Train,Debt Consolidation,16000,36,Online,NSW,Full-Time,96232.99,0.0227,596,Standard,Approve - Standard Terms,0
APP002383,2023-03-17,Train,Home Renovation,5500,60,Branch,VIC,Casual,44166.83,0.0189,601,Preferred,Approve - Preferred Pricing,0
APP004279,2023-11-14,Train,Debt Consolidation,8000,36,Online,SA,Self-Employed,48182.75,0.0245,593,Standard,Approve - Standard Terms,0
APP002624,2023-08-13,Train,Debt Consolidation,26500,24,Online,VIC,Full-Time,59513.7,0.0276,590,Standard,Approve - Standard Terms,0
APP003152,2023-11-27,Train,Wedding,4000,48,Online,VIC,Part-Time,35501.96,0.0254,592,Standard,Approve - Standard Terms,0
APP006299,2023-07-13,Train,Car Purchase,45000,60,Broker,VIC,Casual,60590.26,0.0189,601,Preferred,Approve - Preferred Pricing,0
APP001241,2023-08-13,Train,Medical,38000,60,Branch,NSW,Full-Time,91459.61,0.0258,592,Standard,Approve - Standard Terms,0
APP005334,2024-02-20,Train,Home Renovation,9000,12,Online,NSW,Full-Time,108210.62,0.0189,601,Preferred,Approve - Preferred Pricing,1
APP008207,2023-09-02,Train,Home Renovation,19500,36,Online,NSW,Full-Time,89084.93,0.0177,603,Preferred,Approve - Preferred Pricing,0
APP006762,2023-01-27,Train,Medical,16500,36,Online,QLD,Full-Time,68405.47,0.0236,595,Standard,Approve - Standard Terms,0
APP006298,2023-05-09,Train,Car Purchase,9500,48,Branch,NSW,Casual,38910.59,0.0303,587,Standard,Approve - Standard Terms,0
APP000665,2023-01-05,Train,Wedding,20000,36,Online,QLD,Full-Time,77593.15,0.0297,588,Standard,Approve - Standard Terms,1
APP004488,2023-12-03,Train,Home Renovation,49500,24,Broker,QLD,Full-Time,60946.31,0.0177,603,Preferred,Approve - Preferred Pricing,0
APP005658,2023-09-19,Train,Car Purchase,47000,48,Online,WA,Full-Time,61853.71,0.0189,601,Preferred,Approve - Preferred Pricing,0
APP007949,2023-01-18,Train,Debt Consolidation,20000,36,Online,ACT,Self-Employed,83945.63,0.0371,581,High Risk - Refer,Refer to Manual Underwriting,0
APP007818,2023-12-11,Train,Car Purchase,11000,60,Branch,VIC,Full-Time,77830.57,0.0542,570,High Risk - Refer,Refer to Manual Underwriting,1
APP005287,2023-08-12,Train,Debt Consolidation,16000,48,Broker,VIC,Full-Time,83076.5,0.054,570,High Risk - Refer,Refer to Manual Underwriting,1
APP008097,2023-02-18,Train,Other,11000,24,Online,VIC,Self-Employed,37261.25,0.0229,595,Standard,Approve - Standard Terms,0
APP006294,2023-07-07,Train,Debt Consolidation,39000,36,Online,QLD,Full-Time,47928.16,0.0394,579,High Risk - Refer,Refer to Manual Underwriting,0
APP001416,2023-07-08,Train,Debt Consolidation,17500,12,Broker,NSW,Part-Time,45922.81,0.0341,584,Standard,Approve - Standard Terms,0
APP004319,2023-10-26,Train,Home Renovation,3500,24,Online,NSW,Full-Time,100241.76,0.0177,603,Preferred,Approve - Preferred Pricing,0
APP008235,2023-04-07,Train,Wedding,49500,24,Online,SA,Full-Time,37575.07,0.0433,576,High Risk - Refer,Refer to Manual Underwriting,0
APP007276,2023-02-14,Train,Debt Consolidation,7500,36,Branch,VIC,Part-Time,40587.21,0.0254,592,Standard,Approve - Standard Terms,0
APP008338,2024-02-04,Train,Wedding,7500,36,Online,QLD,Full-Time,46580.36,0.0177,603,Preferred,Approve - Preferred Pricing,0
APP000931,2023-12-02,Train,Car Purchase,21000,60,Online,NSW,Full-Time,105623.49,0.0344,583,High Risk - Refer,Refer to Manual Underwriting,0
APP003554,2023-06-19,Train,Travel,21000,48,Online,QLD,Full-Time,84792.1,0.0297,588,Standard,Approve - Standard Terms,0
APP000766,2023-08-10,Train,Car Purchase,19000,48,Online,QLD,Casual,40985.21,0.0542,570,High Risk - Refer,Refer to Manual Underwriting,0
APP008003,2024-02-15,Train,Home Renovation,41000,60,Branch,TAS,Full-Time,97605.48,0.0394,579,High Risk - Refer,Refer to Manual Underwriting,0
APP000463,2023-07-12,Train,Debt Consolidation,13000,12,Online,NSW,Self-Employed,70380.38,0.0229,595,Standard,Approve - Standard Terms,0
APP006053,2023-12-10,Train,Debt Consolidation,9500,60,Broker,QLD,Casual,29744.58,0.0344,583,Standard,Approve - Standard Terms,0
APP000143,2024-03-09,Train,Other,30500,48,Online,SA,Full-Time,101392.73,0.0344,583,High Risk - Refer,Refer to Manual Underwriting,0
APP005974,2023-08-01,Train,Debt Consolidation,14500,12,Online,NSW,Full-Time,64598.49,0.0542,570,High Risk - Refer,Refer to Manual Underwriting,0
APP000757,2023-02-03,Train,Car Purchase,21000,36,Broker,QLD,Self-Employed,80148.01,0.0156,607,Premium,Approve - Premium Pricing,0
APP001977,2024-02-06,Train,Car Purchase,36000,36,Branch,VIC,Unemployed,15000.0,0.3001,512,Decline,Decline,1
APP004634,2024-03-02,Train,Debt Consolidation,37500,60,Online,NSW,Full-Time,104473.7,0.0189,601,Preferred,Approve - Preferred Pricing,0
APP000450,2023-03-27,Train,Debt Consolidation,33000,60,Branch,NSW,Part-Time,41048.8,0.037,581,High Risk - Refer,Refer to Manual Underwriting,0
APP008225,2024-01-04,Train,Wedding,9000,60,Branch,VIC,Self-Employed,97574.28,0.0263,591,Standard,Approve - Standard Terms,0
APP002894,2023-06-14,Train,Car Purchase,45000,36,Branch,NSW,Full-Time,101318.68,0.0276,590,Standard,Approve - Standard Terms,0
APP006870,2024-02-10,Train,Car Purchase,38000,36,Online,VIC,Unemployed,18175.72,0.0821,557,Decline,Decline,0
APP000484,2023-02-21,Train,Debt Consolidation,42500,48,Broker,NT,Full-Time,98983.5,0.0258,592,Standard,Approve - Standard Terms,0
APP007361,2023-07-31,Train,Travel,43500,48,Branch,WA,Full-Time,79747.78,0.0227,596,Standard,Approve - Standard Terms,0
APP008317,2024-02-29,Train,Debt Consolidation,24000,36,Online,NSW,Part-Time,53288.78,0.0841,556,Decline,Decline,0
APP005041,2024-03-04,Train,Travel,18500,36,Online,WA,Self-Employed,40100.18,0.0215,597,Preferred,Approve - Preferred Pricing,0
APP003593,2023-04-20,Train,Wedding,27500,12,Online,NSW,Full-Time,86865.37,0.0236,595,Standard,Approve - Standard Terms,0
APP002398,2024-03-26,Train,Home Renovation,48000,48,Branch,WA,Self-Employed,65286.74,0.0269,591,Standard,Approve - Standard Terms,0
APP000183,2023-06-16,Train,Home Renovation,6500,60,Branch,NSW,Full-Time,106480.84,0.0276,590,Standard,Approve - Standard Terms,0
APP002817,2023-09-04,Train,Car Purchase,46500,24,Branch,VIC,Full-Time,59173.7,0.0491,573,High Risk - Refer,Refer to Manual Underwriting,0
APP003654,2023-06-18,Train,Debt Consolidation,12000,48,Online,NSW,Full-Time,96884.89,0.0189,601,Preferred,Approve - Preferred Pricing,0
APP005326,2024-01-24,Train,Debt Consolidation,46000,60,Branch,WA,Self-Employed,29857.27,0.0167,605,Premium,Approve - Premium Pricing,0
APP000077,2023-06-09,Train,Car Purchase,41500,24,Broker,SA,Full-Time,60639.33,0.0765,559,Decline,Decline,0
APP004314,2023-09-21,Train,Car Purchase,22000,48,Online,TAS,Full-Time,21608.62,0.054,570,High Risk - Refer,Refer to Manual Underwriting,0
APP006089,2023-03-31,Train,Wedding,31500,24,Online,WA,Part-Time,47476.24,0.0278,590,Standard,Approve - Standard Terms,0
APP007440,2023-02-25,Train,Other,14000,36,Online,NSW,Part-Time,64291.81,0.0424,577,High Risk - Refer,Refer to Manual Underwriting,0
APP005024,2023-06-06,Train,Home Renovation,31000,48,Branch,WA,Full-Time,78168.88,0.0236,595,Standard,Approve - Standard Terms,0
APP007719,2023-12-19,Train,Home Renovation,9500,36,Broker,NT,Part-Time,51919.68,0.0278,590,Standard,Approve - Standard Terms,0
APP005574,2023-06-23,Train,Car Purchase,39000,48,Broker,WA,Casual,20782.24,0.0738,560,Decline,Decline,0
APP003168,2023-03-08,Train,Car Purchase,26000,12,Broker,NSW,Full-Time,88373.01,0.0236,595,Standard,Approve - Standard Terms,0
APP007572,2023-12-15,Train,Wedding,6500,24,Branch,NSW,Full-Time,107913.25,0.0189,601,Preferred,Approve - Preferred Pricing,0
APP001855,2023-11-12,Train,Car Purchase,35500,36,Online,QLD,Full-Time,106124.93,0.0189,601,Preferred,Approve - Preferred Pricing,0
APP005098,2023-11-27,Train,Debt Consolidation,6000,36,Branch,WA,Full-Time,102799.98,0.0418,578,High Risk - Refer,Refer to Manual Underwriting,0
APP000552,2023-01-26,Train,Debt Consolidation,11000,60,Branch,VIC,Full-Time,93846.34,0.0189,601,Preferred,Approve - Preferred Pricing,0
APP005174,2023-03-29,Train,Other,46000,24,Branch,NSW,Part-Time,36685.62,0.0326,585,Standard,Approve - Standard Terms,0
APP005878,2023-12-26,Train,Debt Consolidation,6500,12,Online,SA,Full-Time,93754.63,0.0236,595,Standard,Approve - Standard Terms,0
APP008990,2024-03-05,Train,Car Purchase,5000,48,Online,WA,Full-Time,90809.46,0.0227,596,Standard,Approve - Standard Terms,0
APP000503,2023-08-06,Train,Wedding,20000,60,Online,VIC,Full-Time,51763.89,0.0348,583,High Risk - Refer,Refer to Manual Underwriting,0
APP008007,2023-10-04,Train,Home Renovation,46000,24,Broker,VIC,Full-Time,75408.84,0.0394,579,High Risk - Refer,Refer to Manual Underwriting,0
APP002633,2023-04-28,Train,Home Renovation,28500,24,Branch,NSW,Self-Employed,43068.59,0.0927,553,Decline,Decline,0
APP003850,2023-02-06,Train,Debt Consolidation,39000,60,Branch,QLD,Full-Time,78523.65,0.0344,583,High Risk - Refer,Refer to Manual Underwriting,0
APP002730,2023-03-14,Train,Car Purchase,31500,36,Online,QLD,Full-Time,52562.62,0.0474,574,High Risk - Refer,Refer to Manual Underwriting,0
APP004725,2023-04-27,Train,Debt Consolidation,2000,60,Online,VIC,Part-Time,50751.58,0.019,601,Preferred,Approve - Preferred Pricing,0
APP004077,2023-03-02,Train,Wedding,32500,36,Broker,SA,Full-Time,138780.03,0.0189,601,Preferred,Approve - Preferred Pricing,0
APP002484,2023-06-19,Train,Debt Consolidation,3000,24,Broker,WA,Full-Time,31904.42,0.0738,560,Decline,Decline,0
APP004367,2023-12-10,Train,Medical,24000,60,Online,NSW,Full-Time,91992.9,0.0394,579,High Risk - Refer,Refer to Manual Underwriting,0
APP002362,2023-12-09,Train,Medical,17000,24,Broker,NSW,Full-Time,102088.7,0.0258,592,Standard,Approve - Standard Terms,0
APP002213,2023-02-24,Train,Debt Consolidation,43500,24,Online,QLD,Part-Time,52883.65,0.0297,588,Standard,Approve - Standard Terms,0
APP002195,2024-03-24,Train,Other,43000,48,Online,QLD,Part-Time,52272.8,0.0245,593,Standard,Approve - Standard Terms,0
APP007816,2023-08-14,Train,Debt Consolidation,47000,12,Broker,QLD,Casual,42650.71,0.0562,569,High Risk - Refer,Refer to Manual Underwriting,0
APP004215,2023-04-23,Train,Debt Consolidation,16000,60,Branch,NSW,Full-Time,88145.36,0.0303,587,Standard,Approve - Standard Terms,0
APP000939,2023-01-24,Train,Debt Consolidation,30000,48,Online,WA,Part-Time,45389.62,0.0326,585,Standard,Approve - Standard Terms,0
APP003768,2023-03-30,Train,Car Purchase,40500,36,Online,VIC,Full-Time,89486.06,0.0177,603,Preferred,Approve - Preferred Pricing,0
APP001721,2023-04-23,Train,Home Renovation,3000,12,Branch,NSW,Full-Time,104665.6,0.0258,592,Standard,Approve - Standard Terms,0
APP003446,2023-08-01,Train,Medical,46500,60,Branch,QLD,Full-Time,75218.85,0.0344,583,High Risk - Refer,Refer to Manual Underwriting,0
APP002993,2023-08-19,Train,Home Renovation,25000,48,Broker,ACT,Full-Time,41011.62,0.0738,560,Decline,Decline,0
APP006573,2023-04-10,Train,Car Purchase,30500,24,Branch,VIC,Full-Time,78395.24,0.0177,603,Preferred,Approve - Preferred Pricing,0
APP004073,2023-04-05,Train,Home Renovation,30500,12,Online,VIC,Part-Time,42794.02,0.0203,599,Preferred,Approve - Preferred Pricing,0
APP002413,2023-06-18,Train,Wedding,19500,48,Online,VIC,Casual,60891.06,0.0738,560,Decline,Decline,0
APP003658,2023-06-02,Train,Medical,45000,24,Online,NSW,Full-Time,80216.88,0.0258,592,Standard,Approve - Standard Terms,0
APP006841,2024-01-07,Train,Debt Consolidation,26000,36,Online,VIC,Full-Time,61619.65,0.0344,583,High Risk - Refer,Refer to Manual Underwriting,0
APP004955,2023-08-31,Train,Debt Consolidation,44500,48,Online,VIC,Self-Employed,80935.25,0.0156,607,Premium,Approve - Premium Pricing,0
APP007981,2023-09-27,Train,Car Purchase,20500,12,Branch,SA,Part-Time,48358.13,0.0326,585,Standard,Approve - Standard Terms,0
APP003798,2023-02-21,Train,Home Renovation,38000,48,Branch,VIC,Part-Time,36875.29,0.0278,590,Standard,Approve - Standard Terms,0
APP002363,2023-01-22,Train,Home Renovation,47000,60,Online,QLD,Self-Employed,79947.82,0.0167,605,Premium,Approve - Premium Pricing,0
APP003982,2023-12-21,Train,Car Purchase,9500,36,Online,QLD,Full-Time,82379.25,0.0236,595,Standard,Approve - Standard Terms,0
APP004646,2023-07-23,Train,Wedding,25000,36,Broker,VIC,Full-Time,67817.67,0.0418,578,High Risk - Refer,Refer to Manual Underwriting,0
APP002052,2024-03-26,Train,Debt Consolidation,46500,24,Online,NSW,Full-Time,96578.33,0.0189,601,Preferred,Approve - Preferred Pricing,0
APP001884,2023-09-13,Train,Home Renovation,11000,24,Online,SA,Part-Time,33926.82,0.019,601,Preferred,Approve - Preferred Pricing,0
APP007810,2023-09-25,Train,Other,32500,36,Broker,NSW,Full-Time,60027.15,0.0317,586,Standard,Approve - Standard Terms,0
APP002887,2024-02-07,Train,Debt Consolidation,41000,60,Online,VIC,Full-Time,59013.74,0.0433,576,High Risk - Refer,Refer to Manual Underwriting,0
APP007301,2023-03-23,Train,Debt Consolidation,27000,36,Broker,WA,Part-Time,43914.14,0.1109,547,Decline,Decline,0
APP006144,2024-03-10,Train,Home Renovation,8000,12,Branch,WA,Full-Time,64744.75,0.0433,576,High Risk - Refer,Refer to Manual Underwriting,0
APP004649,2023-03-26,Train,Home Renovation,15500,24,Online,NSW,Full-Time,78213.98,0.0177,603,Preferred,Approve - Preferred Pricing,0
APP000345,2023-11-03,Train,Car Purchase,40500,60,Branch,WA,Full-Time,63964.16,0.0258,592,Standard,Approve - Standard Terms,0
APP002478,2023-04-29,Train,Travel,38500,36,Branch,NSW,Unemployed,15000.0,0.0581,568,High Risk - Refer,Refer to Manual Underwriting,0
APP002863,2023-08-27,Train,Debt Consolidation,16500,36,Online,NSW,Full-Time,107881.4,0.0236,595,Standard,Approve - Standard Terms,0
APP002277,2023-05-21,Train,Travel,15000,24,Branch,QLD,Full-Time,55696.18,0.054,570,High Risk - Refer,Refer to Manual Underwriting,0
APP008339,2023-06-15,Train,Debt Consolidation,13000,60,Online,SA,Full-Time,38287.92,0.0258,592,Standard,Approve - Standard Terms,0
APP001225,2023-10-16,Train,Other,49500,48,Branch,VIC,Casual,48614.39,0.0394,579,High Risk - Refer,Refer to Manual Underwriting,0
APP007684,2023-10-23,Train,Home Renovation,25000,36,Online,QLD,Casual,24789.51,0.0622,565,Decline,Decline,0
APP005156,2023-10-03,Train,Debt Consolidation,13000,24,Online,NSW,Part-Time,39355.99,0.0424,577,High Risk - Refer,Refer to Manual Underwriting,0
APP005509,2023-03-26,Train,Car Purchase,44000,48,Branch,NSW,Full-Time,47295.38,0.0177,603,Preferred,Approve - Preferred Pricing,0
APP003710,2023-06-09,Train,Car Purchase,44000,24,Online,QLD,Full-Time,112856.63,0.0189,601,Preferred,Approve - Preferred Pricing,0
APP004190,2023-05-24,Train,Debt Consolidation,36000,48,Broker,QLD,Full-Time,89446.77,0.0189,601,Preferred,Approve - Preferred Pricing,0
APP005114,2023-04-14,Train,Home Renovation,7000,24,Broker,NSW,Casual,26457.79,0.0227,596,Preferred,Approve - Preferred Pricing,0
APP002063,2024-02-15,Train,Travel,49000,60,Broker,VIC,Full-Time,58504.68,0.0326,585,Standard,Approve - Standard Terms,0
APP005119,2023-02-20,Train,Car Purchase,25500,24,Branch,NSW,Casual,44968.77,0.0394,579,High Risk - Refer,Refer to Manual Underwriting,0
APP001506,2023-03-21,Train,Debt Consolidation,22000,36,Online,VIC,Full-Time,65770.02,0.0344,583,High Risk - Refer,Refer to Manual Underwriting,0
APP004760,2023-08-25,Train,Travel,2500,36,Broker,VIC,Casual,60590.26,0.0344,583,Standard,Approve - Standard Terms,0
APP008440,2023-02-02,Train,Car Purchase,11000,36,Broker,SA,Casual,16498.13,0.0595,567,High Risk - Refer,Refer to Manual Underwriting,0
APP007676,2023-09-12,Train,Debt Consolidation,22000,48,Online,VIC,Self-Employed,72663.52,0.0156,607,Premium,Approve - Premium Pricing,0
APP008559,2023-07-31,Train,Car Purchase,17500,24,Online,VIC,Full-Time,91273.46,0.0344,583,High Risk - Refer,Refer to Manual Underwriting,0
APP006537,2023-11-24,Train,Home Renovation,14500,60,Branch,VIC,Part-Time,45465.03,0.0319,586,Standard,Approve - Standard Terms,0
APP007415,2023-06-02,Train,Debt Consolidation,3000,60,Branch,QLD,Full-Time,87483.88,0.0297,588,Standard,Approve - Standard Terms,0
APP001231,2023-08-16,Train,Home Renovation,30500,60,Online,QLD,Self-Employed,36590.8,0.0529,570,High Risk - Refer,Refer to Manual Underwriting,0
APP001289,2023-12-21,Train,Home Renovation,30500,24,Branch,WA,Full-Time,132920.64,0.0177,603,Preferred,Approve - Preferred Pricing,0
APP001407,2023-06-09,Train,Car Purchase,12500,24,Broker,QLD,Full-Time,61257.0,0.0236,595,Standard,Approve - Standard Terms,0
APP008188,2023-04-19,Train,Home Renovation,22000,36,Online,QLD,Full-Time,64156.85,0.0303,587,Standard,Approve - Standard Terms,0
APP001619,2024-01-21,Train,Debt Consolidation,14500,60,Online,NSW,Full-Time,112020.9,0.0236,595,Standard,Approve - Standard Terms,0
APP004277,2024-01-31,Train,Home Renovation,35000,60,Online,WA,Full-Time,50898.06,0.054,570,High Risk - Refer,Refer to Manual Underwriting,1
APP002224,2023-04-14,Train,Home Renovation,37000,60,Online,VIC,Full-Time,43221.12,0.0189,601,Preferred,Approve - Preferred Pricing,0
APP003719,2023-03-19,Train,Travel,8500,36,Broker,SA,Full-Time,119115.47,0.0189,601,Preferred,Approve - Preferred Pricing,0
APP003185,2023-05-14,Train,Debt Consolidation,48000,36,Broker,VIC,Full-Time,106262.59,0.0227,596,Standard,Approve - Standard Terms,0
APP000361,2023-01-03,Train,Debt Consolidation,32000,48,Broker,NSW,Full-Time,74147.68,0.0258,592,Standard,Approve - Standard Terms,0
APP000360,2024-03-15,Train,Car Purchase,15500,24,Branch,VIC,Full-Time,66925.6,0.0344,583,High Risk - Refer,Refer to Manual Underwriting,0
APP008713,2024-02-27,Train,Debt Consolidation,18000,48,Online,QLD,Self-Employed,89164.76,0.0269,591,Standard,Approve - Standard Terms,0
APP002293,2024-02-03,Train,Car Purchase,14000,48,Online,NSW,Part-Time,28845.94,0.0254,592,Standard,Approve - Standard Terms,0
APP005560,2023-04-25,Train,Wedding,8000,48,Online,QLD,Full-Time,71380.45,0.0738,560,Decline,Decline,0
APP004683,2023-03-29,Train,Debt Consolidation,2500,48,Online,VIC,Self-Employed,81444.13,0.048,573,High Risk - Refer,Refer to Manual Underwriting,0
APP000047,2023-07-18,Train,Debt Consolidation,39000,36,Branch,VIC,Casual,31004.98,0.0738,560,Decline,Decline,0
APP007728,2023-02-21,Train,Car Purchase,22500,12,Broker,QLD,Full-Time,123647.19,0.0189,601,Preferred,Approve - Preferred Pricing,0
APP008370,2024-01-14,Train,Car Purchase,28500,24,Online,VIC,Self-Employed,77681.92,0.0201,599,Preferred,Approve - Preferred Pricing,0
APP006853,2023-03-11,Train,Medical,15000,12,Online,NSW,Full-Time,78605.63,0.0411,578,High Risk - Refer,Refer to Manual Underwriting,0
APP008845,2024-02-09,Train,Travel,44500,24,Online,SA,Part-Time,29488.14,0.0424,577,High Risk - Refer,Refer to Manual Underwriting,0
APP004642,2023-01-05,Train,Debt Consolidation,24000,36,Online,VIC,Full-Time,99213.13,0.0177,603,Preferred,Approve - Preferred Pricing,0
APP007570,2023-11-10,Train,Debt Consolidation,43500,36,Online,NSW,Full-Time,16866.35,0.0177,603,Preferred,Approve - Preferred Pricing,0
APP006266,2023-02-18,Train,Debt Consolidation,8000,36,Branch,QLD,Self-Employed,62318.07,0.0156,607,Premium,Approve - Premium Pricing,0
APP001901,2024-02-20,Train,Debt Consolidation,46500,48,Broker,VIC,Full-Time,68228.02,0.0738,560,Decline,Decline,0
APP001885,2023-10-02,Train,Wedding,8000,12,Broker,NSW,Full-Time,57470.18,0.1036,549,Decline,Decline,0
APP002434,2023-04-03,Train,Debt Consolidation,2500,48,Branch,NSW,Part-Time,38225.68,0.0297,588,Standard,Approve - Standard Terms,0
APP005726,2024-01-27,Train,Travel,31500,60,Online,QLD,Part-Time,43794.3,0.0297,588,Standard,Approve - Standard Terms,0
APP000502,2023-06-16,Train,Wedding,47000,48,Online,WA,Full-Time,147302.84,0.0189,601,Preferred,Approve - Preferred Pricing,0
APP001151,2023-10-02,Train,Debt Consolidation,33500,36,Branch,QLD,Self-Employed,37257.46,0.05,572,High Risk - Refer,Refer to Manual Underwriting,0
APP000522,2023-01-07,Train,Debt Consolidation,8000,36,Broker,WA,Part-Time,33708.65,0.0203,599,Preferred,Approve - Preferred Pricing,0
APP000214,2024-02-18,Train,Wedding,36000,48,Online,VIC,Full-Time,65031.66,0.0344,583,High Risk - Refer,Refer to Manual Underwriting,0
APP002836,2023-07-05,Train,Other,37000,48,Online,SA,Full-Time,97402.09,0.0344,583,High Risk - Refer,Refer to Manual Underwriting,0
APP000714,2023-12-13,Train,Car Purchase,2500,48,Online,VIC,Full-Time,86594.94,0.0276,590,Standard,Approve - Standard Terms,0
APP004270,2023-11-19,Train,Home Renovation,43500,36,Branch,WA,Full-Time,36136.34,0.0765,559,Decline,Decline,0
APP003086,2023-10-23,Train,Other,44000,24,Broker,NSW,Full-Time,45084.13,0.0258,592,Standard,Approve - Standard Terms,0
APP004386,2024-01-15,Train,Travel,26000,24,Online,QLD,Full-Time,92022.75,0.0177,603,Preferred,Approve - Preferred Pricing,0
APP003608,2023-06-22,Train,Medical,20000,36,Broker,QLD,Full-Time,88542.78,0.0258,592,Standard,Approve - Standard Terms,0
APP005151,2023-02-01,Train,Car Purchase,13500,24,Broker,SA,Full-Time,46097.03,0.0236,595,Standard,Approve - Standard Terms,0
APP008500,2024-02-18,Train,Home Renovation,42500,36,Online,NSW,Full-Time,94751.23,0.0189,601,Preferred,Approve - Preferred Pricing,0
APP001788,2023-10-30,Train,Car Purchase,6000,36,Online,VIC,Full-Time,141782.71,0.0236,595,Standard,Approve - Standard Terms,0
APP006230,2023-09-07,Train,Car Purchase,5000,60,Branch,NSW,Full-Time,71598.38,0.0595,567,High Risk - Refer,Refer to Manual Underwriting,0
APP008750,2023-11-28,Train,Debt Consolidation,33000,36,Online,QLD,Self-Employed,51028.71,0.0554,569,High Risk - Refer,Refer to Manual Underwriting,0
APP000673,2023-01-20,Train,Car Purchase,39000,48,Online,VIC,Casual,41348.96,0.1142,546,Decline,Decline,0
APP001417,2023-04-19,Train,Car Purchase,47000,36,Online,ACT,Full-Time,102286.65,0.0236,595,Standard,Approve - Standard Terms,0
APP000919,2023-03-06,Train,Debt Consolidation,5500,60,Branch,VIC,Full-Time,51209.15,0.0744,560,Decline,Decline,0
APP002710,2023-11-16,Train,Debt Consolidation,50000,48,Branch,QLD,Full-Time,105873.45,0.0189,601,Preferred,Approve - Preferred Pricing,0
APP008639,2023-10-21,Train,Debt Consolidation,16000,48,Online,VIC,Full-Time,124598.07,0.0189,601,Preferred,Approve - Preferred Pricing,0
APP003062,2024-02-18,Train,Home Renovation,44000,36,Branch,NSW,Casual,37815.02,0.0189,601,Preferred,Approve - Preferred Pricing,0
APP007867,2024-01-26,Train,Home Renovation,11000,36,Broker,SA,Self-Employed,70867.35,0.0305,587,Standard,Approve - Standard Terms,0
APP008589,2023-10-13,Train,Home Renovation,5000,12,Branch,QLD,Casual,28450.06,0.0542,570,High Risk - Refer,Refer to Manual Underwriting,0
APP000240,2023-12-07,Train,Car Purchase,28500,36,Online,QLD,Full-Time,108332.41,0.0243,594,Standard,Approve - Standard Terms,0
APP000163,2023-09-08,Train,Home Renovation,33500,48,Online,QLD,Full-Time,53432.09,0.0848,556,Decline,Decline,0
APP006246,2023-03-24,Train,Car Purchase,44500,24,Online,VIC,Full-Time,92587.73,0.0474,574,High Risk - Refer,Refer to Manual Underwriting,0
APP002125,2023-02-22,Train,Medical,7000,60,Branch,WA,Casual,28817.08,0.0344,583,Standard,Approve - Standard Terms,0
APP008134,2024-03-01,Train,Travel,19500,36,Broker,QLD,Full-Time,87025.13,0.0227,596,Standard,Approve - Standard Terms,0
APP001919,2023-03-31,Train,Car Purchase,25500,36,Branch,NSW,Full-Time,113943.83,0.0297,588,Standard,Approve - Standard Terms,0
APP000002,2023-03-19,Train,Home Renovation,21500,36,Broker,SA,Casual,51888.14,0.1142,546,Decline,Decline,0
APP008375,2024-03-18,Train,Car Purchase,46500,36,Online,NSW,Full-Time,25807.05,0.0738,560,Decline,Decline,0
APP004028,2024-03-05,Train,Car Purchase,36000,12,Branch,NSW,Casual,29078.38,0.0767,559,Decline,Decline,0
APP008549,2023-10-06,Train,Debt Consolidation,31500,24,Broker,QLD,Casual,24013.6,0.1142,546,Decline,Decline,1
APP005942,2023-04-18,Train,Wedding,20000,36,Branch,QLD,Part-Time,41313.45,0.0254,592,Standard,Approve - Standard Terms,0
APP004264,2023-04-15,Train,Travel,37500,36,Online,NSW,Self-Employed,71995.24,0.0167,605,Premium,Approve - Premium Pricing,0
APP006750,2023-11-10,Train,Wedding,4500,36,Online,NSW,Full-Time,93728.72,0.0303,587,Standard,Approve - Standard Terms,0
APP001527,2023-11-30,Train,Debt Consolidation,14500,24,Branch,QLD,Self-Employed,68869.54,0.0263,591,Standard,Approve - Standard Terms,0
APP005342,2023-05-05,Train,Other,19000,24,Online,QLD,Full-Time,72302.54,0.0189,601,Preferred,Approve - Preferred Pricing,0
APP000407,2023-10-05,Train,Debt Consolidation,4000,36,Online,VIC,Part-Time,24543.71,0.037,581,High Risk - Refer,Refer to Manual Underwriting,0
APP001942,2023-05-24,Train,Car Purchase,47500,48,Branch,VIC,Self-Employed,89266.83,0.0167,605,Premium,Approve - Premium Pricing,0
APP002409,2023-08-20,Train,Medical,9500,36,Broker,NSW,Casual,34112.22,0.0296,588,Standard,Approve - Standard Terms,0
APP004254,2023-06-24,Train,Debt Consolidation,3500,48,Branch,VIC,Full-Time,58391.29,0.0236,595,Standard,Approve - Standard Terms,0
APP002470,2023-02-26,Train,Medical,14500,12,Online,NSW,Full-Time,77034.03,0.0189,601,Preferred,Approve - Preferred Pricing,0
APP006378,2023-07-23,Train,Debt Consolidation,32500,24,Branch,NSW,Casual,18598.55,0.0542,570,High Risk - Refer,Refer to Manual Underwriting,0
APP006813,2023-07-29,Train,Home Renovation,46000,36,Broker,QLD,Full-Time,105232.37,0.0303,587,Standard,Approve - Standard Terms,0
APP003879,2024-01-02,Train,Car Purchase,48000,36,Online,WA,Self-Employed,57296.59,0.0156,607,Premium,Approve - Premium Pricing,0
APP003634,2023-01-21,Train,Car Purchase,43000,48,Broker,VIC,Full-Time,78390.8,0.0344,583,High Risk - Refer,Refer to Manual Underwriting,0
APP001853,2023-02-27,Train,Home Renovation,2500,36,Online,VIC,Full-Time,87526.98,0.0189,601,Preferred,Approve - Preferred Pricing,0
APP007632,2023-12-06,Train,Home Renovation,17500,48,Broker,VIC,Full-Time,108307.51,0.0394,579,High Risk - Refer,Refer to Manual Underwriting,0
APP004382,2023-05-05,Train,Medical,16500,24,Online,NSW,Self-Employed,83136.05,0.0305,587,Standard,Approve - Standard Terms,0
APP000830,2024-01-30,Train,Other,35000,60,Online,NSW,Part-Time,56359.32,0.037,581,High Risk - Refer,Refer to Manual Underwriting,0
APP008487,2023-10-15,Train,Car Purchase,22500,24,Online,VIC,Full-Time,119421.92,0.0189,601,Preferred,Approve - Preferred Pricing,0
APP007259,2023-02-10,Train,Other,31500,48,Online,QLD,Full-Time,64306.65,0.0236,595,Standard,Approve - Standard Terms,0
APP001739,2024-02-29,Train,Home Renovation,25000,36,Branch,QLD,Full-Time,121647.87,0.0258,592,Standard,Approve - Standard Terms,0
APP000094,2023-08-07,Train,Car Purchase,45500,12,Branch,WA,Full-Time,74756.89,0.0595,567,High Risk - Refer,Refer to Manual Underwriting,0
APP007321,2023-09-02,Train,Other,27000,36,Broker,VIC,Part-Time,45149.5,0.058,568,High Risk - Refer,Refer to Manual Underwriting,0
APP000191,2023-04-11,Train,Home Renovation,27000,36,Online,NSW,Part-Time,22925.49,0.037,581,High Risk - Refer,Refer to Manual Underwriting,0
APP003173,2023-04-11,Train,Home Renovation,31000,36,Broker,VIC,Casual,37705.45,0.0303,587,Standard,Approve - Standard Terms,0
APP006102,2023-01-04,Train,Wedding,11500,36,Branch,SA,Full-Time,32035.55,0.0595,567,High Risk - Refer,Refer to Manual Underwriting,0
APP003594,2023-12-10,Train,Travel,44000,36,Online,VIC,Casual,29794.43,0.0177,603,Premium,Approve - Premium Pricing,0
APP003118,2024-02-14,Train,Car Purchase,47500,24,Online,SA,Part-Time,40661.77,0.1898,529,Decline,Decline,0
APP000076,2023-12-04,Train,Debt Consolidation,31000,24,Online,QLD,Part-Time,41342.31,0.0203,599,Preferred,Approve - Preferred Pricing,0
APP002446,2024-03-28,Train,Car Purchase,32000,24,Broker,WA,Full-Time,55856.32,0.0177,603,Preferred,Approve - Preferred Pricing,0
APP006156,2024-01-20,Train,Debt Consolidation,26000,60,Online,WA,Full-Time,78758.77,0.0189,601,Preferred,Approve - Preferred Pricing,0
APP006954,2023-06-21,Train,Medical,12500,36,Broker,NSW,Full-Time,109218.63,0.0303,587,Standard,Approve - Standard Terms,0
APP005616,2023-05-26,Train,Car Purchase,38000,12,Broker,NSW,Full-Time,46681.99,0.0344,583,High Risk - Refer,Refer to Manual Underwriting,0
APP002732,2024-03-15,Train,Wedding,21500,60,Broker,WA,Unemployed,18397.65,0.0455,575,High Risk - Refer,Refer to Manual Underwriting,0
APP003936,2023-02-21,Train,Car Purchase,46500,36,Online,VIC,Full-Time,77991.56,0.0344,583,High Risk - Refer,Refer to Manual Underwriting,0
APP008905,2023-06-09,Train,Travel,7500,36,Online,SA,Full-Time,70858.58,0.0177,603,Preferred,Approve - Preferred Pricing,0
APP004609,2023-01-24,Train,Car Purchase,14500,24,Online,VIC,Full-Time,132335.2,0.0189,601,Preferred,Approve - Preferred Pricing,0
APP001380,2023-04-21,Train,Car Purchase,33500,48,Broker,VIC,Full-Time,91457.0,0.0258,592,Standard,Approve - Standard Terms,0
APP007412,2023-08-04,Train,Travel,39000,24,Branch,ACT,Self-Employed,46965.92,0.0305,587,Standard,Approve - Standard Terms,1
APP003990,2024-02-26,Train,Other,14000,36,Branch,VIC,Part-Time,42517.81,0.058,568,High Risk - Refer,Refer to Manual Underwriting,0
APP000168,2023-11-06,Train,Car Purchase,16000,48,Online,SA,Part-Time,35316.85,0.0278,590,Standard,Approve - Standard Terms,0
APP003898,2023-10-17,Train,Car Purchase,5500,48,Branch,NSW,Full-Time,19999.87,0.0297,588,Standard,Approve - Standard Terms,0
APP007539,2023-09-07,Train,Car Purchase,47500,24,Broker,NSW,Self-Employed,85371.58,0.0229,595,Standard,Approve - Standard Terms,0
APP006888,2023-11-17,Train,Debt Consolidation,12500,24,Branch,QLD,Full-Time,70332.13,0.0189,601,Preferred,Approve - Preferred Pricing,0
APP005449,2024-03-30,Train,Car Purchase,25500,24,Online,NT,Full-Time,73314.54,0.0326,585,Standard,Approve - Standard Terms,0
APP007898,2023-03-02,Train,Car Purchase,3000,12,Online,NSW,Full-Time,75383.66,0.0227,596,Standard,Approve - Standard Terms,0
APP005688,2023-02-05,Train,Wedding,10500,60,Branch,SA,Casual,31064.8,0.0394,579,High Risk - Refer,Refer to Manual Underwriting,0
APP001266,2024-02-08,Train,Home Renovation,3000,48,Broker,NSW,Full-Time,120600.73,0.0189,601,Preferred,Approve - Preferred Pricing,0
APP000185,2023-08-12,Train,Home Renovation,23000,48,Branch,QLD,Part-Time,40761.3,0.037,581,High Risk - Refer,Refer to Manual Underwriting,0
APP002595,2024-03-12,Train,Debt Consolidation,8000,12,Branch,ACT,Part-Time,32969.78,0.1077,548,Decline,Decline,0
APP000265,2023-03-19,Train,Car Purchase,48000,48,Online,SA,Casual,39813.59,0.0258,592,Standard,Approve - Standard Terms,0
APP003714,2023-10-14,Train,Home Renovation,2000,60,Branch,VIC,Full-Time,85248.44,0.0227,596,Standard,Approve - Standard Terms,0
APP001224,2024-02-15,Train,Debt Consolidation,20000,36,Branch,QLD,Casual,41889.86,0.0177,603,Premium,Approve - Premium Pricing,0
APP002533,2023-12-07,Train,Car Purchase,48500,24,Online,QLD,Casual,36296.91,0.0236,595,Standard,Approve - Standard Terms,0
APP000739,2023-03-18,Train,Car Purchase,48500,48,Online,NSW,Full-Time,50459.09,0.0744,560,Decline,Decline,0
APP002094,2023-03-27,Train,Debt Consolidation,36500,48,Online,SA,Full-Time,107092.17,0.0258,592,Standard,Approve - Standard Terms,0
APP001863,2023-05-03,Train,Travel,22500,24,Broker,QLD,Full-Time,63690.48,0.0344,583,High Risk - Refer,Refer to Manual Underwriting,0
APP000050,2023-02-23,Train,Debt Consolidation,23000,36,Broker,QLD,Full-Time,97756.23,0.0189,601,Preferred,Approve - Preferred Pricing,0
APP002929,2023-07-24,Train,Travel,33500,12,Online,NSW,Casual,19856.92,0.0394,579,High Risk - Refer,Refer to Manual Underwriting,0
APP006947,2023-12-25,Train,Home Renovation,12000,60,Broker,SA,Self-Employed,94579.74,0.0437,576,High Risk - Refer,Refer to Manual Underwriting,0
APP000607,2023-06-10,Train,Travel,32500,24,Online,NSW,Full-Time,65760.85,0.0227,596,Standard,Approve - Standard Terms,0
APP006260,2024-03-20,Train,Travel,7000,36,Online,SA,Self-Employed,104194.49,0.0229,595,Standard,Approve - Standard Terms,0
APP007869,2024-01-18,Train,Debt Consolidation,37000,60,Online,QLD,Full-Time,81099.08,0.0303,587,Standard,Approve - Standard Terms,0
APP005129,2023-04-25,Train,Medical,30500,48,Online,WA,Full-Time,95465.64,0.0258,592,Standard,Approve - Standard Terms,0
APP008844,2023-11-20,Train,Home Renovation,48000,60,Broker,QLD,Full-Time,60614.08,0.0227,596,Standard,Approve - Standard Terms,0
APP007193,2023-01-17,Train,Debt Consolidation,27500,48,Online,NSW,Full-Time,98442.33,0.0177,603,Preferred,Approve - Preferred Pricing,0
APP004581,2023-08-26,Train,Debt Consolidation,8000,24,Broker,SA,Full-Time,102658.74,0.0303,587,Standard,Approve - Standard Terms,0
APP006619,2023-09-14,Train,Debt Consolidation,31000,48,Branch,NSW,Full-Time,87461.27,0.0481,573,High Risk - Refer,Refer to Manual Underwriting,0
APP005822,2023-01-13,Train,Home Renovation,35500,48,Online,QLD,Full-Time,88612.79,0.0189,601,Preferred,Approve - Preferred Pricing,0
APP006076,2024-02-22,Train,Home Renovation,12000,48,Broker,NSW,Full-Time,81446.5,0.0177,603,Preferred,Approve - Preferred Pricing,0
APP003450,2023-01-22,Train,Wedding,12000,12,Branch,VIC,Self-Employed,115423.34,0.0229,595,Standard,Approve - Standard Terms,0
APP005032,2023-01-10,Train,Car Purchase,46500,36,Branch,QLD,Full-Time,121069.28,0.0189,601,Preferred,Approve - Preferred Pricing,0
APP001784,2023-04-03,Train,Medical,22500,24,Broker,QLD,Full-Time,70332.13,0.0189,601,Preferred,Approve - Preferred Pricing,0
APP008816,2024-01-15,Train,Wedding,35000,36,Broker,VIC,Self-Employed,55328.85,0.0209,598,Preferred,Approve - Preferred Pricing,0
APP002425,2024-03-21,Train,Medical,23500,24,Online,SA,Full-Time,82989.8,0.0189,601,Preferred,Approve - Preferred Pricing,0
APP003001,2024-03-23,Train,Travel,16000,60,Branch,NSW,Full-Time,86651.65,0.0189,601,Preferred,Approve - Preferred Pricing,0
APP004473,2023-12-06,Train,Car Purchase,15500,36,Online,WA,Full-Time,64196.59,0.0236,595,Standard,Approve - Standard Terms,0
APP002197,2023-05-30,Train,Debt Consolidation,44000,36,Branch,VIC,Full-Time,53176.84,0.0258,592,Standard,Approve - Standard Terms,0
APP002875,2023-10-22,Train,Debt Consolidation,18500,24,Online,QLD,Full-Time,67462.77,0.0344,583,High Risk - Refer,Refer to Manual Underwriting,0
APP006713,2023-07-23,Train,Car Purchase,23500,48,Branch,QLD,Casual,38988.73,0.0189,601,Preferred,Approve - Preferred Pricing,0
APP004223,2024-02-01,Train,Home Renovation,47500,24,Online,QLD,Unemployed,15000.0,0.1013,550,Decline,Decline,0
APP000994,2024-01-02,Train,Debt Consolidation,39000,60,Broker,VIC,Full-Time,45267.46,0.0258,592,Standard,Approve - Standard Terms,0
APP000244,2023-01-10,Train,Debt Consolidation,49000,24,Online,NSW,Part-Time,27932.86,0.037,581,High Risk - Refer,Refer to Manual Underwriting,0
APP003104,2023-04-02,Train,Other,35500,24,Broker,WA,Full-Time,66556.46,0.0394,579,High Risk - Refer,Refer to Manual Underwriting,0
APP000633,2023-06-06,Train,Home Renovation,49000,24,Online,QLD,Casual,16457.38,0.0236,595,Standard,Approve - Standard Terms,0
APP001003,2023-11-03,Train,Travel,44500,36,Online,QLD,Part-Time,52623.13,0.0326,585,Standard,Approve - Standard Terms,0
APP003771,2024-01-10,Train,Debt Consolidation,38500,24,Online,VIC,Full-Time,61495.59,0.0303,587,Standard,Approve - Standard Terms,0
APP004178,2024-01-31,Train,Car Purchase,24500,36,Broker,WA,Full-Time,90145.37,0.0258,592,Standard,Approve - Standard Terms,0
APP004843,2023-10-16,Train,Home Renovation,6500,36,Branch,VIC,Part-Time,51607.63,0.037,581,High Risk - Refer,Refer to Manual Underwriting,0
APP006550,2023-06-30,Train,Car Purchase,17000,60,Branch,NSW,Full-Time,93126.91,0.0236,595,Standard,Approve - Standard Terms,0
APP002025,2024-03-16,Train,Home Renovation,4000,12,Branch,NSW,Full-Time,104719.37,0.0177,603,Preferred,Approve - Preferred Pricing,0
APP002693,2023-08-29,Train,Debt Consolidation,46500,24,Online,VIC,Self-Employed,93186.71,0.0167,605,Premium,Approve - Premium Pricing,0
APP002044,2023-01-03,Train,Home Renovation,2000,36,Branch,VIC,Self-Employed,103916.81,0.0156,607,Premium,Approve - Premium Pricing,0
APP004300,2023-07-03,Train,Debt Consolidation,4000,24,Broker,QLD,Full-Time,94043.12,0.0189,601,Preferred,Approve - Preferred Pricing,0
APP002371,2023-10-02,Train,Home Renovation,27000,24,Broker,VIC,Unemployed,25810.63,0.1858,530,Decline,Decline,1
APP005820,2024-03-22,Train,Travel,34000,36,Online,QLD,Part-Time,23325.71,0.0278,590,Standard,Approve - Standard Terms,0
APP004992,2024-03-21,Train,Travel,17500,12,Online,QLD,Casual,21332.83,0.1142,546,Decline,Decline,0
APP000682,2023-06-07,Train,Home Renovation,35500,48,Online,VIC,Full-Time,49348.99,0.0177,603,Preferred,Approve - Preferred Pricing,0
APP008227,2024-01-03,Train,Other,17500,24,Broker,VIC,Part-Time,31677.48,0.0319,586,Standard,Approve - Standard Terms,0
APP005244,2023-08-20,Train,Car Purchase,25000,36,Branch,VIC,Self-Employed,66963.68,0.0229,595,Standard,Approve - Standard Terms,0
APP005605,2023-02-10,Train,Car Purchase,30500,12,Online,QLD,Unemployed,29273.83,0.0793,558,Decline,Decline,0
APP007995,2024-03-20,Train,Car Purchase,4000,24,Broker,NSW,Full-Time,114645.62,0.0276,590,Standard,Approve - Standard Terms,0
APP007075,2024-03-11,Train,Other,49000,12,Online,VIC,Full-Time,92145.59,0.0189,601,Preferred,Approve - Preferred Pricing,0
APP006830,2023-02-16,Train,Wedding,12500,48,Online,WA,Casual,34094.88,0.1006,550,Decline,Decline,0
APP006382,2023-10-24,Train,Car Purchase,43000,36,Broker,NSW,Full-Time,129976.16,0.0236,595,Standard,Approve - Standard Terms,0
APP006626,2023-12-04,Train,Car Purchase,21500,12,Broker,QLD,Part-Time,34652.8,0.0254,592,Standard,Approve - Standard Terms,0
APP000558,2023-02-19,Train,Debt Consolidation,19500,24,Online,QLD,Full-Time,83580.2,0.0177,603,Preferred,Approve - Preferred Pricing,0
APP005033,2023-05-17,Train,Home Renovation,32000,60,Branch,QLD,Full-Time,62885.9,0.0418,578,High Risk - Refer,Refer to Manual Underwriting,0
APP001268,2023-02-06,Train,Car Purchase,12500,24,Broker,NSW,Self-Employed,77367.28,0.0156,607,Premium,Approve - Premium Pricing,0
APP000162,2023-03-13,Train,Home Renovation,45500,36,Online,SA,Full-Time,60233.72,0.0394,579,High Risk - Refer,Refer to Manual Underwriting,0
APP008093,2023-10-03,Train,Travel,11000,60,Online,SA,Full-Time,84325.52,0.0326,585,Standard,Approve - Standard Terms,0
APP000181,2023-07-30,Train,Medical,32500,24,Broker,NSW,Part-Time,46600.58,0.082,557,Decline,Decline,0
APP004187,2024-03-30,Train,Other,27000,12,Broker,NSW,Part-Time,22586.51,0.0424,577,High Risk - Refer,Refer to Manual Underwriting,0
APP008112,2024-02-16,Train,Home Renovation,33500,48,Broker,NSW,Self-Employed,62656.11,0.0229,595,Standard,Approve - Standard Terms,0
APP008808,2023-03-29,Train,Other,22500,60,Broker,SA,Full-Time,40873.62,0.0344,583,High Risk - Refer,Refer to Manual Underwriting,0
APP008890,2023-05-24,Train,Home Renovation,7000,24,Online,QLD,Full-Time,57967.33,0.1036,549,Decline,Decline,1
APP000021,2023-10-31,Train,Car Purchase,27500,36,Broker,SA,Full-Time,38287.92,0.0738,560,Decline,Decline,1
APP003979,2023-10-21,Train,Car Purchase,27000,24,Branch,NSW,Self-Employed,60623.82,0.0305,587,Standard,Approve - Standard Terms,0
APP007299,2023-04-06,Train,Other,45000,36,Broker,VIC,Part-Time,36158.29,0.0203,599,Preferred,Approve - Preferred Pricing,0
APP006766,2023-10-03,Train,Debt Consolidation,39000,24,Online,VIC,Full-Time,110699.5,0.0189,601,Preferred,Approve - Preferred Pricing,0
APP006672,2023-02-21,Train,Car Purchase,4500,60,Online,QLD,Full-Time,92097.97,0.0189,601,Preferred,Approve - Preferred Pricing,0
APP004706,2023-09-20,Train,Wedding,46000,48,Online,VIC,Full-Time,76582.91,0.0189,601,Preferred,Approve - Preferred Pricing,0
APP003085,2023-12-18,Train,Home Renovation,33000,24,Online,ACT,Full-Time,101590.42,0.0177,603,Preferred,Approve - Preferred Pricing,0
APP001749,2023-07-04,Train,Travel,42000,24,Broker,VIC,Full-Time,31795.72,0.0236,595,Standard,Approve - Standard Terms,0
APP002545,2023-06-05,Train,Wedding,27500,24,Online,NSW,Full-Time,20512.12,0.0623,565,Decline,Decline,0
APP001785,2023-05-12,Train,Debt Consolidation,41000,24,Online,VIC,Self-Employed,60620.03,0.0245,593,Standard,Approve - Standard Terms,0
APP001394,2024-01-03,Train,Home Renovation,19500,24,Branch,QLD,Self-Employed,79993.74,0.0229,595,Standard,Approve - Standard Terms,0
APP000440,2024-01-06,Train,Debt Consolidation,43500,24,Online,VIC,Self-Employed,74271.3,0.0167,605,Premium,Approve - Premium Pricing,0
APP000290,2023-10-19,Train,Debt Consolidation,31000,60,Branch,NSW,Full-Time,82737.63,0.0303,587,Standard,Approve - Standard Terms,0
APP005708,2023-03-12,Train,Travel,34000,36,Online,NSW,Full-Time,107742.93,0.0394,579,High Risk - Refer,Refer to Manual Underwriting,0
APP006363,2023-10-04,Train,Home Renovation,21000,24,Branch,WA,Full-Time,81981.32,0.0474,574,High Risk - Refer,Refer to Manual Underwriting,0
APP004271,2023-03-31,Train,Other,45500,36,Online,WA,Full-Time,77955.74,0.0276,590,Standard,Approve - Standard Terms,0
APP001651,2023-07-30,Train,Car Purchase,24500,48,Online,NSW,Part-Time,35029.15,0.037,581,High Risk - Refer,Refer to Manual Underwriting,0
APP002515,2023-01-24,Train,Car Purchase,37500,24,Broker,VIC,Full-Time,72036.89,0.0189,601,Preferred,Approve - Preferred Pricing,0
APP007755,2023-09-07,Train,Debt Consolidation,2000,48,Online,SA,Full-Time,60233.72,0.0474,574,High Risk - Refer,Refer to Manual Underwriting,0
APP000880,2023-01-12,Train,Home Renovation,29500,60,Online,NSW,Casual,52320.65,0.1036,549,Decline,Decline,0
APP007251,2023-07-31,Train,Other,27500,36,Online,NSW,Full-Time,106222.41,0.0189,601,Preferred,Approve - Preferred Pricing,0
APP002163,2024-02-18,Train,Home Renovation,20000,36,Online,QLD,Full-Time,38449.41,0.0303,587,Standard,Approve - Standard Terms,0
APP003697,2023-06-05,Train,Debt Consolidation,45000,36,Branch,QLD,Full-Time,43159.22,0.0177,603,Preferred,Approve - Preferred Pricing,0
APP000716,2024-01-24,Train,Debt Consolidation,46500,36,Broker,WA,Full-Time,90057.89,0.0189,601,Preferred,Approve - Preferred Pricing,0
APP007642,2023-08-21,Train,Debt Consolidation,34000,24,Branch,VIC,Full-Time,57046.99,0.0344,583,High Risk - Refer,Refer to Manual Underwriting,0
APP008797,2023-07-04,Train,Travel,28000,12,Online,NSW,Part-Time,28097.89,0.0254,592,Standard,Approve - Standard Terms,0
APP002689,2023-03-11,Train,Car Purchase,4000,60,Branch,NSW,Full-Time,91406.07,0.0258,592,Standard,Approve - Standard Terms,0
APP006315,2023-11-01,Train,Medical,6000,36,Online,QLD,Full-Time,75452.94,0.0326,585,Standard,Approve - Standard Terms,0
APP008566,2023-07-30,Train,Car Purchase,44500,36,Online,TAS,Part-Time,28579.03,0.0364,582,High Risk - Refer,Refer to Manual Underwriting,0
APP006593,2023-08-11,Train,Home Renovation,37000,36,Branch,VIC,Full-Time,49530.55,0.0276,590,Standard,Approve - Standard Terms,0
APP007442,2023-05-19,Train,Car Purchase,3500,24,Branch,NSW,Self-Employed,77367.28,0.0209,598,Preferred,Approve - Preferred Pricing,0
APP006411,2023-08-26,Train,Home Renovation,37500,48,Broker,WA,Full-Time,91103.16,0.0236,595,Standard,Approve - Standard Terms,0
APP001371,2023-08-12,Train,Travel,38000,36,Online,WA,Casual,23949.04,0.0474,574,High Risk - Refer,Refer to Manual Underwriting,0
APP006644,2023-01-22,Train,Travel,49500,36,Broker,QLD,Part-Time,40771.69,0.0278,590,Standard,Approve - Standard Terms,0
APP003105,2023-10-22,Train,Debt Consolidation,20000,60,Online,NSW,Self-Employed,105504.11,0.0156,607,Premium,Approve - Premium Pricing,0
APP005934,2023-12-06,Train,Car Purchase,30500,48,Branch,WA,Part-Time,50973.55,0.0278,590,Standard,Approve - Standard Terms,1
APP001811,2023-05-17,Train,Car Purchase,13500,48,Online,WA,Full-Time,76718.19,0.0189,601,Preferred,Approve - Preferred Pricing,0
APP003002,2024-03-07,Train,Car Purchase,43500,48,Online,SA,Full-Time,77628.74,0.0177,603,Preferred,Approve - Preferred Pricing,0
APP007149,2023-12-27,Train,Home Renovation,3500,48,Online,NSW,Full-Time,80119.66,0.0303,587,Standard,Approve - Standard Terms,0
APP002200,2024-02-11,Train,Home Renovation,43000,60,Online,NSW,Unemployed,19046.57,0.3001,512,Decline,Decline,0
APP005093,2023-06-02,Train,Home Renovation,49000,60,Online,VIC,Full-Time,62787.81,0.0177,603,Preferred,Approve - Preferred Pricing,0
APP006698,2023-12-31,Train,Car Purchase,12000,60,Online,NSW,Full-Time,89508.46,0.0189,601,Preferred,Approve - Preferred Pricing,0
APP008237,2023-12-04,Train,Car Purchase,43000,24,Online,NSW,Full-Time,104130.34,0.0236,595,Standard,Approve - Standard Terms,0
APP002039,2023-11-28,Train,Travel,11000,48,Online,QLD,Part-Time,39227.91,0.037,581,High Risk - Refer,Refer to Manual Underwriting,0
APP005349,2024-03-01,Train,Medical,11500,36,Broker,VIC,Full-Time,87210.83,0.054,570,High Risk - Refer,Refer to Manual Underwriting,0
APP005999,2023-06-30,Train,Debt Consolidation,24500,36,Online,VIC,Full-Time,76564.78,0.0227,596,Standard,Approve - Standard Terms,0
APP003536,2023-06-05,Train,Medical,33500,36,Broker,VIC,Unemployed,19732.73,0.1017,550,Decline,Decline,0
APP001616,2023-02-02,Train,Medical,34500,48,Broker,QLD,Full-Time,49435.15,0.0303,587,Standard,Approve - Standard Terms,0
APP003197,2024-03-19,Train,Car Purchase,37500,24,Online,QLD,Part-Time,37564.64,0.0203,599,Preferred,Approve - Preferred Pricing,0
APP000149,2023-09-29,Train,Home Renovation,46000,48,Online,VIC,Full-Time,77745.71,0.0177,603,Preferred,Approve - Preferred Pricing,0
APP008944,2023-04-08,Train,Home Renovation,10000,60,Broker,NSW,Full-Time,41077.45,0.0394,579,High Risk - Refer,Refer to Manual Underwriting,0
APP005717,2023-09-07,Train,Car Purchase,12500,60,Online,QLD,Full-Time,105665.18,0.0474,574,High Risk - Refer,Refer to Manual Underwriting,0
APP006293,2023-04-16,Train,Home Renovation,13500,48,Online,NSW,Part-Time,60425.91,0.0466,574,High Risk - Refer,Refer to Manual Underwriting,0
APP000594,2023-04-07,Train,Travel,30000,60,Branch,WA,Full-Time,83652.29,0.0276,590,Standard,Approve - Standard Terms,0
APP008736,2023-09-12,Train,Car Purchase,42000,48,Broker,VIC,Full-Time,30689.91,0.0491,573,High Risk - Refer,Refer to Manual Underwriting,0
APP003581,2023-02-10,Train,Travel,49000,48,Branch,VIC,Casual,32396.35,0.054,570,High Risk - Refer,Refer to Manual Underwriting,0
APP008459,2023-11-22,Train,Home Renovation,6000,36,Branch,NSW,Part-Time,66543.43,0.037,581,High Risk - Refer,Refer to Manual Underwriting,0
APP007227,2023-07-23,Train,Travel,36500,60,Branch,NSW,Full-Time,58091.68,0.0236,595,Standard,Approve - Standard Terms,0
APP002109,2023-03-15,Train,Other,40500,24,Broker,NSW,Full-Time,111581.05,0.0276,590,Standard,Approve - Standard Terms,0
APP007781,2023-12-27,Train,Debt Consolidation,17000,48,Online,NSW,Full-Time,98644.83,0.0177,603,Preferred,Approve - Preferred Pricing,0
APP007598,2023-09-12,Train,Travel,5500,24,Broker,NSW,Full-Time,80586.53,0.0258,592,Standard,Approve - Standard Terms,0
APP008070,2023-04-28,Train,Other,28500,60,Online,SA,Casual,39038.82,0.1036,549,Decline,Decline,1
APP006083,2023-05-19,Train,Car Purchase,30500,36,Online,QLD,Full-Time,78468.08,0.0394,579,High Risk - Refer,Refer to Manual Underwriting,1
APP001381,2024-02-03,Train,Car Purchase,10000,36,Online,NSW,Full-Time,80837.5,0.0344,583,High Risk - Refer,Refer to Manual Underwriting,0
APP008867,2023-05-03,Train,Medical,13500,24,Online,VIC,Full-Time,78284.77,0.0276,590,Standard,Approve - Standard Terms,1
APP001669,2023-07-16,Train,Home Renovation,2000,24,Online,QLD,Full-Time,21013.69,0.0562,569,High Risk - Refer,Refer to Manual Underwriting,0
APP008085,2023-05-15,Train,Debt Consolidation,34500,12,Online,NSW,Full-Time,100238.65,0.0303,587,Standard,Approve - Standard Terms,0
APP004573,2023-02-05,Train,Car Purchase,2500,48,Broker,VIC,Full-Time,69009.25,0.037,581,High Risk - Refer,Refer to Manual Underwriting,1
APP003495,2023-10-13,Train,Car Purchase,9000,48,Online,QLD,Casual,43883.03,0.0303,587,Standard,Approve - Standard Terms,0
APP001281,2023-08-16,Train,Home Renovation,15000,36,Branch,QLD,Full-Time,64983.63,0.0258,592,Standard,Approve - Standard Terms,0
APP001995,2023-02-04,Train,Medical,42500,48,Online,NSW,Self-Employed,72215.86,0.0229,595,Standard,Approve - Standard Terms,0
APP001192,2024-01-29,Train,Car Purchase,30000,48,Broker,NSW,Full-Time,93687.49,0.0258,592,Standard,Approve - Standard Terms,0
APP008421,2023-09-29,Train,Other,47500,36,Broker,QLD,Full-Time,66590.8,0.0344,583,High Risk - Refer,Refer to Manual Underwriting,0
APP004558,2024-01-07,Train,Home Renovation,41000,36,Online,NSW,Part-Time,35902.44,0.0509,572,High Risk - Refer,Refer to Manual Underwriting,0
APP003068,2023-01-07,Train,Debt Consolidation,48000,24,Branch,WA,Casual,46182.22,0.0177,603,Premium,Approve - Premium Pricing,0
APP001016,2023-06-26,Train,Car Purchase,14500,36,Branch,VIC,Part-Time,28615.38,0.0297,588,Standard,Approve - Standard Terms,0
APP006988,2023-07-30,Train,Debt Consolidation,47500,60,Broker,NSW,Part-Time,40778.17,0.0823,557,Decline,Decline,0
APP004337,2023-01-06,Train,Car Purchase,21500,60,Broker,SA,Part-Time,33773.5,0.019,601,Preferred,Approve - Preferred Pricing,0
APP003178,2023-03-09,Train,Debt Consolidation,47500,36,Branch,WA,Full-Time,79086.44,0.0243,594,Standard,Approve - Standard Terms,1
APP003838,2023-04-19,Train,Wedding,47000,24,Online,VIC,Full-Time,119421.92,0.0189,601,Preferred,Approve - Preferred Pricing,0
APP001772,2023-02-20,Train,Debt Consolidation,20500,36,Branch,NSW,Unemployed,15000.0,0.0805,557,Decline,Decline,0
APP003828,2023-11-03,Train,Home Renovation,35500,36,Branch,VIC,Self-Employed,99686.9,0.0167,605,Premium,Approve - Premium Pricing,0
APP001457,2023-04-02,Train,Car Purchase,8500,60,Online,QLD,Casual,22086.76,0.0303,587,Standard,Approve - Standard Terms,0
APP003662,2023-07-01,Train,Debt Consolidation,28500,36,Online,VIC,Full-Time,67126.97,0.0394,579,High Risk - Refer,Refer to Manual Underwriting,0
APP005725,2023-12-04,Train,Wedding,32500,24,Branch,NSW,Self-Employed,54585.16,0.0245,593,Standard,Approve - Standard Terms,1
APP007127,2023-11-02,Train,Car Purchase,35500,60,Branch,NSW,Full-Time,118678.49,0.0236,595,Standard,Approve - Standard Terms,0
APP001880,2023-09-26,Train,Debt Consolidation,25000,36,Branch,WA,Full-Time,77222.07,0.0189,601,Preferred,Approve - Preferred Pricing,1
APP007871,2023-10-27,Train,Home Renovation,46500,24,Online,TAS,Part-Time,27173.6,0.0442,576,High Risk - Refer,Refer to Manual Underwriting,0
APP001375,2023-03-13,Train,Debt Consolidation,24500,36,Online,SA,Full-Time,78474.36,0.0236,595,Standard,Approve - Standard Terms,0
APP002129,2023-04-22,Train,Medical,46000,24,Branch,QLD,Unemployed,16150.23,0.3001,512,Decline,Decline,1
APP006208,2023-03-01,Train,Medical,11000,12,Branch,QLD,Full-Time,119003.13,0.0227,596,Standard,Approve - Standard Terms,0
APP002825,2023-10-25,Train,Home Renovation,35500,60,Branch,VIC,Full-Time,72036.89,0.0276,590,Standard,Approve - Standard Terms,0
APP000207,2023-12-30,Train,Car Purchase,2500,24,Online,SA,Full-Time,62683.72,0.0276,590,Standard,Approve - Standard Terms,0
APP001300,2023-06-06,Train,Car Purchase,25500,48,Broker,VIC,Full-Time,60177.5,0.0344,583,High Risk - Refer,Refer to Manual Underwriting,1
APP001798,2023-07-07,Train,Car Purchase,24000,36,Broker,QLD,Full-Time,26090.66,0.0236,595,Standard,Approve - Standard Terms,0
APP007599,2024-01-09,Train,Car Purchase,43500,36,Branch,QLD,Full-Time,76135.22,0.0236,595,Standard,Approve - Standard Terms,0
APP006195,2023-09-22,Train,Wedding,32500,36,Branch,TAS,Full-Time,63411.74,0.0189,601,Preferred,Approve - Preferred Pricing,0
APP002354,2024-01-18,Train,Wedding,41000,12,Broker,VIC,Casual,27598.2,0.1142,546,Decline,Decline,0
APP004703,2023-05-20,Train,Debt Consolidation,43500,60,Broker,QLD,Full-Time,66603.71,0.0189,601,Preferred,Approve - Preferred Pricing,0
APP001800,2023-12-28,Train,Debt Consolidation,4000,24,Broker,QLD,Full-Time,106352.37,0.0189,601,Preferred,Approve - Preferred Pricing,0
APP007635,2023-12-10,Train,Home Renovation,19000,48,Branch,NSW,Full-Time,69455.89,0.0344,583,High Risk - Refer,Refer to Manual Underwriting,0
APP003397,2023-05-10,Train,Home Renovation,9000,24,Broker,SA,Full-Time,63070.09,0.0276,590,Standard,Approve - Standard Terms,0
APP003837,2023-03-20,Train,Wedding,35000,36,Online,QLD,Full-Time,66118.95,0.0189,601,Preferred,Approve - Preferred Pricing,0
APP002028,2023-03-03,Train,Car Purchase,42000,36,Branch,NSW,Full-Time,85344.26,0.0276,590,Standard,Approve - Standard Terms,0
APP002012,2023-04-23,Train,Medical,25000,36,Broker,NSW,Casual,24709.14,0.0227,596,Preferred,Approve - Preferred Pricing,0
APP001791,2023-11-22,Train,Medical,25000,24,Broker,NSW,Full-Time,69712.03,0.0236,595,Standard,Approve - Standard Terms,0
APP002569,2023-06-26,Train,Debt Consolidation,23000,48,Branch,NSW,Self-Employed,91406.68,0.0305,587,Standard,Approve - Standard Terms,0
APP007542,2023-03-07,Train,Debt Consolidation,12000,60,Online,QLD,Casual,29521.67,0.0189,601,Preferred,Approve - Preferred Pricing,0
APP002976,2023-06-07,Train,Debt Consolidation,15500,12,Branch,NSW,Full-Time,105558.33,0.0189,601,Preferred,Approve - Preferred Pricing,0
APP008742,2023-09-07,Train,Wedding,40000,24,Broker,VIC,Casual,47018.21,0.0474,574,High Risk - Refer,Refer to Manual Underwriting,0
APP004841,2023-02-16,Train,Car Purchase,11500,36,Branch,QLD,Self-Employed,56543.61,0.0167,605,Premium,Approve - Premium Pricing,0
APP005567,2023-09-13,Train,Car Purchase,43500,24,Online,QLD,Full-Time,66907.66,0.0189,601,Preferred,Approve - Preferred Pricing,0
APP001481,2023-03-02,Train,Wedding,29000,60,Broker,SA,Self-Employed,60133.11,0.0201,599,Preferred,Approve - Preferred Pricing,1
APP000625,2023-10-25,Train,Home Renovation,28000,60,Broker,WA,Unemployed,21756.89,0.1542,536,Decline,Decline,0
APP003452,2023-10-27,Train,Home Renovation,12500,60,Broker,NSW,Full-Time,96868.83,0.0297,588,Standard,Approve - Standard Terms,0
APP003493,2023-03-08,Train,Medical,33500,60,Branch,NSW,Full-Time,61442.68,0.0258,592,Standard,Approve - Standard Terms,0
APP007982,2023-05-19,Train,Other,13500,12,Branch,QLD,Full-Time,71380.45,0.0595,567,High Risk - Refer,Refer to Manual Underwriting,0
APP000101,2023-12-12,Train,Medical,2500,12,Branch,ACT,Self-Employed,62947.3,0.0754,559,Decline,Decline,0
APP008908,2023-01-29,Train,Wedding,41500,12,Online,NSW,Full-Time,110663.16,0.0258,592,Standard,Approve - Standard Terms,0
APP005191,2023-12-06,Train,Travel,3500,24,Branch,NSW,Part-Time,29440.93,0.082,557,Decline,Decline,0
APP006926,2023-07-08,Train,Medical,40000,36,Online,VIC,Part-Time,43279.69,0.0297,588,Standard,Approve - Standard Terms,0
APP006222,2023-08-26,Train,Other,8000,60,Online,QLD,Part-Time,47209.28,0.0364,582,High Risk - Refer,Refer to Manual Underwriting,0
APP006387,2023-04-17,Train,Car Purchase,9500,36,Branch,NSW,Full-Time,90361.95,0.0303,587,Standard,Approve - Standard Terms,0
APP004741,2023-08-30,Train,Other,42500,36,Online,NSW,Unemployed,18792.61,0.136,540,Decline,Decline,0
APP006932,2023-08-18,Train,Car Purchase,42500,36,Online,NSW,Part-Time,57768.11,0.0254,592,Standard,Approve - Standard Terms,0
APP003645,2023-05-22,Train,Debt Consolidation,37500,36,Branch,NSW,Full-Time,50047.82,0.0189,601,Preferred,Approve - Preferred Pricing,0
APP003999,2024-02-20,Train,Debt Consolidation,46500,36,Online,NSW,Full-Time,90484.37,0.0236,595,Standard,Approve - Standard Terms,0
APP008517,2023-09-17,Train,Car Purchase,35000,36,Broker,NSW,Part-Time,41721.71,0.037,581,High Risk - Refer,Refer to Manual Underwriting,0
APP008548,2023-03-26,Train,Home Renovation,31000,60,Online,TAS,Full-Time,82023.93,0.0236,595,Standard,Approve - Standard Terms,0
APP004672,2024-01-09,Train,Debt Consolidation,9000,60,Online,SA,Full-Time,45844.34,0.0344,583,High Risk - Refer,Refer to Manual Underwriting,0
APP006287,2023-09-26,Train,Debt Consolidation,40000,36,Online,NSW,Full-Time,102572.59,0.0189,601,Preferred,Approve - Preferred Pricing,0
APP005824,2024-02-28,Train,Home Renovation,12500,24,Online,NSW,Casual,44663.17,0.1036,549,Decline,Decline,0
APP004197,2023-07-10,Train,Travel,17000,48,Online,WA,Full-Time,52695.06,0.054,570,High Risk - Refer,Refer to Manual Underwriting,0
APP001508,2023-06-28,Train,Home Renovation,26500,12,Online,QLD,Full-Time,41228.77,0.0344,583,High Risk - Refer,Refer to Manual Underwriting,0
APP004851,2024-01-17,Train,Home Renovation,41500,36,Branch,NSW,Casual,56099.7,0.0258,592,Standard,Approve - Standard Terms,0
APP005147,2023-02-15,Train,Car Purchase,39000,48,Online,QLD,Unemployed,18845.59,0.136,540,Decline,Decline,0
APP003965,2023-06-25,Train,Wedding,17500,36,Branch,VIC,Self-Employed,103013.71,0.0167,605,Premium,Approve - Premium Pricing,0
APP003237,2023-09-25,Train,Other,21500,48,Online,WA,Full-Time,92218.42,0.0303,587,Standard,Approve - Standard Terms,0
APP002927,2023-07-31,Train,Home Renovation,18000,36,Online,QLD,Full-Time,42679.77,0.0243,594,Standard,Approve - Standard Terms,0
APP008512,2024-01-31,Train,Travel,12500,24,Branch,QLD,Full-Time,82379.25,0.0474,574,High Risk - Refer,Refer to Manual Underwriting,1
APP005333,2023-05-17,Train,Debt Consolidation,31500,24,Broker,VIC,Part-Time,33923.29,0.082,557,Decline,Decline,0
APP002696,2023-11-11,Train,Travel,6000,60,Broker,NSW,Self-Employed,70380.38,0.05,572,High Risk - Refer,Refer to Manual Underwriting,1
APP000399,2023-11-02,Train,Debt Consolidation,13000,24,Online,QLD,Full-Time,70912.88,0.0243,594,Standard,Approve - Standard Terms,0
APP003079,2023-04-26,Train,Travel,31500,36,Branch,QLD,Full-Time,71129.85,0.0189,601,Preferred,Approve - Preferred Pricing,0
APP006857,2023-07-31,Train,Car Purchase,43000,24,Broker,NSW,Casual,25146.45,0.0276,590,Standard,Approve - Standard Terms,0
APP006473,2023-12-16,Train,Travel,28000,24,Branch,QLD,Full-Time,75267.72,0.1785,531,Decline,Decline,0
APP008791,2023-09-08,Train,Car Purchase,4500,24,Branch,VIC,Full-Time,137110.34,0.0258,592,Standard,Approve - Standard Terms,0
APP003473,2023-12-10,Train,Home Renovation,22500,48,Online,NSW,Self-Employed,59932.33,0.0229,595,Standard,Approve - Standard Terms,0
APP002717,2023-10-10,Train,Home Renovation,32500,36,Branch,VIC,Full-Time,94713.16,0.0177,603,Preferred,Approve - Preferred Pricing,0
APP000580,2024-03-09,Train,Debt Consolidation,29000,12,Broker,QLD,Part-Time,45594.83,0.019,601,Preferred,Approve - Preferred Pricing,1
APP002168,2023-08-01,Train,Home Renovation,24500,36,Broker,QLD,Full-Time,76318.09,0.0394,579,High Risk - Refer,Refer to Manual Underwriting,0
APP001043,2023-04-10,Train,Debt Consolidation,40500,24,Branch,VIC,Full-Time,60794.57,0.0297,588,Standard,Approve - Standard Terms,0
APP003076,2024-02-18,Train,Travel,44000,24,Branch,QLD,Self-Employed,45032.81,0.035,583,High Risk - Refer,Refer to Manual Underwriting,0
APP006918,2023-03-11,Train,Car Purchase,16000,36,Branch,VIC,Full-Time,56966.72,0.0227,596,Standard,Approve - Standard Terms,0
APP007820,2023-08-20,Train,Wedding,2500,60,Broker,SA,Full-Time,108015.51,0.0236,595,Standard,Approve - Standard Terms,0
APP005195,2024-03-02,Train,Travel,11000,48,Online,VIC,Casual,63619.87,0.0394,579,High Risk - Refer,Refer to Manual Underwriting,0
APP000799,2023-08-06,Train,Car Purchase,11000,24,Online,NSW,Part-Time,66003.29,0.0254,592,Standard,Approve - Standard Terms,0
APP006364,2023-04-04,Train,Home Renovation,48000,48,Online,NSW,Full-Time,67357.8,0.0738,560,Decline,Decline,0
APP005680,2023-07-14,Train,Other,2000,24,Online,QLD,Full-Time,48004.89,0.0623,565,Decline,Decline,0
APP000572,2023-05-03,Train,Car Purchase,19500,48,Online,QLD,Self-Employed,61575.2,0.0385,580,High Risk - Refer,Refer to Manual Underwriting,0
APP006313,2023-01-26,Train,Travel,16000,24,Broker,QLD,Full-Time,125056.02,0.0227,596,Standard,Approve - Standard Terms,0
APP007049,2023-11-21,Train,Wedding,23000,24,Broker,NSW,Full-Time,70207.73,0.0474,574,High Risk - Refer,Refer to Manual Underwriting,0
APP006747,2023-10-03,Train,Home Renovation,4500,48,Online,VIC,Full-Time,86000.97,0.0344,583,High Risk - Refer,Refer to Manual Underwriting,0
APP008677,2023-09-09,Train,Debt Consolidation,23500,36,Online,QLD,Self-Employed,54725.44,0.0263,591,Standard,Approve - Standard Terms,0
APP006482,2023-06-02,Train,Home Renovation,14000,48,Online,SA,Full-Time,90197.95,0.0344,583,High Risk - Refer,Refer to Manual Underwriting,0
APP001639,2023-05-14,Train,Wedding,28000,48,Branch,NSW,Full-Time,85432.93,0.0344,583,High Risk - Refer,Refer to Manual Underwriting,0
APP005735,2023-12-04,Train,Travel,12000,24,Branch,SA,Full-Time,113224.52,0.0344,583,High Risk - Refer,Refer to Manual Underwriting,0
APP008289,2023-01-23,Train,Travel,10000,24,Online,WA,Full-Time,26107.95,0.0227,596,Standard,Approve - Standard Terms,0
APP004921,2024-02-01,Train,Home Renovation,6500,48,Branch,ACT,Part-Time,49023.95,0.0261,592,Standard,Approve - Standard Terms,0
APP004809,2023-05-26,Train,Other,18000,12,Branch,NSW,Full-Time,77833.96,0.0297,588,Standard,Approve - Standard Terms,0
APP001318,2023-01-06,Train,Wedding,16000,36,Online,WA,Unemployed,15150.61,0.3001,512,Decline,Decline,0
APP003261,2023-05-27,Train,Home Renovation,7500,36,Broker,NSW,Full-Time,45508.1,0.0177,603,Preferred,Approve - Preferred Pricing,0
APP007715,2023-02-07,Train,Car Purchase,45500,24,Online,VIC,Full-Time,104263.92,0.0394,579,High Risk - Refer,Refer to Manual Underwriting,0
APP008381,2023-01-30,Train,Car Purchase,21000,60,Online,QLD,Casual,40985.21,0.0258,592,Standard,Approve - Standard Terms,0
APP002254,2023-05-10,Train,Home Renovation,28500,48,Broker,QLD,Full-Time,42582.2,0.0236,595,Standard,Approve - Standard Terms,0
APP005044,2023-08-06,Train,Home Renovation,31500,60,Branch,VIC,Self-Employed,56414.48,0.1023,550,Decline,Decline,0
APP004789,2023-12-23,Train,Travel,33000,24,Broker,NSW,Casual,49698.43,0.0303,587,Standard,Approve - Standard Terms,0
APP006149,2024-03-30,Train,Car Purchase,42000,36,Broker,VIC,Self-Employed,35994.82,0.0209,598,Preferred,Approve - Preferred Pricing,0
APP004088,2023-11-19,Train,Debt Consolidation,37000,24,Branch,NSW,Part-Time,52329.3,0.019,601,Preferred,Approve - Preferred Pricing,0
APP008891,2023-05-13,Train,Debt Consolidation,23000,36,Branch,NSW,Part-Time,52373.33,0.1437,539,Decline,Decline,0
APP001200,2023-02-26,Train,Home Renovation,7500,48,Online,QLD,Full-Time,79489.22,0.0258,592,Standard,Approve - Standard Terms,0
APP003260,2023-04-26,Train,Wedding,14000,60,Online,WA,Full-Time,110612.94,0.0189,601,Preferred,Approve - Preferred Pricing,0
APP001069,2023-08-11,Train,Car Purchase,42000,36,Online,ACT,Full-Time,92022.96,0.0236,595,Standard,Approve - Standard Terms,0
APP004985,2024-03-17,Train,Travel,43000,48,Branch,NSW,Full-Time,61276.86,0.0189,601,Preferred,Approve - Preferred Pricing,0
APP008579,2023-04-07,Train,Debt Consolidation,45000,36,Online,WA,Full-Time,91335.11,0.0177,603,Preferred,Approve - Preferred Pricing,0
APP006344,2023-03-12,Train,Home Renovation,26000,12,Online,VIC,Part-Time,37789.88,0.019,601,Preferred,Approve - Preferred Pricing,0
APP006722,2023-03-09,Train,Car Purchase,30500,12,Branch,SA,Casual,39038.82,0.0296,588,Standard,Approve - Standard Terms,0
APP001868,2023-01-06,Train,Home Renovation,35500,36,Broker,SA,Full-Time,22690.23,0.0581,568,High Risk - Refer,Refer to Manual Underwriting,0
APP005318,2023-06-20,Train,Travel,20500,24,Online,WA,Full-Time,95582.2,0.0297,588,Standard,Approve - Standard Terms,0
APP002113,2023-08-22,Train,Car Purchase,27500,12,Online,WA,Full-Time,88335.43,0.0189,601,Preferred,Approve - Preferred Pricing,0
APP007935,2023-07-14,Train,Travel,12500,24,Online,TAS,Self-Employed,62833.83,0.035,583,High Risk - Refer,Refer to Manual Underwriting,0
APP005814,2023-08-17,Train,Car Purchase,35000,48,Online,NSW,Full-Time,70277.07,0.0227,596,Standard,Approve - Standard Terms,0
APP000927,2023-01-29,Train,Car Purchase,31000,60,Online,WA,Self-Employed,56394.91,0.0167,605,Premium,Approve - Premium Pricing,0
APP001209,2024-03-23,Train,Car Purchase,40500,12,Online,NSW,Full-Time,124366.6,0.0189,601,Preferred,Approve - Preferred Pricing,0
APP001130,2024-02-12,Train,Debt Consolidation,36500,24,Branch,QLD,Self-Employed,71631.41,0.0305,587,Standard,Approve - Standard Terms,0
APP003199,2024-02-20,Train,Debt Consolidation,12500,24,Broker,WA,Full-Time,42479.99,0.0189,601,Preferred,Approve - Preferred Pricing,0
APP004325,2024-03-01,Train,Car Purchase,23500,48,Broker,NSW,Full-Time,76506.97,0.054,570,High Risk - Refer,Refer to Manual Underwriting,0
APP007713,2024-02-24,Train,Wedding,36500,24,Broker,VIC,Part-Time,52395.12,0.0203,599,Preferred,Approve - Preferred Pricing,0
APP007842,2023-03-23,Train,Wedding,12000,24,Branch,VIC,Self-Employed,74664.47,0.0245,593,Standard,Approve - Standard Terms,0
APP003299,2023-08-13,Train,Other,46000,12,Online,NSW,Full-Time,118190.2,0.0189,601,Preferred,Approve - Preferred Pricing,1
APP002368,2023-10-18,Train,Car Purchase,4500,48,Online,NSW,Self-Employed,59932.33,0.0156,607,Premium,Approve - Premium Pricing,0
APP005648,2023-10-10,Train,Debt Consolidation,29500,36,Online,VIC,Full-Time,103676.82,0.0177,603,Preferred,Approve - Preferred Pricing,0
APP001008,2024-03-05,Train,Home Renovation,39500,60,Broker,QLD,Full-Time,87902.83,0.0258,592,Standard,Approve - Standard Terms,0
APP004716,2023-03-18,Train,Car Purchase,7000,36,Online,VIC,Full-Time,62736.96,0.0297,588,Standard,Approve - Standard Terms,0
APP007334,2023-04-27,Train,Debt Consolidation,35000,60,Online,VIC,Casual,28663.31,0.0767,559,Decline,Decline,0
APP004440,2023-08-02,Train,Travel,32500,36,Broker,NSW,Full-Time,62079.98,0.0481,573,High Risk - Refer,Refer to Manual Underwriting,0
APP005682,2024-02-25,Train,Home Renovation,44500,12,Branch,SA,Full-Time,76170.82,0.0177,603,Preferred,Approve - Preferred Pricing,0
APP002739,2024-02-07,Train,Home Renovation,4000,12,Online,NSW,Full-Time,86810.52,0.0177,603,Preferred,Approve - Preferred Pricing,0
APP003477,2023-04-07,Train,Home Renovation,34500,60,Online,NSW,Full-Time,79100.6,0.0408,578,High Risk - Refer,Refer to Manual Underwriting,0
APP001081,2024-01-11,Train,Debt Consolidation,10000,60,Online,QLD,Full-Time,80052.26,0.0189,601,Preferred,Approve - Preferred Pricing,0
APP006199,2023-06-21,Train,Debt Consolidation,35000,48,Branch,NSW,Self-Employed,44893.66,0.0263,591,Standard,Approve - Standard Terms,0
APP003968,2023-03-13,Train,Debt Consolidation,27500,60,Broker,NSW,Self-Employed,79957.78,0.0209,598,Preferred,Approve - Preferred Pricing,0
APP005670,2023-11-28,Train,Home Renovation,4500,24,Online,VIC,Full-Time,77898.25,0.0189,601,Preferred,Approve - Preferred Pricing,0
APP007868,2024-02-06,Train,Wedding,16000,36,Branch,VIC,Part-Time,34914.89,0.0528,570,High Risk - Refer,Refer to Manual Underwriting,0
APP002047,2023-06-03,Train,Other,35000,36,Branch,QLD,Full-Time,85739.65,0.0189,601,Preferred,Approve - Preferred Pricing,0
APP002332,2024-02-27,Train,Debt Consolidation,7000,60,Online,WA,Full-Time,100059.08,0.0189,601,Preferred,Approve - Preferred Pricing,0
APP005372,2024-03-09,Train,Debt Consolidation,3500,36,Online,VIC,Casual,44101.45,0.0177,603,Premium,Approve - Premium Pricing,0
APP005693,2023-01-03,Train,Car Purchase,40500,36,Broker,SA,Part-Time,33926.82,0.0603,566,Decline,Decline,0
APP007394,2023-08-01,Train,Car Purchase,31500,60,Broker,NSW,Full-Time,86306.49,0.0317,586,Standard,Approve - Standard Terms,0
APP005194,2024-01-28,Train,Car Purchase,28500,24,Online,VIC,Casual,25481.14,0.1142,546,Decline,Decline,0
APP007058,2023-06-23,Train,Debt Consolidation,2000,36,Branch,QLD,Self-Employed,82599.43,0.0167,605,Premium,Approve - Premium Pricing,0
APP002206,2024-03-18,Train,Debt Consolidation,34500,24,Online,NSW,Full-Time,108747.82,0.0474,574,High Risk - Refer,Refer to Manual Underwriting,0
APP008390,2023-12-01,Train,Car Purchase,49000,36,Online,NSW,Part-Time,38788.26,0.0582,567,High Risk - Refer,Refer to Manual Underwriting,0
APP002838,2023-03-19,Train,Travel,14500,24,Online,NSW,Full-Time,109403.44,0.0276,590,Standard,Approve - Standard Terms,0
APP007194,2023-05-19,Train,Wedding,14000,36,Branch,QLD,Full-Time,98645.5,0.0344,583,High Risk - Refer,Refer to Manual Underwriting,0
APP007022,2023-01-28,Train,Wedding,2500,36,Online,WA,Full-Time,49615.1,0.0394,579,High Risk - Refer,Refer to Manual Underwriting,0
APP001405,2023-08-24,Train,Debt Consolidation,14000,60,Online,VIC,Full-Time,125008.48,0.0276,590,Standard,Approve - Standard Terms,0
APP002428,2023-06-01,Train,Car Purchase,10500,48,Branch,WA,Self-Employed,49626.95,0.0421,577,High Risk - Refer,Refer to Manual Underwriting,0
APP001157,2023-02-27,Train,Other,15500,48,Branch,NSW,Full-Time,70938.53,0.0738,560,Decline,Decline,0
APP003749,2023-04-27,Train,Home Renovation,35000,12,Broker,NSW,Part-Time,57768.11,0.0203,599,Preferred,Approve - Preferred Pricing,0
APP000842,2023-06-19,Train,Debt Consolidation,9000,24,Online,NSW,Self-Employed,85371.58,0.0167,605,Premium,Approve - Premium Pricing,0
APP002009,2023-07-23,Train,Debt Consolidation,5500,36,Broker,NSW,Full-Time,45307.43,0.0177,603,Preferred,Approve - Preferred Pricing,0
APP000034,2023-08-30,Train,Debt Consolidation,21000,36,Broker,VIC,Part-Time,40587.21,0.0203,599,Preferred,Approve - Preferred Pricing,0
APP006213,2023-03-08,Train,Home Renovation,26500,24,Branch,NSW,Full-Time,89764.38,0.0768,559,Decline,Decline,0
APP007503,2023-09-02,Train,Medical,36500,24,Broker,WA,Full-Time,122580.68,0.0177,603,Preferred,Approve - Preferred Pricing,0
APP000426,2024-03-27,Train,Travel,44000,36,Broker,NSW,Full-Time,104409.1,0.0189,601,Preferred,Approve - Preferred Pricing,0
APP008744,2023-01-17,Train,Wedding,32000,24,Online,VIC,Full-Time,69988.92,0.0189,601,Preferred,Approve - Preferred Pricing,0
APP006931,2023-01-18,Train,Car Purchase,23500,60,Branch,WA,Self-Employed,103756.48,0.1213,544,Decline,Decline,0
APP005276,2023-07-01,Train,Other,47500,48,Broker,QLD,Full-Time,63824.08,0.0258,592,Standard,Approve - Standard Terms,1
APP000359,2023-01-03,Train,Home Renovation,4500,24,Broker,NSW,Self-Employed,118014.94,0.0167,605,Premium,Approve - Premium Pricing,0
APP003043,2023-04-25,Train,Home Renovation,31500,48,Branch,VIC,Full-Time,88251.15,0.0595,567,High Risk - Refer,Refer to Manual Underwriting,0
APP007263,2023-09-18,Train,Medical,39000,24,Broker,QLD,Self-Employed,91548.87,0.0156,607,Premium,Approve - Premium Pricing,0
APP001573,2023-12-17,Train,Debt Consolidation,11000,36,Broker,WA,Full-Time,106836.49,0.0189,601,Preferred,Approve - Preferred Pricing,0
APP006781,2023-11-16,Train,Car Purchase,34500,36,Broker,VIC,Full-Time,101701.28,0.0258,592,Standard,Approve - Standard Terms,0
APP003374,2023-11-29,Train,Debt Consolidation,23500,12,Online,QLD,Full-Time,111466.04,0.0344,583,High Risk - Refer,Refer to Manual Underwriting,0
APP007187,2023-11-07,Train,Car Purchase,33000,48,Broker,WA,Full-Time,122745.49,0.0236,595,Standard,Approve - Standard Terms,0
APP006385,2023-04-01,Train,Home Renovation,17000,36,Online,WA,Full-Time,80302.6,0.0177,603,Preferred,Approve - Preferred Pricing,1
APP001834,2023-10-03,Train,Debt Consolidation,39500,24,Broker,VIC,Full-Time,69015.33,0.0418,578,High Risk - Refer,Refer to Manual Underwriting,0
APP008968,2023-03-02,Train,Home Renovation,30000,12,Broker,QLD,Full-Time,61108.04,0.0303,587,Standard,Approve - Standard Terms,0
APP002115,2023-09-28,Train,Other,31500,48,Branch,TAS,Full-Time,59429.37,0.0189,601,Preferred,Approve - Preferred Pricing,0
APP005199,2023-06-18,Train,Medical,9500,24,Branch,NSW,Full-Time,58223.4,0.0177,603,Preferred,Approve - Preferred Pricing,0
APP004753,2024-03-26,Train,Other,44000,60,Online,QLD,Casual,30340.38,0.0189,601,Preferred,Approve - Preferred Pricing,0
APP007228,2023-11-01,Train,Travel,15000,24,Broker,NSW,Part-Time,20519.7,0.0297,588,Standard,Approve - Standard Terms,0
APP001611,2024-01-14,Train,Debt Consolidation,36000,36,Online,NSW,Full-Time,92145.66,0.0189,601,Preferred,Approve - Preferred Pricing,0
APP007195,2023-04-14,Train,Car Purchase,39500,36,Online,NSW,Self-Employed,74576.36,0.0229,595,Standard,Approve - Standard Terms,0
APP005002,2023-07-11,Train,Medical,26000,24,Branch,VIC,Self-Employed,47751.76,0.0201,599,Preferred,Approve - Preferred Pricing,0
APP005047,2023-12-25,Train,Debt Consolidation,10500,48,Broker,ACT,Full-Time,74650.84,0.0303,587,Standard,Approve - Standard Terms,0
APP003138,2023-04-12,Train,Debt Consolidation,40500,12,Broker,WA,Self-Employed,89600.99,0.0156,607,Premium,Approve - Premium Pricing,0
APP000813,2023-03-25,Train,Travel,16000,48,Branch,QLD,Part-Time,57785.82,0.0203,599,Preferred,Approve - Preferred Pricing,0
APP001142,2023-05-26,Train,Other,41000,12,Branch,NSW,Part-Time,36414.75,0.0278,590,Standard,Approve - Standard Terms,0
APP007768,2023-02-16,Train,Car Purchase,41000,24,Branch,SA,Full-Time,41879.79,0.0258,592,Standard,Approve - Standard Terms,0
APP000354,2023-12-14,Train,Debt Consolidation,33000,24,Online,VIC,Full-Time,54645.38,0.0344,583,High Risk - Refer,Refer to Manual Underwriting,0
APP002167,2023-08-09,Train,Car Purchase,26500,36,Online,NSW,Full-Time,90488.47,0.0258,592,Standard,Approve - Standard Terms,0
APP002756,2023-12-10,Train,Debt Consolidation,23500,24,Online,VIC,Full-Time,69793.63,0.0303,587,Standard,Approve - Standard Terms,0
APP000814,2023-08-06,Train,Car Purchase,34500,12,Online,WA,Full-Time,43984.97,0.0326,585,Standard,Approve - Standard Terms,0
APP006674,2023-02-03,Train,Debt Consolidation,48500,36,Broker,QLD,Unemployed,21007.38,0.0569,568,High Risk - Refer,Refer to Manual Underwriting,0
APP002139,2023-11-17,Train,Car Purchase,27500,48,Online,NSW,Full-Time,79279.86,0.0595,567,High Risk - Refer,Refer to Manual Underwriting,0
APP003515,2023-04-23,Train,Debt Consolidation,37500,48,Branch,QLD,Full-Time,104414.69,0.0189,601,Preferred,Approve - Preferred Pricing,0
APP000363,2024-03-15,Train,Debt Consolidation,42500,24,Broker,VIC,Self-Employed,59586.76,0.0167,605,Premium,Approve - Premium Pricing,0
APP006904,2023-04-19,Train,Home Renovation,13500,60,Broker,NSW,Full-Time,102071.17,0.0227,596,Standard,Approve - Standard Terms,0
APP004305,2023-06-07,Train,Car Purchase,13000,36,Branch,VIC,Full-Time,46728.43,0.0344,583,High Risk - Refer,Refer to Manual Underwriting,1
APP007945,2023-06-16,Train,Travel,29500,48,Online,SA,Full-Time,112856.17,0.0189,601,Preferred,Approve - Preferred Pricing,0
APP002865,2023-10-23,Train,Other,43000,36,Online,NSW,Casual,34578.53,0.0394,579,High Risk - Refer,Refer to Manual Underwriting,0
APP000189,2024-03-12,Train,Debt Consolidation,15000,24,Branch,SA,Self-Employed,54604.87,0.035,583,High Risk - Refer,Refer to Manual Underwriting,0
APP002655,2023-02-21,Train,Debt Consolidation,43000,12,Branch,NSW,Casual,59450.48,0.0542,570,High Risk - Refer,Refer to Manual Underwriting,0
APP006685,2023-02-06,Train,Home Renovation,17000,36,Broker,QLD,Part-Time,31897.46,0.0254,592,Standard,Approve - Standard Terms,0
APP001585,2023-03-27,Train,Debt Consolidation,39000,36,Online,QLD,Full-Time,93807.14,0.0258,592,Standard,Approve - Standard Terms,0
APP002318,2023-11-15,Train,Debt Consolidation,2500,36,Branch,VIC,Part-Time,38682.76,0.0278,590,Standard,Approve - Standard Terms,0
APP000630,2024-03-15,Train,Wedding,36500,48,Branch,WA,Casual,37660.24,0.0326,585,Standard,Approve - Standard Terms,0
APP007398,2023-04-04,Train,Medical,45000,48,Broker,WA,Full-Time,47924.33,0.1036,549,Decline,Decline,0
APP008556,2024-03-13,Train,Car Purchase,37500,24,Online,NSW,Casual,24709.14,0.0189,601,Preferred,Approve - Preferred Pricing,0
APP007074,2023-02-20,Train,Home Renovation,43000,36,Online,QLD,Unemployed,24552.25,0.2029,527,Decline,Decline,0
APP008306,2023-08-27,Train,Car Purchase,21000,36,Broker,WA,Part-Time,43321.3,0.0203,599,Preferred,Approve - Preferred Pricing,0
APP006454,2023-07-16,Train,Car Purchase,40500,48,Online,VIC,Full-Time,153888.38,0.0236,595,Standard,Approve - Standard Terms,0
APP004497,2023-08-07,Train,Travel,2000,48,Branch,QLD,Unemployed,16033.84,0.1858,530,Decline,Decline,1
APP008633,2023-04-21,Train,Home Renovation,35500,60,Branch,QLD,Full-Time,77547.95,0.0236,595,Standard,Approve - Standard Terms,0
APP000686,2023-12-24,Train,Wedding,20500,24,Branch,NSW,Full-Time,66538.51,0.0344,583,High Risk - Refer,Refer to Manual Underwriting,0
APP006502,2023-12-27,Train,Wedding,8000,48,Online,NSW,Casual,52927.66,0.0177,603,Premium,Approve - Premium Pricing,0
APP001335,2024-03-06,Train,Debt Consolidation,29500,12,Online,QLD,Full-Time,68210.14,0.0303,587,Standard,Approve - Standard Terms,0
APP001129,2023-02-27,Train,Wedding,43500,36,Broker,QLD,Full-Time,105679.74,0.0258,592,Standard,Approve - Standard Terms,0
APP005978,2023-12-25,Train,Wedding,33000,36,Online,VIC,Full-Time,115198.08,0.0189,601,Preferred,Approve - Preferred Pricing,0
APP001087,2023-11-26,Train,Debt Consolidation,11500,36,Branch,VIC,Self-Employed,62782.89,0.0245,593,Standard,Approve - Standard Terms,0
APP003682,2023-09-03,Train,Car Purchase,5000,48,Online,NSW,Casual,52530.09,0.0562,569,High Risk - Refer,Refer to Manual Underwriting,0
APP007135,2024-03-11,Train,Car Purchase,29000,24,Branch,WA,Full-Time,125481.13,0.0276,590,Standard,Approve - Standard Terms,1
APP002464,2023-12-31,Train,Wedding,5500,24,Online,TAS,Full-Time,52902.76,0.0303,587,Standard,Approve - Standard Terms,0
APP008899,2023-12-07,Train,Debt Consolidation,36500,36,Online,VIC,Full-Time,68422.34,0.0376,581,High Risk - Refer,Refer to Manual Underwriting,0
APP001773,2023-09-29,Train,Debt Consolidation,34500,36,Broker,NSW,Casual,31747.79,0.0303,587,Standard,Approve - Standard Terms,0
APP007637,2023-11-15,Train,Car Purchase,20500,12,Broker,VIC,Full-Time,86283.06,0.0258,592,Standard,Approve - Standard Terms,0
APP003341,2023-01-23,Train,Other,14500,24,Broker,VIC,Full-Time,102211.94,0.0236,595,Standard,Approve - Standard Terms,0
APP003541,2024-03-25,Train,Wedding,24000,60,Broker,NSW,Full-Time,96020.49,0.0189,601,Preferred,Approve - Preferred Pricing,0
APP001135,2023-01-23,Train,Car Purchase,33000,36,Broker,NSW,Self-Employed,53015.51,0.0167,605,Premium,Approve - Premium Pricing,0
APP000519,2023-12-17,Train,Medical,31000,48,Online,VIC,Full-Time,92332.13,0.0189,601,Preferred,Approve - Preferred Pricing,0
APP005074,2023-06-07,Train,Car Purchase,36500,36,Broker,VIC,Full-Time,96193.7,0.0236,595,Standard,Approve - Standard Terms,1
APP007070,2023-09-07,Train,Debt Consolidation,37000,24,Online,VIC,Part-Time,50322.66,0.0203,599,Preferred,Approve - Preferred Pricing,0
APP002788,2023-05-09,Train,Car Purchase,21000,24,Online,SA,Full-Time,56004.75,0.0303,587,Standard,Approve - Standard Terms,0
APP007941,2023-10-19,Train,Car Purchase,16000,24,Online,VIC,Self-Employed,74205.54,0.0167,605,Premium,Approve - Premium Pricing,0
APP002271,2023-03-12,Train,Medical,7500,48,Online,SA,Full-Time,41621.87,0.0177,603,Preferred,Approve - Preferred Pricing,0
APP006533,2023-11-22,Train,Debt Consolidation,13500,48,Online,WA,Self-Employed,55145.09,0.0263,591,Standard,Approve - Standard Terms,0
APP003937,2023-02-06,Train,Other,25000,12,Broker,NSW,Part-Time,46849.04,0.037,581,High Risk - Refer,Refer to Manual Underwriting,0
APP004996,2024-03-02,Train,Debt Consolidation,13500,24,Online,NSW,Full-Time,120393.81,0.0189,601,Preferred,Approve - Preferred Pricing,0
APP001366,2023-01-07,Train,Debt Consolidation,46000,36,Branch,NSW,Full-Time,51793.28,0.0189,601,Preferred,Approve - Preferred Pricing,0
APP008144,2023-12-03,Train,Travel,36000,48,Online,VIC,Full-Time,71992.77,0.0227,596,Standard,Approve - Standard Terms,0
APP000083,2023-07-24,Train,Home Renovation,46000,36,Broker,NSW,Full-Time,88466.04,0.0177,603,Preferred,Approve - Preferred Pricing,0
APP005633,2023-12-11,Train,Debt Consolidation,23500,12,Broker,QLD,Full-Time,48004.89,0.0474,574,High Risk - Refer,Refer to Manual Underwriting,0
APP000905,2023-07-21,Train,Travel,30500,60,Online,ACT,Casual,35879.51,0.0177,603,Premium,Approve - Premium Pricing,0
APP005284,2023-01-22,Train,Wedding,32500,48,Broker,NSW,Full-Time,27602.7,0.0303,587,Standard,Approve - Standard Terms,0
APP008807,2023-08-12,Train,Travel,26500,24,Broker,TAS,Full-Time,107770.02,0.0189,601,Preferred,Approve - Preferred Pricing,0
APP003926,2024-01-06,Train,Wedding,8000,36,Online,QLD,Part-Time,38261.28,0.0278,590,Standard,Approve - Standard Terms,0
APP008215,2023-04-28,Train,Wedding,9000,48,Branch,NSW,Part-Time,36910.85,0.0297,588,Standard,Approve - Standard Terms,0
APP005048,2023-02-05,Train,Debt Consolidation,32000,24,Branch,VIC,Full-Time,50535.43,0.0362,582,High Risk - Refer,Refer to Manual Underwriting,0
APP007786,2023-02-01,Train,Car Purchase,15500,36,Online,TAS,Full-Time,60493.78,0.0297,588,Standard,Approve - Standard Terms,0
APP008718,2023-12-18,Train,Car Purchase,23000,36,Online,QLD,Full-Time,86998.86,0.0258,592,Standard,Approve - Standard Terms,0
APP002002,2024-02-10,Train,Debt Consolidation,10000,60,Branch,WA,Self-Employed,56394.91,0.0281,589,Standard,Approve - Standard Terms,0
APP002532,2023-11-06,Train,Home Renovation,15500,36,Branch,NSW,Full-Time,121698.61,0.0303,587,Standard,Approve - Standard Terms,0
APP002845,2023-07-22,Train,Car Purchase,47500,24,Branch,VIC,Full-Time,48710.27,0.0297,588,Standard,Approve - Standard Terms,0
APP006394,2023-10-10,Train,Car Purchase,37500,24,Online,QLD,Unemployed,15209.94,0.3001,512,Decline,Decline,1
APP006973,2023-05-13,Train,Debt Consolidation,24500,60,Broker,NSW,Full-Time,70163.81,0.0236,595,Standard,Approve - Standard Terms,0
APP004393,2024-01-11,Train,Debt Consolidation,36500,60,Broker,VIC,Full-Time,78695.89,0.0189,601,Preferred,Approve - Preferred Pricing,0
APP008411,2023-03-13,Train,Other,14000,60,Branch,QLD,Part-Time,40894.77,0.0326,585,Standard,Approve - Standard Terms,0
APP006986,2023-12-17,Train,Debt Consolidation,17000,36,Branch,VIC,Self-Employed,22574.06,0.0305,587,Standard,Approve - Standard Terms,0
APP000534,2024-03-22,Train,Travel,10000,36,Online,NSW,Full-Time,39536.47,0.1036,549,Decline,Decline,0
APP001732,2023-01-04,Train,Car Purchase,11000,24,Branch,NSW,Full-Time,122735.13,0.0189,601,Preferred,Approve - Preferred Pricing,0
APP007824,2024-01-17,Train,Debt Consolidation,27500,36,Online,WA,Full-Time,75810.66,0.0177,603,Preferred,Approve - Preferred Pricing,0
APP002550,2023-09-18,Train,Car Purchase,28000,24,Online,NSW,Full-Time,62294.63,0.0177,603,Preferred,Approve - Preferred Pricing,0
APP002747,2023-02-08,Train,Car Purchase,8500,60,Online,WA,Self-Employed,71787.66,0.0156,607,Premium,Approve - Premium Pricing,0
APP007645,2023-09-10,Train,Debt Consolidation,7000,12,Broker,VIC,Full-Time,81347.34,0.0189,601,Preferred,Approve - Preferred Pricing,0
APP001013,2023-07-27,Train,Home Renovation,42000,36,Branch,QLD,Full-Time,90280.15,0.0474,574,High Risk - Refer,Refer to Manual Underwriting,0
APP000571,2023-09-13,Train,Debt Consolidation,8000,36,Online,NSW,Full-Time,84547.83,0.0236,595,Standard,Approve - Standard Terms,0
APP003666,2024-03-06,Train,Car Purchase,21500,24,Broker,NSW,Self-Employed,67319.6,0.0927,553,Decline,Decline,0
APP002901,2023-08-22,Train,Travel,38000,48,Online,NSW,Full-Time,37674.71,0.0303,587,Standard,Approve - Standard Terms,0
APP006458,2023-05-31,Train,Debt Consolidation,40000,60,Online,QLD,Unemployed,21007.38,0.0793,558,Decline,Decline,0
APP002196,2024-01-10,Train,Travel,37000,60,Branch,NSW,Casual,56348.77,0.0177,603,Premium,Approve - Premium Pricing,1
APP001208,2023-05-16,Train,Debt Consolidation,16000,24,Branch,NSW,Full-Time,67459.13,0.0344,583,High Risk - Refer,Refer to Manual Underwriting,0
APP003312,2024-03-19,Train,Debt Consolidation,4500,48,Online,NSW,Part-Time,57817.41,0.0639,565,Decline,Decline,0
APP006027,2023-06-03,Train,Home Renovation,19000,60,Online,NSW,Self-Employed,64379.17,0.035,583,High Risk - Refer,Refer to Manual Underwriting,0
APP007477,2023-01-20,Train,Debt Consolidation,32500,24,Online,VIC,Full-Time,82146.36,0.0562,569,High Risk - Refer,Refer to Manual Underwriting,0
APP000987,2024-01-29,Train,Travel,6500,36,Broker,VIC,Full-Time,90867.37,0.0243,594,Standard,Approve - Standard Terms,0
APP002882,2023-09-25,Train,Travel,38000,36,Online,QLD,Full-Time,79937.04,0.0189,601,Preferred,Approve - Preferred Pricing,0
APP004081,2023-05-16,Train,Car Purchase,15500,48,Broker,VIC,Part-Time,63043.18,0.0203,599,Preferred,Approve - Preferred Pricing,0
APP001883,2024-02-13,Train,Debt Consolidation,18500,36,Branch,VIC,Part-Time,27932.92,0.0509,572,High Risk - Refer,Refer to Manual Underwriting,0
APP004410,2023-10-14,Train,Medical,4500,24,Broker,WA,Full-Time,78300.19,0.0189,601,Preferred,Approve - Preferred Pricing,0
APP008581,2023-01-06,Train,Car Purchase,41000,48,Broker,SA,Full-Time,108688.65,0.0189,601,Preferred,Approve - Preferred Pricing,0
APP002975,2023-05-06,Train,Debt Consolidation,19500,48,Branch,NSW,Part-Time,45649.84,0.0278,590,Standard,Approve - Standard Terms,0
APP007055,2023-11-16,Train,Debt Consolidation,31500,36,Branch,NSW,Part-Time,43017.97,0.0449,575,High Risk - Refer,Refer to Manual Underwriting,0
APP007307,2023-07-22,Train,Home Renovation,49000,36,Branch,NSW,Full-Time,65970.26,0.0227,596,Standard,Approve - Standard Terms,0
APP004366,2023-12-01,Train,Home Renovation,10500,24,Branch,VIC,Full-Time,92106.39,0.0276,590,Standard,Approve - Standard Terms,0
APP006380,2023-09-22,Train,Other,34000,24,Online,WA,Full-Time,66556.46,0.0344,583,High Risk - Refer,Refer to Manual Underwriting,0
APP000556,2023-08-08,Train,Debt Consolidation,11500,36,Online,VIC,Full-Time,63906.5,0.0344,583,High Risk - Refer,Refer to Manual Underwriting,0
APP006384,2023-01-06,Train,Debt Consolidation,18500,48,Online,WA,Self-Employed,55937.79,0.0305,587,Standard,Approve - Standard Terms,0
APP004282,2023-10-10,Train,Debt Consolidation,36000,36,Broker,QLD,Full-Time,61239.05,0.0474,574,High Risk - Refer,Refer to Manual Underwriting,0
APP007401,2023-08-12,Train,Debt Consolidation,28500,48,Online,SA,Full-Time,89704.29,0.0236,595,Standard,Approve - Standard Terms,0
APP005145,2024-02-27,Train,Debt Consolidation,41000,48,Branch,VIC,Full-Time,76178.98,0.0303,587,Standard,Approve - Standard Terms,0
APP007138,2023-01-24,Train,Car Purchase,22000,48,Online,WA,Self-Employed,82590.83,0.0305,587,Standard,Approve - Standard Terms,0
APP003447,2023-04-12,Train,Home Renovation,7500,48,Online,TAS,Part-Time,46167.88,0.019,601,Preferred,Approve - Preferred Pricing,0
APP002463,2024-03-24,Train,Debt Consolidation,46000,36,Online,QLD,Full-Time,15000.0,0.0258,592,Standard,Approve - Standard Terms,0
APP001503,2024-01-28,Train,Debt Consolidation,35000,48,Online,VIC,Part-Time,39035.55,0.0449,575,High Risk - Refer,Refer to Manual Underwriting,0
APP008789,2023-02-26,Train,Car Purchase,6000,60,Online,QLD,Full-Time,84381.38,0.0258,592,Standard,Approve - Standard Terms,0
APP003730,2023-09-23,Train,Other,11000,36,Online,TAS,Full-Time,80026.2,0.0189,601,Preferred,Approve - Preferred Pricing,0
APP008287,2023-08-08,Train,Other,5000,36,Branch,VIC,Self-Employed,98937.05,0.0305,587,Standard,Approve - Standard Terms,0
APP000303,2023-06-30,Train,Home Renovation,11500,12,Branch,VIC,Full-Time,49958.34,0.0276,590,Standard,Approve - Standard Terms,0
APP007139,2023-01-21,Train,Debt Consolidation,12000,36,Online,QLD,Full-Time,94752.46,0.0177,603,Preferred,Approve - Preferred Pricing,0
APP005692,2023-07-16,Train,Debt Consolidation,11000,48,Online,NSW,Self-Employed,56836.74,0.0156,607,Premium,Approve - Premium Pricing,0
APP003835,2023-12-31,Train,Other,21500,36,Online,VIC,Full-Time,105152.39,0.0189,601,Preferred,Approve - Preferred Pricing,0
APP002840,2023-10-14,Train,Debt Consolidation,11000,12,Broker,QLD,Full-Time,50802.38,0.0276,590,Standard,Approve - Standard Terms,0
APP002841,2023-03-09,Train,Debt Consolidation,13000,48,Broker,QLD,Full-Time,94593.81,0.0258,592,Standard,Approve - Standard Terms,0
APP005551,2024-01-01,Train,Wedding,24000,24,Branch,VIC,Part-Time,49774.16,0.0203,599,Preferred,Approve - Preferred Pricing,0
APP002786,2023-04-02,Train,Home Renovation,9500,12,Online,QLD,Full-Time,51539.18,0.0344,583,High Risk - Refer,Refer to Manual Underwriting,0
APP006404,2024-03-09,Train,Home Renovation,11500,24,Broker,TAS,Unemployed,19102.46,0.0581,568,High Risk - Refer,Refer to Manual Underwriting,0
APP006810,2023-05-21,Train,Other,26500,24,Online,NSW,Full-Time,93175.99,0.0317,586,Standard,Approve - Standard Terms,0
APP008274,2023-04-04,Train,Wedding,25500,48,Online,VIC,Full-Time,66925.6,0.0177,603,Preferred,Approve - Preferred Pricing,0
APP005140,2024-01-12,Train,Car Purchase,19500,36,Broker,NSW,Full-Time,66642.41,0.0474,574,High Risk - Refer,Refer to Manual Underwriting,0
APP000422,2023-11-01,Train,Car Purchase,17500,48,Broker,NSW,Self-Employed,93588.5,0.0167,605,Premium,Approve - Premium Pricing,0
APP003575,2023-06-16,Train,Car Purchase,33000,36,Broker,NSW,Part-Time,44863.84,0.0203,599,Preferred,Approve - Preferred Pricing,0
APP003394,2023-01-23,Train,Travel,33000,12,Online,NSW,Part-Time,15963.43,0.037,581,High Risk - Refer,Refer to Manual Underwriting,0
APP007588,2023-12-17,Train,Debt Consolidation,7500,12,Branch,NSW,Casual,36324.37,0.0765,559,Decline,Decline,0
APP008328,2023-06-21,Train,Car Purchase,13000,60,Online,NSW,Part-Time,37985.47,0.058,568,High Risk - Refer,Refer to Manual Underwriting,0
APP000670,2023-07-18,Train,Car Purchase,35500,24,Branch,NSW,Casual,37952.1,0.0562,569,High Risk - Refer,Refer to Manual Underwriting,0
APP004106,2023-10-05,Train,Home Renovation,19500,24,Branch,NT,Full-Time,106388.39,0.0276,590,Standard,Approve - Standard Terms,0
APP000379,2024-02-04,Train,Travel,43000,48,Broker,WA,Full-Time,98951.32,0.0189,601,Preferred,Approve - Preferred Pricing,0
APP008810,2023-12-08,Train,Home Renovation,36000,36,Online,QLD,Full-Time,87902.83,0.0189,601,Preferred,Approve - Preferred Pricing,0
APP005012,2023-01-11,Train,Medical,4000,60,Online,QLD,Full-Time,46580.36,0.0189,601,Preferred,Approve - Preferred Pricing,0
APP000126,2023-10-07,Train,Home Renovation,29000,24,Online,NSW,Full-Time,67671.86,0.0344,583,High Risk - Refer,Refer to Manual Underwriting,0
APP005730,2023-09-25,Train,Wedding,19000,24,Online,QLD,Full-Time,87025.13,0.0189,601,Preferred,Approve - Preferred Pricing,0
APP004582,2023-10-02,Train,Travel,50000,36,Online,SA,Full-Time,54437.9,0.0189,601,Preferred,Approve - Preferred Pricing,0
APP004026,2023-06-26,Train,Car Purchase,47500,60,Branch,VIC,Full-Time,67585.66,0.0189,601,Preferred,Approve - Preferred Pricing,0
APP007270,2023-07-25,Train,Car Purchase,46500,36,Broker,VIC,Full-Time,105245.73,0.0177,603,Preferred,Approve - Preferred Pricing,0
APP004838,2023-08-10,Train,Debt Consolidation,29500,48,Branch,TAS,Full-Time,48338.68,0.0258,592,Standard,Approve - Standard Terms,0
APP007555,2023-10-05,Train,Car Purchase,34500,60,Branch,WA,Full-Time,79875.74,0.0394,579,High Risk - Refer,Refer to Manual Underwriting,0
APP003601,2024-02-17,Train,Home Renovation,18000,36,Online,NSW,Full-Time,107913.25,0.0189,601,Preferred,Approve - Preferred Pricing,0
APP005581,2023-01-04,Train,Wedding,13500,24,Broker,ACT,Full-Time,69393.84,0.0227,596,Standard,Approve - Standard Terms,0
APP006655,2023-07-19,Train,Medical,26000,24,Branch,QLD,Full-Time,81115.82,0.0236,595,Standard,Approve - Standard Terms,0
APP008270,2023-03-12,Train,Home Renovation,7000,60,Broker,NSW,Self-Employed,53960.24,0.0156,607,Premium,Approve - Premium Pricing,0
APP005992,2023-01-14,Train,Wedding,2500,48,Online,NSW,Unemployed,24117.15,0.2029,527,Decline,Decline,0
APP006541,2024-02-18,Train,Car Purchase,35500,12,Broker,QLD,Full-Time,89954.19,0.0236,595,Standard,Approve - Standard Terms,0
APP005297,2023-04-25,Train,Debt Consolidation,10000,24,Broker,NSW,Casual,55557.49,0.0394,579,High Risk - Refer,Refer to Manual Underwriting,0
APP005226,2023-05-27,Train,Home Renovation,24000,60,Branch,QLD,Full-Time,47011.9,0.0236,595,Standard,Approve - Standard Terms,0
APP004368,2023-08-18,Train,Home Renovation,27500,12,Online,VIC,Casual,40756.54,0.054,570,High Risk - Refer,Refer to Manual Underwriting,0
APP005135,2023-04-23,Train,Debt Consolidation,50000,12,Broker,VIC,Full-Time,79441.66,0.0276,590,Standard,Approve - Standard Terms,0
APP008874,2023-03-31,Train,Other,9000,36,Branch,VIC,Full-Time,77612.3,0.0276,590,Standard,Approve - Standard Terms,0
APP002922,2024-02-09,Train,Other,20000,12,Branch,NSW,Part-Time,41248.36,0.019,601,Preferred,Approve - Preferred Pricing,0
APP005222,2023-05-30,Train,Debt Consolidation,36500,24,Branch,QLD,Full-Time,88700.36,0.0189,601,Preferred,Approve - Preferred Pricing,0
APP007617,2024-01-11,Train,Wedding,19000,24,Online,SA,Full-Time,69410.83,0.054,570,High Risk - Refer,Refer to Manual Underwriting,0
APP005322,2024-01-08,Train,Home Renovation,43500,12,Broker,NSW,Self-Employed,53489.51,0.0281,589,Standard,Approve - Standard Terms,0
APP001403,2023-05-17,Train,Debt Consolidation,43500,48,Online,NSW,Full-Time,99774.48,0.0474,574,High Risk - Refer,Refer to Manual Underwriting,0
APP007345,2024-03-08,Train,Debt Consolidation,19000,36,Branch,WA,Full-Time,108046.85,0.0189,601,Preferred,Approve - Preferred Pricing,0
APP006159,2023-09-18,Train,Car Purchase,11500,60,Branch,VIC,Full-Time,130835.04,0.0317,586,Standard,Approve - Standard Terms,0
APP007749,2024-02-20,Train,Wedding,49500,48,Branch,WA,Self-Employed,45498.32,0.035,583,High Risk - Refer,Refer to Manual Underwriting,0
APP006764,2023-10-06,Train,Home Renovation,3000,36,Online,NSW,Unemployed,15368.97,0.1858,530,Decline,Decline,0
APP000736,2023-04-24,Train,Home Renovation,49000,60,Branch,NSW,Full-Time,37497.57,0.0326,585,Standard,Approve - Standard Terms,0
APP002451,2024-01-28,Train,Wedding,12000,60,Online,QLD,Full-Time,93989.79,0.0189,601,Preferred,Approve - Preferred Pricing,0
APP002192,2023-09-20,Train,Medical,5500,36,Online,VIC,Casual,45299.13,0.0491,573,High Risk - Refer,Refer to Manual Underwriting,0
APP001128,2023-05-27,Train,Car Purchase,23500,36,Broker,NSW,Full-Time,91741.94,0.0258,592,Standard,Approve - Standard Terms,0
APP003972,2023-05-07,Train,Debt Consolidation,19500,24,Online,NSW,Full-Time,66473.09,0.0276,590,Standard,Approve - Standard Terms,0
APP005831,2023-03-18,Train,Home Renovation,7500,36,Branch,VIC,Full-Time,69793.63,0.0227,596,Standard,Approve - Standard Terms,0
APP002844,2024-02-02,Train,Car Purchase,43500,36,Broker,WA,Full-Time,77222.07,0.0189,601,Preferred,Approve - Preferred Pricing,0
APP005426,2023-05-24,Train,Car Purchase,3500,48,Broker,NSW,Part-Time,61545.69,0.0326,585,Standard,Approve - Standard Terms,0
APP001720,2023-12-14,Train,Debt Consolidation,7000,36,Branch,ACT,Part-Time,47030.28,0.0203,599,Preferred,Approve - Preferred Pricing,0
APP008629,2024-03-05,Train,Wedding,42500,12,Online,QLD,Full-Time,59727.4,0.0317,586,Standard,Approve - Standard Terms,0
APP001516,2023-10-26,Train,Debt Consolidation,21000,48,Broker,ACT,Self-Employed,44918.36,0.0269,591,Standard,Approve - Standard Terms,0
APP007105,2023-02-10,Train,Wedding,9500,12,Branch,NSW,Self-Employed,42310.37,0.0684,562,Decline,Decline,0
APP008961,2024-03-14,Train,Other,22500,12,Online,QLD,Full-Time,94447.27,0.0189,601,Preferred,Approve - Preferred Pricing,0
APP007278,2023-09-11,Train,Car Purchase,32500,48,Online,NSW,Full-Time,70071.63,0.0189,601,Preferred,Approve - Preferred Pricing,0
APP007622,2023-03-30,Train,Car Purchase,12000,24,Online,NSW,Full-Time,108138.79,0.0189,601,Preferred,Approve - Preferred Pricing,0
APP001105,2023-02-17,Train,Wedding,14500,36,Branch,NSW,Self-Employed,58047.43,0.0201,599,Preferred,Approve - Preferred Pricing,0
APP005161,2023-01-16,Train,Debt Consolidation,5000,60,Broker,VIC,Full-Time,79997.05,0.1785,531,Decline,Decline,1
APP004042,2023-05-15,Train,Debt Consolidation,26500,60,Online,NSW,Self-Employed,65634.19,0.0305,587,Standard,Approve - Standard Terms,0
APP006605,2023-01-02,Train,Home Renovation,6500,36,Broker,QLD,Full-Time,51724.11,0.0236,595,Standard,Approve - Standard Terms,0
APP007338,2023-12-24,Train,Debt Consolidation,27000,36,Online,VIC,Full-Time,97983.04,0.0276,590,Standard,Approve - Standard Terms,0
APP003917,2023-07-30,Train,Car Purchase,37000,48,Online,NSW,Casual,51132.64,0.0258,592,Standard,Approve - Standard Terms,0
APP006201,2024-03-17,Train,Home Renovation,35500,60,Online,VIC,Full-Time,68141.53,0.0258,592,Standard,Approve - Standard Terms,0
APP000230,2023-08-11,Train,Wedding,7000,24,Online,NSW,Full-Time,123388.78,0.0189,601,Preferred,Approve - Preferred Pricing,0
APP003221,2023-02-05,Train,Debt Consolidation,48000,60,Broker,QLD,Full-Time,47875.34,0.0189,601,Preferred,Approve - Preferred Pricing,0
APP002898,2023-03-03,Train,Debt Consolidation,20500,36,Online,NSW,Full-Time,107278.76,0.0258,592,Standard,Approve - Standard Terms,0
APP007660,2023-10-07,Train,Car Purchase,33000,48,Online,NSW,Full-Time,114442.93,0.0177,603,Preferred,Approve - Preferred Pricing,0
APP001567,2023-04-03,Train,Debt Consolidation,10000,60,Online,NSW,Full-Time,57119.59,0.0236,595,Standard,Approve - Standard Terms,0
APP000726,2023-01-06,Train,Wedding,32000,48,Branch,VIC,Full-Time,57627.05,0.0177,603,Preferred,Approve - Preferred Pricing,0
APP001277,2023-02-16,Train,Medical,23500,36,Online,VIC,Full-Time,49579.68,0.0394,579,High Risk - Refer,Refer to Manual Underwriting,0
APP001400,2024-01-14,Train,Car Purchase,31000,60,Online,TAS,Full-Time,95224.81,0.0189,601,Preferred,Approve - Preferred Pricing,0
APP008951,2023-11-10,Train,Debt Consolidation,18000,24,Online,QLD,Full-Time,84391.61,0.0227,596,Standard,Approve - Standard Terms,0
APP007739,2024-03-05,Train,Debt Consolidation,38000,12,Broker,WA,Full-Time,91262.59,0.0177,603,Preferred,Approve - Preferred Pricing,0
APP001744,2023-04-13,Train,Wedding,45500,36,Broker,NSW,Full-Time,89591.14,0.0189,601,Preferred,Approve - Preferred Pricing,1
APP005720,2023-06-23,Train,Debt Consolidation,46000,24,Online,NSW,Casual,26866.53,0.0408,578,High Risk - Refer,Refer to Manual Underwriting,0
APP001104,2024-02-29,Train,Debt Consolidation,16000,24,Broker,WA,Full-Time,63719.39,0.0189,601,Preferred,Approve - Preferred Pricing,0
APP005989,2023-08-10,Train,Car Purchase,49500,36,Branch,VIC,Full-Time,82371.9,0.0189,601,Preferred,Approve - Preferred Pricing,0
APP000423,2023-06-22,Train,Debt Consolidation,39000,24,Broker,VIC,Full-Time,77612.3,0.1346,541,Decline,Decline,0
APP001751,2023-09-24,Train,Wedding,11500,36,Branch,QLD,Full-Time,24582.42,0.1351,541,Decline,Decline,0
APP006902,2023-08-01,Train,Car Purchase,11000,24,Branch,QLD,Self-Employed,82956.86,0.0263,591,Standard,Approve - Standard Terms,0
APP004417,2023-07-21,Train,Car Purchase,2500,48,Online,SA,Full-Time,110481.31,0.0344,583,High Risk - Refer,Refer to Manual Underwriting,0
APP008254,2023-12-29,Train,Debt Consolidation,17000,36,Online,VIC,Full-Time,85724.66,0.0189,601,Preferred,Approve - Preferred Pricing,0
APP004517,2023-04-15,Train,Home Renovation,42500,12,Online,VIC,Full-Time,49018.62,0.0344,583,High Risk - Refer,Refer to Manual Underwriting,0
APP003699,2023-04-23,Train,Car Purchase,14500,36,Online,QLD,Full-Time,68453.47,0.0177,603,Preferred,Approve - Preferred Pricing,0
APP002778,2023-11-03,Train,Travel,44000,60,Online,QLD,Part-Time,49148.36,0.0326,585,Standard,Approve - Standard Terms,1
APP003773,2023-06-21,Train,Car Purchase,28000,48,Online,QLD,Full-Time,24705.03,0.0177,603,Preferred,Approve - Preferred Pricing,0
APP006396,2023-12-15,Train,Home Renovation,30500,60,Online,NSW,Full-Time,50792.58,0.0189,601,Preferred,Approve - Preferred Pricing,0
APP006486,2023-01-27,Train,Car Purchase,36000,24,Broker,QLD,Full-Time,97817.04,0.0189,601,Preferred,Approve - Preferred Pricing,0
APP002097,2023-09-23,Train,Travel,11500,24,Branch,NSW,Full-Time,67148.07,0.0227,596,Standard,Approve - Standard Terms,0
APP002268,2024-03-16,Train,Debt Consolidation,12500,60,Branch,VIC,Self-Employed,92327.41,0.0229,595,Standard,Approve - Standard Terms,0
APP005456,2023-04-13,Train,Home Renovation,38500,48,Broker,VIC,Full-Time,104710.04,0.0177,603,Preferred,Approve - Preferred Pricing,0
APP004250,2023-12-30,Train,Debt Consolidation,21500,12,Online,SA,Full-Time,62271.89,0.0189,601,Preferred,Approve - Preferred Pricing,0
APP004044,2023-11-29,Train,Travel,21000,36,Branch,NSW,Part-Time,72560.2,0.019,601,Preferred,Approve - Preferred Pricing,0
APP001063,2024-03-24,Train,Wedding,49500,36,Online,NSW,Full-Time,109403.44,0.0177,603,Preferred,Approve - Preferred Pricing,0
APP007705,2023-11-19,Train,Debt Consolidation,14500,36,Online,NSW,Full-Time,97211.54,0.0236,595,Standard,Approve - Standard Terms,0
APP004894,2023-04-19,Train,Home Renovation,39000,24,Branch,VIC,Full-Time,68141.53,0.0303,587,Standard,Approve - Standard Terms,0
APP001373,2023-06-20,Train,Debt Consolidation,12000,24,Broker,TAS,Full-Time,81947.41,0.0394,579,High Risk - Refer,Refer to Manual Underwriting,0
APP008418,2023-06-04,Train,Travel,38500,48,Online,NSW,Full-Time,66639.02,0.0258,592,Standard,Approve - Standard Terms,0
APP001383,2024-02-19,Train,Wedding,2000,12,Online,WA,Part-Time,56006.56,0.0424,577,High Risk - Refer,Refer to Manual Underwriting,0
APP004914,2024-03-31,Train,Debt Consolidation,3500,12,Broker,NSW,Full-Time,38168.21,0.0236,595,Standard,Approve - Standard Terms,0
APP007183,2023-06-16,Train,Debt Consolidation,39000,24,Online,VIC,Part-Time,47873.13,0.0326,585,Standard,Approve - Standard Terms,1
APP000717,2023-07-17,Train,Debt Consolidation,44500,48,Online,QLD,Full-Time,78505.57,0.0189,601,Preferred,Approve - Preferred Pricing,0
APP002724,2023-12-19,Train,Home Renovation,27000,24,Online,QLD,Full-Time,85484.82,0.0189,601,Preferred,Approve - Preferred Pricing,0
APP002450,2023-01-27,Train,Home Renovation,38000,48,Broker,QLD,Part-Time,55685.74,0.0449,575,High Risk - Refer,Refer to Manual Underwriting,0
APP005042,2023-04-04,Train,Travel,16000,24,Online,VIC,Full-Time,57629.59,0.054,570,High Risk - Refer,Refer to Manual Underwriting,0
APP006571,2023-03-25,Train,Home Renovation,25000,12,Online,NSW,Full-Time,57225.45,0.0258,592,Standard,Approve - Standard Terms,0
APP005078,2023-03-14,Train,Wedding,22000,24,Online,NSW,Unemployed,22068.28,0.0455,575,High Risk - Refer,Refer to Manual Underwriting,0
APP006420,2023-04-04,Train,Wedding,34500,48,Online,NSW,Full-Time,89046.73,0.0408,578,High Risk - Refer,Refer to Manual Underwriting,0
APP007966,2024-01-09,Train,Other,2000,24,Online,WA,Full-Time,80007.89,0.054,570,High Risk - Refer,Refer to Manual Underwriting,0
APP008122,2023-02-12,Train,Car Purchase,31000,60,Broker,NSW,Self-Employed,80072.74,0.0245,593,Standard,Approve - Standard Terms,0
APP007215,2023-01-25,Train,Wedding,24500,24,Online,VIC,Full-Time,55797.33,0.0408,578,High Risk - Refer,Refer to Manual Underwriting,0
APP008429,2023-08-20,Train,Home Renovation,6000,60,Branch,VIC,Full-Time,69988.92,0.0344,583,High Risk - Refer,Refer to Manual Underwriting,0
APP004177,2024-01-26,Train,Debt Consolidation,7500,36,Branch,SA,Unemployed,15667.56,0.141,539,Decline,Decline,0
APP007221,2023-10-02,Train,Wedding,42500,48,Broker,NSW,Full-Time,69145.61,0.0258,592,Standard,Approve - Standard Terms,0
APP008154,2023-10-03,Train,Home Renovation,25500,48,Online,NSW,Full-Time,64581.55,0.0236,595,Standard,Approve - Standard Terms,0
APP008372,2024-02-07,Train,Home Renovation,45500,36,Online,NSW,Full-Time,99009.05,0.0189,601,Preferred,Approve - Preferred Pricing,0
APP000977,2023-04-05,Train,Home Renovation,34500,48,Online,NSW,Self-Employed,72285.3,0.0167,605,Premium,Approve - Premium Pricing,0
APP004116,2024-02-11,Train,Car Purchase,17000,12,Branch,SA,Self-Employed,28116.71,0.0209,598,Preferred,Approve - Preferred Pricing,0
APP000109,2023-08-16,Train,Other,9000,60,Branch,NSW,Casual,43201.67,0.0189,601,Preferred,Approve - Preferred Pricing,0
APP001011,2023-05-25,Train,Debt Consolidation,16500,12,Branch,SA,Full-Time,78011.7,0.0177,603,Preferred,Approve - Preferred Pricing,0
APP003597,2023-10-18,Train,Car Purchase,40500,24,Broker,VIC,Full-Time,59796.6,0.0394,579,High Risk - Refer,Refer to Manual Underwriting,0
APP001694,2023-07-30,Train,Home Renovation,25000,36,Branch,QLD,Full-Time,96270.9,0.0433,576,High Risk - Refer,Refer to Manual Underwriting,0
APP007214,2023-01-24,Train,Other,46000,48,Branch,WA,Self-Employed,70947.51,0.035,583,High Risk - Refer,Refer to Manual Underwriting,0
APP006413,2023-12-06,Train,Debt Consolidation,14000,36,Branch,NSW,Full-Time,44809.34,0.0738,560,Decline,Decline,0
APP004983,2023-11-20,Train,Other,26500,24,Branch,WA,Unemployed,26663.43,0.0581,568,High Risk - Refer,Refer to Manual Underwriting,0
APP006101,2024-03-03,Train,Car Purchase,32500,60,Online,VIC,Full-Time,66323.21,0.0303,587,Standard,Approve - Standard Terms,0
APP002949,2023-08-07,Train,Car Purchase,5500,60,Online,VIC,Full-Time,73827.41,0.0303,587,Standard,Approve - Standard Terms,0
APP006606,2024-03-16,Train,Wedding,43000,24,Branch,QLD,Full-Time,67193.26,0.0344,583,High Risk - Refer,Refer to Manual Underwriting,1
APP005346,2023-09-05,Train,Car Purchase,14500,24,Online,QLD,Casual,22029.8,0.0394,579,High Risk - Refer,Refer to Manual Underwriting,0
APP002798,2023-06-19,Train,Car Purchase,10500,36,Online,QLD,Full-Time,64065.52,0.0236,595,Standard,Approve - Standard Terms,0
APP004346,2023-01-19,Train,Travel,33000,24,Online,WA,Part-Time,49102.81,0.019,601,Preferred,Approve - Preferred Pricing,0
APP004079,2023-08-06,Train,Debt Consolidation,20500,12,Broker,VIC,Full-Time,79486.88,0.0344,583,High Risk - Refer,Refer to Manual Underwriting,0
APP006406,2023-12-21,Train,Other,38500,24,Broker,NSW,Full-Time,73871.22,0.0738,560,Decline,Decline,0
APP006566,2023-03-29,Train,Debt Consolidation,39000,48,Broker,VIC,Self-Employed,52239.6,0.0156,607,Premium,Approve - Premium Pricing,0
APP007218,2023-08-18,Train,Other,42500,24,Online,SA,Part-Time,41221.84,0.0203,599,Preferred,Approve - Preferred Pricing,0
APP005669,2023-07-20,Train,Car Purchase,3500,48,Branch,NSW,Full-Time,64249.89,0.0595,567,High Risk - Refer,Refer to Manual Underwriting,0
APP000907,2024-02-08,Train,Debt Consolidation,17500,36,Branch,WA,Full-Time,81824.43,0.0177,603,Preferred,Approve - Preferred Pricing,0
APP004758,2023-01-03,Train,Car Purchase,30000,60,Online,NSW,Self-Employed,57054.23,0.0305,587,Standard,Approve - Standard Terms,0
APP001566,2023-09-27,Train,Car Purchase,34500,24,Broker,QLD,Self-Employed,80779.37,0.0229,595,Standard,Approve - Standard Terms,0
APP003860,2023-06-15,Train,Travel,26500,48,Branch,VIC,Casual,60190.59,0.0542,570,High Risk - Refer,Refer to Manual Underwriting,0
APP000679,2023-02-16,Train,Home Renovation,3500,24,Broker,VIC,Full-Time,101606.28,0.0189,601,Preferred,Approve - Preferred Pricing,0
APP001999,2023-08-19,Train,Car Purchase,48500,48,Online,NSW,Full-Time,68527.79,0.0303,587,Standard,Approve - Standard Terms,0
APP000925,2024-03-04,Train,Car Purchase,39000,12,Broker,QLD,Full-Time,88754.07,0.0394,579,High Risk - Refer,Refer to Manual Underwriting,0
APP007571,2023-01-27,Train,Debt Consolidation,46500,24,Online,QLD,Full-Time,101078.44,0.0177,603,Preferred,Approve - Preferred Pricing,0
APP001045,2023-10-24,Train,Car Purchase,48000,48,Broker,VIC,Self-Employed,103013.71,0.0209,598,Preferred,Approve - Preferred Pricing,0
APP003027,2024-02-29,Train,Home Renovation,6500,24,Branch,WA,Full-Time,97293.65,0.0491,573,High Risk - Refer,Refer to Manual Underwriting,0
APP003403,2024-03-07,Train,Home Renovation,33000,12,Online,VIC,Full-Time,76172.42,0.0258,592,Standard,Approve - Standard Terms,0
APP008069,2023-12-04,Train,Wedding,43500,60,Broker,WA,Full-Time,69036.71,0.0189,601,Preferred,Approve - Preferred Pricing,0
APP001051,2023-12-25,Train,Wedding,4500,24,Online,QLD,Full-Time,94160.45,0.0236,595,Standard,Approve - Standard Terms,0
APP008389,2023-11-27,Train,Travel,18000,24,Broker,QLD,Full-Time,106725.36,0.0177,603,Preferred,Approve - Preferred Pricing,0
APP005920,2023-02-20,Train,Debt Consolidation,27500,24,Branch,SA,Full-Time,121917.02,0.0189,601,Preferred,Approve - Preferred Pricing,0
APP006046,2023-07-01,Train,Home Renovation,44500,36,Online,VIC,Self-Employed,46728.97,0.0229,595,Standard,Approve - Standard Terms,0
APP003651,2023-12-09,Train,Debt Consolidation,20500,60,Online,VIC,Self-Employed,54733.57,0.0229,595,Standard,Approve - Standard Terms,0
APP007506,2023-06-10,Train,Home Renovation,46500,24,Broker,SA,Part-Time,44137.77,0.0424,577,High Risk - Refer,Refer to Manual Underwriting,0
APP006388,2024-02-06,Train,Home Renovation,12000,48,Online,NSW,Full-Time,41349.39,0.0276,590,Standard,Approve - Standard Terms,0
APP002382,2023-01-29,Train,Debt Consolidation,42000,60,Online,NSW,Full-Time,103608.84,0.0236,595,Standard,Approve - Standard Terms,0
APP001915,2024-01-16,Train,Debt Consolidation,44000,36,Online,SA,Full-Time,70142.64,0.0236,595,Standard,Approve - Standard Terms,0
APP000374,2023-10-18,Train,Travel,39500,48,Online,WA,Full-Time,122581.33,0.0236,595,Standard,Approve - Standard Terms,0
APP008221,2024-01-04,Train,Travel,39500,48,Broker,QLD,Self-Employed,56543.61,0.0167,605,Premium,Approve - Premium Pricing,0
APP004420,2023-09-03,Train,Debt Consolidation,31500,36,Online,VIC,Self-Employed,52756.77,0.0209,598,Preferred,Approve - Preferred Pricing,0
APP002122,2023-09-24,Train,Other,43500,36,Online,NSW,Full-Time,34329.85,0.0189,601,Preferred,Approve - Preferred Pricing,0
APP006128,2023-05-02,Train,Home Renovation,31000,36,Broker,QLD,Full-Time,100428.35,0.0394,579,High Risk - Refer,Refer to Manual Underwriting,0
APP007726,2024-03-02,Train,Car Purchase,33000,60,Online,NSW,Self-Employed,71670.13,0.035,583,High Risk - Refer,Refer to Manual Underwriting,0
APP005216,2024-01-21,Train,Debt Consolidation,34500,60,Branch,NSW,Full-Time,68371.1,0.0236,595,Standard,Approve - Standard Terms,0
APP002648,2024-01-18,Train,Home Renovation,23500,60,Online,QLD,Casual,31847.11,0.0236,595,Standard,Approve - Standard Terms,0
APP003588,2023-07-10,Train,Medical,11500,36,Online,QLD,Full-Time,42437.43,0.0258,592,Standard,Approve - Standard Terms,0
APP004443,2023-10-01,Train,Travel,11500,24,Branch,SA,Full-Time,86848.85,0.0189,601,Preferred,Approve - Preferred Pricing,0
APP002179,2023-10-21,Train,Home Renovation,46000,36,Branch,QLD,Full-Time,100400.93,0.0258,592,Standard,Approve - Standard Terms,0
APP002138,2024-03-13,Train,Debt Consolidation,33500,36,Online,VIC,Full-Time,63177.19,0.0177,603,Preferred,Approve - Preferred Pricing,0
APP000417,2024-03-04,Train,Wedding,17000,36,Branch,NSW,Part-Time,60425.91,0.0668,563,Decline,Decline,0
APP005849,2024-02-21,Train,Debt Consolidation,18000,12,Broker,VIC,Full-Time,58419.92,0.0344,583,High Risk - Refer,Refer to Manual Underwriting,0
APP002337,2023-08-08,Train,Car Purchase,21000,24,Online,NSW,Self-Employed,105120.59,0.035,583,High Risk - Refer,Refer to Manual Underwriting,0
APP008497,2023-08-06,Train,Home Renovation,16500,24,Branch,SA,Full-Time,70164.49,0.0236,595,Standard,Approve - Standard Terms,0
APP001755,2023-01-06,Train,Car Purchase,31500,36,Broker,WA,Self-Employed,44108.9,0.0156,607,Premium,Approve - Premium Pricing,0
APP002677,2023-09-01,Train,Home Renovation,44500,48,Online,QLD,Full-Time,87788.45,0.0276,590,Standard,Approve - Standard Terms,0
APP001953,2024-03-03,Train,Home Renovation,33500,12,Online,VIC,Full-Time,56372.94,0.0595,567,High Risk - Refer,Refer to Manual Underwriting,0
APP008728,2023-06-11,Train,Home Renovation,34000,36,Online,NSW,Full-Time,62236.43,0.0673,563,Decline,Decline,0
APP007757,2023-01-24,Train,Debt Consolidation,24000,24,Branch,VIC,Casual,27598.2,0.0236,595,Standard,Approve - Standard Terms,0
APP002150,2023-06-29,Train,Debt Consolidation,23500,24,Online,VIC,Self-Employed,74205.54,0.0167,605,Premium,Approve - Premium Pricing,0
APP000996,2023-01-08,Train,Car Purchase,14500,48,Online,NSW,Full-Time,80074.33,0.0276,590,Standard,Approve - Standard Terms,0
APP006936,2023-05-13,Train,Debt Consolidation,10500,24,Online,NSW,Full-Time,86622.84,0.0227,596,Standard,Approve - Standard Terms,0
APP007392,2023-07-18,Train,Home Renovation,40000,36,Broker,VIC,Self-Employed,73272.8,0.0156,607,Premium,Approve - Premium Pricing,0
APP005335,2023-01-07,Train,Home Renovation,40000,60,Online,VIC,Casual,29729.58,0.058,568,High Risk - Refer,Refer to Manual Underwriting,0
APP003587,2024-02-25,Train,Wedding,12000,12,Broker,VIC,Full-Time,78480.38,0.0344,583,High Risk - Refer,Refer to Manual Underwriting,0
APP004146,2023-08-05,Train,Debt Consolidation,43500,36,Online,QLD,Full-Time,66242.38,0.0189,601,Preferred,Approve - Preferred Pricing,0
APP002985,2023-10-01,Train,Home Renovation,37000,36,Online,QLD,Self-Employed,37741.73,0.09,554,Decline,Decline,0
APP003480,2023-04-09,Train,Car Purchase,11500,36,Online,VIC,Full-Time,84373.05,0.0344,583,High Risk - Refer,Refer to Manual Underwriting,0
APP000144,2023-12-17,Train,Travel,30500,48,Online,ACT,Full-Time,69554.51,0.0297,588,Standard,Approve - Standard Terms,0
APP005759,2023-10-15,Train,Other,26000,12,Broker,NSW,Self-Employed,82697.13,0.0305,587,Standard,Approve - Standard Terms,0
APP002886,2023-08-02,Train,Debt Consolidation,19000,24,Broker,QLD,Full-Time,48740.46,0.0258,592,Standard,Approve - Standard Terms,0
APP005035,2023-01-28,Train,Travel,11000,36,Online,VIC,Part-Time,30745.99,0.0245,593,Standard,Approve - Standard Terms,0
APP002630,2024-02-22,Train,Home Renovation,45000,24,Online,WA,Casual,46536.56,0.0562,569,High Risk - Refer,Refer to Manual Underwriting,0
APP008182,2024-02-28,Train,Home Renovation,49500,36,Broker,VIC,Self-Employed,50068.72,0.0269,591,Standard,Approve - Standard Terms,0
APP005131,2023-12-20,Train,Debt Consolidation,46500,36,Broker,QLD,Full-Time,56968.45,0.0471,574,High Risk - Refer,Refer to Manual Underwriting,0
APP003350,2023-10-24,Train,Car Purchase,33500,24,Branch,NSW,Full-Time,84188.87,0.0276,590,Standard,Approve - Standard Terms,0
APP004103,2024-03-31,Train,Debt Consolidation,17000,36,Branch,NSW,Casual,27170.53,0.054,570,High Risk - Refer,Refer to Manual Underwriting,0
APP007010,2023-07-08,Train,Debt Consolidation,49500,12,Broker,NSW,Full-Time,73705.16,0.0189,601,Preferred,Approve - Preferred Pricing,0
APP006379,2023-07-03,Train,Travel,17000,60,Broker,VIC,Full-Time,98825.71,0.0189,601,Preferred,Approve - Preferred Pricing,0
APP005451,2024-02-08,Train,Debt Consolidation,31500,36,Broker,WA,Full-Time,84201.15,0.0303,587,Standard,Approve - Standard Terms,0
APP000097,2023-12-21,Train,Car Purchase,2000,36,Broker,VIC,Part-Time,41774.96,0.037,581,High Risk - Refer,Refer to Manual Underwriting,0
APP006366,2023-11-18,Train,Debt Consolidation,34000,60,Online,ACT,Full-Time,86012.48,0.0258,592,Standard,Approve - Standard Terms,1
APP006508,2023-07-02,Train,Debt Consolidation,6000,24,Branch,WA,Casual,29100.73,0.054,570,High Risk - Refer,Refer to Manual Underwriting,0
APP008771,2023-05-07,Train,Debt Consolidation,24000,36,Online,QLD,Full-Time,93694.81,0.0344,583,High Risk - Refer,Refer to Manual Underwriting,0
APP005460,2023-03-11,Train,Debt Consolidation,9000,36,Branch,QLD,Full-Time,96374.98,0.0189,601,Preferred,Approve - Preferred Pricing,0
APP002252,2023-09-04,Train,Debt Consolidation,12500,36,Branch,NSW,Full-Time,119099.24,0.0236,595,Standard,Approve - Standard Terms,0
APP001206,2024-03-29,Train,Travel,14500,36,Branch,QLD,Full-Time,105955.37,0.0189,601,Preferred,Approve - Preferred Pricing,0
APP006648,2023-05-04,Train,Travel,3500,36,Online,VIC,Full-Time,63513.7,0.0189,601,Preferred,Approve - Preferred Pricing,0
APP000419,2023-07-11,Train,Other,16000,48,Broker,VIC,Casual,21246.35,0.0326,585,Standard,Approve - Standard Terms,0
APP006860,2023-05-24,Train,Car Purchase,47500,36,Branch,VIC,Self-Employed,63057.32,0.0269,591,Standard,Approve - Standard Terms,0
APP008166,2023-07-13,Train,Debt Consolidation,17000,24,Online,QLD,Full-Time,56882.94,0.0227,596,Standard,Approve - Standard Terms,0
APP001210,2024-01-09,Train,Home Renovation,32000,24,Branch,NSW,Full-Time,66493.33,0.0177,603,Preferred,Approve - Preferred Pricing,0
APP006124,2024-03-19,Train,Debt Consolidation,16000,24,Broker,WA,Full-Time,95465.64,0.0189,601,Preferred,Approve - Preferred Pricing,0
APP000277,2023-10-14,Train,Home Renovation,39500,60,Broker,NSW,Self-Employed,41732.85,0.0305,587,Standard,Approve - Standard Terms,0
APP001944,2023-04-24,Train,Wedding,22500,60,Online,NSW,Full-Time,45109.82,0.0189,601,Preferred,Approve - Preferred Pricing,0
APP003353,2023-06-28,Train,Wedding,25000,12,Branch,QLD,Part-Time,35277.16,0.0245,593,Standard,Approve - Standard Terms,0
APP001835,2023-11-19,Train,Travel,33500,24,Online,NSW,Part-Time,31826.93,0.0909,554,Decline,Decline,0
APP007289,2023-02-16,Train,Debt Consolidation,49500,12,Online,WA,Part-Time,43625.05,0.0424,577,High Risk - Refer,Refer to Manual Underwriting,0
APP002381,2023-12-26,Train,Car Purchase,13000,24,Online,QLD,Full-Time,121372.91,0.0258,592,Standard,Approve - Standard Terms,0
APP007490,2023-01-08,Train,Debt Consolidation,25500,36,Branch,NSW,Full-Time,94025.31,0.0435,576,High Risk - Refer,Refer to Manual Underwriting,0
APP000752,2023-09-25,Train,Medical,23500,36,Broker,NSW,Part-Time,41258.79,0.0528,570,High Risk - Refer,Refer to Manual Underwriting,0
APP004235,2023-12-30,Train,Debt Consolidation,27500,24,Online,VIC,Full-Time,56111.62,0.0177,603,Preferred,Approve - Preferred Pricing,0
APP003195,2024-02-22,Train,Wedding,28500,60,Broker,SA,Full-Time,135170.94,0.0276,590,Standard,Approve - Standard Terms,0
APP004139,2023-06-30,Train,Other,5500,36,Online,WA,Self-Employed,61003.29,0.0201,599,Preferred,Approve - Preferred Pricing,0
APP003668,2023-08-09,Train,Debt Consolidation,47500,48,Online,NSW,Full-Time,78708.29,0.0433,576,High Risk - Refer,Refer to Manual Underwriting,0
APP002316,2023-08-07,Train,Medical,34000,60,Broker,VIC,Self-Employed,53204.51,0.035,583,High Risk - Refer,Refer to Manual Underwriting,0
APP008842,2023-01-29,Train,Debt Consolidation,44000,24,Online,WA,Full-Time,78364.68,0.0303,587,Standard,Approve - Standard Terms,0
APP001020,2024-03-15,Train,Wedding,39000,12,Online,NSW,Self-Employed,74297.86,0.0421,577,High Risk - Refer,Refer to Manual Underwriting,0
APP001793,2024-03-19,Train,Wedding,47500,36,Online,SA,Full-Time,95441.4,0.0258,592,Standard,Approve - Standard Terms,0
APP002634,2023-06-30,Train,Debt Consolidation,44000,36,Broker,NSW,Full-Time,84347.79,0.0189,601,Preferred,Approve - Preferred Pricing,0
APP002023,2023-12-01,Train,Car Purchase,22000,60,Online,WA,Full-Time,80928.11,0.0339,584,Standard,Approve - Standard Terms,0
APP006855,2023-11-05,Train,Medical,20500,60,Online,VIC,Part-Time,46488.79,0.0254,592,Standard,Approve - Standard Terms,0
APP005301,2023-12-02,Train,Home Renovation,14000,48,Broker,VIC,Full-Time,64782.01,0.0276,590,Standard,Approve - Standard Terms,0
APP000852,2024-03-14,Train,Wedding,27500,36,Broker,QLD,Full-Time,65889.71,0.0236,595,Standard,Approve - Standard Terms,0
APP004738,2023-02-03,Train,Travel,41000,36,Online,VIC,Full-Time,68347.99,0.0236,595,Standard,Approve - Standard Terms,0
APP008577,2023-07-24,Train,Debt Consolidation,33500,48,Branch,NSW,Casual,48778.67,0.0408,578,High Risk - Refer,Refer to Manual Underwriting,0
APP001359,2023-06-30,Train,Debt Consolidation,30000,36,Online,NSW,Full-Time,68569.8,0.0297,588,Standard,Approve - Standard Terms,0
APP008483,2023-06-20,Train,Debt Consolidation,15000,36,Broker,NSW,Part-Time,37730.73,0.0326,585,Standard,Approve - Standard Terms,0
APP004322,2023-06-11,Train,Home Renovation,22000,36,Broker,NSW,Full-Time,102403.05,0.0177,603,Preferred,Approve - Preferred Pricing,0
APP000339,2024-01-05,Train,Debt Consolidation,24000,24,Broker,QLD,Full-Time,104824.97,0.0344,583,High Risk - Refer,Refer to Manual Underwriting,0
APP008210,2023-12-02,Train,Wedding,21500,36,Online,ACT,Full-Time,41151.33,0.0424,577,High Risk - Refer,Refer to Manual Underwriting,0
APP003840,2023-11-24,Train,Debt Consolidation,47000,36,Online,SA,Part-Time,54678.76,0.037,581,High Risk - Refer,Refer to Manual Underwriting,0
APP003747,2023-09-26,Train,Medical,49000,36,Branch,VIC,Part-Time,49255.04,0.0341,584,Standard,Approve - Standard Terms,0
APP005716,2024-01-30,Train,Car Purchase,10000,36,Branch,VIC,Self-Employed,47062.39,0.0156,607,Premium,Approve - Premium Pricing,0
APP007990,2023-06-09,Train,Home Renovation,35500,60,Online,VIC,Full-Time,93770.78,0.0276,590,Standard,Approve - Standard Terms,0
APP004670,2024-03-07,Train,Car Purchase,50000,60,Branch,NSW,Full-Time,80653.43,0.0394,579,High Risk - Refer,Refer to Manual Underwriting,0
APP005705,2023-03-16,Train,Debt Consolidation,48000,36,Branch,VIC,Part-Time,42880.82,0.0603,566,Decline,Decline,0
APP002556,2023-10-29,Train,Car Purchase,46500,36,Online,QLD,Full-Time,102172.11,0.0189,601,Preferred,Approve - Preferred Pricing,0
APP004541,2023-05-15,Train,Home Renovation,41000,12,Online,NSW,Full-Time,97890.08,0.0189,601,Preferred,Approve - Preferred Pricing,0
APP008894,2023-10-10,Train,Travel,48500,48,Broker,NSW,Full-Time,93008.37,0.0562,569,High Risk - Refer,Refer to Manual Underwriting,0
APP005928,2023-10-28,Train,Travel,32000,36,Online,VIC,Self-Employed,65555.28,0.0263,591,Standard,Approve - Standard Terms,0
APP004447,2023-06-21,Train,Car Purchase,6500,48,Online,VIC,Full-Time,76172.42,0.0418,578,High Risk - Refer,Refer to Manual Underwriting,0
APP003615,2023-08-11,Train,Travel,26000,36,Broker,NSW,Full-Time,76571.58,0.0394,579,High Risk - Refer,Refer to Manual Underwriting,0
APP008855,2023-04-19,Train,Car Purchase,16500,36,Branch,WA,Self-Employed,21263.98,0.048,573,High Risk - Refer,Refer to Manual Underwriting,0
APP002601,2024-01-29,Train,Debt Consolidation,30500,48,Broker,NSW,Casual,24987.86,0.0303,587,Standard,Approve - Standard Terms,0
APP001212,2023-05-24,Train,Car Purchase,6000,48,Online,NSW,Full-Time,81666.63,0.0189,601,Preferred,Approve - Preferred Pricing,0
APP002715,2023-09-19,Train,Car Purchase,13000,36,Online,VIC,Full-Time,47248.4,0.0177,603,Preferred,Approve - Preferred Pricing,0
APP006362,2023-11-22,Train,Debt Consolidation,45500,48,Broker,NT,Part-Time,51919.68,0.0326,585,Standard,Approve - Standard Terms,0
APP008435,2024-02-19,Train,Debt Consolidation,5500,12,Branch,NSW,Full-Time,69712.03,0.0189,601,Preferred,Approve - Preferred Pricing,0
APP007830,2023-08-05,Train,Home Renovation,47500,24,Broker,SA,Full-Time,73920.11,0.0189,601,Preferred,Approve - Preferred Pricing,0
APP002408,2023-05-30,Train,Car Purchase,42000,60,Broker,NSW,Part-Time,64072.63,0.0203,599,Preferred,Approve - Preferred Pricing,0
APP008212,2023-09-26,Train,Wedding,4000,60,Online,NSW,Full-Time,79635.11,0.0344,583,High Risk - Refer,Refer to Manual Underwriting,0
APP000611,2024-01-04,Train,Debt Consolidation,47000,36,Online,VIC,Full-Time,40010.6,0.054,570,High Risk - Refer,Refer to Manual Underwriting,0
APP003372,2023-10-01,Train,Wedding,42500,12,Online,VIC,Full-Time,72861.31,0.0258,592,Standard,Approve - Standard Terms,0
APP007367,2023-09-21,Train,Travel,32000,24,Branch,WA,Full-Time,75606.98,0.0177,603,Preferred,Approve - Preferred Pricing,0
APP001716,2024-03-31,Train,Home Renovation,44500,36,Online,QLD,Full-Time,76164.73,0.0344,583,High Risk - Refer,Refer to Manual Underwriting,0
APP006966,2023-12-28,Train,Debt Consolidation,12000,24,Online,WA,Full-Time,51061.3,0.0227,596,Standard,Approve - Standard Terms,0
APP004727,2024-02-05,Train,Car Purchase,11500,36,Broker,ACT,Full-Time,44406.52,0.0344,583,High Risk - Refer,Refer to Manual Underwriting,0
APP008189,2023-03-12,Train,Travel,3500,48,Broker,NSW,Full-Time,92850.35,0.0189,601,Preferred,Approve - Preferred Pricing,0
APP004002,2023-12-26,Train,Debt Consolidation,49500,36,Branch,QLD,Self-Employed,107839.51,0.0209,598,Preferred,Approve - Preferred Pricing,0
APP005916,2023-04-07,Train,Debt Consolidation,44500,60,Broker,VIC,Full-Time,92636.19,0.0344,583,High Risk - Refer,Refer to Manual Underwriting,0
APP005080,2023-01-05,Train,Car Purchase,9000,48,Broker,ACT,Full-Time,78520.03,0.0236,595,Standard,Approve - Standard Terms,0
APP003264,2023-07-07,Train,Debt Consolidation,6500,60,Online,SA,Full-Time,48927.38,0.0189,601,Preferred,Approve - Preferred Pricing,0
APP004378,2023-11-02,Train,Home Renovation,49000,24,Broker,VIC,Full-Time,85547.92,0.0276,590,Standard,Approve - Standard Terms,0
APP008302,2023-12-11,Train,Home Renovation,2500,36,Online,NSW,Full-Time,71981.14,0.0243,594,Standard,Approve - Standard Terms,0
APP005079,2023-05-31,Train,Debt Consolidation,33000,36,Broker,SA,Casual,39038.82,0.1036,549,Decline,Decline,0
APP000478,2024-03-28,Train,Car Purchase,11500,24,Online,NSW,Full-Time,73705.16,0.0542,570,High Risk - Refer,Refer to Manual Underwriting,0
APP000486,2023-11-18,Train,Home Renovation,45500,36,Online,QLD,Full-Time,83197.93,0.0344,583,High Risk - Refer,Refer to Manual Underwriting,0
APP008708,2023-04-08,Train,Car Purchase,31500,60,Online,QLD,Casual,41170.63,0.0542,570,High Risk - Refer,Refer to Manual Underwriting,0
APP002923,2024-02-17,Train,Car Purchase,23500,12,Broker,NSW,Part-Time,64072.63,0.019,601,Preferred,Approve - Preferred Pricing,0
APP003516,2023-06-13,Train,Home Renovation,38500,60,Branch,NSW,Full-Time,111979.55,0.0394,579,High Risk - Refer,Refer to Manual Underwriting,0
APP000923,2023-04-03,Train,Home Renovation,26500,60,Broker,VIC,Part-Time,47660.28,0.037,581,High Risk - Refer,Refer to Manual Underwriting,0
APP003605,2023-09-11,Train,Debt Consolidation,44500,60,Online,NSW,Full-Time,78331.09,0.0177,603,Preferred,Approve - Preferred Pricing,0
APP001745,2023-05-04,Train,Other,6500,48,Broker,VIC,Full-Time,95309.51,0.0542,570,High Risk - Refer,Refer to Manual Underwriting,0
APP001832,2023-12-04,Train,Debt Consolidation,22000,12,Broker,NSW,Full-Time,129736.45,0.0189,601,Preferred,Approve - Preferred Pricing,0
APP002153,2023-11-06,Train,Home Renovation,15000,60,Online,WA,Full-Time,70587.66,0.0189,601,Preferred,Approve - Preferred Pricing,0
APP004053,2023-07-13,Train,Car Purchase,34000,60,Online,QLD,Full-Time,66068.48,0.0177,603,Preferred,Approve - Preferred Pricing,0
APP008164,2024-03-31,Train,Medical,3000,48,Online,NSW,Self-Employed,84281.4,0.0229,595,Standard,Approve - Standard Terms,0
APP002507,2023-02-13,Train,Home Renovation,39500,48,Broker,NSW,Casual,54063.61,0.0258,592,Standard,Approve - Standard Terms,0
APP003669,2023-05-11,Train,Wedding,18500,36,Online,QLD,Full-Time,77698.97,0.054,570,High Risk - Refer,Refer to Manual Underwriting,0
APP001411,2023-10-10,Train,Debt Consolidation,50000,12,Online,QLD,Part-Time,52009.78,0.0297,588,Standard,Approve - Standard Terms,0
APP000271,2023-04-17,Train,Other,20500,24,Broker,QLD,Full-Time,84678.52,0.0344,583,High Risk - Refer,Refer to Manual Underwriting,0
APP003191,2023-02-02,Train,Debt Consolidation,48000,12,Broker,QLD,Self-Employed,79102.1,0.0209,598,Preferred,Approve - Preferred Pricing,0
APP005245,2023-01-08,Train,Travel,33000,36,Branch,VIC,Part-Time,43967.58,0.0203,599,Preferred,Approve - Preferred Pricing,0
APP008393,2023-10-18,Train,Debt Consolidation,36000,24,Broker,NT,Full-Time,35330.18,0.0542,570,High Risk - Refer,Refer to Manual Underwriting,0
APP003360,2023-01-21,Train,Car Purchase,48000,36,Broker,NSW,Part-Time,61545.69,0.0203,599,Preferred,Approve - Preferred Pricing,0
APP006618,2023-03-25,Train,Car Purchase,18500,24,Branch,NSW,Part-Time,28075.09,0.0278,590,Standard,Approve - Standard Terms,0
APP008587,2024-02-19,Train,Debt Consolidation,26000,36,Online,VIC,Full-Time,45490.41,0.0227,596,Standard,Approve - Standard Terms,0
APP000897,2023-08-05,Train,Other,35000,48,Online,VIC,Full-Time,81531.32,0.0189,601,Preferred,Approve - Preferred Pricing,0
APP004881,2023-09-21,Train,Debt Consolidation,14500,36,Online,VIC,Full-Time,58660.09,0.0189,601,Preferred,Approve - Preferred Pricing,0
APP005096,2023-03-10,Train,Other,18500,60,Broker,WA,Full-Time,56533.03,0.0768,559,Decline,Decline,1
APP003822,2024-02-20,Train,Home Renovation,31500,60,Broker,NSW,Part-Time,27912.44,0.037,581,High Risk - Refer,Refer to Manual Underwriting,0
APP006666,2023-04-29,Train,Home Renovation,3500,60,Online,WA,Full-Time,90450.73,0.0258,592,Standard,Approve - Standard Terms,0
APP004968,2023-08-30,Train,Debt Consolidation,5000,24,Branch,SA,Self-Employed,67708.88,0.0229,595,Standard,Approve - Standard Terms,0
APP002578,2023-07-08,Train,Wedding,46000,36,Broker,VIC,Full-Time,88258.86,0.054,570,High Risk - Refer,Refer to Manual Underwriting,0
APP004397,2024-02-21,Train,Car Purchase,15500,48,Branch,QLD,Full-Time,76643.96,0.0236,595,Standard,Approve - Standard Terms,0
APP004645,2024-03-04,Train,Wedding,32500,12,Branch,VIC,Casual,30433.59,0.0394,579,High Risk - Refer,Refer to Manual Underwriting,0
APP006455,2023-12-29,Train,Debt Consolidation,39500,24,Online,VIC,Full-Time,116676.32,0.0177,603,Preferred,Approve - Preferred Pricing,0
APP001480,2023-07-18,Train,Wedding,42500,36,Online,VIC,Full-Time,65387.7,0.0303,587,Standard,Approve - Standard Terms,0
APP008689,2024-02-09,Train,Wedding,23500,48,Broker,NSW,Casual,29483.31,0.0344,583,Standard,Approve - Standard Terms,0
APP001816,2023-05-01,Train,Travel,43500,36,Branch,NSW,Casual,49798.3,0.0643,564,Decline,Decline,0
APP007081,2023-11-12,Train,Travel,34500,60,Broker,VIC,Full-Time,86780.08,0.0236,595,Standard,Approve - Standard Terms,0
APP005315,2023-03-30,Train,Home Renovation,26000,36,Online,NSW,Casual,15000.0,0.0258,592,Standard,Approve - Standard Terms,0
APP002282,2023-03-09,Train,Car Purchase,15000,60,Broker,NSW,Full-Time,43324.66,0.0344,583,High Risk - Refer,Refer to Manual Underwriting,0
APP005220,2023-09-10,Train,Debt Consolidation,32500,60,Branch,NSW,Full-Time,40553.66,0.0236,595,Standard,Approve - Standard Terms,0
APP002026,2023-11-04,Train,Car Purchase,32000,24,Online,NSW,Part-Time,48880.33,0.037,581,High Risk - Refer,Refer to Manual Underwriting,0
APP001877,2023-09-21,Train,Debt Consolidation,43500,24,Online,QLD,Full-Time,105873.45,0.0189,601,Preferred,Approve - Preferred Pricing,0
APP004310,2023-03-13,Train,Car Purchase,35500,48,Broker,VIC,Full-Time,83021.15,0.0177,603,Preferred,Approve - Preferred Pricing,0
APP008027,2023-01-06,Train,Home Renovation,15000,48,Online,SA,Full-Time,39222.07,0.1785,531,Decline,Decline,0
APP000700,2023-05-21,Train,Home Renovation,14500,60,Branch,NSW,Self-Employed,75552.32,0.0289,588,Standard,Approve - Standard Terms,0
APP007199,2023-05-26,Train,Travel,10000,48,Online,VIC,Full-Time,92830.07,0.0189,601,Preferred,Approve - Preferred Pricing,0
APP000103,2023-06-29,Train,Debt Consolidation,33000,36,Online,NSW,Full-Time,85300.62,0.0474,574,High Risk - Refer,Refer to Manual Underwriting,0
APP002695,2023-08-04,Train,Wedding,16500,24,Online,SA,Self-Employed,67696.57,0.0387,580,High Risk - Refer,Refer to Manual Underwriting,0
APP008531,2023-11-12,Train,Debt Consolidation,40500,36,Broker,QLD,Full-Time,63280.07,0.0189,601,Preferred,Approve - Preferred Pricing,0
APP008913,2023-07-27,Train,Debt Consolidation,37000,24,Online,QLD,Unemployed,16032.83,0.3001,512,Decline,Decline,1
APP002936,2024-03-19,Train,Car Purchase,3500,24,Online,VIC,Full-Time,82660.18,0.0258,592,Standard,Approve - Standard Terms,0
APP002307,2024-01-30,Train,Car Purchase,27000,24,Broker,WA,Self-Employed,68930.84,0.0201,599,Preferred,Approve - Preferred Pricing,0
APP000583,2023-12-09,Train,Car Purchase,23000,36,Online,NSW,Part-Time,39932.55,0.037,581,High Risk - Refer,Refer to Manual Underwriting,0
APP005279,2024-01-06,Train,Debt Consolidation,30500,36,Online,NSW,Full-Time,99316.32,0.0177,603,Preferred,Approve - Preferred Pricing,0
APP006357,2024-01-26,Train,Travel,32000,24,Branch,NSW,Full-Time,102071.17,0.0258,592,Standard,Approve - Standard Terms,0
APP007337,2024-01-02,Train,Home Renovation,33000,24,Branch,VIC,Self-Employed,57510.13,0.0156,607,Premium,Approve - Premium Pricing,0
APP003232,2023-07-22,Train,Debt Consolidation,9000,24,Online,QLD,Part-Time,45678.77,0.0297,588,Standard,Approve - Standard Terms,0
APP002242,2023-01-18,Train,Car Purchase,33500,48,Online,QLD,Full-Time,71557.44,0.0258,592,Standard,Approve - Standard Terms,0
APP008638,2023-05-03,Train,Car Purchase,15000,36,Branch,VIC,Self-Employed,55182.05,0.0156,607,Premium,Approve - Premium Pricing,0
APP001453,2024-03-14,Train,Car Purchase,45500,48,Online,VIC,Full-Time,50061.07,0.0236,595,Standard,Approve - Standard Terms,0
APP003687,2023-01-24,Train,Debt Consolidation,46500,36,Branch,NSW,Full-Time,71544.04,0.0344,583,High Risk - Refer,Refer to Manual Underwriting,0
APP002487,2023-10-29,Train,Debt Consolidation,35500,36,Online,TAS,Part-Time,44472.65,0.0326,585,Standard,Approve - Standard Terms,0
APP007800,2024-03-26,Train,Travel,35500,12,Broker,VIC,Full-Time,30664.7,0.0418,578,High Risk - Refer,Refer to Manual Underwriting,1
APP007208,2023-07-08,Train,Debt Consolidation,43500,36,Online,QLD,Full-Time,74210.26,0.0394,579,High Risk - Refer,Refer to Manual Underwriting,0
APP002444,2023-08-18,Train,Wedding,17500,48,Online,VIC,Full-Time,113054.21,0.0177,603,Preferred,Approve - Preferred Pricing,0
APP007115,2023-12-09,Train,Debt Consolidation,26000,36,Broker,NSW,Full-Time,79100.6,0.0768,559,Decline,Decline,0
APP000913,2023-01-25,Train,Medical,30500,12,Online,NSW,Full-Time,50473.7,0.0344,583,High Risk - Refer,Refer to Manual Underwriting,0
APP007828,2023-09-02,Train,Travel,19500,60,Branch,NSW,Full-Time,94355.5,0.0297,588,Standard,Approve - Standard Terms,0
APP006831,2023-12-08,Train,Debt Consolidation,24500,12,Online,NSW,Full-Time,75560.45,0.0189,601,Preferred,Approve - Preferred Pricing,0
APP004316,2024-02-06,Train,Debt Consolidation,7500,60,Branch,VIC,Full-Time,58440.64,0.0303,587,Standard,Approve - Standard Terms,0
APP004118,2023-04-02,Train,Debt Consolidation,46000,60,Broker,NSW,Part-Time,39355.99,0.0603,566,Decline,Decline,0
APP004873,2023-09-07,Train,Debt Consolidation,40500,60,Online,NSW,Casual,18185.53,0.0227,596,Preferred,Approve - Preferred Pricing,0
APP005967,2023-04-04,Train,Home Renovation,14000,48,Branch,NSW,Full-Time,109209.73,0.0177,603,Preferred,Approve - Preferred Pricing,0
APP007252,2023-03-27,Train,Home Renovation,26000,36,Broker,QLD,Self-Employed,36112.97,0.0427,577,High Risk - Refer,Refer to Manual Underwriting,0
APP007090,2023-05-14,Train,Travel,48500,60,Online,QLD,Self-Employed,61575.2,0.0305,587,Standard,Approve - Standard Terms,0
APP004688,2023-01-12,Train,Car Purchase,7500,36,Online,SA,Casual,43444.51,0.0344,583,Standard,Approve - Standard Terms,0
APP007683,2023-07-26,Train,Travel,32500,48,Broker,QLD,Full-Time,91152.53,0.0189,601,Preferred,Approve - Preferred Pricing,0
APP000886,2023-12-31,Train,Debt Consolidation,31500,60,Branch,NSW,Full-Time,105160.36,0.0258,592,Standard,Approve - Standard Terms,0
APP000587,2023-02-18,Train,Debt Consolidation,33500,36,Broker,SA,Part-Time,27860.88,0.0424,577,High Risk - Refer,Refer to Manual Underwriting,0
APP006342,2024-01-20,Train,Debt Consolidation,26500,60,Broker,NSW,Self-Employed,66888.79,0.0209,598,Preferred,Approve - Preferred Pricing,0
APP001482,2023-08-28,Train,Car Purchase,10000,24,Broker,WA,Part-Time,29570.85,0.0603,566,Decline,Decline,0
APP004969,2024-01-05,Train,Home Renovation,13000,48,Branch,NSW,Full-Time,53878.51,0.1351,541,Decline,Decline,1
APP008384,2023-05-22,Train,Debt Consolidation,32500,48,Online,NSW,Full-Time,48049.88,0.0394,579,High Risk - Refer,Refer to Manual Underwriting,1
APP002811,2023-08-21,Train,Home Renovation,28000,60,Online,VIC,Part-Time,36067.95,0.037,581,High Risk - Refer,Refer to Manual Underwriting,0
APP000142,2023-11-02,Train,Debt Consolidation,6500,24,Online,NSW,Self-Employed,68472.12,0.0167,605,Premium,Approve - Premium Pricing,0
APP001889,2023-12-08,Train,Other,28500,48,Online,QLD,Part-Time,47568.68,0.0528,570,High Risk - Refer,Refer to Manual Underwriting,0
APP005575,2023-09-04,Train,Car Purchase,40000,24,Online,NSW,Full-Time,69455.89,0.0243,594,Standard,Approve - Standard Terms,0
APP001671,2023-06-08,Train,Debt Consolidation,20500,24,Branch,NSW,Full-Time,85432.93,0.0276,590,Standard,Approve - Standard Terms,0
APP006526,2023-07-06,Train,Wedding,5500,48,Broker,VIC,Full-Time,22806.92,0.0344,583,High Risk - Refer,Refer to Manual Underwriting,0
APP004018,2024-01-25,Train,Travel,26500,60,Branch,QLD,Full-Time,42589.26,0.0433,576,High Risk - Refer,Refer to Manual Underwriting,0
APP006609,2023-01-07,Train,Wedding,17000,36,Broker,QLD,Full-Time,85229.34,0.0189,601,Preferred,Approve - Preferred Pricing,0
APP004516,2023-02-26,Train,Car Purchase,33500,48,Online,NSW,Self-Employed,57054.23,0.035,583,High Risk - Refer,Refer to Manual Underwriting,0
APP001370,2023-04-06,Train,Debt Consolidation,16000,60,Branch,SA,Full-Time,36041.31,0.0408,578,High Risk - Refer,Refer to Manual Underwriting,0
APP003010,2023-06-11,Train,Home Renovation,22000,24,Branch,VIC,Casual,25324.57,0.0433,576,High Risk - Refer,Refer to Manual Underwriting,0
APP008171,2023-06-21,Train,Home Renovation,13500,48,Online,SA,Full-Time,84694.17,0.0303,587,Standard,Approve - Standard Terms,0
APP001084,2023-03-06,Train,Home Renovation,29500,24,Online,NSW,Full-Time,42940.21,0.0276,590,Standard,Approve - Standard Terms,0
APP005304,2024-03-01,Train,Other,10500,60,Online,NSW,Full-Time,112221.94,0.0258,592,Standard,Approve - Standard Terms,0
APP000067,2023-07-24,Train,Debt Consolidation,47500,24,Online,VIC,Full-Time,99633.09,0.0344,583,High Risk - Refer,Refer to Manual Underwriting,0
APP001001,2023-12-26,Train,Car Purchase,47500,48,Online,VIC,Full-Time,129578.96,0.0189,601,Preferred,Approve - Preferred Pricing,0
APP006190,2023-12-18,Train,Debt Consolidation,47500,36,Broker,NSW,Casual,30847.55,0.0542,570,High Risk - Refer,Refer to Manual Underwriting,0
APP001511,2023-06-06,Train,Medical,15000,36,Broker,NSW,Self-Employed,118283.5,0.0209,598,Preferred,Approve - Preferred Pricing,0
APP000438,2024-03-25,Train,Other,25500,48,Broker,VIC,Full-Time,70489.18,0.0227,596,Standard,Approve - Standard Terms,0
APP001525,2023-07-27,Train,Car Purchase,36500,24,Broker,VIC,Full-Time,81506.23,0.0236,595,Standard,Approve - Standard Terms,1
APP003318,2024-02-24,Train,Wedding,19500,48,Branch,NT,Self-Employed,108235.83,0.0167,605,Premium,Approve - Premium Pricing,0
APP007850,2023-02-22,Train,Debt Consolidation,35000,60,Broker,NSW,Self-Employed,39584.17,0.0167,605,Premium,Approve - Premium Pricing,0
APP008301,2023-01-29,Train,Debt Consolidation,47500,36,Online,WA,Full-Time,67845.44,0.0189,601,Preferred,Approve - Preferred Pricing,0
APP007785,2023-09-05,Train,Debt Consolidation,10000,24,Online,SA,Full-Time,67574.09,0.0258,592,Standard,Approve - Standard Terms,0
APP006224,2023-10-14,Train,Debt Consolidation,42500,12,Online,NSW,Self-Employed,42447.18,0.0599,567,High Risk - Refer,Refer to Manual Underwriting,0
APP000454,2023-02-01,Train,Wedding,43000,36,Branch,NSW,Full-Time,73694.79,0.0258,592,Standard,Approve - Standard Terms,0
APP004654,2023-02-23,Train,Home Renovation,3000,60,Broker,NSW,Full-Time,100241.76,0.0189,601,Preferred,Approve - Preferred Pricing,0
APP000750,2023-12-28,Train,Medical,7500,60,Online,QLD,Full-Time,73031.91,0.0177,603,Preferred,Approve - Preferred Pricing,0
APP001319,2024-02-17,Train,Home Renovation,3000,60,Online,NSW,Full-Time,98644.83,0.0344,583,High Risk - Refer,Refer to Manual Underwriting,0
APP002442,2024-01-30,Train,Car Purchase,9500,36,Branch,NSW,Full-Time,101282.89,0.0236,595,Standard,Approve - Standard Terms,0
APP004241,2023-08-31,Train,Car Purchase,44000,12,Branch,QLD,Casual,29744.58,0.0344,583,Standard,Approve - Standard Terms,0
APP007708,2024-01-22,Train,Car Purchase,45500,24,Online,NSW,Casual,18320.92,0.054,570,High Risk - Refer,Refer to Manual Underwriting,0
APP006701,2023-08-02,Train,Debt Consolidation,10000,60,Online,TAS,Full-Time,35026.16,0.0236,595,Standard,Approve - Standard Terms,0
APP001765,2023-04-04,Train,Car Purchase,8000,24,Broker,WA,Full-Time,73906.23,0.0189,601,Preferred,Approve - Preferred Pricing,0
APP000204,2023-09-22,Train,Wedding,22500,36,Branch,NSW,Unemployed,28050.79,0.0706,562,Decline,Decline,1
APP007357,2023-12-10,Train,Home Renovation,39000,24,Online,QLD,Casual,41348.72,0.0481,573,High Risk - Refer,Refer to Manual Underwriting,0
APP002694,2023-03-11,Train,Medical,9000,36,Branch,NSW,Self-Employed,59932.33,0.0209,598,Preferred,Approve - Preferred Pricing,0
APP008697,2023-09-02,Train,Debt Consolidation,2500,36,Online,QLD,Part-Time,51221.92,0.0341,584,Standard,Approve - Standard Terms,0
APP005437,2024-03-29,Train,Debt Consolidation,22500,48,Online,VIC,Full-Time,42100.17,0.0236,595,Standard,Approve - Standard Terms,0
APP005317,2023-09-12,Train,Car Purchase,32000,48,Broker,WA,Full-Time,47157.11,0.0258,592,Standard,Approve - Standard Terms,0
APP005733,2023-12-03,Train,Debt Consolidation,17000,24,Broker,NSW,Unemployed,25019.3,0.235,521,Decline,Decline,0
APP003065,2023-08-04,Train,Debt Consolidation,35500,48,Branch,NSW,Part-Time,34389.45,0.0203,599,Preferred,Approve - Preferred Pricing,0
APP007902,2023-04-18,Train,Travel,16500,36,Branch,VIC,Self-Employed,61215.38,0.0156,607,Premium,Approve - Premium Pricing,0
APP000372,2023-07-28,Train,Debt Consolidation,47000,60,Online,WA,Full-Time,89220.48,0.0189,601,Preferred,Approve - Preferred Pricing,0
APP002365,2023-12-31,Train,Other,15000,24,Branch,WA,Full-Time,63293.45,0.0303,587,Standard,Approve - Standard Terms,0
APP008484,2023-12-02,Train,Medical,12000,36,Online,NSW,Part-Time,27999.32,0.0603,566,Decline,Decline,0
APP006040,2023-11-15,Train,Debt Consolidation,47000,60,Branch,WA,Full-Time,80937.01,0.0297,588,Standard,Approve - Standard Terms,1
APP004150,2024-03-01,Train,Car Purchase,5500,48,Online,QLD,Full-Time,68493.93,0.0189,601,Preferred,Approve - Preferred Pricing,0
APP005793,2023-05-18,Train,Debt Consolidation,10500,48,Branch,VIC,Unemployed,25148.31,0.1858,530,Decline,Decline,0
APP006752,2023-12-14,Train,Home Renovation,46500,36,Branch,VIC,Full-Time,89802.94,0.0276,590,Standard,Approve - Standard Terms,0
APP002312,2024-01-27,Train,Travel,13000,36,Online,VIC,Full-Time,92601.81,0.0276,590,Standard,Approve - Standard Terms,0
APP001163,2023-11-28,Train,Wedding,17500,12,Broker,WA,Full-Time,94104.24,0.0189,601,Preferred,Approve - Preferred Pricing,0
APP004372,2023-08-27,Train,Debt Consolidation,47000,60,Online,VIC,Self-Employed,87385.7,0.0156,607,Premium,Approve - Premium Pricing,1
APP003781,2023-11-24,Train,Debt Consolidation,45500,36,Broker,NSW,Self-Employed,66387.95,0.0289,588,Standard,Approve - Standard Terms,0
APP003215,2023-03-15,Train,Debt Consolidation,37500,36,Online,VIC,Part-Time,32443.13,0.0254,592,Standard,Approve - Standard Terms,0
APP006078,2024-03-25,Train,Wedding,22000,60,Online,SA,Self-Employed,73584.7,0.0209,598,Preferred,Approve - Preferred Pricing,0
APP003753,2023-07-22,Train,Wedding,18000,12,Branch,NSW,Casual,35628.6,0.0738,560,Decline,Decline,0
APP002726,2023-08-14,Train,Debt Consolidation,38500,24,Broker,NSW,Self-Employed,83232.37,0.0229,595,Standard,Approve - Standard Terms,0
APP001178,2023-09-17,Train,Car Purchase,27000,36,Online,SA,Full-Time,82588.83,0.0189,601,Preferred,Approve - Preferred Pricing,0
APP007012,2024-01-01,Train,Car Purchase,34500,48,Online,VIC,Unemployed,20118.27,0.0821,557,Decline,Decline,0
APP002369,2023-07-07,Train,Wedding,3500,24,Online,SA,Full-Time,58597.68,0.0344,583,High Risk - Refer,Refer to Manual Underwriting,0
APP006730,2023-09-18,Train,Car Purchase,43000,36,Online,QLD,Full-Time,85065.89,0.0189,601,Preferred,Approve - Preferred Pricing,0
APP002571,2023-01-27,Train,Other,30500,12,Branch,WA,Full-Time,59701.12,0.0408,578,High Risk - Refer,Refer to Manual Underwriting,0
APP007273,2024-02-15,Train,Home Renovation,44500,36,Online,VIC,Full-Time,21182.86,0.0768,559,Decline,Decline,0
APP000641,2023-02-26,Train,Travel,7500,48,Online,SA,Full-Time,66419.1,0.0258,592,Standard,Approve - Standard Terms,0
APP006627,2023-10-23,Train,Home Renovation,17000,36,Online,NSW,Full-Time,114547.76,0.0189,601,Preferred,Approve - Preferred Pricing,0
APP002006,2024-02-13,Train,Debt Consolidation,15500,36,Branch,NSW,Casual,44663.17,0.0227,596,Preferred,Approve - Preferred Pricing,0
APP001900,2024-01-21,Train,Debt Consolidation,40500,36,Branch,WA,Full-Time,80937.01,0.0227,596,Standard,Approve - Standard Terms,0
APP004986,2023-07-22,Train,Other,48000,36,Broker,SA,Full-Time,87314.33,0.0189,601,Preferred,Approve - Preferred Pricing,0
APP002338,2023-05-01,Train,Home Renovation,4500,24,Online,SA,Casual,39921.13,0.0394,579,High Risk - Refer,Refer to Manual Underwriting,0
APP006927,2023-01-02,Train,Debt Consolidation,48000,24,Online,NSW,Unemployed,25019.3,0.1405,539,Decline,Decline,0
APP006192,2023-01-26,Train,Car Purchase,43000,24,Online,VIC,Part-Time,36801.13,0.037,581,High Risk - Refer,Refer to Manual Underwriting,0
APP006284,2023-03-27,Train,Car Purchase,40500,48,Online,QLD,Full-Time,53371.29,0.0243,594,Standard,Approve - Standard Terms,0
APP004183,2023-10-12,Train,Debt Consolidation,32000,24,Broker,QLD,Full-Time,70068.15,0.0411,578,High Risk - Refer,Refer to Manual Underwriting,0
APP007160,2023-10-26,Train,Medical,33000,48,Broker,NSW,Full-Time,95928.56,0.0189,601,Preferred,Approve - Preferred Pricing,0
APP002278,2023-07-04,Train,Car Purchase,19500,48,Branch,NSW,Full-Time,64598.49,0.0303,587,Standard,Approve - Standard Terms,0
APP004155,2023-07-10,Train,Travel,16500,60,Online,WA,Full-Time,59885.7,0.0276,590,Standard,Approve - Standard Terms,0
APP006182,2024-03-14,Train,Home Renovation,34000,36,Broker,VIC,Part-Time,72573.55,0.0203,599,Preferred,Approve - Preferred Pricing,0
APP004141,2023-08-28,Train,Car Purchase,37500,48,Broker,VIC,Full-Time,55120.55,0.0189,601,Preferred,Approve - Preferred Pricing,0
APP000165,2023-08-20,Train,Debt Consolidation,10500,48,Branch,NSW,Self-Employed,60103.17,0.0229,595,Standard,Approve - Standard Terms,0
APP006186,2024-02-09,Train,Wedding,15500,24,Online,SA,Full-Time,98047.66,0.0303,587,Standard,Approve - Standard Terms,0
APP008137,2023-08-06,Train,Home Renovation,44000,12,Branch,NSW,Full-Time,98490.42,0.0189,601,Preferred,Approve - Preferred Pricing,0
APP007857,2023-09-21,Train,Medical,45500,48,Branch,QLD,Self-Employed,86607.14,0.0156,607,Premium,Approve - Premium Pricing,0
APP008275,2024-03-03,Train,Home Renovation,33000,48,Online,VIC,Casual,41024.74,0.054,570,High Risk - Refer,Refer to Manual Underwriting,0
APP008994,2023-07-29,Train,Medical,38000,24,Online,WA,Unemployed,26663.43,0.0805,557,Decline,Decline,0
APP001848,2023-01-13,Train,Home Renovation,2000,24,Branch,QLD,Casual,22840.3,0.0303,587,Standard,Approve - Standard Terms,0
APP008430,2023-04-04,Train,Home Renovation,24000,36,Online,VIC,Casual,32761.98,0.0562,569,High Risk - Refer,Refer to Manual Underwriting,0
APP008803,2023-02-15,Train,Debt Consolidation,24500,48,Broker,NSW,Part-Time,40629.67,0.1109,547,Decline,Decline,0
APP002087,2023-10-01,Train,Other,2000,36,Online,SA,Casual,25261.43,0.0276,590,Standard,Approve - Standard Terms,0
APP004726,2023-02-07,Train,Car Purchase,27500,48,Branch,QLD,Self-Employed,94623.66,0.0684,562,Decline,Decline,0
APP000461,2023-12-28,Train,Home Renovation,13000,24,Branch,SA,Full-Time,78412.53,0.0344,583,High Risk - Refer,Refer to Manual Underwriting,0
APP000278,2023-04-06,Train,Travel,9500,36,Branch,SA,Full-Time,32035.55,0.0344,583,High Risk - Refer,Refer to Manual Underwriting,0
APP003665,2023-03-19,Train,Car Purchase,25500,24,Broker,QLD,Part-Time,35659.73,0.037,581,High Risk - Refer,Refer to Manual Underwriting,0
APP004579,2023-09-10,Train,Medical,20000,24,Online,NSW,Full-Time,117913.8,0.0189,601,Preferred,Approve - Preferred Pricing,0
APP000780,2023-09-20,Train,Travel,27500,48,Online,NSW,Full-Time,87630.64,0.0189,601,Preferred,Approve - Preferred Pricing,0
APP003176,2023-04-10,Train,Debt Consolidation,33500,24,Online,NSW,Full-Time,95990.85,0.0177,603,Preferred,Approve - Preferred Pricing,0
APP007073,2023-09-14,Train,Home Renovation,5000,48,Branch,NSW,Part-Time,56359.32,0.0278,590,Standard,Approve - Standard Terms,0
APP005405,2023-02-01,Train,Medical,20500,60,Online,QLD,Self-Employed,30183.86,0.0269,591,Standard,Approve - Standard Terms,0
APP006735,2023-06-19,Train,Car Purchase,2000,36,Broker,NSW,Full-Time,92850.35,0.0297,588,Standard,Approve - Standard Terms,0
APP008033,2024-01-01,Train,Medical,40000,24,Online,NSW,Casual,56099.7,0.0258,592,Standard,Approve - Standard Terms,0
APP000899,2023-06-26,Train,Home Renovation,17500,36,Branch,QLD,Part-Time,47827.29,0.0909,554,Decline,Decline,0
APP008011,2024-03-07,Train,Medical,39500,48,Online,VIC,Full-Time,104380.18,0.0189,601,Preferred,Approve - Preferred Pricing,0
APP002818,2023-10-30,Train,Car Purchase,44500,60,Broker,NSW,Part-Time,39354.39,0.0707,561,Decline,Decline,0
APP001964,2023-03-13,Train,Travel,22000,60,Online,SA,Full-Time,108000.67,0.0344,583,High Risk - Refer,Refer to Manual Underwriting,0
APP008590,2024-03-20,Train,Car Purchase,4500,24,Online,QLD,Full-Time,79764.09,0.0189,601,Preferred,Approve - Preferred Pricing,0
APP001252,2023-11-17,Train,Car Purchase,10000,24,Online,SA,Full-Time,91209.64,0.0236,595,Standard,Approve - Standard Terms,0
APP005623,2024-03-31,Train,Debt Consolidation,36000,36,Broker,TAS,Part-Time,54887.8,0.019,601,Preferred,Approve - Preferred Pricing,0
APP000660,2023-01-01,Train,Car Purchase,7500,48,Online,QLD,Full-Time,61085.83,0.0768,559,Decline,Decline,0
APP001042,2024-02-24,Train,Debt Consolidation,23000,36,Online,QLD,Full-Time,103450.0,0.0344,583,High Risk - Refer,Refer to Manual Underwriting,0
APP007280,2023-01-01,Train,Car Purchase,45000,60,Broker,NSW,Part-Time,44159.76,0.0319,586,Standard,Approve - Standard Terms,0
APP003342,2024-03-24,Train,Home Renovation,14000,48,Branch,QLD,Full-Time,75122.93,0.0236,595,Standard,Approve - Standard Terms,0
APP003859,2023-07-25,Train,Travel,17500,36,Online,VIC,Full-Time,68068.92,0.0236,595,Standard,Approve - Standard Terms,0
APP007861,2023-03-21,Train,Home Renovation,39000,24,Branch,SA,Full-Time,67100.15,0.0418,578,High Risk - Refer,Refer to Manual Underwriting,0
APP007459,2023-03-23,Train,Home Renovation,21000,48,Online,QLD,Part-Time,35706.91,0.037,581,High Risk - Refer,Refer to Manual Underwriting,0
APP002699,2023-12-14,Train,Debt Consolidation,6500,24,Online,SA,Full-Time,32254.91,0.0227,596,Standard,Approve - Standard Terms,0
APP007783,2023-06-12,Train,Debt Consolidation,20000,60,Branch,NSW,Casual,31795.27,0.0433,576,High Risk - Refer,Refer to Manual Underwriting,0
APP007997,2023-12-15,Train,Debt Consolidation,20500,60,Online,QLD,Full-Time,74023.22,0.0236,595,Standard,Approve - Standard Terms,0
APP003782,2023-11-23,Train,Debt Consolidation,30000,48,Online,QLD,Full-Time,72748.87,0.0189,601,Preferred,Approve - Preferred Pricing,0
APP002378,2023-03-19,Train,Travel,47000,36,Broker,NSW,Full-Time,89587.9,0.0177,603,Preferred,Approve - Preferred Pricing,0
APP003120,2023-09-14,Train,Car Purchase,28500,60,Online,VIC,Self-Employed,63594.41,0.035,583,High Risk - Refer,Refer to Manual Underwriting,0
APP004160,2023-05-03,Train,Medical,43500,36,Online,VIC,Part-Time,23023.28,0.0326,585,Standard,Approve - Standard Terms,1
APP007329,2023-08-24,Train,Travel,12000,12,Online,NSW,Full-Time,106486.54,0.0394,579,High Risk - Refer,Refer to Manual Underwriting,0
APP007126,2023-12-31,Train,Debt Consolidation,38000,36,Broker,NSW,Self-Employed,47120.93,0.0156,607,Premium,Approve - Premium Pricing,0
APP001357,2024-01-20,Train,Car Purchase,21000,36,Broker,QLD,Full-Time,95567.36,0.0258,592,Standard,Approve - Standard Terms,0
APP004692,2023-07-17,Train,Car Purchase,35000,36,Online,NSW,Full-Time,42923.03,0.037,581,High Risk - Refer,Refer to Manual Underwriting,0
APP003034,2023-07-22,Train,Debt Consolidation,13500,36,Online,QLD,Full-Time,90906.95,0.0408,578,High Risk - Refer,Refer to Manual Underwriting,0
APP000574,2023-07-10,Train,Home Renovation,25500,24,Online,QLD,Full-Time,79383.93,0.0303,587,Standard,Approve - Standard Terms,0
APP001957,2023-12-30,Train,Home Renovation,4000,60,Broker,NSW,Full-Time,78879.25,0.0394,579,High Risk - Refer,Refer to Manual Underwriting,0
APP006875,2023-06-09,Train,Debt Consolidation,2500,36,Broker,WA,Full-Time,41524.38,0.0189,601,Preferred,Approve - Preferred Pricing,0
APP000955,2023-05-21,Train,Medical,27000,12,Online,NSW,Full-Time,80074.33,0.0276,590,Standard,Approve - Standard Terms,0
APP007701,2023-06-07,Train,Travel,5500,24,Broker,VIC,Self-Employed,57033.29,0.0167,605,Premium,Approve - Premium Pricing,0
APP006016,2023-04-18,Train,Wedding,45000,60,Branch,QLD,Full-Time,52043.26,0.0189,601,Preferred,Approve - Preferred Pricing,0
APP007838,2023-12-23,Train,Car Purchase,29500,36,Branch,NSW,Self-Employed,54983.82,0.0156,607,Premium,Approve - Premium Pricing,0
APP002741,2023-07-21,Train,Other,39000,36,Broker,VIC,Full-Time,58480.07,0.0189,601,Preferred,Approve - Preferred Pricing,0
APP002769,2023-02-27,Train,Wedding,22000,36,Online,NSW,Self-Employed,65212.98,0.035,583,High Risk - Refer,Refer to Manual Underwriting,0
APP005258,2023-02-18,Train,Other,36500,24,Branch,NSW,Casual,34578.53,0.0344,583,Standard,Approve - Standard Terms,0
APP006739,2023-01-22,Train,Debt Consolidation,4500,60,Broker,VIC,Self-Employed,62610.23,0.0305,587,Standard,Approve - Standard Terms,0
APP002255,2023-08-09,Train,Medical,36500,36,Branch,QLD,Full-Time,59605.63,0.0784,558,Decline,Decline,1
APP007712,2023-04-18,Train,Car Purchase,35000,36,Online,WA,Full-Time,93668.14,0.0276,590,Standard,Approve - Standard Terms,0
APP002071,2023-10-04,Train,Car Purchase,35000,48,Branch,WA,Full-Time,64810.61,0.0303,587,Standard,Approve - Standard Terms,0
APP005247,2023-01-19,Train,Medical,39500,60,Branch,NSW,Full-Time,95990.85,0.0276,590,Standard,Approve - Standard Terms,0
APP007690,2024-03-09,Train,Debt Consolidation,24000,12,Broker,WA,Casual,54045.46,0.0394,579,High Risk - Refer,Refer to Manual Underwriting,0
APP003951,2023-11-02,Train,Travel,42500,48,Branch,NSW,Casual,37815.02,0.0394,579,High Risk - Refer,Refer to Manual Underwriting,0
APP003975,2023-07-22,Train,Debt Consolidation,44000,24,Online,QLD,Part-Time,45678.77,0.019,601,Preferred,Approve - Preferred Pricing,0
APP000652,2023-06-22,Train,Debt Consolidation,40000,24,Branch,VIC,Full-Time,71211.21,0.0189,601,Preferred,Approve - Preferred Pricing,0
APP006846,2023-10-08,Train,Car Purchase,45000,48,Online,QLD,Self-Employed,82956.86,0.0167,605,Premium,Approve - Premium Pricing,0
APP005392,2023-10-27,Train,Medical,8000,36,Broker,VIC,Unemployed,22065.38,0.0881,555,Decline,Decline,0
APP001234,2024-01-08,Train,Car Purchase,18500,12,Online,TAS,Full-Time,83030.64,0.0344,583,High Risk - Refer,Refer to Manual Underwriting,0
APP003186,2023-05-21,Train,Home Renovation,24000,60,Broker,QLD,Full-Time,76793.91,0.0189,601,Preferred,Approve - Preferred Pricing,0
APP006361,2023-09-16,Train,Debt Consolidation,37000,60,Broker,WA,Full-Time,71035.16,0.0258,592,Standard,Approve - Standard Terms,0
APP000479,2023-07-11,Train,Car Purchase,24000,36,Online,VIC,Part-Time,47701.94,0.0254,592,Standard,Approve - Standard Terms,0
APP006910,2023-10-18,Train,Debt Consolidation,10000,60,Branch,VIC,Full-Time,99073.48,0.0236,595,Standard,Approve - Standard Terms,0
APP006732,2023-06-10,Train,Debt Consolidation,23500,36,Online,QLD,Full-Time,72573.11,0.0326,585,Standard,Approve - Standard Terms,0
APP002414,2023-06-10,Train,Debt Consolidation,39000,36,Online,QLD,Full-Time,105153.4,0.0177,603,Preferred,Approve - Preferred Pricing,0
APP008829,2023-02-07,Train,Home Renovation,33500,24,Online,NSW,Full-Time,86607.38,0.0189,601,Preferred,Approve - Preferred Pricing,0
APP002144,2023-09-25,Train,Debt Consolidation,43500,36,Online,QLD,Self-Employed,60773.58,0.0156,607,Premium,Approve - Premium Pricing,0
APP007336,2023-05-02,Train,Home Renovation,38500,36,Online,NSW,Full-Time,94982.94,0.0243,594,Standard,Approve - Standard Terms,0
APP008116,2023-12-15,Train,Travel,12500,24,Branch,SA,Full-Time,86085.12,0.0177,603,Preferred,Approve - Preferred Pricing,0
APP003310,2023-11-24,Train,Travel,23500,48,Online,SA,Full-Time,121917.02,0.0236,595,Standard,Approve - Standard Terms,0
APP004450,2023-07-22,Train,Car Purchase,48500,36,Broker,QLD,Self-Employed,51607.97,0.0245,593,Standard,Approve - Standard Terms,0
APP007953,2023-11-08,Train,Car Purchase,21500,36,Broker,QLD,Full-Time,55498.83,0.0474,574,High Risk - Refer,Refer to Manual Underwriting,1
APP001249,2023-12-01,Train,Home Renovation,18500,36,Online,VIC,Full-Time,65863.2,0.0258,592,Standard,Approve - Standard Terms,0
APP000116,2023-07-24,Train,Debt Consolidation,3500,36,Online,VIC,Part-Time,39670.1,0.019,601,Preferred,Approve - Preferred Pricing,0
APP007134,2023-11-13,Train,Travel,19000,48,Online,VIC,Part-Time,46214.61,0.0792,558,Decline,Decline,0
APP002440,2023-05-04,Train,Travel,34500,36,Broker,VIC,Self-Employed,59190.93,0.0245,593,Standard,Approve - Standard Terms,0
APP006263,2024-03-30,Train,Medical,8000,60,Online,QLD,Full-Time,88161.77,0.0276,590,Standard,Approve - Standard Terms,0
APP008862,2023-11-12,Train,Home Renovation,41500,24,Online,VIC,Full-Time,23802.23,0.0297,588,Standard,Approve - Standard Terms,0
APP006569,2023-01-31,Train,Debt Consolidation,40500,60,Online,NSW,Full-Time,68147.89,0.0394,579,High Risk - Refer,Refer to Manual Underwriting,1
APP001544,2023-10-08,Train,Debt Consolidation,12500,36,Online,NSW,Casual,26866.53,0.0738,560,Decline,Decline,0
APP003528,2023-07-22,Train,Debt Consolidation,41500,36,Online,VIC,Self-Employed,69445.65,0.0245,593,Standard,Approve - Standard Terms,0
APP003854,2023-01-14,Train,Car Purchase,3000,24,Branch,QLD,Casual,53512.96,0.0394,579,High Risk - Refer,Refer to Manual Underwriting,0
APP001804,2024-02-05,Train,Other,27000,12,Online,WA,Full-Time,51681.37,0.0297,588,Standard,Approve - Standard Terms,0
APP002214,2023-06-30,Train,Wedding,38500,24,Online,QLD,Self-Employed,86140.03,0.0167,605,Premium,Approve - Premium Pricing,0
APP006529,2023-08-03,Train,Debt Consolidation,19000,24,Online,VIC,Full-Time,110169.79,0.0189,601,Preferred,Approve - Preferred Pricing,0
APP008902,2024-01-03,Train,Debt Consolidation,6500,36,Online,NSW,Full-Time,48340.57,0.0177,603,Preferred,Approve - Preferred Pricing,0
APP005060,2024-02-01,Train,Medical,47500,60,Online,QLD,Self-Employed,84083.11,0.0209,598,Preferred,Approve - Preferred Pricing,0
APP006113,2023-01-13,Train,Home Renovation,11000,60,Online,NSW,Part-Time,43734.54,0.0254,592,Standard,Approve - Standard Terms,0
APP005379,2024-02-13,Train,Debt Consolidation,38000,36,Online,QLD,Full-Time,99833.76,0.0189,601,Preferred,Approve - Preferred Pricing,0
APP007034,2023-03-09,Train,Car Purchase,11000,48,Branch,NSW,Full-Time,79132.21,0.0189,601,Preferred,Approve - Preferred Pricing,0
APP000140,2024-03-09,Train,Wedding,48500,60,Branch,VIC,Full-Time,77898.25,0.0177,603,Preferred,Approve - Preferred Pricing,0
APP003290,2023-02-23,Train,Medical,41000,24,Broker,NT,Self-Employed,84658.71,0.0167,605,Premium,Approve - Premium Pricing,0
APP000474,2023-10-06,Train,Medical,34500,60,Online,WA,Full-Time,101269.3,0.0177,603,Preferred,Approve - Preferred Pricing,0
APP001074,2023-12-03,Train,Debt Consolidation,27000,48,Online,SA,Casual,47773.47,0.0177,603,Premium,Approve - Premium Pricing,0
APP008300,2023-02-16,Train,Debt Consolidation,4000,48,Branch,VIC,Full-Time,72036.89,0.0276,590,Standard,Approve - Standard Terms,1
APP001125,2023-11-17,Train,Debt Consolidation,38000,36,Online,WA,Full-Time,117733.43,0.0303,587,Standard,Approve - Standard Terms,0
APP007319,2023-05-31,Train,Debt Consolidation,48000,60,Online,VIC,Full-Time,83998.47,0.0189,601,Preferred,Approve - Preferred Pricing,0
APP001778,2023-04-12,Train,Debt Consolidation,19500,36,Online,QLD,Full-Time,119958.88,0.0189,601,Preferred,Approve - Preferred Pricing,0
APP006082,2024-03-07,Train,Car Purchase,43500,12,Broker,VIC,Part-Time,46342.34,0.0203,599,Preferred,Approve - Preferred Pricing,0
APP000958,2023-01-26,Train,Car Purchase,26000,36,Online,VIC,Self-Employed,83765.18,0.0201,599,Preferred,Approve - Preferred Pricing,0
APP005677,2023-12-22,Train,Car Purchase,8500,12,Branch,QLD,Full-Time,105665.18,0.0189,601,Preferred,Approve - Preferred Pricing,1
APP008119,2023-01-02,Train,Debt Consolidation,7500,36,Online,VIC,Full-Time,93553.65,0.0189,601,Preferred,Approve - Preferred Pricing,0
APP005672,2023-02-12,Train,Travel,16000,36,Online,NSW,Full-Time,103413.72,0.0189,601,Preferred,Approve - Preferred Pricing,0
APP000831,2023-08-09,Train,Car Purchase,41000,60,Online,NSW,Casual,43103.71,0.0344,583,Standard,Approve - Standard Terms,0
APP002827,2023-12-12,Train,Other,21500,24,Online,VIC,Full-Time,141432.59,0.0189,601,Preferred,Approve - Preferred Pricing,1
APP005430,2023-07-12,Train,Wedding,39500,48,Online,QLD,Casual,19353.26,0.0744,560,Decline,Decline,1
APP004781,2024-02-08,Train,Home Renovation,10000,60,Broker,VIC,Full-Time,84073.48,0.0177,603,Preferred,Approve - Preferred Pricing,0
APP007354,2023-07-03,Train,Debt Consolidation,25000,60,Online,NSW,Part-Time,38680.86,0.0603,566,Decline,Decline,0
APP007219,2024-01-17,Train,Home Renovation,18000,24,Branch,QLD,Full-Time,105022.23,0.0189,601,Preferred,Approve - Preferred Pricing,0
APP002037,2024-03-13,Train,Home Renovation,29500,24,Branch,VIC,Full-Time,53490.65,0.0394,579,High Risk - Refer,Refer to Manual Underwriting,0
APP002116,2023-01-26,Train,Medical,43500,24,Broker,NSW,Unemployed,18804.11,0.0793,558,Decline,Decline,0
APP006393,2024-01-10,Train,Travel,39500,36,Branch,QLD,Full-Time,39204.37,0.0189,601,Preferred,Approve - Preferred Pricing,0
APP008920,2023-11-13,Train,Home Renovation,3500,24,Branch,VIC,Self-Employed,115423.34,0.0269,591,Standard,Approve - Standard Terms,0
APP004049,2023-10-23,Train,Car Purchase,23500,36,Online,VIC,Full-Time,104182.55,0.0258,592,Standard,Approve - Standard Terms,0
APP008861,2023-03-10,Train,Debt Consolidation,36000,36,Branch,QLD,Full-Time,79671.25,0.0344,583,High Risk - Refer,Refer to Manual Underwriting,0
APP001620,2023-04-28,Train,Debt Consolidation,33000,36,Broker,WA,Self-Employed,56835.49,0.0684,562,Decline,Decline,0
APP002854,2023-10-25,Train,Debt Consolidation,12000,36,Branch,ACT,Full-Time,88379.35,0.0303,587,Standard,Approve - Standard Terms,0
APP002205,2023-08-02,Train,Home Renovation,45000,48,Online,QLD,Self-Employed,57463.31,0.0245,593,Standard,Approve - Standard Terms,0
APP002621,2024-03-06,Train,Car Purchase,35500,48,Online,QLD,Full-Time,68882.68,0.0435,576,High Risk - Refer,Refer to Manual Underwriting,0
APP002291,2023-06-04,Train,Home Renovation,39000,36,Branch,QLD,Full-Time,75469.55,0.0258,592,Standard,Approve - Standard Terms,0
APP008575,2023-02-26,Train,Wedding,19000,36,Online,VIC,Full-Time,61996.24,0.0227,596,Standard,Approve - Standard Terms,0
APP006874,2023-03-22,Train,Car Purchase,39000,48,Broker,QLD,Self-Employed,48987.38,0.0305,587,Standard,Approve - Standard Terms,0
APP005312,2023-09-19,Train,Debt Consolidation,36000,24,Online,NSW,Full-Time,66617.47,0.0177,603,Preferred,Approve - Preferred Pricing,0
APP001992,2023-04-05,Train,Home Renovation,20000,36,Online,NSW,Casual,51532.38,0.0542,570,High Risk - Refer,Refer to Manual Underwriting,0
APP003500,2023-03-21,Train,Home Renovation,25500,24,Online,QLD,Casual,38150.81,0.0236,595,Standard,Approve - Standard Terms,0
APP000719,2023-10-28,Train,Debt Consolidation,41000,24,Online,VIC,Full-Time,51763.89,0.0344,583,High Risk - Refer,Refer to Manual Underwriting,0
APP002400,2023-04-27,Train,Medical,49500,48,Branch,WA,Self-Employed,70647.74,0.0156,607,Premium,Approve - Premium Pricing,0
APP002650,2023-03-09,Train,Travel,3500,48,Online,QLD,Full-Time,78656.62,0.0177,603,Preferred,Approve - Preferred Pricing,0
APP000070,2024-02-05,Train,Car Purchase,3000,24,Broker,NSW,Full-Time,49253.77,0.0765,559,Decline,Decline,0
APP002367,2023-09-29,Train,Home Renovation,36000,48,Online,TAS,Full-Time,107770.02,0.0236,595,Standard,Approve - Standard Terms,0
APP008663,2024-03-22,Train,Debt Consolidation,38000,60,Online,VIC,Full-Time,65818.1,0.0344,583,High Risk - Refer,Refer to Manual Underwriting,0
APP005296,2023-01-04,Train,Travel,21000,36,Branch,WA,Self-Employed,65286.74,0.0167,605,Premium,Approve - Premium Pricing,0
APP005133,2023-03-07,Train,Home Renovation,48500,36,Branch,QLD,Full-Time,76342.42,0.0344,583,High Risk - Refer,Refer to Manual Underwriting,0
APP004008,2023-03-02,Train,Car Purchase,3500,36,Online,VIC,Part-Time,48333.41,0.0278,590,Standard,Approve - Standard Terms,0
APP004461,2023-11-25,Train,Debt Consolidation,47500,48,Branch,NSW,Self-Employed,127693.61,0.0209,598,Preferred,Approve - Preferred Pricing,0
APP003918,2023-12-07,Train,Wedding,31500,24,Broker,NSW,Full-Time,58999.71,0.0344,583,High Risk - Refer,Refer to Manual Underwriting,0
APP005543,2023-09-09,Train,Debt Consolidation,6500,48,Broker,NSW,Full-Time,102684.48,0.0177,603,Preferred,Approve - Preferred Pricing,0
APP002566,2023-01-15,Train,Debt Consolidation,28500,36,Branch,QLD,Casual,36039.49,0.054,570,High Risk - Refer,Refer to Manual Underwriting,0
APP004798,2023-07-10,Train,Car Purchase,3500,12,Online,NSW,Self-Employed,68938.53,0.0269,591,Standard,Approve - Standard Terms,0
APP005353,2023-02-17,Train,Debt Consolidation,2500,36,Online,WA,Part-Time,25168.02,0.0668,563,Decline,Decline,0
APP000608,2024-03-02,Train,Car Purchase,16500,24,Branch,NSW,Full-Time,90743.23,0.0177,603,Preferred,Approve - Preferred Pricing,0
APP003923,2023-02-17,Train,Travel,22500,48,Online,QLD,Full-Time,89734.38,0.0344,583,High Risk - Refer,Refer to Manual Underwriting,0
APP003135,2023-02-07,Train,Car Purchase,21000,60,Branch,NSW,Full-Time,76371.87,0.0297,588,Standard,Approve - Standard Terms,0
APP007382,2023-05-28,Train,Home Renovation,22500,48,Branch,NSW,Unemployed,17464.45,0.3001,512,Decline,Decline,1
APP002703,2023-07-29,Train,Car Purchase,31500,36,Broker,SA,Part-Time,29488.14,0.058,568,High Risk - Refer,Refer to Manual Underwriting,0
APP003517,2023-07-09,Train,Debt Consolidation,46000,36,Broker,QLD,Full-Time,73577.25,0.0236,595,Standard,Approve - Standard Terms,0
APP002784,2023-02-23,Train,Car Purchase,34000,24,Branch,VIC,Full-Time,94763.51,0.0177,603,Preferred,Approve - Preferred Pricing,0
APP006594,2023-01-24,Train,Debt Consolidation,38000,48,Branch,VIC,Full-Time,68141.53,0.0189,601,Preferred,Approve - Preferred Pricing,0
APP004722,2024-01-18,Train,Other,47000,36,Broker,QLD,Self-Employed,80352.46,0.0229,595,Standard,Approve - Standard Terms,0
APP006587,2023-08-16,Train,Travel,32500,24,Online,NSW,Self-Employed,67137.73,0.0229,595,Standard,Approve - Standard Terms,0
APP004653,2023-02-10,Train,Debt Consolidation,22000,24,Branch,VIC,Self-Employed,62850.64,0.0263,591,Standard,Approve - Standard Terms,0
APP003289,2023-12-28,Train,Home Renovation,10500,36,Branch,VIC,Full-Time,87274.31,0.0236,595,Standard,Approve - Standard Terms,0
APP004480,2024-03-09,Train,Home Renovation,32500,24,Online,VIC,Full-Time,85156.74,0.0339,584,Standard,Approve - Standard Terms,0
APP003334,2023-03-01,Train,Home Renovation,35500,36,Branch,SA,Full-Time,68542.72,0.0258,592,Standard,Approve - Standard Terms,0
APP000642,2023-03-10,Train,Debt Consolidation,13000,24,Branch,SA,Full-Time,94203.67,0.0326,585,Standard,Approve - Standard Terms,0
APP004895,2023-05-03,Train,Car Purchase,10500,36,Online,NSW,Part-Time,27932.86,0.037,581,High Risk - Refer,Refer to Manual Underwriting,1
APP003825,2024-01-30,Train,Car Purchase,30000,60,Broker,NSW,Full-Time,116455.05,0.0227,596,Standard,Approve - Standard Terms,0
APP001943,2023-01-16,Train,Car Purchase,32000,24,Online,SA,Full-Time,91090.15,0.0189,601,Preferred,Approve - Preferred Pricing,0
APP002327,2023-10-24,Train,Car Purchase,41000,36,Online,NSW,Unemployed,24678.9,0.2029,527,Decline,Decline,0
APP002622,2023-10-02,Train,Car Purchase,38000,48,Online,VIC,Full-Time,97220.77,0.0189,601,Preferred,Approve - Preferred Pricing,0
APP008048,2023-03-12,Train,Other,38000,36,Online,NSW,Part-Time,54793.81,0.0278,590,Standard,Approve - Standard Terms,0
APP000072,2023-04-22,Train,Medical,27500,36,Broker,QLD,Full-Time,63660.55,0.0189,601,Preferred,Approve - Preferred Pricing,0
APP006435,2023-01-23,Train,Car Purchase,37000,36,Branch,VIC,Self-Employed,74913.39,0.0269,591,Standard,Approve - Standard Terms,0
APP005142,2024-02-15,Train,Medical,12000,48,Broker,NSW,Full-Time,114265.76,0.0344,583,High Risk - Refer,Refer to Manual Underwriting,0
APP004556,2023-08-15,Train,Car Purchase,7500,12,Broker,WA,Full-Time,75861.25,0.0177,603,Preferred,Approve - Preferred Pricing,0
APP005081,2023-09-06,Train,Debt Consolidation,35500,60,Broker,WA,Full-Time,86974.85,0.0344,583,High Risk - Refer,Refer to Manual Underwriting,0
APP004304,2023-03-29,Train,Car Purchase,28500,12,Online,NSW,Full-Time,88894.86,0.1142,546,Decline,Decline,0
APP005963,2023-05-21,Train,Travel,5000,36,Online,VIC,Full-Time,63344.22,0.054,570,High Risk - Refer,Refer to Manual Underwriting,0
APP002417,2023-07-16,Train,Debt Consolidation,4000,12,Branch,QLD,Part-Time,27764.33,0.0261,592,Standard,Approve - Standard Terms,0
APP004784,2023-01-06,Train,Car Purchase,29000,36,Broker,VIC,Part-Time,38040.18,0.0603,566,Decline,Decline,0
APP000843,2023-08-11,Train,Home Renovation,13500,48,Online,VIC,Full-Time,66023.97,0.0326,585,Standard,Approve - Standard Terms,0
APP001328,2024-02-26,Train,Car Purchase,14000,36,Online,NSW,Full-Time,83614.49,0.0177,603,Preferred,Approve - Preferred Pricing,0
APP003660,2023-10-04,Train,Debt Consolidation,40000,60,Online,QLD,Full-Time,62400.5,0.0177,603,Preferred,Approve - Preferred Pricing,0
APP002194,2023-09-07,Train,Travel,5500,12,Online,VIC,Self-Employed,86510.78,0.0421,577,High Risk - Refer,Refer to Manual Underwriting,0
APP002958,2023-08-21,Train,Medical,34000,48,Branch,QLD,Full-Time,59131.11,0.0258,592,Standard,Approve - Standard Terms,0
APP006039,2023-08-18,Train,Debt Consolidation,11000,12,Branch,QLD,Self-Employed,52177.87,0.0229,595,Standard,Approve - Standard Terms,0
APP002813,2023-02-27,Train,Debt Consolidation,28000,12,Branch,NSW,Full-Time,41077.45,0.0243,594,Standard,Approve - Standard Terms,0
APP008668,2023-08-03,Train,Debt Consolidation,38500,48,Online,VIC,Self-Employed,65246.2,0.0215,597,Preferred,Approve - Preferred Pricing,0
APP004871,2023-07-13,Train,Debt Consolidation,44000,12,Online,VIC,Full-Time,104035.64,0.0177,603,Preferred,Approve - Preferred Pricing,0
APP000197,2023-02-26,Train,Car Purchase,28500,48,Online,NSW,Full-Time,104473.7,0.0189,601,Preferred,Approve - Preferred Pricing,0
APP004258,2023-05-09,Train,Home Renovation,26000,12,Broker,WA,Full-Time,81833.99,0.0276,590,Standard,Approve - Standard Terms,0
APP004585,2023-05-05,Train,Debt Consolidation,25500,60,Online,NSW,Part-Time,24250.84,0.0792,558,Decline,Decline,0
APP003297,2023-09-16,Train,Debt Consolidation,39000,48,Online,QLD,Full-Time,40987.21,0.0394,579,High Risk - Refer,Refer to Manual Underwriting,0
APP008147,2024-02-13,Train,Debt Consolidation,30500,36,Branch,NSW,Full-Time,66648.76,0.0276,590,Standard,Approve - Standard Terms,0
APP003292,2023-03-29,Train,Car Purchase,15500,12,Branch,WA,Self-Employed,65255.89,0.0658,564,Decline,Decline,0
APP004730,2024-03-06,Train,Medical,47000,36,Online,SA,Full-Time,124066.51,0.0236,595,Standard,Approve - Standard Terms,0
APP007479,2023-09-06,Train,Car Purchase,36000,36,Branch,NSW,Full-Time,102590.78,0.0177,603,Preferred,Approve - Preferred Pricing,0
APP004371,2023-05-23,Train,Debt Consolidation,11500,24,Broker,SA,Self-Employed,60133.47,0.0167,605,Premium,Approve - Premium Pricing,0
APP002554,2024-03-09,Train,Car Purchase,10000,60,Branch,NSW,Part-Time,52187.0,0.0319,586,Standard,Approve - Standard Terms,0
APP001044,2023-01-28,Train,Home Renovation,6000,36,Online,WA,Full-Time,88574.61,0.0344,583,High Risk - Refer,Refer to Manual Underwriting,0
APP007465,2023-06-18,Train,Car Purchase,41000,36,Online,VIC,Self-Employed,31095.77,0.0156,607,Premium,Approve - Premium Pricing,0
APP008601,2023-01-10,Train,Car Purchase,26500,24,Broker,VIC,Full-Time,78480.38,0.0276,590,Standard,Approve - Standard Terms,0
APP000920,2023-10-08,Train,Travel,25000,60,Broker,QLD,Full-Time,99707.0,0.0177,603,Preferred,Approve - Preferred Pricing,0
APP003233,2023-06-25,Train,Home Renovation,25500,36,Online,QLD,Part-Time,42291.65,0.037,581,High Risk - Refer,Refer to Manual Underwriting,0
APP000268,2023-06-03,Train,Travel,41500,12,Online,QLD,Self-Employed,92857.0,0.0305,587,Standard,Approve - Standard Terms,0
APP001171,2023-08-04,Train,Home Renovation,33000,48,Branch,SA,Full-Time,108688.65,0.0227,596,Standard,Approve - Standard Terms,0
APP000974,2023-12-30,Train,Home Renovation,44500,24,Online,ACT,Full-Time,66192.46,0.0344,583,High Risk - Refer,Refer to Manual Underwriting,0
APP001550,2023-11-13,Train,Home Renovation,41500,24,Broker,VIC,Casual,29913.27,0.0236,595,Standard,Approve - Standard Terms,0
APP002860,2023-08-07,Train,Wedding,20000,60,Branch,VIC,Self-Employed,75009.82,0.0167,605,Premium,Approve - Premium Pricing,0
APP008025,2023-03-26,Train,Other,36000,36,Online,QLD,Full-Time,73975.52,0.0177,603,Preferred,Approve - Preferred Pricing,0
APP008366,2023-04-21,Train,Home Renovation,15000,60,Online,VIC,Part-Time,39860.27,0.0582,567,High Risk - Refer,Refer to Manual Underwriting,0
APP001515,2024-02-08,Train,Car Purchase,46500,24,Online,VIC,Full-Time,118604.32,0.0189,601,Preferred,Approve - Preferred Pricing,0
APP000520,2023-09-21,Train,Home Renovation,41500,60,Online,NSW,Full-Time,86651.65,0.0542,570,High Risk - Refer,Refer to Manual Underwriting,0
APP000131,2024-01-02,Train,Home Renovation,21000,60,Online,VIC,Full-Time,94021.07,0.0227,596,Standard,Approve - Standard Terms,0
APP008719,2024-01-10,Train,Debt Consolidation,22000,48,Broker,SA,Full-Time,101392.73,0.0236,595,Standard,Approve - Standard Terms,0
APP008967,2023-03-03,Train,Debt Consolidation,43500,12,Broker,VIC,Part-Time,66012.93,0.019,601,Preferred,Approve - Preferred Pricing,0
APP006142,2024-03-07,Train,Debt Consolidation,43000,24,Broker,VIC,Casual,44650.44,0.0303,587,Standard,Approve - Standard Terms,0
APP005842,2023-06-26,Train,Debt Consolidation,11000,36,Broker,VIC,Full-Time,41317.95,0.0297,588,Standard,Approve - Standard Terms,1
APP002916,2024-02-24,Train,Debt Consolidation,23000,36,Branch,QLD,Full-Time,117803.69,0.0236,595,Standard,Approve - Standard Terms,0
APP003125,2023-12-18,Train,Car Purchase,2000,24,Branch,ACT,Self-Employed,85249.31,0.0305,587,Standard,Approve - Standard Terms,0
APP005552,2023-03-27,Train,Travel,13500,36,Online,VIC,Full-Time,61996.24,0.0236,595,Standard,Approve - Standard Terms,0
APP008088,2024-02-23,Train,Car Purchase,49000,48,Online,QLD,Full-Time,56720.76,0.0189,601,Preferred,Approve - Preferred Pricing,0
APP001594,2023-04-03,Train,Medical,40500,36,Online,VIC,Full-Time,95015.73,0.0236,595,Standard,Approve - Standard Terms,0
APP002734,2023-05-13,Train,Debt Consolidation,38500,48,Online,TAS,Full-Time,35026.16,0.0189,601,Preferred,Approve - Preferred Pricing,0
APP003184,2023-03-28,Train,Medical,22000,48,Online,VIC,Full-Time,51739.48,0.0344,583,High Risk - Refer,Refer to Manual Underwriting,1
APP008063,2023-01-22,Train,Other,11000,36,Online,VIC,Unemployed,17191.15,0.1013,550,Decline,Decline,0
APP001279,2023-11-13,Train,Home Renovation,38000,24,Online,QLD,Full-Time,73095.65,0.0227,596,Standard,Approve - Standard Terms,0
APP008351,2023-11-09,Train,Debt Consolidation,45500,36,Branch,QLD,Part-Time,40761.3,0.0203,599,Preferred,Approve - Preferred Pricing,0
APP005108,2023-07-10,Train,Wedding,26000,24,Online,WA,Full-Time,84597.75,0.0394,579,High Risk - Refer,Refer to Manual Underwriting,0
APP004502,2023-10-16,Train,Wedding,10000,60,Online,NSW,Part-Time,46615.73,0.0254,592,Standard,Approve - Standard Terms,0
APP007872,2023-11-23,Train,Debt Consolidation,5000,60,Broker,NSW,Full-Time,55835.45,0.0258,592,Standard,Approve - Standard Terms,0
APP002872,2024-02-13,Train,Medical,31000,60,Branch,WA,Full-Time,78634.4,0.0344,583,High Risk - Refer,Refer to Manual Underwriting,0
APP007790,2023-06-17,Train,Home Renovation,14500,36,Broker,QLD,Casual,40719.88,0.0303,587,Standard,Approve - Standard Terms,0
APP001345,2023-04-15,Train,Travel,4500,36,Broker,VIC,Part-Time,44495.09,0.0203,599,Preferred,Approve - Preferred Pricing,0
APP004868,2023-04-01,Train,Home Renovation,3000,48,Branch,QLD,Full-Time,77838.99,0.0189,601,Preferred,Approve - Preferred Pricing,0
APP000129,2023-05-29,Train,Wedding,20000,48,Branch,VIC,Part-Time,50189.28,0.082,557,Decline,Decline,0
APP004063,2023-02-15,Train,Other,42000,12,Branch,NSW,Part-Time,33459.65,0.1437,539,Decline,Decline,0
APP004694,2023-01-28,Train,Debt Consolidation,27000,12,Branch,WA,Casual,20782.24,0.0394,579,High Risk - Refer,Refer to Manual Underwriting,0
APP006834,2023-02-15,Train,Wedding,41000,24,Online,WA,Full-Time,117300.34,0.0189,601,Preferred,Approve - Preferred Pricing,0
APP008010,2024-01-26,Train,Debt Consolidation,22000,24,Online,NSW,Part-Time,36981.63,0.0278,590,Standard,Approve - Standard Terms,0
APP001922,2024-01-01,Train,Other,22500,48,Branch,QLD,Casual,26560.8,0.0236,595,Standard,Approve - Standard Terms,0
APP006833,2024-03-28,Train,Other,36000,60,Branch,NSW,Casual,38366.12,0.0236,595,Standard,Approve - Standard Terms,0
APP008213,2024-02-20,Train,Debt Consolidation,20500,60,Branch,NSW,Full-Time,75059.41,0.0236,595,Standard,Approve - Standard Terms,0
APP008268,2023-08-14,Train,Debt Consolidation,43500,48,Broker,VIC,Part-Time,44152.9,0.019,601,Preferred,Approve - Preferred Pricing,0
APP005298,2024-01-03,Train,Medical,32000,24,Online,NSW,Full-Time,140838.21,0.0177,603,Preferred,Approve - Preferred Pricing,0
APP002479,2023-11-13,Train,Other,3500,36,Broker,VIC,Self-Employed,37224.37,0.0305,587,Standard,Approve - Standard Terms,0
APP001761,2023-03-18,Train,Home Renovation,41500,60,Broker,WA,Part-Time,46932.61,0.0254,592,Standard,Approve - Standard Terms,0
APP000542,2023-08-21,Train,Car Purchase,40000,48,Online,QLD,Part-Time,41206.17,0.037,581,High Risk - Refer,Refer to Manual Underwriting,0
APP005385,2023-06-29,Train,Wedding,46000,60,Branch,NSW,Self-Employed,79902.04,0.0229,595,Standard,Approve - Standard Terms,0
APP008029,2023-06-24,Train,Wedding,2000,36,Online,NSW,Full-Time,47896.11,0.0297,588,Standard,Approve - Standard Terms,0
APP004404,2023-04-19,Train,Car Purchase,12000,36,Online,QLD,Part-Time,40894.77,0.0254,592,Standard,Approve - Standard Terms,0
APP008914,2023-05-17,Train,Wedding,19000,36,Online,QLD,Casual,48775.96,0.0227,596,Preferred,Approve - Preferred Pricing,0
APP005256,2023-09-23,Train,Travel,40000,24,Online,NSW,Full-Time,80513.07,0.0303,587,Standard,Approve - Standard Terms,0
APP004232,2023-05-07,Train,Home Renovation,34500,36,Branch,QLD,Part-Time,24416.51,0.0509,572,High Risk - Refer,Refer to Manual Underwriting,0
APP006231,2023-02-25,Train,Other,14000,12,Online,VIC,Self-Employed,53435.36,0.0225,596,Preferred,Approve - Preferred Pricing,0
APP006714,2023-10-17,Train,Travel,44500,36,Broker,NSW,Self-Employed,91297.91,0.0209,598,Preferred,Approve - Preferred Pricing,0
APP005495,2024-02-27,Train,Home Renovation,3000,36,Online,SA,Full-Time,60266.17,0.0258,592,Standard,Approve - Standard Terms,0
APP002375,2023-01-01,Train,Wedding,48500,36,Online,ACT,Casual,28954.41,0.0474,574,High Risk - Refer,Refer to Manual Underwriting,0
APP000055,2023-12-27,Train,Travel,22000,12,Online,NSW,Part-Time,41048.8,0.0438,576,High Risk - Refer,Refer to Manual Underwriting,0
APP003155,2023-02-17,Train,Debt Consolidation,29500,24,Online,NSW,Full-Time,80647.94,0.0303,587,Standard,Approve - Standard Terms,0
APP001046,2023-05-01,Train,Home Renovation,27000,48,Broker,TAS,Full-Time,85843.87,0.0177,603,Preferred,Approve - Preferred Pricing,0
APP003760,2024-03-21,Train,Wedding,8500,60,Online,TAS,Part-Time,51397.1,0.0449,575,High Risk - Refer,Refer to Manual Underwriting,0
APP006689,2024-03-22,Train,Car Purchase,17000,24,Branch,QLD,Full-Time,93453.85,0.0303,587,Standard,Approve - Standard Terms,0
APP001333,2023-09-17,Train,Debt Consolidation,48500,12,Online,NSW,Full-Time,75560.45,0.0189,601,Preferred,Approve - Preferred Pricing,0
APP004717,2024-01-26,Train,Travel,38500,12,Online,QLD,Self-Employed,37798.67,0.0209,598,Preferred,Approve - Preferred Pricing,0
APP001715,2023-01-04,Train,Debt Consolidation,47500,24,Online,NSW,Self-Employed,61889.89,0.0229,595,Standard,Approve - Standard Terms,0
APP000695,2024-02-18,Train,Car Purchase,49000,60,Broker,QLD,Full-Time,30897.95,0.0768,559,Decline,Decline,0
APP006776,2023-08-13,Train,Car Purchase,34000,48,Online,VIC,Full-Time,102445.19,0.0474,574,High Risk - Refer,Refer to Manual Underwriting,0
APP003453,2024-03-19,Train,Medical,18500,48,Online,NSW,Self-Employed,21964.48,0.0269,591,Standard,Approve - Standard Terms,0
APP002176,2023-03-13,Train,Home Renovation,43000,48,Branch,NSW,Full-Time,62985.0,0.0177,603,Preferred,Approve - Preferred Pricing,0
APP007692,2023-05-14,Train,Other,46500,24,Branch,WA,Full-Time,71191.61,0.0227,596,Standard,Approve - Standard Terms,0
APP001477,2023-02-04,Train,Home Renovation,3000,60,Broker,NSW,Full-Time,56055.56,0.0189,601,Preferred,Approve - Preferred Pricing,0
APP008244,2023-09-05,Train,Debt Consolidation,36500,48,Branch,WA,Full-Time,96901.11,0.0189,601,Preferred,Approve - Preferred Pricing,0
APP004875,2023-10-31,Train,Wedding,7500,60,Broker,QLD,Full-Time,108586.97,0.0303,587,Standard,Approve - Standard Terms,0
APP006869,2023-02-19,Train,Travel,33500,24,Online,NSW,Unemployed,18701.99,0.1017,550,Decline,Decline,0
APP003980,2023-07-13,Train,Home Renovation,4000,60,Broker,QLD,Full-Time,83580.2,0.0623,565,Decline,Decline,0
APP003935,2023-05-08,Train,Car Purchase,11500,48,Branch,NSW,Full-Time,101310.29,0.0189,601,Preferred,Approve - Preferred Pricing,0
APP008013,2023-12-09,Train,Debt Consolidation,23500,48,Online,WA,Self-Employed,81643.47,0.0201,599,Preferred,Approve - Preferred Pricing,0
APP000408,2024-03-31,Train,Car Purchase,19000,48,Online,NSW,Part-Time,21173.22,0.082,557,Decline,Decline,0
APP007312,2024-02-16,Train,Car Purchase,37000,12,Online,VIC,Casual,63619.87,0.0542,570,High Risk - Refer,Refer to Manual Underwriting,0
APP001484,2023-04-19,Train,Debt Consolidation,21500,48,Broker,VIC,Full-Time,72532.04,0.0189,601,Preferred,Approve - Preferred Pricing,0
APP002402,2023-10-13,Train,Car Purchase,29500,48,Branch,SA,Self-Employed,75868.5,0.0209,598,Preferred,Approve - Preferred Pricing,0
APP006806,2023-10-30,Train,Car Purchase,19000,48,Online,WA,Part-Time,32836.64,0.0278,590,Standard,Approve - Standard Terms,0
APP004978,2023-06-08,Train,Car Purchase,49000,60,Broker,ACT,Casual,60351.88,0.0227,596,Preferred,Approve - Preferred Pricing,0
APP002702,2023-12-02,Train,Car Purchase,26000,48,Branch,NSW,Full-Time,94164.02,0.0738,560,Decline,Decline,0
APP004627,2023-04-02,Train,Debt Consolidation,17000,60,Broker,NSW,Part-Time,60453.74,0.0668,563,Decline,Decline,0
APP005881,2023-06-28,Train,Home Renovation,8000,60,Online,QLD,Full-Time,95666.04,0.0189,601,Preferred,Approve - Preferred Pricing,0
APP004863,2024-03-21,Train,Wedding,29000,36,Online,NSW,Self-Employed,37173.69,0.035,583,High Risk - Refer,Refer to Manual Underwriting,0
APP002504,2023-12-12,Train,Car Purchase,20500,24,Online,SA,Full-Time,58597.68,0.0189,601,Preferred,Approve - Preferred Pricing,0
APP005424,2023-08-30,Train,Travel,41500,24,Online,NSW,Full-Time,100142.1,0.0189,601,Preferred,Approve - Preferred Pricing,0
APP006679,2024-03-21,Train,Debt Consolidation,13500,24,Broker,NSW,Part-Time,25760.82,0.0509,572,High Risk - Refer,Refer to Manual Underwriting,0
APP006259,2023-03-05,Train,Debt Consolidation,30500,60,Broker,WA,Full-Time,58879.71,0.0189,601,Preferred,Approve - Preferred Pricing,0
APP001949,2024-03-12,Train,Home Renovation,30500,12,Online,VIC,Casual,40206.98,0.0424,577,High Risk - Refer,Refer to Manual Underwriting,0
APP001183,2024-01-30,Train,Debt Consolidation,2500,24,Broker,VIC,Full-Time,106152.84,0.0258,592,Standard,Approve - Standard Terms,0
APP002181,2024-01-02,Train,Travel,9000,48,Online,WA,Self-Employed,82545.17,0.0167,605,Premium,Approve - Premium Pricing,0
APP005043,2023-02-17,Train,Other,39000,12,Online,NSW,Full-Time,64883.02,0.0189,601,Preferred,Approve - Preferred Pricing,0
APP000737,2023-01-20,Train,Travel,15500,48,Online,QLD,Full-Time,105873.45,0.0189,601,Preferred,Approve - Preferred Pricing,0
APP001746,2023-11-27,Train,Wedding,11000,36,Online,NSW,Full-Time,27602.7,0.0474,574,High Risk - Refer,Refer to Manual Underwriting,0
APP008348,2024-03-09,Train,Home Renovation,37500,60,Broker,SA,Full-Time,77078.96,0.0394,579,High Risk - Refer,Refer to Manual Underwriting,0
APP007537,2023-08-03,Train,Debt Consolidation,50000,24,Broker,SA,Full-Time,123110.82,0.0344,583,High Risk - Refer,Refer to Manual Underwriting,0
APP003384,2023-09-19,Train,Debt Consolidation,20000,60,Broker,QLD,Full-Time,93244.57,0.0177,603,Preferred,Approve - Preferred Pricing,0
APP001538,2024-03-26,Train,Car Purchase,7000,60,Online,QLD,Self-Employed,70073.25,0.0167,605,Premium,Approve - Premium Pricing,0
APP000896,2023-01-04,Train,Debt Consolidation,40000,36,Branch,QLD,Full-Time,80559.84,0.0344,583,High Risk - Refer,Refer to Manual Underwriting,0
APP005433,2023-06-27,Train,Debt Consolidation,10000,36,Branch,QLD,Self-Employed,39281.72,0.0156,607,Premium,Approve - Premium Pricing,0
APP006175,2024-01-24,Train,Home Renovation,5500,24,Online,WA,Full-Time,69263.76,0.0344,583,High Risk - Refer,Refer to Manual Underwriting,0
APP002662,2023-11-04,Train,Wedding,4000,24,Online,SA,Full-Time,41781.44,0.0738,560,Decline,Decline,0
APP008670,2023-04-22,Train,Debt Consolidation,6000,60,Broker,QLD,Full-Time,116674.33,0.0303,587,Standard,Approve - Standard Terms,0
APP000099,2024-01-09,Train,Car Purchase,38500,36,Online,QLD,Full-Time,98824.25,0.0177,603,Preferred,Approve - Preferred Pricing,0
APP001994,2023-06-03,Train,Debt Consolidation,12000,36,Online,WA,Full-Time,82388.2,0.0177,603,Preferred,Approve - Preferred Pricing,0
APP002356,2023-02-01,Train,Car Purchase,37000,12,Branch,QLD,Self-Employed,55671.79,0.0209,598,Preferred,Approve - Preferred Pricing,0
APP006897,2023-10-19,Train,Home Renovation,11000,36,Branch,VIC,Full-Time,51834.56,0.0243,594,Standard,Approve - Standard Terms,0
APP007165,2023-10-12,Train,Debt Consolidation,26000,12,Online,VIC,Full-Time,40273.73,0.0177,603,Preferred,Approve - Preferred Pricing,0
APP001313,2024-03-11,Train,Debt Consolidation,15500,36,Online,QLD,Full-Time,98046.84,0.0276,590,Standard,Approve - Standard Terms,0
APP000228,2023-04-15,Train,Wedding,19000,36,Online,SA,Full-Time,121917.02,0.0189,601,Preferred,Approve - Preferred Pricing,0
APP004525,2024-03-06,Train,Car Purchase,42500,24,Online,NSW,Self-Employed,70726.12,0.048,573,High Risk - Refer,Refer to Manual Underwriting,1
APP007640,2023-08-08,Train,Debt Consolidation,12000,24,Broker,WA,Full-Time,76576.12,0.1785,531,Decline,Decline,0
APP003656,2023-03-06,Train,Wedding,43000,24,Branch,NSW,Full-Time,116297.46,0.0177,603,Preferred,Approve - Preferred Pricing,0
APP008282,2023-05-22,Train,Home Renovation,47500,36,Online,VIC,Self-Employed,54392.0,0.0269,591,Standard,Approve - Standard Terms,0
APP001817,2023-04-16,Train,Car Purchase,23500,36,Online,NSW,Full-Time,81187.62,0.0418,578,High Risk - Refer,Refer to Manual Underwriting,0
APP008343,2023-04-27,Train,Car Purchase,35500,60,Broker,QLD,Full-Time,71574.64,0.0189,601,Preferred,Approve - Preferred Pricing,0
APP002276,2023-12-17,Train,Debt Consolidation,15500,36,Branch,NSW,Casual,52320.65,0.0344,583,Standard,Approve - Standard Terms,0
APP005890,2024-01-19,Train,Travel,20000,60,Branch,NSW,Full-Time,65498.78,0.0177,603,Preferred,Approve - Preferred Pricing,0
APP005951,2024-01-12,Train,Debt Consolidation,35000,60,Branch,VIC,Full-Time,60209.34,0.0344,583,High Risk - Refer,Refer to Manual Underwriting,0
APP005086,2023-06-29,Train,Home Renovation,36500,36,Branch,VIC,Full-Time,61941.74,0.0189,601,Preferred,Approve - Preferred Pricing,0
APP000793,2023-06-17,Train,Wedding,40500,48,Broker,NSW,Full-Time,106697.88,0.0258,592,Standard,Approve - Standard Terms,0
APP000171,2024-01-12,Train,Debt Consolidation,6500,12,Online,NSW,Full-Time,62236.43,0.0765,559,Decline,Decline,0
APP000437,2024-01-18,Train,Debt Consolidation,5000,24,Online,WA,Self-Employed,119496.27,0.0167,605,Premium,Approve - Premium Pricing,0
APP007774,2024-01-14,Train,Home Renovation,14500,36,Broker,NT,Full-Time,35330.18,0.0339,584,Standard,Approve - Standard Terms,0
APP002140,2023-11-04,Train,Home Renovation,4000,24,Online,VIC,Full-Time,80506.84,0.0542,570,High Risk - Refer,Refer to Manual Underwriting,0
APP005396,2024-03-30,Train,Other,33000,24,Branch,NSW,Full-Time,87912.62,0.0344,583,High Risk - Refer,Refer to Manual Underwriting,0
APP006884,2024-01-26,Train,Travel,31000,24,Online,QLD,Full-Time,71360.21,0.0344,583,High Risk - Refer,Refer to Manual Underwriting,0
APP004762,2023-11-24,Train,Medical,43000,60,Online,VIC,Full-Time,71702.23,0.0474,574,High Risk - Refer,Refer to Manual Underwriting,0
APP003887,2023-02-08,Train,Medical,5500,12,Online,SA,Full-Time,43231.5,0.0408,578,High Risk - Refer,Refer to Manual Underwriting,0
APP005432,2024-01-17,Train,Car Purchase,27000,24,Broker,NSW,Full-Time,88056.61,0.0258,592,Standard,Approve - Standard Terms,0
APP008564,2023-09-27,Train,Debt Consolidation,27000,48,Branch,WA,Full-Time,82655.42,0.0276,590,Standard,Approve - Standard Terms,0
APP000589,2023-11-14,Train,Debt Consolidation,26500,12,Online,NSW,Full-Time,37561.12,0.0394,579,High Risk - Refer,Refer to Manual Underwriting,0
APP001814,2023-02-07,Train,Car Purchase,44000,12,Branch,QLD,Full-Time,99947.78,0.0765,559,Decline,Decline,0
APP006029,2024-02-25,Train,Travel,14500,36,Branch,VIC,Part-Time,16625.81,0.0424,577,High Risk - Refer,Refer to Manual Underwriting,0
APP007112,2023-11-11,Train,Debt Consolidation,11000,60,Branch,NSW,Full-Time,122220.78,0.0189,601,Preferred,Approve - Preferred Pricing,0
APP001518,2024-01-31,Train,Wedding,8000,48,Broker,WA,Self-Employed,51466.03,0.0269,591,Standard,Approve - Standard Terms,0
APP004675,2023-02-07,Train,Car Purchase,17000,24,Branch,QLD,Full-Time,68106.2,0.0189,601,Preferred,Approve - Preferred Pricing,0
APP001837,2024-02-06,Train,Travel,45000,36,Online,VIC,Self-Employed,63594.41,0.0209,598,Preferred,Approve - Preferred Pricing,0
APP003861,2024-03-06,Train,Debt Consolidation,25500,48,Online,WA,Full-Time,99920.03,0.0344,583,High Risk - Refer,Refer to Manual Underwriting,0
APP004383,2023-01-08,Train,Home Renovation,41500,36,Online,NSW,Self-Employed,50775.64,0.0269,591,Standard,Approve - Standard Terms,0
APP008158,2024-03-21,Train,Car Purchase,35500,48,Online,VIC,Part-Time,57088.43,0.0254,592,Standard,Approve - Standard Terms,0
APP004318,2023-06-13,Train,Car Purchase,23500,24,Branch,WA,Full-Time,53102.74,0.0227,596,Standard,Approve - Standard Terms,0
APP008114,2024-03-18,Train,Debt Consolidation,44000,48,Broker,VIC,Full-Time,58785.51,0.1142,546,Decline,Decline,0
APP007456,2023-10-25,Train,Other,4500,36,Branch,NSW,Casual,18598.55,0.0189,601,Preferred,Approve - Preferred Pricing,0
APP007547,2023-07-31,Train,Home Renovation,30500,36,Broker,VIC,Full-Time,65543.89,0.0258,592,Standard,Approve - Standard Terms,0
APP008456,2023-09-15,Train,Car Purchase,20500,48,Broker,NSW,Full-Time,79279.86,0.0303,587,Standard,Approve - Standard Terms,0
APP002957,2023-12-05,Train,Debt Consolidation,22500,48,Branch,NSW,Full-Time,73529.48,0.0542,570,High Risk - Refer,Refer to Manual Underwriting,0
APP004230,2024-03-01,Train,Debt Consolidation,37500,36,Online,VIC,Full-Time,69386.72,0.0177,603,Preferred,Approve - Preferred Pricing,0
APP004709,2023-07-16,Train,Home Renovation,29500,12,Broker,VIC,Part-Time,34757.61,0.0297,588,Standard,Approve - Standard Terms,0
APP008501,2023-10-17,Train,Debt Consolidation,23500,24,Online,SA,Full-Time,66419.1,0.0474,574,High Risk - Refer,Refer to Manual Underwriting,0
APP003275,2023-02-04,Train,Debt Consolidation,7000,36,Online,VIC,Full-Time,54868.42,0.0344,583,High Risk - Refer,Refer to Manual Underwriting,0
APP004200,2023-09-16,Train,Wedding,14500,60,Online,QLD,Full-Time,77725.21,0.0189,601,Preferred,Approve - Preferred Pricing,0
APP006500,2023-01-26,Train,Debt Consolidation,48000,36,Online,QLD,Full-Time,64217.09,0.0227,596,Standard,Approve - Standard Terms,0
APP002007,2024-01-23,Train,Wedding,14000,36,Branch,QLD,Full-Time,101747.44,0.0189,601,Preferred,Approve - Preferred Pricing,0
APP003420,2023-05-18,Train,Car Purchase,26500,24,Broker,SA,Full-Time,103393.42,0.0177,603,Preferred,Approve - Preferred Pricing,0
APP007691,2023-09-16,Train,Debt Consolidation,15000,24,Online,NSW,Full-Time,81618.58,0.0344,583,High Risk - Refer,Refer to Manual Underwriting,0
APP005937,2023-01-27,Train,Travel,43000,24,Branch,NSW,Casual,35000.29,0.0258,592,Standard,Approve - Standard Terms,0
APP004942,2024-02-09,Train,Car Purchase,44000,60,Online,QLD,Full-Time,69540.59,0.0227,596,Standard,Approve - Standard Terms,0
APP003092,2024-03-05,Train,Debt Consolidation,44500,12,Broker,NSW,Full-Time,110742.95,0.0189,601,Preferred,Approve - Preferred Pricing,0
APP004630,2023-08-17,Train,Debt Consolidation,17500,36,Online,QLD,Full-Time,45338.53,0.0317,586,Standard,Approve - Standard Terms,0
APP008779,2023-10-30,Train,Travel,18000,48,Online,VIC,Full-Time,70091.08,0.0276,590,Standard,Approve - Standard Terms,0
APP004462,2023-01-05,Train,Debt Consolidation,17000,24,Online,VIC,Full-Time,86027.77,0.0236,595,Standard,Approve - Standard Terms,0
APP004495,2023-05-09,Train,Debt Consolidation,39500,24,Branch,QLD,Full-Time,40149.22,0.0177,603,Preferred,Approve - Preferred Pricing,0
APP000025,2023-08-10,Train,Car Purchase,19500,60,Online,NT,Self-Employed,55675.58,0.0305,587,Standard,Approve - Standard Terms,0
APP007461,2023-07-13,Train,Car Purchase,27000,24,Branch,NSW,Full-Time,65924.98,0.0394,579,High Risk - Refer,Refer to Manual Underwriting,0
APP005587,2023-01-03,Train,Debt Consolidation,33000,24,Online,QLD,Part-Time,36834.5,0.0278,590,Standard,Approve - Standard Terms,0
APP005000,2023-06-01,Train,Debt Consolidation,42500,24,Branch,NSW,Full-Time,88221.7,0.0189,601,Preferred,Approve - Preferred Pricing,0
APP001972,2023-12-06,Train,Home Renovation,24000,36,Online,VIC,Full-Time,93656.59,0.0189,601,Preferred,Approve - Preferred Pricing,0
APP005775,2023-01-13,Train,Travel,10000,36,Online,VIC,Part-Time,29688.89,0.0603,566,Decline,Decline,0
APP008106,2023-05-08,Train,Car Purchase,12500,48,Online,QLD,Full-Time,61959.94,0.0236,595,Standard,Approve - Standard Terms,0
APP003511,2024-02-12,Train,Wedding,13000,24,Branch,TAS,Full-Time,88654.34,0.0303,587,Standard,Approve - Standard Terms,0
APP005445,2023-07-25,Train,Home Renovation,9500,36,Online,WA,Part-Time,52670.36,0.0254,592,Standard,Approve - Standard Terms,0
APP000081,2023-01-15,Train,Home Renovation,33500,48,Online,WA,Self-Employed,82625.21,0.0156,607,Premium,Approve - Premium Pricing,0
APP005023,2023-05-13,Train,Other,39000,60,Online,NSW,Full-Time,86009.24,0.0258,592,Standard,Approve - Standard Terms,0
APP002253,2023-09-27,Train,Car Purchase,34000,60,Online,QLD,Full-Time,56122.78,0.0768,559,Decline,Decline,0
APP001156,2023-07-04,Train,Debt Consolidation,3500,36,Broker,VIC,Self-Employed,107691.62,0.0156,607,Premium,Approve - Premium Pricing,0
APP002120,2024-01-08,Train,Debt Consolidation,4500,12,Online,QLD,Self-Employed,43829.26,0.048,573,High Risk - Refer,Refer to Manual Underwriting,0
APP004962,2023-04-05,Train,Wedding,40000,24,Online,NSW,Casual,31747.79,0.0236,595,Standard,Approve - Standard Terms,0
APP000740,2023-06-27,Train,Travel,33000,36,Online,WA,Self-Employed,69713.7,0.0209,598,Preferred,Approve - Preferred Pricing,0
APP004017,2023-12-28,Train,Car Purchase,21000,24,Online,VIC,Part-Time,55129.86,0.0528,570,High Risk - Refer,Refer to Manual Underwriting,0
APP006850,2024-03-06,Train,Travel,23000,36,Online,NSW,Full-Time,77496.29,0.0276,590,Standard,Approve - Standard Terms,0
APP000155,2023-09-02,Train,Travel,11000,24,Online,SA,Self-Employed,75510.94,0.0245,593,Standard,Approve - Standard Terms,0
APP003638,2023-08-12,Train,Travel,8000,48,Online,SA,Full-Time,62663.58,0.0673,563,Decline,Decline,0
APP002218,2023-06-14,Train,Car Purchase,37000,36,Branch,QLD,Full-Time,106879.57,0.0177,603,Preferred,Approve - Preferred Pricing,0
APP002537,2023-12-18,Train,Car Purchase,41500,36,Online,QLD,Full-Time,96642.41,0.0236,595,Standard,Approve - Standard Terms,0
APP007681,2023-04-12,Train,Debt Consolidation,7500,24,Online,QLD,Self-Employed,88962.08,0.0305,587,Standard,Approve - Standard Terms,0
APP003927,2023-06-01,Train,Home Renovation,48000,36,Branch,NSW,Full-Time,127851.53,0.0177,603,Preferred,Approve - Preferred Pricing,0
APP005164,2023-12-23,Train,Home Renovation,48500,24,Online,VIC,Full-Time,82741.9,0.0189,601,Preferred,Approve - Preferred Pricing,0
APP000425,2024-02-04,Train,Home Renovation,11500,36,Online,SA,Full-Time,82925.01,0.0189,601,Preferred,Approve - Preferred Pricing,0
APP008691,2024-01-16,Train,Debt Consolidation,19000,12,Online,NSW,Part-Time,52329.3,0.0326,585,Standard,Approve - Standard Terms,0
APP005252,2023-03-17,Train,Car Purchase,30000,60,Online,NSW,Full-Time,80771.95,0.0344,583,High Risk - Refer,Refer to Manual Underwriting,0
APP004829,2023-10-01,Train,Travel,46000,12,Broker,WA,Full-Time,59437.86,0.0845,556,Decline,Decline,0
APP005787,2023-06-05,Train,Debt Consolidation,34000,24,Online,QLD,Self-Employed,32859.88,0.0209,598,Preferred,Approve - Preferred Pricing,0
APP000794,2023-05-12,Train,Travel,23500,36,Branch,NSW,Full-Time,114196.1,0.0177,603,Preferred,Approve - Preferred Pricing,0
APP002212,2023-02-15,Train,Car Purchase,40000,60,Online,NSW,Full-Time,48024.88,0.0258,592,Standard,Approve - Standard Terms,0
APP006492,2023-06-10,Train,Debt Consolidation,34500,36,Online,SA,Full-Time,43085.18,0.0227,596,Standard,Approve - Standard Terms,0
APP001854,2023-12-19,Train,Car Purchase,40000,24,Online,NSW,Part-Time,27806.44,0.0466,574,High Risk - Refer,Refer to Manual Underwriting,1
APP005516,2024-03-17,Train,Debt Consolidation,23500,24,Broker,ACT,Full-Time,99236.26,0.0303,587,Standard,Approve - Standard Terms,0
APP007209,2023-06-01,Train,Car Purchase,23000,36,Broker,QLD,Full-Time,69702.58,0.0344,583,High Risk - Refer,Refer to Manual Underwriting,0
APP003129,2023-12-19,Train,Home Renovation,32500,48,Broker,VIC,Full-Time,33103.96,0.0344,583,High Risk - Refer,Refer to Manual Underwriting,0
APP000427,2023-06-01,Train,Home Renovation,28500,36,Broker,NSW,Part-Time,47543.39,0.0792,558,Decline,Decline,0
APP000455,2023-09-09,Train,Home Renovation,22000,12,Branch,VIC,Full-Time,122181.79,0.0189,601,Preferred,Approve - Preferred Pricing,0
APP000294,2023-08-04,Train,Home Renovation,30500,48,Online,QLD,Full-Time,121372.91,0.0177,603,Preferred,Approve - Preferred Pricing,0
APP006431,2023-09-24,Train,Travel,46000,24,Broker,QLD,Full-Time,55226.13,0.0177,603,Preferred,Approve - Preferred Pricing,0
APP002527,2023-10-31,Train,Debt Consolidation,47500,48,Online,QLD,Full-Time,71117.52,0.0474,574,High Risk - Refer,Refer to Manual Underwriting,0
APP002297,2023-11-10,Train,Debt Consolidation,36500,36,Online,TAS,Full-Time,103920.66,0.0491,573,High Risk - Refer,Refer to Manual Underwriting,0
APP004308,2023-07-14,Train,Other,13500,36,Branch,NSW,Full-Time,48571.1,0.0344,583,High Risk - Refer,Refer to Manual Underwriting,0
APP001670,2023-05-16,Train,Debt Consolidation,13500,60,Online,VIC,Full-Time,41180.17,0.0303,587,Standard,Approve - Standard Terms,0
APP008536,2023-10-10,Train,Debt Consolidation,40500,12,Broker,NSW,Full-Time,64249.89,0.1785,531,Decline,Decline,1
APP000164,2023-03-25,Train,Car Purchase,7500,36,Branch,QLD,Casual,30964.99,0.1142,546,Decline,Decline,0
APP006465,2023-06-29,Train,Debt Consolidation,7000,48,Broker,WA,Full-Time,87953.73,0.0344,583,High Risk - Refer,Refer to Manual Underwriting,0
APP005566,2023-02-13,Train,Medical,10500,12,Branch,NSW,Full-Time,45662.07,0.0177,603,Preferred,Approve - Preferred Pricing,0
APP006123,2023-12-04,Train,Wedding,11500,24,Branch,VIC,Full-Time,34723.85,0.0258,592,Standard,Approve - Standard Terms,0
APP008252,2023-03-30,Train,Debt Consolidation,10000,60,Online,VIC,Full-Time,43456.21,0.0297,588,Standard,Approve - Standard Terms,0
APP005788,2023-03-11,Train,Debt Consolidation,45000,24,Branch,VIC,Self-Employed,77073.98,0.0229,595,Standard,Approve - Standard Terms,0
APP007993,2023-06-30,Train,Car Purchase,32000,12,Branch,VIC,Full-Time,55444.99,0.0344,583,High Risk - Refer,Refer to Manual Underwriting,0
APP003755,2023-07-19,Train,Car Purchase,14500,36,Branch,QLD,Part-Time,54092.59,0.0245,593,Standard,Approve - Standard Terms,0
APP007878,2023-09-25,Train,Home Renovation,7000,12,Broker,WA,Full-Time,67627.63,0.0177,603,Preferred,Approve - Preferred Pricing,0
APP000473,2024-01-18,Train,Car Purchase,17000,12,Online,WA,Part-Time,29260.91,0.0603,566,Decline,Decline,0
APP007036,2023-03-31,Train,Debt Consolidation,44500,36,Online,QLD,Full-Time,66123.77,0.0474,574,High Risk - Refer,Refer to Manual Underwriting,0
APP008847,2023-07-09,Train,Home Renovation,36500,24,Online,WA,Full-Time,98116.86,0.0303,587,Standard,Approve - Standard Terms,0
APP000677,2024-02-26,Train,Debt Consolidation,23000,24,Branch,QLD,Part-Time,36233.82,0.0203,599,Preferred,Approve - Preferred Pricing,0
APP006517,2023-01-14,Train,Car Purchase,35500,24,Online,NSW,Full-Time,50731.16,0.0189,601,Preferred,Approve - Preferred Pricing,0
APP004248,2023-01-29,Train,Wedding,26500,48,Branch,VIC,Casual,44381.61,0.0765,559,Decline,Decline,0
APP007189,2023-12-26,Train,Car Purchase,46500,60,Branch,TAS,Full-Time,157787.78,0.0189,601,Preferred,Approve - Preferred Pricing,0
APP008001,2023-03-13,Train,Home Renovation,39500,24,Branch,NSW,Full-Time,86865.88,0.0177,603,Preferred,Approve - Preferred Pricing,0
APP002606,2023-09-25,Train,Home Renovation,28500,60,Broker,QLD,Part-Time,31789.13,0.0278,590,Standard,Approve - Standard Terms,0
APP000969,2023-06-25,Train,Car Purchase,16500,60,Online,QLD,Full-Time,103511.72,0.0236,595,Standard,Approve - Standard Terms,0
APP007285,2023-11-04,Train,Wedding,19500,12,Branch,VIC,Part-Time,47354.57,0.1221,544,Decline,Decline,1
APP007543,2023-12-15,Train,Car Purchase,34500,36,Branch,SA,Self-Employed,67149.51,0.05,572,High Risk - Refer,Refer to Manual Underwriting,0
APP007486,2024-03-28,Train,Debt Consolidation,33000,36,Branch,SA,Full-Time,112329.48,0.0189,601,Preferred,Approve - Preferred Pricing,0
APP006524,2023-10-24,Train,Debt Consolidation,27500,36,Online,NSW,Full-Time,45286.75,0.0344,583,High Risk - Refer,Refer to Manual Underwriting,0
APP007310,2024-03-15,Train,Debt Consolidation,30500,12,Branch,QLD,Full-Time,48391.31,0.0562,569,High Risk - Refer,Refer to Manual Underwriting,1
APP006861,2023-11-03,Train,Home Renovation,7500,24,Online,NSW,Self-Employed,80317.33,0.0156,607,Premium,Approve - Premium Pricing,0
APP004083,2024-01-21,Train,Debt Consolidation,42500,36,Online,SA,Full-Time,114912.41,0.0177,603,Preferred,Approve - Preferred Pricing,0
APP007242,2023-01-09,Train,Car Purchase,40000,36,Branch,SA,Full-Time,60361.61,0.0177,603,Preferred,Approve - Preferred Pricing,0
APP001876,2023-06-26,Train,Medical,11500,48,Online,NSW,Full-Time,75560.45,0.0258,592,Standard,Approve - Standard Terms,0
APP005766,2023-04-03,Train,Car Purchase,5500,36,Broker,VIC,Casual,41169.31,0.0738,560,Decline,Decline,0
APP007697,2023-06-08,Train,Other,10000,48,Branch,NSW,Full-Time,86607.38,0.0344,583,High Risk - Refer,Refer to Manual Underwriting,0
APP001678,2023-10-27,Train,Travel,19500,24,Online,VIC,Full-Time,73215.75,0.0344,583,High Risk - Refer,Refer to Manual Underwriting,0
APP001329,2023-09-24,Train,Car Purchase,21000,12,Online,SA,Full-Time,61042.62,0.054,570,High Risk - Refer,Refer to Manual Underwriting,0
APP004990,2023-06-05,Train,Car Purchase,26000,24,Broker,NSW,Part-Time,27925.68,0.0254,592,Standard,Approve - Standard Terms,0
APP006720,2024-01-11,Train,Car Purchase,25500,60,Online,NSW,Full-Time,97757.78,0.0177,603,Preferred,Approve - Preferred Pricing,0
APP000052,2024-01-06,Train,Wedding,5000,24,Branch,NSW,Full-Time,43357.61,0.0303,587,Standard,Approve - Standard Terms,0
APP005121,2024-02-24,Train,Home Renovation,25500,36,Broker,ACT,Full-Time,84607.05,0.0177,603,Preferred,Approve - Preferred Pricing,0
APP007406,2023-08-23,Train,Other,22500,24,Branch,QLD,Self-Employed,25684.67,0.0269,591,Standard,Approve - Standard Terms,0
APP002996,2023-10-29,Train,Car Purchase,47000,24,Broker,NSW,Full-Time,56931.34,0.0659,564,Decline,Decline,0
APP005198,2023-03-11,Train,Car Purchase,32000,36,Broker,VIC,Full-Time,44800.27,0.0177,603,Preferred,Approve - Preferred Pricing,0
APP005275,2023-12-31,Train,Car Purchase,8000,48,Broker,VIC,Full-Time,73656.55,0.1036,549,Decline,Decline,0
APP001655,2023-06-26,Train,Debt Consolidation,45000,24,Broker,NSW,Casual,43232.53,0.0258,592,Standard,Approve - Standard Terms,0
APP000093,2023-06-22,Train,Debt Consolidation,18500,36,Online,NSW,Part-Time,29172.73,0.019,601,Preferred,Approve - Preferred Pricing,0
APP008544,2023-08-01,Train,Home Renovation,17000,36,Broker,VIC,Self-Employed,84060.37,0.0229,595,Standard,Approve - Standard Terms,0
APP004701,2023-05-20,Train,Home Renovation,24000,24,Online,SA,Full-Time,49431.23,0.0303,587,Standard,Approve - Standard Terms,0
APP005497,2023-07-09,Train,Home Renovation,8000,12,Broker,NSW,Full-Time,116455.05,0.0394,579,High Risk - Refer,Refer to Manual Underwriting,0
APP001102,2024-03-25,Train,Debt Consolidation,7500,48,Branch,QLD,Full-Time,52680.78,0.0258,592,Standard,Approve - Standard Terms,0
APP003863,2023-04-28,Train,Home Renovation,12000,36,Online,NSW,Casual,51306.86,0.054,570,High Risk - Refer,Refer to Manual Underwriting,0
APP003817,2023-06-16,Train,Other,16500,24,Broker,QLD,Full-Time,80902.59,0.0177,603,Preferred,Approve - Preferred Pricing,0
APP007628,2023-05-21,Train,Other,16000,48,Branch,QLD,Self-Employed,56655.18,0.0682,563,Decline,Decline,0
APP004400,2023-01-02,Train,Home Renovation,40500,24,Branch,VIC,Full-Time,52988.44,0.0236,595,Standard,Approve - Standard Terms,0
APP000490,2024-03-12,Train,Medical,24000,24,Online,VIC,Full-Time,36149.18,0.0177,603,Preferred,Approve - Preferred Pricing,0
APP006429,2023-06-19,Train,Home Renovation,8000,24,Online,QLD,Self-Employed,94493.34,0.0167,605,Premium,Approve - Premium Pricing,0
APP001064,2023-08-24,Train,Car Purchase,49500,48,Broker,VIC,Full-Time,94853.24,0.0177,603,Preferred,Approve - Preferred Pricing,0
APP000833,2023-11-05,Train,Medical,31500,36,Online,NSW,Full-Time,73705.16,0.0243,594,Standard,Approve - Standard Terms,0
APP000058,2023-07-16,Train,Medical,32500,48,Broker,QLD,Casual,19155.32,0.0344,583,Standard,Approve - Standard Terms,0
APP004280,2023-03-21,Train,Home Renovation,26500,36,Online,QLD,Full-Time,90551.51,0.0236,595,Standard,Approve - Standard Terms,0
APP002485,2023-08-01,Train,Home Renovation,8000,36,Online,NSW,Part-Time,30020.49,0.1109,547,Decline,Decline,0
APP001675,2024-02-03,Train,Car Purchase,42000,48,Online,NSW,Full-Time,146554.46,0.0189,601,Preferred,Approve - Preferred Pricing,0
APP003664,2024-02-12,Train,Home Renovation,2500,48,Online,VIC,Self-Employed,55328.85,0.0305,587,Standard,Approve - Standard Terms,0
APP005484,2023-04-28,Train,Home Renovation,25000,12,Branch,VIC,Self-Employed,85874.6,0.0156,607,Premium,Approve - Premium Pricing,0
APP008139,2023-01-26,Train,Debt Consolidation,12500,36,Online,VIC,Full-Time,54598.11,0.0236,595,Standard,Approve - Standard Terms,0
APP004351,2023-10-20,Train,Travel,14500,60,Branch,QLD,Full-Time,105665.18,0.0236,595,Standard,Approve - Standard Terms,0
APP007431,2023-03-28,Train,Debt Consolidation,23000,36,Online,NSW,Full-Time,44392.55,0.0258,592,Standard,Approve - Standard Terms,0
APP003344,2023-02-02,Train,Car Purchase,28500,36,Branch,VIC,Full-Time,93800.03,0.0344,583,High Risk - Refer,Refer to Manual Underwriting,0
APP001841,2023-05-19,Train,Debt Consolidation,12500,12,Online,NSW,Full-Time,62804.67,0.0236,595,Standard,Approve - Standard Terms,0
APP006214,2023-01-15,Train,Travel,35000,48,Online,QLD,Full-Time,84333.09,0.0189,601,Preferred,Approve - Preferred Pricing,0
APP000792,2023-01-14,Train,Wedding,9000,48,Online,NSW,Full-Time,60332.2,0.0276,590,Standard,Approve - Standard Terms,0
APP004054,2023-09-19,Train,Car Purchase,31500,12,Branch,VIC,Casual,30346.26,0.0276,590,Standard,Approve - Standard Terms,0
APP007069,2023-01-25,Train,Debt Consolidation,13500,48,Online,WA,Casual,35398.05,0.0227,596,Preferred,Approve - Preferred Pricing,0
APP006583,2023-12-14,Train,Other,29500,24,Online,NSW,Full-Time,102004.18,0.0276,590,Standard,Approve - Standard Terms,0
APP003720,2023-07-13,Train,Car Purchase,45500,48,Branch,NSW,Full-Time,90052.0,0.0303,587,Standard,Approve - Standard Terms,0
APP008537,2023-05-17,Train,Debt Consolidation,18500,60,Online,WA,Part-Time,29747.71,0.0906,554,Decline,Decline,0
APP002228,2023-08-27,Train,Home Renovation,44500,36,Branch,SA,Full-Time,94461.72,0.0189,601,Preferred,Approve - Preferred Pricing,0
APP007952,2023-05-23,Train,Travel,34000,48,Broker,QLD,Full-Time,62918.52,0.0189,601,Preferred,Approve - Preferred Pricing,0
APP003987,2024-02-23,Train,Wedding,32000,48,Online,SA,Full-Time,85699.27,0.0236,595,Standard,Approve - Standard Terms,0
APP004266,2023-06-26,Train,Travel,43000,60,Broker,QLD,Part-Time,53814.72,0.0278,590,Standard,Approve - Standard Terms,0
APP001282,2023-08-13,Train,Home Renovation,36500,48,Broker,VIC,Full-Time,82324.95,0.0276,590,Standard,Approve - Standard Terms,0
APP001302,2023-04-19,Train,Debt Consolidation,11000,36,Online,NSW,Part-Time,17894.8,0.0792,558,Decline,Decline,0
APP002433,2023-07-11,Train,Other,37500,36,Broker,SA,Full-Time,80997.51,0.0177,603,Preferred,Approve - Preferred Pricing,0
APP002123,2023-10-24,Train,Car Purchase,30000,48,Branch,QLD,Full-Time,58761.32,0.0845,556,Decline,Decline,0
APP003347,2023-04-09,Train,Debt Consolidation,36500,24,Broker,NSW,Full-Time,92099.49,0.0189,601,Preferred,Approve - Preferred Pricing,0
APP005064,2023-02-20,Train,Home Renovation,31000,24,Broker,NSW,Part-Time,66003.29,0.0254,592,Standard,Approve - Standard Terms,0
APP000704,2023-02-07,Train,Debt Consolidation,47500,12,Online,QLD,Full-Time,83056.18,0.0344,583,High Risk - Refer,Refer to Manual Underwriting,0
APP008652,2023-01-08,Train,Car Purchase,11500,36,Branch,QLD,Casual,24789.51,0.0344,583,Standard,Approve - Standard Terms,0
APP004926,2024-02-28,Train,Medical,4000,60,Online,QLD,Full-Time,99707.0,0.0276,590,Standard,Approve - Standard Terms,0
APP000694,2023-06-06,Train,Medical,31000,36,Online,NSW,Casual,38589.58,0.0765,559,Decline,Decline,0
APP000624,2023-01-29,Train,Other,44500,36,Broker,VIC,Self-Employed,53697.11,0.0209,598,Preferred,Approve - Preferred Pricing,0
APP001794,2023-07-27,Train,Home Renovation,37000,36,Online,NSW,Full-Time,97890.08,0.0177,603,Preferred,Approve - Preferred Pricing,0
APP008490,2023-01-04,Train,Debt Consolidation,14000,36,Broker,VIC,Full-Time,65190.66,0.0189,601,Preferred,Approve - Preferred Pricing,0
APP007767,2024-02-20,Train,Debt Consolidation,16500,36,Online,VIC,Casual,28472.78,0.0189,601,Preferred,Approve - Preferred Pricing,0
APP003526,2023-02-18,Train,Car Purchase,43500,12,Broker,QLD,Full-Time,105757.45,0.0227,596,Standard,Approve - Standard Terms,0
APP007579,2023-06-05,Train,Home Renovation,19000,36,Branch,NSW,Self-Employed,63571.2,0.0927,553,Decline,Decline,0
APP008584,2023-10-25,Train,Car Purchase,34000,36,Online,NSW,Full-Time,73242.82,0.0227,596,Standard,Approve - Standard Terms,0
APP005844,2024-02-13,Train,Home Renovation,7500,36,Branch,QLD,Full-Time,42127.76,0.0189,601,Preferred,Approve - Preferred Pricing,0
APP006513,2023-03-24,Train,Other,39000,24,Online,VIC,Casual,24197.84,0.0258,592,Standard,Approve - Standard Terms,0
APP000337,2023-08-03,Train,Car Purchase,50000,36,Broker,NSW,Full-Time,67750.37,0.0189,601,Preferred,Approve - Preferred Pricing,0
APP006365,2023-08-21,Train,Debt Consolidation,8000,24,Online,QLD,Full-Time,95479.71,0.0344,583,High Risk - Refer,Refer to Manual Underwriting,0
APP003182,2023-01-29,Train,Car Purchase,40500,60,Broker,TAS,Casual,31390.76,0.0258,592,Standard,Approve - Standard Terms,0
APP003277,2023-07-06,Train,Debt Consolidation,46500,60,Online,VIC,Part-Time,67168.65,0.0245,593,Standard,Approve - Standard Terms,0
APP002473,2024-03-20,Train,Medical,48500,36,Branch,QLD,Casual,37292.19,0.0243,594,Standard,Approve - Standard Terms,0
APP005691,2023-04-27,Train,Debt Consolidation,6500,36,Branch,ACT,Part-Time,30192.91,0.0326,585,Standard,Approve - Standard Terms,0
APP001382,2024-03-02,Train,Wedding,48500,60,Branch,NSW,Part-Time,51962.58,0.1437,539,Decline,Decline,0
APP005872,2023-11-12,Train,Wedding,26000,60,Online,NSW,Self-Employed,56857.87,0.0269,591,Standard,Approve - Standard Terms,0
APP003098,2023-12-11,Train,Debt Consolidation,32500,60,Online,NSW,Full-Time,83324.53,0.0326,585,Standard,Approve - Standard Terms,0
APP006849,2023-12-23,Train,Other,48000,24,Branch,VIC,Unemployed,33303.02,0.2029,527,Decline,Decline,0
APP006536,2024-03-13,Train,Car Purchase,39500,36,Online,NSW,Full-Time,79132.21,0.0542,570,High Risk - Refer,Refer to Manual Underwriting,0
APP000596,2023-04-12,Train,Debt Consolidation,44500,48,Branch,SA,Full-Time,70164.49,0.0177,603,Preferred,Approve - Preferred Pricing,0
APP006919,2024-02-18,Train,Debt Consolidation,11500,48,Online,NSW,Full-Time,100170.09,0.0177,603,Preferred,Approve - Preferred Pricing,0
APP007759,2023-08-31,Train,Home Renovation,20500,48,Online,VIC,Full-Time,54868.42,0.0344,583,High Risk - Refer,Refer to Manual Underwriting,0
APP008764,2023-10-23,Train,Debt Consolidation,31500,12,Broker,NSW,Full-Time,58195.48,0.0394,579,High Risk - Refer,Refer to Manual Underwriting,0
APP000223,2023-02-21,Train,Home Renovation,13500,36,Branch,VIC,Part-Time,46214.61,0.037,581,High Risk - Refer,Refer to Manual Underwriting,0
APP003865,2023-05-25,Train,Debt Consolidation,17500,12,Branch,QLD,Full-Time,133459.61,0.0177,603,Preferred,Approve - Preferred Pricing,0
APP002514,2024-03-29,Train,Other,10000,60,Online,NSW,Part-Time,48308.39,0.0424,577,High Risk - Refer,Refer to Manual Underwriting,1
APP006322,2023-10-15,Train,Car Purchase,20000,48,Branch,VIC,Full-Time,85156.74,0.0344,583,High Risk - Refer,Refer to Manual Underwriting,0
APP008801,2024-01-24,Train,Wedding,7000,24,Branch,QLD,Part-Time,19420.07,0.037,581,High Risk - Refer,Refer to Manual Underwriting,0
APP008653,2023-08-06,Train,Debt Consolidation,42500,12,Online,QLD,Casual,19155.32,0.0258,592,Standard,Approve - Standard Terms,0
APP006991,2023-09-15,Train,Medical,36000,36,Online,NSW,Part-Time,59758.87,0.0297,588,Standard,Approve - Standard Terms,0
APP004669,2024-03-21,Train,Wedding,6000,24,Online,NSW,Part-Time,52818.02,0.0424,577,High Risk - Refer,Refer to Manual Underwriting,0
APP006805,2024-03-27,Train,Home Renovation,41000,48,Online,VIC,Full-Time,92657.43,0.0177,603,Preferred,Approve - Preferred Pricing,0
APP000561,2023-09-19,Train,Debt Consolidation,25500,24,Branch,WA,Casual,53271.59,0.0344,583,Standard,Approve - Standard Terms,0
APP007360,2023-01-15,Train,Wedding,45000,36,Online,QLD,Full-Time,84381.38,0.0177,603,Preferred,Approve - Preferred Pricing,0
APP005821,2024-02-29,Train,Debt Consolidation,47500,24,Branch,NSW,Full-Time,101528.59,0.0189,601,Preferred,Approve - Preferred Pricing,0
APP000569,2023-07-15,Train,Home Renovation,31000,48,Online,VIC,Full-Time,62457.08,0.0258,592,Standard,Approve - Standard Terms,0
APP005354,2023-12-26,Train,Debt Consolidation,27000,36,Branch,VIC,Full-Time,73628.52,0.0258,592,Standard,Approve - Standard Terms,0
APP000178,2023-10-03,Train,Debt Consolidation,30000,24,Branch,NSW,Full-Time,92850.35,0.0189,601,Preferred,Approve - Preferred Pricing,0
APP000747,2023-12-21,Train,Travel,40500,24,Branch,QLD,Full-Time,92958.92,0.0236,595,Standard,Approve - Standard Terms,0
APP007819,2024-02-13,Train,Car Purchase,45500,24,Online,VIC,Full-Time,95273.74,0.0258,592,Standard,Approve - Standard Terms,0
APP003590,2023-09-01,Train,Wedding,30500,24,Broker,NSW,Full-Time,106222.41,0.0189,601,Preferred,Approve - Preferred Pricing,0
APP001954,2024-02-29,Train,Home Renovation,22000,60,Broker,QLD,Full-Time,95645.55,0.0848,556,Decline,Decline,0
APP003520,2023-09-15,Train,Medical,13000,36,Branch,NSW,Full-Time,101016.2,0.0189,601,Preferred,Approve - Preferred Pricing,0
APP003909,2023-04-23,Train,Travel,29000,36,Branch,QLD,Part-Time,42012.44,0.0792,558,Decline,Decline,0
APP007120,2023-12-15,Train,Other,34000,60,Online,QLD,Part-Time,36233.82,0.0841,556,Decline,Decline,0
APP005058,2023-03-11,Train,Debt Consolidation,5500,60,Online,NSW,Full-Time,44484.71,0.0189,601,Preferred,Approve - Preferred Pricing,0
APP003011,2023-05-22,Train,Travel,35500,24,Online,QLD,Full-Time,108297.46,0.0297,588,Standard,Approve - Standard Terms,0
APP002643,2023-11-16,Train,Medical,5000,36,Online,TAS,Full-Time,97605.48,0.0236,595,Standard,Approve - Standard Terms,0
APP007710,2023-11-16,Train,Home Renovation,27000,36,Online,SA,Full-Time,69410.83,0.0542,570,High Risk - Refer,Refer to Manual Underwriting,0
APP002239,2023-12-10,Train,Medical,35500,24,Online,NSW,Casual,31131.31,0.0189,601,Preferred,Approve - Preferred Pricing,0
APP004166,2023-01-24,Train,Travel,46500,12,Online,NSW,Full-Time,63856.39,0.0303,587,Standard,Approve - Standard Terms,0
APP006138,2023-03-01,Train,Medical,35500,12,Branch,VIC,Full-Time,73769.11,0.0177,603,Preferred,Approve - Preferred Pricing,0
APP005899,2023-12-17,Train,Debt Consolidation,21000,24,Online,NSW,Part-Time,27999.32,0.0297,588,Standard,Approve - Standard Terms,0
APP000175,2024-01-06,Train,Car Purchase,16500,60,Online,SA,Full-Time,54437.9,0.0236,595,Standard,Approve - Standard Terms,0
APP003099,2023-11-28,Train,Car Purchase,34500,12,Branch,NSW,Self-Employed,59712.83,0.0927,553,Decline,Decline,0
APP007429,2023-07-13,Train,Home Renovation,17000,48,Online,VIC,Full-Time,89563.73,0.0344,583,High Risk - Refer,Refer to Manual Underwriting,0
APP003748,2023-10-16,Train,Car Purchase,14000,36,Online,VIC,Full-Time,50440.38,0.0344,583,High Risk - Refer,Refer to Manual Underwriting,0
APP004442,2023-04-26,Train,Other,3000,36,Broker,NSW,Full-Time,35295.52,0.0326,585,Standard,Approve - Standard Terms,0
APP000242,2023-08-12,Train,Wedding,30500,36,Online,WA,Full-Time,44702.39,0.0258,592,Standard,Approve - Standard Terms,0
APP006839,2024-02-27,Train,Other,23500,48,Branch,QLD,Part-Time,17737.92,0.0909,554,Decline,Decline,0
APP004125,2023-09-16,Train,Wedding,43500,60,Broker,QLD,Casual,31847.11,0.0236,595,Standard,Approve - Standard Terms,0
APP008192,2023-08-16,Train,Debt Consolidation,35000,36,Online,VIC,Casual,51835.56,0.0394,579,High Risk - Refer,Refer to Manual Underwriting,0
APP002709,2023-03-15,Train,Car Purchase,7500,24,Online,WA,Self-Employed,81643.47,0.0156,607,Premium,Approve - Premium Pricing,0
APP004860,2023-06-29,Train,Wedding,3000,60,Branch,VIC,Part-Time,35305.4,0.0341,584,Standard,Approve - Standard Terms,0
APP007498,2023-09-08,Train,Debt Consolidation,25000,24,Branch,NSW,Full-Time,63567.46,0.0394,579,High Risk - Refer,Refer to Manual Underwriting,0
APP004911,2023-09-29,Train,Travel,45000,36,Online,VIC,Self-Employed,96657.73,0.0209,598,Preferred,Approve - Preferred Pricing,0
APP001677,2023-12-18,Train,Home Renovation,48500,36,Branch,SA,Full-Time,94461.72,0.0258,592,Standard,Approve - Standard Terms,0
APP004288,2023-12-07,Train,Car Purchase,23000,24,Online,QLD,Casual,36145.18,0.0542,570,High Risk - Refer,Refer to Manual Underwriting,0
APP007688,2023-01-03,Train,Other,13500,12,Branch,NSW,Part-Time,50755.74,0.0278,590,Standard,Approve - Standard Terms,0
APP007048,2023-07-26,Train,Travel,9000,12,Branch,QLD,Self-Employed,25159.46,0.0305,587,Standard,Approve - Standard Terms,0
APP002500,2023-04-18,Train,Medical,21500,24,Online,QLD,Full-Time,49494.68,0.0276,590,Standard,Approve - Standard Terms,0
APP005834,2023-03-23,Train,Medical,3000,36,Branch,SA,Casual,26887.29,0.0227,596,Preferred,Approve - Preferred Pricing,0
APP007841,2023-02-07,Train,Car Purchase,12500,48,Online,SA,Full-Time,76781.19,0.0189,601,Preferred,Approve - Preferred Pricing,0
APP007608,2023-05-13,Train,Car Purchase,19000,36,Broker,NSW,Full-Time,88645.24,0.0344,583,High Risk - Refer,Refer to Manual Underwriting,0
APP001870,2023-05-05,Train,Debt Consolidation,6000,60,Broker,NSW,Full-Time,114683.0,0.0344,583,High Risk - Refer,Refer to Manual Underwriting,0
APP008993,2023-08-11,Train,Other,31500,48,Broker,VIC,Full-Time,89834.21,0.0177,603,Preferred,Approve - Preferred Pricing,0
APP000124,2023-07-18,Train,Home Renovation,18500,36,Online,VIC,Full-Time,77671.94,0.0177,603,Preferred,Approve - Preferred Pricing,0
APP001029,2023-06-11,Train,Home Renovation,31500,12,Branch,WA,Part-Time,50973.55,0.0203,599,Preferred,Approve - Preferred Pricing,0
APP000300,2023-12-26,Train,Debt Consolidation,15000,60,Broker,VIC,Full-Time,118038.07,0.0189,601,Preferred,Approve - Preferred Pricing,0
APP003303,2023-10-20,Train,Car Purchase,8000,60,Online,QLD,Full-Time,73615.09,0.0474,574,High Risk - Refer,Refer to Manual Underwriting,0
APP006916,2023-03-17,Train,Home Renovation,24000,60,Online,NSW,Full-Time,105469.28,0.0177,603,Preferred,Approve - Preferred Pricing,0
APP001283,2023-07-02,Train,Wedding,8000,36,Online,QLD,Self-Employed,49974.22,0.0156,607,Premium,Approve - Premium Pricing,0
APP000326,2023-12-03,Train,Car Purchase,48500,36,Online,VIC,Full-Time,100318.64,0.0177,603,Preferred,Approve - Preferred Pricing,0
APP000863,2023-04-25,Train,Home Renovation,10000,48,Online,SA,Full-Time,19059.36,0.0418,578,High Risk - Refer,Refer to Manual Underwriting,0
APP002612,2023-02-25,Train,Debt Consolidation,14000,48,Online,QLD,Self-Employed,72373.59,0.0269,591,Standard,Approve - Standard Terms,0
APP008776,2023-12-05,Train,Other,41000,24,Online,SA,Full-Time,97376.77,0.0189,601,Preferred,Approve - Preferred Pricing,0
APP003733,2023-09-23,Train,Car Purchase,34500,60,Online,SA,Unemployed,15000.0,0.111,547,Decline,Decline,0
APP005960,2024-02-06,Train,Debt Consolidation,22000,36,Branch,WA,Full-Time,96564.37,0.0177,603,Preferred,Approve - Preferred Pricing,0
APP004700,2024-03-19,Train,Car Purchase,44000,24,Online,NSW,Full-Time,71594.74,0.0344,583,High Risk - Refer,Refer to Manual Underwriting,1
APP005423,2024-03-01,Train,Debt Consolidation,11000,36,Online,NSW,Full-Time,83302.85,0.0189,601,Preferred,Approve - Preferred Pricing,0
APP007994,2023-09-10,Train,Home Renovation,32500,36,Broker,WA,Self-Employed,39233.07,0.0245,593,Standard,Approve - Standard Terms,0
APP005004,2023-04-28,Train,Wedding,41500,36,Broker,VIC,Part-Time,39573.06,0.0438,576,High Risk - Refer,Refer to Manual Underwriting,0
APP001902,2024-03-04,Train,Home Renovation,40500,12,Online,NSW,Casual,42139.59,0.0542,570,High Risk - Refer,Refer to Manual Underwriting,0
APP002654,2023-05-13,Train,Debt Consolidation,12500,36,Online,NSW,Part-Time,37941.92,0.0326,585,Standard,Approve - Standard Terms,0
APP000701,2023-10-10,Train,Debt Consolidation,45500,36,Online,NSW,Full-Time,111548.35,0.0177,603,Preferred,Approve - Preferred Pricing,0
APP001450,2023-10-12,Train,Car Purchase,5500,48,Online,VIC,Self-Employed,54877.62,0.0156,607,Premium,Approve - Premium Pricing,0
APP002812,2023-09-03,Train,Debt Consolidation,23000,36,Branch,VIC,Full-Time,112114.17,0.0177,603,Preferred,Approve - Preferred Pricing,0
APP001941,2023-11-28,Train,Wedding,29000,12,Broker,QLD,Full-Time,15000.0,0.0236,595,Standard,Approve - Standard Terms,0
APP002652,2024-01-07,Train,Car Purchase,19000,24,Branch,NSW,Casual,40222.2,0.0474,574,High Risk - Refer,Refer to Manual Underwriting,0
APP000161,2023-05-08,Train,Wedding,27500,36,Online,NSW,Full-Time,41553.59,0.0394,579,High Risk - Refer,Refer to Manual Underwriting,0
APP004836,2023-05-29,Train,Medical,18500,24,Broker,NSW,Full-Time,76452.97,0.0177,603,Preferred,Approve - Preferred Pricing,0
APP008450,2023-07-26,Train,Debt Consolidation,38000,36,Online,VIC,Full-Time,73940.41,0.0236,595,Standard,Approve - Standard Terms,1
APP001331,2023-02-02,Train,Home Renovation,36500,48,Online,WA,Full-Time,124190.33,0.0258,592,Standard,Approve - Standard Terms,0
APP008038,2023-02-14,Train,Home Renovation,8500,12,Broker,NSW,Full-Time,84975.47,0.0189,601,Preferred,Approve - Preferred Pricing,0
APP008690,2023-01-09,Train,Debt Consolidation,22000,36,Online,QLD,Full-Time,57636.78,0.0227,596,Standard,Approve - Standard Terms,0
APP000218,2023-12-28,Train,Debt Consolidation,11000,36,Broker,NSW,Full-Time,73209.56,0.0276,590,Standard,Approve - Standard Terms,0
APP004356,2023-11-24,Train,Car Purchase,46500,12,Branch,QLD,Unemployed,18581.9,0.3001,512,Decline,Decline,0
APP007860,2024-01-26,Train,Debt Consolidation,19000,60,Broker,NSW,Full-Time,57770.9,0.0303,587,Standard,Approve - Standard Terms,0
APP003038,2023-07-11,Train,Car Purchase,27000,60,Online,QLD,Part-Time,25163.29,0.0297,588,Standard,Approve - Standard Terms,0
APP007247,2023-09-18,Train,Car Purchase,41500,24,Branch,VIC,Full-Time,65654.22,0.0542,570,High Risk - Refer,Refer to Manual Underwriting,0
APP006896,2023-05-23,Train,Car Purchase,34000,36,Online,NSW,Full-Time,78199.78,0.0177,603,Preferred,Approve - Preferred Pricing,0
APP007863,2023-01-30,Train,Debt Consolidation,8500,60,Online,QLD,Full-Time,68384.21,0.0258,592,Standard,Approve - Standard Terms,1
APP001235,2023-11-19,Train,Debt Consolidation,20000,60,Branch,ACT,Self-Employed,36493.12,0.0167,605,Premium,Approve - Premium Pricing,0
APP005139,2023-04-05,Train,Debt Consolidation,10500,12,Broker,NSW,Full-Time,43331.01,0.0258,592,Standard,Approve - Standard Terms,0
APP008295,2023-01-06,Train,Travel,47500,24,Branch,VIC,Part-Time,66058.68,0.0442,576,High Risk - Refer,Refer to Manual Underwriting,0
APP000027,2023-03-05,Train,Debt Consolidation,4000,24,Branch,VIC,Part-Time,44358.06,0.0319,586,Standard,Approve - Standard Terms,0
APP005408,2023-11-28,Train,Home Renovation,14000,12,Online,QLD,Full-Time,88816.7,0.0227,596,Standard,Approve - Standard Terms,0
APP004445,2024-02-13,Train,Home Renovation,28000,24,Online,SA,Full-Time,47828.46,0.0177,603,Preferred,Approve - Preferred Pricing,0
APP000513,2023-06-11,Train,Travel,3000,36,Online,VIC,Casual,31111.1,0.0236,595,Standard,Approve - Standard Terms,0
APP000910,2023-06-19,Train,Other,32500,36,Broker,VIC,Self-Employed,63912.81,0.0754,559,Decline,Decline,0
APP005189,2023-02-02,Train,Wedding,41000,36,Broker,WA,Full-Time,97516.9,0.0189,601,Preferred,Approve - Preferred Pricing,0
APP002386,2024-03-25,Train,Car Purchase,26000,36,Broker,NSW,Full-Time,94751.23,0.0303,587,Standard,Approve - Standard Terms,0
APP004196,2023-11-27,Train,Travel,21000,24,Broker,NSW,Unemployed,16433.8,0.3001,512,Decline,Decline,0
APP003499,2024-03-20,Train,Car Purchase,37000,48,Online,NSW,Full-Time,124467.24,0.0177,603,Preferred,Approve - Preferred Pricing,0
APP006424,2023-11-13,Train,Debt Consolidation,39000,48,Broker,ACT,Full-Time,64628.06,0.0344,583,High Risk - Refer,Refer to Manual Underwriting,0
APP000703,2023-08-01,Train,Debt Consolidation,6500,24,Online,ACT,Part-Time,67255.73,0.0326,585,Standard,Approve - Standard Terms,0
APP008723,2023-01-13,Train,Debt Consolidation,9500,36,Branch,WA,Full-Time,95711.64,0.0258,592,Standard,Approve - Standard Terms,0
APP005855,2023-06-15,Train,Debt Consolidation,42000,24,Branch,VIC,Full-Time,94851.92,0.0258,592,Standard,Approve - Standard Terms,0
APP003819,2024-03-22,Train,Home Renovation,48000,24,Online,NSW,Full-Time,103685.31,0.0542,570,High Risk - Refer,Refer to Manual Underwriting,0
APP001563,2023-07-09,Train,Debt Consolidation,41500,24,Online,VIC,Part-Time,15000.0,0.0823,557,Decline,Decline,0
APP001406,2023-12-31,Train,Car Purchase,3500,36,Broker,VIC,Full-Time,66622.8,0.0344,583,High Risk - Refer,Refer to Manual Underwriting,0
APP004108,2023-03-20,Train,Travel,37000,48,Branch,QLD,Full-Time,71205.3,0.0177,603,Preferred,Approve - Preferred Pricing,0
APP005180,2023-10-26,Train,Debt Consolidation,25000,60,Broker,NSW,Full-Time,96228.13,0.0177,603,Preferred,Approve - Preferred Pricing,0
APP003463,2023-12-07,Train,Home Renovation,15000,24,Online,SA,Self-Employed,80022.79,0.0167,605,Premium,Approve - Premium Pricing,0
APP004403,2024-01-04,Train,Debt Consolidation,38000,48,Online,NSW,Self-Employed,67287.19,0.0167,605,Premium,Approve - Premium Pricing,0
APP000868,2023-08-12,Train,Travel,43500,48,Branch,NSW,Full-Time,84892.9,0.0189,601,Preferred,Approve - Preferred Pricing,0
APP005947,2023-01-17,Train,Debt Consolidation,15000,48,Online,NSW,Full-Time,68853.21,0.0297,588,Standard,Approve - Standard Terms,0
APP004682,2023-04-08,Train,Other,48500,24,Broker,QLD,Casual,25068.16,0.0227,596,Preferred,Approve - Preferred Pricing,0
APP002220,2024-03-09,Train,Debt Consolidation,36000,36,Broker,VIC,Self-Employed,58856.22,0.0305,587,Standard,Approve - Standard Terms,0
APP006737,2024-01-27,Train,Car Purchase,25000,24,Online,WA,Full-Time,104263.56,0.0189,601,Preferred,Approve - Preferred Pricing,0
APP003973,2024-02-12,Train,Debt Consolidation,27500,36,Branch,VIC,Self-Employed,41235.98,0.048,573,High Risk - Refer,Refer to Manual Underwriting,0
APP000458,2023-11-21,Train,Car Purchase,29000,60,Branch,NSW,Casual,29363.49,0.1036,549,Decline,Decline,0
APP003957,2023-01-29,Train,Debt Consolidation,48500,60,Broker,SA,Self-Employed,29080.73,0.05,572,High Risk - Refer,Refer to Manual Underwriting,0
APP008196,2023-06-04,Train,Wedding,29500,48,Broker,ACT,Full-Time,80444.99,0.0189,601,Preferred,Approve - Preferred Pricing,0
APP000970,2023-02-06,Train,Debt Consolidation,17500,12,Branch,QLD,Full-Time,120978.64,0.0189,601,Preferred,Approve - Preferred Pricing,0
APP006203,2024-03-22,Train,Debt Consolidation,17000,36,Online,VIC,Part-Time,39949.92,0.0582,567,High Risk - Refer,Refer to Manual Underwriting,0
APP006441,2023-04-22,Train,Debt Consolidation,21500,48,Online,VIC,Part-Time,35330.84,0.0203,599,Preferred,Approve - Preferred Pricing,0
APP005840,2023-11-13,Train,Debt Consolidation,8000,48,Online,NSW,Full-Time,52807.36,0.0236,595,Standard,Approve - Standard Terms,0
APP003327,2024-01-21,Train,Home Renovation,9500,48,Broker,QLD,Part-Time,27058.26,0.0517,571,High Risk - Refer,Refer to Manual Underwriting,0
APP001588,2023-12-09,Train,Debt Consolidation,7000,48,Online,ACT,Full-Time,86835.53,0.0236,595,Standard,Approve - Standard Terms,0
APP005481,2023-03-30,Train,Car Purchase,47500,12,Online,NSW,Part-Time,49554.89,0.037,581,High Risk - Refer,Refer to Manual Underwriting,0
APP006767,2023-04-13,Train,Home Renovation,7500,24,Broker,NSW,Part-Time,41572.33,0.019,601,Preferred,Approve - Preferred Pricing,0
APP005829,2023-12-14,Train,Medical,26500,48,Online,VIC,Casual,46580.08,0.0738,560,Decline,Decline,0
APP001577,2024-02-18,Train,Travel,22000,60,Online,TAS,Full-Time,59429.37,0.0177,603,Preferred,Approve - Preferred Pricing,0
APP003913,2023-01-31,Train,Debt Consolidation,23500,36,Broker,VIC,Full-Time,89633.42,0.0276,590,Standard,Approve - Standard Terms,0
APP000504,2023-08-13,Train,Travel,34500,36,Broker,VIC,Self-Employed,76532.35,0.0305,587,Standard,Approve - Standard Terms,0
APP008002,2023-09-02,Train,Home Renovation,17000,36,Broker,VIC,Full-Time,93533.89,0.0303,587,Standard,Approve - Standard Terms,0
APP004110,2023-12-16,Train,Car Purchase,36500,24,Broker,VIC,Casual,40966.04,0.0562,569,High Risk - Refer,Refer to Manual Underwriting,0
APP001117,2023-09-05,Train,Wedding,50000,12,Online,WA,Part-Time,44604.53,0.0245,593,Standard,Approve - Standard Terms,0
APP000675,2023-07-12,Train,Other,12000,24,Broker,QLD,Full-Time,116674.33,0.0189,601,Preferred,Approve - Preferred Pricing,0
APP001546,2023-02-01,Train,Car Purchase,39500,48,Online,VIC,Part-Time,42794.02,0.0823,557,Decline,Decline,0
APP000259,2024-01-27,Train,Wedding,32000,36,Branch,NSW,Self-Employed,63920.35,0.0156,607,Premium,Approve - Premium Pricing,0
APP006059,2023-03-27,Train,Medical,40000,48,Online,VIC,Full-Time,118629.98,0.0189,601,Preferred,Approve - Preferred Pricing,0
APP001222,2023-07-20,Train,Debt Consolidation,20000,24,Broker,QLD,Full-Time,73543.56,0.0227,596,Standard,Approve - Standard Terms,1
APP008198,2023-02-12,Train,Car Purchase,4000,48,Broker,QLD,Full-Time,90882.94,0.0177,603,Preferred,Approve - Preferred Pricing,0
APP008658,2023-08-23,Train,Debt Consolidation,18500,48,Branch,VIC,Part-Time,60808.31,0.0341,584,Standard,Approve - Standard Terms,0
APP007474,2023-05-04,Train,Home Renovation,17000,24,Online,NSW,Full-Time,85101.23,0.0177,603,Preferred,Approve - Preferred Pricing,0
APP008896,2023-02-12,Train,Car Purchase,4000,36,Broker,SA,Full-Time,66373.1,0.0738,560,Decline,Decline,0
APP007254,2024-03-24,Train,Debt Consolidation,43000,48,Broker,NT,Self-Employed,70641.41,0.0927,553,Decline,Decline,0
APP001799,2024-01-29,Train,Debt Consolidation,42000,36,Online,NSW,Part-Time,42242.16,0.0278,590,Standard,Approve - Standard Terms,0
APP005107,2024-01-02,Train,Medical,28500,60,Branch,NSW,Casual,18320.92,0.0236,595,Standard,Approve - Standard Terms,0
APP006772,2024-03-15,Train,Debt Consolidation,21500,36,Online,WA,Full-Time,81855.77,0.0177,603,Preferred,Approve - Preferred Pricing,0
APP000079,2023-11-01,Train,Debt Consolidation,31500,60,Broker,TAS,Full-Time,105145.13,0.0236,595,Standard,Approve - Standard Terms,0
APP002754,2023-06-28,Train,Debt Consolidation,25000,60,Broker,SA,Unemployed,15000.0,0.136,540,Decline,Decline,0
APP008701,2023-05-03,Train,Home Renovation,42500,60,Broker,QLD,Full-Time,96692.66,0.0491,573,High Risk - Refer,Refer to Manual Underwriting,0
APP007887,2023-03-05,Train,Medical,19500,36,Broker,VIC,Full-Time,76564.78,0.0394,579,High Risk - Refer,Refer to Manual Underwriting,0
APP000509,2023-02-27,Train,Other,21500,36,Online,QLD,Full-Time,61809.14,0.0303,587,Standard,Approve - Standard Terms,0
APP005632,2023-11-15,Train,Travel,36000,60,Online,VIC,Part-Time,36801.13,0.0823,557,Decline,Decline,0
APP005251,2023-05-26,Train,Other,23500,48,Online,VIC,Casual,29729.58,0.0236,595,Standard,Approve - Standard Terms,0
APP000314,2023-10-09,Train,Car Purchase,3000,12,Branch,ACT,Full-Time,58975.46,0.0189,601,Preferred,Approve - Preferred Pricing,0
APP000202,2024-01-01,Train,Home Renovation,44000,24,Branch,QLD,Self-Employed,59573.81,0.0421,577,High Risk - Refer,Refer to Manual Underwriting,0
APP006575,2023-01-10,Train,Debt Consolidation,5000,24,Branch,QLD,Casual,32671.8,0.0767,559,Decline,Decline,0
APP004563,2023-06-21,Train,Debt Consolidation,13000,36,Branch,SA,Full-Time,113224.52,0.0189,601,Preferred,Approve - Preferred Pricing,0
APP002184,2024-02-28,Train,Debt Consolidation,14000,12,Branch,VIC,Full-Time,70976.72,0.0189,601,Preferred,Approve - Preferred Pricing,0
APP006560,2023-06-11,Train,Travel,46500,24,Online,VIC,Full-Time,75850.83,0.0326,585,Standard,Approve - Standard Terms,0
APP003328,2023-02-06,Train,Debt Consolidation,13500,36,Online,QLD,Self-Employed,89164.76,0.0209,598,Preferred,Approve - Preferred Pricing,0
APP002528,2023-07-12,Train,Home Renovation,32000,36,Broker,WA,Self-Employed,75382.92,0.035,583,High Risk - Refer,Refer to Manual Underwriting,0
APP006054,2023-05-10,Train,Wedding,3000,36,Broker,WA,Part-Time,34227.93,0.0438,576,High Risk - Refer,Refer to Manual Underwriting,0
APP004772,2023-05-12,Train,Car Purchase,16500,36,Online,WA,Self-Employed,55598.4,0.0269,591,Standard,Approve - Standard Terms,0
APP003427,2023-07-04,Train,Car Purchase,35500,36,Online,WA,Full-Time,45400.38,0.0344,583,High Risk - Refer,Refer to Manual Underwriting,0
APP004416,2024-02-07,Train,Debt Consolidation,14000,60,Online,NSW,Unemployed,17930.89,0.136,540,Decline,Decline,0
APP005650,2023-10-12,Train,Car Purchase,11500,24,Broker,NT,Full-Time,106455.61,0.0344,583,High Risk - Refer,Refer to Manual Underwriting,0
APP003508,2023-08-26,Train,Car Purchase,15000,24,Online,NSW,Full-Time,94781.78,0.0276,590,Standard,Approve - Standard Terms,0
APP007528,2023-10-13,Train,Car Purchase,34500,24,Online,SA,Unemployed,18803.42,0.0657,564,Decline,Decline,0
APP001343,2023-06-21,Train,Car Purchase,9000,24,Branch,NSW,Full-Time,104985.94,0.0276,590,Standard,Approve - Standard Terms,0
APP000725,2023-12-10,Train,Car Purchase,3500,36,Branch,NSW,Self-Employed,62351.26,0.0156,607,Premium,Approve - Premium Pricing,0
APP006809,2023-11-17,Train,Car Purchase,14500,24,Branch,QLD,Self-Employed,107185.77,0.0229,595,Standard,Approve - Standard Terms,0
APP000631,2023-06-28,Train,Wedding,12000,36,Online,QLD,Casual,22522.23,0.0491,573,High Risk - Refer,Refer to Manual Underwriting,0
APP001385,2023-04-13,Train,Car Purchase,15000,48,Online,VIC,Full-Time,43221.12,0.0227,596,Standard,Approve - Standard Terms,0
APP001152,2024-02-19,Train,Home Renovation,13500,48,Online,NSW,Full-Time,46478.35,0.0344,583,High Risk - Refer,Refer to Manual Underwriting,0
APP007550,2023-12-22,Train,Medical,41500,48,Broker,QLD,Full-Time,75997.9,0.0845,556,Decline,Decline,0
APP007560,2023-05-13,Train,Home Renovation,28500,36,Online,NSW,Full-Time,50005.65,0.0418,578,High Risk - Refer,Refer to Manual Underwriting,0
APP006990,2023-12-10,Train,Home Renovation,29000,60,Branch,VIC,Full-Time,52356.62,0.0303,587,Standard,Approve - Standard Terms,0
APP003925,2023-07-25,Train,Medical,15500,24,Online,NSW,Full-Time,78413.79,0.0303,587,Standard,Approve - Standard Terms,1
APP002360,2023-11-14,Train,Home Renovation,31500,48,Branch,SA,Full-Time,58597.68,0.0394,579,High Risk - Refer,Refer to Manual Underwriting,0
APP008612,2023-06-11,Train,Medical,29500,48,Online,NSW,Self-Employed,118283.5,0.0371,581,High Risk - Refer,Refer to Manual Underwriting,0
APP006668,2023-11-28,Train,Home Renovation,13500,48,Branch,QLD,Casual,44692.46,0.0258,592,Standard,Approve - Standard Terms,0
APP000123,2023-12-22,Train,Car Purchase,16000,36,Online,TAS,Unemployed,26632.11,0.1017,550,Decline,Decline,0
APP002867,2023-02-25,Train,Car Purchase,41000,12,Online,QLD,Full-Time,87632.58,0.054,570,High Risk - Refer,Refer to Manual Underwriting,0
APP005503,2023-06-07,Train,Debt Consolidation,14500,36,Online,NSW,Self-Employed,78062.39,0.0269,591,Standard,Approve - Standard Terms,0
APP008367,2023-01-27,Train,Wedding,31000,60,Broker,NSW,Full-Time,82701.66,0.0189,601,Preferred,Approve - Preferred Pricing,0
APP004408,2024-02-13,Train,Debt Consolidation,44000,12,Online,NSW,Full-Time,54557.53,0.0177,603,Preferred,Approve - Preferred Pricing,0
APP002021,2023-04-22,Train,Car Purchase,31500,24,Branch,VIC,Self-Employed,67737.01,0.0229,595,Standard,Approve - Standard Terms,0
APP007855,2023-11-07,Train,Other,6000,24,Branch,WA,Full-Time,34201.87,0.0236,595,Standard,Approve - Standard Terms,0
APP001429,2023-06-16,Train,Debt Consolidation,19000,48,Branch,NSW,Unemployed,18792.61,0.1021,550,Decline,Decline,0
APP001323,2023-08-29,Train,Home Renovation,3000,48,Online,WA,Part-Time,30198.94,0.0509,572,High Risk - Refer,Refer to Manual Underwriting,0
APP003679,2023-04-15,Train,Debt Consolidation,22500,24,Online,QLD,Full-Time,45403.04,0.0738,560,Decline,Decline,0
APP001144,2023-03-17,Train,Travel,2500,24,Broker,QLD,Casual,34126.04,0.0276,590,Standard,Approve - Standard Terms,0
APP003916,2023-09-20,Train,Home Renovation,19500,24,Branch,NSW,Casual,37709.37,0.0326,585,Standard,Approve - Standard Terms,0
APP003712,2024-02-08,Train,Debt Consolidation,23000,48,Branch,WA,Full-Time,64564.07,0.0545,569,High Risk - Refer,Refer to Manual Underwriting,0
APP002954,2023-04-19,Train,Debt Consolidation,21500,48,Online,NSW,Full-Time,35091.29,0.0418,578,High Risk - Refer,Refer to Manual Underwriting,0
APP007751,2023-01-05,Train,Wedding,22000,24,Online,VIC,Self-Employed,53513.39,0.0156,607,Premium,Approve - Premium Pricing,0
APP006543,2023-07-29,Train,Wedding,32000,24,Online,VIC,Self-Employed,102540.0,0.0305,587,Standard,Approve - Standard Terms,0
APP008161,2023-04-20,Train,Debt Consolidation,5000,36,Branch,VIC,Full-Time,93676.66,0.0189,601,Preferred,Approve - Preferred Pricing,0
APP002082,2023-03-29,Train,Other,11500,48,Broker,NSW,Self-Employed,94503.2,0.0156,607,Premium,Approve - Premium Pricing,0
APP002350,2024-03-02,Train,Debt Consolidation,47500,24,Online,NSW,Full-Time,97574.92,0.0189,601,Preferred,Approve - Preferred Pricing,0
APP001120,2023-10-09,Train,Other,25500,60,Branch,SA,Full-Time,77628.74,0.0177,603,Preferred,Approve - Preferred Pricing,0
APP006558,2024-02-15,Train,Travel,43000,36,Online,WA,Part-Time,44638.06,0.0254,592,Standard,Approve - Standard Terms,0
APP001065,2023-03-27,Train,Debt Consolidation,40000,48,Online,NSW,Full-Time,69000.77,0.0344,583,High Risk - Refer,Refer to Manual Underwriting,0
APP006602,2024-01-11,Train,Wedding,20000,60,Branch,QLD,Self-Employed,49243.68,0.0156,607,Premium,Approve - Premium Pricing,0
APP003659,2024-02-19,Train,Other,25500,24,Online,NSW,Full-Time,77852.77,0.0344,583,High Risk - Refer,Refer to Manual Underwriting,0
APP004153,2023-08-14,Train,Debt Consolidation,40500,24,Broker,VIC,Full-Time,78488.74,0.0177,603,Preferred,Approve - Preferred Pricing,0
APP000937,2023-08-25,Train,Debt Consolidation,40000,36,Online,VIC,Full-Time,71424.14,0.0276,590,Standard,Approve - Standard Terms,0
APP003564,2023-05-22,Train,Wedding,26000,24,Online,VIC,Self-Employed,70325.0,0.0371,581,High Risk - Refer,Refer to Manual Underwriting,0
APP001517,2023-12-31,Train,Travel,23000,48,Online,VIC,Full-Time,68422.34,0.0177,603,Preferred,Approve - Preferred Pricing,0
APP001683,2024-03-27,Train,Debt Consolidation,6000,36,Online,SA,Full-Time,80197.41,0.1036,549,Decline,Decline,0
APP008298,2023-01-20,Train,Travel,27500,36,Online,WA,Part-Time,43625.05,0.0326,585,Standard,Approve - Standard Terms,0
APP008509,2023-10-17,Train,Car Purchase,41500,24,Broker,NSW,Full-Time,124963.02,0.0297,588,Standard,Approve - Standard Terms,0
APP004093,2023-07-20,Train,Wedding,48000,60,Online,NSW,Part-Time,60453.74,0.037,581,High Risk - Refer,Refer to Manual Underwriting,0
APP005593,2024-03-20,Train,Debt Consolidation,30000,12,Broker,QLD,Full-Time,127163.1,0.0344,583,High Risk - Refer,Refer to Manual Underwriting,0
APP002859,2023-02-23,Train,Car Purchase,18500,36,Online,WA,Full-Time,80937.01,0.0189,601,Preferred,Approve - Preferred Pricing,0
APP005923,2023-01-18,Train,Other,16500,36,Branch,QLD,Casual,56885.72,0.0227,596,Preferred,Approve - Preferred Pricing,0
APP000410,2023-08-12,Train,Debt Consolidation,29000,24,Online,WA,Full-Time,101269.3,0.0177,603,Preferred,Approve - Preferred Pricing,0
APP003345,2023-01-31,Train,Car Purchase,45500,12,Branch,QLD,Self-Employed,44234.9,0.0682,563,Decline,Decline,0
APP005253,2024-03-03,Train,Car Purchase,24000,36,Online,QLD,Part-Time,47605.42,0.1109,547,Decline,Decline,0
APP007050,2023-02-19,Train,Other,10000,12,Broker,NSW,Full-Time,73448.9,0.0189,601,Preferred,Approve - Preferred Pricing,0
APP007226,2023-04-22,Train,Debt Consolidation,36500,24,Branch,NSW,Casual,44880.01,0.0595,567,High Risk - Refer,Refer to Manual Underwriting,1
APP008942,2023-05-26,Train,Car Purchase,12000,36,Branch,WA,Casual,40106.42,0.0542,570,High Risk - Refer,Refer to Manual Underwriting,0
APP007453,2023-10-23,Train,Debt Consolidation,30500,60,Broker,NSW,Full-Time,109014.65,0.0344,583,High Risk - Refer,Refer to Manual Underwriting,0
APP007485,2023-06-29,Train,Debt Consolidation,38500,48,Online,NSW,Self-Employed,51570.19,0.0156,607,Premium,Approve - Premium Pricing,0
APP003281,2023-06-05,Train,Travel,8000,12,Online,VIC,Full-Time,78441.54,0.0258,592,Standard,Approve - Standard Terms,0
APP003540,2023-08-13,Train,Debt Consolidation,7500,12,Online,NSW,Self-Employed,68517.86,0.0263,591,Standard,Approve - Standard Terms,0
APP000284,2023-03-11,Train,Debt Consolidation,42000,12,Online,VIC,Part-Time,51607.63,0.0203,599,Preferred,Approve - Preferred Pricing,0
APP006258,2024-01-21,Train,Other,12500,36,Broker,QLD,Casual,50858.34,0.1038,549,Decline,Decline,0
APP004553,2023-04-19,Train,Debt Consolidation,23000,12,Online,VIC,Full-Time,58381.73,0.0394,579,High Risk - Refer,Refer to Manual Underwriting,0
APP002075,2023-01-29,Train,Home Renovation,13500,36,Online,VIC,Unemployed,22901.72,0.1547,536,Decline,Decline,0
APP001842,2024-01-23,Train,Debt Consolidation,15000,36,Online,SA,Self-Employed,104896.73,0.0209,598,Preferred,Approve - Preferred Pricing,0
APP002672,2023-06-01,Train,Debt Consolidation,8000,36,Branch,NSW,Part-Time,48966.61,0.019,601,Preferred,Approve - Preferred Pricing,0
APP000640,2023-12-12,Train,Car Purchase,32000,24,Online,QLD,Full-Time,25451.31,0.0344,583,High Risk - Refer,Refer to Manual Underwriting,1
APP008794,2023-07-20,Train,Home Renovation,40500,48,Branch,NSW,Full-Time,87408.87,0.0394,579,High Risk - Refer,Refer to Manual Underwriting,1
APP001815,2023-02-10,Train,Debt Consolidation,19000,24,Online,QLD,Full-Time,86434.34,0.0189,601,Preferred,Approve - Preferred Pricing,0
APP005646,2023-11-01,Train,Home Renovation,45000,36,Online,NSW,Full-Time,81777.08,0.0177,603,Preferred,Approve - Preferred Pricing,0
APP008529,2023-04-14,Train,Debt Consolidation,42500,48,Branch,SA,Full-Time,87882.75,0.0189,601,Preferred,Approve - Preferred Pricing,0
APP007375,2024-02-08,Train,Car Purchase,48500,24,Online,NSW,Unemployed,15000.0,0.3001,512,Decline,Decline,0
APP008174,2023-10-06,Train,Wedding,47500,36,Online,NSW,Casual,45591.01,0.0189,601,Preferred,Approve - Preferred Pricing,0
APP002793,2024-02-25,Train,Car Purchase,7000,24,Online,NSW,Part-Time,21743.47,0.0326,585,Standard,Approve - Standard Terms,0
APP007439,2023-01-31,Train,Car Purchase,33000,48,Branch,NSW,Casual,43032.19,0.0344,583,Standard,Approve - Standard Terms,0
APP005362,2024-02-10,Train,Other,5500,60,Broker,NSW,Full-Time,68371.1,0.0177,603,Preferred,Approve - Preferred Pricing,0
APP008505,2023-04-08,Train,Car Purchase,43000,48,Broker,SA,Full-Time,77628.74,0.0177,603,Preferred,Approve - Preferred Pricing,0
APP007472,2023-06-19,Train,Medical,7500,48,Broker,VIC,Unemployed,16585.39,0.2029,527,Decline,Decline,1
APP001058,2023-10-04,Train,Debt Consolidation,40500,24,Online,VIC,Part-Time,49255.04,0.0528,570,High Risk - Refer,Refer to Manual Underwriting,0
APP006026,2023-08-24,Train,Travel,24500,48,Broker,NSW,Full-Time,78042.0,0.0236,595,Standard,Approve - Standard Terms,0
APP001649,2023-09-08,Train,Car Purchase,8500,24,Online,VIC,Part-Time,29765.59,0.0245,593,Standard,Approve - Standard Terms,0
APP007926,2023-07-12,Train,Car Purchase,2000,48,Online,NSW,Part-Time,45061.42,0.019,601,Preferred,Approve - Preferred Pricing,0
APP001149,2024-02-24,Train,Travel,41000,12,Broker,QLD,Full-Time,75095.3,0.0177,603,Preferred,Approve - Preferred Pricing,0
APP004687,2023-10-20,Train,Debt Consolidation,12500,36,Online,NSW,Full-Time,98577.45,0.0236,595,Standard,Approve - Standard Terms,0
APP001610,2023-05-20,Train,Wedding,23000,36,Broker,VIC,Full-Time,89698.17,0.0303,587,Standard,Approve - Standard Terms,0
APP006067,2024-02-14,Train,Debt Consolidation,24000,48,Broker,NSW,Casual,43817.01,0.0227,596,Preferred,Approve - Preferred Pricing,0
APP004954,2024-01-08,Train,Debt Consolidation,31000,60,Broker,QLD,Full-Time,96345.75,0.0189,601,Preferred,Approve - Preferred Pricing,0
APP007699,2024-03-07,Train,Car Purchase,3500,12,Online,QLD,Full-Time,86188.21,0.0189,601,Preferred,Approve - Preferred Pricing,0
APP003902,2023-01-10,Train,Wedding,13000,12,Broker,VIC,Full-Time,103290.27,0.0236,595,Standard,Approve - Standard Terms,1
APP001688,2023-08-28,Train,Travel,38500,12,Online,QLD,Full-Time,63280.07,0.0276,590,Standard,Approve - Standard Terms,0
APP005715,2024-01-28,Train,Car Purchase,31500,36,Branch,NSW,Self-Employed,80450.05,0.0305,587,Standard,Approve - Standard Terms,0
APP003251,2023-09-02,Train,Debt Consolidation,19500,36,Branch,WA,Full-Time,97406.18,0.0189,601,Preferred,Approve - Preferred Pricing,0
APP007142,2024-02-09,Train,Debt Consolidation,15500,48,Online,VIC,Full-Time,81114.11,0.0243,594,Standard,Approve - Standard Terms,0
APP006171,2023-09-29,Train,Debt Consolidation,38500,24,Online,WA,Full-Time,56016.56,0.0177,603,Preferred,Approve - Preferred Pricing,0
APP004944,2023-04-17,Train,Debt Consolidation,10000,36,Branch,VIC,Full-Time,112674.33,0.0276,590,Standard,Approve - Standard Terms,0
APP001771,2024-02-15,Train,Debt Consolidation,19500,36,Online,NSW,Full-Time,78526.8,0.0236,595,Standard,Approve - Standard Terms,0
APP004975,2024-03-09,Train,Travel,44500,36,Branch,WA,Full-Time,30368.58,0.0418,578,High Risk - Refer,Refer to Manual Underwriting,0
APP005314,2023-11-06,Train,Travel,8000,60,Online,NSW,Full-Time,19716.41,0.0189,601,Preferred,Approve - Preferred Pricing,0
APP007911,2023-03-26,Train,Car Purchase,20500,48,Branch,QLD,Full-Time,105834.15,0.0344,583,High Risk - Refer,Refer to Manual Underwriting,0
APP008714,2024-02-25,Train,Car Purchase,29500,24,Broker,NSW,Self-Employed,48042.23,0.0156,607,Premium,Approve - Premium Pricing,0
APP001998,2023-11-08,Train,Debt Consolidation,48000,48,Online,QLD,Self-Employed,72058.54,0.048,573,High Risk - Refer,Refer to Manual Underwriting,0
APP007162,2023-08-24,Train,Medical,14500,36,Broker,VIC,Full-Time,40195.69,0.0177,603,Preferred,Approve - Preferred Pricing,0
APP008226,2023-11-22,Train,Wedding,13000,36,Online,QLD,Casual,42650.71,0.0243,594,Standard,Approve - Standard Terms,0
APP002042,2023-09-15,Train,Debt Consolidation,27500,24,Online,VIC,Casual,29169.39,0.0276,590,Standard,Approve - Standard Terms,0
APP001711,2024-01-08,Train,Home Renovation,35500,48,Online,NSW,Full-Time,87401.45,0.0258,592,Standard,Approve - Standard Terms,0
APP005505,2023-03-15,Train,Wedding,36000,48,Branch,NSW,Full-Time,32246.32,0.0189,601,Preferred,Approve - Preferred Pricing,0
APP003650,2023-10-02,Train,Home Renovation,14000,12,Broker,VIC,Part-Time,52477.44,0.0254,592,Standard,Approve - Standard Terms,0
APP008128,2023-09-19,Train,Home Renovation,35000,36,Branch,QLD,Full-Time,46706.65,0.0542,570,High Risk - Refer,Refer to Manual Underwriting,0
APP008077,2023-04-16,Train,Debt Consolidation,31500,60,Online,WA,Full-Time,66967.97,0.0177,603,Preferred,Approve - Preferred Pricing,0
APP006122,2023-07-12,Train,Medical,7000,48,Broker,VIC,Casual,44093.39,0.0344,583,Standard,Approve - Standard Terms,0
APP000312,2023-12-20,Train,Car Purchase,4000,12,Broker,NSW,Casual,40396.05,0.0424,577,High Risk - Refer,Refer to Manual Underwriting,0
APP008947,2023-06-19,Train,Travel,9500,36,Broker,NSW,Self-Employed,79423.22,0.0385,580,High Risk - Refer,Refer to Manual Underwriting,0
APP001199,2023-10-06,Train,Debt Consolidation,43000,60,Online,VIC,Casual,35692.15,0.1036,549,Decline,Decline,0
APP006694,2023-05-22,Train,Debt Consolidation,41500,36,Online,QLD,Unemployed,17001.67,0.075,560,Decline,Decline,1
APP004011,2024-01-18,Train,Car Purchase,11500,60,Broker,NSW,Part-Time,38788.26,0.037,581,High Risk - Refer,Refer to Manual Underwriting,0
APP001604,2023-01-06,Train,Car Purchase,46000,48,Broker,QLD,Full-Time,97961.79,0.0236,595,Standard,Approve - Standard Terms,0
APP002024,2024-02-28,Train,Home Renovation,12000,24,Online,NSW,Full-Time,71471.59,0.0236,595,Standard,Approve - Standard Terms,0
APP007383,2023-09-11,Train,Other,6000,48,Broker,QLD,Part-Time,47376.61,0.0203,599,Preferred,Approve - Preferred Pricing,0
APP008062,2023-03-20,Train,Home Renovation,28500,24,Online,VIC,Unemployed,21923.97,0.2029,527,Decline,Decline,0
APP006920,2023-03-15,Train,Home Renovation,10500,24,Online,SA,Full-Time,77538.8,0.0189,601,Preferred,Approve - Preferred Pricing,0
APP003637,2023-02-26,Train,Debt Consolidation,31500,36,Online,WA,Full-Time,42745.26,0.1036,549,Decline,Decline,0
APP001852,2023-06-06,Train,Car Purchase,46000,24,Online,NSW,Full-Time,69604.88,0.0433,576,High Risk - Refer,Refer to Manual Underwriting,0
APP000605,2023-02-14,Train,Debt Consolidation,23000,48,Broker,WA,Full-Time,78236.45,0.0258,592,Standard,Approve - Standard Terms,0
APP004733,2023-06-14,Train,Wedding,43000,24,Online,VIC,Full-Time,82801.33,0.0303,587,Standard,Approve - Standard Terms,0
APP005664,2023-09-15,Train,Wedding,3500,12,Online,WA,Full-Time,46035.41,0.0845,556,Decline,Decline,0
APP008368,2023-09-24,Train,Debt Consolidation,9500,36,Branch,VIC,Self-Employed,83097.6,0.0156,607,Premium,Approve - Premium Pricing,0
APP000373,2023-02-23,Train,Debt Consolidation,28500,24,Online,QLD,Full-Time,91982.38,0.0189,601,Preferred,Approve - Preferred Pricing,0
APP004970,2023-03-28,Train,Home Renovation,19500,24,Online,NSW,Full-Time,108082.62,0.0189,601,Preferred,Approve - Preferred Pricing,0
APP002669,2024-01-27,Train,Home Renovation,33500,24,Branch,VIC,Part-Time,25535.97,0.037,581,High Risk - Refer,Refer to Manual Underwriting,0
APP004695,2023-11-21,Train,Home Renovation,23000,48,Online,NSW,Self-Employed,67253.31,0.0305,587,Standard,Approve - Standard Terms,0
APP004095,2023-12-29,Train,Debt Consolidation,11000,36,Branch,VIC,Casual,55685.71,0.0845,556,Decline,Decline,0
APP003794,2024-02-02,Train,Home Renovation,20000,48,Branch,VIC,Self-Employed,57195.99,0.0229,595,Standard,Approve - Standard Terms,0
APP006462,2023-05-19,Train,Home Renovation,31500,24,Branch,NSW,Casual,30847.55,0.1784,531,Decline,Decline,0
APP003081,2023-06-22,Train,Medical,22000,36,Broker,VIC,Full-Time,58419.92,0.0303,587,Standard,Approve - Standard Terms,0
APP000784,2023-02-09,Train,Debt Consolidation,31500,36,Online,QLD,Full-Time,64156.85,0.0317,586,Standard,Approve - Standard Terms,0
APP008261,2023-06-12,Train,Home Renovation,32000,12,Online,NSW,Casual,43615.75,0.0418,578,High Risk - Refer,Refer to Manual Underwriting,0
APP006115,2023-01-23,Train,Car Purchase,25000,60,Online,SA,Part-Time,70301.97,0.0341,584,Standard,Approve - Standard Terms,0
APP004278,2023-11-12,Train,Debt Consolidation,39000,24,Online,VIC,Full-Time,54728.48,0.0236,595,Standard,Approve - Standard Terms,0
APP001734,2023-10-25,Train,Debt Consolidation,42000,48,Online,QLD,Full-Time,41228.08,0.0303,587,Standard,Approve - Standard Terms,0
APP002546,2023-12-04,Train,Car Purchase,10500,36,Online,NSW,Casual,15580.32,0.0177,603,Premium,Approve - Premium Pricing,0
APP004804,2023-06-19,Train,Wedding,34000,12,Online,NSW,Casual,53935.43,0.0344,583,Standard,Approve - Standard Terms,0
APP001913,2023-12-15,Train,Home Renovation,35500,60,Broker,NSW,Full-Time,104127.56,0.0189,601,Preferred,Approve - Preferred Pricing,0
APP001875,2023-07-24,Train,Car Purchase,14500,60,Online,QLD,Casual,38328.53,0.0845,556,Decline,Decline,0
APP001077,2023-06-17,Train,Home Renovation,3000,24,Broker,QLD,Part-Time,56891.04,0.0278,590,Standard,Approve - Standard Terms,0
APP003981,2023-01-14,Train,Car Purchase,5000,36,Branch,NSW,Full-Time,124982.09,0.054,570,High Risk - Refer,Refer to Manual Underwriting,0
APP004290,2023-09-05,Train,Home Renovation,26000,60,Broker,VIC,Full-Time,99087.61,0.0424,577,High Risk - Refer,Refer to Manual Underwriting,0
APP008452,2023-12-17,Train,Car Purchase,14500,60,Online,VIC,Full-Time,70091.08,0.0394,579,High Risk - Refer,Refer to Manual Underwriting,0
APP008768,2023-03-11,Train,Debt Consolidation,17000,36,Online,NSW,Casual,40396.05,0.0258,592,Standard,Approve - Standard Terms,0
APP005811,2023-04-15,Train,Car Purchase,49000,24,Online,NSW,Unemployed,15000.0,0.2029,527,Decline,Decline,0
APP005980,2024-03-18,Train,Car Purchase,37000,24,Branch,QLD,Part-Time,34123.65,0.0351,583,High Risk - Refer,Refer to Manual Underwriting,0
APP002389,2023-11-23,Train,Other,23500,36,Online,QLD,Full-Time,68013.88,0.0258,592,Standard,Approve - Standard Terms,1
APP008352,2023-03-18,Train,Medical,24000,48,Online,VIC,Full-Time,62353.62,0.0303,587,Standard,Approve - Standard Terms,0
APP001111,2024-01-03,Train,Travel,39500,36,Branch,VIC,Full-Time,80391.69,0.0177,603,Preferred,Approve - Preferred Pricing,0
APP002605,2023-05-01,Train,Car Purchase,31000,36,Branch,QLD,Full-Time,87767.14,0.0303,587,Standard,Approve - Standard Terms,0
APP008308,2023-04-16,Train,Debt Consolidation,17500,48,Online,QLD,Full-Time,106124.93,0.0344,583,High Risk - Refer,Refer to Manual Underwriting,0
APP005011,2023-03-16,Train,Debt Consolidation,26500,48,Broker,VIC,Full-Time,89233.39,0.0236,595,Standard,Approve - Standard Terms,0
APP004952,2023-03-04,Train,Travel,15500,24,Online,WA,Part-Time,53319.01,0.0398,579,High Risk - Refer,Refer to Manual Underwriting,0
APP002945,2023-04-13,Train,Debt Consolidation,7000,12,Online,VIC,Full-Time,92943.6,0.0189,601,Preferred,Approve - Preferred Pricing,0
APP006241,2023-07-23,Train,Debt Consolidation,20500,24,Broker,NSW,Casual,29201.26,0.0177,603,Premium,Approve - Premium Pricing,0
APP005303,2024-03-23,Train,Other,32500,36,Online,NSW,Part-Time,40749.25,0.058,568,High Risk - Refer,Refer to Manual Underwriting,0
APP004818,2023-04-20,Train,Debt Consolidation,2000,48,Broker,SA,Full-Time,114265.02,0.0236,595,Standard,Approve - Standard Terms,0
APP008941,2023-03-12,Train,Travel,16500,12,Broker,VIC,Part-Time,52395.12,0.0424,577,High Risk - Refer,Refer to Manual Underwriting,0
APP004771,2023-01-04,Train,Home Renovation,2500,60,Branch,NSW,Full-Time,80973.4,0.0236,595,Standard,Approve - Standard Terms,0
APP000343,2023-04-17,Train,Debt Consolidation,8500,48,Online,NSW,Part-Time,20213.35,0.0468,574,High Risk - Refer,Refer to Manual Underwriting,0
APP003903,2023-02-25,Train,Wedding,38000,60,Online,TAS,Part-Time,45325.05,0.037,581,High Risk - Refer,Refer to Manual Underwriting,0
APP000133,2023-06-06,Train,Debt Consolidation,4000,60,Online,SA,Full-Time,77078.96,0.0189,601,Preferred,Approve - Preferred Pricing,0
APP002631,2023-07-24,Train,Travel,46500,24,Branch,NSW,Part-Time,66207.81,0.0203,599,Preferred,Approve - Preferred Pricing,0
APP002193,2023-06-22,Train,Debt Consolidation,25000,36,Online,NSW,Self-Employed,83379.81,0.0305,587,Standard,Approve - Standard Terms,0
APP001914,2024-01-14,Train,Car Purchase,16000,24,Online,NSW,Casual,48655.08,0.0418,578,High Risk - Refer,Refer to Manual Underwriting,0
APP004819,2023-07-20,Train,Debt Consolidation,40000,24,Broker,QLD,Full-Time,60614.08,0.0189,601,Preferred,Approve - Preferred Pricing,0
APP007921,2023-01-23,Train,Car Purchase,15500,24,Broker,NSW,Part-Time,49423.36,0.082,557,Decline,Decline,0
APP006485,2023-06-17,Train,Travel,19500,48,Online,NSW,Full-Time,82844.28,0.0189,601,Preferred,Approve - Preferred Pricing,0
APP000467,2023-09-29,Train,Home Renovation,20500,60,Online,NSW,Full-Time,89227.95,0.0177,603,Preferred,Approve - Preferred Pricing,0
APP005540,2023-10-30,Train,Travel,17500,36,Online,QLD,Casual,39943.29,0.0344,583,Standard,Approve - Standard Terms,0
APP005591,2024-02-22,Train,Debt Consolidation,3000,36,Online,NSW,Part-Time,49932.54,0.0203,599,Preferred,Approve - Preferred Pricing,0
APP000127,2023-06-25,Train,Home Renovation,43500,36,Online,VIC,Full-Time,60773.23,0.0236,595,Standard,Approve - Standard Terms,0
APP005742,2023-08-02,Train,Car Purchase,28500,24,Online,NSW,Full-Time,65953.12,0.0276,590,Standard,Approve - Standard Terms,0
APP004777,2023-10-18,Train,Wedding,46000,36,Branch,VIC,Full-Time,78327.84,0.0177,603,Preferred,Approve - Preferred Pricing,0
APP000365,2023-06-29,Train,Home Renovation,36000,24,Online,VIC,Unemployed,19769.29,0.0468,574,High Risk - Refer,Refer to Manual Underwriting,0
APP000508,2024-03-03,Train,Car Purchase,20000,24,Branch,NSW,Self-Employed,121995.66,0.0229,595,Standard,Approve - Standard Terms,0
APP002988,2024-03-25,Train,Travel,23000,60,Branch,WA,Full-Time,81824.43,0.0227,596,Standard,Approve - Standard Terms,0
APP000801,2024-03-05,Train,Car Purchase,34500,36,Online,NSW,Full-Time,61095.11,0.0227,596,Standard,Approve - Standard Terms,0
APP008486,2023-05-20,Train,Debt Consolidation,11000,36,Broker,NSW,Full-Time,57225.45,0.0236,595,Standard,Approve - Standard Terms,0
APP006959,2023-06-27,Train,Car Purchase,43500,48,Online,QLD,Unemployed,15000.0,0.075,560,Decline,Decline,0
APP004182,2024-01-06,Train,Home Renovation,21000,36,Broker,QLD,Self-Employed,112490.54,0.0167,605,Premium,Approve - Premium Pricing,1
APP006408,2023-03-21,Train,Debt Consolidation,24000,36,Online,SA,Casual,50736.04,0.0276,590,Standard,Approve - Standard Terms,0
APP002347,2023-12-28,Train,Other,6500,36,Branch,NSW,Full-Time,58972.9,0.0542,570,High Risk - Refer,Refer to Manual Underwriting,0
APP007182,2023-12-08,Train,Debt Consolidation,21000,24,Branch,WA,Full-Time,91748.09,0.0326,585,Standard,Approve - Standard Terms,0
APP004307,2024-03-04,Train,Debt Consolidation,29000,24,Online,VIC,Full-Time,63614.31,0.0344,583,High Risk - Refer,Refer to Manual Underwriting,0
APP002106,2023-10-11,Train,Debt Consolidation,50000,24,Broker,NSW,Full-Time,86484.16,0.0339,584,Standard,Approve - Standard Terms,0
APP000887,2023-05-15,Train,Debt Consolidation,3000,36,Branch,NSW,Full-Time,83364.84,0.0236,595,Standard,Approve - Standard Terms,0
APP003444,2023-06-10,Train,Home Renovation,10500,48,Branch,WA,Self-Employed,84942.31,0.0421,577,High Risk - Refer,Refer to Manual Underwriting,0
APP001158,2023-07-10,Train,Car Purchase,49000,24,Online,VIC,Self-Employed,15836.42,0.0371,581,High Risk - Refer,Refer to Manual Underwriting,0
APP002847,2023-01-21,Train,Wedding,38000,48,Branch,VIC,Full-Time,48629.83,0.0344,583,High Risk - Refer,Refer to Manual Underwriting,0
APP001118,2023-03-16,Train,Debt Consolidation,5000,36,Online,WA,Casual,52407.96,0.0848,556,Decline,Decline,1
APP001072,2024-03-07,Train,Debt Consolidation,36000,48,Online,VIC,Casual,36210.83,0.0659,564,Decline,Decline,0
APP001245,2023-02-01,Train,Car Purchase,8000,48,Branch,VIC,Self-Employed,50720.72,0.0305,587,Standard,Approve - Standard Terms,0
APP004540,2023-11-03,Train,Debt Consolidation,45500,60,Broker,QLD,Full-Time,41228.77,0.0424,577,High Risk - Refer,Refer to Manual Underwriting,0
APP006202,2024-03-07,Train,Home Renovation,12500,48,Online,VIC,Full-Time,93676.66,0.0177,603,Preferred,Approve - Preferred Pricing,0
APP004381,2024-01-11,Train,Wedding,18500,60,Online,VIC,Full-Time,118205.92,0.0189,601,Preferred,Approve - Preferred Pricing,0
APP001070,2023-11-09,Train,Home Renovation,31000,36,Online,WA,Self-Employed,69087.89,0.0757,559,Decline,Decline,0
APP004869,2023-07-31,Train,Travel,35500,60,Online,WA,Part-Time,57866.97,0.1109,547,Decline,Decline,0
APP003459,2023-05-13,Train,Travel,2500,24,Broker,NSW,Full-Time,88466.04,0.0189,601,Preferred,Approve - Preferred Pricing,0
APP002170,2023-03-08,Train,Home Renovation,30500,36,Branch,NSW,Full-Time,60222.95,0.0258,592,Standard,Approve - Standard Terms,0
APP000433,2023-06-06,Train,Other,20000,36,Broker,VIC,Part-Time,36359.94,0.0254,592,Standard,Approve - Standard Terms,0
APP003739,2024-03-05,Train,Car Purchase,5000,36,Broker,NSW,Full-Time,42716.4,0.0595,567,High Risk - Refer,Refer to Manual Underwriting,0
APP006176,2023-01-15,Train,Debt Consolidation,39000,36,Branch,WA,Part-Time,43839.48,0.0424,577,High Risk - Refer,Refer to Manual Underwriting,0
APP008777,2023-02-09,Train,Wedding,5000,60,Broker,ACT,Full-Time,102286.65,0.0258,592,Standard,Approve - Standard Terms,0
APP000316,2023-07-04,Train,Car Purchase,2000,12,Online,WA,Part-Time,57866.97,0.0278,590,Standard,Approve - Standard Terms,0
APP004453,2023-08-22,Train,Wedding,20500,60,Branch,QLD,Full-Time,59087.69,0.0189,601,Preferred,Approve - Preferred Pricing,0
APP008686,2023-10-11,Train,Travel,20000,36,Online,NSW,Full-Time,87461.27,0.0344,583,High Risk - Refer,Refer to Manual Underwriting,0
APP003150,2023-11-14,Train,Debt Consolidation,4500,36,Branch,ACT,Part-Time,42555.07,0.0203,599,Preferred,Approve - Preferred Pricing,0
APP002959,2023-02-18,Train,Travel,20000,48,Online,QLD,Full-Time,128428.73,0.0177,603,Preferred,Approve - Preferred Pricing,0
APP004193,2024-01-29,Train,Home Renovation,43000,36,Online,SA,Full-Time,71213.02,0.0177,603,Preferred,Approve - Preferred Pricing,0
APP005507,2023-07-05,Train,Medical,9000,24,Online,WA,Full-Time,66491.93,0.0738,560,Decline,Decline,0
APP003096,2023-08-26,Train,Debt Consolidation,2500,60,Online,VIC,Full-Time,79693.23,0.0344,583,High Risk - Refer,Refer to Manual Underwriting,0
APP003652,2023-09-24,Train,Debt Consolidation,45000,12,Broker,NSW,Full-Time,91942.47,0.0303,587,Standard,Approve - Standard Terms,0
APP000566,2023-08-16,Train,Home Renovation,25000,12,Online,VIC,Full-Time,95764.78,0.0466,574,High Risk - Refer,Refer to Manual Underwriting,0
APP006354,2023-02-16,Train,Other,12500,24,Online,TAS,Part-Time,40084.56,0.0326,585,Standard,Approve - Standard Terms,1
APP000130,2023-09-05,Train,Wedding,7500,36,Branch,VIC,Full-Time,90980.53,0.0344,583,High Risk - Refer,Refer to Manual Underwriting,0
APP001705,2023-07-10,Train,Debt Consolidation,16000,48,Online,VIC,Full-Time,115036.24,0.0177,603,Preferred,Approve - Preferred Pricing,0
APP005789,2023-10-27,Train,Other,34500,36,Branch,QLD,Self-Employed,73313.02,0.0251,593,Standard,Approve - Standard Terms,0
APP000786,2024-02-18,Train,Car Purchase,25000,24,Broker,NSW,Full-Time,90642.74,0.1346,541,Decline,Decline,0
APP002256,2024-01-18,Train,Car Purchase,14000,48,Online,QLD,Full-Time,109479.82,0.0236,595,Standard,Approve - Standard Terms,0
APP005689,2024-03-20,Train,Home Renovation,23500,48,Online,WA,Full-Time,100210.09,0.0258,592,Standard,Approve - Standard Terms,0
APP002942,2023-02-03,Train,Home Renovation,27500,12,Online,VIC,Full-Time,81630.64,0.0227,596,Standard,Approve - Standard Terms,0
APP005469,2024-02-08,Train,Wedding,23500,60,Branch,VIC,Part-Time,53071.05,0.0582,567,High Risk - Refer,Refer to Manual Underwriting,0
APP006632,2023-11-03,Train,Home Renovation,49000,36,Online,QLD,Full-Time,130680.84,0.0236,595,Standard,Approve - Standard Terms,0
APP008786,2023-05-30,Train,Home Renovation,10000,48,Broker,VIC,Full-Time,101932.6,0.0673,563,Decline,Decline,0
APP008084,2023-06-21,Train,Other,29500,36,Broker,NSW,Full-Time,77740.2,0.0258,592,Standard,Approve - Standard Terms,0
APP002199,2023-11-20,Train,Medical,13000,12,Online,VIC,Full-Time,74488.73,0.0276,590,Standard,Approve - Standard Terms,0
APP005546,2024-01-02,Train,Debt Consolidation,17500,36,Broker,NSW,Full-Time,33434.13,0.0177,603,Preferred,Approve - Preferred Pricing,0
APP006989,2023-05-22,Train,Travel,42500,24,Online,QLD,Part-Time,48868.78,0.037,581,High Risk - Refer,Refer to Manual Underwriting,0
APP007663,2024-01-17,Train,Debt Consolidation,23500,48,Online,NSW,Part-Time,16450.12,0.0424,577,High Risk - Refer,Refer to Manual Underwriting,0
APP005373,2023-11-13,Train,Debt Consolidation,11000,12,Online,QLD,Full-Time,82436.64,0.0418,578,High Risk - Refer,Refer to Manual Underwriting,0
APP005153,2023-04-17,Train,Travel,22500,48,Online,NSW,Full-Time,54773.48,0.0276,590,Standard,Approve - Standard Terms,0
APP002770,2023-03-06,Train,Travel,22000,36,Branch,VIC,Full-Time,105152.39,0.0227,596,Standard,Approve - Standard Terms,0
APP004961,2023-07-19,Train,Home Renovation,42500,24,Branch,VIC,Full-Time,22981.36,0.0562,569,High Risk - Refer,Refer to Manual Underwriting,0
APP008037,2023-01-22,Train,Other,13500,48,Online,WA,Full-Time,100210.09,0.0258,592,Standard,Approve - Standard Terms,0
APP001346,2023-07-08,Train,Debt Consolidation,10500,24,Branch,QLD,Self-Employed,84083.11,0.035,583,High Risk - Refer,Refer to Manual Underwriting,0
APP008997,2024-03-21,Train,Home Renovation,37000,36,Online,QLD,Full-Time,56720.76,0.0562,569,High Risk - Refer,Refer to Manual Underwriting,0
APP000985,2024-03-29,Train,Debt Consolidation,28500,60,Branch,NSW,Full-Time,101547.25,0.0276,590,Standard,Approve - Standard Terms,0
APP005835,2023-06-10,Train,Debt Consolidation,38000,36,Branch,NSW,Full-Time,33233.31,0.0276,590,Standard,Approve - Standard Terms,0
APP007519,2024-01-07,Train,Car Purchase,31500,60,Online,SA,Self-Employed,20876.64,0.0209,598,Preferred,Approve - Preferred Pricing,0
APP000760,2023-04-26,Train,Travel,5000,24,Online,NSW,Casual,35425.8,0.0189,601,Preferred,Approve - Preferred Pricing,0
APP006440,2024-01-01,Train,Travel,26500,36,Broker,WA,Part-Time,39966.81,0.0254,592,Standard,Approve - Standard Terms,0
APP007951,2024-01-12,Train,Home Renovation,46000,60,Branch,QLD,Full-Time,102186.92,0.0177,603,Preferred,Approve - Preferred Pricing,0
APP003646,2023-12-16,Train,Debt Consolidation,26000,60,Branch,QLD,Full-Time,116969.23,0.0177,603,Preferred,Approve - Preferred Pricing,0
APP008357,2023-10-28,Train,Car Purchase,43000,48,Branch,SA,Full-Time,60233.72,0.0303,587,Standard,Approve - Standard Terms,0
APP002982,2023-03-22,Train,Wedding,7000,36,Online,ACT,Full-Time,116261.71,0.0344,583,High Risk - Refer,Refer to Manual Underwriting,0
APP006114,2024-01-02,Train,Car Purchase,24500,48,Online,VIC,Full-Time,53490.65,0.0344,583,High Risk - Refer,Refer to Manual Underwriting,0
APP000137,2023-02-21,Train,Car Purchase,27000,60,Broker,VIC,Full-Time,26882.07,0.0258,592,Standard,Approve - Standard Terms,0
APP003631,2023-07-25,Train,Car Purchase,42000,24,Broker,QLD,Casual,47409.72,0.0227,596,Preferred,Approve - Preferred Pricing,0
APP007761,2023-05-18,Train,Car Purchase,43000,36,Branch,VIC,Full-Time,93917.39,0.0344,583,High Risk - Refer,Refer to Manual Underwriting,0
APP000976,2023-02-18,Train,Car Purchase,28500,48,Broker,WA,Full-Time,60087.74,0.0344,583,High Risk - Refer,Refer to Manual Underwriting,0
APP001314,2024-01-03,Train,Other,42000,48,Broker,WA,Full-Time,94515.34,0.0189,601,Preferred,Approve - Preferred Pricing,0
APP000862,2023-11-28,Train,Travel,17500,48,Online,VIC,Full-Time,123008.63,0.0276,590,Standard,Approve - Standard Terms,0
APP004948,2023-07-06,Train,Car Purchase,45500,48,Online,NSW,Full-Time,101547.25,0.0189,601,Preferred,Approve - Preferred Pricing,0
APP000819,2023-12-26,Train,Car Purchase,36500,60,Branch,NSW,Full-Time,63870.18,0.0189,601,Preferred,Approve - Preferred Pricing,0
APP006565,2023-01-16,Train,Car Purchase,3000,60,Branch,TAS,Full-Time,89077.73,0.0189,601,Preferred,Approve - Preferred Pricing,0
APP002266,2023-05-16,Train,Travel,25500,36,Online,VIC,Full-Time,100450.42,0.0227,596,Standard,Approve - Standard Terms,0
APP004201,2024-02-29,Train,Other,20500,24,Branch,NSW,Full-Time,90109.15,0.0474,574,High Risk - Refer,Refer to Manual Underwriting,0
APP000864,2023-01-15,Train,Debt Consolidation,3500,36,Online,NSW,Self-Employed,76706.52,0.0269,591,Standard,Approve - Standard Terms,0
APP005569,2023-12-18,Train,Wedding,34000,48,Broker,WA,Self-Employed,66055.68,0.048,573,High Risk - Refer,Refer to Manual Underwriting,0
APP003078,2024-02-13,Train,Car Purchase,22500,36,Online,QLD,Full-Time,86346.69,0.0326,585,Standard,Approve - Standard Terms,0
APP006112,2023-08-28,Train,Debt Consolidation,12000,60,Broker,QLD,Full-Time,84286.83,0.0236,595,Standard,Approve - Standard Terms,0
APP007216,2023-07-20,Train,Medical,46000,60,Online,NT,Full-Time,56052.61,0.0344,583,High Risk - Refer,Refer to Manual Underwriting,0
APP007812,2023-04-10,Train,Wedding,16500,36,Branch,SA,Full-Time,109884.3,0.0258,592,Standard,Approve - Standard Terms,0
APP007829,2023-01-13,Train,Other,15000,24,Branch,VIC,Casual,21639.34,0.0276,590,Standard,Approve - Standard Terms,0
APP000296,2023-02-03,Train,Debt Consolidation,5000,48,Online,VIC,Full-Time,78536.89,0.0177,603,Preferred,Approve - Preferred Pricing,0
APP003021,2023-10-17,Train,Home Renovation,20000,36,Branch,QLD,Full-Time,59950.97,0.0303,587,Standard,Approve - Standard Terms,0
APP007780,2024-03-19,Train,Debt Consolidation,6000,24,Online,NSW,Casual,32147.5,0.0765,559,Decline,Decline,0
APP006426,2024-01-17,Train,Debt Consolidation,35500,24,Online,QLD,Full-Time,87965.76,0.0344,583,High Risk - Refer,Refer to Manual Underwriting,0
APP003853,2023-01-21,Train,Travel,32500,48,Branch,WA,Full-Time,82261.96,0.0189,601,Preferred,Approve - Preferred Pricing,0
APP004038,2023-04-08,Train,Car Purchase,19500,48,Broker,NSW,Full-Time,82072.91,0.0189,601,Preferred,Approve - Preferred Pricing,0
APP001440,2023-04-24,Train,Car Purchase,9500,36,Branch,NSW,Full-Time,62071.7,0.0303,587,Standard,Approve - Standard Terms,0
APP001553,2024-03-18,Train,Car Purchase,32000,12,Broker,VIC,Self-Employed,56658.07,0.0156,607,Premium,Approve - Premium Pricing,0
APP001757,2023-12-17,Train,Debt Consolidation,13500,48,Broker,NSW,Part-Time,45198.98,0.037,581,High Risk - Refer,Refer to Manual Underwriting,0
APP007496,2023-12-09,Train,Medical,21500,24,Broker,VIC,Full-Time,71808.45,0.0227,596,Standard,Approve - Standard Terms,0
APP005910,2023-07-20,Train,Medical,41500,24,Online,WA,Full-Time,40186.15,0.0738,560,Decline,Decline,0
APP001041,2023-03-29,Train,Debt Consolidation,7500,60,Branch,VIC,Full-Time,95403.66,0.0189,601,Preferred,Approve - Preferred Pricing,0
APP004785,2024-02-06,Train,Debt Consolidation,24000,60,Online,SA,Part-Time,18909.46,0.0203,599,Preferred,Approve - Preferred Pricing,0
APP006071,2024-01-11,Train,Debt Consolidation,10000,60,Online,QLD,Full-Time,66068.48,0.0433,576,High Risk - Refer,Refer to Manual Underwriting,0
APP008981,2023-10-05,Train,Medical,4500,48,Branch,NSW,Full-Time,48049.88,0.0177,603,Preferred,Approve - Preferred Pricing,0
APP003113,2023-11-17,Train,Car Purchase,28500,36,Branch,QLD,Full-Time,55913.89,0.0227,596,Standard,Approve - Standard Terms,0
APP002915,2024-02-29,Train,Car Purchase,9000,48,Online,NSW,Full-Time,97516.25,0.0433,576,High Risk - Refer,Refer to Manual Underwriting,0
APP003954,2023-12-21,Train,Car Purchase,28500,24,Broker,NSW,Full-Time,129976.16,0.0344,583,High Risk - Refer,Refer to Manual Underwriting,0
APP007913,2023-08-25,Train,Debt Consolidation,42000,36,Branch,VIC,Self-Employed,55925.73,0.0305,587,Standard,Approve - Standard Terms,0
APP000383,2024-01-12,Train,Debt Consolidation,28500,24,Broker,WA,Self-Employed,51497.69,0.048,573,High Risk - Refer,Refer to Manual Underwriting,0
APP008762,2023-10-16,Train,Car Purchase,23500,36,Online,NSW,Full-Time,105558.33,0.0189,601,Preferred,Approve - Preferred Pricing,0
APP008935,2023-04-09,Train,Wedding,8500,36,Online,NSW,Full-Time,89508.46,0.0276,590,Standard,Approve - Standard Terms,1
APP004924,2024-03-27,Train,Debt Consolidation,36500,12,Online,NSW,Casual,35418.03,0.0418,578,High Risk - Refer,Refer to Manual Underwriting,0
APP003628,2023-10-14,Train,Wedding,47500,36,Broker,NSW,Full-Time,72099.95,0.0189,601,Preferred,Approve - Preferred Pricing,0
APP002257,2023-01-05,Train,Debt Consolidation,6000,48,Online,WA,Part-Time,31509.15,0.019,601,Preferred,Approve - Preferred Pricing,0
APP000446,2023-02-26,Train,Debt Consolidation,27000,48,Online,SA,Full-Time,113897.74,0.0177,603,Preferred,Approve - Preferred Pricing,0
APP002066,2023-04-03,Train,Debt Consolidation,31500,48,Broker,VIC,Full-Time,84913.53,0.0303,587,Standard,Approve - Standard Terms,0
APP004285,2023-05-02,Train,Travel,4500,24,Online,NSW,Full-Time,38755.99,0.0474,574,High Risk - Refer,Refer to Manual Underwriting,0
APP007703,2023-08-18,Train,Wedding,17000,60,Broker,WA,Self-Employed,87463.34,0.0245,593,Standard,Approve - Standard Terms,0
APP008678,2023-06-16,Train,Debt Consolidation,33500,36,Branch,SA,Casual,56966.55,0.0326,585,Standard,Approve - Standard Terms,0
APP004664,2023-04-01,Train,Debt Consolidation,31000,36,Online,VIC,Casual,24710.21,0.0845,556,Decline,Decline,0
APP005627,2023-04-10,Train,Wedding,9500,12,Branch,VIC,Self-Employed,111147.05,0.0263,591,Standard,Approve - Standard Terms,0
APP002147,2023-10-03,Train,Medical,22000,36,Online,SA,Self-Employed,66366.2,0.0201,599,Preferred,Approve - Preferred Pricing,0
APP005681,2023-06-26,Train,Home Renovation,28500,60,Online,NSW,Self-Employed,51573.96,0.0245,593,Standard,Approve - Standard Terms,0
APP003107,2023-10-07,Train,Home Renovation,47000,36,Broker,QLD,Unemployed,15000.0,0.0793,558,Decline,Decline,0
APP008272,2024-01-02,Train,Debt Consolidation,23500,36,Online,QLD,Full-Time,42437.43,0.0394,579,High Risk - Refer,Refer to Manual Underwriting,0
APP004903,2023-01-29,Train,Debt Consolidation,10000,36,Broker,WA,Full-Time,67845.44,0.0177,603,Preferred,Approve - Preferred Pricing,0
APP008955,2024-03-20,Train,Home Renovation,36500,12,Branch,VIC,Full-Time,109272.03,0.0189,601,Preferred,Approve - Preferred Pricing,0
APP006576,2023-12-16,Train,Travel,13000,36,Online,ACT,Full-Time,83856.12,0.0189,601,Preferred,Approve - Preferred Pricing,0
APP002921,2024-01-26,Train,Travel,46000,60,Broker,VIC,Part-Time,40705.95,0.037,581,High Risk - Refer,Refer to Manual Underwriting,0
APP001896,2024-02-26,Train,Home Renovation,22500,24,Online,VIC,Casual,40552.18,0.0189,601,Preferred,Approve - Preferred Pricing,0
APP005310,2023-05-16,Train,Travel,45500,60,Online,VIC,Self-Employed,125928.31,0.0215,597,Preferred,Approve - Preferred Pricing,0
APP006570,2023-10-11,Train,Medical,47500,60,Online,NSW,Full-Time,54637.71,0.0344,583,High Risk - Refer,Refer to Manual Underwriting,0
APP006372,2023-12-27,Train,Car Purchase,45500,24,Online,QLD,Full-Time,69790.12,0.0227,596,Standard,Approve - Standard Terms,0
APP007750,2023-04-19,Train,Debt Consolidation,32500,36,Branch,WA,Full-Time,74589.02,0.0189,601,Preferred,Approve - Preferred Pricing,0
APP003875,2023-03-14,Train,Wedding,15500,24,Online,NSW,Full-Time,74863.2,0.0177,603,Preferred,Approve - Preferred Pricing,1
APP001873,2023-09-19,Train,Home Renovation,23500,48,Online,NT,Casual,54836.91,0.0296,588,Standard,Approve - Standard Terms,0
APP002308,2023-01-26,Train,Home Renovation,41000,24,Broker,QLD,Casual,34629.95,0.0738,560,Decline,Decline,0
APP005289,2023-05-05,Train,Debt Consolidation,18000,24,Online,NSW,Full-Time,88569.87,0.0258,592,Standard,Approve - Standard Terms,0
APP003562,2024-03-07,Train,Car Purchase,46000,60,Broker,VIC,Full-Time,90533.92,0.0258,592,Standard,Approve - Standard Terms,0
APP002265,2024-01-08,Train,Debt Consolidation,40000,60,Online,ACT,Part-Time,47030.28,0.0351,583,High Risk - Refer,Refer to Manual Underwriting,1
APP001820,2023-12-03,Train,Home Renovation,33500,24,Branch,QLD,Full-Time,45911.25,0.0189,601,Preferred,Approve - Preferred Pricing,0
APP007745,2023-11-21,Train,Car Purchase,19500,36,Online,SA,Casual,28273.22,0.0738,560,Decline,Decline,0
APP003952,2023-05-04,Train,Debt Consolidation,50000,36,Online,QLD,Casual,40130.97,0.0177,603,Premium,Approve - Premium Pricing,0
APP007793,2024-01-30,Train,Debt Consolidation,13500,12,Branch,NSW,Full-Time,83324.53,0.0394,579,High Risk - Refer,Refer to Manual Underwriting,0
APP002600,2023-07-21,Train,Home Renovation,18000,24,Online,VIC,Full-Time,48733.71,0.0408,578,High Risk - Refer,Refer to Manual Underwriting,0
APP000148,2023-08-31,Train,Other,47000,24,Online,VIC,Full-Time,65818.1,0.0317,586,Standard,Approve - Standard Terms,0
APP001971,2023-09-13,Train,Travel,48500,60,Online,WA,Full-Time,58553.02,0.0177,603,Preferred,Approve - Preferred Pricing,0
APP003939,2023-06-14,Train,Debt Consolidation,26000,24,Broker,NSW,Part-Time,52373.33,0.0245,593,Standard,Approve - Standard Terms,0
APP008443,2023-07-26,Train,Home Renovation,3000,36,Online,NSW,Self-Employed,93588.5,0.0305,587,Standard,Approve - Standard Terms,0
APP001004,2023-06-13,Train,Car Purchase,6500,24,Online,NSW,Full-Time,63708.1,0.0258,592,Standard,Approve - Standard Terms,0
APP005525,2023-11-16,Train,Home Renovation,18500,36,Online,NSW,Self-Employed,64062.16,0.0201,599,Preferred,Approve - Preferred Pricing,0
APP001758,2023-07-07,Train,Travel,33000,12,Broker,QLD,Part-Time,49035.04,0.019,601,Preferred,Approve - Preferred Pricing,0
APP003570,2023-08-25,Train,Wedding,7500,12,Broker,WA,Full-Time,73515.95,0.0276,590,Standard,Approve - Standard Terms,0
APP002509,2023-06-03,Train,Wedding,10500,60,Online,VIC,Casual,36066.9,0.0562,569,High Risk - Refer,Refer to Manual Underwriting,0
APP007814,2023-12-15,Train,Car Purchase,49000,24,Branch,NSW,Part-Time,46906.36,0.1898,529,Decline,Decline,0
APP001432,2023-11-18,Train,Wedding,48500,36,Online,QLD,Full-Time,90931.89,0.0765,559,Decline,Decline,0
APP004620,2023-03-12,Train,Medical,31500,48,Branch,SA,Full-Time,77113.27,0.0189,601,Preferred,Approve - Preferred Pricing,0
APP007711,2023-10-20,Train,Debt Consolidation,39500,12,Broker,NSW,Self-Employed,82772.39,0.0156,607,Premium,Approve - Premium Pricing,0
APP003962,2024-01-22,Train,Car Purchase,39500,36,Online,WA,Self-Employed,68490.34,0.0229,595,Standard,Approve - Standard Terms,0
APP003468,2023-06-20,Train,Debt Consolidation,45000,36,Online,WA,Full-Time,81334.59,0.0276,590,Standard,Approve - Standard Terms,0
APP003200,2023-06-15,Train,Travel,21500,12,Online,NSW,Full-Time,69425.67,0.0243,594,Standard,Approve - Standard Terms,0
APP005827,2024-02-08,Train,Car Purchase,48500,60,Online,NSW,Full-Time,81238.69,0.0418,578,High Risk - Refer,Refer to Manual Underwriting,0
APP004331,2024-01-10,Train,Medical,2500,24,Online,NSW,Full-Time,107744.63,0.0189,601,Preferred,Approve - Preferred Pricing,0
APP004594,2023-01-07,Train,Wedding,24000,36,Broker,QLD,Self-Employed,79255.44,0.0245,593,Standard,Approve - Standard Terms,1
APP004144,2023-10-16,Train,Travel,43000,24,Online,QLD,Full-Time,71943.76,0.0236,595,Standard,Approve - Standard Terms,0
APP001549,2023-10-10,Train,Debt Consolidation,30000,60,Online,NSW,Self-Employed,69400.02,0.0229,595,Standard,Approve - Standard Terms,0
APP002799,2023-03-28,Train,Debt Consolidation,24500,48,Branch,NSW,Casual,51773.99,0.0542,570,High Risk - Refer,Refer to Manual Underwriting,0
APP004667,2024-03-20,Train,Home Renovation,2000,36,Broker,NSW,Full-Time,110663.16,0.0189,601,Preferred,Approve - Preferred Pricing,0
APP004039,2023-12-16,Train,Debt Consolidation,39000,36,Broker,WA,Full-Time,64744.75,0.0177,603,Preferred,Approve - Preferred Pricing,0
APP001699,2023-10-16,Train,Debt Consolidation,29000,24,Online,QLD,Self-Employed,66303.3,0.048,573,High Risk - Refer,Refer to Manual Underwriting,0
APP005029,2023-11-03,Train,Debt Consolidation,12500,36,Branch,SA,Full-Time,79950.08,0.0177,603,Preferred,Approve - Preferred Pricing,0
APP002795,2023-03-22,Train,Wedding,34000,48,Online,QLD,Casual,38796.4,0.0177,603,Premium,Approve - Premium Pricing,0
APP000928,2023-09-12,Train,Home Renovation,5500,36,Online,NSW,Self-Employed,84521.74,0.0156,607,Premium,Approve - Premium Pricing,0
APP008928,2023-01-16,Train,Home Renovation,9000,36,Broker,QLD,Self-Employed,91619.42,0.0156,607,Premium,Approve - Premium Pricing,0
APP007602,2023-04-30,Train,Travel,27500,24,Branch,VIC,Full-Time,80380.85,0.0595,567,High Risk - Refer,Refer to Manual Underwriting,0
APP000708,2024-02-10,Train,Debt Consolidation,34000,24,Broker,QLD,Part-Time,39185.18,0.0528,570,High Risk - Refer,Refer to Manual Underwriting,0
APP005401,2024-03-05,Train,Medical,11500,24,Online,QLD,Casual,33031.23,0.0481,573,High Risk - Refer,Refer to Manual Underwriting,0
APP006152,2023-09-10,Train,Home Renovation,17500,48,Online,NSW,Full-Time,73006.42,0.0394,579,High Risk - Refer,Refer to Manual Underwriting,1
APP007736,2023-09-10,Train,Car Purchase,20500,24,Online,VIC,Full-Time,73383.52,0.0189,601,Preferred,Approve - Preferred Pricing,0
APP006251,2023-02-27,Train,Medical,44000,24,Branch,VIC,Part-Time,36971.19,0.0254,592,Standard,Approve - Standard Terms,0
APP007631,2023-06-13,Train,Home Renovation,29500,36,Online,TAS,Full-Time,88654.34,0.0236,595,Standard,Approve - Standard Terms,0
APP007500,2024-03-03,Train,Debt Consolidation,12500,36,Broker,NSW,Full-Time,69812.16,0.0276,590,Standard,Approve - Standard Terms,0
APP002131,2023-11-09,Train,Debt Consolidation,32500,36,Branch,NSW,Casual,15000.0,0.0848,556,Decline,Decline,0
APP008111,2023-05-25,Train,Medical,5000,48,Branch,VIC,Full-Time,110036.81,0.0189,601,Preferred,Approve - Preferred Pricing,0
APP006789,2023-12-03,Train,Debt Consolidation,27500,36,Branch,VIC,Full-Time,76922.58,0.0258,592,Standard,Approve - Standard Terms,0
APP003456,2024-01-21,Train,Home Renovation,43500,60,Online,NSW,Self-Employed,66913.44,0.0269,591,Standard,Approve - Standard Terms,0
APP003201,2024-02-14,Train,Other,24500,60,Online,VIC,Full-Time,90533.92,0.0394,579,High Risk - Refer,Refer to Manual Underwriting,0
APP001174,2023-01-02,Train,Debt Consolidation,24000,36,Branch,NSW,Full-Time,62333.98,0.0189,601,Preferred,Approve - Preferred Pricing,0
APP006273,2023-09-09,Train,Debt Consolidation,32000,12,Online,WA,Full-Time,47157.11,0.0236,595,Standard,Approve - Standard Terms,0
APP008400,2024-01-21,Train,Wedding,33500,36,Branch,NSW,Full-Time,80586.53,0.0418,578,High Risk - Refer,Refer to Manual Underwriting,0
APP000366,2024-02-27,Train,Wedding,27500,36,Online,VIC,Full-Time,73383.52,0.0243,594,Standard,Approve - Standard Terms,0
APP006651,2023-12-25,Train,Travel,32500,24,Branch,WA,Full-Time,78758.77,0.054,570,High Risk - Refer,Refer to Manual Underwriting,0
APP008378,2024-02-05,Train,Travel,32500,36,Broker,WA,Full-Time,40599.28,0.0227,596,Standard,Approve - Standard Terms,0
APP004437,2023-06-20,Train,Car Purchase,19500,48,Broker,VIC,Self-Employed,77751.75,0.0371,581,High Risk - Refer,Refer to Manual Underwriting,0
APP001822,2023-11-13,Train,Home Renovation,40500,48,Online,QLD,Unemployed,15000.0,0.0439,576,High Risk - Refer,Refer to Manual Underwriting,0
APP008312,2023-04-02,Train,Travel,44500,36,Broker,QLD,Part-Time,46158.06,0.0509,572,High Risk - Refer,Refer to Manual Underwriting,0
APP003931,2023-02-02,Train,Debt Consolidation,11000,24,Branch,TAS,Full-Time,52975.22,0.0542,570,High Risk - Refer,Refer to Manual Underwriting,0
APP004174,2023-09-09,Train,Travel,5000,36,Online,VIC,Full-Time,97115.93,0.0236,595,Standard,Approve - Standard Terms,0
APP007117,2024-03-30,Train,Debt Consolidation,26500,12,Online,NSW,Part-Time,76408.93,0.0278,590,Standard,Approve - Standard Terms,0
APP003743,2024-01-09,Train,Wedding,26000,36,Online,VIC,Self-Employed,64999.2,0.0421,577,High Risk - Refer,Refer to Manual Underwriting,0
APP004339,2024-01-06,Train,Car Purchase,48500,12,Broker,QLD,Self-Employed,75197.66,0.0305,587,Standard,Approve - Standard Terms,0
APP007894,2023-02-14,Train,Home Renovation,3000,48,Branch,WA,Full-Time,126249.28,0.0236,595,Standard,Approve - Standard Terms,0
APP006148,2023-07-14,Train,Debt Consolidation,9000,12,Online,SA,Self-Employed,67708.88,0.0385,580,High Risk - Refer,Refer to Manual Underwriting,0
APP006262,2023-12-04,Train,Car Purchase,37500,60,Branch,NSW,Casual,36194.05,0.0394,579,High Risk - Refer,Refer to Manual Underwriting,0
APP003325,2023-03-20,Train,Wedding,24000,24,Online,ACT,Full-Time,87996.14,0.0177,603,Preferred,Approve - Preferred Pricing,0
APP006220,2023-05-24,Train,Debt Consolidation,12500,12,Branch,NSW,Full-Time,26389.75,0.0276,590,Standard,Approve - Standard Terms,0
APP008852,2023-08-29,Train,Debt Consolidation,36000,36,Branch,QLD,Part-Time,54113.14,0.019,601,Preferred,Approve - Preferred Pricing,0
APP001545,2023-04-10,Train,Home Renovation,29000,12,Branch,TAS,Full-Time,88935.54,0.0227,596,Standard,Approve - Standard Terms,0
APP008092,2023-02-06,Train,Medical,12000,12,Online,NSW,Part-Time,57220.72,0.0424,577,High Risk - Refer,Refer to Manual Underwriting,0
APP006578,2024-01-21,Train,Car Purchase,40500,36,Branch,NSW,Full-Time,82597.37,0.0258,592,Standard,Approve - Standard Terms,0
APP001308,2023-05-19,Train,Other,25000,24,Broker,QLD,Full-Time,55374.15,0.0474,574,High Risk - Refer,Refer to Manual Underwriting,0
APP004822,2023-04-14,Train,Debt Consolidation,34500,24,Online,VIC,Full-Time,58547.86,0.0303,587,Standard,Approve - Standard Terms,0
APP002461,2024-03-30,Train,Car Purchase,28000,24,Branch,VIC,Full-Time,95754.89,0.0394,579,High Risk - Refer,Refer to Manual Underwriting,0
APP000209,2023-04-23,Train,Car Purchase,22500,36,Online,WA,Full-Time,70329.12,0.0258,592,Standard,Approve - Standard Terms,0
APP006106,2023-07-25,Train,Debt Consolidation,14000,60,Broker,ACT,Part-Time,32600.31,0.0823,557,Decline,Decline,0
APP005457,2024-02-27,Train,Debt Consolidation,31500,12,Online,VIC,Self-Employed,74664.47,0.0289,588,Standard,Approve - Standard Terms,0
APP003051,2023-12-29,Train,Medical,48500,48,Branch,NSW,Casual,57916.47,0.0491,573,High Risk - Refer,Refer to Manual Underwriting,1
APP004225,2023-10-20,Train,Car Purchase,49500,36,Online,VIC,Full-Time,70472.07,0.0258,592,Standard,Approve - Standard Terms,0
APP005510,2023-10-22,Train,Debt Consolidation,21000,36,Branch,QLD,Full-Time,56758.49,0.0236,595,Standard,Approve - Standard Terms,0
APP002651,2023-09-24,Train,Wedding,9500,48,Online,NSW,Full-Time,88422.28,0.0189,601,Preferred,Approve - Preferred Pricing,0
APP001124,2023-12-23,Train,Car Purchase,38000,36,Branch,VIC,Full-Time,62654.34,0.0258,592,Standard,Approve - Standard Terms,0
APP008824,2023-09-24,Train,Debt Consolidation,38500,36,Online,NSW,Full-Time,46797.69,0.0236,595,Standard,Approve - Standard Terms,0
APP004674,2023-04-11,Train,Home Renovation,22000,24,Online,VIC,Casual,48830.18,0.1346,541,Decline,Decline,0
APP001215,2023-06-29,Train,Home Renovation,15000,60,Broker,VIC,Full-Time,129601.38,0.0276,590,Standard,Approve - Standard Terms,0
APP007107,2023-04-19,Train,Other,28000,60,Broker,WA,Full-Time,87712.7,0.0236,595,Standard,Approve - Standard Terms,0
APP008938,2023-11-19,Train,Car Purchase,36000,24,Broker,NSW,Full-Time,70025.55,0.0297,588,Standard,Approve - Standard Terms,0
APP008715,2024-01-16,Train,Debt Consolidation,11000,60,Broker,NSW,Part-Time,29440.93,0.0278,590,Standard,Approve - Standard Terms,0
APP006279,2024-02-20,Train,Travel,22500,60,Online,VIC,Full-Time,52356.62,0.0474,574,High Risk - Refer,Refer to Manual Underwriting,0
APP007802,2023-08-17,Train,Medical,2500,48,Broker,VIC,Full-Time,86000.97,0.0189,601,Preferred,Approve - Preferred Pricing,0
APP000698,2023-03-27,Train,Travel,36500,60,Branch,WA,Casual,27227.09,0.0344,583,Standard,Approve - Standard Terms,0
APP003066,2023-02-17,Train,Home Renovation,12500,36,Broker,NSW,Full-Time,69795.4,0.0258,592,Standard,Approve - Standard Terms,0
APP006643,2023-04-24,Train,Car Purchase,20500,60,Online,QLD,Part-Time,42291.65,0.0254,592,Standard,Approve - Standard Terms,0
APP001106,2023-03-19,Train,Wedding,41500,24,Branch,NSW,Full-Time,119099.24,0.0236,595,Standard,Approve - Standard Terms,0
APP002107,2023-11-27,Train,Car Purchase,12500,48,Broker,QLD,Full-Time,76512.15,0.0562,569,High Risk - Refer,Refer to Manual Underwriting,0
APP000754,2023-08-22,Train,Medical,6500,60,Broker,VIC,Full-Time,76429.48,0.0424,577,High Risk - Refer,Refer to Manual Underwriting,0
APP003905,2023-02-20,Train,Car Purchase,31500,24,Online,NSW,Full-Time,29612.2,0.0276,590,Standard,Approve - Standard Terms,0
APP002343,2023-09-29,Train,Debt Consolidation,35500,24,Broker,NSW,Part-Time,40629.67,0.0424,577,High Risk - Refer,Refer to Manual Underwriting,0
APP007794,2023-12-15,Train,Debt Consolidation,47000,48,Online,VIC,Full-Time,81347.34,0.0189,601,Preferred,Approve - Preferred Pricing,0
APP007405,2023-04-06,Train,Debt Consolidation,6000,48,Broker,QLD,Self-Employed,51607.97,0.0156,607,Premium,Approve - Premium Pricing,0
APP000623,2023-01-26,Train,Medical,49500,36,Online,VIC,Full-Time,89180.85,0.0177,603,Preferred,Approve - Preferred Pricing,0
APP001188,2023-04-06,Train,Car Purchase,22000,48,Online,NSW,Full-Time,111391.04,0.0236,595,Standard,Approve - Standard Terms,0
APP000753,2023-08-04,Train,Debt Consolidation,32000,36,Online,NSW,Full-Time,88466.04,0.0344,583,High Risk - Refer,Refer to Manual Underwriting,0
APP000279,2023-12-08,Train,Medical,22500,24,Online,QLD,Full-Time,83925.33,0.0189,601,Preferred,Approve - Preferred Pricing,0
APP001169,2023-06-08,Train,Home Renovation,47000,36,Online,ACT,Full-Time,72608.62,0.0738,560,Decline,Decline,1
APP002868,2023-05-19,Train,Car Purchase,9000,36,Online,VIC,Full-Time,66599.03,0.0394,579,High Risk - Refer,Refer to Manual Underwriting,0
APP002878,2023-05-27,Train,Home Renovation,42000,12,Broker,NSW,Part-Time,16411.97,0.0319,586,Standard,Approve - Standard Terms,0
APP006969,2023-02-01,Train,Home Renovation,14000,36,Online,QLD,Full-Time,82436.64,0.0177,603,Preferred,Approve - Preferred Pricing,0
APP008441,2023-05-02,Train,Wedding,47500,36,Branch,NSW,Full-Time,40069.53,0.0542,570,High Risk - Refer,Refer to Manual Underwriting,0
APP008100,2023-07-07,Train,Debt Consolidation,17500,36,Online,NSW,Casual,39267.36,0.0236,595,Standard,Approve - Standard Terms,0
APP000809,2023-04-17,Train,Debt Consolidation,41000,60,Broker,VIC,Full-Time,66591.46,0.054,570,High Risk - Refer,Refer to Manual Underwriting,0
APP006822,2023-02-03,Train,Car Purchase,40500,24,Branch,NSW,Casual,41205.59,0.0545,569,High Risk - Refer,Refer to Manual Underwriting,0
APP002008,2024-02-29,Train,Car Purchase,36000,24,Online,NSW,Full-Time,75784.39,0.0243,594,Standard,Approve - Standard Terms,0
APP006438,2023-08-23,Train,Debt Consolidation,41500,36,Branch,QLD,Full-Time,104886.94,0.0276,590,Standard,Approve - Standard Terms,0
APP002321,2024-01-29,Train,Home Renovation,18500,36,Online,QLD,Casual,36136.11,0.0344,583,Standard,Approve - Standard Terms,0
APP006964,2023-04-23,Train,Wedding,45500,48,Online,QLD,Self-Employed,17720.64,0.05,572,High Risk - Refer,Refer to Manual Underwriting,0
APP006084,2023-10-13,Train,Debt Consolidation,3000,12,Branch,VIC,Self-Employed,39738.65,0.0305,587,Standard,Approve - Standard Terms,0
APP003052,2024-03-11,Train,Travel,29000,36,Broker,NSW,Full-Time,69271.71,0.0177,603,Preferred,Approve - Preferred Pricing,0
APP006261,2023-02-21,Train,Wedding,35000,36,Online,QLD,Casual,47599.59,0.0765,559,Decline,Decline,0
APP006419,2023-10-30,Train,Debt Consolidation,29000,60,Broker,TAS,Casual,47924.28,0.0562,569,High Risk - Refer,Refer to Manual Underwriting,0
APP001936,2023-01-09,Train,Car Purchase,10500,24,Online,VIC,Full-Time,15000.0,0.1036,549,Decline,Decline,0
APP007159,2024-02-04,Train,Debt Consolidation,19500,12,Online,SA,Casual,30891.0,0.0303,587,Standard,Approve - Standard Terms,0
APP000233,2023-11-25,Train,Other,42500,12,Branch,QLD,Part-Time,16596.12,0.1221,544,Decline,Decline,0
APP002295,2024-01-19,Train,Debt Consolidation,20000,24,Online,QLD,Part-Time,38979.11,0.0582,567,High Risk - Refer,Refer to Manual Underwriting,0
APP007469,2023-06-06,Train,Car Purchase,33500,36,Online,VIC,Casual,19473.74,0.0394,579,High Risk - Refer,Refer to Manual Underwriting,0
APP007057,2024-02-11,Train,Car Purchase,39500,60,Online,VIC,Full-Time,58365.1,0.0276,590,Standard,Approve - Standard Terms,0
APP006596,2023-05-11,Train,Debt Consolidation,33000,24,Online,VIC,Part-Time,67168.65,0.0906,554,Decline,Decline,0
APP001088,2023-11-28,Train,Other,49500,24,Online,VIC,Self-Employed,69744.32,0.0156,607,Premium,Approve - Premium Pricing,0
APP005249,2023-03-21,Train,Car Purchase,13500,36,Online,QLD,Full-Time,78734.02,0.0258,592,Standard,Approve - Standard Terms,0
APP008888,2023-11-19,Train,Debt Consolidation,28500,24,Online,WA,Full-Time,97406.18,0.0344,583,High Risk - Refer,Refer to Manual Underwriting,0
APP008080,2024-02-27,Train,Car Purchase,31500,36,Online,NSW,Full-Time,73444.29,0.0344,583,High Risk - Refer,Refer to Manual Underwriting,0
APP002431,2024-02-19,Train,Travel,33500,36,Broker,NSW,Self-Employed,82121.59,0.0305,587,Standard,Approve - Standard Terms,0
APP000941,2023-01-21,Train,Other,25500,12,Online,NSW,Full-Time,62804.67,0.054,570,High Risk - Refer,Refer to Manual Underwriting,0
APP000655,2023-07-16,Train,Home Renovation,29000,12,Online,VIC,Full-Time,73827.41,0.0189,601,Preferred,Approve - Preferred Pricing,0
APP001668,2023-10-28,Train,Home Renovation,18500,36,Online,VIC,Full-Time,93859.74,0.0562,569,High Risk - Refer,Refer to Manual Underwriting,0
APP001805,2024-02-18,Train,Medical,37000,12,Online,ACT,Full-Time,70955.56,0.0177,603,Preferred,Approve - Preferred Pricing,0
APP000298,2023-04-30,Train,Debt Consolidation,12500,24,Online,NSW,Full-Time,69604.88,0.0418,578,High Risk - Refer,Refer to Manual Underwriting,0
APP006331,2023-09-05,Train,Debt Consolidation,31500,24,Broker,QLD,Casual,48808.91,0.0227,596,Preferred,Approve - Preferred Pricing,0
APP007848,2023-12-13,Train,Home Renovation,4000,36,Online,NSW,Unemployed,17288.51,0.0581,568,High Risk - Refer,Refer to Manual Underwriting,0
APP002773,2023-04-19,Train,Car Purchase,43000,36,Broker,QLD,Full-Time,84928.61,0.0177,603,Preferred,Approve - Preferred Pricing,0
APP008649,2023-04-15,Train,Debt Consolidation,26000,60,Broker,NSW,Full-Time,67671.86,0.0344,583,High Risk - Refer,Refer to Manual Underwriting,0
APP007638,2024-02-01,Train,Debt Consolidation,25000,36,Broker,VIC,Casual,54037.3,0.0276,590,Standard,Approve - Standard Terms,0
APP002558,2023-11-25,Train,Home Renovation,46000,12,Online,NSW,Part-Time,76408.93,0.0351,583,High Risk - Refer,Refer to Manual Underwriting,0
APP002020,2023-01-14,Train,Debt Consolidation,34000,24,Branch,VIC,Self-Employed,39870.06,0.0229,595,Standard,Approve - Standard Terms,0
APP007661,2023-05-29,Train,Car Purchase,26500,60,Online,VIC,Part-Time,35831.1,0.0203,599,Preferred,Approve - Preferred Pricing,0
APP003603,2024-03-11,Train,Debt Consolidation,42500,60,Online,NSW,Full-Time,76508.36,0.0258,592,Standard,Approve - Standard Terms,0
APP006374,2023-10-02,Train,Car Purchase,21000,48,Branch,QLD,Part-Time,64313.12,0.0319,586,Standard,Approve - Standard Terms,0
APP006063,2024-02-21,Train,Debt Consolidation,31000,60,Branch,VIC,Self-Employed,116321.82,0.0167,605,Premium,Approve - Premium Pricing,0
APP002935,2023-01-02,Train,Home Renovation,43000,24,Broker,QLD,Full-Time,43468.9,0.0189,601,Preferred,Approve - Preferred Pricing,0
APP001284,2023-10-07,Train,Home Renovation,34000,12,Broker,VIC,Full-Time,56999.74,0.0344,583,High Risk - Refer,Refer to Manual Underwriting,0
APP003538,2023-01-16,Train,Car Purchase,14000,36,Online,QLD,Self-Employed,99704.87,0.0209,598,Preferred,Approve - Preferred Pricing,0
APP007707,2023-08-13,Train,Debt Consolidation,20500,36,Branch,QLD,Part-Time,39261.39,0.0909,554,Decline,Decline,0
APP005049,2023-11-19,Train,Travel,4500,24,Online,SA,Full-Time,108480.62,0.0344,583,High Risk - Refer,Refer to Manual Underwriting,0
APP008933,2023-04-30,Train,Debt Consolidation,14000,36,Online,VIC,Full-Time,91674.04,0.0394,579,High Risk - Refer,Refer to Manual Underwriting,0
APP002983,2024-01-15,Train,Car Purchase,14500,36,Online,VIC,Part-Time,29566.5,0.0297,588,Standard,Approve - Standard Terms,0
APP001983,2023-01-28,Train,Wedding,45000,24,Online,VIC,Casual,38193.39,0.0394,579,High Risk - Refer,Refer to Manual Underwriting,0
APP004677,2024-02-07,Train,Car Purchase,24000,24,Online,NSW,Full-Time,90406.84,0.0177,603,Preferred,Approve - Preferred Pricing,0
APP004444,2023-09-30,Train,Other,5000,36,Online,VIC,Unemployed,15000.0,0.0581,568,High Risk - Refer,Refer to Manual Underwriting,0
APP006198,2023-05-23,Train,Car Purchase,35500,36,Branch,NSW,Part-Time,51962.58,0.037,581,High Risk - Refer,Refer to Manual Underwriting,0
APP007919,2023-01-17,Train,Travel,21500,60,Branch,VIC,Full-Time,74005.34,0.0418,578,High Risk - Refer,Refer to Manual Underwriting,0
APP007151,2023-11-23,Train,Home Renovation,35000,12,Online,VIC,Full-Time,66120.95,0.0344,583,High Risk - Refer,Refer to Manual Underwriting,0
APP003906,2023-10-23,Train,Debt Consolidation,40000,36,Online,NSW,Full-Time,66639.02,0.0317,586,Standard,Approve - Standard Terms,0
APP003042,2024-03-21,Train,Travel,27500,24,Broker,NSW,Full-Time,52014.79,0.0344,583,High Risk - Refer,Refer to Manual Underwriting,0
APP003583,2023-06-26,Train,Home Renovation,47500,48,Online,VIC,Casual,32396.35,0.0673,563,Decline,Decline,0
APP002031,2023-06-13,Train,Home Renovation,15500,36,Online,TAS,Full-Time,114898.29,0.0189,601,Preferred,Approve - Preferred Pricing,0
APP005390,2023-10-04,Train,Home Renovation,3500,36,Online,ACT,Full-Time,62852.24,0.0344,583,High Risk - Refer,Refer to Manual Underwriting,0
APP001781,2023-01-18,Train,Debt Consolidation,27500,24,Branch,NSW,Self-Employed,84258.1,0.0437,576,High Risk - Refer,Refer to Manual Underwriting,0
APP006835,2023-04-06,Train,Car Purchase,10500,12,Branch,QLD,Full-Time,88594.64,0.0276,590,Standard,Approve - Standard Terms,0
APP005257,2023-06-22,Train,Wedding,18500,36,Online,VIC,Full-Time,52134.06,0.0276,590,Standard,Approve - Standard Terms,0
APP007275,2023-07-22,Train,Home Renovation,12000,36,Online,QLD,Self-Employed,72113.31,0.0245,593,Standard,Approve - Standard Terms,0
APP003784,2023-01-22,Train,Debt Consolidation,44500,36,Online,VIC,Unemployed,22606.53,0.0894,554,Decline,Decline,0
APP007627,2023-05-17,Train,Home Renovation,34000,36,Broker,ACT,Full-Time,53007.31,0.0177,603,Preferred,Approve - Preferred Pricing,0
APP005599,2023-11-02,Train,Travel,8000,24,Broker,NSW,Casual,37503.58,0.0738,560,Decline,Decline,0
APP002036,2024-02-12,Train,Travel,33000,48,Online,VIC,Self-Employed,99686.9,0.0245,593,Standard,Approve - Standard Terms,0
APP008731,2023-07-10,Train,Car Purchase,36000,24,Online,SA,Self-Employed,51636.05,0.0245,593,Standard,Approve - Standard Terms,0
APP006391,2023-09-11,Train,Home Renovation,22000,24,Branch,QLD,Full-Time,98936.53,0.0276,590,Standard,Approve - Standard Terms,0
APP003429,2023-02-20,Train,Car Purchase,18500,48,Broker,QLD,Self-Employed,64642.96,0.0156,607,Premium,Approve - Premium Pricing,0
APP002602,2023-04-27,Train,Debt Consolidation,25000,36,Broker,NSW,Full-Time,91288.17,0.0344,583,High Risk - Refer,Refer to Manual Underwriting,0
APP008200,2024-02-12,Train,Medical,30500,60,Online,SA,Full-Time,77140.28,0.0177,603,Preferred,Approve - Preferred Pricing,0
APP007011,2023-02-01,Train,Debt Consolidation,29000,60,Online,VIC,Self-Employed,36270.38,0.0229,595,Standard,Approve - Standard Terms,0
APP005089,2023-02-22,Train,Car Purchase,41000,48,Broker,NSW,Full-Time,78683.54,0.0765,559,Decline,Decline,1
APP003841,2023-11-23,Train,Debt Consolidation,23000,24,Branch,VIC,Full-Time,74532.81,0.0236,595,Standard,Approve - Standard Terms,0
APP003163,2023-03-11,Train,Debt Consolidation,6500,24,Broker,VIC,Full-Time,53842.99,0.0258,592,Standard,Approve - Standard Terms,0
APP008530,2023-06-13,Train,Debt Consolidation,41000,48,Branch,NSW,Casual,23184.13,0.0394,579,High Risk - Refer,Refer to Manual Underwriting,0
APP008788,2024-03-05,Train,Debt Consolidation,3500,48,Branch,NSW,Full-Time,86009.24,0.0258,592,Standard,Approve - Standard Terms,0
APP001177,2023-02-27,Train,Debt Consolidation,21500,36,Online,NSW,Casual,21445.07,0.0344,583,Standard,Approve - Standard Terms,0
APP005193,2023-09-03,Train,Debt Consolidation,13000,48,Branch,QLD,Part-Time,27607.24,0.037,581,High Risk - Refer,Refer to Manual Underwriting,0
APP003788,2023-03-28,Train,Travel,29000,48,Branch,QLD,Full-Time,85087.75,0.0236,595,Standard,Approve - Standard Terms,0
APP001258,2023-03-26,Train,Debt Consolidation,19000,24,Broker,WA,Full-Time,71613.36,0.0297,588,Standard,Approve - Standard Terms,0
APP000256,2023-01-23,Train,Wedding,34000,24,Online,QLD,Full-Time,86434.34,0.0236,595,Standard,Approve - Standard Terms,0
APP000785,2023-07-17,Train,Debt Consolidation,3500,36,Online,QLD,Full-Time,123396.22,0.0236,595,Standard,Approve - Standard Terms,0
APP003610,2024-02-28,Train,Car Purchase,10000,36,Branch,QLD,Casual,24013.6,0.0303,587,Standard,Approve - Standard Terms,0
APP005508,2023-12-10,Train,Home Renovation,2500,48,Broker,NSW,Part-Time,45198.98,0.0254,592,Standard,Approve - Standard Terms,0
APP000325,2023-03-18,Train,Medical,23500,36,Online,VIC,Casual,40938.29,0.0344,583,Standard,Approve - Standard Terms,0
APP004219,2023-06-15,Train,Car Purchase,13000,48,Branch,NSW,Full-Time,122735.13,0.0189,601,Preferred,Approve - Preferred Pricing,0
APP007849,2023-01-14,Train,Home Renovation,27000,48,Broker,QLD,Full-Time,107984.37,0.0344,583,High Risk - Refer,Refer to Manual Underwriting,0
APP003649,2023-08-29,Train,Car Purchase,12500,48,Broker,VIC,Full-Time,87342.9,0.0258,592,Standard,Approve - Standard Terms,0
APP007235,2023-09-21,Train,Car Purchase,28500,48,Online,VIC,Full-Time,68068.92,0.0344,583,High Risk - Refer,Refer to Manual Underwriting,0
APP007355,2023-06-16,Train,Other,28500,24,Branch,VIC,Full-Time,93631.75,0.0189,601,Preferred,Approve - Preferred Pricing,0
APP008316,2023-06-12,Train,Home Renovation,4500,24,Online,NSW,Casual,39645.13,0.0303,587,Standard,Approve - Standard Terms,0
APP005813,2024-02-29,Train,Car Purchase,31500,48,Branch,VIC,Full-Time,41363.84,0.054,570,High Risk - Refer,Refer to Manual Underwriting,0
APP007335,2023-08-28,Train,Travel,35500,48,Broker,NSW,Full-Time,105758.91,0.0418,578,High Risk - Refer,Refer to Manual Underwriting,0
APP000535,2023-04-10,Train,Home Renovation,15500,36,Branch,SA,Casual,56966.55,0.0394,579,High Risk - Refer,Refer to Manual Underwriting,0
APP004764,2023-09-20,Train,Travel,19000,24,Online,QLD,Full-Time,38534.26,0.1785,531,Decline,Decline,0
APP000270,2024-01-01,Train,Debt Consolidation,28000,60,Broker,QLD,Full-Time,76308.2,0.0562,569,High Risk - Refer,Refer to Manual Underwriting,0
APP003188,2023-02-08,Train,Travel,7500,48,Online,QLD,Full-Time,99623.86,0.0276,590,Standard,Approve - Standard Terms,1
APP008740,2023-08-08,Train,Travel,7500,12,Broker,QLD,Part-Time,60295.75,0.0509,572,High Risk - Refer,Refer to Manual Underwriting,0
APP005204,2023-01-22,Train,Home Renovation,12000,36,Online,WA,Self-Employed,74331.51,0.0305,587,Standard,Approve - Standard Terms,0
APP008664,2024-01-30,Train,Debt Consolidation,14500,48,Online,ACT,Full-Time,79831.97,0.0258,592,Standard,Approve - Standard Terms,0
APP003139,2023-10-12,Train,Debt Consolidation,41500,48,Broker,SA,Casual,49900.01,0.1142,546,Decline,Decline,0
APP004765,2023-02-09,Train,Car Purchase,11000,48,Online,QLD,Self-Employed,51241.11,0.0201,599,Preferred,Approve - Preferred Pricing,0
APP007695,2024-02-27,Train,Car Purchase,29000,48,Branch,VIC,Full-Time,68772.88,0.0177,603,Preferred,Approve - Preferred Pricing,0
APP002704,2023-12-03,Train,Home Renovation,6000,48,Branch,NSW,Full-Time,61970.57,0.0848,556,Decline,Decline,0
APP005403,2024-02-29,Train,Debt Consolidation,21500,24,Branch,VIC,Full-Time,65654.22,0.0236,595,Standard,Approve - Standard Terms,0
APP003611,2023-07-31,Train,Car Purchase,20500,60,Branch,NSW,Full-Time,79827.96,0.0177,603,Preferred,Approve - Preferred Pricing,0
APP002524,2024-03-12,Train,Travel,16000,60,Broker,QLD,Full-Time,83314.93,0.054,570,High Risk - Refer,Refer to Manual Underwriting,0
APP006509,2023-11-02,Train,Debt Consolidation,10000,24,Online,NSW,Self-Employed,33292.42,0.0682,563,Decline,Decline,0
APP007657,2023-07-07,Train,Debt Consolidation,33500,60,Online,VIC,Casual,45591.54,0.0227,596,Preferred,Approve - Preferred Pricing,0
APP005641,2023-10-09,Train,Other,37000,36,Online,SA,Casual,39525.2,0.0258,592,Standard,Approve - Standard Terms,0
APP008387,2023-12-25,Train,Debt Consolidation,14000,12,Branch,NSW,Full-Time,121450.14,0.0189,601,Preferred,Approve - Preferred Pricing,0
APP003770,2024-03-02,Train,Home Renovation,41000,48,Branch,NSW,Full-Time,82270.52,0.0303,587,Standard,Approve - Standard Terms,0
APP006775,2023-10-02,Train,Home Renovation,36500,36,Online,NSW,Full-Time,97078.42,0.0227,596,Standard,Approve - Standard Terms,0
APP004135,2023-03-12,Train,Debt Consolidation,45000,48,Online,QLD,Full-Time,74543.51,0.0189,601,Preferred,Approve - Preferred Pricing,0
APP003367,2023-08-17,Train,Wedding,34000,12,Online,ACT,Self-Employed,97385.54,0.035,583,High Risk - Refer,Refer to Manual Underwriting,0
APP000016,2023-08-24,Train,Wedding,34500,36,Online,VIC,Self-Employed,60169.33,0.0245,593,Standard,Approve - Standard Terms,0
APP008464,2023-06-08,Train,Home Renovation,20000,60,Online,SA,Self-Employed,79200.34,0.0167,605,Premium,Approve - Premium Pricing,0
APP001839,2023-03-23,Train,Other,48500,36,Online,QLD,Full-Time,110617.32,0.0276,590,Standard,Approve - Standard Terms,0
APP004604,2023-08-20,Train,Other,26000,24,Broker,WA,Full-Time,33769.21,0.0738,560,Decline,Decline,0
APP006091,2024-02-26,Train,Debt Consolidation,24000,24,Branch,QLD,Full-Time,59386.78,0.0848,556,Decline,Decline,0
APP002306,2023-02-17,Train,Car Purchase,47500,60,Broker,NSW,Part-Time,26146.71,0.0278,590,Standard,Approve - Standard Terms,0
APP003725,2023-07-26,Train,Debt Consolidation,4500,60,Branch,VIC,Full-Time,46290.99,0.0258,592,Standard,Approve - Standard Terms,0
APP008948,2023-01-08,Train,Debt Consolidation,24000,24,Branch,WA,Full-Time,76718.19,0.0236,595,Standard,Approve - Standard Terms,0
APP003064,2023-02-11,Train,Travel,8500,36,Broker,NSW,Self-Employed,82204.33,0.0167,605,Premium,Approve - Premium Pricing,0
APP001227,2023-12-27,Train,Other,40000,12,Branch,ACT,Full-Time,79597.74,0.0177,603,Preferred,Approve - Preferred Pricing,0
APP005806,2023-09-05,Train,Home Renovation,47500,36,Branch,QLD,Casual,33134.43,0.1142,546,Decline,Decline,0
APP007706,2024-02-25,Train,Debt Consolidation,6500,60,Online,NSW,Full-Time,69032.77,0.0394,579,High Risk - Refer,Refer to Manual Underwriting,1
APP000990,2023-02-26,Train,Car Purchase,36000,48,Broker,NSW,Full-Time,126193.3,0.0276,590,Standard,Approve - Standard Terms,0
APP004574,2024-03-22,Train,Home Renovation,34000,36,Online,WA,Full-Time,83652.29,0.0562,569,High Risk - Refer,Refer to Manual Underwriting,0
APP005228,2023-03-10,Train,Travel,28500,12,Broker,NSW,Full-Time,86515.06,0.0236,595,Standard,Approve - Standard Terms,0
APP007975,2023-01-26,Train,Car Purchase,49500,48,Broker,VIC,Full-Time,109272.03,0.0189,601,Preferred,Approve - Preferred Pricing,0
APP006743,2023-04-09,Train,Wedding,30000,12,Online,QLD,Full-Time,91657.41,0.0177,603,Preferred,Approve - Preferred Pricing,0
APP002340,2023-12-20,Train,Other,6500,36,Branch,VIC,Casual,29057.36,0.0765,559,Decline,Decline,0
APP001513,2023-10-19,Train,Car Purchase,34500,48,Online,QLD,Full-Time,99707.0,0.0177,603,Preferred,Approve - Preferred Pricing,0
APP000413,2023-02-23,Train,Debt Consolidation,47000,12,Online,NSW,Full-Time,52534.68,0.054,570,High Risk - Refer,Refer to Manual Underwriting,0
APP007679,2023-09-15,Train,Debt Consolidation,37000,24,Branch,VIC,Casual,44480.23,0.1346,541,Decline,Decline,0
APP007381,2023-09-04,Train,Travel,34000,24,Online,QLD,Full-Time,79764.09,0.0189,601,Preferred,Approve - Preferred Pricing,0
APP003797,2023-04-04,Train,Debt Consolidation,3500,12,Branch,VIC,Full-Time,95309.51,0.0177,603,Preferred,Approve - Preferred Pricing,0
APP005211,2023-05-30,Train,Home Renovation,38500,24,Online,NSW,Casual,40178.1,0.0344,583,Standard,Approve - Standard Terms,0
APP008693,2023-04-10,Train,Wedding,47500,48,Branch,SA,Self-Employed,56408.61,0.0305,587,Standard,Approve - Standard Terms,0
APP001267,2024-03-30,Train,Wedding,21000,24,Broker,SA,Casual,56966.55,0.0344,583,Standard,Approve - Standard Terms,0
APP008507,2023-02-04,Train,Other,13000,60,Online,QLD,Self-Employed,75544.62,0.0156,607,Premium,Approve - Premium Pricing,0
APP003164,2023-12-18,Train,Medical,7000,36,Broker,VIC,Self-Employed,73600.09,0.0263,591,Standard,Approve - Standard Terms,0
APP008377,2023-06-19,Train,Debt Consolidation,17500,48,Online,QLD,Full-Time,40200.43,0.0189,601,Preferred,Approve - Preferred Pricing,0
APP003309,2023-06-04,Train,Wedding,39500,12,Broker,WA,Casual,46478.36,0.0227,596,Preferred,Approve - Preferred Pricing,0
APP005718,2023-02-11,Train,Debt Consolidation,41000,36,Broker,NSW,Casual,35425.8,0.0296,588,Standard,Approve - Standard Terms,0
APP006534,2023-10-12,Train,Debt Consolidation,12000,36,Branch,QLD,Full-Time,50930.04,0.0177,603,Preferred,Approve - Preferred Pricing,0
APP005316,2023-12-21,Train,Debt Consolidation,34000,24,Online,WA,Casual,23123.49,0.0236,595,Standard,Approve - Standard Terms,0
APP001059,2023-06-20,Train,Debt Consolidation,46500,36,Broker,SA,Full-Time,94006.08,0.0189,601,Preferred,Approve - Preferred Pricing,0
APP001735,2023-12-12,Train,Home Renovation,11000,12,Branch,NSW,Self-Employed,72146.83,0.0554,569,High Risk - Refer,Refer to Manual Underwriting,0
APP000028,2024-03-17,Train,Other,18000,60,Branch,NSW,Part-Time,47211.89,0.1221,544,Decline,Decline,0
APP007563,2023-09-06,Train,Car Purchase,23500,36,Online,SA,Full-Time,61521.92,0.0189,601,Preferred,Approve - Preferred Pricing,1
APP001768,2023-03-07,Train,Travel,29000,36,Broker,VIC,Full-Time,24903.59,0.1036,549,Decline,Decline,0
APP006785,2024-01-04,Train,Other,3500,36,Online,VIC,Self-Employed,76181.59,0.0167,605,Premium,Approve - Premium Pricing,0
APP006862,2024-02-04,Train,Car Purchase,49000,24,Online,NSW,Full-Time,108919.0,0.0177,603,Preferred,Approve - Preferred Pricing,0
APP005099,2023-08-21,Train,Debt Consolidation,16500,60,Branch,NSW,Self-Employed,54321.73,0.0167,605,Premium,Approve - Premium Pricing,0
APP004398,2023-04-26,Train,Home Renovation,5500,12,Online,VIC,Part-Time,33650.09,0.019,601,Preferred,Approve - Preferred Pricing,0
APP007436,2023-06-07,Train,Debt Consolidation,42500,48,Online,VIC,Self-Employed,47259.66,0.0684,562,Decline,Decline,0
APP005485,2024-02-25,Train,Medical,48000,36,Broker,VIC,Part-Time,25562.68,0.019,601,Preferred,Approve - Preferred Pricing,0
APP003911,2023-08-04,Train,Car Purchase,9500,60,Online,SA,Full-Time,79064.5,0.0344,583,High Risk - Refer,Refer to Manual Underwriting,0
APP002701,2023-11-15,Train,Car Purchase,27500,36,Branch,NSW,Full-Time,81295.39,0.0177,603,Preferred,Approve - Preferred Pricing,0
APP000429,2023-04-13,Train,Debt Consolidation,24000,12,Online,QLD,Full-Time,67508.6,0.0303,587,Standard,Approve - Standard Terms,0
APP007940,2023-10-02,Train,Home Renovation,23500,24,Branch,VIC,Full-Time,92657.43,0.0297,588,Standard,Approve - Standard Terms,0
APP007038,2024-01-04,Train,Wedding,8000,60,Online,NSW,Full-Time,93549.29,0.0276,590,Standard,Approve - Standard Terms,0
APP004519,2023-12-25,Train,Car Purchase,26500,36,Broker,VIC,Full-Time,45490.41,0.0189,601,Preferred,Approve - Preferred Pricing,0
APP004138,2023-02-01,Train,Home Renovation,18000,36,Online,VIC,Self-Employed,79430.07,0.0263,591,Standard,Approve - Standard Terms,0
APP000489,2023-05-07,Train,Other,33000,36,Broker,WA,Casual,43121.54,0.0236,595,Standard,Approve - Standard Terms,0
APP006359,2023-03-10,Train,Debt Consolidation,12000,36,Online,QLD,Full-Time,66483.51,0.0177,603,Preferred,Approve - Preferred Pricing,0
APP004960,2023-04-03,Train,Debt Consolidation,11500,48,Online,NSW,Full-Time,52338.97,0.0236,595,Standard,Approve - Standard Terms,0
APP008838,2023-07-02,Train,Debt Consolidation,47000,36,Online,NSW,Full-Time,96884.89,0.0394,579,High Risk - Refer,Refer to Manual Underwriting,0
APP002472,2023-11-10,Train,Home Renovation,15000,48,Branch,QLD,Full-Time,99773.95,0.0236,595,Standard,Approve - Standard Terms,0
APP000170,2023-11-05,Train,Travel,12500,24,Online,NSW,Full-Time,80513.07,0.0276,590,Standard,Approve - Standard Terms,0
APP001436,2023-09-08,Train,Travel,22500,24,Online,VIC,Full-Time,65181.12,0.0344,583,High Risk - Refer,Refer to Manual Underwriting,1
APP000521,2023-07-30,Train,Car Purchase,16500,48,Branch,WA,Casual,44733.84,0.0236,595,Standard,Approve - Standard Terms,0
APP008596,2023-08-21,Train,Car Purchase,20500,48,Branch,SA,Self-Employed,40982.68,0.0156,607,Premium,Approve - Premium Pricing,0
APP005615,2023-11-07,Train,Debt Consolidation,14000,48,Branch,VIC,Casual,29214.96,0.0189,601,Preferred,Approve - Preferred Pricing,0
APP007243,2023-07-20,Train,Debt Consolidation,45000,24,Online,NSW,Casual,34338.79,0.0189,601,Preferred,Approve - Preferred Pricing,0
APP001991,2023-01-02,Train,Debt Consolidation,6000,60,Online,VIC,Full-Time,89207.2,0.0236,595,Standard,Approve - Standard Terms,0
APP000382,2024-03-24,Train,Wedding,17000,48,Broker,QLD,Part-Time,51221.92,0.019,601,Preferred,Approve - Preferred Pricing,0
APP000668,2023-07-02,Train,Medical,40500,60,Online,NSW,Part-Time,29556.79,0.0245,593,Standard,Approve - Standard Terms,0
APP008863,2023-07-03,Train,Home Renovation,12000,36,Online,SA,Full-Time,85427.59,0.0177,603,Preferred,Approve - Preferred Pricing,0
APP006326,2023-09-18,Train,Debt Consolidation,23500,48,Online,NSW,Full-Time,53521.01,0.0189,601,Preferred,Approve - Preferred Pricing,0
APP003170,2023-09-08,Train,Debt Consolidation,17000,36,Branch,SA,Full-Time,76639.04,0.0236,595,Standard,Approve - Standard Terms,0
APP007441,2023-04-23,Train,Car Purchase,33000,36,Branch,QLD,Self-Employed,47781.74,0.0229,595,Standard,Approve - Standard Terms,0
APP002330,2023-06-06,Train,Other,3000,24,Online,NSW,Part-Time,41884.12,0.0326,585,Standard,Approve - Standard Terms,0
APP000948,2023-02-22,Train,Debt Consolidation,22500,24,Online,WA,Full-Time,85807.69,0.0258,592,Standard,Approve - Standard Terms,0
APP008883,2023-01-01,Train,Debt Consolidation,12500,24,Broker,QLD,Full-Time,55498.83,0.0326,585,Standard,Approve - Standard Terms,0
APP003820,2023-09-26,Train,Wedding,46500,60,Online,SA,Full-Time,70962.72,0.0474,574,High Risk - Refer,Refer to Manual Underwriting,0
APP007451,2023-08-09,Train,Car Purchase,7500,12,Online,NSW,Casual,20953.01,0.0408,578,High Risk - Refer,Refer to Manual Underwriting,0
APP001858,2023-10-04,Train,Debt Consolidation,4500,48,Online,WA,Full-Time,63974.82,0.0189,601,Preferred,Approve - Preferred Pricing,0
APP002059,2024-03-05,Train,Other,48000,36,Broker,WA,Part-Time,54779.61,0.0254,592,Standard,Approve - Standard Terms,0
APP007422,2023-06-06,Train,Wedding,49000,36,Broker,QLD,Casual,48650.72,0.0258,592,Standard,Approve - Standard Terms,0
APP002221,2023-05-22,Train,Car Purchase,49000,60,Online,NSW,Full-Time,96884.89,0.0189,601,Preferred,Approve - Preferred Pricing,0
APP003621,2023-12-02,Train,Travel,32500,24,Branch,QLD,Casual,40719.88,0.0236,595,Standard,Approve - Standard Terms,0
APP002989,2023-01-06,Train,Debt Consolidation,47000,24,Online,NSW,Full-Time,126955.11,0.0276,590,Standard,Approve - Standard Terms,0
APP002469,2023-06-26,Train,Debt Consolidation,44000,48,Broker,NSW,Self-Employed,84254.82,0.0229,595,Standard,Approve - Standard Terms,0
APP004354,2024-03-26,Train,Other,41500,48,Branch,VIC,Casual,21246.35,0.0258,592,Standard,Approve - Standard Terms,0
APP007447,2023-02-17,Train,Home Renovation,41000,24,Online,VIC,Self-Employed,69336.27,0.0281,589,Standard,Approve - Standard Terms,0
APP008404,2024-02-11,Train,Debt Consolidation,43000,24,Branch,NSW,Unemployed,17930.89,0.2029,527,Decline,Decline,1
APP008499,2023-12-11,Train,Travel,26500,24,Branch,QLD,Full-Time,58769.31,0.0542,570,High Risk - Refer,Refer to Manual Underwriting,0
APP004265,2023-05-26,Train,Debt Consolidation,17500,48,Online,VIC,Full-Time,53772.2,0.0236,595,Standard,Approve - Standard Terms,0
APP000850,2023-05-14,Train,Wedding,3500,48,Branch,WA,Full-Time,81324.45,0.0276,590,Standard,Approve - Standard Terms,0
APP003904,2023-05-20,Train,Debt Consolidation,23500,48,Online,VIC,Part-Time,37143.95,0.019,601,Preferred,Approve - Preferred Pricing,0
APP004415,2023-06-27,Train,Debt Consolidation,27000,12,Online,SA,Full-Time,49079.56,0.0177,603,Preferred,Approve - Preferred Pricing,0
APP007333,2023-10-26,Train,Other,33500,60,Online,VIC,Full-Time,103753.98,0.0276,590,Standard,Approve - Standard Terms,0
APP005685,2023-10-16,Train,Car Purchase,18500,24,Branch,VIC,Full-Time,82229.07,0.0344,583,High Risk - Refer,Refer to Manual Underwriting,0
APP007685,2024-02-15,Train,Home Renovation,3000,36,Broker,SA,Full-Time,69690.27,0.0236,595,Standard,Approve - Standard Terms,0
APP000516,2024-02-06,Train,Home Renovation,13500,36,Branch,QLD,Full-Time,76935.1,0.0258,592,Standard,Approve - Standard Terms,0
APP008674,2024-02-12,Train,Debt Consolidation,15500,24,Branch,WA,Full-Time,66511.79,0.0189,601,Preferred,Approve - Preferred Pricing,0
APP005272,2024-01-28,Train,Medical,6500,24,Broker,SA,Self-Employed,28116.71,0.0482,573,High Risk - Refer,Refer to Manual Underwriting,0
APP000889,2024-03-05,Train,Travel,19500,36,Online,NSW,Full-Time,79888.44,0.0177,603,Preferred,Approve - Preferred Pricing,0
APP007380,2023-10-22,Train,Car Purchase,25500,36,Branch,SA,Full-Time,72339.08,0.0276,590,Standard,Approve - Standard Terms,0
APP006447,2024-01-20,Train,Car Purchase,33500,12,Broker,NSW,Full-Time,42766.76,0.0303,587,Standard,Approve - Standard Terms,0
APP003534,2023-02-17,Train,Car Purchase,4500,48,Broker,VIC,Self-Employed,78397.55,0.0167,605,Premium,Approve - Premium Pricing,0
APP006087,2023-10-21,Train,Debt Consolidation,33000,24,Online,ACT,Full-Time,62852.24,0.0344,583,High Risk - Refer,Refer to Manual Underwriting,0
APP006018,2023-08-24,Train,Debt Consolidation,17000,24,Broker,NSW,Full-Time,60332.2,0.054,570,High Risk - Refer,Refer to Manual Underwriting,1
APP002033,2023-12-03,Train,Travel,3000,24,Branch,QLD,Full-Time,76559.72,0.0258,592,Standard,Approve - Standard Terms,0
APP005101,2023-09-01,Train,Debt Consolidation,25500,24,Broker,VIC,Full-Time,110055.27,0.0189,601,Preferred,Approve - Preferred Pricing,0
APP003252,2023-05-05,Train,Home Renovation,47000,48,Broker,VIC,Full-Time,106152.84,0.0236,595,Standard,Approve - Standard Terms,0
APP001182,2023-01-21,Train,Debt Consolidation,47500,60,Broker,NSW,Self-Employed,56170.47,0.0201,599,Preferred,Approve - Preferred Pricing,0
APP006709,2023-11-04,Train,Travel,48000,60,Branch,WA,Self-Employed,55495.85,0.0263,591,Standard,Approve - Standard Terms,0
APP005325,2024-02-07,Train,Car Purchase,47000,24,Online,NSW,Self-Employed,69742.82,0.0209,598,Preferred,Approve - Preferred Pricing,0
APP002491,2023-09-17,Train,Wedding,25000,60,Branch,VIC,Full-Time,55132.64,0.0177,603,Preferred,Approve - Preferred Pricing,0
APP003901,2023-06-10,Train,Home Renovation,32500,48,Online,NSW,Full-Time,47091.12,0.0236,595,Standard,Approve - Standard Terms,0
APP005501,2024-02-13,Train,Home Renovation,44500,24,Branch,QLD,Full-Time,76435.14,0.0765,559,Decline,Decline,0
APP006133,2023-03-17,Train,Debt Consolidation,46000,12,Online,ACT,Full-Time,116261.71,0.0344,583,High Risk - Refer,Refer to Manual Underwriting,0
APP002311,2024-02-21,Train,Travel,48000,36,Online,WA,Self-Employed,68180.09,0.0269,591,Standard,Approve - Standard Terms,0
APP008565,2024-01-17,Train,Debt Consolidation,36000,12,Online,VIC,Self-Employed,52239.6,0.0305,587,Standard,Approve - Standard Terms,0
APP007411,2023-01-17,Train,Debt Consolidation,27000,24,Online,SA,Full-Time,79303.96,0.0303,587,Standard,Approve - Standard Terms,0
APP002283,2023-04-24,Train,Car Purchase,47500,36,Online,VIC,Self-Employed,55182.05,0.035,583,High Risk - Refer,Refer to Manual Underwriting,0
APP006684,2023-07-29,Train,Wedding,15000,36,Online,NSW,Full-Time,53845.97,0.0303,587,Standard,Approve - Standard Terms,0
APP005269,2024-02-23,Train,Home Renovation,11500,24,Broker,SA,Part-Time,44910.02,0.0203,599,Preferred,Approve - Preferred Pricing,0
APP000773,2024-02-18,Train,Home Renovation,16500,36,Broker,NSW,Full-Time,102032.87,0.0189,601,Preferred,Approve - Preferred Pricing,0
APP008628,2023-02-04,Train,Home Renovation,2500,60,Branch,QLD,Full-Time,97817.04,0.0189,601,Preferred,Approve - Preferred Pricing,0
APP005738,2023-08-12,Train,Travel,30500,24,Online,WA,Full-Time,39365.35,0.0394,579,High Risk - Refer,Refer to Manual Underwriting,0
APP007573,2023-10-06,Train,Home Renovation,31000,48,Online,QLD,Full-Time,121647.87,0.0643,564,Decline,Decline,0
APP008290,2023-06-19,Train,Car Purchase,13000,48,Branch,WA,Full-Time,60829.36,0.0344,583,High Risk - Refer,Refer to Manual Underwriting,0
APP005969,2023-12-23,Train,Wedding,46000,24,Branch,SA,Self-Employed,48628.16,0.0437,576,High Risk - Refer,Refer to Manual Underwriting,0
APP003250,2024-03-25,Train,Debt Consolidation,18500,48,Online,VIC,Full-Time,94713.16,0.0344,583,High Risk - Refer,Refer to Manual Underwriting,0
APP005170,2023-09-05,Train,Medical,18000,48,Online,NSW,Self-Employed,84449.17,0.048,573,High Risk - Refer,Refer to Manual Underwriting,1
APP007124,2023-01-05,Train,Wedding,16000,36,Branch,VIC,Casual,20927.94,0.0303,587,Standard,Approve - Standard Terms,0
APP008259,2023-07-25,Train,Debt Consolidation,23000,36,Online,QLD,Full-Time,47218.67,0.0303,587,Standard,Approve - Standard Terms,0
APP007293,2024-03-18,Train,Medical,8000,48,Broker,NSW,Full-Time,65765.08,0.0344,583,High Risk - Refer,Refer to Manual Underwriting,0
APP005471,2023-01-02,Train,Debt Consolidation,36500,24,Online,VIC,Full-Time,89563.73,0.0474,574,High Risk - Refer,Refer to Manual Underwriting,0
APP008193,2023-07-09,Train,Wedding,29500,24,Online,WA,Full-Time,71191.61,0.0177,603,Preferred,Approve - Preferred Pricing,0
APP006726,2024-02-03,Train,Debt Consolidation,27500,36,Online,NSW,Full-Time,68634.78,0.0189,601,Preferred,Approve - Preferred Pricing,0
APP004471,2023-05-22,Train,Debt Consolidation,13500,60,Branch,SA,Full-Time,93539.62,0.0189,601,Preferred,Approve - Preferred Pricing,0
APP006469,2023-06-13,Train,Debt Consolidation,16000,36,Online,VIC,Full-Time,107911.77,0.0189,601,Preferred,Approve - Preferred Pricing,0
APP000320,2023-07-12,Train,Car Purchase,39000,60,Broker,NSW,Full-Time,73236.46,0.0344,583,High Risk - Refer,Refer to Manual Underwriting,0
APP007271,2023-08-05,Train,Home Renovation,33500,36,Branch,QLD,Full-Time,60638.76,0.0189,601,Preferred,Approve - Preferred Pricing,0
APP006527,2023-06-29,Train,Travel,26500,60,Broker,NSW,Casual,37020.29,0.0236,595,Standard,Approve - Standard Terms,0
APP007376,2023-08-03,Train,Travel,12500,36,Online,QLD,Full-Time,47283.74,0.0177,603,Preferred,Approve - Preferred Pricing,0
APP005690,2023-08-28,Train,Home Renovation,28500,24,Online,NSW,Full-Time,121271.77,0.0236,595,Standard,Approve - Standard Terms,0
APP000791,2024-02-15,Train,Debt Consolidation,34500,48,Online,NSW,Full-Time,84458.07,0.0276,590,Standard,Approve - Standard Terms,0
APP003012,2023-01-28,Train,Medical,44000,24,Online,NSW,Full-Time,98999.99,0.0189,601,Preferred,Approve - Preferred Pricing,0
APP008491,2024-02-08,Train,Car Purchase,10500,24,Broker,QLD,Self-Employed,65266.84,0.0289,588,Standard,Approve - Standard Terms,1
APP002711,2024-02-08,Train,Home Renovation,9000,48,Online,QLD,Self-Employed,92966.61,0.0245,593,Standard,Approve - Standard Terms,0
APP006004,2023-07-10,Train,Debt Consolidation,33500,36,Online,WA,Self-Employed,63237.19,0.0421,577,High Risk - Refer,Refer to Manual Underwriting,0
APP004678,2023-12-25,Train,Debt Consolidation,10000,48,Branch,VIC,Full-Time,58717.67,0.0227,596,Standard,Approve - Standard Terms,0
APP000459,2024-03-21,Train,Other,20000,12,Online,QLD,Full-Time,97187.38,0.0394,579,High Risk - Refer,Refer to Manual Underwriting,0
APP002871,2023-05-26,Train,Medical,28500,36,Online,QLD,Full-Time,32721.84,0.0418,578,High Risk - Refer,Refer to Manual Underwriting,0
APP001434,2023-10-03,Train,Car Purchase,22000,60,Online,WA,Full-Time,40599.28,0.0542,570,High Risk - Refer,Refer to Manual Underwriting,0
APP006118,2023-06-02,Train,Debt Consolidation,27500,48,Online,QLD,Part-Time,64313.12,0.0245,593,Standard,Approve - Standard Terms,0
APP003790,2023-08-31,Train,Travel,37500,12,Broker,VIC,Full-Time,60761.95,0.0848,556,Decline,Decline,0
APP008314,2023-06-20,Train,Car Purchase,22500,48,Broker,SA,Self-Employed,30389.17,0.0281,589,Standard,Approve - Standard Terms,0
APP001190,2023-01-02,Train,Travel,21500,48,Broker,NSW,Part-Time,56651.77,0.0278,590,Standard,Approve - Standard Terms,0
APP001005,2023-05-20,Train,Home Renovation,25500,36,Online,QLD,Full-Time,96642.41,0.0258,592,Standard,Approve - Standard Terms,0
APP007741,2023-07-02,Train,Travel,24500,36,Branch,SA,Full-Time,86695.17,0.0394,579,High Risk - Refer,Refer to Manual Underwriting,0
APP008839,2023-01-27,Train,Other,36000,12,Branch,NSW,Full-Time,90488.47,0.0258,592,Standard,Approve - Standard Terms,0
APP008247,2023-11-16,Train,Debt Consolidation,30000,60,Online,QLD,Part-Time,43535.48,0.019,601,Preferred,Approve - Preferred Pricing,0
APP007178,2023-01-14,Train,Other,12500,60,Broker,QLD,Full-Time,64500.73,0.0542,570,High Risk - Refer,Refer to Manual Underwriting,0
APP005825,2023-02-24,Train,Travel,34500,36,Online,NSW,Self-Employed,83379.81,0.0229,595,Standard,Approve - Standard Terms,0
APP008506,2023-05-31,Train,Home Renovation,26000,48,Online,NSW,Full-Time,77195.6,0.0258,592,Standard,Approve - Standard Terms,0
APP007044,2023-12-10,Train,Debt Consolidation,24500,24,Broker,NSW,Full-Time,78261.12,0.0236,595,Standard,Approve - Standard Terms,0
APP005324,2023-05-04,Train,Travel,2500,60,Broker,NSW,Self-Employed,108528.89,0.0167,605,Premium,Approve - Premium Pricing,0
APP004971,2024-03-01,Train,Wedding,14000,36,Online,NSW,Part-Time,32209.34,0.0909,554,Decline,Decline,0
APP005995,2024-03-21,Train,Car Purchase,14000,36,Broker,NSW,Full-Time,103182.58,0.0474,574,High Risk - Refer,Refer to Manual Underwriting,0
APP002424,2023-02-26,Train,Debt Consolidation,17000,24,Online,QLD,Full-Time,68882.68,0.0258,592,Standard,Approve - Standard Terms,0
APP000822,2023-11-23,Train,Car Purchase,49000,36,Online,WA,Part-Time,38816.16,0.0297,588,Standard,Approve - Standard Terms,0
APP003550,2024-03-05,Train,Debt Consolidation,42500,48,Online,NSW,Self-Employed,44388.52,0.0209,598,Preferred,Approve - Preferred Pricing,0
APP008054,2023-12-15,Train,Debt Consolidation,35000,12,Online,NSW,Full-Time,77137.64,0.0258,592,Standard,Approve - Standard Terms,0
APP007961,2023-07-29,Train,Travel,46000,36,Branch,QLD,Part-Time,50185.08,0.0297,588,Standard,Approve - Standard Terms,0
APP008849,2023-12-10,Train,Home Renovation,2500,36,Branch,VIC,Self-Employed,71738.26,0.0167,605,Premium,Approve - Premium Pricing,0
APP008884,2023-08-26,Train,Car Purchase,2000,36,Online,NSW,Self-Employed,84242.07,0.0167,605,Premium,Approve - Premium Pricing,0
APP008170,2023-06-15,Train,Car Purchase,50000,36,Online,QLD,Part-Time,46208.84,0.037,581,High Risk - Refer,Refer to Manual Underwriting,0
APP006913,2024-03-30,Train,Medical,14000,24,Online,SA,Self-Employed,51394.18,0.0167,605,Premium,Approve - Premium Pricing,0
APP007371,2023-10-12,Train,Other,43000,24,Online,WA,Full-Time,56562.29,0.0227,596,Standard,Approve - Standard Terms,0
APP006049,2023-12-07,Train,Travel,29500,36,Broker,NSW,Full-Time,81429.96,0.0276,590,Standard,Approve - Standard Terms,0
APP007095,2023-10-21,Train,Other,45500,24,Online,NSW,Full-Time,106379.04,0.0236,595,Standard,Approve - Standard Terms,0
APP004607,2023-09-26,Train,Car Purchase,2000,60,Online,WA,Full-Time,53487.73,0.0236,595,Standard,Approve - Standard Terms,0
APP002862,2023-01-01,Train,Debt Consolidation,6000,36,Branch,QLD,Full-Time,56936.57,0.0243,594,Standard,Approve - Standard Terms,0
APP006807,2023-07-30,Train,Medical,37000,36,Online,VIC,Full-Time,89559.64,0.0236,595,Standard,Approve - Standard Terms,0
APP001851,2023-08-21,Train,Travel,32000,24,Broker,WA,Full-Time,83525.63,0.0276,590,Standard,Approve - Standard Terms,0
APP004105,2023-09-23,Train,Home Renovation,26000,12,Branch,NSW,Full-Time,68337.0,0.0542,570,High Risk - Refer,Refer to Manual Underwriting,0
APP004227,2023-09-14,Train,Travel,4000,60,Broker,NSW,Full-Time,79455.83,0.0189,601,Preferred,Approve - Preferred Pricing,0
APP000512,2023-06-19,Train,Wedding,12500,24,Online,NSW,Full-Time,73209.56,0.0303,587,Standard,Approve - Standard Terms,0
APP006696,2023-06-01,Train,Car Purchase,9000,36,Branch,VIC,Full-Time,65800.73,0.0189,601,Preferred,Approve - Preferred Pricing,0
APP001636,2023-12-23,Train,Car Purchase,22000,36,Online,NSW,Part-Time,43458.76,0.0245,593,Standard,Approve - Standard Terms,0
APP007445,2023-02-20,Train,Wedding,17000,36,Online,VIC,Full-Time,63848.97,0.0177,603,Preferred,Approve - Preferred Pricing,0
APP001774,2023-12-29,Train,Travel,8000,12,Branch,SA,Full-Time,46097.03,0.0236,595,Standard,Approve - Standard Terms,0
APP002673,2023-04-29,Train,Travel,50000,36,Online,VIC,Casual,36894.43,0.0258,592,Standard,Approve - Standard Terms,0
APP003307,2023-07-13,Train,Car Purchase,44000,36,Online,VIC,Full-Time,54785.1,0.0243,594,Standard,Approve - Standard Terms,0
APP008167,2023-10-24,Train,Car Purchase,38500,24,Broker,QLD,Casual,34200.12,0.0738,560,Decline,Decline,1
APP003667,2023-02-12,Train,Travel,46000,24,Online,WA,Full-Time,60829.36,0.0623,565,Decline,Decline,0
APP007372,2023-06-24,Train,Debt Consolidation,12000,60,Broker,QLD,Full-Time,126498.81,0.0189,601,Preferred,Approve - Preferred Pricing,0
APP008641,2023-12-27,Train,Home Renovation,40500,36,Online,NSW,Full-Time,42203.29,0.0177,603,Preferred,Approve - Preferred Pricing,0
APP007576,2024-02-08,Train,Medical,15000,36,Online,NSW,Self-Employed,67952.93,0.0289,588,Standard,Approve - Standard Terms,0
APP006635,2023-10-12,Train,Debt Consolidation,19000,60,Online,QLD,Part-Time,50250.37,0.0203,599,Preferred,Approve - Preferred Pricing,0
APP002531,2023-12-19,Train,Home Renovation,18000,36,Online,ACT,Full-Time,83856.12,0.0189,601,Preferred,Approve - Preferred Pricing,0
APP007591,2023-02-07,Train,Other,47500,48,Online,QLD,Part-Time,44121.63,0.058,568,High Risk - Refer,Refer to Manual Underwriting,0
APP006589,2024-01-28,Train,Car Purchase,17000,36,Online,VIC,Full-Time,130437.68,0.0189,601,Preferred,Approve - Preferred Pricing,0
APP003930,2023-05-19,Train,Debt Consolidation,23000,36,Online,QLD,Full-Time,55498.83,0.0258,592,Standard,Approve - Standard Terms,0
APP006568,2023-12-17,Train,Home Renovation,36000,36,Branch,VIC,Self-Employed,35507.56,0.035,583,High Risk - Refer,Refer to Manual Underwriting,0
APP001997,2023-05-21,Train,Debt Consolidation,24500,60,Online,NSW,Part-Time,38491.79,0.037,581,High Risk - Refer,Refer to Manual Underwriting,0
APP005152,2023-05-19,Train,Debt Consolidation,27500,12,Online,NSW,Full-Time,45084.13,0.0344,583,High Risk - Refer,Refer to Manual Underwriting,0
APP004728,2023-03-06,Train,Travel,31500,24,Branch,SA,Full-Time,74657.86,0.0542,570,High Risk - Refer,Refer to Manual Underwriting,0
APP004597,2023-07-14,Train,Debt Consolidation,16000,24,Online,NSW,Full-Time,98220.28,0.0481,573,High Risk - Refer,Refer to Manual Underwriting,0
APP001956,2024-02-25,Train,Debt Consolidation,49500,48,Broker,VIC,Full-Time,57086.36,0.0623,565,Decline,Decline,0
APP002208,2023-09-18,Train,Debt Consolidation,6000,36,Branch,QLD,Self-Employed,32081.33,0.0269,591,Standard,Approve - Standard Terms,0
APP008066,2023-12-01,Train,Car Purchase,28500,36,Branch,NSW,Full-Time,69330.11,0.0276,590,Standard,Approve - Standard Terms,0
APP007473,2023-08-09,Train,Wedding,15000,24,Broker,NSW,Full-Time,115113.45,0.0189,601,Preferred,Approve - Preferred Pricing,0
APP000713,2024-03-25,Train,Car Purchase,18500,24,Broker,VIC,Full-Time,131406.81,0.0236,595,Standard,Approve - Standard Terms,0
APP003089,2023-02-16,Train,Wedding,26500,36,Branch,NSW,Full-Time,32006.15,0.0227,596,Standard,Approve - Standard Terms,0
APP003050,2023-10-19,Train,Debt Consolidation,6500,36,Broker,NSW,Full-Time,98560.96,0.0177,603,Preferred,Approve - Preferred Pricing,0
APP003494,2023-01-15,Train,Car Purchase,12500,48,Branch,VIC,Full-Time,108519.57,0.0189,601,Preferred,Approve - Preferred Pricing,0
APP006664,2024-03-07,Train,Debt Consolidation,17000,24,Online,VIC,Self-Employed,63041.16,0.0167,605,Premium,Approve - Premium Pricing,0
APP005579,2024-03-16,Train,Debt Consolidation,17500,48,Online,QLD,Full-Time,62576.82,0.0845,556,Decline,Decline,0
APP002716,2023-10-26,Train,Debt Consolidation,18500,36,Broker,QLD,Full-Time,31901.99,0.0303,587,Standard,Approve - Standard Terms,0
APP003331,2023-09-08,Train,Travel,38000,36,Branch,NSW,Full-Time,81171.12,0.0177,603,Preferred,Approve - Preferred Pricing,0
APP003512,2023-06-05,Train,Home Renovation,27500,48,Branch,WA,Full-Time,63485.82,0.0765,559,Decline,Decline,1
APP002544,2024-02-16,Train,Car Purchase,14000,36,Branch,VIC,Part-Time,43025.34,0.0254,592,Standard,Approve - Standard Terms,0
APP004673,2023-08-15,Train,Home Renovation,42500,24,Online,NSW,Full-Time,45084.13,0.0276,590,Standard,Approve - Standard Terms,0
APP008769,2023-09-14,Train,Debt Consolidation,30500,48,Broker,WA,Full-Time,54452.39,0.0236,595,Standard,Approve - Standard Terms,0
APP004602,2024-02-20,Train,Debt Consolidation,10000,12,Branch,SA,Full-Time,86695.17,0.0258,592,Standard,Approve - Standard Terms,0
APP000807,2024-01-14,Train,Wedding,44000,48,Broker,WA,Full-Time,46943.28,0.054,570,High Risk - Refer,Refer to Manual Underwriting,0
APP002223,2023-09-17,Train,Debt Consolidation,40000,24,Online,SA,Part-Time,61340.32,0.037,581,High Risk - Refer,Refer to Manual Underwriting,0
APP005263,2023-10-03,Train,Home Renovation,9000,60,Online,VIC,Casual,36892.44,0.0258,592,Standard,Approve - Standard Terms,0
APP006217,2024-02-23,Train,Debt Consolidation,22000,36,Online,NSW,Full-Time,106620.84,0.0189,601,Preferred,Approve - Preferred Pricing,0
APP008931,2023-08-24,Train,Car Purchase,6500,48,Branch,VIC,Part-Time,43564.61,0.0203,599,Preferred,Approve - Preferred Pricing,0
APP003802,2024-02-12,Train,Medical,23500,36,Online,NSW,Full-Time,82948.14,0.0276,590,Standard,Approve - Standard Terms,0
APP002666,2023-10-12,Train,Medical,22000,36,Online,NSW,Part-Time,57902.34,0.0203,599,Preferred,Approve - Preferred Pricing,0
APP005265,2023-02-11,Train,Home Renovation,29000,60,Online,NSW,Part-Time,30858.12,0.0278,590,Standard,Approve - Standard Terms,0
APP008734,2023-01-13,Train,Travel,39000,12,Branch,NSW,Full-Time,82098.61,0.0227,596,Standard,Approve - Standard Terms,0
APP007078,2023-08-21,Train,Wedding,13500,48,Broker,NSW,Part-Time,33459.65,0.058,568,High Risk - Refer,Refer to Manual Underwriting,0
APP003266,2023-03-11,Train,Travel,14500,48,Broker,NSW,Part-Time,23428.71,0.0639,565,Decline,Decline,0
APP005463,2023-12-12,Train,Debt Consolidation,5000,60,Broker,VIC,Full-Time,45182.99,0.0227,596,Standard,Approve - Standard Terms,0
APP005970,2023-11-11,Train,Wedding,29500,60,Online,SA,Full-Time,57098.35,0.0623,565,Decline,Decline,0
APP003488,2023-05-10,Train,Debt Consolidation,44500,36,Broker,NSW,Full-Time,87436.62,0.0243,594,Standard,Approve - Standard Terms,0
APP007666,2023-01-20,Train,Wedding,42000,60,Online,WA,Unemployed,15000.0,0.141,539,Decline,Decline,0
APP002728,2023-01-03,Train,Home Renovation,14000,24,Online,VIC,Part-Time,42794.02,0.0798,558,Decline,Decline,0
APP006591,2023-02-10,Train,Car Purchase,7500,60,Branch,QLD,Casual,29744.58,0.0227,596,Preferred,Approve - Preferred Pricing,0
APP007508,2023-01-16,Train,Other,43500,36,Broker,ACT,Full-Time,126523.74,0.0189,601,Preferred,Approve - Preferred Pricing,0
APP003873,2024-02-15,Train,Other,7000,24,Broker,QLD,Casual,48808.91,0.0344,583,Standard,Approve - Standard Terms,0
APP000622,2024-02-23,Train,Car Purchase,49000,36,Online,VIC,Full-Time,99150.63,0.0189,601,Preferred,Approve - Preferred Pricing,0
APP001769,2023-02-12,Train,Home Renovation,30500,48,Online,SA,Casual,34941.4,0.0542,570,High Risk - Refer,Refer to Manual Underwriting,0
APP000984,2023-08-21,Train,Car Purchase,8500,24,Online,VIC,Full-Time,114581.07,0.0177,603,Preferred,Approve - Preferred Pricing,0
APP005219,2024-01-25,Train,Car Purchase,34500,24,Online,NSW,Part-Time,44980.93,0.0254,592,Standard,Approve - Standard Terms,0
APP004012,2023-12-26,Train,Home Renovation,47500,48,Broker,VIC,Full-Time,66571.29,0.0344,583,High Risk - Refer,Refer to Manual Underwriting,0
APP007972,2023-12-14,Train,Debt Consolidation,14500,36,Online,NSW,Full-Time,118167.04,0.0177,603,Preferred,Approve - Preferred Pricing,0
APP000281,2023-09-17,Train,Home Renovation,34000,36,Broker,VIC,Full-Time,88323.72,0.0177,603,Preferred,Approve - Preferred Pricing,0
APP007231,2024-01-26,Train,Wedding,6500,48,Online,VIC,Full-Time,98370.05,0.0344,583,High Risk - Refer,Refer to Manual Underwriting,0
APP003080,2023-04-06,Train,Car Purchase,34500,36,Branch,QLD,Full-Time,93997.83,0.0344,583,High Risk - Refer,Refer to Manual Underwriting,0
APP008634,2023-09-09,Train,Car Purchase,32000,48,Branch,QLD,Self-Employed,39281.72,0.0269,591,Standard,Approve - Standard Terms,0
APP001244,2023-07-16,Train,Wedding,24500,12,Branch,VIC,Casual,42348.27,0.0491,573,High Risk - Refer,Refer to Manual Underwriting,0
APP008438,2023-05-29,Train,Debt Consolidation,27500,24,Online,NSW,Full-Time,79232.77,0.0236,595,Standard,Approve - Standard Terms,0
APP001243,2023-01-15,Train,Debt Consolidation,32500,24,Online,QLD,Full-Time,86075.02,0.0177,603,Preferred,Approve - Preferred Pricing,0
APP005046,2024-02-25,Train,Home Renovation,39500,36,Broker,VIC,Casual,34396.65,0.054,570,High Risk - Refer,Refer to Manual Underwriting,0
APP004474,2024-02-05,Train,Wedding,46500,60,Online,WA,Self-Employed,99917.33,0.0229,595,Standard,Approve - Standard Terms,0
APP007813,2023-09-13,Train,Medical,10500,24,Branch,WA,Full-Time,103565.09,0.0189,601,Preferred,Approve - Preferred Pricing,0
APP008204,2023-07-29,Train,Home Renovation,17000,48,Broker,WA,Full-Time,44216.99,0.0344,583,High Risk - Refer,Refer to Manual Underwriting,0
APP007544,2023-12-31,Train,Home Renovation,50000,48,Online,NSW,Full-Time,76199.94,0.0227,596,Standard,Approve - Standard Terms,0
APP000672,2024-03-15,Train,Debt Consolidation,47000,48,Online,VIC,Full-Time,79081.64,0.054,570,High Risk - Refer,Refer to Manual Underwriting,0
APP000962,2023-12-06,Train,Debt Consolidation,6500,60,Online,QLD,Full-Time,91119.93,0.0344,583,High Risk - Refer,Refer to Manual Underwriting,0
APP004429,2023-07-18,Train,Home Renovation,30500,48,Online,VIC,Full-Time,86283.06,0.0344,583,High Risk - Refer,Refer to Manual Underwriting,0
APP004745,2023-04-14,Train,Travel,20500,60,Online,VIC,Self-Employed,109451.8,0.0529,570,High Risk - Refer,Refer to Manual Underwriting,0
APP003336,2024-01-17,Train,Home Renovation,18000,12,Broker,SA,Full-Time,76106.34,0.0236,595,Standard,Approve - Standard Terms,1
APP007735,2023-05-11,Train,Debt Consolidation,29000,24,Broker,QLD,Full-Time,37724.49,0.0344,583,High Risk - Refer,Refer to Manual Underwriting,0
APP008818,2023-10-06,Train,Home Renovation,29500,24,Broker,NSW,Full-Time,56763.01,0.0326,585,Standard,Approve - Standard Terms,0
APP007655,2023-02-17,Train,Other,33000,24,Online,QLD,Full-Time,55927.46,0.0177,603,Preferred,Approve - Preferred Pricing,0
APP008582,2024-01-10,Train,Travel,19000,60,Online,VIC,Full-Time,83021.15,0.0276,590,Standard,Approve - Standard Terms,0
APP004941,2023-01-02,Train,Car Purchase,49500,12,Branch,NSW,Full-Time,92262.91,0.0236,595,Standard,Approve - Standard Terms,0
APP006628,2023-12-03,Train,Car Purchase,19000,24,Broker,NSW,Full-Time,104990.84,0.0177,603,Preferred,Approve - Preferred Pricing,0
APP005235,2023-06-01,Train,Debt Consolidation,30000,12,Online,VIC,Part-Time,44787.68,0.0707,561,Decline,Decline,0
APP004885,2023-01-31,Train,Car Purchase,42500,48,Online,QLD,Part-Time,44144.56,0.0261,592,Standard,Approve - Standard Terms,0
APP005561,2024-02-08,Train,Car Purchase,30000,36,Branch,NSW,Full-Time,53917.49,0.0344,583,High Risk - Refer,Refer to Manual Underwriting,0
APP005697,2023-08-08,Train,Debt Consolidation,42000,48,Online,VIC,Full-Time,59734.93,0.0303,587,Standard,Approve - Standard Terms,0
APP002309,2023-08-03,Train,Car Purchase,21000,12,Broker,TAS,Full-Time,95333.7,0.0236,595,Standard,Approve - Standard Terms,0
APP000245,2024-01-21,Train,Wedding,44500,24,Branch,NSW,Full-Time,109600.42,0.0276,590,Standard,Approve - Standard Terms,0
APP005428,2023-06-13,Train,Wedding,30500,24,Broker,NSW,Part-Time,22330.86,0.0466,574,High Risk - Refer,Refer to Manual Underwriting,0
APP001706,2023-08-01,Train,Home Renovation,28500,12,Branch,VIC,Casual,38562.11,0.0481,573,High Risk - Refer,Refer to Manual Underwriting,0
APP003295,2023-05-05,Train,Wedding,19500,48,Broker,TAS,Full-Time,81858.33,0.0258,592,Standard,Approve - Standard Terms,0
APP008439,2023-05-29,Train,Wedding,31000,60,Broker,VIC,Self-Employed,72449.09,0.0167,605,Premium,Approve - Premium Pricing,0
APP002740,2023-11-21,Train,Wedding,39500,24,Branch,WA,Unemployed,25282.75,0.1017,550,Decline,Decline,0
APP004090,2024-01-31,Train,Medical,11500,12,Online,WA,Full-Time,59437.86,0.0562,569,High Risk - Refer,Refer to Manual Underwriting,0
APP000832,2023-11-13,Train,Other,23500,24,Broker,QLD,Full-Time,111113.64,0.0276,590,Standard,Approve - Standard Terms,0
APP000216,2023-01-21,Train,Medical,26000,48,Online,WA,Full-Time,51972.34,0.0433,576,High Risk - Refer,Refer to Manual Underwriting,0
APP008850,2023-04-08,Train,Car Purchase,8000,12,Online,NSW,Full-Time,51513.86,0.0258,592,Standard,Approve - Standard Terms,0
APP000541,2024-02-13,Train,Travel,30500,60,Online,NSW,Self-Employed,79698.33,0.0167,605,Premium,Approve - Premium Pricing,0
APP002893,2023-10-13,Train,Medical,13000,60,Online,NSW,Full-Time,77195.6,0.0258,592,Standard,Approve - Standard Terms,0
APP001153,2023-01-25,Train,Car Purchase,4000,60,Online,NSW,Full-Time,108101.34,0.0189,601,Preferred,Approve - Preferred Pricing,0
APP002964,2023-06-08,Train,Debt Consolidation,14000,36,Online,VIC,Full-Time,63884.45,0.0562,569,High Risk - Refer,Refer to Manual Underwriting,0
APP008906,2023-01-01,Train,Debt Consolidation,11000,12,Broker,NSW,Self-Employed,73260.18,0.0215,597,Preferred,Approve - Preferred Pricing,1
APP004621,2023-12-01,Train,Car Purchase,11000,24,Online,VIC,Full-Time,123008.63,0.0189,601,Preferred,Approve - Preferred Pricing,0
APP005836,2023-04-25,Train,Car Purchase,11000,12,Branch,VIC,Full-Time,77140.68,0.0424,577,High Risk - Refer,Refer to Manual Underwriting,0
APP002076,2023-12-17,Train,Other,41000,36,Online,ACT,Full-Time,78724.19,0.0885,554,Decline,Decline,0
APP005504,2023-08-21,Train,Home Renovation,19500,48,Online,VIC,Self-Employed,68978.85,0.0201,599,Preferred,Approve - Preferred Pricing,0
APP004509,2023-01-31,Train,Medical,32000,60,Broker,VIC,Full-Time,71424.14,0.0258,592,Standard,Approve - Standard Terms,0
APP007017,2023-11-14,Train,Debt Consolidation,24000,48,Broker,SA,Casual,29866.39,0.0344,583,Standard,Approve - Standard Terms,0
APP002300,2023-07-23,Train,Travel,11500,36,Branch,VIC,Full-Time,62654.34,0.0189,601,Preferred,Approve - Preferred Pricing,0
APP008396,2023-06-09,Train,Car Purchase,47000,48,Online,VIC,Full-Time,43221.12,0.0227,596,Standard,Approve - Standard Terms,0
APP000321,2023-06-02,Train,Car Purchase,17000,60,Online,NSW,Full-Time,60074.54,0.1036,549,Decline,Decline,0
APP005784,2023-02-21,Train,Home Renovation,41000,24,Broker,SA,Full-Time,46065.19,0.0236,595,Standard,Approve - Standard Terms,0
APP004951,2024-03-10,Train,Travel,5000,60,Broker,QLD,Full-Time,66647.62,0.0258,592,Standard,Approve - Standard Terms,0
APP004643,2023-03-03,Train,Car Purchase,29500,24,Branch,SA,Full-Time,121393.68,0.0344,583,High Risk - Refer,Refer to Manual Underwriting,0
APP008727,2023-01-08,Train,Debt Consolidation,2500,36,Broker,NSW,Full-Time,86865.37,0.0394,579,High Risk - Refer,Refer to Manual Underwriting,0
APP003670,2024-02-01,Train,Debt Consolidation,37000,36,Branch,NSW,Full-Time,91288.17,0.0177,603,Preferred,Approve - Preferred Pricing,0
APP001871,2023-04-04,Train,Home Renovation,25000,48,Branch,WA,Full-Time,94227.41,0.0227,596,Standard,Approve - Standard Terms,0
APP000231,2023-08-23,Train,Debt Consolidation,39000,24,Broker,QLD,Part-Time,26836.08,0.037,581,High Risk - Refer,Refer to Manual Underwriting,0
APP006289,2023-09-02,Train,Car Purchase,24000,36,Broker,NSW,Full-Time,59605.7,0.0227,596,Standard,Approve - Standard Terms,0
APP002339,2023-12-15,Train,Home Renovation,27500,24,Broker,QLD,Full-Time,96270.9,0.0344,583,High Risk - Refer,Refer to Manual Underwriting,0
APP000381,2023-01-29,Train,Debt Consolidation,26000,36,Online,VIC,Self-Employed,35653.24,0.0927,553,Decline,Decline,0
APP008872,2023-07-07,Train,Car Purchase,43000,60,Online,NSW,Part-Time,36685.62,0.0254,592,Standard,Approve - Standard Terms,0
APP008423,2023-11-21,Train,Debt Consolidation,47000,24,Branch,WA,Part-Time,40829.78,0.0603,566,Decline,Decline,0
APP007089,2024-02-25,Train,Debt Consolidation,17500,36,Broker,NSW,Full-Time,67571.16,0.0189,601,Preferred,Approve - Preferred Pricing,0
APP001932,2024-01-02,Train,Debt Consolidation,17000,12,Broker,VIC,Self-Employed,47573.91,0.0209,598,Preferred,Approve - Preferred Pricing,0
APP004056,2023-03-03,Train,Debt Consolidation,48500,24,Branch,NSW,Full-Time,44212.06,0.0394,579,High Risk - Refer,Refer to Manual Underwriting,1
APP002388,2023-11-21,Train,Travel,44000,12,Online,VIC,Casual,37199.8,0.0562,569,High Risk - Refer,Refer to Manual Underwriting,0
APP000908,2023-03-20,Train,Home Renovation,20500,24,Broker,NSW,Full-Time,87401.45,0.1346,541,Decline,Decline,0
APP002842,2023-10-11,Train,Travel,39500,60,Online,NSW,Full-Time,51235.44,0.0236,595,Standard,Approve - Standard Terms,0
APP006125,2023-11-22,Train,Car Purchase,18000,24,Online,VIC,Self-Employed,92327.41,0.035,583,High Risk - Refer,Refer to Manual Underwriting,0
APP005163,2023-07-31,Train,Car Purchase,25500,60,Online,QLD,Full-Time,94447.27,0.0344,583,High Risk - Refer,Refer to Manual Underwriting,0
APP005286,2023-03-21,Train,Wedding,17000,12,Broker,TAS,Full-Time,64793.97,0.0258,592,Standard,Approve - Standard Terms,0
APP002969,2023-03-02,Train,Car Purchase,11500,36,Online,WA,Full-Time,97478.17,0.0276,590,Standard,Approve - Standard Terms,0
APP008356,2023-08-11,Train,Car Purchase,18000,36,Online,TAS,Full-Time,68023.95,0.0189,601,Preferred,Approve - Preferred Pricing,0
APP000022,2023-03-29,Train,Wedding,28500,24,Broker,QLD,Full-Time,64804.35,0.0303,587,Standard,Approve - Standard Terms,0
APP008965,2024-03-10,Train,Car Purchase,31000,36,Online,ACT,Full-Time,85939.03,0.0227,596,Standard,Approve - Standard Terms,0
APP004296,2023-06-09,Train,Other,5500,36,Broker,VIC,Self-Employed,114928.37,0.05,572,High Risk - Refer,Refer to Manual Underwriting,0
APP004629,2023-11-13,Train,Home Renovation,33000,36,Online,NSW,Full-Time,99032.37,0.0344,583,High Risk - Refer,Refer to Manual Underwriting,0
APP003991,2023-10-24,Train,Debt Consolidation,6000,48,Online,VIC,Full-Time,51565.33,0.0236,595,Standard,Approve - Standard Terms,0
APP002752,2023-12-25,Train,Wedding,8500,24,Broker,SA,Full-Time,68811.16,0.0542,570,High Risk - Refer,Refer to Manual Underwriting,0
APP002658,2023-11-14,Train,Home Renovation,34000,24,Online,QLD,Part-Time,45678.77,0.0424,577,High Risk - Refer,Refer to Manual Underwriting,0
APP000577,2023-05-30,Train,Car Purchase,6000,24,Online,VIC,Full-Time,86265.27,0.0344,583,High Risk - Refer,Refer to Manual Underwriting,0
APP000411,2023-01-28,Train,Travel,38500,48,Broker,VIC,Self-Employed,73087.43,0.0167,605,Premium,Approve - Premium Pricing,0
APP004292,2023-10-09,Train,Wedding,30000,48,Broker,NSW,Self-Employed,58565.02,0.0305,587,Standard,Approve - Standard Terms,0
APP005221,2023-11-09,Train,Travel,19500,36,Broker,VIC,Casual,63619.87,0.0344,583,Standard,Approve - Standard Terms,0
APP002426,2024-03-14,Train,Car Purchase,13000,12,Online,NSW,Full-Time,122113.73,0.0418,578,High Risk - Refer,Refer to Manual Underwriting,0
APP006028,2023-05-10,Train,Car Purchase,46000,48,Online,VIC,Part-Time,46435.35,0.0449,575,High Risk - Refer,Refer to Manual Underwriting,0
APP008974,2024-01-09,Train,Travel,40000,36,Broker,SA,Self-Employed,60882.19,0.0209,598,Preferred,Approve - Preferred Pricing,0
APP006168,2023-03-01,Train,Travel,27000,60,Broker,VIC,Full-Time,75971.19,0.0189,601,Preferred,Approve - Preferred Pricing,0
APP008540,2023-03-19,Train,Home Renovation,23500,60,Online,NSW,Full-Time,58885.44,0.0177,603,Preferred,Approve - Preferred Pricing,0
APP003944,2023-02-26,Train,Home Renovation,36500,24,Broker,VIC,Self-Employed,61047.28,0.0305,587,Standard,Approve - Standard Terms,0
APP001019,2023-08-31,Train,Home Renovation,43500,24,Online,NSW,Full-Time,85576.92,0.0227,596,Standard,Approve - Standard Terms,0
APP004261,2023-07-24,Train,Debt Consolidation,4000,24,Branch,QLD,Full-Time,103528.91,0.0177,603,Preferred,Approve - Preferred Pricing,0
APP007977,2023-12-19,Train,Debt Consolidation,10500,36,Branch,QLD,Self-Employed,78700.16,0.0699,562,Decline,Decline,0
APP008304,2023-08-10,Train,Medical,15500,60,Branch,NSW,Part-Time,26720.48,0.037,581,High Risk - Refer,Refer to Manual Underwriting,0
APP001640,2023-07-15,Train,Home Renovation,34500,24,Online,NSW,Part-Time,44621.87,0.0424,577,High Risk - Refer,Refer to Manual Underwriting,0
APP008726,2023-05-09,Train,Medical,12000,36,Online,NSW,Full-Time,67148.07,0.0177,603,Preferred,Approve - Preferred Pricing,0
APP005055,2023-10-08,Train,Car Purchase,9500,36,Online,NSW,Part-Time,20519.7,0.0278,590,Standard,Approve - Standard Terms,0
APP006512,2023-05-24,Train,Home Renovation,13500,60,Broker,QLD,Self-Employed,49974.22,0.0421,577,High Risk - Refer,Refer to Manual Underwriting,0
APP007748,2023-10-14,Train,Car Purchase,42000,36,Online,VIC,Full-Time,78441.54,0.0258,592,Standard,Approve - Standard Terms,0
APP003883,2023-06-02,Train,Travel,12000,36,Branch,QLD,Full-Time,96207.47,0.0344,583,High Risk - Refer,Refer to Manual Underwriting,0
APP006389,2024-02-05,Train,Debt Consolidation,40500,24,Online,VIC,Full-Time,98145.3,0.0189,601,Preferred,Approve - Preferred Pricing,0
APP006172,2023-11-09,Train,Wedding,36000,48,Online,NT,Part-Time,54962.3,0.019,601,Preferred,Approve - Preferred Pricing,0
APP005629,2024-01-22,Train,Travel,49500,36,Broker,VIC,Full-Time,93309.23,0.0189,601,Preferred,Approve - Preferred Pricing,0
APP008685,2023-01-03,Train,Home Renovation,36000,36,Branch,NSW,Self-Employed,50644.4,0.0269,591,Standard,Approve - Standard Terms,0
APP008451,2023-09-19,Train,Car Purchase,23500,48,Online,SA,Full-Time,91865.21,0.0177,603,Preferred,Approve - Preferred Pricing,0
APP008273,2023-10-26,Train,Debt Consolidation,49500,24,Online,VIC,Casual,30346.26,0.0394,579,High Risk - Refer,Refer to Manual Underwriting,0
APP000973,2023-12-31,Train,Debt Consolidation,36000,24,Online,NSW,Full-Time,69272.77,0.0326,585,Standard,Approve - Standard Terms,0
APP001492,2023-08-23,Train,Debt Consolidation,8500,36,Branch,VIC,Casual,30839.1,0.0276,590,Standard,Approve - Standard Terms,0
APP001601,2024-02-20,Train,Car Purchase,5000,48,Online,NSW,Casual,60557.3,0.0177,603,Premium,Approve - Premium Pricing,0
APP002086,2023-12-18,Train,Car Purchase,31500,24,Branch,QLD,Part-Time,43572.84,0.0203,599,Preferred,Approve - Preferred Pricing,0
APP004754,2023-10-21,Train,Debt Consolidation,25000,24,Branch,QLD,Full-Time,77829.82,0.0344,583,High Risk - Refer,Refer to Manual Underwriting,0
APP001018,2023-12-18,Train,Travel,12000,12,Online,SA,Full-Time,95462.9,0.0303,587,Standard,Approve - Standard Terms,0
APP005783,2023-05-16,Train,Wedding,22000,36,Online,NSW,Casual,43817.01,0.0236,595,Standard,Approve - Standard Terms,0
APP000019,2023-02-05,Train,Debt Consolidation,30500,36,Broker,NSW,Part-Time,35755.35,0.0203,599,Preferred,Approve - Preferred Pricing,0
APP006453,2024-02-27,Train,Debt Consolidation,44000,36,Online,WA,Full-Time,94967.33,0.0227,596,Standard,Approve - Standard Terms,0
APP005411,2023-01-10,Train,Debt Consolidation,12000,24,Broker,QLD,Full-Time,91982.38,0.0227,596,Standard,Approve - Standard Terms,0
APP003525,2024-03-26,Train,Debt Consolidation,13500,24,Online,NSW,Casual,63117.73,0.0177,603,Premium,Approve - Premium Pricing,0
APP000269,2023-04-18,Train,Car Purchase,29000,24,Branch,NSW,Full-Time,89259.97,0.0189,601,Preferred,Approve - Preferred Pricing,0
APP004639,2023-05-29,Train,Travel,23500,12,Online,QLD,Full-Time,82605.01,0.0491,573,High Risk - Refer,Refer to Manual Underwriting,0
APP007650,2023-03-18,Train,Car Purchase,26500,24,Online,QLD,Part-Time,43310.47,0.0326,585,Standard,Approve - Standard Terms,0
APP006178,2024-01-30,Train,Medical,11500,48,Online,VIC,Full-Time,60209.34,0.0474,574,High Risk - Refer,Refer to Manual Underwriting,0
APP004283,2023-10-07,Train,Debt Consolidation,21500,24,Online,QLD,Full-Time,107366.2,0.0344,583,High Risk - Refer,Refer to Manual Underwriting,0
APP001645,2024-02-09,Train,Car Purchase,44500,12,Broker,SA,Full-Time,52703.28,0.0258,592,Standard,Approve - Standard Terms,0
APP004213,2024-01-09,Train,Home Renovation,17500,48,Branch,WA,Casual,23785.88,0.0394,579,High Risk - Refer,Refer to Manual Underwriting,0
APP004814,2023-09-17,Train,Debt Consolidation,35500,36,Online,VIC,Full-Time,71663.02,0.0317,586,Standard,Approve - Standard Terms,0
APP007313,2023-10-27,Train,Car Purchase,28000,24,Broker,QLD,Full-Time,45338.53,0.0177,603,Preferred,Approve - Preferred Pricing,0
APP002374,2024-01-31,Train,Travel,41500,24,Online,NSW,Full-Time,88207.92,0.0177,603,Preferred,Approve - Preferred Pricing,0
APP005948,2023-09-28,Train,Home Renovation,36000,36,Online,NSW,Full-Time,87927.08,0.0339,584,Standard,Approve - Standard Terms,0
APP002681,2023-11-18,Train,Home Renovation,40500,24,Online,VIC,Full-Time,49657.49,0.0177,603,Preferred,Approve - Preferred Pricing,0
APP000651,2023-06-24,Train,Travel,6500,24,Broker,VIC,Unemployed,15000.0,0.3001,512,Decline,Decline,0
APP002960,2023-03-05,Train,Debt Consolidation,44500,60,Online,VIC,Self-Employed,103916.81,0.0229,595,Standard,Approve - Standard Terms,0
APP006693,2023-04-12,Train,Car Purchase,47500,36,Branch,NSW,Full-Time,59444.11,0.0177,603,Preferred,Approve - Preferred Pricing,0
APP001672,2023-03-13,Train,Home Renovation,43000,36,Broker,SA,Full-Time,19059.36,0.0189,601,Preferred,Approve - Preferred Pricing,0
APP000488,2023-08-26,Train,Travel,19500,48,Branch,WA,Casual,29910.88,0.0236,595,Standard,Approve - Standard Terms,0
APP006530,2023-04-03,Train,Car Purchase,32000,36,Online,NSW,Full-Time,83266.35,0.0258,592,Standard,Approve - Standard Terms,0
APP008074,2023-12-14,Train,Car Purchase,37000,36,Online,VIC,Full-Time,91674.04,0.0474,574,High Risk - Refer,Refer to Manual Underwriting,0
APP003791,2023-06-07,Train,Medical,32500,12,Branch,VIC,Full-Time,54409.76,0.0177,603,Preferred,Approve - Preferred Pricing,0
APP000212,2023-08-25,Train,Debt Consolidation,42000,60,Broker,NT,Full-Time,65762.0,0.0303,587,Standard,Approve - Standard Terms,0
APP004714,2023-10-31,Train,Home Renovation,12500,24,Broker,WA,Full-Time,80268.25,0.0177,603,Preferred,Approve - Preferred Pricing,0
APP006791,2023-10-06,Train,Debt Consolidation,14500,36,Broker,QLD,Casual,53449.69,0.0765,559,Decline,Decline,0
APP000890,2023-04-29,Train,Debt Consolidation,6000,12,Broker,VIC,Full-Time,82796.75,0.0344,583,High Risk - Refer,Refer to Manual Underwriting,0
APP000029,2023-03-31,Train,Home Renovation,47500,36,Broker,NSW,Unemployed,17464.45,0.3001,512,Decline,Decline,0
APP001607,2023-01-11,Train,Medical,21000,48,Online,VIC,Self-Employed,35507.56,0.0269,591,Standard,Approve - Standard Terms,0
APP000135,2024-03-23,Train,Car Purchase,14500,60,Online,QLD,Full-Time,44123.66,0.0227,596,Standard,Approve - Standard Terms,0
APP006127,2023-06-14,Train,Debt Consolidation,21000,60,Broker,NSW,Self-Employed,56593.05,0.0437,576,High Risk - Refer,Refer to Manual Underwriting,0
APP006760,2023-01-16,Train,Travel,40000,24,Online,NSW,Self-Employed,76284.32,0.0156,607,Premium,Approve - Premium Pricing,0
APP000023,2023-01-24,Train,Wedding,8500,12,Online,QLD,Full-Time,64713.96,0.0258,592,Standard,Approve - Standard Terms,0
APP000436,2023-01-22,Train,Medical,29500,36,Broker,QLD,Self-Employed,91619.42,0.035,583,High Risk - Refer,Refer to Manual Underwriting,0
APP003683,2024-02-02,Train,Debt Consolidation,13500,48,Branch,NSW,Part-Time,34984.13,0.0424,577,High Risk - Refer,Refer to Manual Underwriting,0
APP008239,2023-01-30,Train,Car Purchase,7500,48,Broker,QLD,Part-Time,36800.1,0.0254,592,Standard,Approve - Standard Terms,0
APP003072,2023-05-02,Train,Debt Consolidation,30500,36,Broker,WA,Part-Time,41737.95,0.019,601,Preferred,Approve - Preferred Pricing,0
APP002180,2023-07-05,Train,Medical,46500,48,Branch,VIC,Full-Time,114412.84,0.0276,590,Standard,Approve - Standard Terms,0
APP003465,2023-09-15,Train,Car Purchase,45500,48,Online,VIC,Full-Time,58860.51,0.0344,583,High Risk - Refer,Refer to Manual Underwriting,0
APP008627,2023-11-17,Train,Debt Consolidation,16000,12,Online,SA,Full-Time,81774.41,0.0177,603,Preferred,Approve - Preferred Pricing,0
APP004186,2024-01-17,Train,Wedding,28500,48,Online,ACT,Full-Time,65492.05,0.0189,601,Preferred,Approve - Preferred Pricing,0
APP002981,2023-07-05,Train,Other,21000,36,Online,WA,Part-Time,19676.2,0.0245,593,Standard,Approve - Standard Terms,0
APP000861,2023-04-28,Train,Travel,14500,60,Online,SA,Full-Time,59909.85,0.0303,587,Standard,Approve - Standard Terms,0
APP003799,2023-10-31,Train,Car Purchase,33000,36,Broker,NSW,Full-Time,85172.39,0.0177,603,Preferred,Approve - Preferred Pricing,0
APP008822,2023-10-03,Train,Travel,16500,36,Branch,QLD,Full-Time,80813.64,0.0189,601,Preferred,Approve - Preferred Pricing,0
APP001528,2023-02-04,Train,Medical,39000,36,Online,VIC,Full-Time,85156.74,0.0845,556,Decline,Decline,0
APP007020,2023-01-19,Train,Debt Consolidation,36500,60,Branch,NSW,Part-Time,59354.82,0.0585,567,High Risk - Refer,Refer to Manual Underwriting,1
APP007665,2023-05-16,Train,Medical,2000,24,Online,VIC,Full-Time,103679.86,0.0276,590,Standard,Approve - Standard Terms,0
APP003288,2023-05-25,Train,Car Purchase,43500,60,Broker,QLD,Full-Time,98824.25,0.0177,603,Preferred,Approve - Preferred Pricing,0
APP004047,2023-07-20,Train,Car Purchase,39000,36,Branch,WA,Unemployed,15000.0,0.1405,539,Decline,Decline,0
APP008321,2024-01-25,Train,Car Purchase,15500,48,Broker,NSW,Full-Time,53785.26,0.0189,601,Preferred,Approve - Preferred Pricing,0
APP007164,2023-05-28,Train,Medical,41500,36,Branch,VIC,Full-Time,82204.87,0.0189,601,Preferred,Approve - Preferred Pricing,0
APP004767,2023-12-25,Train,Car Purchase,33500,48,Broker,SA,Self-Employed,57876.9,0.035,583,High Risk - Refer,Refer to Manual Underwriting,0
APP003600,2023-01-20,Train,Wedding,12500,36,Online,QLD,Full-Time,68106.2,0.0189,601,Preferred,Approve - Preferred Pricing,0
APP001500,2023-08-26,Train,Wedding,4500,36,Broker,NSW,Full-Time,62648.79,0.0189,601,Preferred,Approve - Preferred Pricing,0
APP001292,2023-05-18,Train,Debt Consolidation,47000,48,Online,WA,Self-Employed,17740.84,0.1023,550,Decline,Decline,0
APP005414,2023-10-29,Train,Home Renovation,14000,24,Online,WA,Full-Time,61678.18,0.0236,595,Standard,Approve - Standard Terms,0
APP001519,2023-05-13,Train,Debt Consolidation,13000,60,Broker,NSW,Full-Time,65953.12,0.0189,601,Preferred,Approve - Preferred Pricing,0
APP000836,2023-06-23,Train,Car Purchase,9000,24,Online,NSW,Part-Time,51416.84,0.0297,588,Standard,Approve - Standard Terms,0
APP006003,2024-01-13,Train,Car Purchase,19500,24,Online,VIC,Full-Time,74752.16,0.0189,601,Preferred,Approve - Preferred Pricing,0
APP002092,2024-01-09,Train,Car Purchase,7000,24,Online,ACT,Casual,49982.79,0.0189,601,Preferred,Approve - Preferred Pricing,0
APP002101,2024-01-20,Train,Home Renovation,27500,24,Broker,QLD,Part-Time,34623.44,0.0254,592,Standard,Approve - Standard Terms,0
APP008859,2023-02-05,Train,Home Renovation,15000,36,Online,NSW,Part-Time,38888.83,0.0254,592,Standard,Approve - Standard Terms,0
APP002984,2024-01-08,Train,Home Renovation,20000,36,Online,NSW,Full-Time,78042.0,0.0236,595,Standard,Approve - Standard Terms,0
APP000323,2023-09-03,Train,Travel,19500,12,Broker,VIC,Casual,23359.14,0.0845,556,Decline,Decline,1
APP000273,2023-07-03,Train,Debt Consolidation,42000,24,Branch,ACT,Part-Time,42555.07,0.037,581,High Risk - Refer,Refer to Manual Underwriting,0
APP000476,2024-01-11,Train,Medical,34500,60,Branch,VIC,Full-Time,107762.28,0.0177,603,Preferred,Approve - Preferred Pricing,0
APP002910,2023-09-06,Train,Wedding,3000,48,Broker,NSW,Full-Time,53521.01,0.0227,596,Standard,Approve - Standard Terms,0
APP002353,2023-02-10,Train,Debt Consolidation,34000,36,Branch,WA,Casual,41585.45,0.0562,569,High Risk - Refer,Refer to Manual Underwriting,0
APP003963,2024-02-28,Train,Car Purchase,47000,48,Online,NSW,Part-Time,33201.9,0.0319,586,Standard,Approve - Standard Terms,1
APP008365,2023-12-27,Train,Travel,4500,36,Online,NSW,Full-Time,69032.77,0.0394,579,High Risk - Refer,Refer to Manual Underwriting,0
APP006582,2023-02-17,Train,Debt Consolidation,42500,48,Online,NSW,Unemployed,24117.15,0.1542,536,Decline,Decline,0
APP004268,2023-03-18,Train,Travel,37500,48,Branch,VIC,Full-Time,43456.21,0.0344,583,High Risk - Refer,Refer to Manual Underwriting,0
APP007286,2023-08-21,Train,Debt Consolidation,46500,48,Branch,QLD,Full-Time,84792.1,0.0276,590,Standard,Approve - Standard Terms,0
APP008707,2023-06-08,Train,Home Renovation,16500,36,Branch,NSW,Full-Time,92704.58,0.0177,603,Preferred,Approve - Preferred Pricing,0
APP001255,2023-06-20,Train,Wedding,26500,12,Branch,QLD,Full-Time,35765.76,0.0297,588,Standard,Approve - Standard Terms,0
APP004545,2023-07-20,Train,Debt Consolidation,24000,36,Online,VIC,Self-Employed,84060.37,0.0305,587,Standard,Approve - Standard Terms,0
APP000711,2023-05-17,Train,Debt Consolidation,46500,36,Broker,NSW,Part-Time,68299.63,0.0278,590,Standard,Approve - Standard Terms,0
APP000145,2023-08-23,Train,Car Purchase,23000,48,Online,VIC,Full-Time,146860.41,0.0258,592,Standard,Approve - Standard Terms,0
APP003240,2023-09-12,Train,Travel,36500,36,Branch,VIC,Full-Time,103290.27,0.0258,592,Standard,Approve - Standard Terms,0
APP003375,2024-01-22,Train,Debt Consolidation,48500,12,Online,VIC,Full-Time,75313.63,0.0189,601,Preferred,Approve - Preferred Pricing,0
APP007281,2023-10-10,Train,Other,47000,24,Online,QLD,Full-Time,15000.0,0.0418,578,High Risk - Refer,Refer to Manual Underwriting,1
APP004163,2023-07-31,Train,Car Purchase,49500,60,Online,TAS,Full-Time,82867.95,0.0189,601,Preferred,Approve - Preferred Pricing,0
APP004705,2023-12-31,Train,Car Purchase,39000,48,Broker,NSW,Casual,45206.53,0.0767,559,Decline,Decline,0
APP005489,2023-06-23,Train,Home Renovation,11000,36,Online,SA,Full-Time,115662.78,0.0474,574,High Risk - Refer,Refer to Manual Underwriting,0
APP000718,2023-03-03,Train,Car Purchase,29000,24,Broker,QLD,Casual,35151.21,0.0276,590,Standard,Approve - Standard Terms,0
APP001310,2023-09-03,Train,Wedding,21000,48,Broker,VIC,Full-Time,122181.79,0.0276,590,Standard,Approve - Standard Terms,0
APP005077,2023-02-13,Train,Car Purchase,14000,36,Broker,NSW,Unemployed,17916.46,0.2029,527,Decline,Decline,0
APP008113,2024-01-19,Train,Debt Consolidation,19000,36,Online,NSW,Full-Time,41077.45,0.0177,603,Preferred,Approve - Preferred Pricing,0
APP003804,2023-08-13,Train,Other,42500,24,Online,SA,Self-Employed,75510.94,0.0209,598,Preferred,Approve - Preferred Pricing,0
APP003821,2023-02-06,Train,Car Purchase,48500,24,Online,NSW,Full-Time,77575.66,0.0189,601,Preferred,Approve - Preferred Pricing,0
APP006185,2023-12-29,Train,Travel,19500,12,Online,VIC,Full-Time,70143.89,0.0227,596,Standard,Approve - Standard Terms,0
APP003032,2023-07-10,Train,Car Purchase,13500,12,Online,NSW,Part-Time,33201.9,0.037,581,High Risk - Refer,Refer to Manual Underwriting,0
APP005846,2023-09-03,Train,Car Purchase,11000,36,Online,QLD,Part-Time,43535.48,0.0297,588,Standard,Approve - Standard Terms,0
APP003311,2023-11-01,Train,Other,38000,24,Broker,NSW,Part-Time,66207.81,0.0424,577,High Risk - Refer,Refer to Manual Underwriting,0
APP006369,2023-11-05,Train,Travel,33000,12,Online,SA,Full-Time,77705.42,0.0276,590,Standard,Approve - Standard Terms,0
APP004075,2023-06-13,Train,Medical,12500,24,Online,NSW,Full-Time,94476.14,0.0189,601,Preferred,Approve - Preferred Pricing,0
APP007332,2023-03-13,Train,Debt Consolidation,6000,36,Branch,VIC,Full-Time,94918.13,0.0177,603,Preferred,Approve - Preferred Pricing,0
APP001053,2023-01-10,Train,Debt Consolidation,10000,48,Broker,QLD,Full-Time,77547.95,0.0303,587,Standard,Approve - Standard Terms,0
APP008716,2024-03-05,Train,Debt Consolidation,13000,60,Online,VIC,Part-Time,15000.0,0.037,581,High Risk - Refer,Refer to Manual Underwriting,0
APP000114,2024-03-05,Train,Debt Consolidation,45500,48,Online,QLD,Part-Time,53349.97,0.0792,558,Decline,Decline,0
APP005906,2023-06-26,Train,Travel,30000,36,Branch,NSW,Part-Time,36645.81,0.058,568,High Risk - Refer,Refer to Manual Underwriting,0
APP005684,2023-12-23,Train,Car Purchase,14000,48,Branch,VIC,Full-Time,39876.88,0.0344,583,High Risk - Refer,Refer to Manual Underwriting,0
APP006268,2023-06-29,Train,Travel,7500,24,Broker,VIC,Full-Time,96511.17,0.0303,587,Standard,Approve - Standard Terms,0
APP000336,2023-02-27,Train,Debt Consolidation,16500,12,Online,QLD,Full-Time,38108.25,0.0177,603,Preferred,Approve - Preferred Pricing,0
APP001060,2023-06-01,Train,Car Purchase,42500,36,Branch,VIC,Full-Time,51763.89,0.0623,565,Decline,Decline,0
APP002068,2023-03-19,Train,Debt Consolidation,29000,48,Broker,QLD,Full-Time,78833.09,0.054,570,High Risk - Refer,Refer to Manual Underwriting,0
APP003174,2024-03-04,Train,Travel,38000,12,Online,VIC,Unemployed,15000.0,0.1405,539,Decline,Decline,0
APP003648,2023-12-08,Train,Car Purchase,48500,48,Broker,NSW,Part-Time,47201.28,0.0297,588,Standard,Approve - Standard Terms,0
APP008521,2023-05-30,Train,Car Purchase,43000,24,Branch,SA,Full-Time,83391.0,0.0236,595,Standard,Approve - Standard Terms,0
APP005425,2023-07-09,Train,Travel,18000,48,Online,NSW,Full-Time,96070.14,0.0236,595,Standard,Approve - Standard Terms,0
APP002038,2023-01-29,Train,Home Renovation,29500,12,Online,SA,Self-Employed,104194.49,0.0167,605,Premium,Approve - Premium Pricing,0
APP006117,2023-05-17,Train,Debt Consolidation,45000,36,Broker,NSW,Full-Time,109403.44,0.0236,595,Standard,Approve - Standard Terms,1
APP008624,2023-01-14,Train,Medical,38000,48,Online,VIC,Self-Employed,35507.56,0.0167,605,Premium,Approve - Premium Pricing,0
APP003210,2023-12-19,Train,Debt Consolidation,39500,60,Branch,NSW,Full-Time,78331.09,0.0189,601,Preferred,Approve - Preferred Pricing,0
APP004799,2023-12-09,Train,Debt Consolidation,43500,60,Branch,NSW,Part-Time,38559.95,0.037,581,High Risk - Refer,Refer to Manual Underwriting,0
APP006955,2023-09-20,Train,Car Purchase,17500,36,Online,NSW,Full-Time,57624.97,0.0189,601,Preferred,Approve - Preferred Pricing,0
APP001967,2023-12-23,Train,Other,43500,48,Online,VIC,Part-Time,25422.88,0.0528,570,High Risk - Refer,Refer to Manual Underwriting,0
APP004439,2023-01-10,Train,Debt Consolidation,19000,60,Broker,VIC,Part-Time,36910.27,0.0438,576,High Risk - Refer,Refer to Manual Underwriting,0
APP002322,2023-02-04,Train,Home Renovation,41000,36,Broker,VIC,Full-Time,77025.57,0.0177,603,Preferred,Approve - Preferred Pricing,0
APP006450,2023-03-31,Train,Wedding,17000,48,Branch,NSW,Full-Time,58202.62,0.0177,603,Preferred,Approve - Preferred Pricing,0
APP007004,2024-01-17,Train,Travel,43500,36,Online,QLD,Casual,37311.46,0.0474,574,High Risk - Refer,Refer to Manual Underwriting,0
APP007770,2023-08-28,Train,Debt Consolidation,48000,24,Online,VIC,Full-Time,51046.28,0.0344,583,High Risk - Refer,Refer to Manual Underwriting,0
APP006748,2023-02-06,Train,Debt Consolidation,8500,24,Online,NSW,Full-Time,44392.55,0.0418,578,High Risk - Refer,Refer to Manual Underwriting,0
APP003117,2023-11-26,Train,Wedding,6500,36,Branch,NSW,Full-Time,120881.93,0.0189,601,Preferred,Approve - Preferred Pricing,0
APP000599,2023-05-12,Train,Debt Consolidation,25500,48,Broker,NSW,Full-Time,62285.57,0.0258,592,Standard,Approve - Standard Terms,0
APP005203,2023-07-15,Train,Debt Consolidation,31500,12,Online,WA,Full-Time,45029.77,0.0189,601,Preferred,Approve - Preferred Pricing,0
APP006360,2023-07-30,Train,Debt Consolidation,41000,60,Online,VIC,Casual,20071.42,0.0177,603,Premium,Approve - Premium Pricing,0
APP007170,2023-01-22,Train,Travel,43000,60,Broker,QLD,Full-Time,146646.37,0.0276,590,Standard,Approve - Standard Terms,0
APP000044,2023-07-03,Train,Debt Consolidation,48000,36,Branch,QLD,Casual,41889.86,0.0344,583,Standard,Approve - Standard Terms,0
APP004373,2023-05-19,Train,Medical,11500,60,Branch,NSW,Full-Time,109837.16,0.0276,590,Standard,Approve - Standard Terms,0
APP008281,2023-02-02,Train,Car Purchase,11000,48,Branch,VIC,Full-Time,101664.31,0.0258,592,Standard,Approve - Standard Terms,0
APP008117,2024-02-07,Train,Car Purchase,37000,24,Branch,NSW,Full-Time,54278.64,0.0236,595,Standard,Approve - Standard Terms,0
APP003736,2024-02-21,Train,Other,22500,60,Online,VIC,Full-Time,58785.51,0.0189,601,Preferred,Approve - Preferred Pricing,0
APP002614,2023-10-23,Train,Travel,44000,24,Online,NSW,Full-Time,75767.45,0.0227,596,Standard,Approve - Standard Terms,0
APP001970,2023-07-28,Train,Car Purchase,34000,48,Broker,WA,Full-Time,73810.02,0.1785,531,Decline,Decline,0
APP006137,2023-09-29,Train,Debt Consolidation,19000,48,Online,QLD,Full-Time,61108.04,0.0177,603,Preferred,Approve - Preferred Pricing,0
APP006838,2023-04-08,Train,Travel,26500,60,Online,QLD,Casual,29408.39,0.0344,583,Standard,Approve - Standard Terms,0
APP001981,2023-01-31,Train,Medical,5500,36,Broker,NSW,Part-Time,42930.98,0.037,581,High Risk - Refer,Refer to Manual Underwriting,0
APP000828,2024-03-13,Train,Other,31000,24,Online,QLD,Full-Time,80287.88,0.0258,592,Standard,Approve - Standard Terms,0
APP004874,2023-03-22,Train,Wedding,25500,48,Broker,QLD,Full-Time,49550.91,0.0474,574,High Risk - Refer,Refer to Manual Underwriting,0
APP005828,2023-05-22,Train,Home Renovation,28000,48,Online,NSW,Part-Time,41246.81,0.058,568,High Risk - Refer,Refer to Manual Underwriting,0
APP004352,2024-03-03,Train,Wedding,32000,60,Branch,WA,Full-Time,79875.74,0.0276,590,Standard,Approve - Standard Terms,0
APP001007,2023-09-07,Train,Debt Consolidation,22500,36,Online,VIC,Part-Time,25562.68,0.0254,592,Standard,Approve - Standard Terms,0
APP001982,2023-04-05,Train,Other,4500,48,Broker,VIC,Full-Time,15000.0,0.0394,579,High Risk - Refer,Refer to Manual Underwriting,0
APP008180,2023-03-16,Train,Debt Consolidation,43000,60,Branch,NSW,Full-Time,71519.16,0.0227,596,Standard,Approve - Standard Terms,0
APP004350,2023-01-22,Train,Travel,49500,60,Online,SA,Full-Time,74042.53,0.0189,601,Preferred,Approve - Preferred Pricing,0
APP007197,2023-09-04,Train,Debt Consolidation,37500,48,Branch,VIC,Self-Employed,59981.04,0.0229,595,Standard,Approve - Standard Terms,0
APP000929,2023-08-17,Train,Car Purchase,46000,36,Branch,NSW,Casual,33540.57,0.0243,594,Standard,Approve - Standard Terms,0
APP004123,2023-09-16,Train,Debt Consolidation,38000,12,Branch,VIC,Full-Time,81087.77,0.0227,596,Standard,Approve - Standard Terms,0
APP000942,2023-03-08,Train,Debt Consolidation,45500,48,Broker,VIC,Full-Time,112066.24,0.0344,583,High Risk - Refer,Refer to Manual Underwriting,0
APP003436,2023-12-30,Train,Medical,29000,36,Broker,QLD,Unemployed,21036.36,0.0657,564,Decline,Decline,0
APP003497,2023-01-15,Train,Debt Consolidation,49500,48,Online,NSW,Part-Time,35253.88,0.0603,566,Decline,Decline,0
APP002043,2023-09-06,Train,Car Purchase,6000,36,Online,WA,Unemployed,16092.37,0.1858,530,Decline,Decline,1
APP000692,2023-05-28,Train,Debt Consolidation,16000,24,Branch,WA,Full-Time,44702.39,0.0276,590,Standard,Approve - Standard Terms,0
APP005410,2023-05-06,Train,Medical,5000,12,Branch,NSW,Full-Time,69499.59,0.0258,592,Standard,Approve - Standard Terms,0
APP000662,2023-07-30,Train,Medical,24500,60,Online,NSW,Full-Time,110469.6,0.0236,595,Standard,Approve - Standard Terms,0
APP007032,2024-02-15,Train,Travel,36000,36,Broker,NSW,Full-Time,86622.84,0.0227,596,Standard,Approve - Standard Terms,0
APP008553,2023-01-24,Train,Car Purchase,2000,36,Online,QLD,Full-Time,102496.97,0.0189,601,Preferred,Approve - Preferred Pricing,0
APP006001,2023-05-21,Train,Car Purchase,22000,48,Online,NSW,Full-Time,108240.29,0.0297,588,Standard,Approve - Standard Terms,0
APP005037,2023-12-21,Train,Home Renovation,47000,24,Online,VIC,Full-Time,104817.05,0.054,570,High Risk - Refer,Refer to Manual Underwriting,0
APP004571,2024-03-16,Train,Car Purchase,49500,48,Broker,SA,Full-Time,76781.19,0.0474,574,High Risk - Refer,Refer to Manual Underwriting,0
APP004940,2023-05-26,Train,Wedding,25000,48,Branch,VIC,Part-Time,57343.52,0.037,581,High Risk - Refer,Refer to Manual Underwriting,0
APP006031,2023-06-03,Train,Debt Consolidation,38000,12,Branch,QLD,Full-Time,85065.89,0.0189,601,Preferred,Approve - Preferred Pricing,0
APP007716,2024-03-19,Train,Car Purchase,36500,36,Broker,VIC,Full-Time,15463.9,0.0394,579,High Risk - Refer,Refer to Manual Underwriting,0
APP004997,2023-03-10,Train,Home Renovation,30000,48,Online,NSW,Full-Time,62774.64,0.0394,579,High Risk - Refer,Refer to Manual Underwriting,0
APP007481,2024-01-17,Train,Other,31000,48,Broker,NT,Full-Time,49302.7,0.0177,603,Preferred,Approve - Preferred Pricing,0
APP006829,2024-03-03,Train,Debt Consolidation,33000,36,Online,NSW,Full-Time,123786.04,0.0189,601,Preferred,Approve - Preferred Pricing,0
APP004752,2024-01-30,Train,Home Renovation,36000,60,Online,QLD,Full-Time,97243.0,0.0258,592,Standard,Approve - Standard Terms,0
APP001426,2023-09-17,Train,Home Renovation,40500,12,Online,VIC,Full-Time,89826.82,0.0189,601,Preferred,Approve - Preferred Pricing,0
APP000220,2024-01-07,Train,Home Renovation,15000,36,Online,VIC,Full-Time,62654.34,0.1006,550,Decline,Decline,0
APP001460,2023-12-12,Train,Debt Consolidation,16500,36,Online,VIC,Full-Time,75356.82,0.0177,603,Preferred,Approve - Preferred Pricing,1
APP008588,2023-04-28,Train,Travel,44000,48,Branch,NSW,Casual,36257.45,0.0258,592,Standard,Approve - Standard Terms,0
APP001413,2023-03-24,Train,Car Purchase,6500,60,Broker,NSW,Full-Time,69994.32,0.0303,587,Standard,Approve - Standard Terms,0
APP000893,2023-01-01,Train,Wedding,8500,36,Broker,QLD,Full-Time,50591.47,0.0738,560,Decline,Decline,0
APP000723,2023-10-28,Train,Debt Consolidation,15000,48,Broker,NSW,Self-Employed,94028.93,0.0209,598,Preferred,Approve - Preferred Pricing,0
APP003130,2023-05-31,Train,Home Renovation,9000,24,Branch,SA,Self-Employed,68924.8,0.0305,587,Standard,Approve - Standard Terms,0
APP006979,2023-07-28,Train,Other,29500,48,Broker,QLD,Full-Time,62586.36,0.0344,583,High Risk - Refer,Refer to Manual Underwriting,1
APP004000,2024-01-12,Train,Debt Consolidation,13000,12,Branch,VIC,Full-Time,49670.3,0.0236,595,Standard,Approve - Standard Terms,0
APP003929,2024-01-14,Train,Car Purchase,25500,24,Online,VIC,Part-Time,46544.16,0.0278,590,Standard,Approve - Standard Terms,0
APP007743,2023-09-12,Train,Car Purchase,32000,24,Branch,VIC,Unemployed,25148.31,0.1405,539,Decline,Decline,0
APP002497,2023-11-03,Train,Debt Consolidation,18000,24,Online,VIC,Full-Time,48723.94,0.0765,559,Decline,Decline,0
APP000141,2023-02-23,Train,Travel,4500,24,Online,NSW,Full-Time,96933.28,0.0303,587,Standard,Approve - Standard Terms,1
APP007545,2023-03-28,Train,Other,36000,36,Online,NSW,Part-Time,61538.02,0.0245,593,Standard,Approve - Standard Terms,0
APP007933,2024-02-16,Train,Travel,39500,36,Broker,QLD,Full-Time,125056.02,0.0189,601,Preferred,Approve - Preferred Pricing,0
APP004892,2023-06-21,Train,Travel,30500,24,Broker,NSW,Full-Time,83274.19,0.1785,531,Decline,Decline,0
APP003609,2023-01-14,Train,Car Purchase,19000,12,Online,VIC,Full-Time,66866.4,0.0394,579,High Risk - Refer,Refer to Manual Underwriting,0
APP002577,2023-01-18,Train,Car Purchase,28000,36,Online,NSW,Full-Time,117870.39,0.0189,601,Preferred,Approve - Preferred Pricing,0
APP004376,2023-01-05,Train,Debt Consolidation,49500,60,Online,NSW,Full-Time,58433.03,0.0303,587,Standard,Approve - Standard Terms,0
APP002465,2023-10-13,Train,Debt Consolidation,23000,48,Branch,TAS,Full-Time,81309.16,0.0326,585,Standard,Approve - Standard Terms,0
APP005797,2023-04-25,Train,Home Renovation,16000,36,Branch,QLD,Full-Time,103960.96,0.0344,583,High Risk - Refer,Refer to Manual Underwriting,0
APP002157,2023-12-09,Train,Car Purchase,49000,24,Online,QLD,Full-Time,103193.95,0.0236,595,Standard,Approve - Standard Terms,0
APP005282,2023-05-15,Train,Debt Consolidation,5500,12,Broker,NSW,Full-Time,86238.01,0.0344,583,High Risk - Refer,Refer to Manual Underwriting,0
APP003938,2023-10-09,Train,Debt Consolidation,37500,24,Online,WA,Part-Time,75180.63,0.037,581,High Risk - Refer,Refer to Manual Underwriting,0
APP004395,2023-12-27,Train,Debt Consolidation,36500,60,Broker,VIC,Full-Time,59207.39,0.054,570,High Risk - Refer,Refer to Manual Underwriting,0
APP000166,2023-09-21,Train,Medical,23000,12,Online,WA,Full-Time,99599.25,0.0236,595,Standard,Approve - Standard Terms,0
APP008068,2023-04-18,Train,Debt Consolidation,43500,36,Branch,SA,Self-Employed,82541.22,0.0167,605,Premium,Approve - Premium Pricing,0
APP008999,2023-04-18,Train,Car Purchase,27000,24,Online,WA,Unemployed,18138.63,0.2029,527,Decline,Decline,0
APP008645,2024-02-12,Train,Car Purchase,32000,24,Online,QLD,Full-Time,88583.22,0.0491,573,High Risk - Refer,Refer to Manual Underwriting,0
APP003693,2023-12-23,Train,Wedding,46500,60,Broker,VIC,Full-Time,80786.95,0.0189,601,Preferred,Approve - Preferred Pricing,0
APP002720,2023-01-18,Train,Debt Consolidation,45500,48,Branch,QLD,Self-Employed,85689.92,0.0245,593,Standard,Approve - Standard Terms,0
APP001680,2023-01-09,Train,Travel,23500,12,Online,QLD,Full-Time,73647.0,0.0344,583,High Risk - Refer,Refer to Manual Underwriting,0
APP004401,2023-07-23,Train,Travel,37500,60,Online,QLD,Self-Employed,83606.55,0.0167,605,Premium,Approve - Premium Pricing,0
APP002513,2023-08-10,Train,Home Renovation,44500,48,Online,VIC,Full-Time,118604.32,0.0258,592,Standard,Approve - Standard Terms,0
APP002617,2024-03-19,Train,Debt Consolidation,29000,36,Branch,VIC,Casual,40100.08,0.0258,592,Standard,Approve - Standard Terms,0
APP001025,2024-02-07,Train,Medical,47000,24,Broker,QLD,Full-Time,88816.7,0.0243,594,Standard,Approve - Standard Terms,0
APP003156,2024-03-19,Train,Car Purchase,47000,24,Online,VIC,Full-Time,129131.22,0.0258,592,Standard,Approve - Standard Terms,0
APP008376,2023-08-23,Train,Medical,2500,36,Broker,QLD,Self-Employed,86140.03,0.0156,607,Premium,Approve - Premium Pricing,0
APP003814,2024-03-31,Train,Medical,42000,36,Branch,NSW,Full-Time,97534.21,0.0189,601,Preferred,Approve - Preferred Pricing,0
APP006446,2023-01-01,Train,Car Purchase,14000,12,Broker,VIC,Full-Time,104856.56,0.0303,587,Standard,Approve - Standard Terms,0
APP004549,2023-12-02,Train,Debt Consolidation,27000,24,Online,NSW,Full-Time,84982.37,0.0177,603,Preferred,Approve - Preferred Pricing,0
APP004269,2023-02-02,Train,Home Renovation,40000,60,Online,NSW,Self-Employed,48728.75,0.0156,607,Premium,Approve - Premium Pricing,0
APP006062,2024-03-11,Train,Home Renovation,49500,24,Online,NSW,Full-Time,88580.98,0.0189,601,Preferred,Approve - Preferred Pricing,0
APP005777,2024-02-09,Train,Home Renovation,27000,48,Broker,VIC,Full-Time,66599.03,0.054,570,High Risk - Refer,Refer to Manual Underwriting,0
APP003560,2023-07-09,Train,Car Purchase,33500,24,Broker,NSW,Part-Time,39856.51,0.037,581,High Risk - Refer,Refer to Manual Underwriting,1
APP006233,2023-11-12,Train,Car Purchase,48000,24,Online,QLD,Self-Employed,88667.31,0.0305,587,Standard,Approve - Standard Terms,0
APP002561,2024-01-12,Train,Home Renovation,32500,36,Broker,VIC,Self-Employed,32083.02,0.0305,587,Standard,Approve - Standard Terms,0
APP002366,2023-11-28,Train,Car Purchase,26000,12,Online,VIC,Full-Time,86861.63,0.0258,592,Standard,Approve - Standard Terms,0
APP006547,2024-03-16,Train,Car Purchase,3500,48,Broker,NSW,Full-Time,64566.89,0.0542,570,High Risk - Refer,Refer to Manual Underwriting,0
APP006367,2023-01-29,Train,Medical,34000,24,Online,QLD,Full-Time,56758.49,0.0227,596,Standard,Approve - Standard Terms,0
APP003717,2023-06-28,Train,Travel,46500,24,Broker,NSW,Casual,49300.35,0.0177,603,Premium,Approve - Premium Pricing,0
APP008445,2023-01-27,Train,Debt Consolidation,41500,48,Branch,NSW,Self-Employed,61364.74,0.0305,587,Standard,Approve - Standard Terms,0
APP002591,2023-02-01,Train,Travel,48500,60,Broker,VIC,Casual,21246.35,0.0394,579,High Risk - Refer,Refer to Manual Underwriting,0
APP008005,2023-05-08,Train,Home Renovation,13500,36,Branch,VIC,Full-Time,101932.6,0.0394,579,High Risk - Refer,Refer to Manual Underwriting,0
APP006395,2024-01-14,Train,Home Renovation,15000,24,Branch,VIC,Full-Time,65031.66,0.0258,592,Standard,Approve - Standard Terms,0
APP005976,2023-01-12,Train,Car Purchase,25500,48,Branch,VIC,Part-Time,47564.52,0.058,568,High Risk - Refer,Refer to Manual Underwriting,0
APP008594,2023-11-20,Train,Car Purchase,28000,36,Broker,WA,Casual,15000.0,0.0189,601,Preferred,Approve - Preferred Pricing,0
APP008305,2023-05-04,Train,Debt Consolidation,35000,36,Online,NT,Unemployed,18187.1,0.0894,554,Decline,Decline,0
APP002713,2023-05-25,Train,Car Purchase,15500,24,Branch,QLD,Full-Time,55687.52,0.0258,592,Standard,Approve - Standard Terms,0
APP004858,2023-05-05,Train,Other,18000,48,Branch,NSW,Part-Time,49810.94,0.0424,577,High Risk - Refer,Refer to Manual Underwriting,0
APP001686,2023-02-03,Train,Wedding,38000,36,Online,WA,Full-Time,90702.18,0.0227,596,Standard,Approve - Standard Terms,0
APP007636,2024-03-10,Train,Car Purchase,15500,36,Broker,QLD,Full-Time,42211.39,0.0258,592,Standard,Approve - Standard Terms,0
APP008485,2023-09-18,Train,Car Purchase,40000,36,Online,VIC,Self-Employed,62519.16,0.0305,587,Standard,Approve - Standard Terms,0
APP008642,2023-10-21,Train,Wedding,11500,48,Broker,WA,Full-Time,30368.58,0.0474,574,High Risk - Refer,Refer to Manual Underwriting,0
APP004565,2023-08-08,Train,Debt Consolidation,40000,24,Branch,SA,Full-Time,110229.64,0.0418,578,High Risk - Refer,Refer to Manual Underwriting,0
APP004003,2023-12-11,Train,Debt Consolidation,9500,24,Online,NSW,Part-Time,55268.04,0.019,601,Preferred,Approve - Preferred Pricing,0
APP002692,2023-07-23,Train,Debt Consolidation,13500,36,Online,QLD,Part-Time,27764.33,0.037,581,High Risk - Refer,Refer to Manual Underwriting,0
APP006409,2024-03-09,Train,Car Purchase,31000,48,Branch,WA,Full-Time,46088.22,0.0177,603,Preferred,Approve - Preferred Pricing,0
APP002665,2023-05-14,Train,Debt Consolidation,34500,60,Broker,TAS,Part-Time,43516.7,0.019,601,Preferred,Approve - Preferred Pricing,0
APP000762,2024-01-24,Train,Car Purchase,40500,48,Broker,QLD,Self-Employed,70429.16,0.0167,605,Premium,Approve - Premium Pricing,0
APP004835,2023-12-16,Train,Wedding,13000,24,Broker,NSW,Full-Time,101950.62,0.0303,587,Standard,Approve - Standard Terms,0
APP002229,2023-04-01,Train,Debt Consolidation,47000,24,Online,NSW,Full-Time,40012.85,0.0344,583,High Risk - Refer,Refer to Manual Underwriting,0
APP005926,2023-02-20,Train,Medical,36000,36,Broker,NSW,Full-Time,65021.33,0.0189,601,Preferred,Approve - Preferred Pricing,0
APP004811,2023-02-26,Train,Travel,29500,12,Broker,QLD,Full-Time,98316.15,0.0177,603,Preferred,Approve - Preferred Pricing,0
APP000154,2023-07-09,Train,Wedding,38500,48,Online,QLD,Full-Time,111741.51,0.0344,583,High Risk - Refer,Refer to Manual Underwriting,0
APP002458,2024-02-25,Train,Wedding,21500,12,Branch,VIC,Full-Time,128444.39,0.0189,601,Preferred,Approve - Preferred Pricing,0
APP004027,2023-01-20,Train,Home Renovation,19000,48,Online,QLD,Part-Time,15000.0,0.0245,593,Standard,Approve - Standard Terms,0
APP008523,2023-10-27,Train,Debt Consolidation,13000,24,Online,VIC,Casual,58745.4,0.0189,601,Preferred,Approve - Preferred Pricing,0
APP005214,2023-08-22,Train,Debt Consolidation,20000,36,Broker,SA,Full-Time,32065.99,0.0394,579,High Risk - Refer,Refer to Manual Underwriting,0
APP004340,2023-04-22,Train,Home Renovation,21000,48,Online,NSW,Self-Employed,57197.05,0.0305,587,Standard,Approve - Standard Terms,0
APP004419,2023-10-21,Train,Debt Consolidation,26000,60,Broker,QLD,Part-Time,34623.44,0.039,580,High Risk - Refer,Refer to Manual Underwriting,0
APP002134,2024-03-30,Train,Car Purchase,21500,48,Broker,NSW,Full-Time,81114.34,0.0408,578,High Risk - Refer,Refer to Manual Underwriting,0
APP007079,2023-04-17,Train,Debt Consolidation,45500,48,Branch,VIC,Casual,29169.39,0.0177,603,Premium,Approve - Premium Pricing,0
APP002261,2024-01-06,Train,Debt Consolidation,42500,60,Branch,NSW,Casual,49798.3,0.0177,603,Premium,Approve - Premium Pricing,0
APP000576,2023-03-10,Train,Debt Consolidation,37000,24,Branch,NSW,Part-Time,27803.47,0.0203,599,Preferred,Approve - Preferred Pricing,0
APP008133,2023-01-27,Train,Car Purchase,39000,12,Online,NSW,Casual,43399.35,0.0258,592,Standard,Approve - Standard Terms,0
APP007746,2023-01-29,Train,Debt Consolidation,44000,24,Online,SA,Part-Time,25122.78,0.0582,567,High Risk - Refer,Refer to Manual Underwriting,0
APP003440,2024-03-30,Train,Car Purchase,38000,48,Broker,QLD,Full-Time,57825.38,0.0236,595,Standard,Approve - Standard Terms,0
APP006407,2023-12-26,Train,Debt Consolidation,41000,12,Online,VIC,Self-Employed,58068.87,0.0245,593,Standard,Approve - Standard Terms,0
APP001389,2023-09-11,Train,Home Renovation,2500,36,Online,WA,Full-Time,73467.29,0.0344,583,High Risk - Refer,Refer to Manual Underwriting,0
APP000761,2023-06-01,Train,Debt Consolidation,28500,36,Online,QLD,Full-Time,68907.48,0.0344,583,High Risk - Refer,Refer to Manual Underwriting,0
APP005407,2024-02-09,Train,Car Purchase,44000,48,Online,NSW,Full-Time,40696.13,0.0433,576,High Risk - Refer,Refer to Manual Underwriting,0
APP005818,2023-10-14,Train,Home Renovation,30500,36,Branch,ACT,Part-Time,32969.78,0.0254,592,Standard,Approve - Standard Terms,0
APP001139,2023-01-04,Train,Debt Consolidation,25500,12,Online,WA,Full-Time,69263.76,0.0258,592,Standard,Approve - Standard Terms,0
APP007840,2023-03-13,Train,Debt Consolidation,11500,36,Broker,SA,Full-Time,69265.39,0.0344,583,High Risk - Refer,Refer to Manual Underwriting,1
APP004411,2023-11-08,Train,Debt Consolidation,16500,24,Broker,NSW,Full-Time,92850.35,0.0258,592,Standard,Approve - Standard Terms,0
APP003095,2023-04-15,Train,Home Renovation,3000,36,Online,VIC,Self-Employed,108992.45,0.0305,587,Standard,Approve - Standard Terms,0
APP006981,2024-03-05,Train,Car Purchase,42500,24,Branch,NSW,Full-Time,77841.71,0.0177,603,Preferred,Approve - Preferred Pricing,0
APP005502,2023-11-09,Train,Travel,45500,24,Online,VIC,Full-Time,80293.89,0.0297,588,Standard,Approve - Standard Terms,0
APP006456,2023-10-08,Train,Wedding,32500,12,Broker,NSW,Part-Time,51607.41,0.0823,557,Decline,Decline,0
APP004102,2024-03-08,Train,Medical,14000,36,Online,WA,Part-Time,52734.49,0.037,581,High Risk - Refer,Refer to Manual Underwriting,0
APP008297,2023-06-14,Train,Other,22500,24,Branch,WA,Self-Employed,59163.91,0.0305,587,Standard,Approve - Standard Terms,0
APP008643,2024-01-04,Train,Debt Consolidation,26500,36,Online,NSW,Self-Employed,57368.19,0.0225,596,Preferred,Approve - Preferred Pricing,0
APP001605,2024-03-16,Train,Other,47500,24,Branch,NSW,Part-Time,43525.35,0.0449,575,High Risk - Refer,Refer to Manual Underwriting,0
APP004387,2024-03-10,Train,Debt Consolidation,34500,36,Branch,SA,Full-Time,36041.31,0.0394,579,High Risk - Refer,Refer to Manual Underwriting,0
APP003722,2023-11-19,Train,Debt Consolidation,29000,36,Broker,VIC,Full-Time,119284.43,0.0236,595,Standard,Approve - Standard Terms,0
APP007042,2024-03-26,Train,Wedding,13500,24,Online,VIC,Full-Time,83096.57,0.0344,583,High Risk - Refer,Refer to Manual Underwriting,0
APP000472,2023-06-13,Train,Car Purchase,38000,36,Broker,VIC,Full-Time,67960.53,0.0344,583,High Risk - Refer,Refer to Manual Underwriting,0
APP008767,2024-02-04,Train,Debt Consolidation,20500,24,Online,VIC,Full-Time,104380.55,0.0738,560,Decline,Decline,0
APP001275,2023-01-11,Train,Home Renovation,15500,48,Branch,VIC,Unemployed,15000.0,0.1858,530,Decline,Decline,0
APP008208,2024-02-23,Train,Travel,33000,24,Online,NSW,Casual,27998.14,0.1784,531,Decline,Decline,1
APP004294,2023-08-11,Train,Wedding,43500,24,Broker,NSW,Unemployed,22254.83,0.0581,568,High Risk - Refer,Refer to Manual Underwriting,0
APP002961,2023-01-07,Train,Car Purchase,40000,48,Online,VIC,Unemployed,15000.0,0.1858,530,Decline,Decline,0
APP006131,2024-02-29,Train,Car Purchase,4500,24,Online,VIC,Part-Time,29566.5,0.0203,599,Preferred,Approve - Preferred Pricing,0
APP003061,2023-03-09,Train,Debt Consolidation,11500,48,Online,QLD,Self-Employed,85596.36,0.0209,598,Preferred,Approve - Preferred Pricing,0
APP007971,2023-03-21,Train,Home Renovation,16000,48,Branch,QLD,Full-Time,121069.28,0.0189,601,Preferred,Approve - Preferred Pricing,0
APP004766,2023-11-10,Train,Car Purchase,29000,60,Online,WA,Full-Time,71081.42,0.1062,549,Decline,Decline,0
APP003144,2023-08-23,Train,Home Renovation,22500,60,Broker,NSW,Full-Time,81377.98,0.0344,583,High Risk - Refer,Refer to Manual Underwriting,0
APP001821,2023-04-01,Train,Medical,19000,12,Branch,NSW,Self-Employed,105504.11,0.0209,598,Preferred,Approve - Preferred Pricing,0
APP000110,2024-01-06,Train,Home Renovation,32000,60,Online,QLD,Self-Employed,39281.72,0.0156,607,Premium,Approve - Premium Pricing,0
APP007979,2023-02-22,Train,Debt Consolidation,37000,60,Broker,VIC,Full-Time,79087.19,0.0344,583,High Risk - Refer,Refer to Manual Underwriting,1
APP003871,2023-11-09,Train,Travel,14500,60,Broker,VIC,Full-Time,99783.86,0.0258,592,Standard,Approve - Standard Terms,0
APP000894,2023-10-20,Train,Car Purchase,41500,36,Online,NSW,Full-Time,102634.79,0.0177,603,Preferred,Approve - Preferred Pricing,0
APP000705,2023-04-21,Train,Travel,44000,48,Broker,VIC,Full-Time,89333.22,0.0418,578,High Risk - Refer,Refer to Manual Underwriting,0
APP003169,2023-06-20,Train,Debt Consolidation,11500,36,Branch,NSW,Full-Time,70175.58,0.0189,601,Preferred,Approve - Preferred Pricing,0
APP007203,2024-03-23,Train,Debt Consolidation,47500,24,Online,QLD,Full-Time,105792.49,0.0177,603,Preferred,Approve - Preferred Pricing,0
APP007882,2023-12-16,Train,Debt Consolidation,24000,24,Broker,NSW,Full-Time,79720.49,0.0344,583,High Risk - Refer,Refer to Manual Underwriting,0
APP008190,2024-02-26,Train,Home Renovation,33000,36,Online,TAS,Full-Time,68023.95,0.0765,559,Decline,Decline,0
APP005912,2023-06-28,Train,Debt Consolidation,47500,36,Broker,NSW,Full-Time,60222.95,0.0189,601,Preferred,Approve - Preferred Pricing,0
APP005776,2023-07-17,Train,Debt Consolidation,44000,12,Online,SA,Full-Time,37575.07,0.0433,576,High Risk - Refer,Refer to Manual Underwriting,0
APP008972,2023-07-03,Train,Debt Consolidation,45000,24,Branch,NSW,Full-Time,123786.04,0.0189,601,Preferred,Approve - Preferred Pricing,0
APP003332,2023-08-20,Train,Other,46000,36,Online,NSW,Part-Time,49300.68,0.0203,599,Preferred,Approve - Preferred Pricing,0
APP008230,2023-01-03,Train,Other,14500,36,Branch,NSW,Full-Time,84982.37,0.0765,559,Decline,Decline,0
APP004994,2023-10-12,Train,Car Purchase,24000,48,Online,VIC,Self-Employed,44384.31,0.0167,605,Premium,Approve - Premium Pricing,0
APP006163,2023-06-12,Train,Wedding,21500,36,Broker,WA,Self-Employed,87463.34,0.048,573,High Risk - Refer,Refer to Manual Underwriting,0
APP007521,2023-03-26,Train,Home Renovation,34000,36,Broker,NSW,Self-Employed,77072.33,0.0269,591,Standard,Approve - Standard Terms,0
APP002511,2023-01-04,Train,Travel,42500,36,Online,QLD,Full-Time,68908.61,0.0236,595,Standard,Approve - Standard Terms,1
APP008946,2023-12-16,Train,Travel,12500,24,Online,QLD,Full-Time,118297.81,0.0276,590,Standard,Approve - Standard Terms,0
APP004521,2023-10-21,Train,Home Renovation,43000,12,Online,NSW,Casual,34644.92,0.1036,549,Decline,Decline,0
APP004657,2023-06-14,Train,Debt Consolidation,40500,60,Online,VIC,Full-Time,49670.3,0.0344,583,High Risk - Refer,Refer to Manual Underwriting,0
APP005237,2023-05-01,Train,Wedding,47000,36,Online,NSW,Casual,38423.71,0.0258,592,Standard,Approve - Standard Terms,0
APP005186,2024-01-10,Train,Car Purchase,10000,36,Branch,QLD,Self-Employed,62901.15,0.0229,595,Standard,Approve - Standard Terms,0
APP005991,2023-04-18,Train,Debt Consolidation,30000,12,Online,VIC,Casual,40938.29,0.0236,595,Standard,Approve - Standard Terms,0
APP006952,2023-02-04,Train,Home Renovation,6500,60,Broker,SA,Full-Time,79367.97,0.0177,603,Preferred,Approve - Preferred Pricing,0
APP004170,2023-06-02,Train,Home Renovation,28500,48,Branch,QLD,Full-Time,90764.17,0.0344,583,High Risk - Refer,Refer to Manual Underwriting,0
APP007113,2023-06-05,Train,Travel,32000,36,Broker,VIC,Full-Time,70321.36,0.0276,590,Standard,Approve - Standard Terms,0
APP007562,2023-10-30,Train,Other,35500,36,Online,WA,Full-Time,77320.23,0.0344,583,High Risk - Refer,Refer to Manual Underwriting,0
APP005636,2024-02-18,Train,Home Renovation,30500,48,Online,WA,Part-Time,39020.02,0.1221,544,Decline,Decline,0
APP005900,2023-11-27,Train,Home Renovation,39500,60,Broker,NSW,Full-Time,48024.88,0.0433,576,High Risk - Refer,Refer to Manual Underwriting,0
APP006415,2023-11-19,Train,Car Purchase,49000,12,Online,VIC,Part-Time,49045.92,0.0254,592,Standard,Approve - Standard Terms,0
APP007507,2024-03-18,Train,Debt Consolidation,29500,48,Branch,VIC,Part-Time,51254.71,0.037,581,High Risk - Refer,Refer to Manual Underwriting,0
APP008926,2024-01-12,Train,Home Renovation,2500,60,Online,VIC,Self-Employed,97574.28,0.0229,595,Standard,Approve - Standard Terms,0
APP005358,2023-09-20,Train,Home Renovation,41500,60,Branch,VIC,Part-Time,60279.58,0.0297,588,Standard,Approve - Standard Terms,0
APP005398,2023-05-22,Train,Travel,17500,36,Broker,NSW,Full-Time,88858.27,0.0297,588,Standard,Approve - Standard Terms,0
APP005264,2023-03-28,Train,Car Purchase,36000,36,Broker,ACT,Self-Employed,69882.93,0.0209,598,Preferred,Approve - Preferred Pricing,0
APP003830,2023-02-10,Train,Wedding,11000,36,Branch,VIC,Self-Employed,38295.59,0.0305,587,Standard,Approve - Standard Terms,0
APP006403,2023-09-28,Train,Debt Consolidation,28000,48,Online,SA,Full-Time,60233.72,0.0408,578,High Risk - Refer,Refer to Manual Underwriting,0
APP002029,2023-12-28,Train,Home Renovation,36500,12,Online,WA,Full-Time,86783.19,0.0227,596,Standard,Approve - Standard Terms,0
APP002873,2024-03-23,Train,Wedding,9500,60,Online,NSW,Casual,52526.7,0.0276,590,Standard,Approve - Standard Terms,0
APP007374,2023-05-17,Train,Debt Consolidation,10500,60,Online,NSW,Self-Employed,62404.05,0.0305,587,Standard,Approve - Standard Terms,0
APP005016,2023-02-28,Train,Wedding,25000,36,Broker,NSW,Part-Time,33673.4,0.0254,592,Standard,Approve - Standard Terms,0
APP007101,2023-10-05,Train,Home Renovation,30500,24,Broker,QLD,Casual,26560.8,0.0189,601,Preferred,Approve - Preferred Pricing,0
APP005384,2023-02-25,Train,Home Renovation,8000,36,Broker,VIC,Full-Time,53994.61,0.0408,578,High Risk - Refer,Refer to Manual Underwriting,0
APP004787,2023-05-08,Train,Home Renovation,4500,60,Online,NSW,Full-Time,67535.1,0.0243,594,Standard,Approve - Standard Terms,0
APP004336,2024-03-10,Train,Car Purchase,17500,36,Broker,QLD,Casual,41292.24,0.0177,603,Premium,Approve - Premium Pricing,0
APP005395,2023-10-15,Train,Car Purchase,35500,36,Online,QLD,Self-Employed,90491.55,0.0269,591,Standard,Approve - Standard Terms,0
APP004513,2023-08-05,Train,Wedding,22500,24,Broker,NSW,Casual,53935.43,0.0236,595,Standard,Approve - Standard Terms,0
APP008071,2023-01-22,Train,Home Renovation,11500,24,Branch,QLD,Self-Employed,36590.8,0.0305,587,Standard,Approve - Standard Terms,1
APP002430,2023-07-09,Train,Car Purchase,23500,60,Broker,QLD,Casual,55088.74,0.0344,583,Standard,Approve - Standard Terms,0
APP003141,2023-02-21,Train,Debt Consolidation,8500,48,Branch,NSW,Casual,26435.59,0.1006,550,Decline,Decline,0
APP002232,2024-03-14,Train,Debt Consolidation,20000,24,Online,QLD,Casual,19155.32,0.0236,595,Standard,Approve - Standard Terms,0
APP007311,2023-03-16,Train,Travel,19500,60,Online,NSW,Full-Time,67977.35,0.0177,603,Preferred,Approve - Preferred Pricing,0
APP005639,2023-04-05,Train,Car Purchase,25500,36,Broker,QLD,Unemployed,15000.0,0.1809,531,Decline,Decline,0
APP003535,2023-09-28,Train,Debt Consolidation,35000,24,Online,WA,Full-Time,52763.01,0.1062,549,Decline,Decline,0
APP000205,2023-07-14,Train,Debt Consolidation,44500,36,Online,VIC,Unemployed,16000.84,0.3001,512,Decline,Decline,0
APP006243,2024-01-14,Train,Wedding,44500,60,Branch,NSW,Part-Time,52187.0,0.0438,576,High Risk - Refer,Refer to Manual Underwriting,0
APP000756,2024-03-27,Train,Travel,20000,48,Online,NSW,Full-Time,77740.2,0.0344,583,High Risk - Refer,Refer to Manual Underwriting,0
APP001966,2023-08-07,Train,Home Renovation,30500,48,Online,QLD,Part-Time,53187.95,0.0424,577,High Risk - Refer,Refer to Manual Underwriting,0
APP006703,2023-02-24,Train,Other,17500,48,Broker,NSW,Casual,37927.03,0.0344,583,Standard,Approve - Standard Terms,0
APP002675,2023-04-08,Train,Debt Consolidation,17000,60,Broker,WA,Part-Time,32428.12,0.0254,592,Standard,Approve - Standard Terms,0
APP008332,2024-02-17,Train,Wedding,15000,60,Online,QLD,Full-Time,95479.71,0.0189,601,Preferred,Approve - Preferred Pricing,0
APP002328,2023-09-17,Train,Travel,38500,24,Online,NSW,Full-Time,61958.44,0.0542,570,High Risk - Refer,Refer to Manual Underwriting,0
APP000210,2023-05-25,Train,Home Renovation,19000,60,Online,VIC,Unemployed,19238.99,0.0894,554,Decline,Decline,0
APP008987,2023-01-04,Train,Other,42000,48,Branch,QLD,Full-Time,68493.93,0.0227,596,Standard,Approve - Standard Terms,0
APP008583,2023-05-23,Train,Debt Consolidation,44500,48,Branch,NSW,Full-Time,102621.74,0.0394,579,High Risk - Refer,Refer to Manual Underwriting,0
APP000817,2023-12-12,Train,Debt Consolidation,19000,36,Online,VIC,Full-Time,87756.15,0.0303,587,Standard,Approve - Standard Terms,0
APP006507,2023-04-10,Train,Debt Consolidation,36000,60,Broker,NSW,Full-Time,79177.19,0.0189,601,Preferred,Approve - Preferred Pricing,0
APP005233,2023-07-24,Train,Wedding,43000,48,Broker,ACT,Self-Employed,69882.93,0.0229,595,Standard,Approve - Standard Terms,0
APP007630,2023-08-24,Train,Debt Consolidation,44000,36,Broker,QLD,Full-Time,96233.04,0.0258,592,Standard,Approve - Standard Terms,0
APP006056,2023-08-20,Train,Debt Consolidation,29500,36,Broker,NSW,Full-Time,102211.23,0.0236,595,Standard,Approve - Standard Terms,0
APP006412,2023-05-07,Train,Home Renovation,14000,48,Broker,VIC,Unemployed,16516.28,0.0657,564,Decline,Decline,0
APP002736,2023-03-10,Train,Other,40000,48,Online,QLD,Full-Time,76164.73,0.0258,592,Standard,Approve - Standard Terms,0
APP001951,2024-03-12,Train,Debt Consolidation,24500,36,Branch,WA,Full-Time,97030.93,0.0236,595,Standard,Approve - Standard Terms,0
APP008503,2023-12-25,Train,Wedding,42000,36,Broker,TAS,Full-Time,85970.04,0.0177,603,Preferred,Approve - Preferred Pricing,0
APP003625,2023-03-30,Train,Wedding,47500,60,Online,VIC,Casual,36066.9,0.0474,574,High Risk - Refer,Refer to Manual Underwriting,0
APP004949,2023-03-24,Train,Car Purchase,45000,36,Online,ACT,Casual,29442.85,0.0542,570,High Risk - Refer,Refer to Manual Underwriting,0
APP006642,2023-11-01,Train,Car Purchase,35500,48,Branch,NSW,Full-Time,122113.73,0.0189,601,Preferred,Approve - Preferred Pricing,0
APP005200,2023-03-30,Train,Car Purchase,31500,48,Online,VIC,Full-Time,65031.66,0.0236,595,Standard,Approve - Standard Terms,0
APP007220,2023-04-30,Train,Debt Consolidation,35000,24,Online,WA,Full-Time,85188.97,0.0189,601,Preferred,Approve - Preferred Pricing,0
APP006756,2023-09-20,Train,Debt Consolidation,41000,36,Online,VIC,Full-Time,52982.65,0.0303,587,Standard,Approve - Standard Terms,0
APP005095,2023-09-10,Train,Wedding,33000,36,Online,NSW,Unemployed,15000.0,0.141,539,Decline,Decline,0
APP002448,2023-04-09,Train,Home Renovation,45500,48,Branch,VIC,Unemployed,15000.0,0.075,560,Decline,Decline,0
APP004142,2023-01-01,Train,Debt Consolidation,10500,48,Branch,WA,Casual,26227.87,0.0767,559,Decline,Decline,0
APP007390,2023-08-07,Train,Debt Consolidation,40000,60,Online,WA,Self-Employed,34840.21,0.0305,587,Standard,Approve - Standard Terms,0
APP004965,2023-01-19,Train,Car Purchase,12000,48,Online,VIC,Full-Time,77327.01,0.0659,564,Decline,Decline,0
APP008659,2023-03-04,Train,Travel,40500,48,Online,QLD,Self-Employed,45032.81,0.161,535,Decline,Decline,0
APP003461,2023-04-05,Train,Medical,23500,36,Branch,VIC,Full-Time,100310.76,0.0326,585,Standard,Approve - Standard Terms,0
APP008597,2024-02-29,Train,Car Purchase,44000,60,Branch,WA,Full-Time,34701.16,0.0471,574,High Risk - Refer,Refer to Manual Underwriting,0
APP002551,2024-02-12,Train,Home Renovation,7000,36,Online,NSW,Casual,25713.72,0.0738,560,Decline,Decline,0
APP000693,2023-08-20,Train,Car Purchase,14500,36,Online,QLD,Full-Time,59835.13,0.0189,601,Preferred,Approve - Preferred Pricing,0
APP003209,2023-05-08,Train,Travel,9500,24,Branch,NSW,Part-Time,60425.91,0.0278,590,Standard,Approve - Standard Terms,0
APP006481,2024-03-07,Train,Debt Consolidation,47000,48,Branch,QLD,Full-Time,113391.46,0.0189,601,Preferred,Approve - Preferred Pricing,0
APP007475,2023-11-11,Train,Car Purchase,28000,24,Branch,VIC,Casual,45767.89,0.0738,560,Decline,Decline,0
APP008447,2023-03-18,Train,Car Purchase,42500,60,Online,QLD,Full-Time,105232.37,0.0177,603,Preferred,Approve - Preferred Pricing,0
APP000275,2023-09-20,Train,Other,17000,36,Branch,SA,Full-Time,60034.93,0.0344,583,High Risk - Refer,Refer to Manual Underwriting,0
APP006878,2023-02-02,Train,Wedding,5500,60,Online,VIC,Part-Time,46481.43,0.0326,585,Standard,Approve - Standard Terms,0
APP000014,2023-12-22,Train,Car Purchase,25500,24,Online,NSW,Full-Time,26389.75,0.0303,587,Standard,Approve - Standard Terms,0
APP004623,2023-06-13,Train,Home Renovation,30000,36,Broker,NSW,Casual,47276.07,0.0845,556,Decline,Decline,0
APP003337,2024-03-11,Train,Car Purchase,6000,24,Broker,TAS,Full-Time,105401.32,0.0474,574,High Risk - Refer,Refer to Manual Underwriting,0
APP006843,2023-02-16,Train,Debt Consolidation,46500,12,Broker,VIC,Full-Time,107304.9,0.0344,583,High Risk - Refer,Refer to Manual Underwriting,0
APP004189,2023-03-17,Train,Debt Consolidation,23500,12,Online,VIC,Full-Time,81187.16,0.0303,587,Standard,Approve - Standard Terms,0
APP005113,2023-11-10,Train,Wedding,45000,48,Online,QLD,Full-Time,30897.95,0.0474,574,High Risk - Refer,Refer to Manual Underwriting,1
APP005883,2023-02-23,Train,Car Purchase,19000,48,Broker,VIC,Self-Employed,87411.66,0.0167,605,Premium,Approve - Premium Pricing,0
APP005412,2023-12-09,Train,Medical,18000,36,Online,VIC,Full-Time,122181.79,0.0258,592,Standard,Approve - Standard Terms,0
APP003358,2023-07-02,Train,Wedding,17500,12,Online,QLD,Full-Time,81771.73,0.0189,601,Preferred,Approve - Preferred Pricing,0
APP006055,2023-11-11,Train,Other,13500,48,Online,WA,Full-Time,79534.59,0.0276,590,Standard,Approve - Standard Terms,0
APP001644,2024-03-28,Train,Travel,36000,24,Branch,NSW,Full-Time,53039.95,0.0189,601,Preferred,Approve - Preferred Pricing,0
APP001332,2023-07-17,Train,Home Renovation,29000,48,Branch,VIC,Part-Time,29189.57,0.0449,575,High Risk - Refer,Refer to Manual Underwriting,0
APP005305,2023-04-25,Train,Medical,45000,48,Online,VIC,Part-Time,51854.66,0.037,581,High Risk - Refer,Refer to Manual Underwriting,0
APP008153,2023-02-14,Train,Home Renovation,14000,36,Online,SA,Full-Time,112856.17,0.0303,587,Standard,Approve - Standard Terms,0
APP001126,2023-05-06,Train,Debt Consolidation,28500,24,Online,QLD,Casual,44716.88,0.0394,579,High Risk - Refer,Refer to Manual Underwriting,0
APP006105,2023-10-22,Train,Car Purchase,41500,48,Online,WA,Full-Time,72145.6,0.0189,601,Preferred,Approve - Preferred Pricing,0
APP008253,2023-05-28,Train,Home Renovation,27500,60,Online,ACT,Full-Time,84229.44,0.0344,583,High Risk - Refer,Refer to Manual Underwriting,0
APP006572,2024-03-22,Train,Home Renovation,16000,48,Broker,QLD,Self-Employed,88080.99,0.0229,595,Standard,Approve - Standard Terms,0
APP006343,2023-04-13,Train,Home Renovation,30500,60,Online,NSW,Full-Time,106963.07,0.0297,588,Standard,Approve - Standard Terms,0
APP007356,2023-06-17,Train,Debt Consolidation,24500,36,Broker,SA,Casual,27534.58,0.0344,583,Standard,Approve - Standard Terms,0
APP005069,2023-05-13,Train,Home Renovation,8500,24,Branch,SA,Full-Time,54167.97,0.0177,603,Preferred,Approve - Preferred Pricing,0
APP008527,2023-04-21,Train,Travel,20500,60,Online,QLD,Self-Employed,80148.01,0.0156,607,Premium,Approve - Premium Pricing,0
APP004389,2023-10-06,Train,Travel,24000,12,Online,TAS,Full-Time,82023.93,0.0236,595,Standard,Approve - Standard Terms,0
APP005938,2023-10-20,Train,Travel,4000,48,Online,NSW,Full-Time,109559.42,0.0474,574,High Risk - Refer,Refer to Manual Underwriting,0
APP006859,2023-07-10,Train,Home Renovation,15500,48,Online,NSW,Part-Time,61545.69,0.037,581,High Risk - Refer,Refer to Manual Underwriting,0
APP005893,2023-04-09,Train,Car Purchase,8500,36,Online,QLD,Full-Time,90984.61,0.0227,596,Standard,Approve - Standard Terms,0
APP001829,2023-07-21,Train,Car Purchase,41500,24,Branch,NSW,Self-Employed,73587.79,0.0229,595,Standard,Approve - Standard Terms,0
APP008780,2023-03-26,Train,Debt Consolidation,18500,60,Broker,QLD,Full-Time,65478.99,0.0276,590,Standard,Approve - Standard Terms,0
APP000252,2023-01-14,Train,Car Purchase,46500,48,Broker,VIC,Full-Time,77991.56,0.0189,601,Preferred,Approve - Preferred Pricing,0
APP001297,2023-06-17,Train,Car Purchase,17500,48,Broker,VIC,Full-Time,83096.57,0.0258,592,Standard,Approve - Standard Terms,0
APP002427,2023-07-24,Train,Debt Consolidation,47500,36,Broker,QLD,Part-Time,52174.89,0.0341,584,Standard,Approve - Standard Terms,0
APP006992,2023-09-21,Train,Other,29000,36,Branch,NSW,Self-Employed,63339.23,0.0156,607,Premium,Approve - Premium Pricing,0
APP006646,2023-07-28,Train,Medical,2500,36,Online,QLD,Self-Employed,52177.87,0.0156,607,Premium,Approve - Premium Pricing,0
APP004671,2023-03-25,Train,Car Purchase,35000,24,Broker,QLD,Full-Time,107366.2,0.0236,595,Standard,Approve - Standard Terms,0
APP004463,2024-02-27,Train,Car Purchase,44000,48,Branch,QLD,Self-Employed,39281.72,0.0201,599,Preferred,Approve - Preferred Pricing,0
APP000042,2024-03-27,Train,Debt Consolidation,17000,12,Online,WA,Full-Time,98116.86,0.0258,592,Standard,Approve - Standard Terms,0
APP002348,2023-04-03,Train,Travel,25500,48,Broker,NSW,Self-Employed,85915.66,0.0305,587,Standard,Approve - Standard Terms,0
APP000982,2023-12-24,Train,Debt Consolidation,47000,36,Online,NSW,Full-Time,87842.69,0.0189,601,Preferred,Approve - Preferred Pricing,0
APP002454,2023-02-13,Train,Travel,40000,24,Branch,VIC,Full-Time,78211.49,0.0189,601,Preferred,Approve - Preferred Pricing,0
APP001017,2023-01-06,Train,Car Purchase,36500,12,Branch,VIC,Self-Employed,77751.75,0.0167,605,Premium,Approve - Premium Pricing,0
APP005882,2023-09-03,Train,Car Purchase,49000,24,Online,NSW,Part-Time,44311.09,0.0319,586,Standard,Approve - Standard Terms,0
APP006449,2023-07-02,Train,Car Purchase,24500,24,Broker,SA,Full-Time,82925.01,0.0344,583,High Risk - Refer,Refer to Manual Underwriting,0
APP003532,2024-01-10,Train,Wedding,49000,24,Broker,WA,Self-Employed,55546.65,0.0167,605,Premium,Approve - Premium Pricing,0
APP008543,2024-02-21,Train,Debt Consolidation,28500,12,Branch,QLD,Casual,30702.86,0.0738,560,Decline,Decline,0
APP001584,2023-02-15,Train,Other,3000,36,Branch,SA,Full-Time,60233.72,0.1036,549,Decline,Decline,0
APP008977,2024-03-21,Train,Car Purchase,6500,12,Online,NSW,Full-Time,113341.7,0.0189,601,Preferred,Approve - Preferred Pricing,0
APP000282,2023-11-28,Train,Other,19500,12,Branch,VIC,Full-Time,78962.98,0.0236,595,Standard,Approve - Standard Terms,0
APP002674,2023-06-06,Train,Travel,7000,24,Broker,VIC,Full-Time,64456.06,0.0394,579,High Risk - Refer,Refer to Manual Underwriting,0
APP003339,2023-07-07,Train,Car Purchase,36000,36,Branch,NSW,Unemployed,18804.11,0.136,540,Decline,Decline,0
APP003046,2023-01-30,Train,Medical,39000,24,Online,VIC,Self-Employed,61990.62,0.0305,587,Standard,Approve - Standard Terms,0
APP000615,2023-08-02,Train,Car Purchase,34000,36,Online,VIC,Self-Employed,47573.91,0.0215,597,Preferred,Approve - Preferred Pricing,0
APP002493,2023-11-24,Train,Car Purchase,33500,36,Online,NSW,Full-Time,63164.55,0.0542,570,High Risk - Refer,Refer to Manual Underwriting,0
APP006682,2024-03-13,Train,Car Purchase,34500,24,Branch,QLD,Part-Time,50250.37,0.0203,599,Preferred,Approve - Preferred Pricing,0
APP003836,2024-02-20,Train,Debt Consolidation,14000,24,Online,VIC,Full-Time,53054.85,0.0344,583,High Risk - Refer,Refer to Manual Underwriting,0
APP006746,2023-06-17,Train,Car Purchase,30500,12,Online,VIC,Full-Time,80223.13,0.0189,601,Preferred,Approve - Preferred Pricing,0
APP007606,2023-10-09,Train,Travel,23500,48,Branch,NSW,Self-Employed,60103.17,0.0658,564,Decline,Decline,0
APP005473,2023-02-05,Train,Medical,45500,36,Online,NSW,Self-Employed,39506.72,0.035,583,High Risk - Refer,Refer to Manual Underwriting,0
APP000802,2024-03-17,Train,Car Purchase,14500,60,Online,QLD,Casual,19155.32,0.0394,579,High Risk - Refer,Refer to Manual Underwriting,0
APP006965,2023-01-19,Train,Travel,35000,48,Online,NSW,Full-Time,99009.05,0.0474,574,High Risk - Refer,Refer to Manual Underwriting,0
APP000261,2023-10-08,Train,Home Renovation,36500,48,Branch,NSW,Full-Time,40285.82,0.0258,592,Standard,Approve - Standard Terms,0
APP007730,2023-04-13,Train,Debt Consolidation,37500,36,Online,VIC,Full-Time,76744.34,0.0243,594,Standard,Approve - Standard Terms,0
APP007582,2023-04-06,Train,Car Purchase,11000,48,Online,VIC,Self-Employed,74724.36,0.0167,605,Premium,Approve - Premium Pricing,0
APP000581,2023-05-29,Train,Medical,47000,24,Online,VIC,Full-Time,86145.7,0.0177,603,Preferred,Approve - Preferred Pricing,0
APP007211,2023-04-30,Train,Travel,15500,48,Online,SA,Part-Time,15000.0,0.0909,554,Decline,Decline,0
APP001795,2023-11-15,Train,Home Renovation,13500,24,Broker,VIC,Casual,46091.54,0.0344,583,Standard,Approve - Standard Terms,0
APP002850,2023-03-24,Train,Debt Consolidation,45500,24,Broker,WA,Full-Time,62204.09,0.0326,585,Standard,Approve - Standard Terms,0
APP000992,2023-01-26,Train,Debt Consolidation,9500,24,Broker,WA,Unemployed,15000.0,0.1858,530,Decline,Decline,1
APP003483,2024-01-02,Train,Home Renovation,47500,48,Broker,VIC,Self-Employed,61173.2,0.0167,605,Premium,Approve - Premium Pricing,0
APP003435,2023-06-23,Train,Home Renovation,34000,36,Broker,VIC,Full-Time,69332.45,0.0344,583,High Risk - Refer,Refer to Manual Underwriting,0
APP008615,2023-10-23,Train,Debt Consolidation,38000,24,Online,QLD,Self-Employed,72373.59,0.0209,598,Preferred,Approve - Preferred Pricing,0
APP004169,2023-03-24,Train,Home Renovation,47500,48,Online,WA,Full-Time,99716.25,0.0276,590,Standard,Approve - Standard Terms,0
APP007615,2023-10-28,Train,Home Renovation,29500,36,Online,QLD,Full-Time,50902.9,0.0243,594,Standard,Approve - Standard Terms,0
APP002787,2023-03-26,Train,Wedding,14500,48,Broker,SA,Casual,27268.0,0.0236,595,Standard,Approve - Standard Terms,0
APP001704,2023-10-27,Train,Debt Consolidation,34500,36,Branch,QLD,Full-Time,114988.23,0.0258,592,Standard,Approve - Standard Terms,0
APP001927,2023-08-28,Train,Debt Consolidation,34500,48,Online,QLD,Full-Time,104414.69,0.0303,587,Standard,Approve - Standard Terms,0
APP003121,2023-10-25,Train,Travel,42500,36,Online,NSW,Full-Time,76113.58,0.0344,583,High Risk - Refer,Refer to Manual Underwriting,0
APP008383,2023-09-04,Train,Debt Consolidation,8500,24,Online,VIC,Full-Time,56654.29,0.0243,594,Standard,Approve - Standard Terms,0
APP004115,2023-11-04,Train,Debt Consolidation,2500,60,Online,VIC,Full-Time,109961.37,0.0189,601,Preferred,Approve - Preferred Pricing,0
APP005439,2023-12-06,Train,Car Purchase,45500,24,Broker,QLD,Part-Time,23189.18,0.0254,592,Standard,Approve - Standard Terms,0
APP000251,2023-10-31,Train,Debt Consolidation,43000,48,Branch,VIC,Part-Time,36971.19,0.0297,588,Standard,Approve - Standard Terms,0
APP001924,2024-03-08,Train,Other,3500,36,Online,WA,Full-Time,40580.21,0.0258,592,Standard,Approve - Standard Terms,0
APP008885,2023-10-21,Train,Car Purchase,19000,36,Broker,NSW,Full-Time,20512.12,0.0189,601,Preferred,Approve - Preferred Pricing,0
APP006467,2023-01-05,Train,Wedding,27500,12,Branch,WA,Full-Time,82345.11,0.0177,603,Preferred,Approve - Preferred Pricing,0
APP003839,2023-09-07,Train,Home Renovation,15500,60,Broker,VIC,Full-Time,75459.08,0.0344,583,High Risk - Refer,Refer to Manual Underwriting,0
APP007054,2024-03-08,Train,Debt Consolidation,22500,24,Broker,NSW,Full-Time,74918.83,0.0189,601,Preferred,Approve - Preferred Pricing,0
APP006135,2023-03-04,Train,Car Purchase,12500,24,Online,NSW,Full-Time,73223.55,0.0236,595,Standard,Approve - Standard Terms,0
APP004846,2023-05-27,Train,Debt Consolidation,11000,36,Online,WA,Full-Time,97605.31,0.0562,569,High Risk - Refer,Refer to Manual Underwriting,1
APP008952,2023-10-31,Train,Debt Consolidation,38500,24,Broker,NSW,Full-Time,86484.16,0.0189,601,Preferred,Approve - Preferred Pricing,0
APP008412,2024-03-13,Train,Medical,50000,60,Online,VIC,Full-Time,86845.57,0.0344,583,High Risk - Refer,Refer to Manual Underwriting,0
APP001921,2024-01-25,Train,Debt Consolidation,23500,24,Branch,NSW,Full-Time,91991.59,0.0394,579,High Risk - Refer,Refer to Manual Underwriting,0
APP001846,2024-01-15,Train,Car Purchase,10000,48,Branch,QLD,Full-Time,71708.0,0.0344,583,High Risk - Refer,Refer to Manual Underwriting,0
APP000507,2023-08-16,Train,Debt Consolidation,44500,60,Broker,ACT,Part-Time,15000.0,0.019,601,Preferred,Approve - Preferred Pricing,0
APP003490,2023-12-26,Train,Other,49000,60,Online,VIC,Part-Time,25535.97,0.019,601,Preferred,Approve - Preferred Pricing,0
APP008385,2024-01-02,Train,Debt Consolidation,16500,24,Online,VIC,Full-Time,129131.22,0.0177,603,Preferred,Approve - Preferred Pricing,0
APP004066,2023-09-01,Train,Medical,23000,36,Broker,QLD,Full-Time,46410.44,0.0227,596,Standard,Approve - Standard Terms,0
APP003513,2023-06-01,Train,Other,26000,60,Online,NT,Full-Time,112448.03,0.0227,596,Standard,Approve - Standard Terms,0
APP003709,2023-03-30,Train,Car Purchase,42000,12,Online,VIC,Part-Time,60204.93,0.037,581,High Risk - Refer,Refer to Manual Underwriting,0
APP005025,2024-03-29,Train,Travel,13000,24,Broker,QLD,Full-Time,103780.71,0.0189,601,Preferred,Approve - Preferred Pricing,0
APP008050,2023-01-28,Train,Debt Consolidation,19500,24,Branch,SA,Full-Time,56004.75,0.0344,583,High Risk - Refer,Refer to Manual Underwriting,0
APP006903,2023-04-25,Train,Debt Consolidation,2000,48,Branch,SA,Part-Time,38818.11,0.0509,572,High Risk - Refer,Refer to Manual Underwriting,0
APP007232,2023-06-13,Train,Debt Consolidation,7000,48,Online,WA,Part-Time,19791.84,0.0722,561,Decline,Decline,0
APP008319,2023-03-10,Train,Car Purchase,37500,24,Online,WA,Full-Time,79747.78,0.0236,595,Standard,Approve - Standard Terms,0
APP000295,2023-04-12,Train,Other,39000,36,Online,QLD,Casual,45041.11,0.0326,585,Standard,Approve - Standard Terms,0
APP000935,2023-12-30,Train,Wedding,50000,36,Online,QLD,Full-Time,80855.03,0.0177,603,Preferred,Approve - Preferred Pricing,0
APP002897,2024-01-02,Train,Home Renovation,17500,60,Online,VIC,Unemployed,15000.0,0.2029,527,Decline,Decline,1
APP008607,2024-02-09,Train,Car Purchase,31000,48,Broker,QLD,Full-Time,102496.97,0.0258,592,Standard,Approve - Standard Terms,0
APP001736,2023-01-17,Train,Home Renovation,31500,36,Broker,NSW,Full-Time,145045.96,0.0189,601,Preferred,Approve - Preferred Pricing,0
APP000193,2024-03-05,Train,Car Purchase,16500,24,Online,VIC,Full-Time,77612.3,0.0177,603,Preferred,Approve - Preferred Pricing,0
APP001422,2023-10-11,Train,Home Renovation,28500,24,Online,VIC,Full-Time,78513.49,0.0474,574,High Risk - Refer,Refer to Manual Underwriting,1
APP000943,2023-08-14,Train,Debt Consolidation,46000,36,Broker,NSW,Casual,24340.97,0.1346,541,Decline,Decline,0
APP007326,2023-03-21,Train,Debt Consolidation,26500,24,Branch,VIC,Full-Time,98196.55,0.0303,587,Standard,Approve - Standard Terms,0
APP005915,2024-03-18,Train,Car Purchase,3500,60,Online,NSW,Full-Time,56629.77,0.0177,603,Preferred,Approve - Preferred Pricing,0
APP004119,2023-05-15,Train,Home Renovation,21000,60,Branch,SA,Part-Time,58340.68,0.037,581,High Risk - Refer,Refer to Manual Underwriting,0
APP001349,2023-01-11,Train,Travel,36500,24,Broker,NSW,Unemployed,27208.96,0.0894,554,Decline,Decline,0
APP000904,2023-09-26,Train,Car Purchase,27000,48,Online,VIC,Casual,31111.1,0.0424,577,High Risk - Refer,Refer to Manual Underwriting,0
APP004121,2023-06-08,Train,Home Renovation,24000,48,Online,QLD,Full-Time,118076.42,0.0236,595,Standard,Approve - Standard Terms,0
APP006519,2024-02-29,Train,Home Renovation,36500,24,Branch,SA,Full-Time,57266.66,0.0189,601,Preferred,Approve - Preferred Pricing,0
APP003386,2023-12-23,Train,Home Renovation,49000,36,Branch,VIC,Self-Employed,103040.01,0.0209,598,Preferred,Approve - Preferred Pricing,0
APP008021,2023-02-17,Train,Debt Consolidation,33500,36,Broker,WA,Self-Employed,82545.17,0.0156,607,Premium,Approve - Premium Pricing,0
APP006181,2023-12-30,Train,Car Purchase,30500,48,Online,VIC,Self-Employed,49776.41,0.0156,607,Premium,Approve - Premium Pricing,0
APP005487,2023-12-17,Train,Travel,12000,60,Online,NSW,Full-Time,68228.95,0.0236,595,Standard,Approve - Standard Terms,0
APP001108,2023-04-19,Train,Debt Consolidation,37000,36,Online,SA,Part-Time,23439.25,0.0585,567,High Risk - Refer,Refer to Manual Underwriting,1
APP002826,2024-03-14,Train,Car Purchase,25500,48,Online,NSW,Full-Time,78294.27,0.0258,592,Standard,Approve - Standard Terms,0
APP005611,2024-03-09,Train,Car Purchase,6000,60,Online,WA,Self-Employed,88688.96,0.0209,598,Preferred,Approve - Preferred Pricing,0
APP000549,2023-12-15,Train,Home Renovation,5500,60,Branch,NSW,Full-Time,73229.13,0.0236,595,Standard,Approve - Standard Terms,0
APP001904,2024-01-14,Train,Medical,20000,24,Branch,NSW,Full-Time,85101.23,0.0303,587,Standard,Approve - Standard Terms,0
APP008276,2023-09-11,Train,Other,14000,60,Online,WA,Full-Time,75606.98,0.0344,583,High Risk - Refer,Refer to Manual Underwriting,0
APP005097,2023-01-01,Train,Debt Consolidation,18500,36,Online,WA,Full-Time,68049.19,0.0189,601,Preferred,Approve - Preferred Pricing,0
APP005707,2023-07-25,Train,Debt Consolidation,36000,24,Broker,VIC,Part-Time,51258.62,0.0203,599,Preferred,Approve - Preferred Pricing,0
APP002235,2023-01-29,Train,Home Renovation,6000,24,Broker,QLD,Full-Time,58769.31,0.0326,585,Standard,Approve - Standard Terms,0
APP001806,2023-10-05,Train,Debt Consolidation,9500,48,Branch,NSW,Casual,19694.82,0.0765,559,Decline,Decline,0
APP008623,2023-07-11,Train,Home Renovation,22000,36,Online,QLD,Unemployed,27917.07,0.1013,550,Decline,Decline,0
APP000015,2023-09-07,Train,Medical,28000,24,Online,NSW,Self-Employed,63978.19,0.0305,587,Standard,Approve - Standard Terms,0
APP003969,2023-03-23,Train,Medical,18500,24,Online,QLD,Full-Time,48086.55,0.0189,601,Preferred,Approve - Preferred Pricing,0
APP004569,2023-08-06,Train,Travel,29500,36,Branch,QLD,Casual,21598.93,0.0177,603,Premium,Approve - Premium Pricing,0
APP008478,2023-04-06,Train,Home Renovation,46500,48,Branch,NSW,Full-Time,72640.07,0.0243,594,Standard,Approve - Standard Terms,0
APP007026,2023-11-10,Train,Medical,5000,60,Branch,WA,Self-Employed,75223.46,0.0245,593,Standard,Approve - Standard Terms,0
APP003424,2023-05-25,Train,Home Renovation,5500,48,Broker,WA,Full-Time,74357.15,0.0344,583,High Risk - Refer,Refer to Manual Underwriting,0
APP001576,2024-01-08,Train,Car Purchase,48500,48,Broker,WA,Full-Time,85453.26,0.0227,596,Standard,Approve - Standard Terms,0
APP006274,2024-01-30,Train,Debt Consolidation,3500,60,Online,VIC,Casual,22291.48,0.0433,576,High Risk - Refer,Refer to Manual Underwriting,0
APP006058,2023-08-07,Train,Other,25500,24,Broker,SA,Full-Time,43085.18,0.0276,590,Standard,Approve - Standard Terms,0
APP008162,2023-05-08,Train,Debt Consolidation,36000,24,Broker,WA,Full-Time,52544.6,0.0562,569,High Risk - Refer,Refer to Manual Underwriting,0
APP006968,2023-09-25,Train,Travel,10500,36,Online,VIC,Full-Time,129601.38,0.0189,601,Preferred,Approve - Preferred Pricing,0
APP003486,2023-09-14,Train,Home Renovation,46000,36,Broker,VIC,Full-Time,95772.65,0.0189,601,Preferred,Approve - Preferred Pricing,0
APP003243,2023-08-02,Train,Car Purchase,32500,24,Online,VIC,Full-Time,98921.86,0.0258,592,Standard,Approve - Standard Terms,0
APP007303,2024-02-16,Train,Home Renovation,49000,48,Online,VIC,Self-Employed,63041.16,0.0269,591,Standard,Approve - Standard Terms,0
APP007128,2023-05-23,Train,Debt Consolidation,34000,36,Online,QLD,Full-Time,106879.57,0.0236,595,Standard,Approve - Standard Terms,0
APP000949,2023-10-28,Train,Medical,42000,36,Online,QLD,Self-Employed,48129.17,0.0201,599,Preferred,Approve - Preferred Pricing,0
APP004147,2023-03-17,Train,Debt Consolidation,29500,36,Branch,NSW,Part-Time,28046.44,0.0792,558,Decline,Decline,0
APP006498,2023-11-28,Train,Travel,26000,48,Broker,NSW,Full-Time,113943.83,0.0236,595,Standard,Approve - Standard Terms,0
APP004221,2023-01-08,Train,Car Purchase,12000,60,Broker,VIC,Full-Time,51860.47,0.0236,595,Standard,Approve - Standard Terms,0
APP003419,2023-02-09,Train,Wedding,42000,24,Online,QLD,Full-Time,67397.32,0.0189,601,Preferred,Approve - Preferred Pricing,0
APP004905,2023-12-31,Train,Wedding,35500,60,Branch,QLD,Full-Time,84580.79,0.0189,601,Preferred,Approve - Preferred Pricing,0
APP003985,2023-12-21,Train,Car Purchase,31500,36,Online,VIC,Part-Time,25403.04,0.0254,592,Standard,Approve - Standard Terms,0
APP006042,2024-03-28,Train,Home Renovation,20500,12,Online,VIC,Full-Time,96243.67,0.0177,603,Preferred,Approve - Preferred Pricing,0
APP001637,2023-12-27,Train,Wedding,31000,36,Online,WA,Full-Time,73467.29,0.0258,592,Standard,Approve - Standard Terms,0
APP003127,2023-12-06,Train,Car Purchase,33500,12,Branch,NSW,Full-Time,89682.65,0.0258,592,Standard,Approve - Standard Terms,0
APP005148,2023-08-21,Train,Travel,10000,24,Online,WA,Full-Time,57942.17,0.0344,583,High Risk - Refer,Refer to Manual Underwriting,0
APP003222,2023-10-06,Train,Travel,27500,36,Online,WA,Full-Time,125469.92,0.0236,595,Standard,Approve - Standard Terms,0
APP000396,2023-07-27,Train,Car Purchase,38500,60,Branch,NSW,Full-Time,101801.26,0.0258,592,Standard,Approve - Standard Terms,0
APP000606,2023-11-01,Train,Debt Consolidation,48500,36,Branch,QLD,Full-Time,142425.57,0.0243,594,Standard,Approve - Standard Terms,0
APP008030,2023-10-24,Train,Travel,17500,36,Online,VIC,Unemployed,28485.43,0.136,540,Decline,Decline,0
APP007121,2023-07-06,Train,Car Purchase,36000,24,Broker,QLD,Full-Time,93637.55,0.0344,583,High Risk - Refer,Refer to Manual Underwriting,0
APP002911,2023-07-11,Train,Wedding,5000,60,Online,NSW,Full-Time,126443.92,0.0258,592,Standard,Approve - Standard Terms,0
APP001952,2024-01-23,Train,Travel,20000,48,Branch,VIC,Self-Employed,50457.94,0.0927,553,Decline,Decline,0
APP006783,2023-07-24,Train,Other,9500,48,Branch,QLD,Casual,24013.6,0.0542,570,High Risk - Refer,Refer to Manual Underwriting,0
APP000388,2023-09-13,Train,Travel,27000,12,Branch,NSW,Full-Time,83582.87,0.054,570,High Risk - Refer,Refer to Manual Underwriting,0
APP002333,2023-09-30,Train,Debt Consolidation,49000,12,Online,VIC,Casual,42348.27,0.0243,594,Standard,Approve - Standard Terms,0
APP003041,2023-07-27,Train,Debt Consolidation,18000,36,Online,QLD,Full-Time,23017.68,0.0177,603,Preferred,Approve - Preferred Pricing,0
APP007153,2023-01-29,Train,Car Purchase,34500,24,Online,NSW,Full-Time,15000.0,0.0394,579,High Risk - Refer,Refer to Manual Underwriting,0
APP008979,2023-10-20,Train,Car Purchase,18000,60,Broker,WA,Self-Employed,38645.57,0.0658,564,Decline,Decline,0
APP005921,2024-02-02,Train,Debt Consolidation,34000,60,Branch,QLD,Full-Time,90946.08,0.0189,601,Preferred,Approve - Preferred Pricing,0
APP003775,2023-12-22,Train,Wedding,38000,48,Broker,VIC,Part-Time,45225.97,0.0278,590,Standard,Approve - Standard Terms,0
APP001033,2024-02-01,Train,Car Purchase,14000,48,Broker,QLD,Full-Time,44906.48,0.0344,583,High Risk - Refer,Refer to Manual Underwriting,0
APP006077,2023-11-07,Train,Home Renovation,33500,36,Broker,QLD,Full-Time,78448.06,0.0189,601,Preferred,Approve - Preferred Pricing,0
APP000158,2023-06-09,Train,Travel,45000,36,Branch,VIC,Part-Time,62315.13,0.0319,586,Standard,Approve - Standard Terms,0
APP005911,2024-03-21,Train,Travel,8500,36,Broker,QLD,Full-Time,48140.26,0.0258,592,Standard,Approve - Standard Terms,0
APP001583,2023-07-29,Train,Car Purchase,32500,24,Online,NSW,Casual,31172.26,0.1036,549,Decline,Decline,1
APP000020,2023-07-24,Train,Home Renovation,44000,36,Online,NSW,Part-Time,60453.74,0.0278,590,Standard,Approve - Standard Terms,0
APP007171,2023-03-22,Train,Car Purchase,43500,60,Online,QLD,Full-Time,91119.93,0.0344,583,High Risk - Refer,Refer to Manual Underwriting,0
APP005635,2023-03-28,Train,Car Purchase,22500,24,Online,NSW,Part-Time,19612.0,0.0424,577,High Risk - Refer,Refer to Manual Underwriting,0
APP007294,2023-09-24,Train,Debt Consolidation,14500,12,Broker,NSW,Full-Time,38669.56,0.0303,587,Standard,Approve - Standard Terms,0
APP006549,2023-10-07,Train,Medical,12500,48,Online,NSW,Full-Time,54830.75,0.0418,578,High Risk - Refer,Refer to Manual Underwriting,0
APP006155,2023-04-15,Train,Car Purchase,36000,36,Online,QLD,Full-Time,72956.32,0.0177,603,Preferred,Approve - Preferred Pricing,0
APP001006,2023-06-04,Train,Car Purchase,40000,60,Online,NSW,Part-Time,35755.35,0.0319,586,Standard,Approve - Standard Terms,0
APP008709,2023-06-15,Train,Debt Consolidation,4500,48,Branch,QLD,Full-Time,59211.94,0.1142,546,Decline,Decline,0
APP008045,2023-06-23,Train,Home Renovation,33500,60,Broker,QLD,Full-Time,72557.02,0.0765,559,Decline,Decline,0
APP004679,2023-01-28,Train,Travel,29000,36,Online,QLD,Self-Employed,74196.66,0.0414,578,High Risk - Refer,Refer to Manual Underwriting,0
APP005183,2023-07-11,Train,Travel,9500,12,Broker,VIC,Full-Time,85690.63,0.0177,603,Preferred,Approve - Preferred Pricing,0
APP002540,2023-07-31,Train,Debt Consolidation,6000,48,Online,QLD,Full-Time,53759.59,0.0258,592,Standard,Approve - Standard Terms,0
APP004334,2024-01-20,Train,Home Renovation,13500,36,Branch,VIC,Self-Employed,57439.07,0.0263,591,Standard,Approve - Standard Terms,0
APP000448,2023-01-18,Train,Medical,30000,36,Broker,NSW,Full-Time,102211.23,0.0236,595,Standard,Approve - Standard Terms,0
APP004414,2023-12-11,Train,Debt Consolidation,7000,24,Online,NSW,Self-Employed,67476.22,0.0167,605,Premium,Approve - Premium Pricing,0
APP007668,2024-03-28,Train,Debt Consolidation,13500,36,Online,NSW,Part-Time,41310.67,0.0254,592,Standard,Approve - Standard Terms,0
APP008614,2023-07-30,Train,Other,11000,36,Online,VIC,Full-Time,50061.07,0.0276,590,Standard,Approve - Standard Terms,0
APP004886,2023-08-08,Train,Debt Consolidation,5500,24,Online,NSW,Full-Time,69032.77,0.0177,603,Preferred,Approve - Preferred Pricing,0
APP008756,2023-01-19,Train,Wedding,25000,36,Online,SA,Full-Time,96762.57,0.054,570,High Risk - Refer,Refer to Manual Underwriting,0
APP006177,2023-09-23,Train,Car Purchase,24000,36,Branch,QLD,Part-Time,60683.04,0.019,601,Preferred,Approve - Preferred Pricing,0
APP007843,2023-01-08,Train,Debt Consolidation,45500,36,Online,NSW,Self-Employed,59954.38,0.0215,597,Preferred,Approve - Preferred Pricing,0
APP000867,2023-09-26,Train,Car Purchase,15500,36,Broker,VIC,Full-Time,78058.73,0.0394,579,High Risk - Refer,Refer to Manual Underwriting,0
APP000112,2023-03-06,Train,Other,43000,48,Broker,NSW,Full-Time,39817.39,0.0227,596,Standard,Approve - Standard Terms,0
APP006704,2024-03-10,Train,Debt Consolidation,9000,24,Branch,QLD,Part-Time,39668.49,0.0203,599,Preferred,Approve - Preferred Pricing,0
APP001198,2023-11-03,Train,Other,43000,36,Broker,VIC,Full-Time,71167.0,0.0845,556,Decline,Decline,0
APP005917,2023-11-02,Train,Car Purchase,41000,36,Online,NSW,Part-Time,40549.62,0.0603,566,Decline,Decline,0
APP000078,2023-08-02,Train,Home Renovation,21500,48,Branch,WA,Self-Employed,64062.65,0.0156,607,Premium,Approve - Premium Pricing,0
APP002156,2023-07-21,Train,Travel,29000,60,Branch,WA,Full-Time,81314.33,0.0344,583,High Risk - Refer,Refer to Manual Underwriting,0
APP006314,2023-05-08,Train,Car Purchase,25000,24,Online,VIC,Full-Time,72393.49,0.0236,595,Standard,Approve - Standard Terms,0
APP008550,2023-11-01,Train,Car Purchase,26000,24,Branch,NSW,Unemployed,15000.0,0.0657,564,Decline,Decline,0
APP005790,2023-07-23,Train,Home Renovation,12000,36,Online,NSW,Full-Time,38290.16,0.0258,592,Standard,Approve - Standard Terms,0
APP006160,2024-03-21,Train,Medical,43500,36,Online,VIC,Full-Time,57875.94,0.0236,595,Standard,Approve - Standard Terms,0
APP003313,2023-11-01,Train,Debt Consolidation,32500,48,Broker,VIC,Full-Time,50059.78,0.0562,569,High Risk - Refer,Refer to Manual Underwriting,0
APP006803,2023-09-20,Train,Debt Consolidation,16000,48,Online,QLD,Part-Time,42615.49,0.0909,554,Decline,Decline,0
APP005935,2024-03-04,Train,Home Renovation,16500,48,Broker,WA,Full-Time,86341.87,0.0189,601,Preferred,Approve - Preferred Pricing,0
APP004927,2023-06-10,Train,Debt Consolidation,37000,24,Broker,NT,Full-Time,49084.55,0.0177,603,Preferred,Approve - Preferred Pricing,0
APP000102,2023-10-09,Train,Wedding,4000,12,Branch,VIC,Self-Employed,35653.24,0.0167,605,Premium,Approve - Premium Pricing,0
APP000106,2023-10-03,Train,Car Purchase,15500,60,Broker,SA,Full-Time,89501.23,0.0189,601,Preferred,Approve - Preferred Pricing,0
APP005982,2023-07-19,Train,Debt Consolidation,35000,48,Online,VIC,Unemployed,17663.95,0.1405,539,Decline,Decline,0
APP000035,2023-07-09,Train,Debt Consolidation,9500,24,Online,SA,Casual,43902.44,0.0227,596,Preferred,Approve - Preferred Pricing,0
APP008995,2023-01-23,Train,Car Purchase,19500,24,Online,SA,Full-Time,117257.81,0.0258,592,Standard,Approve - Standard Terms,0
APP003834,2023-08-30,Train,Car Purchase,15000,36,Broker,WA,Casual,27656.48,0.0344,583,Standard,Approve - Standard Terms,0
APP005753,2024-03-09,Train,Other,33000,36,Online,NSW,Full-Time,86672.0,0.0303,587,Standard,Approve - Standard Terms,0
APP002477,2023-02-06,Train,Home Renovation,38000,60,Branch,NSW,Full-Time,74502.74,0.0236,595,Standard,Approve - Standard Terms,0
APP003454,2023-09-02,Train,Wedding,29000,36,Online,NSW,Full-Time,79113.87,0.1006,550,Decline,Decline,0
APP005320,2024-01-11,Train,Car Purchase,36500,24,Branch,VIC,Casual,45248.36,0.0303,587,Standard,Approve - Standard Terms,0
APP006907,2023-06-28,Train,Travel,22000,48,Online,WA,Full-Time,30059.16,0.0236,595,Standard,Approve - Standard Terms,0
APP001014,2023-04-28,Train,Debt Consolidation,25000,36,Broker,VIC,Self-Employed,102540.0,0.0156,607,Premium,Approve - Premium Pricing,0
APP000709,2023-07-04,Train,Debt Consolidation,37000,48,Online,VIC,Full-Time,76178.98,0.0344,583,High Risk - Refer,Refer to Manual Underwriting,0
APP002095,2023-01-02,Train,Wedding,47500,24,Online,WA,Full-Time,37149.78,0.0236,595,Standard,Approve - Standard Terms,0
APP004839,2023-06-24,Train,Home Renovation,28000,24,Branch,QLD,Full-Time,33968.13,0.0189,601,Preferred,Approve - Preferred Pricing,0
APP004206,2023-06-30,Train,Travel,34000,12,Branch,WA,Full-Time,65639.79,0.0258,592,Standard,Approve - Standard Terms,0
APP002030,2023-01-04,Train,Other,19500,24,Online,QLD,Self-Employed,70429.16,0.0156,607,Premium,Approve - Premium Pricing,0
APP002045,2023-12-06,Train,Debt Consolidation,26000,48,Branch,VIC,Full-Time,77922.88,0.0189,601,Preferred,Approve - Preferred Pricing,0
APP004151,2023-11-12,Train,Car Purchase,12500,12,Online,SA,Self-Employed,40982.68,0.0167,605,Premium,Approve - Premium Pricing,0
APP008143,2023-10-06,Train,Debt Consolidation,22000,24,Branch,NSW,Full-Time,111607.11,0.0177,603,Preferred,Approve - Preferred Pricing,0
APP002941,2024-03-07,Train,Car Purchase,32500,60,Broker,WA,Full-Time,92603.71,0.0474,574,High Risk - Refer,Refer to Manual Underwriting,0
APP004076,2024-03-10,Train,Debt Consolidation,48000,24,Online,NSW,Full-Time,45021.05,0.0243,594,Standard,Approve - Standard Terms,0
APP001256,2023-04-22,Train,Wedding,25000,48,Branch,QLD,Full-Time,90946.08,0.0189,601,Preferred,Approve - Preferred Pricing,0
APP000274,2024-02-07,Train,Home Renovation,8000,60,Broker,NSW,Casual,46198.52,0.0344,583,Standard,Approve - Standard Terms,0
APP008925,2023-05-29,Train,Car Purchase,40000,36,Broker,VIC,Full-Time,48723.94,0.0344,583,High Risk - Refer,Refer to Manual Underwriting,0
APP001115,2023-12-22,Train,Other,38000,36,Branch,NSW,Full-Time,82137.61,0.0738,560,Decline,Decline,0
APP008044,2023-02-01,Train,Travel,30500,60,Online,QLD,Full-Time,110496.7,0.0189,601,Preferred,Approve - Preferred Pricing,0
APP006949,2023-11-13,Train,Car Purchase,21500,24,Online,SA,Part-Time,60452.12,0.058,568,High Risk - Refer,Refer to Manual Underwriting,0
APP007858,2023-03-17,Train,Other,29000,48,Branch,NSW,Full-Time,80044.7,0.0189,601,Preferred,Approve - Preferred Pricing,0
APP007974,2023-09-16,Train,Debt Consolidation,13500,48,Broker,NSW,Full-Time,62184.4,0.0276,590,Standard,Approve - Standard Terms,0
APP003228,2023-06-08,Train,Debt Consolidation,11000,36,Branch,VIC,Casual,34305.16,0.0659,564,Decline,Decline,0
APP001974,2023-12-20,Train,Car Purchase,11500,24,Online,WA,Full-Time,91335.11,0.0344,583,High Risk - Refer,Refer to Manual Underwriting,0
APP003090,2023-11-03,Train,Wedding,27000,60,Online,VIC,Full-Time,64163.47,0.0189,601,Preferred,Approve - Preferred Pricing,0
APP005323,2023-09-03,Train,Home Renovation,18000,36,Branch,VIC,Self-Employed,60102.39,0.0209,598,Preferred,Approve - Preferred Pricing,0
APP004544,2023-11-11,Train,Car Purchase,34000,12,Broker,VIC,Self-Employed,68393.53,0.0209,598,Preferred,Approve - Preferred Pricing,0
APP005592,2023-02-06,Train,Debt Consolidation,17500,24,Broker,VIC,Full-Time,73992.6,0.0227,596,Standard,Approve - Standard Terms,0
APP007957,2024-03-02,Train,Car Purchase,7000,60,Branch,VIC,Part-Time,61066.22,0.0326,585,Standard,Approve - Standard Terms,0
APP004638,2023-08-22,Train,Travel,32000,24,Branch,VIC,Full-Time,157198.21,0.0189,601,Preferred,Approve - Preferred Pricing,0
APP002679,2023-05-21,Train,Debt Consolidation,44500,36,Broker,NSW,Full-Time,69145.61,0.0453,575,High Risk - Refer,Refer to Manual Underwriting,0
APP004561,2023-01-19,Train,Debt Consolidation,25000,24,Online,NSW,Full-Time,80074.33,0.0317,586,Standard,Approve - Standard Terms,0
APP004220,2023-03-19,Train,Wedding,41500,36,Online,QLD,Self-Employed,32859.88,0.0269,591,Standard,Approve - Standard Terms,0
APP000045,2024-01-29,Train,Medical,22500,36,Online,VIC,Self-Employed,109451.8,0.0229,595,Standard,Approve - Standard Terms,0
APP005020,2024-02-04,Train,Debt Consolidation,22000,60,Online,QLD,Full-Time,55209.17,0.0344,583,High Risk - Refer,Refer to Manual Underwriting,0
APP001213,2023-03-14,Train,Debt Consolidation,11000,36,Broker,WA,Unemployed,15000.0,0.1858,530,Decline,Decline,0
APP000777,2023-07-25,Train,Car Purchase,26000,48,Online,QLD,Full-Time,77547.95,0.0227,596,Standard,Approve - Standard Terms,0
APP006399,2023-05-17,Train,Car Purchase,14500,36,Online,SA,Full-Time,39222.07,0.0768,559,Decline,Decline,0
APP001542,2023-02-20,Train,Wedding,41500,36,Online,NSW,Full-Time,70071.63,0.0394,579,High Risk - Refer,Refer to Manual Underwriting,0
APP007815,2023-05-07,Train,Debt Consolidation,45000,60,Online,NSW,Full-Time,77034.03,0.0189,601,Preferred,Approve - Preferred Pricing,0
APP008172,2023-01-19,Train,Car Purchase,29000,24,Online,QLD,Full-Time,45911.25,0.0227,596,Standard,Approve - Standard Terms,0
APP002623,2023-07-25,Train,Car Purchase,35000,36,Online,SA,Full-Time,91209.64,0.0177,603,Preferred,Approve - Preferred Pricing,0
APP006943,2023-06-14,Train,Car Purchase,29000,48,Online,QLD,Full-Time,95479.71,0.0344,583,High Risk - Refer,Refer to Manual Underwriting,0
APP002475,2023-09-10,Train,Debt Consolidation,27500,36,Broker,WA,Full-Time,90809.46,0.0177,603,Preferred,Approve - Preferred Pricing,0
APP000684,2023-06-08,Train,Travel,22500,48,Online,VIC,Full-Time,74168.42,0.0177,603,Preferred,Approve - Preferred Pricing,0
APP004469,2024-01-11,Train,Medical,31500,36,Branch,NSW,Casual,49020.44,0.0424,577,High Risk - Refer,Refer to Manual Underwriting,0
APP006000,2023-01-06,Train,Wedding,30500,48,Branch,NSW,Full-Time,88645.24,0.0258,592,Standard,Approve - Standard Terms,0
APP008817,2023-10-18,Train,Car Purchase,44500,36,Online,VIC,Full-Time,60874.49,0.0303,587,Standard,Approve - Standard Terms,0
APP004113,2023-08-22,Train,Travel,33000,48,Online,QLD,Full-Time,53363.66,0.0189,601,Preferred,Approve - Preferred Pricing,0
APP008457,2024-03-31,Train,Debt Consolidation,25000,36,Broker,VIC,Part-Time,47307.4,0.019,601,Preferred,Approve - Preferred Pricing,0
APP007873,2023-06-01,Train,Car Purchase,38000,12,Online,NSW,Part-Time,46183.51,0.0278,590,Standard,Approve - Standard Terms,0
APP001690,2024-03-16,Train,Medical,18500,60,Online,NSW,Full-Time,90254.22,0.0326,585,Standard,Approve - Standard Terms,0
APP005429,2023-01-23,Train,Medical,41500,12,Branch,VIC,Part-Time,21424.8,0.0585,567,High Risk - Refer,Refer to Manual Underwriting,0
APP001384,2023-05-02,Train,Medical,18000,36,Online,VIC,Full-Time,22981.36,0.0474,574,High Risk - Refer,Refer to Manual Underwriting,0
APP000789,2023-10-18,Train,Debt Consolidation,41500,60,Online,NSW,Self-Employed,74576.36,0.0305,587,Standard,Approve - Standard Terms,0
APP003025,2023-04-17,Train,Debt Consolidation,2000,36,Online,VIC,Full-Time,57533.43,0.0258,592,Standard,Approve - Standard Terms,0
APP004872,2023-08-07,Train,Debt Consolidation,8000,24,Online,NSW,Self-Employed,57368.19,0.0245,593,Standard,Approve - Standard Terms,0
APP006847,2023-12-11,Train,Travel,21500,24,Branch,NSW,Full-Time,116284.86,0.0258,592,Standard,Approve - Standard Terms,0
APP000593,2023-07-07,Train,Home Renovation,15000,60,Branch,SA,Full-Time,37575.07,0.0344,583,High Risk - Refer,Refer to Manual Underwriting,0
APP000073,2023-01-31,Train,Car Purchase,8500,36,Online,QLD,Full-Time,89085.32,0.0344,583,High Risk - Refer,Refer to Manual Underwriting,0
APP005957,2023-10-26,Train,Travel,48000,36,Broker,QLD,Full-Time,75664.52,0.0276,590,Standard,Approve - Standard Terms,0
APP002938,2023-11-16,Train,Travel,13000,60,Branch,NSW,Full-Time,85342.46,0.0344,583,High Risk - Refer,Refer to Manual Underwriting,0
APP000523,2023-05-24,Train,Debt Consolidation,38000,60,Branch,NSW,Part-Time,57455.74,0.0278,590,Standard,Approve - Standard Terms,0
APP002931,2023-03-04,Train,Other,18500,36,Online,QLD,Self-Employed,51028.71,0.0305,587,Standard,Approve - Standard Terms,0
APP005625,2023-10-30,Train,Car Purchase,40000,12,Online,NSW,Self-Employed,69296.17,0.0156,607,Premium,Approve - Premium Pricing,0
APP008898,2023-06-02,Train,Debt Consolidation,12500,36,Online,QLD,Full-Time,15000.0,0.0344,583,High Risk - Refer,Refer to Manual Underwriting,0
APP001520,2023-06-11,Train,Car Purchase,6500,24,Broker,VIC,Self-Employed,80870.85,0.0167,605,Premium,Approve - Premium Pricing,0
APP002925,2023-01-11,Train,Debt Consolidation,14500,48,Branch,NSW,Full-Time,84555.3,0.0258,592,Standard,Approve - Standard Terms,0
APP007404,2024-02-12,Train,Debt Consolidation,34500,36,Branch,NSW,Full-Time,98560.96,0.0276,590,Standard,Approve - Standard Terms,0
APP001881,2023-02-15,Train,Medical,33500,12,Branch,WA,Part-Time,38348.02,0.0424,577,High Risk - Refer,Refer to Manual Underwriting,0
APP008661,2024-02-17,Train,Travel,31000,60,Online,SA,Part-Time,46521.96,0.0254,592,Standard,Approve - Standard Terms,0
APP007181,2024-01-03,Train,Home Renovation,25500,48,Branch,NSW,Self-Employed,37173.69,0.0156,607,Premium,Approve - Premium Pricing,0
APP008311,2024-01-23,Train,Home Renovation,3000,60,Online,VIC,Part-Time,25617.57,0.0326,585,Standard,Approve - Standard Terms,0
APP002502,2023-07-30,Train,Debt Consolidation,41000,36,Online,VIC,Casual,46681.77,0.0236,595,Standard,Approve - Standard Terms,0
APP007084,2023-10-04,Train,Travel,25000,24,Online,NSW,Part-Time,45706.84,0.037,581,High Risk - Refer,Refer to Manual Underwriting,0
APP007021,2023-09-07,Train,Car Purchase,27500,36,Branch,WA,Part-Time,38960.21,0.058,568,High Risk - Refer,Refer to Manual Underwriting,1
APP004370,2023-05-28,Train,Debt Consolidation,46500,36,Branch,QLD,Full-Time,99753.51,0.0258,592,Standard,Approve - Standard Terms,0
APP001850,2023-10-30,Train,Medical,5000,36,Branch,QLD,Full-Time,78877.11,0.0189,601,Preferred,Approve - Preferred Pricing,0
APP006445,2023-08-11,Train,Wedding,37500,12,Online,NSW,Part-Time,38816.52,0.0326,585,Standard,Approve - Standard Terms,0
APP007671,2023-08-13,Train,Debt Consolidation,48500,24,Branch,NSW,Part-Time,31797.33,0.0603,566,Decline,Decline,0
APP002688,2023-08-23,Train,Debt Consolidation,25000,48,Broker,QLD,Full-Time,102716.45,0.0227,596,Standard,Approve - Standard Terms,0
APP005494,2023-02-28,Train,Home Renovation,40000,36,Broker,WA,Full-Time,75606.98,0.0236,595,Standard,Approve - Standard Terms,0
APP003716,2024-03-19,Train,Wedding,29500,36,Online,NSW,Part-Time,57455.74,0.0823,557,Decline,Decline,0
APP000846,2024-01-02,Train,Other,15000,60,Broker,QLD,Full-Time,99032.73,0.0189,601,Preferred,Approve - Preferred Pricing,0
APP006873,2024-02-07,Train,Debt Consolidation,37500,36,Branch,QLD,Casual,44324.93,0.0236,595,Standard,Approve - Standard Terms,0
APP008292,2023-08-09,Train,Debt Consolidation,31500,36,Online,SA,Self-Employed,48182.75,0.0269,591,Standard,Approve - Standard Terms,0
APP005687,2024-03-06,Train,Other,44500,24,Online,WA,Full-Time,70744.87,0.0177,603,Preferred,Approve - Preferred Pricing,0
APP007623,2023-03-28,Train,Other,20000,48,Branch,WA,Full-Time,53271.22,0.0177,603,Preferred,Approve - Preferred Pricing,0
APP006938,2023-03-16,Train,Debt Consolidation,8500,48,Online,VIC,Part-Time,23105.82,0.0456,575,High Risk - Refer,Refer to Manual Underwriting,0
APP006625,2024-01-26,Train,Wedding,44000,36,Online,QLD,Self-Employed,46496.63,0.0245,593,Standard,Approve - Standard Terms,0
APP007575,2024-01-22,Train,Debt Consolidation,8000,36,Online,SA,Full-Time,91447.82,0.0189,601,Preferred,Approve - Preferred Pricing,0
APP008766,2023-04-25,Train,Wedding,35500,36,Branch,VIC,Full-Time,79459.21,0.0227,596,Standard,Approve - Standard Terms,0
APP004953,2023-08-23,Train,Wedding,19500,36,Branch,NSW,Self-Employed,52429.51,0.0156,607,Premium,Approve - Premium Pricing,0
APP005231,2023-08-03,Train,Home Renovation,43000,36,Online,QLD,Full-Time,108439.88,0.0177,603,Preferred,Approve - Preferred Pricing,0
APP002661,2023-10-17,Train,Travel,28500,60,Online,SA,Full-Time,88861.57,0.0177,603,Preferred,Approve - Preferred Pricing,0
APP003474,2023-04-14,Train,Travel,18500,48,Broker,VIC,Part-Time,60227.56,0.0278,590,Standard,Approve - Standard Terms,0
APP008675,2023-10-15,Train,Medical,17000,24,Online,VIC,Part-Time,52059.67,0.0351,583,High Risk - Refer,Refer to Manual Underwriting,0
APP008617,2023-01-24,Train,Debt Consolidation,26500,36,Online,NSW,Unemployed,18804.11,0.136,540,Decline,Decline,0
APP004943,2023-03-01,Train,Debt Consolidation,29000,12,Online,SA,Part-Time,50929.86,0.0424,577,High Risk - Refer,Refer to Manual Underwriting,0
APP001317,2023-08-18,Train,Car Purchase,18500,24,Online,NSW,Full-Time,80165.93,0.0243,594,Standard,Approve - Standard Terms,0
APP007659,2023-05-13,Train,Wedding,8500,36,Broker,NSW,Self-Employed,64604.5,0.0305,587,Standard,Approve - Standard Terms,0
APP000825,2023-01-01,Train,Debt Consolidation,23500,60,Broker,NSW,Part-Time,33201.9,0.0351,583,High Risk - Refer,Refer to Manual Underwriting,0
APP007487,2023-02-15,Train,Medical,17000,48,Online,NSW,Part-Time,33626.53,0.0906,554,Decline,Decline,0
APP006586,2023-01-10,Train,Car Purchase,3500,24,Broker,VIC,Part-Time,25403.04,0.0438,576,High Risk - Refer,Refer to Manual Underwriting,0
APP003606,2023-05-01,Train,Debt Consolidation,39500,48,Broker,NSW,Full-Time,83036.17,0.0177,603,Preferred,Approve - Preferred Pricing,0
APP008880,2023-07-14,Train,Wedding,29500,48,Branch,NSW,Part-Time,23607.37,0.0326,585,Standard,Approve - Standard Terms,0
APP008746,2023-05-05,Train,Car Purchase,9000,36,Online,VIC,Full-Time,81660.28,0.0227,596,Standard,Approve - Standard Terms,0
APP002474,2023-12-19,Train,Medical,12500,24,Branch,NSW,Part-Time,41310.67,0.0582,567,High Risk - Refer,Refer to Manual Underwriting,0
APP008752,2023-12-05,Train,Debt Consolidation,39000,48,Online,VIC,Part-Time,39093.04,0.0792,558,Decline,Decline,0
APP007978,2024-01-31,Train,Car Purchase,23500,12,Branch,NSW,Unemployed,15000.0,0.1858,530,Decline,Decline,0
APP004510,2023-01-25,Train,Debt Consolidation,34500,48,Online,VIC,Unemployed,17663.95,0.141,539,Decline,Decline,0
APP008687,2023-08-04,Train,Debt Consolidation,13000,60,Broker,NSW,Full-Time,42716.22,0.0276,590,Standard,Approve - Standard Terms,0
APP005141,2023-07-08,Train,Other,36000,24,Online,QLD,Full-Time,108952.22,0.0276,590,Standard,Approve - Standard Terms,0
APP008737,2024-03-28,Train,Debt Consolidation,29500,24,Online,NSW,Full-Time,64474.51,0.0177,603,Preferred,Approve - Preferred Pricing,0
APP001908,2023-05-10,Train,Home Renovation,33000,48,Online,SA,Full-Time,77538.8,0.0236,595,Standard,Approve - Standard Terms,0
APP004207,2023-09-22,Train,Travel,39500,36,Branch,NSW,Full-Time,69198.5,0.0344,583,High Risk - Refer,Refer to Manual Underwriting,0
APP001165,2023-07-28,Train,Medical,27500,48,Branch,WA,Self-Employed,47092.31,0.1213,544,Decline,Decline,1
APP001742,2023-06-18,Train,Other,36500,60,Branch,NSW,Full-Time,68705.34,0.0177,603,Preferred,Approve - Preferred Pricing,0
APP000724,2023-12-10,Train,Car Purchase,34500,60,Online,NSW,Full-Time,26389.75,0.0227,596,Standard,Approve - Standard Terms,0
APP007892,2023-06-01,Train,Debt Consolidation,47500,48,Online,SA,Full-Time,112679.33,0.0189,601,Preferred,Approve - Preferred Pricing,0
APP007102,2023-08-17,Train,Travel,2000,60,Online,VIC,Self-Employed,61679.16,0.0156,607,Premium,Approve - Premium Pricing,0
APP001569,2023-05-09,Train,Car Purchase,18500,36,Broker,SA,Full-Time,66373.1,0.0317,586,Standard,Approve - Standard Terms,0
APP004923,2023-01-10,Train,Other,16500,24,Branch,QLD,Full-Time,123396.22,0.0303,587,Standard,Approve - Standard Terms,0
APP001988,2023-06-26,Train,Travel,36000,24,Broker,VIC,Full-Time,58287.13,0.0344,583,High Risk - Refer,Refer to Manual Underwriting,0
APP008034,2023-06-11,Train,Car Purchase,45000,24,Online,WA,Unemployed,15000.0,0.0581,568,High Risk - Refer,Refer to Manual Underwriting,0
APP000873,2023-08-13,Train,Home Renovation,49500,24,Branch,WA,Full-Time,63569.86,0.0189,601,Preferred,Approve - Preferred Pricing,0
APP002607,2023-11-05,Train,Car Purchase,18000,48,Online,NSW,Full-Time,15000.0,0.0236,595,Standard,Approve - Standard Terms,0
APP000241,2023-09-30,Train,Car Purchase,15500,36,Branch,VIC,Part-Time,36634.69,0.019,601,Preferred,Approve - Preferred Pricing,0
APP005767,2023-04-06,Train,Wedding,14500,36,Branch,NSW,Part-Time,52671.18,0.0278,590,Standard,Approve - Standard Terms,0
APP003187,2023-07-15,Train,Car Purchase,7000,48,Broker,QLD,Part-Time,42615.49,0.037,581,High Risk - Refer,Refer to Manual Underwriting,0
APP008795,2023-01-15,Train,Debt Consolidation,50000,24,Online,QLD,Self-Employed,30183.86,0.0269,591,Standard,Approve - Standard Terms,0
APP001931,2023-12-26,Train,Home Renovation,37000,24,Broker,NSW,Self-Employed,57268.01,0.0305,587,Standard,Approve - Standard Terms,0
APP000267,2023-06-13,Train,Car Purchase,8000,24,Broker,NSW,Part-Time,34217.67,0.0582,567,High Risk - Refer,Refer to Manual Underwriting,0
APP002175,2024-01-18,Train,Travel,28000,48,Broker,QLD,Full-Time,66401.55,0.0738,560,Decline,Decline,0
APP007876,2023-11-19,Train,Travel,27000,36,Online,VIC,Full-Time,73940.41,0.0394,579,High Risk - Refer,Refer to Manual Underwriting,0
APP008408,2023-06-24,Train,Travel,10500,36,Online,ACT,Self-Employed,76621.62,0.0305,587,Standard,Approve - Standard Terms,0
APP005851,2023-03-22,Train,Car Purchase,23500,36,Branch,VIC,Self-Employed,74838.76,0.0156,607,Premium,Approve - Premium Pricing,0
APP000495,2023-02-03,Train,Wedding,45000,12,Online,QLD,Full-Time,78448.06,0.0189,601,Preferred,Approve - Preferred Pricing,0
APP001293,2023-01-12,Train,Debt Consolidation,35500,60,Branch,VIC,Part-Time,48894.46,0.019,601,Preferred,Approve - Preferred Pricing,0
APP000215,2023-12-18,Train,Travel,3500,48,Broker,QLD,Full-Time,59131.11,0.0236,595,Standard,Approve - Standard Terms,0
APP001790,2023-12-24,Train,Debt Consolidation,42000,36,Online,NSW,Full-Time,58200.59,0.1142,546,Decline,Decline,0
APP000772,2023-09-15,Train,Debt Consolidation,14000,48,Branch,NSW,Full-Time,89033.77,0.0236,595,Standard,Approve - Standard Terms,0
APP001090,2023-07-10,Train,Debt Consolidation,25500,12,Online,VIC,Self-Employed,55328.85,0.0156,607,Premium,Approve - Premium Pricing,0
APP007763,2023-08-28,Train,Home Renovation,30500,48,Branch,NSW,Part-Time,40723.25,0.0424,577,High Risk - Refer,Refer to Manual Underwriting,1
APP001825,2023-03-26,Train,Car Purchase,11000,24,Broker,QLD,Full-Time,101281.17,0.0258,592,Standard,Approve - Standard Terms,0
APP003410,2024-03-28,Train,Debt Consolidation,23500,12,Branch,TAS,Full-Time,57674.84,0.0344,583,High Risk - Refer,Refer to Manual Underwriting,0
APP006556,2024-01-31,Train,Car Purchase,5500,36,Online,QLD,Part-Time,43535.48,0.0603,566,Decline,Decline,0
APP005404,2023-08-16,Train,Debt Consolidation,2000,36,Online,VIC,Self-Employed,68765.85,0.0269,591,Standard,Approve - Standard Terms,0
APP004490,2023-04-28,Train,Home Renovation,11000,12,Online,NSW,Full-Time,84892.9,0.0258,592,Standard,Approve - Standard Terms,0
APP006520,2023-04-24,Train,Travel,24500,48,Broker,NSW,Full-Time,69168.82,0.0236,595,Standard,Approve - Standard Terms,0
APP007238,2023-04-04,Train,Home Renovation,46500,12,Branch,VIC,Casual,36210.83,0.0303,587,Standard,Approve - Standard Terms,0
APP008294,2023-05-26,Train,Debt Consolidation,38500,36,Online,WA,Full-Time,80946.42,0.0394,579,High Risk - Refer,Refer to Manual Underwriting,0
APP000729,2023-01-19,Train,Car Purchase,50000,36,Online,SA,Part-Time,60452.12,0.0364,582,High Risk - Refer,Refer to Manual Underwriting,0
APP007144,2023-05-16,Train,Debt Consolidation,26000,36,Branch,QLD,Casual,31936.43,0.0326,585,Standard,Approve - Standard Terms,0
APP003489,2024-01-14,Train,Car Purchase,45500,48,Online,NSW,Part-Time,39091.11,0.0585,567,High Risk - Refer,Refer to Manual Underwriting,0
APP007535,2023-06-17,Train,Home Renovation,29000,12,Online,NSW,Part-Time,41246.81,0.0823,557,Decline,Decline,0
APP000537,2023-04-21,Train,Debt Consolidation,5500,12,Broker,QLD,Full-Time,105723.28,0.0177,603,Preferred,Approve - Preferred Pricing,0
APP001378,2023-03-09,Train,Car Purchase,23000,12,Online,VIC,Part-Time,39093.04,0.0326,585,Standard,Approve - Standard Terms,0
APP008654,2023-09-28,Train,Car Purchase,40500,60,Broker,VIC,Full-Time,88426.21,0.0408,578,High Risk - Refer,Refer to Manual Underwriting,0
APP006061,2023-01-03,Train,Debt Consolidation,27000,12,Branch,VIC,Full-Time,57302.63,0.0394,579,High Risk - Refer,Refer to Manual Underwriting,0
APP006638,2023-03-08,Train,Car Purchase,38000,36,Broker,WA,Full-Time,70714.72,0.0344,583,High Risk - Refer,Refer to Manual Underwriting,0
APP007541,2023-05-02,Train,Other,35000,12,Broker,WA,Part-Time,20966.94,0.0528,570,High Risk - Refer,Refer to Manual Underwriting,0
APP003630,2023-06-10,Train,Debt Consolidation,39000,48,Online,QLD,Self-Employed,89164.76,0.0209,598,Preferred,Approve - Preferred Pricing,0
APP000575,2023-07-09,Train,Car Purchase,34000,36,Online,SA,Full-Time,56182.51,0.0595,567,High Risk - Refer,Refer to Manual Underwriting,0
APP004025,2023-01-20,Train,Medical,37500,36,Broker,QLD,Full-Time,97756.23,0.0276,590,Standard,Approve - Standard Terms,0
APP005280,2023-10-05,Train,Home Renovation,42500,36,Online,NSW,Full-Time,47021.94,0.0236,595,Standard,Approve - Standard Terms,0
APP003114,2023-07-01,Train,Debt Consolidation,39500,60,Online,NSW,Full-Time,77423.02,0.0177,603,Preferred,Approve - Preferred Pricing,0
APP004332,2024-02-01,Train,Debt Consolidation,10500,24,Branch,NSW,Full-Time,50360.01,0.0394,579,High Risk - Refer,Refer to Manual Underwriting,0
APP006692,2023-01-11,Train,Home Renovation,19500,48,Broker,NSW,Full-Time,105810.92,0.0189,601,Preferred,Approve - Preferred Pricing,0
APP008679,2023-05-24,Train,Medical,35500,24,Online,VIC,Part-Time,60204.93,0.1275,543,Decline,Decline,1
APP004794,2024-03-08,Train,Car Purchase,14000,24,Broker,VIC,Self-Employed,74569.76,0.0167,605,Premium,Approve - Premium Pricing,0
APP007014,2023-05-10,Train,Car Purchase,6000,60,Online,NSW,Unemployed,16043.63,0.2029,527,Decline,Decline,0
APP000528,2023-03-28,Train,Medical,36500,36,Online,NSW,Full-Time,106384.39,0.0276,590,Standard,Approve - Standard Terms,0
APP004245,2023-01-02,Train,Home Renovation,45000,48,Broker,NSW,Full-Time,66639.02,0.0258,592,Standard,Approve - Standard Terms,0
APP003029,2023-07-12,Train,Debt Consolidation,6500,24,Branch,QLD,Full-Time,127325.14,0.0189,601,Preferred,Approve - Preferred Pricing,0
APP008255,2023-07-04,Train,Car Purchase,28000,48,Branch,VIC,Casual,51290.19,0.0765,559,Decline,Decline,0
APP002186,2023-11-14,Train,Car Purchase,29000,24,Online,SA,Part-Time,57614.62,0.0254,592,Standard,Approve - Standard Terms,0
APP007400,2023-02-27,Train,Other,27500,48,Branch,NSW,Casual,53966.32,0.0303,587,Standard,Approve - Standard Terms,0
APP000875,2024-02-11,Train,Car Purchase,42000,24,Online,VIC,Full-Time,68879.57,0.0344,583,High Risk - Refer,Refer to Manual Underwriting,0
APP001719,2023-02-27,Train,Home Renovation,12500,12,Online,ACT,Full-Time,80444.99,0.0276,590,Standard,Approve - Standard Terms,0
APP002310,2023-10-06,Train,Debt Consolidation,21500,60,Online,SA,Full-Time,109413.56,0.0189,601,Preferred,Approve - Preferred Pricing,0
APP002172,2024-03-17,Train,Debt Consolidation,6000,24,Broker,QLD,Full-Time,105925.43,0.0189,601,Preferred,Approve - Preferred Pricing,0
APP008827,2023-12-30,Train,Travel,21000,24,Branch,NT,Full-Time,75168.43,0.054,570,High Risk - Refer,Refer to Manual Underwriting,0
APP002946,2023-04-06,Train,Travel,22500,36,Branch,WA,Casual,37502.68,0.0344,583,Standard,Approve - Standard Terms,0
APP003319,2023-01-17,Train,Debt Consolidation,14000,36,Online,NSW,Full-Time,90680.29,0.0177,603,Preferred,Approve - Preferred Pricing,0
APP004855,2023-01-24,Train,Car Purchase,23500,36,Branch,QLD,Full-Time,88298.5,0.1142,546,Decline,Decline,0
APP005918,2023-01-21,Train,Debt Consolidation,35000,24,Branch,WA,Full-Time,83732.0,0.0258,592,Standard,Approve - Standard Terms,0
APP007796,2023-08-01,Train,Debt Consolidation,41000,36,Branch,NSW,Full-Time,93336.45,0.0236,595,Standard,Approve - Standard Terms,0
APP003881,2023-06-04,Train,Home Renovation,16000,36,Broker,VIC,Full-Time,65781.69,0.0258,592,Standard,Approve - Standard Terms,0
APP004359,2023-08-16,Train,Debt Consolidation,35000,48,Branch,WA,Part-Time,38960.21,0.0792,558,Decline,Decline,0
APP000403,2023-03-03,Train,Debt Consolidation,41500,36,Online,VIC,Full-Time,52833.87,0.0418,578,High Risk - Refer,Refer to Manual Underwriting,0
APP008729,2023-04-06,Train,Debt Consolidation,7500,12,Branch,VIC,Self-Employed,116321.82,0.0156,607,Premium,Approve - Premium Pricing,0
APP006844,2023-07-25,Train,Debt Consolidation,15500,24,Broker,VIC,Full-Time,61619.04,0.0344,583,High Risk - Refer,Refer to Manual Underwriting,0
APP003462,2023-03-08,Train,Car Purchase,48000,12,Branch,QLD,Part-Time,31269.94,0.0424,577,High Risk - Refer,Refer to Manual Underwriting,0
APP007129,2023-04-06,Train,Home Renovation,41500,36,Broker,NSW,Full-Time,77959.89,0.0303,587,Standard,Approve - Standard Terms,0
APP004763,2023-02-25,Train,Wedding,12000,36,Online,VIC,Casual,35719.23,0.0177,603,Premium,Approve - Premium Pricing,0
APP004916,2023-02-11,Train,Debt Consolidation,48000,60,Branch,QLD,Self-Employed,79255.44,0.0209,598,Preferred,Approve - Preferred Pricing,0
APP006321,2023-04-11,Train,Car Purchase,50000,36,Branch,VIC,Full-Time,65190.66,0.0258,592,Standard,Approve - Standard Terms,0
APP000442,2023-08-17,Train,Debt Consolidation,12500,36,Broker,VIC,Full-Time,91010.92,0.0189,601,Preferred,Approve - Preferred Pricing,0
APP004590,2023-08-08,Train,Medical,2500,48,Branch,VIC,Full-Time,87430.78,0.0344,583,High Risk - Refer,Refer to Manual Underwriting,0
APP001112,2023-09-14,Train,Car Purchase,5500,24,Branch,NSW,Casual,52530.09,0.0344,583,Standard,Approve - Standard Terms,0
APP008918,2023-12-17,Train,Car Purchase,15000,48,Branch,VIC,Self-Employed,34111.43,0.048,573,High Risk - Refer,Refer to Manual Underwriting,0
APP004467,2023-11-25,Train,Car Purchase,47500,60,Online,SA,Full-Time,74463.04,0.0258,592,Standard,Approve - Standard Terms,0
APP001348,2023-11-25,Train,Travel,41000,36,Branch,WA,Self-Employed,56835.49,0.0263,591,Standard,Approve - Standard Terms,0
APP007001,2023-01-11,Train,Home Renovation,3000,36,Broker,VIC,Full-Time,53366.65,0.0243,594,Standard,Approve - Standard Terms,0
APP006325,2024-03-05,Train,Wedding,48000,12,Branch,WA,Full-Time,77593.29,0.0344,583,High Risk - Refer,Refer to Manual Underwriting,0
APP006659,2023-12-07,Train,Home Renovation,42000,36,Online,VIC,Self-Employed,62782.89,0.0156,607,Premium,Approve - Premium Pricing,0
APP007305,2023-09-12,Train,Car Purchase,6500,60,Online,NSW,Full-Time,90260.68,0.0227,596,Standard,Approve - Standard Terms,0
APP005896,2023-03-14,Train,Car Purchase,13000,24,Broker,NSW,Full-Time,56763.01,0.0177,603,Preferred,Approve - Preferred Pricing,0
APP005870,2023-08-23,Train,Car Purchase,16500,48,Branch,VIC,Full-Time,73883.73,0.0177,603,Preferred,Approve - Preferred Pricing,0
APP007268,2023-04-18,Train,Car Purchase,34500,60,Online,VIC,Part-Time,66228.31,0.019,601,Preferred,Approve - Preferred Pricing,0
APP008012,2023-07-08,Train,Debt Consolidation,24500,24,Online,QLD,Full-Time,68268.54,0.0177,603,Preferred,Approve - Preferred Pricing,0
APP003691,2023-10-10,Train,Other,34000,60,Online,NSW,Full-Time,69168.82,0.0236,595,Standard,Approve - Standard Terms,0
APP008320,2023-01-16,Train,Car Purchase,22000,60,Branch,NSW,Full-Time,98633.21,0.0177,603,Preferred,Approve - Preferred Pricing,0
APP003202,2024-03-31,Train,Debt Consolidation,20500,48,Branch,VIC,Full-Time,52134.06,0.0177,603,Preferred,Approve - Preferred Pricing,0
APP003864,2024-02-01,Train,Debt Consolidation,24000,36,Online,NSW,Full-Time,82844.28,0.0258,592,Standard,Approve - Standard Terms,0
APP008841,2023-05-02,Train,Car Purchase,7500,60,Broker,QLD,Casual,29578.85,0.0296,588,Standard,Approve - Standard Terms,0
APP007351,2023-10-10,Train,Car Purchase,36500,60,Online,QLD,Full-Time,112856.63,0.0258,592,Standard,Approve - Standard Terms,0
APP006108,2023-07-17,Train,Debt Consolidation,38500,60,Broker,NSW,Full-Time,87612.03,0.0344,583,High Risk - Refer,Refer to Manual Underwriting,0
APP001010,2023-05-12,Train,Home Renovation,40000,48,Branch,QLD,Full-Time,63954.06,0.0303,587,Standard,Approve - Standard Terms,0
APP000767,2023-06-03,Train,Wedding,8500,24,Online,QLD,Full-Time,74066.9,0.0562,569,High Risk - Refer,Refer to Manual Underwriting,0
APP006157,2023-04-13,Train,Medical,17500,12,Online,VIC,Full-Time,100128.46,0.0418,578,High Risk - Refer,Refer to Manual Underwriting,0
APP008236,2023-10-23,Train,Other,42500,48,Broker,NSW,Self-Employed,87960.54,0.0209,598,Preferred,Approve - Preferred Pricing,0
APP004406,2024-02-22,Train,Debt Consolidation,30000,36,Online,WA,Full-Time,75870.43,0.0236,595,Standard,Approve - Standard Terms,0
APP002932,2024-01-20,Train,Debt Consolidation,6000,12,Branch,VIC,Full-Time,62654.34,0.0177,603,Preferred,Approve - Preferred Pricing,0
APP001109,2023-06-19,Train,Debt Consolidation,29000,12,Online,NSW,Full-Time,99409.55,0.0394,579,High Risk - Refer,Refer to Manual Underwriting,0
APP002174,2023-02-12,Train,Debt Consolidation,21500,36,Online,VIC,Full-Time,65859.37,0.0177,603,Preferred,Approve - Preferred Pricing,0
APP002616,2023-10-07,Train,Debt Consolidation,10000,60,Online,ACT,Self-Employed,87029.91,0.0229,595,Standard,Approve - Standard Terms,0
APP005417,2023-10-30,Train,Debt Consolidation,37000,24,Online,SA,Full-Time,92069.84,0.0258,592,Standard,Approve - Standard Terms,0
APP008470,2023-07-14,Train,Home Renovation,12000,48,Online,QLD,Full-Time,95666.04,0.0344,583,High Risk - Refer,Refer to Manual Underwriting,0
APP005010,2024-03-30,Train,Travel,29000,48,Online,TAS,Full-Time,122703.92,0.0177,603,Preferred,Approve - Preferred Pricing,0
APP004947,2024-03-24,Train,Other,4500,36,Online,NSW,Full-Time,98054.47,0.0236,595,Standard,Approve - Standard Terms,0
APP004980,2023-08-28,Train,Home Renovation,47500,12,Branch,WA,Self-Employed,78963.2,0.0167,605,Premium,Approve - Premium Pricing,0
APP002668,2023-08-15,Train,Debt Consolidation,41000,36,Branch,ACT,Self-Employed,67767.25,0.0209,598,Preferred,Approve - Preferred Pricing,0
APP001674,2023-09-21,Train,Debt Consolidation,30000,60,Online,QLD,Part-Time,26836.08,0.0449,575,High Risk - Refer,Refer to Manual Underwriting,0
APP002344,2024-01-01,Train,Home Renovation,29500,24,Broker,SA,Full-Time,112856.17,0.0276,590,Standard,Approve - Standard Terms,0
APP003484,2023-11-25,Train,Car Purchase,43500,36,Branch,NSW,Full-Time,109637.72,0.0177,603,Preferred,Approve - Preferred Pricing,0
APP004592,2023-05-26,Train,Debt Consolidation,34500,24,Branch,NSW,Full-Time,73966.76,0.0303,587,Standard,Approve - Standard Terms,0
APP008655,2023-03-25,Train,Debt Consolidation,24500,36,Broker,QLD,Full-Time,37011.94,0.0344,583,High Risk - Refer,Refer to Manual Underwriting,1
APP001458,2023-03-13,Train,Debt Consolidation,24000,36,Online,VIC,Self-Employed,60915.03,0.0305,587,Standard,Approve - Standard Terms,0
APP002707,2024-01-29,Train,Car Purchase,35000,36,Online,VIC,Full-Time,108435.21,0.0189,601,Preferred,Approve - Preferred Pricing,0
APP005146,2024-02-18,Train,Home Renovation,48500,24,Online,WA,Self-Employed,44958.2,0.035,583,High Risk - Refer,Refer to Manual Underwriting,0
APP003091,2023-01-11,Train,Home Renovation,25500,24,Online,QLD,Full-Time,95358.32,0.0258,592,Standard,Approve - Standard Terms,0
APP006459,2023-11-22,Train,Car Purchase,27500,36,Online,NSW,Full-Time,97249.2,0.0177,603,Preferred,Approve - Preferred Pricing,0
APP005531,2023-06-19,Train,Debt Consolidation,6500,48,Broker,VIC,Casual,32605.39,0.0303,587,Standard,Approve - Standard Terms,0
APP005765,2023-08-04,Train,Home Renovation,16000,24,Online,WA,Self-Employed,59163.91,0.0682,563,Decline,Decline,0
APP006484,2024-02-15,Train,Travel,34500,36,Broker,VIC,Casual,29729.58,0.0227,596,Preferred,Approve - Preferred Pricing,0
APP003455,2024-02-17,Train,Home Renovation,14000,24,Broker,VIC,Full-Time,66699.91,0.0491,573,High Risk - Refer,Refer to Manual Underwriting,0
APP004427,2023-10-01,Train,Home Renovation,21000,12,Online,VIC,Full-Time,48251.95,0.0765,559,Decline,Decline,0
APP008402,2024-03-19,Train,Medical,7500,36,Broker,WA,Full-Time,86975.47,0.0258,592,Standard,Approve - Standard Terms,0
APP006290,2023-03-16,Train,Car Purchase,30500,24,Branch,NSW,Full-Time,94781.78,0.0236,595,Standard,Approve - Standard Terms,0
APP002907,2023-07-23,Train,Other,10000,24,Branch,NSW,Full-Time,78042.0,0.0418,578,High Risk - Refer,Refer to Manual Underwriting,0
APP007884,2023-08-16,Train,Car Purchase,41500,12,Branch,ACT,Full-Time,49827.85,0.0177,603,Preferred,Approve - Preferred Pricing,0
APP007885,2023-08-03,Train,Car Purchase,27500,24,Online,VIC,Full-Time,40273.73,0.0344,583,High Risk - Refer,Refer to Manual Underwriting,0
APP004616,2023-04-24,Train,Other,32000,36,Branch,QLD,Full-Time,106805.92,0.0303,587,Standard,Approve - Standard Terms,0
APP007618,2023-03-01,Train,Debt Consolidation,40500,48,Online,WA,Self-Employed,69087.89,0.0229,595,Standard,Approve - Standard Terms,0
APP003338,2023-07-13,Train,Car Purchase,45500,60,Online,VIC,Full-Time,83096.57,0.0177,603,Preferred,Approve - Preferred Pricing,0
APP000733,2023-04-19,Train,Home Renovation,15500,60,Broker,QLD,Full-Time,104190.33,0.0177,603,Preferred,Approve - Preferred Pricing,0
APP003415,2023-01-04,Train,Other,34500,12,Broker,SA,Unemployed,15000.0,0.1547,536,Decline,Decline,0
APP004203,2023-10-06,Train,Car Purchase,20500,24,Online,VIC,Full-Time,78058.73,0.0189,601,Preferred,Approve - Preferred Pricing,0
APP007744,2024-03-06,Train,Home Renovation,18000,60,Broker,VIC,Full-Time,100377.3,0.0177,603,Preferred,Approve - Preferred Pricing,0
APP001475,2023-02-01,Train,Car Purchase,42000,12,Broker,QLD,Full-Time,77405.9,0.0177,603,Preferred,Approve - Preferred Pricing,0
APP005359,2023-04-28,Train,Wedding,21500,36,Online,WA,Unemployed,15934.53,0.136,540,Decline,Decline,1
APP002603,2023-01-23,Train,Debt Consolidation,14500,60,Online,SA,Full-Time,91209.64,0.0189,601,Preferred,Approve - Preferred Pricing,0
APP002562,2024-03-09,Train,Car Purchase,11000,12,Online,NSW,Full-Time,87824.64,0.0303,587,Standard,Approve - Standard Terms,0
APP006167,2023-07-04,Train,Medical,44500,36,Online,QLD,Full-Time,90359.8,0.0189,601,Preferred,Approve - Preferred Pricing,0
APP002034,2023-11-02,Train,Debt Consolidation,38500,48,Online,NSW,Part-Time,21686.5,0.0278,590,Standard,Approve - Standard Terms,0
APP005192,2023-07-25,Train,Car Purchase,26000,24,Online,NSW,Casual,24043.83,0.0394,579,High Risk - Refer,Refer to Manual Underwriting,0
APP006494,2023-07-31,Train,Home Renovation,46000,48,Broker,NSW,Casual,33163.97,0.0595,567,High Risk - Refer,Refer to Manual Underwriting,0
APP008271,2023-10-04,Train,Travel,11500,48,Online,VIC,Full-Time,98145.3,0.0189,601,Preferred,Approve - Preferred Pricing,0
APP003855,2023-12-18,Train,Debt Consolidation,12000,36,Branch,VIC,Full-Time,69017.33,0.0344,583,High Risk - Refer,Refer to Manual Underwriting,0
APP004743,2023-08-11,Train,Debt Consolidation,30000,48,Online,QLD,Full-Time,83571.54,0.0236,595,Standard,Approve - Standard Terms,0
APP004796,2023-03-12,Test,Home Renovation,5000,12,Broker,QLD,Full-Time,67749.22,0.0581,568,High Risk - Refer,Refer to Manual Underwriting,0
APP002820,2023-05-31,Test,Car Purchase,4000,36,Online,QLD,Self-Employed,41963.39,0.0682,563,Decline,Decline,0
APP004360,2023-01-13,Test,Debt Consolidation,20000,12,Branch,NSW,Part-Time,50003.24,0.0449,575,High Risk - Refer,Refer to Manual Underwriting,0
APP005294,2023-04-05,Test,Travel,6500,12,Online,NSW,Full-Time,69394.6,0.0177,603,Preferred,Approve - Preferred Pricing,0
APP003106,2023-07-03,Test,Medical,32500,24,Broker,SA,Casual,16498.13,0.0344,583,Standard,Approve - Standard Terms,0
APP001439,2023-08-06,Test,Wedding,47500,24,Online,NSW,Part-Time,26779.34,0.0603,566,Decline,Decline,0
APP003314,2023-08-04,Test,Debt Consolidation,20500,12,Broker,NSW,Full-Time,124366.6,0.0189,601,Preferred,Approve - Preferred Pricing,0
APP003851,2023-10-29,Test,Debt Consolidation,17000,24,Online,WA,Full-Time,69036.71,0.0189,601,Preferred,Approve - Preferred Pricing,0
APP003088,2023-07-11,Test,Home Renovation,40000,24,Online,VIC,Full-Time,96373.33,0.0177,603,Preferred,Approve - Preferred Pricing,0
APP006734,2024-01-14,Test,Car Purchase,40000,60,Online,NSW,Full-Time,56365.3,0.0227,596,Standard,Approve - Standard Terms,0
APP001490,2023-01-02,Test,Wedding,30500,48,Branch,WA,Full-Time,121535.15,0.0243,594,Standard,Approve - Standard Terms,0
APP003355,2024-03-05,Test,Home Renovation,20500,36,Branch,QLD,Full-Time,18696.53,0.0189,601,Preferred,Approve - Preferred Pricing,0
APP002010,2024-03-01,Test,Car Purchase,14000,36,Online,NSW,Casual,18738.48,0.0542,570,High Risk - Refer,Refer to Manual Underwriting,0
APP005526,2024-02-15,Test,Car Purchase,5500,36,Branch,VIC,Full-Time,129601.38,0.0303,587,Standard,Approve - Standard Terms,0
APP001614,2023-08-11,Test,Home Renovation,46500,12,Broker,NSW,Part-Time,50755.74,0.0424,577,High Risk - Refer,Refer to Manual Underwriting,0
APP006145,2024-01-14,Test,Debt Consolidation,9500,36,Branch,NSW,Full-Time,82701.66,0.0236,595,Standard,Approve - Standard Terms,0
APP003491,2023-08-13,Test,Car Purchase,4500,36,Branch,NSW,Self-Employed,80840.19,0.1023,550,Decline,Decline,0
APP001205,2023-01-28,Test,Debt Consolidation,39500,24,Online,VIC,Self-Employed,36400.81,0.0229,595,Standard,Approve - Standard Terms,0
APP008017,2023-07-15,Test,Debt Consolidation,9500,48,Online,NSW,Part-Time,25816.37,0.0792,558,Decline,Decline,0
APP002164,2023-10-20,Test,Debt Consolidation,26500,24,Branch,WA,Part-Time,32399.09,0.0326,585,Standard,Approve - Standard Terms,0
APP004157,2023-12-09,Test,Debt Consolidation,46500,48,Online,SA,Full-Time,32035.55,0.0344,583,High Risk - Refer,Refer to Manual Underwriting,0
APP004446,2023-08-28,Test,Home Renovation,7000,12,Online,ACT,Full-Time,87365.11,0.0177,603,Preferred,Approve - Preferred Pricing,0
APP005826,2023-07-03,Test,Medical,24500,60,Online,NT,Part-Time,54321.98,0.0278,590,Standard,Approve - Standard Terms,0
APP005607,2023-08-09,Test,Debt Consolidation,14000,48,Broker,NSW,Casual,45591.01,0.0491,573,High Risk - Refer,Refer to Manual Underwriting,0
APP004009,2023-10-14,Test,Car Purchase,5000,36,Online,NSW,Self-Employed,43449.57,0.0167,605,Premium,Approve - Premium Pricing,0
APP002203,2023-12-16,Test,Wedding,4000,60,Broker,NSW,Self-Employed,79423.22,0.0167,605,Premium,Approve - Premium Pricing,0
APP004482,2023-06-27,Test,Travel,22500,36,Broker,QLD,Part-Time,54313.52,0.0326,585,Standard,Approve - Standard Terms,0
APP000032,2023-07-20,Test,Car Purchase,10000,60,Broker,WA,Full-Time,64598.52,0.0394,579,High Risk - Refer,Refer to Manual Underwriting,0
APP004503,2023-01-20,Test,Wedding,49500,48,Online,SA,Part-Time,29420.6,0.0326,585,Standard,Approve - Standard Terms,0
APP004071,2023-07-10,Test,Wedding,8000,24,Broker,VIC,Full-Time,63306.06,0.0189,601,Preferred,Approve - Preferred Pricing,0
APP008039,2023-01-14,Test,Car Purchase,33000,12,Branch,NT,Full-Time,106455.61,0.054,570,High Risk - Refer,Refer to Manual Underwriting,0
APP006436,2024-02-24,Test,Debt Consolidation,43500,48,Broker,NSW,Self-Employed,105120.59,0.0167,605,Premium,Approve - Premium Pricing,0
APP005647,2023-09-24,Test,Home Renovation,48500,48,Branch,VIC,Unemployed,23649.01,0.1858,530,Decline,Decline,0
APP003371,2023-02-18,Test,Wedding,5000,12,Broker,NSW,Full-Time,82701.66,0.0189,601,Preferred,Approve - Preferred Pricing,0
APP000849,2023-07-07,Test,Travel,8500,48,Online,QLD,Full-Time,76664.77,0.0177,603,Preferred,Approve - Preferred Pricing,0
APP004618,2023-12-03,Test,Debt Consolidation,29000,36,Online,NSW,Full-Time,58477.81,0.0765,559,Decline,Decline,0
APP006052,2023-03-13,Test,Travel,23000,24,Online,QLD,Full-Time,81862.1,0.0408,578,High Risk - Refer,Refer to Manual Underwriting,1
APP008199,2023-08-24,Test,Car Purchase,42500,36,Branch,NSW,Full-Time,44497.53,0.0177,603,Preferred,Approve - Preferred Pricing,0
APP002758,2023-07-28,Test,Car Purchase,14000,48,Online,VIC,Full-Time,81196.38,0.054,570,High Risk - Refer,Refer to Manual Underwriting,0
APP008333,2023-12-28,Test,Car Purchase,40500,48,Broker,NSW,Full-Time,62364.95,0.0738,560,Decline,Decline,0
APP000823,2023-05-27,Test,Wedding,26000,48,Online,VIC,Part-Time,39568.78,0.0203,599,Preferred,Approve - Preferred Pricing,0
APP005084,2023-05-28,Test,Debt Consolidation,25000,36,Online,VIC,Self-Employed,74664.47,0.0269,591,Standard,Approve - Standard Terms,0
APP001353,2023-03-17,Test,Debt Consolidation,7500,60,Broker,NSW,Part-Time,57255.8,0.0278,590,Standard,Approve - Standard Terms,0
APP002697,2023-07-18,Test,Wedding,11000,12,Broker,ACT,Full-Time,79831.97,0.0189,601,Preferred,Approve - Preferred Pricing,0
APP002211,2023-02-05,Test,Wedding,13500,60,Broker,VIC,Full-Time,75964.76,0.0258,592,Standard,Approve - Standard Terms,0
APP002950,2023-03-09,Test,Wedding,42000,24,Online,NSW,Full-Time,72847.45,0.0227,596,Standard,Approve - Standard Terms,0
APP003442,2023-11-27,Test,Travel,16500,12,Branch,VIC,Full-Time,82618.42,0.0177,603,Preferred,Approve - Preferred Pricing,0
APP001697,2024-02-08,Test,Other,29500,12,Online,NSW,Full-Time,48410.74,0.0236,595,Standard,Approve - Standard Terms,0
APP005291,2023-12-20,Test,Debt Consolidation,33500,48,Branch,QLD,Full-Time,36494.97,0.0236,595,Standard,Approve - Standard Terms,0
APP008542,2023-05-09,Test,Debt Consolidation,47000,60,Online,NSW,Part-Time,49932.54,0.037,581,High Risk - Refer,Refer to Manual Underwriting,0
APP005637,2023-09-20,Test,Travel,43500,48,Online,WA,Full-Time,102808.34,0.0177,603,Preferred,Approve - Preferred Pricing,0
APP001301,2023-05-15,Test,Other,35500,24,Branch,QLD,Full-Time,110617.32,0.0189,601,Preferred,Approve - Preferred Pricing,0
APP000988,2023-09-18,Test,Other,49000,36,Broker,VIC,Self-Employed,83736.6,0.0329,585,Standard,Approve - Standard Terms,0
APP001086,2024-03-28,Test,Other,28500,24,Broker,QLD,Full-Time,83787.61,0.0236,595,Standard,Approve - Standard Terms,0
APP004801,2023-08-01,Test,Car Purchase,29500,36,Broker,VIC,Full-Time,68879.57,0.0243,594,Standard,Approve - Standard Terms,0
APP008802,2023-04-06,Test,Home Renovation,3000,36,Broker,NSW,Full-Time,76618.47,0.0227,596,Standard,Approve - Standard Terms,0
APP004504,2024-01-06,Test,Car Purchase,37000,48,Online,VIC,Full-Time,86890.23,0.0738,560,Decline,Decline,1
APP000315,2023-04-23,Test,Debt Consolidation,19000,24,Branch,ACT,Full-Time,48337.22,0.0236,595,Standard,Approve - Standard Terms,1
APP008603,2023-02-01,Test,Debt Consolidation,10000,24,Online,NSW,Full-Time,69713.56,0.0474,574,High Risk - Refer,Refer to Manual Underwriting,0
APP007687,2023-05-13,Test,Home Renovation,4000,60,Broker,SA,Self-Employed,77776.7,0.0269,591,Standard,Approve - Standard Terms,0
APP001864,2023-04-29,Test,Car Purchase,17500,36,Online,VIC,Full-Time,38895.16,0.0243,594,Standard,Approve - Standard Terms,0
APP005555,2023-07-18,Test,Debt Consolidation,46500,36,Broker,WA,Full-Time,88772.07,0.0297,588,Standard,Approve - Standard Terms,0
APP002204,2023-07-05,Test,Car Purchase,4000,36,Broker,QLD,Self-Employed,32009.86,0.0305,587,Standard,Approve - Standard Terms,0
APP005444,2024-02-17,Test,Home Renovation,30000,24,Online,VIC,Full-Time,50059.78,0.0177,603,Preferred,Approve - Preferred Pricing,0
APP008202,2023-11-01,Test,Travel,19500,36,Branch,VIC,Part-Time,31712.15,0.037,581,High Risk - Refer,Refer to Manual Underwriting,0
APP007620,2023-05-21,Test,Wedding,43000,24,Online,WA,Full-Time,85952.83,0.0303,587,Standard,Approve - Standard Terms,0
APP005986,2023-04-08,Test,Home Renovation,48500,24,Branch,VIC,Full-Time,51673.85,0.0177,603,Preferred,Approve - Preferred Pricing,0
APP001269,2023-10-12,Test,Home Renovation,18000,60,Branch,WA,Part-Time,25408.96,0.0326,585,Standard,Approve - Standard Terms,0
APP006204,2024-02-17,Test,Car Purchase,8000,36,Branch,WA,Part-Time,24305.61,0.082,557,Decline,Decline,0
APP003529,2023-11-01,Test,Other,3500,36,Online,NSW,Full-Time,36042.01,0.0542,570,High Risk - Refer,Refer to Manual Underwriting,0
APP005780,2023-12-21,Test,Travel,25500,60,Online,WA,Self-Employed,51173.94,0.0245,593,Standard,Approve - Standard Terms,0
APP004425,2023-10-12,Test,Car Purchase,3500,24,Online,QLD,Full-Time,65585.95,0.0258,592,Standard,Approve - Standard Terms,0
APP005149,2023-06-08,Test,Wedding,32000,36,Online,NSW,Casual,33017.44,0.0394,579,High Risk - Refer,Refer to Manual Underwriting,0
APP006311,2024-03-24,Test,Home Renovation,11500,60,Online,QLD,Full-Time,62329.71,0.0189,601,Preferred,Approve - Preferred Pricing,0
APP000234,2023-02-20,Test,Car Purchase,14000,24,Broker,QLD,Full-Time,73303.97,0.0236,595,Standard,Approve - Standard Terms,0
APP001015,2024-03-09,Test,Home Renovation,32500,60,Broker,WA,Full-Time,53487.73,0.0236,595,Standard,Approve - Standard Terms,0
APP006506,2023-09-02,Test,Debt Consolidation,26500,12,Online,QLD,Full-Time,117002.02,0.0236,595,Standard,Approve - Standard Terms,0
APP001993,2023-03-31,Test,Medical,12000,36,Broker,NSW,Casual,18320.92,0.0303,587,Standard,Approve - Standard Terms,0
APP006335,2023-12-16,Test,Home Renovation,24500,12,Branch,NSW,Casual,35646.06,0.0344,583,Standard,Approve - Standard Terms,0
APP001990,2023-07-07,Test,Car Purchase,14500,60,Branch,VIC,Full-Time,37065.76,0.0236,595,Standard,Approve - Standard Terms,0
APP006434,2024-03-19,Test,Debt Consolidation,2500,36,Online,VIC,Full-Time,82618.42,0.0189,601,Preferred,Approve - Preferred Pricing,0
APP002073,2023-02-25,Test,Home Renovation,11000,36,Broker,VIC,Part-Time,49424.97,0.082,557,Decline,Decline,0
APP006162,2023-05-29,Test,Medical,43000,36,Online,SA,Unemployed,20725.13,0.2029,527,Decline,Decline,0
APP005413,2023-08-11,Test,Home Renovation,9500,48,Online,QLD,Full-Time,94210.8,0.0418,578,High Risk - Refer,Refer to Manual Underwriting,0
APP003988,2023-10-16,Test,Travel,3000,48,Broker,NSW,Full-Time,98442.33,0.0344,583,High Risk - Refer,Refer to Manual Underwriting,0
APP001589,2023-08-11,Test,Car Purchase,35500,48,Branch,SA,Full-Time,102555.15,0.0189,601,Preferred,Approve - Preferred Pricing,0
APP000610,2023-04-21,Test,Other,37000,36,Online,NSW,Full-Time,91182.93,0.0243,594,Standard,Approve - Standard Terms,0
APP002222,2023-11-18,Test,Debt Consolidation,7000,24,Online,WA,Full-Time,82623.04,0.0177,603,Preferred,Approve - Preferred Pricing,0
APP007717,2023-06-08,Test,Home Renovation,18500,36,Broker,TAS,Full-Time,82023.93,0.0189,601,Preferred,Approve - Preferred Pricing,0
APP007397,2023-11-03,Test,Travel,7500,12,Branch,TAS,Part-Time,39330.87,0.0245,593,Standard,Approve - Standard Terms,0
APP007610,2023-10-04,Test,Medical,21500,60,Branch,VIC,Casual,46195.62,0.0481,573,High Risk - Refer,Refer to Manual Underwriting,0
APP002626,2023-11-01,Test,Debt Consolidation,14000,36,Online,NSW,Full-Time,89587.9,0.0227,596,Standard,Approve - Standard Terms,0
APP006475,2023-05-28,Test,Other,10000,60,Broker,QLD,Part-Time,42291.65,0.019,601,Preferred,Approve - Preferred Pricing,0
APP000685,2023-09-22,Test,Home Renovation,49000,12,Branch,QLD,Full-Time,100090.59,0.0177,603,Preferred,Approve - Preferred Pricing,0
APP002495,2024-02-22,Test,Debt Consolidation,45000,48,Online,VIC,Full-Time,65224.49,0.0189,601,Preferred,Approve - Preferred Pricing,0
APP005868,2024-02-19,Test,Car Purchase,19500,48,Online,VIC,Full-Time,61647.85,0.0258,592,Standard,Approve - Standard Terms,0
APP000742,2023-01-28,Test,Car Purchase,32500,36,Online,WA,Self-Employed,74331.51,0.0156,607,Premium,Approve - Premium Pricing,0
APP001181,2023-05-14,Test,Debt Consolidation,39000,48,Online,WA,Full-Time,76718.19,0.0236,595,Standard,Approve - Standard Terms,0
APP006249,2023-06-20,Test,Car Purchase,42000,60,Online,ACT,Full-Time,83555.54,0.0474,574,High Risk - Refer,Refer to Manual Underwriting,0
APP008132,2023-11-20,Test,Wedding,36500,36,Online,WA,Full-Time,53309.78,0.0189,601,Preferred,Approve - Preferred Pricing,0
APP001654,2024-01-08,Test,Debt Consolidation,20500,24,Online,SA,Full-Time,56701.58,0.0344,583,High Risk - Refer,Refer to Manual Underwriting,0
APP000306,2023-06-17,Test,Medical,20500,12,Branch,QLD,Casual,28725.75,0.0424,577,High Risk - Refer,Refer to Manual Underwriting,0
APP005886,2024-02-01,Test,Debt Consolidation,14000,36,Online,VIC,Full-Time,73491.11,0.0276,590,Standard,Approve - Standard Terms,0
APP007931,2023-01-23,Test,Car Purchase,17000,24,Online,NSW,Self-Employed,99990.92,0.0167,605,Premium,Approve - Premium Pricing,0
APP001191,2023-08-31,Test,Home Renovation,28500,48,Branch,SA,Casual,33798.22,0.0276,590,Standard,Approve - Standard Terms,0
APP008660,2024-03-19,Test,Other,33000,36,Broker,WA,Full-Time,67425.73,0.0189,601,Preferred,Approve - Preferred Pricing,0
APP005879,2023-10-12,Test,Debt Consolidation,43000,24,Broker,NSW,Part-Time,19368.33,0.0823,557,Decline,Decline,0
APP002459,2023-10-30,Test,Medical,2500,60,Online,NSW,Full-Time,46512.31,0.0765,559,Decline,Decline,1
APP003259,2023-12-13,Test,Wedding,47500,48,Online,QLD,Full-Time,87965.76,0.0236,595,Standard,Approve - Standard Terms,0
APP001395,2023-08-06,Test,Car Purchase,32000,60,Broker,NSW,Full-Time,98560.96,0.0177,603,Preferred,Approve - Preferred Pricing,0
APP007060,2023-07-17,Test,Car Purchase,33500,12,Broker,NSW,Part-Time,52931.5,0.0278,590,Standard,Approve - Standard Terms,0
APP005580,2024-01-24,Test,Debt Consolidation,46500,48,Online,VIC,Casual,52198.26,0.0189,601,Preferred,Approve - Preferred Pricing,0
APP006008,2023-07-31,Test,Home Renovation,19000,36,Online,VIC,Full-Time,77612.3,0.0297,588,Standard,Approve - Standard Terms,0
APP003574,2024-02-02,Test,Home Renovation,36000,48,Broker,QLD,Full-Time,37134.45,0.0189,601,Preferred,Approve - Preferred Pricing,0
APP007272,2024-01-30,Test,Debt Consolidation,16000,48,Broker,VIC,Self-Employed,38893.38,0.0215,597,Preferred,Approve - Preferred Pricing,0
APP006355,2023-01-08,Test,Car Purchase,32000,24,Online,SA,Full-Time,41575.25,0.0236,595,Standard,Approve - Standard Terms,0
APP007510,2023-10-10,Test,Home Renovation,12000,48,Online,VIC,Full-Time,28748.86,0.0258,592,Standard,Approve - Standard Terms,0
APP005018,2023-04-21,Test,Other,28000,36,Online,VIC,Casual,24606.81,0.0344,583,Standard,Approve - Standard Terms,0
APP005260,2023-05-17,Test,Medical,19000,36,Online,QLD,Full-Time,76642.45,0.0258,592,Standard,Approve - Standard Terms,0
APP003189,2024-03-04,Test,Car Purchase,20000,12,Online,VIC,Part-Time,55316.05,0.037,581,High Risk - Refer,Refer to Manual Underwriting,1
APP002018,2023-12-30,Test,Other,22000,24,Branch,VIC,Self-Employed,103013.71,0.0167,605,Premium,Approve - Premium Pricing,0
APP006677,2023-11-26,Test,Car Purchase,16500,24,Branch,VIC,Part-Time,32792.66,0.1221,544,Decline,Decline,0
APP008194,2023-08-19,Test,Car Purchase,34000,60,Branch,QLD,Part-Time,41607.0,0.0319,586,Standard,Approve - Standard Terms,0
APP008096,2023-11-08,Test,Medical,6500,24,Online,NSW,Part-Time,36680.15,0.0278,590,Standard,Approve - Standard Terms,0
APP005895,2023-11-02,Test,Travel,5000,24,Online,NSW,Full-Time,52807.36,0.0236,595,Standard,Approve - Standard Terms,1
APP002275,2023-11-28,Test,Travel,43500,24,Broker,QLD,Self-Employed,56655.18,0.035,583,High Risk - Refer,Refer to Manual Underwriting,0
APP005144,2023-05-07,Test,Wedding,49000,36,Online,VIC,Part-Time,48988.59,0.0424,577,High Risk - Refer,Refer to Manual Underwriting,0
APP005867,2023-11-14,Test,Debt Consolidation,4000,60,Branch,QLD,Part-Time,52509.67,0.0254,592,Standard,Approve - Standard Terms,0
APP005764,2023-05-29,Test,Debt Consolidation,3000,36,Online,NSW,Part-Time,51607.41,0.0203,599,Preferred,Approve - Preferred Pricing,0
APP001047,2023-04-05,Test,Debt Consolidation,49500,24,Online,VIC,Full-Time,24773.87,0.0177,603,Preferred,Approve - Preferred Pricing,0
APP006499,2023-10-13,Test,Wedding,41000,48,Broker,QLD,Full-Time,98013.88,0.0344,583,High Risk - Refer,Refer to Manual Underwriting,0
APP004020,2023-07-06,Test,Debt Consolidation,24000,12,Broker,QLD,Full-Time,62101.08,0.0243,594,Standard,Approve - Standard Terms,0
APP000146,2023-09-10,Test,Car Purchase,7500,24,Online,NSW,Self-Employed,61213.52,0.0245,593,Standard,Approve - Standard Terms,0
APP000227,2024-02-08,Test,Car Purchase,20500,24,Branch,VIC,Part-Time,37052.73,0.0326,585,Standard,Approve - Standard Terms,0
APP003565,2023-09-12,Test,Debt Consolidation,11500,48,Branch,NSW,Full-Time,56763.01,0.0394,579,High Risk - Refer,Refer to Manual Underwriting,0
APP007324,2024-02-14,Test,Car Purchase,10000,60,Branch,NSW,Full-Time,53861.12,0.0394,579,High Risk - Refer,Refer to Manual Underwriting,0
APP004685,2023-01-05,Test,Debt Consolidation,2000,24,Broker,SA,Full-Time,72005.72,0.0189,601,Preferred,Approve - Preferred Pricing,0
APP000026,2023-04-29,Test,Travel,49500,36,Branch,VIC,Full-Time,50387.44,0.0276,590,Standard,Approve - Standard Terms,0
APP004523,2023-09-07,Test,Home Renovation,46500,12,Online,QLD,Part-Time,42798.57,0.0203,599,Preferred,Approve - Preferred Pricing,0
APP007387,2023-08-26,Test,Other,27500,36,Online,NSW,Full-Time,90183.86,0.0258,592,Standard,Approve - Standard Terms,0
APP008104,2024-03-23,Test,Car Purchase,7000,36,Online,QLD,Full-Time,58500.9,0.0258,592,Standard,Approve - Standard Terms,0
APP002619,2024-02-22,Test,Travel,24500,36,Branch,NSW,Full-Time,94674.54,0.0189,601,Preferred,Approve - Preferred Pricing,0
APP007428,2023-01-14,Test,Debt Consolidation,28500,24,Online,QLD,Casual,36322.61,0.1036,549,Decline,Decline,0
APP006227,2023-09-19,Test,Debt Consolidation,31500,60,Broker,NSW,Part-Time,32906.11,0.0278,590,Standard,Approve - Standard Terms,0
APP005694,2023-12-27,Test,Car Purchase,18500,60,Broker,NT,Full-Time,105635.16,0.054,570,High Risk - Refer,Refer to Manual Underwriting,0
APP002966,2023-02-20,Test,Car Purchase,39000,60,Broker,WA,Full-Time,79164.7,0.0276,590,Standard,Approve - Standard Terms,0
APP002233,2023-12-20,Test,Debt Consolidation,31500,60,Broker,QLD,Full-Time,83811.34,0.0177,603,Preferred,Approve - Preferred Pricing,0
APP003147,2023-11-17,Test,Car Purchase,40500,24,Online,QLD,Full-Time,91877.46,0.0236,595,Standard,Approve - Standard Terms,0
APP003244,2023-11-08,Test,Medical,16000,36,Online,VIC,Casual,55748.45,0.0344,583,Standard,Approve - Standard Terms,0
APP000501,2023-06-22,Test,Car Purchase,5000,36,Branch,NSW,Full-Time,98976.34,0.0227,596,Standard,Approve - Standard Terms,0
APP003924,2023-05-17,Test,Car Purchase,9000,36,Broker,QLD,Full-Time,65916.04,0.0258,592,Standard,Approve - Standard Terms,0
APP002642,2023-05-20,Test,Home Renovation,10000,36,Online,VIC,Full-Time,66705.5,0.0236,595,Standard,Approve - Standard Terms,0
APP003348,2023-10-26,Test,Debt Consolidation,29500,24,Online,ACT,Full-Time,72608.62,0.0344,583,High Risk - Refer,Refer to Manual Underwriting,0
APP007522,2023-09-02,Test,Debt Consolidation,21000,24,Online,QLD,Casual,41406.48,0.0394,579,High Risk - Refer,Refer to Manual Underwriting,0
APP008395,2023-08-19,Test,Travel,14500,60,Branch,NSW,Full-Time,107278.76,0.0189,601,Preferred,Approve - Preferred Pricing,0
APP004019,2024-02-14,Test,Home Renovation,4000,12,Online,VIC,Full-Time,60557.8,0.0623,565,Decline,Decline,0
APP006695,2023-04-16,Test,Car Purchase,20500,36,Online,VIC,Full-Time,76418.06,0.0227,596,Standard,Approve - Standard Terms,0
APP001350,2023-04-05,Test,Debt Consolidation,48500,48,Online,VIC,Full-Time,57400.6,0.0177,603,Preferred,Approve - Preferred Pricing,0
APP008178,2024-03-26,Test,Car Purchase,20500,48,Online,NSW,Full-Time,57470.18,0.0177,603,Preferred,Approve - Preferred Pricing,0
APP007186,2023-12-28,Test,Car Purchase,11000,12,Online,WA,Casual,52407.96,0.0542,570,High Risk - Refer,Refer to Manual Underwriting,0
APP000790,2024-03-29,Test,Car Purchase,30000,60,Online,QLD,Full-Time,77021.83,0.1036,549,Decline,Decline,0
APP004030,2023-12-11,Test,Car Purchase,49500,60,Online,NSW,Full-Time,120881.93,0.0189,601,Preferred,Approve - Preferred Pricing,0
APP003393,2023-02-09,Test,Car Purchase,34500,24,Branch,NSW,Full-Time,75794.1,0.0258,592,Standard,Approve - Standard Terms,0
APP005652,2024-03-12,Test,Debt Consolidation,33000,24,Branch,WA,Part-Time,34227.93,0.0254,592,Standard,Approve - Standard Terms,1
APP004208,2023-12-19,Test,Car Purchase,45000,60,Broker,VIC,Full-Time,99087.61,0.0243,594,Standard,Approve - Standard Terms,0
APP001958,2023-11-25,Test,Home Renovation,45500,36,Broker,NSW,Full-Time,63164.55,0.0189,601,Preferred,Approve - Preferred Pricing,0
APP001826,2023-06-26,Test,Debt Consolidation,45500,24,Broker,QLD,Full-Time,75469.55,0.0276,590,Standard,Approve - Standard Terms,0
APP007076,2023-11-10,Test,Home Renovation,33000,36,Online,VIC,Casual,37705.45,0.054,570,High Risk - Refer,Refer to Manual Underwriting,0
APP003432,2023-11-16,Test,Medical,6500,24,Branch,NSW,Self-Employed,74297.86,0.0156,607,Premium,Approve - Premium Pricing,0
APP004152,2023-12-15,Test,Medical,10000,24,Broker,NSW,Casual,40222.2,0.0177,603,Premium,Approve - Premium Pricing,0
APP005464,2023-05-18,Test,Travel,18000,48,Branch,NSW,Full-Time,81273.87,0.0344,583,High Risk - Refer,Refer to Manual Underwriting,0
APP006634,2023-04-13,Test,Car Purchase,7000,48,Online,QLD,Full-Time,114303.64,0.0189,601,Preferred,Approve - Preferred Pricing,0
APP003451,2023-10-01,Test,Car Purchase,22000,36,Broker,NSW,Casual,35646.06,0.0258,592,Standard,Approve - Standard Terms,0
APP002644,2023-02-05,Test,Debt Consolidation,24500,24,Broker,VIC,Full-Time,90029.0,0.0189,601,Preferred,Approve - Preferred Pricing,0
APP008903,2023-04-06,Test,Car Purchase,27500,48,Online,VIC,Casual,20071.42,0.0303,587,Standard,Approve - Standard Terms,0
APP003624,2024-02-06,Test,Travel,14500,12,Online,VIC,Part-Time,54660.85,0.0466,574,High Risk - Refer,Refer to Manual Underwriting,0
APP005779,2024-03-26,Test,Other,37000,48,Online,NSW,Full-Time,97363.83,0.0344,583,High Risk - Refer,Refer to Manual Underwriting,0
APP004080,2023-04-19,Test,Debt Consolidation,7500,60,Broker,WA,Full-Time,46088.22,0.0227,596,Standard,Approve - Standard Terms,0
APP003060,2023-07-10,Test,Car Purchase,46500,12,Broker,NSW,Full-Time,70716.06,0.0303,587,Standard,Approve - Standard Terms,0
APP002329,2024-01-15,Test,Car Purchase,38500,60,Broker,WA,Full-Time,61853.71,0.0243,594,Standard,Approve - Standard Terms,0
APP004061,2024-02-08,Test,Car Purchase,17000,48,Branch,QLD,Self-Employed,80779.37,0.0167,605,Premium,Approve - Premium Pricing,0
APP008694,2024-03-04,Test,Debt Consolidation,22000,60,Online,QLD,Part-Time,64720.55,0.0326,585,Standard,Approve - Standard Terms,0
APP008696,2023-01-11,Test,Car Purchase,15000,36,Broker,VIC,Casual,51038.8,0.0189,601,Preferred,Approve - Preferred Pricing,0
APP002385,2023-01-10,Test,Travel,48500,60,Broker,NSW,Self-Employed,51593.17,0.161,535,Decline,Decline,0
APP002900,2023-11-15,Test,Debt Consolidation,29000,60,Branch,SA,Full-Time,79426.0,0.0177,603,Preferred,Approve - Preferred Pricing,0
APP006980,2023-12-01,Test,Home Renovation,35500,36,Online,QLD,Self-Employed,39281.72,0.0305,587,Standard,Approve - Standard Terms,0
APP001602,2023-04-14,Test,Debt Consolidation,36000,36,Branch,QLD,Casual,41987.55,0.0408,578,High Risk - Refer,Refer to Manual Underwriting,0
APP002410,2023-06-28,Test,Travel,19000,36,Online,VIC,Part-Time,50751.58,0.019,601,Preferred,Approve - Preferred Pricing,0
APP001338,2024-02-03,Test,Travel,47000,24,Online,QLD,Part-Time,64313.12,0.019,601,Preferred,Approve - Preferred Pricing,0
APP007185,2023-04-01,Test,Travel,36000,36,Online,WA,Self-Employed,47092.31,0.0437,576,High Risk - Refer,Refer to Manual Underwriting,0
APP003481,2023-12-22,Test,Home Renovation,37500,48,Online,VIC,Full-Time,51834.56,0.0344,583,High Risk - Refer,Refer to Manual Underwriting,0
APP005427,2023-11-12,Test,Home Renovation,21000,36,Online,NSW,Casual,49377.9,0.0276,590,Standard,Approve - Standard Terms,0
APP000194,2023-12-22,Test,Car Purchase,9500,24,Branch,QLD,Full-Time,69513.71,0.0303,587,Standard,Approve - Standard Terms,0
APP008251,2023-02-02,Test,Debt Consolidation,9000,24,Broker,VIC,Full-Time,112492.91,0.0435,576,High Risk - Refer,Refer to Manual Underwriting,0
APP003405,2023-01-03,Test,Wedding,47500,36,Broker,VIC,Full-Time,91433.5,0.0177,603,Preferred,Approve - Preferred Pricing,0
APP008043,2023-09-16,Test,Home Renovation,12000,48,Broker,VIC,Full-Time,103897.02,0.0189,601,Preferred,Approve - Preferred Pricing,0
APP008873,2024-01-29,Test,Car Purchase,5000,36,Broker,TAS,Full-Time,114604.39,0.0189,601,Preferred,Approve - Preferred Pricing,0
APP001342,2023-07-03,Test,Home Renovation,27500,36,Branch,NSW,Full-Time,85846.42,0.0177,603,Preferred,Approve - Preferred Pricing,0
APP008840,2023-10-11,Test,Wedding,23500,24,Online,WA,Full-Time,57942.17,0.0189,601,Preferred,Approve - Preferred Pricing,0
APP006009,2023-07-03,Test,Car Purchase,11500,12,Online,NSW,Full-Time,69032.77,0.0303,587,Standard,Approve - Standard Terms,0
APP002273,2024-03-25,Test,Car Purchase,23500,36,Online,VIC,Casual,21144.12,0.0418,578,High Risk - Refer,Refer to Manual Underwriting,0
APP001298,2023-09-05,Test,Debt Consolidation,30500,48,Online,WA,Full-Time,95465.64,0.0189,601,Preferred,Approve - Preferred Pricing,0
APP004435,2023-11-18,Test,Debt Consolidation,28000,36,Online,WA,Full-Time,97478.17,0.0542,570,High Risk - Refer,Refer to Manual Underwriting,0
APP002604,2023-12-28,Test,Wedding,5000,36,Branch,VIC,Self-Employed,65246.2,0.0305,587,Standard,Approve - Standard Terms,0
APP006425,2024-03-04,Test,Debt Consolidation,17000,48,Branch,VIC,Part-Time,38323.84,0.0203,599,Preferred,Approve - Preferred Pricing,0
APP004686,2023-08-22,Test,Travel,6500,36,Online,WA,Full-Time,61678.18,0.0562,569,High Risk - Refer,Refer to Manual Underwriting,0
APP007109,2024-02-02,Test,Debt Consolidation,36500,36,Online,VIC,Full-Time,51943.65,0.0394,579,High Risk - Refer,Refer to Manual Underwriting,0
APP001916,2023-10-05,Test,Home Renovation,21500,36,Branch,NSW,Part-Time,49006.93,0.0203,599,Preferred,Approve - Preferred Pricing,0
APP006801,2024-01-07,Test,Debt Consolidation,35000,24,Branch,VIC,Full-Time,66658.58,0.0236,595,Standard,Approve - Standard Terms,0
APP001465,2023-12-16,Test,Other,41500,60,Online,QLD,Full-Time,102994.97,0.0177,603,Preferred,Approve - Preferred Pricing,0
APP008325,2023-11-22,Test,Debt Consolidation,18500,60,Broker,VIC,Full-Time,103981.08,0.0189,601,Preferred,Approve - Preferred Pricing,0
APP007207,2023-09-10,Test,Debt Consolidation,34000,36,Online,WA,Full-Time,98116.86,0.0276,590,Standard,Approve - Standard Terms,0
APP004637,2023-01-27,Test,Debt Consolidation,18500,24,Broker,NSW,Full-Time,67167.22,0.0236,595,Standard,Approve - Standard Terms,0
APP007823,2024-02-27,Test,Car Purchase,22500,12,Online,WA,Part-Time,56006.56,0.0278,590,Standard,Approve - Standard Terms,0
APP007438,2023-08-01,Test,Debt Consolidation,28000,24,Online,NSW,Part-Time,15000.0,0.037,581,High Risk - Refer,Refer to Manual Underwriting,0
APP003974,2023-03-14,Test,Travel,28000,36,Branch,NSW,Part-Time,47426.44,0.0245,593,Standard,Approve - Standard Terms,0
APP006252,2023-10-31,Test,Debt Consolidation,25000,36,Online,QLD,Casual,46051.71,0.0344,583,Standard,Approve - Standard Terms,0
APP003449,2023-02-20,Test,Travel,16500,48,Online,QLD,Part-Time,41470.88,0.0203,599,Preferred,Approve - Preferred Pricing,0
APP001533,2023-09-14,Test,Other,5500,48,Broker,QLD,Full-Time,96091.5,0.0177,603,Preferred,Approve - Preferred Pricing,0
APP001399,2024-03-01,Test,Other,35000,60,Online,VIC,Self-Employed,22595.04,0.05,572,High Risk - Refer,Refer to Manual Underwriting,0
APP008009,2023-10-12,Test,Home Renovation,17000,60,Broker,VIC,Self-Employed,40861.6,0.0229,595,Standard,Approve - Standard Terms,0
APP002104,2023-04-15,Test,Debt Consolidation,8000,48,Broker,QLD,Full-Time,77405.9,0.0189,601,Preferred,Approve - Preferred Pricing,0
APP008163,2024-03-01,Test,Wedding,49500,60,Online,SA,Casual,15765.91,0.1006,550,Decline,Decline,0
APP006584,2023-11-07,Test,Car Purchase,3500,12,Online,NSW,Self-Employed,48042.23,0.0305,587,Standard,Approve - Standard Terms,0
APP000986,2024-01-10,Test,Home Renovation,18000,48,Broker,QLD,Part-Time,35481.23,0.0254,592,Standard,Approve - Standard Terms,0
APP002599,2023-12-13,Test,Travel,34500,12,Online,VIC,Full-Time,68125.74,0.0276,590,Standard,Approve - Standard Terms,0
APP005517,2023-06-29,Test,Car Purchase,27500,12,Branch,WA,Part-Time,70740.59,0.0203,599,Preferred,Approve - Preferred Pricing,0
APP003183,2024-03-23,Test,Medical,23500,24,Online,VIC,Self-Employed,90321.51,0.0269,591,Standard,Approve - Standard Terms,0
APP004625,2024-02-22,Test,Car Purchase,31000,36,Broker,QLD,Full-Time,83956.1,0.0189,601,Preferred,Approve - Preferred Pricing,0
APP000841,2023-12-31,Test,Debt Consolidation,2500,48,Branch,NSW,Full-Time,70163.81,0.0189,601,Preferred,Approve - Preferred Pricing,0
APP006922,2024-01-19,Test,Wedding,43500,36,Broker,WA,Full-Time,113364.03,0.0258,592,Standard,Approve - Standard Terms,0
APP006872,2023-05-03,Test,Car Purchase,20000,24,Broker,QLD,Full-Time,98173.38,0.0189,601,Preferred,Approve - Preferred Pricing,0
APP006852,2023-10-26,Test,Car Purchase,4500,24,Online,NSW,Full-Time,121643.51,0.0344,583,High Risk - Refer,Refer to Manual Underwriting,0
APP000584,2023-10-16,Test,Car Purchase,23000,48,Branch,VIC,Full-Time,115685.34,0.0189,601,Preferred,Approve - Preferred Pricing,0
APP007062,2023-07-24,Test,Debt Consolidation,20500,60,Online,VIC,Full-Time,113715.71,0.0344,583,High Risk - Refer,Refer to Manual Underwriting,0
APP005719,2023-12-14,Test,Wedding,31000,48,Online,TAS,Full-Time,96594.6,0.0258,592,Standard,Approve - Standard Terms,0
APP006370,2023-05-31,Test,Debt Consolidation,3000,60,Online,NSW,Casual,29483.31,0.0189,601,Preferred,Approve - Preferred Pricing,0
APP008334,2023-01-14,Test,Car Purchase,47000,48,Online,NSW,Full-Time,46478.35,0.0768,559,Decline,Decline,1
APP001558,2023-02-12,Test,Wedding,41000,24,Online,WA,Self-Employed,55145.09,0.0201,599,Preferred,Approve - Preferred Pricing,0
APP005848,2024-02-02,Test,Car Purchase,6500,60,Branch,VIC,Full-Time,139731.6,0.0189,601,Preferred,Approve - Preferred Pricing,0
APP007188,2023-03-12,Test,Car Purchase,36000,48,Broker,QLD,Part-Time,52272.8,0.037,581,High Risk - Refer,Refer to Manual Underwriting,0
APP000401,2024-01-20,Test,Debt Consolidation,40500,60,Online,NSW,Full-Time,88773.73,0.0236,595,Standard,Approve - Standard Terms,0
APP006800,2023-05-03,Test,Debt Consolidation,10500,24,Online,NSW,Full-Time,94751.23,0.0394,579,High Risk - Refer,Refer to Manual Underwriting,0
APP001154,2023-06-26,Test,Car Purchase,23000,24,Broker,QLD,Full-Time,142425.57,0.0227,596,Standard,Approve - Standard Terms,0
APP000364,2023-11-29,Test,Debt Consolidation,4500,12,Branch,VIC,Full-Time,65167.52,0.0177,603,Preferred,Approve - Preferred Pricing,0
APP007837,2023-08-28,Test,Wedding,41500,36,Online,VIC,Casual,46590.59,0.0189,601,Preferred,Approve - Preferred Pricing,0
APP001630,2023-04-16,Test,Home Renovation,7000,36,Online,VIC,Full-Time,73579.92,0.0738,560,Decline,Decline,0
APP001590,2023-12-03,Test,Car Purchase,33500,48,Broker,SA,Full-Time,53835.39,0.0258,592,Standard,Approve - Standard Terms,0
APP004633,2024-01-17,Test,Travel,43500,24,Branch,QLD,Self-Employed,78202.3,0.0684,562,Decline,Decline,0
APP008091,2023-03-23,Test,Debt Consolidation,3000,36,Online,NSW,Full-Time,77885.31,0.0276,590,Standard,Approve - Standard Terms,0
APP005565,2023-10-13,Test,Car Purchase,28500,24,Broker,WA,Full-Time,53668.53,0.0236,595,Standard,Approve - Standard Terms,0
APP005455,2023-07-10,Test,Debt Consolidation,2500,36,Online,NSW,Self-Employed,52429.51,0.0209,598,Preferred,Approve - Preferred Pricing,0
APP007432,2023-08-29,Test,Wedding,7000,36,Online,WA,Full-Time,97478.17,0.0344,583,High Risk - Refer,Refer to Manual Underwriting,0
APP003278,2023-07-23,Test,Wedding,10500,60,Branch,SA,Part-Time,58340.68,0.0254,592,Standard,Approve - Standard Terms,0
APP005520,2023-06-16,Test,Car Purchase,8000,36,Online,VIC,Full-Time,45661.73,0.0177,603,Preferred,Approve - Preferred Pricing,0
APP003843,2023-05-16,Test,Travel,45500,24,Online,WA,Full-Time,85355.53,0.0768,559,Decline,Decline,1
APP006514,2023-06-17,Test,Wedding,22500,48,Online,VIC,Casual,32396.35,0.0542,570,High Risk - Refer,Refer to Manual Underwriting,0
APP004057,2023-02-25,Test,Medical,40000,48,Branch,NSW,Full-Time,80513.07,0.0189,601,Preferred,Approve - Preferred Pricing,0
APP003498,2023-07-11,Test,Debt Consolidation,39500,48,Broker,VIC,Self-Employed,49915.22,0.0229,595,Standard,Approve - Standard Terms,0
APP000369,2023-11-01,Test,Home Renovation,19000,60,Online,NSW,Self-Employed,68472.12,0.0167,605,Premium,Approve - Premium Pricing,0
APP004249,2023-04-20,Test,Debt Consolidation,25500,36,Broker,VIC,Full-Time,47427.14,0.0258,592,Standard,Approve - Standard Terms,0
APP001887,2024-01-19,Test,Home Renovation,3500,60,Online,QLD,Full-Time,93694.81,0.0276,590,Standard,Approve - Standard Terms,0
APP006970,2023-05-20,Test,Wedding,47500,12,Online,SA,Full-Time,52012.53,0.0258,592,Standard,Approve - Standard Terms,0
APP003945,2023-06-11,Test,Medical,29500,48,Online,VIC,Part-Time,38317.58,0.019,601,Preferred,Approve - Preferred Pricing,0
APP004856,2023-09-07,Test,Car Purchase,14500,24,Online,NSW,Part-Time,45717.56,0.0297,588,Standard,Approve - Standard Terms,0
APP007590,2023-05-03,Test,Car Purchase,27000,48,Online,NSW,Full-Time,62333.98,0.0177,603,Preferred,Approve - Preferred Pricing,0
APP007803,2023-03-06,Test,Wedding,50000,24,Online,WA,Full-Time,33769.21,0.0326,585,Standard,Approve - Standard Terms,0
APP008248,2023-01-20,Test,Debt Consolidation,19500,60,Branch,QLD,Full-Time,97187.38,0.0177,603,Preferred,Approve - Preferred Pricing,0
APP005654,2023-09-08,Test,Home Renovation,9000,24,Online,VIC,Full-Time,101664.31,0.0189,601,Preferred,Approve - Preferred Pricing,0
APP007897,2023-05-08,Test,Car Purchase,17500,24,Online,VIC,Self-Employed,65260.98,0.0482,573,High Risk - Refer,Refer to Manual Underwriting,0
APP006790,2023-03-21,Test,Travel,20000,48,Broker,NSW,Full-Time,59940.54,0.0189,601,Preferred,Approve - Preferred Pricing,0
APP008150,2023-06-04,Test,Travel,25000,36,Broker,WA,Self-Employed,53182.08,0.0658,564,Decline,Decline,0
APP000380,2024-01-19,Test,Car Purchase,28000,48,Branch,NSW,Casual,17003.03,0.0189,601,Preferred,Approve - Preferred Pricing,0
APP000179,2024-01-04,Test,Other,15500,24,Online,NSW,Full-Time,83116.14,0.0474,574,High Risk - Refer,Refer to Manual Underwriting,0
APP002191,2024-01-27,Test,Debt Consolidation,14500,48,Online,SA,Full-Time,66650.89,0.0177,603,Preferred,Approve - Preferred Pricing,0
APP006239,2023-04-06,Test,Debt Consolidation,44000,24,Broker,NSW,Full-Time,73315.22,0.0189,601,Preferred,Approve - Preferred Pricing,0
APP003543,2023-01-30,Test,Car Purchase,38000,24,Online,SA,Part-Time,22090.04,0.037,581,High Risk - Refer,Refer to Manual Underwriting,0
APP007698,2023-10-06,Test,Home Renovation,33500,24,Online,NSW,Full-Time,29575.12,0.0474,574,High Risk - Refer,Refer to Manual Underwriting,0
APP002895,2024-01-18,Test,Debt Consolidation,16000,24,Online,VIC,Casual,42015.71,0.1346,541,Decline,Decline,0
APP002771,2023-05-11,Test,Debt Consolidation,17000,24,Online,NSW,Full-Time,94067.1,0.1785,531,Decline,Decline,0
APP002750,2023-05-06,Test,Home Renovation,26000,36,Online,VIC,Full-Time,87884.69,0.0177,603,Preferred,Approve - Preferred Pricing,0
APP005671,2023-05-31,Test,Car Purchase,36000,48,Broker,VIC,Part-Time,37143.95,0.0254,592,Standard,Approve - Standard Terms,0
APP004982,2023-12-18,Test,Debt Consolidation,37500,12,Online,NSW,Self-Employed,85371.58,0.0167,605,Premium,Approve - Premium Pricing,0
APP008702,2023-11-30,Test,Other,29500,48,Online,VIC,Self-Employed,84060.37,0.0684,562,Decline,Decline,0
APP004859,2023-09-12,Test,Debt Consolidation,27500,24,Online,SA,Full-Time,22690.23,0.0433,576,High Risk - Refer,Refer to Manual Underwriting,0
APP000565,2024-02-12,Test,Wedding,4500,12,Branch,QLD,Full-Time,79764.09,0.0177,603,Preferred,Approve - Preferred Pricing,0
APP005243,2023-12-16,Test,Debt Consolidation,6000,24,Broker,VIC,Part-Time,33278.49,0.0203,599,Preferred,Approve - Preferred Pricing,0
APP006238,2023-07-03,Test,Wedding,10000,48,Online,VIC,Full-Time,61248.48,0.0738,560,Decline,Decline,0
APP006452,2023-04-04,Test,Travel,50000,12,Online,WA,Self-Employed,84270.34,0.0305,587,Standard,Approve - Standard Terms,0
APP000983,2023-04-16,Test,Debt Consolidation,44500,24,Broker,NSW,Full-Time,84878.42,0.0177,603,Preferred,Approve - Preferred Pricing,0
APP003862,2023-06-29,Test,Home Renovation,16500,36,Online,VIC,Self-Employed,47259.66,0.0305,587,Standard,Approve - Standard Terms,0
APP005841,2023-11-15,Test,Car Purchase,26000,12,Branch,QLD,Full-Time,102496.97,0.0177,603,Preferred,Approve - Preferred Pricing,0
APP002522,2023-05-04,Test,Car Purchase,47500,36,Broker,VIC,Full-Time,66599.03,0.0344,583,High Risk - Refer,Refer to Manual Underwriting,0
APP000839,2023-04-12,Test,Medical,35500,12,Broker,SA,Full-Time,76459.72,0.0177,603,Preferred,Approve - Preferred Pricing,0
APP002831,2023-05-28,Test,Debt Consolidation,12000,36,Online,VIC,Part-Time,42503.88,0.037,581,High Risk - Refer,Refer to Manual Underwriting,0
APP004496,2023-12-03,Test,Debt Consolidation,48500,12,Online,NSW,Part-Time,45717.56,0.0254,592,Standard,Approve - Standard Terms,0
APP003622,2023-08-24,Test,Debt Consolidation,17000,24,Broker,WA,Full-Time,113233.12,0.0236,595,Standard,Approve - Standard Terms,0
APP001365,2023-08-29,Test,Debt Consolidation,23500,36,Branch,NSW,Full-Time,93336.45,0.0243,594,Standard,Approve - Standard Terms,0
APP004712,2023-04-05,Test,Other,24000,48,Broker,VIC,Casual,45767.89,0.0439,576,High Risk - Refer,Refer to Manual Underwriting,0
APP004713,2023-06-09,Test,Debt Consolidation,35000,36,Branch,WA,Self-Employed,58885.82,0.035,583,High Risk - Refer,Refer to Manual Underwriting,0
APP006551,2023-08-08,Test,Car Purchase,22000,36,Broker,QLD,Full-Time,67971.28,0.0276,590,Standard,Approve - Standard Terms,0
APP003890,2023-04-07,Test,Home Renovation,28500,24,Online,NSW,Full-Time,70815.07,0.0418,578,High Risk - Refer,Refer to Manual Underwriting,0
APP004114,2023-04-07,Test,Home Renovation,44500,60,Broker,VIC,Casual,47018.21,0.0767,559,Decline,Decline,0
APP008232,2023-12-02,Test,Home Renovation,23500,12,Broker,NSW,Casual,27778.05,0.0344,583,Standard,Approve - Standard Terms,0
APP000627,2023-10-16,Test,Medical,47500,48,Broker,VIC,Unemployed,15000.0,0.235,521,Decline,Decline,0
APP002406,2023-12-18,Test,Car Purchase,40500,36,Online,WA,Full-Time,70875.68,0.0258,592,Standard,Approve - Standard Terms,0
APP005656,2023-12-29,Test,Debt Consolidation,12000,60,Branch,NSW,Full-Time,50475.59,0.0236,595,Standard,Approve - Standard Terms,0
APP002506,2023-07-19,Test,Debt Consolidation,44500,36,Online,NSW,Full-Time,38290.16,0.0177,603,Preferred,Approve - Preferred Pricing,0
APP003431,2023-07-24,Test,Debt Consolidation,7000,36,Online,NSW,Self-Employed,54080.15,0.0229,595,Standard,Approve - Standard Terms,0
APP001265,2023-10-05,Test,Home Renovation,18500,60,Online,VIC,Full-Time,98921.86,0.0189,601,Preferred,Approve - Preferred Pricing,0
APP004255,2023-05-26,Test,Debt Consolidation,47000,48,Online,NSW,Full-Time,97403.63,0.0189,601,Preferred,Approve - Preferred Pricing,0
APP001879,2024-01-30,Test,Debt Consolidation,28000,36,Online,NSW,Full-Time,85373.11,0.0177,603,Preferred,Approve - Preferred Pricing,0
APP000732,2023-08-16,Test,Car Purchase,14500,36,Branch,VIC,Part-Time,42439.59,0.019,601,Preferred,Approve - Preferred Pricing,0
APP002767,2023-10-11,Test,Debt Consolidation,8000,48,Online,QLD,Full-Time,96642.41,0.0189,601,Preferred,Approve - Preferred Pricing,0
APP001260,2023-02-07,Test,Debt Consolidation,25000,60,Online,ACT,Part-Time,25100.76,0.0203,599,Preferred,Approve - Preferred Pricing,0
APP006034,2023-08-17,Test,Other,16500,36,Online,VIC,Casual,51038.8,0.0189,601,Preferred,Approve - Preferred Pricing,0
APP001505,2024-01-27,Test,Home Renovation,39500,36,Broker,VIC,Full-Time,43221.12,0.0344,583,High Risk - Refer,Refer to Manual Underwriting,0
APP005606,2023-07-24,Test,Debt Consolidation,26500,36,Online,SA,Self-Employed,28116.71,0.0554,569,High Risk - Refer,Refer to Manual Underwriting,0
APP003524,2023-01-06,Test,Travel,25500,48,Online,NSW,Full-Time,80513.07,0.0433,576,High Risk - Refer,Refer to Manual Underwriting,0
APP006460,2023-05-03,Test,Wedding,23000,60,Branch,TAS,Full-Time,66572.21,0.0236,595,Standard,Approve - Standard Terms,1
APP004598,2023-10-13,Test,Car Purchase,6500,48,Online,VIC,Full-Time,27594.85,0.0394,579,High Risk - Refer,Refer to Manual Underwriting,0
APP008397,2023-10-19,Test,Car Purchase,26500,36,Online,VIC,Full-Time,90789.72,0.0177,603,Preferred,Approve - Preferred Pricing,0
APP000818,2023-03-22,Test,Home Renovation,35500,24,Broker,QLD,Full-Time,90409.16,0.0394,579,High Risk - Refer,Refer to Manual Underwriting,0
APP005761,2023-12-07,Test,Debt Consolidation,35000,36,Online,SA,Full-Time,47284.01,0.0236,595,Standard,Approve - Standard Terms,0
APP002190,2024-02-18,Test,Wedding,43500,24,Online,QLD,Self-Employed,41963.39,0.0156,607,Premium,Approve - Premium Pricing,0
APP001934,2023-05-27,Test,Travel,22500,36,Online,VIC,Full-Time,98773.31,0.0177,603,Preferred,Approve - Preferred Pricing,0
APP003761,2023-10-20,Test,Home Renovation,29000,36,Broker,ACT,Self-Employed,62947.3,0.0263,591,Standard,Approve - Standard Terms,0
APP002207,2023-06-21,Test,Debt Consolidation,43000,48,Broker,NSW,Self-Employed,58565.02,0.0156,607,Premium,Approve - Premium Pricing,0
APP008165,2023-02-28,Test,Travel,18000,24,Online,QLD,Full-Time,84381.38,0.0765,559,Decline,Decline,0
APP000061,2023-10-12,Test,Home Renovation,42000,24,Broker,NSW,Full-Time,56773.07,0.0189,601,Preferred,Approve - Preferred Pricing,0
APP001274,2023-12-06,Test,Debt Consolidation,22500,24,Branch,NSW,Self-Employed,82870.4,0.0209,598,Preferred,Approve - Preferred Pricing,0
APP006336,2024-02-16,Test,Medical,44000,36,Broker,NSW,Full-Time,78042.0,0.0236,595,Standard,Approve - Standard Terms,0
APP001543,2023-01-30,Test,Car Purchase,25500,12,Online,VIC,Full-Time,74532.81,0.0189,601,Preferred,Approve - Preferred Pricing,0
APP001369,2023-05-16,Test,Medical,22500,36,Branch,NSW,Full-Time,82072.91,0.0189,601,Preferred,Approve - Preferred Pricing,0
APP006093,2023-09-18,Test,Travel,37500,24,Online,SA,Full-Time,43314.37,0.0276,590,Standard,Approve - Standard Terms,0
APP008748,2023-07-09,Test,Car Purchase,35500,24,Online,VIC,Full-Time,92636.19,0.0303,587,Standard,Approve - Standard Terms,0
APP000237,2024-02-24,Test,Debt Consolidation,29500,24,Broker,SA,Full-Time,66373.1,0.0177,603,Preferred,Approve - Preferred Pricing,0
APP008145,2023-02-09,Test,Car Purchase,22500,48,Online,VIC,Full-Time,86283.06,0.0189,601,Preferred,Approve - Preferred Pricing,0
APP006929,2023-01-11,Test,Home Renovation,49000,24,Online,QLD,Full-Time,92479.28,0.0189,601,Preferred,Approve - Preferred Pricing,0
APP007948,2023-05-01,Test,Debt Consolidation,35000,24,Broker,NSW,Full-Time,86401.07,0.0236,595,Standard,Approve - Standard Terms,0
APP008310,2023-07-29,Test,Debt Consolidation,14500,36,Broker,WA,Full-Time,95160.34,0.0258,592,Standard,Approve - Standard Terms,0
APP008811,2023-01-03,Test,Debt Consolidation,27500,24,Online,NSW,Casual,37098.01,0.0673,563,Decline,Decline,0
APP004293,2023-11-28,Test,Car Purchase,32500,12,Branch,ACT,Self-Employed,62947.3,0.0229,595,Standard,Approve - Standard Terms,0
APP000763,2023-09-17,Test,Car Purchase,9000,24,Branch,TAS,Casual,49368.98,0.0394,579,High Risk - Refer,Refer to Manual Underwriting,0
APP000367,2023-03-30,Test,Debt Consolidation,12000,36,Online,VIC,Part-Time,36677.71,0.019,601,Preferred,Approve - Preferred Pricing,0
APP006255,2023-05-31,Test,Debt Consolidation,18500,24,Broker,WA,Self-Employed,70935.19,0.0156,607,Premium,Approve - Premium Pricing,0
APP003724,2023-05-05,Test,Travel,11000,24,Online,VIC,Part-Time,35642.13,0.0203,599,Preferred,Approve - Preferred Pricing,0
APP003229,2023-08-13,Test,Medical,33500,48,Online,NSW,Part-Time,37337.2,0.0424,577,High Risk - Refer,Refer to Manual Underwriting,0
APP004436,2023-05-23,Test,Other,31000,60,Online,VIC,Full-Time,51739.48,0.0227,596,Standard,Approve - Standard Terms,0
APP000243,2023-02-14,Test,Debt Consolidation,36000,36,Branch,VIC,Full-Time,39591.71,0.0845,556,Decline,Decline,1
APP007317,2023-11-13,Test,Medical,21500,36,Online,NSW,Part-Time,36645.81,0.037,581,High Risk - Refer,Refer to Manual Underwriting,0
APP005242,2024-02-12,Test,Wedding,42000,12,Broker,VIC,Full-Time,77228.03,0.0189,601,Preferred,Approve - Preferred Pricing,0
APP000222,2023-04-25,Test,Debt Consolidation,24500,24,Online,NSW,Full-Time,88645.24,0.0236,595,Standard,Approve - Standard Terms,0
APP008599,2023-04-24,Test,Wedding,24500,36,Branch,VIC,Self-Employed,66245.59,0.0229,595,Standard,Approve - Standard Terms,0
APP002802,2023-10-10,Test,Debt Consolidation,44500,48,Online,VIC,Self-Employed,54733.57,0.0156,607,Premium,Approve - Premium Pricing,0
APP005339,2023-06-25,Test,Other,11000,12,Branch,QLD,Casual,45041.11,0.0542,570,High Risk - Refer,Refer to Manual Underwriting,0
APP000878,2023-04-01,Test,Wedding,28000,48,Online,VIC,Full-Time,95130.69,0.0177,603,Preferred,Approve - Preferred Pricing,0
APP000934,2023-07-28,Test,Wedding,49000,48,Branch,NSW,Full-Time,91992.9,0.0258,592,Standard,Approve - Standard Terms,0
APP006786,2023-04-12,Test,Home Renovation,27500,24,Broker,WA,Part-Time,29301.54,0.082,557,Decline,Decline,0
APP000909,2023-08-11,Test,Debt Consolidation,15500,48,Online,QLD,Unemployed,21036.36,0.0343,583,Standard,Approve - Standard Terms,0
APP007282,2023-05-23,Test,Travel,13000,36,Online,NSW,Self-Employed,80298.4,0.0305,587,Standard,Approve - Standard Terms,1
APP004967,2023-04-01,Test,Medical,19500,36,Branch,NSW,Full-Time,66617.47,0.0236,595,Standard,Approve - Standard Terms,0
APP005745,2023-01-12,Test,Debt Consolidation,49000,48,Branch,VIC,Full-Time,49944.54,0.0326,585,Standard,Approve - Standard Terms,0
APP002219,2024-03-23,Test,Other,20500,60,Branch,NSW,Full-Time,86412.79,0.0562,569,High Risk - Refer,Refer to Manual Underwriting,0
APP001587,2024-03-07,Test,Debt Consolidation,38500,24,Branch,NSW,Casual,44247.08,0.0344,583,Standard,Approve - Standard Terms,0
APP008195,2023-10-30,Test,Medical,12500,36,Broker,NSW,Self-Employed,71921.59,0.0269,591,Standard,Approve - Standard Terms,0
APP002445,2024-03-26,Test,Car Purchase,30000,24,Online,QLD,Full-Time,57479.73,0.0243,594,Standard,Approve - Standard Terms,0
APP006710,2023-04-20,Test,Debt Consolidation,33000,36,Branch,NSW,Full-Time,93008.37,0.0344,583,High Risk - Refer,Refer to Manual Underwriting,0
APP007363,2023-08-09,Test,Car Purchase,21500,60,Online,QLD,Full-Time,57636.78,0.0189,601,Preferred,Approve - Preferred Pricing,0
APP002517,2024-03-31,Test,Debt Consolidation,11000,60,Broker,SA,Full-Time,138780.03,0.0189,601,Preferred,Approve - Preferred Pricing,0
APP002225,2023-12-14,Test,Other,33500,48,Branch,NSW,Part-Time,37272.24,0.058,568,High Risk - Refer,Refer to Manual Underwriting,1
APP000063,2023-10-19,Test,Car Purchase,13500,48,Online,SA,Casual,42987.21,0.0236,595,Standard,Approve - Standard Terms,0
APP003267,2023-07-20,Test,Home Renovation,25000,24,Broker,WA,Casual,25288.03,0.0177,603,Premium,Approve - Premium Pricing,0
APP003445,2023-03-07,Test,Debt Consolidation,48000,24,Broker,QLD,Full-Time,80905.26,0.0424,577,High Risk - Refer,Refer to Manual Underwriting,0
APP003304,2023-03-19,Test,Car Purchase,39000,24,Online,QLD,Full-Time,87020.07,0.0236,595,Standard,Approve - Standard Terms,0
APP005068,2023-09-23,Test,Home Renovation,45500,24,Broker,VIC,Part-Time,35225.66,0.0319,586,Standard,Approve - Standard Terms,0
APP002690,2023-06-10,Test,Debt Consolidation,16000,24,Online,NSW,Self-Employed,80426.86,0.0229,595,Standard,Approve - Standard Terms,0
APP008425,2024-03-07,Test,Other,17000,36,Branch,SA,Full-Time,71338.85,0.0236,595,Standard,Approve - Standard Terms,0
APP007674,2023-10-09,Test,Wedding,24000,12,Branch,VIC,Self-Employed,45174.91,0.0167,605,Premium,Approve - Premium Pricing,0
APP003959,2023-10-14,Test,Debt Consolidation,36000,36,Broker,NSW,Full-Time,95148.2,0.0189,601,Preferred,Approve - Preferred Pricing,0
APP003008,2024-02-24,Test,Travel,40500,24,Online,NSW,Full-Time,38589.14,0.0344,583,High Risk - Refer,Refer to Manual Underwriting,0
APP001028,2024-01-02,Test,Car Purchase,12500,36,Broker,NSW,Part-Time,22855.41,0.0639,565,Decline,Decline,0
APP005891,2023-05-15,Test,Debt Consolidation,36500,48,Online,QLD,Full-Time,18590.16,0.0258,592,Standard,Approve - Standard Terms,0
APP000947,2023-04-14,Test,Wedding,39500,36,Online,QLD,Full-Time,79383.93,0.0297,588,Standard,Approve - Standard Terms,0
APP000922,2023-09-13,Test,Car Purchase,18000,12,Broker,NSW,Casual,34578.53,0.0542,570,High Risk - Refer,Refer to Manual Underwriting,0
APP007103,2024-02-06,Test,Wedding,49500,48,Online,QLD,Full-Time,97187.38,0.0189,601,Preferred,Approve - Preferred Pricing,0
APP008148,2023-09-15,Test,Debt Consolidation,9000,60,Branch,QLD,Part-Time,42798.57,0.0261,592,Standard,Approve - Standard Terms,0
APP000451,2023-01-09,Test,Debt Consolidation,4000,36,Online,SA,Full-Time,77705.42,0.0303,587,Standard,Approve - Standard Terms,0
APP001526,2023-08-12,Test,Travel,6000,36,Online,QLD,Full-Time,73621.43,0.0258,592,Standard,Approve - Standard Terms,0
APP007583,2023-07-08,Test,Home Renovation,6000,36,Broker,NSW,Self-Employed,84449.17,0.0927,553,Decline,Decline,0
APP007167,2023-02-02,Test,Debt Consolidation,4500,36,Broker,NSW,Casual,48778.67,0.0258,592,Standard,Approve - Standard Terms,0
APP004096,2023-09-22,Test,Wedding,44500,36,Online,NSW,Casual,52696.91,0.0236,595,Standard,Approve - Standard Terms,0
APP002680,2023-07-02,Test,Car Purchase,6500,24,Branch,QLD,Full-Time,67946.54,0.0227,596,Standard,Approve - Standard Terms,0
APP007524,2023-12-09,Test,Home Renovation,49000,36,Branch,NSW,Part-Time,32768.78,0.0319,586,Standard,Approve - Standard Terms,0
APP003795,2023-01-06,Test,Debt Consolidation,3500,60,Broker,NSW,Casual,33875.35,0.0344,583,Standard,Approve - Standard Terms,0
APP000391,2023-10-29,Test,Car Purchase,10500,36,Broker,WA,Unemployed,19615.06,0.0624,565,Decline,Decline,1
APP006257,2023-08-12,Test,Debt Consolidation,38000,60,Online,QLD,Self-Employed,38950.8,0.0229,595,Standard,Approve - Standard Terms,0
APP002807,2023-05-20,Test,Travel,9500,12,Online,NSW,Full-Time,56372.97,0.0765,559,Decline,Decline,0
APP002079,2023-03-12,Test,Home Renovation,22000,36,Branch,QLD,Full-Time,70200.43,0.0189,601,Preferred,Approve - Preferred Pricing,0
APP006877,2024-02-06,Test,Debt Consolidation,25500,36,Online,VIC,Unemployed,20118.27,0.1017,550,Decline,Decline,0
APP007626,2024-03-02,Test,Other,34000,24,Online,QLD,Casual,49077.81,0.0394,579,High Risk - Refer,Refer to Manual Underwriting,0
APP000152,2023-07-30,Test,Debt Consolidation,8500,24,Branch,NSW,Casual,32884.31,0.1036,549,Decline,Decline,0
APP007104,2023-09-28,Test,Debt Consolidation,36000,36,Online,VIC,Full-Time,115385.59,0.0303,587,Standard,Approve - Standard Terms,0
APP003727,2023-02-06,Test,Wedding,11500,48,Broker,VIC,Full-Time,80293.89,0.0673,563,Decline,Decline,0
APP001431,2024-02-11,Test,Home Renovation,37000,12,Branch,VIC,Casual,27610.6,0.0189,601,Preferred,Approve - Preferred Pricing,0
APP006996,2024-03-26,Test,Travel,44500,60,Online,VIC,Full-Time,103676.82,0.0189,601,Preferred,Approve - Preferred Pricing,0
APP001168,2023-04-20,Test,Debt Consolidation,19500,12,Broker,VIC,Part-Time,46214.61,0.019,601,Preferred,Approve - Preferred Pricing,0
APP008046,2023-10-14,Test,Wedding,18500,24,Online,VIC,Full-Time,61568.67,0.1346,541,Decline,Decline,0
APP006770,2023-08-22,Test,Car Purchase,42000,24,Broker,QLD,Full-Time,18590.16,0.0227,596,Standard,Approve - Standard Terms,0
APP007566,2023-03-23,Test,Debt Consolidation,3500,60,Online,VIC,Full-Time,73383.52,0.0189,601,Preferred,Approve - Preferred Pricing,0
APP007532,2023-02-21,Test,Debt Consolidation,6500,36,Broker,QLD,Part-Time,21333.03,0.1109,547,Decline,Decline,0
APP003915,2024-02-17,Test,Debt Consolidation,48000,48,Online,SA,Full-Time,83772.52,0.0418,578,High Risk - Refer,Refer to Manual Underwriting,0
APP003268,2023-11-03,Test,Medical,37000,24,Branch,QLD,Full-Time,97243.0,0.0189,601,Preferred,Approve - Preferred Pricing,0
APP005380,2023-08-24,Test,Home Renovation,2500,48,Online,NSW,Full-Time,53124.95,0.0258,592,Standard,Approve - Standard Terms,0
APP004454,2023-11-28,Test,Debt Consolidation,42500,36,Online,QLD,Self-Employed,84823.68,0.0167,605,Premium,Approve - Premium Pricing,0
APP002939,2024-02-02,Test,Car Purchase,8000,60,Online,SA,Full-Time,56290.22,0.0177,603,Preferred,Approve - Preferred Pricing,0
APP008173,2023-02-03,Test,Other,29500,48,Branch,QLD,Full-Time,53520.77,0.0236,595,Standard,Approve - Standard Terms,0
APP005466,2024-03-06,Test,Home Renovation,41000,48,Online,NSW,Unemployed,16628.29,0.136,540,Decline,Decline,0
APP002723,2023-01-04,Test,Debt Consolidation,3000,12,Broker,NSW,Part-Time,65404.21,0.0203,599,Preferred,Approve - Preferred Pricing,0
APP000879,2023-02-16,Test,Debt Consolidation,29000,36,Branch,WA,Full-Time,49967.59,0.1036,549,Decline,Decline,1
APP004343,2023-09-16,Test,Car Purchase,37500,48,Online,SA,Full-Time,112846.46,0.0258,592,Standard,Approve - Standard Terms,0
APP005182,2023-05-04,Test,Car Purchase,47500,60,Online,QLD,Full-Time,58884.63,0.0189,601,Preferred,Approve - Preferred Pricing,0
APP005307,2023-10-28,Test,Debt Consolidation,5500,60,Online,WA,Part-Time,20966.94,0.0528,570,High Risk - Refer,Refer to Manual Underwriting,0
APP004918,2023-08-05,Test,Car Purchase,28000,24,Online,VIC,Part-Time,35354.2,0.0528,570,High Risk - Refer,Refer to Manual Underwriting,0
APP006215,2024-03-12,Test,Medical,11500,24,Online,VIC,Full-Time,60874.49,0.0303,587,Standard,Approve - Standard Terms,0
APP007002,2023-05-09,Test,Other,47000,24,Branch,NSW,Full-Time,53878.51,0.0491,573,High Risk - Refer,Refer to Manual Underwriting,0
APP003379,2024-01-26,Test,Debt Consolidation,49500,24,Online,NSW,Full-Time,69844.69,0.0227,596,Standard,Approve - Standard Terms,0
APP001748,2024-01-23,Test,Debt Consolidation,8000,48,Branch,VIC,Full-Time,85883.54,0.0595,567,High Risk - Refer,Refer to Manual Underwriting,0
APP007917,2023-03-14,Test,Car Purchase,11500,60,Online,VIC,Self-Employed,66245.59,0.0209,598,Preferred,Approve - Preferred Pricing,0
APP001783,2023-05-02,Test,Debt Consolidation,22000,36,Online,NSW,Full-Time,101318.68,0.0177,603,Preferred,Approve - Preferred Pricing,0
APP005894,2023-03-15,Test,Car Purchase,42000,48,Online,SA,Part-Time,46521.96,0.0278,590,Standard,Approve - Standard Terms,0
APP004877,2023-10-23,Test,Debt Consolidation,38000,60,Branch,VIC,Full-Time,112066.24,0.0276,590,Standard,Approve - Standard Terms,0
APP006235,2023-03-15,Test,Medical,2500,36,Branch,QLD,Casual,39864.92,0.0394,579,High Risk - Refer,Refer to Manual Underwriting,0
APP000115,2023-07-09,Test,Debt Consolidation,35000,36,Online,QLD,Self-Employed,79023.83,0.0167,605,Premium,Approve - Premium Pricing,0
APP001776,2024-02-14,Test,Car Purchase,34000,12,Branch,VIC,Part-Time,52023.14,0.0245,593,Standard,Approve - Standard Terms,0
APP000255,2023-12-08,Test,Wedding,28000,60,Broker,QLD,Full-Time,81354.14,0.0189,601,Preferred,Approve - Preferred Pricing,0
APP001578,2023-07-28,Test,Debt Consolidation,12500,36,Broker,QLD,Full-Time,38529.87,0.0344,583,High Risk - Refer,Refer to Manual Underwriting,0
APP008555,2023-07-05,Test,Wedding,26500,48,Online,SA,Full-Time,68811.16,0.0418,578,High Risk - Refer,Refer to Manual Underwriting,0
APP004878,2023-08-25,Test,Debt Consolidation,43000,36,Broker,NSW,Part-Time,17894.8,0.037,581,High Risk - Refer,Refer to Manual Underwriting,0
APP003766,2023-08-30,Test,Home Renovation,43000,12,Branch,NSW,Full-Time,67262.13,0.0394,579,High Risk - Refer,Refer to Manual Underwriting,1
APP005557,2023-10-31,Test,Travel,11500,48,Broker,QLD,Full-Time,106725.36,0.0189,601,Preferred,Approve - Preferred Pricing,0
APP005696,2023-05-06,Test,Car Purchase,27500,60,Online,QLD,Casual,42650.71,0.0258,592,Standard,Approve - Standard Terms,0
APP004128,2023-01-09,Test,Car Purchase,5500,24,Broker,WA,Full-Time,48094.27,0.0394,579,High Risk - Refer,Refer to Manual Underwriting,0
APP006780,2024-02-25,Test,Debt Consolidation,47500,12,Online,QLD,Casual,41292.24,0.0595,567,High Risk - Refer,Refer to Manual Underwriting,0
APP006662,2023-09-06,Test,Medical,24000,24,Online,VIC,Full-Time,24903.59,0.1142,546,Decline,Decline,0
APP000536,2023-10-07,Test,Wedding,12000,48,Broker,VIC,Full-Time,83029.36,0.0236,595,Standard,Approve - Standard Terms,1
APP004246,2023-11-30,Test,Home Renovation,42000,48,Broker,NSW,Full-Time,78961.89,0.0177,603,Preferred,Approve - Preferred Pricing,0
APP004481,2023-12-16,Test,Travel,22500,12,Broker,VIC,Full-Time,65321.06,0.0303,587,Standard,Approve - Standard Terms,0
APP004379,2023-02-15,Test,Debt Consolidation,10000,36,Online,NSW,Full-Time,58223.4,0.0394,579,High Risk - Refer,Refer to Manual Underwriting,0
APP004867,2023-11-20,Test,Home Renovation,31500,36,Broker,VIC,Casual,29554.26,0.0303,587,Standard,Approve - Standard Terms,0
APP001847,2023-01-28,Test,Debt Consolidation,18000,36,Online,SA,Full-Time,97622.9,0.0177,603,Preferred,Approve - Preferred Pricing,0
APP003236,2024-03-23,Test,Car Purchase,38000,36,Branch,NSW,Part-Time,29272.91,0.0278,590,Standard,Approve - Standard Terms,0
APP000046,2023-06-05,Test,Debt Consolidation,32000,36,Branch,TAS,Full-Time,86057.93,0.0297,588,Standard,Approve - Standard Terms,0
APP002055,2023-02-17,Test,Debt Consolidation,22000,60,Online,QLD,Full-Time,61272.22,0.0258,592,Standard,Approve - Standard Terms,0
APP008115,2023-06-12,Test,Medical,43000,36,Branch,QLD,Part-Time,32173.31,0.0582,567,High Risk - Refer,Refer to Manual Underwriting,0
APP004191,2024-02-02,Test,Debt Consolidation,36000,60,Broker,VIC,Full-Time,15000.0,0.054,570,High Risk - Refer,Refer to Manual Underwriting,0
APP008262,2023-01-13,Test,Debt Consolidation,34500,24,Online,WA,Full-Time,66702.46,0.0258,592,Standard,Approve - Standard Terms,0
APP001523,2023-04-13,Test,Home Renovation,4500,36,Broker,SA,Full-Time,36022.25,0.0491,573,High Risk - Refer,Refer to Manual Underwriting,0
APP006994,2023-03-19,Test,Medical,35500,48,Online,QLD,Part-Time,26836.08,0.0341,584,Standard,Approve - Standard Terms,0
APP006661,2023-08-23,Test,Home Renovation,21500,24,Broker,QLD,Full-Time,46456.9,0.0394,579,High Risk - Refer,Refer to Manual Underwriting,0
APP003655,2023-12-17,Test,Car Purchase,37000,36,Online,VIC,Part-Time,47695.08,0.0297,588,Standard,Approve - Standard Terms,0
APP004505,2023-01-29,Test,Medical,25500,36,Branch,VIC,Full-Time,65781.69,0.0595,567,High Risk - Refer,Refer to Manual Underwriting,1
APP002990,2023-04-29,Test,Home Renovation,42000,60,Online,QLD,Full-Time,71574.64,0.0344,583,High Risk - Refer,Refer to Manual Underwriting,0
APP004236,2023-04-07,Test,Debt Consolidation,16500,24,Online,QLD,Part-Time,54113.14,0.0203,599,Preferred,Approve - Preferred Pricing,0
APP000827,2023-09-03,Test,Car Purchase,32500,48,Broker,NSW,Full-Time,87723.89,0.0189,601,Preferred,Approve - Preferred Pricing,0
APP002432,2024-02-19,Test,Wedding,9500,24,Online,NSW,Casual,40006.37,0.1784,531,Decline,Decline,0
APP008131,2023-04-11,Test,Home Renovation,19500,36,Broker,VIC,Full-Time,76582.91,0.0189,601,Preferred,Approve - Preferred Pricing,0
APP002237,2023-07-13,Test,Debt Consolidation,46500,24,Broker,NSW,Casual,44160.13,0.0394,579,High Risk - Refer,Refer to Manual Underwriting,0
APP001119,2023-01-23,Test,Debt Consolidation,33500,60,Broker,QLD,Casual,31476.99,0.1036,549,Decline,Decline,0
APP007851,2023-02-17,Test,Other,4000,36,Branch,QLD,Casual,48775.96,0.0189,601,Preferred,Approve - Preferred Pricing,0
APP004295,2024-02-11,Test,Debt Consolidation,19000,24,Branch,VIC,Full-Time,101441.03,0.0258,592,Standard,Approve - Standard Terms,0
APP001299,2023-07-12,Test,Travel,35000,48,Online,NSW,Full-Time,94476.14,0.054,570,High Risk - Refer,Refer to Manual Underwriting,0
APP007927,2023-01-18,Test,Car Purchase,16000,36,Broker,VIC,Casual,58745.4,0.0189,601,Preferred,Approve - Preferred Pricing,0
APP006985,2023-11-21,Test,Home Renovation,50000,48,Online,WA,Full-Time,95125.77,0.0344,583,High Risk - Refer,Refer to Manual Underwriting,0
APP007478,2024-01-05,Test,Other,38000,48,Broker,QLD,Self-Employed,63458.55,0.0554,569,High Risk - Refer,Refer to Manual Underwriting,0
APP001127,2023-05-30,Test,Other,30500,24,Branch,NSW,Full-Time,93433.04,0.0258,592,Standard,Approve - Standard Terms,0
APP002913,2023-10-22,Test,Debt Consolidation,30000,36,Branch,NSW,Full-Time,114265.76,0.0177,603,Preferred,Approve - Preferred Pricing,0
APP005157,2023-12-17,Test,Car Purchase,49000,12,Branch,NSW,Part-Time,39636.12,0.0517,571,High Risk - Refer,Refer to Manual Underwriting,0
APP005321,2023-06-15,Test,Travel,7500,36,Branch,NSW,Unemployed,18637.19,0.0607,566,Decline,Decline,0
APP002999,2023-06-23,Test,Home Renovation,21000,24,Branch,NSW,Full-Time,64425.01,0.0189,601,Preferred,Approve - Preferred Pricing,0
APP006098,2024-02-11,Test,Travel,48500,36,Online,VIC,Full-Time,70976.72,0.0189,601,Preferred,Approve - Preferred Pricing,0
APP004301,2024-03-16,Test,Home Renovation,17500,60,Broker,NSW,Full-Time,67922.17,0.0303,587,Standard,Approve - Standard Terms,0
APP000091,2023-07-27,Test,Other,17000,12,Broker,VIC,Full-Time,18458.3,0.0236,595,Standard,Approve - Standard Terms,0
APP005224,2023-08-05,Test,Debt Consolidation,39500,48,Online,VIC,Full-Time,94905.89,0.0189,601,Preferred,Approve - Preferred Pricing,0
APP003423,2023-03-17,Test,Car Purchase,26000,48,Online,WA,Self-Employed,69087.89,0.0209,598,Preferred,Approve - Preferred Pricing,0
APP007494,2024-03-16,Test,Car Purchase,7500,24,Broker,ACT,Full-Time,123107.9,0.0227,596,Standard,Approve - Standard Terms,0
APP003567,2023-12-29,Test,Home Renovation,23500,36,Broker,VIC,Casual,29539.34,0.0474,574,High Risk - Refer,Refer to Manual Underwriting,0
APP005420,2023-08-31,Test,Wedding,35500,24,Broker,VIC,Part-Time,23854.47,0.0203,599,Preferred,Approve - Preferred Pricing,0
APP001473,2024-01-11,Test,Other,21000,60,Online,QLD,Full-Time,56496.12,0.0317,586,Standard,Approve - Standard Terms,0
APP005857,2023-04-18,Test,Debt Consolidation,32500,60,Online,QLD,Full-Time,15000.0,0.0744,560,Decline,Decline,0
APP006288,2024-01-27,Test,Debt Consolidation,26000,24,Branch,WA,Full-Time,105966.26,0.0765,559,Decline,Decline,0
APP001978,2023-04-11,Test,Debt Consolidation,11500,60,Broker,VIC,Casual,40734.05,0.0177,603,Premium,Approve - Premium Pricing,0
APP003478,2023-04-13,Test,Home Renovation,45500,24,Broker,WA,Full-Time,27613.34,0.0738,560,Decline,Decline,0
APP007874,2023-09-20,Test,Debt Consolidation,27000,24,Branch,VIC,Part-Time,41066.89,0.0297,588,Standard,Approve - Standard Terms,0
APP006432,2024-01-09,Test,Other,42000,48,Online,QLD,Full-Time,53588.1,0.0276,590,Standard,Approve - Standard Terms,0
APP006995,2023-08-07,Test,Debt Consolidation,49000,36,Online,NSW,Full-Time,73242.82,0.0433,576,High Risk - Refer,Refer to Manual Underwriting,0
APP007298,2023-05-20,Test,Home Renovation,24500,36,Branch,NSW,Full-Time,68641.43,0.0236,595,Standard,Approve - Standard Terms,0
APP008307,2023-12-17,Test,Debt Consolidation,19000,24,Broker,VIC,Full-Time,61873.74,0.0394,579,High Risk - Refer,Refer to Manual Underwriting,0
APP000349,2023-01-02,Test,Medical,42000,24,Broker,VIC,Self-Employed,16804.75,0.0362,582,High Risk - Refer,Refer to Manual Underwriting,0
APP004605,2023-09-23,Test,Car Purchase,11000,36,Branch,NSW,Casual,50446.58,0.0394,579,High Risk - Refer,Refer to Manual Underwriting,0
APP003335,2023-02-09,Test,Debt Consolidation,23500,12,Online,VIC,Self-Employed,89266.83,0.0229,595,Standard,Approve - Standard Terms,0
APP007956,2023-07-14,Test,Car Purchase,8000,36,Online,VIC,Full-Time,71328.79,0.0344,583,High Risk - Refer,Refer to Manual Underwriting,0
APP008360,2024-01-26,Test,Debt Consolidation,39500,48,Online,VIC,Full-Time,81660.28,0.0258,592,Standard,Approve - Standard Terms,0
APP005277,2023-03-09,Test,Debt Consolidation,4500,24,Branch,SA,Full-Time,52367.62,0.0177,603,Preferred,Approve - Preferred Pricing,0
APP005402,2023-08-01,Test,Car Purchase,44500,36,Online,QLD,Casual,34682.38,0.0344,583,Standard,Approve - Standard Terms,0
APP008783,2023-11-14,Test,Medical,27000,48,Branch,NSW,Full-Time,75631.98,0.0177,603,Preferred,Approve - Preferred Pricing,1
APP004329,2023-06-10,Test,Car Purchase,49500,36,Online,SA,Full-Time,80997.51,0.0177,603,Preferred,Approve - Preferred Pricing,0
APP002814,2023-12-01,Test,Travel,36500,24,Online,QLD,Full-Time,57940.16,0.0765,559,Decline,Decline,0
APP005662,2024-02-03,Test,Debt Consolidation,16000,36,Broker,NSW,Casual,51306.86,0.0258,592,Standard,Approve - Standard Terms,0
APP007607,2024-03-02,Test,Car Purchase,41000,48,Branch,VIC,Full-Time,95302.0,0.0344,583,High Risk - Refer,Refer to Manual Underwriting,0
APP007667,2024-01-07,Test,Wedding,28500,48,Online,VIC,Part-Time,50842.96,0.0424,577,High Risk - Refer,Refer to Manual Underwriting,0
APP006228,2023-03-19,Test,Home Renovation,3000,60,Online,QLD,Full-Time,58692.72,0.0303,587,Standard,Approve - Standard Terms,0
APP008545,2023-05-14,Test,Debt Consolidation,48500,36,Online,VIC,Full-Time,50335.43,0.0189,601,Preferred,Approve - Preferred Pricing,0
APP006090,2023-07-24,Test,Debt Consolidation,12000,36,Branch,VIC,Full-Time,66189.57,0.0276,590,Standard,Approve - Standard Terms,0
APP000010,2023-09-07,Test,Home Renovation,29000,36,Online,QLD,Self-Employed,80016.09,0.0167,605,Premium,Approve - Premium Pricing,0
APP008022,2024-02-10,Test,Wedding,48000,24,Branch,VIC,Self-Employed,62518.97,0.0209,598,Preferred,Approve - Preferred Pricing,0
APP004214,2023-10-12,Test,Debt Consolidation,40500,24,Branch,QLD,Full-Time,119958.88,0.0189,601,Preferred,Approve - Preferred Pricing,0
APP005695,2023-01-15,Test,Travel,4500,36,Broker,VIC,Full-Time,70748.01,0.0258,592,Standard,Approve - Standard Terms,0
APP000834,2023-03-15,Test,Debt Consolidation,23000,60,Online,NSW,Self-Employed,65105.71,0.048,573,High Risk - Refer,Refer to Manual Underwriting,1
APP004857,2024-03-24,Test,Debt Consolidation,15000,48,Branch,VIC,Full-Time,75517.48,0.0344,583,High Risk - Refer,Refer to Manual Underwriting,0
APP008910,2023-03-05,Test,Home Renovation,3500,48,Broker,QLD,Full-Time,83312.05,0.0344,583,High Risk - Refer,Refer to Manual Underwriting,0
APP000122,2023-08-01,Test,Home Renovation,12000,60,Broker,QLD,Full-Time,83533.79,0.0344,583,High Risk - Refer,Refer to Manual Underwriting,0
APP001777,2023-11-28,Test,Debt Consolidation,26500,24,Branch,VIC,Self-Employed,74667.85,0.0167,605,Premium,Approve - Premium Pricing,0
APP000744,2023-04-12,Test,Debt Consolidation,11500,36,Branch,NSW,Part-Time,33781.81,0.019,601,Preferred,Approve - Preferred Pricing,0
APP006958,2023-09-01,Test,Home Renovation,38500,36,Branch,NSW,Full-Time,56691.58,0.0303,587,Standard,Approve - Standard Terms,0
APP006030,2023-05-20,Test,Car Purchase,32000,36,Branch,SA,Self-Employed,54604.87,0.0167,605,Premium,Approve - Premium Pricing,1
APP008665,2023-10-10,Test,Car Purchase,45500,12,Online,VIC,Unemployed,15000.0,0.3001,512,Decline,Decline,0
APP005419,2024-03-15,Test,Car Purchase,12500,60,Broker,QLD,Full-Time,47554.04,0.0236,595,Standard,Approve - Standard Terms,0
APP004212,2023-05-03,Test,Other,28000,24,Online,VIC,Self-Employed,66245.59,0.0156,607,Premium,Approve - Premium Pricing,0
APP006488,2023-04-28,Test,Debt Consolidation,35500,36,Branch,WA,Full-Time,95734.21,0.0236,595,Standard,Approve - Standard Terms,0
APP000107,2024-01-09,Test,Debt Consolidation,16000,36,Online,VIC,Self-Employed,54029.83,0.0371,581,High Risk - Refer,Refer to Manual Underwriting,0
APP008211,2023-07-15,Test,Debt Consolidation,11000,36,Branch,WA,Full-Time,76405.13,0.0189,601,Preferred,Approve - Preferred Pricing,0
APP000967,2023-08-08,Test,Travel,4000,36,Branch,QLD,Full-Time,53813.55,0.0189,601,Preferred,Approve - Preferred Pricing,0
APP004736,2023-07-13,Test,Other,44500,48,Online,VIC,Full-Time,120516.53,0.0189,601,Preferred,Approve - Preferred Pricing,0
APP000009,2023-04-19,Test,Home Renovation,23500,12,Online,QLD,Self-Employed,45813.93,0.0377,581,High Risk - Refer,Refer to Manual Underwriting,0
APP000853,2023-09-11,Test,Travel,46000,12,Online,QLD,Self-Employed,73313.02,0.0269,591,Standard,Approve - Standard Terms,0
APP003933,2023-11-07,Test,Medical,16000,12,Online,WA,Full-Time,94227.41,0.0344,583,High Risk - Refer,Refer to Manual Underwriting,0
APP004311,2023-05-07,Test,Home Renovation,48500,48,Online,VIC,Full-Time,104735.03,0.0276,590,Standard,Approve - Standard Terms,0
APP008155,2023-06-05,Test,Wedding,28000,24,Online,NSW,Casual,45716.23,0.0344,583,Standard,Approve - Standard Terms,0
APP004842,2023-12-10,Test,Medical,21500,36,Branch,QLD,Casual,30723.64,0.0189,601,Preferred,Approve - Preferred Pricing,0
APP007125,2023-10-21,Test,Travel,44500,48,Online,NSW,Casual,43201.67,0.0394,579,High Risk - Refer,Refer to Manual Underwriting,0
APP004289,2023-09-07,Test,Other,20000,12,Broker,QLD,Part-Time,45128.9,0.0424,577,High Risk - Refer,Refer to Manual Underwriting,0
APP007122,2023-10-17,Test,Car Purchase,2500,36,Online,WA,Self-Employed,81643.47,0.0167,605,Premium,Approve - Premium Pricing,0
APP008492,2023-07-15,Test,Home Renovation,42000,24,Online,NSW,Full-Time,42072.2,0.0303,587,Standard,Approve - Standard Terms,0
APP004344,2023-08-16,Test,Home Renovation,20000,24,Online,WA,Self-Employed,50535.4,0.0229,595,Standard,Approve - Standard Terms,0
APP007245,2023-01-21,Test,Car Purchase,25000,24,Branch,VIC,Casual,32231.99,0.0474,574,High Risk - Refer,Refer to Manual Underwriting,0
APP004824,2024-03-18,Test,Medical,45500,24,Online,NSW,Full-Time,86803.2,0.0276,590,Standard,Approve - Standard Terms,0
APP002443,2023-06-04,Test,Other,41500,24,Broker,QLD,Full-Time,77410.58,0.0236,595,Standard,Approve - Standard Terms,0
APP007327,2024-01-13,Test,Travel,38500,12,Branch,QLD,Full-Time,96692.66,0.0258,592,Standard,Approve - Standard Terms,0
APP000262,2024-01-11,Test,Debt Consolidation,29000,48,Broker,SA,Unemployed,24775.62,0.1405,539,Decline,Decline,0
APP000420,2023-07-24,Test,Debt Consolidation,25000,48,Branch,WA,Self-Employed,17740.84,0.161,535,Decline,Decline,1
APP001491,2023-10-20,Test,Debt Consolidation,43000,12,Branch,TAS,Part-Time,63379.57,0.0203,599,Preferred,Approve - Preferred Pricing,0
APP000795,2023-04-03,Test,Debt Consolidation,6500,48,Online,SA,Casual,39881.46,0.0258,592,Standard,Approve - Standard Terms,0
APP005438,2023-04-01,Test,Debt Consolidation,33500,24,Branch,VIC,Casual,38193.39,0.0258,592,Standard,Approve - Standard Terms,0
APP005981,2023-01-11,Test,Car Purchase,48000,12,Online,SA,Full-Time,88603.53,0.0189,601,Preferred,Approve - Preferred Pricing,0
APP006548,2024-02-17,Test,Other,27000,24,Branch,NSW,Full-Time,57770.9,0.0189,601,Preferred,Approve - Preferred Pricing,0
APP003613,2023-09-01,Test,Car Purchase,15500,36,Online,NSW,Full-Time,85101.23,0.0562,569,High Risk - Refer,Refer to Manual Underwriting,0
APP003940,2023-10-19,Test,Debt Consolidation,32500,48,Online,TAS,Full-Time,57135.28,0.0394,579,High Risk - Refer,Refer to Manual Underwriting,0
APP006428,2023-10-23,Test,Wedding,42000,24,Branch,VIC,Full-Time,64605.75,0.0474,574,High Risk - Refer,Refer to Manual Underwriting,0
APP000013,2024-02-16,Test,Travel,35000,36,Broker,NSW,Full-Time,75310.15,0.0303,587,Standard,Approve - Standard Terms,0
APP006729,2023-06-18,Test,Car Purchase,21000,36,Broker,NSW,Full-Time,40012.85,0.0394,579,High Risk - Refer,Refer to Manual Underwriting,0
APP008299,2024-02-05,Test,Car Purchase,14500,60,Branch,NSW,Full-Time,62294.63,0.0344,583,High Risk - Refer,Refer to Manual Underwriting,0
APP004807,2023-03-26,Test,Travel,30000,36,Online,QLD,Casual,48808.91,0.0491,573,High Risk - Refer,Refer to Manual Underwriting,0
APP002217,2023-01-24,Test,Medical,21000,36,Broker,NSW,Part-Time,45911.96,0.0326,585,Standard,Approve - Standard Terms,0
APP002963,2023-05-27,Test,Home Renovation,23500,36,Online,QLD,Full-Time,71652.25,0.0258,592,Standard,Approve - Standard Terms,1
APP006234,2023-08-19,Test,Home Renovation,43000,24,Branch,QLD,Unemployed,15000.0,0.075,560,Decline,Decline,0
APP007864,2023-09-20,Test,Debt Consolidation,29000,36,Online,VIC,Full-Time,75211.67,0.0542,570,High Risk - Refer,Refer to Manual Underwriting,0
APP002072,2023-11-29,Test,Debt Consolidation,9500,48,Broker,WA,Full-Time,113439.71,0.0303,587,Standard,Approve - Standard Terms,1
APP007476,2023-02-11,Test,Travel,32000,48,Branch,VIC,Full-Time,78311.71,0.0189,601,Preferred,Approve - Preferred Pricing,0
APP005218,2024-01-06,Test,Debt Consolidation,26000,36,Branch,SA,Full-Time,53753.58,0.0394,579,High Risk - Refer,Refer to Manual Underwriting,0
APP003031,2024-02-17,Test,Debt Consolidation,42000,12,Online,TAS,Casual,47924.28,0.0177,603,Premium,Approve - Premium Pricing,0
APP006680,2023-02-18,Test,Travel,37500,24,Online,QLD,Self-Employed,100267.98,0.0167,605,Premium,Approve - Premium Pricing,0
APP003305,2023-08-19,Test,Debt Consolidation,45000,60,Online,WA,Self-Employed,68488.21,0.0201,599,Preferred,Approve - Preferred Pricing,0
APP000328,2023-09-19,Test,Travel,8000,12,Branch,VIC,Part-Time,32443.13,0.0582,567,High Risk - Refer,Refer to Manual Underwriting,0
APP004720,2023-04-08,Test,Car Purchase,45000,60,Online,NSW,Part-Time,40288.23,0.0528,570,High Risk - Refer,Refer to Manual Underwriting,0
APP000854,2024-02-08,Test,Medical,28500,24,Broker,SA,Full-Time,15000.0,0.0177,603,Preferred,Approve - Preferred Pricing,0
APP003914,2023-07-21,Test,Car Purchase,27500,12,Online,QLD,Self-Employed,48528.26,0.0245,593,Standard,Approve - Standard Terms,0
APP005618,2023-11-29,Test,Debt Consolidation,50000,24,Broker,VIC,Part-Time,38232.68,0.0278,590,Standard,Approve - Standard Terms,0
APP007827,2023-08-14,Test,Car Purchase,46000,48,Branch,NSW,Full-Time,132763.03,0.0344,583,High Risk - Refer,Refer to Manual Underwriting,0
APP001667,2024-01-25,Test,Other,17500,12,Broker,VIC,Part-Time,38235.26,0.0792,558,Decline,Decline,0
APP001148,2023-12-13,Test,Travel,13500,24,Broker,WA,Self-Employed,71544.89,0.0167,605,Premium,Approve - Premium Pricing,0
APP004974,2023-02-19,Test,Car Purchase,5500,60,Broker,VIC,Full-Time,48367.63,0.0189,601,Preferred,Approve - Preferred Pricing,0
APP001582,2023-02-17,Test,Debt Consolidation,26500,24,Broker,NSW,Self-Employed,82204.33,0.0305,587,Standard,Approve - Standard Terms,0
APP003279,2023-05-31,Test,Travel,30000,36,Online,VIC,Self-Employed,70325.0,0.0245,593,Standard,Approve - Standard Terms,0
APP003970,2023-11-14,Test,Home Renovation,23500,36,Online,QLD,Part-Time,39743.22,0.0326,585,Standard,Approve - Standard Terms,0
APP003735,2023-08-28,Test,Car Purchase,21500,36,Online,NSW,Self-Employed,83505.55,0.0209,598,Preferred,Approve - Preferred Pricing,0
APP008353,2023-02-04,Test,Car Purchase,40500,36,Online,QLD,Self-Employed,38950.8,0.0201,599,Preferred,Approve - Preferred Pricing,0
APP003308,2023-09-27,Test,Wedding,5500,60,Broker,NSW,Full-Time,92133.52,0.0303,587,Standard,Approve - Standard Terms,0
APP004748,2023-09-04,Test,Medical,9000,48,Broker,SA,Self-Employed,70065.05,0.0229,595,Standard,Approve - Standard Terms,0
APP008407,2023-11-07,Test,Car Purchase,21000,60,Broker,NSW,Full-Time,75390.12,0.0276,590,Standard,Approve - Standard Terms,0
APP004468,2023-02-04,Test,Debt Consolidation,9000,36,Broker,QLD,Full-Time,77377.28,0.0362,582,High Risk - Refer,Refer to Manual Underwriting,0
APP004092,2024-02-14,Test,Home Renovation,48500,48,Online,QLD,Full-Time,66797.05,0.0189,601,Preferred,Approve - Preferred Pricing,0
APP001326,2023-01-25,Test,Home Renovation,45000,24,Online,VIC,Self-Employed,36447.88,0.0362,582,High Risk - Refer,Refer to Manual Underwriting,0
APP005590,2024-01-25,Test,Other,13000,60,Broker,QLD,Casual,41170.63,0.0767,559,Decline,Decline,0
APP004006,2023-04-13,Test,Travel,18500,48,Online,ACT,Full-Time,123838.65,0.0189,601,Preferred,Approve - Preferred Pricing,0
APP003059,2023-12-27,Test,Home Renovation,13500,36,Online,NT,Part-Time,32709.01,0.0254,592,Standard,Approve - Standard Terms,0
APP000311,2023-08-27,Test,Car Purchase,29000,36,Online,VIC,Unemployed,15000.0,0.0455,575,High Risk - Refer,Refer to Manual Underwriting,0
APP002547,2023-03-22,Test,Medical,18000,60,Online,QLD,Full-Time,86998.86,0.0344,583,High Risk - Refer,Refer to Manual Underwriting,0
APP005955,2023-11-01,Test,Car Purchase,13000,24,Online,VIC,Self-Employed,94324.68,0.0167,605,Premium,Approve - Premium Pricing,0
APP007967,2023-10-09,Test,Debt Consolidation,35500,60,Online,NSW,Part-Time,59758.87,0.0639,565,Decline,Decline,0
APP001803,2023-04-09,Test,Medical,5000,60,Online,NSW,Casual,46275.53,0.0236,595,Standard,Approve - Standard Terms,0
APP007738,2024-03-14,Test,Car Purchase,10000,24,Online,QLD,Full-Time,66466.89,0.0236,595,Standard,Approve - Standard Terms,0
APP000515,2023-08-20,Test,Car Purchase,39000,24,Branch,VIC,Part-Time,31898.84,0.0203,599,Preferred,Approve - Preferred Pricing,0
APP005608,2023-03-28,Test,Car Purchase,20500,24,Online,NSW,Full-Time,35380.41,0.0303,587,Standard,Approve - Standard Terms,0
APP008175,2024-03-27,Test,Car Purchase,15000,60,Online,VIC,Full-Time,67126.97,0.0189,601,Preferred,Approve - Preferred Pricing,0
APP007839,2023-05-27,Test,Medical,28000,48,Branch,SA,Full-Time,125497.1,0.0344,583,High Risk - Refer,Refer to Manual Underwriting,0
APP002806,2024-01-21,Test,Home Renovation,27000,48,Online,NSW,Full-Time,64425.01,0.0177,603,Preferred,Approve - Preferred Pricing,0
APP006688,2023-12-03,Test,Home Renovation,21500,36,Online,VIC,Casual,38481.8,0.0258,592,Standard,Approve - Standard Terms,1
APP000075,2023-12-30,Test,Debt Consolidation,4000,36,Branch,TAS,Full-Time,80026.2,0.0344,583,High Risk - Refer,Refer to Manual Underwriting,0
APP001487,2023-10-25,Test,Debt Consolidation,16500,24,Online,WA,Self-Employed,34840.21,0.0421,577,High Risk - Refer,Refer to Manual Underwriting,0
APP008962,2024-01-19,Test,Debt Consolidation,21000,36,Branch,NSW,Self-Employed,62656.11,0.0156,607,Premium,Approve - Premium Pricing,0
APP005498,2023-03-16,Test,Debt Consolidation,47500,36,Online,NSW,Full-Time,47035.78,0.0344,583,High Risk - Refer,Refer to Manual Underwriting,0
APP007896,2024-03-01,Test,Debt Consolidation,25500,24,Broker,VIC,Full-Time,52639.87,0.0236,595,Standard,Approve - Standard Terms,0
APP000066,2023-02-21,Test,Car Purchase,34500,36,Online,QLD,Full-Time,76842.33,0.0243,594,Standard,Approve - Standard Terms,0
APP007764,2023-01-28,Test,Debt Consolidation,24000,36,Branch,NSW,Full-Time,54773.48,0.0236,595,Standard,Approve - Standard Terms,0
APP001906,2023-03-23,Test,Car Purchase,15500,48,Online,NSW,Full-Time,40542.75,0.0344,583,High Risk - Refer,Refer to Manual Underwriting,0
APP002128,2023-11-04,Test,Home Renovation,5500,60,Online,NSW,Full-Time,89046.73,0.0258,592,Standard,Approve - Standard Terms,0
APP006948,2023-09-18,Test,Car Purchase,38000,60,Branch,QLD,Part-Time,52509.67,0.0254,592,Standard,Approve - Standard Terms,0
APP004837,2024-02-10,Test,Car Purchase,38500,24,Broker,WA,Full-Time,54661.37,0.0258,592,Standard,Approve - Standard Terms,0
APP000005,2023-03-11,Test,Medical,23500,48,Broker,NT,Full-Time,98983.5,0.0433,576,High Risk - Refer,Refer to Manual Underwriting,0
APP005329,2023-02-08,Test,Travel,8000,36,Online,NSW,Casual,52526.7,0.0296,588,Standard,Approve - Standard Terms,0
APP006267,2023-04-23,Test,Travel,28000,24,Branch,QLD,Part-Time,55744.86,0.0326,585,Standard,Approve - Standard Terms,0
APP007930,2024-03-07,Test,Debt Consolidation,17000,60,Branch,VIC,Casual,41169.31,0.0394,579,High Risk - Refer,Refer to Manual Underwriting,0
APP002796,2024-02-19,Test,Car Purchase,21500,12,Online,QLD,Full-Time,67047.53,0.0189,601,Preferred,Approve - Preferred Pricing,0
APP004599,2024-03-25,Test,Debt Consolidation,30000,36,Online,QLD,Self-Employed,69473.94,0.0209,598,Preferred,Approve - Preferred Pricing,0
APP005596,2023-01-11,Test,Debt Consolidation,45000,24,Online,VIC,Full-Time,99299.89,0.0344,583,High Risk - Refer,Refer to Manual Underwriting,0
APP003053,2023-04-25,Test,Other,3500,24,Online,VIC,Part-Time,52297.18,0.0792,558,Decline,Decline,0
APP001447,2023-08-29,Test,Wedding,8500,60,Broker,VIC,Full-Time,47478.64,0.0258,592,Standard,Approve - Standard Terms,0
APP000347,2023-10-08,Test,Debt Consolidation,33000,36,Broker,NSW,Self-Employed,53015.51,0.0245,593,Standard,Approve - Standard Terms,0
APP002538,2023-10-23,Test,Other,14500,24,Online,TAS,Part-Time,40084.56,0.1109,547,Decline,Decline,0
APP007538,2023-12-25,Test,Wedding,45500,48,Broker,NSW,Full-Time,50645.6,0.0276,590,Standard,Approve - Standard Terms,0
APP004120,2023-02-21,Test,Other,37500,12,Branch,NSW,Part-Time,66543.43,0.037,581,High Risk - Refer,Refer to Manual Underwriting,0
APP000260,2023-05-15,Test,Travel,28000,48,Branch,QLD,Part-Time,66884.83,0.0254,592,Standard,Approve - Standard Terms,0
APP006731,2023-12-04,Test,Debt Consolidation,13500,12,Online,VIC,Self-Employed,50660.68,0.0387,580,High Risk - Refer,Refer to Manual Underwriting,0
APP005539,2024-01-17,Test,Travel,24500,60,Broker,VIC,Full-Time,88651.87,0.0303,587,Standard,Approve - Standard Terms,0
APP001257,2023-12-05,Test,Wedding,38000,36,Broker,NSW,Part-Time,61545.69,0.0582,567,High Risk - Refer,Refer to Manual Underwriting,0
APP006418,2023-06-11,Test,Travel,17500,36,Online,VIC,Full-Time,65234.07,0.0177,603,Preferred,Approve - Preferred Pricing,0
APP001802,2023-06-24,Test,Debt Consolidation,34000,36,Online,VIC,Full-Time,88258.86,0.0258,592,Standard,Approve - Standard Terms,0
APP001796,2023-09-17,Test,Debt Consolidation,43000,36,Online,VIC,Full-Time,66831.53,0.0394,579,High Risk - Refer,Refer to Manual Underwriting,0
APP004326,2023-03-26,Test,Home Renovation,50000,24,Branch,QLD,Casual,52905.44,0.0303,587,Standard,Approve - Standard Terms,0
APP002585,2023-01-28,Test,Travel,23500,36,Broker,VIC,Part-Time,24775.73,0.0449,575,High Risk - Refer,Refer to Manual Underwriting,0
APP003482,2023-11-24,Test,Home Renovation,11000,12,Broker,QLD,Full-Time,57458.39,0.0394,579,High Risk - Refer,Refer to Manual Underwriting,0
APP006614,2024-03-11,Test,Other,4000,60,Branch,NSW,Self-Employed,72957.3,0.0167,605,Premium,Approve - Premium Pricing,0
APP008008,2023-03-16,Test,Other,19000,12,Online,VIC,Self-Employed,84264.15,0.0156,607,Premium,Approve - Premium Pricing,0
APP004430,2024-03-23,Test,Car Purchase,36000,48,Online,NSW,Casual,52530.09,0.0418,578,High Risk - Refer,Refer to Manual Underwriting,0
APP004536,2023-07-27,Test,Travel,43000,24,Broker,TAS,Full-Time,59844.78,0.0297,588,Standard,Approve - Standard Terms,0
APP003579,2023-11-25,Test,Car Purchase,27000,36,Online,NSW,Full-Time,40542.75,0.0481,573,High Risk - Refer,Refer to Manual Underwriting,1
APP002979,2023-03-23,Test,Debt Consolidation,16500,60,Online,WA,Full-Time,77231.66,0.1142,546,Decline,Decline,0
APP006908,2023-03-12,Test,Debt Consolidation,32000,24,Online,VIC,Part-Time,45733.32,0.058,568,High Risk - Refer,Refer to Manual Underwriting,0
APP008915,2023-01-09,Test,Home Renovation,32000,48,Online,VIC,Part-Time,48243.36,0.0603,566,Decline,Decline,0
APP005100,2024-01-15,Test,Car Purchase,5000,60,Branch,WA,Self-Employed,87709.89,0.0167,605,Premium,Approve - Premium Pricing,0
APP006769,2024-02-04,Test,Travel,15500,36,Branch,NSW,Self-Employed,50568.01,0.0167,605,Premium,Approve - Premium Pricing,0
APP006014,2023-09-23,Test,Car Purchase,44000,36,Online,NSW,Casual,47124.2,0.0243,594,Standard,Approve - Standard Terms,0
APP002719,2023-05-28,Test,Debt Consolidation,40500,36,Broker,QLD,Part-Time,38598.31,0.0466,574,High Risk - Refer,Refer to Manual Underwriting,1
APP007798,2023-09-08,Test,Travel,31500,36,Online,NSW,Part-Time,34771.15,0.019,601,Preferred,Approve - Preferred Pricing,0
APP003216,2023-05-11,Test,Car Purchase,5000,36,Online,QLD,Full-Time,64713.96,0.0474,574,High Risk - Refer,Refer to Manual Underwriting,0
APP001166,2023-10-17,Test,Debt Consolidation,5500,36,Online,NSW,Full-Time,118368.33,0.0189,601,Preferred,Approve - Preferred Pricing,0
APP001138,2023-10-16,Test,Travel,17500,60,Broker,VIC,Full-Time,65008.33,0.0177,603,Preferred,Approve - Preferred Pricing,0
APP006020,2023-12-12,Test,Wedding,28500,36,Branch,SA,Unemployed,15000.0,0.0581,568,High Risk - Refer,Refer to Manual Underwriting,0
APP007067,2023-09-05,Test,Debt Consolidation,35500,24,Online,NSW,Full-Time,95481.38,0.0303,587,Standard,Approve - Standard Terms,0
APP008881,2024-03-31,Test,Debt Consolidation,24000,60,Online,QLD,Casual,25068.16,0.0344,583,Standard,Approve - Standard Terms,0
APP002749,2023-10-09,Test,Car Purchase,29000,48,Broker,NSW,Full-Time,76456.92,0.0177,603,Preferred,Approve - Preferred Pricing,0
APP008860,2023-06-16,Test,Wedding,5500,36,Online,QLD,Full-Time,97756.23,0.0177,603,Preferred,Approve - Preferred Pricing,0
APP005939,2023-10-31,Test,Medical,11000,36,Online,QLD,Full-Time,105964.09,0.0227,596,Standard,Approve - Standard Terms,0
APP001786,2023-05-02,Test,Travel,42000,48,Online,VIC,Casual,48403.67,0.0738,560,Decline,Decline,0
APP000770,2023-08-07,Test,Car Purchase,11000,24,Broker,NSW,Full-Time,84355.02,0.037,581,High Risk - Refer,Refer to Manual Underwriting,0
APP008922,2023-08-27,Test,Car Purchase,48000,36,Branch,NSW,Full-Time,62332.48,0.0236,595,Standard,Approve - Standard Terms,0
APP007502,2023-12-20,Test,Home Renovation,41500,24,Online,VIC,Full-Time,102722.14,0.0189,601,Preferred,Approve - Preferred Pricing,0
APP004534,2023-03-28,Test,Car Purchase,27500,24,Broker,VIC,Full-Time,70968.38,0.0177,603,Preferred,Approve - Preferred Pricing,0
APP004547,2023-11-04,Test,Home Renovation,25500,48,Online,QLD,Full-Time,54985.38,0.0491,573,High Risk - Refer,Refer to Manual Underwriting,0
APP000847,2023-08-03,Test,Home Renovation,3000,24,Branch,VIC,Self-Employed,58024.56,0.0269,591,Standard,Approve - Standard Terms,0
APP003382,2024-03-21,Test,Car Purchase,2500,48,Online,QLD,Full-Time,53288.88,0.0344,583,High Risk - Refer,Refer to Manual Underwriting,0
APP006041,2023-02-26,Test,Car Purchase,46500,48,Broker,NSW,Full-Time,60332.2,0.0474,574,High Risk - Refer,Refer to Manual Underwriting,0
APP001647,2023-02-05,Test,Debt Consolidation,12500,24,Online,QLD,Full-Time,43763.43,0.0303,587,Standard,Approve - Standard Terms,0
APP006912,2023-09-20,Test,Car Purchase,39000,48,Online,VIC,Full-Time,122181.79,0.0344,583,High Risk - Refer,Refer to Manual Underwriting,0
APP002520,2023-11-04,Test,Car Purchase,14000,24,Branch,QLD,Part-Time,45896.55,0.0203,599,Preferred,Approve - Preferred Pricing,0
APP007258,2023-11-14,Test,Car Purchase,41500,12,Branch,VIC,Casual,40121.46,0.0394,579,High Risk - Refer,Refer to Manual Underwriting,0
APP000579,2024-02-21,Test,Car Purchase,3000,36,Branch,WA,Part-Time,44664.95,0.0254,592,Standard,Approve - Standard Terms,0
APP004451,2024-01-20,Test,Debt Consolidation,19000,36,Online,VIC,Full-Time,63280.51,0.0258,592,Standard,Approve - Standard Terms,0
APP005364,2023-11-22,Test,Home Renovation,47500,60,Branch,QLD,Full-Time,76483.46,0.0177,603,Preferred,Approve - Preferred Pricing,0
APP006649,2023-12-10,Test,Car Purchase,28500,12,Online,QLD,Full-Time,124934.98,0.0236,595,Standard,Approve - Standard Terms,0
APP006802,2024-01-06,Test,Debt Consolidation,42000,12,Online,NSW,Casual,25451.12,0.054,570,High Risk - Refer,Refer to Manual Underwriting,0
APP001248,2023-01-19,Test,Debt Consolidation,39500,24,Broker,WA,Full-Time,125387.13,0.0297,588,Standard,Approve - Standard Terms,0
APP006597,2023-04-17,Test,Travel,6500,12,Broker,NSW,Full-Time,113051.6,0.0177,603,Preferred,Approve - Preferred Pricing,0
APP006295,2023-09-13,Test,Debt Consolidation,36500,36,Branch,SA,Self-Employed,100851.89,0.0167,605,Premium,Approve - Premium Pricing,0
APP001048,2023-12-28,Test,Debt Consolidation,32500,36,Online,WA,Full-Time,67425.73,0.0189,601,Preferred,Approve - Preferred Pricing,0
APP006788,2023-02-06,Test,Debt Consolidation,29500,36,Online,SA,Full-Time,61673.55,0.0189,601,Preferred,Approve - Preferred Pricing,0
APP007031,2023-01-09,Test,Car Purchase,41500,24,Online,SA,Full-Time,39430.96,0.0344,583,High Risk - Refer,Refer to Manual Underwriting,1
APP006200,2023-05-05,Test,Debt Consolidation,14500,24,Broker,NSW,Unemployed,15000.0,0.1858,530,Decline,Decline,0
APP002269,2023-10-02,Test,Car Purchase,24000,60,Online,QLD,Full-Time,122545.04,0.0189,601,Preferred,Approve - Preferred Pricing,0
APP003391,2023-07-08,Test,Home Renovation,35000,60,Broker,VIC,Self-Employed,36947.01,0.0269,591,Standard,Approve - Standard Terms,0
APP001801,2023-05-16,Test,Car Purchase,47000,36,Broker,QLD,Part-Time,43572.84,0.037,581,High Risk - Refer,Refer to Manual Underwriting,0
APP002780,2023-07-28,Test,Car Purchase,41000,36,Broker,VIC,Self-Employed,62519.16,0.0209,598,Preferred,Approve - Preferred Pricing,0
APP008231,2023-10-30,Test,Car Purchase,42500,60,Branch,VIC,Full-Time,78372.24,0.0189,601,Preferred,Approve - Preferred Pricing,0
APP005234,2023-08-10,Test,Debt Consolidation,2000,48,Online,WA,Full-Time,61678.18,0.0394,579,High Risk - Refer,Refer to Manual Underwriting,0
APP002189,2023-08-18,Test,Wedding,44000,48,Branch,QLD,Full-Time,142425.57,0.0177,603,Preferred,Approve - Preferred Pricing,0
APP004973,2023-05-18,Test,Home Renovation,24000,12,Branch,NSW,Full-Time,95323.98,0.0276,590,Standard,Approve - Standard Terms,0
APP008854,2024-01-09,Test,Medical,43000,12,Broker,VIC,Full-Time,82801.33,0.0303,587,Standard,Approve - Standard Terms,0
APP002905,2024-02-25,Test,Home Renovation,48500,36,Branch,WA,Self-Employed,71787.66,0.0167,605,Premium,Approve - Premium Pricing,0
APP005512,2023-04-25,Test,Travel,14500,48,Online,QLD,Full-Time,105955.37,0.0236,595,Standard,Approve - Standard Terms,0
APP007414,2024-03-04,Test,Home Renovation,40000,24,Online,NSW,Part-Time,35755.35,0.0424,577,High Risk - Refer,Refer to Manual Underwriting,0
APP001856,2024-01-23,Test,Travel,31000,48,Branch,VIC,Full-Time,90140.95,0.0258,592,Standard,Approve - Standard Terms,0
APP008574,2023-09-29,Test,Medical,42500,12,Branch,QLD,Self-Employed,49974.22,0.1023,550,Decline,Decline,0
APP003026,2023-06-04,Test,Other,5500,24,Broker,WA,Self-Employed,66650.21,0.0209,598,Preferred,Approve - Preferred Pricing,0
APP003349,2023-01-10,Test,Wedding,29500,36,Branch,NSW,Part-Time,36981.63,0.0278,590,Standard,Approve - Standard Terms,0
APP003282,2024-02-25,Test,Medical,14500,48,Online,NSW,Full-Time,45084.13,0.0394,579,High Risk - Refer,Refer to Manual Underwriting,0
APP001539,2023-03-30,Test,Debt Consolidation,42500,60,Online,NSW,Full-Time,54520.89,0.0276,590,Standard,Approve - Standard Terms,0
APP003559,2023-12-20,Test,Other,12500,36,Branch,NSW,Self-Employed,72868.97,0.0269,591,Standard,Approve - Standard Terms,0
APP006373,2023-06-05,Test,Medical,50000,60,Broker,QLD,Casual,36296.91,0.0344,583,Standard,Approve - Standard Terms,0
APP005990,2024-03-04,Test,Debt Consolidation,38500,24,Branch,NSW,Full-Time,81602.72,0.0562,569,High Risk - Refer,Refer to Manual Underwriting,0
APP005965,2023-12-18,Test,Home Renovation,19500,60,Online,VIC,Part-Time,41774.96,0.0668,563,Decline,Decline,0
APP008524,2023-10-28,Test,Debt Consolidation,36500,60,Online,NSW,Self-Employed,90225.89,0.0167,605,Premium,Approve - Premium Pricing,0
APP002792,2024-03-09,Test,Car Purchase,18000,36,Broker,NSW,Full-Time,62648.79,0.0189,601,Preferred,Approve - Preferred Pricing,0
APP004902,2023-11-27,Test,Debt Consolidation,39500,36,Branch,QLD,Full-Time,90551.51,0.0189,601,Preferred,Approve - Preferred Pricing,0
APP001763,2024-03-15,Test,Travel,11500,36,Online,NT,Self-Employed,100312.62,0.0305,587,Standard,Approve - Standard Terms,0
APP001625,2023-02-12,Test,Home Renovation,39000,60,Online,WA,Self-Employed,38645.57,0.0305,587,Standard,Approve - Standard Terms,0
APP000405,2024-03-05,Test,Car Purchase,2500,48,Online,NSW,Part-Time,47426.44,0.0326,585,Standard,Approve - Standard Terms,0
APP002759,2024-02-07,Test,Wedding,42000,36,Broker,VIC,Casual,33849.27,0.0542,570,High Risk - Refer,Refer to Manual Underwriting,1
APP008120,2023-10-27,Test,Medical,36000,24,Branch,NSW,Full-Time,81449.38,0.0243,594,Standard,Approve - Standard Terms,0
APP005478,2023-10-12,Test,Other,47000,36,Online,QLD,Part-Time,35555.89,0.0254,592,Standard,Approve - Standard Terms,0
APP000720,2023-06-30,Test,Home Renovation,28000,24,Online,VIC,Full-Time,107612.78,0.0189,601,Preferred,Approve - Preferred Pricing,0
APP002057,2023-04-06,Test,Debt Consolidation,47000,36,Online,QLD,Self-Employed,44520.19,0.0289,588,Standard,Approve - Standard Terms,0
APP000247,2023-05-14,Test,Travel,20500,48,Branch,NSW,Full-Time,72039.58,0.0344,583,High Risk - Refer,Refer to Manual Underwriting,0
APP004849,2023-02-22,Test,Medical,32000,24,Online,QLD,Part-Time,45075.64,0.058,568,High Risk - Refer,Refer to Manual Underwriting,0
APP004527,2023-06-19,Test,Wedding,10000,36,Branch,WA,Full-Time,94612.34,0.0189,601,Preferred,Approve - Preferred Pricing,0
APP007644,2023-09-16,Test,Car Purchase,9000,36,Broker,ACT,Casual,20071.46,0.0189,601,Preferred,Approve - Preferred Pricing,0
APP003779,2023-11-08,Test,Medical,31500,48,Online,QLD,Part-Time,51915.63,0.0203,599,Preferred,Approve - Preferred Pricing,0
APP002579,2023-08-28,Test,Home Renovation,25500,48,Online,QLD,Full-Time,88161.77,0.0236,595,Standard,Approve - Standard Terms,0
APP008229,2023-03-24,Test,Wedding,42500,48,Branch,QLD,Full-Time,68581.97,0.0258,592,Standard,Approve - Standard Terms,0
APP001911,2023-07-25,Test,Travel,21000,24,Online,VIC,Part-Time,55783.07,0.0326,585,Standard,Approve - Standard Terms,0
APP000439,2024-03-29,Test,Debt Consolidation,47000,60,Branch,VIC,Full-Time,98660.44,0.0344,583,High Risk - Refer,Refer to Manual Underwriting,0
APP001425,2023-01-06,Test,Car Purchase,7000,48,Branch,SA,Full-Time,76402.1,0.0177,603,Preferred,Approve - Preferred Pricing,0
APP007568,2023-12-06,Test,Car Purchase,29500,12,Online,NSW,Part-Time,38225.68,0.0278,590,Standard,Approve - Standard Terms,0
APP005932,2023-07-06,Test,Car Purchase,48500,24,Broker,QLD,Full-Time,116969.23,0.0189,601,Preferred,Approve - Preferred Pricing,0
APP007408,2023-12-13,Test,Debt Consolidation,34500,60,Online,QLD,Self-Employed,37257.46,0.0599,567,High Risk - Refer,Refer to Manual Underwriting,0
APP005737,2024-01-21,Test,Car Purchase,14500,48,Branch,NSW,Unemployed,15000.0,0.136,540,Decline,Decline,1
APP005518,2023-02-15,Test,Car Purchase,37500,24,Online,NSW,Full-Time,113341.7,0.0177,603,Preferred,Approve - Preferred Pricing,0
APP006036,2023-07-16,Test,Home Renovation,22500,36,Online,QLD,Full-Time,83700.71,0.054,570,High Risk - Refer,Refer to Manual Underwriting,0
APP001632,2023-07-31,Test,Car Purchase,4500,36,Online,QLD,Self-Employed,35635.46,0.1023,550,Decline,Decline,0
APP005470,2023-03-17,Test,Home Renovation,14000,60,Online,VIC,Self-Employed,50457.94,0.0269,591,Standard,Approve - Standard Terms,0
APP001180,2023-01-03,Test,Other,35500,60,Branch,QLD,Full-Time,93529.32,0.0542,570,High Risk - Refer,Refer to Manual Underwriting,0
APP003568,2023-07-18,Test,Car Purchase,29500,24,Branch,VIC,Full-Time,79011.62,0.0562,569,High Risk - Refer,Refer to Manual Underwriting,0
APP007224,2024-02-29,Test,Debt Consolidation,12500,36,Online,WA,Full-Time,59031.97,0.0189,601,Preferred,Approve - Preferred Pricing,0
APP007992,2024-03-23,Test,Travel,31500,24,Online,SA,Full-Time,72224.33,0.0276,590,Standard,Approve - Standard Terms,0
APP003208,2023-11-19,Test,Home Renovation,15500,36,Online,VIC,Unemployed,26344.55,0.0657,564,Decline,Decline,0
APP007348,2023-01-07,Test,Home Renovation,11500,24,Broker,VIC,Full-Time,61829.33,0.0258,592,Standard,Approve - Standard Terms,0
APP004719,2024-03-14,Test,Home Renovation,13000,36,Online,WA,Self-Employed,33664.87,0.035,583,High Risk - Refer,Refer to Manual Underwriting,0
APP000177,2023-03-11,Test,Wedding,47000,36,Broker,VIC,Part-Time,50524.78,0.0326,585,Standard,Approve - Standard Terms,0
APP000213,2023-02-21,Test,Car Purchase,19500,36,Broker,VIC,Full-Time,42285.07,0.037,581,High Risk - Refer,Refer to Manual Underwriting,0
APP002152,2023-07-16,Test,Wedding,5000,60,Branch,VIC,Full-Time,39688.87,0.0236,595,Standard,Approve - Standard Terms,0
APP000132,2023-09-27,Test,Home Renovation,34500,36,Broker,NSW,Full-Time,99409.55,0.0227,596,Standard,Approve - Standard Terms,0
APP008442,2023-08-03,Test,Car Purchase,35000,24,Online,NSW,Full-Time,75059.41,0.0317,586,Standard,Approve - Standard Terms,0
APP008209,2023-03-17,Test,Wedding,10500,48,Broker,QLD,Full-Time,65559.67,0.0344,583,High Risk - Refer,Refer to Manual Underwriting,0
APP007775,2023-01-28,Test,Debt Consolidation,30500,48,Broker,NSW,Full-Time,79082.06,0.0236,595,Standard,Approve - Standard Terms,0
APP003380,2023-08-14,Test,Home Renovation,28000,24,Branch,WA,Casual,33985.65,0.0236,595,Standard,Approve - Standard Terms,0
APP005800,2023-03-27,Test,Debt Consolidation,37500,24,Broker,NSW,Unemployed,19840.76,0.141,539,Decline,Decline,0
APP007918,2023-06-04,Test,Car Purchase,37500,48,Online,VIC,Full-Time,107911.77,0.0189,601,Preferred,Approve - Preferred Pricing,0
APP008646,2024-02-06,Test,Car Purchase,2500,48,Online,VIC,Full-Time,66658.58,0.0344,583,High Risk - Refer,Refer to Manual Underwriting,0
APP003005,2024-03-17,Test,Home Renovation,43500,60,Branch,NSW,Full-Time,83116.63,0.0177,603,Preferred,Approve - Preferred Pricing,0
APP005830,2023-10-25,Test,Car Purchase,10500,48,Online,QLD,Full-Time,118297.81,0.0177,603,Preferred,Approve - Preferred Pricing,0
APP003928,2023-12-28,Test,Debt Consolidation,37500,36,Broker,VIC,Full-Time,89834.21,0.0258,592,Standard,Approve - Standard Terms,0
APP000105,2023-05-12,Test,Wedding,30500,36,Broker,NSW,Full-Time,112390.53,0.1062,549,Decline,Decline,0
APP003126,2023-04-18,Test,Debt Consolidation,24000,36,Online,VIC,Unemployed,15988.16,0.0498,572,High Risk - Refer,Refer to Manual Underwriting,0
APP005871,2023-03-17,Test,Debt Consolidation,35000,48,Broker,QLD,Full-Time,38948.52,0.0276,590,Standard,Approve - Standard Terms,0
APP008449,2023-08-12,Test,Travel,11000,48,Branch,VIC,Full-Time,83998.47,0.0562,569,High Risk - Refer,Refer to Manual Underwriting,0
APP005383,2024-03-27,Test,Home Renovation,36500,24,Branch,VIC,Full-Time,75459.08,0.0394,579,High Risk - Refer,Refer to Manual Underwriting,0
APP004117,2023-08-18,Test,Car Purchase,3000,36,Branch,QLD,Full-Time,52946.05,0.0768,559,Decline,Decline,0
APP008059,2023-07-18,Test,Debt Consolidation,14000,36,Broker,QLD,Full-Time,121135.26,0.0177,603,Preferred,Approve - Preferred Pricing,0
APP003632,2024-03-17,Test,Debt Consolidation,38000,60,Broker,VIC,Full-Time,87381.28,0.054,570,High Risk - Refer,Refer to Manual Underwriting,0
APP006099,2024-02-17,Test,Debt Consolidation,17000,36,Broker,SA,Full-Time,36022.25,0.0189,601,Preferred,Approve - Preferred Pricing,0
APP004998,2023-09-18,Test,Other,2000,48,Online,VIC,Full-Time,59491.68,0.0303,587,Standard,Approve - Standard Terms,0
APP007988,2023-04-10,Test,Car Purchase,24000,36,Online,QLD,Self-Employed,112490.54,0.035,583,High Risk - Refer,Refer to Manual Underwriting,0
APP002326,2023-05-07,Test,Car Purchase,15000,12,Online,ACT,Part-Time,30192.91,0.058,568,High Risk - Refer,Refer to Manual Underwriting,0
APP003045,2023-06-05,Test,Home Renovation,26500,36,Online,NSW,Full-Time,118190.2,0.0177,603,Preferred,Approve - Preferred Pricing,0
APP006301,2023-10-05,Test,Car Purchase,5000,60,Broker,QLD,Self-Employed,101903.37,0.0269,591,Standard,Approve - Standard Terms,0
APP005066,2023-12-08,Test,Other,4000,24,Branch,SA,Full-Time,111938.47,0.0189,601,Preferred,Approve - Preferred Pricing,0
APP006283,2024-03-01,Test,Travel,5000,36,Broker,NSW,Full-Time,65027.73,0.0276,590,Standard,Approve - Standard Terms,0
APP006705,2024-03-03,Test,Home Renovation,24500,24,Broker,VIC,Full-Time,86307.6,0.0276,590,Standard,Approve - Standard Terms,0
APP004747,2023-12-10,Test,Other,2500,36,Online,NSW,Full-Time,77034.03,0.0189,601,Preferred,Approve - Preferred Pricing,0
APP005038,2023-01-17,Test,Medical,4500,36,Broker,WA,Self-Employed,21263.98,0.0421,577,High Risk - Refer,Refer to Manual Underwriting,0
APP003932,2023-11-14,Test,Wedding,25000,48,Broker,NSW,Full-Time,100251.58,0.0189,601,Preferred,Approve - Preferred Pricing,0
APP008976,2023-06-01,Test,Debt Consolidation,20500,60,Online,QLD,Full-Time,78153.24,0.0177,603,Preferred,Approve - Preferred Pricing,0
APP004550,2023-04-18,Test,Other,30500,36,Branch,NSW,Full-Time,62648.79,0.0768,559,Decline,Decline,0
APP001427,2023-08-05,Test,Debt Consolidation,30500,48,Online,WA,Full-Time,79855.89,0.0418,578,High Risk - Refer,Refer to Manual Underwriting,0
APP006153,2023-02-02,Test,Debt Consolidation,39500,24,Broker,VIC,Full-Time,113360.7,0.0177,603,Preferred,Approve - Preferred Pricing,0
APP003818,2023-01-23,Test,Debt Consolidation,46500,48,Branch,VIC,Part-Time,64098.2,0.0278,590,Standard,Approve - Standard Terms,1
APP008868,2024-01-14,Test,Car Purchase,47000,24,Broker,VIC,Full-Time,52356.62,0.0562,569,High Risk - Refer,Refer to Manual Underwriting,0
APP001321,2023-02-24,Test,Other,40000,36,Online,NSW,Part-Time,45108.8,0.0203,599,Preferred,Approve - Preferred Pricing,0
APP002264,2023-11-28,Test,Debt Consolidation,48500,48,Online,NSW,Full-Time,50645.6,0.0177,603,Preferred,Approve - Preferred Pricing,0
APP003154,2023-08-14,Test,Debt Consolidation,14000,24,Branch,TAS,Full-Time,134020.06,0.0189,601,Preferred,Approve - Preferred Pricing,0
APP008833,2023-11-19,Test,Home Renovation,7000,60,Branch,WA,Full-Time,147302.84,0.0189,601,Preferred,Approve - Preferred Pricing,0
APP002729,2023-12-09,Test,Wedding,8000,24,Branch,WA,Self-Employed,89116.63,0.0167,605,Premium,Approve - Premium Pricing,0
APP006075,2023-03-20,Test,Debt Consolidation,23500,36,Online,VIC,Part-Time,56054.46,0.0203,599,Preferred,Approve - Preferred Pricing,0
APP008337,2023-05-28,Test,Home Renovation,32500,36,Online,VIC,Full-Time,106108.41,0.0189,601,Preferred,Approve - Preferred Pricing,0
APP004242,2023-06-16,Test,Debt Consolidation,16000,24,Online,NSW,Full-Time,118814.51,0.0177,603,Preferred,Approve - Preferred Pricing,0
APP000972,2023-11-14,Test,Travel,9000,36,Branch,NSW,Self-Employed,123970.45,0.0229,595,Standard,Approve - Standard Terms,0
APP006126,2023-02-20,Test,Home Renovation,13000,12,Branch,WA,Part-Time,70740.59,0.019,601,Preferred,Approve - Preferred Pricing,0
APP004608,2023-04-06,Test,Debt Consolidation,36500,24,Broker,NSW,Full-Time,57070.01,0.0303,587,Standard,Approve - Standard Terms,0
APP004587,2023-11-27,Test,Debt Consolidation,12000,60,Online,QLD,Full-Time,54820.55,0.0189,601,Preferred,Approve - Preferred Pricing,0
APP007777,2023-06-16,Test,Home Renovation,22500,12,Online,VIC,Unemployed,16516.28,0.3001,512,Decline,Decline,0
APP008667,2024-03-22,Test,Home Renovation,38500,36,Online,QLD,Full-Time,46706.65,0.0303,587,Standard,Approve - Standard Terms,0
APP001628,2023-07-16,Test,Medical,28500,48,Online,VIC,Full-Time,106108.41,0.0258,592,Standard,Approve - Standard Terms,0
APP002549,2023-08-17,Test,Debt Consolidation,28500,60,Online,VIC,Full-Time,91457.0,0.0258,592,Standard,Approve - Standard Terms,0
APP002401,2023-01-29,Test,Debt Consolidation,17500,36,Online,TAS,Full-Time,85970.04,0.0258,592,Standard,Approve - Standard Terms,0
APP004823,2023-10-16,Test,Wedding,49000,60,Online,QLD,Unemployed,16150.23,0.0926,553,Decline,Decline,0
APP007145,2023-03-18,Test,Car Purchase,37500,36,Online,VIC,Self-Employed,64967.45,0.0167,605,Premium,Approve - Premium Pricing,0
APP000546,2023-11-09,Test,Car Purchase,10500,24,Online,NSW,Self-Employed,85976.14,0.0156,607,Premium,Approve - Premium Pricing,0
APP001207,2023-03-23,Test,Home Renovation,10000,36,Online,NSW,Casual,25425.12,0.0418,578,High Risk - Refer,Refer to Manual Underwriting,0
APP002698,2023-09-28,Test,Other,41500,48,Online,NSW,Part-Time,49232.93,0.0326,585,Standard,Approve - Standard Terms,0
APP007536,2023-04-07,Test,Debt Consolidation,6000,36,Branch,VIC,Full-Time,83578.03,0.0177,603,Preferred,Approve - Preferred Pricing,0
APP002920,2023-12-30,Test,Car Purchase,49500,48,Online,QLD,Self-Employed,65339.54,0.0201,599,Preferred,Approve - Preferred Pricing,0
APP002201,2023-02-21,Test,Debt Consolidation,27000,48,Online,NSW,Full-Time,90109.15,0.0258,592,Standard,Approve - Standard Terms,0
APP007906,2024-01-25,Test,Debt Consolidation,39000,36,Online,NSW,Casual,49646.82,0.0765,559,Decline,Decline,0
APP000961,2023-04-20,Test,Car Purchase,10500,12,Online,NSW,Self-Employed,73260.18,0.0156,607,Premium,Approve - Premium Pricing,0
APP007423,2023-01-24,Test,Debt Consolidation,33500,24,Broker,VIC,Full-Time,59180.13,0.0258,592,Standard,Approve - Standard Terms,0
APP007177,2024-01-07,Test,Debt Consolidation,32500,24,Branch,NSW,Part-Time,38953.95,0.0509,572,High Risk - Refer,Refer to Manual Underwriting,0
APP001146,2023-04-27,Test,Home Renovation,9000,12,Broker,QLD,Full-Time,61239.05,0.0276,590,Standard,Approve - Standard Terms,0
APP002422,2023-10-09,Test,Debt Consolidation,26000,60,Online,SA,Part-Time,57614.62,0.0326,585,Standard,Approve - Standard Terms,0
APP000301,2023-05-27,Test,Car Purchase,27000,12,Branch,NSW,Full-Time,71096.94,0.0177,603,Preferred,Approve - Preferred Pricing,0
APP006824,2023-03-05,Test,Debt Consolidation,22000,48,Online,NSW,Self-Employed,40674.82,0.0156,607,Premium,Approve - Premium Pricing,0
APP005863,2023-07-20,Test,Debt Consolidation,7000,36,Online,VIC,Full-Time,113591.75,0.0258,592,Standard,Approve - Standard Terms,0
APP006972,2024-01-16,Test,Wedding,10500,36,Online,QLD,Casual,25802.45,0.0424,577,High Risk - Refer,Refer to Manual Underwriting,0
APP000632,2023-03-09,Test,Debt Consolidation,21500,60,Branch,VIC,Unemployed,18105.71,0.3001,512,Decline,Decline,0
APP002135,2023-12-07,Test,Home Renovation,10500,48,Broker,SA,Self-Employed,70065.05,0.0371,581,High Risk - Refer,Refer to Manual Underwriting,0
APP005576,2023-12-15,Test,Wedding,47500,36,Online,NSW,Full-Time,58200.59,0.0227,596,Standard,Approve - Standard Terms,0
APP005448,2023-05-18,Test,Car Purchase,21500,48,Broker,NSW,Full-Time,107881.4,0.0344,583,High Risk - Refer,Refer to Manual Underwriting,0
APP007991,2023-01-26,Test,Car Purchase,42000,24,Broker,QLD,Full-Time,107366.2,0.0227,596,Standard,Approve - Standard Terms,0
APP007554,2023-02-10,Test,Debt Consolidation,41000,60,Branch,WA,Full-Time,36622.63,0.0394,579,High Risk - Refer,Refer to Manual Underwriting,0
APP004945,2023-09-15,Test,Car Purchase,28000,24,Online,NSW,Part-Time,27718.9,0.0245,593,Standard,Approve - Standard Terms,0
APP001531,2023-02-12,Test,Other,37000,24,Broker,NSW,Casual,43201.67,0.0424,577,High Risk - Refer,Refer to Manual Underwriting,0
APP005088,2023-09-17,Test,Debt Consolidation,40000,24,Broker,VIC,Full-Time,60656.79,0.0177,603,Preferred,Approve - Preferred Pricing,0
APP003430,2023-01-17,Test,Debt Consolidation,28000,36,Online,QLD,Full-Time,125335.07,0.0189,601,Preferred,Approve - Preferred Pricing,0
APP003740,2023-05-04,Test,Wedding,38000,60,Online,QLD,Full-Time,78153.24,0.0177,603,Preferred,Approve - Preferred Pricing,0
APP004209,2023-10-31,Test,Wedding,40500,60,Branch,QLD,Self-Employed,47781.74,0.035,583,High Risk - Refer,Refer to Manual Underwriting,0
APP000788,2023-09-15,Test,Car Purchase,45000,24,Broker,VIC,Full-Time,15000.0,0.0562,569,High Risk - Refer,Refer to Manual Underwriting,0
APP000978,2023-10-24,Test,Car Purchase,18000,36,Online,SA,Full-Time,87882.75,0.0236,595,Standard,Approve - Standard Terms,0
APP007467,2024-03-19,Test,Home Renovation,49000,12,Online,NSW,Part-Time,49932.54,0.019,601,Preferred,Approve - Preferred Pricing,0
APP007900,2023-08-23,Test,Medical,31500,24,Online,NSW,Full-Time,102621.74,0.0177,603,Preferred,Approve - Preferred Pricing,0
APP006422,2023-04-21,Test,Debt Consolidation,26500,48,Branch,NSW,Full-Time,48568.35,0.0344,583,High Risk - Refer,Refer to Manual Underwriting,0
APP008234,2024-03-04,Test,Debt Consolidation,17500,24,Online,WA,Part-Time,39281.08,0.0254,592,Standard,Approve - Standard Terms,0
APP001507,2023-06-22,Test,Wedding,9000,24,Branch,QLD,Full-Time,58261.57,0.0227,596,Standard,Approve - Standard Terms,0
APP003734,2023-09-15,Test,Wedding,8000,48,Online,QLD,Full-Time,67002.41,0.0236,595,Standard,Approve - Standard Terms,0
APP001469,2023-06-30,Test,Other,40000,60,Branch,WA,Casual,56494.88,0.0189,601,Preferred,Approve - Preferred Pricing,0
APP008632,2023-07-04,Test,Home Renovation,17000,36,Branch,WA,Casual,41585.45,0.0673,563,Decline,Decline,0
APP000086,2023-08-12,Test,Travel,17500,12,Online,QLD,Full-Time,68882.68,0.0189,601,Preferred,Approve - Preferred Pricing,0
APP001122,2023-03-22,Test,Travel,18500,48,Broker,WA,Full-Time,75606.98,0.0276,590,Standard,Approve - Standard Terms,0
APP003365,2023-04-15,Test,Car Purchase,36500,60,Branch,NSW,Casual,15656.47,0.0738,560,Decline,Decline,0
APP001695,2023-11-14,Test,Debt Consolidation,22000,24,Online,NSW,Part-Time,29554.13,0.0792,558,Decline,Decline,0
APP002815,2024-02-14,Test,Debt Consolidation,23000,36,Online,QLD,Unemployed,16033.84,0.3001,512,Decline,Decline,0
APP008900,2023-12-20,Test,Travel,17500,36,Online,NSW,Full-Time,84494.76,0.0394,579,High Risk - Refer,Refer to Manual Underwriting,0
APP001809,2023-02-03,Test,Home Renovation,9000,24,Online,VIC,Full-Time,64564.64,0.0344,583,High Risk - Refer,Refer to Manual Underwriting,0
APP007015,2024-01-20,Test,Wedding,36000,48,Branch,NSW,Full-Time,116694.64,0.0258,592,Standard,Approve - Standard Terms,0
APP007533,2023-09-19,Test,Car Purchase,18500,36,Online,VIC,Full-Time,87210.83,0.0236,595,Standard,Approve - Standard Terms,0
APP007834,2023-06-02,Test,Home Renovation,28000,24,Online,ACT,Full-Time,80444.99,0.0848,556,Decline,Decline,0
APP008169,2023-03-18,Test,Medical,17500,60,Broker,VIC,Part-Time,30087.61,0.0203,599,Preferred,Approve - Preferred Pricing,0
APP004904,2023-01-22,Test,Medical,10000,24,Online,QLD,Full-Time,69114.29,0.0236,595,Standard,Approve - Standard Terms,0
APP003329,2024-02-13,Test,Travel,11500,60,Online,ACT,Self-Employed,100499.11,0.0156,607,Premium,Approve - Premium Pricing,0
APP006909,2023-06-29,Test,Car Purchase,27000,36,Online,NSW,Full-Time,77261.46,0.0258,592,Standard,Approve - Standard Terms,0
APP003369,2024-01-11,Test,Debt Consolidation,39500,24,Branch,NSW,Full-Time,74539.77,0.0394,579,High Risk - Refer,Refer to Manual Underwriting,0
APP006025,2024-02-21,Test,Home Renovation,45000,24,Branch,NSW,Full-Time,62985.0,0.0394,579,High Risk - Refer,Refer to Manual Underwriting,0
APP000059,2023-10-25,Test,Travel,5500,36,Online,QLD,Full-Time,84580.79,0.0344,583,High Risk - Refer,Refer to Manual Underwriting,0
APP003547,2023-04-21,Test,Car Purchase,21000,36,Online,NSW,Full-Time,75267.11,0.0227,596,Standard,Approve - Standard Terms,0
APP005558,2023-09-04,Test,Debt Consolidation,7000,36,Broker,NSW,Full-Time,68637.08,0.0258,592,Standard,Approve - Standard Terms,0
APP001251,2023-11-25,Test,Debt Consolidation,22500,24,Branch,QLD,Full-Time,46048.19,0.1036,549,Decline,Decline,0
APP007052,2023-10-23,Test,Debt Consolidation,7500,60,Online,WA,Full-Time,30059.16,0.0545,569,High Risk - Refer,Refer to Manual Underwriting,0
APP000646,2023-05-22,Test,Debt Consolidation,45000,24,Online,QLD,Full-Time,105925.43,0.0344,583,High Risk - Refer,Refer to Manual Underwriting,0
APP002594,2024-03-10,Test,Debt Consolidation,31000,36,Broker,NSW,Full-Time,76618.47,0.0227,596,Standard,Approve - Standard Terms,0
APP005979,2023-05-09,Test,Car Purchase,14500,36,Broker,NSW,Full-Time,70463.42,0.0344,583,High Risk - Refer,Refer to Manual Underwriting,0
APP001159,2023-11-11,Test,Car Purchase,36000,12,Online,VIC,Self-Employed,35422.1,0.0156,607,Premium,Approve - Premium Pricing,0
APP006984,2023-10-19,Test,Medical,17500,24,Broker,QLD,Full-Time,95678.81,0.0189,601,Preferred,Approve - Preferred Pricing,0
APP001646,2023-09-21,Test,Home Renovation,8000,12,Online,VIC,Full-Time,123177.4,0.0189,601,Preferred,Approve - Preferred Pricing,0
APP005630,2024-02-28,Test,Car Purchase,2500,60,Online,NSW,Casual,49377.9,0.0344,583,Standard,Approve - Standard Terms,0
APP004732,2023-10-28,Test,Home Renovation,32500,36,Online,VIC,Full-Time,54359.05,0.0227,596,Standard,Approve - Standard Terms,0
APP001917,2023-10-27,Test,Wedding,15500,36,Broker,SA,Part-Time,33773.5,0.0203,599,Preferred,Approve - Preferred Pricing,0
APP004560,2023-11-02,Test,Wedding,31000,36,Online,VIC,Part-Time,29449.83,0.1109,547,Decline,Decline,0
APP004806,2024-03-21,Test,Home Renovation,10500,60,Online,VIC,Full-Time,65863.2,0.0491,573,High Risk - Refer,Refer to Manual Underwriting,0
APP008806,2023-12-14,Test,Other,41000,48,Broker,WA,Full-Time,46035.41,0.0491,573,High Risk - Refer,Refer to Manual Underwriting,0
APP004901,2023-08-30,Test,Home Renovation,43500,12,Broker,NSW,Full-Time,69369.37,0.0177,603,Preferred,Approve - Preferred Pricing,0
APP001514,2023-08-06,Test,Wedding,2500,60,Branch,QLD,Full-Time,79250.78,0.0394,579,High Risk - Refer,Refer to Manual Underwriting,0
APP008812,2024-02-06,Test,Travel,4000,36,Online,NSW,Full-Time,117870.39,0.0258,592,Standard,Approve - Standard Terms,0
APP005519,2023-03-07,Test,Car Purchase,17500,60,Branch,SA,Part-Time,49362.36,0.0254,592,Standard,Approve - Standard Terms,0
APP003132,2023-02-16,Test,Other,6000,60,Online,VIC,Full-Time,42517.28,0.0344,583,High Risk - Refer,Refer to Manual Underwriting,0
APP007531,2023-10-22,Test,Car Purchase,35000,24,Online,NSW,Full-Time,48182.97,0.0297,588,Standard,Approve - Standard Terms,0
APP005556,2023-09-04,Test,Home Renovation,40000,60,Broker,VIC,Self-Employed,49175.93,0.0167,605,Premium,Approve - Premium Pricing,1
APP003399,2024-01-15,Test,Home Renovation,36500,12,Online,QLD,Casual,34200.12,0.0189,601,Preferred,Approve - Preferred Pricing,0
APP005645,2023-03-29,Test,Medical,9000,48,Online,VIC,Full-Time,97533.44,0.0189,601,Preferred,Approve - Preferred Pricing,0
APP003257,2024-02-21,Test,Travel,42500,60,Broker,VIC,Full-Time,72036.89,0.0344,583,High Risk - Refer,Refer to Manual Underwriting,0
APP007091,2023-02-04,Test,Home Renovation,22000,36,Broker,NSW,Full-Time,63502.4,0.0394,579,High Risk - Refer,Refer to Manual Underwriting,0
APP002456,2023-02-23,Test,Debt Consolidation,22000,36,Broker,NSW,Full-Time,87167.57,0.0394,579,High Risk - Refer,Refer to Manual Underwriting,0
APP001923,2023-12-06,Test,Wedding,36000,24,Broker,QLD,Full-Time,97470.95,0.0189,601,Preferred,Approve - Preferred Pricing,0
APP001085,2023-08-01,Test,Travel,14500,48,Online,QLD,Full-Time,53288.88,0.0177,603,Preferred,Approve - Preferred Pricing,0
APP005238,2024-03-16,Test,Wedding,36000,24,Branch,VIC,Casual,32231.99,0.0344,583,Standard,Approve - Standard Terms,0
APP002050,2023-07-18,Test,Debt Consolidation,32000,24,Broker,SA,Part-Time,25823.44,0.0424,577,High Risk - Refer,Refer to Manual Underwriting,0
APP007458,2024-03-29,Test,Car Purchase,45500,24,Online,VIC,Full-Time,69251.29,0.0189,601,Preferred,Approve - Preferred Pricing,0
APP003036,2023-12-15,Test,Debt Consolidation,23000,24,Branch,NSW,Self-Employed,69003.64,0.0245,593,Standard,Approve - Standard Terms,0
APP006759,2023-09-06,Test,Debt Consolidation,29000,36,Online,VIC,Full-Time,39876.88,0.0303,587,Standard,Approve - Standard Terms,0
APP005031,2023-12-15,Test,Debt Consolidation,40500,36,Online,NSW,Part-Time,53890.23,0.0326,585,Standard,Approve - Standard Terms,0
APP007094,2023-03-01,Test,Car Purchase,6000,48,Online,ACT,Part-Time,49415.77,0.0254,592,Standard,Approve - Standard Terms,0
APP003496,2023-02-21,Test,Home Renovation,21500,36,Broker,NSW,Full-Time,101653.37,0.0189,601,Preferred,Approve - Preferred Pricing,0
APP000781,2023-12-08,Test,Car Purchase,48000,24,Broker,SA,Full-Time,83391.0,0.0258,592,Standard,Approve - Standard Terms,0
APP000434,2023-02-16,Test,Debt Consolidation,32000,36,Online,QLD,Casual,26091.35,0.0562,569,High Risk - Refer,Refer to Manual Underwriting,0
APP000229,2023-10-18,Test,Wedding,19000,48,Branch,NSW,Full-Time,42264.27,0.0394,579,High Risk - Refer,Refer to Manual Underwriting,0
APP000376,2023-02-06,Test,Wedding,37500,48,Broker,NSW,Full-Time,67357.8,0.0344,583,High Risk - Refer,Refer to Manual Underwriting,0
APP005515,2023-12-04,Test,Debt Consolidation,34500,48,Online,NSW,Full-Time,69409.37,0.0276,590,Standard,Approve - Standard Terms,0
APP008688,2023-04-07,Test,Car Purchase,31500,12,Broker,VIC,Full-Time,112935.09,0.0227,596,Standard,Approve - Standard Terms,0
APP001091,2023-09-06,Test,Home Renovation,41000,24,Online,NSW,Full-Time,62153.75,0.0258,592,Standard,Approve - Standard Terms,0
APP002918,2023-11-05,Test,Car Purchase,39000,60,Branch,QLD,Full-Time,65547.16,0.0258,592,Standard,Approve - Standard Terms,0
APP005083,2023-09-21,Test,Medical,14000,24,Online,QLD,Full-Time,75899.96,0.0189,601,Preferred,Approve - Preferred Pricing,0
APP002641,2023-01-20,Test,Car Purchase,41000,60,Online,QLD,Full-Time,83511.92,0.0189,601,Preferred,Approve - Preferred Pricing,0
APP002093,2024-03-27,Test,Car Purchase,2000,36,Online,QLD,Full-Time,64769.8,0.0303,587,Standard,Approve - Standard Terms,0
APP007205,2023-08-15,Test,Debt Consolidation,26500,48,Branch,SA,Full-Time,67799.54,0.0433,576,High Risk - Refer,Refer to Manual Underwriting,0
APP003280,2023-03-04,Test,Debt Consolidation,34500,24,Online,NSW,Full-Time,113906.88,0.0177,603,Preferred,Approve - Preferred Pricing,0
APP007013,2023-05-23,Test,Debt Consolidation,48500,36,Online,QLD,Full-Time,77858.46,0.0258,592,Standard,Approve - Standard Terms,0
APP001392,2023-02-16,Test,Travel,17000,36,Branch,QLD,Casual,34126.04,0.0344,583,Standard,Approve - Standard Terms,0
APP005624,2024-02-11,Test,Debt Consolidation,23500,60,Online,NSW,Part-Time,63169.68,0.019,601,Preferred,Approve - Preferred Pricing,0
APP008904,2023-09-10,Test,Home Renovation,39500,24,Online,NSW,Full-Time,62364.95,0.0189,601,Preferred,Approve - Preferred Pricing,0
APP003986,2023-06-05,Test,Debt Consolidation,49500,12,Broker,WA,Full-Time,43984.97,0.0471,574,High Risk - Refer,Refer to Manual Underwriting,0
APP005873,2023-02-13,Test,Car Purchase,23000,60,Online,QLD,Unemployed,15000.0,0.1017,550,Decline,Decline,1
APP002678,2023-08-25,Test,Car Purchase,32500,36,Online,VIC,Part-Time,27347.01,0.0906,554,Decline,Decline,0
APP008479,2023-11-24,Test,Travel,22500,60,Branch,QLD,Full-Time,65673.92,0.0177,603,Preferred,Approve - Preferred Pricing,0
APP002158,2023-08-01,Test,Car Purchase,15000,36,Branch,QLD,Full-Time,85875.87,0.0189,601,Preferred,Approve - Preferred Pricing,0
APP002521,2024-02-05,Test,Medical,36000,48,Online,QLD,Casual,31936.43,0.0542,570,High Risk - Refer,Refer to Manual Underwriting,0
APP000057,2023-06-26,Test,Wedding,9500,36,Online,WA,Full-Time,60501.88,0.0595,567,High Risk - Refer,Refer to Manual Underwriting,0
APP002837,2023-07-09,Test,Wedding,37000,36,Online,ACT,Full-Time,92022.96,0.0297,588,Standard,Approve - Standard Terms,0
APP001575,2023-05-16,Test,Medical,10000,12,Online,NSW,Self-Employed,74131.17,0.035,583,High Risk - Refer,Refer to Manual Underwriting,0
APP005188,2023-12-24,Test,Travel,34000,24,Broker,QLD,Full-Time,45942.33,0.0394,579,High Risk - Refer,Refer to Manual Underwriting,0
APP003751,2023-07-08,Test,Debt Consolidation,24500,48,Online,NSW,Part-Time,37043.78,0.0245,593,Standard,Approve - Standard Terms,0
APP003778,2023-12-31,Test,Travel,45000,24,Online,WA,Casual,40106.42,0.0491,573,High Risk - Refer,Refer to Manual Underwriting,1
APP008245,2023-10-17,Test,Other,23000,24,Online,NSW,Part-Time,21851.04,0.0623,565,Decline,Decline,1
APP004861,2024-01-06,Test,Home Renovation,2500,24,Branch,NSW,Self-Employed,54851.9,0.0421,577,High Risk - Refer,Refer to Manual Underwriting,0
APP004910,2023-08-24,Test,Travel,2000,36,Online,QLD,Full-Time,59727.4,0.0276,590,Standard,Approve - Standard Terms,0
APP001564,2023-07-18,Test,Debt Consolidation,38500,36,Online,QLD,Full-Time,64713.96,0.0177,603,Preferred,Approve - Preferred Pricing,0
APP005246,2023-08-02,Test,Travel,19500,36,Online,NSW,Full-Time,112020.9,0.0236,595,Standard,Approve - Standard Terms,0
APP005085,2023-01-18,Test,Travel,27500,48,Online,NSW,Part-Time,45061.42,0.0906,554,Decline,Decline,0
APP007291,2023-02-06,Test,Debt Consolidation,41500,24,Broker,QLD,Full-Time,91453.99,0.0258,592,Standard,Approve - Standard Terms,0
APP008315,2023-08-21,Test,Car Purchase,21500,60,Online,NSW,Full-Time,25807.05,0.0236,595,Standard,Approve - Standard Terms,0
APP007859,2023-09-21,Test,Debt Consolidation,3000,36,Online,QLD,Full-Time,96207.47,0.0189,601,Preferred,Approve - Preferred Pricing,0
APP004746,2023-07-23,Test,Debt Consolidation,23000,24,Broker,QLD,Full-Time,18590.16,0.0258,592,Standard,Approve - Standard Terms,0
APP007641,2023-07-01,Test,Medical,22000,36,Broker,QLD,Full-Time,48661.62,0.0297,588,Standard,Approve - Standard Terms,0
APP002753,2024-03-28,Test,Debt Consolidation,47500,12,Broker,WA,Full-Time,109948.69,0.0243,594,Standard,Approve - Standard Terms,0
APP006179,2023-03-21,Test,Debt Consolidation,15000,60,Online,NSW,Part-Time,20559.01,0.0278,590,Standard,Approve - Standard Terms,0
APP003569,2023-04-25,Test,Wedding,3000,12,Branch,VIC,Full-Time,78327.84,0.0258,592,Standard,Approve - Standard Terms,0
APP000225,2023-09-01,Test,Home Renovation,47000,48,Online,QLD,Full-Time,89208.13,0.0177,603,Preferred,Approve - Preferred Pricing,0
APP006917,2023-01-23,Test,Debt Consolidation,28500,48,Broker,QLD,Full-Time,86998.86,0.0189,601,Preferred,Approve - Preferred Pricing,0
APP005802,2023-07-16,Test,Home Renovation,44000,48,Broker,WA,Full-Time,106639.73,0.0177,603,Preferred,Approve - Preferred Pricing,0
APP003703,2023-08-20,Test,Home Renovation,8000,60,Branch,QLD,Full-Time,90816.32,0.0258,592,Standard,Approve - Standard Terms,0
APP007523,2023-07-12,Test,Car Purchase,28000,36,Broker,QLD,Unemployed,17872.82,0.1017,550,Decline,Decline,0
APP006637,2023-09-19,Test,Travel,43500,24,Broker,NSW,Self-Employed,94417.71,0.0209,598,Preferred,Approve - Preferred Pricing,0
APP003055,2023-11-05,Test,Debt Consolidation,47000,48,Online,QLD,Full-Time,75469.55,0.0258,592,Standard,Approve - Standard Terms,0
APP005063,2023-07-05,Test,Car Purchase,49000,60,Broker,VIC,Full-Time,78943.7,0.0177,603,Preferred,Approve - Preferred Pricing,0
APP001730,2023-04-15,Test,Home Renovation,13500,12,Online,VIC,Full-Time,65321.06,0.0189,601,Preferred,Approve - Preferred Pricing,0
APP003955,2023-08-23,Test,Car Purchase,45000,36,Online,QLD,Full-Time,63954.06,0.0344,583,High Risk - Refer,Refer to Manual Underwriting,0
APP001722,2024-02-29,Test,Travel,31000,12,Branch,SA,Full-Time,117257.81,0.0177,603,Preferred,Approve - Preferred Pricing,0
APP004617,2023-05-24,Test,Other,4000,36,Branch,WA,Full-Time,57089.88,0.0542,570,High Risk - Refer,Refer to Manual Underwriting,0
APP008465,2024-03-02,Test,Travel,23000,60,Online,WA,Full-Time,75267.2,0.0344,583,High Risk - Refer,Refer to Manual Underwriting,0
APP007879,2023-01-18,Test,Other,38500,12,Online,NSW,Full-Time,90017.2,0.0189,601,Preferred,Approve - Preferred Pricing,0
APP003505,2023-06-20,Test,Travel,33500,12,Online,NSW,Part-Time,41920.49,0.0203,599,Preferred,Approve - Preferred Pricing,0
APP001354,2023-11-01,Test,Home Renovation,26000,60,Broker,QLD,Unemployed,15209.94,0.3001,512,Decline,Decline,0
APP000547,2023-05-18,Test,Car Purchase,39500,36,Online,QLD,Full-Time,90183.55,0.0189,601,Preferred,Approve - Preferred Pricing,0
APP005281,2023-01-22,Test,Travel,8000,24,Branch,VIC,Unemployed,15000.0,0.136,540,Decline,Decline,0
APP005015,2023-06-28,Test,Car Purchase,20500,48,Online,NSW,Part-Time,66003.29,0.037,581,High Risk - Refer,Refer to Manual Underwriting,0
APP002629,2023-11-03,Test,Medical,30500,60,Branch,WA,Full-Time,122581.33,0.0189,601,Preferred,Approve - Preferred Pricing,0
APP006652,2023-12-15,Test,Other,6500,36,Broker,NSW,Casual,32884.31,0.0562,569,High Risk - Refer,Refer to Manual Underwriting,0
APP001609,2023-08-29,Test,Car Purchase,46000,36,Broker,NSW,Full-Time,78605.63,0.0297,588,Standard,Approve - Standard Terms,0
APP002800,2023-10-07,Test,Debt Consolidation,15000,36,Online,NSW,Casual,34112.22,0.0303,587,Standard,Approve - Standard Terms,0
APP008907,2024-03-09,Test,Debt Consolidation,27500,48,Broker,QLD,Casual,47111.41,0.0258,592,Standard,Approve - Standard Terms,1
APP005313,2023-12-11,Test,Home Renovation,19000,36,Branch,VIC,Full-Time,94262.95,0.0189,601,Preferred,Approve - Preferred Pricing,0
APP000570,2023-10-24,Test,Home Renovation,27500,36,Branch,VIC,Part-Time,41171.82,0.037,581,High Risk - Refer,Refer to Manual Underwriting,0
APP005178,2023-05-01,Test,Other,35000,36,Online,NSW,Full-Time,66270.88,0.1785,531,Decline,Decline,0
APP007806,2023-05-05,Test,Debt Consolidation,15500,60,Online,VIC,Part-Time,62932.4,0.0245,593,Standard,Approve - Standard Terms,1
APP003880,2023-03-17,Test,Debt Consolidation,42000,24,Branch,NSW,Self-Employed,82697.13,0.0215,597,Preferred,Approve - Preferred Pricing,0
APP005176,2023-11-09,Test,Other,13500,12,Online,SA,Full-Time,81319.95,0.0189,601,Preferred,Approve - Preferred Pricing,0
APP003039,2023-04-11,Test,Debt Consolidation,8500,48,Online,QLD,Unemployed,15000.0,0.235,521,Decline,Decline,0
APP000666,2023-03-02,Test,Car Purchase,27500,24,Online,QLD,Casual,51190.9,0.0303,587,Standard,Approve - Standard Terms,0
APP007596,2023-10-12,Test,Home Renovation,5500,36,Online,QLD,Full-Time,48004.89,0.0189,601,Preferred,Approve - Preferred Pricing,0
APP000307,2023-04-19,Test,Medical,7500,48,Online,NT,Full-Time,58701.93,0.0765,559,Decline,Decline,0
APP008458,2023-12-16,Test,Home Renovation,45000,60,Online,WA,Full-Time,54661.37,0.0344,583,High Risk - Refer,Refer to Manual Underwriting,0
APP004483,2023-01-22,Test,Debt Consolidation,6000,36,Broker,NSW,Casual,37098.01,0.0545,569,High Risk - Refer,Refer to Manual Underwriting,0
APP002285,2024-01-12,Test,Car Purchase,13500,36,Online,VIC,Casual,40076.01,0.0848,556,Decline,Decline,0
APP003364,2023-10-29,Test,Home Renovation,43000,36,Online,VIC,Full-Time,72013.91,0.0177,603,Preferred,Approve - Preferred Pricing,0
APP006993,2024-02-24,Test,Car Purchase,6000,36,Branch,SA,Self-Employed,50611.69,0.0156,607,Premium,Approve - Premium Pricing,0
APP002315,2023-09-19,Test,Wedding,25500,48,Online,QLD,Full-Time,38073.5,0.0276,590,Standard,Approve - Standard Terms,0
APP006923,2024-01-04,Test,Home Renovation,27000,24,Broker,VIC,Full-Time,40236.04,0.0189,601,Preferred,Approve - Preferred Pricing,0
APP003160,2023-08-22,Test,Debt Consolidation,45000,12,Branch,NSW,Full-Time,78408.46,0.0177,603,Preferred,Approve - Preferred Pricing,0
APP007725,2023-09-24,Test,Home Renovation,22500,48,Online,VIC,Full-Time,122350.58,0.0189,601,Preferred,Approve - Preferred Pricing,0
APP005885,2023-05-16,Test,Wedding,4500,60,Online,QLD,Casual,29818.91,0.0344,583,Standard,Approve - Standard Terms,0
APP007006,2023-07-21,Test,Travel,5000,60,Online,VIC,Full-Time,71992.77,0.0177,603,Preferred,Approve - Preferred Pricing,0
APP001038,2024-02-22,Test,Debt Consolidation,29000,12,Online,NSW,Full-Time,71300.08,0.0236,595,Standard,Approve - Standard Terms,0
APP003793,2023-05-08,Test,Car Purchase,20500,36,Broker,NSW,Full-Time,91878.92,0.0595,567,High Risk - Refer,Refer to Manual Underwriting,0
APP008901,2023-12-01,Test,Debt Consolidation,46500,48,Broker,VIC,Full-Time,73579.92,0.0177,603,Preferred,Approve - Preferred Pricing,0
APP002691,2024-02-28,Test,Other,18500,24,Online,SA,Casual,33249.56,0.0303,587,Standard,Approve - Standard Terms,0
APP007558,2023-09-27,Test,Wedding,11500,24,Broker,NSW,Casual,45774.27,0.0177,603,Premium,Approve - Premium Pricing,0
APP001845,2023-05-24,Test,Debt Consolidation,45000,60,Online,NT,Part-Time,54962.3,0.0603,566,Decline,Decline,0
APP002852,2024-01-09,Test,Wedding,43000,48,Online,NSW,Full-Time,48340.57,0.0227,596,Standard,Approve - Standard Terms,0
APP005266,2023-07-08,Test,Car Purchase,17000,24,Broker,QLD,Full-Time,99393.67,0.0394,579,High Risk - Refer,Refer to Manual Underwriting,0
APP005702,2023-02-19,Test,Debt Consolidation,43000,48,Broker,NSW,Self-Employed,34224.96,0.0229,595,Standard,Approve - Standard Terms,0
APP001262,2023-10-10,Test,Debt Consolidation,12000,36,Broker,QLD,Full-Time,66907.66,0.0344,583,High Risk - Refer,Refer to Manual Underwriting,0
APP001888,2023-04-04,Test,Debt Consolidation,23000,48,Online,NSW,Part-Time,52329.3,0.0326,585,Standard,Approve - Standard Terms,0
APP008258,2023-06-20,Test,Wedding,47000,36,Broker,SA,Full-Time,81774.41,0.0227,596,Standard,Approve - Standard Terms,0
APP006545,2023-09-06,Test,Travel,13500,48,Online,VIC,Casual,30808.26,0.0177,603,Premium,Approve - Premium Pricing,0
APP000250,2024-03-21,Test,Car Purchase,34500,24,Broker,WA,Full-Time,69817.05,0.0258,592,Standard,Approve - Standard Terms,0
APP005904,2023-01-27,Test,Wedding,3000,24,Branch,NSW,Full-Time,51235.44,0.0326,585,Standard,Approve - Standard Terms,0
APP000100,2023-02-25,Test,Travel,9500,24,Broker,NSW,Full-Time,70636.23,0.0276,590,Standard,Approve - Standard Terms,0
APP000820,2023-01-21,Test,Home Renovation,41000,48,Broker,WA,Part-Time,40950.02,0.0203,599,Preferred,Approve - Preferred Pricing,1
APP003967,2023-04-23,Test,Car Purchase,9500,24,Online,SA,Full-Time,108135.24,0.0418,578,High Risk - Refer,Refer to Manual Underwriting,0
APP001002,2023-01-03,Test,Home Renovation,43500,48,Branch,TAS,Full-Time,59238.81,0.0258,592,Standard,Approve - Standard Terms,0
APP003302,2023-09-09,Test,Car Purchase,19000,36,Online,NSW,Casual,25425.12,0.0227,596,Preferred,Approve - Preferred Pricing,0
APP004475,2023-01-07,Test,Home Renovation,33000,24,Branch,NSW,Full-Time,113337.03,0.0189,601,Preferred,Approve - Preferred Pricing,0
APP008526,2023-12-13,Test,Debt Consolidation,10500,48,Broker,NSW,Full-Time,42716.4,0.0394,579,High Risk - Refer,Refer to Manual Underwriting,0
APP008609,2024-02-19,Test,Medical,38500,12,Branch,QLD,Full-Time,74066.9,0.0177,603,Preferred,Approve - Preferred Pricing,0
APP000006,2023-08-19,Test,Home Renovation,29500,24,Online,NSW,Part-Time,36862.91,0.037,581,High Risk - Refer,Refer to Manual Underwriting,0
APP005985,2023-01-21,Test,Home Renovation,15000,48,Online,QLD,Self-Employed,100267.78,0.0201,599,Preferred,Approve - Preferred Pricing,0
APP002159,2023-02-04,Test,Wedding,7500,60,Branch,SA,Full-Time,59909.45,0.0394,579,High Risk - Refer,Refer to Manual Underwriting,0
APP000774,2023-02-07,Test,Other,3000,24,Broker,VIC,Full-Time,35374.73,0.0227,596,Standard,Approve - Standard Terms,0
APP003067,2023-06-26,Test,Debt Consolidation,25000,24,Broker,SA,Full-Time,122221.65,0.0276,590,Standard,Approve - Standard Terms,0
APP003510,2023-04-27,Test,Debt Consolidation,10000,60,Online,WA,Full-Time,73327.55,0.0344,583,High Risk - Refer,Refer to Manual Underwriting,0
APP005259,2023-03-19,Test,Debt Consolidation,33000,48,Broker,NSW,Self-Employed,83725.61,0.0156,607,Premium,Approve - Premium Pricing,0
APP003506,2024-03-20,Test,Home Renovation,22000,60,Online,WA,Self-Employed,46287.65,0.0658,564,Decline,Decline,0
APP005838,2023-03-02,Test,Debt Consolidation,5000,36,Online,NSW,Full-Time,78331.09,0.0394,579,High Risk - Refer,Refer to Manual Underwriting,0
APP004946,2023-12-29,Test,Debt Consolidation,34500,48,Broker,VIC,Self-Employed,53642.55,0.0156,607,Premium,Approve - Premium Pricing,0
APP001780,2024-01-25,Test,Car Purchase,7000,36,Branch,VIC,Full-Time,56449.91,0.0177,603,Preferred,Approve - Preferred Pricing,0
APP001559,2023-04-17,Test,Home Renovation,20000,36,Broker,NSW,Full-Time,47091.12,0.0236,595,Standard,Approve - Standard Terms,0
APP004825,2024-02-22,Test,Debt Consolidation,20500,48,Branch,VIC,Part-Time,20553.11,0.0823,557,Decline,Decline,0
APP006879,2023-03-07,Test,Debt Consolidation,23000,12,Online,QLD,Casual,41348.72,0.0258,592,Standard,Approve - Standard Terms,0
APP005053,2023-01-05,Test,Car Purchase,50000,48,Online,TAS,Full-Time,60493.78,0.0177,603,Preferred,Approve - Preferred Pricing,0
APP001137,2023-07-25,Test,Home Renovation,25000,12,Broker,VIC,Self-Employed,35677.81,0.05,572,High Risk - Refer,Refer to Manual Underwriting,0
APP001756,2023-03-26,Test,Car Purchase,31500,60,Branch,VIC,Full-Time,70835.27,0.0491,573,High Risk - Refer,Refer to Manual Underwriting,0
APP001099,2023-01-25,Test,Home Renovation,48500,12,Branch,NSW,Full-Time,99316.32,0.0227,596,Standard,Approve - Standard Terms,0
APP004532,2023-08-05,Test,Other,10000,36,Online,VIC,Part-Time,32748.58,0.0297,588,Standard,Approve - Standard Terms,0
APP007689,2023-05-11,Test,Debt Consolidation,13500,36,Online,QLD,Full-Time,81112.69,0.0845,556,Decline,Decline,0
APP004297,2024-02-13,Test,Home Renovation,20000,24,Broker,QLD,Full-Time,89925.76,0.0189,601,Preferred,Approve - Preferred Pricing,0
APP007559,2024-02-23,Test,Home Renovation,21000,36,Online,NSW,Full-Time,68283.07,0.0297,588,Standard,Approve - Standard Terms,0
APP002171,2023-12-16,Test,Debt Consolidation,16500,12,Online,NSW,Full-Time,71861.63,0.0177,603,Preferred,Approve - Preferred Pricing,0
APP003692,2023-10-18,Test,Debt Consolidation,27500,36,Online,QLD,Casual,35153.49,0.0189,601,Preferred,Approve - Preferred Pricing,0
APP000629,2023-08-31,Test,Medical,48000,12,Branch,NSW,Full-Time,45286.75,0.0303,587,Standard,Approve - Standard Terms,0
APP002593,2023-02-21,Test,Home Renovation,38000,24,Online,SA,Full-Time,56677.22,0.0344,583,High Risk - Refer,Refer to Manual Underwriting,0
APP000468,2023-07-20,Test,Debt Consolidation,29000,36,Online,WA,Part-Time,56832.53,0.037,581,High Risk - Refer,Refer to Manual Underwriting,0
APP001770,2023-11-23,Test,Debt Consolidation,4500,36,Online,NSW,Full-Time,77842.37,0.0236,595,Standard,Approve - Standard Terms,0
APP005217,2023-02-03,Test,Debt Consolidation,31000,60,Online,QLD,Full-Time,83008.39,0.0177,603,Preferred,Approve - Preferred Pricing,0
APP002639,2023-06-06,Test,Home Renovation,7000,60,Online,QLD,Part-Time,33362.01,0.0245,593,Standard,Approve - Standard Terms,0
APP005155,2024-01-28,Test,Debt Consolidation,12500,36,Online,QLD,Full-Time,37724.49,0.0189,601,Preferred,Approve - Preferred Pricing,0
APP003330,2023-01-29,Test,Home Renovation,33500,48,Broker,VIC,Full-Time,58717.67,0.0673,563,Decline,Decline,0
APP008109,2023-08-15,Test,Debt Consolidation,17000,48,Branch,NSW,Part-Time,42699.05,0.0326,585,Standard,Approve - Standard Terms,0
APP008399,2023-09-15,Test,Debt Consolidation,21000,36,Online,WA,Full-Time,86682.66,0.0303,587,Standard,Approve - Standard Terms,0
APP001905,2023-12-10,Test,Debt Consolidation,31000,36,Online,VIC,Self-Employed,62850.64,0.0156,607,Premium,Approve - Premium Pricing,0
APP005861,2024-03-13,Test,Debt Consolidation,24500,48,Broker,VIC,Full-Time,72408.62,0.0177,603,Preferred,Approve - Preferred Pricing,0
APP008747,2024-01-08,Test,Car Purchase,24500,24,Online,VIC,Full-Time,62353.62,0.0189,601,Preferred,Approve - Preferred Pricing,0
APP006963,2023-08-13,Test,Debt Consolidation,21000,24,Online,NSW,Part-Time,34617.45,0.019,601,Preferred,Approve - Preferred Pricing,0
APP001937,2023-05-28,Test,Debt Consolidation,20000,36,Broker,QLD,Casual,41242.43,0.0408,578,High Risk - Refer,Refer to Manual Underwriting,0
APP000999,2023-09-24,Test,Car Purchase,20500,48,Broker,QLD,Full-Time,50651.46,0.0258,592,Standard,Approve - Standard Terms,0
APP002851,2023-06-01,Test,Home Renovation,39500,12,Online,SA,Full-Time,73920.11,0.0189,601,Preferred,Approve - Preferred Pricing,0
APP000221,2023-05-27,Test,Car Purchase,40000,24,Online,SA,Self-Employed,66366.2,0.0215,597,Preferred,Approve - Preferred Pricing,1
APP006607,2023-03-25,Test,Car Purchase,5500,36,Branch,QLD,Full-Time,48004.89,0.0189,601,Preferred,Approve - Preferred Pricing,0
APP002568,2023-04-29,Test,Car Purchase,46500,48,Branch,QLD,Full-Time,97243.0,0.0344,583,High Risk - Refer,Refer to Manual Underwriting,0
APP007341,2023-12-12,Test,Home Renovation,20000,24,Online,SA,Part-Time,51137.02,0.0278,590,Standard,Approve - Standard Terms,0
APP008496,2024-03-15,Test,Other,32000,60,Online,SA,Full-Time,81005.75,0.0394,579,High Risk - Refer,Refer to Manual Underwriting,0
APP000283,2023-03-11,Test,Debt Consolidation,11000,48,Broker,VIC,Full-Time,65708.87,0.0344,583,High Risk - Refer,Refer to Manual Underwriting,0
APP004526,2024-02-15,Test,Car Purchase,15000,12,Online,VIC,Self-Employed,88838.91,0.0156,607,Premium,Approve - Premium Pricing,0
APP003119,2023-09-15,Test,Travel,28500,24,Online,VIC,Full-Time,89391.77,0.0276,590,Standard,Approve - Standard Terms,0
APP007389,2024-02-01,Test,Other,31000,48,Branch,NSW,Full-Time,63163.08,0.0177,603,Preferred,Approve - Preferred Pricing,0
APP000445,2023-02-10,Test,Medical,29500,36,Broker,NSW,Full-Time,87514.96,0.0236,595,Standard,Approve - Standard Terms,0
APP003721,2023-09-20,Test,Debt Consolidation,41500,36,Branch,NSW,Full-Time,115790.46,0.0189,601,Preferred,Approve - Preferred Pricing,0
APP002781,2023-06-16,Test,Debt Consolidation,12000,24,Broker,ACT,Self-Employed,100223.27,0.0167,605,Premium,Approve - Premium Pricing,0
APP003800,2023-10-23,Test,Home Renovation,29000,24,Broker,NSW,Full-Time,92293.81,0.0189,601,Preferred,Approve - Preferred Pricing,0
APP008349,2023-04-13,Test,Debt Consolidation,25500,12,Branch,WA,Full-Time,23679.16,0.0236,595,Standard,Approve - Standard Terms,0
APP001700,2023-01-15,Test,Travel,11000,36,Broker,QLD,Full-Time,101005.48,0.0177,603,Preferred,Approve - Preferred Pricing,0
APP001401,2023-06-27,Test,Debt Consolidation,47500,48,Branch,NSW,Full-Time,120525.07,0.0562,569,High Risk - Refer,Refer to Manual Underwriting,0
APP005845,2024-01-08,Test,Debt Consolidation,48500,60,Branch,NSW,Full-Time,89701.96,0.0258,592,Standard,Approve - Standard Terms,0
APP001562,2023-12-16,Test,Travel,35000,36,Branch,NSW,Part-Time,52368.03,0.019,601,Preferred,Approve - Preferred Pricing,0
APP000921,2023-01-23,Test,Debt Consolidation,25500,60,Online,NSW,Self-Employed,95700.77,0.0229,595,Standard,Approve - Standard Terms,0
APP003844,2023-03-24,Test,Other,15000,36,Online,NSW,Full-Time,81766.83,0.0344,583,High Risk - Refer,Refer to Manual Underwriting,0
APP008787,2023-05-30,Test,Car Purchase,20500,24,Branch,NSW,Part-Time,52931.5,0.037,581,High Risk - Refer,Refer to Manual Underwriting,0
APP006588,2023-12-13,Test,Debt Consolidation,49000,48,Online,QLD,Part-Time,64720.55,0.0639,565,Decline,Decline,0
APP007110,2023-10-20,Test,Other,17000,36,Broker,QLD,Casual,50031.02,0.0227,596,Preferred,Approve - Preferred Pricing,0
APP005308,2023-10-05,Test,Debt Consolidation,23500,48,Branch,QLD,Self-Employed,84664.11,0.0245,593,Standard,Approve - Standard Terms,0
APP000636,2023-07-28,Test,Car Purchase,23000,24,Online,NSW,Part-Time,32728.18,0.0203,599,Preferred,Approve - Preferred Pricing,0
APP005925,2023-01-30,Test,Home Renovation,42500,60,Online,NSW,Self-Employed,55348.42,0.035,583,High Risk - Refer,Refer to Manual Underwriting,0
APP004915,2023-01-22,Test,Travel,42000,48,Online,NSW,Unemployed,28050.79,0.0657,564,Decline,Decline,0
APP007854,2023-08-19,Test,Car Purchase,18500,36,Online,QLD,Full-Time,80287.88,0.0189,601,Preferred,Approve - Preferred Pricing,0
APP005446,2023-04-04,Test,Car Purchase,29500,36,Online,NSW,Full-Time,61624.33,0.0344,583,High Risk - Refer,Refer to Manual Underwriting,0
APP006304,2023-03-03,Test,Car Purchase,42500,24,Online,QLD,Casual,31394.12,0.054,570,High Risk - Refer,Refer to Manual Underwriting,0
APP003642,2023-07-11,Test,Home Renovation,34500,60,Broker,NSW,Full-Time,78561.31,0.0189,601,Preferred,Approve - Preferred Pricing,0
APP001701,2023-07-25,Test,Debt Consolidation,47500,24,Branch,VIC,Full-Time,73110.32,0.0623,565,Decline,Decline,0
APP007822,2023-01-28,Test,Debt Consolidation,18500,36,Branch,VIC,Part-Time,40816.18,0.0278,590,Standard,Approve - Standard Terms,0
APP004514,2024-01-21,Test,Car Purchase,39500,48,Broker,TAS,Full-Time,38036.59,0.0418,578,High Risk - Refer,Refer to Manual Underwriting,0
APP007789,2023-11-11,Test,Debt Consolidation,3500,48,Branch,VIC,Full-Time,60240.09,0.0177,603,Preferred,Approve - Preferred Pricing,0
APP000511,2023-02-16,Test,Home Renovation,13000,24,Branch,NSW,Casual,42047.55,0.0177,603,Premium,Approve - Premium Pricing,0
APP004852,2024-03-29,Test,Debt Consolidation,36500,60,Online,VIC,Self-Employed,39115.37,0.0209,598,Preferred,Approve - Preferred Pricing,0
APP002987,2023-10-17,Test,Debt Consolidation,14500,48,Broker,VIC,Full-Time,101140.78,0.0276,590,Standard,Approve - Standard Terms,0
APP002670,2023-07-29,Test,Other,46500,48,Online,VIC,Full-Time,58690.02,0.0344,583,High Risk - Refer,Refer to Manual Underwriting,0
APP000876,2023-06-08,Test,Home Renovation,30000,24,Online,QLD,Full-Time,104886.94,0.0276,590,Standard,Approve - Standard Terms,0
APP004530,2024-03-06,Test,Wedding,30500,60,Online,SA,Full-Time,65480.23,0.0236,595,Standard,Approve - Standard Terms,0
APP007023,2023-05-25,Test,Car Purchase,23000,12,Branch,NSW,Full-Time,81273.87,0.0276,590,Standard,Approve - Standard Terms,0
APP007817,2024-01-22,Test,Debt Consolidation,16500,36,Branch,NSW,Self-Employed,90917.92,0.0229,595,Standard,Approve - Standard Terms,0
APP000180,2023-12-01,Test,Debt Consolidation,43500,48,Online,VIC,Self-Employed,51550.84,0.0167,605,Premium,Approve - Premium Pricing,0
APP004069,2024-02-14,Test,Home Renovation,36000,60,Online,NSW,Full-Time,90522.13,0.0562,569,High Risk - Refer,Refer to Manual Underwriting,0
APP004538,2023-02-19,Test,Wedding,9500,36,Broker,QLD,Full-Time,92971.02,0.0276,590,Standard,Approve - Standard Terms,0
APP000617,2023-04-21,Test,Home Renovation,44500,60,Online,NSW,Full-Time,74983.63,0.0344,583,High Risk - Refer,Refer to Manual Underwriting,0
APP001653,2024-01-15,Test,Other,45000,48,Branch,NSW,Full-Time,103608.84,0.0317,586,Standard,Approve - Standard Terms,0
APP006338,2023-10-11,Test,Home Renovation,38000,12,Online,QLD,Full-Time,80287.88,0.0344,583,High Risk - Refer,Refer to Manual Underwriting,0
APP006278,2023-07-13,Test,Debt Consolidation,44000,24,Online,NSW,Full-Time,100747.8,0.0189,601,Preferred,Approve - Preferred Pricing,0
APP004610,2023-07-20,Test,Debt Consolidation,2500,48,Broker,WA,Full-Time,64199.63,0.0258,592,Standard,Approve - Standard Terms,0
APP005169,2023-11-15,Test,Debt Consolidation,2500,24,Online,QLD,Self-Employed,52768.71,0.0229,595,Standard,Approve - Standard Terms,0
APP008666,2023-04-20,Test,Debt Consolidation,11000,60,Online,NSW,Full-Time,32006.15,0.0258,592,Standard,Approve - Standard Terms,0
APP007495,2023-06-25,Test,Medical,10000,24,Branch,VIC,Full-Time,126412.97,0.0189,601,Preferred,Approve - Preferred Pricing,0
APP002149,2023-03-07,Test,Debt Consolidation,38500,24,Online,VIC,Self-Employed,79051.45,0.0269,591,Standard,Approve - Standard Terms,0
APP006244,2023-10-27,Test,Medical,44000,60,Online,QLD,Full-Time,64591.08,0.0344,583,High Risk - Refer,Refer to Manual Underwriting,0
APP005059,2023-05-04,Test,Debt Consolidation,43000,24,Branch,NSW,Full-Time,51495.54,0.0344,583,High Risk - Refer,Refer to Manual Underwriting,0
APP005482,2023-12-24,Test,Wedding,16500,60,Broker,QLD,Part-Time,33852.84,0.082,557,Decline,Decline,0
APP000480,2023-02-09,Test,Travel,40500,12,Online,NSW,Self-Employed,57353.58,0.0156,607,Premium,Approve - Premium Pricing,0
APP004333,2023-11-10,Test,Home Renovation,25000,36,Online,QLD,Full-Time,80408.7,0.0177,603,Preferred,Approve - Preferred Pricing,0
APP003354,2023-11-20,Test,Wedding,6500,48,Broker,ACT,Full-Time,69554.51,0.0276,590,Standard,Approve - Standard Terms,0
APP002700,2023-05-20,Test,Home Renovation,46000,36,Online,NSW,Self-Employed,43149.77,0.0201,599,Preferred,Approve - Preferred Pricing,0
APP006437,2023-05-15,Test,Debt Consolidation,29000,36,Online,QLD,Full-Time,105679.74,0.0177,603,Preferred,Approve - Preferred Pricing,0
APP002667,2024-02-26,Test,Travel,43000,12,Branch,NSW,Part-Time,51951.11,0.0341,584,Standard,Approve - Standard Terms,0
APP008130,2023-07-31,Test,Home Renovation,25000,36,Broker,NSW,Full-Time,91837.57,0.0189,601,Preferred,Approve - Preferred Pricing,0
APP006653,2024-02-19,Test,Car Purchase,34000,60,Online,VIC,Full-Time,76336.58,0.0236,595,Standard,Approve - Standard Terms,0
APP003441,2023-03-05,Test,Wedding,28000,48,Broker,NSW,Full-Time,73251.58,0.0189,601,Preferred,Approve - Preferred Pricing,0
APP004159,2023-11-30,Test,Debt Consolidation,16500,36,Branch,VIC,Full-Time,81710.46,0.0276,590,Standard,Approve - Standard Terms,0
APP006146,2024-03-07,Test,Home Renovation,36500,60,Branch,NSW,Full-Time,86135.63,0.0344,583,High Risk - Refer,Refer to Manual Underwriting,0
APP001660,2023-09-21,Test,Car Purchase,9000,24,Online,SA,Full-Time,89586.23,0.0189,601,Preferred,Approve - Preferred Pricing,0
APP004896,2023-10-26,Test,Medical,17500,12,Branch,VIC,Casual,30162.0,0.0622,565,Decline,Decline,0
APP007946,2023-01-22,Test,Travel,9000,36,Broker,VIC,Full-Time,23117.24,0.0303,587,Standard,Approve - Standard Terms,0
APP008233,2023-11-25,Test,Car Purchase,48500,24,Online,SA,Full-Time,102555.15,0.0276,590,Standard,Approve - Standard Terms,0
APP008373,2024-01-15,Test,Home Renovation,9000,12,Online,SA,Casual,25261.43,0.1142,546,Decline,Decline,0
APP005869,2023-02-16,Test,Debt Consolidation,34000,48,Online,ACT,Full-Time,102286.65,0.0177,603,Preferred,Approve - Preferred Pricing,0
APP006390,2023-10-29,Test,Car Purchase,10500,60,Broker,TAS,Part-Time,40084.56,0.037,581,High Risk - Refer,Refer to Manual Underwriting,0
APP004466,2023-07-24,Test,Debt Consolidation,31000,12,Online,NSW,Full-Time,85958.09,0.0394,579,High Risk - Refer,Refer to Manual Underwriting,0
APP002737,2023-06-14,Test,Debt Consolidation,32000,36,Broker,WA,Full-Time,81683.41,0.0303,587,Standard,Approve - Standard Terms,0
APP002888,2023-07-23,Test,Car Purchase,9500,24,Branch,QLD,Full-Time,105834.15,0.0276,590,Standard,Approve - Standard Terms,0
APP002762,2023-02-04,Test,Debt Consolidation,31500,48,Branch,VIC,Full-Time,86972.85,0.0189,601,Preferred,Approve - Preferred Pricing,0
APP004972,2024-03-16,Test,Car Purchase,37000,24,Online,VIC,Self-Employed,57033.29,0.0305,587,Standard,Approve - Standard Terms,0
APP003479,2023-11-07,Test,Debt Consolidation,42000,36,Broker,NSW,Unemployed,15000.0,0.1439,539,Decline,Decline,0
APP008428,2023-11-17,Test,Debt Consolidation,35500,48,Online,VIC,Part-Time,42794.02,0.0326,585,Standard,Approve - Standard Terms,0
APP006975,2024-02-25,Test,Travel,16000,60,Branch,VIC,Full-Time,100359.77,0.0344,583,High Risk - Refer,Refer to Manual Underwriting,0
APP000956,2023-07-28,Test,Travel,14500,24,Broker,VIC,Part-Time,51607.63,0.0254,592,Standard,Approve - Standard Terms,0
APP007040,2024-02-02,Test,Debt Consolidation,22000,60,Online,QLD,Part-Time,44121.63,0.0203,599,Preferred,Approve - Preferred Pricing,0
APP000835,2024-02-03,Test,Debt Consolidation,18500,36,Broker,QLD,Part-Time,47605.42,0.0487,573,High Risk - Refer,Refer to Manual Underwriting,0
APP005769,2023-01-28,Test,Car Purchase,24000,60,Online,NSW,Casual,66449.6,0.1036,549,Decline,Decline,0
APP004238,2024-03-31,Test,Travel,8000,36,Online,VIC,Full-Time,73427.07,0.0344,583,High Risk - Refer,Refer to Manual Underwriting,0
APP008721,2023-04-26,Test,Car Purchase,22000,36,Online,VIC,Full-Time,86602.99,0.0433,576,High Risk - Refer,Refer to Manual Underwriting,0
APP000208,2023-12-17,Test,Home Renovation,7500,60,Broker,QLD,Full-Time,79327.76,0.0177,603,Preferred,Approve - Preferred Pricing,0
APP003136,2024-01-18,Test,Home Renovation,32000,36,Broker,NSW,Full-Time,95400.76,0.0227,596,Standard,Approve - Standard Terms,0
APP007624,2024-03-25,Test,Travel,5500,36,Online,QLD,Full-Time,105656.23,0.0189,601,Preferred,Approve - Preferred Pricing,0
APP003000,2024-01-03,Test,Car Purchase,21000,36,Broker,NSW,Full-Time,79155.9,0.0177,603,Preferred,Approve - Preferred Pricing,0
APP001652,2023-10-28,Test,Home Renovation,21500,60,Broker,NSW,Full-Time,93636.78,0.0344,583,High Risk - Refer,Refer to Manual Underwriting,0
APP005406,2023-05-11,Test,Home Renovation,48000,48,Branch,NSW,Full-Time,71025.77,0.0189,601,Preferred,Approve - Preferred Pricing,0
APP002687,2023-12-28,Test,Car Purchase,44500,24,Online,WA,Self-Employed,41741.86,0.0269,591,Standard,Approve - Standard Terms,0
APP006212,2023-10-08,Test,Home Renovation,40000,24,Online,VIC,Self-Employed,47751.76,0.0269,591,Standard,Approve - Standard Terms,0
APP002355,2023-02-23,Test,Debt Consolidation,10500,24,Branch,NSW,Full-Time,107372.29,0.0303,587,Standard,Approve - Standard Terms,0
APP003177,2023-10-28,Test,Debt Consolidation,40500,36,Branch,SA,Full-Time,56004.75,0.0189,601,Preferred,Approve - Preferred Pricing,0
APP005443,2023-09-27,Test,Medical,6500,36,Branch,NSW,Self-Employed,67142.31,0.0156,607,Premium,Approve - Premium Pricing,1
APP002460,2023-10-08,Test,Home Renovation,45000,36,Broker,NSW,Full-Time,67170.11,0.0189,601,Preferred,Approve - Preferred Pricing,0
APP006348,2023-06-16,Test,Home Renovation,44000,24,Online,VIC,Full-Time,62998.7,0.0491,573,High Risk - Refer,Refer to Manual Underwriting,0
APP001305,2023-02-06,Test,Debt Consolidation,19000,36,Broker,VIC,Part-Time,66058.68,0.0203,599,Preferred,Approve - Preferred Pricing,0
APP004154,2023-10-04,Test,Car Purchase,30500,24,Online,NSW,Part-Time,42872.38,0.0203,599,Preferred,Approve - Preferred Pricing,0
APP004938,2023-09-21,Test,Debt Consolidation,5500,36,Online,WA,Part-Time,47385.94,0.0254,592,Standard,Approve - Standard Terms,0
APP003377,2023-03-04,Test,Other,32000,24,Broker,QLD,Self-Employed,31664.37,0.0385,580,High Risk - Refer,Refer to Manual Underwriting,0
APP003966,2023-05-18,Test,Debt Consolidation,25000,36,Broker,NSW,Part-Time,31001.41,0.037,581,High Risk - Refer,Refer to Manual Underwriting,0
APP004172,2024-01-01,Test,Travel,12000,36,Online,NSW,Part-Time,51962.58,0.0603,566,Decline,Decline,0
APP004655,2023-06-15,Test,Wedding,28500,36,Broker,WA,Part-Time,34139.61,0.037,581,High Risk - Refer,Refer to Manual Underwriting,0
APP008095,2023-04-24,Test,Home Renovation,11500,60,Branch,VIC,Full-Time,114436.75,0.0177,603,Preferred,Approve - Preferred Pricing,0
APP008006,2024-01-13,Test,Other,31500,24,Branch,NSW,Part-Time,37730.73,0.058,568,High Risk - Refer,Refer to Manual Underwriting,0
APP007484,2023-11-26,Test,Travel,17000,36,Branch,NSW,Full-Time,105906.99,0.0177,603,Preferred,Approve - Preferred Pricing,0
APP002944,2023-11-10,Test,Debt Consolidation,7000,36,Online,QLD,Full-Time,90359.8,0.0297,588,Standard,Approve - Standard Terms,1
APP004805,2023-03-30,Test,Debt Consolidation,26500,60,Online,QLD,Full-Time,77021.83,0.0303,587,Standard,Approve - Standard Terms,1
APP008814,2023-11-04,Test,Medical,12000,60,Branch,NSW,Part-Time,28075.09,0.019,601,Preferred,Approve - Preferred Pricing,0
APP004167,2023-11-18,Test,Car Purchase,4500,24,Branch,NSW,Full-Time,64818.52,0.0258,592,Standard,Approve - Standard Terms,0
APP008943,2023-04-06,Test,Home Renovation,12500,24,Broker,VIC,Part-Time,34497.06,0.0326,585,Standard,Approve - Standard Terms,0
APP000764,2023-02-19,Test,Medical,27000,48,Online,QLD,Full-Time,51539.18,0.0303,587,Standard,Approve - Standard Terms,0
APP007805,2023-08-12,Test,Travel,48500,36,Broker,VIC,Full-Time,55797.33,0.0394,579,High Risk - Refer,Refer to Manual Underwriting,0
APP000856,2023-05-02,Test,Other,24500,36,Online,VIC,Full-Time,66591.46,0.0189,601,Preferred,Approve - Preferred Pricing,0
APP002142,2024-02-10,Test,Travel,15500,48,Broker,SA,Full-Time,113138.25,0.0189,601,Preferred,Approve - Preferred Pricing,0
APP008340,2023-04-04,Test,Debt Consolidation,12500,36,Online,VIC,Full-Time,41317.95,0.0236,595,Standard,Approve - Standard Terms,0
APP000452,2023-09-22,Test,Car Purchase,40500,36,Online,VIC,Casual,49788.85,0.0344,583,Standard,Approve - Standard Terms,0
APP005285,2023-10-21,Test,Debt Consolidation,3500,48,Online,QLD,Unemployed,21710.07,0.3001,512,Decline,Decline,0
APP005739,2023-03-03,Test,Debt Consolidation,23500,24,Online,QLD,Full-Time,100428.35,0.0189,601,Preferred,Approve - Preferred Pricing,0
APP002105,2023-07-03,Test,Wedding,44500,36,Branch,VIC,Part-Time,54550.01,0.0424,577,High Risk - Refer,Refer to Manual Underwriting,1
APP007907,2023-11-26,Test,Debt Consolidation,31000,48,Online,QLD,Part-Time,47031.43,0.0424,577,High Risk - Refer,Refer to Manual Underwriting,0
APP001586,2023-03-15,Test,Car Purchase,17000,60,Online,NSW,Part-Time,28816.05,0.019,601,Preferred,Approve - Preferred Pricing,0
APP000634,2023-01-13,Test,Home Renovation,42500,36,Branch,VIC,Part-Time,48209.08,0.058,568,High Risk - Refer,Refer to Manual Underwriting,0
APP002372,2024-03-07,Test,Car Purchase,49500,60,Branch,NSW,Casual,29455.43,0.0542,570,High Risk - Refer,Refer to Manual Underwriting,0
APP008889,2023-05-09,Test,Car Purchase,39500,36,Broker,NSW,Self-Employed,80298.4,0.0305,587,Standard,Approve - Standard Terms,0
APP001101,2024-03-28,Test,Other,16000,24,Online,QLD,Unemployed,15000.0,0.1017,550,Decline,Decline,0
APP006933,2023-10-28,Test,Other,4000,60,Online,NSW,Full-Time,47552.29,0.0474,574,High Risk - Refer,Refer to Manual Underwriting,0
APP000017,2024-01-16,Test,Home Renovation,7000,24,Branch,QLD,Full-Time,105834.15,0.0276,590,Standard,Approve - Standard Terms,0
APP007629,2023-07-17,Test,Debt Consolidation,7500,12,Online,VIC,Self-Employed,68946.89,0.0229,595,Standard,Approve - Standard Terms,0
APP005150,2023-05-11,Test,Debt Consolidation,20500,36,Broker,NSW,Full-Time,95743.81,0.0177,603,Preferred,Approve - Preferred Pricing,1
APP000030,2023-07-11,Test,Debt Consolidation,31000,24,Broker,SA,Part-Time,51759.74,0.0668,563,Decline,Decline,0
APP000881,2023-12-22,Test,Car Purchase,8500,60,Broker,NSW,Full-Time,98297.03,0.0236,595,Standard,Approve - Standard Terms,0
APP002178,2023-10-24,Test,Travel,34000,60,Branch,WA,Unemployed,15269.65,0.0691,562,Decline,Decline,0
APP007766,2024-01-13,Test,Home Renovation,29000,24,Broker,WA,Self-Employed,82590.83,0.0167,605,Premium,Approve - Premium Pricing,0
APP004641,2023-09-17,Test,Debt Consolidation,41000,36,Online,WA,Self-Employed,77899.97,0.0209,598,Preferred,Approve - Preferred Pricing,0
APP003396,2023-07-14,Test,Home Renovation,4500,60,Branch,QLD,Full-Time,57715.51,0.0236,595,Standard,Approve - Standard Terms,0
APP004033,2023-05-04,Test,Home Renovation,21000,60,Broker,NSW,Self-Employed,43526.17,0.0305,587,Standard,Approve - Standard Terms,0
APP007158,2023-01-02,Test,Debt Consolidation,33500,36,Branch,VIC,Full-Time,85682.24,0.0317,586,Standard,Approve - Standard Terms,0
APP008893,2024-02-05,Test,Travel,35500,36,Online,VIC,Self-Employed,61990.62,0.0289,588,Standard,Approve - Standard Terms,0
APP005440,2023-08-21,Test,Car Purchase,25000,36,Branch,NSW,Part-Time,48591.78,0.019,601,Preferred,Approve - Preferred Pricing,0
APP005331,2024-01-23,Test,Debt Consolidation,31500,48,Online,WA,Full-Time,99599.25,0.0236,595,Standard,Approve - Standard Terms,0
APP007922,2023-09-27,Test,Debt Consolidation,12000,36,Broker,NSW,Casual,43232.53,0.0338,584,Standard,Approve - Standard Terms,0
APP006250,2023-04-24,Test,Home Renovation,11000,48,Broker,VIC,Full-Time,121135.88,0.0189,601,Preferred,Approve - Preferred Pricing,0
APP006095,2024-03-20,Test,Debt Consolidation,28000,36,Online,NSW,Full-Time,59444.11,0.0177,603,Preferred,Approve - Preferred Pricing,0
APP003402,2023-10-16,Test,Medical,45500,12,Online,VIC,Self-Employed,36148.41,0.0229,595,Standard,Approve - Standard Terms,0
APP004648,2023-11-20,Test,Debt Consolidation,40000,48,Branch,SA,Full-Time,53277.97,0.0344,583,High Risk - Refer,Refer to Manual Underwriting,0
APP002962,2023-08-10,Test,Wedding,25500,36,Online,NSW,Full-Time,72847.45,0.0258,592,Standard,Approve - Standard Terms,0
APP005559,2024-02-09,Test,Travel,48000,60,Online,WA,Full-Time,94165.69,0.0189,601,Preferred,Approve - Preferred Pricing,0
APP008835,2023-02-13,Test,Travel,34000,36,Online,VIC,Part-Time,24543.71,0.0203,599,Preferred,Approve - Preferred Pricing,0
APP004612,2023-10-06,Test,Debt Consolidation,18500,48,Online,QLD,Self-Employed,61575.2,0.0754,559,Decline,Decline,0
APP005480,2023-12-06,Test,Car Purchase,35000,36,Online,VIC,Part-Time,15000.0,0.0528,570,High Risk - Refer,Refer to Manual Underwriting,0
APP002185,2023-08-06,Test,Debt Consolidation,35000,36,Online,SA,Part-Time,51222.65,0.0297,588,Standard,Approve - Standard Terms,0
APP000592,2023-01-14,Test,Debt Consolidation,42000,24,Broker,QLD,Full-Time,46840.99,0.0177,603,Preferred,Approve - Preferred Pricing,0
APP005968,2023-06-16,Test,Travel,16000,36,Online,WA,Casual,31233.07,0.0767,559,Decline,Decline,0
APP001073,2023-09-15,Test,Car Purchase,46000,24,Online,NSW,Full-Time,62774.64,0.1346,541,Decline,Decline,0
APP000293,2023-08-18,Test,Debt Consolidation,46500,36,Broker,QLD,Part-Time,40761.3,0.0203,599,Preferred,Approve - Preferred Pricing,0
APP008205,2023-02-08,Test,Debt Consolidation,49500,36,Broker,NSW,Part-Time,33481.71,0.0297,588,Standard,Approve - Standard Terms,0
APP002085,2023-09-15,Test,Wedding,22500,12,Online,QLD,Self-Employed,44520.19,0.0209,598,Preferred,Approve - Preferred Pricing,0
APP000412,2023-04-19,Test,Wedding,17500,48,Branch,NSW,Full-Time,138542.41,0.0394,579,High Risk - Refer,Refer to Manual Underwriting,0
APP008121,2023-04-08,Test,Car Purchase,8000,24,Broker,WA,Full-Time,70355.31,0.0623,565,Decline,Decline,0
APP008569,2024-02-13,Test,Wedding,4000,36,Broker,QLD,Part-Time,43572.84,0.0319,586,Standard,Approve - Standard Terms,0
APP006349,2023-07-22,Test,Other,40500,36,Online,NSW,Full-Time,108101.34,0.0344,583,High Risk - Refer,Refer to Manual Underwriting,0
APP002436,2023-02-13,Test,Other,22000,36,Online,VIC,Full-Time,48723.94,0.0177,603,Preferred,Approve - Preferred Pricing,0
APP006935,2023-09-22,Test,Car Purchase,45500,60,Broker,NSW,Part-Time,25266.25,0.0297,588,Standard,Approve - Standard Terms,0
APP002091,2023-01-04,Test,Debt Consolidation,29000,36,Branch,QLD,Full-Time,98423.92,0.0258,592,Standard,Approve - Standard Terms,0
APP008930,2023-12-05,Test,Travel,19500,48,Online,QLD,Full-Time,105153.4,0.0177,603,Preferred,Approve - Preferred Pricing,0
APP008364,2023-11-05,Test,Wedding,8500,36,Broker,VIC,Full-Time,72288.52,0.0344,583,High Risk - Refer,Refer to Manual Underwriting,0
APP007965,2023-05-13,Test,Debt Consolidation,15500,48,Online,VIC,Unemployed,15977.04,0.0657,564,Decline,Decline,0
APP005746,2024-01-31,Test,Other,13500,36,Online,QLD,Full-Time,58769.31,0.0258,592,Standard,Approve - Standard Terms,0
APP005993,2023-04-03,Test,Travel,43500,12,Online,NSW,Full-Time,44561.59,0.0394,579,High Risk - Refer,Refer to Manual Underwriting,0
APP004611,2024-01-30,Test,Home Renovation,15500,48,Online,QLD,Full-Time,94210.8,0.0189,601,Preferred,Approve - Preferred Pricing,0
APP004578,2023-12-24,Test,Medical,19000,24,Branch,QLD,Full-Time,76620.65,0.0258,592,Standard,Approve - Standard Terms,0
APP002956,2024-03-14,Test,Other,31500,48,Broker,QLD,Casual,39068.7,0.0236,595,Standard,Approve - Standard Terms,0
APP006553,2023-11-26,Test,Travel,29500,24,Online,SA,Self-Employed,36716.59,0.0269,591,Standard,Approve - Standard Terms,0
APP008819,2023-12-30,Test,Car Purchase,25000,48,Branch,SA,Part-Time,70301.97,0.019,601,Preferred,Approve - Preferred Pricing,0
APP000989,2023-03-03,Test,Other,36500,24,Online,NSW,Part-Time,53890.23,0.0278,590,Standard,Approve - Standard Terms,0
APP007832,2023-08-14,Test,Travel,42000,24,Online,WA,Full-Time,83484.32,0.0177,603,Preferred,Approve - Preferred Pricing,0
APP002757,2023-05-19,Test,Home Renovation,4000,48,Online,VIC,Full-Time,79081.64,0.0258,592,Standard,Approve - Standard Terms,0
APP008330,2024-01-07,Test,Home Renovation,22500,36,Online,SA,Full-Time,114265.02,0.0276,590,Standard,Approve - Standard Terms,0
APP007241,2023-01-03,Test,Car Purchase,3000,60,Online,QLD,Self-Employed,80779.37,0.0305,587,Standard,Approve - Standard Terms,0
APP001185,2024-02-12,Test,Home Renovation,24500,48,Branch,NSW,Casual,28625.8,0.0177,603,Premium,Approve - Premium Pricing,0
APP007923,2023-06-27,Test,Car Purchase,43000,36,Branch,QLD,Full-Time,57758.08,0.0344,583,High Risk - Refer,Refer to Manual Underwriting,1
APP004228,2023-06-02,Test,Wedding,21000,48,Branch,TAS,Full-Time,58360.62,0.0189,601,Preferred,Approve - Preferred Pricing,0
APP002570,2024-01-31,Test,Wedding,42000,48,Broker,NSW,Full-Time,77755.12,0.0276,590,Standard,Approve - Standard Terms,0
APP004782,2024-01-20,Test,Car Purchase,32000,48,Online,NSW,Full-Time,88858.27,0.0258,592,Standard,Approve - Standard Terms,0
APP007463,2023-05-20,Test,Travel,15500,36,Broker,NSW,Full-Time,93664.22,0.0189,601,Preferred,Approve - Preferred Pricing,0
APP000018,2023-07-03,Test,Car Purchase,34000,24,Online,SA,Full-Time,91865.21,0.0227,596,Standard,Approve - Standard Terms,0
APP007352,2023-06-02,Test,Medical,4500,24,Branch,VIC,Self-Employed,73164.98,0.0658,564,Decline,Decline,0
APP000125,2023-02-19,Test,Travel,49500,36,Branch,QLD,Full-Time,58769.31,0.0189,601,Preferred,Approve - Preferred Pricing,0
APP002804,2023-10-23,Test,Home Renovation,15500,48,Online,NSW,Self-Employed,63339.23,0.0167,605,Premium,Approve - Premium Pricing,0
APP001352,2023-12-10,Test,Car Purchase,6000,36,Branch,SA,Casual,32717.04,0.0845,556,Decline,Decline,0
APP001278,2023-11-11,Test,Home Renovation,42500,24,Branch,VIC,Part-Time,39568.78,0.019,601,Preferred,Approve - Preferred Pricing,0
APP008380,2024-02-02,Test,Travel,44000,36,Branch,QLD,Full-Time,68106.2,0.0258,592,Standard,Approve - Standard Terms,0
APP004913,2023-01-12,Test,Home Renovation,2000,48,Branch,VIC,Full-Time,77310.38,0.0394,579,High Risk - Refer,Refer to Manual Underwriting,0
APP004104,2023-03-03,Test,Car Purchase,37000,48,Online,QLD,Full-Time,65889.71,0.0344,583,High Risk - Refer,Refer to Manual Underwriting,0
APP007024,2024-02-13,Test,Debt Consolidation,39000,48,Online,NSW,Part-Time,48258.44,0.0278,590,Standard,Approve - Standard Terms,0
APP004584,2023-08-15,Test,Medical,24000,48,Online,NSW,Part-Time,44781.79,0.0278,590,Standard,Approve - Standard Terms,0
APP007482,2023-10-08,Test,Home Renovation,13000,36,Broker,NSW,Part-Time,57455.74,0.0297,588,Standard,Approve - Standard Terms,0
APP000254,2023-07-18,Test,Medical,4000,36,Online,NSW,Full-Time,84488.57,0.0344,583,High Risk - Refer,Refer to Manual Underwriting,0
APP001903,2024-01-09,Test,Debt Consolidation,36500,24,Online,NSW,Full-Time,92018.75,0.0344,583,High Risk - Refer,Refer to Manual Underwriting,0
APP008057,2023-11-17,Test,Car Purchase,47000,36,Online,SA,Full-Time,103558.4,0.0177,603,Preferred,Approve - Preferred Pricing,0
APP001356,2023-08-05,Test,Other,17000,24,Broker,NSW,Self-Employed,93718.8,0.0167,605,Premium,Approve - Premium Pricing,0
APP004134,2023-06-10,Test,Medical,21500,24,Online,NSW,Full-Time,107243.22,0.0303,587,Standard,Approve - Standard Terms,0
APP006707,2024-03-15,Test,Car Purchase,47000,24,Branch,VIC,Part-Time,32576.04,0.0424,577,High Risk - Refer,Refer to Manual Underwriting,0
APP006218,2023-10-03,Test,Car Purchase,25000,36,Online,WA,Full-Time,107196.43,0.0474,574,High Risk - Refer,Refer to Manual Underwriting,0
APP007782,2023-12-21,Test,Other,5500,24,Broker,VIC,Full-Time,52730.11,0.0258,592,Standard,Approve - Standard Terms,0
APP000064,2023-10-17,Test,Car Purchase,25500,60,Online,NSW,Full-Time,108857.73,0.0542,570,High Risk - Refer,Refer to Manual Underwriting,0
APP005363,2023-02-07,Test,Car Purchase,15500,12,Broker,WA,Full-Time,124043.14,0.0236,595,Standard,Approve - Standard Terms,0
APP007377,2023-06-04,Test,Car Purchase,28000,48,Branch,NSW,Full-Time,74699.47,0.0189,601,Preferred,Approve - Preferred Pricing,0
APP008110,2023-04-21,Test,Car Purchase,21000,12,Broker,VIC,Full-Time,70190.76,0.0258,592,Standard,Approve - Standard Terms,0
APP000806,2024-01-12,Test,Debt Consolidation,39500,60,Branch,VIC,Self-Employed,73437.65,0.048,573,High Risk - Refer,Refer to Manual Underwriting,0
APP000483,2023-06-05,Test,Home Renovation,20000,36,Broker,WA,Part-Time,47451.37,0.0528,570,High Risk - Refer,Refer to Manual Underwriting,0
APP000431,2023-08-21,Test,Debt Consolidation,28500,36,Broker,NSW,Full-Time,51909.25,0.0303,587,Standard,Approve - Standard Terms,0
APP006665,2023-10-10,Test,Wedding,19000,48,Online,NSW,Part-Time,55757.62,0.0278,590,Standard,Approve - Standard Terms,0
APP002127,2023-04-09,Test,Car Purchase,39500,36,Online,QLD,Full-Time,45338.53,0.0344,583,High Risk - Refer,Refer to Manual Underwriting,0
APP002017,2023-06-02,Test,Travel,22500,36,Branch,NSW,Part-Time,25266.25,0.0297,588,Standard,Approve - Standard Terms,0
APP002977,2023-09-14,Test,Car Purchase,7000,48,Online,QLD,Casual,41889.86,0.0258,592,Standard,Approve - Standard Terms,0
APP004126,2023-06-26,Test,Debt Consolidation,10500,48,Broker,VIC,Part-Time,38164.09,0.019,601,Preferred,Approve - Preferred Pricing,1
APP001194,2024-02-03,Test,Debt Consolidation,43000,60,Online,QLD,Part-Time,45968.84,0.0509,572,High Risk - Refer,Refer to Manual Underwriting,0
APP007388,2023-02-28,Test,Home Renovation,23000,48,Online,SA,Part-Time,64489.52,0.037,581,High Risk - Refer,Refer to Manual Underwriting,0
APP002108,2023-01-03,Test,Other,13000,36,Online,SA,Self-Employed,30389.17,0.0305,587,Standard,Approve - Standard Terms,0
APP003287,2024-03-07,Test,Car Purchase,10500,36,Branch,QLD,Self-Employed,103884.05,0.0229,595,Standard,Approve - Standard Terms,0
APP001362,2024-03-20,Test,Debt Consolidation,2000,24,Broker,VIC,Part-Time,46488.79,0.0906,554,Decline,Decline,1
APP006740,2023-01-22,Test,Debt Consolidation,27500,48,Branch,WA,Full-Time,50034.46,0.0394,579,High Risk - Refer,Refer to Manual Underwriting,0
APP004676,2023-11-28,Test,Debt Consolidation,32000,36,Online,VIC,Full-Time,83590.57,0.0303,587,Standard,Approve - Standard Terms,0
APP001963,2024-01-30,Test,Debt Consolidation,38000,60,Online,ACT,Full-Time,110791.79,0.0177,603,Preferred,Approve - Preferred Pricing,0
APP004957,2023-09-13,Test,Debt Consolidation,34000,48,Broker,NSW,Part-Time,32130.31,0.0319,586,Standard,Approve - Standard Terms,0
APP006868,2024-02-06,Test,Wedding,9500,36,Online,VIC,Self-Employed,122835.49,0.0245,593,Standard,Approve - Standard Terms,0
APP004775,2023-01-15,Test,Debt Consolidation,15000,60,Broker,NSW,Casual,44880.01,0.0303,587,Standard,Approve - Standard Terms,0
APP005370,2023-08-13,Test,Home Renovation,29000,48,Online,VIC,Full-Time,93918.21,0.0276,590,Standard,Approve - Standard Terms,0
APP001080,2023-02-02,Test,Debt Consolidation,46000,12,Online,NSW,Full-Time,67148.07,0.0542,570,High Risk - Refer,Refer to Manual Underwriting,0
APP007722,2023-06-22,Test,Debt Consolidation,26000,36,Branch,NSW,Full-Time,96232.99,0.0474,574,High Risk - Refer,Refer to Manual Underwriting,0
APP002466,2023-11-01,Test,Debt Consolidation,37000,24,Online,VIC,Self-Employed,61722.89,0.0245,593,Standard,Approve - Standard Terms,0
APP006516,2023-03-25,Test,Home Renovation,16500,12,Online,QLD,Full-Time,88617.28,0.0297,588,Standard,Approve - Standard Terms,0
APP004037,2024-03-23,Test,Home Renovation,44500,12,Branch,VIC,Full-Time,105297.24,0.0258,592,Standard,Approve - Standard Terms,0
APP001782,2023-05-02,Test,Debt Consolidation,12000,60,Broker,VIC,Full-Time,86602.99,0.0177,603,Preferred,Approve - Preferred Pricing,0
APP003401,2023-06-27,Test,Debt Consolidation,10000,36,Broker,VIC,Part-Time,53177.21,0.0203,599,Preferred,Approve - Preferred Pricing,0
APP001309,2023-04-12,Test,Car Purchase,13000,60,Branch,QLD,Full-Time,109968.02,0.0189,601,Preferred,Approve - Preferred Pricing,0
APP000938,2023-05-18,Test,Car Purchase,27500,24,Broker,NSW,Part-Time,64072.63,0.0254,592,Standard,Approve - Standard Terms,0
APP002523,2023-02-10,Test,Debt Consolidation,35000,36,Branch,NSW,Full-Time,64474.51,0.0344,583,High Risk - Refer,Refer to Manual Underwriting,0
APP005477,2023-12-24,Test,Other,16000,36,Branch,NSW,Casual,40674.5,0.0411,578,High Risk - Refer,Refer to Manual Underwriting,0
APP006194,2024-01-08,Test,Debt Consolidation,28000,12,Broker,SA,Full-Time,43314.37,0.0474,574,High Risk - Refer,Refer to Manual Underwriting,0
APP000416,2023-04-15,Test,Wedding,38000,36,Branch,NSW,Full-Time,134901.13,0.0276,590,Standard,Approve - Standard Terms,0
APP008461,2023-08-21,Test,Debt Consolidation,9500,12,Online,QLD,Self-Employed,74196.66,0.0305,587,Standard,Approve - Standard Terms,0
APP000389,2023-02-05,Test,Travel,40500,36,Online,QLD,Full-Time,82379.25,0.0344,583,High Risk - Refer,Refer to Manual Underwriting,0
APP001536,2023-08-24,Test,Travel,35000,60,Branch,VIC,Part-Time,25617.57,0.0203,599,Preferred,Approve - Preferred Pricing,0
APP002663,2023-08-14,Test,Travel,47000,24,Broker,VIC,Full-Time,56999.74,0.0344,583,High Risk - Refer,Refer to Manual Underwriting,0
APP001351,2023-08-13,Test,Car Purchase,8500,12,Online,VIC,Casual,36819.91,0.0258,592,Standard,Approve - Standard Terms,0
APP003544,2023-03-29,Test,Wedding,22000,36,Branch,VIC,Full-Time,52135.72,0.0177,603,Preferred,Approve - Preferred Pricing,0
APP004259,2024-02-18,Test,Home Renovation,47000,36,Branch,QLD,Self-Employed,51241.11,0.035,583,High Risk - Refer,Refer to Manual Underwriting,0
APP003218,2023-01-01,Test,Other,10000,36,Online,NSW,Full-Time,65760.85,0.1036,549,Decline,Decline,0
APP005837,2023-02-28,Test,Car Purchase,16000,48,Broker,NSW,Full-Time,15000.0,0.0562,569,High Risk - Refer,Refer to Manual Underwriting,0
APP000104,2024-03-26,Test,Debt Consolidation,29500,48,Online,QLD,Self-Employed,48013.43,0.0156,607,Premium,Approve - Premium Pricing,1
APP000838,2023-04-12,Test,Debt Consolidation,44000,48,Online,NSW,Full-Time,86306.49,0.0344,583,High Risk - Refer,Refer to Manual Underwriting,0
APP006086,2023-05-16,Test,Home Renovation,9000,12,Broker,VIC,Full-Time,72896.0,0.0258,592,Standard,Approve - Standard Terms,0
APP003661,2024-02-28,Test,Debt Consolidation,13500,36,Online,VIC,Casual,38140.79,0.0767,559,Decline,Decline,0
APP003357,2023-02-17,Test,Debt Consolidation,35000,36,Broker,QLD,Full-Time,64065.52,0.0344,583,High Risk - Refer,Refer to Manual Underwriting,0
APP000918,2023-10-25,Test,Car Purchase,21000,24,Online,NSW,Full-Time,57352.09,0.0344,583,High Risk - Refer,Refer to Manual Underwriting,0
APP001658,2023-10-30,Test,Debt Consolidation,18000,48,Broker,WA,Full-Time,40186.15,0.0623,565,Decline,Decline,0
APP003533,2023-10-28,Test,Home Renovation,21000,36,Broker,ACT,Full-Time,61355.33,0.0297,588,Standard,Approve - Standard Terms,0
APP003149,2023-05-16,Test,Debt Consolidation,17500,24,Branch,WA,Part-Time,45846.06,0.0792,558,Decline,Decline,0
APP006012,2024-03-20,Test,Debt Consolidation,25000,36,Online,SA,Full-Time,72005.72,0.0236,595,Standard,Approve - Standard Terms,0
APP006281,2023-02-25,Test,Debt Consolidation,44000,36,Branch,SA,Full-Time,32065.99,0.0276,590,Standard,Approve - Standard Terms,0
APP008160,2024-01-28,Test,Debt Consolidation,42500,12,Branch,NSW,Part-Time,38144.97,0.0326,585,Standard,Approve - Standard Terms,0
APP003381,2023-04-16,Test,Debt Consolidation,4000,48,Broker,NSW,Full-Time,59712.8,0.0227,596,Standard,Approve - Standard Terms,0
APP008551,2024-02-10,Test,Wedding,28000,12,Online,NSW,Part-Time,35269.96,0.037,581,High Risk - Refer,Refer to Manual Underwriting,0
APP007426,2023-12-26,Test,Home Renovation,9500,12,Branch,NSW,Part-Time,57529.96,0.0278,590,Standard,Approve - Standard Terms,0
APP005961,2024-01-01,Test,Car Purchase,15000,24,Online,NSW,Full-Time,56931.34,0.0303,587,Standard,Approve - Standard Terms,0
APP008916,2023-02-03,Test,Other,12500,24,Online,QLD,Self-Employed,72113.31,0.0229,595,Standard,Approve - Standard Terms,0
APP006751,2024-01-14,Test,Car Purchase,41000,12,Branch,WA,Part-Time,50242.14,0.0326,585,Standard,Approve - Standard Terms,0
APP004131,2024-01-05,Test,Debt Consolidation,3000,24,Online,WA,Full-Time,44512.32,0.0276,590,Standard,Approve - Standard Terms,0
APP008278,2023-06-22,Test,Travel,35000,24,Branch,WA,Part-Time,43999.41,0.019,601,Preferred,Approve - Preferred Pricing,0
APP004742,2024-01-25,Test,Debt Consolidation,40500,24,Online,VIC,Full-Time,80616.1,0.1036,549,Decline,Decline,0
APP004231,2023-02-03,Test,Travel,2000,12,Online,NSW,Full-Time,89767.87,0.0258,592,Standard,Approve - Standard Terms,0
APP006603,2023-07-19,Test,Car Purchase,8500,24,Online,NSW,Full-Time,41047.62,0.0435,576,High Risk - Refer,Refer to Manual Underwriting,0
APP007146,2023-07-11,Test,Debt Consolidation,3500,36,Broker,WA,Full-Time,43008.06,0.0394,579,High Risk - Refer,Refer to Manual Underwriting,0
APP000859,2024-03-10,Test,Debt Consolidation,27500,36,Branch,NSW,Full-Time,79455.83,0.0236,595,Standard,Approve - Standard Terms,0
APP005225,2023-08-02,Test,Debt Consolidation,23000,48,Broker,VIC,Full-Time,85248.44,0.0276,590,Standard,Approve - Standard Terms,0
APP003852,2023-12-01,Test,Home Renovation,35000,36,Online,NSW,Full-Time,107733.03,0.0189,601,Preferred,Approve - Preferred Pricing,0
APP000543,2023-12-03,Test,Home Renovation,19500,48,Online,WA,Full-Time,78364.68,0.0303,587,Standard,Approve - Standard Terms,0
APP004402,2023-04-08,Test,Travel,22000,60,Branch,NSW,Part-Time,50898.49,0.0254,592,Standard,Approve - Standard Terms,0
APP004239,2024-03-23,Test,Car Purchase,14000,36,Broker,NSW,Casual,52927.66,0.054,570,High Risk - Refer,Refer to Manual Underwriting,0
APP001230,2023-10-02,Test,Debt Consolidation,4000,36,Broker,NSW,Full-Time,74860.18,0.054,570,High Risk - Refer,Refer to Manual Underwriting,1
APP008525,2023-01-26,Test,Debt Consolidation,33000,12,Branch,NSW,Full-Time,108210.62,0.0236,595,Standard,Approve - Standard Terms,0
APP000776,2024-02-07,Test,Home Renovation,27500,60,Online,QLD,Self-Employed,37257.46,0.0658,564,Decline,Decline,0
APP005127,2023-04-10,Test,Car Purchase,39500,12,Broker,VIC,Self-Employed,70590.19,0.0269,591,Standard,Approve - Standard Terms,0
APP000182,2024-03-12,Test,Car Purchase,33500,12,Online,NSW,Part-Time,63169.68,0.0326,585,Standard,Approve - Standard Terms,0
APP008488,2023-11-14,Test,Other,17500,24,Broker,VIC,Full-Time,81196.38,0.0276,590,Standard,Approve - Standard Terms,0
APP004507,2023-07-27,Test,Car Purchase,49000,24,Branch,NSW,Part-Time,42242.16,0.0254,592,Standard,Approve - Standard Terms,0
APP003750,2024-02-06,Test,Home Renovation,25000,36,Online,VIC,Full-Time,101139.86,0.0236,595,Standard,Approve - Standard Terms,0
APP008020,2023-09-01,Test,Debt Consolidation,27000,36,Branch,NSW,Part-Time,25816.37,0.1898,529,Decline,Decline,1
APP008770,2024-01-23,Test,Other,18000,24,Online,WA,Full-Time,75861.25,0.0189,601,Preferred,Approve - Preferred Pricing,0
APP006885,2024-02-14,Test,Home Renovation,26000,60,Branch,NSW,Casual,34792.21,0.0258,592,Standard,Approve - Standard Terms,0
APP005090,2023-05-13,Test,Travel,29000,48,Online,NSW,Full-Time,73644.13,0.0177,603,Preferred,Approve - Preferred Pricing,0
APP001891,2023-12-11,Test,Other,36500,24,Broker,QLD,Self-Employed,88667.31,0.0167,605,Premium,Approve - Premium Pricing,0
APP005368,2023-01-05,Test,Debt Consolidation,4000,36,Broker,NSW,Part-Time,24289.86,0.1442,539,Decline,Decline,1
APP000553,2023-09-15,Test,Car Purchase,31000,24,Broker,SA,Full-Time,97402.09,0.0177,603,Preferred,Approve - Preferred Pricing,0
APP004016,2023-07-14,Test,Debt Consolidation,37000,24,Broker,VIC,Full-Time,52982.65,0.0189,601,Preferred,Approve - Preferred Pricing,0
APP004539,2023-03-09,Test,Home Renovation,30000,36,Online,WA,Part-Time,40829.78,0.0203,599,Preferred,Approve - Preferred Pricing,0
APP008733,2023-10-20,Test,Car Purchase,4000,24,Branch,WA,Self-Employed,82625.21,0.0305,587,Standard,Approve - Standard Terms,0
APP003112,2023-04-16,Test,Car Purchase,38500,60,Broker,WA,Self-Employed,57296.59,0.0229,595,Standard,Approve - Standard Terms,0
APP001009,2023-05-17,Test,Debt Consolidation,8000,36,Broker,NSW,Part-Time,51416.84,0.0364,582,High Risk - Refer,Refer to Manual Underwriting,0
APP002313,2023-03-12,Test,Debt Consolidation,4500,60,Online,QLD,Self-Employed,75890.89,0.0156,607,Premium,Approve - Premium Pricing,0
APP001548,2023-07-18,Test,Car Purchase,28000,24,Online,QLD,Full-Time,66010.44,0.054,570,High Risk - Refer,Refer to Manual Underwriting,0
APP006863,2023-06-22,Test,Debt Consolidation,23000,24,Online,TAS,Full-Time,59238.81,0.0542,570,High Risk - Refer,Refer to Manual Underwriting,0
APP001402,2023-09-27,Test,Medical,10500,36,Online,VIC,Self-Employed,97574.28,0.0167,605,Premium,Approve - Premium Pricing,0
APP000648,2024-01-25,Test,Travel,15500,48,Branch,QLD,Full-Time,76664.77,0.0177,603,Preferred,Approve - Preferred Pricing,0
APP002102,2023-03-12,Test,Other,36000,36,Online,SA,Part-Time,33926.82,0.0326,585,Standard,Approve - Standard Terms,0
APP006940,2023-07-18,Test,Home Renovation,47500,24,Branch,QLD,Part-Time,46050.38,0.0326,585,Standard,Approve - Standard Terms,0
APP006657,2023-05-22,Test,Debt Consolidation,17500,36,Online,WA,Part-Time,39020.02,0.0203,599,Preferred,Approve - Preferred Pricing,0
APP008759,2024-02-17,Test,Car Purchase,5500,24,Online,VIC,Casual,44166.83,0.0491,573,High Risk - Refer,Refer to Manual Underwriting,0
APP004335,2024-03-12,Test,Debt Consolidation,12500,12,Broker,VIC,Full-Time,15000.0,0.0394,579,High Risk - Refer,Refer to Manual Underwriting,0
APP004263,2023-04-30,Test,Other,37500,24,Broker,NSW,Full-Time,42716.22,0.0177,603,Preferred,Approve - Preferred Pricing,0
APP003285,2023-07-31,Test,Home Renovation,42000,60,Online,VIC,Self-Employed,92557.29,0.0209,598,Preferred,Approve - Preferred Pricing,0
APP003698,2023-02-04,Test,Car Purchase,33000,36,Branch,QLD,Part-Time,38979.11,0.019,601,Preferred,Approve - Preferred Pricing,0
APP000892,2024-02-14,Test,Car Purchase,26500,60,Broker,VIC,Full-Time,86166.89,0.0317,586,Standard,Approve - Standard Terms,0
APP003077,2024-01-11,Test,Debt Consolidation,37500,12,Online,VIC,Self-Employed,54977.89,0.0269,591,Standard,Approve - Standard Terms,0
APP004161,2024-02-05,Test,Home Renovation,16000,12,Online,QLD,Part-Time,46465.59,0.0319,586,Standard,Approve - Standard Terms,0
APP006871,2023-09-18,Test,Wedding,3000,36,Branch,VIC,Full-Time,119881.1,0.0236,595,Standard,Approve - Standard Terms,0
APP005758,2023-05-15,Test,Car Purchase,16500,48,Branch,NSW,Casual,36194.05,0.0474,574,High Risk - Refer,Refer to Manual Underwriting,0
APP004412,2023-06-14,Test,Wedding,16500,36,Online,VIC,Full-Time,92657.43,0.0276,590,Standard,Approve - Standard Terms,0
APP002019,2024-03-28,Test,Home Renovation,33000,24,Online,TAS,Full-Time,107509.89,0.0258,592,Standard,Approve - Standard Terms,0
APP008613,2023-07-31,Test,Home Renovation,31000,24,Online,QLD,Full-Time,88617.28,0.0227,596,Standard,Approve - Standard Terms,0
APP005723,2023-11-28,Test,Medical,4500,60,Broker,SA,Self-Employed,60882.19,0.0209,598,Preferred,Approve - Preferred Pricing,0
APP007520,2023-06-22,Test,Car Purchase,35500,36,Online,VIC,Full-Time,74935.49,0.0258,592,Standard,Approve - Standard Terms,0
APP002274,2023-10-14,Test,Car Purchase,20500,24,Broker,NSW,Full-Time,58999.71,0.0236,595,Standard,Approve - Standard Terms,0
APP006139,2023-05-16,Test,Car Purchase,12500,36,Online,QLD,Full-Time,55913.89,0.0177,603,Preferred,Approve - Preferred Pricing,0
APP008604,2023-04-19,Test,Home Renovation,19500,48,Online,NSW,Full-Time,44809.34,0.0491,573,High Risk - Refer,Refer to Manual Underwriting,0
APP006210,2023-03-09,Test,Car Purchase,21000,36,Broker,NSW,Full-Time,58102.46,0.0258,592,Standard,Approve - Standard Terms,0
APP003509,2023-03-25,Test,Home Renovation,17000,48,Online,QLD,Full-Time,87273.88,0.0177,603,Preferred,Approve - Preferred Pricing,0
APP005270,2023-03-22,Test,Travel,11000,36,Online,SA,Full-Time,117852.18,0.0189,601,Preferred,Approve - Preferred Pricing,0
APP007727,2023-03-04,Test,Home Renovation,34500,48,Online,NSW,Part-Time,28845.94,0.0424,577,High Risk - Refer,Refer to Manual Underwriting,0
APP006345,2023-11-23,Test,Wedding,30500,48,Online,VIC,Self-Employed,82265.73,0.0167,605,Premium,Approve - Premium Pricing,0
APP007065,2023-08-19,Test,Debt Consolidation,34500,48,Online,VIC,Full-Time,57400.6,0.0258,592,Standard,Approve - Standard Terms,0
APP008602,2023-12-03,Test,Debt Consolidation,31500,60,Online,WA,Casual,23123.49,0.0177,603,Premium,Approve - Premium Pricing,0
APP006563,2023-10-27,Test,Home Renovation,47000,60,Online,NSW,Self-Employed,53489.51,0.0167,605,Premium,Approve - Premium Pricing,0
APP003235,2024-02-26,Test,Travel,36500,60,Online,VIC,Casual,45767.89,0.0258,592,Standard,Approve - Standard Terms,0
APP007041,2023-10-25,Test,Travel,31500,48,Broker,SA,Self-Employed,73245.18,0.0658,564,Decline,Decline,0
APP003604,2023-11-19,Test,Debt Consolidation,38500,36,Broker,SA,Full-Time,91971.11,0.0177,603,Preferred,Approve - Preferred Pricing,0
APP002682,2023-05-17,Test,Debt Consolidation,18000,24,Broker,VIC,Full-Time,100450.42,0.0236,595,Standard,Approve - Standard Terms,0
APP008495,2024-03-10,Test,Travel,24000,60,Online,WA,Full-Time,85074.73,0.0344,583,High Risk - Refer,Refer to Manual Underwriting,0
APP003894,2023-03-06,Test,Debt Consolidation,32500,48,Online,WA,Part-Time,51035.59,0.0326,585,Standard,Approve - Standard Terms,0
APP008482,2023-04-19,Test,Medical,20000,24,Online,VIC,Casual,35070.83,0.054,570,High Risk - Refer,Refer to Manual Underwriting,0
APP007525,2023-03-30,Test,Medical,24000,12,Branch,NSW,Casual,46521.9,0.0767,559,Decline,Decline,0
APP000612,2023-09-30,Test,Other,36500,36,Broker,NSW,Self-Employed,68880.14,0.0305,587,Standard,Approve - Standard Terms,0
APP003253,2023-09-25,Test,Debt Consolidation,33000,48,Branch,NSW,Full-Time,57119.59,0.0303,587,Standard,Approve - Standard Terms,0
APP006890,2023-12-03,Test,Wedding,19000,24,Branch,NSW,Full-Time,103377.31,0.0177,603,Preferred,Approve - Preferred Pricing,0
APP001555,2023-06-29,Test,Car Purchase,41000,36,Online,SA,Part-Time,60051.96,0.0792,558,Decline,Decline,0
APP005376,2023-07-23,Test,Debt Consolidation,5500,60,Online,VIC,Full-Time,89884.39,0.0408,578,High Risk - Refer,Refer to Manual Underwriting,0
APP008494,2023-08-14,Test,Car Purchase,18000,60,Online,WA,Part-Time,55700.21,0.0261,592,Standard,Approve - Standard Terms,0
APP004355,2024-01-02,Test,Car Purchase,24500,60,Broker,NSW,Full-Time,77423.02,0.0236,595,Standard,Approve - Standard Terms,0
APP004224,2023-02-23,Test,Car Purchase,39000,36,Online,QLD,Full-Time,64476.78,0.0276,590,Standard,Approve - Standard Terms,0
APP003711,2024-02-12,Test,Home Renovation,22000,24,Branch,NSW,Full-Time,78605.28,0.0236,595,Standard,Approve - Standard Terms,0
APP005137,2023-03-17,Test,Medical,14500,36,Branch,NSW,Full-Time,61430.95,0.0258,592,Standard,Approve - Standard Terms,0
APP004567,2023-01-24,Test,Wedding,5500,60,Online,WA,Full-Time,102244.45,0.0491,573,High Risk - Refer,Refer to Manual Underwriting,0
APP007035,2023-04-21,Test,Car Purchase,7000,24,Online,NSW,Full-Time,65879.61,0.0394,579,High Risk - Refer,Refer to Manual Underwriting,0
APP002062,2023-09-01,Test,Debt Consolidation,50000,60,Broker,VIC,Full-Time,61873.74,0.0177,603,Preferred,Approve - Preferred Pricing,0
APP008878,2023-01-20,Test,Other,44500,48,Broker,VIC,Part-Time,44358.06,0.0668,563,Decline,Decline,0
APP008514,2023-07-23,Test,Debt Consolidation,33500,24,Online,VIC,Self-Employed,69862.95,0.0156,607,Premium,Approve - Premium Pricing,0
APP007190,2023-02-20,Test,Home Renovation,29000,48,Branch,WA,Self-Employed,49161.2,0.0209,598,Preferred,Approve - Preferred Pricing,0
APP008917,2024-02-07,Test,Debt Consolidation,20000,36,Broker,NSW,Full-Time,86401.07,0.0394,579,High Risk - Refer,Refer to Manual Underwriting,0
APP000527,2023-10-14,Test,Home Renovation,7000,12,Broker,VIC,Full-Time,54785.1,0.0177,603,Preferred,Approve - Preferred Pricing,0
APP003352,2023-01-19,Test,Home Renovation,6000,60,Online,QLD,Full-Time,93931.29,0.0258,592,Standard,Approve - Standard Terms,0
APP008871,2023-09-12,Test,Home Renovation,7500,24,Online,NSW,Unemployed,22254.83,0.0581,568,High Risk - Refer,Refer to Manual Underwriting,0
APP006895,2024-03-07,Test,Wedding,16500,36,Branch,NSW,Full-Time,129382.82,0.0189,601,Preferred,Approve - Preferred Pricing,0
APP003644,2023-12-10,Test,Car Purchase,36000,24,Broker,NSW,Part-Time,32906.11,0.0449,575,High Risk - Refer,Refer to Manual Underwriting,0
APP005299,2023-10-04,Test,Home Renovation,48500,12,Online,VIC,Full-Time,64588.28,0.0276,590,Standard,Approve - Standard Terms,0
APP008264,2023-06-14,Test,Car Purchase,7500,48,Broker,TAS,Full-Time,104880.36,0.0344,583,High Risk - Refer,Refer to Manual Underwriting,0
APP001233,2023-05-04,Test,Travel,27500,36,Broker,NSW,Full-Time,23585.17,0.0581,568,High Risk - Refer,Refer to Manual Underwriting,0
APP003054,2023-11-19,Test,Travel,43500,24,Online,NSW,Casual,28008.31,0.0189,601,Preferred,Approve - Preferred Pricing,0
APP003070,2023-07-14,Test,Debt Consolidation,9000,12,Online,VIC,Part-Time,36634.69,0.037,581,High Risk - Refer,Refer to Manual Underwriting,0
APP008671,2023-10-11,Test,Travel,17500,36,Online,VIC,Casual,40740.69,0.0394,579,High Risk - Refer,Refer to Manual Underwriting,0
APP005971,2023-05-25,Test,Home Renovation,29000,12,Branch,NSW,Casual,48130.76,0.0344,583,Standard,Approve - Standard Terms,0
APP008510,2024-01-31,Test,Other,2000,36,Broker,NSW,Full-Time,94067.1,0.0177,603,Preferred,Approve - Preferred Pricing,0
APP004276,2023-09-27,Test,Wedding,4500,24,Branch,NSW,Unemployed,15000.0,0.1013,550,Decline,Decline,0
APP003941,2023-12-14,Test,Travel,37000,36,Online,QLD,Self-Employed,65153.91,0.0229,595,Standard,Approve - Standard Terms,0
APP008619,2023-06-18,Test,Home Renovation,35500,60,Broker,NSW,Full-Time,110461.66,0.0297,588,Standard,Approve - Standard Terms,0
APP002534,2023-12-15,Test,Home Renovation,41000,36,Online,NSW,Full-Time,90406.84,0.0276,590,Standard,Approve - Standard Terms,0
APP006631,2023-12-23,Test,Wedding,42000,24,Broker,VIC,Full-Time,124598.07,0.0189,601,Preferred,Approve - Preferred Pricing,0
APP007836,2024-02-16,Test,Debt Consolidation,29500,12,Online,WA,Full-Time,102507.23,0.0236,595,Standard,Approve - Standard Terms,0
APP008684,2023-09-30,Test,Car Purchase,45500,36,Broker,NSW,Full-Time,87723.89,0.0189,601,Preferred,Approve - Preferred Pricing,0
APP007141,2023-12-06,Test,Debt Consolidation,23500,60,Online,WA,Part-Time,32428.12,0.058,568,High Risk - Refer,Refer to Manual Underwriting,0
APP002114,2023-04-04,Test,Debt Consolidation,45500,24,Online,NSW,Full-Time,35684.8,0.0394,579,High Risk - Refer,Refer to Manual Underwriting,0
APP000156,2023-11-15,Test,Medical,10500,60,Branch,WA,Self-Employed,46287.65,0.0699,562,Decline,Decline,0
APP007161,2023-04-15,Test,Car Purchase,49000,24,Online,NSW,Full-Time,63413.45,0.0258,592,Standard,Approve - Standard Terms,0
APP005907,2023-09-01,Test,Travel,28000,48,Online,NSW,Part-Time,34389.45,0.058,568,High Risk - Refer,Refer to Manual Underwriting,0
APP007237,2023-08-26,Test,Debt Consolidation,7500,24,Broker,VIC,Full-Time,83586.24,0.0258,592,Standard,Approve - Standard Terms,0
APP008969,2023-03-19,Test,Car Purchase,21000,12,Online,VIC,Full-Time,86000.97,0.0276,590,Standard,Approve - Standard Terms,0
APP006971,2024-03-17,Test,Home Renovation,15500,48,Branch,QLD,Full-Time,102407.2,0.0562,569,High Risk - Refer,Refer to Manual Underwriting,0
APP005208,2023-06-03,Test,Debt Consolidation,32500,36,Branch,VIC,Full-Time,100471.13,0.0177,603,Preferred,Approve - Preferred Pricing,0
APP003616,2023-12-03,Test,Home Renovation,6500,24,Online,NSW,Full-Time,88865.1,0.0491,573,High Risk - Refer,Refer to Manual Underwriting,0
APP008476,2023-02-15,Test,Car Purchase,17000,24,Online,WA,Full-Time,64196.59,0.0177,603,Preferred,Approve - Preferred Pricing,0
APP002103,2023-09-27,Test,Debt Consolidation,48500,36,Broker,QLD,Full-Time,68025.32,0.0562,569,High Risk - Refer,Refer to Manual Underwriting,0
APP004320,2023-06-07,Test,Debt Consolidation,48500,36,Online,VIC,Casual,29169.39,0.0227,596,Preferred,Approve - Preferred Pricing,1
APP008217,2024-01-14,Test,Other,49000,48,Online,NSW,Full-Time,35946.84,0.0344,583,High Risk - Refer,Refer to Manual Underwriting,0
APP005622,2023-06-21,Test,Medical,43500,48,Branch,VIC,Full-Time,46895.99,0.0581,568,High Risk - Refer,Refer to Manual Underwriting,0
APP000203,2023-08-02,Test,Medical,3000,24,Broker,VIC,Unemployed,23649.01,0.3001,512,Decline,Decline,0
APP002906,2023-05-16,Test,Wedding,11000,60,Branch,NSW,Full-Time,62804.67,0.0276,590,Standard,Approve - Standard Terms,0
APP002154,2023-10-08,Test,Home Renovation,7500,24,Online,VIC,Full-Time,49952.76,0.0189,601,Preferred,Approve - Preferred Pricing,0
APP004338,2023-07-14,Test,Car Purchase,37500,36,Broker,WA,Self-Employed,98728.44,0.0209,598,Preferred,Approve - Preferred Pricing,0
APP000196,2023-04-11,Test,Debt Consolidation,44000,12,Online,VIC,Full-Time,93859.74,0.0303,587,Standard,Approve - Standard Terms,0
APP003179,2023-11-12,Test,Car Purchase,6000,36,Online,WA,Full-Time,82261.96,0.0227,596,Standard,Approve - Standard Terms,0
APP005754,2023-01-26,Test,Home Renovation,19000,48,Online,NSW,Self-Employed,48539.64,0.048,573,High Risk - Refer,Refer to Manual Underwriting,0
APP003439,2023-07-07,Test,Travel,8000,36,Online,NSW,Full-Time,53733.86,0.0236,595,Standard,Approve - Standard Terms,0
APP003857,2024-03-20,Test,Home Renovation,37500,12,Online,NSW,Full-Time,70608.38,0.0236,595,Standard,Approve - Standard Terms,0
APP001288,2023-12-01,Test,Travel,35500,36,Branch,QLD,Full-Time,95567.36,0.0236,595,Standard,Approve - Standard Terms,0
APP006141,2023-08-21,Test,Debt Consolidation,50000,24,Broker,NSW,Full-Time,97368.49,0.0177,603,Preferred,Approve - Preferred Pricing,1
APP008322,2023-02-10,Test,Other,34500,60,Online,WA,Full-Time,78236.45,0.0258,592,Standard,Approve - Standard Terms,0
APP001096,2023-07-04,Test,Medical,11000,48,Online,WA,Unemployed,15000.0,0.1159,546,Decline,Decline,0
APP008986,2024-02-16,Test,Medical,27500,60,Broker,QLD,Full-Time,47875.34,0.0189,601,Preferred,Approve - Preferred Pricing,0
APP004882,2024-03-21,Test,Car Purchase,30500,60,Online,NSW,Full-Time,111255.59,0.0177,603,Preferred,Approve - Preferred Pricing,0
APP005732,2024-01-28,Test,Car Purchase,3500,60,Online,WA,Full-Time,56533.03,0.0344,583,High Risk - Refer,Refer to Manual Underwriting,0
APP006173,2023-02-25,Test,Debt Consolidation,26000,24,Broker,SA,Self-Employed,69247.72,0.0305,587,Standard,Approve - Standard Terms,0
APP006914,2023-08-26,Test,Home Renovation,7000,48,Online,NSW,Full-Time,89235.42,0.0189,601,Preferred,Approve - Preferred Pricing,0
APP000318,2024-01-19,Test,Home Renovation,17500,48,Online,NSW,Full-Time,109207.14,0.0177,603,Preferred,Approve - Preferred Pricing,0
APP006827,2023-08-29,Test,Home Renovation,7000,36,Broker,SA,Full-Time,82443.99,0.0227,596,Standard,Approve - Standard Terms,0
APP005553,2023-11-04,Test,Other,18500,48,Broker,VIC,Full-Time,99266.21,0.0177,603,Preferred,Approve - Preferred Pricing,0
APP000582,2024-03-21,Test,Debt Consolidation,38000,60,Broker,QLD,Casual,50204.08,0.0344,583,Standard,Approve - Standard Terms,0
APP001973,2023-06-30,Test,Travel,37500,36,Broker,NSW,Full-Time,88664.03,0.0303,587,Standard,Approve - Standard Terms,0
APP003636,2023-09-25,Test,Debt Consolidation,2500,12,Branch,QLD,Full-Time,144085.51,0.0189,601,Preferred,Approve - Preferred Pricing,0
APP008191,2023-04-17,Test,Car Purchase,46000,24,Branch,QLD,Full-Time,78448.06,0.0474,574,High Risk - Refer,Refer to Manual Underwriting,0
APP007639,2023-04-30,Test,Other,44000,36,Broker,VIC,Part-Time,35353.89,0.0254,592,Standard,Approve - Standard Terms,0
APP000930,2023-09-10,Test,Medical,8500,24,Online,NSW,Full-Time,73444.29,0.0344,583,High Risk - Refer,Refer to Manual Underwriting,0
APP002064,2023-11-15,Test,Debt Consolidation,32500,24,Broker,NSW,Self-Employed,75552.32,0.0371,581,High Risk - Refer,Refer to Manual Underwriting,0
APP004680,2023-04-09,Test,Car Purchase,36500,12,Broker,WA,Full-Time,96496.92,0.0177,603,Preferred,Approve - Preferred Pricing,0
APP006889,2023-06-07,Test,Travel,5500,36,Online,VIC,Full-Time,112114.17,0.0258,592,Standard,Approve - Standard Terms,0
APP008265,2023-06-14,Test,Other,17500,36,Branch,SA,Full-Time,85427.59,0.0177,603,Preferred,Approve - Preferred Pricing,0
APP004345,2023-03-26,Test,Medical,37500,60,Broker,QLD,Full-Time,73211.74,0.0258,592,Standard,Approve - Standard Terms,0
APP001635,2023-06-13,Test,Debt Consolidation,25500,24,Online,QLD,Full-Time,60946.31,0.0348,583,High Risk - Refer,Refer to Manual Underwriting,0
APP005807,2024-03-04,Test,Medical,22500,48,Online,VIC,Full-Time,74217.54,0.0618,566,Decline,Decline,0
APP003641,2024-02-17,Test,Car Purchase,28000,60,Online,SA,Full-Time,108015.51,0.0562,569,High Risk - Refer,Refer to Manual Underwriting,0
APP000352,2023-11-06,Test,Travel,12500,12,Online,VIC,Part-Time,33278.49,0.0278,590,Standard,Approve - Standard Terms,0
APP007795,2023-05-19,Test,Debt Consolidation,48000,12,Branch,QLD,Full-Time,100932.1,0.0236,595,Standard,Approve - Standard Terms,0
APP005698,2024-03-29,Test,Debt Consolidation,10500,48,Online,NSW,Full-Time,68637.08,0.0189,601,Preferred,Approve - Preferred Pricing,0
APP001996,2024-02-28,Test,Debt Consolidation,36500,60,Online,NSW,Full-Time,60222.95,0.0344,583,High Risk - Refer,Refer to Manual Underwriting,0
APP008621,2023-05-27,Test,Home Renovation,23500,48,Online,QLD,Casual,38613.15,0.0258,592,Standard,Approve - Standard Terms,0
APP004668,2023-04-14,Test,Home Renovation,8000,48,Branch,NSW,Part-Time,48434.94,0.0528,570,High Risk - Refer,Refer to Manual Underwriting,0
APP001204,2024-03-12,Test,Debt Consolidation,44500,48,Online,WA,Full-Time,85453.26,0.0418,578,High Risk - Refer,Refer to Manual Underwriting,0
APP002609,2023-01-24,Test,Debt Consolidation,44000,60,Broker,VIC,Unemployed,15000.0,0.2029,527,Decline,Decline,0
APP004577,2023-08-05,Test,Wedding,35000,36,Broker,QLD,Full-Time,101178.09,0.054,570,High Risk - Refer,Refer to Manual Underwriting,0
APP000085,2024-01-25,Test,Debt Consolidation,33000,36,Online,WA,Full-Time,69263.76,0.0236,595,Standard,Approve - Standard Terms,0
APP002580,2023-03-31,Test,Medical,42500,60,Online,NSW,Full-Time,83302.85,0.0189,601,Preferred,Approve - Preferred Pricing,0
APP001170,2023-05-18,Test,Debt Consolidation,39500,12,Online,NSW,Casual,15000.0,0.0433,576,High Risk - Refer,Refer to Manual Underwriting,0
APP008983,2023-08-02,Test,Home Renovation,46000,36,Online,ACT,Part-Time,52384.32,0.0326,585,Standard,Approve - Standard Terms,0
APP005184,2023-11-27,Test,Car Purchase,48500,12,Online,SA,Full-Time,73920.11,0.0236,595,Standard,Approve - Standard Terms,0
APP004707,2023-06-29,Test,Debt Consolidation,11500,24,Broker,VIC,Full-Time,54031.79,0.0177,603,Preferred,Approve - Preferred Pricing,0
APP002069,2023-03-17,Test,Wedding,41500,24,Branch,QLD,Full-Time,70995.75,0.0227,596,Standard,Approve - Standard Terms,0
APP006950,2023-05-20,Test,Home Renovation,21000,36,Broker,NSW,Full-Time,90240.97,0.1785,531,Decline,Decline,0
APP002952,2023-08-13,Test,Car Purchase,7500,60,Broker,SA,Full-Time,69421.37,0.0236,595,Standard,Approve - Standard Terms,0
APP005492,2024-02-08,Test,Debt Consolidation,16500,48,Branch,QLD,Part-Time,64313.12,0.0203,599,Preferred,Approve - Preferred Pricing,0
APP000699,2023-09-21,Test,Medical,25500,12,Branch,NT,Self-Employed,65315.35,0.0289,588,Standard,Approve - Standard Terms,0
APP006599,2023-06-29,Test,Car Purchase,8500,36,Online,QLD,Full-Time,73724.39,0.0236,595,Standard,Approve - Standard Terms,0
APP002722,2023-06-13,Test,Medical,35500,36,Branch,QLD,Full-Time,49011.73,0.0297,588,Standard,Approve - Standard Terms,0
APP005956,2024-03-13,Test,Wedding,23000,48,Online,VIC,Full-Time,76564.78,0.0433,576,High Risk - Refer,Refer to Manual Underwriting,0
APP006085,2023-09-26,Test,Debt Consolidation,17000,60,Online,QLD,Full-Time,83533.79,0.0344,583,High Risk - Refer,Refer to Manual Underwriting,0
APP004761,2023-01-30,Test,Wedding,27500,12,Online,NSW,Full-Time,62333.98,0.0236,595,Standard,Approve - Standard Terms,0
APP000963,2023-06-24,Test,Debt Consolidation,48000,24,Online,VIC,Casual,24694.1,0.0317,586,Standard,Approve - Standard Terms,0
APP004931,2023-05-29,Test,Car Purchase,31000,36,Branch,QLD,Full-Time,62784.55,0.0344,583,High Risk - Refer,Refer to Manual Underwriting,0
APP003848,2023-05-16,Test,Home Renovation,34500,36,Branch,VIC,Full-Time,58785.51,0.0344,583,High Risk - Refer,Refer to Manual Underwriting,0
APP008481,2024-01-31,Test,Car Purchase,25000,36,Online,VIC,Part-Time,38040.18,0.0639,565,Decline,Decline,0
APP002560,2023-11-12,Test,Car Purchase,28500,48,Online,QLD,Full-Time,117002.02,0.0595,567,High Risk - Refer,Refer to Manual Underwriting,0
APP003058,2023-12-03,Test,Car Purchase,49500,12,Online,NSW,Full-Time,55896.9,0.0258,592,Standard,Approve - Standard Terms,0
APP004588,2023-02-04,Test,Home Renovation,8000,36,Online,NSW,Part-Time,18185.51,0.0424,577,High Risk - Refer,Refer to Manual Underwriting,0
APP006147,2024-02-14,Test,Other,15000,36,Online,QLD,Full-Time,144085.51,0.0276,590,Standard,Approve - Standard Terms,0
APP000377,2023-11-01,Test,Other,29000,36,Broker,NSW,Self-Employed,47195.44,0.0156,607,Premium,Approve - Premium Pricing,0
APP002567,2024-02-06,Test,Wedding,47000,36,Online,NSW,Part-Time,33626.53,0.019,601,Preferred,Approve - Preferred Pricing,0
APP005336,2023-09-01,Test,Car Purchase,46500,24,Broker,VIC,Part-Time,32931.04,0.037,581,High Risk - Refer,Refer to Manual Underwriting,0
APP001779,2024-02-16,Test,Debt Consolidation,17000,60,Broker,VIC,Full-Time,65800.73,0.0177,603,Preferred,Approve - Preferred Pricing,0
APP007569,2024-01-19,Test,Medical,38500,36,Branch,NSW,Part-Time,67849.84,0.019,601,Preferred,Approve - Preferred Pricing,0
APP001661,2023-12-20,Test,Debt Consolidation,22500,36,Branch,QLD,Full-Time,78523.65,0.0227,596,Standard,Approve - Standard Terms,0
APP004750,2024-01-02,Test,Medical,12500,48,Online,QLD,Full-Time,65780.23,0.0177,603,Preferred,Approve - Preferred Pricing,0
APP002903,2023-07-30,Test,Debt Consolidation,15000,48,Branch,QLD,Part-Time,47376.61,0.0326,585,Standard,Approve - Standard Terms,0
APP004888,2023-01-12,Test,Home Renovation,41500,48,Branch,VIC,Self-Employed,74808.05,0.0229,595,Standard,Approve - Standard Terms,0
APP002137,2024-03-08,Test,Travel,16500,36,Online,VIC,Full-Time,103897.02,0.0243,594,Standard,Approve - Standard Terms,0
APP000658,2023-01-04,Test,Home Renovation,36000,36,Broker,SA,Full-Time,91886.24,0.0258,592,Standard,Approve - Standard Terms,0
APP001684,2023-05-05,Test,Wedding,11000,48,Broker,WA,Full-Time,48671.65,0.0189,601,Preferred,Approve - Preferred Pricing,0
APP005763,2023-03-01,Test,Debt Consolidation,34500,60,Online,QLD,Part-Time,43310.47,0.0278,590,Standard,Approve - Standard Terms,0
APP005522,2023-04-13,Test,Car Purchase,29000,24,Broker,NSW,Full-Time,75359.73,0.0433,576,High Risk - Refer,Refer to Manual Underwriting,1
APP004112,2023-05-30,Test,Home Renovation,30000,48,Branch,NSW,Full-Time,70207.73,0.1036,549,Decline,Decline,0
APP001740,2023-06-13,Test,Home Renovation,3500,48,Online,QLD,Full-Time,46996.97,0.0845,556,Decline,Decline,1
APP007649,2024-01-31,Test,Home Renovation,35500,60,Online,NSW,Casual,24199.63,0.0738,560,Decline,Decline,0
APP001341,2023-07-02,Test,Travel,23500,36,Branch,VIC,Part-Time,51411.96,0.0623,565,Decline,Decline,0
APP008647,2023-06-13,Test,Debt Consolidation,21500,24,Branch,SA,Casual,53596.32,0.0673,563,Decline,Decline,0
APP006718,2023-03-29,Test,Debt Consolidation,36000,48,Broker,QLD,Casual,37189.23,0.0303,587,Standard,Approve - Standard Terms,0
APP001797,2023-04-06,Test,Car Purchase,21500,60,Online,QLD,Part-Time,49853.7,0.037,581,High Risk - Refer,Refer to Manual Underwriting,0
APP000691,2023-07-29,Test,Other,47000,24,Branch,VIC,Full-Time,63782.89,0.0177,603,Preferred,Approve - Preferred Pricing,0
APP005786,2023-09-14,Test,Home Renovation,12000,24,Online,NSW,Casual,25117.5,0.0227,596,Preferred,Approve - Preferred Pricing,0
APP003947,2023-10-07,Test,Debt Consolidation,7500,36,Online,QLD,Casual,50555.33,0.0303,587,Standard,Approve - Standard Terms,0
APP005158,2023-04-16,Test,Debt Consolidation,26500,48,Broker,NSW,Full-Time,64342.84,0.0303,587,Standard,Approve - Standard Terms,0
APP007027,2023-06-20,Test,Medical,5000,36,Online,VIC,Full-Time,81744.43,0.1036,549,Decline,Decline,1
APP008837,2023-01-31,Test,Home Renovation,35500,48,Branch,NSW,Part-Time,31454.05,0.0203,599,Preferred,Approve - Preferred Pricing,1
APP005019,2023-11-18,Test,Other,47500,12,Broker,QLD,Casual,48650.72,0.0595,567,High Risk - Refer,Refer to Manual Underwriting,0
APP005350,2023-08-13,Test,Travel,34500,24,Online,NSW,Self-Employed,47640.17,0.0305,587,Standard,Approve - Standard Terms,0
APP003598,2023-12-16,Test,Wedding,29500,48,Online,SA,Casual,35164.37,0.0767,559,Decline,Decline,0
APP002272,2023-08-02,Test,Car Purchase,18500,36,Online,WA,Full-Time,37727.5,0.0344,583,High Risk - Refer,Refer to Manual Underwriting,0
APP002973,2024-03-23,Test,Debt Consolidation,43500,36,Online,WA,Self-Employed,49626.95,0.0305,587,Standard,Approve - Standard Terms,0
APP002060,2023-06-18,Test,Travel,16000,12,Online,NSW,Full-Time,74290.22,0.0177,603,Preferred,Approve - Preferred Pricing,0
APP001414,2024-01-31,Test,Car Purchase,19500,48,Branch,VIC,Unemployed,24450.11,0.1085,548,Decline,Decline,0
APP008149,2023-12-22,Test,Home Renovation,41500,60,Broker,SA,Casual,26830.71,0.0767,559,Decline,Decline,0
APP008260,2023-11-04,Test,Travel,34000,36,Broker,QLD,Full-Time,70200.43,0.0258,592,Standard,Approve - Standard Terms,0
APP004363,2023-05-03,Test,Debt Consolidation,18000,12,Branch,NSW,Full-Time,88640.08,0.0189,601,Preferred,Approve - Preferred Pricing,0
APP008019,2023-09-05,Test,Other,21500,24,Online,NSW,Part-Time,53147.29,0.0203,599,Preferred,Approve - Preferred Pricing,0
APP004051,2023-03-22,Test,Medical,17000,24,Online,VIC,Full-Time,46347.52,0.0177,603,Preferred,Approve - Preferred Pricing,0
APP001860,2023-11-01,Test,Wedding,26500,48,Online,NSW,Full-Time,89227.95,0.0177,603,Preferred,Approve - Preferred Pricing,0
APP000966,2023-03-31,Test,Wedding,38000,36,Branch,VIC,Part-Time,44268.9,0.0203,599,Preferred,Approve - Preferred Pricing,0
APP003387,2023-08-12,Test,Wedding,36000,36,Branch,NSW,Full-Time,93664.22,0.0258,592,Standard,Approve - Standard Terms,0
APP008606,2023-07-03,Test,Travel,14500,24,Online,WA,Self-Employed,49161.2,0.0421,577,High Risk - Refer,Refer to Manual Underwriting,0
APP001360,2023-02-15,Test,Other,45000,36,Branch,NSW,Full-Time,83398.4,0.0317,586,Standard,Approve - Standard Terms,1
APP008534,2023-08-11,Test,Car Purchase,16500,36,Online,QLD,Full-Time,69702.58,0.0481,573,High Risk - Refer,Refer to Manual Underwriting,0
APP005240,2023-08-10,Test,Car Purchase,28500,36,Branch,WA,Casual,47055.03,0.0177,603,Premium,Approve - Premium Pricing,1
APP001530,2023-11-08,Test,Car Purchase,42000,60,Online,WA,Full-Time,64744.75,0.0344,583,High Risk - Refer,Refer to Manual Underwriting,0
APP003471,2023-01-25,Test,Home Renovation,35000,36,Broker,VIC,Full-Time,24204.9,0.0177,603,Preferred,Approve - Preferred Pricing,1
APP007130,2023-03-15,Test,Travel,49500,24,Online,NSW,Self-Employed,80044.21,0.0209,598,Preferred,Approve - Preferred Pricing,0
APP005752,2024-02-11,Test,Home Renovation,13000,36,Online,VIC,Part-Time,43967.58,0.037,581,High Risk - Refer,Refer to Manual Underwriting,0
APP005337,2023-03-18,Test,Wedding,22500,24,Branch,VIC,Full-Time,86307.6,0.0177,603,Preferred,Approve - Preferred Pricing,0
APP003407,2023-02-23,Test,Other,19000,60,Branch,QLD,Full-Time,106805.92,0.0258,592,Standard,Approve - Standard Terms,0
APP007893,2023-08-03,Test,Home Renovation,26500,60,Online,QLD,Self-Employed,30183.86,0.161,535,Decline,Decline,0
APP005908,2023-05-06,Test,Debt Consolidation,8500,48,Online,VIC,Self-Employed,63912.81,0.0156,607,Premium,Approve - Premium Pricing,0
APP008970,2023-11-06,Test,Car Purchase,32500,24,Online,NSW,Full-Time,98297.03,0.0344,583,High Risk - Refer,Refer to Manual Underwriting,0
APP005701,2023-08-05,Test,Car Purchase,47500,24,Online,NSW,Full-Time,54246.8,0.0303,587,Standard,Approve - Standard Terms,0
APP007253,2024-01-18,Test,Home Renovation,6500,36,Broker,QLD,Full-Time,87746.65,0.0227,596,Standard,Approve - Standard Terms,0
APP007419,2023-06-13,Test,Debt Consolidation,44500,36,Broker,VIC,Full-Time,78284.77,0.054,570,High Risk - Refer,Refer to Manual Underwriting,0
APP000332,2023-02-23,Test,Wedding,15000,24,Broker,VIC,Full-Time,73327.29,0.0562,569,High Risk - Refer,Refer to Manual Underwriting,0
APP002399,2024-03-11,Test,Debt Consolidation,30500,60,Online,VIC,Full-Time,89180.85,0.0236,595,Standard,Approve - Standard Terms,0
APP006383,2024-01-01,Test,Travel,45500,36,Branch,NSW,Full-Time,99316.32,0.0276,590,Standard,Approve - Standard Terms,0
APP004531,2023-05-22,Test,Debt Consolidation,19000,24,Broker,WA,Part-Time,33497.34,0.0278,590,Standard,Approve - Standard Terms,0
APP007114,2023-02-21,Test,Car Purchase,49000,60,Broker,WA,Full-Time,60763.3,0.0344,583,High Risk - Refer,Refer to Manual Underwriting,0
APP005944,2023-04-22,Test,Home Renovation,17500,36,Branch,QLD,Full-Time,71906.18,0.0227,596,Standard,Approve - Standard Terms,0
APP003527,2023-04-26,Test,Travel,8500,60,Branch,WA,Full-Time,55856.32,0.1062,549,Decline,Decline,0
APP003563,2023-06-10,Test,Car Purchase,32500,36,Branch,VIC,Self-Employed,89735.8,0.0209,598,Preferred,Approve - Preferred Pricing,0
APP004665,2023-06-06,Test,Other,10500,36,Online,SA,Full-Time,68728.68,0.0297,588,Standard,Approve - Standard Terms,0
APP007262,2023-12-11,Test,Car Purchase,23500,24,Online,NSW,Full-Time,73081.04,0.0258,592,Standard,Approve - Standard Terms,0
APP001933,2024-01-25,Test,Wedding,13500,60,Online,QLD,Part-Time,36846.61,0.0424,577,High Risk - Refer,Refer to Manual Underwriting,0
APP004222,2023-06-21,Test,Home Renovation,42000,12,Online,SA,Part-Time,40661.77,0.0823,557,Decline,Decline,0
APP008637,2024-01-19,Test,Car Purchase,4000,24,Online,NSW,Casual,40674.5,0.0326,585,Standard,Approve - Standard Terms,0
APP007308,2023-06-03,Test,Travel,33000,36,Broker,NSW,Full-Time,37674.71,0.0474,574,High Risk - Refer,Refer to Manual Underwriting,0
APP007410,2023-05-05,Test,Wedding,36500,60,Online,ACT,Casual,39121.29,0.0344,583,Standard,Approve - Standard Terms,0
APP008832,2023-05-20,Test,Car Purchase,4500,36,Online,SA,Full-Time,53277.97,0.0344,583,High Risk - Refer,Refer to Manual Underwriting,0
APP002210,2023-02-17,Test,Travel,41000,36,Online,WA,Full-Time,123307.48,0.0177,603,Preferred,Approve - Preferred Pricing,0
APP000707,2024-02-05,Test,Debt Consolidation,33000,48,Branch,WA,Part-Time,31511.74,0.0203,599,Preferred,Approve - Preferred Pricing,0
APP004050,2023-03-29,Test,Debt Consolidation,40000,60,Online,WA,Full-Time,106836.49,0.0227,596,Standard,Approve - Standard Terms,0
APP007297,2023-04-09,Test,Car Purchase,18500,36,Branch,VIC,Full-Time,55069.74,0.0258,592,Standard,Approve - Standard Terms,0
APP004827,2023-06-24,Test,Debt Consolidation,10500,48,Online,QLD,Full-Time,64217.09,0.0177,603,Preferred,Approve - Preferred Pricing,0
APP006292,2023-10-13,Test,Travel,10500,36,Online,QLD,Self-Employed,89164.76,0.048,573,High Risk - Refer,Refer to Manual Underwriting,0
APP004651,2024-03-22,Test,Car Purchase,38000,12,Branch,NSW,Part-Time,29750.84,0.037,581,High Risk - Refer,Refer to Manual Underwriting,0
APP004999,2024-02-10,Test,Car Purchase,45500,36,Broker,ACT,Full-Time,60928.23,0.0258,592,Standard,Approve - Standard Terms,0
APP004478,2023-12-15,Test,Wedding,6000,48,Broker,QLD,Full-Time,55374.15,0.0394,579,High Risk - Refer,Refer to Manual Underwriting,0
APP000530,2024-02-07,Test,Debt Consolidation,35500,36,Broker,VIC,Full-Time,101785.85,0.0236,595,Standard,Approve - Standard Terms,0
APP001226,2023-04-13,Test,Travel,4000,60,Online,NSW,Self-Employed,68461.67,0.0245,593,Standard,Approve - Standard Terms,0
APP004421,2023-04-22,Test,Other,12500,24,Branch,SA,Part-Time,61408.08,0.0254,592,Standard,Approve - Standard Terms,0
APP008982,2023-01-02,Test,Travel,22000,36,Online,NSW,Full-Time,113582.06,0.0344,583,High Risk - Refer,Refer to Manual Underwriting,0
APP006080,2023-08-08,Test,Wedding,40500,12,Broker,VIC,Full-Time,83029.36,0.0177,603,Preferred,Approve - Preferred Pricing,0
APP001898,2023-09-11,Test,Car Purchase,37000,48,Branch,SA,Full-Time,51435.73,0.0297,588,Standard,Approve - Standard Terms,0
APP007652,2023-07-07,Test,Travel,29000,36,Online,VIC,Part-Time,57088.43,0.019,601,Preferred,Approve - Preferred Pricing,0
APP007353,2023-12-14,Test,Car Purchase,22000,60,Branch,VIC,Full-Time,83958.24,0.0344,583,High Risk - Refer,Refer to Manual Underwriting,1
APP007799,2024-01-22,Test,Travel,25000,36,Online,NT,Full-Time,52962.93,0.0258,592,Standard,Approve - Standard Terms,0
APP001409,2023-01-02,Test,Wedding,6500,60,Branch,VIC,Full-Time,115424.81,0.0303,587,Standard,Approve - Standard Terms,0
APP000195,2023-09-16,Test,Debt Consolidation,5000,12,Online,QLD,Full-Time,81548.25,0.0189,601,Preferred,Approve - Preferred Pricing,0
APP005136,2023-09-02,Test,Other,47000,36,Branch,VIC,Unemployed,15000.0,0.1542,536,Decline,Decline,0
APP008875,2023-12-21,Test,Debt Consolidation,21000,48,Branch,VIC,Part-Time,55316.05,0.019,601,Preferred,Approve - Preferred Pricing,0
APP006736,2023-09-24,Test,Home Renovation,18500,24,Branch,SA,Full-Time,68380.69,0.0394,579,High Risk - Refer,Refer to Manual Underwriting,0
APP004399,2024-01-13,Test,Medical,23000,36,Online,WA,Casual,44195.89,0.0474,574,High Risk - Refer,Refer to Manual Underwriting,0
APP002751,2024-01-15,Test,Debt Consolidation,42500,36,Online,WA,Full-Time,49967.59,0.0189,601,Preferred,Approve - Preferred Pricing,0
APP004862,2024-03-17,Test,Travel,29500,24,Branch,VIC,Self-Employed,70325.0,0.0201,599,Preferred,Approve - Preferred Pricing,0
APP000588,2023-09-01,Test,Home Renovation,27500,36,Branch,QLD,Part-Time,30302.19,0.037,581,High Risk - Refer,Refer to Manual Underwriting,0
APP003306,2024-01-04,Test,Debt Consolidation,44000,24,Online,QLD,Full-Time,58791.43,0.0394,579,High Risk - Refer,Refer to Manual Underwriting,0
APP002230,2024-03-26,Test,Debt Consolidation,21000,36,Broker,NSW,Full-Time,64196.46,0.0394,579,High Risk - Refer,Refer to Manual Underwriting,0
APP004958,2023-05-14,Test,Other,8000,24,Branch,SA,Part-Time,44910.02,0.037,581,High Risk - Refer,Refer to Manual Underwriting,0
APP002143,2023-09-25,Test,Travel,18000,48,Broker,NSW,Full-Time,56714.14,0.0394,579,High Risk - Refer,Refer to Manual Underwriting,0
APP006663,2023-10-31,Test,Home Renovation,11000,60,Branch,VIC,Full-Time,63152.63,0.0344,583,High Risk - Refer,Refer to Manual Underwriting,0
APP007148,2023-07-24,Test,Home Renovation,45000,24,Broker,VIC,Full-Time,75938.66,0.0236,595,Standard,Approve - Standard Terms,0
APP005061,2023-07-09,Test,Home Renovation,22000,36,Broker,VIC,Casual,29467.99,0.0542,570,High Risk - Refer,Refer to Manual Underwriting,0
APP004791,2023-10-24,Test,Travel,24500,48,Branch,QLD,Full-Time,111268.87,0.0258,592,Standard,Approve - Standard Terms,0
APP001935,2023-09-24,Test,Car Purchase,42000,60,Online,NSW,Full-Time,75560.45,0.0227,596,Standard,Approve - Standard Terms,0
APP002590,2023-12-11,Test,Debt Consolidation,46000,48,Broker,VIC,Casual,41437.88,0.0491,573,High Risk - Refer,Refer to Manual Underwriting,0
APP004699,2023-02-15,Test,Car Purchase,13000,24,Online,TAS,Full-Time,60363.24,0.0177,603,Preferred,Approve - Preferred Pricing,0
APP006174,2023-04-18,Test,Medical,39000,48,Online,VIC,Full-Time,125786.96,0.0189,601,Preferred,Approve - Preferred Pricing,0
APP002510,2024-01-07,Test,Car Purchase,10500,36,Online,QLD,Part-Time,15000.0,0.0424,577,High Risk - Refer,Refer to Manual Underwriting,0
APP008618,2023-03-02,Test,Home Renovation,23000,24,Branch,NSW,Full-Time,67170.11,0.0562,569,High Risk - Refer,Refer to Manual Underwriting,0
APP004546,2023-03-25,Test,Car Purchase,41000,48,Online,NSW,Casual,18320.92,0.0433,576,High Risk - Refer,Refer to Manual Underwriting,0
APP000743,2023-10-27,Test,Home Renovation,19500,24,Online,QLD,Casual,33134.43,0.0362,582,High Risk - Refer,Refer to Manual Underwriting,0
APP002118,2023-11-08,Test,Travel,11000,60,Branch,WA,Part-Time,74675.01,0.0245,593,Standard,Approve - Standard Terms,0
APP008031,2023-04-20,Test,Car Purchase,16000,12,Broker,QLD,Full-Time,66314.71,0.0408,578,High Risk - Refer,Refer to Manual Underwriting,0
APP008327,2023-03-19,Test,Car Purchase,17500,48,Online,WA,Full-Time,121535.15,0.0189,601,Preferred,Approve - Preferred Pricing,0
APP008887,2023-12-01,Test,Car Purchase,23000,24,Online,QLD,Part-Time,34623.44,0.0424,577,High Risk - Refer,Refer to Manual Underwriting,0
APP003707,2023-05-09,Test,Travel,10500,60,Branch,WA,Self-Employed,33669.13,0.0156,607,Premium,Approve - Premium Pricing,0
APP001596,2023-08-23,Test,Debt Consolidation,30000,60,Broker,QLD,Self-Employed,91548.87,0.0215,597,Preferred,Approve - Preferred Pricing,0
APP002884,2023-12-18,Test,Car Purchase,32000,12,Broker,VIC,Full-Time,57866.99,0.0276,590,Standard,Approve - Standard Terms,0
APP006069,2024-03-30,Test,Debt Consolidation,40000,36,Online,VIC,Full-Time,91457.0,0.0276,590,Standard,Approve - Standard Terms,0
APP001918,2023-05-12,Test,Home Renovation,45500,48,Online,VIC,Self-Employed,54392.0,0.0167,605,Premium,Approve - Premium Pricing,0
APP005903,2023-01-06,Test,Debt Consolidation,8500,48,Online,QLD,Part-Time,46158.06,0.0326,585,Standard,Approve - Standard Terms,0
APP003124,2023-07-25,Test,Car Purchase,47000,36,Online,QLD,Full-Time,81060.08,0.0243,594,Standard,Approve - Standard Terms,0
APP000676,2023-09-12,Test,Debt Consolidation,38000,36,Online,QLD,Full-Time,73577.25,0.0177,603,Preferred,Approve - Preferred Pricing,0
APP007418,2023-11-20,Test,Home Renovation,6000,48,Online,VIC,Full-Time,32970.07,0.0177,603,Preferred,Approve - Preferred Pricing,0
APP004697,2023-10-22,Test,Debt Consolidation,43500,48,Online,NSW,Part-Time,39707.49,0.037,581,High Risk - Refer,Refer to Manual Underwriting,0
APP005128,2023-08-31,Test,Travel,15000,48,Branch,QLD,Self-Employed,54725.44,0.035,583,High Risk - Refer,Refer to Manual Underwriting,0
APP006842,2023-06-18,Test,Travel,13500,12,Online,VIC,Self-Employed,73437.65,0.0305,587,Standard,Approve - Standard Terms,0
APP007033,2023-12-14,Test,Travel,16000,36,Online,NSW,Full-Time,108082.62,0.0177,603,Preferred,Approve - Preferred Pricing,0
APP003900,2024-02-05,Test,Wedding,16500,60,Online,NSW,Casual,40769.09,0.0394,579,High Risk - Refer,Refer to Manual Underwriting,0
APP006010,2024-02-03,Test,Wedding,24000,24,Online,VIC,Full-Time,68347.99,0.0258,592,Standard,Approve - Standard Terms,0
APP007077,2023-06-29,Test,Other,26500,36,Branch,NSW,Full-Time,48024.88,0.0177,603,Preferred,Approve - Preferred Pricing,0
APP001642,2023-01-12,Test,Car Purchase,12500,24,Online,NSW,Full-Time,44212.06,0.0276,590,Standard,Approve - Standard Terms,0
APP005640,2023-06-18,Test,Home Renovation,11000,24,Online,VIC,Self-Employed,34111.43,0.0554,569,High Risk - Refer,Refer to Manual Underwriting,0
APP003291,2023-01-08,Test,Car Purchase,36500,24,Online,WA,Full-Time,73467.29,0.0177,603,Preferred,Approve - Preferred Pricing,0
APP006535,2023-03-04,Test,Car Purchase,49000,12,Branch,QLD,Casual,31936.43,0.1784,531,Decline,Decline,0
APP002241,2023-05-08,Test,Debt Consolidation,43000,12,Broker,QLD,Full-Time,38449.41,0.0845,556,Decline,Decline,0
APP008782,2023-12-11,Test,Car Purchase,14500,24,Branch,NSW,Part-Time,39707.49,0.0438,576,High Risk - Refer,Refer to Manual Underwriting,0
APP008250,2024-01-17,Test,Car Purchase,20000,24,Online,NSW,Full-Time,117026.47,0.0344,583,High Risk - Refer,Refer to Manual Underwriting,0
APP001189,2023-03-28,Test,Car Purchase,28500,36,Broker,SA,Full-Time,92826.98,0.0258,592,Standard,Approve - Standard Terms,0
APP006799,2023-04-15,Test,Debt Consolidation,37500,60,Branch,WA,Full-Time,114471.86,0.0177,603,Preferred,Approve - Preferred Pricing,0
APP000291,2023-12-27,Test,Debt Consolidation,19000,36,Branch,TAS,Full-Time,95333.7,0.0258,592,Standard,Approve - Standard Terms,0
APP006305,2023-08-09,Test,Travel,16500,36,Online,WA,Full-Time,77624.68,0.0784,558,Decline,Decline,0
APP006552,2023-09-06,Test,Wedding,15000,36,Broker,NSW,Full-Time,81003.13,0.0768,559,Decline,Decline,0
APP002067,2024-03-08,Test,Other,4000,36,Online,VIC,Full-Time,83096.57,0.0276,590,Standard,Approve - Standard Terms,0
APP000951,2023-08-16,Test,Other,48500,24,Branch,QLD,Full-Time,98230.98,0.0276,590,Standard,Approve - Standard Terms,0
APP001712,2024-03-29,Test,Travel,13000,36,Broker,NSW,Full-Time,87371.36,0.0189,601,Preferred,Approve - Preferred Pricing,0
