app_id,customer_id,applicant_info,application_date,age,state,product,employment_status,annual_income,requested_amount,approved_amount,term,bureau_score,dpd_m1,dpd_m2,dpd_m3,dpd_m4,dpd_m5,dpd_m6,default_flag
APP-0807,CUS-0148,Mia Singh | 1981-04-09,2024-12-19,43,qld,PL,Full-time,73300,24000,24000,36 months,707,0,0,0,0,0,0,0
APP-0955,CUS-0919,Grace Brown | 1987-01-26,08/01/2023,35,NSW,Credit Card,full-time,63700,10000,8000,,714,0,0,0,0,0,0,0
APP-0412,CUS-0966,Leo Chen | 1999-10-15,2024-05-05,24,nsw,Credit Card,Self-employed,73200,5000,5000,,621,0,0,0,0,0,0,0
APP-0375,CUS-0077,Ethan Young | 1956-06-20,18/03/2023,66,nsw,P. Loan,Full-time,97400,9500,7600,36 months,608,0,30,60,0,0,0,0
APP-0086,CUS-0930,Henry Khan | 1995-06-25,2025-03-31,29,New South Wales,Credit Card,Casual,88800,25000,22500,,736,0,0,0,0,0,0,0
APP-0948,CUS-0913,Archie Hughes | 1958-12-27,2023-02-13,64,VIC,Credit Card,Casual,,25000,12500,,530,30,60,90,120,150,180,1
APP-1172,CUS-0358,Ella Kelly | 1965-03-10,17/03/2025,60,VIC,Credit Card,Full-time,63000,10000,8000,,639,0,0,0,0,0,0,0
APP-1112,CUS-0505,Grace Hughes | 1990-09-07,2023-03-05,32,New South Wales,Credit Card,Full-time,44300,15000,15000,,632,0,0,0,0,0,0,0
APP-0100,CUS-0018,Grace Hughes | 1986-12-29,2023-04-03,30,Victoria,Credit Card,Part-time,47200,10000,5000,,558,0,0,0,30,0,0,0
APP-0747,CUS-0239,Noah Evans | 1991-04-13,2024-07-01,33,QLD,Credit Card,Full-time,51800,8000,6400,,625,0,0,0,30,60,90,1
APP-0304,CUS-0642,Isla Hughes | 1999-08-31,06/04/2025,25,VIC,Credit Card,Part-time,0,2000,2000,,755,0,0,0,0,0,0,0
APP-0070,CUS-0058,Ruby Singh | 1979-11-21,19 Mar 2023,43,NSW,personal loan,Full-time,37100,9500,9500,12 months,611,0,30,60,90,120,150,1
APP-1029,CUS-0170,Chloe Young | 2001-08-03,17/01/2023,21,vic,CREDIT CARD,Part-time,60000,8000,8000,,746,0,0,0,0,0,0,0
APP-0426,CUS-0463,Henry Chen | 1961-05-26,2024-05-12,62,nsw,Credit Card,  Casual ,N/A,5000,4500,,755,0,0,0,0,0,0,N
APP-0158,CUS-0187,Noah Nguyen | 1960-01-05,02/07/2023,63,NSW,P. Loan,Full-time,31900,22000,11000,48 months,858,0,0,0,0,0,0,0
APP-0778,CUS-0831,Zoe Hughes | 1998-03-01,05/10/2024,26,NSW,Credit Card,Casual,41800,10000,5000,,579,0,0,0,0,0,0,0
APP-0353,CUS-0226,Leo Smith | 1961-01-22,2023-12-08,62,VIC,Personal Loan,casual,105100,49500,34600,48 months,699,0,0,0,0,0,0,N
APP-1329,CUS-0663,Noah Patel | 1978-08-16,2023-09-25,45,WA,Credit Card,Self-employed,49900,2000,2000,,701,0,0,0,0,0,30,0
APP-0141,CUS-0033,Archie Nguyen | 1979-12-19,2024-10-14,44,QLD,Personal Loan,Part-time,0,22000,11000,48 mths,785,0,0,30,0,0,0,0
APP-0062,CUS-0359,Lily Patel | 1973-07-03,17/10/2023,50,VIC,Personal Loan,Self-employed,0,42000,42000,48 mths,719,0,0,0,30,60,90,1
APP-0816,CUS-0466,Grace Singh | 1988-04-16,06/02/2025,36,VIC,credit card,Full-time,"$65,400",25000,20000,,604,0,0,0,0,0,0,0
APP-1069 ,CUS-0290,Ella Khan | 1974-09-06,2024-05-14,49,vic,CREDIT CARD,Part-time,78100,8000,6400,,660,0,0,0,0,0,0,0
APP-0992,CUS-0270,Leo Lee | 1978-05-13,13/06/2023,45,VIC,Personal Loan,Full-time,75600,16000,16000,12 mths,647,0,0,0,0,0,0,0
APP-0781,CUS-0250,Zoe Singh | 2001-06-27,26 Oct 2024,23,NSW,Credit Card,Full-time,95800,15000,15000,,680,0,0,30,60,0,0,0
APP-0709,CUS-0206,Lucas Nguyen | 1996-07-19,2024-06-01,27,South Australia,Credit Card,Full-time,0,15000,7500,,655,0,0,0,0,0,0,0
APP-0071,CUS-0882,Noah Walker | 1964-08-04,2023-11-10,59,VICTORIA,P. Loan,Full-time,51700,6000,3000,24 months,N/A,0,0,30,0,0,0,0
APP-1135,CUS-0496,Chloe Smith | 1960-11-27,2023-08-17,62,QLD,Credit Card,Casual,62400,15000,15000,,687,0,0,30,60,90,120,N
APP-0675,CUS-0053,Chloe Nguyen | 1965-08-22,2023-02-13,57,qld,Credit Card,casual,49700,2000,1600,,685,0,0,0,0,0,0,0
APP-0924,CUS-0398,Leo Patel | 1993-05-08,2024-08-20,31,QLD,Credit Card,Retired,41600,2000,1000,,751,0,0,0,0,0,0,0
APP-0104,CUS-0533,Ella Singh | 1979-09-07,06 Jan 2025,45,QLD,Credit Card,Full-time,65500,15000,15000,,690,0,0,0,0,0,0,0
APP-0195,CUS-0585,Ava Nguyen | 1973-08-23,2023-02-24,49,VIC,Credit Card,  Part-time ,,15000,10500,,555,0,0,0,30,60,90,1
APP-0649,CUS-0379,Ruby Kelly | 1959-05-31,2024-10-09,65,NT,Personal Loan,Full-time,23800,11000,5500,12 mths,668,0,0,0,0,0,0,0
APP-0891,CUS-0801,Ella Young | 1993-07-14,2023-07-26,30,qld,Personal Loan,Retired,-1,25000,25000,48 months,774,0,30,60,0,0,0,0
APP-0492,CUS-0278,Oscar Murray | 1972-09-03,11/02/2023,50,vic,Credit Card,Self-employed,189500,8000,8000,,751,0,0,0,0,0,0,0
APP-1054,CUS-0366,Ethan Chen | 1988-06-03,2023-11-14,35,wa,Credit Card,unknown,74500,2000,1400,,682,0,0,0,0,0,0,0
APP-0494,CUS-0263,Lily Patel | 1961-05-12,2024-06-11,63,NSW,Credit Card,RETIRED,138500,5000,5000,,786,0,30,60,90,120,150,1
APP-0291,CUS-0805,Oscar Hughes | 1966-11-30,07/04/2023,56,VIC,Credit Card,Full-time,55100,8000,6400,,694,0,0,30,60,90,120,1
APP-0132,CUS-0706,Ruby Brown | 2000-03-23,2023-09-16,23,QLD,CC,Self-employed,33600,8000,8000,,697,30,0,0,0,0,0,0
APP-0688,CUS-0302,Noah Patel | 1967-09-26,07/02/2025,57,qld,Personal Loan,Full-time,"$18,700",18500,18500,12 months,553,0,0,0,0,0,0,0
APP-0440,CUS-0386,Lily Kelly | 1985-11-18,2024-08-21,38,NSW,CC,Part-time,54700,5000,4000,,627,0,0,0,0,0,0,0
APP-0621,CUS-0447,Grace Hughes | 1983-01-12,2024-09-10,32,NSW,credit card,Full-time,37700,25000,25000,,681,0,0,0,0,30,60,0
APP-0317,CUS-0724,Ella Smith | 1992-02-23,2024-01-26,31,NSW,Credit Card,Self-employed,33300,15000,15000,,655,0,0,0,30,0,0,0
APP-0571,CUS-0132,Henry Evans | 1978-10-14,2023-02-18,44,VICTORIA,P. Loan,Part-time,25100,36000,36000,48 mths,649,0,0,0,0,0,0,0
APP-0822,CUS-0054,Oscar Singh | 1999-04-01,2023-04-13,24,vic,Personal Loan,Full-time,63700,33000,33000,24 months,707,0,0,0,0,0,0,0
APP-0954,CUS-0960,Jack Nguyen | 1970-05-03,2024-12-01,54,VIC,Credit Card,Full-time,111200,5000,2500,,863,0,0,30,60,90,120,1
APP-0005,CUS-0353,Ruby Nguyen | 1996-06-19,24/04/2024,27,NSW,PL,Unemployed,30500,28000,28000,12 months,654,0,0,0,0,0,0,0
APP-1295,CUS-0521,Lucas Singh | 1984-10-25,2025-05-31,40,nsw,Personal Loan,self-employed,N/A,45500,41000,60 months,724,0,0,0,0,0,0,0
APP-0356,CUS-0941,Chloe Chen | 1979-10-31,16/01/2023,43,Victoria,Credit Card,self-employed,69700,25000,25000,,767,0,30,60,0,0,0,0
APP-1014,CUS-0683,Mia Taylor | 1966-11-10,2023-03-14,56,QLD,Credit Card,,41000,2000,1600,,631,0,0,0,0,0,0,0
APP-0270,CUS-0584,Jack Taylor | 1975-10-10,2025-01-27,49,NSW,Credit Card,UNEMPLOYED,34600,2000,2000,,652,0,0,0,0,0,0,0
APP-0171,CUS-0613,Lucas Lee | 1986-11-03,1923-07-01,36,VIC,credit card,self-employed,90000,10000,9000,,608,0,0,30,60,90,120,1
APP-0966,CUS-0292,Henry Patel | 1990-07-26,2024-12-05,34,VIC,Credit Card,Casual,78100,10000,7000,,750,0,30,60,90,120,150,1
APP-0240,CUS-0282,Ava Taylor | 1986-07-06,10 Feb 2023,36,nsw,Credit Card,Self-employed,48700,8000,5600,,776,0,0,0,0,0,0,N
APP-1321,CUS-0873,Zoe Nguyen | 1954-02-16,2024-03-22,70,SA,CC,Casual,47300,8000,8000,,417,0,0,30,60,90,120,Y
APP-1182,CUS-0180,Grace Smith | 1962-02-08,15/10/2023,61,NSW,Credit Card,Part-time,unknown,25000,22500,,557,0,0,0,0,0,0,0
APP-0200,CUS-0947,Ava Singh | 1987-03-16,25/02/2025,37,nsw,personal loan,Self-employed,unknown,24000,24000,60 months,582,0,0,0,0,0,0,0
APP-0267,CUS-0977,Isla Wilson | 1991-07-23,16/06/2023,31,WA,credit card,Full-time,64900,25000,25000,,N/A,0,0,0,0,0,30,0
APP-0205,CUS-0709,Noah Patel | 1966-09-23,2024-05-17,57,NSW,Personal Loan,full-time,98800,47000,42300,48 months,690,0,0,0,0,0,0,0
APP-0867,CUS-0478,Jack Evans | 1964-03-04,11/12/2023,59,Queensland,Credit Card,Full-time,49500,10000,10000,,802,0,0,30,60,0,0,0
APP-1385,CUS-0252,Oscar Chen | 1998-07-16,2025-01-13,26,nsw,Credit Card,Full-time,96300,2000,1800,,781,0,0,0,0,0,0,0
APP-1308,CUS-0540,Lucas Kelly | 1968-03-02,2024-06-12,56,NSW,CC,Unemployed,58500,10000,10000,,772,0,0,0,0,0,0,0
APP-0051,CUS-0194,Ava Evans | 2001-08-08,2024-12-23,23,VIC,Credit Card,  Full-time ,85400,15000,10500,,634,0,0,0,0,0,0,0
APP-1126,CUS-0710,Zoe Evans | 1983-05-26,2024-05-06,40,QLD,Credit Card,Casual,86100,10000,5000,,690,0,0,0,0,0,0,N
APP-0707,CUS-0951,Henry Evans | 1981-12-05,2024-06-28,42,VIC,CC,full-time,76200,2000,2000,,628,0,0,0,0,0,0,0
APP-0374,CUS-0031,Jack Kelly | 1979-09-01,14/08/2023,43,VIC,Credit Card,Full-time,-1,15000,15000,,546,0,0,0,0,0,0,0
APP-0721,CUS-0561,Archie Kelly | 1956-06-20,2024-12-12,68,SOUTH AUSTRALIA,Personal Loan,Part-t1me,30300,45000,22500,36 mths,806,0,0,0,0,0,0,0
APP-0449,CUS-0689,Archie Kelly | 1989-03-31,2024-06-02,35,Victoria,personal loan,Full-time,55300,37000,18500,36 mths,747,0,0,0,0,0,0,0
APP-0689,CUS-0486,Ava Kelly | 1970-10-16,28 Feb 2025,54,nsw,Credit Card,Full-time,50900,25000,20000,,N/A,0,0,0,30,60,90,1
APP-0793,CUS-0340,Noah Nguyen | 1955-11-07,2025-03-06,69,Queensland,Personal Loan,Full-time,117700,47000,42300,60 months,0,0,0,0,30,60,0,0
APP-0958,CUS-0295,Chloe Murray | 1972-04-21,2023-12-16,51,NEW SOUTH WALES,CC,Full-time,35900,5000,2500,,732,0,0,0,0,0,30,0
 APP-1083,CUS-0679,Ruby Lee | 1977-10-08,2023-12-25,46,nsw,PERSONAL LOAN,Part-time,44400,17500,14000,24 months,702,0,0,0,0,0,0,0
APP-0761,CUS-0368,Lily Hughes | 1956-02-17,2025-01-08,68,VIC,Credit Card,full-time,63200,2000,1800,,670,0,0,0,0,0,30,0
APP-1161,CUS-0501,Archie Singh | 1981-08-23,2023-02-16,41,QLD,Personal Loan,Self-employed,43900,12500,12500,12 months,715,0,0,0,0,0,0,0
APP-0415,CUS-0707,Ethan Evans | 1977-02-11,2023-03-31,46,WESTERN AUSTRALIA,Personal Loan,Full-time,"$81,000",21500,21500,48 mths,656,0,0,0,0,0,0,0
APP-0351,CUS-0956,Archie Brown | 1983-02-13,2025-05-28,42,NSW,credit card,Self-employed,47k,25000,22500,,684,0,0,0,0,30,0,0
APP-0305,CUS-0732,Ethan Kelly | 1981-06-12,31/09/2025,41,act,Credit Card,Full-time,43400,10000,9000,,619,0,0,0,0,0,0,0
APP-0563,CUS-0096,Ruby Hughes | 1987-10-16,2024-10-08,36,VIC,Credit Card,Full-time,55800,25000,17500,,708,0,0,30,60,0,0,0
APP-1160,CUS-0403,Mason Patel | 1969-02-13,04 Feb 2023,53,WESTERN AUSTRALIA,Personal Loan,,89300,7500,5200,24 months,675,0,0,0,0,0,0,0
APP-0084,CUS-0976,Oscar Lee | 1968-06-03,2024-10-24,71,VICTORIA,Personal Loan,Full-time,34900,31000,15500,12 months,640,0,0,30,60,90,120,1
APP-0265,CUS-0587,Oscar Khan | 1970-08-24,2024-12-16,54,Western Australia,CREDIT CARD,unknown,28800,15000,13500,,604,0,0,0,0,0,30,0
APP-0222,CUS-0128,Lily Taylor | 1994-10-20,2023-09-30,28,NEW SOUTH WALES,Credit Card,Retired,51700,5000,9000,,611,0,0,0,0,30,0,0
APP-1342,CUS-0330,Noah Patel | 1996-09-09,31 Oct 2023,27,NSW,Personal Loan,Full-time,45700,47500,23800,4 yrs,754,0,0,0,0,0,0,0
APP-0056,CUS-0130,Lucas Taylor | 1965-08-01,2025-03-26,59,NSW,Credit Card,Full-time,47400,10000,5000,,508,0,0,0,0,0,0,0
APP-1081,CUS-0567,Zoe Patel | 1965-04-15,2023-07-31,58,VIC,Personal Loan,  Full-time ,60400,29500,23600,36 months,657,0,0,0,0,0,0,0
APP-0408,CUS-0525,Noah Chen | 1970-05-26,09/06/2023,53,NT,CC,Full-time,58.7,2000,2000,,635,0,0,0,0,0,0,0
APP-0603,CUS-0931,Archie Taylor | 1995-01-03,2024-12-22,29,wa,PL,Casual,131600,30000,24000,60 months,714,0,0,0,0,30,0,0
APP-1254,CUS-0608,Archie Kelly | 1988-12-31,2025-05-11,36,Victoria,personal loan,Full-time,27800,49500,44600,12 months,774,0,0,0,0,0,0,0
APP-0575,CUS-0203,Mia Evans | 1966-03-19,30 Apr 2025,59,nsw,Personal Loan,Casual,67700,38500,38500,48 months,656,0,0,0,0,0,0,0
APP-0587,CUS-0326,Jack Smith | 1954-12-19,2024-06-08,69,sa,Credit Card,Self-employed,59900,5000,2500,,807,0,0,0,0,0,0,0
APP-0983,CUS-0735,Leo Patel | 1972-10-18,13/08/2024,51,Victoria,P. Loan,Retired,35700,26000,20800,60 months,679,0,0,0,0,0,0,0
APP-1127,CUS-0394,Archie Murray | 1965-12-05,2023-10-21,57,QLD,P. Loan,Retired,108200,37500,37500,48 months,783,0,0,0,0,0,0,0
APP-1044,CUS-0454,Lucas Walker | 1991-03-01,2023-03-20,32,NSW,Credit Card,Retired,68200,5000,5000,,556,0,0,0,30,60,0,0
APP-0977,CUS-0309,Ethan Nguyen | 1977-02-15,2024-07-11,47,WA,credit card,Casual,87200,15000,10500,,513,0,0,0,30,60,90,1
APP-1267,CUS-0545,Lucas Hughes | 2002-02-04,2025-01-31,22,Victoria,personal loan,Retired,46100,11000,11000,24 months,612,0,30,60,90,120,150,1
APP-0230,CUS-0841,Oscar Nguyen | 1974-11-15,01/05/2023,48,SA,Credit Card,Casual,50400,15000,15000,,539,0,30,60,90,120,150,1
APP-0976,CUS-0935,Chloe Smith | 1965-08-29,26/05/2024,58,QLD,Credit Card,Casual,101000,5000,3500,,732,0,0,0,0,0,0,0
APP-0325,CUS-0871,Grace Taylor | 1968-11-29,2024-07-09,55,WA,Credit Card,Full-time,52800,25000,25000,,836,0,0,0,0,0,0,0
APP-0233,CUS-0329,Chloe Smith | 1997-01-29,2025-05-18,28,QLD,Credit Card,Full-time,77100,10000,10000,,564,0,0,0,0,30,60,0
APP-1164,CUS-0467,Lucas Lee | 1993-03-01,2024-07-28,31,New South Wales,Credit Card,Full-time,46700,10000,7000,,631,0,0,0,0,30,0,0
APP-0915,CUS-0846,Henry Evans | 1984-02-08,25 Mar 2023,39,Victoria,Personal Loan,FULL-TIME,81200,20000,16000,36 months,628,0,0,0,0,0,0,0
APP-1289,CUS-0933,Henry Young | 1984-07-29,2025-04-11,40,NSW,Credit Card,Full-time,,25000,17500,,636,0,30,0,0,0,0,0
APP-0313,CUS-0688,Ruby Kelly | 1986-05-20,2024-10-13,38,VIC,Personal Loan,Unemployed,77100,6500,5200,24 mths,770,30,60,0,0,0,0,0
APP-0844,CUS-0507,Grace Taylor | 1969-04-04,2025-03-03,55,Queensland,PL,Unemployed,58500,27500,27500,24 months,735,0,0,0,0,0,0,0
APP-0883,CUS-0616,Liam Hughes | 1992-12-03,2023-02-02,30,NSW,Personal Loan,Casual,"$65,400",17000,17000,5 yrs,697,0,0,0,0,0,0,0
APP-0877,CUS-0378,Isla Chen | 1968-11-17,2025-01-20,56,WA,CREDIT CARD,Unemployed,142200,15000,15000,,630,0,0,0,30,60,90,1
APP-1032,CUS-0413,Grace Young | 1985-10-04,2025-05-17,39,Western Australia,CC,Unemployed,92600,25000,22500,,574,0,0,0,0,0,0,Y
APP-0616,CUS-0553,Ethan Patel | 1969-06-04,2025-02-05,55,VIC,Credit Card,Full-time,,5000,3500,,635,0,0,0,0,0,0,N
APP-0613,CUS-0224,Lucas Walker | 1997-07-16,2024-06-02,26,NORTHERN TERRITORY,Credit Card,Part-time,0,5000,4000,,623,0,0,0,0,0,0,0
APP-0784,CUS-0119,Grace Singh | 2001-04-30,05/09/2024,23,NT,Personal Loan,PART-TIME,54700,12500,12500,36 mths,670,0,0,30,60,0,0,0
APP-1130,CUS-0954,Ruby Nguyen | 1973-11-30,2025-02-10,51,Queensland,Personal Loan,Self-employed,-1,49000,49000,48 months,712,0,0,0,0,30,60,0
APP-0922,CUS-0701,Ella Evans | 1958-12-20,2023-05-20,64,nsw,Personal Loan,Full-time,64400,7500,3800,24 months,742,0,0,0,0,0,0,0
APP-1377,CUS-0657,Ruby Kelly | 1968-08-15,2024-01-17,55,Victoria,Credit Card,Full-time,N/A,5000,4500,,659,0,0,0,0,0,0,0
APP-1299,CUS-0868,Isla Chen | 1981-06-14,2023-07-09,42,WESTERN AUSTRALIA,Personal Loan,Retired,112800,49000,49000,60 months,676,0,0,0,30,60,90,1
APP-0319,CUS-0843,Lily Evans | 1972-09-20,2023-04-08,50,VIC,Credit Card,Full-time,,2000,1600,,792,0,0,0,0,0,0,0
APP-1275,CUS-0955,Ruby Murray | 1972-06-06,2023-04-15,50,NSW,Personal Loan,Full-time,45400,11500,10400,36 months,784,0,0,0,0,30,0,0
APP-0885,CUS-0420,Ruby Brown | 2000-06-22,2025-03-29,24,VIC,Personal Loan,Full-time,49000,24500,24500,12 months,697,0,0,0,0,0,0,0
APP-0782,CUS-0217,Oscar Lee | 1991-08-22,18/03/2024,32,Western Australia,Credit Card,Full-time,53000,10000,9000,,672,0,0,0,0,0,0,0
APP-0318,CUS-0221,Leo Khan | 1959-12-18,08 Apr 2024,64,QLD,CREDIT CARD,Full-time,87900,10000,5000,,581,0,30,60,90,120,150,1
APP-1080,CUS-0159,Isla Brown | 1961-09-11,2025-05-22,63,qld,Credit Card,Self-employed,153700,10000,10000,,659,0,0,0,30,0,0,0
APP-0792,CUS-0872,Zoe Smith | 1996-03-11,2023-05-02,27,Queensland,Personal Loan,Retired,N/A,10500,10500,60 months,717,0,0,0,0,0,0,0
APP-0248,CUS-0755,Ethan Patel | 1996-03-06,2023-05-09,27,NSW,Credit Card,Retired,129400,8000,8000,,681,0,0,0,0,0,0,0
APP-0564,CUS-0108,Jack Walker | 1999-02-24,2025-02-02,25,NEW SOUTH WALES,CC,Full-time,64700,10000,14600,,649,0,0,0,0,0,0,N
APP-0585,CUS-0842,Isla Singh | 1985-01-10,2023-08-19,38,QLD,Personal Loan,Full-time,43900,7500,7500,48 months,665,0,0,0,0,0,0,0
APP-0838,CUS-0586,Henry Lee | 1991-05-25,2025-06-23,34,NSW,Credit Card,Full-time,54700,10000,5000,,632,30,60,90,120,150,180,1
APP-1262,CUS-0963,Ava Nguyen | 1988-05-30,2024-09-22,36,NSW,Credit Card,Full-time,52.3,25000,17500,,737,0,0,0,0,0,0,0
APP-0812,CUS-0692,Ruby Nguyen | 1964-04-30,2024-12-25,60,New South Wales,Personal Loan,Casual,92000,27500,27500,36 mths,753,0,0,0,0,0,0,0
APP-0390,CUS-0564,Noah Patel | 2002-01-25,2024-04-11,22,wa,CC,Part-time,43100,10000,10000,,755,0,0,0,0,0,0,0
APP-0929,CUS-0019,Isla Evans | 1994-10-31,2024-03-24,29,VIC,CC,Self-employed,48300,10000,10000,,723,0,0,0,30,0,0,0
APP-0515,CUS-0147,Liam Smith | 1978-03-28,2024-12-06,46,SA,CC,Full-time,23600,25000,20000,,9999,0,0,0,0,0,0,0
APP-0904,CUS-0794,Lucas Evans | 2002-03-03,22 Oct 2023,21,New South Wales,Credit Card,full-time,44500,8000,5600,,558,0,0,0,0,0,0,0
APP-1307,CUS-0469,Archie Kelly | 1975-06-18,2023-03-30,47,QLD,Credit Card,Full-time,,25000,20000,,777,0,0,0,0,0,0,0
APP-0362,CUS-0190,Isla Brown | 1997-08-16,2025-03-08,27,NT,Personal Loan,part-time,28500,49500,49500,36 mths,687,0,0,30,0,0,0,0
APP-0523,CUS-0835,Leo Patel | 1964-04-14,10 Jul 2023,59,QLD,PL,Full-time,64000,50000,25000,60 mths,781,0,0,0,0,0,0,0
APP-0555,CUS-0407,Lucas Evans | 1994-08-11,13/04/2025,30,Queensland,Personal Loan,Part-time,113700,46500,41800,60 months,726,0,0,0,0,0,0,N
APP-1387,CUS-0463,Henry Chen | 1961-05-26,2023-04-02,61,NSW,Credit Card,Self-employed,66700,2000,2000,,0,0,0,0,0,0,0,0
APP-0719,CUS-0596,Lucas Chen | 1984-08-05,2023-04-12,38,Western Australia,CC,Se1f-emp10yed,52700,8000,5600,,727,0,0,0,0,0,0,0
APP-1088,CUS-0264,Zoe Patel | 1997-03-23,2023-10-06,26,QLD,Personal Loan,Full-time,44500,47500,38000,36 mths,812,0,0,0,0,0,0,0
APP-1247,CUS-0934,Ruby Chen | 1968-04-16,2025-04-20,47,vic,Credit Card,Full-time,55600,5000,5000,,589,0,0,0,0,0,0,0
APP-0122,CUS-0299,Liam Hughes | 1959-05-28,2023-12-06,64,Queensland,Credit Card,Full-time,unknown,10000,10000,,807,0,0,0,0,0,0,0
APP-0264,CUS-0519,Mason Brown | 1959-08-21,01/07/2023,63,Victoria,Personal Loan,Full-time,59600,11500,9200,36 mths,466,0,0,0,0,0,0,0
APP-0917,CUS-0942,Oscar Singh | 1989-02-21,2024-12-09,35,QLD,Personal Loan,Full-time,60200,6500,6500,36 mths,571,0,0,30,60,90,120,1
APP-0381,CUS-0996,Chloe Khan | 1989-05-18,2024-04-12,19,VIC,credit card,Retired,109400,8000,8000,,722,0,0,0,0,0,0,0
APP-0670,CUS-0399,Lucas Khan | 1966-01-24,2025-06-01,59,nsw,CC,Full-time,60600,25000,17500,,684,0,0,30,0,0,0,0
APP-1364,CUS-0584,Jack Taylor | 1975-10-10,10/11/2023,48,NSW,Personal Loan,Self-employed,25.9,17500,17500,12 months,711,0,0,0,0,0,0,0
APP-0066,CUS-0352,Zoe Smith | 1998-11-13,2024-08-01,25,VIC,Credit Card,Self-employed,,25000,12500,,667,0,0,0,0,0,0,0
APP-1222,CUS-0343,Ruby Murray | 1972-08-21,2025-03-16,52,Victoria,CC,Full-time,152700,2000,1000,,628,0,30,60,90,120,150,1
APP-0846,CUS-0666,Ethan Brown | 1956-05-20,14/02/2025,68,vic,CC,Full-time,73200,25000,22500,,557,0,0,0,30,0,0,0
APP-1390,CUS-0943,Lily Young | 1978-07-01,2025-06-12,46,sa,PL,Self-employed,54800,33500,26800,24 months,868,0,30,0,0,0,0,0
APP-0711,CUS-0467,Lucas Lee | 1993-03-01,2024-02-01,30,NSW,P. Loan,Retired,45900,48500,38800,60 months,612,0,30,60,0,0,0,0
APP-0108,CUS-0824,Olivia Evans | 1990-08-10,2024-04-28,33,WESTERN AUSTRALIA,CREDIT CARD,Full-time,,10000,10000,,759,0,0,0,0,0,0,0
APP-0151,CUS-0267,Isla Khan | 1995-10-21,2025-06-19,29,Queensland,Personal Loan,unemployed,52000,37000,29600,48 months,713,0,30,60,0,0,0,N
APP-0826,CUS-0752,Ella Walker | 1996-05-16,2023-04-22,26,Tasmania,CC,Full-time,15000,10000,10000,,792,0,0,0,0,0,0,0
APP-0194,CUS-0813,Ruby Young | 1957-02-09,2025-02-19,68,VIC,CREDIT CARD,Full-time,24100,25000,25000,,640,0,0,0,0,0,30,0
APP-0378,CUS-0984,Mason Nguyen | 1979-04-13,18 Feb 2023,43,NSW,Personal Loan,Self-employed,51300,30500,24400,24 mths,535,0,30,60,90,120,150,1
APP-0834,CUS-0460,Lily Singh | 1979-05-26,06 Aug 2023,44,QUEENSLAND,Personal Loan,Casual,48200,16500,8200,60 mths,579,0,0,0,0,0,0,0
APP-0717,CUS-0418,Isla Taylor | 1973-10-23,27/01/2025,51,VIC,Personal Loan,Full-time,49200,33500,23400,36 months,816,0,0,0,0,0,0,0
APP-0344,CUS-0098,Isla Taylor | 1961-12-05,2023-02-14,61,VIC,Personal Loan,PART-TIME,-1,34000,30600,36 months,609,0,0,0,0,0,0,0
APP-0457,CUS-0251,Ava Taylor | 1993-05-07,2023-09-10,30,SA,Credit Card,RETIRED,46400,5000,4000,,513,0,0,0,30,60,90,1
APP-0607,CUS-0073,Ethan Lee | 1965-12-22,28 Jul 2023,57,VIC,Personal Loan,Full-time,53100,30500,50500,1 yrs,700,0,0,0,0,0,0,N
APP-0639,CUS-0181,Lily Khan | 1995-03-01,2024-04-15,29,vic,Credit Card,Full-time,74300,10000,10000,,672,0,0,0,0,0,0,0
APP-1193,CUS-0571,Ethan Lee | 1996-05-24,16/04/2024,27,Victoria,Personal Loan,Full-time,86300,15500,15500,36 months,764,0,0,0,30,60,90,1
APP-1303,CUS-0557,Henry Young | 1976-11-29,2025-02-07,48,WA,CREDIT CARD,Casual,60700,5000,5000,,N/A,0,0,30,60,90,120,1
APP-0785,CUS-0497,Mia Lee | 1990-08-18,17 May 2023,32,NSW,Personal Loan,Self-employed,54100,25500,25500,48 months,845,0,0,0,0,0,0,0
APP-0604,CUS-0673,Lucas Smith | 1980-04-19,13 May 2025,45,NSW,credit card,Full-time,62400,25000,25000,,584,0,30,60,90,120,150,1
APP-1284,CUS-0361,Henry Wilson | 1987-03-30,2025-04-26,38,nsw,credit card,Full-time,154900,25000,25000,,790,0,30,0,0,0,0,0
APP-0479,CUS-0888,Chloe Patel | 1976-12-27,12/11/2023,46,VIC,PL,part-time,82900,21500,10800,12 months,788,0,0,0,0,0,0,0
APP-0574,CUS-0791,Olivia Young | 1975-10-26,2023-01-27,47,NSW,P. Loan,Full-time,49300,44500,44500,60 months,869,0,0,0,0,0,0,0
APP-1123,CUS-0322,Chloe Patel | 1967-09-04,20/06/2024,56,VIC,Personal Loan,Full-time,58900,49000,49000,36 months,900,0,0,0,0,0,0,0
APP-0004,CUS-0513,Zoe Nguyen | 1981-10-31,27/08/2024,42,SA,credit card,Full-time,,5000,4000,,799,0,0,30,60,90,120,1
APP-1113,CUS-0532,Lucas Smith | 1998-09-02,2024-10-02,26,QLD,CC,Full-time,N/A,8000,5600,,739,0,0,0,0,0,0,0
APP-1016,CUS-0043,Noah Chen | 1995-04-08,2023-01-31,27,nsw,CREDIT CARD,Full-time,,10000,9000,,832,0,0,0,0,0,0,0
APP-0198,CUS-0204,Mia Brown | 1969-09-06,07/08/2023,53,SA,P. Loan,Casual,"$107,800",39500,39500,12 months,841,0,0,0,0,0,0,0
APP-1281,CUS-0485,Zoe Taylor | 1995-12-07,2024-08-31,28,New South Wales,Personal Loan,Full-time,57100,11500,11500,12 months,559,0,0,0,30,60,0,0
APP-0894,CUS-0377,Grace Brown | 2001-01-09,2025-04-09,24,qld,Personal Loan,full-time,38100,17000,17000,12 months,0,0,0,0,0,0,0,0
APP-0493,CUS-0305,Ava Murray | 1984-11-16,2023-10-24,38,QLD,Credit Card,Full-time,96700,2000,1400,,689,0,0,0,0,30,60,0
APP-0889,CUS-0734,Lily Smith | 1996-12-14,2024-04-06,27,VIC,Personal Loan,Unemployed,,35500,17800,5 yrs,653,30,60,90,120,150,180,1
APP-0149,CUS-0721,Chloe Smith | 1959-02-07,14 Jan 2025,65,nsw,Credit Card,FULL-TIME,52300,8000,6400,,625,0,0,0,30,0,0,0
APP-0249,CUS-0845,Oscar Taylor | 1987-03-26,2023-03-29,36,WESTERN AUSTRALIA,Personal Loan,Retired,43400,45500,45500,60 mths,N/A,0,0,0,0,0,0,0
APP-0161,CUS-0988,Lily Taylor | 1982-07-07,2024-01-26,41,NSW,Credit Card,Casual,41100,5000,5000,,514,0,0,0,0,0,0,0
APP-0897,CUS-0594,Henry Evans | 1961-05-20,1999-01-01,61,New South Wales,Credit Card,Part-time,137500,25000,25000,,799,0,0,0,0,0,0,0
APP-0289,CUS-0989,Grace Smith | 1960-05-15,26/05/2025,65,NSW,credit card,  Full-time ,59100,25000,40900,,741,0,0,0,0,0,0,0
APP-0944,CUS-0115,Ava Nguyen | 1969-09-02,2023-04-19,53,Queensland,Credit Card,Ret1red,117100,10000,10000,,743,0,0,0,30,60,90,1
APP-1293,CUS-0068,Grace Smith | 1954-12-11,11 Feb 2023,68,nsw,Credit Card,Full-time,55200,2000,2000,,646,0,30,60,0,0,0,0
APP-0199,CUS-0431,Lily Murray | 1991-05-09,2025-06-01,34,Tasmania,personal loan,Self-employed,51000,49000,49000,48 months,559,0,0,0,0,0,0,0
APP-0113,CUS-0962,Noah Walker | 1967-05-09,24 Feb 2024,56,VIC,CC,Retired,108000,2000,2000,,9999,0,0,30,0,0,0,N
APP-0294,CUS-0873,Zoe Nguyen | 1954-02-16,18/09/2024,70,SOUTH AUSTRALIA,Credit Card,Full-time,70700,2000,1600,,675,30,60,90,120,150,180,1
APP-0082,CUS-0649,Chloe Nguyen | 1971-12-25,10/09/2023,51,NSW,credit card,Full-time,0,15000,15000,,594,0,0,0,0,0,0,N
APP-1241,CUS-0969,Archie Wilson | 1962-05-14,03/02/2023,60,vic,Personal Loan,Part-time,103500,14000,11200,36 months,677,0,30,60,90,120,150,1
APP-0145,CUS-0252,Oscar Chen | 1998-07-16,2024-11-05,26,NSW,Credit Card,Self-employed,59400,5000,5000,,250,0,0,0,0,30,0,0
APP-0810,CUS-0138,Noah Chen | 1973-05-17,12/04/2024,50,Victoria,CC,Part-time,49200,15000,10500,,851,0,0,0,30,60,90,1
APP-0638,CUS-0139,Archie Chen | 1985-09-26,2025-04-07,39,WA,Personal Loan,Casual,40600,24000,21600,12 months,9999,0,0,0,0,0,0,0
APP-0974,CUS-0615,Lucas Nguyen | 1990-09-03,2024-09-15,34,VIC,Personal Loan,Full-time,36700,16000,11200,60 months,776,0,0,0,0,0,30,0
APP-0609,CUS-0535,Lucas Murray | 1972-03-02,2023-01-09,50,NSW,personal loan,Full-time,55.3,32500,22800,4 yrs,498,0,0,0,0,0,0,0
APP-0680,CUS-0274,Noah Khan | 1984-10-04,2023-04-29,38,VIC,Personal Loan,Casual,38200,40000,32000,48 months,718,0,0,0,0,0,0,0
APP-1060,CUS-0713,Grace Chen | 1961-06-29,2024-06-15,62,WESTERN AUSTRALIA,Personal Loan,Part-time,52300,34500,24200,60 mths,762,0,0,0,0,0,0,0
APP-0323 ,CUS-0774,Liam Murray | 1981-02-21,06 Dec 2024,43,QLD,PL,Self-employed,102300,25000,20000,24 months,662,0,0,0,0,0,0,0
APP-0138,CUS-0609,Mason Khan | 2002-12-20,2023-11-10,20,VIC,Credit Card,Casual,30900,2000,1000,,660,0,0,0,0,0,0,N
APP-1110,CUS-0316,Olivia Lee | 1970-08-20,2023-02-15,52,qld,Personal Loan,part-time,73800,21000,21000,48 months,650,0,0,0,0,0,0,0
APP-0884,CUS-0287,Jack Wilson | 2000-04-14,2023-04-16,23,Victoria,PL,Full-time,64600,24000,12000,5 yrs,664,0,0,0,0,0,0,0
APP-0887,CUS-0257,Mason Smith | 1976-04-10,2023-11-21,47,vic,CC,Full-time,31400,10000,5000,,669,0,0,0,30,60,0,0
APP-1145,CUS-0783,Henry Patel | 1955-12-20,22 Sep 2024,68,VIC,CC,Full-time,30100,5000,5000,,650,0,0,0,0,0,0,0
APP-0821,CUS-0375,Mia Brown | 1997-03-24,04/04/2025,28,wa,Credit Card,Casual,95000,2000,1400,,766,0,0,0,0,0,0,0
APP-0899,CUS-0886,Grace Brown | 1962-12-30,2023-09-23,60,VIC,credit card,FULL-TIME,61500,8000,6400,,727,0,0,0,0,0,0,0
APP-0002,CUS-0557,Henry Young | 1976-11-29,2024-05-26,47,WESTERN AUSTRALIA,Personal Loan,Full-time,81800,47500,47500,2 yrs,809,0,0,0,0,0,0,0
APP-1399,CUS-0426,Oscar Young | 1954-03-04,18/12/2023,69,NORTHERN TERRITORY,Personal Loan,Full-time,47700,45000,45000,36 months,534,0,0,0,0,0,0,0
APP-0783,CUS-0722,Grace Lee | 1965-10-10,04 Dec 2023,58,NSW,personal loan,Retired,57200,43500,30400,60 mths,781,0,0,0,0,0,0,0
APP-1074,CUS-0423,Chloe Smith | 1975-04-23,2023-03-15,47,Western Australia,credit card,Self-employed,67500,25000,25000,,716,0,0,0,0,0,0,0
APP-1120,CUS-0820,Chloe Singh | 1958-07-27,08 Jul 2024,65,NSW,CC,Self-employed,24000,5000,4000,,603,0,0,0,0,0,30,0
APP-0617,CUS-0211,Mason Taylor | 1992-04-04,2023-02-17,30,QLD,P. Loan,Casual,39300,22000,17600,36 months,728,0,0,0,0,0,0,0
APP-1318,CUS-0460,Lily Singh | 1979-05-26,2024-01-04,44,QLD,Credit Card,retired,71600,10000,8000,,786,0,0,0,0,0,0,0
APP-1151,CUS-0580,Lily Brown | 1998-12-12,2025-05-14,26,TAS,Personal Loan,Part-time,58100,22000,19800,12 months,647,0,0,0,0,0,0,0
APP-1009,CUS-0295,Chloe Murray | 1972-04-21,02 Mar 2025,52,NSW,Personal Loan,  Full-time ,80100,45000,31500,24 mths,713,30,0,0,0,0,0,0
APP-0634,CUS-0071,Olivia Walker | 1972-08-11,2024-10-29,52,Victoria,Credit Card,Retired,87700,25000,17500,,N/A,0,0,0,0,0,0,0
APP-0382,CUS-0269,Grace Wilson | 1970-08-06,2023-01-27,65,VIC,credit card,Self-employed,63700,10000,10000,,708,0,0,0,0,0,0,0
APP-0188,CUS-0865,Mason Taylor | 1988-04-30,15/05/2023,35,WA,CC,Part-time,35400,15000,7500,,618,0,0,0,0,0,0,0
APP-0088,CUS-0333,Lily Hughes | 1955-04-15,04 Sep 2023,68,VIC,CREDIT CARD,Full-time,32500,10000,10000,,725,0,0,0,0,0,0,0
APP-0720,CUS-0897,Zoe Walker | 1973-07-22,22/04/2023,49,QLD,Personal Loan,Full-time,41000,29000,26100,12 months,829,0,0,0,0,0,0,0
APP-0817,CUS-0500,Liam Brown | 1969-12-31,2023-01-17,53,Queensland,CREDIT CARD,Full-time,52400,15000,15000,,150,0,0,0,0,0,0,0
APP-0281,CUS-0983,Mia Khan | 1991-12-24,08 May 2024,32,Western Australia,credit card,Full-time,53300,15000,7500,,589,0,0,0,0,0,0,0
APP-0007,CUS-0765,Jack Taylor | 1981-12-29,12 Feb 2024,42,New South Wales,credit card,unemployed,91200,2000,2000,,591,0,0,0,0,0,0,0
APP-1143,CUS-0319,Leo Patel | 1967-05-10,2024-08-06,57,Queensland,Personal Loan,Self-employed,53100,15500,7800,2 yrs,N/A,0,0,0,0,0,0,0
APP-0032,CUS-0754,Ethan Patel | 2002-12-18,2024-09-29,21,WA,Credit Card,  Part-time ,178300,15000,15000,,589,30,60,90,120,150,180,1
APP-1213,CUS-0702,Oscar Hughes | 1957-11-24,16/02/2023,65,Queensland,Credit Card,Full-time,81700,8000,7200,,661,0,0,0,30,60,90,0
APP-0181,CUS-0684,Mason Hughes | 2002-04-18,2023-02-09,20,NSW,Credit Card,Part-time,38300,25000,20000,,747,0,0,0,0,0,0,0
APP-0909,CUS-0612,Isla Walker | 1971-06-02,21/06/2024,53,VIC,P. Loan,Full-time,,11500,5800,48 mths,671,0,0,0,0,0,0,0
APP-0759,CUS-0756,Noah Wilson | 1988-09-24,2023-12-16,35,NSW,Credit Card,  Retired ,72000,5000,5000,,572,0,0,0,0,0,0,0
APP-1212,CUS-0470,Leo Murray | 1990-08-19,2025-03-09,34,VIC,Credit Card,Part-time,30500,15000,10500,,681,0,0,0,0,0,0,0
APP-0499,CUS-0193,Mia Nguyen | 1994-05-28,2023-06-24,29,SA,Personal Loan,Full-time,79800,28500,20000,48 mths,530,0,0,0,0,0,0,0
APP-0322,CUS-0045,Isla Walker | 1990-10-20,2024-02-12,33,Queensland,Personal Loan,Part-time,88600,9000,6300,24 months,9999,0,0,0,0,0,0,0
APP-0503,CUS-0770,Henry Singh | 1958-03-12,2023-07-22,65,WA,Credit Card,Self-employed,52400,10000,10000,,693,0,0,0,0,0,0,0
APP-0379,CUS-0084,Olivia Patel | 1961-04-24,2023-07-14,62,QLD,Credit Card,Part-time,58900,25000,25000,,429,0,0,0,30,60,90,1
APP-0187,CUS-0369,Noah Lee | 1977-10-24,2023-05-26,45,vic,Personal Loan,  Retired ,62000,46500,23200,48 months,900,0,0,0,0,0,0,0
APP-0217,CUS-0781,Ruby Murray | 1993-02-05,2023-07-24,30,QLD,Credit Card,Full-time,"$136,800",10000,10000,,700,0,0,0,0,0,0,0
APP-0805,CUS-0056,Mia Patel | 1996-12-25,2025-02-26,28,vic,Credit Card,Full-time,128k,8000,7200,,568,0,0,30,60,90,120,1
APP-0586,CUS-0554,Grace Patel | 1999-10-27,2024-09-23,24,New South Wales,CC,Casual,31300,15000,15000,,597,0,0,0,0,0,0,0
APP-0741,CUS-0160,Noah Nguyen | 1983-06-29,2023-04-20,39,Victoria,Credit Card,Full-time,53900,2000,1400,,770,0,0,0,0,0,0,0
APP-0269,CUS-0515,Mason Lee | 2000-11-07,2024-10-25,23,Victoria,Credit Card,Retired,52200,5000,3500,,594,0,0,0,0,0,0,0
APP-0882,CUS-0859,Ethan Young | 1982-06-22,2023-01-03,40,nt,Credit Card,Full-time,33500,10000,5000,,614,0,0,0,0,0,0,0
APP-1125,CUS-0362,Jack Chen | 1985-10-24,2023-07-11,37,nsw,credit card,Part-time,64800,15000,7500,,745,0,0,0,0,30,60,0
APP-0361,CUS-0971,Lily Patel | 2001-10-22,2024-03-03,22,QLD,Personal Loan,Full-time,,32000,25600,36 mths,598,0,0,0,0,0,0,0
APP-1210,CUS-0673,Lucas Smith | 1980-04-19,2023-11-03,43,nsw,Credit Card,Self-employed,97300,2000,1800,,586,0,0,0,0,0,0,0
APP-0728,CUS-0121,Archie Nguyen | 1975-09-01,2025-03-27,43,Queensland,Credit Card,Full-time,57900,25000,25000,,735,0,0,0,0,0,0,N
APP-0428,CUS-0338,Chloe Smith | 1995-05-28,2024-02-06,28,QUEENSLAND,Credit Card,Full-time,28200,10000,5000,,463,30,60,90,120,150,180,1
APP-1118,CUS-0941,Chloe Chen | 1979-10-31,2023-06-26,43,VIC,Personal Loan,Casual,46000,25500,23000,48 mths,595,0,0,0,0,0,0,0
APP-0167,CUS-0174,Liam Patel | 1954-02-22,31/08/2024,70,Australian Capital Territory,personal loan,FULL-TIME,31800,24000,24000,3 yrs,713,0,0,0,0,0,0,0
APP-0593,CUS-0679,Ruby Lee | 1977-10-08,2023-06-08,45,nsw,P. Loan,Retired,56300,39500,39500,60 months,618,0,0,30,60,90,120,1
APP-0087,CUS-0663,Noah Patel | 1978-08-16,04 Apr 2025,46,Western Australia,Credit Card,Retired,82600,8000,8000,,780,30,60,0,0,0,0,N
APP-0808,CUS-0469,Archie Kelly | 1975-06-18,2023-03-21,47,QLD,Credit Card,SELF-EMPLOYED,29000,5000,4000,,862,0,0,0,0,0,0,0
APP-0549,CUS-0686,Lucas Wilson | 1967-06-11,2023-06-29,56,VICTORIA,Personal Loan,Full-time,28600,42000,29400,12 mths,683,30,0,0,0,0,0,0
APP-1261,CUS-0580,Lily Brown | 1998-12-12,2024-12-14,26,Tasmania,credit card,Part-time,70800,8000,8000,,662,0,0,0,0,0,0,0
APP-0189,CUS-0255,Mia Taylor | 1995-06-12,2025-05-07,29,sa,Personal Loan,  Full-time ,73600,8500,6000,60 mths,688,0,0,0,0,0,0,0
APP-0488,CUS-0016,Mason Chen | 1972-10-28,2024-06-21,51,NEW SOUTH WALES,Personal Loan,Part-time,97200,47500,38000,48 months,541,0,0,0,0,0,0,0
APP-1340,CUS-0593,Noah Young | 1995-09-29,01/08/2024,28,NSW,Personal Loan,Casua1,48400,49500,49500,48 months,692,0,0,0,0,0,0,0
APP-1001,CUS-0813,Ruby Young | 1957-02-09,2024-07-24,67,Victoria,Credit Card,Casual,44700,25000,22500,,790,0,0,0,0,30,60,0
APP-0843,CUS-0576,Ava Nguyen | 1998-02-21,2023-07-04,25,New South Wales,Credit Card,unknown,27700,2000,2000,,503,0,0,0,0,0,0,0
APP-0945,CUS-0311,Ruby Chen | 1976-03-26,02/02/2025,48,VIC,Credit Card,Part-time,32000,2000,1000,,696,0,0,0,0,0,0,0
APP-0872,CUS-0285,Lily Hughes | 1955-06-22,03/01/2023,67,WA,personal loan,casual,125000,20000,20000,60 months,688,0,0,0,0,0,0,0
APP-0538,CUS-0848,Leo Patel | 1981-05-01,22/05/2024,43,Western Australia,Credit Card,Part-time,60100,15000,13500,,708,0,0,0,0,0,0,0
APP-0124,CUS-0468,Liam Hughes | 2000-01-27,2024-06-08,24,NSW,Credit Card,FULL-TIME,25100,2000,2000,,766,0,0,0,0,0,0,0
APP-0744,CUS-0459,Noah Murray | 1974-01-06,2024-09-30,50,Northern Territory,Credit Card,full-time,96700,25000,22500,,N/A,0,0,0,0,0,0,0
APP-0244,CUS-0583,Chloe Smith | 1976-11-20,26 Jun 2024,47,QLD,Personal Loan,Full-time,60000,5500,5500,60 months,788,0,0,0,0,0,0,0
APP-1070,CUS-0862,Henry Evans | 1998-12-09,2024-05-10,25,tas,Personal Loan,Unemployed,43900,12500,10000,1 yrs,608,0,30,60,90,120,150,1
APP-0726,CUS-0060,Lucas Evans | 1990-04-18,2024-09-13,34,QLD,Credit Card,Full-time,50400,2000,2000,,697,0,0,0,30,60,90,1
APP-1350,CUS-0673,Lucas Smith | 1980-04-19,2023-08-13,43,nsw,Credit Card,Part-time,71700,25000,20000,,761,0,0,0,0,0,0,1
APP-1263,CUS-0612,Isla Walker | 1971-06-02,2024-02-03,52,VIC,CREDIT CARD,Full-time,50500,25000,25000,,713,0,0,0,0,0,0,0
APP-1128,CUS-0175,Isla Nguyen | 1986-11-05,2024-02-19,51,WA,Credit Card,Full-time,71600,10000,10000,,722,0,0,0,0,0,0,0
APP-1343,CUS-0113,Archie Patel | 1995-09-06,2023-06-04,27,New South Wales,personal loan,SELF-EMPLOYED,unknown,20000,20000,5 yrs,737,0,0,0,0,0,0,0
APP-0698,CUS-0268,Isla Wilson | 1960-05-23,2023-09-09,63,NSW,Personal Loan,Full-time,65100,22500,22500,48 mths,N/A,0,0,30,60,90,120,1
APP-1188,CUS-0869,Chloe Smith | 1997-03-15,22/04/2025,28,vic,Credit Card,  Full-time ,36000,2000,2000,,N/A,0,0,0,0,0,0,0
APP-1053,CUS-0460,Lily Singh | 1979-05-26,11/06/2023,44,QUEENSLAND,Personal Loan,Retired,77900,8500,8500,48 months,529,0,0,30,60,90,120,Y
APP-0058,CUS-0782,Grace Kelly | 1988-09-17,31/03/2024,35,nsw,Credit Card,Full-time,91200,10000,5000,,809,0,0,0,0,0,0,0
APP-0250,CUS-0970,Henry Walker | 1957-12-18,04/03/2024,66,QLD,Credit Card,Self-employed,109200,5000,4000,,754,0,0,0,0,0,30,0
APP-0029,CUS-0100,Lily Smith | 2002-10-04,2024-10-01,21,New South Wales,Credit Card,Casual,95000,15000,7500,,814,0,0,0,0,0,0,0
APP-0595,CUS-0094,Leo Chen | 1994-03-04,26 Jul 2024,30,SA,Personal Loan,  Full-time ,27500,12500,12500,48 mths,625,0,0,0,0,0,0,0
APP-0020,CUS-0088,Liam Singh | 1975-09-29,2023-01-04,47,vic,PL,full-time,47600,47500,47500,24 months,641,0,0,0,30,60,0,0
APP-1019,CUS-0914,Jack Kelly | 1957-01-06,22/03/2023,66,Victoria,Credit Card,Part-time,103200,2000,1600,,580,0,0,30,60,90,120,1
APP-1037,CUS-0047,Ethan Smith | 1998-02-17,31/11/2024,25,NSW,Credit Card,FULL-TIME,36600,5000,5000,,663,0,0,0,0,0,0,0
APP-0935,CUS-0803,Lily Lee | 1970-02-26,2023-01-16,52,QUEENSLAND,Credit Card,Full-time,35500,5000,9700,,550,0,0,0,0,30,0,0
APP-0751,CUS-0380,Zoe Khan | 1961-06-27,2025-05-17,63,qld,Personal Loan,Full-time,88600,5000,5000,36 mths,531,0,0,0,0,0,0,0
APP-0401,CUS-0453,Olivia Lee | 1963-11-17,2023-10-05,59,NSW,Credit Card,Full-time,"$46,200",10000,10000,,595,0,0,0,0,0,0,0
APP-0212,CUS-0165,Isla Evans | 1990-04-06,2024-05-21,34,New South Wales,Credit Card,Part-time,53600,25000,25000,,746,0,0,0,30,60,0,0
APP-0724,CUS-0655,Henry Kelly | 1985-06-14,2023-12-05,38,VIC,Credit Card,Retired,90200,8000,8000,,634,0,0,0,0,0,0,0
APP-0340,CUS-0330,Noah Patel | 1996-09-09,2024-07-01,27,New South Wales,Credit Card,FULL-TIME,68100,10000,10000,,761,0,0,0,30,60,0,0
APP-0350,CUS-0602,Archie Hughes | 1954-02-01,2023-04-10,69,VIC,CC,Part-time,0,8000,6400,,607,0,30,60,90,120,150,1
APP-1207,CUS-0667,Lucas Murray | 1977-11-02,06 Apr 2024,46,NSW,Personal Loan,Self-employed,69100,28000,22400,12 months,761,0,0,0,0,0,0,0
APP-0052,CUS-0685,Leo Smith | 1971-08-15,2087-11-09,53,NSW,Credit Card,FULL-TIME,60700,10000,10000,,842,30,60,0,0,0,0,0
APP-0425,CUS-0444,Jack Khan | 1983-01-10,2024-12-08,41,VIC,Credit Card,Full-time,56200,10000,10000,,806,0,0,0,0,0,0,0
APP-0896,CUS-0376,Oscar Young | 1968-06-02,2024-11-29,56,NT,credit card,Full-time,88600,25000,17500,,547,0,0,0,0,0,0,0
APP-0731,CUS-0067,Liam Singh | 1959-07-10,14/08/2023,64,QUEENSLAND,CREDIT CARD,Unemployed,"$28,400",25000,20000,,567,0,0,0,30,0,0,0
APP-0059,CUS-0737,Archie Chen | 1954-12-24,2024-11-11,69,NSW,CC,Full-time,36800,10000,10000,,784,0,0,0,0,0,0,0
APP-0730,CUS-0127,Noah Brown | 1993-08-14,14/08/2023,30,WESTERN AUSTRALIA,CREDIT CARD,Casual,89700,10000,10000,,576,0,0,0,0,0,0,0
APP-0049,CUS-0806,Isla Khan | 1973-04-29,17 Jun 2025,52,NSW,Credit Card,FULL-TIME,63500,10000,10000,,739,0,0,0,0,0,0,0
APP-1230,CUS-0345,Isla Nguyen | 1957-07-16,2024-09-07,67,NSW,Personal Loan,Casual,100100,38500,27000,24 mths,740,0,0,0,0,0,0,0
APP-0043,CUS-0401,Archie Taylor | 1958-04-25,2024-05-15,66,VIC,PL,Full-time,70k,11000,7700,24 months,683,0,0,0,0,0,30,0
APP-1253,CUS-0253,Jack Brown | 1985-04-25,22/10/2023,38,VIC,Credit Card,Full-time,53600,15000,15000,,726,0,0,0,0,0,0,0
APP-0762,CUS-0503,Ethan Lee | 1986-01-11,2023-05-29,37,NEW SOUTH WALES,credit card,Full-time,54700,5000,4500,,535,0,0,0,0,30,60,0
APP-0333,CUS-0767,Leo Wilson | 1961-09-29,2025-01-31,63,QLD,Personal Loan,Full-time,58800,22000,11000,48 months,9999,0,30,0,0,0,0,0
APP-1285,CUS-0691,Archie Taylor | 1992-06-20,2024-01-17,31,NSW,Personal Loan,Full-time,,48000,33600,24 months,709,0,0,30,60,0,0,0
APP-0127,CUS-0344,Mia Kelly | 1954-09-26,12/03/2023,68,VIC,CC,Full-time,55700,5000,5000,,818,0,0,0,0,0,0,0
APP-0363,CUS-0669,Ella Wilson | 1955-11-15,08/01/2025,69,ACT,Credit Card,Part-time,77.1,2000,1600,,572,0,0,0,0,0,0,0
APP-0982,CUS-0965,Isla Nguyen | 1981-01-29,30/04/2023,42,NSW,Credit Card,Full-time,102300,15000,13500,,650,0,0,0,0,0,0,0
APP-1131,CUS-0846,Henry Evans | 1984-02-08,2025-05-24,41,vic,CC,Part-time,89800,10000,10000,,898,0,0,0,0,0,0,0
APP-1156,CUS-0203,Mia Evans | 1966-03-19,04/03/2023,56,NEW SOUTH WALES,credit card,Full-time,47700,8000,4000,,728,0,0,0,0,0,0,0
APP-1391,CUS-0062,Ruby Walker | 1965-01-23,06 Jun 2023,58,New South Wales,Credit Card,Retired,92800,15000,15000,,685,0,0,0,0,0,0,0
APP-0302,CUS-0197,Liam Nguyen | 1969-12-07,2024-05-12,54,VIC,Personal Loan,Full-time,58400,27500,27500,36 months,540,0,0,0,0,0,0,0
APP-0957,CUS-0318,Lucas Singh | 1962-06-27,2025-03-26,62,New South Wales,Credit Card,Fu11-t1me,70200,10000,8000,,814,0,0,0,0,0,0,0
APP-0120,CUS-0657,Ruby Kelly | 1968-08-15,2023-04-02,54,VIC,Personal Loan,  Full-time ,85100,42000,33600,4 yrs,9999,0,0,0,0,0,0,0
APP-0288,CUS-0694,Olivia Patel | 1962-01-29,2024-03-29,62,NT,personal loan,Part-time,62200,20500,20500,60 months,625,0,0,0,0,0,0,0
APP-0510,CUS-0010,Chloe Kelly | 1975-08-18,2024-06-02,48,WA,CREDIT CARD,Full-time,43000,2000,1600,,761,0,0,0,0,0,0,0
APP-0579,CUS-0261,Noah Smith | 1965-03-08,2023-02-08,57,QLD,Credit Card,Part-time,65800,10000,7000,,654,0,0,0,30,60,0,0
APP-0819,CUS-0049,Isla Chen | 1958-09-04,2024-08-28,65,wa,Credit Card,Full-time,44900,10000,10000,,815,0,0,0,0,0,0,0
APP-0596,CUS-0055,Mason Taylor | 1967-05-20,2023-12-20,56,wa,credit card,  Full-time ,122200,2000,2000,,0,0,0,0,0,0,0,N
APP-0764,CUS-0483,Mia Singh | 1999-02-06,01 Mar 2024,25,NSW,CC,Full-time,46400,15000,7500,,492,0,0,0,0,0,0,0
APP-0031,CUS-0790,Grace Taylor | 1980-07-01,2023-04-19,42,NORTHERN TERRITORY,Credit Card,Full-time,99200,8000,7200,,692,0,0,0,0,0,0,0
 APP-0051,CUS-0194,Ava Evans | 2001-08-08,2024-12-23,23,VIC,CREDIT CARD,  Full-time ,85400,15000,10500,,634,0,0,0,0,0,0,0
APP-0358,CUS-0383,Ava Evans | 1996-07-29,08/12/2023,27,VIC,Personal Loan,retired,34900,28000,28000,36 mths,509,0,0,0,0,0,30,0
APP-0202,CUS-0558,Mia Nguyen | 1965-02-18,2023-11-26,58,WESTERN AUSTRALIA,Personal Loan,Part-time,97900,12500,10000,48 months,807,0,0,0,0,0,0,0
APP-0329,CUS-0417,Mia Lee | 1971-10-09,2023-05-17,51,Victoria,Personal Loan,Retired,24900,17500,17500,36 months,792,0,0,0,0,0,0,0
APP-0065,CUS-0182,Oscar Hughes | 1971-07-06,2024-12-06,53,New South Wales,Credit Card,SELF-EMPLOYED,86900,2000,1000,,599,0,0,0,0,0,0,0
APP-0934,CUS-0562,Grace Nguyen | 1990-03-01,2025-02-09,34,New South Wales,P. Loan,Unemployed,29700,33500,33500,2 yrs,765,0,0,0,0,0,0,0
APP-0179,CUS-0348,Jack Khan | 1979-01-15,2025-05-16,46,VIC,credit card,Part-time,47700,5000,5000,,715,30,60,0,0,0,0,0
APP-0672,CUS-0169,Lucas Wilson | 2001-07-16,2024-03-07,22,Queensland,personal loan,,27300,49000,44100,36 months,606,30,60,90,120,150,180,1
APP-0229,CUS-0210,Olivia Nguyen | 1969-05-18,2025-02-16,55,Australian Capital Territory,Personal Loan,Part-time,71800,49000,44100,48 mths,9999,0,0,30,60,0,0,0
APP-1202,CUS-0184,Henry Chen | 1988-11-24,07 Jun 2025,36,qld,CC,Full-time,46000,25000,20000,,608,0,0,0,0,0,0,0
APP-0081,CUS-0461,Ruby Kelly | 1958-01-21,2024-06-15,66,NSW,Credit Card,full-time,108100,10000,16200,,642,0,0,0,0,0,0,0
APP-1072,CUS-0577,Olivia Walker | 1999-11-18,2023-12-29,24,Victoria,Personal Loan,Full-time,30800,31500,28400,36 mths,679,0,0,0,0,0,0,0
APP-1266,CUS-0074,Liam Walker | 1992-05-18,2025-01-29,32,VIC,personal loan,Part-time,64700,36000,32400,1 yrs,815,0,0,0,0,0,0,0
APP-0069,CUS-0508,Oscar Chen | 1959-09-13,05/08/2023,63,NT,credit card,full-time,81400,10000,10000,,715,30,60,90,120,150,180,1
APP-0328,CUS-0998,Grace Patel | 1971-07-25,2023-07-22,51,WA,Personal Loan,Full-time,,19000,15200,60 months,763,0,0,0,0,0,0,0
APP-1244,CUS-0243,Henry Kelly | 2002-08-12,2025-04-27,22,VICTORIA,Credit Card,Casual,66200,25000,12500,,533,0,0,0,0,0,0,0
APP-0285,CUS-0482,Ella Wilson | 1973-09-01,02/03/2025,51,VIC,Credit Card,Casual,49100,25000,22500,,667,0,0,0,0,0,0,0
APP-0960,CUS-0035,Archie Murray | 2001-05-20,11 Feb 2023,21,NSW,Personal Loan,SELF-EMPLOYED,71000,19000,15200,60 mths,614,0,0,0,0,0,0,0
APP-0597,CUS-0246,Mason Singh | 1970-10-03,03/11/2023,53,QLD,Credit Card,unknown,79900,5000,5000,,625,0,0,0,0,0,0,0
APP-0713,CUS-0025,Ruby Nguyen | 1980-02-16,21 Aug 2024,44,SA,CREDIT CARD,Self-employed,73100,10000,7000,,618,0,0,30,60,0,0,N
APP-0970,CUS-0320,Olivia Hughes | 1976-02-05,2023-02-01,46,VIC,Personal Loan,Retired,77600,21500,10800,12 months,761,0,0,0,0,0,0,0
APP-0210,CUS-0411,Ethan Murray | 1997-12-21,2023-08-30,25,qld,Credit Card,Retired,27000,25000,37600,,746,0,0,30,60,0,0,0
APP-1189,CUS-0446,Isla Kelly | 1999-05-05,2024-03-21,24,sa,P. Loan,Full-time,33800,7000,7000,48 months,547,30,60,90,120,150,180,1
APP-0098,CUS-0393,Isla Walker | 1969-08-21,2023-09-10,54,QLD,Credit Card,Full-time,27200,15000,15000,,735,0,0,0,0,0,0,1
APP-1141,CUS-0159,Isla Brown | 1961-09-11,2024-12-17,63,QLD,Personal Loan,Full-time,42900,38500,38500,24 months,518,0,0,0,0,0,0,0
APP-1116,CUS-0909,Ava Smith | 1975-09-16,2023-09-22,48,SA,CREDIT CARD,,38100,8000,8000,,688,0,0,0,0,0,0,0
APP-0472,CUS-0157,Jack Taylor | 1969-12-01,2023-10-20,53,QLD,Credit Card,Full-time,44700,2000,1600,,709,0,30,0,0,0,0,0
APP-0500,CUS-0607,Jack Wilson | 1982-07-17,22/09/2024,42,NSW,Credit Card,Retired,64.9,8000,4000,,760,0,0,0,0,0,0,0
APP-1352,CUS-0072,Olivia Wilson | 1978-02-16,2024-07-27,46,WA,Credit Card,full-time,67200,15000,15000,,1000,0,0,30,60,90,120,1
APP-0655,CUS-0678,Grace Evans | 1995-07-25,2023-11-22,28,VIC,P. Loan,Retired,39400,38000,38000,60 months,N/A,0,0,0,0,0,0,0
APP-1089,CUS-0202,Ruby Walker | 1966-05-02,2024-12-08,58,Queensland,Credit Card,Full-time,-1,8000,5600,,718,0,0,0,30,60,90,1
APP-0801,CUS-0104,Liam Chen | 1970-06-02,2023-02-07,52,QLD,Personal Loan,Full-time,153600,6000,3000,24 mths,587,0,0,0,0,0,0,0
APP-0443,CUS-0634,Noah Wilson | 1971-07-23,20/03/2024,52,QLD,credit card,Part-time,49000,15000,12000,,605,0,0,0,30,60,90,1
APP-0857,CUS-0745,Ruby Hughes | 1993-07-13,03/09/2023,30,vic,Credit Card,Part-time,"$53,500",25000,20000,,659,0,0,0,0,0,30,0
APP-1064,CUS-0479,Lucas Singh | 1997-10-13,2023-07-22,25,NT,Credit Card,Retired,25500,5000,5000,,740,0,0,0,0,0,0,0
APP-0611,CUS-0810,Ava Young | 1979-08-22,03 May 2025,45,SOUTH AUSTRALIA,Credit Card,Full-time,80.0,10000,7000,,664,0,0,0,0,0,0,0
APP-0582,CUS-0047,Ethan Smith | 1998-02-17,2023-05-09,25,nsw,credit card,Full-time,83600,25000,47300,,641,0,30,0,0,0,0,0
APP-1219,CUS-0189,Jack Wilson | 1961-10-25,29/03/2025,63,VIC,credit card,Part-time,63300,2000,1600,,747,0,0,0,0,0,0,0
APP-0459,CUS-0222,Ethan Brown | 1999-01-21,2024-07-18,40,NSW,CREDIT CARD,Full-time,29800,10000,9000,,511,0,0,30,60,90,120,1
APP-0750,CUS-0057,Lucas Lee | 1971-12-13,2023-07-26,51,vic,CREDIT CARD,Retired,72000,5000,4500,,732,0,0,0,0,0,0,0
APP-0336,CUS-0135,Liam Young | 1983-01-01,2023-05-06,40,SA,CREDIT CARD,Full-time,37200,10000,10000,,644,30,60,0,0,0,0,0
APP-0133,CUS-0253,Jack Brown | 1985-04-25,2023-07-25,38,VIC,personal loan,Full-time,77300,23000,20700,60 months,708,0,0,0,0,0,30,0
APP-1371,CUS-0900,Olivia Smith | 1963-01-09,05/04/2024,61,VIC,Personal Loan,part-time,,38000,30400,24 months,640,0,0,30,60,90,120,1
APP-0354,CUS-0220,Grace Hughes | 1978-08-15,2023-03-04,44,NSW,Credit Card,Full-time,60300,8000,5600,,660,0,0,0,0,0,0,N
APP-0073,CUS-0876,Lily Brown | 1975-01-28,11/01/2023,47,Western Australia,Credit Card,  Full-time ,83600,8000,8000,,682,0,0,30,60,90,120,Y
APP-1007,CUS-0321,Lily Young | 1979-02-21,18 Apr 2024,45,QLD,Credit Card,Part-time,32000,25000,25000,,788,0,0,0,0,0,0,0
APP-0144,CUS-0575,Mason Walker | 1962-12-22,2025-03-25,62,New South Wales,Credit Card,part-time,80200,8000,6400,,653,0,0,0,0,0,0,1
APP-1057,CUS-0864,Jack Taylor | 1964-08-20,2023-05-06,58,NSW,credit card,Full-time,101600,25000,25000,,564,0,0,0,0,0,0,N
APP-0632,CUS-0938,Isla Evans | 1958-03-11,2023-01-02,64,NSW,Credit Card,Full-time,33900,2000,1000,,762,0,0,0,0,0,0,N
APP-0756,CUS-0117,Isla Hughes | 1988-12-11,2023-06-05,34,NSW,Credit Card,CASUAL,70800,5000,5000,,622,0,0,30,60,90,120,1
APP-0417,CUS-0974,Archie Kelly | 1957-09-05,2024-03-29,66,QLD,Personal Loan,Retired,76100,29000,14500,24 mths,593,0,0,0,0,0,0,0
APP-0589,CUS-0725,Lucas Brown | 1967-03-25,2024-08-29,57,NSW,CREDIT CARD,Full-time,48100,10000,10000,,698,0,0,0,0,0,0,0
APP-0121,CUS-0064,Archie Patel | 1997-05-18,13/11/2023,26,qld,Credit Card,Full-time,79300,15000,15000,,814,0,0,0,0,0,0,0
APP-0315,CUS-0608,Archie Kelly | 1988-12-31,11/10/2023,34,VIC,Personal Loan,full-time,52100,46500,32500,24 months,630,0,0,0,30,0,0,N
APP-0403,CUS-0145,Lucas Singh | 1988-07-30,07 May 2023,34,nsw,Personal Loan,Casual,61700,36500,18200,60 months,642,0,0,0,0,0,0,0
APP-0870,CUS-0840,Ethan Walker | 1957-07-03,2024-12-12,67,WA,Credit Card,Full-time,53000,8000,7200,,510,0,0,0,0,0,0,N
APP-0678,CUS-0559,Olivia Patel | 1962-04-27,2025-03-13,62,Victoria,Credit Card,Full-time,31700,8000,4000,,738,0,0,0,0,0,0,0
APP-1194,CUS-0328,Oscar Young | 1963-02-15,2023-03-02,60,NEW SOUTH WALES,Credit Card,Full-time,"$35,200",15000,12000,,735,0,0,0,30,0,0,0
APP-0746,CUS-0354,Archie Chen | 1998-02-13,2023-01-25,24,QUEENSLAND,Credit Card,Full-time,52100,10000,8000,,666,0,0,0,0,0,30,0
APP-0491,CUS-0007,Lily Nguyen | 1980-10-19,2024-03-28,43,New South Wales,Credit Card,Full-time,,8000,8000,,857,0,0,0,0,0,0,0
APP-0209,CUS-0830,Ruby Wilson | 1961-12-14,2023-07-31,61,vic,Personal Loan,Full-time,59700,36000,36000,3 yrs,592,0,0,0,0,0,0,0
APP-1159,CUS-0744,Grace Smith | 1968-05-20,03/08/2023,55,SA,Credit Card,Casual,76900,10000,10000,,815,0,0,0,0,0,0,0
APP-0981,CUS-0070,Archie Brown | 1987-02-11,12/11/2023,36,QUEENSLAND,CREDIT CARD,Retired,unknown,25000,25000,,724,0,0,0,0,0,0,0
APP-0473,CUS-0492,Ava Wilson | 1978-03-06,24/08/2024,46,VIC,Credit Card,Retired,345600,8000,8000,,539,0,0,0,0,0,0,0
APP-0612,CUS-0957,Ava Kelly | 1969-02-05,2023-09-19,54,WA,Credit Card,Full-time,,2000,1400,,654,0,0,0,0,0,0,0
APP-0990,CUS-0610,Olivia Wilson | 1982-11-08,2023-08-15,40,nsw,Personal Loan,  Full-time ,,30000,30000,24 months,699,0,0,0,0,0,0,0
APP-0155,CUS-0153,Oscar Walker | 1963-01-20,11/03/2023,60,QLD,credit card,Full-time,N/A,2000,1000,,595,30,60,90,120,150,180,1
APP-0928,CUS-0180,Grace Smith | 1962-02-08,11 Aug 2024,62,NSW,Personal Loan,Unemployed,60600,9000,7200,24 months,617,0,0,0,0,0,0,0
APP-0176,CUS-0248,Noah Walker | 1992-10-08,2023-10-30,31,qld,Credit Card,Self-employed,64300,8000,5600,,606,30,60,90,120,150,180,1
APP-0008,CUS-0675,Grace Kelly | 1975-05-20,03 Mar 2025,49,SA,CC,Self-employed,97200,8000,8000,,698,0,0,30,0,0,0,0
APP-1105,CUS-0491,Henry Singh | 1974-09-30,2023-02-15,48,NSW,Personal Loan,Retired,49100,28500,28500,36 months,661,0,0,0,0,0,0,0
APP-1309,CUS-0521,Lucas Singh | 1984-10-25,07/11/2024,40,NSW,Personal Loan,Full-time,52900,44000,44000,60 months,636,0,0,0,0,0,0,N
APP-0615,CUS-0784,Ava Young | 1970-03-20,2025-05-18,55,New South Wales,Personal Loan,Full-time,62000,33000,33000,36 mths,826,0,0,0,0,0,0,0
APP-0153,CUS-0249,Oscar Lee | 1960-03-14,2025-01-30,64,New South Wales,Personal Loan,Self-employed,60900,14000,7000,12 mths,0,0,0,0,0,0,0,0
APP-1267 ,CUS-0545,Lucas Hughes | 2002-02-04,2025-01-31,22,Victoria,PERSONAL LOAN,Retired,46100,11000,11000,24 months,612,0,30,60,90,120,150,1
APP-0988,CUS-0313,Archie Chen | 1962-12-22,2024-05-14,61,NSW,Credit Card,Full-time,N/A,5000,4500,,682,0,30,60,0,0,0,0
APP-0671,CUS-0162,Jack Khan | 1992-07-18,06/11/2024,32,VIC,Credit Card,Self-employed,78300,5000,5000,,700,0,0,0,0,0,0,0
APP-0239,CUS-0844,Lily Wilson | 1960-03-06,08/09/2023,63,VIC,personal loan,Self-employed,102100,15500,7800,12 months,635,0,0,0,0,0,0,0
APP-0360,CUS-0487,Lily Taylor | 1982-10-29,19/09/2023,40,TAS,credit card,Part-time,"$94,800",8000,5600,,639,0,0,0,0,0,0,0
APP-0079,CUS-0628,Zoe Smith | 1991-10-07,2025-05-02,33,NEW SOUTH WALES,credit card,Self-employed,64800,15000,15000,,755,0,0,0,30,60,0,0
APP-0228,CUS-0920,Lily Lee | 1984-07-12,03/07/2023,38,QUEENSLAND,Credit Card,Part-time,63200,15000,7500,,900,0,0,0,0,0,0,0
APP-1252,CUS-0145,Lucas Singh | 1988-07-30,2023-12-28,35,NSW,Credit Card,unknown,66500,5000,4000,,661,0,0,0,0,0,0,N
APP-0871,CUS-0134,Chloe Wilson | 1970-02-22,23/01/2023,52,qld,Credit Card,  Casual ,25100,15000,15000,,811,0,0,0,0,0,0,0
APP-0117,CUS-0114,Ruby Khan | 1987-07-22,2025-05-10,37,Victoria,Credit Card,Full-time,100100,8000,6400,,639,0,0,0,0,0,0,0
APP-0324,CUS-0403,Mason Patel | 1969-02-13,2023-02-13,54,wa,Credit Card,Retired,30600,25000,22500,,582,0,0,0,0,0,0,0
APP-0147,CUS-0424,Isla Murray | 1958-07-29,2023-02-16,64,qld,Credit Card,Full-time,59700,15000,15000,,838,0,0,0,0,0,30,0
APP-1396,CUS-0010,Chloe Kelly | 1975-08-18,24/03/2023,47,WESTERN AUSTRALIA,Personal Loan,Full-time,103900,39000,27300,60 mths,746,0,0,30,0,0,0,0
APP-0174,CUS-0589,Lucas Evans | 1998-12-04,2025-04-26,26,NSW,Personal Loan,Full-time,54700,22500,22500,36 months,584,0,0,0,0,0,0,0
APP-0657,CUS-0540,Lucas Kelly | 1968-03-02,2025-05-07,57,New South Wales,CC,Self-employed,55600,2000,2000,,641,0,30,60,90,120,150,1
APP-0294,CUS-0873,Zoe Nguyen | 1954-02-16,18/09/2024,70,SOUTH AUSTRALIA,Credit Card,Full-time,70700,2000,1600,,675,30,60,90,120,150,180,1
APP-0047,CUS-0968,Henry Chen | 1959-02-02,2023-01-21,63,NEW SOUTH WALES,personal loan,Part-time,103700,6500,3200,12 months,682,0,0,0,0,0,0,0
APP-0806,CUS-0863,Jack Murray | 2000-01-26,2023-07-28,23,VIC,Credit Card,Full-time,,5000,4500,,795,0,0,0,0,0,0,0
APP-1197,CUS-0123,Ethan Hughes | 1970-11-13,27/08/2024,53,WA,P. Loan,Self-employed,"$89,500",13500,6800,24 months,514,0,0,30,60,90,120,1
APP-0148,CUS-0900,Olivia Smith | 1963-01-09,2023-05-26,60,vic,Personal Loan,Part-time,"$78,100",18000,18000,36 months,771,0,0,0,0,0,0,0
APP-0154,CUS-0474,Jack Evans | 2002-02-04,2023-05-19,21,WESTERN AUSTRALIA,Credit Card,Full-time,35700,10000,8000,,784,30,60,0,0,0,0,N
APP-0540,CUS-0489,Leo Young | 1996-11-06,2023-06-10,26,Western Australia,Credit Card,Casual,46500,10000,10000,,779,0,0,0,0,0,0,0
APP-0624,CUS-0593,Noah Young | 1995-09-29,24/07/2024,28,NSW,Credit Card,Full-time,60300,10000,10000,,733,0,0,0,0,0,0,0
APP-0165,CUS-0705,Archie Chen | 1977-12-24,2024-02-16,46,NEW SOUTH WALES,P. Loan,Self-employed,"$72,500",28000,28000,48 months,735,0,0,0,0,30,0,0
APP-1146,CUS-0038,Ethan Nguyen | 1973-10-15,06 Dec 2024,51,New South Wales,Credit Card,Casual,68100,15000,10500,,681,0,0,0,0,0,0,0
APP-0892,CUS-0775,Ethan Wilson | 1993-05-13,2025-04-15,31,VIC,CC,Part-time,120900,25000,17500,,775,0,0,0,0,0,0,0
APP-0598,CUS-0620,Olivia Walker | 1966-08-10,27/11/2023,57,QLD,Personal Loan,Full-time,41000,23000,20700,24 mths,900,0,0,0,0,0,0,0
APP-0530,CUS-0271,Ethan Evans | 1989-05-26,2024-01-20,34,QLD,Credit Card,Self-employed,45800,2000,1600,,746,0,0,0,0,0,0,0
APP-0430,CUS-0097,Liam Nguyen | 1992-02-14,04/01/2024,31,nsw,CREDIT CARD,Part-time,43700,10000,9000,,803,0,0,0,0,0,0,0
APP-1376,CUS-0988,Lily Taylor | 1982-07-07,2025-05-14,42,nsw,Credit Card,Full-time,29900,10000,8000,,N/A,0,0,0,0,0,0,0
APP-0387,CUS-0023,Henry Evans | 1985-05-07,2025-03-02,39,VIC,Credit Card,Full-time,108300,10000,10000,,848,0,0,0,0,0,0,0
APP-1389,CUS-0920,Lily Lee | 1984-07-12,2024-02-25,39,Queensland,Credit Card,Part-time,54200,5000,4000,,701,0,0,0,30,60,0,0
APP-0123,CUS-0928,Oscar Chen | 1959-02-10,2024-12-08,65,VIC,Personal Loan,Self-employed,54400,46500,46500,24 months,741,0,0,0,0,0,0,0
APP-0096,CUS-0604,Zoe Smith | 1999-01-14,2023-06-26,24,NSW,Credit Card,Full-time,57800,15000,10500,,671,30,60,90,120,150,180,1
APP-0211,CUS-0560,Ruby Patel | 1973-08-11,2025-04-28,51,NSW,Credit Card,Full-time,23700,2000,2000,,N/A,0,30,60,90,120,150,1
APP-0046,CUS-0229,Lily Lee | 1988-11-21,2025-03-16,36,NT,Personal Loan,Full-time,N/A,30000,15000,12 months,657,0,30,60,0,0,0,0
APP-0588,CUS-0397,Liam Hughes | 1990-01-08,2024-10-29,34,vic,Personal Loan,Full-time,unknown,13000,13000,48 months,843,0,0,0,0,0,0,0
APP-0553,CUS-0072,Olivia Wilson | 1978-02-16,27/03/2023,45,WA,CREDIT CARD,Casual,72100,15000,10500,,860,0,0,0,0,0,0,0
APP-0163,CUS-0218,Ruby Hughes | 1971-12-08,2024-04-04,52,WA,Personal Loan,Self-employed,35500,25500,25500,36 months,692,0,0,0,0,0,0,N
APP-0383,CUS-0891,Jack Patel | 1997-05-17,2024-06-15,27,QLD,Personal Loan,Full-time,"$138,300",17000,13600,60 months,708,0,0,30,0,0,0,N
APP-0952,CUS-0624,Leo Wilson | 1978-09-26,2024-12-20,46,QLD,Credit Card,Casual,58100,25000,22500,,606,0,0,0,0,0,0,0
APP-0963,CUS-0671,Mason Chen | 1981-08-22,2023-05-08,41,VICTORIA,Personal Loan,Self-employed,52100,15000,15000,12 mths,684,0,30,60,0,0,0,1
APP-0734,CUS-0708,Leo Kelly | 1989-09-16,2023-10-08,34,nsw,credit card,Full-time,113500,10000,8000,,709,0,0,0,0,30,60,0
APP-0486,CUS-0061,Ruby Evans | 1997-09-05,14/09/2023,26,QLD,credit card,Retired,,2000,1600,,483,0,0,0,0,0,0,0
APP-0191,CUS-0040,Oscar Patel | 1976-04-16,03 Mar 2024,47,NEW SOUTH WALES,personal loan,Retired,78k,17000,17000,24 months,635,0,0,0,0,0,0,0
APP-0856,CUS-0228,Liam Walker | 1966-10-26,2024-01-28,57,NSW,Personal Loan,Fu11-t1me,48900,37500,26200,48 months,599,0,30,60,0,0,0,0
APP-0516,CUS-0910,Chloe Patel | 1961-04-26,2023-07-07,62,qld,Credit Card,Self-employed,83000,2000,2000,,608,0,0,0,0,0,0,0
APP-0996,CUS-0681,Olivia Nguyen | 1973-11-20,2024-01-09,50,WESTERN AUSTRALIA,PL,Full-time,33600,47000,47000,60 months,608,0,0,0,0,0,0,0
APP-0788,CUS-0733,Ethan Khan | 1974-01-31,13/09/2024,50,wa,Credit Card,Full-time,49300,5000,3500,,759,0,0,0,0,0,0,0
APP-0169,CUS-0851,Mason Young | 1972-10-28,23 Jun 2023,50,Victoria,CREDIT CARD,Fu11-t1me,45700,2000,2000,,666,0,30,60,90,120,150,1
APP-0256,CUS-0404,Jack Chen | 1989-04-14,2024-02-23,34,WA,Credit Card,Unemployed,47700,10000,10000,,838,30,0,0,0,0,0,0
APP-0092,CUS-0980,Leo Murray | 1982-11-22,2024-11-12,41,ACT,CREDIT CARD,Full-time,64000,2000,2000,,641,0,0,0,0,0,0,0
APP-1359,CUS-0617,Lily Brown | 1955-06-11,06/09/2023,68,WA,personal loan,Self-employed,39300,34000,34000,12 months,644,0,0,0,0,0,0,0
APP-0964,CUS-0940,Oscar Chen | 1979-12-16,2023-09-18,52,Queensland,credit card,Full-time,46800,8000,8000,,616,0,0,0,0,0,0,0
APP-0478,CUS-0243,Henry Kelly | 2002-08-12,2025-02-17,22,VICTORIA,Credit Card,FULL-TIME,66100,15000,10500,,741,0,0,0,0,0,0,0
APP-0769,CUS-0337,Grace Hughes | 1957-07-27,2024-01-31,66,QLD,Credit Card,Full-time,77300,25000,25000,,606,30,60,90,120,150,180,Y
APP-0686,CUS-0286,Grace Brown | 1969-01-01,2023-02-26,54,WA,Credit Card,Retired,"$70,100",5000,5000,,594,0,0,0,0,0,0,0
APP-0550,CUS-0538,Olivia Taylor | 1969-06-20,2024-02-04,54,QLD,Personal Loan,Part-time,52400,31000,31000,12 months,822,0,0,0,0,0,0,0
APP-0567,CUS-0323,Ava Murray | 1978-07-21,2024-11-12,46,NSW,CC,Full-time,47000,10000,9000,,467,0,30,60,90,120,150,1
APP-0251,CUS-0599,Jack Murray | 1998-06-11,20 Jun 2025,27,New South Wales,Credit Card,Full-time,61900,25000,25000,,684,0,30,60,90,120,150,1
APP-0371,CUS-0903,Isla Young | 1958-03-27,2025-03-05,66,WA,Personal Loan,Self-employed,168000,32500,32500,60 months,645,0,0,0,0,0,0,0
APP-1374,CUS-0517,Mia Nguyen | 1980-07-15,2024-09-15,44,QLD,Personal Loan,Part-time,"$57,900",26000,13000,48 months,720,0,0,0,0,0,0,0
APP-0170,CUS-0199,Mason Young | 1958-04-29,2024-06-17,66,nsw,Credit Card,Full-time,68000,25000,17500,,562,0,0,0,0,0,0,N
APP-0074,CUS-0914,Jack Kelly | 1957-01-06,17/11/2023,66,vic,Credit Card,Unemployed,68300,8000,7200,,764,0,30,0,0,0,0,0
APP-1238,CUS-0361,Henry Wilson | 1987-03-30,2023-06-09,36,NSW,Credit Card,Full-time,73000,15000,15000,,682,0,0,0,0,0,0,0
APP-0041,CUS-0925,Isla Kelly | 1973-05-30,11/07/2024,51,Western Australia,CC,Full-time,22000,10000,10000,,629,0,0,0,0,0,0,0
APP-1294,CUS-0274,Noah Khan | 1984-10-04,02 Jun 2025,40,VICTORIA,Credit Card,Full-time,44500,10000,5000,,651,0,0,0,0,0,30,0
 APP-0734,CUS-0708,Leo Kelly | 1989-09-16,2023-10-08,34,nsw,CREDIT CARD,Full-time,113500,10000,8000,,709,0,0,0,0,30,60,0
APP-0394,CUS-0800,Grace Walker | 1961-07-29,2023-05-27,61,NSW,Credit Card,full-time,30600,10000,10000,,657,0,0,0,0,0,0,N
APP-0505,CUS-0406,Noah Young | 1991-05-05,2024-04-10,32,wa,Credit Card,Full-time,48600,25000,25000,,N/A,0,30,60,90,120,150,1
APP-0819,CUS-0049,Isla Chen | 1958-09-04,2024-08-28,65,wa,Credit Card,Full-time,44900,10000,10000,,815,0,0,0,0,0,0,0
APP-1245,CUS-0440,Leo Smith | 1957-02-19,2025-05-25,68,nsw,Personal Loan,full-time,84500,28000,19600,48 mths,702,0,0,0,0,0,0,0
APP-0424,CUS-0179,Henry Murray | 1960-03-29,2023-02-16,62,VICTORIA,Personal Loan,unknown,55000,12500,12500,60 months,608,0,0,0,0,0,0,0
APP-0348,CUS-0315,Leo Singh | 1984-04-17,31 Oct 2024,40,VIC,Credit Card,Self-employed,53800,5000,5000,,555,0,0,0,0,0,0,0
APP-0465,CUS-0953,Ruby Lee | 1986-04-30,2025-03-05,38,QLD,Credit Card,Fu11-t1me,50600,8000,8000,,608,0,0,30,0,0,0,0
APP-0422,CUS-0347,Jack Khan | 1989-05-24,2024-12-20,35,NEW SOUTH WALES,Personal Loan,Casual,68400,49500,49500,12 months,752,0,0,0,0,0,0,0
APP-0749,CUS-0776,Ruby Patel | 1964-04-23,12/05/2024,60,sa,Credit Card,  Casual ,28700,10000,10000,,667,30,60,90,120,150,180,1
APP-0569,CUS-0316,Olivia Lee | 1970-08-20,2023-06-16,52,QUEENSLAND,Credit Card,Full-time,70200,25000,12500,,663,0,0,0,0,0,30,0
APP-1279,CUS-0564,Noah Patel | 2002-01-25,08/03/2024,22,WA,Personal Loan,Full-time,53k,26000,18200,48 months,743,0,0,0,0,0,0,0
APP-0710,CUS-0747,Henry Hughes | 1959-10-27,2024-10-31,65,nsw,personal loan,Full-time,,42000,29400,60 months,736,0,0,0,0,0,0,0
APP-0787,CUS-0883,Lily Smith | 1970-03-18,2025-04-25,55,NSW,Credit Card,Full-time,71400,5000,4000,,636,0,0,0,30,0,0,0
APP-1204,CUS-0152,Leo Hughes | 1997-06-12,2023-05-29,25,Queensland,CREDIT CARD,Casual,49900,8000,8000,,N/A,0,0,30,60,0,0,0
APP-1132,CUS-0248,Noah Walker | 1992-10-08,2023-03-04,30,QLD,Credit Card,Full-time,-1,10000,8000,,805,0,0,0,0,0,0,0
APP-0476,CUS-0238,Oscar Brown | 1966-01-26,2023-06-14,57,QLD,Personal Loan,Full-time,137200,42500,29700,24 mths,613,0,0,0,0,0,0,0
APP-0847,CUS-0909,Ava Smith | 1975-09-16,01/02/2023,47,sa,Personal Loan,Casual,68300,28000,28000,12 months,621,0,0,0,0,0,0,0
APP-1368,CUS-0625,Isla Murray | 1964-08-10,28 May 2025,60,QLD,Credit Card,Full-time,38600,10000,10000,,687,0,0,0,0,0,0,0
APP-0116,CUS-0509,Ava Brown | 1982-07-08,11/05/2025,42,QLD,Credit Card,Full-time,49900,10000,7000,,587,0,0,0,0,0,0,0
APP-0297,CUS-0527,Noah Brown | 1967-09-07,2025-03-24,57,Victoria,PL,Part-time,59300,23500,11800,24 months,655,0,0,0,0,0,0,0
APP-0684,CUS-0748,Jack Nguyen | 1967-09-26,2023-09-16,55,SA,personal loan,  Casual ,59100,12000,8400,12 mths,677,0,0,30,0,0,0,0
APP-1297,CUS-0304,Mason Hughes | 1966-01-16,2024-05-08,58,Victoria,credit card,Full-time,80700,2000,2000,,582,0,0,0,0,0,0,N
APP-0469,CUS-0488,Mia Evans | 1968-07-28,2024-01-21,55,QLD,PL,Self-employed,110400,33500,33500,36 mths,586,0,0,0,0,0,0,0
APP-1235,CUS-0858,Olivia Young | 1990-08-23,2024-07-08,33,NSW,Credit Card,Casual,81500,25000,25000,,810,0,0,0,0,0,0,0
APP-0886,CUS-0821,Isla Patel | 1996-12-19,18 Oct 2023,26,WA,Credit Card,Part-time,,8000,4000,,798,0,0,0,0,0,0,0
APP-0451,CUS-0429,Liam Murray | 1956-09-21,29/09/2023,67,NEW SOUTH WALES,personal loan,Full-time,93500,44500,31100,4 yrs,771,0,0,0,0,0,0,0
APP-0335,CUS-0200,Henry Chen | 2000-12-15,2023-09-06,22,NEW SOUTH WALES,Credit Card,Full-time,54700,25000,20000,,895,0,0,30,60,90,120,1
APP-0839,CUS-0763,Isla Wilson | 1992-11-25,2024-04-10,31,NSW,Personal Loan,  Full-time ,43100,19500,17600,24 months,709,0,0,0,30,0,0,0
APP-0028,CUS-0858,Olivia Young | 1990-08-23,2023-05-29,32,NSW,credit card,Part-time,52700,10000,8000,,0,0,30,60,90,120,150,1
APP-1082,CUS-0998,Grace Patel | 1971-07-25,2023-10-07,52,WA,credit card,FULL-TIME,116600,5000,4000,,620,0,0,0,0,0,0,0
APP-0956,CUS-0715,Ava Singh | 1992-07-05,2025-06-05,32,VIC,Credit Card,Self-employed,37100,15000,15000,,809,0,0,0,0,0,0,0
APP-0841,CUS-0750,Zoe Patel | 1988-06-12,2024-06-13,36,VIC,Personal Loan,Part-time,28700,17000,15300,12 mths,576,0,0,0,30,60,90,1
APP-1163,CUS-0787,Noah Khan | 1989-06-01,2023-01-23,33,NSW,Credit Card,Full-time,35500,8000,8000,,675,0,0,0,0,0,0,0
APP-0601,CUS-0441,Leo Evans | 1997-08-13,2024-09-10,27,NSW,credit card,part-time,120700,10000,7000,,802,0,0,0,0,0,0,N
APP-0483,CUS-0893,Ruby Taylor | 1989-11-15,2031-05-20,34,Victoria,Personal Loan,Part-time,72900,20000,16000,12 mths,778,0,0,0,0,30,0,0
APP-1355,CUS-0677,Ava Smith | 1962-03-04,2023-04-10,61,VIC,Credit Card,Full-time,99400,5000,4000,,754,0,0,0,0,0,0,0
APP-1036,CUS-0695,Noah Smith | 1955-11-27,2024-05-25,68,nsw,CREDIT CARD,UNEMPLOYED,63100,15000,29100,,673,0,0,0,0,0,0,0
APP-0850,CUS-0720,Noah Chen | 1994-07-31,2023-07-26,28,NEW SOUTH WALES,Credit Card,Part-time,58800,8000,8000,,677,0,0,0,0,0,0,0
APP-0668,CUS-0598,Lucas Murray | 1956-07-25,2023-07-11,66,VIC,Credit Card,Full-time,50500,8000,8000,,552,0,0,30,60,90,120,1
APP-0760,CUS-0975,Isla Kelly | 1977-10-09,2025-01-31,47,sa,Credit Card,  Full-time ,83600,5000,3500,,688,0,0,0,0,0,0,0
APP-0388,CUS-0757,Archie Nguyen | 1983-11-21,2024-02-21,40,vic,Credit Card,Casual,"$69,800",15000,12000,,697,0,0,0,0,0,0,0
APP-0236,CUS-0521,Lucas Singh | 1984-10-25,04/12/2024,40,New South Wales,Credit Card,Full-time,31000,10000,10000,,755,0,30,0,0,0,0,0
APP-0203,CUS-0284,Mia Chen | 1990-10-12,2023-03-10,32,New South Wales,Personal Loan,Retired,unknown,20500,14300,12 months,526,0,0,30,60,0,0,0
APP-0566,CUS-0008,Ethan Lee | 1967-09-30,2023-06-27,55,NSW,credit card,Retired,155100,10000,16500,,651,0,30,60,0,0,0,0
APP-0017,CUS-0817,Liam Kelly | 1980-11-15,31/05/2025,44,Victoria,Credit Card,Full-time,89600,2000,1600,,604,0,30,60,0,0,0,0
APP-1138,CUS-0909,Ava Smith | 1975-09-16,2023-01-31,47,SA,CREDIT CARD,Casual,216300,5000,4000,,639,0,0,30,60,90,120,1
APP-0898,CUS-0986,Oscar Chen | 1992-04-20,2023-08-19,31,NEW SOUTH WALES,Credit Card,full-time,37200,15000,7500,,720,0,0,30,0,0,0,0
APP-0110,CUS-0496,Chloe Smith | 1960-11-27,2023-07-14,62,QLD,credit card,  Full-time ,50700,5000,2500,,770,0,0,0,0,0,0,0
APP-1392,CUS-0051,Oscar Taylor | 1963-09-28,08/08/2023,59,NSW,CREDIT CARD,full-time,67.7,2000,1000,,839,0,0,0,0,0,0,0
APP-1265,CUS-0417,Mia Lee | 1971-10-09,10/05/2025,53,VIC,Credit Card,Self-employed,93500,2000,2000,,754,0,0,0,0,0,0,0
APP-1012,CUS-0486,Ava Kelly | 1970-10-16,26/01/2023,52,NSW,CC,Full-time,128900,10000,10000,,607,0,0,0,0,0,0,1
APP-1056,CUS-0698,Mason Evans | 1961-01-10,16 Oct 2023,62,Queensland,Credit Card,unknown,40800,25000,17500,,809,0,0,0,0,30,0,0
APP-1375,CUS-0851,Mason Young | 1972-10-28,2023-04-09,50,Victoria,CC,Part-time,64300,15000,15000,,561,0,0,30,60,90,120,1
APP-0159,CUS-0445,Zoe Brown | 1983-03-18,2025-03-10,41,NEW SOUTH WALES,CC,Full-time,120700,10000,9000,,731,0,0,0,0,0,0,N
APP-0263,CUS-0753,Mia Chen | 1961-03-20,2023-12-24,73,South Australia,Credit Card,part-time,129200,25000,25000,,659,0,0,0,0,0,0,0
APP-1066,CUS-0190,Isla Brown | 1997-08-16,2024-08-07,26,NORTHERN TERRITORY,Credit Card,Part-time,49100,8000,8000,,675,0,0,0,0,30,0,N
APP-1234,CUS-0848,Leo Patel | 1981-05-01,03/02/2025,43,WESTERN AUSTRALIA,P. Loan,  Part-time ,110900,33500,16800,36 months,610,0,0,0,0,0,0,0
APP-1153,CUS-0882,Noah Walker | 1964-08-04,2023-08-21,59,vic,Credit Card,Unemployed,34300,25000,25000,,628,0,0,0,0,0,0,0
APP-1270,CUS-0944,Lucas Young | 2001-02-10,2024-09-16,23,Victoria,credit card,Retired,,10000,5000,,689,0,0,0,0,0,0,0
APP-0215,CUS-0729,Isla Nguyen | 1964-01-15,2025-01-17,61,VIC,P. Loan,Full-time,116600,37500,37500,36 mths,734,0,0,0,0,0,0,0
APP-0572,CUS-0878,Henry Nguyen | 1976-05-09,2024-12-23,48,vic,personal loan,Casual,93300,36500,36500,48 months,777,0,0,0,0,0,0,0
APP-1344,CUS-0259,Leo Evans | 1977-06-12,2025-03-06,47,QLD,P. Loan,Full-time,43700,26000,26000,12 months,635,0,0,0,0,0,0,0
APP-0331,CUS-0422,Zoe Hughes | 1988-09-29,2024-04-12,35,VIC,Credit Card,Self-employed,56500,10000,7000,,729,0,0,0,0,0,0,0
APP-0690,CUS-0002,Oscar Khan | 1991-05-23,2024-03-21,32,WA,Credit Card,Fu11-t1me,69800,10000,10000,,540,30,60,90,120,150,180,1
APP-0911,CUS-0480,Chloe Patel | 1983-08-01,2024-08-31,41,Western Australia,CREDIT CARD,Full-time,92300,10000,9000,,683,0,0,30,60,90,120,1
APP-1095,CUS-0746,Jack Wilson | 1984-07-05,2023-10-30,39,qld,Credit Card,Full-time,46300,8000,8000,,638,0,0,0,0,0,0,0
APP-0429,CUS-0245,Mason Smith | 1960-06-20,2023-12-15,63,VIC,Personal Loan,Part-time,61600,7500,7500,36 months,695,0,0,0,0,0,0,0
APP-1170,CUS-0495,Lily Walker | 1971-04-04,16 Jan 2024,52,VIC,Personal Loan,Full-time,63400,17000,11900,12 months,721,0,0,0,0,0,0,0
APP-0738,CUS-0703,Leo Evans | 1981-11-16,2023-04-27,41,New South Wales,Personal Loan,Part-time,51800,26000,20800,5 yrs,811,0,0,0,0,0,0,0
APP-1258,CUS-0369,Noah Lee | 1977-10-24,12 Jan 2023,45,Victoria,Credit Card,SELF-EMPLOYED,"$57,000",5000,4500,,586,0,0,0,0,0,0,0
APP-1062,CUS-0416,Olivia Murray | 1979-04-07,2024-06-03,45,Victoria,Credit Card,Full-time,47200,25000,25000,,581,30,60,90,120,150,180,1
APP-1320,CUS-0033,Archie Nguyen | 1979-12-19,2024-10-06,44,QLD,Credit Card,SELF-EMPLOYED,56900,10000,10000,,852,0,0,0,0,0,0,0
APP-0676,CUS-0022,Grace Patel | 1993-02-23,2023-12-09,30,NSW,Personal Loan,Part-time,107200,15000,13500,24 months,659,0,0,0,0,0,0,0
APP-0791,CUS-0814,Oscar Singh | 1973-11-28,2023-09-25,49,NSW,Credit Card,Full-time,87.6,5000,5000,,718,0,30,0,0,0,0,0
APP-0448,CUS-0038,Ethan Nguyen | 1973-10-15,2023-05-15,49,nsw,Personal Loan,Self-employed,25500,22500,22500,12 months,701,30,0,0,0,0,0,0
APP-0542,CUS-0256,Henry Kelly | 1960-12-14,2024-03-15,63,NEW SOUTH WALES,Credit Card,Full-time,132900,10000,9000,,724,0,0,0,0,0,0,0
APP-0938,CUS-0740,Oscar Patel | 1964-10-21,2023-09-09,58,NSW,Personal Loan,Retired,64500,23500,33700,24 months,681,0,0,0,0,0,0,0
APP-0779,CUS-0021,Ethan Brown | 1973-11-08,2025-05-01,51,QLD,Credit Card,Full-time,30200,25000,20000,,608,0,0,0,0,0,0,0
APP-0517,CUS-0151,Isla Wilson | 1978-10-09,15/11/2024,46,VIC,Credit Card,  Self-employed ,N/A,10000,5000,,555,0,0,0,0,0,0,0
APP-0273,CUS-0964,Zoe Wilson | 1990-09-07,21/02/2024,33,vic,Credit Card,Fu11-t1me,135600,2000,2000,,661,0,30,60,90,120,150,1
APP-0140,CUS-0758,Henry Brown | 1960-09-11,15/08/2023,62,nsw,Personal Loan,Retired,32100,37500,33800,24 months,725,0,0,0,0,0,0,0
APP-0703,CUS-0294,Ethan Walker | 1966-07-23,18 Dec 2023,57,Tasmania,P. Loan,Full-time,42k,44500,40000,60 mths,686,0,0,0,0,0,0,0
APP-0627,CUS-0143,Grace Singh | 1955-04-10,2023-04-07,67,qld,CREDIT CARD,Full-time,66900,25000,25000,,715,0,0,0,0,0,0,0
APP-0462,CUS-0524,Jack Kelly | 1999-10-18,15/12/2023,24,QLD,Personal Loan,Casual,80600,24500,22000,24 mths,657,0,0,0,0,0,0,0
APP-0432,CUS-0531,Mia Wilson | 1991-11-03,2024-05-04,32,VIC,personal loan,CASUAL,96500,22000,15400,24 months,886,0,0,0,0,0,0,0
APP-1107,CUS-0201,Ella Hughes | 1983-10-25,2023-10-28,40,NSW,PL,Retired,N/A,44000,30800,48 months,606,0,0,0,0,30,60,0
APP-0745,CUS-0493,Ava Khan | 1984-09-21,21/01/2024,39,VIC,CREDIT CARD,  Full-time ,62400,15000,7500,,565,0,0,0,0,0,0,0
APP-1023,CUS-0367,Archie Singh | 1991-11-28,2024-03-14,32,NSW,CC,full-time,55500,5000,2500,,590,0,0,0,0,0,0,0
APP-0714,CUS-0123,Ethan Hughes | 1970-11-13,2025-06-26,54,wa,Credit Card,Full-time,51400,5000,5000,,602,0,0,0,30,60,90,1
APP-1013,CUS-0667,Lucas Murray | 1977-11-02,11/02/2024,46,New South Wales,Credit Card,Casual,39600,2000,2000,,622,0,0,0,0,0,0,0
APP-1335,CUS-0496,Chloe Smith | 1960-11-27,26 Dec 2024,64,QLD,P. Loan,Full-time,42000,13000,6500,36 mths,N/A,0,0,0,0,30,0,0
APP-1255,CUS-0242,Noah Wilson | 1978-01-14,2025-04-18,47,NSW,Personal Loan,Self-employed,,44500,44500,48 months,716,0,0,0,0,0,0,0
APP-1136,CUS-0695,Noah Smith | 1955-11-27,2024-05-29,68,NSW,Personal Loan,Part-time,84100,33000,26400,36 mths,480,0,0,30,60,0,0,0
APP-0814,CUS-0227,Ethan Walker | 1980-07-12,2024-01-02,43,TAS,CREDIT CARD,Self-employed,67100,5000,5000,,731,0,0,0,0,0,0,0
APP-0949,CUS-0677,Ava Smith | 1962-03-04,2024-07-10,62,VIC,Personal Loan,Casual,55400,29000,20300,12 months,817,0,0,0,0,0,0,0
APP-1365,CUS-0112,Leo Khan | 1970-02-14,2024-07-18,54,VIC,Credit Card,Casual,104900,25000,22500,,839,0,0,0,0,0,0,N
APP-0129,CUS-0185,Grace Khan | 1965-11-26,20/06/2024,58,sa,Credit Card,Full-time,137500,10000,10000,,715,0,0,0,0,0,0,0
APP-0009,CUS-0595,Leo Taylor | 1981-05-01,17/07/2023,42,SA,Personal Loan,Self-employed,79700,40000,32000,48 mths,585,0,0,0,0,0,0,0
APP-0312,CUS-0809,Mia Kelly | 1962-08-13,03 Aug 2023,60,sa,Personal Loan,Full-time,39100,15500,15500,1 yrs,9999,0,0,0,0,0,0,0
APP-1240,CUS-0649,Chloe Nguyen | 1971-12-25,2023-10-14,51,NSW,CREDIT CARD,Full-time,"$76,700",2000,2000,,678,0,0,0,0,0,0,0
APP-0527,CUS-0987,Ethan Singh | 1977-05-08,14/07/2024,47,NSW,CC,Self-employed,48.9,5000,5000,,731,0,0,30,0,0,0,0
APP-1217,CUS-0628,Zoe Smith | 1991-10-07,11/12/2024,33,New South Wales,Personal Loan,Full-time,61300,26500,23800,48 months,752,0,0,0,0,0,0,0
APP-0826,CUS-0752,Ella Walker | 1996-05-16,2023-04-22,26,Tasmania,CC,Full-time,15000,10000,10000,,792,0,0,0,0,0,0,0
APP-0207,CUS-0484,Mason Young | 1992-09-23,2024-11-21,32,NSW,Personal Loan,Unemployed,71400,23500,33800,24 months,551,0,0,0,0,0,0,0
APP-1398,CUS-0577,Olivia Walker | 1999-11-18,02 Jul 2024,24,VIC,Personal Loan,Casual,70300,39000,27300,60 mths,626,0,0,0,0,0,0,N
APP-0800,CUS-0101,Ruby Young | 1990-03-18,2025-03-16,34,Western Australia,Credit Card,Part-time,56700,10000,5000,,741,0,30,0,0,0,0,N
APP-0594,CUS-0421,Olivia Chen | 1985-04-17,2023-09-29,38,VIC,P. Loan,Full-time,70500,14000,11200,36 months,555,0,0,0,0,0,0,0
APP-0204,CUS-0083,Mia Chen | 1954-12-27,2023-04-11,68,Northern Territory,Credit Card,Retired,36100,15000,12000,,N/A,0,0,0,0,0,0,0
APP-0055,CUS-0766,Grace Hughes | 1993-10-23,2023-09-14,29,SOUTH AUSTRALIA,Credit Card,Full-time,49400,25000,20000,,534,0,0,0,0,0,0,0
APP-1086,CUS-0614,Noah Singh | 2000-01-20,2023-05-04,23,QLD,Personal Loan,Self-employed,79500,28500,14200,12 months,811,0,0,0,30,60,0,0
APP-0489,CUS-0728,Noah Khan | 1955-08-16,01/08/2023,59,NSW,CC,Full-time,47100,15000,15000,,715,0,0,0,0,0,0,0
APP-0541,CUS-0413,Grace Young | 1985-10-04,2023-04-12,37,WA,P. Loan,Casual,32300,48000,33600,36 months,729,0,0,0,0,0,0,0
APP-0895,CUS-0202,Ruby Walker | 1966-05-02,2023-11-08,57,QLD,Personal Loan,Full-time,38800,39000,39000,36 months,739,0,0,0,0,0,0,0
APP-0190,CUS-1000,Ruby Brown | 1963-01-17,01/11/2024,61,New South Wales,Credit Card,Part-time,107800,5000,5000,,636,30,60,0,0,0,0,0
APP-0109,CUS-0345,Isla Nguyen | 1957-07-16,2025-01-18,67,NSW,Credit Card,Casual,,5000,4000,,653,0,0,0,0,0,0,0
APP-0538,CUS-0848,Leo Patel | 1981-05-01,22/05/2024,43,Western Australia,Credit Card,Part-time,60100,15000,13500,,708,0,0,0,0,0,0,0
APP-0522,CUS-0122,Henry Walker | 1997-05-20,2023-07-24,26,nsw,Personal Loan,Part-time,93700,8500,4200,60 mths,570,0,0,0,0,0,0,0
APP-0578,CUS-0373,Zoe Young | 1974-09-15,08/03/2024,49,New South Wales,CREDIT CARD,Self-employed,44700,25000,25000,,577,0,30,0,0,0,0,0
APP-0551,CUS-0818,Ruby Kelly | 1960-05-02,2024-06-29,64,VICTORIA,Credit Card,Se1f-emp10yed,26000,5000,5000,,817,0,0,0,0,0,0,0
APP-0023,CUS-0839,Ava Wilson | 1989-08-18,17 Nov 2024,35,nsw,Credit Card,Self-employed,65000,10000,10000,,634,0,0,0,0,0,30,0
APP-0377,CUS-0716,Ruby Wilson | 1960-08-09,2024-09-30,64,VIC,Personal Loan,Part-time,,39500,39500,48 months,691,0,0,0,0,0,0,0
APP-0893,CUS-0638,Mason Walker | 1962-05-14,2025-03-28,62,WA,Credit Card,Part-time,73k,5000,5000,,767,0,0,0,0,0,0,0
APP-1306,CUS-0498,Mia Taylor | 1974-12-13,17 Mar 2025,50,NSW,CC,Self-employed,42900,25000,25000,,623,0,0,0,0,0,0,0
APP-0206,CUS-0600,Mason Singh | 1988-03-09,2023-07-20,35,wa,Personal Loan,Full-time,72400,40500,28400,60 mths,709,0,0,0,0,0,0,0
APP-0094,CUS-0665,Leo Kelly | 1964-08-11,2024-08-11,60,NSW,Credit Card,Full-time,46000,15000,12000,,627,0,0,0,0,0,0,0
APP-0225,CUS-0820,Chloe Singh | 1958-07-27,2023-08-12,65,New South Wales,P. Loan,Self-employed,25000,46500,41800,60 months,678,0,0,0,0,0,0,0
APP-1155,CUS-0178,Oscar Lee | 1967-06-15,2024-11-19,57,SA,PL,Full-time,52100,48500,24200,36 months,586,0,0,0,30,60,90,1
APP-1043,CUS-0275,Henry Singh | 1995-08-16,2024-03-18,28,Queensland,Credit Card,Part-time,-1,2000,1000,,575,0,0,30,60,90,120,1
APP-0820,CUS-0291,Mason Patel | 1954-10-05,2025-01-12,70,VIC,Credit Card,Part-time,34.2,5000,2500,,694,0,0,0,0,0,0,0
app-0086,CUS-0930,Henry Khan | 1995-06-25,2025-03-31,29,New South Wales,CREDIT CARD,Casual,88800,25000,22500,,736,0,0,0,0,0,0,0
APP-0441,CUS-0626,Ruby Patel | 1986-09-25,2025-04-25,38,New South Wales,Credit Card,Full-time,34300,15000,13500,,689,0,0,0,0,0,0,0
APP-1367,CUS-0663,Noah Patel | 1978-08-16,2023-10-29,45,Western Australia,CC,unknown,112100,8000,5600,,900,0,0,0,0,0,0,0
APP-0712,CUS-0680,Archie Lee | 1972-08-16,2023-05-31,50,QLD,Credit Card,  Casual ,64500,10000,9000,,721,0,0,0,0,0,0,0
APP-0708,CUS-0026,Chloe Chen | 1971-03-10,2023-11-22,52,NSW,CREDIT CARD,Full-time,,25000,25000,,778,0,0,0,0,0,0,0
APP-0093,CUS-0807,Liam Young | 1954-04-10,2024-10-27,70,New South Wales,Personal Loan,Part-time,45100,22500,38000,60 mths,635,0,0,0,0,0,0,0
APP-0931,CUS-0396,Ava Patel | 1989-11-22,22/06/2023,33,nsw,Credit Card,Part-time,48700,10000,7000,,804,0,0,0,0,30,60,0
app-0309,CUS-0150,Zoe Young | 1997-01-04,2025-06-08,28,VIC,CREDIT CARD,Casual,48700,15000,12000,,692,0,30,60,0,0,0,0
APP-0271,CUS-0317,Jack Khan | 1977-06-02,21 Dec 2023,46,Victoria,Personal Loan,Casual,56100,5500,5000,12 months,702,0,0,0,0,0,0,0
APP-1220,CUS-0481,Ava Wilson | 1992-12-16,22/02/2025,32,NSW,Credit Card,Full-time,80200,15000,15000,,587,0,30,60,90,120,150,1
APP-1042,CUS-0332,Archie Kelly | 1991-11-19,2023-09-20,31,Victoria,PL,Full-time,58700,20500,16400,60 months,807,0,0,0,0,0,0,0
APP-0076,CUS-0283,Isla Smith | 1963-11-14,15/03/2023,59,Victoria,Credit Card,Self-employed,45300,25000,25000,,717,0,0,0,0,0,0,0
APP-0914,CUS-0032,Lucas Brown | 1958-10-05,2023-03-11,64,WESTERN AUSTRALIA,Personal Loan,Part-time,95700,41000,41000,12 months,578,0,0,0,30,0,0,0
APP-1117,CUS-0010,Chloe Kelly | 1975-08-18,2025-06-16,49,WA,CREDIT CARD,Casual,129300,2000,2000,,721,0,0,0,0,0,0,0
APP-0623 ,CUS-0450,Ruby Hughes | 1954-06-15,2024-06-24,70,Queensland,PERSONAL LOAN,Part-time,62700,21500,10800,48 mths,764,0,0,0,0,0,0,0
APP-0561,CUS-0549,Liam Kelly | 1960-05-18,21/12/2023,63,New South Wales,Credit Card,Full-time,27100,10000,8000,,488,0,0,30,60,90,120,0
APP-1221,CUS-0353,Ruby Nguyen | 1996-06-19,2023-05-05,26,New South Wales,CC,Casual,48000,25000,25000,,518,0,0,0,0,0,0,N
APP-1092,CUS-0495,Lily Walker | 1971-04-04,2023-06-17,67,vic,Personal Loan,Full-time,54000,19000,19000,24 mths,815,0,0,30,0,0,0,0
APP-0854,CUS-0062,Ruby Walker | 1965-01-23,20/03/2023,58,NSW,Personal Loan,Part-time,,50000,50000,12 mths,609,0,30,0,0,0,0,0
APP-0247,CUS-0385,Zoe Brown | 1957-04-01,27/04/2024,67,SA,Personal Loan,Full-time,82k,35500,35500,5 yrs,650,0,0,30,60,90,120,1
APP-0752,CUS-0331,Zoe Evans | 2001-01-18,16/02/2024,23,QLD,Personal Loan,unemployed,"$60,700",14500,11600,2 yrs,770,0,30,60,90,120,150,1
APP-1010,CUS-0336,Leo Brown | 1965-02-28,2023-11-03,58,QUEENSLAND,Credit Card,Part-time,,15000,10500,,620,0,0,0,0,0,0,0
APP-0470,CUS-0506,Oscar Kelly | 1971-04-29,2023-01-15,51,nsw,Credit Card,Unemployed,90k,25000,20000,,620,0,0,0,30,0,0,0
APP-0311 ,CUS-0443,Olivia Brown | 1968-02-29,2025-05-21,57,Northern Territory,CREDIT CARD,full-time,149200,8000,8000,,638,0,0,0,0,0,0,0
APP-1338,CUS-0276,Ava Murray | 1995-01-03,2023-01-15,28,Victoria,Credit Card,Full-time,"$66,800",10000,5000,,659,0,0,0,0,0,0,0
APP-1178,CUS-0356,Noah Patel | 1972-01-09,16/09/2023,51,SA,Credit Card,Full-time,31300,5000,5000,,593,0,30,0,0,0,0,0
APP-0131,CUS-0979,Mason Wilson | 1961-11-13,2023-04-18,61,Victoria,Credit Card,  Full-time ,48000,25000,25000,,775,0,0,0,0,0,0,0
APP-1290,CUS-0075,Zoe Patel | 1984-11-08,2025-02-06,40,New South Wales,Credit Card,Full-time,74100,25000,20000,,N/A,0,30,0,0,0,0,0
APP-0025,CUS-0363,Leo Wilson | 2001-07-17,2024-08-02,23,Queensland,Personal Loan,Part-time,71100,5000,3500,36 months,757,0,0,0,0,0,0,N
APP-0584,CUS-0362,Jack Chen | 1985-10-24,2024-05-10,38,NSW,Personal Loan,Full-time,106700,38000,34200,60 mths,637,0,0,30,60,90,120,1
APP-0392,CUS-0736,Noah Kelly | 1989-10-14,26/09/2023,33,Victoria,Personal Loan,SELF-EMPLOYED,69100,21500,17200,60 mths,653,30,60,0,0,0,0,0
APP-0939,CUS-0498,Mia Taylor | 1974-12-13,2024-02-11,49,NSW,Credit Card,Retired,101300,2000,1000,,663,0,0,0,0,0,0,0
APP-0647,CUS-0632,Noah Lee | 1978-06-14,2023-11-16,45,NSW,Credit Card,Full-time,45900,5000,5000,,691,0,0,0,0,0,0,0
APP-1332,CUS-0095,Ethan Taylor | 1954-11-18,2024-12-12,70,Victoria,credit card,  Part-time ,,25000,20000,,647,0,0,0,30,60,90,1
APP-0748,CUS-0089,Archie Singh | 1981-03-27,27/09/2024,43,nsw,Credit Card,Part-time,51600,15000,15000,,744,30,60,0,0,0,0,0
APP-0026,CUS-0959,Lucas Chen | 1998-09-26,22/11/2023,25,WA,Credit Card,Part-time,34000,5000,4500,,702,0,0,0,0,0,0,0
APP-0156,CUS-0410,Mason Hughes | 1987-04-07,29/04/2024,37,qld,personal loan,Full-time,29000,31000,15500,4 yrs,701,30,60,0,0,0,0,0
APP-1393,CUS-0537,Noah Patel | 1957-10-07,2024-02-06,66,VICTORIA,Personal Loan,Full-time,75300,36500,36500,60 months,764,0,0,0,0,0,0,1
APP-1372,CUS-0314,Olivia Murray | 1959-09-02,2023-10-14,64,QLD,Credit Card,Full-time,68900,15000,13500,,645,0,0,0,30,60,90,1
APP-0543,CUS-0656,Liam Lee | 1996-05-17,2025-01-13,28,NSW,Personal Loan,Full-time,50700,10000,7000,48 months,495,0,0,0,0,0,0,0
APP-0875,CUS-0068,Grace Smith | 1954-12-11,2023-06-08,68,nsw,Credit Card,Full-time,97600,2000,1400,,613,0,0,0,0,0,0,0
APP-0636,CUS-0580,Lily Brown | 1998-12-12,25/03/2024,25,Tasmania,Personal Loan,Full-time,190900,41500,41500,36 months,665,0,0,0,0,0,0,0
APP-1102,CUS-0169,Lucas Wilson | 2001-07-16,16 Jan 2025,23,QLD,Personal Loan,Casual,32600,46500,32500,12 months,9999,0,0,0,0,0,0,N
APP-0650 ,CUS-0622,Mia Wilson | 1992-08-06,2023-03-02,30,WESTERN AUSTRALIA,PERSONAL LOAN,Full-time,53200,17500,17500,12 months,573,0,0,0,0,0,0,0
APP-0446,CUS-0823,Grace Hughes | 1973-06-11,2023-09-03,50,QLD,PL,casual,102300,28000,28000,60 months,N/A,30,0,0,0,0,0,0
APP-0775,CUS-0009,Chloe Hughes | 1981-03-19,2023-11-24,42,NSW,Credit Card,Full-time,62200,25000,20000,,763,0,0,0,0,0,0,0
APP-1311,CUS-0219,Ava Patel | 2000-07-04,19/06/2025,24,VIC,Credit Card,Self-employed,,15000,13500,,677,30,0,0,0,0,0,0
APP-0905,CUS-0574,Mia Khan | 1963-09-18,2025-02-06,61,WA,credit card,Self-employed,154900,25000,25000,,769,0,0,0,0,0,0,N
APP-0180,CUS-0999,Noah Young | 1992-07-14,2024-09-22,32,NSW,credit card,Retired,33600,25000,25000,,655,0,0,0,30,0,0,0
APP-0855,CUS-0760,Ella Kelly | 1959-02-16,2023-04-13,64,New South Wales,credit card,Self-employed,"$44,000",2000,2000,,622,30,60,0,0,0,0,N
APP-1313,CUS-0062,Ruby Walker | 1965-01-23,2023-07-31,58,nsw,Credit Card,Full-time,44200,15000,15000,,468,0,0,0,0,30,0,0
APP-1296,CUS-0165,Isla Evans | 1990-04-06,25/11/2024,34,NEW SOUTH WALES,credit card,Part-time,29000,5000,5000,,743,0,0,0,0,0,0,0
APP-0011,CUS-0091,Isla Nguyen | 1990-11-01,27/03/2025,34,NSW,Personal Loan,retired,46000,6500,6500,36 months,733,0,0,0,0,0,0,0
APP-0355,CUS-0137,Mia Young | 2002-12-27,2023-02-28,20,NSW,Personal Loan,Part-time,104800,12000,12000,3 yrs,777,0,0,0,0,0,0,0
APP-0068,CUS-0890,Mia Smith | 1969-06-26,08/05/2025,55,vic,credit card,Full-time,66700,8000,7200,,650,30,0,0,0,0,0,0
APP-0146,CUS-0158,Ella Singh | 1984-09-19,2025-05-19,40,SA,Credit Card,Part-time,"$43,900",8000,8000,,527,0,0,0,0,0,0,0
APP-1055,CUS-0602,Archie Hughes | 1954-02-01,2025-03-08,71,VIC,credit card,Full-time,27800,10000,10000,,706,0,0,0,0,0,0,0
APP-0416,CUS-0427,Leo Kelly | 1979-09-05,2024-12-06,45,NSW,CC,Retired,,8000,8000,,537,0,0,0,0,30,0,0
APP-0862,CUS-0924,Lucas Nguyen | 1994-08-19,20/01/2024,29,vic,personal loan,Retired,64400,41500,41500,36 months,856,0,0,0,0,0,0,0
APP-0507,CUS-0808,Ethan Wilson | 1957-08-07,24/11/2024,64,nsw,Credit Card,Self-employed,56600,10000,10000,,605,0,0,0,0,0,0,0
APP-0301,CUS-0412,Grace Walker | 1965-12-03,2024-04-26,58,QLD,Personal Loan,Full-time,62400,24500,24500,12 months,626,0,0,0,0,0,0,0
APP-0524,CUS-0693,Isla Singh | 1988-07-20,2024-09-04,36,nsw,Personal Loan,  Retired ,94300,16500,11600,60 mths,475,30,0,0,0,0,0,0
APP-0556,CUS-0884,Henry Taylor | 1997-03-07,2025-02-06,27,qld,Credit Card,Part-time,130300,25000,25000,,636,0,0,0,30,60,0,0
APP-1098,CUS-0714,Grace Murray | 1994-10-19,2025-02-20,30,VIC,Personal Loan,RETIRED,42100,8500,8500,36 mths,509,30,60,90,120,150,180,1
APP-0438,CUS-0346,Lily Young | 1966-12-26,2025-03-29,58,VIC,Credit Card,Casual,61500,10000,8000,,657,0,0,0,0,0,0,0
APP-1133,CUS-0829,Zoe Wilson | 1991-08-02,2024-09-25,33,New South Wales,Credit Card,Part-time,77100,25000,25000,,N/A,0,0,0,0,0,0,0
APP-0767,CUS-0173,Ruby Walker | 1992-12-01,13/01/2025,32,NSW,Personal Loan,Part-t1me,45100,31500,25200,12 months,607,0,0,0,0,0,0,0
APP-1345,CUS-0011,Grace Wilson | 1978-03-22,2023-02-14,44,SA,Personal Loan,Retired,66000,43500,43500,12 months,598,0,0,0,30,60,0,0
APP-0139,CUS-0254,Isla Brown | 1994-02-13,2024-01-22,29,NSW,credit card,Full-time,,25000,25000,,520,0,0,0,0,0,0,0
APP-1195,CUS-0431,Lily Murray | 1991-05-09,30/02/2025,32,Tasmania,CREDIT CARD,  Casual ,71800,15000,13500,,497,30,60,0,0,0,0,0
APP-0196,CUS-0341,Chloe Taylor | 1986-05-24,2023-08-01,37,VIC,Personal Loan,Self-employed,57200,33500,33500,24 months,596,0,0,0,0,0,0,1
APP-1283,CUS-0706,Ruby Brown | 2000-03-23,2023-03-31,23,QLD,Credit Card,Retired,49700,2000,1800,,663,0,0,0,30,0,0,0
APP-0450,CUS-0667,Lucas Murray | 1977-11-02,2023-03-06,45,nsw,Credit Card,Full-time,31000,2000,2000,,747,0,0,0,0,0,0,0
APP-0797,CUS-0939,Isla Nguyen | 1962-09-28,2025-06-16,62,QLD,Credit Card,Full-time,44400,10000,7000,,784,0,0,0,0,0,0,0
APP-1174,CUS-0214,Ava Walker | 1978-03-30,11/10/2024,46,sa,Credit Card,Part-time,75100,8000,8000,,625,0,0,30,60,90,120,1
APP-0693,CUS-0342,Lucas Wilson | 1986-08-07,19 Aug 2023,37,QLD,Credit Card,self-employed,89400,10000,10000,,664,0,0,0,0,0,0,0
APP-0949,CUS-0677,Ava Smith | 1962-03-04,2024-07-10,62,VIC,Personal Loan,Casual,55400,29000,20300,12 months,817,0,0,0,0,0,0,0
APP-0175,CUS-0718,Oscar Chen | 2001-12-07,12/10/2024,22,VIC,Credit Card,Full-time,59600,2000,2000,,677,0,0,0,0,0,0,0
APP-0223,CUS-0894,Zoe Taylor | 1979-08-08,2025-03-19,45,SA,Personal Loan,Retired,54400,6500,6500,36 mths,737,0,0,30,60,0,0,0
APP-0255,CUS-0172,Mia Walker | 1958-03-10,2025-01-22,66,WA,Personal Loan,Casual,130500,8500,6000,60 mths,1200,30,0,0,0,0,0,0
APP-1334,CUS-0660,Zoe Smith | 1976-06-22,2025-02-19,48,NSW,CC,full-time,40600,8000,11200,,770,0,0,0,0,0,0,0
APP-0386,CUS-0394,Archie Murray | 1965-12-05,2024-10-21,58,Queensland,personal loan,Full-time,134300,12500,12500,12 months,582,0,30,60,90,120,150,1
APP-1380,CUS-0478,Jack Evans | 1964-03-04,2025-02-11,60,QLD,PL,Casual,97700,19000,19000,60 months,670,0,0,0,0,0,0,0
APP-1354,CUS-0198,Ethan Wilson | 1964-11-28,31 Mar 2025,60,SA,Personal Loan,Part-time,36100,5000,5000,36 months,730,0,0,0,0,0,0,0
APP-0450,CUS-0667,Lucas Murray | 1977-11-02,2023-03-06,45,nsw,Credit Card,Full-time,31000,2000,2000,,747,0,0,0,0,0,0,0
APP-0035,CUS-0382,Leo Taylor | 1976-12-07,2025-03-15,35,NSW,Credit Card,Retired,75100,15000,12000,,646,0,0,0,30,0,0,0
APP-0266,CUS-0676,Grace Hughes | 1971-06-27,2023-05-16,51,NSW,Personal Loan,Full-time,65100,24500,17200,48 months,565,0,0,0,0,0,0,0
APP-0558,CUS-0517,Mia Nguyen | 1980-07-15,2023-11-07,43,QLD,Personal Loan,Full-time,,43000,38700,12 months,682,0,0,0,0,0,0,0
APP-0090,CUS-0573,Ella Khan | 1971-05-04,2025-04-17,53,QLD,Credit Card,Full-time,53800,5000,2500,,700,0,0,0,0,0,0,N
APP-1084,CUS-0015,Ethan Chen | 1979-07-23,14/09/2023,44,NSW,P. Loan,Full-time,71000,35000,35000,48 months,799,0,0,0,0,0,0,0
APP-1122,CUS-0347,Jack Khan | 1989-05-24,2024-07-08,35,NEW SOUTH WALES,personal loan,Retired,77200,6000,6000,2 yrs,9999,0,0,0,0,0,0,0
APP-1305,CUS-0987,Ethan Singh | 1977-05-08,2023-12-01,46,nsw,credit card,  Casual ,99500,15000,7500,,763,0,0,0,0,30,0,0
APP-0001,CUS-0944,Lucas Young | 2001-02-10,2025-01-03,23,VICTORIA,personal loan,FULL-TIME,91300,26500,13200,48 months,721,0,0,0,0,0,0,0
APP-1358,CUS-0805,Oscar Hughes | 1966-11-30,30 Nov 2023,57,vic,CC,Casual,49900,25000,25000,,714,0,0,0,0,0,0,0
APP-0614,CUS-0388,Chloe Hughes | 1960-09-14,2025-02-20,64,NSW,Credit Card,Full-time,-1,15000,15000,,472,0,0,0,0,0,0,0
APP-0006,CUS-0659,Ella Wilson | 2000-10-27,15 Jan 2023,22,vic,CREDIT CARD,Full-time,58600,8000,8000,,789,0,0,0,0,0,0,0
APP-0343,CUS-0178,Oscar Lee | 1967-06-15,2023-12-27,56,South Australia,Credit Card,unemployed,107000,25000,25000,,676,30,0,0,0,0,0,1
APP-0842,CUS-0080,Jack Patel | 1964-10-05,2023-10-18,59,South Australia,Personal Loan,Full-time,116500,17000,8500,1 yrs,483,0,0,30,0,0,0,0
APP-0102,CUS-0046,Olivia Murray | 1969-03-15,27 Mar 2025,56,New South Wales,P. Loan,FULL-TIME,77300,41500,37400,12 mths,580,0,0,0,0,0,0,0
APP-0704,CUS-0332,Archie Kelly | 1991-11-19,2023-09-30,31,VICTORIA,Personal Loan,Full-time,96200,7000,7000,24 months,732,0,0,0,0,0,30,0
APP-0040,CUS-0771,Mia Khan | 1962-12-22,2024-07-14,61,VIC,Credit Card,Self-employed,62500,5000,4000,,771,0,0,0,0,0,0,0
APP-0529,CUS-0364,Grace Chen | 1957-06-24,2023-09-06,66,NT,Personal Loan,Casual,124400,28000,28000,48 months,678,0,0,0,0,0,0,0
APP-0666,CUS-0670,Liam Evans | 1962-01-03,2024-03-21,62,New South Wales,personal loan,self-employed,46800,19500,19500,60 months,764,0,0,0,0,0,0,0
APP-0453,CUS-0215,Chloe Hughes | 1966-04-15,19/10/2024,58,ACT,Personal Loan,Full-time,59200,11500,11500,36 months,628,0,0,0,0,0,0,0
APP-0661,CUS-0578,Archie Evans | 1978-07-10,24 Apr 2023,44,VIC,Credit Card,  Part-time ,39800,10000,10000,,686,0,0,0,0,0,0,0
APP-0125,CUS-0426,Oscar Young | 1954-03-04,2023-08-03,69,Northern Territory,Credit Card,Part-time,"$81,700",10000,5000,,701,0,0,0,0,0,0,0
APP-0178,CUS-0374,Archie Young | 1960-08-30,2023-10-25,63,NSW,Personal Loan,Unemployed,30300,30000,30000,3 yrs,658,0,0,0,0,0,0,0
APP-0137,CUS-0946,Ella Patel | 1964-12-30,2024-03-28,59,New South Wales,Credit Card,full-time,42100,2000,1600,,753,0,0,0,0,0,0,0
APP-0337,CUS-0300,Ella Singh | 1957-12-21,2024-09-07,66,wa,Credit Card,Full-time,41900,10000,9000,,723,0,0,0,0,0,0,0
APP-0119,CUS-0189,Jack Wilson | 1961-10-25,2024-06-29,62,VIC,CC,SELF-EMPLOYED,49600,2000,2000,,657,30,0,0,0,0,0,0
APP-1048,CUS-0084,Olivia Patel | 1961-04-24,2023-06-30,62,Queensland,Personal Loan,Full-time,36500,16000,8000,12 months,737,0,0,0,0,0,0,N
APP-1361,CUS-0591,Leo Walker | 1982-10-08,21/02/2024,41,vic,CREDIT CARD,Part-time,43100,5000,3500,,769,0,0,0,0,0,0,0
APP-0506,CUS-0762,Ruby Evans | 1969-12-14,07/01/2025,55,NSW,Credit Card,Self-employed,70900,15000,12000,,752,0,0,0,0,0,0,0
APP-1226,CUS-0247,Grace Patel | 1977-01-25,2024-04-28,47,QLD,Credit Card,,175100,8000,4000,,774,30,60,90,120,150,180,1
APP-0618,CUS-0773,Lucas Wilson | 1988-04-14,2025-05-01,37,SOUTH AUSTRALIA,Personal Loan,Full-time,59300,19500,19500,12 mths,808,0,0,0,0,0,0,0
APP-1035,CUS-0500,Liam Brown | 1969-12-31,28/12/2023,59,qld,P. Loan,Retired,48500,29000,29000,12 mths,645,0,0,0,0,0,0,0
APP-0823,CUS-0864,Jack Taylor | 1964-08-20,2023-08-24,59,nsw,Credit Card,Full-time,35100,25000,25000,,691,0,0,0,0,0,0,0
APP-0193,CUS-0012,Ava Wilson | 1977-02-28,2024-06-16,47,New South Wales,P. Loan,Full-time,55900,23000,23000,12 months,9999,0,0,0,0,0,0,N
APP-0940,CUS-0155,Chloe Walker | 1959-08-28,2023-04-22,63,VICTORIA,Credit Card,Part-time,37900,5000,5000,,601,0,0,0,0,0,30,0
APP-0973,CUS-0029,Grace Walker | 1973-01-06,2023-08-21,50,South Australia,PL,Full-time,74000,29500,29500,60 months,720,0,0,0,30,0,0,0
APP-0825,CUS-0105,Ruby Lee | 1974-02-06,2023-09-07,49,NSW,Personal Loan,Casual,33900,18500,18500,12 months,642,0,0,0,0,0,0,0
APP-1257,CUS-0108,Jack Walker | 1999-02-24,16/01/2024,24,NSW,Credit Card,FULL-TIME,65600,5000,4000,,719,0,0,0,0,0,0,0
APP-0136,CUS-0838,Noah Hughes | 1960-10-19,21/05/2023,62,NSW,Personal Loan,Part-time,33900,47000,47000,2 yrs,692,0,0,0,0,0,0,0
APP-0245,CUS-0310,Ava Lee | 1984-07-12,2024-09-09,40,QLD,Credit Card,  Part-time ,107600,5000,4000,,0,30,0,0,0,0,0,0
APP-0461,CUS-0258,Ava Hughes | 1967-12-16,2023-03-28,55,vic,credit card,Part-time,69200,10000,8000,,728,0,0,0,30,60,0,0
APP-0042,CUS-0847,Leo Evans | 1999-02-07,2023-04-03,24,WA,credit card,  Part-time ,0,5000,2500,,814,0,0,0,0,0,0,N
APP-1271,CUS-0935,Chloe Smith | 1965-08-29,2025-04-07,59,qld,CREDIT CARD,full-time,67000,10000,5000,,738,0,0,0,0,0,0,0
APP-0637,CUS-0279,Liam Hughes | 1990-02-27,2025-04-23,35,Victoria,Credit Card,Full-time,61000,15000,12000,,729,0,0,0,0,0,0,0
APP-0359,CUS-0325,Lucas Khan | 2000-03-15,2024-03-24,24,QLD,Personal Loan,Part-time,56600,25000,22500,2 yrs,706,0,0,0,0,0,30,0
APP-1312,CUS-0854,Leo Brown | 1989-05-28,29/12/2023,34,VIC,Credit Card,Part-time,28700,8000,7200,,702,0,0,0,0,0,0,0
APP-0298,CUS-0896,Oscar Hughes | 1968-06-20,2024-08-28,56,Victoria,Credit Card,full-time,54000,15000,10500,,659,0,0,0,0,0,30,0
APP-0753,CUS-0209,Lily Lee | 1987-03-04,2024-08-16,37,Victoria,P. Loan,N/A,48600,17500,14000,48 months,601,0,0,0,0,30,60,0
APP-0518,CUS-0683,Mia Taylor | 1966-11-10,2023-04-12,56,QUEENSLAND,Personal Loan,Casual,57300,26000,20800,60 months,652,0,0,0,0,0,0,0
APP-0559,CUS-0936,Noah Nguyen | 2001-07-04,04 Jul 2024,23,SA,CC,Part-time,33000,10000,10000,,768,0,0,0,30,0,0,0
APP-1065,CUS-0400,Grace Evans | 1993-05-02,2024-11-12,31,New South Wales,Personal Loan,Full-time,64100,48000,48000,12 months,559,0,0,0,0,0,0,0
APP-0619,CUS-0869,Chloe Smith | 1997-03-15,2024-05-09,27,Victoria,Credit Card,Full-time,100000,25000,25000,,784,0,0,0,0,0,0,0
APP-0466,CUS-0635,Isla Hughes | 1975-05-06,2023-08-25,48,QLD,Credit Card,Retired,62900,10000,9000,,838,0,0,0,0,0,0,0
APP-0411,CUS-0637,Lily Taylor | 1991-07-14,2023-06-17,31,Queensland,Credit Card,Retired,28200,5000,2500,,803,0,0,0,0,0,0,N
APP-0869,CUS-0653,Lily Murray | 1956-01-01,2023-03-13,67,nsw,Credit Card,Unemployed,65100,10000,7000,,711,30,60,90,120,150,180,1
APP-1218,CUS-0427,Leo Kelly | 1979-09-05,2024-09-22,45,New South Wales,Credit Card,Casual,53500,2000,1800,,690,0,0,0,0,0,0,N
APP-1028,CUS-0100,Lily Smith | 2002-10-04,2023-09-03,20,NSW,Credit Card,Full-time,40200,2000,1000,,708,0,0,0,0,0,0,0
APP-1000,CUS-0870,Isla Brown | 1971-11-03,2025-04-24,53,nsw,Credit Card,Full-time,49400,10000,16100,,539,0,0,0,0,0,0,0
APP-0679,CUS-0247,Grace Patel | 1977-01-25,2025-01-09,47,QLD,Credit Card,Full-time,78200,2000,2000,,535,0,0,0,0,0,0,0
APP-0080,CUS-0358,Ella Kelly | 1965-03-10,14/06/2025,60,VIC,Personal Loan,Full-time,45000,29000,49800,24 months,604,0,0,0,0,0,0,0
APP-1276,CUS-0028,Grace Khan | 1963-05-30,2024-09-27,61,nsw,CREDIT CARD,Full-time,134400,15000,12000,,541,30,0,0,0,0,0,0
APP-0687,CUS-0043,Noah Chen | 1995-04-08,2024-07-16,29,NEW SOUTH WALES,personal loan,Full-time,88000,47000,32900,24 months,753,0,0,0,0,0,0,0
APP-0492,CUS-0278,Oscar Murray | 1972-09-03,11/02/2023,50,vic,Credit Card,Self-employed,189500,8000,8000,,751,0,0,0,0,0,0,0
APP-0528,CUS-0714,Grace Murray | 1994-10-19,12 Feb 2023,28,VIC,Personal Loan,self-employed,125700,6500,3200,12 months,761,0,0,0,0,0,0,0
APP-0860,CUS-0051,Oscar Taylor | 1963-09-28,2023-08-24,59,nsw,CREDIT CARD,Full-time,55200,25000,47000,,700,0,30,60,0,0,0,N
APP-0405,CUS-0617,Lily Brown | 1955-06-11,12/08/2023,68,WA,Credit Card,Full-time,45700,2000,1600,,563,0,0,0,0,0,0,0
APP-0903,CUS-0059,Mason Young | 1972-01-07,2023-11-24,51,Victoria,Credit Card,full-time,59300,5000,2500,,732,0,0,0,0,0,0,0
APP-1211,CUS-0454,Lucas Walker | 1991-03-01,18/07/2024,33,NSW,Credit Card,Part-time,65900,25000,20000,,722,0,0,0,0,0,30,0
APP-0694,CUS-0742,Mason Young | 1999-10-03,2025-03-17,25,QLD,CREDIT CARD,Unemployed,,8000,8000,,691,0,0,0,0,0,0,0
APP-0852,CUS-0339,Jack Kelly | 1976-04-07,2024-05-28,48,Victoria,Credit Card,full-time,48500,8000,8000,,608,0,0,0,0,0,0,0
APP-0421,CUS-0981,Ella Taylor | 1964-09-16,12/01/2024,59,QLD,Personal Loan,Full-time,43500,44000,44000,12 mths,N/A,0,0,0,0,0,0,0
APP-1078,CUS-0913,Archie Hughes | 1958-12-27,2024-09-22,65,VIC,PL,Retired,48800,34000,34000,36 mths,N/A,0,0,0,0,0,0,0
APP-1108,CUS-0411,Ethan Murray | 1997-12-21,17/05/2025,27,Queensland,credit card,Full-time,50100,10000,10000,,542,0,0,0,0,0,0,0
APP-0310,CUS-0804,Lucas Singh | 1991-01-04,2025-06-14,34,New South Wales,PL,Retired,82600,43000,30100,60 months,693,0,0,0,0,0,0,0
APP-0591,CUS-0719,Ruby Walker | 1981-02-09,2023-12-26,42,New South Wales,Personal Loan,  Part-time ,52000,5000,5000,60 mths,833,0,0,30,0,0,0,N
APP-1227,CUS-0752,Ella Walker | 1996-05-16,2023-11-21,27,TAS,Personal Loan,Casual,,33000,23100,60 mths,757,0,0,0,0,0,0,0
APP-0458,CUS-0183,Isla Khan | 1980-02-04,2024-09-20,31,Victoria,Credit Card,Retired,53300,8000,4000,,828,0,0,0,30,60,0,0
APP-0112,CUS-0370,Lucas Patel | 1957-01-14,2024-11-28,67,NSW,credit card,Full-time,,10000,8000,,641,0,0,0,0,0,0,0
APP-0824,CUS-0095,Ethan Taylor | 1954-11-18,2023-09-16,68,VIC,Personal Loan,  Full-time ,60600,20500,10200,2 yrs,700,0,0,0,0,0,0,0
APP-1339,CUS-0667,Lucas Murray | 1977-11-02,2024-10-11,46,NSW,CREDIT CARD,Full-time,74800,2000,2000,,784,0,0,30,0,0,0,0
APP-1319,CUS-0845,Oscar Taylor | 1987-03-26,2023-03-13,35,wa,Credit Card,Part-time,139600,2000,2000,,813,0,0,0,0,0,30,0
APP-0832,CUS-0490,Jack Khan | 1967-11-04,2024-08-20,56,Queensland,Credit Card,Self-employed,51100,8000,6400,,634,0,30,60,90,120,150,1
 APP-0541,CUS-0413,Grace Young | 1985-10-04,2023-04-12,37,WA,P. LOAN,Casual,32300,48000,33600,36 months,729,0,0,0,0,0,0,0
APP-0916,CUS-0454,Lucas Walker | 1991-03-01,2024-11-31,32,NSW,CREDIT CARD,Full-time,55800,5000,4500,,653,0,0,0,0,0,30,0
APP-0103,CUS-0312,Chloe Singh | 1954-04-19,2024-07-31,70,Queensland,Credit Card,Unemployed,80300,2000,1400,,509,30,60,90,120,150,180,1
APP-0455,CUS-0361,Henry Wilson | 1987-03-30,27 Jul 2024,37,NEW SOUTH WALES,Credit Card,Full-time,30800,2000,2000,,646,0,0,0,0,0,0,0
APP-1199,CUS-0624,Leo Wilson | 1978-09-26,28/08/2023,44,QUEENSLAND,credit card,Full-time,15900,10000,5000,,645,0,0,0,0,0,0,0
APP-0664,CUS-0528,Liam Young | 1993-05-17,10/05/2025,31,wa,Personal Loan,PART-TIME,37600,41000,36900,12 months,483,0,0,0,0,30,0,0
APP-0140,CUS-0758,Henry Brown | 1960-09-11,15/08/2023,62,nsw,Personal Loan,Retired,32100,37500,33800,24 months,725,0,0,0,0,0,0,0
APP-1280,CUS-0120,Grace Lee | 1982-10-10,2024-03-23,41,VICTORIA,PL,Full-time,83500,30000,15000,2 yrs,675,0,0,0,0,0,0,Y
APP-1298,CUS-0199,Mason Young | 1958-04-29,02/12/2023,65,NSW,Credit Card,Full-time,25900,15000,13500,,747,0,0,0,0,0,0,N
APP-1158,CUS-0580,Lily Brown | 1998-12-12,22/02/2024,25,TAS,Credit Card,Casual,93300,25000,25000,,737,0,0,0,0,0,0,0
APP-0757,CUS-0207,Mia Hughes | 1981-03-30,2023-03-31,35,New South Wales,CC,Casual,139000,2000,1800,,784,0,0,0,0,0,0,0
APP-1129,CUS-0747,Henry Hughes | 1959-10-27,16/12/2023,64,New South Wales,Credit Card,Self-employed,28100,10000,7000,,775,0,0,30,60,0,0,0
APP-0942,CUS-0982,Mason Evans | 1985-06-08,2023-08-21,38,VIC,Credit Card,Part-time,71600,5000,4000,,707,30,0,0,0,0,0,0
APP-1394,CUS-0025,Ruby Nguyen | 1980-02-16,2024-07-30,44,SA,Personal Loan,Full-time,unknown,42500,42500,4 yrs,650,0,0,0,0,0,0,0
APP-0878,CUS-0867,Lucas Nguyen | 1994-06-05,18/06/2025,31,QLD,CC,full-time,128800,10000,9000,,729,0,0,0,0,0,0,0
APP-1015,CUS-0385,Zoe Brown | 1957-04-01,2024-04-30,67,SA,Personal Loan,Self-employed,unknown,49000,34300,48 months,567,0,0,0,0,0,0,N
APP-0069,CUS-0508,Oscar Chen | 1959-09-13,05/08/2023,63,NT,credit card,full-time,81400,10000,10000,,715,30,60,90,120,150,180,1
APP-0864,CUS-0298,Leo Lee | 1979-07-13,30/11/2023,44,Western Australia,Credit Card,Full-time,112200,2000,2000,,713,0,0,0,0,0,0,0
APP-0547,CUS-0356,Noah Patel | 1972-01-09,2023-02-12,51,SA,CC,N/A,45800,2000,1600,,646,0,0,0,0,0,0,0
APP-0718,CUS-0028,Grace Khan | 1963-05-30,2023-09-06,60,nsw,personal loan,Full-time,67600,41500,20800,24 months,530,0,0,30,60,90,120,1
APP-1373,CUS-0080,Jack Patel | 1964-10-05,2025-02-15,60,sa,Credit Card,Casual,47600,8000,7200,,708,0,0,0,0,0,0,0
APP-0727,CUS-0409,Chloe Wilson | 1995-11-12,2024-06-18,28,WA,P. Loan,  Full-time ,82500,20500,20500,24 months,712,30,0,0,0,0,0,0
APP-0072,CUS-0241,Henry Singh | 2002-04-22,19/12/2023,21,NSW,Credit Card,Part-time,46500,5000,3500,,642,0,0,0,0,0,0,0
APP-0650,CUS-0622,Mia Wilson | 1992-08-06,2023-03-02,30,WESTERN AUSTRALIA,personal loan,Full-time,53200,17500,17500,12 months,573,0,0,0,0,0,0,0
APP-1021,CUS-0927,Mia Murray | 1981-11-24,2025-06-21,43,NSW,personal loan,Full-time,143900,32000,32000,60 months,702,0,30,0,0,0,0,0
APP-0906,CUS-0473,Henry Lee | 1987-09-07,27 Apr 2023,35,New South Wales,Credit Card,Casual,56300,10000,5000,,730,0,0,0,0,0,0,0
APP-0253,CUS-0826,Lucas Hughes | 1960-11-10,02/05/2024,63,act,P. Loan,Full-time,74700,47000,42300,60 months,543,0,0,0,30,60,90,1
APP-0932,CUS-0929,Ella Lee | 1966-03-27,2025-01-21,58,WESTERN AUSTRALIA,Credit Card,Full-time,54400,5000,2500,,812,0,0,0,0,0,0,0
APP-1168,CUS-0759,Lily Patel | 1966-03-28,2024-07-24,58,ACT,Personal Loan,Self-employed,72500,36000,18000,12 months,756,0,0,0,0,0,0,0
APP-0135,CUS-0795,Henry Smith | 1959-05-14,2023-10-15,64,New South Wales,Credit Card,Self-employed,79600,10000,5000,,765,0,0,0,0,0,0,0
APP-0881,CUS-0536,Grace Brown | 1961-02-04,2023-03-13,62,ACT,P. Loan,Full-time,85k,14500,14500,24 months,596,0,0,30,0,0,0,0
APP-1104,CUS-0238,Oscar Brown | 1966-01-26,2023-02-15,46,Queensland,Credit Card,Full-time,73600,2000,1800,,614,0,0,0,0,0,0,0
APP-0991,CUS-0092,Archie Khan | 1991-10-22,2025-05-22,33,QLD,Credit Card,part-time,54500,8000,8000,,782,0,0,0,0,0,0,N
APP-0959,CUS-0208,Ethan Young | 1977-01-26,2024-12-02,47,NSW,Personal Loan,Part-time,66000,48000,48000,3 yrs,733,0,30,60,90,120,150,1
APP-0659,CUS-0932,Leo Wilson | 1966-12-08,28/11/2024,57,nsw,PL,Retired,94800,15500,14000,12 months,680,0,0,0,0,30,60,0
APP-0128,CUS-0877,Mason Murray | 1960-07-22,2023-12-04,63,VIC,Personal Loan,Full-time,"$124,000",12500,6200,60 months,900,0,0,0,0,0,0,0
APP-1362,CUS-0468,Liam Hughes | 2000-01-27,2024-05-02,24,New South Wales,CC,full-time,41000,25000,25000,,9999,0,0,0,30,0,0,0
APP-1331,CUS-0190,Isla Brown | 1997-08-16,03 Nov 2023,26,Northern Territory,CREDIT CARD,Full-time,66700,5000,4000,,716,0,0,0,0,0,0,0
APP-1093,CUS-0368,Lily Hughes | 1956-02-17,20/01/2024,67,VIC,CC,Full-time,39900,25000,25000,,626,0,0,0,0,0,0,0
APP-0238,CUS-0457,Chloe Chen | 1981-04-02,2024-05-22,43,SA,PL,Part-time,37300,23500,23500,1 yrs,745,0,0,0,0,0,0,N
APP-1323,CUS-0686,Lucas Wilson | 1967-06-11,2025-02-18,57,VIC,P. Loan,Casual,37100,48500,48500,24 mths,713,0,0,0,0,0,0,0
APP-1225,CUS-0580,Lily Brown | 1998-12-12,26/11/2023,24,tas,Credit Card,,145200,10000,10000,,660,0,0,0,0,0,0,0
APP-0460,CUS-0030,Ruby Chen | 2000-02-07,2024-07-11,24,VIC,Personal Loan,Retired,62.5,38500,30800,24 mths,710,0,0,0,0,0,0,0
APP-1106,CUS-0610,Olivia Wilson | 1982-11-08,2023-06-21,40,NSW,P. Loan,Se1f-emp10yed,68800,37000,25900,12 months,700,0,0,0,0,0,0,0
APP-0056,CUS-0130,Lucas Taylor | 1965-08-01,2025-03-26,59,NSW,Credit Card,Full-time,47400,10000,5000,,508,0,0,0,0,0,0,0
APP-0770,CUS-0334,Henry Brown | 1974-05-29,2024-03-22,49,VIC,CC,Casual,96600,25000,25000,,604,0,0,0,0,0,0,1
APP-0075,CUS-0225,Jack Evans | 1976-04-10,2025-06-24,49,VIC,Credit Card,Casual,32900,8000,4000,,N/A,0,0,0,0,0,0,0
APP-1139,CUS-0271,Ethan Evans | 1989-05-26,2023-10-18,48,QLD,CREDIT CARD,Full-time,64100,25000,12500,,614,0,0,0,0,0,0,0
APP-0106,CUS-0702,Oscar Hughes | 1957-11-24,2023-03-20,65,QLD,Personal Loan,Full-time,51700,24500,22000,12 mths,565,0,0,30,60,0,0,0
APP-0164,CUS-0749,Ethan Lee | 1980-09-04,2025-01-12,44,NSW,Credit Card,,58300,25000,25000,,652,0,0,0,0,0,0,0
APP-1190,CUS-0551,Lucas Kelly | 1983-01-12,24 Aug 2023,40,Western Australia,CREDIT CARD,Casual,43600,25000,25000,,621,0,0,0,30,0,0,0
APP-0902,CUS-0470,Leo Murray | 1990-08-19,2025-01-16,34,VIC,Credit Card,Full-time,69400,15000,10500,,618,30,60,0,0,0,0,0
APP-0900,CUS-0395,Ava Wilson | 1955-11-08,2025-02-15,69,VIC,Credit Card,Full-time,42700,2000,1400,,645,0,0,0,30,60,90,1
APP-1039,CUS-0693,Isla Singh | 1988-07-20,2024-03-28,35,New South Wales,Personal Loan,Part-time,"$42,500",6500,5200,24 mths,632,0,0,0,0,0,0,0
APP-0640,CUS-0923,Lucas Chen | 1959-01-27,2025-03-08,66,NSW,Personal Loan,Full-time,25700,33500,33500,60 mths,632,0,0,0,0,0,0,0
APP-1242,CUS-0827,Zoe Brown | 1959-05-15,2023-11-03,64,qld,Personal Loan,Retired,88100,9500,9500,12 months,740,30,60,90,120,150,180,1
APP-1148,CUS-0196,Chloe Walker | 1961-10-24,15/08/2023,61,Victoria,CC,Retired,18400,10000,9000,,784,30,60,90,120,150,180,N
APP-0519,CUS-0713,Grace Chen | 1961-06-29,2025-04-04,63,WA,Personal Loan,Part-time,196.2,22500,22500,48 months,612,30,60,90,120,150,180,1
APP-1224,CUS-0827,Zoe Brown | 1959-05-15,2023-09-20,64,Queensland,Personal Loan,Retired,47.0,10000,10000,36 mths,900,0,0,0,0,0,0,0
APP-0592,CUS-0439,Liam Chen | 2002-11-01,06/02/2024,21,VIC,Personal Loan,Full-time,,10500,7300,36 months,723,0,0,0,0,0,0,0
APP-0951,CUS-0212,Grace Taylor | 1986-03-12,2025-05-27,39,NSW,credit card,Se1f-emp10yed,52800,25000,25000,,527,0,0,0,0,0,0,0
APP-0771,CUS-0819,Mia Singh | 1966-12-08,24/12/2024,58,TAS,PL,Full-time,68100,30500,24400,48 mths,787,0,0,0,0,0,0,0
APP-0413,CUS-0166,Lily Kelly | 1974-01-31,2023-02-30,51,WESTERN AUSTRALIA,credit card,full-time,111000,25000,22500,,663,0,0,0,0,0,0,0
APP-1386,CUS-0064,Archie Patel | 1997-05-18,2023-03-18,25,Queensland,Credit Card,  Casual ,68600,15000,7500,,N/A,0,0,0,0,30,0,N
APP-0556,CUS-0884,Henry Taylor | 1997-03-07,2025-02-06,27,qld,Credit Card,Part-time,130300,25000,25000,,636,0,0,0,30,60,0,0
APP-0544,CUS-0879,Mason Brown | 1987-08-20,2025-03-01,37,VIC,credit card,Retired,26300,8000,5600,,882,0,0,0,0,0,0,0
APP-0880,CUS-0832,Oscar Taylor | 1983-12-01,16/12/2024,41,nsw,Credit Card,  Part-time ,67800,10000,8000,,644,0,0,30,60,90,120,1
APP-0537,CUS-0698,Mason Evans | 1961-01-10,20/08/2023,62,Queensland,Personal Loan,Full-time,53200,31500,46500,48 mths,623,0,0,0,0,0,0,0
APP-1395,CUS-0804,Lucas Singh | 1991-01-04,2023-06-22,32,New South Wales,Credit Card,Self-employed,60.7,25000,25000,,564,0,0,0,30,0,0,0
APP-0986,CUS-0853,Isla Wilson | 1986-10-17,2023-11-15,37,QUEENSLAND,Credit Card,FULL-TIME,80400,25000,20000,,N/A,0,0,30,60,90,120,1
APP-1154,CUS-0083,Mia Chen | 1954-12-27,2023-01-06,68,nt,credit card,Casual,78100,15000,15000,,665,0,30,60,90,120,150,1
APP-0625,CUS-0644,Mia Murray | 1980-02-15,31/11/2024,43,Victoria,Personal Loan,  Part-time ,160400,43000,43000,24 mths,639,0,0,0,0,0,0,0
APP-0407,CUS-0237,Ethan Walker | 1989-08-18,2024-12-21,35,sa,Personal Loan,Casual,25500,27500,27500,60 months,747,0,0,30,60,90,120,1
APP-1269,CUS-0855,Noah Young | 1998-04-07,09/12/2024,26,VICTORIA,Personal Loan,Self-employed,49700,22500,22500,12 months,743,0,0,0,0,0,0,0
APP-0645,CUS-0116,Mason Hughes | 1960-11-11,2023-08-02,62,WA,Credit Card,Full-time,78200,10000,10000,,748,0,30,60,0,0,0,0
APP-1186,CUS-0112,Leo Khan | 1970-02-14,2023-03-15,53,Victoria,personal loan,Full-time,58200,14000,14000,24 months,783,0,0,0,0,0,0,0
APP-0447,CUS-0293,Liam Hughes | 1994-04-28,2024-05-11,30,Queensland,Personal Loan,Full-time,66600,10500,5200,36 months,659,0,0,0,0,0,0,0
APP-0665,CUS-0036,Henry Brown | 1957-05-02,2023-12-08,66,nt,Credit Card,Casual,54200,5000,5000,,480,0,0,0,0,0,30,0
APP-1003,CUS-0829,Zoe Wilson | 1991-08-02,01/09/2023,32,New South Wales,Credit Card,Full-time,104100,2000,1600,,769,0,0,0,0,0,0,0
APP-0772,CUS-0314,Olivia Murray | 1959-09-02,21 Feb 2024,64,Queensland,Credit Card,Retired,74k,5000,4000,,648,0,0,0,0,0,0,0
APP-0480,CUS-0918,Ava Young | 1963-01-04,2024-03-13,61,South Australia,Personal Loan,Retired,39400,47000,32900,24 mths,617,30,0,0,0,0,0,0
APP-1069,CUS-0290,Ella Khan | 1974-09-06,2024-05-14,49,vic,Credit Card,Part-time,78100,8000,6400,,660,0,0,0,0,0,0,0
APP-0987,CUS-0416,Olivia Murray | 1979-04-07,2023-06-03,44,VIC,Credit Card,Part-time,,2000,2000,,645,0,0,0,0,0,0,0
APP-1288,CUS-0259,Leo Evans | 1977-06-12,2023-03-03,45,Queensland,credit card,Self-employed,56400,8000,6400,,761,0,30,0,0,0,0,1
APP-0262,CUS-0682,Ethan Chen | 1999-03-28,2024-07-22,25,QLD,CC,N/A,114600,8000,4000,,534,0,0,0,30,60,90,1
APP-0295,CUS-0262,Noah Hughes | 1981-05-26,26/02/2023,41,VIC,Credit Card,Full-time,39000,2000,2000,,561,0,0,0,0,0,0,0
APP-0722,CUS-0112,Leo Khan | 1970-02-14,2023-12-23,53,VIC,Personal Loan,self-employed,47600,19500,19500,12 mths,645,0,0,0,0,0,0,0
APP-1144,CUS-0060,Lucas Evans | 1990-04-18,2023-10-27,33,qld,personal loan,Full-time,31100,11000,11000,48 months,712,0,0,0,0,0,0,0
APP-1162,CUS-0764,Lucas Nguyen | 1966-08-28,2025-06-12,58,VIC,personal loan,Part-time,52700,40000,32000,24 months,762,0,0,0,0,0,0,0
APP-0985,CUS-0950,Archie Murray | 1977-11-18,2023-06-21,45,Queensland,Credit Card,  Part-time ,118k,10000,10000,,802,0,0,0,0,0,0,0
APP-0912,CUS-0992,Liam Smith | 2001-12-29,2025-01-28,23,NSW,Credit Card,Full-time,38100,8000,8000,,670,0,0,0,0,0,30,0
APP-1231,CUS-0956,Archie Brown | 1983-02-13,03 Nov 2024,41,NSW,Personal Loan,Unemployed,64.7,50000,35000,48 months,663,0,0,0,0,0,0,0
APP-0160,CUS-0381,Leo Nguyen | 1973-01-27,2023-11-28,50,QLD,Personal Loan,Full-time,89600,49000,34300,60 mths,491,0,0,30,60,90,120,1
APP-1215,CUS-0055,Mason Taylor | 1967-05-20,2024-01-31,56,WA,Credit Card,Casual,41200,10000,8000,,0,0,0,30,60,90,120,1
APP-0651,CUS-0997,Ella Hughes | 1986-10-09,2023-08-12,36,NSW,Credit Card,Casual,29500,8000,4000,,771,0,0,0,0,0,0,0
APP-0610,CUS-0541,Leo Khan | 1957-09-01,07 Jul 2023,65,NSW,Personal Loan,Full-time,24800,48000,24000,12 months,N/A,30,0,0,0,0,0,0
APP-1214,CUS-0504,Noah Kelly | 1956-12-06,06/08/2023,66,New South Wales,Personal Loan,Full-time,87.2,6000,6000,24 months,709,0,0,0,0,0,30,N
APP-0334,CUS-0511,Zoe Murray | 1999-06-23,2023-09-27,24,New South Wales,Personal Loan,Casual,33300,7000,6300,36 months,653,0,0,0,0,0,0,0
APP-0978,CUS-0449,Chloe Chen | 1959-12-21,2024-04-29,64,Western Australia,Credit Card,Full-time,109200,15000,12000,,687,30,0,0,0,0,0,0
APP-0280,CUS-0192,Archie Evans | 1979-08-01,2025-04-01,45,VIC,Personal Loan,Casual,47800,34000,30600,24 months,250,0,0,0,0,0,0,0
APP-0972,CUS-0196,Chloe Walker | 1961-10-24,2024-06-28,62,VIC,Personal Loan,Self-employed,116100,15500,7800,12 months,564,0,0,0,0,0,0,0
APP-0699,CUS-0481,Ava Wilson | 1992-12-16,2025-06-28,32,NSW,PL,Full-time,105300,13500,13500,60 months,712,0,0,0,0,0,0,0
APP-0579,CUS-0261,Noah Smith | 1965-03-08,2023-02-08,57,QLD,Credit Card,Part-time,65800,10000,7000,,654,0,0,0,30,60,0,0
APP-0630,CUS-0857,Ethan Evans | 1969-03-25,2025-01-24,55,VIC,PL,Full-time,,38000,38000,36 mths,806,0,0,0,0,0,0,0
APP-0534,CUS-0303,Henry Hughes | 1978-06-06,2024-09-19,46,NSW,Credit Card,Retired,52400,2000,1800,,783,0,0,0,0,0,30,0
APP-1243,CUS-0965,Isla Nguyen | 1981-01-29,16/07/2024,43,NSW,CC,Self-employed,96200,25000,22500,,763,30,60,0,0,0,0,0
APP-0737,CUS-0627,Ava Lee | 1964-10-24,2023-10-26,59,QLD,Credit Card,Full-time,133300,2000,2000,,682,0,0,0,0,0,0,0
APP-0015,CUS-0850,Noah Smith | 1975-06-01,2023-09-03,48,SA,Personal Loan,Part-time,41800,30000,24000,24 months,548,0,0,0,0,0,0,0
APP-0683,CUS-0195,Chloe Patel | 1993-07-03,09/01/2023,29,New South Wales,Credit Card,Full-time,162300,10000,10000,,780,0,0,0,0,0,0,0
APP-1234,CUS-0848,Leo Patel | 1981-05-01,03/02/2025,43,WESTERN AUSTRALIA,P. Loan,  Part-time ,110900,33500,16800,36 months,610,0,0,0,0,0,0,0
APP-0393,CUS-0856,Mason Wilson | 1989-07-16,2023-08-08,34,QLD,CC,self-employed,53400,5000,4500,,772,0,0,0,0,0,0,0
APP-0423,CUS-0526,Henry Walker | 1984-05-08,2024-08-28,40,nsw,Credit Card,Full-time,100.8,25000,22500,,795,0,0,0,0,0,0,0
APP-1251,CUS-0625,Isla Murray | 1964-08-10,2025-03-04,60,QLD,Personal Loan,Full-time,49100,27500,19200,36 months,735,0,0,0,0,0,0,0
APP-0463,CUS-0471,Henry Nguyen | 1954-02-28,2099-12-01,69,NSW,Credit Card,RETIRED,122300,2000,1000,,900,0,0,0,0,0,0,0
APP-1052,CUS-0477,Leo Walker | 1985-12-17,2025-04-25,39,VIC,personal loan,Part-time,68700,8500,8500,60 mths,675,0,0,0,0,0,0,0
APP-1205,CUS-0855,Noah Young | 1998-04-07,31/01/2023,24,VIC,Credit Card,Part-time,62900,2000,2000,,787,0,0,0,0,0,0,0
APP-0802,CUS-0530,Henry Wilson | 1961-09-08,2023-07-08,61,New South Wales,Credit Card,Full-time,62900,10000,7000,,748,0,0,0,0,0,0,0
APP-1292,CUS-0182,Oscar Hughes | 1971-07-06,2024-02-12,52,nsw,P. Loan,Self-employed,59500,15500,12400,60 mths,569,0,30,60,0,0,0,0
APP-1005,CUS-0732,Ethan Kelly | 1981-06-12,2024-02-05,42,Australian Capital Territory,Credit Card,Unemployed,"$63,500",8000,4000,,712,0,0,0,0,0,0,0
APP-1167,CUS-0462,Liam Hughes | 1985-12-11,2025-06-24,39,VIC,CC,N/A,82500,5000,5000,,751,0,0,0,0,0,0,0
APP-0620,CUS-0144,Lily Khan | 1997-02-23,2023-12-22,26,nsw,CC,part-time,"$46,600",8000,8000,,698,0,0,0,0,0,0,0
APP-1142,CUS-0984,Mason Nguyen | 1979-04-13,2025-06-01,46,NEW SOUTH WALES,Credit Card,Full-time,61600,25000,17500,,748,0,0,0,0,0,0,0
APP-1073,CUS-0954,Ruby Nguyen | 1973-11-30,2024-05-04,50,QLD,CC,full-time,95800,15000,15000,,754,0,0,0,0,0,0,0
APP-0237,CUS-0125,Liam Murray | 1995-11-30,2023-12-15,28,SA,Credit Card,Unemployed,112600,5000,4000,,811,0,0,0,0,0,0,N
APP-0858,CUS-0907,Mia Nguyen | 1956-02-21,2024-06-08,68,VIC,Credit Card,Full-time,55100,8000,8000,,629,30,0,0,0,0,0,0
APP-0874,CUS-0836,Jack Smith | 1991-03-07,2025-06-17,34,New South Wales,Credit Card,Full-time,42500,15000,7500,,797,0,0,0,0,0,0,0
APP-0467,CUS-0811,Ethan Young | 1969-08-07,2023-11-03,54,VIC,Personal Loan,unknown,79000,42000,33600,12 months,605,0,0,0,0,0,0,0
APP-1038,CUS-0088,Liam Singh | 1975-09-29,2024-02-29,48,vic,Credit Card,retired,59900,8000,7200,,585,0,0,30,60,90,120,1
APP-0754,CUS-0161,Ethan Brown | 1991-06-15,2024-09-05,33,WA,Personal Loan,Self-employed,62000,34000,34000,60 months,536,0,0,0,0,0,0,0
APP-0292,CUS-0955,Ruby Murray | 1972-06-06,2024-02-19,51,NEW SOUTH WALES,Personal Loan,Unemployed,56100,21000,16800,4 yrs,474,30,60,90,120,150,180,1
APP-0234,CUS-0168,Ethan Walker | 1957-03-13,06 May 2023,66,wa,Personal Loan,Retired,43900,32000,28800,48 months,572,0,0,0,0,0,0,0
APP-0742,CUS-0539,Leo Hughes | 1957-11-19,2023-12-07,66,Victoria,Personal Loan,Part-time,108600,48000,24000,60 months,753,0,0,0,0,0,0,0
 APP-1087,CUS-0379,Ruby Kelly | 1959-05-31,2023-05-11,63,Northern Territory,PERSONAL LOAN,Part-time,53100,36500,32800,2 yrs,664,0,0,0,30,60,90,1
APP-0410,CUS-0360,Noah Walker | 1958-10-01,2024-04-25,59,New South Wales,Personal Loan,Full-time,118200,17500,12200,60 months,567,0,30,60,90,120,150,1
APP-0851,CUS-0892,Isla Khan | 1995-09-15,2024-05-17,28,VIC,Personal Loan,Retired,64800,33000,16500,12 months,883,0,0,0,0,0,0,N
APP-1369,CUS-0990,Zoe Wilson | 1978-09-12,2023-05-24,44,TASMANIA,personal loan,Self-employed,21200,14500,14500,24 months,678,0,0,0,0,0,0,0
APP-1140,CUS-0667,Lucas Murray | 1977-11-02,2025-02-09,47,NEW SOUTH WALES,CREDIT CARD,Full-time,69800,10000,5000,,692,30,60,0,0,0,0,0
APP-0320,CUS-0074,Liam Walker | 1992-05-18,2025-01-16,32,Victoria,Personal Loan,Part-time,37800,16000,16000,48 months,712,0,0,0,0,0,0,0
APP-0743,CUS-0201,Ella Hughes | 1983-10-25,2023-12-22,40,NEW SOUTH WALES,CC,Full-time,88.8,15000,10500,,717,0,0,0,0,0,0,N
APP-1176,CUS-0293,Liam Hughes | 1994-04-28,2024-01-28,29,QLD,Credit Card,Full-time,58100,8000,7200,,837,0,0,0,0,0,0,0
APP-1209,CUS-0171,Leo Kelly | 1986-12-16,2024-06-10,37,nsw,Credit Card,Retired,47700,8000,8000,,858,0,0,0,0,0,0,0
APP-0979,CUS-0425,Leo Nguyen | 2002-12-04,2023-01-14,20,QLD,Personal Loan,Full-time,31100,44000,44000,24 months,840,0,30,60,0,0,0,N
APP-0989,CUS-0611,Ruby Khan | 1975-05-30,29 Oct 2024,49,vic,CREDIT CARD,Full-time,33400,8000,7200,,881,30,0,0,0,0,0,0
APP-0980,CUS-0048,Mia Chen | 1995-07-31,2024-06-27,28,WESTERN AUSTRALIA,Personal Loan,Self-employed,0,42500,29700,1 yrs,688,0,0,30,60,90,120,1
APP-0786,CUS-0727,Ella Lee | 1973-05-02,2025-02-03,51,NSW,CREDIT CARD,Self-employed,64800,2000,1000,,775,0,0,0,0,0,0,1
APP-0060,CUS-0214,Ava Walker | 1978-03-30,2023-10-12,45,SA,personal loan,Casual,48300,17000,15300,60 months,529,0,0,0,0,0,0,0
APP-0576,CUS-0366,Ethan Chen | 1988-06-03,2023-11-27,35,WA,Credit Card,Full-time,63700,2000,1400,,749,0,0,0,0,0,0,0
APP-0920,CUS-0889,Oscar Walker | 1970-06-25,23/03/2025,54,qld,credit card,Full-time,"$68,700",15000,13500,,748,0,0,0,0,0,0,0
APP-0462,CUS-0524,Jack Kelly | 1999-10-18,15/12/2023,24,QLD,Personal Loan,Casual,80600,24500,22000,24 mths,657,0,0,0,0,0,0,0
APP-1278,CUS-0552,Mia Walker | 1968-04-12,10 Dec 2023,55,VICTORIA,Credit Card,full-time,102200,25000,25000,,683,0,0,0,0,0,0,0
APP-0535,CUS-0927,Mia Murray | 1981-11-24,2023-11-27,42,NSW,Personal Loan,Full-time,94400,47000,32900,36 mths,627,0,0,30,0,0,0,0
APP-0629,CUS-0428,Ethan Singh | 1961-05-06,2024-01-24,62,VIC,P. Loan,Part-t1me,53100,43000,21500,48 mths,699,0,0,0,0,0,0,0
APP-1216,CUS-0311,Ruby Chen | 1976-03-26,2023-10-14,47,VIC,Personal Loan,Part-time,50200,19000,19000,24 months,9999,0,0,0,0,0,0,0
APP-1264,CUS-0147,Liam Smith | 1978-03-28,2023-12-14,45,SOUTH AUSTRALIA,Credit Card,Casual,31900,25000,25000,,836,0,0,0,0,0,0,0
APP-1286,CUS-0655,Henry Kelly | 1985-06-14,2023-11-16,38,VICTORIA,Personal Loan,unknown,77200,14000,14000,36 mths,772,0,30,60,90,120,150,1
APP-0402,CUS-0772,Zoe Khan | 1954-12-12,15/11/2024,69,WA,Personal Loan,Part-time,305600,15000,7500,36 mths,777,0,0,0,30,0,0,0
APP-0936,CUS-0759,Lily Patel | 1966-03-28,24/09/2023,57,ACT,CC,full-time,74300,8000,8000,,584,0,0,0,0,0,0,0
APP-0372,CUS-0013,Isla Wilson | 1981-10-03,01/04/2024,42,NSW,CC,Part-time,0,10000,5000,,655,30,60,0,0,0,0,0
APP-0400,CUS-0764,Lucas Nguyen | 1966-08-28,2023-09-27,57,vic,CC,Full-time,,15000,10500,,574,0,30,60,0,0,0,0
APP-1175,CUS-0288,Isla Chen | 1987-10-14,2023-11-08,22,qld,Credit Card,Retired,83400,25000,12500,,696,0,0,0,0,0,0,0
APP-1171,CUS-0496,Chloe Smith | 1960-11-27,06/01/2023,62,QLD,Personal Loan,Self-employed,97000,11500,10400,5 yrs,792,0,0,0,0,0,0,0
APP-0950,CUS-0078,Ella Khan | 1983-04-20,24/06/2023,40,QLD,Credit Card,Self-employed,23300,10000,9000,,595,0,0,0,0,0,0,0
APP-0707,CUS-0951,Henry Evans | 1981-12-05,2024-06-28,42,VIC,CC,full-time,76200,2000,2000,,628,0,0,0,0,0,0,0
APP-0038,CUS-0079,Archie Evans | 1971-04-12,2025-02-28,53,Victoria,Personal Loan,Full-time,45600,5000,4000,48 mths,557,0,0,0,0,0,0,0
APP-0590,CUS-0141,Leo Murray | 1994-07-03,2023-07-24,29,Victoria,Credit Card,Self-employed,45600,2000,2000,,669,0,0,0,0,0,0,0
APP-0674,CUS-0177,Olivia Hughes | 1997-01-10,2024-02-03,27,NSW,credit card,  Full-time ,87900,25000,25000,,599,0,0,0,0,0,0,0
 APP-0174,CUS-0589,Lucas Evans | 1998-12-04,2025-04-26,26,NSW,PERSONAL LOAN,Full-time,54700,22500,22500,36 months,584,0,0,0,0,0,0,0
APP-0107,CUS-0451,Noah Kelly | 1970-09-09,28/03/2024,53,Victoria,Personal Loan,Full-time,,39500,31600,2 yrs,584,0,0,0,30,0,0,0
APP-0323,CUS-0774,Liam Murray | 1981-02-21,06 Dec 2024,43,QLD,PL,Self-employed,102300,25000,20000,24 months,662,0,0,0,0,0,0,0
APP-0352,CUS-0905,Lily Walker | 1997-08-22,2024-01-22,26,SA,Personal Loan,Self-employed,104400,32500,29200,60 months,791,30,0,0,0,0,0,0
APP-0357,CUS-0544,Grace Hughes | 2001-06-11,01/01/2024,22,NSW,Credit Card,Self-employed,44k,10000,9000,,843,0,0,0,0,0,0,0
APP-0836,CUS-0711,Henry Lee | 1966-02-20,2024-10-31,58,VICTORIA,Credit Card,Full-time,47300,8000,7200,,738,0,0,0,0,0,0,0
APP-0716,CUS-0087,Mason Evans | 1959-10-23,2023-08-03,63,New South Wales,Personal Loan,self-employed,114800,34500,24200,48 mths,685,0,0,0,0,0,0,0
APP-0252,CUS-0768,Mia Singh | 1985-04-23,2025-04-15,39,Victoria,Credit Card,Retired,30200,8000,8000,,714,0,30,60,90,120,150,1
APP-1152,CUS-0424,Isla Murray | 1958-07-29,12/07/2023,64,QUEENSLAND,CREDIT CARD,Self-employed,78700,10000,9000,,812,0,0,0,0,0,0,0
APP-1149,CUS-0356,Noah Patel | 1972-01-09,2023-08-23,40,SA,Personal Loan,  Retired ,22800,19000,19000,36 months,726,0,0,0,0,0,0,0
APP-0848,CUS-0328,Oscar Young | 1963-02-15,2025-03-05,62,NSW,Credit Card,Part-time,107300,25000,25000,,643,0,0,0,30,60,90,1
APP-0391,CUS-0793,Lucas Khan | 1985-07-26,2024-04-29,38,act,CC,Full-time,55700,15000,13500,,854,0,30,0,0,0,0,0
APP-0444,CUS-0322,Chloe Patel | 1967-09-04,2024-08-28,56,Victoria,credit card,Casual,79100,8000,8000,,696,0,0,0,0,0,0,0
APP-0568,CUS-0384,Archie Smith | 1978-11-22,2024-03-16,45,QLD,credit card,Retired,105400,10000,5000,,N/A,0,0,0,0,0,0,0
APP-0216,CUS-0244,Archie Walker | 1979-08-10,2024-07-10,44,NEW SOUTH WALES,CC,Full-time,58900,5000,4000,,668,0,0,0,30,0,0,0
APP-0339,CUS-0387,Henry Khan | 1989-01-12,2024-10-05,35,VIC,Credit Card,Full-time,48000,25000,25000,,646,0,0,0,0,0,0,0
APP-0795,CUS-0623,Leo Young | 1998-08-22,16/07/2024,25,wa,Personal Loan,Part-time,113300,15500,14000,60 months,657,0,0,0,0,0,0,0
APP-0910,CUS-0435,Olivia Khan | 1987-12-02,08 Jan 2024,36,VIC,credit card,full-time,55200,15000,15000,,698,0,0,0,0,0,0,0
APP-0057,CUS-0133,Archie Taylor | 1965-10-20,17/03/2024,58,QLD,Credit Card,Full-time,154600,2000,2000,,870,0,0,0,0,0,0,N
APP-0669,CUS-0020,Ava Young | 1998-01-17,2023-07-25,25,NSW,Personal Loan,Self-employed,60400,44500,44500,12 months,728,0,0,0,0,0,0,0
APP-0633,CUS-0779,Leo Khan | 1995-04-08,2024-06-02,17,New South Wales,Credit Card,Unemployed,89900,2000,2000,,684,0,0,0,0,0,0,0
APP-0682,CUS-0296,Ruby Young | 1984-06-16,11/07/2023,39,Australian Capital Territory,CC,Self-employed,,8000,8000,,706,0,0,0,0,0,0,0
APP-0804,CUS-0547,Mia Wilson | 1985-01-22,2025-04-12,40,vic,credit card,Full-time,47000,8000,8000,,150,0,0,0,0,0,0,0
APP-0182,CUS-0788,Archie Smith | 1980-07-19,20 Mar 2024,43,NSW,Personal Loan,Full-time,41k,42500,21200,1 yrs,667,0,0,0,0,0,0,0
APP-0054,CUS-0780,Oscar Patel | 1954-02-02,05 Oct 2024,70,Western Australia,Credit Card,Full-time,97100,25000,25000,,704,0,0,0,0,0,0,0
APP-0998,CUS-0868,Isla Chen | 1981-06-14,2023-09-02,42,WA,CREDIT CARD,FULL-TIME,52300,8000,5600,,618,0,0,0,0,0,0,0
APP-1366,CUS-0809,Mia Kelly | 1962-08-13,2024-03-16,61,SA,PL,Casual,87500,49500,49500,5 yrs,781,0,0,0,0,0,0,0
APP-0347,CUS-0027,Archie Kelly | 1995-06-27,2025-05-31,29,Queensland,Credit Card,Full-time,40200,8000,8000,,765,0,0,0,0,0,0,0
APP-0232,CUS-0264,Zoe Patel | 1997-03-23,2023-10-26,26,Queensland,Personal Loan,Full-time,35100,36500,36500,48 mths,594,0,0,0,0,0,0,0
APP-0152,CUS-0672,Zoe Smith | 1976-09-29,05 Sep 2024,47,VIC,Personal Loan,Part-time,47000,39000,35100,36 months,859,0,0,0,0,0,0,0
APP-0501,CUS-0991,Ruby Evans | 2002-10-23,2024-06-23,21,NEW SOUTH WALES,CC,Part-time,56300,10000,10000,,757,0,0,0,0,0,0,0
APP-1249,CUS-0914,Jack Kelly | 1957-01-06,29 Nov 2024,67,VIC,CREDIT CARD,full-time,130200,15000,7500,,696,0,0,0,0,0,0,0
APP-0828,CUS-0223,Mason Evans | 1984-01-12,04/11/2024,40,VIC,Credit Card,Full-time,103200,15000,15000,,701,0,0,0,0,0,0,0
APP-0231,CUS-0972,Zoe Khan | 1971-10-01,19/10/2024,53,act,Credit Card,Full-time,50k,25000,25000,,608,0,0,0,0,0,0,0
APP-0926,CUS-0555,Lucas Patel | 2000-03-04,2023-10-22,23,VIC,Credit Card,Full-time,64100,25000,25000,,643,0,0,0,0,30,0,0
APP-0525,CUS-0163,Grace Lee | 1977-03-11,2023-03-31,46,act,CC,Full-time,"$45,700",5000,3500,,900,30,0,0,0,0,0,0
APP-1111,CUS-0954,Ruby Nguyen | 1973-11-30,2023-09-17,49,QLD,Personal Loan,Full-time,110500,22500,18000,48 months,761,0,0,0,0,0,0,0
APP-0022,CUS-0120,Grace Lee | 1982-10-10,2024-01-26,41,vic,CREDIT CARD,Retired,134400,5000,4500,,701,0,0,0,0,30,60,0
APP-0406,CUS-0307,Chloe Singh | 2002-05-12,2025-05-16,23,NEW SOUTH WALES,Personal Loan,Self-employed,34300,30500,44200,3 yrs,695,0,0,30,0,0,0,0
APP-0258,CUS-0232,Liam Murray | 1974-02-10,07 Jul 2024,50,VIC,Credit Card,Part-time,66700,2000,1800,,742,0,0,0,0,0,0,1
APP-0930,CUS-0978,Mason Hughes | 1973-08-20,2025-01-19,51,nsw,Credit Card,Full-time,unknown,10000,10000,,580,0,0,30,60,90,120,1
APP-0701,CUS-0866,Lily Nguyen | 1994-03-27,2023-01-05,28,VIC,P. Loan,N/A,49100,38500,38500,3 yrs,863,30,60,0,0,0,0,0
APP-0389,CUS-0504,Noah Kelly | 1956-12-06,2023-03-02,66,nsw,Credit Card,Part-time,unknown,25000,25000,,510,0,0,0,0,0,0,0
APP-0695,CUS-0113,Archie Patel | 1995-09-06,2024-01-30,28,NSW,Personal Loan,Self-employed,63000,40000,68800,12 months,719,0,0,0,0,0,0,0
APP-0526,CUS-0993,Mason Walker | 1978-06-15,2023-08-18,45,Victoria,Personal Loan,Fu11-t1me,43600,45000,22500,1 yrs,554,0,0,30,0,0,0,0
APP-1287,CUS-0724,Ella Smith | 1992-02-23,2024-08-28,32,NSW,Personal Loan,Part-time,51500,12500,8800,24 months,757,30,0,0,0,0,0,0
APP-0186,CUS-0184,Henry Chen | 1988-11-24,20/05/2023,34,QLD,Credit Card,Self-employed,34600,2000,1400,,520,0,0,0,0,0,0,0
APP-0943,CUS-0582,Olivia Khan | 1964-12-08,2025-04-30,60,qld,CC,Full-time,43.9,8000,8000,,706,0,0,0,0,0,0,0
APP-0044,CUS-0448,Lily Murray | 1958-02-08,2023-01-14,64,ACT,credit card,Retired,105100,15000,13500,,613,0,0,0,0,0,0,0
APP-0474,CUS-0534,Archie Hughes | 1986-07-17,05/06/2024,37,VICTORIA,Credit Card,Full-time,88300,8000,6400,,710,0,0,0,0,0,0,0
APP-0853,CUS-0783,Henry Patel | 1955-12-20,2024-03-05,68,VIC,Credit Card,Casual,46400,2000,1800,,693,0,0,0,0,0,0,0
APP-1083,CUS-0679,Ruby Lee | 1977-10-08,2023-12-25,46,nsw,Personal Loan,Part-time,44400,17500,14000,24 months,702,0,0,0,0,0,0,0
APP-0341,CUS-0236,Ava Nguyen | 1977-06-30,26/07/2024,47,New South Wales,CC,N/A,29800,5000,5000,,669,0,0,0,0,0,0,0
APP-0143,CUS-0881,Oscar Khan | 1958-09-01,2024-05-24,65,New South Wales,Personal Loan,Part-time,73000,35000,28000,36 months,593,0,0,0,0,0,0,0
APP-1382,CUS-0889,Oscar Walker | 1970-06-25,2024-12-27,54,QLD,Credit Card,Full-time,60200,2000,1600,,731,0,0,0,0,0,0,0
APP-1272,CUS-0047,Ethan Smith | 1998-02-17,31/04/2024,25,NSW,credit card,Full-time,103400,25000,25000,,704,0,30,0,0,0,0,0
APP-1304,CUS-0826,Lucas Hughes | 1960-11-10,30/02/2025,63,ACT,Personal Loan,Full-time,60500,23000,20700,60 months,750,0,0,0,0,0,0,N
APP-0748,CUS-0089,Archie Singh | 1981-03-27,27/09/2024,43,nsw,Credit Card,Part-time,51600,15000,15000,,744,30,60,0,0,0,0,0
APP-0830,CUS-0778,Ava Evans | 1957-10-15,2024-03-03,66,vic,CC,Full-time,43900,25000,25000,,708,0,0,0,0,0,0,0
app-0096,CUS-0604,Zoe Smith | 1999-01-14,2023-06-26,24,NSW,CREDIT CARD,Full-time,57800,15000,10500,,671,30,60,90,120,150,180,1
APP-0961,CUS-0687,Jack Lee | 1988-08-07,02/10/2023,35,QLD,Credit Card,Retired,50500,8000,8000,,672,0,0,0,30,0,0,0
APP-1090,CUS-0253,Jack Brown | 1985-04-25,2023-10-24,38,VIC,Credit Card,Full-time,69800,8000,5600,,843,0,0,0,0,0,0,0
APP-0050,CUS-0518,Chloe Walker | 1997-02-21,2023-04-07,26,WESTERN AUSTRALIA,Credit Card,Full-time,,25000,22500,,780,30,0,0,0,0,0,0
APP-1030,CUS-0913,Archie Hughes | 1958-12-27,2024-09-21,65,Victoria,Credit Card,  Full-time ,51300,15000,7500,,680,0,0,0,0,0,0,0
APP-0316,CUS-0306,Mia Kelly | 1986-12-23,2024-02-13,37,NSW,Credit Card,,75600,10000,9000,,741,0,0,0,0,0,30,0
APP-0330,CUS-0852,Ava Brown | 1992-06-04,2025-03-14,32,qld,Credit Card,CASUAL,-1,15000,15000,,658,0,30,60,90,120,150,Y
APP-0513,CUS-0969,Archie Wilson | 1962-05-14,2023-05-03,60,vic,Credit Card,Full-time,101300,8000,8000,,741,0,0,0,0,0,0,0
app-0692,CUS-0726,Isla Patel | 1990-09-07,2024-07-02,33,VIC,CREDIT CARD,Part-time,43000,5000,2500,,729,0,0,0,0,0,0,0
APP-0346,CUS-0912,Grace Hughes | 1983-04-08,2024-06-18,41,VIC,credit card,Full-time,22200,10000,14400,,733,0,30,0,0,0,0,0
APP-0580,CUS-0390,Archie Hughes | 1958-09-11,20/06/2024,65,Victoria,Credit Card,Retired,69400,2000,1400,,677,0,0,30,0,0,0,0
APP-0833,CUS-0908,Chloe Khan | 1970-06-22,2023-05-25,52,qld,Personal Loan,  Retired ,41300,42000,21000,60 mths,775,0,0,0,0,0,0,1
APP-1101,CUS-0520,Lucas Walker | 1993-06-09,2024-10-08,31,NSW,Credit Card,Self-employed,88800,10000,10000,,682,0,0,0,0,0,0,0
APP-0684,CUS-0748,Jack Nguyen | 1967-09-26,2023-09-16,55,SA,personal loan,  Casual ,59100,12000,8400,12 mths,677,0,0,30,0,0,0,0
APP-1330,CUS-0856,Mason Wilson | 1989-07-16,2025-04-13,35,QLD,Credit Card,Self-employed,34600,8000,4000,,678,0,0,0,0,0,0,N
APP-1041,CUS-0772,Zoe Khan | 1954-12-12,2023-03-15,68,WA,CC,Full-time,N/A,10000,7000,,659,0,0,0,0,0,0,0
APP-1302,CUS-0438,Chloe Walker | 1979-07-25,2024-05-14,44,VICTORIA,Personal Loan,Full-time,35600,24500,19600,2 yrs,613,0,0,0,0,0,0,0
APP-0813,CUS-0259,Leo Evans | 1977-06-12,2023-02-05,45,QLD,personal loan,Unemployed,43300,46000,23000,12 months,613,0,0,0,0,0,0,0
APP-1333,CUS-0263,Lily Patel | 1961-05-12,2025-01-25,63,New South Wales,CC,,35700,15000,7500,,763,0,0,0,0,0,0,N
APP-0773,CUS-0738,Mason Murray | 1954-05-24,2024-05-07,69,TAS,Credit Card,Full-time,91700,8000,8000,,702,0,0,0,0,0,0,N
APP-1328,CUS-0150,Zoe Young | 1997-01-04,2024-05-31,27,VIC,Credit Card,Part-time,85200,5000,4500,,608,0,0,0,0,0,0,0
APP-0067,CUS-0994,Liam Young | 1983-06-22,2024-09-04,41,QLD,PL,Casual,50100,40000,36000,12 months,579,0,30,60,90,120,150,1
APP-1184,CUS-0474,Jack Evans | 2002-02-04,30/02/2025,21,WA,Personal Loan,Self-employed,218000,40000,40000,24 mths,674,0,30,60,90,120,150,1
APP-0039,CUS-0812,Oscar Taylor | 1993-03-28,31/11/2023,32,QLD,PL,Retired,78600,35000,35000,48 months,474,30,60,90,120,150,180,Y
APP-0933,CUS-0146,Isla Khan | 1989-03-29,2024-07-15,35,Victoria,Credit Card,Full-time,22600,25000,20000,,646,0,0,0,0,0,0,0
APP-1076,CUS-0775,Ethan Wilson | 1993-05-13,2025-03-10,31,VIC,Credit Card,Retired,77400,2000,1400,,811,0,0,0,0,0,0,N
APP-0251,CUS-0599,Jack Murray | 1998-06-11,20 Jun 2025,27,New South Wales,Credit Card,Full-time,61900,25000,25000,,684,0,30,60,90,120,150,1
APP-1316,CUS-0037,Isla Taylor | 1991-01-04,2024-08-06,33,NSW,Credit Card,Unemployed,169500,5000,5000,,722,0,30,60,0,0,0,0
APP-0644,CUS-0085,Lucas Khan | 1987-01-27,29/03/2024,37,NSW,Personal Loan,Retired,81100,40500,40500,60 months,634,0,0,0,0,0,0,0
APP-1291,CUS-0031,Jack Kelly | 1979-09-01,20/04/2023,43,VIC,PL,full-time,162600,42500,42500,2 yrs,700,0,0,0,0,0,0,0
APP-0809,CUS-0502,Jack Lee | 1989-01-27,2024-06-22,35,qld,Personal Loan,Full-time,71700,15500,15500,36 mths,620,0,30,60,90,120,150,1
APP-0284,CUS-0797,Lily Kelly | 1954-09-24,2023-04-14,68,New South Wales,Personal Loan,Casual,32300,16000,14400,48 months,647,30,60,90,120,150,180,1
APP-0646,CUS-0822,Noah Nguyen | 1982-04-18,2023-08-09,41,NSW,credit card,Full-time,149500,10000,10000,,0,0,0,0,0,0,0,0
APP-0418,CUS-0796,Ethan Evans | 1965-06-17,11/02/2023,57,WA,Personal Loan,FULL-TIME,118100,7000,3500,24 months,644,0,0,0,0,0,0,0
APP-1273,CUS-0042,Archie Khan | 1962-09-28,2024-04-02,61,New South Wales,personal loan,Unemployed,53000,19500,13600,3 yrs,625,0,0,0,30,60,90,1
APP-0643,CUS-0434,Ruby Chen | 1980-03-14,2024-08-19,44,Western Australia,Credit Card,  Full-time ,50700,15000,7500,,690,0,0,0,0,0,0,0
APP-1201,CUS-0091,Isla Nguyen | 1990-11-01,2023-01-15,32,NSW,Personal Loan,Full-time,74900,43000,75100,24 months,725,0,0,0,30,60,90,1
APP-1191,CUS-0704,Liam Hughes | 1959-07-21,2023-06-11,63,SA,CC,Self-employed,51300,25000,25000,,753,0,0,0,0,0,0,0
APP-0115,CUS-0037,Isla Taylor | 1991-01-04,09/05/2025,34,nsw,Personal Loan,Full-time,63400,34000,34000,24 mths,691,0,0,30,60,90,120,1
APP-0542,CUS-0256,Henry Kelly | 1960-12-14,2024-03-15,63,NEW SOUTH WALES,Credit Card,Full-time,132900,10000,9000,,724,0,0,0,0,0,0,0
APP-0290,CUS-0710,Zoe Evans | 1983-05-26,2023-09-23,40,QLD,CREDIT CARD,Part-time,76400,10000,10000,,634,0,0,0,0,30,60,0
APP-1183,CUS-0455,Oscar Walker | 1958-01-14,2024-04-26,66,VIC,Credit Card,Unemployed,48700,15000,7500,,598,0,0,0,0,0,0,N
APP-1324,CUS-0066,Lucas Brown | 2002-02-03,07 Nov 2024,22,Victoria,P. Loan,Full-time,49800,17000,17000,36 months,411,0,0,30,0,0,0,0
APP-1349,CUS-0179,Henry Murray | 1960-03-29,25/02/2023,62,VICTORIA,Credit Card,self-employed,54400,10000,8000,,667,0,0,0,0,0,0,Y
APP-0272,CUS-0645,Noah Singh | 1968-01-01,2023-01-03,55,Victoria,credit card,Casual,39.1,10000,10000,,663,0,0,0,0,0,0,0
APP-1322,CUS-0605,Ruby Patel | 1961-09-11,2024-04-28,62,VICTORIA,CC,Full-time,169800,5000,3500,,735,0,0,0,0,0,0,0
APP-0314,CUS-0176,Oscar Singh | 1986-03-26,2023-09-29,37,NSW,Personal Loan,Self-employed,63300,49000,39200,36 mths,830,30,0,0,0,0,0,0
APP-0890,CUS-0902,Mia Evans | 1992-04-30,25/02/2023,30,Queensland,Personal Loan,Self-employed,33800,9500,4800,24 months,687,0,0,0,0,30,0,0
APP-0307,CUS-0081,Mason Brown | 1972-04-22,06/01/2023,50,TAS,personal loan,Full-time,44800,9000,6300,48 months,641,0,0,0,30,60,90,1
APP-0941,CUS-0605,Ruby Patel | 1961-09-11,2025-03-23,63,VIC,PL,Part-time,100400,48500,96000,36 months,861,30,60,0,0,0,0,0
APP-0130,CUS-0437,Lily Kelly | 1961-05-29,21 Jun 2023,62,VIC,CC,Retired,44100,15000,21900,,717,0,0,0,0,0,0,0
APP-0396,CUS-0273,Olivia Singh | 1963-10-19,2024-12-28,61,QLD,Credit Card,Unemployed,76000,2000,1600,,444,0,0,0,30,60,90,1
APP-1378,CUS-0570,Grace Singh | 1966-04-01,2023-11-26,57,nsw,Credit Card,casual,36300,15000,10500,,684,0,0,0,0,0,0,0
APP-0327,CUS-0629,Lily Chen | 1988-11-19,08 Feb 2025,36,NSW,Credit Card,Self-employed,79900,5000,4000,,700,0,0,0,30,60,90,1
APP-0192,CUS-0327,Ruby Smith | 1990-07-23,20/12/2023,33,SA,Credit Card,full-time,89600,10000,7000,,715,0,0,0,0,0,0,0
APP-0723,CUS-0874,Mia Khan | 1982-12-17,2025-04-14,42,New South Wales,CC,Retired,41800,10000,10000,,617,0,0,0,0,0,0,0
APP-1096,CUS-0437,Lily Kelly | 1961-05-29,2023-09-25,62,Victoria,Personal Loan,Retired,48500,48500,48500,36 mths,763,0,0,0,0,0,0,N
APP-0994,CUS-0136,Mia Kelly | 1967-05-21,11/02/2024,56,NSW,Credit Card,  Full-time ,41600,10000,9000,,801,0,0,0,0,0,0,0
APP-0921,CUS-0548,Lily Kelly | 1966-04-29,2025-06-02,59,wa,Personal Loan,Part-time,89000,38500,30800,60 months,662,0,0,0,0,0,0,0
APP-0496,CUS-0648,Chloe Singh | 2001-05-06,04 Oct 2023,22,Queensland,Personal Loan,,83000,30000,15000,3 yrs,550,0,0,0,0,0,0,0
APP-1033,CUS-0132,Henry Evans | 1978-10-14,2023-07-27,44,VIC,credit card,Full-time,37500,10000,10000,,N/A,0,0,30,0,0,0,0
APP-0868,CUS-0744,Grace Smith | 1968-05-20,2023-03-04,54,SA,Credit Card,Full-time,81700,2000,1800,,1000,0,0,0,0,0,0,0
APP-0385,CUS-0242,Noah Wilson | 1978-01-14,12 Mar 2025,47,NSW,CC,casual,76500,5000,4000,,773,0,0,0,0,0,0,0
APP-1068,CUS-0204,Mia Brown | 1969-09-06,2023-12-12,54,SA,PL,Self-employed,128500,21000,16800,12 mths,730,0,30,60,0,0,0,0
APP-0653,CUS-0152,Leo Hughes | 1997-06-12,2025-01-18,27,Queensland,Personal Loan,SELF-EMPLOYED,73800,7500,3800,12 mths,558,0,0,30,60,90,120,1
APP-1200,CUS-0481,Ava Wilson | 1992-12-16,14 Mar 2023,30,NSW,CC,Full-time,87600,10000,10000,,632,0,0,30,0,0,0,0
APP-0398,CUS-0464,Liam Taylor | 1990-03-20,23/04/2023,33,NSW,PL,Full-time,31400,27000,13500,60 months,636,0,0,0,0,0,0,0
APP-0947,CUS-0618,Liam Patel | 1997-06-28,20/01/2023,25,VICTORIA,Credit Card,Casual,55000,2000,2000,,629,0,0,30,0,0,0,0
APP-1081,CUS-0567,Zoe Patel | 1965-04-15,2023-07-31,58,VIC,Personal Loan,  Full-time ,60400,29500,23600,36 months,657,0,0,0,0,0,0,0
APP-0481,CUS-0911,Lucas Murray | 1973-09-01,2024-08-28,50,QLD,Personal Loan,Full-time,83400,15000,12000,48 months,590,0,0,0,30,60,90,1
APP-0725,CUS-0654,Ethan Wilson | 1982-07-23,2023-02-25,40,TAS,P. Loan,,35900,46500,46500,36 mths,708,0,0,0,0,0,30,0
APP-0533,CUS-0213,Noah Smith | 1998-02-24,2024-05-24,26,QLD,Credit Card,Part-time,99600,15000,12000,,N/A,0,0,0,0,0,0,0
APP-0763,CUS-0640,Isla Lee | 1990-01-20,2024-08-14,34,NSW,Credit Card,Part-time,38100,2000,1600,,589,0,0,0,0,0,0,0
APP-0162,CUS-0901,Archie Wilson | 1992-12-13,23/10/2023,30,NSW,Personal Loan,Casual,48600,22500,22500,12 mths,723,0,0,0,0,0,0,0
APP-1208,CUS-0430,Zoe Chen | 1994-07-23,2024-11-01,30,Victoria,Personal Loan,Part-time,49300,31000,21700,24 months,677,0,0,30,0,0,0,0
APP-0937,CUS-0110,Lily Chen | 1966-01-14,2025-05-07,59,VICTORIA,Credit Card,Full-time,58300,2000,1600,,646,30,0,0,0,0,0,0
APP-1040,CUS-0362,Jack Chen | 1985-10-24,2023-10-10,37,New South Wales,Credit Card,Casual,27700,25000,20000,,784,0,0,0,0,0,0,N
APP-1229,CUS-0266,Ella Smith | 1980-07-11,2024-12-16,44,NSW,Credit Card,Self-employed,36900,25000,17500,,691,0,0,0,0,0,30,0
APP-0021,CUS-0621,Leo Brown | 1979-05-15,2025-02-20,45,QLD,Personal Loan,Full-time,73100,41500,41500,12 months,656,0,0,30,60,90,120,Y
APP-0570,CUS-0658,Lucas Wilson | 1965-11-22,2024-05-14,58,VIC,Personal Loan,Casual,56800,37000,29600,60 months,846,30,0,0,0,0,0,0
APP-0654,CUS-0140,Henry Khan | 1993-09-09,08/01/2024,30,VIC,personal loan,Unemployed,49700,36000,28800,4 yrs,691,0,0,0,0,0,0,0
APP-0697,CUS-0350,Liam Singh | 1985-07-18,2024-06-09,38,qld,Credit Card,Full-time,51700,5000,4500,,598,30,60,0,0,0,0,0
APP-0482,CUS-0191,Lily Brown | 1972-12-28,2023-12-04,50,New South Wales,P. Loan,Full-time,29500,37000,37000,48 mths,586,0,0,0,0,0,0,0
APP-0034,CUS-0423,Chloe Smith | 1975-04-23,2025-06-15,50,WA,Credit Card,Self-employed,40900,25000,20000,,690,0,0,0,0,0,0,N
APP-1050,CUS-0927,Mia Murray | 1981-11-24,2024-01-21,42,New South Wales,Credit Card,Full-time,117600,15000,10500,,778,0,0,30,0,0,0,0
APP-0048,CUS-0789,Isla Smith | 1992-04-11,2023-08-02,31,Victoria,Personal Loan,,45500,24000,24000,12 mths,598,0,0,0,0,0,0,0
APP-0030,CUS-0465,Noah Lee | 1982-12-12,02/11/2023,40,TAS,Credit Card,Self-employed,-1,10000,9000,,626,0,0,0,0,0,0,0
APP-1006,CUS-0456,Ruby Singh | 1976-11-30,2024-03-13,47,Victoria,Credit Card,Retired,79500,8000,8000,,695,0,0,0,0,0,0,0
APP-1071,CUS-0748,Jack Nguyen | 1967-09-26,30 Jan 2023,55,SA,P. Loan,Part-time,"$77,700",15500,15500,60 months,756,0,0,0,30,60,90,1
APP-1103,CUS-0529,Ava Wilson | 1973-08-13,2023-05-16,49,QLD,credit card,FULL-TIME,79000,10000,7000,,9999,0,0,0,0,0,0,0
APP-1236,CUS-0566,Leo Hughes | 1976-06-05,2024-10-11,48,WA,CC,Retired,161700,2000,1800,,707,0,30,60,0,0,0,0
APP-0511,CUS-0472,Isla Singh | 1956-07-15,2023-12-04,67,QLD,P. Loan,Full-time,52900,47500,42800,12 months,498,0,0,0,30,0,0,0
APP-0531,CUS-0400,Grace Evans | 1993-05-02,04/07/2024,31,New South Wales,Personal Loan,Full-time,103700,28000,14000,2 yrs,668,0,0,0,0,0,0,0
APP-0923,CUS-0367,Archie Singh | 1991-11-28,2024-07-13,32,New South Wales,Credit Card,Full-time,50800,15000,15000,,769,0,0,0,0,0,0,0
APP-0502,CUS-0636,Grace Evans | 1968-04-17,2024-10-19,56,NSW,Personal Loan,N/A,32000,18000,18000,12 months,632,0,0,0,30,60,90,1
APP-0433,CUS-0597,Jack Nguyen | 1955-09-08,2023-07-03,67,QLD,Credit Card,Self-employed,-1,2000,2000,,684,0,0,0,0,0,0,0
APP-0254,CUS-0854,Leo Brown | 1989-05-28,2024-06-16,35,Victoria,CREDIT CARD,  Retired ,54.5,25000,12500,,650,0,0,0,0,0,0,0
APP-0150,CUS-0024,Chloe Nguyen | 1964-05-25,2024-06-02,60,VIC,Personal Loan,PART-TIME,61400,42500,42500,60 months,517,0,0,0,0,0,0,0
APP-1327,CUS-0218,Ruby Hughes | 1971-12-08,2025-04-29,53,WA,Credit Card,Full-time,45900,5000,8500,,811,0,0,0,0,0,0,0
APP-1180,CUS-0362,Jack Chen | 1985-10-24,12/05/2023,37,New South Wales,CC,FULL-TIME,71300,10000,10000,,700,0,0,0,0,0,0,0
APP-0780,CUS-0633,Zoe Smith | 1975-12-04,2023-11-03,47,QUEENSLAND,Personal Loan,Self-employed,76700,39000,39000,4 yrs,636,0,0,0,0,0,0,0
APP-0367,CUS-0590,Leo Walker | 1969-11-26,2024-01-08,54,NEW SOUTH WALES,credit card,Full-time,83900,2000,1800,,844,0,0,0,0,0,0,0
APP-1077,CUS-0217,Oscar Lee | 1991-08-22,2024-11-05,33,WA,Credit Card,Full-time,114600,8000,8000,,0,0,30,60,90,120,150,1
APP-1079,CUS-0038,Ethan Nguyen | 1973-10-15,2025-02-17,51,NSW,personal loan,Full-time,38700,33000,29700,12 mths,622,0,0,0,30,60,90,1
APP-0681,CUS-0357,Mason Lee | 1984-11-02,2025-01-21,40,New South Wales,Credit Card,Full-time,68800,2000,2000,,812,0,0,0,30,60,90,1
APP-1169,CUS-0680,Archie Lee | 1972-08-16,2024-02-03,51,QLD,Credit Card,Full-time,84300,15000,7500,,620,0,0,0,0,0,0,N
APP-0813,CUS-0259,Leo Evans | 1977-06-12,2023-02-05,45,QLD,personal loan,Unemployed,43300,46000,23000,12 months,613,0,0,0,0,0,0,0
APP-0736,CUS-0462,Liam Hughes | 1985-12-11,2024-01-06,38,VIC,Personal Loan,Full-time,76700,28000,28000,12 months,729,0,0,0,0,0,0,0
APP-1049,CUS-0932,Leo Wilson | 1966-12-08,17/05/2025,58,New South Wales,Credit Card,Retired,106800,10000,10000,,765,0,0,0,0,30,60,0
APP-0299,CUS-0499,Zoe Kelly | 1968-10-28,2023-04-22,68,VIC,Credit Card,Full-time,86100,25000,25000,,558,0,0,0,0,0,0,0
APP-0557,CUS-0419,Ethan Walker | 1964-08-29,2023-06-23,58,NSW,Credit Card,Part-time,N/A,25000,22500,,797,0,0,0,0,0,0,0
APP-0576,CUS-0366,Ethan Chen | 1988-06-03,2023-11-27,35,WA,Credit Card,Full-time,63700,2000,1400,,749,0,0,0,0,0,0,0
APP-0019,CUS-0414,Mia Singh | 2001-10-16,2024-05-27,22,nsw,Credit Card,Part-time,63800,8000,8000,,806,0,0,0,0,0,0,0
APP-0573,CUS-0167,Noah Evans | 1992-06-09,2023-11-13,31,NSW,credit card,Self-employed,43200,2000,1800,,786,0,0,0,30,0,0,0
APP-0226,CUS-0103,Isla Singh | 1989-11-08,2024-05-17,34,NSW,Credit Card,FULL-TIME,63200,5000,2500,,610,0,0,0,0,0,0,0
APP-0600,CUS-0039,Ella Lee | 1982-07-04,2025-05-11,42,Tasmania,Personal Loan,Full-time,75200,30500,30500,24 mths,659,0,0,0,0,0,0,0
APP-0420,CUS-0433,Archie Evans | 1982-12-04,12 May 2024,41,QLD,CC,Full-time,68300,25000,25000,,697,0,0,0,0,0,0,0
APP-1137,CUS-0588,Lily Young | 1955-03-11,2023-11-03,68,NSW,Credit Card,Part-time,43600,8000,8000,,602,0,0,0,0,0,0,0
APP-0219,CUS-0324,Lily Lee | 1996-12-01,2024-01-04,27,vic,CC,Part-time,85200,25000,25000,,624,0,0,0,0,0,0,0
APP-0308,CUS-0321,Lily Young | 1979-02-21,2024-06-04,45,QLD,Credit Card,unknown,49700,10000,5000,,581,0,0,0,0,0,0,0
APP-0157,CUS-0652,Mia Brown | 1972-08-10,2024-05-03,51,Queensland,Credit Card,Full-time,,5000,5000,,545,0,0,0,0,0,0,0
APP-0172,CUS-0802,Ella Patel | 1995-08-18,28 Oct 2023,28,VICTORIA,Personal Loan,FULL-TIME,77000,31000,21700,24 months,9999,0,0,0,0,0,0,0
APP-1157,CUS-0162,Jack Khan | 1992-07-18,2023-04-17,30,VIC,P. Loan,Part-time,56200,36000,25200,48 mths,675,0,0,0,30,0,0,0
APP-0706,CUS-0566,Leo Hughes | 1976-06-05,2023-07-31,47,wa,Personal Loan,Full-time,70000,5500,5500,1 yrs,569,0,0,0,0,0,0,0
APP-0287,CUS-0458,Jack Singh | 1968-07-13,2024-05-31,55,Victoria,Personal Loan,Full-time,44300,42000,33600,1 yrs,648,0,0,0,0,0,0,0
APP-1091,CUS-0002,Oscar Khan | 1991-05-23,13/08/2024,33,WA,Credit Card,full-time,24300,2000,1000,,566,0,30,0,0,0,0,0
APP-0454,CUS-0862,Henry Evans | 1998-12-09,19/04/2023,24,Tasmania,Credit Card,Part-time,73500,5000,5000,,534,0,0,0,0,0,0,N
APP-1093,CUS-0368,Lily Hughes | 1956-02-17,20/01/2024,67,VIC,CC,Full-time,39900,25000,25000,,626,0,0,0,0,0,0,0
APP-0072,CUS-0241,Henry Singh | 2002-04-22,19/12/2023,21,NSW,Credit Card,Part-time,46500,5000,3500,,642,0,0,0,0,0,0,0
APP-0083,CUS-0552,Mia Walker | 1968-04-12,20/12/2024,56,VIC,Credit Card,PART-TIME,49200,10000,8000,,801,30,0,0,0,0,0,0
APP-1134,CUS-0683,Mia Taylor | 1966-11-10,2023-08-01,56,QLD,PL,Full-time,48300,45500,41000,24 mths,707,0,0,0,0,0,0,0
APP-0968,CUS-0275,Henry Singh | 1995-08-16,2023-01-18,27,qld,Credit Card,Full-time,42900,8000,8000,,526,0,0,0,0,0,0,0
APP-0016,CUS-0570,Grace Singh | 1966-04-01,09 Nov 2023,57,NSW,CREDIT CARD,Casual,-1,2000,1600,,598,0,0,0,0,0,0,0
APP-0536,CUS-0855,Noah Young | 1998-04-07,2023-07-21,25,VIC,credit card,Full-time,57700,10000,17400,,523,0,0,0,0,0,0,0
APP-1124,CUS-0884,Henry Taylor | 1997-03-07,2023-06-21,26,QLD,Personal Loan,  Casual ,17700,41500,20800,48 months,683,0,0,0,0,0,0,0
APP-0919,CUS-0082,Leo Khan | 2001-05-03,2024-12-11,23,NSW,Personal Loan,Retired,,17500,15800,12 mths,654,0,0,0,0,0,0,0
APP-0452,CUS-0798,Grace Evans | 1968-12-14,02/09/2023,54,SA,Credit Card,Part-time,115k,2000,2000,,696,0,0,0,0,0,0,0
APP-1121,CUS-0097,Liam Nguyen | 1992-02-14,2025-03-17,33,New South Wales,Credit Card,self-employed,63100,5000,2500,,0,0,30,60,90,120,150,1
APP-0405,CUS-0617,Lily Brown | 1955-06-11,12/08/2023,68,WA,Credit Card,Full-time,45700,2000,1600,,563,0,0,0,0,0,0,0
APP-1351,CUS-0241,Henry Singh | 2002-04-22,2024-08-27,22,New South Wales,Credit Card,Part-time,38900,5000,4000,,N/A,0,0,0,0,0,0,0
APP-1310,CUS-0711,Henry Lee | 1966-02-20,13/05/2025,59,Victoria,Personal Loan,Full-time,45300,30500,30500,12 months,9999,0,0,0,0,0,0,0
APP-0740,CUS-0704,Liam Hughes | 1959-07-21,24/03/2025,65,SA,personal loan,Self-employed,73600,32500,32500,12 months,0,0,0,0,0,0,0,N
APP-0365,CUS-0827,Zoe Brown | 1959-05-15,13 Feb 2023,63,qld,PL,Retired,138500,6000,6000,60 months,595,30,60,90,120,150,180,1
APP-0105,CUS-0887,Archie Nguyen | 1971-01-19,09/05/2023,52,NSW,CC,full-time,110k,15000,12000,,573,30,0,0,0,0,0,0
APP-1357,CUS-0041,Zoe Wilson | 1997-11-29,2024-07-04,26,NSW,Credit Card,part-time,94200,8000,8000,,617,0,0,0,0,0,0,0
APP-1206,CUS-0703,Leo Evans | 1981-11-16,2023-08-28,41,NSW,P. Loan,Part-time,37500,7000,7000,5 yrs,749,0,0,0,0,0,0,0
APP-0662,CUS-0188,Ruby Nguyen | 1960-05-07,2023-02-25,62,VIC,Personal Loan,Part-t1me,194100,8000,4000,24 months,704,0,0,0,0,0,0,0
APP-0242,CUS-0076,Grace Lee | 1992-07-29,2025-03-11,32,SA,Personal Loan,full-time,56000,10500,7300,36 mths,647,0,0,30,60,90,120,1
APP-0431,CUS-0643,Lily Walker | 1963-12-13,20/01/2024,60,NSW,Personal Loan,N/A,75300,39500,31600,48 months,652,0,0,0,0,0,0,0
APP-0815,CUS-0631,Mason Chen | 1974-09-19,2023-03-10,48,vic,Credit Card,Self-employed,90500,25000,25000,,742,0,0,0,0,0,0,0
APP-0631,CUS-0917,Mia Lee | 1990-11-20,07/01/2024,33,QLD,Personal Loan,Retired,102.8,42000,37800,60 months,698,0,0,0,0,0,0,0
APP-0097,CUS-0828,Zoe Brown | 1964-08-03,2024-05-16,59,ACT,Credit Card,Unemployed,47700,15000,7500,,689,0,0,0,0,0,0,0
APP-0468,CUS-0581,Chloe Young | 1980-04-16,2025-04-16,45,ACT,PL,Retired,37000,42000,42000,24 mths,N/A,0,0,0,30,60,90,1
APP-0085,CUS-0551,Lucas Kelly | 1983-01-12,29/05/2024,41,WA,Personal Loan,Full-time,53k,15000,12000,12 months,615,0,0,0,0,0,0,0
APP-0702,CUS-0102,Chloe Walker | 1964-06-27,2024-03-31,59,Queensland,Personal Loan,Full-time,-1,47500,47500,60 mths,612,0,0,30,60,90,120,Y
APP-0010,CUS-0288,Isla Chen | 1987-10-14,2023-08-19,35,QLD,Credit Card,PART-TIME,89400,5000,4500,,741,0,0,0,0,0,0,0
APP-0605,CUS-0545,Lucas Hughes | 2002-02-04,2025-01-17,22,Victoria,Credit Card,Full-time,23500,25000,25000,,565,0,0,0,30,0,0,0
APP-0879,CUS-0065,Mason Kelly | 1982-07-10,2024-01-08,41,vic,Personal Loan,Full-time,83200,34000,34000,60 months,581,0,0,0,0,0,0,0
APP-0774,CUS-0430,Zoe Chen | 1994-07-23,2024-08-09,30,VIC,Credit Card,Self-employed,35800,25000,22500,,750,0,0,0,0,0,30,0
APP-0277,CUS-0967,Isla Singh | 1988-05-09,2024-10-12,36,Victoria,personal loan,full-time,33800,8000,4000,36 mths,700,0,0,0,0,0,0,0
APP-0089,CUS-0730,Zoe Taylor | 1965-03-16,2023-05-09,58,VIC,Personal Loan,retired,124900,8500,6800,48 months,N/A,0,0,0,0,0,0,0
APP-0091,CUS-0107,Liam Evans | 1996-01-30,25/01/2023,26,NSW,PL,Casual,36900,46500,46500,24 months,669,0,0,0,0,0,0,0
APP-0766,CUS-0069,Ruby Young | 1983-08-10,17/06/2023,39,QLD,Credit Card,SELF-EMPLOYED,118.4,10000,9000,,435,0,0,0,0,0,0,0
APP-0281,CUS-0983,Mia Khan | 1991-12-24,08 May 2024,32,Western Australia,credit card,Full-time,53300,15000,7500,,589,0,0,0,0,0,0,0
APP-1008,CUS-0312,Chloe Singh | 1954-04-19,05/08/2023,69,qld,Credit Card,Full-time,40700,15000,15000,,755,0,0,0,0,0,0,N
APP-0652,CUS-0601,Isla Lee | 1988-11-08,2023-11-25,35,Queensland,Credit Card,full-time,56300,5000,5000,,835,30,0,0,0,0,0,0
APP-0993,CUS-0280,Zoe Lee | 1979-01-22,2025-03-06,46,NSW,Credit Card,Part-time,53300,5000,4000,,563,0,0,0,0,0,0,0
APP-0366,CUS-0277,Ethan Smith | 1964-07-14,2024-08-11,60,VICTORIA,Credit Card,Full-time,48900,2000,2000,,653,30,60,90,120,150,180,1
APP-0024,CUS-0712,Mason Patel | 1990-12-12,2023-08-30,32,VIC,Personal Loan,Fu11-t1me,44300,39000,39000,24 months,656,0,0,0,0,0,0,0
APP-0677,CUS-0550,Liam Patel | 1966-07-07,2024-11-16,58,New South Wales,personal loan,Self-employed,70200,15000,15000,12 months,835,0,0,0,0,0,0,0
APP-0999,CUS-0086,Archie Walker | 1954-06-19,2023-01-31,68,vic,credit card,Part-time,90700,10000,10000,,624,0,30,60,90,120,150,1
APP-0311,CUS-0443,Olivia Brown | 1968-02-29,2025-05-21,57,Northern Territory,CREDIT CARD,full-time,149200,8000,8000,,638,0,0,0,0,0,0,0
APP-1061,CUS-0654,Ethan Wilson | 1982-07-23,19/07/2023,40,TAS,PL,Full-time,50.6,29500,29500,48 months,449,0,30,60,90,120,150,1
APP-0641,CUS-0661,Grace Brown | 1972-10-08,2023-06-18,50,NSW,Credit Card,Full-time,125700,10000,7000,,633,0,0,0,0,30,0,0
APP-0241,CUS-0391,Grace Murray | 2000-09-01,16/01/2023,22,WA,credit card,Casual,77000,2000,2000,,623,0,0,0,0,0,0,0
APP-0667,CUS-0004,Grace Brown | 1978-05-05,2023-03-04,44,VIC,Credit Card,Self-employed,34500,5000,2500,,751,0,0,30,0,0,0,0
APP-1259,CUS-0279,Liam Hughes | 1990-02-27,12 Nov 2024,34,VIC,credit card,Self-employed,99k,15000,15000,,610,0,0,0,0,0,0,0
APP-0099,CUS-0505,Grace Hughes | 1990-09-07,23/02/2025,34,NEW SOUTH WALES,Personal Loan,Unemployed,76800,12500,12500,60 months,676,0,0,0,0,0,0,0
APP-0168,CUS-0011,Grace Wilson | 1978-03-22,07/05/2024,46,SOUTH AUSTRALIA,Credit Card,Full-time,106400,8000,8000,,518,0,0,0,0,0,0,0
APP-0497,CUS-0455,Oscar Walker | 1958-01-14,2025-05-26,67,vic,credit card,Full-time,64600,15000,7500,,681,0,0,0,0,0,0,0
APP-0276,CUS-0746,Jack Wilson | 1984-07-05,17/06/2024,39,QLD,personal loan,Full-time,58600,11500,10400,60 months,748,0,0,0,0,0,30,0
APP-1114,CUS-0697,Mia Young | 2002-10-05,2024-04-16,21,vic,Credit Card,Full-time,23100,10000,5000,,0,0,0,0,0,0,0,0
APP-0715,CUS-0109,Henry Taylor | 1962-02-21,18/01/2025,62,QLD,Personal Loan,  Retired ,50400,13500,9400,48 months,690,0,0,0,0,0,0,0
APP-1228,CUS-0221,Leo Khan | 1959-12-18,2024-01-10,64,QLD,credit card,Full-time,55000,25000,20000,,871,0,0,0,0,0,0,0
APP-0332,CUS-0777,Archie Kelly | 1983-01-13,13/07/2023,40,Tasmania,Personal Loan,Part-time,94900,23000,18400,4 yrs,647,0,0,30,60,0,0,0
APP-0220,CUS-0106,Oscar Taylor | 2002-02-16,2025-06-08,23,SA,Credit Card,Full-time,"$33,300",10000,5000,,721,0,0,0,0,0,0,0
APP-0434,CUS-0973,Mia Young | 2000-01-27,2087-03-15,24,SA,Personal Loan,Full-time,108500,15000,13500,36 months,585,0,0,0,0,0,0,0
APP-0334,CUS-0511,Zoe Murray | 1999-06-23,2023-09-27,24,New South Wales,Personal Loan,Casual,33300,7000,6300,36 months,653,0,0,0,0,0,0,0
APP-1250,CUS-0391,Grace Murray | 2000-09-01,2025-04-27,24,WESTERN AUSTRALIA,Credit Card,Full-time,77800,8000,5600,,780,0,0,0,0,0,0,0
APP-0487,CUS-0372,Ava Smith | 1995-02-04,2024-02-22,29,QUEENSLAND,Credit Card,Full-time,0,2000,2000,,565,0,0,0,0,0,0,0
APP-0532,CUS-0619,Liam Hughes | 1962-11-21,2023-07-03,60,VICTORIA,CC,Part-time,"$56,400",25000,25000,,517,0,0,0,30,60,90,1
APP-1268,CUS-0539,Leo Hughes | 1957-11-19,30 Apr 2024,66,Victoria,CREDIT CARD,part-time,65800,8000,8000,,N/A,0,0,0,0,0,0,0
APP-0261,CUS-0260,Henry Wilson | 1966-11-07,2023-01-31,56,SOUTH AUSTRALIA,Credit Card,Full-time,37800,10000,10000,,762,0,0,0,0,0,0,0
APP-0811,CUS-0792,Lily Nguyen | 1989-02-09,2025-02-22,36,VIC,Personal Loan,Full-time,72700,38500,38500,12 mths,745,0,0,0,0,0,0,0
APP-0306,CUS-0063,Zoe Walker | 1980-09-14,01/05/2025,44,Northern Territory,Personal Loan,Self-employed,100900,47000,32900,48 months,532,0,0,0,0,0,0,N
APP-1232,CUS-0786,Mia Patel | 1983-12-05,27 Jul 2023,52,VIC,personal loan,Full-time,40900,39000,39000,36 months,603,0,0,0,0,0,0,0
APP-0197,CUS-0093,Mason Kelly | 1996-10-07,15 Aug 2024,27,WA,Credit Card,Retired,78100,5000,5000,,574,0,0,0,0,0,0,0
APP-1165,CUS-0733,Ethan Khan | 1974-01-31,2024-02-09,50,Western Australia,Personal Loan,Full-time,50100,9000,6300,12 mths,713,0,0,0,0,0,0,0
APP-1147,CUS-0164,Mason Smith | 1977-06-10,2023-11-14,46,NSW,Credit Card,Full-time,57k,2000,2000,,638,0,0,0,0,0,0,0
APP-0495,CUS-0304,Mason Hughes | 1966-01-16,2023-05-10,57,vic,Credit Card,Full-time,86300,5000,4500,,597,0,0,0,0,0,0,0
APP-0111,CUS-0904,Isla Lee | 1962-11-27,2024-05-29,61,QLD,Credit Card,Retired,66500,15000,10500,,673,0,0,0,0,0,0,0
APP-1109,CUS-0018,Grace Hughes | 1986-12-29,13 Feb 2023,36,Victoria,Personal Loan,Full-time,38000,41500,20800,12 months,707,0,0,0,0,0,0,0
APP-0514,CUS-0915,Ella Patel | 1957-09-27,03/07/2023,65,SA,Credit Card,Full-time,36700,25000,22500,,624,0,0,0,0,0,0,0
APP-0692,CUS-0726,Isla Patel | 1990-09-07,2024-07-02,33,VIC,Credit Card,Part-time,43000,5000,2500,,729,0,0,0,0,0,0,0
APP-0370,CUS-0567,Zoe Patel | 1965-04-15,2024-01-15,58,VIC,CC,Full-time,36900,2000,2000,,498,30,0,0,0,0,0,0
APP-0794,CUS-0405,Jack Smith | 1967-07-19,02 Mar 2025,57,TASMANIA,Credit Card,Self-employed,54500,15000,15000,,900,0,0,0,0,0,0,0
APP-1099,CUS-0716,Ruby Wilson | 1960-08-09,02/07/2024,63,vic,CREDIT CARD,Full-time,26200,15000,10500,,592,0,0,0,0,0,0,0
APP-0927,CUS-0231,Lucas Taylor | 1991-12-09,2023-12-30,32,Victoria,Personal Loan,Full-time,103600,30500,30500,60 months,1200,0,30,0,0,0,0,0
APP-0274,CUS-0647,Noah Murray | 1954-10-06,22 Aug 2023,68,VIC,Credit Card,Retired,43200,5000,4000,,461,0,0,0,30,60,90,1
APP-0397,CUS-0899,Oscar Evans | 1992-01-30,2023-06-02,31,Australian Capital Territory,Personal Loan,Unemployed,,19500,15600,1 yrs,788,0,0,0,0,0,0,0
APP-1179,CUS-0704,Liam Hughes | 1959-07-21,2025-02-16,65,SA,Credit Card,,144500,10000,10000,,712,0,0,0,0,30,0,0
 APP-0934,CUS-0562,Grace Nguyen | 1990-03-01,2025-02-09,34,New South Wales,P. LOAN,Unemployed,29700,33500,33500,2 yrs,765,0,0,0,0,0,0,0
APP-0798,CUS-0216,Ava Taylor | 1955-01-19,05/01/2024,68,QLD,Personal Loan,Full-time,75600,13000,6500,36 months,662,0,0,0,0,0,30,0
APP-1075,CUS-0395,Ava Wilson | 1955-11-08,26/09/2024,68,vic,CC,full-time,,2000,2000,,638,0,0,0,0,30,0,0
APP-1063,CUS-0951,Henry Evans | 1981-12-05,2023-07-30,41,VIC,personal loan,Full-time,39800,34500,27600,24 months,N/A,0,0,0,0,0,0,0
APP-0962,CUS-0543,Mason Evans | 1994-02-08,2025-01-06,30,nsw,Credit Card,retired,67400,8000,8000,,624,0,0,0,0,0,0,0
APP-0419,CUS-0577,Olivia Walker | 1999-11-18,2023-09-21,23,VIC,credit card,Full-time,59800,2000,1400,,837,0,0,0,0,30,0,0
APP-0376,CUS-0156,Lily Young | 1966-05-25,2023-08-18,57,VIC,Credit Card,Full-time,110200,10000,10000,,472,0,0,0,0,0,0,0
APP-0464,CUS-0717,Leo Taylor | 1967-08-11,2024-02-27,56,vic,Personal Loan,,87000,40500,28400,4 yrs,680,0,0,0,30,0,0,0
APP-0471,CUS-0751,Ethan Kelly | 1982-07-12,2024-10-23,42,SA,Personal Loan,Casual,54000,5500,5000,24 months,682,0,0,0,30,60,90,1
APP-1100,CUS-0951,Henry Evans | 1981-12-05,11 Feb 2024,42,VIC,Personal Loan,Full-time,47200,32000,32000,48 months,658,0,0,0,0,0,0,0
APP-0560,CUS-0001,Lily Walker | 1975-04-26,2024-09-17,49,wa,P. Loan,  Unemployed ,37600,19000,19000,12 months,837,0,30,0,0,0,0,0
APP-0303,CUS-0731,Oscar Brown | 1995-08-04,2023-06-24,27,QUEENSLAND,Credit Card,Full-time,42900,8000,4000,,721,0,0,0,30,0,0,0
APP-0583,CUS-0606,Mason Patel | 1967-03-24,2025-05-14,58,VIC,Personal Loan,Full-time,54200,34500,34500,24 months,744,0,0,0,0,0,0,0
APP-0799,CUS-0041,Zoe Wilson | 1997-11-29,2024-05-30,26,New South Wales,Personal Loan,Full-time,76000,8500,6000,48 mths,602,0,0,0,30,60,90,1
APP-0012,CUS-0696,Liam Evans | 1972-01-23,19 May 2024,52,New South Wales,Personal Loan,Full-time,48700,17500,17500,60 months,596,0,0,0,0,0,0,0
APP-1233,CUS-0638,Mason Walker | 1962-05-14,18/01/2023,60,WA,Credit Card,Casual,71900,8000,4000,,590,0,0,0,0,0,0,N
APP-0539,CUS-0124,Archie Chen | 1971-09-27,03/01/2023,51,qld,Credit Card,Unemployed,-1,25000,25000,,706,0,0,0,0,0,0,0
APP-0628,CUS-0945,Mia Smith | 1993-06-26,08/04/2023,29,SA,CREDIT CARD,Full-time,26800,10000,5000,,744,0,0,0,0,0,0,0
APP-0282,CUS-0761,Mia Taylor | 1969-04-01,2023-07-14,54,VIC,Personal Loan,Casual,106200,29000,29000,60 mths,738,0,0,0,30,60,90,1
APP-0984,CUS-0829,Zoe Wilson | 1991-08-02,2023-02-27,31,NSW,Personal Loan,Full-time,52200,6500,6500,24 months,896,0,0,0,0,0,0,0
app-0378,CUS-0984,Mason Nguyen | 1979-04-13,18 Feb 2023,43,NSW,PERSONAL LOAN,Self-employed,51300,30500,24400,24 mths,535,0,30,60,90,120,150,1
APP-0224,CUS-0922,Lily Wilson | 1977-10-20,2025-03-09,47,QLD,Credit Card,Casual,78k,2000,2000,,727,0,0,0,0,0,0,0
APP-0673,CUS-0477,Leo Walker | 1985-12-17,2024-06-12,38,VIC,Personal Loan,Full-time,,44500,35600,12 months,638,0,0,0,0,0,0,0
APP-0967,CUS-0943,Lily Young | 1978-07-01,07/01/2025,52,SA,credit card,Part-time,52600,5000,3500,,670,0,0,0,0,0,0,0
APP-1150,CUS-0576,Ava Nguyen | 1998-02-21,13 May 2025,27,New South Wales,credit card,Full-time,52100,15000,7500,,861,0,0,0,0,0,0,0
APP-1094,CUS-0605,Ruby Patel | 1961-09-11,2023-08-30,61,Victoria,P. Loan,Full-time,34k,28000,28000,12 months,785,0,0,0,0,0,0,0
 APP-0615,CUS-0784,Ava Young | 1970-03-20,2025-05-18,55,New South Wales,PERSONAL LOAN,Full-time,62000,33000,33000,36 mths,826,0,0,0,0,0,0,0
APP-0995,CUS-0565,Olivia Wilson | 1996-11-21,2024-11-27,28,WA,Personal Loan,Unemployed,66200,25500,20400,2 yrs,673,0,0,0,0,0,0,0
APP-0581,CUS-0495,Lily Walker | 1971-04-04,2023-03-24,51,VIC,personal loan,Self-employed,61800,39000,19500,24 months,567,0,0,0,0,0,0,0
APP-1046,CUS-0754,Ethan Patel | 2002-12-18,12/08/2024,21,Western Australia,PL,Unemployed,45800,27000,27000,5 yrs,751,0,0,0,0,0,0,0
APP-0078,CUS-0861,Grace Chen | 2002-08-23,2024-06-25,21,NSW,Personal Loan,Casual,38400,22500,11200,3 yrs,648,0,0,0,0,0,0,0
APP-0548,CUS-0739,Ethan Kelly | 1977-04-28,2024-04-25,46,NSW,personal loan,Full-time,"$113,900",20000,10000,12 months,664,0,0,30,0,0,0,0
 APP-1315,CUS-0973,Mia Young | 2000-01-27,2023-10-19,23,SA,PERSONAL LOAN,  Part-time ,94000,38000,34200,12 months,627,0,0,0,0,0,30,0
APP-0749,CUS-0776,Ruby Patel | 1964-04-23,12/05/2024,60,sa,Credit Card,  Casual ,28700,10000,10000,,667,30,60,90,120,150,180,1
APP-0827,CUS-0860,Leo Nguyen | 1977-10-07,2024-11-01,47,ACT,Personal Loan,Full-time,104900,25000,17500,24 months,696,0,0,0,0,0,0,0
APP-0126,CUS-0569,Chloe Singh | 1962-09-20,2025-04-10,62,Victoria,Personal Loan,Se1f-emp10yed,107900,29500,20600,60 mths,900,0,0,0,0,0,0,0
APP-0758,CUS-0034,Liam Brown | 1984-07-24,2024-04-25,39,New South Wales,Credit Card,Full-time,41200,5000,4500,,746,0,0,0,0,0,0,0
APP-1067,CUS-0419,Ethan Walker | 1964-08-29,2023-12-03,59,NEW SOUTH WALES,Credit Card,Full-time,54600,15000,12000,,757,0,0,30,60,0,0,0
APP-0577,CUS-0485,Zoe Taylor | 1995-12-07,2025-01-03,29,NSW,Credit Card,FULL-TIME,102600,2000,2000,,539,30,60,90,120,150,180,1
APP-0622,CUS-0289,Mia Murray | 1987-06-30,1901-02-03,35,South Australia,Personal Loan,Unemployed,93600,22500,11200,12 months,708,0,0,0,0,0,0,0
APP-0768,CUS-0219,Ava Patel | 2000-07-04,11 May 2023,22,Victoria,CC,Self-employed,,15000,7500,,594,0,0,0,0,0,0,0
APP-0890 ,CUS-0902,Mia Evans | 1992-04-30,25/02/2023,30,Queensland,PERSONAL LOAN,Self-employed,33800,9500,4800,24 months,687,0,0,0,0,30,0,0
APP-1031,CUS-0570,Grace Singh | 1966-04-01,2023-12-25,57,NSW,Personal Loan,Full-time,43300,46500,41800,4 yrs,9999,0,0,0,0,0,0,0
APP-1326,CUS-0540,Lucas Kelly | 1968-03-02,2025-01-22,56,NSW,Personal Loan,Full-time,115700,28500,25600,3 yrs,675,0,0,0,0,0,0,0
APP-0803,CUS-0516,Ethan Kelly | 1977-12-26,25 Oct 2024,46,VIC,Personal Loan,Part-time,69400,32000,28800,36 months,693,0,0,0,0,0,0,0
APP-0845,CUS-0494,Ava Kelly | 1955-01-12,2025-02-08,70,NSW,Personal Loan,Full-time,70700,39500,39500,48 months,689,0,0,0,0,0,0,0
APP-1239,CUS-0386,Lily Kelly | 1985-11-18,2023-11-30,38,nsw,Credit Card,self-employed,59000,2000,1600,,630,0,30,60,90,120,150,1
APP-0776 ,CUS-0522,Jack Walker | 1965-10-08,2025-02-20,59,NSW,PERSONAL LOAN,Self-employed,27200,15000,15000,4 yrs,743,0,0,0,30,0,0,0
APP-1260,CUS-0545,Lucas Hughes | 2002-02-04,2023-04-04,21,VIC,Credit Card,Casual,56700,5000,5000,,669,0,0,0,0,0,0,0
APP-0260,CUS-0171,Leo Kelly | 1986-12-16,16/05/2024,37,NSW,Credit Card,Retired,unknown,8000,6400,,858,0,0,0,30,0,0,0
APP-0283,CUS-0799,Ruby Murray | 1954-12-09,2025-01-09,70,WA,Credit Card,Part-t1me,73100,10000,10000,,605,0,0,0,0,0,0,0
APP-0635,CUS-0308,Ava Singh | 1961-04-09,2024-01-05,62,WA,Credit Card,Part-time,57600,2000,2000,,592,0,0,0,0,30,0,0
APP-1384,CUS-0055,Mason Taylor | 1967-05-20,18 Mar 2025,51,wa,P. Loan,Casual,53000,27000,13500,4 yrs,694,0,0,0,0,0,0,0
APP-0475,CUS-0446,Isla Kelly | 1999-05-05,2024-02-21,24,SA,credit card,  Full-time ,92400,25000,12500,,881,0,0,30,60,0,0,0
APP-0456,CUS-0592,Lucas Evans | 1986-12-24,14 Sep 2024,37,QLD,Personal Loan,  Full-time ,21300,46000,41400,48 months,606,30,60,90,120,150,180,1
APP-0321,CUS-0921,Archie Singh | 1974-03-28,2023-11-14,49,Victoria,Personal Loan,Part-time,124.8,45500,45500,48 months,689,0,0,0,0,0,0,0
APP-0435,CUS-0235,Chloe Patel | 1989-01-17,2024-10-23,35,NSW,Personal Loan,Self-employed,38000,9000,9000,60 months,731,0,0,30,0,0,0,0
APP-0026,CUS-0959,Lucas Chen | 1998-09-26,22/11/2023,25,WA,Credit Card,Part-time,34000,5000,4500,,702,0,0,0,0,0,0,0
APP-0300,CUS-0625,Isla Murray | 1964-08-10,2023-01-18,58,qld,Personal Loan,Part-time,57600,43500,39200,24 mths,530,0,0,0,0,0,0,0
APP-0437,CUS-0240,Ella Young | 1986-10-14,2024-09-23,37,Queensland,P. Loan,Full-time,38k,28500,28500,24 mths,753,0,0,0,0,0,0,0
APP-1337,CUS-0939,Isla Nguyen | 1962-09-28,2024-12-18,62,QLD,Personal Loan,Retired,73800,10000,10000,60 mths,616,0,0,0,0,0,0,0
APP-0439,CUS-0066,Lucas Brown | 2002-02-03,27/12/2023,21,VICTORIA,Credit Card,Full-time,62600,15000,13500,,795,0,0,0,0,0,30,0
APP-0326,CUS-0723,Oscar Khan | 1965-02-28,2024-09-29,59,Western Australia,credit card,Full-time,47100,25000,17500,,757,0,0,0,0,0,0,N
APP-0404,CUS-0815,Isla Taylor | 1972-11-13,2024-09-31,50,VICTORIA,Personal Loan,Full-time,51100,14500,13000,24 months,640,0,0,0,30,0,0,0
APP-0565,CUS-0614,Noah Singh | 2000-01-20,2023-05-01,23,Queensland,Credit Card,Full-time,66700,8000,8000,,N/A,30,60,90,120,150,180,1
APP-0293,CUS-0052,Ella Evans | 1985-05-17,13/10/2023,38,VIC,P. Loan,Retired,40300,23500,11800,36 mths,704,0,0,0,0,0,0,0
APP-0279,CUS-0233,Ava Lee | 1985-04-20,31/10/2023,38,New South Wales,Credit Card,Full-time,56200,10000,8000,,652,0,0,0,0,0,0,N
APP-0656,CUS-0343,Ruby Murray | 1972-08-21,2023-01-04,50,VIC,P. Loan,Full-time,106000,10000,8000,48 mths,888,0,0,0,0,0,0,0
APP-1347,CUS-0851,Mason Young | 1972-10-28,05/12/2024,52,vic,CREDIT CARD,Self-employed,96k,5000,5000,,752,0,0,0,0,0,0,0
APP-0733,CUS-0111,Zoe Hughes | 1996-05-25,11/12/2023,27,NSW,CC,Full-time,39200,25000,25000,,671,0,0,0,0,0,0,0
APP-0554,CUS-0099,Grace Nguyen | 1973-09-15,2023-01-19,49,ACT,Credit Card,Full-time,70700,10000,10000,,642,0,0,0,0,0,0,0
APP-0095,CUS-0205,Leo Evans | 1996-07-07,2024-03-15,27,SA,Personal Loan,Full-time,"$44,900",34000,30600,48 months,714,0,0,0,0,0,0,0
APP-1388,CUS-0790,Grace Taylor | 1980-07-01,2025-04-20,44,nt,PL,Full-time,83100,28500,22800,36 months,676,0,0,0,0,0,0,0
APP-1256,CUS-0211,Mason Taylor | 1992-04-04,2023-09-24,31,qld,Personal Loan,Full-time,31500,48000,43200,24 mths,848,0,0,0,0,30,0,0
APP-0246,CUS-0170,Chloe Young | 2001-08-03,2024-02-08,22,VIC,Personal Loan,  Full-time ,81600,11000,11000,48 months,636,0,0,0,0,0,0,0
APP-0946,CUS-0674,Henry Khan | 1988-11-09,2024-12-15,36,South Australia,Credit Card,Self-employed,36600,2000,1400,,659,0,0,0,0,0,0,N
APP-1192,CUS-0096,Ruby Hughes | 1987-10-16,06/05/2024,36,VIC,Personal Loan,N/A,48100,40000,40000,24 months,735,0,30,60,0,0,0,0
APP-0776,CUS-0522,Jack Walker | 1965-10-08,2025-02-20,59,NSW,Personal Loan,Self-employed,27200,15000,15000,4 yrs,743,0,0,0,30,0,0,0
APP-0427,CUS-0961,Lucas Singh | 1967-03-31,2024-06-06,57,VIC,Personal Loan,Casual,87400,33500,26800,60 months,718,0,0,0,0,0,0,0
APP-1187,CUS-0487,Lily Taylor | 1982-10-29,2023-02-20,40,TAS,Personal Loan,Full-time,58500,31500,31500,24 months,498,0,0,0,0,0,0,0
APP-0150,CUS-0024,Chloe Nguyen | 1964-05-25,2024-06-02,60,VIC,Personal Loan,PART-TIME,61400,42500,42500,60 months,517,0,0,0,0,0,0,0
APP-0227,CUS-0319,Leo Patel | 1967-05-10,20/10/2024,57,QLD,Personal Loan,Unemployed,41100,17500,12200,12 months,759,0,0,0,0,0,0,0
APP-0866,CUS-0933,Henry Young | 1984-07-29,19 Mar 2023,38,NEW SOUTH WALES,Credit Card,Full-time,127300,8000,5600,,614,30,60,0,0,0,0,0
APP-0968,CUS-0275,Henry Singh | 1995-08-16,2023-01-18,27,qld,Credit Card,Full-time,42900,8000,8000,,526,0,0,0,0,0,0,0
APP-1119,CUS-0268,Isla Wilson | 1960-05-23,02/01/2025,64,NEW SOUTH WALES,P. Loan,Full-time,84900,5500,5500,48 months,669,0,0,0,0,0,0,0
APP-1246,CUS-0668,Henry Khan | 1957-01-13,2024-02-20,67,NSW,Credit Card,Unemployed,103500,2000,1000,,805,0,0,0,0,0,0,N
APP-0901,CUS-0438,Chloe Walker | 1979-07-25,2025-01-25,45,vic,Credit Card,Part-time,53200,8000,8000,,685,0,0,30,60,0,0,0
APP-0700,CUS-0934,Ruby Chen | 1968-04-16,2024-04-28,56,VIC,personal loan,Full-time,122100,24000,24000,3 yrs,725,0,0,0,0,0,0,0
APP-0602,CUS-0995,Ruby Young | 1999-11-20,2023-01-13,23,QUEENSLAND,CC,Part-time,35400,8000,10900,,657,0,0,0,0,0,0,0
APP-1059,CUS-0799,Ruby Murray | 1954-12-09,2025-06-17,70,wa,Credit Card,Part-time,66800,8000,8000,,589,0,0,0,30,0,0,0
APP-0218,CUS-0042,Archie Khan | 1962-09-28,16 Nov 2024,62,nsw,Personal Loan,Full-time,45600,41000,41000,48 mths,596,0,30,60,90,120,150,1
APP-1097,CUS-0458,Jack Singh | 1968-07-13,2023-08-06,55,vic,Personal Loan,Self-employed,,12500,12500,60 months,654,0,0,0,0,30,60,0
APP-0818,CUS-0834,Ava Walker | 1988-07-26,2023-12-28,35,QLD,PL,Retired,37600,30500,54400,12 months,609,0,0,0,0,0,0,0
APP-0221,CUS-0603,Liam Taylor | 2001-08-14,20/02/2025,23,New South Wales,PL,Self-employed,63500,22000,15400,48 months,657,0,0,0,0,0,0,0
APP-0214,CUS-0537,Noah Patel | 1957-10-07,30 Jan 2025,67,VIC,Credit Card,Full-time,77800,5000,5000,,676,0,0,0,0,0,0,0
APP-1363,CUS-0565,Olivia Wilson | 1996-11-21,13/02/2024,27,WA,Personal Loan,Self-employed,67800,25000,25000,48 months,N/A,30,60,0,0,0,0,0
APP-0908,CUS-0646,Ethan Murray | 1994-08-14,2023-05-04,28,Queensland,P. Loan,Full-time,"$99,200",20500,14300,12 months,676,0,0,0,0,0,0,0
APP-0395,CUS-0436,Ella Nguyen | 1994-05-07,01/06/2025,31,WA,Personal Loan,Full-time,42600,8000,4000,48 mths,620,0,0,0,0,0,0,0
APP-0368,CUS-0402,Grace Khan | 1974-04-18,30/10/2024,50,nsw,P. Loan,Full-time,140900,9000,8100,3 yrs,611,0,0,0,0,0,0,0
APP-0925,CUS-0371,Jack Patel | 1987-01-17,08/05/2024,37,WA,Credit Card,Part-time,"$59,200",25000,12500,,641,0,0,30,0,0,0,0
APP-0013,CUS-0769,Ruby Hughes | 1955-05-25,2024-07-14,69,WA,PL,Self-employed,106900,31000,27900,48 months,614,0,0,0,0,0,0,0
APP-1353,CUS-0526,Henry Walker | 1984-05-08,2025-04-12,40,NSW,Credit Card,Full-time,49900,25000,25000,,709,0,0,0,0,0,30,0
APP-1223,CUS-0240,Ella Young | 1986-10-14,2024-12-02,38,QLD,Personal Loan,  Retired ,N/A,43500,43500,24 months,659,30,60,90,120,150,180,1
APP-0235,CUS-0529,Ava Wilson | 1973-08-13,2023-11-11,50,QLD,Personal Loan,Full-time,73500,49500,49500,60 mths,754,0,0,0,0,30,0,0
APP-0696,CUS-0290,Ella Khan | 1974-09-06,2024-03-26,49,VIC,Personal Loan,Casual,54900,39000,27300,24 mths,677,0,0,0,0,0,0,0
APP-1085,CUS-0863,Jack Murray | 2000-01-26,2024-12-21,24,Victoria,Personal Loan,Full-time,45100,26000,26000,48 months,849,0,0,0,0,0,0,0
APP-1379,CUS-0876,Lily Brown | 1975-01-28,2023-12-18,48,WA,Personal Loan,Full-time,67k,8000,6400,24 mths,703,0,0,0,0,0,0,0
APP-1301,CUS-0613,Lucas Lee | 1986-11-03,07 Aug 2023,36,vic,Credit Card,N/A,52500,10000,7000,,757,0,0,0,0,0,0,0
APP-0064,CUS-0149,Noah Chen | 1969-03-30,2023-07-06,54,NEW SOUTH WALES,Credit Card,Self-employed,88000,15000,15000,,708,0,0,0,0,0,0,0
APP-0735,CUS-0695,Noah Smith | 1955-11-27,2023-05-19,67,New South Wales,Personal Loan,Self-employed,0,45000,31500,24 mths,900,0,0,0,0,0,0,0
APP-1024,CUS-0008,Ethan Lee | 1967-09-30,2025-03-18,57,New South Wales,personal loan,Casual,86.1,37000,37000,36 mths,737,0,0,0,0,0,0,0
APP-0965,CUS-0510,Zoe Taylor | 1988-10-21,24/08/2024,35,NSW,Personal Loan,part-time,119300,12000,12000,36 mths,796,0,0,0,0,0,0,0
APP-0608,CUS-0355,Grace Smith | 1993-02-16,12/03/2023,30,NEW SOUTH WALES,Credit Card,Part-time,38200,5000,5000,,618,0,0,0,0,0,0,0
APP-0014,CUS-0336,Leo Brown | 1965-02-28,2023-11-19,58,qld,P. Loan,Retired,"$75,000",27000,27000,12 mths,642,0,0,0,0,0,0,0
APP-0840,CUS-0006,Jack Lee | 1956-05-23,2023-03-14,66,Victoria,CREDIT CARD,Self-employed,"$61,400",2000,1000,,706,0,0,0,30,0,0,0
APP-0436,CUS-0432,Archie Smith | 1965-09-24,2024-10-02,59,NSW,Credit Card,Full-time,49.6,25000,25000,,704,0,0,0,0,0,0,0
APP-0018,CUS-0958,Ethan Young | 1963-10-27,2024-01-03,60,South Australia,personal loan,Full-time,84600,7000,3500,36 months,752,0,30,0,0,0,0,0
APP-0765,CUS-0164,Mason Smith | 1977-06-10,28 Feb 2023,45,NSW,credit card,Part-time,84200,25000,22500,,600,0,0,0,0,0,0,0
APP-0349,CUS-0954,Ruby Nguyen | 1973-11-30,2023-05-09,49,QLD,P. Loan,Part-time,167200,25500,25500,60 mths,701,0,0,0,0,0,0,0
APP-0208,CUS-0662,Ella Wilson | 1994-11-28,2024-12-02,30,VIC,CC,Casual,33200,25000,25000,,517,0,0,0,0,0,0,0
APP-1115,CUS-0889,Oscar Walker | 1970-06-25,22/08/2024,54,Queensland,Credit Card,Full-time,40400,5000,3500,,704,0,0,0,0,0,0,0
APP-0342,CUS-0697,Mia Young | 2002-10-05,01/09/2023,20,VIC,credit card,,174300,5000,4500,,639,0,0,0,0,0,0,0
APP-0345,CUS-0948,Oscar Lee | 1986-07-12,2023-11-09,37,Queensland,Personal Loan,Part-t1me,33000,26000,18200,36 months,784,0,0,0,0,0,0,0
APP-1315,CUS-0973,Mia Young | 2000-01-27,2023-10-19,23,SA,Personal Loan,  Part-time ,94000,38000,34200,12 months,627,0,0,0,0,0,30,0
APP-1346,CUS-0260,Henry Wilson | 1966-11-07,2023-12-23,57,SA,Credit Card,,62500,15000,10500,,745,0,0,0,0,0,0,0
APP-0552,CUS-0906,Ella Chen | 1975-04-08,05/03/2023,47,New South Wales,PL,Full-time,101300,8500,7600,36 mths,735,0,0,30,60,90,120,1
APP-0599,CUS-0639,Lucas Kelly | 2002-06-12,2023-06-06,20,New South Wales,Credit Card,full-time,115300,2000,1400,,679,30,0,0,0,0,0,0
APP-0033,CUS-0985,Jack Hughes | 1969-09-30,23/09/2024,54,Western Australia,Credit Card,Retired,54700,2000,1000,,628,0,0,0,0,0,0,0
APP-0373,CUS-0090,Mia Brown | 1986-01-01,2024-12-17,38,vic,credit card,unknown,56500,5000,5000,,690,0,0,0,0,0,0,0
APP-0658,CUS-0514,Noah Murray | 1997-04-25,08 Mar 2024,26,Queensland,P. Loan,Part-time,"$67,900",9000,6300,4 yrs,592,0,0,0,0,0,30,0
APP-0173,CUS-0159,Isla Brown | 1961-09-11,2023-05-07,61,Queensland,PL,Self-employed,72.8,9000,9000,60 months,664,0,0,0,0,0,30,0
APP-1087,CUS-0379,Ruby Kelly | 1959-05-31,2023-05-11,63,Northern Territory,personal loan,Part-time,53100,36500,32800,2 yrs,664,0,0,0,30,60,90,1
APP-1356,CUS-0087,Mason Evans | 1959-10-23,24/02/2025,65,nsw,PL,Casual,32100,7000,7000,24 mths,604,0,0,30,60,90,120,1
APP-0409,CUS-0880,Lucas Young | 1959-06-13,25/02/2024,64,NSW,Personal Loan,full-time,52700,17500,15800,60 months,660,0,0,0,0,0,0,N
APP-1051,CUS-0697,Mia Young | 2002-10-05,2023-07-15,20,VIC,Personal Loan,Full-time,,39000,39000,12 months,670,0,0,0,0,0,0,N
APP-1400,CUS-0138,Noah Chen | 1973-05-17,2024-10-07,51,VIC,Credit Card,  Casual ,45700,5000,3500,,795,0,0,0,0,0,0,0
APP-0201,CUS-0392,Jack Lee | 1995-04-20,2025-01-13,29,NSW,Personal Loan,Self-employed,,20000,16000,36 mths,696,0,0,0,0,0,0,0
APP-1317,CUS-0889,Oscar Walker | 1970-06-25,2024-10-14,54,QLD,Credit Card,Unemployed,129k,25000,25000,,529,0,0,0,0,0,0,0
APP-0861,CUS-0700,Leo Taylor | 1970-02-23,16 Jan 2024,53,WA,Credit Card,,71700,2000,1600,,598,0,0,0,0,0,0,0
APP-1370,CUS-0514,Noah Murray | 1997-04-25,2025-03-12,27,qld,Credit Card,Full-time,45400,5000,5000,,803,0,0,0,0,0,0,0
APP-1166,CUS-0878,Henry Nguyen | 1976-05-09,02/06/2024,48,VIC,CREDIT CARD,Casual,48600,15000,10500,,N/A,0,0,0,0,0,0,0
APP-1348,CUS-0016,Mason Chen | 1972-10-28,2024-11-08,52,NSW,Personal Loan,Self-employed,28100,37000,29600,24 mths,N/A,0,0,0,0,0,0,0
APP-1383,CUS-0822,Noah Nguyen | 1982-04-18,2024-12-28,42,New South Wales,Credit Card,Full-time,,8000,8000,,671,0,0,0,0,0,0,0
APP-0490,CUS-0952,Chloe Brown | 1993-06-23,2023-09-14,30,NEW SOUTH WALES,Credit Card,Self-employed,69300,5000,4000,,698,0,0,0,0,0,0,0
APP-1381,CUS-0850,Noah Smith | 1975-06-01,2023-09-05,48,SA,CREDIT CARD,Full-time,42300,15000,15000,,783,0,0,0,0,0,0,0
APP-0213,CUS-0546,Liam Taylor | 1970-07-07,2023-03-07,52,VIC,P. Loan,full-time,49000,25000,25000,5 yrs,N/A,30,60,90,120,150,180,1
APP-0134,CUS-0568,Ruby Evans | 1998-11-25,2023-08-15,24,WA,Personal Loan,Full-time,unknown,7000,7000,4 yrs,591,0,0,0,0,0,0,N
APP-0061,CUS-0297,Ella Young | 1968-04-03,2023-02-19,54,qld,Credit Card,Ret1red,53900,15000,15000,,702,0,30,0,0,0,0,0
APP-0691,CUS-0916,Oscar Nguyen | 1959-11-19,2023-08-31,63,WA,credit card,Part-time,75800,5000,6900,,485,0,0,0,0,0,0,0
APP-0027,CUS-0563,Chloe Kelly | 1991-09-22,16/10/2023,32,QLD,Credit Card,Unemployed,"$67,500",15000,13500,,674,0,0,0,0,0,0,0
APP-0101,CUS-0301,Ava Walker | 1987-10-30,2023-12-04,36,VIC,Credit Card,RETIRED,105200,2000,2000,,610,0,0,0,0,30,0,0
APP-0975,CUS-0816,Mia Hughes | 1956-03-10,2023-09-02,67,ACT,Credit Card,Self-employed,148600,25000,25000,,504,0,0,0,0,0,0,0
APP-0777,CUS-0198,Ethan Wilson | 1964-11-28,27/08/2024,59,SA,credit card,  Full-time ,24800,15000,15000,,629,0,0,0,0,0,0,0
APP-0789,CUS-0556,Lily Wilson | 1998-09-06,17/12/2023,25,NSW,Credit Card,Casual,42600,5000,5000,,415,0,0,30,60,90,120,1
APP-0521,CUS-0015,Ethan Chen | 1979-07-23,08 Jan 2025,45,NSW,personal loan,full-time,79500,26000,26000,48 mths,722,0,0,0,0,0,0,N
APP-0364,CUS-0442,Ava Brown | 1960-04-24,13/01/2023,62,NSW,Personal Loan,Retired,17200,38500,38500,12 mths,475,0,0,0,0,0,0,0
APP-0310,CUS-0804,Lucas Singh | 1991-01-04,2025-06-14,34,New South Wales,PL,Retired,82600,43000,30100,60 months,693,0,0,0,0,0,0,0
APP-0796,CUS-0641,Lily Wilson | 1987-02-27,2023-09-14,36,NSW,Credit Card,Full-time,35400,2000,2000,,667,0,0,0,0,0,0,0
APP-0829,CUS-0075,Zoe Patel | 1984-11-08,2024-02-24,39,New South Wales,Credit Card,Casual,31200,8000,8000,,N/A,0,0,0,0,0,0,0
APP-1277,CUS-0801,Ella Young | 1993-07-14,2023-02-19,29,QLD,Personal Loan,Self-employed,41600,34500,34500,2 yrs,626,0,0,0,0,0,0,0
APP-0545,CUS-0272,Henry Patel | 1972-12-25,2024-08-25,51,NT,Credit Card,Full-time,21300,5000,3500,,682,0,0,0,30,0,0,0
APP-0940,CUS-0155,Chloe Walker | 1959-08-28,2023-04-22,63,VICTORIA,Credit Card,Part-time,37900,5000,5000,,601,0,0,0,0,0,30,0
APP-0442,CUS-0937,Lucas Young | 1968-10-29,2025-06-29,65,WESTERN AUSTRALIA,Personal Loan,Full-time,57800,33000,26400,1 yrs,565,0,0,0,0,0,0,0
APP-0648,CUS-0699,Zoe Walker | 1965-05-29,2024-02-05,58,NSW,Personal Loan,,33500,9000,9000,36 mths,676,0,0,0,0,30,0,0
APP-1004,CUS-0313,Archie Chen | 1962-12-22,2023-02-12,60,NSW,Credit Card,  Part-time ,24000,15000,10500,,648,0,0,0,30,60,90,1
APP-0477,CUS-0349,Oscar Brown | 1994-07-12,2025-03-30,30,NSW,CC,Full-time,94200,8000,8000,,666,30,0,0,0,0,0,0
APP-1047,CUS-0623,Leo Young | 1998-08-22,2023-03-22,24,wa,Credit Card,casual,20000,2000,3400,,620,0,0,0,0,0,0,0
APP-0063,CUS-0651,Mason Murray | 1960-05-22,03 Aug 2024,64,qld,Credit Card,full-time,24700,5000,3500,,688,0,0,0,0,0,0,0
APP-1173,CUS-0864,Jack Taylor | 1964-08-20,26/10/2024,60,nsw,CC,Unemployed,92500,25000,25000,,713,0,0,0,0,0,0,0
APP-0484,CUS-0266,Ella Smith | 1980-07-11,2023-02-27,42,NEW SOUTH WALES,Credit Card,Full-time,0,5000,2500,,760,0,0,0,0,0,0,N
APP-1027,CUS-0760,Ella Kelly | 1959-02-16,10 Jan 2023,63,NEW SOUTH WALES,Credit Card,Full-time,27600,8000,8000,,805,0,0,0,30,0,0,0
APP-1282,CUS-0660,Zoe Smith | 1976-06-22,2025-02-07,48,nsw,Credit Card,full-time,29400,8000,8000,,756,30,60,0,0,0,0,0
APP-0053,CUS-0118,Ella Patel | 1992-01-20,2024-08-12,32,qld,Personal Loan,unknown,35900,19500,9800,24 months,630,0,0,0,0,0,0,0
APP-0243,CUS-0690,Leo Young | 1968-06-04,03/01/2025,56,Western Australia,CREDIT CARD,Full-time,81900,15000,12000,,572,0,0,0,0,0,0,0
APP-1198,CUS-0157,Jack Taylor | 1969-12-01,11/08/2024,54,QLD,CC,RETIRED,35900,25000,25000,,635,0,0,0,0,0,0,0
APP-0036,CUS-0050,Ella Lee | 1973-01-06,29 Jun 2023,50,VIC,Credit Card,Fu11-t1me,58100,25000,22500,,729,0,30,60,90,120,150,1
APP-1203,CUS-0731,Oscar Brown | 1995-08-04,26 Mar 2023,27,QLD,Personal Loan,Full-time,106500,23500,18800,48 months,837,0,0,0,0,0,0,0
APP-0739,CUS-0849,Mia Murray | 1986-09-11,2023-06-06,36,VIC,Credit Card,FULL-TIME,63100,15000,15000,,612,0,0,0,0,0,0,N
APP-0121,CUS-0064,Archie Patel | 1997-05-18,13/11/2023,26,qld,Credit Card,Full-time,79300,15000,15000,,814,0,0,0,0,0,0,0
APP-1261,CUS-0580,Lily Brown | 1998-12-12,2024-12-14,26,Tasmania,credit card,Part-time,70800,8000,8000,,662,0,0,0,0,0,0,0
APP-1300,CUS-0545,Lucas Hughes | 2002-02-04,2025-02-13,23,Victoria,Credit Card,Full-time,88200,8000,8000,,587,0,0,0,0,0,0,0
APP-1020,CUS-0431,Lily Murray | 1991-05-09,14/08/2024,33,Tasmania,credit card,Unemployed,34300,15000,12000,,557,0,0,0,0,0,0,N
APP-0045,CUS-0017,Zoe Young | 1967-09-20,02/12/2024,57,Queensland,CREDIT CARD,Part-time,46200,25000,25000,,731,0,0,0,0,0,0,0
APP-1325,CUS-0398,Leo Patel | 1993-05-08,2024-06-16,31,QLD,PL,Full-time,53300,31500,28400,2 yrs,617,0,30,60,90,120,150,1
APP-0837,CUS-0491,Henry Singh | 1974-09-30,13/06/2025,50,New South Wales,personal loan,Full-time,66800,32500,16200,24 months,786,0,0,0,0,0,0,0
APP-0077,CUS-0175,Isla Nguyen | 1986-11-05,2025-04-27,38,Western Australia,Credit Card,Full-time,137800,10000,8000,,552,30,0,0,0,0,0,1
APP-0369,CUS-0926,Grace Brown | 1965-08-22,2023-02-19,57,NSW,Personal Loan,self-employed,,13000,13000,48 months,571,0,0,0,0,0,0,0
APP-0907,CUS-0351,Isla Brown | 1956-07-18,2024-03-08,67,SA,PL,Part-time,55700,47500,42800,36 months,866,0,0,0,0,30,0,N
APP-1237,CUS-0876,Lily Brown | 1975-01-28,22/08/2023,48,Western Australia,credit card,Full-time,100900,5000,5000,,667,0,0,0,0,0,0,1
APP-0268,CUS-0990,Zoe Wilson | 1978-09-12,2023-01-12,44,TAS,credit card,Retired,83500,25000,22500,,712,0,0,0,0,0,0,0
APP-1336,CUS-0704,Liam Hughes | 1959-07-21,2023-01-18,63,sa,Personal Loan,Casual,92500,14500,14500,60 months,784,0,0,0,0,0,0,N
APP-0729,CUS-0281,Henry Walker | 1994-09-17,2025-05-27,30,NSW,personal loan,Part-time,76600,25500,25500,12 mths,581,0,0,30,60,0,0,0
APP-0445,CUS-0741,Henry Taylor | 1956-04-05,2024-10-03,68,QLD,CREDIT CARD,Full-time,52900,15000,15000,,618,0,0,0,0,0,0,0
APP-0504,CUS-0898,Chloe Chen | 1963-12-17,2025-06-31,61,NSW,Credit Card,Full-time,79800,5000,4000,,653,0,0,0,0,0,0,0
APP-1058,CUS-0277,Ethan Smith | 1964-07-14,29/04/2025,60,VICTORIA,personal loan,Full-time,101400,25500,25500,60 mths,603,0,0,0,0,0,0,0
APP-1034,CUS-0847,Leo Evans | 1999-02-07,16 Apr 2023,24,Western Australia,credit card,Casual,89300,25000,20000,,0,0,0,0,0,0,0,0
APP-1185,CUS-0380,Zoe Khan | 1961-06-27,08/01/2024,62,Queensland,Personal Loan,Full-time,36200,41000,41000,24 months,540,0,0,0,0,0,0,0
APP-0286,CUS-0154,Ava Murray | 1971-10-29,2023-05-27,51,TAS,Credit Card,Self-employed,84500,15000,13500,,877,0,0,0,0,0,0,0
APP-0296,CUS-0234,Ethan Khan | 1974-08-05,2023-10-20,49,SA,Credit Card,Full-time,133200,10000,10000,,799,0,0,0,0,0,0,0
APP-0626,CUS-0650,Ava Young | 1957-03-14,2025-03-30,68,Queensland,Personal Loan,Full-time,34800,29500,20600,36 mths,721,0,0,0,0,0,0,0
APP-0278,CUS-0335,Ethan Khan | 2002-03-14,2024-03-31,22,VIC,Personal Loan,unknown,48700,8500,6000,24 months,544,0,0,0,0,0,0,0
APP-0754,CUS-0161,Ethan Brown | 1991-06-15,2024-09-05,33,WA,Personal Loan,Self-employed,62000,34000,34000,60 months,536,0,0,0,0,0,0,0
APP-0485,CUS-0588,Lily Young | 1955-03-11,2025-03-29,70,NSW,Personal Loan,Full-time,29300,23000,23000,36 months,N/A,0,0,0,30,60,90,1
APP-0183,CUS-0512,Grace Hughes | 1954-10-04,2024-01-01,69,WA,CREDIT CARD,Full-time,99500,2000,1400,,678,0,0,0,0,0,0,0
APP-0971,CUS-0786,Mia Patel | 1983-12-05,21/01/2024,40,VIC,Credit Card,Self-employed,88000,15000,13500,,674,0,0,0,0,0,30,0
APP-1117,CUS-0010,Chloe Kelly | 1975-08-18,2025-06-16,49,WA,CREDIT CARD,Casual,129300,2000,2000,,721,0,0,0,0,0,0,0
APP-0685,CUS-0833,Ethan Taylor | 1998-09-11,2023-12-05,25,VIC,PL,Full-time,84300,8500,6000,12 months,745,0,0,0,0,0,0,0
 APP-1263,CUS-0612,Isla Walker | 1971-06-02,2024-02-03,52,VIC,CREDIT CARD,Full-time,50500,25000,25000,,713,0,0,0,0,0,0,0
APP-0037,CUS-0885,Ruby Nguyen | 1965-10-15,2023-02-16,57,vic,Credit Card,Se1f-emp10yed,64700,2000,2000,,687,0,30,60,90,120,150,1
APP-1181,CUS-0148,Mia Singh | 1981-04-09,2023-08-03,42,QLD,PL,Casual,73100,24000,12000,48 months,781,0,0,30,0,0,0,0
APP-0003,CUS-0440,Leo Smith | 1957-02-19,2024-11-12,67,NSW,Credit Card,Casual,47700,8000,5600,,9999,0,0,0,30,60,90,1
APP-0755,CUS-0542,Jack Walker | 1954-05-13,2023-06-13,69,New South Wales,Credit Card,Full-time,67600,25000,22500,,553,0,0,0,0,0,0,0
APP-0509,CUS-0572,Oscar Patel | 1986-05-04,06 Jan 2023,36,vic,Credit Card,Full-time,39800,5000,5000,,758,0,0,0,0,0,0,1
APP-0498,CUS-0501,Archie Singh | 1981-08-23,2025-02-10,43,Queensland,credit card,  Full-time ,54000,5000,4000,,764,0,0,0,0,30,0,N
APP-0309,CUS-0150,Zoe Young | 1997-01-04,2025-06-08,28,VIC,Credit Card,Casual,48700,15000,12000,,692,0,30,60,0,0,0,0
APP-1314,CUS-0585,Ava Nguyen | 1973-08-23,2023-12-12,50,VIC,Personal Loan,Casual,54200,11500,17500,36 months,739,0,0,0,0,0,0,N
APP-0142,CUS-0131,Ava Young | 1991-04-25,2024-04-10,32,NSW,P. Loan,Retired,55100,25000,20000,60 months,565,0,30,60,90,120,150,1
APP-1248,CUS-0710,Zoe Evans | 1983-05-26,2024-07-15,41,QLD,PL,Full-time,33400,35500,46600,36 months,658,0,0,30,60,0,0,0
APP-0865,CUS-0014,Archie Kelly | 1969-01-22,27 Apr 2024,55,NSW,Credit Card,Full-time,41400,5000,4000,,879,0,0,0,0,0,0,0
APP-0184,CUS-0186,Jack Nguyen | 1972-09-24,2024-10-22,52,Western Australia,Personal Loan,Casual,161600,36500,29200,3 yrs,628,0,0,0,0,0,0,0
APP-0142,CUS-0131,Ava Young | 1991-04-25,2024-04-10,32,NSW,P. Loan,Retired,55100,25000,20000,60 months,565,0,30,60,90,120,150,1
APP-1011,CUS-0506,Oscar Kelly | 1971-04-29,2024-02-21,52,nsw,P. Loan,Part-time,45300,17500,14000,60 months,570,0,0,30,60,90,120,1
APP-0913,CUS-0523,Henry Wilson | 1981-11-02,12 Jul 2023,41,wa,Credit Card,Full-time,84400,15000,15000,,579,0,0,0,30,0,0,N
APP-0849,CUS-0825,Ethan Walker | 1984-04-24,2025-03-18,40,WA,personal loan,Self-employed,36500,36000,32400,48 months,647,0,0,0,0,0,30,0
APP-0512,CUS-0837,Archie Murray | 1979-11-26,24/08/2023,43,TAS,Credit Card,FULL-TIME,53600,2000,2000,,508,0,0,0,0,0,0,0
APP-0732,CUS-0415,Mia Singh | 1959-03-31,2025-01-07,65,Queensland,Credit Card,Full-time,50500,10000,17700,,556,30,60,90,120,150,180,1
APP-0997,CUS-0520,Lucas Walker | 1993-06-09,2025-03-09,31,nsw,Personal Loan,Full-time,76200,28000,19600,12 months,616,0,0,0,0,0,0,0
APP-0888,CUS-0743,Leo Hughes | 1993-02-15,2023-06-15,30,NSW,credit card,Full-time,90700,10000,10000,,509,30,0,0,0,0,0,0
APP-0118,CUS-0003,Mason Hughes | 1958-04-18,24/10/2024,66,Queensland,Credit Card,Full-time,43900,5000,3500,,574,0,0,0,0,0,0,Y
APP-1026,CUS-0058,Ruby Singh | 1979-11-21,2025-01-01,45,NSW,P. Loan,Full-time,42800,15000,15000,48 mths,785,0,0,0,0,0,0,0
APP-0114,CUS-0276,Ava Murray | 1995-01-03,2024-06-06,29,Victoria,Credit Card,Full-time,83400,10000,10000,,734,0,0,0,0,0,30,1
APP-0546,CUS-0452,Grace Evans | 1977-04-18,2050-08-08,46,NSW,credit card,Full-time,16700,5000,5000,,757,0,0,0,0,0,0,0
APP-0166,CUS-0005,Liam Wilson | 1982-11-27,02/08/2023,40,New South Wales,Personal Loan,Casual,195800,30000,24000,36 mths,861,0,0,0,0,0,0,0
APP-0185,CUS-0630,Ava Nguyen | 1957-11-25,05/06/2025,67,New South Wales,P. Loan,Retired,112100,39000,39000,60 months,692,0,0,0,0,0,0,0
APP-1397,CUS-0518,Chloe Walker | 1997-02-21,2024-06-01,27,wa,Credit Card,Unemployed,90300,25000,20000,,626,0,0,0,0,30,60,0
APP-0275,CUS-0691,Archie Taylor | 1992-06-20,2023-07-31,31,New South Wales,Personal Loan,FULL-TIME,44300,49000,49000,12 mths,637,0,0,0,0,0,0,0
APP-1002,CUS-0196,Chloe Walker | 1961-10-24,2025-05-09,63,VIC,personal loan,Full-time,unknown,47000,32900,60 months,715,30,0,0,0,0,0,0
APP-0705,CUS-0456,Ruby Singh | 1976-11-30,2023-05-07,46,Victoria,Personal Loan,Full-time,67600,19000,17100,3 yrs,639,0,0,0,0,0,0,0
APP-1025,CUS-0562,Grace Nguyen | 1990-03-01,09/04/2025,35,NSW,CC,Part-time,71k,25000,12500,,655,0,0,0,0,30,0,N
APP-0384,CUS-0129,Chloe Patel | 1994-10-23,2023-05-05,28,QLD,credit card,Retired,40300,25000,25000,,N/A,0,0,30,60,0,0,0
APP-0562,CUS-0365,Isla Walker | 1962-06-13,2024-01-11,61,VIC,Credit Card,Fu11-t1me,140500,25000,25000,,878,0,0,0,0,0,0,0
APP-0863,CUS-0875,Archie Singh | 1962-06-20,2025-05-31,62,Western Australia,PL,Casual,75200,26500,26500,36 months,572,30,60,90,120,150,180,1
APP-1045,CUS-0111,Zoe Hughes | 1996-05-25,2023-12-25,27,New South Wales,Personal Loan,full-time,0,7000,3500,60 months,692,0,0,0,0,0,0,0
APP-0177,CUS-0591,Leo Walker | 1982-10-08,2024-06-16,41,Victoria,personal loan,Casual,104300,41000,32800,48 months,9999,0,0,0,0,0,0,0
APP-1360,CUS-0530,Henry Wilson | 1961-09-08,14 Mar 2024,62,NSW,CREDIT CARD,Full-time,40300,10000,16000,,679,0,0,0,0,0,0,0
APP-0380,CUS-0044,Lily Lee | 1972-04-18,2025-04-05,52,VIC,Credit Card,Part-time,68800,5000,5000,,781,0,0,0,0,0,0,0
APP-1196,CUS-0256,Henry Kelly | 1960-12-14,2024-05-17,63,New South Wales,Personal Loan,Casual,115900,17500,17500,36 mths,708,0,0,0,0,0,0,0
APP-1017,CUS-0537,Noah Patel | 1957-10-07,2023-09-28,65,Victoria,Credit Card,Full-time,N/A,15000,15000,,705,0,0,0,0,0,0,0
APP-0520,CUS-0895,Noah Smith | 1983-01-13,06/08/2023,40,nsw,credit card,Retired,118900,25000,20000,,618,0,0,0,0,0,0,0
APP-0831,CUS-0787,Noah Khan | 1989-06-01,2024-12-11,35,NSW,Credit Card,Unemployed,66700,8000,4000,,618,0,0,30,60,90,120,1
APP-0508,CUS-0475,Ethan Chen | 1966-03-24,27 Oct 2023,57,VIC,Credit Card,Part-time,37600,8000,8000,,773,0,0,0,0,0,0,N
APP-1177,CUS-0188,Ruby Nguyen | 1960-05-07,2024-10-17,64,VIC,Credit Card,Full-time,34300,10000,14200,,696,0,0,0,0,0,0,0
APP-0414,CUS-0408,Ruby Hughes | 1998-06-14,2024-03-31,25,New South Wales,Credit Card,Part-time,24300,25000,20000,,828,0,0,0,0,0,0,0
APP-0623,CUS-0450,Ruby Hughes | 1954-06-15,2024-06-24,70,Queensland,personal loan,Part-time,62700,21500,10800,48 mths,764,0,0,0,0,0,0,0
APP-0873,CUS-0479,Lucas Singh | 1997-10-13,2025-03-11,27,NORTHERN TERRITORY,Credit Card,  Casual ,43100,10000,7000,,630,0,0,0,0,0,0,0
APP-0859,CUS-0668,Henry Khan | 1957-01-13,2024-06-25,67,New South Wales,Personal Loan,Self-employed,65200,23500,11800,24 months,712,0,0,0,0,0,0,0
APP-0642,CUS-0664,Isla Smith | 1954-10-12,2023-02-12,68,VIC,PL,Full-time,96400,30500,30500,60 months,799,30,0,0,0,0,0,0
APP-1341,CUS-0856,Mason Wilson | 1989-07-16,06/02/2025,35,QLD,Credit Card,Full-time,74400,2000,1800,,735,0,0,30,0,0,0,0
APP-0259,CUS-0230,Oscar Hughes | 1962-12-11,2024-04-12,61,SA,Credit Card,  Full-time ,24800,10000,9000,,777,0,0,30,60,0,0,0
APP-0835,CUS-0963,Ava Nguyen | 1988-05-30,2024-04-08,35,nsw,Personal Loan,Full-time,54k,43000,34400,60 mths,662,0,0,0,0,0,0,0
APP-0663,CUS-0265,Grace Patel | 1956-10-04,30/01/2023,66,ACT,PL,Full-time,56700,10000,10000,2 yrs,844,0,0,0,0,0,0,N
APP-0338,CUS-0142,Mason Evans | 1968-10-29,2023-10-03,54,QLD,Personal Loan,Full-time,61000,5500,5500,36 months,718,0,0,0,0,0,0,0
APP-0399,CUS-0579,Lucas Hughes | 1991-02-18,2025-03-07,34,Tasmania,Personal Loan,Part-time,50600,14500,10200,24 months,711,0,0,30,60,90,120,Y
 APP-0960,CUS-0035,Archie Murray | 2001-05-20,11 Feb 2023,21,NSW,PERSONAL LOAN,SELF-EMPLOYED,71000,19000,15200,60 mths,614,0,0,0,0,0,0,0
APP-0606,CUS-0785,Noah Murray | 1979-11-14,2023-01-31,43,SA,Credit Card,Casual,86.5,5000,5000,,611,0,0,0,0,0,0,N
APP-0481,CUS-0911,Lucas Murray | 1973-09-01,2024-08-28,50,QLD,Personal Loan,Full-time,83400,15000,12000,48 months,590,0,0,0,30,60,90,1
APP-1210 ,CUS-0673,Lucas Smith | 1980-04-19,2023-11-03,43,nsw,CREDIT CARD,Self-employed,97300,2000,1800,,586,0,0,0,0,0,0,0
APP-1144,CUS-0060,Lucas Evans | 1990-04-18,2023-10-27,33,qld,personal loan,Full-time,31100,11000,11000,48 months,712,0,0,0,0,0,0,0
APP-0918,CUS-0660,Zoe Smith | 1976-06-22,2023-11-20,47,NSW,Personal Loan,Full-time,28100,30500,30500,36 months,0,0,0,0,0,0,0,0
APP-1018,CUS-0998,Grace Patel | 1971-07-25,25/04/2023,51,Western Australia,credit card,Retired,128700,8000,6400,,495,0,0,0,0,0,0,0
APP-0876,CUS-0571,Ethan Lee | 1996-05-24,2025-03-28,28,VICTORIA,Personal Loan,Part-time,62600,48500,48500,24 months,778,0,0,0,0,0,0,0
APP-0660,CUS-0949,Henry Evans | 1968-11-22,2025-03-26,65,New South Wales,P. Loan,Full-time,33300,29000,23200,60 months,866,0,0,0,0,0,0,0
APP-1022,CUS-0924,Lucas Nguyen | 1994-08-19,2023-03-13,28,VIC,Personal Loan,Retired,84700,25000,20000,12 months,778,0,0,0,0,30,60,0
APP-0790,CUS-0389,Leo Lee | 1976-07-26,2024-04-02,47,Queensland,CC,Self-employed,48000,15000,15000,,807,0,0,0,0,0,0,0
APP-0257,CUS-0126,Mia Brown | 1998-03-10,11 Dec 2023,25,WA,credit card,Unemployed,61200,15000,15000,,803,0,0,0,0,0,0,0
APP-0969,CUS-0532,Lucas Smith | 1998-09-02,22/01/2024,25,QLD,Credit Card,Full-time,65300,10000,7000,,9999,0,0,0,0,30,60,0
APP-0953,CUS-0476,Grace Walker | 1967-08-05,26 Jun 2024,56,VIC,CC,Full-time,187200,8000,8000,,533,0,0,0,0,0,0,0
APP-1274,CUS-0643,Lily Walker | 1963-12-13,19/06/2024,60,nsw,Personal Loan,Full-time,31500,22500,15700,36 months,835,30,60,90,120,150,180,Y
