customer_id,first_name,last_name,date_of_birth,age_at_2024,gender,state,postcode,employment_type,employment_tenure_months,annual_income,residential_status,dependents,customer_since
CUST000001,Angel,Hill,1986-10-24,37,M,VIC,2682,Casual,6,25324.57,Renting,3,2023-05-09
CUST000002,Patricia,Miller,1988-12-22,35,F,QLD,2600,Part-Time,126,46018.17,Owner,0,2016-12-28
CUST000003,William,Johnson,1962-05-29,61,F,NSW,2668,Full-Time,12,16866.35,Mortgage,0,2020-07-01
CUST000004,Joshua,Booth,1975-10-13,48,M,NSW,2646,Full-Time,55,100238.65,Mortgage,1,2019-10-15
CUST000005,Susan,Rogers,1958-09-29,65,F,QLD,2461,Full-Time,3,63954.06,Renting,1,2019-12-15
CUST000006,Joseph,Williams,1969-09-04,54,M,NSW,2908,Full-Time,86,100170.09,Owner,2,2017-11-06
CUST000007,Christian,Carter,2003-03-21,20,M,NSW,0995,Full-Time,91,83116.14,Renting,0,2021-12-02
CUST000008,Brandon,Perez,1990-08-04,33,F,NSW,2921,Full-Time,11,98633.21,Mortgage,1,2024-06-03
CUST000009,Norman,Chavez,1999-12-25,24,F,NSW,2972,Full-Time,47,91621.67,Owner,0,2020-01-21
CUST000010,Joseph,Zuniga,1961-11-17,62,M,VIC,2392,Full-Time,35,98773.31,Renting,0,2021-07-13
CUST000011,Steven,Nelson,1963-12-05,60,M,NSW,0983,Full-Time,23,97534.21,Renting,2,2022-11-20
CUST000012,Kimberly,Perez,1998-08-11,25,F,QLD,2156,Full-Time,24,84939.54,Renting,1,2019-02-19
CUST000013,Sherri,Walter,1961-12-18,62,F,NSW,2943,Full-Time,25,44801.24,Owner,0,2022-08-16
CUST000014,Robin,Ellis,1972-09-03,51,M,VIC,2723,Self-Employed,2,89266.83,Mortgage,0,2023-06-06
CUST000015,Julie,Patterson,1980-12-26,43,F,SA,6653,Self-Employed,7,73245.18,Renting,1,2025-09-13
CUST000016,Trevor,Campos,1957-10-01,66,M,WA,2619,Casual,4,41585.45,Mortgage,1,2018-02-06
CUST000017,Erin,Carlson,1959-01-03,65,M,WA,2986,Self-Employed,9,15000.0,Owner,0,2022-02-01
CUST000018,John,Tran,1976-11-15,47,M,SA,1184,Full-Time,43,86085.12,Renting,4,2023-08-23
CUST000019,Kelly,Moore,1969-06-16,54,F,TAS,1482,Full-Time,1,52902.76,Mortgage,1,2021-04-17
CUST000020,Colleen,Skinner,1955-11-25,68,M,NSW,3932,Full-Time,9,54773.48,Living with Family,1,2020-02-03
CUST000021,Stephanie,Nielsen,1959-02-05,64,M,ACT,1957,Full-Time,46,59857.14,Renting,2,2016-11-25
CUST000022,Natasha,Decker,2003-08-13,20,M,QLD,2933,Full-Time,64,96091.5,Owner,0,2017-03-31
CUST000023,Stacey,Miller,2000-08-25,23,F,NSW,2920,Full-Time,9,78213.98,Renting,0,2024-01-26
CUST000024,David,Keller,1980-08-15,43,M,QLD,9248,Full-Time,5,69446.38,Living with Family,0,2024-07-29
CUST000025,Jason,Ryan,1974-04-08,49,F,SA,2664,Casual,29,49900.01,Mortgage,0,2020-04-25
CUST000026,Nathaniel,Lam,1988-09-07,35,M,NSW,2611,Casual,36,44001.51,Living with Family,0,2018-12-15
CUST000027,Andrew,Spencer,1953-06-10,70,M,QLD,6301,Casual,3,45041.11,Renting,3,2023-02-04
CUST000028,Carlos,Johnson,1953-02-21,70,M,QLD,2951,Full-Time,39,106479.46,Owner,0,2021-05-09
CUST000029,Todd,Ryan,1965-11-17,58,M,VIC,5973,Part-Time,9,51254.71,Renting,2,2023-10-15
CUST000030,James,Davis,1996-07-24,27,M,QLD,2605,Self-Employed,30,48528.26,Renting,1,2020-07-15
CUST000031,Jessica,Nunez,1976-10-24,47,F,NSW,2506,Full-Time,35,98560.96,Living with Family,1,2023-04-12
CUST000032,Daniel,Lee,1996-02-28,27,M,VIC,4726,Full-Time,46,72393.49,Mortgage,0,2018-05-18
CUST000033,Nancy,Jones,1976-07-23,47,F,QLD,9108,Full-Time,122,75095.3,Living with Family,3,2024-04-01
CUST000034,Sara,Allison,2005-12-05,18,M,NSW,2646,Full-Time,13,95323.98,Renting,1,2021-02-04
CUST000035,Richard,Brown,1962-02-15,61,M,SA,2980,Part-Time,165,44910.02,Renting,1,2025-08-04
CUST000036,Kristen,Gibson,1965-02-09,58,M,WA,2608,Self-Employed,43,51497.69,Renting,0,2022-09-06
CUST000037,James,Robinson,1977-12-14,46,F,WA,2298,Self-Employed,25,68488.21,Renting,2,2017-04-10
CUST000038,Brendan,Woods,1967-12-01,56,M,QLD,8208,Self-Employed,14,85787.05,Renting,0,2017-06-12
CUST000039,Brooke,Leonard,1960-07-03,63,M,VIC,2696,Full-Time,32,36149.18,Mortgage,0,2017-10-21
CUST000040,John,Wheeler,2001-05-12,22,F,WA,0816,Full-Time,26,86360.93,Owner,0,2022-08-22
CUST000041,Leslie,Green,1982-07-05,41,F,QLD,2943,Full-Time,36,133903.44,Owner,4,2019-02-12
CUST000042,Debbie,Bryant,1957-04-26,66,M,VIC,2307,Full-Time,11,121135.88,Renting,0,2022-04-25
CUST000043,Craig,Medina,1982-05-19,41,M,NSW,3425,Casual,6,29201.26,Renting,0,2024-08-26
CUST000044,Mike,Moore,2000-09-21,23,F,VIC,4498,Part-Time,11,62932.4,Renting,2,2016-10-17
CUST000045,Kevin,Alvarado,1997-02-12,26,M,VIC,2624,Part-Time,51,32792.66,Mortgage,0,2017-10-06
CUST000046,Angela,Nelson,1955-12-08,68,M,NSW,7353,Full-Time,43,48049.88,Renting,0,2022-11-29
CUST000047,William,King,1999-03-13,24,F,VIC,2216,Full-Time,34,31317.9,Owner,0,2024-03-10
CUST000048,Matthew,Anderson,1952-04-13,71,F,VIC,2727,Part-Time,69,25617.57,Renting,0,2021-09-09
CUST000049,Alec,Jones,1974-07-14,49,M,NSW,2638,Part-Time,30,50154.25,Owner,2,2017-01-18
CUST000050,Angela,Jordan,1971-02-21,52,F,VIC,2145,Full-Time,17,80950.62,Living with Family,3,2024-10-24
CUST000051,Michelle,Nolan,1995-11-26,28,F,NSW,2673,Full-Time,13,66617.47,Owner,0,2022-09-23
CUST000052,Anita,Baxter,1970-03-29,53,F,WA,0823,Full-Time,42,82857.8,Owner,3,2024-07-03
CUST000053,Nicole,Johnson,1996-10-01,27,F,QLD,2956,Self-Employed,59,79255.44,Mortgage,1,2023-12-11
CUST000054,Lisa,Adams,1999-11-04,24,F,VIC,2560,Self-Employed,96,53513.39,Mortgage,1,2024-06-14
CUST000055,Lisa,Stevens,1962-08-18,61,M,QLD,2933,Self-Employed,63,68247.79,Owner,3,2018-09-24
CUST000056,Raymond,Ramirez,1988-01-04,36,M,VIC,2345,Full-Time,3,99783.86,Living with Family,4,2022-07-01
CUST000057,Tina,Herrera,1972-11-27,51,F,SA,2014,Full-Time,14,36066.14,Renting,2,2018-05-01
CUST000058,Joseph,Rodriguez,2005-07-21,18,M,WA,2605,Self-Employed,24,58885.82,Owner,1,2023-04-13
CUST000059,Catherine,Dixon,1967-12-02,56,M,VIC,2989,Casual,3,44997.79,Mortgage,2,2018-06-08
CUST000060,Ryan,Meyer,1952-04-20,71,M,NSW,4356,Self-Employed,3,95700.77,Renting,4,2017-05-10
CUST000061,Mark,Edwards,1988-04-02,35,F,VIC,2619,Full-Time,3,62457.08,Renting,1,2023-03-15
CUST000062,Kyle,Ortiz,1967-02-23,56,M,VIC,2994,Casual,24,53505.27,Owner,1,2021-09-18
CUST000063,Elizabeth,Gray,1960-11-07,63,F,NSW,2659,Full-Time,31,107744.63,Owner,1,2021-11-05
CUST000064,Martha,Torres,1973-04-12,50,M,NSW,2676,Self-Employed,118,83725.61,Mortgage,4,2023-10-18
CUST000065,Marco,Ramos,1984-11-29,39,F,NSW,2678,Casual,26,43399.35,Renting,2,2020-12-25
CUST000066,Laura,Jackson,2001-12-29,22,M,VIC,2448,Part-Time,83,42684.82,Renting,0,2022-09-13
CUST000067,Clarence,Crane,1985-08-23,38,M,SA,2694,Casual,7,21437.52,Mortgage,1,2018-09-30
CUST000068,Andrew,Sanchez,1961-04-11,62,F,QLD,2919,Full-Time,154,96345.75,Living with Family,1,2024-05-16
CUST000069,Robert,Soto,1953-12-13,70,F,NSW,2666,Self-Employed,19,83136.05,Renting,3,2021-03-05
CUST000070,Diana,Smith,1963-11-17,60,F,NSW,2563,Full-Time,59,112553.81,Mortgage,0,2018-04-23
CUST000071,April,Williams,2005-04-15,18,M,QLD,2691,Full-Time,22,84449.86,Living with Family,0,2020-10-31
CUST000072,Elizabeth,Travis,1996-03-17,27,F,NSW,7579,Self-Employed,294,73685.95,Renting,1,2024-01-22
CUST000073,Ronald,Meadows,2001-06-18,22,F,QLD,2612,Casual,4,34431.53,Renting,2,2023-06-02
CUST000074,Jonathon,Wright,1977-04-04,46,M,NSW,0948,Part-Time,15,21851.04,Renting,2,2021-01-31
CUST000075,Scott,Reeves,1963-08-09,60,F,VIC,2694,Self-Employed,29,71467.45,Renting,1,2019-09-30
CUST000076,Christopher,Hernandez,2001-07-09,22,F,NSW,2982,Full-Time,34,104985.94,Renting,0,2023-01-30
CUST000077,Rick,Daniels,1953-06-14,70,F,NSW,0203,Full-Time,20,37497.57,Mortgage,0,2024-03-21
CUST000078,Kayla,Shah,1972-04-25,51,F,VIC,2096,Self-Employed,35,97464.51,Mortgage,3,2021-01-06
CUST000079,Kenneth,Price,2004-05-28,19,M,NSW,0288,Casual,140,34792.21,Mortgage,0,2023-12-04
CUST000080,Tracy,Nelson,2001-10-19,22,M,QLD,2920,Full-Time,4,39046.18,Owner,0,2016-12-26
CUST000081,Erin,Powell,1969-03-22,54,F,NSW,2647,Part-Time,23,51416.84,Mortgage,0,2024-12-31
CUST000082,Rebecca,Vargas,1980-09-14,43,M,NSW,2016,Full-Time,11,71197.8,Owner,0,2017-12-12
CUST000083,Brent,Gray,1976-07-03,47,M,NSW,2677,Full-Time,42,79344.89,Mortgage,2,2019-09-01
CUST000084,Nicholas,Walton,1993-11-16,30,M,QLD,0241,Full-Time,91,24582.42,Renting,0,2020-12-15
CUST000085,Brett,Crane,1993-03-03,30,F,WA,2681,Self-Employed,23,56835.49,Mortgage,1,2023-10-03
CUST000086,Karen,Herring,1987-07-12,36,F,VIC,2660,Self-Employed,10,42947.7,Owner,3,2022-04-26
CUST000087,Thomas,Wilson,1963-07-25,60,M,VIC,2677,Full-Time,9,113656.63,Owner,1,2023-01-08
CUST000088,Gary,Lawson,1994-03-16,29,M,NSW,2619,Full-Time,14,20512.12,Mortgage,3,2023-09-22
CUST000089,Larry,Lane,1959-03-24,64,F,QLD,2939,Part-Time,27,30987.93,Renting,2,2022-10-27
CUST000090,Randy,Espinoza,2005-04-19,18,F,VIC,2393,Full-Time,16,77922.88,Mortgage,1,2017-08-22
CUST000091,Melissa,Burke,1994-07-13,29,M,VIC,2619,Unemployed,0,16048.32,Renting,0,2023-11-22
CUST000092,Blake,Patel,1982-07-20,41,F,NSW,2971,Full-Time,6,72419.26,Mortgage,0,2021-04-12
CUST000093,Melissa,Short,1969-07-08,54,F,VIC,2565,Full-Time,125,72408.62,Living with Family,2,2022-06-12
CUST000094,Jasmine,Graham,1997-10-16,26,F,NSW,8498,Full-Time,95,56763.01,Renting,1,2023-09-12
CUST000095,Margaret,Vargas,1976-09-08,47,M,NSW,2943,Self-Employed,25,52429.51,Mortgage,0,2024-03-14
CUST000096,Nicole,Sanchez,1954-10-02,69,M,QLD,2909,Full-Time,6,35765.76,Renting,1,2022-03-21
CUST000097,Anthony,Rosales,1971-09-16,52,F,NSW,2657,Full-Time,10,101547.25,Owner,2,2018-08-20
CUST000098,Matthew,Beard,1996-01-01,28,F,QLD,2880,Full-Time,15,64500.73,Mortgage,3,2021-05-17
CUST000099,John,Russell,1960-10-22,63,F,TAS,9377,Full-Time,30,80026.2,Renting,0,2020-10-04
CUST000100,Kelly,Sullivan,1950-09-23,73,F,WA,2694,Full-Time,6,74357.15,Owner,2,2022-09-13
CUST000101,Angela,Cooper,1971-02-17,52,M,VIC,9557,Full-Time,20,106108.41,Renting,1,2019-03-01
CUST000102,David,Lee,1964-04-22,59,F,NSW,2619,Self-Employed,9,59675.26,Renting,1,2023-05-30
CUST000103,Hannah,Lee,2004-11-16,19,F,VIC,2914,Casual,5,21144.12,Renting,2,2023-03-31
CUST000104,Justin,Garcia,1980-02-26,43,M,VIC,2664,Casual,5,51038.8,Renting,0,2018-10-09
CUST000105,Alexis,Ferguson,1960-02-19,63,F,QLD,2800,Full-Time,15,89208.13,Renting,0,2021-09-14
CUST000106,David,Oneill,1990-03-06,33,M,WA,2920,Full-Time,57,85807.69,Mortgage,0,2017-08-25
CUST000107,Justin,Mendoza,1950-06-09,73,M,QLD,2952,Part-Time,10,47209.28,Renting,0,2025-05-31
CUST000108,Michelle,Wilson,1964-05-15,59,F,SA,2367,Full-Time,22,121917.02,Mortgage,0,2017-05-23
CUST000109,Brian,Hernandez,1986-03-27,37,F,QLD,5413,Full-Time,42,80559.84,Renting,2,2017-10-16
CUST000110,Catherine,Gibbs,1994-01-23,29,F,NSW,2688,Full-Time,19,94982.94,Renting,3,2020-02-24
CUST000111,Kenneth,Chapman,2002-06-02,21,M,SA,2604,Full-Time,32,79303.96,Owner,0,2021-11-04
CUST000112,Susan,Garcia,1953-03-21,70,M,VIC,2673,Self-Employed,14,90321.51,Owner,1,2019-02-08
CUST000113,John,Arnold,1954-06-08,69,M,SA,2640,Full-Time,9,70142.64,Mortgage,0,2020-05-26
CUST000114,Terry,Johnson,1989-09-16,34,M,NSW,2924,Full-Time,88,117055.1,Mortgage,1,2023-01-19
CUST000115,Grace,Bradshaw,1976-01-23,47,F,QLD,0993,Full-Time,3,71708.0,Renting,1,2020-07-20
CUST000116,Deborah,Kerr,1981-04-24,42,F,QLD,2631,Full-Time,8,52107.29,Renting,0,2017-04-06
CUST000117,Brooke,Holloway,1995-09-13,28,M,NSW,2927,Full-Time,53,61319.41,Mortgage,1,2017-11-04
CUST000118,Holly,Bender,1989-09-01,34,M,VIC,3877,Full-Time,6,80490.47,Renting,3,2017-06-13
CUST000119,Ryan,Morris,1952-01-15,72,M,SA,2701,Full-Time,1,52012.53,Mortgage,2,2018-10-14
CUST000120,Michelle,Matthews,1988-11-01,35,F,QLD,2049,Full-Time,9,119003.13,Mortgage,0,2017-02-01
CUST000121,Thomas,Pearson,1993-08-03,30,M,NSW,2829,Self-Employed,3,43068.59,Owner,2,2020-08-24
CUST000122,Tanya,Harrison,1996-12-13,27,M,WA,0255,Self-Employed,39,82545.17,Mortgage,0,2022-10-03
CUST000123,Mark,Steele,1999-06-23,24,F,SA,2926,Full-Time,19,85631.51,Owner,2,2024-01-18
CUST000124,Shawn,Edwards,1981-08-19,42,M,VIC,2941,Full-Time,32,48723.94,Mortgage,2,2025-06-15
CUST000125,Xavier,Travis,1973-03-03,50,M,VIC,4760,Full-Time,51,82937.81,Mortgage,3,2018-05-31
CUST000126,Katherine,Garrett,1970-09-16,53,M,VIC,2234,Casual,19,36897.47,Renting,0,2021-09-01
CUST000127,Samuel,Wolfe,2003-07-13,20,F,VIC,2619,Part-Time,149,44152.9,Mortgage,0,2016-12-25
CUST000128,Lauren,Mckinney,1986-04-08,37,F,NSW,2938,Full-Time,4,73694.79,Living with Family,0,2016-11-05
CUST000129,Jeffrey,Skinner,1973-05-22,50,F,VIC,2619,Part-Time,33,45225.97,Renting,0,2020-11-16
CUST000130,Marilyn,Jimenez,1956-07-16,67,M,SA,2928,Full-Time,26,100994.97,Mortgage,0,2023-01-27
CUST000131,Timothy,Kennedy,1973-10-28,50,M,QLD,2908,Full-Time,12,63690.48,Renting,2,2018-01-10
CUST000132,Carol,Francis,1960-10-12,63,F,NSW,2621,Full-Time,39,45084.13,Mortgage,2,2019-03-19
CUST000133,Robert,Villa,1995-07-19,28,F,NSW,3404,Full-Time,24,64530.07,Mortgage,0,2023-04-05
CUST000134,Bethany,Keller,1998-04-20,25,M,QLD,2637,Full-Time,46,80855.03,Owner,2,2021-07-28
CUST000135,Andrea,Daniels,1969-09-29,54,F,VIC,2905,Full-Time,11,92798.34,Renting,1,2024-07-20
CUST000136,Patrick,Chase,1963-07-30,60,M,NSW,0205,Casual,108,49087.12,Owner,0,2023-06-05
CUST000137,Lisa,Hughes,1990-08-18,33,F,VIC,2637,Casual,42,44381.61,Renting,0,2025-05-29
CUST000138,Tammy,Rivera,1957-01-18,66,M,VIC,2571,Full-Time,103,103290.27,Living with Family,2,2021-06-16
CUST000139,Jennifer,Ortiz,1976-03-24,47,F,SA,2631,Full-Time,92,52703.28,Renting,3,2020-12-13
CUST000140,Matthew,Schwartz,2005-12-09,18,F,VIC,2458,Self-Employed,13,89484.32,Renting,0,2020-02-23
CUST000141,Jennifer,Malone,1968-02-04,55,F,QLD,4091,Full-Time,14,83197.93,Owner,0,2018-11-02
CUST000142,Karl,Perez,1989-06-03,34,F,NSW,2461,Full-Time,13,66797.28,Renting,3,2023-07-27
CUST000143,Craig,Jackson,1990-07-21,33,F,QLD,2930,Full-Time,100,79925.45,Owner,4,2017-02-20
CUST000144,Kelly,Brooks,1995-11-26,28,F,VIC,2633,Self-Employed,23,89735.8,Mortgage,3,2021-07-03
CUST000145,Laura,Jackson,1982-07-20,41,M,ACT,2496,Self-Employed,9,100223.27,Mortgage,1,2022-04-20
CUST000146,Roberta,Thomas,1963-09-11,60,M,NSW,2904,Full-Time,1,65765.08,Mortgage,4,2020-11-10
CUST000147,Rachel,Marshall,1988-05-27,35,M,VIC,2928,Full-Time,104,101033.14,Renting,2,2018-02-23
CUST000148,Michael,Matthews,1975-05-07,48,F,NSW,0964,Unemployed,0,16844.46,Mortgage,2,2020-11-01
CUST000149,Yvonne,Castaneda,1967-04-02,56,F,QLD,2536,Full-Time,7,65889.71,Mortgage,1,2021-11-14
CUST000150,Victoria,Phillips,1983-01-24,40,F,NSW,2994,Casual,94,31172.26,Renting,0,2016-10-18
CUST000151,Kimberly,Beltran,1999-11-25,24,M,VIC,7743,Self-Employed,9,75009.82,Renting,1,2022-03-10
CUST000152,Dana,Oliver,1970-02-28,53,M,QLD,2621,Full-Time,75,69188.67,Owner,0,2024-11-08
CUST000153,Kyle,Alexander,1987-03-20,36,M,WA,6521,Casual,28,44195.89,Renting,1,2024-11-28
CUST000154,Robert,Gonzalez,1968-09-04,55,M,VIC,4588,Full-Time,24,103356.47,Renting,0,2024-12-11
CUST000155,Jonathan,Summers,1997-11-22,26,F,QLD,2914,Full-Time,32,15000.0,Renting,0,2023-06-11
CUST000156,Darius,Mccarty,1969-05-16,54,F,QLD,2633,Full-Time,75,57636.78,Mortgage,2,2024-06-19
CUST000157,Tina,Coffey,1991-09-24,32,F,WA,9516,Self-Employed,41,78249.3,Renting,2,2016-11-06
CUST000158,Shawn,Chambers,1980-11-05,43,F,NSW,2796,Casual,1,47774.88,Renting,0,2024-02-16
CUST000159,Daniel,Hall,2004-04-06,19,M,VIC,2098,Self-Employed,25,76532.35,Owner,0,2019-09-05
CUST000160,Deborah,Reid,1985-02-09,38,M,QLD,2904,Unemployed,0,20162.22,Renting,2,2022-07-27
CUST000161,Brandon,Johnson,1956-06-29,67,M,VIC,2920,Self-Employed,118,73087.43,Owner,2,2017-10-08
CUST000162,Amanda,Price,1963-05-07,60,M,SA,2978,Full-Time,41,114912.41,Living with Family,0,2020-06-30
CUST000163,Eric,Perry,1992-10-11,31,F,QLD,2579,Full-Time,1,105964.09,Renting,4,2020-05-25
CUST000164,Antonio,Wood,2004-11-30,19,M,TAS,2617,Self-Employed,51,36926.99,Owner,0,2025-04-12
CUST000165,Cory,Jennings,1999-05-05,24,F,VIC,4506,Full-Time,11,65008.33,Renting,1,2019-03-17
CUST000166,Stacy,Holloway,2005-11-18,18,M,VIC,2439,Full-Time,42,122019.08,Renting,0,2025-06-18
CUST000167,Matthew,Zhang,1952-08-29,71,F,QLD,5318,Part-Time,19,50192.53,Mortgage,1,2018-08-03
CUST000168,Molly,Murphy,1962-04-02,61,F,NSW,2639,Unemployed,0,17464.45,Mortgage,0,2016-10-01
CUST000169,Duane,Anderson,1999-07-07,24,F,NSW,2721,Full-Time,23,100241.76,Renting,0,2022-09-03
CUST000170,Alexis,Tyler,1951-03-23,72,F,WA,2699,Self-Employed,67,61003.29,Renting,2,2019-08-22
CUST000171,Brian,Harmon,1959-11-01,64,M,NSW,8117,Full-Time,23,107231.32,Living with Family,0,2020-10-04
CUST000172,Brittney,Hayes,1970-09-22,53,M,QLD,2689,Full-Time,24,89498.87,Mortgage,1,2017-02-11
CUST000173,Michelle,Boyd,1995-02-25,28,M,NSW,2900,Self-Employed,2,62351.26,Mortgage,1,2017-04-09
CUST000174,Richard,Parks,1977-07-04,46,F,QLD,2920,Full-Time,70,77405.9,Renting,0,2023-02-19
CUST000175,Rachel,Morris,1975-06-15,48,F,VIC,2631,Full-Time,43,134207.41,Mortgage,0,2017-11-10
CUST000176,Brenda,Joseph,1985-12-08,38,M,VIC,2989,Full-Time,15,77471.09,Owner,0,2021-07-01
CUST000177,Catherine,Garcia,1976-01-16,47,M,VIC,2619,Full-Time,8,101139.86,Renting,0,2024-05-26
CUST000178,Kayla,Le,1987-06-25,36,M,QLD,2676,Part-Time,99,49853.7,Owner,1,2020-10-15
CUST000179,Matthew,Chavez,1962-12-24,61,M,QLD,0215,Casual,60,31394.12,Renting,3,2020-07-25
CUST000180,Nicholas,Hernandez,1988-04-20,35,F,VIC,2911,Self-Employed,37,90215.8,Mortgage,2,2017-07-18
CUST000181,Ryan,Garner,1954-09-05,69,F,NSW,2972,Full-Time,56,53861.12,Mortgage,1,2021-09-24
CUST000182,Anna,Rivera,1983-09-28,40,F,VIC,2619,Part-Time,201,35330.84,Mortgage,2,2020-06-03
CUST000183,Shelley,Henderson,2000-05-24,23,F,NSW,2249,Part-Time,46,55747.18,Owner,1,2019-07-16
CUST000184,William,Moore,1955-09-26,68,F,VIC,2913,Full-Time,1,75408.84,Living with Family,1,2024-05-07
CUST000185,Angela,Wilson,1970-01-12,54,F,VIC,2893,Part-Time,32,21424.8,Mortgage,0,2023-12-28
CUST000186,Terri,Cardenas,1998-09-29,25,F,QLD,0880,Part-Time,5,34783.12,Renting,3,2022-03-16
CUST000187,Heather,Johnson,1987-11-18,36,M,NSW,2845,Full-Time,24,85576.92,Living with Family,3,2019-11-19
CUST000188,Douglas,Sandoval,1960-03-31,63,M,VIC,2320,Full-Time,32,71179.13,Mortgage,1,2017-07-20
CUST000189,Nicholas,Chavez,1980-06-29,43,F,TAS,2645,Full-Time,5,103920.66,Renting,1,2019-07-13
CUST000190,Shelly,Carlson,1968-07-16,55,M,NSW,2222,Full-Time,26,61430.95,Owner,3,2023-07-07
CUST000191,Christopher,Ramos,1952-08-12,71,M,VIC,2607,Full-Time,6,58381.73,Renting,2,2022-03-10
CUST000192,Jason,Hunt,1973-10-01,50,F,QLD,2966,Full-Time,58,90183.55,Renting,3,2017-09-21
CUST000193,Brittany,Rose,1989-01-23,34,M,NSW,2930,Full-Time,99,79132.21,Mortgage,0,2018-09-16
CUST000194,James,Dougherty,1952-11-26,71,M,VIC,2624,Casual,25,30162.0,Mortgage,0,2019-05-01
CUST000195,Tyler,Jordan,1956-09-07,67,M,ACT,2626,Casual,72,39588.51,Owner,1,2021-07-08
CUST000196,Angelica,Barnett,1963-01-27,60,M,VIC,2961,Part-Time,1,47701.94,Owner,2,2020-04-19
CUST000197,Ryan,Stevens,1992-10-06,31,F,NSW,2359,Part-Time,21,45484.77,Living with Family,0,2020-08-03
CUST000198,Danielle,Roberts,1973-03-08,50,M,QLD,2990,Self-Employed,41,54725.44,Living with Family,2,2025-06-02
CUST000199,Stacey,Stevens,1959-09-11,64,M,WA,2971,Full-Time,40,82623.04,Owner,2,2020-08-27
CUST000200,Ryan,Morales,1955-11-13,68,F,VIC,2464,Part-Time,38,47660.28,Owner,0,2023-06-09
CUST000201,Kimberly,Jones,1962-07-30,61,F,TAS,0918,Full-Time,48,85970.04,Renting,1,2021-04-25
CUST000202,Michael,Luna,2002-04-09,21,F,VIC,2633,Part-Time,51,60083.29,Renting,1,2017-08-25
CUST000203,Glenn,Hernandez,1964-07-28,59,M,WA,2327,Full-Time,42,48094.27,Renting,1,2020-11-25
CUST000204,Bethany,Maldonado,1982-06-04,41,F,NSW,5955,Full-Time,2,39536.47,Mortgage,2,2018-01-31
CUST000205,Scott,Turner,1953-09-08,70,M,QLD,2890,Full-Time,23,79383.93,Mortgage,0,2019-11-22
CUST000206,Steven,Johnson,1954-01-11,70,F,VIC,2974,Full-Time,27,104351.14,Renting,2,2017-06-01
CUST000207,Melissa,Gilbert,1999-11-08,24,M,WA,3679,Part-Time,94,38816.16,Living with Family,3,2021-09-18
CUST000208,Paula,Cole,1995-08-26,28,M,VIC,5359,Full-Time,10,87174.78,Mortgage,0,2021-01-02
CUST000209,Bryan,Garcia,1958-06-23,65,M,WA,2951,Full-Time,11,113439.71,Mortgage,0,2021-04-07
CUST000210,John,Kim,1959-09-26,64,F,NSW,2618,Part-Time,26,51740.85,Mortgage,0,2021-06-06
CUST000211,Nathan,Campbell,1958-12-07,65,M,VIC,0259,Full-Time,28,110699.5,Living with Family,2,2017-03-13
CUST000212,Matthew,Rivera,1986-04-26,37,M,SA,9644,Part-Time,77,41053.18,Renting,0,2023-03-28
CUST000213,Rebecca,Marks,1987-10-22,36,F,QLD,2951,Full-Time,9,71557.44,Renting,0,2021-12-20
CUST000214,Michael,Ponce,1957-12-06,66,F,WA,2992,Full-Time,3,95582.2,Renting,1,2022-01-29
CUST000215,Kyle,Bennett,2004-02-17,19,M,QLD,2952,Full-Time,3,69713.88,Renting,2,2022-10-03
CUST000216,Joanne,Jennings,1997-10-21,26,F,QLD,8168,Full-Time,17,88612.79,Mortgage,1,2019-12-25
CUST000217,Henry,Lewis,1970-10-04,53,F,ACT,2920,Full-Time,45,44406.52,Renting,4,2018-06-15
CUST000218,Kenneth,French,1958-09-18,65,M,NSW,3880,Full-Time,31,33233.31,Renting,0,2022-09-06
CUST000219,Christine,Harper,2000-07-22,23,M,NSW,2632,Casual,15,25451.12,Mortgage,1,2018-05-09
CUST000220,Colleen,Orr,1989-11-29,34,F,NSW,2610,Self-Employed,27,53489.51,Mortgage,2,2020-06-03
CUST000221,John,Wallace,1988-12-15,35,M,VIC,2927,Full-Time,47,94262.95,Mortgage,0,2018-10-31
CUST000222,Tammy,Mueller,1963-08-07,60,M,VIC,2665,Casual,42,60190.59,Owner,1,2022-10-30
CUST000223,Scott,Hammond,1982-10-23,41,F,NSW,2988,Full-Time,57,108747.82,Renting,0,2021-06-21
CUST000224,Lisa,Solis,2005-10-08,18,F,VIC,2624,Full-Time,94,49579.68,Living with Family,3,2017-03-12
CUST000225,Nathan,Villa,1977-08-07,46,F,VIC,8141,Part-Time,62,35353.89,Owner,2,2023-08-05
CUST000226,Rebecca,Hernandez,1965-07-19,58,M,NSW,2601,Full-Time,16,86463.23,Mortgage,3,2025-03-29
CUST000227,Shannon,Bailey,1962-08-09,61,F,VIC,2060,Full-Time,26,128444.39,Mortgage,1,2020-04-17
CUST000228,Paul,Miller,1971-06-02,52,M,ACT,2680,Self-Employed,96,44918.36,Mortgage,2,2019-08-05
CUST000229,Jennifer,Rogers,1955-06-22,68,M,VIC,2632,Casual,13,44480.23,Renting,1,2017-01-25
CUST000230,Thomas,Guerra,2002-12-08,21,F,NSW,2917,Part-Time,133,49554.89,Mortgage,3,2022-04-06
CUST000231,Andrew,Lewis,2002-04-07,21,M,NSW,2638,Self-Employed,52,118283.5,Living with Family,1,2025-03-09
CUST000232,Rodney,Parsons,1985-01-15,38,M,VIC,2694,Full-Time,2,70976.72,Mortgage,0,2017-10-27
CUST000233,Danielle,Dean,1963-07-23,60,M,TAS,2317,Full-Time,25,35823.63,Living with Family,0,2022-02-04
CUST000234,Zachary,Allen,1950-09-06,73,M,QLD,2634,Full-Time,37,62871.21,Renting,0,2020-08-02
CUST000235,John,Butler,1985-05-21,38,M,WA,2485,Full-Time,4,64810.61,Owner,0,2017-05-02
CUST000236,William,Mcneil,1980-03-28,43,F,QLD,9067,Full-Time,205,68384.21,Renting,2,2017-02-12
CUST000237,Nathaniel,Burgess,1972-03-01,51,M,NSW,2961,Part-Time,78,28845.94,Renting,0,2019-10-30
CUST000238,Courtney,Ingram,1992-03-27,31,F,VIC,2952,Full-Time,47,73110.32,Renting,0,2017-02-14
CUST000239,Lisa,Thompson,1981-05-24,42,F,VIC,2907,Full-Time,5,98196.55,Owner,0,2022-05-30
CUST000240,Bryan,Parsons,1996-10-16,27,F,NSW,2900,Full-Time,58,59363.3,Living with Family,1,2019-05-14
CUST000241,James,Williams,1952-04-07,71,F,NSW,2938,Full-Time,14,50082.4,Mortgage,1,2020-04-22
CUST000242,Thomas,Johnson,1997-01-07,27,F,VIC,2664,Full-Time,55,77061.93,Mortgage,4,2019-12-09
CUST000243,Michelle,Rivera,1995-01-06,29,M,WA,2619,Full-Time,66,40580.21,Renting,3,2023-12-02
CUST000244,Ricardo,Gonzales,1975-01-26,48,F,VIC,2985,Part-Time,81,36875.29,Renting,2,2025-06-27
CUST000245,Tyler,Glass,1978-07-04,45,M,NSW,8416,Full-Time,41,80074.33,Owner,0,2017-06-08
CUST000246,Lynn,Gardner,1984-09-01,39,F,QLD,2941,Full-Time,1,118297.81,Owner,2,2017-06-12
CUST000247,Kirk,Morrison,1988-01-22,35,M,VIC,2602,Full-Time,7,93918.21,Mortgage,0,2022-12-07
CUST000248,Bobby,Berg,1970-02-12,53,M,QLD,2969,Self-Employed,1,91619.42,Mortgage,4,2025-09-15
CUST000249,Tina,Gould,1965-08-26,58,F,NSW,2365,Self-Employed,4,42447.18,Renting,2,2021-05-05
CUST000250,Ernest,Johnson,1993-03-21,30,F,QLD,7702,Full-Time,124,66242.38,Owner,0,2017-04-30
CUST000251,Michael,Reyes,1994-11-18,29,M,TAS,5092,Part-Time,38,51397.1,Renting,0,2022-11-02
CUST000252,Nathan,Hines,2004-10-03,19,M,SA,5285,Full-Time,20,91886.24,Mortgage,2,2020-04-22
CUST000253,John,Wilson,1987-05-27,36,M,SA,2657,Full-Time,37,82925.01,Owner,2,2021-05-20
CUST000254,David,Hampton,2002-09-17,21,F,WA,2613,Self-Employed,10,64642.91,Living with Family,1,2025-09-10
CUST000255,Sabrina,Henry,1966-04-16,57,F,WA,2619,Part-Time,28,28911.1,Renting,3,2017-12-12
CUST000256,Gerald,Reeves,1954-01-08,70,F,NSW,2455,Full-Time,46,89767.87,Owner,0,2023-02-10
CUST000257,Kelly,Evans,1981-08-17,42,M,VIC,2642,Self-Employed,25,114928.37,Renting,1,2023-11-13
CUST000258,David,Harris,1979-03-27,44,M,QLD,2623,Casual,51,50259.94,Renting,1,2023-11-02
CUST000259,Angela,Wood,1951-04-02,72,F,NSW,9291,Full-Time,8,108138.79,Renting,2,2017-04-26
CUST000260,Jennifer,Mendoza,1972-10-26,51,F,QLD,0269,Full-Time,55,68106.2,Mortgage,0,2017-05-22
CUST000261,Shannon,Frazier,1986-12-25,37,M,QLD,2962,Full-Time,5,44073.36,Renting,3,2024-08-16
CUST000262,Danielle,White,1994-12-25,29,F,NT,2626,Full-Time,46,52112.39,Mortgage,1,2021-04-01
CUST000263,Marie,Holmes,2000-01-31,23,F,VIC,2932,Full-Time,3,105297.24,Renting,1,2018-03-08
CUST000264,Jeremiah,Meza,2003-12-10,20,F,QLD,8414,Full-Time,29,64591.85,Renting,2,2018-06-29
CUST000265,Joshua,Weber,2005-03-12,18,M,QLD,0881,Self-Employed,2,67856.33,Mortgage,0,2021-03-31
CUST000266,Shelly,Moore,1959-07-05,64,M,WA,0895,Part-Time,26,58536.35,Renting,0,2024-04-22
CUST000267,Marcia,Johnson,1982-06-01,41,F,VIC,2194,Full-Time,47,89233.39,Owner,3,2022-08-02
CUST000268,Robert,Fowler,1994-03-18,29,M,QLD,2920,Full-Time,55,46048.19,Renting,1,2024-09-22
CUST000269,Dawn,Turner,1981-05-15,42,M,WA,2696,Full-Time,16,48671.65,Renting,0,2019-05-27
CUST000270,Brian,Gonzales,1953-12-16,70,M,NSW,2917,Self-Employed,26,75112.34,Mortgage,3,2018-07-24
CUST000271,Larry,Higgins,1984-11-29,39,M,NSW,2966,Full-Time,58,69369.37,Renting,1,2017-11-25
CUST000272,Anna,Flores,1971-03-21,52,M,NSW,2901,Full-Time,24,87401.45,Renting,2,2019-02-18
CUST000273,Colin,Roberts,1964-02-08,59,F,QLD,2989,Full-Time,38,87250.24,Renting,0,2020-06-27
CUST000274,Rachel,Li,2005-07-24,18,F,NSW,5532,Full-Time,10,64581.55,Mortgage,0,2021-03-17
CUST000275,Victor,Parker,1979-07-31,44,F,NSW,2016,Self-Employed,2,57268.01,Mortgage,0,2021-04-10
CUST000276,Jason,Gomez,2005-10-17,18,M,VIC,2247,Full-Time,82,77671.94,Mortgage,2,2022-02-07
CUST000277,Emily,Mitchell,1998-08-11,25,F,TAS,1162,Full-Time,10,75436.55,Living with Family,4,2024-08-31
CUST000278,Kathryn,Diaz,1991-12-03,32,M,NSW,2990,Part-Time,29,34389.45,Mortgage,4,2021-11-09
CUST000279,Angela,Jones,1961-01-06,63,F,QLD,3784,Full-Time,10,68013.88,Owner,1,2024-02-25
CUST000280,Cheryl,Anderson,1985-11-15,38,M,VIC,2565,Full-Time,46,65321.06,Renting,2,2023-11-17
CUST000281,Sheila,Fischer,1969-05-24,54,F,VIC,2669,Full-Time,104,48367.63,Mortgage,2,2021-04-22
CUST000282,Brandon,Taylor,1978-09-24,45,M,VIC,2957,Full-Time,28,76643.18,Renting,1,2021-05-26
CUST000283,Patricia,Taylor,1958-05-14,65,M,WA,0852,Full-Time,10,63293.45,Owner,0,2020-04-05
CUST000284,Megan,Wheeler,1985-06-25,38,F,QLD,3887,Full-Time,75,92097.97,Mortgage,3,2023-02-07
CUST000285,Lisa,Richardson,1967-02-11,56,F,NSW,2619,Full-Time,86,76571.58,Living with Family,1,2025-07-17
CUST000286,Laura,Swanson,1983-08-01,40,F,NSW,0909,Part-Time,17,32728.18,Renting,4,2020-12-29
CUST000287,Krista,Parsons,2005-10-25,18,F,NSW,5309,Full-Time,36,86484.16,Mortgage,1,2021-01-18
CUST000288,Jennifer,Hampton,1980-02-18,43,F,SA,2982,Full-Time,42,110021.07,Owner,0,2024-02-13
CUST000289,Ashley,Graves,1963-10-10,60,F,WA,2660,Casual,80,31769.82,Mortgage,0,2020-09-10
CUST000290,Robert,Harris,1974-01-06,50,F,VIC,3970,Part-Time,77,35501.96,Owner,1,2023-01-28
CUST000291,Ann,Bolton,1979-10-23,44,F,TAS,2918,Full-Time,6,104880.36,Living with Family,1,2020-02-12
CUST000292,Steve,Patel,2005-03-19,18,F,NSW,4549,Full-Time,26,111516.8,Renting,3,2021-01-30
CUST000293,Joshua,Evans,2005-04-02,18,F,NSW,2934,Part-Time,28,45414.28,Mortgage,0,2023-01-26
CUST000294,Tracy,Castillo,1989-10-05,34,M,VIC,9441,Self-Employed,15,74205.54,Mortgage,3,2021-11-20
CUST000295,Paula,Foster,1981-03-25,42,M,VIC,2962,Full-Time,15,64772.34,Renting,2,2019-05-04
CUST000296,Jennifer,Reed,1966-05-30,57,M,QLD,2614,Part-Time,66,36825.07,Mortgage,4,2023-06-14
CUST000297,Maria,Nelson,1962-02-20,61,M,QLD,9421,Full-Time,2,105955.37,Renting,3,2022-04-07
CUST000298,John,Santiago,1983-10-06,40,F,NSW,8330,Self-Employed,37,45123.83,Mortgage,1,2017-08-17
CUST000299,Thomas,Maldonado,1968-11-18,55,F,NSW,2620,Full-Time,100,102071.17,Owner,2,2025-05-28
CUST000300,Denise,Gilmore,1958-11-20,65,F,WA,2917,Part-Time,85,25408.96,Mortgage,1,2022-07-31
CUST000301,Justin,Mitchell,1993-07-27,30,F,NSW,2219,Full-Time,17,81295.39,Mortgage,0,2018-10-25
CUST000302,Melissa,Johnson,1992-07-27,31,M,VIC,2656,Full-Time,90,103753.98,Renting,3,2024-08-30
CUST000303,Samantha,Osborn,1959-12-03,64,F,NSW,2997,Casual,11,48130.76,Renting,0,2018-05-27
CUST000304,Monica,Roberts,1993-03-02,30,M,QLD,2104,Full-Time,9,65673.92,Owner,1,2021-11-01
CUST000305,Tonya,Mitchell,1955-12-14,68,F,NSW,4872,Full-Time,1,102572.59,Mortgage,3,2024-05-20
CUST000306,James,Rodriguez,1976-11-14,47,M,QLD,2647,Full-Time,7,57783.54,Renting,0,2022-07-23
CUST000307,Alexis,Rogers,1991-05-28,32,F,WA,2929,Full-Time,64,60829.36,Renting,0,2022-10-17
CUST000308,Cheryl,Fowler,1960-12-05,63,F,NSW,2996,Casual,63,38411.12,Renting,1,2021-05-12
CUST000309,Elizabeth,Lopez,1954-10-04,69,F,VIC,2627,Full-Time,33,112492.91,Mortgage,1,2019-08-21
CUST000310,Jose,Young,1964-02-11,59,M,QLD,2854,Part-Time,43,37564.64,Renting,1,2021-12-19
CUST000311,Jose,Ward,1982-12-14,41,F,NSW,2690,Full-Time,33,87927.08,Mortgage,1,2022-09-26
CUST000312,Erik,Parks,1976-09-19,47,M,QLD,2931,Full-Time,16,81354.14,Mortgage,0,2022-06-22
CUST000313,Michael,Walker,2004-04-13,19,F,NSW,2627,Full-Time,7,72847.45,Living with Family,0,2018-02-07
CUST000314,Catherine,Perry,1993-02-04,30,M,NSW,9783,Full-Time,1,29612.2,Owner,0,2023-08-01
CUST000315,Caitlin,Cobb,1989-03-09,34,F,NSW,8785,Full-Time,12,89235.42,Renting,1,2017-06-05
CUST000316,Bryan,Kelley,1982-06-13,41,M,NSW,3398,Part-Time,15,76408.93,Owner,3,2018-01-27
CUST000317,Abigail,Wilson,1968-10-03,55,M,VIC,2679,Part-Time,18,36971.19,Living with Family,1,2021-02-14
CUST000318,Sean,Brown,2001-11-11,22,F,SA,2628,Part-Time,13,33773.5,Renting,4,2020-06-18
CUST000319,Angelica,Chambers,1982-06-07,41,M,WA,2930,Full-Time,41,81389.9,Renting,1,2020-04-15
CUST000320,Julie,Lane,1997-01-29,26,F,VIC,2165,Full-Time,19,63614.31,Owner,0,2023-01-11
CUST000321,Brian,Shannon,1981-02-11,42,F,NSW,2910,Full-Time,16,106697.88,Living with Family,0,2019-04-23
CUST000322,Derek,May,1960-03-01,63,F,QLD,0256,Casual,74,51190.9,Renting,0,2020-10-05
CUST000323,Nicholas,Miller,2002-12-02,21,F,SA,4251,Full-Time,23,38287.92,Renting,0,2018-05-01
CUST000324,Allison,Luna,1980-11-20,43,F,NSW,2680,Full-Time,47,62893.68,Mortgage,3,2023-07-13
CUST000325,Jennifer,Coleman,1976-07-31,47,M,QLD,2983,Full-Time,56,55913.89,Renting,2,2018-12-14
CUST000326,Joshua,Pineda,1969-10-21,54,M,WA,2619,Self-Employed,20,45670.43,Living with Family,1,2017-01-05
CUST000327,Christina,Mayer,1988-01-07,36,M,VIC,2033,Part-Time,6,29566.5,Renting,0,2017-05-01
CUST000328,Sean,Powers,1984-03-05,39,F,SA,2230,Full-Time,1,112679.33,Owner,2,2020-05-06
CUST000329,Jeff,Shields,1963-04-27,60,M,VIC,2228,Full-Time,33,103981.08,Mortgage,0,2025-08-31
CUST000330,Sabrina,Johnston,1963-04-23,60,M,ACT,5953,Full-Time,5,50308.3,Renting,0,2019-06-10
CUST000331,Donna,Walker,1958-01-13,66,F,VIC,2934,Casual,1,25481.14,Mortgage,1,2017-04-10
CUST000332,Nichole,Buck,2004-09-27,19,M,NSW,0968,Casual,112,33875.35,Owner,3,2021-03-09
CUST000333,Emily,Floyd,2004-05-03,19,F,QLD,2946,Self-Employed,14,36590.8,Living with Family,0,2020-05-25
CUST000334,Ivan,Medina,1967-02-13,56,M,VIC,2693,Full-Time,64,43221.12,Renting,0,2019-06-07
CUST000335,Linda,Melendez,1990-10-07,33,F,NSW,9668,Full-Time,122,48481.96,Owner,0,2021-06-30
CUST000336,Jonathan,Rivera,1972-04-03,51,M,QLD,2475,Full-Time,35,57758.08,Mortgage,1,2017-07-22
CUST000337,James,Adams,1991-10-02,32,M,ACT,7901,Casual,8,60351.88,Renting,0,2018-06-02
CUST000338,Jennifer,Hansen,1993-11-26,30,F,VIC,2913,Full-Time,119,104380.18,Mortgage,2,2024-07-19
CUST000339,Susan,Smith,1969-01-14,55,M,VIC,2661,Self-Employed,56,60620.03,Owner,3,2023-06-12
CUST000340,Robin,Dominguez,1993-06-23,30,M,SA,2676,Full-Time,142,84554.84,Mortgage,3,2024-12-17
CUST000341,Kimberly,James,1981-09-30,42,F,QLD,4544,Full-Time,17,92971.02,Mortgage,1,2019-12-18
CUST000342,Steven,Lang,2000-12-05,23,F,VIC,2915,Self-Employed,18,53204.51,Living with Family,2,2024-12-14
CUST000343,Robert,Hart,1971-03-25,52,M,VIC,2682,Casual,80,51290.19,Mortgage,3,2016-11-14
CUST000344,Brandy,Cortez,1981-10-26,42,M,VIC,2922,Full-Time,93,73215.75,Renting,1,2018-06-28
CUST000345,Ashley,Sanchez,1963-01-25,60,F,QLD,9547,Part-Time,15,36834.5,Renting,0,2025-06-03
CUST000346,Tracy,Jackson,1986-12-11,37,F,NSW,2962,Casual,220,29483.31,Owner,3,2017-12-26
CUST000347,Jack,Preston,1981-06-05,42,F,NSW,2280,Full-Time,5,90052.0,Renting,2,2024-04-11
CUST000348,Lisa,Williams,1954-01-14,70,M,QLD,1623,Self-Employed,34,82599.43,Renting,1,2017-05-03
CUST000349,Jeffery,Bryant,1958-06-27,65,F,NSW,2299,Full-Time,4,73529.48,Mortgage,3,2024-12-09
CUST000350,Alfred,Patel,1987-12-19,36,M,NSW,0200,Casual,12,31747.79,Renting,1,2021-06-28
CUST000351,Tiffany,Smith,1965-08-30,58,M,WA,2602,Part-Time,12,39966.81,Owner,0,2017-09-08
CUST000352,Eduardo,Lee,1955-04-25,68,M,WA,8454,Casual,85,29910.88,Mortgage,1,2023-11-17
CUST000353,Susan,Stevens,1954-04-23,69,M,NSW,2693,Part-Time,37,21173.22,Living with Family,3,2019-06-05
CUST000354,Christopher,Frey,1997-10-02,26,M,VIC,2116,Full-Time,35,106152.84,Renting,2,2020-02-20
CUST000355,Brian,Smith,1981-10-13,42,M,NSW,2641,Part-Time,26,44980.93,Renting,2,2021-03-23
CUST000356,Kristen,Knight,1974-11-22,49,F,NSW,2580,Full-Time,5,110051.19,Mortgage,0,2018-10-17
CUST000357,Heather,Knight,2001-12-31,22,F,QLD,2801,Full-Time,11,63347.15,Owner,0,2022-11-19
CUST000358,Amy,Barrett,1965-12-27,58,M,WA,2655,Full-Time,48,78359.87,Mortgage,0,2016-11-12
CUST000359,Douglas,Hoover,1961-09-28,62,M,VIC,2991,Full-Time,80,102041.66,Renting,3,2019-06-02
CUST000360,Ashley,Atkinson,1982-06-08,41,M,VIC,4562,Casual,41,30433.59,Owner,1,2023-11-03
CUST000361,Christian,Mcgee,1989-09-15,34,F,QLD,2960,Part-Time,39,48580.27,Owner,2,2017-08-09
CUST000362,Charles,Jacobs,1963-03-11,60,F,SA,0896,Part-Time,4,31713.31,Mortgage,2,2025-06-11
CUST000363,Cynthia,Bowers,1968-08-27,55,M,NSW,2617,Full-Time,22,15000.0,Living with Family,1,2018-10-11
CUST000364,Nicholas,Lopez,1981-10-20,42,F,VIC,6619,Full-Time,19,78395.24,Renting,3,2019-05-20
CUST000365,Charles,Adams,1964-01-08,60,F,NSW,2982,Part-Time,40,38559.95,Mortgage,0,2023-05-20
CUST000366,Daniel,Smith,1968-02-04,55,F,NSW,2937,Part-Time,13,46600.58,Renting,1,2019-12-19
CUST000367,David,Lopez,1965-05-16,58,M,QLD,2618,Full-Time,2,57443.5,Renting,1,2021-09-19
CUST000368,Anthony,Gomez,1973-05-24,50,M,NSW,2499,Self-Employed,17,39184.27,Owner,0,2023-10-14
CUST000369,Alexander,Gutierrez,1999-10-28,24,M,NSW,2483,Full-Time,32,96228.13,Mortgage,1,2021-11-15
CUST000370,Oscar,Taylor,1959-07-25,64,F,TAS,2934,Full-Time,13,21608.62,Renting,2,2021-02-28
CUST000371,Ryan,Fisher,1953-05-25,70,M,VIC,2911,Unemployed,0,16716.45,Owner,0,2019-12-23
CUST000372,Jennifer,Simpson,2004-06-28,19,M,NSW,0837,Self-Employed,15,71921.59,Renting,0,2017-09-08
CUST000373,Stacy,Cook,1967-05-25,56,M,NSW,0865,Part-Time,54,44184.1,Living with Family,1,2020-09-08
CUST000374,Madison,Curtis,1974-09-14,49,M,NSW,7245,Full-Time,10,83708.5,Mortgage,2,2022-02-25
CUST000375,Timothy,Thompson,1990-01-20,33,M,VIC,2995,Full-Time,118,78488.74,Living with Family,1,2019-05-07
CUST000376,Travis,Johnston,1990-01-12,33,F,NSW,2695,Full-Time,35,83398.4,Owner,1,2020-02-10
CUST000377,Phillip,Wilson,1997-01-30,26,M,NSW,5398,Self-Employed,10,100243.03,Renting,3,2018-05-06
CUST000378,Anthony,Acosta,1994-04-01,29,M,NSW,2677,Full-Time,44,54246.8,Renting,0,2023-11-26
CUST000379,Chad,Abbott,1997-12-09,26,F,NSW,0272,Part-Time,24,21743.47,Mortgage,0,2022-06-04
CUST000380,Donna,Espinoza,1963-10-06,60,M,NSW,2981,Self-Employed,28,71768.71,Mortgage,0,2020-10-07
CUST000381,Brandi,Ferguson,1984-05-28,39,M,NSW,0280,Full-Time,116,67955.68,Mortgage,4,2023-11-04
CUST000382,Paula,Herrera,1970-07-31,53,M,ACT,0911,Part-Time,30,49415.77,Living with Family,1,2023-08-24
CUST000383,Michael,Holland,1987-11-13,36,M,QLD,2196,Full-Time,50,87965.76,Renting,1,2025-06-04
CUST000384,Laura,Rodriguez,1968-12-16,55,M,QLD,2543,Full-Time,39,78448.06,Renting,1,2021-04-27
CUST000385,Beverly,Johnston,1979-10-26,44,F,QLD,2615,Full-Time,13,48740.46,Owner,2,2020-03-30
CUST000386,Brianna,Mason,1994-07-10,29,F,NSW,2960,Full-Time,23,92145.66,Owner,0,2021-01-25
CUST000387,Samantha,Miller,1966-11-11,57,F,NSW,2635,Full-Time,17,62804.67,Living with Family,3,2019-07-14
CUST000388,Jamie,Webb,1976-02-19,47,M,SA,2911,Full-Time,55,108918.51,Mortgage,1,2020-09-01
CUST000389,Luis,Evans,1990-02-20,33,M,VIC,2619,Part-Time,8,42179.84,Mortgage,0,2016-12-05
CUST000390,Daniel,Marsh,1969-08-16,54,F,NSW,2698,Self-Employed,108,48539.64,Mortgage,1,2018-04-18
CUST000391,Anita,Mullen,1959-01-06,65,F,QLD,2686,Full-Time,80,56968.45,Renting,3,2022-05-24
CUST000392,Diane,Foster,1960-07-15,63,M,VIC,0837,Self-Employed,24,40861.6,Mortgage,1,2022-01-20
CUST000393,Janet,Harris,1972-04-12,51,F,NSW,2391,Full-Time,59,17061.4,Renting,0,2023-12-02
CUST000394,Michael,Gonzalez,1980-11-12,43,F,QLD,2619,Self-Employed,5,72058.54,Renting,1,2019-02-01
CUST000395,Allison,Fowler,1999-10-05,24,M,NSW,7696,Full-Time,1,86135.63,Owner,1,2022-01-03
CUST000396,Megan,Williamson,1969-11-27,54,M,NSW,2939,Unemployed,0,15368.97,Mortgage,0,2022-01-13
CUST000397,Lawrence,Allen,1988-09-15,35,M,NSW,2619,Full-Time,67,106486.54,Renting,0,2018-05-16
CUST000398,William,Barnes,1989-12-11,34,M,VIC,2629,Part-Time,7,52339.0,Renting,3,2020-03-06
CUST000399,Cynthia,Steele,1960-07-02,63,F,WA,2658,Unemployed,0,25882.55,Renting,0,2018-03-24
CUST000400,Jacob,Wilkinson,1966-06-24,57,F,VIC,0805,Part-Time,54,20326.71,Owner,4,2025-04-16
CUST000401,James,Cruz,1977-10-31,46,M,NSW,9876,Full-Time,51,102615.57,Renting,1,2022-11-20
CUST000402,Mary,Burns,1973-10-31,50,F,VIC,2490,Full-Time,63,54645.38,Living with Family,2,2023-11-21
CUST000403,Antonio,Walker,1962-07-08,61,F,VIC,2922,Casual,11,45591.54,Renting,0,2023-10-02
CUST000404,Kendra,Simpson,1982-07-14,41,F,VIC,3191,Full-Time,69,87865.13,Living with Family,2,2019-02-19
CUST000405,Vicki,Weaver,1981-03-24,42,F,VIC,2178,Casual,55,25554.61,Mortgage,1,2018-09-10
CUST000406,Jill,Valdez,1974-05-21,49,F,NSW,2694,Self-Employed,43,60103.17,Owner,1,2024-08-06
CUST000407,Jose,Atkins,1951-08-06,72,M,NSW,2471,Part-Time,1,48308.39,Renting,2,2023-09-15
CUST000408,Lisa,Matthews,1963-06-21,60,M,WA,2969,Full-Time,28,79164.7,Renting,0,2022-06-02
CUST000409,Donald,Clark,1959-05-10,64,F,WA,2670,Full-Time,40,94227.41,Mortgage,0,2021-11-08
CUST000410,Candice,Jackson,1980-08-06,43,M,QLD,2924,Full-Time,85,68826.9,Renting,2,2021-11-17
CUST000411,Wyatt,Mccullough,2004-12-18,19,M,NSW,2526,Full-Time,34,53912.71,Mortgage,2,2024-12-28
CUST000412,David,Cline,2000-01-06,24,M,VIC,2692,Full-Time,12,46347.52,Renting,2,2023-02-16
CUST000413,Kathleen,Lowe,1997-10-11,26,F,VIC,2920,Full-Time,40,81744.43,Mortgage,0,2018-01-02
CUST000414,Courtney,Brooks,1986-05-28,37,M,VIC,2316,Self-Employed,11,78236.37,Owner,1,2021-05-13
CUST000415,Sharon,Wood,1965-11-11,58,F,ACT,2920,Full-Time,48,72608.62,Renting,1,2019-09-02
CUST000416,Kim,Oconnor,1949-11-14,74,M,VIC,2905,Full-Time,8,56372.94,Mortgage,0,2024-05-17
CUST000417,Raymond,Donaldson,1995-11-16,28,F,NSW,2677,Part-Time,2,32906.11,Living with Family,0,2019-02-21
CUST000418,Matthew,Lane,1997-10-08,26,M,NSW,5750,Full-Time,37,82137.61,Renting,0,2017-02-20
CUST000419,Mary,Smith,1986-01-16,37,M,TAS,2647,Full-Time,13,97159.4,Renting,1,2020-10-31
CUST000420,Wendy,Blankenship,1974-07-16,49,F,WA,2932,Casual,6,55532.42,Owner,2,2024-08-05
CUST000421,Clarence,Ward,2000-07-26,23,M,WA,2452,Full-Time,18,102507.23,Renting,1,2017-03-11
CUST000422,Jessica,Fischer,1986-01-04,38,F,NSW,2601,Full-Time,18,105368.41,Living with Family,0,2023-01-22
CUST000423,Thomas,Anderson,1949-10-16,74,M,QLD,2688,Unemployed,0,17872.82,Owner,2,2022-11-05
CUST000424,Heather,Montoya,1950-04-07,73,F,SA,2602,Full-Time,20,73920.11,Mortgage,0,2021-01-09
CUST000425,Christopher,Shaffer,1963-01-03,61,M,QLD,2555,Part-Time,3,52174.89,Renting,3,2024-08-26
CUST000426,Kiara,Mullins,1957-09-05,66,M,QLD,2622,Full-Time,8,55226.13,Mortgage,0,2017-05-04
CUST000427,Chelsey,Martin,1982-05-25,41,F,NSW,2963,Full-Time,3,115790.46,Renting,3,2022-05-18
CUST000428,Robert,Parks,1958-07-04,65,M,WA,2671,Self-Employed,28,88340.71,Living with Family,2,2024-10-17
CUST000429,David,Blair,1957-11-06,66,F,QLD,2966,Part-Time,91,39668.49,Renting,1,2019-07-22
CUST000430,Joshua,Miller,1957-11-02,66,F,NSW,9999,Full-Time,39,63502.4,Renting,1,2019-04-16
CUST000431,Anthony,Boone,2004-04-27,19,F,QLD,2933,Full-Time,37,40200.43,Renting,0,2021-05-20
CUST000432,Julie,Phillips,1979-04-12,44,M,WA,2237,Full-Time,1,30368.58,Mortgage,1,2020-03-13
CUST000433,Danielle,Jones,1963-09-17,60,F,NSW,1552,Full-Time,18,83898.21,Living with Family,0,2020-03-16
CUST000434,Robert,Payne,1998-05-21,25,F,NSW,2657,Full-Time,7,69198.5,Owner,3,2025-04-25
CUST000435,Alvin,Jones,1994-05-29,29,F,WA,2730,Part-Time,10,29301.54,Owner,1,2025-01-10
CUST000436,Raymond,Mitchell,2004-09-30,19,M,VIC,3666,Full-Time,56,51860.47,Renting,3,2017-06-19
CUST000437,Christina,Ramirez,1980-11-05,43,M,SA,2931,Full-Time,75,94558.69,Mortgage,1,2021-04-29
CUST000438,Lindsey,Herrera,1961-07-06,62,F,VIC,2999,Full-Time,70,78211.49,Mortgage,3,2022-06-07
CUST000439,Erin,Jones,1998-02-16,25,M,WA,2603,Self-Employed,40,45498.32,Mortgage,2,2017-03-31
CUST000440,Ryan,Chavez,1954-09-23,69,F,NSW,7042,Full-Time,1,86401.07,Owner,2,2017-10-19
CUST000441,Jacqueline,Martin,1990-10-14,33,M,VIC,2968,Full-Time,15,71424.14,Owner,0,2021-05-19
CUST000442,Jonathon,Watson,1997-06-06,26,M,VIC,2810,Part-Time,2,47354.57,Mortgage,0,2019-09-28
CUST000443,Alexandria,Baker,1974-08-17,49,F,NSW,5177,Casual,20,15000.0,Renting,2,2021-04-27
CUST000444,Michele,Jackson,1952-12-10,71,F,QLD,2644,Full-Time,19,111060.32,Renting,2,2023-09-07
CUST000445,Emily,Wilson,2001-08-05,22,F,VIC,3000,Full-Time,5,70143.89,Renting,0,2018-12-04
CUST000446,Patrick,Hernandez,1977-02-01,46,M,VIC,2186,Casual,25,29000.32,Mortgage,0,2018-09-29
CUST000447,Ruth,Flores,1964-02-16,59,M,WA,2395,Full-Time,42,125469.92,Mortgage,0,2017-10-19
CUST000448,Brian,Walker,1988-10-11,35,F,QLD,8061,Full-Time,62,100428.35,Renting,1,2024-08-13
CUST000449,Kiara,Collins,1999-12-16,24,M,VIC,2487,Self-Employed,77,74808.05,Mortgage,0,2016-10-18
CUST000450,Anne,Torres,1961-05-14,62,M,VIC,0837,Self-Employed,8,61928.74,Living with Family,3,2020-01-15
CUST000451,Jessica,Payne,1994-09-23,29,M,VIC,2692,Full-Time,2,82482.02,Living with Family,2,2016-10-12
CUST000452,Jesse,Reed,1973-07-05,50,M,VIC,1506,Unemployed,0,15000.0,Renting,0,2024-05-13
CUST000453,Dalton,Moreno,1991-11-27,32,F,VIC,2696,Full-Time,46,63848.97,Owner,2,2021-02-25
CUST000454,Wendy,Dawson,1953-03-14,70,M,NSW,2403,Full-Time,23,26389.75,Renting,2,2024-10-19
CUST000455,Jaclyn,Watson,1979-11-15,44,F,QLD,2491,Full-Time,54,88700.36,Owner,2,2021-04-10
CUST000456,Preston,Vargas,1986-09-07,37,F,VIC,2262,Full-Time,34,112066.24,Renting,0,2018-11-09
CUST000457,Leslie,Owen,1964-11-11,59,F,NSW,2945,Casual,32,40249.13,Renting,3,2020-10-19
CUST000458,Sherry,Taylor,1963-04-11,60,F,VIC,6121,Part-Time,23,45922.49,Owner,0,2018-03-16
CUST000459,Richard,Herrera,1976-10-03,47,M,NSW,2677,Full-Time,85,69330.11,Mortgage,0,2019-07-02
CUST000460,David,Moore,1965-02-04,58,F,NSW,2939,Part-Time,62,24289.86,Mortgage,2,2017-02-01
CUST000461,Mark,Davis,1998-03-18,25,M,NSW,2695,Part-Time,14,44165.18,Mortgage,0,2020-04-16
CUST000462,Kent,Wilkins,1952-07-25,71,F,QLD,2650,Full-Time,11,90946.08,Renting,2,2025-04-17
CUST000463,Angela,Pierce,1999-04-17,24,M,QLD,2571,Self-Employed,16,73313.02,Mortgage,0,2023-12-17
CUST000464,Alexander,Greer,1957-11-01,66,F,NSW,2682,Full-Time,10,65391.1,Renting,0,2018-07-05
CUST000465,Gina,Pace,1972-12-16,51,F,QLD,2499,Full-Time,83,70290.92,Renting,3,2019-01-20
CUST000466,Andrew,Brown,1996-11-12,27,M,WA,2612,Full-Time,2,95125.77,Renting,4,2017-07-21
CUST000467,Lisa,Martinez,1998-11-13,25,M,VIC,2900,Self-Employed,1,47259.66,Renting,2,2018-03-28
CUST000468,Lorraine,Foster,1983-01-05,41,M,VIC,2066,Full-Time,9,72288.52,Renting,2,2018-04-13
CUST000469,Jacob,Ramirez,1962-03-07,61,F,QLD,2630,Self-Employed,29,75890.89,Owner,3,2022-04-02
CUST000470,Deborah,Porter,1985-07-06,38,M,QLD,9701,Full-Time,50,103528.94,Living with Family,2,2019-03-30
CUST000471,James,Wilkerson,1957-09-08,66,F,VIC,8380,Full-Time,8,86602.99,Renting,4,2025-08-18
CUST000472,Michael,Stephens,1995-01-29,28,M,QLD,2920,Self-Employed,32,25159.46,Renting,1,2019-10-27
CUST000473,Marc,Nelson,1982-07-14,41,F,QLD,2059,Part-Time,43,66728.6,Mortgage,0,2018-09-11
CUST000474,Kimberly,Brown,2001-09-05,22,F,NSW,2918,Part-Time,7,42046.57,Renting,1,2019-12-10
CUST000475,Jesse,Moore,1983-08-07,40,F,QLD,2693,Self-Employed,65,99704.87,Owner,4,2019-02-15
CUST000476,Samantha,Brown,1997-01-26,26,F,VIC,2689,Full-Time,6,97983.04,Mortgage,0,2024-05-05
CUST000477,Michael,Combs,1995-12-22,28,M,SA,2652,Full-Time,1,67100.15,Renting,0,2018-11-08
CUST000478,Joanna,Howard,1968-03-03,55,M,QLD,6059,Casual,38,36280.45,Renting,3,2021-10-18
CUST000479,Jacob,Travis,1982-05-21,41,M,WA,2920,Full-Time,212,98951.32,Renting,3,2021-08-08
CUST000480,Benjamin,Brown,1959-11-28,64,F,QLD,7308,Unemployed,0,15000.0,Mortgage,0,2021-01-10
CUST000481,Christina,Drake,1968-12-19,55,M,VIC,2952,Full-Time,100,86027.77,Living with Family,1,2024-12-29
CUST000482,Marcus,Johnson,1998-09-11,25,M,NSW,6218,Full-Time,22,85217.73,Mortgage,0,2024-06-21
CUST000483,Nathaniel,Mcmahon,2005-06-09,18,M,NSW,2999,Full-Time,57,38168.21,Living with Family,0,2017-08-20
CUST000484,Derek,Moore,1967-03-25,56,F,NSW,2607,Full-Time,15,67170.11,Mortgage,0,2022-07-26
CUST000485,Tanya,Steele,1959-10-31,64,M,NSW,0853,Self-Employed,6,85976.14,Owner,1,2022-09-18
CUST000486,Nicholas,Gross,1996-12-18,27,F,NSW,2922,Full-Time,5,69102.35,Renting,1,2018-04-29
CUST000487,Jacqueline,Berry,1949-10-31,74,M,NSW,5029,Part-Time,22,31332.26,Mortgage,3,2019-08-03
CUST000488,Cheryl,Bowman,1996-08-20,27,F,NSW,2572,Full-Time,46,77423.02,Mortgage,2,2019-09-15
CUST000489,Michael,Flores,1954-03-29,69,F,QLD,0915,Self-Employed,163,92966.61,Mortgage,1,2020-09-29
CUST000490,John,Jones,1965-02-09,58,M,NSW,2710,Full-Time,24,81201.63,Renting,3,2017-02-27
CUST000491,Robert,Jackson,1975-02-22,48,M,VIC,0276,Self-Employed,51,57266.29,Mortgage,0,2019-11-20
CUST000492,Maria,Kramer,1971-07-01,52,M,SA,5327,Full-Time,31,32035.55,Renting,2,2017-05-22
CUST000493,Kenneth,Flores,1998-10-12,25,M,NSW,2515,Full-Time,30,57119.59,Mortgage,0,2018-04-04
CUST000494,Jessica,Payne,1971-07-03,52,F,NSW,2459,Full-Time,12,87408.87,Renting,4,2025-08-04
CUST000495,Janet,Reynolds,2001-07-14,22,F,VIC,2649,Full-Time,3,65543.89,Mortgage,3,2024-09-24
CUST000496,Craig,Harris,1958-11-03,65,M,WA,2666,Full-Time,8,105966.26,Renting,3,2022-12-31
CUST000497,Jessica,Baker,1991-08-09,32,F,NSW,2924,Full-Time,35,84930.72,Owner,0,2018-11-11
CUST000498,Ashley,Larsen,1952-08-09,71,F,VIC,2630,Full-Time,23,86780.08,Owner,0,2019-12-22
CUST000499,Kelly,Stanley,1974-07-12,49,F,NSW,7731,Full-Time,22,76371.87,Mortgage,0,2016-12-15
CUST000500,Kelly,Miller,1959-08-20,64,F,VIC,2619,Full-Time,278,98825.71,Renting,1,2019-07-02
CUST000501,Tracy,Guerrero,1972-10-11,51,F,WA,2486,Full-Time,25,63974.82,Owner,3,2018-05-22
CUST000502,Mike,Griffin,2001-01-31,22,F,VIC,2777,Full-Time,1,52025.92,Owner,1,2019-02-04
CUST000503,Anne,Hernandez,1998-04-11,25,F,WA,2515,Full-Time,1,41656.71,Owner,0,2023-12-31
CUST000504,Katherine,Perez,1973-09-26,50,F,QLD,2268,Full-Time,17,70944.96,Owner,1,2020-06-29
CUST000505,Michelle,Wells,1980-10-14,43,F,QLD,2697,Full-Time,30,95645.55,Renting,1,2019-06-01
CUST000506,Melissa,Johnson,1972-08-16,51,F,NSW,5899,Full-Time,26,51832.38,Renting,0,2018-01-19
CUST000507,Shane,Rush,2004-10-13,19,F,VIC,2643,Full-Time,11,89826.46,Living with Family,2,2024-01-01
CUST000508,Rodney,Mcneil,1957-01-17,67,F,NSW,2603,Self-Employed,77,71995.24,Living with Family,0,2025-09-13
CUST000509,Mary,Scott,1986-02-08,37,F,NSW,2316,Casual,35,49300.35,Owner,0,2021-09-24
CUST000510,Melissa,Stone,1981-09-29,42,M,VIC,1998,Full-Time,10,102298.04,Mortgage,3,2023-10-05
CUST000511,Edward,Knight,1956-04-02,67,M,SA,6119,Full-Time,123,52367.62,Mortgage,1,2023-09-28
CUST000512,Mikayla,Beard,1995-04-20,28,F,NSW,0246,Full-Time,50,84982.37,Renting,1,2022-08-14
CUST000513,Thomas,Jackson,1982-11-26,41,M,SA,2992,Self-Employed,19,80963.1,Renting,3,2022-04-16
CUST000514,Richard,Foster,1989-03-19,34,M,SA,2953,Casual,42,25261.43,Mortgage,0,2017-03-03
CUST000515,Joseph,Watson,1977-04-16,46,M,NSW,2954,Full-Time,12,83365.95,Mortgage,0,2019-07-11
CUST000516,Michele,Cohen,1998-08-11,25,F,QLD,2682,Full-Time,4,118076.42,Owner,3,2019-06-06
CUST000517,Kim,Flores,1992-11-11,31,M,VIC,0291,Part-Time,82,66058.68,Renting,0,2018-06-01
CUST000518,Madison,Figueroa,1961-12-27,62,F,NSW,8508,Self-Employed,3,84521.74,Renting,1,2023-11-06
CUST000519,Jenna,Powell,1953-07-14,70,F,NSW,8902,Unemployed,0,18804.11,Mortgage,0,2018-06-17
CUST000520,Mary,Wright,1998-01-13,25,F,QLD,2900,Full-Time,6,62101.08,Owner,0,2024-12-26
CUST000521,Joshua,Colon,1990-08-05,33,M,SA,3610,Self-Employed,1,29080.73,Living with Family,2,2018-11-26
CUST000522,Sean,Horne,1978-01-28,45,F,VIC,2919,Full-Time,10,57866.99,Renting,1,2021-09-08
CUST000523,Mary,Green,1969-09-10,54,M,WA,2440,Self-Employed,58,41741.86,Mortgage,0,2020-03-15
CUST000524,Ashley,Hanna,1959-03-06,64,M,NSW,2683,Full-Time,66,45307.43,Mortgage,1,2022-10-28
CUST000525,Robert,Smith,1965-05-02,58,M,WA,1722,Self-Employed,97,29857.27,Mortgage,3,2022-02-18
CUST000526,Johnny,Trujillo,1950-03-21,73,M,QLD,2934,Full-Time,23,68908.61,Owner,0,2020-07-16
CUST000527,Michael,King,1971-07-25,52,M,QLD,2904,Unemployed,0,16150.23,Renting,0,2022-10-26
CUST000528,Randy,Garcia,1997-07-15,26,M,QLD,3589,Casual,2,39943.29,Renting,1,2022-03-16
CUST000529,Daniel,Brown,1967-01-14,57,M,VIC,2854,Self-Employed,10,36148.41,Renting,1,2019-01-28
CUST000530,Patricia,Evans,1990-12-20,33,M,VIC,2638,Part-Time,2,59385.97,Renting,0,2023-08-13
CUST000531,Linda,Lang,2001-11-27,22,F,NSW,7652,Self-Employed,76,43522.86,Owner,0,2023-03-20
CUST000532,Whitney,Green,1987-09-28,36,F,VIC,0266,Part-Time,8,38317.58,Living with Family,3,2023-05-10
CUST000533,Wanda,Cabrera,1983-07-17,40,F,SA,2953,Part-Time,27,60452.12,Renting,1,2022-11-25
CUST000534,Thomas,Shepard,1986-10-01,37,F,QLD,2968,Self-Employed,64,56543.61,Owner,3,2019-06-05
CUST000535,Diane,Grant,1959-08-02,64,F,VIC,2921,Full-Time,23,93319.43,Living with Family,0,2020-12-17
CUST000536,Jessica,Hansen,1992-09-12,31,M,VIC,2655,Full-Time,11,66925.6,Owner,4,2022-08-13
CUST000537,Jeffrey,Savage,1962-08-14,61,F,TAS,0255,Full-Time,58,108607.48,Renting,1,2019-01-26
CUST000538,Melissa,Ruiz,1966-10-13,57,F,WA,0999,Full-Time,1,50415.69,Living with Family,2,2025-03-22
CUST000539,Pamela,Mason,1953-11-09,70,M,QLD,2988,Full-Time,9,88377.94,Living with Family,1,2019-05-30
CUST000540,Melissa,Taylor,1952-11-11,71,F,VIC,2665,Full-Time,19,51046.28,Owner,3,2020-05-29
CUST000541,Rebecca,Ellis,1982-10-02,41,M,NSW,2942,Full-Time,9,51495.54,Owner,3,2023-09-26
CUST000542,Crystal,Thompson,1978-01-02,46,F,TAS,0900,Full-Time,73,86057.93,Mortgage,1,2020-10-16
CUST000543,Kim,Johnston,1961-11-14,62,M,NSW,2647,Full-Time,31,69604.88,Renting,2,2023-10-16
CUST000544,David,Hamilton,1994-12-14,29,F,NSW,2606,Full-Time,18,76092.37,Renting,1,2020-08-02
CUST000545,Adam,Ferguson,1977-06-01,46,M,NSW,2970,Part-Time,28,38953.95,Mortgage,1,2024-10-02
CUST000546,Amanda,Smith,1993-08-16,30,F,WA,1335,Self-Employed,9,83913.43,Mortgage,3,2019-07-14
CUST000547,Wesley,Torres,1955-09-07,68,M,NSW,2304,Full-Time,1,93850.21,Mortgage,1,2025-04-05
CUST000548,Abigail,Warren,1976-03-03,47,F,VIC,2602,Full-Time,6,59864.2,Renting,2,2019-10-23
CUST000549,Michael,Lopez,2002-01-02,22,F,QLD,2990,Full-Time,18,59131.11,Owner,0,2018-10-12
CUST000550,David,Gross,1991-11-26,32,F,NSW,6821,Full-Time,7,46513.35,Renting,0,2020-01-09
CUST000551,Benjamin,Mcdowell,1987-06-17,36,F,WA,2789,Casual,9,32651.79,Mortgage,3,2017-02-28
CUST000552,Desiree,Smith,1988-02-14,35,F,QLD,2619,Self-Employed,6,38865.77,Mortgage,1,2020-06-22
CUST000553,Amy,Wells,1971-10-13,52,F,QLD,2633,Full-Time,31,92162.23,Owner,0,2022-12-25
CUST000554,Kevin,Stanley,1986-04-14,37,M,VIC,8499,Part-Time,20,56054.46,Mortgage,1,2023-01-12
CUST000555,Rachel,Hunt,1974-01-07,50,F,WA,0814,Full-Time,29,99716.25,Living with Family,0,2017-10-01
CUST000556,James,Gonzalez,1955-11-22,68,M,WA,2783,Full-Time,173,90702.18,Renting,0,2019-12-12
CUST000557,Ethan,Kelley,1973-06-29,50,F,QLD,2677,Full-Time,40,67397.32,Renting,2,2019-09-13
CUST000558,Emily,Meadows,1949-11-20,74,F,QLD,5721,Full-Time,11,98936.53,Mortgage,0,2023-09-28
CUST000559,Jennifer,Conway,1954-01-29,69,M,QLD,2687,Full-Time,2,59087.69,Renting,2,2025-08-15
CUST000560,Steven,Garcia,1966-11-23,57,M,WA,2650,Full-Time,15,94612.34,Renting,3,2024-05-24
CUST000561,Erica,Simmons,1970-08-14,53,F,VIC,2619,Full-Time,1,73656.55,Owner,1,2017-07-31
CUST000562,Brandon,Christian,1993-09-13,30,F,VIC,2645,Full-Time,39,70472.07,Mortgage,0,2019-12-11
CUST000563,Christy,Johns,1975-02-11,48,F,SA,2455,Full-Time,3,59909.85,Renting,0,2018-05-16
CUST000564,Suzanne,Nelson,1972-12-21,51,M,SA,2987,Full-Time,45,78011.7,Owner,1,2023-12-04
CUST000565,Laura,Wilson,1987-05-12,36,M,QLD,2221,Casual,105,51477.47,Renting,0,2020-06-20
CUST000566,Leah,Gregory,1983-12-28,40,F,NSW,2659,Full-Time,36,105160.36,Renting,0,2020-02-22
CUST000567,Anthony,Cohen,1970-07-11,53,M,QLD,2627,Full-Time,5,31901.99,Renting,3,2025-01-03
CUST000568,Robert,Williams,1956-04-11,67,F,SA,2750,Part-Time,18,50929.86,Owner,2,2023-01-24
CUST000569,Katrina,Ray,1989-01-17,34,F,NSW,5358,Full-Time,1,47638.27,Renting,3,2021-06-07
CUST000570,Cody,Stanley,1990-05-12,33,F,SA,2697,Full-Time,3,60266.17,Renting,1,2019-11-02
CUST000571,Paul,Combs,1988-12-13,35,M,QLD,9900,Full-Time,3,71380.45,Mortgage,4,2022-07-07
CUST000572,Melinda,Christian,1958-10-30,65,F,VIC,2641,Full-Time,195,63513.7,Renting,2,2023-06-27
CUST000573,Mark,Ramirez,1968-04-28,55,M,VIC,3386,Full-Time,13,106219.37,Mortgage,2,2020-05-09
CUST000574,Stephen,Solis,1963-05-11,60,F,NSW,2611,Full-Time,43,104719.37,Renting,3,2024-06-07
CUST000575,David,Jimenez,1975-08-28,48,F,VIC,2016,Part-Time,34,36209.68,Renting,0,2020-06-08
CUST000576,Aaron,Davis,1982-01-15,41,F,NSW,7948,Casual,23,18185.53,Owner,1,2021-10-14
CUST000577,Stephen,Peterson,1987-09-10,36,F,NSW,2237,Full-Time,9,105623.49,Owner,3,2019-09-18
CUST000578,Carol,Moran,1994-03-27,29,M,NSW,2977,Full-Time,10,131314.61,Renting,2,2017-10-01
CUST000579,Jeffrey,Peterson,1993-10-07,30,M,SA,0948,Self-Employed,36,51636.05,Renting,0,2021-06-03
CUST000580,Brandon,Martin,1990-06-13,33,M,QLD,2626,Full-Time,87,109968.02,Mortgage,0,2017-09-08
CUST000581,Jacob,Conrad,1985-02-26,38,F,NSW,2993,Self-Employed,18,92963.69,Renting,1,2020-11-02
CUST000582,Jennifer,Rodriguez,1995-01-18,28,F,VIC,0209,Casual,4,24606.81,Mortgage,4,2017-11-01
CUST000583,Stephen,Lawrence,2001-06-12,22,F,VIC,3270,Full-Time,38,48733.71,Mortgage,1,2021-07-01
CUST000584,Savannah,Roberson,1952-07-17,71,M,VIC,2918,Full-Time,77,78513.49,Owner,1,2023-10-03
CUST000585,Heather,Thompson,2002-07-08,21,M,QLD,2621,Full-Time,111,82037.13,Renting,1,2020-03-18
CUST000586,Nicole,Gordon,1984-07-22,39,M,QLD,2986,Full-Time,14,89954.19,Mortgage,1,2025-07-16
CUST000587,Kathryn,Hill,2002-11-06,21,F,NSW,2954,Part-Time,32,43017.97,Mortgage,1,2020-10-19
CUST000588,Robert,Graves,1957-06-18,66,F,VIC,3485,Self-Employed,2,54106.47,Renting,3,2023-02-17
CUST000589,Cynthia,Harris,2003-12-26,20,M,VIC,0845,Full-Time,32,72812.49,Owner,3,2025-01-05
CUST000590,Jennifer,Hester,1957-06-03,66,M,QLD,2658,Full-Time,3,51104.7,Renting,2,2021-08-10
CUST000591,Jennifer,Hodges,1986-08-31,37,M,WA,9799,Self-Employed,1,79415.37,Mortgage,1,2025-03-17
CUST000592,Emily,English,1990-11-30,33,F,QLD,4460,Casual,23,28725.75,Renting,4,2021-06-06
CUST000593,Dustin,Santiago,1951-03-12,72,M,NSW,2664,Unemployed,0,15000.0,Owner,1,2023-06-23
CUST000594,Justin,King,1959-01-23,64,F,QLD,2243,Full-Time,32,97756.23,Owner,1,2023-07-05
CUST000595,Lisa,Garcia,1951-08-08,72,M,NSW,9386,Full-Time,31,87964.74,Owner,2,2018-11-11
CUST000596,Lauren,Roberts,1995-03-20,28,F,VIC,2266,Self-Employed,55,76531.4,Renting,1,2020-06-22
CUST000597,Gina,Church,1995-06-09,28,M,SA,2204,Full-Time,30,91425.62,Renting,0,2018-07-21
CUST000598,Michelle,Ramos,2000-02-13,23,F,QLD,2685,Self-Employed,9,41963.39,Renting,0,2023-07-10
CUST000599,Carrie,Parsons,1981-06-06,42,M,VIC,2664,Full-Time,1,66823.09,Mortgage,1,2020-10-06
CUST000600,Sydney,Moss,1954-01-17,70,M,VIC,2619,Full-Time,5,48629.83,Renting,0,2020-02-13
CUST000601,Angela,Anderson,1974-07-31,49,M,NSW,6405,Full-Time,115,81666.63,Renting,0,2020-12-02
CUST000602,Bill,Mcfarland,2004-02-06,19,M,NSW,7094,Full-Time,37,101950.62,Renting,3,2021-02-20
CUST000603,Michael,Bowers,1982-12-10,41,F,WA,2948,Full-Time,4,75861.25,Owner,0,2018-09-15
CUST000604,Carlos,Wagner,1960-05-23,63,F,VIC,0288,Unemployed,0,17563.26,Renting,0,2020-05-10
CUST000605,Nicole,Alvarado,1969-12-28,54,M,VIC,2955,Full-Time,24,51943.65,Owner,0,2019-05-14
CUST000606,Christine,Wells,2004-11-04,19,F,VIC,9015,Full-Time,113,119421.92,Owner,2,2020-09-25
CUST000607,Christina,Oliver,2002-03-09,21,M,NSW,2156,Full-Time,28,92525.49,Mortgage,3,2024-12-19
CUST000608,Paul,Fernandez,2004-07-14,19,F,NSW,2920,Full-Time,54,102340.41,Mortgage,0,2024-12-04
CUST000609,Nicholas,Lang,1997-05-29,26,M,WA,2617,Self-Employed,137,36843.17,Mortgage,2,2017-02-13
CUST000610,James,Palmer,2001-10-29,22,F,VIC,2528,Part-Time,31,20553.11,Mortgage,2,2021-07-10
CUST000611,Jason,Soto,1986-02-01,37,M,WA,2676,Full-Time,28,72145.6,Renting,1,2024-03-30
CUST000612,Maria,Johns,1961-08-25,62,M,NT,2601,Full-Time,18,52962.93,Renting,0,2023-06-13
CUST000613,Stephen,Rivera,1958-08-24,65,M,SA,2410,Casual,23,53596.32,Living with Family,1,2018-04-30
CUST000614,Chad,Underwood,1964-05-03,59,F,QLD,2766,Full-Time,22,50651.46,Owner,1,2020-10-13
CUST000615,Leslie,Price,1973-03-08,50,M,NSW,2619,Self-Employed,29,92575.36,Owner,2,2021-07-16
CUST000616,Christine,Avila,1986-12-05,37,M,VIC,6015,Self-Employed,33,55268.39,Renting,0,2025-01-28
CUST000617,Kristin,Turner,1955-11-19,68,M,NSW,2447,Full-Time,1,34770.64,Renting,0,2020-02-27
CUST000618,Anthony,Moore,1997-05-29,26,M,QLD,2682,Full-Time,102,80797.63,Renting,1,2023-06-12
CUST000619,Melissa,Phillips,1995-12-09,28,M,NSW,0924,Part-Time,81,49300.68,Renting,0,2022-10-27
CUST000620,Laura,Daniel,2002-09-30,21,F,WA,2970,Full-Time,32,19246.46,Renting,1,2021-09-15
CUST000621,David,Smith,1981-12-02,42,M,QLD,7688,Casual,7,31476.99,Renting,0,2025-03-31
CUST000622,Kaitlin,Berger,1967-05-26,56,M,VIC,2963,Full-Time,34,59513.7,Mortgage,0,2020-06-09
CUST000623,William,Martin,1987-03-11,36,M,NSW,2689,Full-Time,60,61175.24,Mortgage,2,2024-03-27
CUST000624,Howard,Marsh,1960-12-30,63,M,QLD,2287,Self-Employed,1,36112.97,Living with Family,3,2022-07-12
CUST000625,Emily,King,1953-12-20,70,F,VIC,2669,Full-Time,208,89224.51,Renting,0,2021-02-09
CUST000626,David,Rios,1968-11-30,55,M,WA,2549,Full-Time,81,82655.42,Mortgage,0,2017-05-09
CUST000627,Todd,Murphy,1960-12-13,63,F,NSW,2939,Self-Employed,51,44893.66,Renting,0,2018-02-04
CUST000628,Lindsey,Benjamin,1982-08-09,41,F,VIC,2640,Full-Time,37,95764.78,Living with Family,0,2019-07-18
CUST000629,Jennifer,Davidson,1995-04-18,28,F,WA,2852,Self-Employed,5,66055.68,Renting,2,2022-11-03
CUST000630,Timothy,Griffin,1968-12-15,55,M,VIC,2937,Full-Time,13,87756.15,Renting,2,2021-09-09
CUST000631,Catherine,Wilkinson,1959-12-03,64,F,QLD,2628,Full-Time,55,58500.9,Mortgage,1,2018-06-29
CUST000632,Courtney,Luna,1992-04-09,31,F,QLD,2080,Casual,7,30723.64,Renting,1,2024-01-15
CUST000633,Kayla,Lewis,1983-04-21,40,F,VIC,2184,Full-Time,13,71167.0,Mortgage,3,2021-08-13
CUST000634,Kimberly,Diaz,1977-02-09,46,M,NSW,2689,Self-Employed,52,58737.71,Renting,2,2023-04-29
CUST000635,Steven,Dixon,1966-08-09,57,M,SA,2995,Part-Time,25,69980.62,Mortgage,0,2021-03-30
CUST000636,Melanie,Drake,1988-02-29,35,M,WA,0828,Self-Employed,109,68180.09,Owner,2,2017-12-27
CUST000637,Ashley,Knight,1958-12-17,65,F,QLD,2637,Self-Employed,5,84664.11,Living with Family,2,2025-03-06
CUST000638,Kathleen,Hall,1952-01-27,71,M,QLD,2753,Full-Time,6,68025.32,Renting,2,2017-02-09
CUST000639,Rebecca,Ward,1961-09-20,62,M,VIC,2917,Self-Employed,28,74913.39,Mortgage,2,2024-08-28
CUST000640,Deborah,Garcia,1952-01-16,72,F,VIC,8449,Part-Time,63,37789.88,Mortgage,2,2021-08-16
CUST000641,Desiree,Diaz,1959-10-23,64,F,NSW,2384,Self-Employed,76,48042.23,Renting,0,2020-02-10
CUST000642,Zachary,Gomez,2002-05-07,21,F,VIC,2967,Casual,117,54037.3,Owner,2,2023-11-10
CUST000643,Adam,Macias,2001-03-07,22,M,NSW,2612,Full-Time,17,101318.68,Living with Family,0,2018-10-17
CUST000644,Juan,Hernandez,1979-07-28,44,M,VIC,2645,Unemployed,0,15000.0,Mortgage,0,2022-02-21
CUST000645,Donna,Perry,1997-02-09,26,F,VIC,2951,Full-Time,5,153888.38,Renting,0,2021-01-21
CUST000646,Jason,Martin,1977-07-01,46,M,NSW,0203,Part-Time,19,71079.74,Renting,2,2017-02-10
CUST000647,Evan,Soto,1982-12-27,41,F,NSW,2192,Self-Employed,10,43526.17,Renting,1,2017-03-24
CUST000648,Hector,Mullen,1964-09-14,59,F,VIC,7904,Full-Time,20,23802.23,Living with Family,0,2025-04-01
CUST000649,Catherine,Ruiz,1962-04-16,61,M,NSW,2912,Full-Time,4,61276.47,Mortgage,2,2018-09-13
CUST000650,Douglas,Aguilar,1973-07-20,50,M,SA,2659,Full-Time,25,90197.95,Owner,1,2022-08-30
CUST000651,Jennifer,Cooper,1965-01-25,58,M,QLD,2909,Part-Time,15,57785.82,Owner,2,2022-01-15
CUST000652,Paul,Rodriguez,1963-01-21,60,F,VIC,2668,Self-Employed,1,58856.22,Renting,1,2024-06-17
CUST000653,Robert,Hernandez,1978-12-24,45,F,ACT,2527,Full-Time,27,58975.46,Living with Family,3,2024-11-02
CUST000654,Natalie,Schmidt,1984-07-07,39,M,NSW,2619,Part-Time,1,52373.33,Mortgage,0,2017-07-25
CUST000655,Rachel,Ryan,1987-12-21,36,M,WA,1686,Full-Time,2,59701.12,Renting,1,2020-01-22
CUST000656,Alyssa,Perez,1952-03-31,71,F,NSW,2916,Full-Time,75,60222.95,Mortgage,1,2019-11-18
CUST000657,Rebecca,Hood,1996-05-24,27,M,VIC,5162,Full-Time,12,74482.5,Living with Family,0,2019-01-06
CUST000658,Renee,Miller,1994-02-22,29,M,WA,7864,Full-Time,4,70355.31,Renting,3,2018-06-05
CUST000659,Kristine,Lane,1990-11-09,33,F,NSW,2619,Self-Employed,6,79957.78,Renting,0,2021-05-27
CUST000660,Jamie,Brock,1971-06-24,52,F,VIC,0251,Self-Employed,86,59586.76,Living with Family,3,2018-02-12
CUST000661,Jon,Wyatt,1987-07-08,36,M,NSW,2609,Full-Time,28,45508.1,Mortgage,2,2020-01-06
CUST000662,Erin,Fischer,1965-09-16,58,F,NSW,0288,Full-Time,57,40553.66,Renting,2,2021-01-24
CUST000663,Angela,King,1971-03-14,52,M,NSW,2939,Full-Time,1,48410.74,Owner,4,2019-10-28
CUST000664,Jill,Wyatt,1990-08-24,33,M,SA,2619,Full-Time,7,36041.31,Owner,3,2023-06-16
CUST000665,Holly,Martin,1975-08-18,48,M,NSW,2678,Self-Employed,53,67084.18,Owner,2,2020-04-30
CUST000666,Andrea,Terry,1969-05-10,54,F,NSW,2226,Full-Time,89,82270.52,Living with Family,2,2025-05-28
CUST000667,Christopher,Thomas,1950-01-13,74,M,WA,7611,Full-Time,15,102244.45,Mortgage,1,2019-02-03
CUST000668,Chelsea,Ramsey,1971-03-27,52,M,WA,2999,Full-Time,7,44702.39,Owner,0,2022-08-18
CUST000669,Tabitha,Brown,1966-05-05,57,M,QLD,2657,Part-Time,8,55744.86,Renting,2,2020-09-03
CUST000670,Diane,Lara,1961-06-04,62,F,NSW,2923,Full-Time,15,67167.22,Renting,0,2017-01-10
CUST000671,Zachary,Hall,1984-07-01,39,M,QLD,2640,Full-Time,17,45338.53,Owner,0,2019-12-18
CUST000672,Theresa,Miller,1987-09-19,36,M,NSW,2865,Full-Time,1,91837.57,Living with Family,0,2022-10-02
CUST000673,James,Smith,1973-03-30,50,F,NSW,2318,Casual,77,41642.58,Owner,1,2019-04-15
CUST000674,Robyn,Bailey,1997-11-07,26,M,NSW,2839,Full-Time,14,116694.64,Living with Family,2,2025-05-23
CUST000675,Richard,Smith,1976-02-07,47,M,VIC,2656,Casual,1,48830.18,Renting,1,2021-04-13
CUST000676,Wesley,Morgan,1982-02-16,41,M,NSW,2619,Self-Employed,19,72957.3,Living with Family,4,2023-12-14
CUST000677,Nancy,Li,2005-03-19,18,F,VIC,5476,Full-Time,51,81347.34,Mortgage,0,2021-10-17
CUST000678,Katherine,Ali,1994-05-20,29,F,VIC,2907,Self-Employed,56,85332.08,Mortgage,2,2024-10-16
CUST000679,Timothy,Scott,1999-09-22,24,F,QLD,2983,Self-Employed,18,56655.18,Renting,1,2022-10-26
CUST000680,Leslie,Moses,1963-01-23,60,F,QLD,8804,Full-Time,7,74956.59,Renting,1,2018-12-17
CUST000681,Emily,Nicholson,1955-02-14,68,F,NSW,2382,Full-Time,123,42923.03,Renting,4,2021-01-05
CUST000682,Patricia,Adams,1970-03-26,53,F,VIC,2667,Full-Time,26,75850.83,Renting,0,2023-05-11
CUST000683,John,Baker,1963-05-08,60,M,VIC,2683,Full-Time,28,100471.13,Mortgage,2,2024-03-28
CUST000684,Michael,Maxwell,1998-03-26,25,F,QLD,2619,Part-Time,133,47827.29,Renting,0,2025-01-02
CUST000685,Elizabeth,Austin,1988-12-03,35,F,QLD,4075,Full-Time,60,69823.12,Renting,1,2022-04-24
CUST000686,Tricia,Prince,1978-04-13,45,M,VIC,2872,Self-Employed,73,52239.6,Mortgage,2,2025-08-01
CUST000687,Juan,Walker,2002-11-08,21,F,WA,5208,Full-Time,27,90057.89,Mortgage,0,2023-12-02
CUST000688,Amber,Shaw,1977-06-20,46,F,NSW,2992,Full-Time,29,58477.81,Mortgage,2,2020-11-02
CUST000689,April,Stewart,1956-09-15,67,M,VIC,1036,Casual,10,38562.11,Renting,2,2021-12-14
CUST000690,Chloe,Green,1968-08-08,55,F,NSW,9434,Full-Time,29,95990.85,Renting,0,2020-12-19
CUST000691,Michael,Jimenez,1985-04-14,38,F,VIC,2676,Part-Time,51,46481.43,Living with Family,0,2023-01-12
CUST000692,Melissa,Ramirez,1971-04-28,52,F,QLD,2659,Part-Time,24,44413.88,Renting,0,2017-11-27
CUST000693,Jeremy,Garcia,1983-02-16,40,M,VIC,2838,Full-Time,20,123008.63,Renting,1,2020-08-12
CUST000694,Dustin,Haley,1971-10-26,52,M,VIC,2637,Casual,25,29169.39,Living with Family,2,2023-12-23
CUST000695,Victor,Cowan,1959-12-21,64,M,NSW,0988,Full-Time,23,116455.05,Mortgage,4,2023-03-18
CUST000696,Kevin,Hart,1995-04-11,28,M,VIC,5061,Part-Time,23,46544.16,Mortgage,0,2022-12-09
CUST000697,Lisa,Woods,1953-03-17,70,M,NSW,0917,Self-Employed,52,68461.67,Mortgage,1,2023-06-05
CUST000698,Michael,Grant,1964-10-16,59,M,NSW,2750,Full-Time,64,45109.82,Owner,0,2020-06-06
CUST000699,Erin,Jacobs,1970-02-02,53,F,VIC,5982,Self-Employed,21,57439.07,Mortgage,1,2025-07-16
CUST000700,Mark,Dixon,1966-03-27,57,M,VIC,2611,Full-Time,16,75938.66,Owner,2,2020-02-26
CUST000701,Crystal,Thomas,1966-05-06,57,M,TAS,2645,Unemployed,0,26632.11,Renting,2,2020-07-09
CUST000702,Richard,Meadows,1985-03-29,38,M,VIC,2425,Full-Time,11,96769.81,Renting,3,2018-10-12
CUST000703,Kelly,Adams,1968-02-08,55,M,NSW,2994,Full-Time,10,99688.69,Living with Family,3,2024-09-17
CUST000704,Sheila,Adkins,1995-01-09,28,F,VIC,8762,Full-Time,1,129578.96,Owner,1,2018-05-19
CUST000705,Jessica,Stanley,1951-01-25,72,F,QLD,2432,Full-Time,4,80905.26,Renting,2,2020-04-19
CUST000706,Sharon,Kennedy,1955-04-09,68,F,VIC,2206,Casual,82,46091.54,Renting,0,2021-06-10
CUST000707,Christine,Miller,1955-10-03,68,M,NSW,2984,Full-Time,12,95870.53,Living with Family,2,2018-10-15
CUST000708,Scott,Martinez,1992-07-04,31,M,VIC,8200,Full-Time,1,104380.55,Renting,1,2022-09-12
CUST000709,Mark,Alvarez,1999-08-18,24,F,NSW,4487,Unemployed,0,16433.8,Mortgage,1,2017-12-10
CUST000710,Amber,Garza,2004-09-26,19,F,VIC,2909,Full-Time,21,69537.8,Owner,3,2020-08-21
CUST000711,Amanda,Stout,1986-11-01,37,F,NSW,2918,Full-Time,5,104665.6,Living with Family,2,2018-10-08
CUST000712,Kyle,Gutierrez,1954-12-03,69,M,SA,2634,Part-Time,100,37119.24,Mortgage,0,2016-10-26
CUST000713,Katherine,Taylor,1980-01-29,43,M,QLD,2927,Self-Employed,48,80148.01,Living with Family,1,2021-07-16
CUST000714,Travis,Campos,1989-08-13,34,F,NSW,2930,Full-Time,37,64196.46,Living with Family,4,2023-08-14
CUST000715,Carla,Robles,1996-01-04,28,M,VIC,9536,Self-Employed,106,63912.81,Mortgage,0,2024-08-30
CUST000716,John,Espinoza,1975-01-29,48,F,QLD,2986,Full-Time,21,83425.1,Renting,0,2018-09-17
CUST000717,Colleen,Black,1954-04-27,69,M,NSW,0844,Full-Time,18,67357.8,Mortgage,1,2022-07-24
CUST000718,Joseph,Lopez,1980-07-30,43,M,WA,2322,Full-Time,39,53668.53,Renting,2,2019-05-01
CUST000719,Christine,Nelson,1986-08-31,37,M,VIC,0873,Full-Time,1,103046.54,Owner,4,2019-08-11
CUST000720,Tara,Johnson,1958-07-21,65,F,VIC,2544,Full-Time,45,107762.28,Living with Family,2,2017-11-07
CUST000721,Alan,Davis,1975-02-26,48,M,WA,1735,Full-Time,43,87087.99,Mortgage,3,2020-07-04
CUST000722,Tyrone,Watson,1995-04-19,28,F,VIC,2151,Full-Time,19,75781.11,Renting,0,2024-04-25
CUST000723,Brian,Rowe,2004-12-02,19,M,WA,2387,Full-Time,12,78300.19,Owner,3,2018-05-11
CUST000724,John,James,2001-09-04,22,F,NSW,1136,Full-Time,12,89227.95,Owner,1,2023-09-01
CUST000725,Joan,Johnson,1975-06-02,48,M,NSW,2901,Full-Time,159,73896.14,Mortgage,0,2021-05-31
CUST000726,Erin,Collins,1977-02-24,46,M,SA,2942,Full-Time,148,89501.23,Renting,0,2022-05-22
CUST000727,Sharon,Meyer,1952-03-04,71,F,QLD,2774,Full-Time,22,66797.05,Mortgage,1,2018-07-07
CUST000728,Michelle,Robinson,2001-03-15,22,F,NSW,2619,Self-Employed,51,75333.31,Owner,1,2018-11-06
CUST000729,Alexis,Bauer,1974-11-28,49,F,VIC,6163,Full-Time,94,103676.82,Mortgage,1,2016-10-21
CUST000730,Kristen,Alvarez,1952-02-29,71,F,VIC,7251,Full-Time,5,41363.84,Living with Family,0,2018-12-18
CUST000731,Gina,Morgan,1978-09-21,45,M,NSW,0900,Full-Time,3,80586.53,Living with Family,1,2019-12-04
CUST000732,Amanda,Rodriguez,1958-08-27,65,M,VIC,2920,Full-Time,3,63344.22,Mortgage,4,2018-10-26
CUST000733,Katherine,Trujillo,1995-06-18,28,M,SA,2613,Full-Time,1,79064.5,Renting,1,2016-12-01
CUST000734,Jennifer,King,1971-08-21,52,F,QLD,2177,Part-Time,12,49035.04,Living with Family,1,2021-10-03
CUST000735,Tracy,Knight,1981-03-16,42,M,VIC,4557,Full-Time,33,77869.89,Living with Family,1,2019-03-15
CUST000736,Robin,Spencer,1997-12-11,26,M,QLD,2382,Full-Time,34,105577.2,Living with Family,2,2020-10-08
CUST000737,Amber,Gibson,1997-04-02,26,F,NSW,0986,Full-Time,23,111581.05,Mortgage,1,2023-04-30
CUST000738,Christine,Diaz,2000-12-08,23,M,VIC,0835,Self-Employed,9,60915.03,Mortgage,0,2023-03-19
CUST000739,Amber,Hughes,1987-11-28,36,F,NSW,8782,Part-Time,30,48211.63,Renting,0,2022-03-30
CUST000740,Danielle,Rodriguez,1968-06-08,55,M,VIC,8102,Self-Employed,45,66826.64,Renting,0,2018-05-02
CUST000741,Daniel,Lee,1951-07-17,72,M,VIC,2196,Full-Time,122,95772.65,Renting,0,2022-08-24
CUST000742,Jacqueline,Scott,1980-03-22,43,M,VIC,2973,Part-Time,48,38323.84,Mortgage,0,2022-03-06
CUST000743,Sarah,Clark,1953-11-02,70,M,VIC,2920,Full-Time,7,30689.91,Mortgage,4,2025-01-29
CUST000744,Taylor,Fowler,1997-12-26,26,M,VIC,2978,Full-Time,147,75630.03,Renting,2,2023-06-01
CUST000745,Lynn,Bauer,2001-05-15,22,F,QLD,2294,Part-Time,32,36233.82,Owner,0,2021-06-26
CUST000746,Mary,Miller,1992-04-25,31,M,WA,2678,Full-Time,22,82345.11,Renting,0,2017-08-07
CUST000747,Amanda,Lopez,1991-10-15,32,M,SA,8392,Full-Time,28,106234.63,Mortgage,0,2021-10-01
CUST000748,Julie,Miranda,1982-02-05,41,M,NSW,5576,Full-Time,43,42264.27,Mortgage,1,2024-09-01
CUST000749,Henry,Morales,1959-05-27,64,M,VIC,2952,Unemployed,0,15000.0,Living with Family,0,2021-07-12
CUST000750,Sarah,Orr,1984-07-09,39,F,NSW,9556,Full-Time,70,95127.76,Renting,1,2023-08-08
CUST000751,Jessica,Franklin,1974-09-13,49,F,QLD,5836,Full-Time,42,37724.49,Owner,0,2023-08-13
CUST000752,Jonathan,Nixon,2003-06-11,20,F,WA,2616,Full-Time,46,56562.29,Mortgage,4,2016-09-22
CUST000753,Justin,Smith,1951-09-27,72,M,NSW,2624,Part-Time,11,47318.57,Renting,0,2016-10-13
CUST000754,Leslie,Ingram,1962-03-09,61,F,VIC,2888,Casual,35,55748.45,Renting,0,2021-09-24
CUST000755,Eric,Johnson,2003-06-06,20,M,NSW,2962,Full-Time,14,78408.46,Mortgage,1,2017-12-20
CUST000756,Brandi,Hall,1971-01-07,53,M,NSW,2931,Casual,44,22677.23,Renting,2,2021-11-10
CUST000757,Jeff,Jones,1982-09-25,41,F,WA,2947,Self-Employed,31,89116.63,Owner,1,2018-04-13
CUST000758,Hannah,Johnston,1997-08-13,26,M,VIC,2594,Full-Time,3,88426.21,Renting,0,2017-01-22
CUST000759,Patrick,Deleon,1996-08-10,27,M,VIC,2955,Full-Time,3,66290.97,Renting,3,2024-08-22
CUST000760,Sarah,Martinez,1974-12-01,49,F,VIC,2689,Full-Time,37,88260.94,Owner,3,2025-01-30
CUST000761,Crystal,Brown,1986-06-29,37,F,QLD,8058,Full-Time,17,68493.93,Owner,2,2021-10-22
CUST000762,Heidi,Hernandez,1968-09-06,55,M,WA,2997,Part-Time,47,34227.93,Owner,2,2023-07-02
CUST000763,Christopher,Reynolds,1983-02-03,40,M,VIC,2992,Unemployed,0,19732.73,Mortgage,2,2017-11-30
CUST000764,Ashley,Williams,1954-07-07,69,M,QLD,2994,Self-Employed,133,64642.96,Living with Family,3,2017-06-28
CUST000765,Kim,Anderson,1978-10-31,45,M,QLD,2627,Part-Time,1,40422.8,Owner,3,2021-10-04
CUST000766,Denise,Gonzalez,1978-01-08,46,M,QLD,0883,Full-Time,20,97817.04,Owner,3,2018-11-27
CUST000767,Russell,Cohen,1965-03-03,58,F,QLD,5116,Full-Time,15,69790.12,Renting,2,2020-07-15
CUST000768,Malik,Wheeler,1969-12-05,54,F,QLD,2042,Full-Time,4,26090.66,Mortgage,0,2025-08-12
CUST000769,Veronica,Ramos,1985-06-20,38,F,QLD,2637,Self-Employed,2,31664.37,Renting,3,2017-02-16
CUST000770,James,Brooks,1997-03-07,26,M,NSW,2410,Full-Time,75,25807.05,Renting,1,2018-11-29
CUST000771,Dylan,Wall,1985-09-29,38,F,NSW,2920,Full-Time,1,90914.13,Living with Family,1,2019-10-25
CUST000772,Kevin,Ruiz,1996-05-16,27,F,VIC,2953,Full-Time,50,93917.39,Owner,0,2023-05-21
CUST000773,Amy,Christensen,1962-01-06,62,M,NSW,9792,Full-Time,1,104902.33,Owner,1,2022-12-24
CUST000774,Nicholas,Escobar,1988-06-26,35,M,WA,8042,Full-Time,32,84939.9,Mortgage,0,2017-04-07
CUST000775,Heather,Nelson,1961-05-14,62,M,QLD,2900,Part-Time,8,52623.13,Renting,0,2017-04-28
CUST000776,Elizabeth,Durham,1988-01-11,35,F,NSW,2971,Part-Time,118,56651.77,Renting,0,2016-11-23
CUST000777,Debra,Hall,2000-01-14,23,F,NSW,2988,Self-Employed,43,94417.71,Renting,0,2025-07-07
CUST000778,Leslie,Delacruz,1955-07-04,68,M,QLD,4123,Self-Employed,36,79102.1,Mortgage,4,2021-03-25
CUST000779,Sara,Smith,1976-04-15,47,M,NSW,2698,Full-Time,9,58223.4,Owner,3,2019-06-21
CUST000780,Julie,Smith,1978-02-21,45,F,NSW,2965,Full-Time,24,90949.3,Renting,0,2022-05-09
CUST000781,Tiffany,Mason,1963-06-05,60,M,QLD,2246,Full-Time,50,98046.84,Owner,1,2024-09-26
CUST000782,Anthony,Peters,1996-12-26,27,M,VIC,2832,Unemployed,0,27057.84,Mortgage,1,2019-10-20
CUST000783,Derrick,Blair,1972-07-06,51,F,VIC,8936,Full-Time,3,89633.42,Living with Family,3,2018-11-21
CUST000784,Tara,Browning,1958-08-02,65,F,NSW,2957,Casual,104,34644.92,Mortgage,0,2021-08-09
CUST000785,Dillon,Weaver,1961-09-19,62,M,NSW,2662,Full-Time,5,109790.84,Owner,2,2019-07-04
CUST000786,Alexandria,Taylor,1990-08-16,33,F,NSW,2639,Full-Time,92,69712.22,Owner,1,2024-12-23
CUST000787,Angela,Fry,1968-02-21,55,M,QLD,2619,Full-Time,11,102193.04,Renting,1,2018-05-20
CUST000788,Dustin,Johnson,1998-06-02,25,M,SA,2946,Full-Time,172,112329.48,Renting,2,2025-05-17
CUST000789,Julie,Underwood,1967-04-28,56,F,QLD,0942,Unemployed,0,15000.0,Living with Family,0,2023-09-26
CUST000790,Jack,Farmer,1955-12-02,68,M,WA,0894,Casual,35,47055.03,Mortgage,1,2022-03-05
CUST000791,Caitlyn,Hall,1985-03-30,38,M,NSW,2051,Self-Employed,10,75552.32,Living with Family,0,2022-12-01
CUST000792,Wayne,Jacobs,1977-05-15,46,F,SA,2972,Part-Time,10,49362.36,Renting,0,2024-05-23
CUST000793,Devin,Lee,1978-03-25,45,M,VIC,2160,Part-Time,38,35225.66,Owner,1,2025-01-19
CUST000794,Jeffrey,Powers,2004-11-01,19,F,NSW,2663,Full-Time,11,93336.45,Living with Family,4,2017-04-27
CUST000795,Valerie,Camacho,2003-07-01,20,F,NSW,2920,Full-Time,5,111979.55,Renting,4,2022-12-01
CUST000796,Paige,Patterson,1999-12-31,24,F,NSW,2196,Full-Time,11,78331.09,Owner,1,2023-03-17
CUST000797,Sheila,Armstrong,1972-08-02,51,F,NSW,4808,Full-Time,6,50459.09,Living with Family,3,2017-09-16
CUST000798,Natalie,Rich,1976-03-23,47,F,NSW,2698,Full-Time,4,120600.73,Owner,3,2021-07-25
CUST000799,Paul,Hubbard,1952-01-02,72,M,VIC,2234,Self-Employed,6,88838.91,Mortgage,2,2020-09-05
CUST000800,Kim,Mitchell,2001-01-08,22,M,NSW,2646,Full-Time,200,99502.61,Renting,2,2019-05-17
CUST000801,Hannah,Mckee,2003-01-11,20,F,VIC,2907,Self-Employed,33,63594.41,Renting,1,2017-07-16
CUST000802,Hector,Richards,1978-10-06,45,M,NSW,4266,Full-Time,74,99936.97,Owner,0,2019-08-21
CUST000803,Shawn,Mosley,1951-03-04,72,M,QLD,2667,Full-Time,5,111741.51,Renting,0,2017-07-15
CUST000804,Deborah,Dawson,1968-07-10,55,M,QLD,2641,Full-Time,1,66010.44,Renting,2,2017-07-18
CUST000805,Cynthia,Miller,1990-09-08,33,M,VIC,2988,Part-Time,8,46488.79,Mortgage,2,2022-03-26
CUST000806,Andrea,Williams,1959-01-01,65,F,WA,2645,Full-Time,72,107519.55,Mortgage,1,2021-10-24
CUST000807,Edward,Melton,1987-12-24,36,F,VIC,2650,Full-Time,30,30794.27,Renting,2,2020-07-02
CUST000808,Kayla,Griffin,1967-09-05,56,M,VIC,0921,Part-Time,24,15000.0,Renting,1,2024-10-23
CUST000809,Adam,Cannon,2005-06-06,18,F,NSW,1777,Casual,35,38519.43,Mortgage,0,2021-08-13
CUST000810,Nicole,Young,1950-01-22,73,F,VIC,6776,Full-Time,21,92587.73,Renting,0,2020-09-13
CUST000811,Adam,Khan,1984-08-06,39,M,NSW,2898,Full-Time,26,62985.0,Living with Family,4,2024-02-08
CUST000812,Jack,Brown,1961-10-08,62,F,QLD,2960,Full-Time,4,116969.23,Renting,0,2018-01-12
CUST000813,Belinda,Morrison,1951-08-11,72,F,QLD,2951,Full-Time,34,94210.8,Renting,0,2017-03-02
CUST000814,Gregory,Powers,1973-11-28,50,F,VIC,0899,Full-Time,17,103876.49,Living with Family,2,2023-10-23
CUST000815,Stanley,Riley,1960-01-07,64,F,NSW,2114,Full-Time,1,44219.66,Mortgage,4,2019-08-19
CUST000816,Lori,Chang,2001-10-13,22,F,VIC,9147,Full-Time,41,66699.91,Owner,0,2017-12-08
CUST000817,Joshua,Rose,1990-01-05,34,M,NSW,8339,Self-Employed,13,70576.81,Renting,2,2017-04-01
CUST000818,Tiffany,Rice,1982-11-12,41,F,WA,2479,Full-Time,18,67022.34,Living with Family,1,2025-02-16
CUST000819,Chelsea,Stewart,1966-05-20,57,F,SA,8995,Casual,58,31064.8,Owner,0,2025-01-25
CUST000820,Tyler,Daniel,1985-05-10,38,F,SA,2920,Full-Time,27,91865.21,Owner,2,2021-02-26
CUST000821,Chelsea,Erickson,1960-02-29,63,F,NSW,2660,Casual,39,46240.23,Owner,0,2017-10-15
CUST000822,Laura,Mclaughlin,1976-09-09,47,F,VIC,2679,Full-Time,2,80616.1,Mortgage,1,2025-09-18
CUST000823,Matthew,Castro,1973-09-28,50,F,QLD,0930,Full-Time,74,53520.77,Owner,0,2022-06-28
CUST000824,Jonathan,Jones,1989-09-30,34,M,TAS,2938,Full-Time,35,89077.73,Owner,2,2021-09-03
CUST000825,Daniel,Cook,1994-03-19,29,M,WA,2999,Unemployed,0,26663.43,Renting,1,2022-04-08
CUST000826,Gregory,Rivera,1951-06-01,72,F,VIC,2957,Full-Time,69,71328.79,Mortgage,0,2024-12-20
CUST000827,Debbie,Olson,1995-12-20,28,F,NSW,0978,Full-Time,3,87167.57,Renting,1,2024-10-14
CUST000828,Lisa,Reilly,1976-07-19,47,F,WA,2284,Full-Time,9,62535.86,Renting,3,2021-10-22
CUST000829,Angela,Smith,1989-01-22,34,F,NSW,5551,Self-Employed,6,63920.35,Renting,2,2025-06-14
CUST000830,Anthony,Terrell,1965-12-29,58,F,NSW,0982,Full-Time,99,53917.49,Renting,4,2021-11-11
CUST000831,Brooke,Hancock,1972-04-27,51,F,VIC,2935,Full-Time,24,15000.0,Renting,3,2023-02-11
CUST000832,Christopher,Wiley,1965-06-22,58,M,VIC,2977,Full-Time,30,58860.51,Mortgage,2,2024-03-10
CUST000833,Alicia,Thompson,1967-04-12,56,M,VIC,2970,Full-Time,22,57302.63,Owner,0,2023-09-22
CUST000834,Scott,Johnson,2002-09-13,21,M,VIC,2918,Full-Time,15,65818.1,Renting,4,2018-02-10
CUST000835,Timothy,Russo,1969-06-15,54,F,VIC,2935,Full-Time,8,115031.79,Mortgage,0,2018-01-06
CUST000836,Lynn,Hurley,2000-04-16,23,M,VIC,2623,Self-Employed,29,62745.95,Mortgage,2,2023-03-31
CUST000837,Jennifer,Boyd,1976-05-15,47,M,NSW,1409,Self-Employed,46,61031.84,Mortgage,3,2024-07-27
CUST000838,Pamela,Garcia,1969-01-21,54,M,NSW,2930,Full-Time,3,98292.32,Mortgage,3,2021-12-03
CUST000839,Patricia,Flores,1967-10-31,56,F,TAS,2664,Full-Time,43,38036.59,Living with Family,4,2019-03-20
CUST000840,Scott,Wilson,1968-03-27,55,M,NSW,2632,Part-Time,4,46189.1,Owner,4,2019-03-10
CUST000841,Cindy,Palmer,1950-08-12,73,M,WA,2678,Self-Employed,12,51466.03,Renting,2,2019-11-17
CUST000842,Donald,Bush,1968-03-13,55,M,VIC,2929,Full-Time,3,67126.97,Owner,3,2018-12-05
CUST000843,Christina,Morgan,1953-11-10,70,F,QLD,2610,Self-Employed,75,51427.82,Mortgage,0,2017-11-23
CUST000844,Emma,Rodriguez,1977-01-11,47,F,VIC,2216,Full-Time,105,71284.91,Renting,1,2020-04-02
CUST000845,Patricia,Soto,1990-08-06,33,M,NSW,2619,Full-Time,65,62153.75,Mortgage,0,2019-12-04
CUST000846,James,Chang,1969-01-01,55,M,NSW,4179,Full-Time,24,87723.89,Mortgage,4,2017-11-29
CUST000847,Samantha,Mcdonald,1996-11-14,27,F,NSW,2904,Full-Time,65,65498.78,Owner,1,2022-11-19
CUST000848,Steven,Hall,1990-12-02,33,F,VIC,2682,Full-Time,13,81531.32,Mortgage,0,2024-06-22
CUST000849,Roberta,Myers,1985-07-05,38,M,NSW,2955,Unemployed,0,21154.31,Owner,0,2020-10-20
CUST000850,Thomas,Bell,1951-06-26,72,F,NSW,2902,Part-Time,54,49734.72,Renting,2,2019-04-07
CUST000851,Autumn,Romero,1969-12-12,54,F,NSW,2991,Full-Time,90,59940.54,Renting,0,2019-08-29
CUST000852,Laura,Patel,1987-05-24,36,M,SA,2999,Full-Time,18,115662.78,Mortgage,1,2020-06-11
CUST000853,Amy,Dickson,1985-09-26,38,M,NSW,2981,Full-Time,5,93699.32,Mortgage,1,2019-10-16
CUST000854,Brittany,Mueller,1996-12-06,27,M,NSW,2609,Self-Employed,7,80317.33,Renting,0,2023-10-23
CUST000855,Joel,Bates,1981-04-23,42,F,QLD,2397,Full-Time,31,65872.89,Living with Family,1,2017-10-02
CUST000856,Mark,Davis,1984-04-19,39,F,NSW,2612,Full-Time,37,109011.46,Renting,3,2019-07-01
CUST000857,Carmen,Jennings,1973-04-06,50,F,SA,7657,Casual,50,56966.55,Owner,0,2022-07-13
CUST000858,Jeff,Taylor,1953-04-17,70,M,WA,6022,Part-Time,22,45846.06,Owner,0,2020-10-19
CUST000859,Christina,West,1966-08-20,57,M,NSW,2675,Full-Time,65,113906.88,Renting,0,2019-06-04
CUST000860,Erin,Sellers,1995-10-19,28,M,WA,2605,Full-Time,66,104263.56,Living with Family,4,2025-08-21
CUST000861,Cheryl,Dixon,1983-07-11,40,F,NSW,2624,Full-Time,2,91741.94,Renting,1,2017-04-15
CUST000862,Tammy,Smith,2001-12-27,22,M,QLD,9514,Full-Time,66,73188.31,Mortgage,3,2024-07-07
CUST000863,Jacqueline,Long,1963-05-16,60,M,VIC,2946,Self-Employed,72,74667.85,Renting,4,2020-05-18
CUST000864,Jason,Thompson,1974-12-20,49,M,VIC,2623,Full-Time,109,45490.41,Mortgage,3,2021-09-21
CUST000865,Michael,Butler,1998-08-22,25,M,WA,2922,Full-Time,54,56016.56,Owner,1,2017-12-07
CUST000866,Alfred,Griffith,1953-11-20,70,M,QLD,2920,Full-Time,16,104190.33,Mortgage,1,2022-08-24
CUST000867,Derrick,Shaffer,1957-08-08,66,F,WA,2909,Full-Time,11,49967.59,Renting,2,2025-02-04
CUST000868,Shawn,Coleman,1985-11-15,38,M,VIC,2616,Part-Time,34,53177.21,Owner,1,2019-12-03
CUST000869,Cassandra,Lane,1960-07-02,63,M,VIC,2698,Full-Time,22,75313.63,Mortgage,0,2019-02-24
CUST000870,Barbara,Johnson,2003-06-20,20,F,QLD,2197,Full-Time,10,91262.46,Renting,0,2023-01-25
CUST000871,Timothy,Vaughn,1956-04-16,67,F,NSW,2638,Full-Time,37,95148.2,Mortgage,1,2025-07-30
CUST000872,Steven,Miller,1994-11-25,29,F,NSW,0813,Full-Time,32,48182.97,Living with Family,0,2020-12-22
CUST000873,Susan,Miller,1992-09-28,31,F,VIC,0989,Full-Time,104,28748.86,Renting,0,2019-07-16
CUST000874,Matthew,Osborne,1952-10-14,71,F,VIC,2917,Full-Time,21,125786.96,Mortgage,1,2021-05-04
CUST000875,Jessica,Fisher,1976-12-10,47,F,NSW,2924,Full-Time,98,49074.42,Renting,0,2018-03-26
CUST000876,Carla,Torres,1990-01-14,33,F,NSW,5407,Self-Employed,123,93588.5,Renting,2,2021-12-05
CUST000877,Diana,Carter,1982-12-14,41,F,VIC,0804,Full-Time,29,129131.22,Mortgage,0,2021-02-01
CUST000878,Chase,Bowers,1957-01-30,66,F,VIC,2729,Full-Time,49,61930.86,Mortgage,4,2019-04-03
CUST000879,Alexis,Rodriguez,1999-06-25,24,F,NSW,2659,Full-Time,41,104251.56,Mortgage,0,2023-05-17
CUST000880,Mitchell,Thompson,1987-12-16,36,M,WA,2697,Full-Time,14,73631.71,Renting,1,2018-05-09
CUST000881,Antonio,Riggs,1980-04-25,43,M,SA,2639,Full-Time,7,70858.58,Mortgage,1,2025-02-16
CUST000882,Tyler,Chaney,1958-09-01,65,M,SA,2983,Self-Employed,160,89357.0,Renting,0,2022-09-02
CUST000883,Gary,Lane,1991-11-01,32,F,NSW,2960,Full-Time,46,92262.91,Owner,3,2022-07-04
CUST000884,Darren,Jackson,1993-07-18,30,M,VIC,2997,Self-Employed,28,36270.38,Renting,0,2019-06-09
CUST000885,Karen,Patel,1993-01-01,31,M,VIC,2986,Full-Time,124,100377.3,Owner,0,2020-12-29
CUST000886,Monica,Smith,1958-02-22,65,M,VIC,2616,Self-Employed,20,115423.34,Living with Family,3,2022-10-31
CUST000887,Felicia,Williams,2005-07-04,18,F,NSW,4569,Part-Time,11,40549.62,Mortgage,3,2024-12-26
CUST000888,Matthew,Adams,1999-07-06,24,M,NSW,2549,Self-Employed,27,60943.25,Owner,3,2020-03-30
CUST000889,Kaitlyn,Navarro,1994-07-27,29,F,QLD,6385,Part-Time,45,45128.9,Renting,1,2022-10-28
CUST000890,Alex,Smith,1967-11-24,56,M,NSW,2306,Full-Time,32,79827.96,Owner,2,2017-08-09
CUST000891,Sean,Robinson,1955-10-03,68,F,NSW,2924,Full-Time,19,74860.18,Mortgage,2,2018-06-18
CUST000892,Christopher,Mays,1951-02-07,72,M,NSW,2679,Full-Time,121,90152.99,Mortgage,1,2022-06-20
CUST000893,David,Gates,1990-10-17,33,F,NSW,2626,Full-Time,3,71594.74,Renting,2,2022-08-19
CUST000894,Ashlee,Coffey,2001-12-02,22,F,SA,2619,Self-Employed,1,67708.88,Renting,3,2022-12-26
CUST000895,Steven,Mayer,1964-06-02,59,M,WA,0974,Full-Time,142,89220.48,Mortgage,0,2023-08-25
CUST000896,Elizabeth,Carrillo,1989-11-16,34,F,NSW,2721,Self-Employed,2,82870.4,Mortgage,0,2019-03-22
CUST000897,Paul,Ferrell,1953-05-06,70,M,WA,2742,Full-Time,93,99246.32,Renting,0,2020-09-09
CUST000898,Sarah,Bishop,1978-03-31,45,F,NSW,2657,Part-Time,22,43555.85,Renting,0,2017-09-13
CUST000899,Ryan,Mendez,1981-01-30,42,M,WA,2574,Casual,29,28090.13,Mortgage,0,2017-08-27
CUST000900,Ashley,King,1953-12-15,70,M,VIC,2610,Full-Time,31,77745.71,Renting,2,2024-10-16
CUST000901,Danielle,Fitzpatrick,1958-05-12,65,F,QLD,2984,Full-Time,7,60072.77,Owner,0,2018-02-02
CUST000902,Peter,Smith,1968-11-09,55,M,VIC,2920,Part-Time,17,27786.41,Renting,1,2021-01-10
CUST000903,Jessica,Burnett,1973-02-25,50,M,NSW,2383,Full-Time,90,83116.63,Renting,1,2016-10-02
CUST000904,Lisa,Olson,2005-01-24,18,M,VIC,5855,Casual,48,32911.95,Living with Family,2,2022-11-11
CUST000905,Cynthia,Benjamin,1972-12-17,51,M,VIC,2458,Full-Time,21,91010.92,Owner,1,2024-05-27
CUST000906,Maureen,Hodges,1969-06-13,54,M,WA,2923,Self-Employed,4,55937.79,Mortgage,3,2018-04-25
CUST000907,Patrick,Lee,1952-01-04,72,M,QLD,2981,Full-Time,26,105140.26,Renting,0,2022-05-26
CUST000908,Christopher,Chen,1970-07-25,53,F,VIC,2662,Casual,73,32231.99,Mortgage,0,2017-01-17
CUST000909,Wendy,Allen,1951-03-14,72,F,NSW,2981,Full-Time,25,65974.73,Renting,0,2023-11-10
CUST000910,Victor,Hanna,1987-01-16,36,M,VIC,2610,Full-Time,61,49944.54,Renting,2,2017-01-21
CUST000911,Kristin,Williams,1952-12-23,71,F,QLD,2619,Full-Time,39,53288.88,Renting,2,2018-08-18
CUST000912,Alexandra,Bentley,1987-08-26,36,M,VIC,4293,Casual,3,35070.83,Renting,2,2025-01-17
CUST000913,Donald,Valdez,1951-11-13,72,F,WA,2919,Full-Time,82,63964.16,Renting,2,2017-02-19
CUST000914,David,Jackson,1990-05-27,33,M,WA,2241,Full-Time,13,41524.38,Renting,0,2020-10-30
CUST000915,Brittany,Meyers,1959-08-17,64,M,VIC,2517,Full-Time,30,68347.99,Mortgage,0,2022-01-29
CUST000916,Bryan,Harris,1985-06-07,38,F,QLD,2956,Casual,14,29578.85,Renting,0,2019-08-23
CUST000917,Derrick,Copeland,1983-02-18,40,F,NSW,2670,Full-Time,29,46740.82,Renting,2,2022-01-23
CUST000918,David,Thomas,1969-03-09,54,M,NSW,0225,Self-Employed,42,82772.39,Mortgage,1,2021-09-15
CUST000919,Sara,Williams,1975-03-03,48,F,VIC,2596,Full-Time,40,62998.7,Owner,1,2023-09-22
CUST000920,Tony,Smith,1950-08-20,73,M,QLD,2651,Part-Time,59,50304.08,Mortgage,1,2023-02-01
CUST000921,Justin,Steele,1984-02-29,39,F,QLD,2912,Full-Time,95,108952.22,Mortgage,2,2018-07-31
CUST000922,Alexandra,Jenkins,1986-11-02,37,F,SA,2659,Full-Time,44,74042.53,Mortgage,3,2022-12-13
CUST000923,Jennifer,Salazar,1984-04-23,39,M,VIC,2445,Full-Time,53,60240.09,Mortgage,3,2020-06-29
CUST000924,James,Downs,1982-01-27,41,M,VIC,2595,Full-Time,14,55097.46,Owner,4,2024-06-27
CUST000925,Steven,Sims,1979-03-01,44,F,WA,2674,Full-Time,6,73467.29,Mortgage,3,2017-03-15
CUST000926,Edward,Anthony,1956-04-05,67,M,NSW,2917,Full-Time,6,90642.74,Living with Family,1,2018-04-24
CUST000927,Bradley,Newman,1988-08-05,35,M,WA,2923,Full-Time,177,65884.48,Living with Family,0,2020-08-20
CUST000928,Linda,Chang,1969-02-11,54,M,VIC,2110,Full-Time,1,83096.57,Owner,3,2025-01-18
CUST000929,Kristen,Washington,1959-12-06,64,M,VIC,2619,Unemployed,0,15000.0,Mortgage,0,2017-05-12
CUST000930,Sean,Riley,1963-05-17,60,F,WA,0235,Casual,9,32323.23,Living with Family,0,2018-10-18
CUST000931,Jeremy,Young,1956-02-12,67,F,NSW,0236,Casual,12,35127.51,Renting,1,2024-09-29
CUST000932,Brenda,Brown,1953-12-28,70,M,ACT,2602,Full-Time,23,49827.85,Mortgage,0,2018-09-02
CUST000933,Gregory,Brooks,1985-01-27,38,F,QLD,2903,Casual,28,42650.71,Living with Family,0,2022-05-31
CUST000934,David,Schwartz,1961-06-15,62,F,VIC,2242,Full-Time,12,86307.6,Mortgage,0,2017-09-22
CUST000935,Robert,Wolf,1976-09-22,47,M,NSW,2684,Full-Time,22,72475.17,Owner,2,2022-02-27
CUST000936,Dana,Carr,1995-07-09,28,F,QLD,2649,Full-Time,13,70332.13,Mortgage,0,2025-06-15
CUST000937,Christopher,Vincent,1999-04-26,24,F,NSW,2920,Self-Employed,97,60623.82,Mortgage,2,2024-06-26
CUST000938,Thomas,Ford,1962-04-13,61,M,VIC,1633,Full-Time,121,66189.57,Living with Family,2,2019-09-02
CUST000939,Patricia,Vargas,1983-05-03,40,F,NSW,2639,Full-Time,3,94067.1,Renting,3,2024-10-22
CUST000940,Bradley,Esparza,1973-12-16,50,M,SA,3068,Full-Time,34,74463.04,Mortgage,4,2020-04-10
CUST000941,Heather,Garcia,1996-09-09,27,F,SA,2920,Full-Time,21,69690.27,Owner,0,2018-11-21
CUST000942,Alexander,Dennis,1982-02-12,41,M,NSW,2672,Casual,54,23184.13,Living with Family,0,2019-12-14
CUST000943,Yolanda,Smith,1963-08-05,60,F,QLD,2932,Full-Time,86,63280.07,Living with Family,0,2023-01-20
CUST000944,Julie,Johnson,1999-06-27,24,F,VIC,2907,Full-Time,7,82603.77,Mortgage,4,2023-09-03
CUST000945,Richard,Clarke,2000-06-06,23,M,VIC,2977,Full-Time,20,99266.21,Renting,0,2023-01-22
CUST000946,Courtney,Cruz,1949-10-21,74,M,QLD,2958,Full-Time,8,68453.47,Renting,1,2017-01-07
CUST000947,Joseph,Shah,1974-06-06,49,M,SA,4931,Casual,25,26830.71,Mortgage,3,2022-04-23
CUST000948,Sarah,Robertson,1969-03-13,54,F,SA,2970,Full-Time,81,68728.68,Mortgage,0,2017-09-21
CUST000949,Christine,Diaz,1970-12-06,53,M,VIC,2658,Full-Time,1,47248.4,Mortgage,2,2023-01-25
CUST000950,Kim,Taylor,1982-04-02,41,M,WA,2953,Full-Time,137,96564.37,Mortgage,0,2021-07-31
CUST000951,Jo,Goodwin,1987-05-16,36,F,NSW,2673,Full-Time,19,83036.17,Mortgage,0,2019-08-11
CUST000952,Wesley,Henderson,2001-10-21,22,M,NSW,2215,Full-Time,1,95937.3,Renting,2,2019-10-31
CUST000953,Alisha,Martinez,1977-12-05,46,F,QLD,4847,Part-Time,4,40054.89,Mortgage,1,2022-04-25
CUST000954,Sierra,Lamb,1996-02-14,27,F,NSW,2337,Self-Employed,13,50437.4,Mortgage,3,2017-07-05
CUST000955,Harold,Mullen,1972-05-21,51,F,QLD,2312,Full-Time,9,65547.16,Renting,0,2019-03-18
CUST000956,Tyler,Golden,1990-02-26,33,F,QLD,8046,Full-Time,1,87020.07,Mortgage,1,2025-06-13
CUST000957,David,Reed,1981-02-16,42,F,VIC,2610,Part-Time,18,42517.81,Renting,2,2019-05-08
CUST000958,Monica,Hall,1953-05-18,70,F,NSW,8569,Full-Time,16,91991.59,Renting,1,2019-10-23
CUST000959,Mark,Watkins,1987-03-13,36,F,NSW,8877,Part-Time,20,57220.72,Owner,3,2019-06-18
CUST000960,Kristina,Jackson,1957-05-19,66,F,QLD,2737,Full-Time,27,25451.31,Mortgage,3,2020-01-27
CUST000961,Megan,Hernandez,1966-06-10,57,F,WA,2927,Full-Time,1,49471.05,Mortgage,0,2025-05-01
CUST000962,Eugene,Nichols,1985-08-10,38,F,NSW,2652,Full-Time,31,75560.83,Living with Family,3,2024-04-11
CUST000963,Elizabeth,Hernandez,1989-11-29,34,M,VIC,2691,Part-Time,52,47564.52,Owner,1,2017-02-04
CUST000964,David,Green,1968-02-03,55,M,VIC,2653,Full-Time,8,68228.02,Mortgage,2,2021-10-14
CUST000965,Logan,Cooper,1951-09-27,72,M,NSW,2977,Full-Time,2,69032.77,Renting,2,2021-08-01
CUST000966,Kevin,Knapp,1959-02-27,64,F,VIC,2997,Self-Employed,56,79051.45,Living with Family,1,2023-08-23
CUST000967,Sarah,Moore,2004-09-11,19,M,NSW,4854,Unemployed,0,20378.81,Mortgage,1,2020-12-27
CUST000968,Sherry,Hooper,1966-07-15,57,M,QLD,5297,Full-Time,11,56496.12,Renting,1,2019-10-10
CUST000969,Timothy,Williams,1956-03-29,67,M,QLD,9140,Self-Employed,97,48155.6,Mortgage,2,2020-05-04
CUST000970,Sean,Davis,1998-07-01,25,F,NSW,2293,Full-Time,75,87514.96,Mortgage,3,2021-12-22
CUST000971,Shari,Ramirez,1962-08-11,61,F,VIC,2018,Full-Time,82,63386.46,Owner,3,2024-05-15
CUST000972,Susan,Daugherty,1988-12-29,35,F,VIC,2993,Part-Time,5,51411.96,Renting,0,2021-02-20
CUST000973,William,Brown,1984-09-16,39,M,VIC,2976,Full-Time,35,55069.74,Mortgage,1,2018-01-21
CUST000974,Mike,Watson,1999-03-31,24,F,NSW,2925,Full-Time,29,32198.28,Renting,0,2019-11-20
CUST000975,Christopher,Luna,2000-06-08,23,M,QLD,2616,Full-Time,13,105755.8,Mortgage,0,2023-12-16
CUST000976,Linda,Waller,1966-06-20,57,F,SA,2606,Part-Time,15,61408.08,Owner,3,2017-12-24
CUST000977,Christopher,Clark,1983-10-13,40,M,NSW,2918,Full-Time,10,80653.43,Renting,0,2025-08-09
CUST000978,Susan,Avila,1953-07-24,70,F,NSW,2406,Casual,45,43232.53,Mortgage,1,2022-06-22
CUST000979,Gregory,Murray,1965-07-31,58,M,NSW,5232,Full-Time,85,93433.04,Living with Family,1,2024-03-19
CUST000980,Tracy,Carson,1966-07-07,57,M,WA,2939,Full-Time,2,119336.38,Mortgage,0,2019-06-17
CUST000981,Steven,Johnson,1982-03-01,41,F,SA,1244,Full-Time,23,56004.75,Mortgage,3,2025-04-30
CUST000982,Thomas,Valdez,1998-02-10,25,M,QLD,2926,Part-Time,104,48005.8,Owner,2,2018-05-04
CUST000983,Deanna,Johnson,2002-04-27,21,F,NSW,2871,Casual,21,29078.38,Renting,2,2022-02-11
CUST000984,Timothy,Graham,1970-09-16,53,F,NSW,2771,Casual,11,46060.17,Renting,1,2020-01-31
CUST000985,Andres,Green,1992-03-27,31,F,VIC,6025,Full-Time,35,63782.89,Renting,2,2020-11-15
CUST000986,Michael,Brown,1989-12-08,34,M,NSW,2976,Self-Employed,10,99990.92,Mortgage,1,2022-06-14
CUST000987,Brandon,Carter,2005-02-15,18,F,WA,0918,Full-Time,172,76718.19,Renting,0,2018-06-21
CUST000988,Kathy,George,1986-02-25,37,F,VIC,2648,Full-Time,54,56415.54,Mortgage,0,2019-08-18
CUST000989,Megan,Marsh,1968-01-25,55,M,SA,2851,Full-Time,29,136439.51,Mortgage,1,2021-07-14
CUST000990,Douglas,Taylor,1970-02-13,53,F,NSW,2925,Self-Employed,5,68938.53,Renting,3,2023-09-25
CUST000991,Samantha,Martin,1973-08-15,50,M,SA,2672,Full-Time,97,54437.9,Owner,0,2021-04-03
CUST000992,Laura,Hansen,1997-12-16,26,M,VIC,8881,Full-Time,21,79119.11,Renting,0,2020-06-24
CUST000993,Darryl,Anderson,2002-11-09,21,F,VIC,2075,Full-Time,99,118038.07,Renting,3,2019-07-13
CUST000994,Lisa,Preston,1970-10-03,53,F,NSW,7852,Full-Time,81,90260.68,Mortgage,3,2023-02-11
CUST000995,Lisa,Walker,1951-05-25,72,F,NSW,2633,Casual,1,37709.37,Mortgage,0,2019-06-29
CUST000996,Tina,Coleman,1961-11-24,62,M,VIC,2619,Part-Time,39,39263.8,Renting,2,2017-06-04
CUST000997,Katherine,Williams,1994-08-29,29,F,SA,2508,Full-Time,6,98047.66,Renting,3,2022-01-23
CUST000998,Rebekah,Williams,1976-12-07,47,F,SA,2930,Full-Time,13,87314.33,Living with Family,0,2023-07-08
CUST000999,Samantha,Harris,1995-02-07,28,M,NSW,2662,Part-Time,39,32334.95,Mortgage,2,2022-10-05
CUST001000,Dustin,Francis,1951-06-04,72,M,NSW,2895,Full-Time,23,63870.18,Mortgage,0,2019-11-23
CUST001001,Kimberly,Austin,1999-04-29,24,M,TAS,3911,Part-Time,12,54887.8,Owner,2,2024-02-06
CUST001002,Allison,Baldwin,1993-12-29,30,F,QLD,2922,Full-Time,5,73543.56,Owner,0,2024-11-02
CUST001003,Teresa,Garcia,1980-11-17,43,M,VIC,2678,Full-Time,4,69017.33,Mortgage,0,2024-05-21
CUST001004,Helen,Lopez,1977-04-05,46,F,TAS,2525,Full-Time,16,82733.36,Mortgage,0,2025-07-22
CUST001005,Willie,Russell,1974-04-28,49,M,VIC,2941,Full-Time,56,65863.2,Renting,4,2020-12-01
CUST001006,Tyler,Ward,1979-11-14,44,F,VIC,2928,Full-Time,2,97964.92,Mortgage,0,2023-03-23
CUST001007,Tristan,Cruz,1954-07-01,69,F,QLD,2909,Full-Time,23,82798.76,Living with Family,0,2023-05-08
CUST001008,Maureen,Perez,1989-07-29,34,F,NSW,0246,Full-Time,7,40012.85,Renting,0,2018-06-04
CUST001009,Maureen,Alvarez,1953-10-06,70,M,WA,2972,Casual,1,23949.04,Renting,2,2016-11-03
CUST001010,Emily,Sanders,1988-10-29,35,M,VIC,8112,Casual,42,30196.79,Mortgage,1,2020-04-11
CUST001011,Tiffany,Figueroa,1990-01-14,33,M,NSW,2641,Full-Time,14,84960.61,Mortgage,1,2019-12-31
CUST001012,James,Anthony,1961-04-10,62,F,VIC,2991,Full-Time,151,81264.25,Renting,0,2018-10-27
CUST001013,Victor,Hubbard,1974-05-11,49,M,WA,6946,Part-Time,23,56832.53,Mortgage,1,2019-12-06
CUST001014,Stephanie,Archer,1988-05-23,35,F,VIC,3427,Full-Time,40,81199.87,Living with Family,0,2017-09-12
CUST001015,Tyler,Fuller,1964-04-07,59,M,QLD,2620,Full-Time,31,21013.69,Owner,1,2017-08-15
CUST001016,Carlos,Gregory,1952-10-16,71,F,NSW,2656,Unemployed,0,21694.48,Renting,0,2022-03-02
CUST001017,Kevin,Hanson,1968-09-09,55,M,NSW,2387,Unemployed,0,28050.79,Mortgage,2,2023-11-10
CUST001018,Ebony,Henry,1961-06-09,62,F,VIC,2785,Full-Time,6,55857.15,Owner,2,2024-01-04
CUST001019,Andres,Gallagher,1981-01-28,42,M,NSW,2601,Full-Time,16,33430.61,Renting,2,2020-03-05
CUST001020,Nicholas,Stevens,1967-12-21,56,M,TAS,2128,Full-Time,19,111799.25,Renting,0,2022-08-29
CUST001021,Nicole,Martin,1994-12-06,29,F,WA,2602,Full-Time,3,56438.05,Renting,0,2019-07-16
CUST001022,Kathryn,Carroll,1972-04-17,51,M,QLD,2920,Full-Time,22,64769.8,Mortgage,0,2022-08-31
CUST001023,Ashley,Alvarez,1989-06-23,34,M,NSW,2648,Part-Time,7,37781.48,Renting,0,2017-03-24
CUST001024,Brittany,Gray,1965-01-01,59,M,SA,2964,Full-Time,11,36022.25,Mortgage,2,2019-08-11
CUST001025,Brandon,Hood,1951-05-12,72,M,NSW,2969,Full-Time,29,107742.93,Renting,2,2016-12-19
CUST001026,Matthew,Davis,2001-06-04,22,F,NSW,2965,Full-Time,11,55066.54,Mortgage,3,2020-06-07
CUST001027,John,Young,1952-12-31,71,M,NT,2939,Part-Time,23,32709.01,Mortgage,3,2017-06-28
CUST001028,Misty,Wilson,1989-08-18,34,F,VIC,2640,Full-Time,65,58480.07,Mortgage,2,2021-07-27
CUST001029,Diane,Henderson,1951-11-23,72,M,VIC,3640,Self-Employed,18,68765.85,Owner,2,2022-12-27
CUST001030,Valerie,Gray,1983-10-30,40,M,NSW,2985,Casual,15,50446.58,Mortgage,1,2021-11-16
CUST001031,Craig,Leonard,1996-08-10,27,F,VIC,2957,Full-Time,32,89834.21,Renting,0,2021-04-01
CUST001032,Matthew,Mendez,1994-02-02,29,M,VIC,2976,Full-Time,71,75971.19,Renting,0,2018-07-17
CUST001033,Terri,Jones,1986-08-01,37,M,WA,4344,Full-Time,4,107303.44,Renting,1,2017-02-25
CUST001034,Jeremiah,Newton,1973-01-16,50,F,SA,2491,Full-Time,33,81774.41,Mortgage,3,2022-01-19
CUST001035,Ashley,Schmidt,1965-07-31,58,M,NT,2603,Full-Time,12,105635.16,Owner,2,2019-11-07
CUST001036,Madison,Wagner,1954-03-04,69,F,NSW,2936,Full-Time,29,87436.62,Renting,1,2022-09-11
CUST001037,Robert,King,1967-11-26,56,M,QLD,3782,Full-Time,3,47091.45,Renting,0,2024-08-26
CUST001038,Zachary,Lopez,1986-02-21,37,M,VIC,2920,Self-Employed,56,83736.6,Renting,1,2018-08-22
CUST001039,Judy,Mcdonald,2005-07-12,18,M,VIC,0989,Full-Time,6,81196.38,Owner,2,2024-05-26
CUST001040,Sarah,Barber,2002-04-28,21,M,NSW,2283,Self-Employed,104,68517.86,Renting,2,2020-01-02
CUST001041,Edward,Jennings,1958-04-18,65,F,VIC,2936,Part-Time,27,42439.59,Mortgage,2,2020-06-01
CUST001042,Rhonda,Walters,1999-08-14,24,F,QLD,0244,Full-Time,24,45813.05,Renting,3,2022-07-16
CUST001043,Carolyn,Sullivan,1964-08-07,59,F,NSW,2619,Self-Employed,5,81991.5,Owner,0,2018-01-27
CUST001044,Laura,Collins,1951-05-02,72,F,NSW,2920,Full-Time,89,27602.7,Renting,2,2021-10-06
CUST001045,Deborah,Johnson,1975-01-09,49,F,VIC,2644,Full-Time,19,124598.07,Owner,1,2017-12-14
CUST001046,Linda,Hopkins,1964-09-17,59,F,NSW,2650,Full-Time,46,87194.18,Renting,0,2025-05-25
CUST001047,Andrew,Heath,1977-11-27,46,F,ACT,2459,Full-Time,31,54639.62,Owner,0,2019-05-29
CUST001048,Stephanie,Mosley,1953-05-31,70,M,QLD,2462,Full-Time,14,90139.76,Renting,0,2018-11-06
CUST001049,Vincent,Martinez,1982-11-04,41,F,NSW,6847,Casual,13,34338.79,Mortgage,4,2024-09-07
CUST001050,David,Roman,1963-07-15,60,F,VIC,2959,Self-Employed,6,35653.24,Renting,1,2023-05-12
CUST001051,Julie,Walls,1996-06-18,27,F,QLD,2672,Casual,24,40843.74,Mortgage,0,2017-09-08
CUST001052,Joshua,Ortiz,1962-02-22,61,F,ACT,6078,Part-Time,14,47030.28,Owner,0,2020-02-05
CUST001053,Leslie,Coleman,2004-10-01,19,F,NSW,2694,Full-Time,6,39766.2,Mortgage,1,2024-08-21
CUST001054,Michael,Baldwin,2004-01-26,19,M,NSW,2930,Full-Time,2,68058.95,Renting,0,2022-07-14
CUST001055,Austin,Stevenson,2002-03-25,21,F,WA,2234,Self-Employed,23,87463.34,Renting,0,2021-09-12
CUST001056,Susan,Cox,1967-08-31,56,M,QLD,2619,Self-Employed,15,92857.0,Renting,2,2021-07-16
CUST001057,Scott,Smith,1963-06-09,60,F,QLD,2994,Casual,77,41889.86,Mortgage,1,2019-06-08
CUST001058,Katherine,Evans,2004-01-13,19,M,VIC,2647,Self-Employed,2,98605.6,Living with Family,3,2022-05-29
CUST001059,Katie,Sullivan,2000-09-25,23,M,VIC,2141,Part-Time,49,44268.9,Mortgage,0,2024-02-18
CUST001060,Thomas,Gutierrez,2004-04-10,19,F,WA,2956,Full-Time,10,71613.36,Renting,3,2024-08-12
CUST001061,Madison,Hale,1997-04-19,26,F,QLD,3156,Full-Time,205,48086.55,Renting,2,2022-02-22
CUST001062,Joan,Chavez,1996-11-26,27,F,VIC,2002,Full-Time,29,57046.99,Owner,1,2022-05-25
CUST001063,Derek,Morales,1995-08-09,28,F,WA,0945,Full-Time,2,70736.85,Mortgage,0,2021-11-27
CUST001064,John,Reeves,1956-02-26,67,F,SA,2629,Full-Time,29,41781.44,Living with Family,0,2022-11-24
CUST001065,Luis,Mendoza,1995-09-13,28,F,QLD,2624,Casual,97,36145.18,Owner,1,2018-04-15
CUST001066,Mark,Campbell,1984-02-14,39,F,NSW,2465,Full-Time,3,57614.08,Renting,3,2018-05-12
CUST001067,Shirley,Wilkerson,2000-07-22,23,M,NSW,2680,Part-Time,47,27718.9,Owner,1,2025-04-04
CUST001068,Deborah,Sims,2003-04-08,20,F,QLD,2473,Full-Time,12,86188.21,Renting,0,2019-01-30
CUST001069,Brandon,Williamson,1999-02-18,24,F,QLD,7421,Full-Time,10,97243.0,Mortgage,3,2025-05-07
CUST001070,Ashley,Smith,1959-08-05,64,F,NSW,8677,Part-Time,17,31454.05,Owner,2,2017-10-16
CUST001071,James,Atkins,1991-02-11,32,F,QLD,2847,Full-Time,25,85065.89,Mortgage,0,2020-02-29
CUST001072,Jamie,Lewis,1974-09-28,49,F,VIC,2923,Full-Time,15,65190.66,Owner,3,2020-06-28
CUST001073,Dustin,Roberts,1973-06-03,50,F,VIC,2739,Full-Time,15,77612.3,Owner,0,2020-10-13
CUST001074,Brandi,Holland,1964-02-17,59,F,QLD,2407,Full-Time,20,93989.79,Mortgage,2,2017-12-03
CUST001075,Heather,Mcdaniel,1968-06-22,55,M,NSW,2986,Casual,1,29187.46,Owner,4,2023-05-08
CUST001076,Cody,Brown,1964-08-02,59,F,NSW,2953,Full-Time,45,57624.97,Owner,0,2020-12-17
CUST001077,Catherine,Lambert,1970-04-11,53,F,NSW,7004,Full-Time,9,74290.22,Owner,0,2021-04-07
CUST001078,Tiffany,Lambert,1971-10-27,52,M,SA,2628,Casual,15,27534.58,Renting,1,2017-02-04
CUST001079,Geoffrey,Vasquez,1960-02-17,63,M,QLD,2957,Full-Time,29,74210.26,Renting,0,2017-11-29
CUST001080,Alyssa,Thomas,1968-02-18,55,M,VIC,2619,Full-Time,6,88258.86,Renting,2,2019-07-18
CUST001081,Teresa,Campbell,1978-09-06,45,M,QLD,2976,Full-Time,2,37537.12,Renting,3,2019-04-09
CUST001082,Chloe,Juarez,2000-08-03,23,M,QLD,2785,Self-Employed,4,107839.51,Mortgage,0,2020-08-24
CUST001083,Jillian,Henry,1959-04-19,64,M,QLD,2638,Self-Employed,19,15000.0,Mortgage,0,2024-05-26
CUST001084,Lauren,Brown,1987-11-09,36,F,NSW,2630,Full-Time,1,74502.74,Mortgage,0,2018-10-17
CUST001085,Jorge,Mccarthy,1951-10-22,72,M,TAS,2601,Full-Time,38,131630.72,Mortgage,2,2025-09-06
CUST001086,Billy,Kelly,2003-07-03,20,F,NSW,9777,Full-Time,28,121698.61,Mortgage,0,2017-09-26
CUST001087,Earl,Bailey,1991-06-22,32,M,WA,2674,Full-Time,5,57089.88,Mortgage,2,2018-05-08
CUST001088,William,Nelson,1959-06-28,64,M,VIC,6390,Full-Time,44,39591.71,Renting,0,2021-06-17
CUST001089,Robert,Jones,1982-10-31,41,F,WA,2920,Full-Time,1,97406.18,Mortgage,0,2022-10-25
CUST001090,Anthony,Maldonado,2001-03-11,22,M,WA,2619,Full-Time,76,63219.35,Mortgage,1,2020-04-09
CUST001091,Stephanie,Hood,1983-12-19,40,M,NSW,2630,Full-Time,4,60310.75,Mortgage,2,2017-06-15
CUST001092,Donna,Gibson,1997-11-27,26,M,QLD,2890,Full-Time,101,86434.34,Owner,3,2019-09-09
CUST001093,Cindy,Chavez,1952-04-08,71,M,WA,5230,Self-Employed,32,78963.2,Owner,0,2023-12-09
CUST001094,Lauren,Manning,1966-02-20,57,M,NSW,9961,Full-Time,16,93029.85,Renting,1,2020-04-25
CUST001095,Tammy,Glenn,1960-01-19,63,F,QLD,2403,Casual,35,26560.8,Owner,3,2018-03-11
CUST001096,Justin,Goodwin,1994-12-08,29,M,NSW,2631,Casual,33,34222.58,Owner,3,2019-05-31
CUST001097,Jill,Dorsey,1996-03-10,27,M,VIC,7251,Part-Time,4,37434.42,Renting,1,2024-03-18
CUST001098,Tracy,Mcclure,1979-06-18,44,F,NSW,2914,Full-Time,19,95358.64,Owner,4,2021-10-16
CUST001099,Katherine,Shepherd,1974-04-07,49,F,QLD,0826,Full-Time,91,49704.75,Living with Family,2,2022-05-27
CUST001100,William,Mcpherson,1955-02-12,68,M,QLD,2682,Full-Time,41,79327.76,Mortgage,1,2025-02-06
CUST001101,Deborah,Miller,1980-04-22,43,M,WA,2906,Self-Employed,38,78313.38,Mortgage,0,2017-06-09
CUST001102,Kevin,Joyce,1996-03-19,27,M,NSW,2933,Full-Time,8,88207.92,Mortgage,3,2021-06-07
CUST001103,Brandon,Jones,1966-11-12,57,M,NSW,2181,Part-Time,50,17463.48,Renting,2,2021-04-27
CUST001104,Steven,Cortez,1973-09-06,50,M,NSW,2754,Self-Employed,36,87960.54,Mortgage,2,2021-12-29
CUST001105,Allen,Yang,1994-04-23,29,F,QLD,2902,Full-Time,24,100400.93,Renting,2,2023-10-20
CUST001106,Brandon,Butler,1998-08-13,25,M,VIC,2935,Full-Time,62,75517.48,Mortgage,1,2022-01-04
CUST001107,Ellen,Hanson,1976-02-12,47,M,WA,2752,Full-Time,56,67627.63,Renting,0,2018-08-16
CUST001108,Tina,Green,1954-04-07,69,M,WA,2568,Full-Time,140,71247.34,Living with Family,0,2016-11-19
CUST001109,Alexander,Rios,1972-08-19,51,F,QLD,2906,Full-Time,116,74638.37,Owner,2,2024-07-17
CUST001110,Carolyn,Tucker,2005-09-28,18,F,VIC,0895,Full-Time,23,74137.11,Mortgage,2,2022-12-10
CUST001111,Emily,Ballard,2005-08-03,18,F,NSW,2422,Casual,21,15000.0,Owner,1,2016-11-06
CUST001112,Allen,Waller,1956-03-20,67,M,VIC,2037,Part-Time,64,39035.55,Renting,2,2022-07-25
CUST001113,Ryan,Garrett,1987-05-31,36,M,QLD,4314,Full-Time,8,58791.43,Mortgage,2,2023-08-27
CUST001114,Robert,Wilson,1958-04-27,65,F,QLD,2637,Casual,1,33134.43,Renting,3,2025-05-26
CUST001115,Michelle,Richards,1977-01-27,46,M,VIC,2664,Full-Time,3,99213.13,Living with Family,1,2021-11-06
CUST001116,Brent,Smith,1998-02-02,25,M,QLD,0966,Self-Employed,17,69473.94,Living with Family,2,2024-05-12
CUST001117,Caitlin,Spencer,1992-06-23,31,M,QLD,2920,Full-Time,24,97714.83,Mortgage,4,2021-02-10
CUST001118,Brittany,Carr,1977-12-02,46,M,QLD,2920,Full-Time,47,95666.04,Mortgage,0,2018-10-24
CUST001119,Andrew,Ray,1953-03-31,70,M,VIC,9146,Full-Time,11,85724.66,Renting,0,2024-09-22
CUST001120,Cindy,Lucas,1956-07-05,67,F,SA,2616,Self-Employed,54,51394.18,Mortgage,4,2016-11-29
CUST001121,James,Cooper,1966-06-07,57,M,VIC,2688,Part-Time,27,47537.52,Owner,0,2018-09-14
CUST001122,Matthew,Guzman,2002-06-14,21,M,QLD,2902,Part-Time,108,40761.3,Mortgage,0,2024-09-02
CUST001123,Peter,Butler,1991-08-29,32,F,SA,2977,Full-Time,3,108480.62,Mortgage,2,2023-12-03
CUST001124,Christy,Campbell,1998-09-16,25,F,NSW,2472,Part-Time,18,43734.54,Mortgage,4,2018-04-14
CUST001125,Travis,Leon,1958-10-17,65,F,NSW,2920,Full-Time,1,43331.01,Mortgage,1,2019-06-17
CUST001126,Brandon,Smith,1961-11-15,62,M,NSW,2752,Self-Employed,23,40674.82,Renting,2,2018-04-19
CUST001127,Wesley,Roman,1999-07-29,24,F,NSW,2956,Full-Time,9,60074.54,Renting,1,2017-10-01
CUST001128,Anna,Tucker,1962-11-16,61,M,VIC,2955,Casual,14,32741.56,Mortgage,1,2023-08-25
CUST001129,Angela,Kemp,1994-05-23,29,M,NSW,3910,Part-Time,7,33201.9,Mortgage,3,2025-01-23
CUST001130,Stephen,Skinner,1975-02-13,48,M,VIC,2619,Part-Time,4,43564.61,Mortgage,0,2025-06-30
CUST001131,Chelsea,Garrison,1995-01-23,28,M,NSW,2580,Full-Time,17,78879.25,Renting,1,2021-04-16
CUST001132,David,Harris,1959-06-01,64,M,NSW,2972,Full-Time,73,70636.23,Renting,0,2023-04-13
CUST001133,Kathleen,Jimenez,1990-10-19,33,F,SA,2525,Full-Time,32,57266.66,Renting,0,2019-09-26
CUST001134,Melinda,Gonzales,1957-09-19,66,F,VIC,0203,Self-Employed,3,61215.38,Renting,2,2024-03-28
CUST001135,Justin,Jackson,1977-03-14,46,M,WA,2856,Part-Time,1,54565.55,Owner,0,2019-12-21
CUST001136,Edward,Molina,1988-04-18,35,F,QLD,0232,Full-Time,87,105656.23,Renting,3,2023-12-10
CUST001137,Robert,Ellis,1973-09-14,50,F,TAS,8507,Full-Time,10,102929.8,Renting,2,2018-01-13
CUST001138,Linda,Acevedo,1950-04-21,73,M,WA,2455,Full-Time,51,71961.73,Mortgage,2,2020-05-04
CUST001139,Ryan,Long,1994-07-10,29,M,NSW,2129,Part-Time,15,61545.69,Mortgage,0,2017-03-31
CUST001140,Jennifer,Guerrero,1986-05-11,37,M,QLD,8466,Full-Time,25,98645.5,Renting,1,2024-09-11
CUST001141,Morgan,Griffith,1990-05-16,33,F,NSW,2945,Full-Time,31,69374.31,Living with Family,1,2016-10-17
CUST001142,Allison,Knapp,1965-12-14,58,F,NSW,2997,Full-Time,125,96884.89,Renting,0,2022-07-09
CUST001143,Claudia,Montgomery,2001-03-16,22,F,NSW,2615,Self-Employed,1,99425.0,Renting,2,2024-09-17
CUST001144,Richard,Gonzalez,1995-01-21,28,M,NSW,2931,Part-Time,1,57817.41,Mortgage,0,2017-01-21
CUST001145,Jessica,Singh,1969-02-15,54,F,VIC,2628,Full-Time,1,37027.17,Renting,1,2025-08-26
CUST001146,Christopher,Arnold,1966-03-12,57,M,NSW,8520,Self-Employed,70,64379.17,Renting,0,2016-12-22
CUST001147,Brittany,Allen,1995-12-06,28,F,QLD,2936,Full-Time,49,75469.55,Mortgage,2,2025-08-10
CUST001148,Brian,Watson,1956-02-18,67,M,VIC,0985,Self-Employed,101,90686.85,Mortgage,1,2017-11-02
CUST001149,Shelly,West,1993-08-09,30,F,WA,5075,Self-Employed,123,65286.74,Renting,2,2025-07-27
CUST001150,Vanessa,Cunningham,1996-06-09,27,M,NSW,0989,Full-Time,63,47091.12,Renting,3,2018-10-30
CUST001151,Elizabeth,Briggs,1967-01-30,56,M,VIC,5268,Full-Time,1,83937.45,Mortgage,2,2023-05-13
CUST001152,Zachary,Lee,1955-10-31,68,F,NSW,2977,Full-Time,26,36042.01,Mortgage,1,2017-08-10
CUST001153,Maria,Miller,1991-01-01,33,F,WA,2262,Part-Time,18,39281.08,Owner,1,2021-01-04
CUST001154,Mike,Fox,1975-08-09,48,M,VIC,6886,Full-Time,30,50440.38,Mortgage,1,2024-07-28
CUST001155,Dana,Barajas,1983-08-13,40,M,NSW,2920,Part-Time,133,41248.36,Renting,1,2023-04-24
CUST001156,Francisco,Wagner,1973-11-28,50,F,NSW,2920,Part-Time,115,20559.01,Owner,2,2023-02-15
CUST001157,Janet,Boyer,1957-03-25,66,F,QLD,2619,Full-Time,31,95959.02,Mortgage,1,2022-12-22
CUST001158,Antonio,Moore,1976-02-21,47,M,NSW,9519,Full-Time,25,77959.89,Mortgage,1,2024-05-24
CUST001159,Mike,Roberts,1956-02-16,67,M,ACT,8215,Full-Time,51,86740.69,Mortgage,1,2019-06-21
CUST001160,Kelly,Johnson,1971-06-12,52,M,NSW,2632,Full-Time,5,112057.17,Owner,0,2023-10-12
CUST001161,Sharon,Torres,1974-03-10,49,F,ACT,2923,Full-Time,2,86948.94,Owner,4,2018-05-16
CUST001162,Aaron,Kelley,1992-08-16,31,M,NSW,2306,Full-Time,36,47295.38,Owner,0,2021-01-20
CUST001163,Shaun,Morgan,1967-09-09,56,F,NSW,2987,Part-Time,29,48966.61,Mortgage,0,2024-03-26
CUST001164,Dean,Taylor,1998-01-29,25,M,WA,0977,Part-Time,42,30198.94,Owner,3,2022-09-24
CUST001165,Jessica,Davis,1958-05-15,65,F,NSW,0896,Part-Time,117,40597.38,Mortgage,0,2020-03-17
CUST001166,Matthew,Williams,2001-12-09,22,M,WA,2614,Unemployed,0,19615.06,Mortgage,1,2022-07-16
CUST001167,Jasmine,Armstrong,1999-12-14,24,F,NSW,2938,Full-Time,6,67535.1,Mortgage,2,2022-07-13
CUST001168,Christopher,Friedman,1987-01-27,36,M,NSW,4909,Part-Time,112,20213.35,Renting,0,2021-06-03
CUST001169,Wayne,Smith,1993-04-04,30,M,SA,4204,Casual,25,34941.4,Renting,0,2023-10-22
CUST001170,Janice,Clay,1963-12-15,60,M,WA,2611,Full-Time,100,82084.31,Mortgage,4,2023-12-27
CUST001171,Richard,Williams,1984-12-03,39,M,ACT,2056,Full-Time,13,60928.23,Owner,4,2018-05-08
CUST001172,Allison,Reyes,1951-02-14,72,F,NSW,2411,Part-Time,32,19612.0,Owner,0,2021-08-07
CUST001173,Ian,Tate,1966-04-11,57,F,NSW,2634,Part-Time,10,27912.44,Renting,3,2025-04-17
CUST001174,Brian,Woodward,1989-01-31,34,M,VIC,2650,Self-Employed,19,91735.93,Mortgage,1,2023-02-22
CUST001175,Corey,Thomas,1967-01-05,57,F,VIC,2944,Full-Time,36,94021.07,Mortgage,0,2020-02-08
CUST001176,David,Harris,1997-09-25,26,M,VIC,7937,Self-Employed,14,89826.23,Renting,3,2021-04-20
CUST001177,Stacy,Adams,1978-12-25,45,M,VIC,2947,Casual,38,49788.85,Renting,1,2021-09-14
CUST001178,Anthony,Schultz,1953-07-10,70,F,WA,2048,Full-Time,3,91853.66,Mortgage,0,2025-05-24
CUST001179,John,Peters,1988-11-18,35,F,QLD,2624,Full-Time,32,67002.41,Mortgage,3,2021-11-02
CUST001180,Meghan,Mason,1975-08-05,48,M,NSW,2635,Casual,76,40222.2,Renting,1,2021-08-03
CUST001181,John,Cisneros,1959-06-25,64,M,SA,9700,Casual,17,29866.39,Mortgage,0,2024-01-15
CUST001182,Christine,Delgado,2005-06-21,18,M,WA,2640,Full-Time,6,42745.26,Renting,0,2017-04-07
CUST001183,Joshua,King,2003-03-11,20,F,NSW,2985,Self-Employed,22,63978.19,Renting,2,2024-04-22
CUST001184,Mary,Campbell,1962-01-24,61,M,VIC,2648,Part-Time,1,23023.28,Renting,3,2021-10-16
CUST001185,Randall,Martinez,1967-03-01,56,M,QLD,2628,Full-Time,38,84792.1,Renting,2,2025-09-18
CUST001186,Jason,Wagner,2000-08-31,23,F,WA,2945,Full-Time,18,27613.34,Mortgage,0,2022-06-10
CUST001187,Joshua,Bates,1990-10-11,33,F,QLD,2945,Casual,108,35153.49,Mortgage,0,2018-08-15
CUST001188,Mark,Sloan,2005-05-07,18,M,NSW,2620,Full-Time,7,69378.27,Living with Family,3,2022-03-16
CUST001189,Albert,Thompson,1949-12-22,74,F,NSW,9768,Part-Time,41,36680.15,Mortgage,0,2017-06-15
CUST001190,Denise,Ryan,2000-07-29,23,F,NSW,2611,Full-Time,59,94531.74,Mortgage,1,2019-11-26
CUST001191,Maria,Howard,1996-11-12,27,F,QLD,2650,Part-Time,11,21333.03,Renting,1,2017-11-06
CUST001192,James,Smith,1971-03-20,52,M,VIC,2045,Full-Time,8,65181.12,Renting,1,2018-06-13
CUST001193,Colleen,Stokes,1997-01-26,26,M,NSW,2683,Full-Time,8,117600.52,Mortgage,3,2025-07-18
CUST001194,Benjamin,Vasquez,2005-10-30,18,F,VIC,7303,Full-Time,24,23570.11,Owner,1,2025-08-01
CUST001195,Daniel,Ramirez,1986-10-03,37,M,QLD,3728,Full-Time,8,77829.82,Mortgage,0,2018-06-20
CUST001196,Emily,Morrison,1992-07-30,31,M,NSW,2651,Part-Time,5,27806.44,Renting,2,2022-01-07
CUST001197,David,Mahoney,1992-12-28,31,M,NSW,2688,Part-Time,3,20306.8,Mortgage,0,2023-04-14
CUST001198,Melanie,Johnson,1965-08-21,58,F,VIC,4948,Part-Time,1,52059.67,Mortgage,2,2024-09-02
CUST001199,Ronald,Nunez,1949-11-03,74,M,TAS,2256,Full-Time,63,95333.7,Mortgage,0,2024-04-28
CUST001200,David,Holmes,1973-04-29,50,M,NSW,2920,Full-Time,25,80973.4,Renting,2,2019-12-24
CUST001201,Nicole,Walker,1993-10-01,30,F,WA,2868,Full-Time,67,100210.09,Renting,2,2020-10-06
CUST001202,James,Miller,1950-01-10,74,M,WA,5036,Full-Time,50,73810.02,Mortgage,1,2025-05-06
CUST001203,James,Murphy,2002-11-29,21,M,WA,2310,Part-Time,12,34400.34,Mortgage,2,2021-01-16
CUST001204,Brittany,Sims,1996-08-04,27,M,NSW,2954,Full-Time,144,50047.82,Mortgage,0,2018-12-13
CUST001205,Susan,Wall,1977-03-12,46,F,NSW,2958,Full-Time,1,40542.75,Renting,1,2023-11-15
CUST001206,Kimberly,Harvey,2004-06-14,19,F,NSW,2579,Full-Time,3,33351.68,Owner,0,2017-11-06
CUST001207,Nicholas,Wu,2002-11-23,21,M,NSW,2320,Full-Time,14,68371.1,Living with Family,1,2024-12-30
CUST001208,Kevin,Sims,1975-05-11,48,M,NSW,2310,Part-Time,82,48822.2,Renting,2,2021-10-04
CUST001209,Patrick,Davis,1966-10-31,57,F,WA,0239,Full-Time,10,65639.79,Mortgage,1,2023-10-24
CUST001210,Shawn,Marshall,1985-12-01,38,F,SA,2609,Full-Time,9,61378.22,Living with Family,0,2022-04-19
CUST001211,Sharon,Logan,1969-06-04,54,M,NSW,2908,Self-Employed,22,84254.82,Mortgage,2,2019-09-05
CUST001212,Curtis,Larson,1960-11-21,63,M,NSW,2393,Part-Time,2,66003.29,Renting,2,2024-11-11
CUST001213,William,Kelly,1957-01-12,67,F,VIC,2919,Full-Time,23,52730.11,Owner,0,2020-09-22
CUST001214,Laura,Brown,1963-10-30,60,F,VIC,2939,Unemployed,0,18105.71,Renting,1,2020-08-24
CUST001215,Karen,Collins,2005-05-23,18,M,QLD,4227,Full-Time,67,67946.54,Owner,2,2019-07-03
CUST001216,Miguel,Smith,1969-08-13,54,M,QLD,6203,Full-Time,30,47554.04,Mortgage,0,2021-04-15
CUST001217,Michele,Henderson,1998-03-02,25,M,ACT,2663,Full-Time,37,69393.84,Owner,1,2022-06-28
CUST001218,Casey,Lopez,1961-05-26,62,F,NSW,2917,Full-Time,45,94439.28,Mortgage,3,2022-02-14
CUST001219,Beth,Mccarty,1968-12-06,55,F,NSW,0846,Full-Time,9,104130.34,Renting,0,2019-09-07
CUST001220,Nancy,Lozano,1955-10-23,68,M,QLD,2920,Casual,20,40645.88,Renting,3,2018-09-13
CUST001221,Jeffrey,Hall,1949-12-10,74,M,VIC,0833,Full-Time,8,53054.85,Renting,1,2021-01-19
CUST001222,Lisa,Aguirre,1994-04-16,29,F,QLD,2983,Full-Time,71,76793.91,Renting,0,2020-04-29
CUST001223,Adam,Smith,1997-08-21,26,M,QLD,2960,Full-Time,89,47218.67,Renting,2,2021-09-19
CUST001224,Scott,Welch,1957-12-26,66,M,NSW,2970,Casual,3,52927.66,Owner,1,2025-07-02
CUST001225,Justin,Robinson,1961-04-11,62,F,NSW,2725,Full-Time,59,77475.0,Mortgage,2,2024-05-08
CUST001226,James,Thompson,1963-12-29,60,F,QLD,2710,Full-Time,11,76643.96,Owner,4,2024-03-16
CUST001227,Diana,Dyer,1957-09-08,66,F,VIC,2953,Full-Time,2,96373.33,Owner,1,2019-06-21
CUST001228,Lisa,Guerrero,1963-08-28,60,F,SA,8961,Self-Employed,33,31735.31,Renting,2,2017-10-16
CUST001229,David,Lopez,2000-12-03,23,M,QLD,4655,Full-Time,74,98423.92,Living with Family,0,2022-02-13
CUST001230,Brandon,Jensen,1963-11-29,60,F,VIC,2668,Full-Time,21,95130.69,Renting,1,2019-05-16
CUST001231,John,Soto,1958-05-06,65,M,NSW,2828,Part-Time,32,45911.96,Renting,0,2025-06-10
CUST001232,Jason,Miller,2001-02-07,22,F,ACT,2919,Full-Time,6,51622.03,Mortgage,2,2017-04-23
CUST001233,Karen,Newman,1979-03-24,44,M,QLD,3578,Full-Time,22,41228.77,Renting,3,2020-11-26
CUST001234,Nathaniel,Neal,1968-05-23,55,F,SA,2920,Full-Time,54,56182.51,Renting,0,2020-12-27
CUST001235,Danielle,Gibbs,1983-06-08,40,M,VIC,2133,Full-Time,14,78284.77,Renting,2,2024-10-11
CUST001236,Jimmy,Robinson,1975-12-12,48,F,WA,2606,Part-Time,11,40829.78,Renting,1,2021-11-13
CUST001237,Neil,Pierce,2003-12-26,20,M,NSW,2621,Full-Time,30,113943.83,Renting,0,2019-05-19
CUST001238,Jerry,Williams,1979-10-26,44,F,QLD,3956,Full-Time,20,91982.38,Owner,0,2020-10-13
CUST001239,Michael,Jimenez,1974-10-24,49,F,QLD,2860,Part-Time,36,51221.92,Mortgage,0,2018-05-05
CUST001240,Deanna,Howard,1963-04-15,60,F,QLD,2448,Full-Time,61,107355.74,Living with Family,0,2021-05-04
CUST001241,Kristi,House,1987-01-22,36,F,NSW,2511,Full-Time,6,81231.03,Mortgage,0,2019-12-20
CUST001242,Matthew,Leonard,1981-05-25,42,M,SA,2744,Casual,46,16498.13,Renting,2,2018-06-10
CUST001243,Devin,Wyatt,1984-10-04,39,M,VIC,4404,Full-Time,12,141432.59,Renting,0,2019-04-06
CUST001244,Wendy,Bautista,1969-10-31,54,F,NSW,6078,Full-Time,3,76508.36,Owner,0,2025-08-17
CUST001245,Michelle,Perez,2004-11-29,19,M,QLD,2677,Full-Time,26,32721.84,Renting,1,2018-10-30
CUST001246,Angela,Harrison,1983-10-10,40,M,NSW,2905,Unemployed,0,17193.45,Mortgage,2,2023-11-08
CUST001247,Jacob,Carrillo,1967-11-20,56,F,VIC,0237,Self-Employed,67,56414.48,Mortgage,0,2020-10-10
CUST001248,Nicholas,Ray,1982-02-12,41,M,NSW,2624,Full-Time,10,85432.93,Living with Family,0,2025-03-19
CUST001249,Lisa,Flowers,1950-04-16,73,M,VIC,2953,Full-Time,28,109271.33,Living with Family,0,2020-06-30
CUST001250,Richard,Osborne,1989-07-02,34,M,VIC,4459,Casual,9,38799.01,Renting,0,2016-12-07
CUST001251,Sandra,Hernandez,1995-04-12,28,M,SA,2959,Self-Employed,22,70065.05,Renting,1,2022-05-24
CUST001252,Cathy,Camacho,1984-09-13,39,M,NSW,2983,Full-Time,50,19999.87,Renting,1,2025-04-06
CUST001253,Paul,Wells,1953-06-03,70,M,VIC,2959,Self-Employed,8,84060.37,Renting,1,2025-05-19
CUST001254,Kevin,Jackson,1986-10-15,37,M,VIC,9209,Self-Employed,5,86994.76,Mortgage,4,2021-02-14
CUST001255,Chad,Mccarty,1960-07-21,63,F,NSW,2923,Part-Time,43,41721.71,Mortgage,3,2018-10-28
CUST001256,Chad,Brown,1987-12-25,36,F,NSW,8025,Full-Time,17,59712.8,Living with Family,2,2024-06-17
CUST001257,Eric,Rodriguez,1973-07-22,50,M,VIC,4671,Part-Time,60,32443.13,Owner,2,2020-03-23
CUST001258,Jamie,Harrell,2002-02-18,21,M,SA,2936,Full-Time,22,67574.09,Renting,1,2024-02-01
CUST001259,Erik,Andrews,1988-04-13,35,F,QLD,2939,Unemployed,0,29273.83,Living with Family,1,2018-07-21
CUST001260,Stephen,Harris,1991-04-20,32,F,TAS,2637,Full-Time,44,68023.95,Renting,0,2017-04-20
CUST001261,Lindsey,Fox,1972-11-18,51,M,QLD,5777,Full-Time,38,84580.79,Mortgage,1,2021-11-28
CUST001262,Keith,Ibarra,1992-06-27,31,F,QLD,2905,Full-Time,117,112856.63,Mortgage,2,2023-01-10
CUST001263,Kenneth,Austin,1991-01-01,33,M,VIC,2656,Full-Time,28,103897.02,Mortgage,0,2018-12-19
CUST001264,Jessica,Ellis,2001-12-03,22,F,VIC,2659,Full-Time,97,24773.87,Owner,2,2017-08-02
CUST001265,Bradley,Mcclure,1990-04-01,33,F,VIC,2644,Casual,115,30839.1,Renting,3,2024-08-31
CUST001266,Elizabeth,Jones,1980-11-30,43,F,NSW,2677,Full-Time,11,108101.34,Mortgage,0,2020-06-04
CUST001267,David,Wood,1993-11-30,30,M,NSW,2585,Full-Time,29,94355.5,Mortgage,1,2020-05-31
CUST001268,Jared,Williams,1959-04-15,64,F,VIC,2017,Full-Time,43,63280.51,Renting,2,2020-02-26
CUST001269,Melissa,Sanders,1992-12-28,31,M,NSW,1412,Casual,104,46198.52,Renting,1,2019-09-02
CUST001270,Todd,Jones,1993-02-23,30,F,VIC,9372,Casual,25,58745.4,Owner,2,2020-12-17
CUST001271,Evan,Roberson,1965-12-01,58,M,QLD,7124,Casual,1,36322.61,Living with Family,1,2017-11-04
CUST001272,Gary,Powers,1992-09-23,31,F,SA,1427,Self-Employed,3,54604.87,Owner,1,2019-12-13
CUST001273,Austin,Leonard,1962-04-17,61,F,NSW,2677,Casual,17,48316.57,Living with Family,1,2022-12-30
CUST001274,Lisa,Davidson,1998-03-30,25,M,NSW,2564,Casual,47,35425.8,Mortgage,0,2020-09-20
CUST001275,Brandon,Bennett,1984-06-03,39,F,NSW,2663,Full-Time,43,107243.22,Renting,1,2020-02-05
CUST001276,Christopher,Fisher,1963-07-25,60,M,SA,1531,Full-Time,8,53277.97,Mortgage,0,2018-09-17
CUST001277,Laura,Rivas,2000-11-24,23,M,QLD,2642,Full-Time,9,61257.0,Mortgage,2,2017-02-13
CUST001278,Lisa,Morris,1979-06-14,44,F,NSW,0939,Full-Time,41,104243.08,Renting,2,2018-08-03
CUST001279,Sheila,Martinez,1981-02-22,42,F,NSW,2671,Full-Time,13,67464.07,Mortgage,2,2019-12-08
CUST001280,Richard,Stewart,1959-10-18,64,F,VIC,2983,Part-Time,12,32474.35,Mortgage,0,2020-11-07
CUST001281,Lisa,Santos,1953-07-22,70,F,NSW,2970,Full-Time,67,67342.07,Living with Family,2,2017-05-01
CUST001282,Kevin,George,1962-05-27,61,F,WA,2589,Full-Time,25,83732.0,Mortgage,1,2018-04-08
CUST001283,Carol,Jarvis,2005-05-08,18,M,VIC,2982,Casual,103,40756.54,Living with Family,0,2019-09-18
CUST001284,Nicole,Stewart,1986-07-30,37,M,VIC,2911,Self-Employed,49,74148.7,Renting,0,2019-09-28
CUST001285,Brenda,Reyes,1985-01-08,39,M,QLD,0938,Full-Time,44,58761.32,Mortgage,1,2022-01-05
CUST001286,Christina,Mosley,1963-03-21,60,F,NSW,2933,Self-Employed,37,41732.85,Mortgage,0,2023-05-14
CUST001287,Christine,Brown,1993-08-24,30,F,WA,2977,Part-Time,14,32428.12,Mortgage,2,2019-05-24
CUST001288,James,Johnson,1958-07-10,65,M,QLD,7752,Full-Time,17,93529.32,Renting,2,2019-03-25
CUST001289,Kathleen,Meyer,1987-01-21,36,F,TAS,0240,Full-Time,66,89009.3,Mortgage,0,2018-10-14
CUST001290,Matthew,Harris,1992-03-26,31,F,NT,2233,Self-Employed,37,108235.83,Renting,0,2022-03-13
CUST001291,Marc,Ramos,1971-11-08,52,F,VIC,1171,Casual,69,34396.65,Mortgage,1,2025-04-22
CUST001292,Victoria,Mays,1952-09-30,71,M,WA,2621,Full-Time,12,85355.53,Mortgage,1,2018-04-15
CUST001293,Laura,Harris,1981-07-23,42,F,WA,3167,Self-Employed,1,55145.09,Renting,0,2019-07-12
CUST001294,John,Thompson,1991-08-01,32,M,NSW,2694,Part-Time,75,49232.93,Mortgage,0,2019-04-17
CUST001295,Cynthia,Nelson,1975-09-23,48,M,NSW,2911,Full-Time,87,102621.74,Mortgage,1,2025-04-13
CUST001296,Nicholas,Ruiz,1970-08-01,53,F,VIC,2608,Casual,9,39110.75,Living with Family,1,2022-03-18
CUST001297,Eric,Mckay,1974-11-12,49,M,NSW,2910,Full-Time,41,67977.35,Mortgage,1,2023-08-01
CUST001298,Christopher,Knox,1974-07-07,49,F,NSW,2939,Full-Time,9,77755.12,Mortgage,0,2021-07-23
CUST001299,Gregory,James,1981-10-16,42,M,VIC,2937,Full-Time,22,67446.74,Renting,1,2019-04-10
CUST001300,Timothy,Cook,1982-05-01,41,F,NSW,2913,Full-Time,92,84878.42,Renting,1,2018-02-12
CUST001301,Alexander,Mason,1960-09-22,63,F,VIC,2977,Casual,20,46849.0,Renting,3,2020-05-13
CUST001302,Ralph,Harmon,1973-11-04,50,M,NSW,2987,Part-Time,12,35902.44,Mortgage,2,2019-06-30
CUST001303,Nicole,Riddle,1953-11-10,70,M,NSW,2619,Full-Time,23,63567.46,Renting,4,2020-03-09
CUST001304,James,Graham,1982-07-13,41,F,QLD,2758,Full-Time,21,46456.9,Mortgage,0,2023-02-08
CUST001305,Micheal,Brown,1986-07-22,37,M,NSW,2986,Self-Employed,39,87342.12,Mortgage,2,2023-05-07
CUST001306,Austin,Li,1963-10-14,60,F,NSW,0902,Part-Time,60,38144.97,Mortgage,3,2019-01-28
CUST001307,Erin,King,1976-02-22,47,M,SA,7920,Full-Time,77,122895.39,Mortgage,3,2017-10-10
CUST001308,Jennifer,Cruz,1955-01-30,68,M,WA,6183,Unemployed,0,16092.37,Renting,0,2024-08-10
CUST001309,Ronald,Holt,1959-05-06,64,M,NSW,3869,Full-Time,1,78526.8,Renting,0,2019-07-01
CUST001310,Nancy,Luna,1973-08-07,50,F,QLD,2419,Full-Time,20,24705.03,Mortgage,0,2023-09-18
CUST001311,Douglas,Goodman,1969-09-13,54,M,VIC,2994,Part-Time,22,39670.1,Renting,2,2016-10-13
CUST001312,Travis,Davis,1959-06-30,64,M,NSW,0286,Full-Time,27,93212.08,Renting,2,2022-08-13
CUST001313,George,Brooks,1992-03-29,31,M,QLD,2623,Full-Time,18,83580.08,Mortgage,2,2021-02-07
CUST001314,Daniel,Bradley,1978-11-17,45,F,SA,2672,Part-Time,22,64489.52,Owner,0,2018-07-14
CUST001315,Lisa,Lee,1993-03-22,30,M,ACT,0279,Casual,67,35879.51,Owner,1,2017-09-15
CUST001316,Christopher,Miller,1986-08-22,37,M,QLD,2619,Self-Employed,32,80016.09,Owner,0,2019-03-20
CUST001317,Brenda,Woods,1969-07-28,54,M,VIC,2500,Full-Time,111,77228.03,Mortgage,3,2019-02-13
CUST001318,Elizabeth,Mccormick,2005-02-16,18,M,QLD,2113,Part-Time,63,35481.23,Renting,1,2021-06-04
CUST001319,Carrie,Hatfield,1950-02-23,73,M,QLD,2877,Full-Time,27,82876.15,Renting,0,2023-07-15
CUST001320,Matthew,Maldonado,1984-10-12,39,M,QLD,2955,Casual,62,32671.8,Mortgage,0,2024-01-28
CUST001321,Elizabeth,Gray,2004-04-20,19,M,NSW,2255,Full-Time,48,107256.71,Mortgage,0,2023-12-25
CUST001322,Monica,Morales,1949-11-27,74,F,NSW,2620,Full-Time,5,56150.16,Owner,2,2022-02-21
CUST001323,Joshua,Lyons,2000-02-17,23,F,NSW,2695,Full-Time,4,79206.95,Mortgage,1,2020-10-16
CUST001324,Molly,Robertson,1989-07-11,34,M,NSW,2660,Full-Time,15,112390.53,Mortgage,1,2025-08-07
CUST001325,Lisa,Smith,2005-04-06,18,F,NSW,2970,Self-Employed,53,70544.02,Owner,1,2025-06-14
CUST001326,Erica,Hall,1992-05-27,31,F,NSW,2920,Part-Time,10,37337.2,Renting,0,2020-04-29
CUST001327,Christopher,Patterson,1985-04-04,38,M,ACT,2911,Self-Employed,7,70362.97,Renting,0,2023-05-02
CUST001328,James,Thomas,1966-10-09,57,F,VIC,8980,Self-Employed,14,72663.52,Mortgage,3,2017-11-16
CUST001329,Kevin,Nunez,1995-12-10,28,M,NSW,9727,Full-Time,39,63009.21,Owner,0,2025-04-27
CUST001330,Amber,Sanchez,1977-09-10,46,M,SA,2641,Full-Time,1,85427.59,Mortgage,1,2017-09-03
CUST001331,Sarah,Nguyen,1951-06-04,72,F,VIC,2984,Full-Time,27,103679.86,Mortgage,0,2018-09-16
CUST001332,Thomas,Merritt,1964-09-01,59,F,NSW,2619,Full-Time,9,93664.85,Mortgage,1,2022-09-18
CUST001333,Cynthia,Vasquez,2003-03-31,20,M,SA,2953,Full-Time,10,83772.52,Renting,0,2025-02-09
CUST001334,Caroline,Schneider,1994-03-05,29,F,NSW,2986,Self-Employed,8,94503.2,Owner,2,2022-08-11
CUST001335,Tammy,Kim,1995-04-06,28,F,VIC,2683,Part-Time,31,37769.15,Mortgage,0,2019-01-21
CUST001336,Daniel,Peterson,1966-08-09,57,M,VIC,6319,Full-Time,1,51763.89,Renting,2,2020-01-13
CUST001337,Stephanie,Ray,1999-03-21,24,F,VIC,1409,Full-Time,64,57533.43,Mortgage,1,2021-07-18
CUST001338,Tina,Flores,1998-11-10,25,M,VIC,2972,Self-Employed,28,37174.5,Mortgage,2,2021-05-27
CUST001339,Jeffrey,Foster,1984-08-14,39,M,VIC,4752,Self-Employed,57,82265.73,Renting,0,2024-01-26
CUST001340,Jeffery,Frazier,1966-12-10,57,M,NSW,2639,Full-Time,29,56372.97,Mortgage,3,2019-04-11
CUST001341,Melinda,Carey,1993-01-20,30,M,NSW,2195,Full-Time,11,42903.1,Mortgage,2,2019-07-04
CUST001342,Wendy,Mccarthy,1956-11-20,67,M,QLD,2913,Full-Time,47,77858.46,Renting,4,2021-03-07
CUST001343,Nicholas,Zavala,1990-07-26,33,F,WA,2952,Full-Time,54,73270.82,Mortgage,2,2024-03-05
CUST001344,Jessica,Cochran,1961-12-10,62,M,QLD,2227,Full-Time,36,116674.33,Mortgage,0,2023-04-09
CUST001345,Lisa,Gaines,1967-01-28,56,M,WA,2640,Part-Time,13,54779.61,Mortgage,3,2021-08-28
CUST001346,Erica,Mooney,1969-04-18,54,M,VIC,2996,Full-Time,52,93253.64,Mortgage,0,2017-05-16
CUST001347,Justin,Leblanc,1991-11-17,32,M,NSW,9612,Unemployed,0,22068.28,Mortgage,4,2019-08-21
CUST001348,Michelle,Brown,1995-08-15,28,F,SA,2937,Casual,36,39525.2,Mortgage,4,2022-08-13
CUST001349,Scott,Olson,1983-03-15,40,M,NSW,2633,Self-Employed,56,61889.89,Mortgage,1,2018-09-09
CUST001350,Jill,Smith,1993-02-17,30,M,NT,5126,Full-Time,16,49084.55,Renting,2,2025-04-11
CUST001351,Meagan,Howe,1974-07-01,49,F,SA,2557,Full-Time,10,68542.72,Renting,0,2018-05-05
CUST001352,Tina,Santos,1952-10-08,71,F,NSW,6626,Full-Time,93,78042.0,Renting,1,2018-12-06
CUST001353,Randy,Turner,1956-08-13,67,F,SA,7261,Self-Employed,29,75868.5,Mortgage,2,2023-09-22
CUST001354,Debra,Hill,1999-11-21,24,M,QLD,2615,Unemployed,0,15000.0,Renting,3,2016-10-30
CUST001355,David,May,1956-06-28,67,M,NSW,3309,Self-Employed,22,84258.1,Living with Family,1,2021-11-18
CUST001356,Joshua,Mcgee,1982-12-09,41,M,QLD,6267,Self-Employed,7,101317.88,Renting,2,2025-09-21
CUST001357,Kenneth,Martinez,1990-06-26,33,M,VIC,2941,Full-Time,81,55132.64,Renting,4,2023-02-24
CUST001358,Amanda,Sullivan,1999-09-26,24,F,NSW,2068,Full-Time,10,118678.49,Renting,2,2024-01-31
CUST001359,Alyssa,Brown,1995-03-03,28,M,WA,6813,Unemployed,0,15000.0,Mortgage,3,2025-06-01
CUST001360,Henry,George,2001-10-14,22,F,VIC,2650,Full-Time,37,86145.7,Renting,0,2021-09-19
CUST001361,David,Anderson,1996-02-27,27,M,VIC,2672,Self-Employed,14,70325.0,Mortgage,3,2017-07-07
CUST001362,Karen,Miller,1964-08-14,59,M,VIC,2619,Casual,42,28954.56,Renting,1,2021-04-12
CUST001363,Amy,Henderson,1970-10-24,53,M,NSW,1340,Casual,11,39645.13,Owner,1,2025-03-29
CUST001364,Kirsten,Hopkins,1979-11-08,44,F,NSW,2612,Full-Time,45,35091.29,Mortgage,1,2021-12-01
CUST001365,Alexandra,Andersen,1990-01-16,33,F,VIC,2969,Full-Time,79,81630.64,Living with Family,0,2021-07-27
CUST001366,Corey,Weiss,1961-11-24,62,F,NSW,2690,Part-Time,60,36981.63,Owner,2,2018-06-02
CUST001367,Marissa,Bernard,1967-02-10,56,F,NSW,7839,Part-Time,5,41258.71,Renting,3,2019-12-16
CUST001368,Cindy,Jones,1957-03-06,66,M,VIC,2746,Self-Employed,6,63492.99,Owner,0,2022-07-28
CUST001369,Stephen,Duffy,1959-03-14,64,M,SA,2602,Full-Time,4,94461.72,Renting,0,2021-07-19
CUST001370,Jessica,Cowan,1953-10-26,70,F,VIC,2665,Full-Time,33,76178.98,Renting,1,2021-10-18
CUST001371,William,Martin,1987-04-19,36,F,NSW,2635,Full-Time,23,62774.64,Living with Family,3,2025-08-28
CUST001372,Anthony,Munoz,1974-11-16,49,F,QLD,2341,Casual,1,34276.22,Owner,0,2021-07-04
CUST001373,Richard,Murphy,1989-05-25,34,F,NSW,2455,Full-Time,25,15000.0,Mortgage,1,2023-09-23
CUST001374,Lauren,Hill,1958-03-19,65,F,NSW,2563,Full-Time,48,90743.23,Mortgage,2,2020-02-18
CUST001375,Sara,Thompson,1955-10-26,68,F,NSW,2939,Full-Time,24,145045.96,Renting,2,2024-02-12
CUST001376,Allison,Graves,1978-02-15,45,F,NSW,2928,Self-Employed,2,49599.35,Owner,4,2019-03-01
CUST001377,Brandon,Stewart,1955-06-22,68,F,NSW,2982,Full-Time,108,108082.62,Mortgage,1,2019-10-31
CUST001378,Tammy,Schmidt,1992-09-20,31,F,QLD,7679,Full-Time,73,76664.77,Living with Family,0,2017-11-15
CUST001379,William,Moore,1950-04-12,73,F,NSW,2622,Full-Time,22,32710.94,Renting,0,2020-02-19
CUST001380,Brian,Swanson,1992-05-19,31,M,WA,2973,Casual,18,31739.59,Living with Family,1,2022-10-30
CUST001381,Stephen,Gonzales,1973-12-26,50,F,VIC,2967,Full-Time,1,104035.64,Renting,2,2021-03-30
CUST001382,Ronald,David,1965-09-22,58,M,QLD,2684,Casual,94,37189.23,Renting,1,2022-06-12
CUST001383,Kevin,Townsend,1954-10-08,69,M,NSW,2411,Full-Time,7,71573.34,Mortgage,3,2023-04-18
CUST001384,Frederick,Brown,2004-07-12,19,F,NSW,2928,Part-Time,87,36239.05,Owner,2,2025-02-02
CUST001385,Alex,Vaughan,1996-08-11,27,M,QLD,3277,Full-Time,80,48596.37,Living with Family,1,2021-05-11
CUST001386,Heidi,Sullivan,2001-03-27,22,F,NSW,0830,Casual,9,52696.91,Owner,2,2023-02-25
CUST001387,Kara,Sanchez,1990-06-23,33,M,QLD,8909,Full-Time,84,73913.24,Owner,1,2020-10-05
CUST001388,Sarah,Gallagher,1959-07-03,64,M,VIC,2682,Full-Time,26,109827.93,Renting,0,2017-05-26
CUST001389,Willie,Farley,1998-05-31,25,F,NSW,2607,Full-Time,41,87630.64,Mortgage,1,2020-02-20
CUST001390,Daniel,Sloan,1971-05-18,52,M,SA,2698,Casual,36,27268.0,Renting,4,2024-05-19
CUST001391,Kelly,Webb,1999-06-24,24,M,NSW,2730,Full-Time,38,109637.72,Mortgage,0,2023-05-14
CUST001392,Jeff,Torres,1982-09-20,41,M,QLD,3079,Part-Time,50,68452.53,Mortgage,0,2024-05-11
CUST001393,Adam,Stevens,1953-01-23,70,F,NSW,2935,Full-Time,32,68527.79,Renting,0,2017-09-09
CUST001394,Jennifer,Morales,1970-01-04,54,F,NSW,1167,Unemployed,0,24117.15,Renting,0,2018-07-03
CUST001395,Rachel,Jenkins,1980-05-31,43,M,QLD,2920,Full-Time,6,30897.95,Mortgage,0,2016-10-14
CUST001396,John,Ruiz,1994-05-09,29,M,QLD,2974,Full-Time,6,81107.93,Owner,2,2020-01-03
CUST001397,Amanda,Adams,2001-06-22,22,M,NSW,2617,Self-Employed,45,77367.28,Owner,3,2018-03-07
CUST001398,Ryan,Howard,1970-03-30,53,F,VIC,2661,Self-Employed,41,61990.62,Renting,0,2018-06-07
CUST001399,Ralph,Manning,1952-01-23,71,M,QLD,2123,Full-Time,29,98321.6,Owner,1,2025-04-05
CUST001400,Tonya,Wilson,2005-05-22,18,F,SA,2920,Full-Time,54,123110.82,Renting,1,2021-09-04
CUST001401,Jennifer,Nguyen,1996-02-12,27,F,WA,2998,Full-Time,1,59247.44,Renting,1,2023-04-05
CUST001402,Margaret,Anderson,1992-10-03,31,F,NSW,2502,Full-Time,64,55835.45,Living with Family,2,2018-02-15
CUST001403,Katrina,Young,1978-09-23,45,M,VIC,2956,Full-Time,15,72861.31,Living with Family,1,2025-07-06
CUST001404,Ryan,Roberts,1992-06-30,31,M,VIC,2920,Full-Time,9,54409.76,Renting,0,2017-06-20
CUST001405,Christina,Daniel,1974-08-09,49,M,QLD,2653,Full-Time,22,99393.67,Renting,1,2019-04-04
CUST001406,Joseph,Haynes,1956-05-25,67,M,QLD,2603,Full-Time,74,105153.4,Renting,0,2020-12-27
CUST001407,Dakota,Cross,1995-02-15,28,F,QLD,0823,Full-Time,95,71906.18,Owner,2,2025-08-28
CUST001408,Cynthia,Perez,1984-01-06,40,M,NSW,2626,Full-Time,6,86672.0,Renting,0,2017-01-26
CUST001409,Ronald,Jensen,2003-08-13,20,M,NSW,2406,Full-Time,14,83266.35,Renting,1,2020-05-22
CUST001410,Cynthia,Hall,1967-07-02,56,F,SA,2956,Self-Employed,13,69247.72,Renting,0,2021-01-14
CUST001411,Dawn,Torres,1979-04-19,44,M,QLD,2854,Part-Time,56,64809.81,Living with Family,0,2025-03-18
CUST001412,John,Jacobson,1990-12-31,33,F,VIC,2650,Full-Time,23,87342.9,Renting,1,2016-09-23
CUST001413,Marc,Mitchell,1988-01-12,35,M,QLD,2891,Full-Time,8,86260.34,Renting,0,2020-08-08
CUST001414,Travis,Cook,1964-05-10,59,F,NSW,2619,Casual,55,18320.92,Owner,0,2017-08-06
CUST001415,Andrea,Atkins,1950-07-09,73,F,QLD,2955,Full-Time,1,93453.85,Owner,1,2023-05-25
CUST001416,Kimberly,Rice,1970-09-08,53,F,WA,2973,Full-Time,41,74551.77,Renting,3,2022-07-30
CUST001417,Patrick,Eaton,1961-11-28,62,M,WA,2629,Full-Time,21,40186.15,Mortgage,1,2017-10-22
CUST001418,Rhonda,Pena,1983-09-30,40,F,TAS,2663,Full-Time,23,57674.84,Living with Family,3,2023-01-25
CUST001419,Charles,Payne,2003-05-28,20,M,VIC,2954,Full-Time,63,93533.89,Mortgage,0,2023-04-03
CUST001420,Jennifer,Williams,1961-06-11,62,F,VIC,2666,Full-Time,5,73427.07,Renting,0,2021-09-05
CUST001421,Natalie,Castaneda,1964-05-16,59,F,NSW,9557,Part-Time,67,36645.81,Mortgage,3,2022-05-24
CUST001422,Ryan,Webb,1956-07-15,67,F,NSW,8802,Unemployed,0,17288.51,Mortgage,3,2022-02-12
CUST001423,David,Williams,1990-02-19,33,M,NSW,5036,Casual,23,41205.59,Mortgage,2,2021-03-07
CUST001424,William,Jones,1980-08-10,43,M,NSW,2618,Full-Time,112,120881.93,Mortgage,0,2020-03-07
CUST001425,Richard,Nelson,1994-12-06,29,F,NSW,2650,Full-Time,44,103377.31,Mortgage,0,2018-03-01
CUST001426,Heather,Suarez,1962-05-12,61,M,QLD,3788,Full-Time,10,77410.58,Renting,1,2019-01-20
CUST001427,Kenneth,Adams,1999-03-03,24,M,WA,2619,Full-Time,84,88201.17,Renting,1,2018-04-07
CUST001428,John,Williams,1952-05-16,71,F,SA,2634,Full-Time,31,60170.58,Mortgage,0,2025-01-25
CUST001429,Krystal,Day,1965-05-30,58,F,WA,2693,Full-Time,3,65283.96,Owner,3,2021-07-15
CUST001430,Michael,Jacobs,1949-10-22,74,M,WA,2975,Casual,1,52407.96,Renting,2,2017-06-22
CUST001431,Andrea,Bowen,1990-08-23,33,M,VIC,0294,Part-Time,25,51538.6,Renting,4,2019-08-25
CUST001432,Lisa,Holloway,1953-01-18,71,F,VIC,2684,Full-Time,60,72088.58,Renting,2,2018-04-25
CUST001433,Tiffany,Osborne,1980-11-23,43,F,QLD,6164,Full-Time,5,76342.42,Renting,3,2024-07-21
CUST001434,Andrea,Montoya,1986-07-08,37,F,SA,2685,Casual,37,39038.82,Renting,0,2019-02-22
CUST001435,Lindsey,Mullins,1983-06-18,40,M,QLD,2637,Full-Time,6,15000.0,Renting,0,2018-10-23
CUST001436,Miguel,Barrera,1991-11-07,32,M,NSW,2472,Unemployed,0,24678.9,Owner,1,2020-11-10
CUST001437,Gregory,Hudson,1997-01-11,26,F,QLD,2654,Full-Time,12,62012.35,Renting,3,2016-11-30
CUST001438,Gregory,Long,1959-03-06,64,M,QLD,7312,Full-Time,29,95358.32,Mortgage,1,2017-05-16
CUST001439,Regina,Waller,1963-12-14,60,M,QLD,2582,Full-Time,65,66907.66,Renting,3,2023-04-07
CUST001440,Carrie,Gray,1996-08-03,27,F,NSW,2010,Full-Time,22,99409.21,Renting,1,2023-08-06
CUST001441,Bradley,Wright,1987-02-08,36,F,NSW,2442,Full-Time,51,108515.16,Mortgage,4,2025-03-04
CUST001442,Laura,Smith,1984-07-03,39,M,NSW,2585,Part-Time,40,28805.91,Mortgage,4,2024-05-25
CUST001443,Donald,Malone,1954-08-27,69,M,QLD,2612,Casual,16,19353.26,Renting,1,2019-06-29
CUST001444,John,Stephens,1977-07-03,46,M,VIC,2881,Full-Time,87,71702.23,Living with Family,1,2016-11-30
CUST001445,Amy,Garcia,1952-04-23,71,F,VIC,0220,Full-Time,69,138937.31,Renting,0,2024-12-07
CUST001446,Ronald,Hernandez,1951-02-13,72,M,QLD,2923,Full-Time,1,98316.15,Mortgage,1,2025-01-07
CUST001447,Gloria,Espinoza,1989-06-03,34,M,NSW,2619,Part-Time,13,44159.76,Renting,0,2021-02-24
CUST001448,Stephanie,Campbell,1962-10-01,61,F,NSW,2395,Full-Time,6,91738.09,Renting,1,2017-10-16
CUST001449,Samantha,Huang,2003-04-12,20,M,NSW,7226,Full-Time,20,102032.87,Owner,1,2021-07-01
CUST001450,Erin,Hernandez,1984-07-03,39,M,QLD,2939,Full-Time,29,63238.79,Owner,1,2024-01-31
CUST001451,Dalton,Hendricks,1969-12-07,54,F,QLD,2974,Full-Time,44,117002.02,Renting,2,2024-01-08
CUST001452,Charles,Smith,1990-12-25,33,F,WA,2632,Full-Time,52,85188.97,Mortgage,0,2019-08-10
CUST001453,Jennifer,Floyd,1972-05-19,51,M,SA,2911,Full-Time,20,81005.75,Renting,0,2017-09-28
CUST001454,Jessica,Thomas,1974-07-09,49,F,VIC,2942,Full-Time,34,64163.47,Owner,2,2018-05-12
CUST001455,Luis,Coleman,1972-01-22,51,M,SA,0295,Full-Time,6,68380.69,Living with Family,1,2017-12-20
CUST001456,Sandra,Reyes,2004-06-24,19,M,VIC,9788,Full-Time,25,95273.74,Renting,3,2021-02-27
CUST001457,Jerry,Miller,1980-10-29,43,M,NSW,0289,Unemployed,0,22254.83,Owner,3,2023-09-18
CUST001458,Jeffrey,Miller,1996-10-12,27,M,QLD,2970,Part-Time,12,47813.18,Renting,3,2018-07-22
CUST001459,Michael,Wells,1999-01-23,24,M,SA,2621,Unemployed,0,18803.42,Living with Family,4,2017-04-05
CUST001460,Melinda,Delacruz,1969-12-27,54,M,VIC,2624,Full-Time,13,73992.6,Renting,3,2020-11-13
CUST001461,Andrea,Velazquez,1998-03-03,25,F,WA,0233,Full-Time,10,48371.13,Renting,2,2024-03-05
CUST001462,Devin,Hayden,1952-12-19,71,M,VIC,2636,Part-Time,23,64098.2,Owner,0,2023-04-28
CUST001463,Roger,Brown,1990-02-06,33,F,QLD,2591,Casual,73,44716.88,Mortgage,3,2021-01-06
CUST001464,Eric,Thomas,1984-03-04,39,M,VIC,2631,Self-Employed,15,44384.31,Owner,1,2018-12-06
CUST001465,Mariah,Butler,1950-06-14,73,F,SA,2657,Casual,12,32717.04,Owner,3,2023-06-02
CUST001466,Holly,Evans,1993-02-11,30,M,TAS,0257,Part-Time,26,28579.03,Renting,1,2023-10-04
CUST001467,Justin,Moore,1990-01-19,33,M,VIC,2192,Self-Employed,115,39115.37,Mortgage,2,2021-04-03
CUST001468,Marissa,Frazier,1950-05-11,73,M,QLD,2908,Full-Time,80,45911.25,Renting,3,2023-02-16
CUST001469,Ashley,Torres,1964-09-10,59,F,NSW,2686,Full-Time,63,88373.01,Renting,1,2025-02-08
CUST001470,Christopher,Gray,1965-06-29,58,M,VIC,2623,Casual,27,40076.01,Mortgage,1,2020-04-30
CUST001471,Philip,Carson,1952-12-22,71,M,VIC,9917,Full-Time,5,127590.23,Renting,0,2021-01-08
CUST001472,Richard,James,1987-08-01,36,M,QLD,2256,Full-Time,8,46996.97,Living with Family,0,2018-06-24
CUST001473,Christian,Morrison,1956-01-06,68,M,NSW,2950,Self-Employed,12,43487.55,Renting,4,2018-11-18
CUST001474,Daniel,Lewis,1959-03-02,64,M,NSW,1438,Part-Time,12,47543.39,Mortgage,0,2018-07-17
CUST001475,John,Miller,2003-08-15,20,F,WA,5909,Full-Time,59,83017.64,Renting,1,2025-08-08
CUST001476,Brandon,Davis,1977-10-14,46,M,QLD,2930,Full-Time,21,73975.52,Mortgage,4,2025-07-20
CUST001477,Susan,Porter,1993-04-28,30,F,NSW,2946,Full-Time,4,125763.86,Renting,0,2023-04-04
CUST001478,Connor,Russell,1990-06-25,33,M,SA,3182,Self-Employed,1,77776.7,Living with Family,0,2016-12-08
CUST001479,Thomas,Melton,1995-11-24,28,F,NSW,2142,Full-Time,78,79232.77,Renting,1,2018-02-02
CUST001480,Nicole,Davis,1976-08-02,47,M,VIC,2683,Full-Time,36,41180.17,Owner,3,2023-12-29
CUST001481,Kayla,Martin,1987-09-02,36,M,QLD,3898,Part-Time,23,50185.08,Mortgage,0,2025-02-04
CUST001482,Kristen,Morgan,1969-07-12,54,M,NSW,2979,Self-Employed,26,54080.15,Mortgage,1,2024-06-05
CUST001483,Pamela,Schroeder,1974-09-20,49,F,WA,2983,Self-Employed,33,67137.91,Mortgage,2,2018-08-09
CUST001484,Charles,Hernandez,1985-02-16,38,M,NSW,0971,Part-Time,49,38491.79,Mortgage,2,2023-12-20
CUST001485,Monica,Payne,1957-12-31,66,F,NSW,2471,Full-Time,35,94025.31,Renting,1,2020-10-25
CUST001486,Kenneth,Jones,1959-07-28,64,M,VIC,5551,Full-Time,43,63177.19,Mortgage,0,2017-05-13
CUST001487,Steven,Andersen,1990-12-11,33,F,NSW,2772,Full-Time,8,96232.99,Mortgage,1,2025-03-08
CUST001488,Michael,Mitchell,1978-01-17,45,M,SA,0292,Part-Time,3,50307.7,Renting,0,2020-09-10
CUST001489,Colleen,Edwards,1979-06-14,44,M,QLD,2468,Full-Time,5,102186.92,Renting,0,2020-10-10
CUST001490,Vickie,Williams,2000-08-13,23,M,VIC,2238,Full-Time,3,65800.73,Renting,3,2016-10-18
CUST001491,Kelly,Moore,1999-03-16,24,F,NSW,2991,Casual,16,35074.14,Living with Family,1,2018-09-25
CUST001492,Elizabeth,Bailey,2000-06-05,23,F,QLD,2908,Self-Employed,64,57679.58,Owner,1,2024-10-28
CUST001493,Christopher,Dennis,1976-09-08,47,F,WA,2996,Part-Time,2,39020.02,Mortgage,0,2018-07-09
CUST001494,Logan,Davies,1968-10-16,55,F,QLD,2920,Full-Time,93,15000.0,Owner,1,2018-08-21
CUST001495,Danny,Gibson,1992-09-20,31,F,NSW,4272,Full-Time,122,79082.06,Mortgage,3,2022-06-27
CUST001496,Anthony,Burke,1968-04-18,55,F,QLD,2980,Full-Time,22,38449.41,Renting,0,2025-02-25
CUST001497,Russell,Kennedy,1970-09-10,53,F,NSW,2230,Self-Employed,16,68029.84,Renting,2,2025-04-19
CUST001498,Joseph,Reid,1989-05-18,34,F,NSW,2421,Full-Time,5,62236.43,Renting,2,2019-03-11
CUST001499,Morgan,Hayes,1954-06-19,69,M,SA,0283,Full-Time,125,57701.76,Owner,2,2022-10-02
CUST001500,Maria,Davis,1964-10-10,59,F,VIC,2605,Full-Time,35,78318.61,Owner,0,2025-05-24
CUST001501,James,Mcmahon,1966-12-12,57,M,SA,2917,Full-Time,96,56290.22,Mortgage,0,2021-07-18
CUST001502,Tammy,Kim,1995-03-11,28,M,VIC,5608,Part-Time,42,43279.69,Renting,0,2023-10-09
CUST001503,Christian,Contreras,1984-05-11,39,M,WA,0825,Full-Time,5,107782.53,Renting,0,2022-09-13
CUST001504,Jessica,Bryan,1997-06-28,26,F,NSW,2940,Full-Time,31,41050.46,Renting,2,2018-01-29
CUST001505,Dylan,Lin,1976-04-30,47,M,QLD,2619,Full-Time,9,104824.97,Mortgage,2,2023-11-08
CUST001506,Jose,Bowen,1988-10-24,35,M,NSW,2612,Casual,2,34735.24,Renting,1,2022-06-07
CUST001507,Beth,Johnson,1986-10-13,37,F,QLD,2666,Full-Time,1,38529.87,Renting,0,2022-12-29
CUST001508,Carolyn,Robinson,1994-08-22,29,F,WA,2673,Full-Time,74,99386.21,Renting,1,2025-06-21
CUST001509,Alexis,Cervantes,1983-03-08,40,M,NSW,2044,Self-Employed,39,69003.64,Mortgage,0,2021-03-30
CUST001510,Holly,Banks,2000-01-21,23,M,VIC,2906,Part-Time,95,39568.78,Owner,4,2020-06-01
CUST001511,Amy,Mills,1970-02-26,53,F,NSW,2951,Self-Employed,43,62227.28,Mortgage,3,2025-01-22
CUST001512,Nathan,Tran,1976-05-03,47,F,NSW,2648,Full-Time,15,102634.79,Mortgage,0,2020-08-24
CUST001513,Donna,Frazier,1966-04-05,57,M,NSW,0949,Full-Time,105,67626.35,Renting,2,2025-03-01
CUST001514,Cory,Miller,2002-04-08,21,M,QLD,2510,Full-Time,48,49011.73,Living with Family,1,2022-04-09
CUST001515,Tyler,Walton,1973-07-31,50,M,QLD,4178,Full-Time,8,45942.33,Renting,0,2021-12-15
CUST001516,Kelly,Fisher,1951-08-15,72,F,WA,2687,Part-Time,34,29655.24,Renting,1,2021-09-09
CUST001517,Melissa,Sampson,1956-05-14,67,F,WA,2967,Full-Time,29,53271.22,Living with Family,0,2020-06-10
CUST001518,Jane,Figueroa,1997-04-23,26,F,QLD,1538,Full-Time,106,98230.98,Owner,3,2019-04-12
CUST001519,Joseph,Roberson,2000-09-28,23,F,QLD,0230,Full-Time,10,83314.93,Renting,3,2024-10-28
CUST001520,Alexis,Hernandez,1973-10-08,50,F,QLD,2978,Casual,110,38988.73,Mortgage,0,2024-02-08
CUST001521,Matthew,Haley,1984-07-10,39,F,SA,2603,Full-Time,22,51296.72,Mortgage,0,2021-09-22
CUST001522,Christina,Long,1972-06-04,51,F,NSW,2296,Full-Time,46,83062.17,Mortgage,3,2017-11-19
CUST001523,Tiffany,Thompson,1986-08-18,37,F,QLD,2948,Full-Time,42,87151.28,Living with Family,2,2018-02-24
CUST001524,Jennifer,Martinez,1963-02-14,60,M,VIC,2619,Part-Time,17,60227.56,Owner,0,2022-05-29
CUST001525,Megan,Burton,1995-03-20,28,M,NSW,2782,Full-Time,99,103484.92,Renting,2,2025-04-06
CUST001526,Christopher,Kim,1961-07-18,62,M,QLD,0992,Full-Time,60,38601.29,Renting,0,2016-12-22
CUST001527,Samantha,Miller,1990-10-07,33,M,NSW,2980,Full-Time,87,37674.71,Renting,0,2023-05-29
CUST001528,Shawn,Welch,1957-04-19,66,M,NSW,2962,Full-Time,11,83614.49,Mortgage,2,2018-11-18
CUST001529,Kenneth,Nichols,2001-10-21,22,F,NT,2696,Full-Time,17,112448.03,Mortgage,1,2023-08-29
CUST001530,Joshua,Donovan,1987-12-18,36,M,VIC,0909,Part-Time,56,52023.14,Living with Family,0,2024-07-11
CUST001531,Sara,Martinez,1956-02-28,67,M,VIC,2634,Full-Time,163,90789.72,Renting,3,2019-01-31
CUST001532,Chris,Kirk,1960-03-15,63,F,QLD,2676,Full-Time,3,96037.51,Renting,1,2017-08-18
CUST001533,Robert,Tucker,1995-11-11,28,F,NSW,0913,Part-Time,75,65404.21,Renting,1,2022-11-29
CUST001534,Lee,Odonnell,1971-06-29,52,M,QLD,2642,Full-Time,8,36494.97,Renting,2,2019-06-01
CUST001535,Donna,Welch,2002-02-19,21,F,NSW,2115,Part-Time,68,27925.68,Renting,0,2025-09-01
CUST001536,Christina,Payne,1977-10-17,46,M,VIC,2648,Part-Time,6,15000.0,Renting,3,2023-05-26
CUST001537,James,Johnson,2003-06-20,20,M,QLD,2088,Unemployed,0,16032.83,Renting,3,2023-07-29
CUST001538,Michael,Roach,1962-04-10,61,M,WA,2052,Full-Time,16,125387.13,Renting,3,2018-09-14
CUST001539,Shelby,Adams,1991-12-08,32,M,NSW,2913,Casual,10,52320.65,Owner,3,2025-04-21
CUST001540,Andrea,Phillips,1969-12-10,54,M,QLD,2920,Full-Time,2,105792.49,Renting,1,2020-08-25
CUST001541,Sandra,Wright,2004-08-12,19,F,NSW,2664,Self-Employed,101,70942.77,Renting,2,2025-05-19
CUST001542,Laura,Matthews,1955-09-11,68,F,TAS,2643,Part-Time,46,46167.88,Owner,2,2025-04-23
CUST001543,Nicole,Henderson,1978-01-08,46,F,QLD,2859,Part-Time,11,45341.07,Living with Family,2,2017-09-10
CUST001544,James,Gomez,1971-12-11,52,M,NSW,0917,Full-Time,4,62813.43,Renting,3,2018-03-25
CUST001545,William,Matthews,1951-09-08,72,F,VIC,2929,Full-Time,33,65224.49,Living with Family,3,2024-03-01
CUST001546,Tammy,Bell,1987-02-21,36,M,SA,2012,Self-Employed,1,40467.15,Mortgage,0,2024-01-03
CUST001547,Jacob,Sanchez,1974-08-19,49,F,QLD,2675,Part-Time,20,35706.91,Owner,1,2020-01-27
CUST001548,David,Flores,1994-12-09,29,F,VIC,1537,Full-Time,52,93656.59,Mortgage,1,2021-10-31
CUST001549,Jesse,Jones,1968-05-17,55,F,VIC,2929,Part-Time,57,36634.69,Living with Family,0,2018-08-20
CUST001550,Ann,Moran,1962-05-04,61,F,QLD,2396,Full-Time,27,39222.84,Renting,1,2022-11-12
CUST001551,Lisa,Gonzalez,1974-12-20,49,F,NSW,2277,Full-Time,7,71544.04,Renting,1,2017-02-22
CUST001552,David,Chavez,1965-08-23,58,F,VIC,7596,Full-Time,29,49348.99,Renting,3,2018-11-08
CUST001553,Andrew,Logan,1950-12-17,73,M,SA,5074,Full-Time,81,76402.1,Living with Family,0,2017-11-26
CUST001554,Benjamin,Ferguson,2005-10-20,18,F,NSW,8050,Part-Time,46,38680.86,Mortgage,2,2017-05-08
CUST001555,Leah,Cummings,1955-03-31,68,M,NSW,2855,Casual,5,26866.53,Mortgage,0,2020-04-29
CUST001556,Lawrence,Salazar,1981-12-31,42,M,QLD,2994,Self-Employed,10,71269.48,Renting,4,2022-12-29
CUST001557,Melinda,Coffey,1976-02-03,47,F,NSW,2619,Casual,20,36257.45,Mortgage,1,2024-04-24
CUST001558,Curtis,Walker,2004-02-11,19,M,NSW,1215,Full-Time,1,88145.36,Renting,1,2024-06-23
CUST001559,Jeremy,Miller,1991-09-25,32,M,NSW,2978,Part-Time,28,24973.74,Mortgage,0,2025-08-18
CUST001560,Miranda,Green,2003-11-27,20,M,NSW,2110,Casual,44,34578.53,Owner,0,2025-04-01
CUST001561,Mark,Salazar,1954-01-29,69,F,VIC,2984,Full-Time,15,54868.42,Living with Family,2,2023-01-05
CUST001562,Brandy,Wilson,2003-05-15,20,M,VIC,2942,Full-Time,104,130437.68,Owner,1,2023-07-03
CUST001563,Tammy,Gutierrez,2001-03-21,22,F,NSW,2611,Self-Employed,78,63939.12,Owner,0,2021-06-03
CUST001564,Timothy,Henry,1963-09-05,60,M,VIC,2857,Full-Time,70,82324.95,Owner,1,2018-10-04
CUST001565,Kenneth,Miller,1965-01-10,59,M,NSW,9331,Full-Time,105,88773.73,Renting,0,2017-05-26
CUST001566,Jason,Santiago,1978-05-31,45,F,WA,2906,Full-Time,11,74734.72,Owner,2,2018-06-01
CUST001567,Jason,Garza,1955-10-16,68,M,NSW,8854,Full-Time,52,90488.47,Living with Family,2,2023-02-06
CUST001568,Melanie,Garcia,1987-09-25,36,F,VIC,2623,Full-Time,19,112935.09,Renting,0,2024-12-22
CUST001569,Shaun,Oliver,1972-02-03,51,M,SA,2666,Casual,89,34497.39,Mortgage,2,2018-06-01
CUST001570,Frank,Parker,1965-11-03,58,F,VIC,5127,Full-Time,19,110036.81,Mortgage,2,2024-08-11
CUST001571,John,Shannon,1992-12-08,31,M,QLD,2654,Full-Time,1,77547.95,Mortgage,2,2016-12-24
CUST001572,Shawn,Baker,1988-02-12,35,F,QLD,9156,Self-Employed,51,70073.25,Mortgage,0,2018-08-20
CUST001573,Ryan,Cook,1972-09-30,51,F,VIC,2614,Full-Time,65,73259.02,Mortgage,0,2020-01-20
CUST001574,Patrick,Reilly,1952-07-29,71,M,QLD,2664,Full-Time,4,100932.1,Mortgage,0,2018-06-06
CUST001575,Joshua,Lawson,1959-12-22,64,F,NSW,8610,Full-Time,51,73448.9,Mortgage,2,2022-07-17
CUST001576,Jeffrey,Brown,2005-05-06,18,M,NSW,2194,Casual,64,45591.01,Renting,0,2018-11-15
CUST001577,Joshua,Andrade,1980-08-03,43,M,QLD,2996,Full-Time,139,89446.77,Mortgage,2,2020-04-05
CUST001578,Madison,Holt,1962-06-25,61,F,VIC,2920,Full-Time,79,50393.22,Living with Family,0,2018-07-30
CUST001579,Michael,Roberts,1995-04-19,28,M,VIC,7401,Full-Time,81,107911.77,Mortgage,0,2018-05-23
CUST001580,Christy,Stevenson,2002-05-18,21,M,WA,2692,Full-Time,1,76576.12,Renting,4,2019-07-24
CUST001581,Jacob,Yoder,1953-10-03,70,M,NSW,2630,Full-Time,35,73705.16,Mortgage,2,2022-09-20
CUST001582,Andrew,Mccann,1974-07-19,49,F,NSW,2320,Full-Time,8,75310.15,Renting,0,2022-01-26
CUST001583,Brandy,Freeman,2005-12-16,18,F,NSW,2697,Unemployed,0,15000.0,Mortgage,2,2017-09-16
CUST001584,Ashley,Mooney,1997-03-23,26,F,NSW,2688,Self-Employed,17,79698.33,Renting,1,2021-04-02
CUST001585,Kimberly,Garcia,1993-07-07,30,F,NSW,2957,Full-Time,23,111391.04,Mortgage,0,2021-02-20
CUST001586,Amy,Alvarado,1970-01-26,53,M,VIC,2757,Self-Employed,28,56952.06,Renting,1,2016-11-05
CUST001587,Jennifer,Vance,1970-03-07,53,M,NSW,7714,Unemployed,0,19840.76,Mortgage,1,2022-11-24
CUST001588,Andrew,Irwin,1991-12-18,32,M,WA,2682,Casual,14,46478.36,Owner,0,2019-12-10
CUST001589,Becky,Dominguez,1951-07-09,72,M,QLD,2605,Self-Employed,16,82956.86,Mortgage,2,2018-08-01
CUST001590,Samantha,Gray,1954-11-27,69,M,WA,2548,Part-Time,8,59364.6,Owner,1,2024-10-25
CUST001591,Susan,Rose,1975-10-14,48,M,QLD,2755,Full-Time,127,121245.75,Renting,3,2020-03-30
CUST001592,Victoria,Parker,1973-12-05,50,M,NSW,2198,Full-Time,85,90636.42,Renting,1,2023-01-15
CUST001593,David,Pope,1998-02-09,25,M,QLD,5541,Self-Employed,21,66303.3,Owner,1,2025-06-13
CUST001594,Gina,Owens,1978-08-31,45,F,SA,2638,Full-Time,7,110229.64,Living with Family,2,2025-06-04
CUST001595,Elizabeth,Torres,1985-11-27,38,F,QLD,2921,Part-Time,4,45075.64,Renting,1,2023-12-03
CUST001596,Blake,Campbell,1950-08-19,73,M,NSW,6107,Self-Employed,59,73587.79,Mortgage,0,2019-06-24
CUST001597,Donna,Smith,1974-09-07,49,M,VIC,2725,Full-Time,3,67960.53,Renting,2,2024-08-19
CUST001598,Wayne,Mullen,1995-04-10,28,F,NSW,9214,Part-Time,41,20519.7,Living with Family,0,2018-01-03
CUST001599,Ryan,Hull,1992-03-29,31,M,NSW,2923,Casual,19,53935.43,Renting,2,2017-01-05
CUST001600,John,Gregory,2003-11-02,20,M,QLD,2986,Full-Time,14,105873.45,Renting,3,2020-04-25
CUST001601,Patricia,Mora,2002-03-02,21,F,WA,7429,Full-Time,17,92770.65,Owner,3,2020-08-24
CUST001602,Linda,Taylor,2000-07-12,23,M,WA,2664,Full-Time,15,51061.3,Renting,0,2017-12-12
CUST001603,Kevin,Miller,1981-11-15,42,M,VIC,5782,Casual,89,36048.56,Mortgage,1,2020-02-09
CUST001604,Samuel,Taylor,2000-07-12,23,M,NSW,2615,Full-Time,4,76452.97,Owner,2,2021-04-05
CUST001605,Michael,Gomez,1989-06-19,34,M,VIC,2906,Full-Time,13,92462.8,Mortgage,2,2025-05-18
CUST001606,Rita,Johnson,1976-06-24,47,F,QLD,0212,Full-Time,154,86108.73,Mortgage,1,2022-04-06
CUST001607,John,Hunt,1967-04-07,56,F,QLD,2629,Full-Time,1,51771.01,Owner,1,2021-08-12
CUST001608,Kelly,Campos,1982-07-13,41,F,QLD,2992,Full-Time,79,38108.25,Owner,4,2020-05-08
CUST001609,Lindsey,Golden,1950-01-27,73,M,NT,2900,Full-Time,54,106388.39,Mortgage,1,2017-06-27
CUST001610,Valerie,Rodriguez,1965-05-25,58,M,WA,7149,Part-Time,14,48714.44,Owner,0,2021-01-21
CUST001611,Bruce,Yang,1968-12-10,55,M,SA,3038,Full-Time,27,99971.6,Mortgage,0,2018-01-08
CUST001612,Tyler,Walker,1992-09-02,31,M,NSW,0924,Full-Time,106,42203.29,Mortgage,0,2022-05-19
CUST001613,Sharon,Shaffer,1991-06-09,32,F,QLD,0831,Full-Time,53,90551.51,Renting,0,2017-04-30
CUST001614,Nichole,Meyer,1958-08-08,65,M,VIC,2693,Full-Time,83,38895.16,Living with Family,0,2017-08-28
CUST001615,William,Myers,1951-02-27,72,F,VIC,2619,Full-Time,107,86972.85,Mortgage,1,2019-06-04
CUST001616,Jack,Young,1977-10-13,46,M,QLD,4497,Self-Employed,42,47781.74,Owner,0,2024-06-16
CUST001617,Ryan,Fields,1985-07-09,38,F,VIC,2652,Full-Time,4,58440.64,Renting,1,2024-02-03
CUST001618,George,Harmon,1987-11-10,36,F,VIC,4377,Full-Time,7,52356.62,Mortgage,0,2019-05-03
CUST001619,Susan,Vasquez,1988-06-11,35,F,NSW,2866,Part-Time,21,38888.83,Mortgage,2,2023-01-02
CUST001620,Robert,Coleman,1955-12-14,68,M,QLD,2047,Part-Time,14,17732.68,Mortgage,0,2017-10-21
CUST001621,Beverly,Johnson,1972-04-24,51,F,ACT,0870,Self-Employed,27,58560.17,Owner,2,2024-11-23
CUST001622,Donald,Khan,1970-04-20,53,F,NSW,2904,Full-Time,59,70815.07,Renting,3,2016-10-21
CUST001623,Vincent,Callahan,1958-11-28,65,F,VIC,2675,Part-Time,20,22256.31,Owner,0,2024-11-05
CUST001624,William,Thompson,1980-03-06,43,M,NSW,2635,Full-Time,1,87525.91,Owner,0,2022-08-18
CUST001625,Stephen,Trevino,1982-05-22,41,F,NSW,2624,Unemployed,0,18701.99,Mortgage,2,2023-10-16
CUST001626,Sandra,Jones,1987-12-01,36,F,NSW,2916,Full-Time,46,53124.95,Renting,3,2025-05-21
CUST001627,Henry,Erickson,1984-11-12,39,F,WA,3842,Full-Time,1,103712.25,Mortgage,0,2023-01-02
CUST001628,Beverly,Silva,1983-11-18,40,M,VIC,2991,Casual,23,43572.94,Mortgage,1,2017-02-16
CUST001629,Erik,Davis,1999-02-22,24,M,NSW,2577,Full-Time,1,85958.09,Mortgage,0,2019-08-21
CUST001630,Kelsey,Stark,1963-02-26,60,M,TAS,2691,Casual,6,31390.76,Mortgage,1,2024-10-27
CUST001631,Patricia,Campos,1959-10-26,64,M,VIC,0210,Full-Time,38,89811.17,Renting,2,2022-03-26
CUST001632,Melanie,Jones,1956-05-14,67,M,WA,2979,Full-Time,98,72671.33,Mortgage,0,2022-05-29
CUST001633,Grant,Rodriguez,1951-06-09,72,F,VIC,2616,Self-Employed,3,69336.27,Renting,2,2017-12-03
CUST001634,Angela,Gonzalez,1986-09-11,37,F,NSW,2920,Full-Time,32,97368.49,Owner,2,2020-08-30
CUST001635,James,Martin,1966-04-27,57,M,ACT,8319,Full-Time,130,64628.06,Living with Family,3,2016-12-10
CUST001636,Cole,Johnson,2005-05-25,18,F,WA,2620,Self-Employed,4,87709.89,Renting,1,2019-12-17
CUST001637,Amy,Jones,1973-05-23,50,F,WA,2658,Self-Employed,35,68930.84,Living with Family,1,2021-03-10
CUST001638,Ashley,Wells,1998-01-02,26,F,VIC,2965,Part-Time,99,39860.27,Renting,1,2022-04-16
CUST001639,Devin,Jones,1982-02-17,41,F,QLD,2606,Self-Employed,1,56457.2,Mortgage,0,2024-08-03
CUST001640,David,Holmes,1982-09-26,41,F,NSW,2517,Full-Time,18,66642.41,Renting,0,2018-10-19
CUST001641,Mark,Walker,1984-08-11,39,F,NSW,2924,Full-Time,81,69168.82,Mortgage,0,2020-03-28
CUST001642,Monique,Moore,1970-06-26,53,M,NSW,2921,Unemployed,0,17038.91,Renting,2,2021-07-14
CUST001643,April,Carr,1963-09-23,60,F,QLD,2936,Self-Employed,94,63552.69,Mortgage,0,2022-04-17
CUST001644,Patricia,Aguilar,1981-05-23,42,F,SA,2700,Casual,74,37643.62,Living with Family,0,2019-10-08
CUST001645,Matthew,Hubbard,1964-11-09,59,M,WA,2623,Self-Employed,1,82590.83,Mortgage,1,2021-08-25
CUST001646,Sandra,Alvarado,1992-04-16,31,M,NSW,2237,Part-Time,2,37043.78,Renting,1,2017-05-19
CUST001647,Rebecca,Warner,2004-09-16,19,M,NSW,2151,Self-Employed,3,67287.19,Mortgage,0,2025-04-10
CUST001648,Cheyenne,Miller,1984-06-02,39,M,WA,9724,Casual,14,27656.48,Renting,1,2023-03-27
CUST001649,Tyler,Perez,1955-10-06,68,F,QLD,2966,Unemployed,0,18581.9,Owner,3,2021-01-08
CUST001650,Nancy,Perez,1995-01-21,28,F,QLD,2203,Casual,88,35151.21,Renting,3,2021-07-13
CUST001651,Evelyn,Rojas,1999-08-16,24,M,NSW,9706,Full-Time,3,102251.41,Renting,2,2023-08-13
CUST001652,Russell,Simmons,1990-01-23,33,M,NSW,2621,Full-Time,35,74983.63,Mortgage,3,2020-08-31
CUST001653,Toni,Richardson,2001-10-05,22,F,VIC,2665,Casual,1,30101.91,Mortgage,0,2020-08-26
CUST001654,Jesse,Chapman,1953-02-01,70,F,VIC,2686,Full-Time,6,67817.67,Mortgage,3,2023-06-14
CUST001655,Laura,Bradley,2001-04-01,22,F,NSW,1301,Full-Time,13,86865.88,Living with Family,0,2017-03-27
CUST001656,Justin,Edwards,1975-03-01,48,M,NSW,7342,Self-Employed,94,64604.5,Renting,3,2022-03-07
CUST001657,David,Jones,1977-06-28,46,F,VIC,2783,Unemployed,0,22065.38,Living with Family,0,2021-03-06
CUST001658,Michael,Herman,1992-05-14,31,M,QLD,2687,Full-Time,6,70200.43,Renting,1,2023-02-22
CUST001659,Kimberly,Carter,2004-04-30,19,F,VIC,2698,Self-Employed,49,54029.83,Living with Family,1,2024-10-05
CUST001660,Amber,Garcia,1968-03-21,55,F,NSW,2966,Full-Time,50,75794.1,Mortgage,3,2023-01-27
CUST001661,Joshua,Harris,1985-10-17,38,M,VIC,2628,Full-Time,35,45030.32,Renting,3,2018-10-19
CUST001662,Jason,Watson,1992-10-03,31,F,VIC,2630,Part-Time,18,45465.03,Owner,2,2025-07-11
CUST001663,Debra,Chavez,1990-03-25,33,M,NSW,2619,Full-Time,49,107082.15,Mortgage,2,2016-11-30
CUST001664,Joseph,Chapman,1998-03-26,25,F,VIC,2931,Full-Time,109,95015.73,Renting,1,2017-04-06
CUST001665,Patrick,Smith,1999-04-17,24,M,QLD,2986,Casual,22,33397.78,Mortgage,0,2020-09-20
CUST001666,Nicolas,Keller,1962-09-29,61,F,SA,4040,Full-Time,7,97402.09,Renting,0,2021-08-07
CUST001667,Anthony,Franklin,1969-11-24,54,F,QLD,2954,Full-Time,35,73303.97,Renting,2,2024-01-07
CUST001668,Katherine,Peterson,1984-01-01,40,F,VIC,0866,Full-Time,5,68530.12,Mortgage,2,2023-10-08
CUST001669,Karen,Aguirre,2003-08-01,20,M,NSW,9648,Full-Time,18,96936.65,Renting,4,2020-11-23
CUST001670,Ashley,Stone,1982-12-09,41,M,WA,2646,Full-Time,51,106836.49,Renting,1,2020-12-06
CUST001671,Rebecca,Campbell,1963-07-18,60,M,NSW,2813,Full-Time,195,96325.84,Renting,1,2023-09-01
CUST001672,Ashley,Johnson,1966-11-19,57,M,WA,2854,Self-Employed,15,56394.91,Renting,1,2022-08-28
CUST001673,Lisa,Franklin,1995-02-08,28,M,TAS,2619,Full-Time,34,67927.99,Living with Family,0,2019-06-27
CUST001674,Mary,Abbott,1988-01-19,35,F,NSW,2617,Full-Time,51,124998.27,Mortgage,0,2016-11-17
CUST001675,Benjamin,Howard,1950-03-29,73,F,WA,0983,Part-Time,23,29570.85,Living with Family,0,2020-05-27
CUST001676,Christopher,Prince,1983-05-05,40,M,NSW,9517,Full-Time,20,90093.71,Mortgage,0,2018-05-06
CUST001677,Joshua,Booth,1994-02-25,29,F,QLD,2623,Full-Time,17,52680.78,Mortgage,1,2022-05-25
CUST001678,Christine,Williams,1958-03-31,65,F,NSW,2619,Full-Time,71,70075.14,Renting,1,2022-08-13
CUST001679,William,Alexander,1960-05-31,63,F,VIC,2940,Full-Time,1,107304.9,Renting,1,2021-09-15
CUST001680,Stephanie,Braun,1962-12-12,61,M,NSW,2705,Full-Time,28,104593.06,Renting,0,2021-08-03
CUST001681,Jimmy,Rodriguez,1952-04-27,71,M,QLD,3718,Part-Time,32,15000.0,Renting,3,2017-06-03
CUST001682,Ashley,Calderon,1961-07-24,62,M,QLD,0216,Full-Time,58,88161.77,Mortgage,0,2024-08-09
CUST001683,Mark,French,1958-01-09,66,M,QLD,2956,Full-Time,2,86481.33,Renting,3,2024-10-19
CUST001684,Sherri,Carter,1971-06-17,52,M,QLD,2025,Full-Time,34,66068.48,Mortgage,4,2017-02-15
CUST001685,Rhonda,Johnson,2003-09-07,20,M,ACT,7358,Part-Time,3,67255.73,Mortgage,0,2023-03-02
CUST001686,Krista,Marquez,1992-10-06,31,M,NSW,2676,Full-Time,55,75722.92,Mortgage,0,2024-03-14
CUST001687,Jessica,James,1951-08-14,72,M,NSW,2413,Full-Time,4,84188.87,Mortgage,1,2021-10-24
CUST001688,Jessica,Ryan,1986-04-14,37,F,TAS,2619,Self-Employed,14,69299.53,Renting,0,2024-05-09
CUST001689,Brett,Kennedy,1980-05-02,43,F,NSW,8875,Self-Employed,53,90917.92,Living with Family,2,2019-02-23
CUST001690,Kelly,Sanchez,1998-03-20,25,F,QLD,2695,Full-Time,27,93841.66,Renting,4,2018-10-20
CUST001691,Teresa,Steele,1967-12-27,56,M,VIC,2616,Self-Employed,1,55925.73,Owner,2,2019-12-25
CUST001692,William,Melendez,1970-02-21,53,F,NSW,2919,Casual,95,52526.7,Owner,0,2018-10-19
CUST001693,Jerry,Carey,1995-05-02,28,F,VIC,2628,Self-Employed,24,47062.39,Renting,0,2018-12-06
CUST001694,Emily,Wade,2002-06-18,21,M,VIC,7445,Full-Time,51,115192.93,Renting,0,2019-07-20
CUST001695,Robert,Lucero,1954-06-15,69,F,NSW,5732,Full-Time,10,77575.66,Mortgage,1,2024-08-11
CUST001696,David,Baker,1950-08-17,73,F,QLD,9712,Full-Time,103,84862.86,Mortgage,0,2024-07-19
CUST001697,Andrew,Jackson,1998-02-02,25,F,QLD,2328,Casual,6,44692.46,Mortgage,2,2024-07-11
CUST001698,Rebecca,Gomez,2003-01-03,21,M,QLD,2998,Full-Time,41,78153.24,Mortgage,1,2018-11-24
CUST001699,Matthew,Summers,1966-09-29,57,F,NSW,2959,Full-Time,5,88640.08,Living with Family,0,2022-03-15
CUST001700,Jennifer,Jones,1955-12-24,68,M,WA,2967,Self-Employed,87,66650.21,Owner,2,2024-12-02
CUST001701,Joy,Graham,1986-04-25,37,M,ACT,2912,Casual,7,29442.85,Living with Family,2,2023-04-29
CUST001702,Bridget,Wilkins,1991-09-14,32,F,NSW,3120,Part-Time,15,38225.68,Mortgage,1,2022-01-25
CUST001703,Debra,Gray,1971-03-07,52,M,WA,2612,Full-Time,10,99599.25,Renting,1,2021-04-20
CUST001704,Shirley,Davis,1983-11-01,40,M,NSW,2937,Self-Employed,5,76284.32,Renting,2,2019-10-18
CUST001705,Phyllis,Riley,1982-06-12,41,M,VIC,2604,Part-Time,63,28446.8,Owner,0,2019-08-19
CUST001706,Gregory,Thomas,1968-03-15,55,M,WA,2676,Full-Time,16,85876.04,Mortgage,3,2021-05-25
CUST001707,Christina,Garcia,1983-01-31,40,F,QLD,2922,Full-Time,13,99833.76,Renting,1,2017-10-16
CUST001708,Scott,Mcclure,1965-08-11,58,M,VIC,2924,Full-Time,50,79486.88,Mortgage,4,2025-08-16
CUST001709,Sandra,Estrada,1993-06-05,30,M,NSW,2631,Part-Time,63,52546.09,Living with Family,2,2018-08-02
CUST001710,Kari,Johnson,1998-05-17,25,F,NSW,2188,Full-Time,49,86622.84,Mortgage,1,2023-12-01
CUST001711,Marissa,Johnson,1950-02-11,73,M,NSW,2674,Unemployed,0,22442.49,Owner,4,2025-03-14
CUST001712,Jessica,Meyer,1982-11-08,41,F,NSW,2904,Full-Time,30,85846.42,Owner,1,2024-12-26
CUST001713,Samantha,Wilson,1991-04-09,32,M,TAS,2607,Full-Time,64,124189.23,Owner,1,2019-02-03
CUST001714,Victoria,Dennis,1999-11-13,24,F,NSW,2619,Part-Time,1,37272.24,Living with Family,1,2025-06-10
CUST001715,Julie,Walker,1996-05-03,27,F,NSW,2352,Casual,10,26457.79,Mortgage,2,2021-04-15
CUST001716,Crystal,Hunt,1965-09-28,58,M,SA,2350,Full-Time,1,65480.23,Owner,4,2020-08-16
CUST001717,Laura,Stewart,2003-10-21,20,M,QLD,9003,Full-Time,5,64591.08,Renting,1,2017-12-15
CUST001718,Sherry,Nunez,1971-07-19,52,F,VIC,2772,Full-Time,51,99299.89,Owner,2,2021-01-31
CUST001719,Tyler,Anderson,1960-07-30,63,F,NSW,0918,Full-Time,33,81642.31,Mortgage,2,2024-06-09
CUST001720,Aaron,Jones,1993-03-12,30,M,NSW,9932,Full-Time,15,52220.64,Renting,1,2017-01-27
CUST001721,Christina,Welch,1989-08-18,34,F,NSW,2695,Full-Time,2,68637.08,Renting,0,2021-01-30
CUST001722,Hector,Evans,1987-10-30,36,F,VIC,2684,Full-Time,56,89797.17,Mortgage,0,2022-09-26
CUST001723,Crystal,Harper,1978-02-27,45,F,VIC,4741,Full-Time,65,114412.84,Owner,0,2018-09-11
CUST001724,Penny,Gallagher,2005-07-29,18,F,NSW,0275,Part-Time,145,45108.8,Mortgage,4,2018-12-14
CUST001725,Gregory,Huber,1974-05-15,49,M,NSW,2619,Self-Employed,20,97752.03,Mortgage,4,2019-11-08
CUST001726,David,Khan,1972-10-25,51,F,VIC,2920,Part-Time,66,43025.34,Owner,1,2022-02-18
CUST001727,Anthony,Adams,1989-08-02,34,M,NSW,2676,Full-Time,38,65991.49,Owner,0,2017-04-09
CUST001728,Jose,Stewart,1994-06-28,29,M,NSW,2997,Full-Time,45,65879.61,Renting,0,2020-07-20
CUST001729,Brian,Washington,1964-11-05,59,F,NSW,2685,Full-Time,3,61433.43,Living with Family,2,2022-06-14
CUST001730,Seth,Walker,1952-05-16,71,M,QLD,2648,Self-Employed,5,51241.11,Mortgage,2,2018-07-31
CUST001731,Stacie,Austin,1985-12-29,38,F,QLD,2952,Full-Time,31,98173.38,Renting,0,2022-03-03
CUST001732,Jennifer,Lang,1950-11-18,73,F,QLD,2455,Casual,54,41541.04,Mortgage,0,2023-08-17
CUST001733,Diana,Stone,1981-10-17,42,F,QLD,2978,Full-Time,4,76620.65,Living with Family,0,2018-07-06
CUST001734,Amanda,Heath,1958-10-31,65,F,NSW,2684,Full-Time,3,79100.6,Mortgage,3,2023-12-08
CUST001735,Martin,Lewis,2002-07-18,21,F,QLD,2690,Self-Employed,52,51028.71,Mortgage,2,2017-01-18
CUST001736,Shelby,Garcia,1950-11-21,73,M,WA,2997,Part-Time,19,33497.34,Mortgage,0,2017-02-07
CUST001737,Andrew,Welch,1966-02-22,57,M,QLD,2690,Full-Time,23,38073.5,Renting,1,2019-03-06
CUST001738,Kristen,Rios,1956-11-24,67,F,WA,2624,Full-Time,81,88341.25,Renting,3,2024-06-25
CUST001739,William,Warner,1954-03-02,69,M,NSW,0200,Full-Time,37,89033.77,Mortgage,0,2023-05-30
CUST001740,Samantha,Davis,1981-02-22,42,F,NSW,6639,Part-Time,70,38788.26,Renting,0,2024-06-16
CUST001741,Ronald,Paul,1995-03-30,28,M,NSW,2934,Full-Time,48,81449.38,Mortgage,0,2020-11-08
CUST001742,Tanya,Johnston,1955-07-05,68,F,NSW,2984,Full-Time,8,97042.6,Renting,2,2020-08-03
CUST001743,Richard,Ramirez,1962-08-14,61,M,VIC,2928,Self-Employed,173,90696.31,Mortgage,1,2021-04-14
CUST001744,Victoria,Luna,1971-11-27,52,M,NSW,2978,Full-Time,89,95588.0,Renting,0,2023-02-26
CUST001745,Becky,Johnson,1975-12-16,48,F,NSW,2687,Full-Time,1,96092.45,Mortgage,2,2020-01-20
CUST001746,Dawn,Cook,1982-05-22,41,M,NSW,0911,Part-Time,38,31001.41,Renting,0,2021-10-09
CUST001747,Sheri,Watkins,1961-10-09,62,M,WA,2426,Self-Employed,1,71544.89,Mortgage,2,2022-04-10
CUST001748,Jennifer,Knight,1977-03-10,46,F,NSW,2680,Self-Employed,10,50644.4,Renting,2,2023-08-19
CUST001749,Larry,Morgan,1964-05-05,59,F,VIC,2630,Full-Time,6,83076.5,Renting,1,2019-08-14
CUST001750,Richard,Smith,1982-07-07,41,F,QLD,2678,Part-Time,60,50250.37,Renting,2,2023-11-17
CUST001751,Lawrence,Pearson,1981-05-15,42,F,NSW,2947,Self-Employed,10,67253.31,Living with Family,2,2023-02-08
CUST001752,Michele,Haney,1979-07-25,44,M,NSW,2416,Casual,57,25117.5,Mortgage,0,2023-01-07
CUST001753,Katherine,Martin,1971-07-08,52,M,NSW,2619,Full-Time,4,53845.97,Renting,2,2018-03-22
CUST001754,Teresa,Williams,1975-02-09,48,F,QLD,2607,Full-Time,3,81223.21,Renting,3,2018-04-06
CUST001755,Tony,Curry,1996-04-23,27,M,QLD,9660,Casual,13,40985.21,Renting,0,2019-05-25
CUST001756,Kelly,Weeks,1974-12-26,49,M,QLD,2885,Full-Time,22,106879.57,Mortgage,1,2022-04-05
CUST001757,Debra,Thomas,1971-04-13,52,F,SA,8395,Self-Employed,7,60133.11,Renting,0,2021-05-26
CUST001758,Steven,Mayer,1964-04-19,59,M,NSW,2622,Self-Employed,16,121995.66,Owner,0,2021-06-11
CUST001759,Alejandro,Butler,1997-10-31,26,M,NSW,2637,Full-Time,74,68562.88,Renting,0,2017-04-30
CUST001760,Jacob,Benson,1967-10-25,56,F,NSW,4751,Part-Time,34,55517.93,Mortgage,1,2017-04-10
CUST001761,Eric,Bell,1976-11-28,47,M,QLD,9350,Casual,34,53512.96,Mortgage,1,2025-01-27
CUST001762,Lori,Parrish,1965-08-26,58,F,VIC,6459,Full-Time,92,57400.6,Owner,1,2023-08-18
CUST001763,Ann,May,2003-12-01,20,M,QLD,2661,Casual,57,41170.63,Owner,4,2022-01-22
CUST001764,Javier,White,1955-09-13,68,F,VIC,5128,Full-Time,6,39954.13,Mortgage,4,2022-01-04
CUST001765,Mark,Ingram,1994-02-27,29,F,VIC,6949,Casual,20,61220.34,Renting,0,2022-09-28
CUST001766,Gary,Logan,1977-03-08,46,M,QLD,2671,Full-Time,62,72810.23,Renting,0,2025-02-02
CUST001767,Douglas,Alvarez,1985-05-23,38,M,VIC,1510,Full-Time,2,39688.87,Mortgage,0,2017-12-16
CUST001768,Ronald,Ruiz,1996-07-18,27,M,WA,2938,Casual,25,46536.56,Mortgage,1,2023-07-26
CUST001769,Phillip,Schroeder,1963-09-10,60,M,NSW,2915,Part-Time,1,49668.39,Living with Family,0,2019-07-13
CUST001770,Alyssa,Ware,1980-01-01,44,M,VIC,2672,Full-Time,19,61619.65,Mortgage,2,2025-03-26
CUST001771,Jennifer,Larsen,1998-01-28,25,M,SA,9774,Full-Time,30,94203.67,Mortgage,0,2022-11-22
CUST001772,Ryan,Bailey,1982-01-31,41,M,VIC,2057,Full-Time,77,67505.3,Living with Family,1,2023-08-30
CUST001773,Roger,Jensen,1969-10-17,54,F,NSW,2666,Full-Time,8,29791.35,Renting,2,2020-02-04
CUST001774,Wendy,Gonzalez,2003-11-07,20,F,VIC,2978,Full-Time,115,86000.97,Mortgage,1,2018-06-24
CUST001775,Mark,Bartlett,1983-09-22,40,F,VIC,2780,Self-Employed,39,74664.47,Mortgage,3,2022-03-09
CUST001776,Joshua,Mendoza,1951-09-03,72,F,VIC,2144,Full-Time,20,49082.48,Living with Family,2,2022-05-09
CUST001777,Michelle,Pennington,1997-06-24,26,M,VIC,7772,Full-Time,24,83590.57,Renting,0,2020-12-26
CUST001778,Karen,Aguirre,2000-06-21,23,F,VIC,2150,Full-Time,55,110055.27,Living with Family,1,2022-03-29
CUST001779,Janice,Thompson,1991-02-05,32,F,NSW,2621,Unemployed,0,17916.46,Mortgage,3,2020-07-02
CUST001780,Brian,Walsh,1998-10-13,25,F,NSW,2251,Casual,1,26820.44,Mortgage,3,2024-06-11
CUST001781,Melissa,Rios,1965-10-27,58,F,QLD,2055,Full-Time,28,84826.55,Renting,4,2024-10-20
CUST001782,Valerie,Bowen,1959-07-17,64,F,NSW,2978,Self-Employed,17,72367.86,Mortgage,0,2016-11-07
CUST001783,Robert,Contreras,1988-04-07,35,M,VIC,2213,Casual,20,45631.6,Mortgage,1,2024-02-24
CUST001784,Jessica,Miller,1978-10-25,45,F,VIC,2610,Part-Time,21,40587.21,Renting,1,2019-03-16
CUST001785,William,Thompson,1961-04-01,62,M,VIC,1448,Part-Time,6,33650.09,Renting,0,2019-11-18
CUST001786,Ashley,Horton,1969-07-13,54,M,QLD,5711,Full-Time,11,80030.21,Renting,1,2024-12-26
CUST001787,Christopher,Stewart,1960-04-24,63,M,NSW,0902,Casual,34,51241.13,Owner,1,2023-10-28
CUST001788,Nicholas,Miller,1962-05-06,61,M,QLD,2694,Unemployed,0,17001.67,Renting,4,2024-04-05
CUST001789,Rachel,Lee,1986-12-24,37,F,NSW,2624,Full-Time,47,68147.89,Renting,0,2017-03-16
CUST001790,Gregory,Taylor,1990-09-02,33,F,VIC,2946,Casual,14,20927.94,Renting,2,2018-10-04
CUST001791,Nicole,Thompson,1960-08-23,63,M,NSW,2924,Full-Time,25,59052.71,Owner,3,2023-01-01
CUST001792,Tracy,Lane,1965-01-26,58,M,VIC,2968,Casual,1,44650.44,Living with Family,0,2020-10-09
CUST001793,Marie,Johnson,1986-04-29,37,F,SA,6628,Full-Time,101,71911.14,Owner,3,2021-11-04
CUST001794,Debbie,Fleming,1974-11-21,49,F,VIC,2923,Full-Time,1,57629.59,Living with Family,1,2019-10-21
CUST001795,Andrea,Paul,2005-11-24,18,F,NSW,2818,Part-Time,36,45326.08,Living with Family,0,2023-09-08
CUST001796,Taylor,Johnson,1964-09-14,59,M,SA,2619,Part-Time,27,25823.44,Renting,4,2021-05-18
CUST001797,Thomas,Mcdonald,1986-05-01,37,M,QLD,2945,Self-Employed,1,79023.83,Living with Family,0,2021-10-19
CUST001798,Rachel,Morris,1987-11-28,36,M,NSW,2550,Full-Time,16,123308.88,Mortgage,0,2018-02-25
CUST001799,Matthew,Leach,1977-04-21,46,M,NSW,2655,Part-Time,63,67849.84,Renting,2,2019-06-25
CUST001800,Jacob,Johnson,1976-10-20,47,M,SA,0879,Self-Employed,37,50611.69,Mortgage,1,2021-11-28
CUST001801,Reginald,Flowers,1974-12-15,49,M,ACT,2759,Full-Time,31,65492.05,Living with Family,0,2019-10-07
CUST001802,Kevin,Arellano,1989-01-30,34,M,WA,2688,Full-Time,12,80164.76,Renting,4,2017-09-11
CUST001803,Joseph,Ray,1974-06-06,49,M,VIC,6028,Part-Time,40,52477.44,Renting,3,2018-03-22
CUST001804,Candice,Wolfe,1967-02-28,56,F,NSW,8392,Full-Time,35,80837.5,Living with Family,2,2017-11-22
CUST001805,Susan,Waller,1969-01-18,54,M,WA,2932,Casual,43,37290.46,Mortgage,0,2023-12-09
CUST001806,Frederick,Smith,1976-05-01,47,M,VIC,2633,Casual,18,23359.14,Renting,1,2024-09-02
CUST001807,Christopher,Young,1967-03-15,56,M,NSW,2676,Full-Time,22,74366.7,Living with Family,0,2017-07-15
CUST001808,Gail,Singleton,1963-12-03,60,M,NSW,2970,Self-Employed,36,59712.83,Renting,3,2021-01-08
CUST001809,Thomas,Mcdaniel,1969-09-20,54,F,TAS,2677,Full-Time,20,57135.28,Mortgage,1,2022-09-28
CUST001810,Jasmin,Hines,1997-12-11,26,F,VIC,2562,Full-Time,8,79308.34,Living with Family,0,2019-08-04
CUST001811,Ricardo,Murphy,2003-12-21,20,F,NSW,2926,Full-Time,8,119138.82,Owner,0,2022-02-05
CUST001812,Michael,Santiago,1980-09-14,43,F,QLD,6039,Full-Time,191,91119.93,Renting,0,2018-04-30
CUST001813,Michael,Mason,1963-05-14,60,M,WA,1996,Full-Time,3,59362.35,Living with Family,2,2024-12-15
CUST001814,Devin,Lopez,1987-03-03,36,M,SA,2674,Part-Time,51,23439.25,Renting,0,2020-08-23
CUST001815,Destiny,Simmons,1969-06-03,54,F,NSW,2924,Full-Time,32,80771.95,Mortgage,0,2020-03-16
CUST001816,Austin,Mullen,1997-05-11,26,F,NSW,0222,Full-Time,7,51513.86,Mortgage,2,2020-04-22
CUST001817,Daniel,Drake,1979-09-25,44,F,VIC,2961,Full-Time,47,67585.66,Mortgage,1,2022-08-17
CUST001818,Lindsay,Martin,1973-03-09,50,M,NSW,2629,Full-Time,1,90680.29,Owner,0,2021-04-15
CUST001819,Alexander,Valdez,1989-07-13,34,F,VIC,2996,Self-Employed,30,55182.05,Mortgage,3,2023-09-01
CUST001820,Jonathan,Walters,1967-04-19,56,M,NT,7785,Full-Time,7,73314.54,Mortgage,1,2023-10-03
CUST001821,Megan,Bonilla,1991-01-09,33,M,VIC,2619,Self-Employed,66,72449.09,Renting,3,2023-10-17
CUST001822,Patrick,Leonard,1980-07-25,43,M,QLD,2630,Full-Time,93,94593.81,Mortgage,1,2019-10-05
CUST001823,Brittany,Gonzalez,2003-11-28,20,F,NSW,0876,Part-Time,144,29440.93,Renting,3,2017-02-28
CUST001824,David,Burns,1966-01-24,57,M,VIC,2970,Full-Time,45,33449.62,Mortgage,0,2024-09-22
CUST001825,Johnny,Rogers,1989-07-15,34,M,NSW,2920,Full-Time,40,102684.48,Renting,0,2021-08-11
CUST001826,Michael,Smith,1960-02-04,63,M,QLD,2944,Full-Time,20,100090.59,Renting,0,2022-06-13
CUST001827,Michael,Johnson,1984-04-12,39,F,NSW,2993,Full-Time,7,71096.94,Owner,0,2018-04-20
CUST001828,David,Thomas,1980-10-03,43,M,QLD,2920,Part-Time,114,40771.69,Renting,2,2020-08-09
CUST001829,Teresa,Barker,1965-08-29,58,F,SA,2698,Self-Employed,33,48253.36,Owner,0,2021-11-05
CUST001830,Mark,Johnson,1952-01-31,71,F,VIC,7168,Part-Time,69,35551.55,Mortgage,0,2025-07-19
CUST001831,Sara,Curry,1954-04-18,69,F,QLD,2606,Full-Time,9,40432.36,Renting,0,2016-12-04
CUST001832,Jonathan,Delgado,2004-11-05,19,F,VIC,2461,Full-Time,8,60794.57,Mortgage,2,2023-11-13
CUST001833,Wanda,Gilbert,1982-11-02,41,F,VIC,4305,Full-Time,64,82371.9,Renting,2,2021-11-19
CUST001834,Selena,Hill,1962-03-17,61,M,VIC,2654,Casual,25,21246.35,Living with Family,1,2021-03-28
CUST001835,Raymond,White,1952-05-19,71,F,NSW,2924,Part-Time,23,41246.81,Renting,1,2016-10-08
CUST001836,Kimberly,Sandoval,1961-09-27,62,F,QLD,2847,Full-Time,21,76164.73,Renting,0,2022-02-12
CUST001837,Jeffrey,Smith,1968-03-06,55,M,VIC,2943,Full-Time,71,80415.85,Mortgage,2,2017-04-19
CUST001838,Jennifer,Wilcox,1966-06-03,57,F,WA,6695,Full-Time,15,31904.42,Mortgage,0,2021-08-06
CUST001839,Angela,Cooper,1977-04-24,46,M,NSW,2945,Part-Time,7,60425.91,Renting,1,2024-02-16
CUST001840,Melissa,Porter,1958-07-13,65,M,SA,4264,Full-Time,37,23425.62,Renting,2,2020-05-08
CUST001841,Ashley,Miller,1988-01-18,35,M,NSW,2920,Unemployed,0,15000.0,Renting,1,2021-10-11
CUST001842,Jared,Mercer,1969-10-02,54,F,VIC,2974,Full-Time,6,57682.23,Renting,2,2019-05-09
CUST001843,Emily,Johnson,1968-01-07,56,F,VIC,0892,Self-Employed,22,68766.29,Mortgage,3,2022-05-05
CUST001844,Robert,Hubbard,1982-06-28,41,M,TAS,2928,Part-Time,3,40084.56,Renting,2,2023-06-03
CUST001845,Amanda,Gray,1971-06-30,52,M,VIC,2619,Full-Time,35,49721.52,Mortgage,0,2017-08-06
CUST001846,Victoria,Duncan,1962-05-22,61,M,VIC,2652,Full-Time,2,87642.75,Renting,1,2023-08-17
CUST001847,Michael,Robinson,1981-08-18,42,M,VIC,7455,Full-Time,11,66600.29,Owner,2,2022-05-25
CUST001848,Gloria,Schultz,1988-04-02,35,M,WA,0958,Full-Time,4,26107.95,Renting,0,2021-07-18
CUST001849,Michele,Simpson,1972-06-21,51,M,NSW,2904,Casual,97,41831.26,Mortgage,3,2024-02-28
CUST001850,Sandra,Thompson,1975-10-18,48,F,QLD,2920,Self-Employed,15,78202.3,Renting,0,2021-07-08
CUST001851,Steven,Jackson,1969-02-06,54,F,VIC,2569,Full-Time,17,82280.2,Living with Family,0,2022-08-08
CUST001852,Dana,Montgomery,1973-07-10,50,F,QLD,2629,Self-Employed,17,30183.86,Mortgage,3,2022-04-21
CUST001853,Jessica,Dougherty,1984-07-02,39,M,QLD,2949,Full-Time,64,107984.37,Renting,2,2018-12-22
CUST001854,Thomas,Davis,1982-09-30,41,F,QLD,2970,Casual,19,16457.38,Owner,0,2023-05-31
CUST001855,Destiny,Arnold,2000-12-20,23,F,NSW,2662,Unemployed,0,25019.3,Mortgage,1,2020-11-04
CUST001856,John,Kennedy,1991-08-31,32,M,VIC,2665,Self-Employed,21,53433.55,Mortgage,1,2017-12-02
CUST001857,Anthony,Lane,1953-06-26,70,F,NSW,2903,Full-Time,72,61970.57,Mortgage,0,2022-11-17
CUST001858,John,Thompson,1975-06-17,48,F,QLD,2908,Full-Time,171,119958.88,Renting,2,2022-07-01
CUST001859,Mary,Wiggins,1996-05-04,27,F,NSW,2643,Full-Time,21,65760.85,Renting,1,2020-11-19
CUST001860,Adam,Johnson,2005-07-20,18,M,SA,0287,Full-Time,44,60639.33,Mortgage,2,2024-06-25
CUST001861,Robert,Green,1953-10-22,70,M,NSW,4198,Full-Time,57,80119.66,Owner,1,2023-02-27
CUST001862,Maria,Brown,1975-02-28,48,M,VIC,2990,Casual,47,46580.08,Renting,1,2019-12-30
CUST001863,William,Banks,1991-04-16,32,M,VIC,2601,Casual,10,31111.1,Mortgage,3,2017-08-28
CUST001864,Katherine,Riley,1998-11-09,25,F,VIC,2619,Self-Employed,11,35994.82,Renting,0,2023-03-23
CUST001865,Diane,Thomas,1970-12-25,53,M,SA,2697,Full-Time,10,69265.39,Mortgage,2,2018-08-13
CUST001866,Dawn,Jones,1955-05-12,68,M,WA,2920,Full-Time,74,34201.87,Mortgage,3,2023-07-01
CUST001867,Matthew,Norris,1993-08-18,30,M,NSW,2957,Part-Time,3,56093.08,Renting,1,2023-01-08
CUST001868,Brooke,Juarez,1982-09-07,41,M,WA,2638,Full-Time,18,81855.77,Renting,2,2019-04-28
CUST001869,Nathan,Cox,1962-07-19,61,M,NSW,2924,Full-Time,29,105558.33,Owner,1,2025-03-24
CUST001870,Cynthia,Alvarez,1958-11-28,65,M,NSW,2614,Full-Time,68,38852.7,Living with Family,0,2018-02-11
CUST001871,David,Lawson,1996-06-05,27,F,SA,2984,Full-Time,23,61766.83,Renting,2,2022-06-16
CUST001872,Jason,Turner,1951-05-09,72,M,NSW,6045,Full-Time,52,102590.78,Mortgage,0,2023-03-20
CUST001873,Wendy,Sullivan,1992-12-17,31,F,SA,0825,Full-Time,19,60034.93,Owner,3,2022-07-09
CUST001874,Walter,Mills,1983-10-12,40,M,VIC,2987,Full-Time,10,60177.5,Renting,3,2022-07-24
CUST001875,Timothy,Webb,2000-03-25,23,M,NSW,2980,Full-Time,5,68949.04,Mortgage,2,2022-09-29
CUST001876,Jeffrey,Clark,1953-06-25,70,M,NSW,2634,Full-Time,79,77842.37,Renting,0,2022-03-15
CUST001877,David,Gonzalez,1991-12-30,32,M,VIC,2920,Self-Employed,1,61733.28,Owner,0,2020-11-09
CUST001878,Rebecca,Larsen,2002-08-30,21,M,WA,8335,Part-Time,18,41395.45,Mortgage,0,2022-09-14
CUST001879,Corey,Rivera,1972-11-02,51,F,SA,2348,Unemployed,0,24775.62,Mortgage,2,2025-05-18
CUST001880,Amanda,Miller,1998-10-30,25,M,VIC,2279,Part-Time,25,57769.26,Renting,2,2021-06-06
CUST001881,Laura,White,1963-12-02,60,F,VIC,2693,Part-Time,26,53071.05,Renting,1,2022-12-06
CUST001882,Billy,Lynch,1976-03-06,47,F,NSW,9413,Full-Time,32,109559.42,Renting,1,2023-04-29
CUST001883,Rebecca,Anderson,2002-12-09,21,F,VIC,2930,Full-Time,33,60656.79,Owner,1,2018-08-05
CUST001884,Kathleen,Woods,1963-11-16,60,F,WA,2580,Full-Time,81,96901.11,Mortgage,0,2019-08-06
CUST001885,James,Wilson,1986-06-29,37,F,NSW,2473,Full-Time,16,79279.86,Mortgage,1,2017-08-16
CUST001886,Carmen,Evans,1983-11-29,40,F,NSW,1961,Casual,66,43032.19,Renting,2,2023-03-16
CUST001887,Dawn,Chapman,1975-05-26,48,M,NSW,0997,Full-Time,24,99774.48,Living with Family,2,2025-08-27
CUST001888,Richard,Nelson,1964-04-30,59,M,NSW,0925,Part-Time,105,33673.4,Owner,0,2021-04-16
CUST001889,Stephanie,Evans,1979-07-20,44,M,NSW,4354,Casual,23,37952.1,Renting,1,2022-10-29
CUST001890,Connie,Rodriguez,1978-11-26,45,M,NSW,2657,Unemployed,0,27208.96,Renting,0,2016-10-13
CUST001891,William,Simpson,2001-07-17,22,M,WA,2651,Full-Time,55,84597.75,Mortgage,0,2023-07-27
CUST001892,Cody,Atkins,1988-10-04,35,F,VIC,2958,Self-Employed,8,38833.49,Mortgage,4,2024-02-16
CUST001893,Daniel,Hall,1960-12-15,63,F,ACT,2938,Self-Employed,13,55212.58,Mortgage,2,2019-06-22
CUST001894,Thomas,Cohen,1994-03-06,29,M,QLD,0839,Full-Time,63,51558.82,Living with Family,3,2022-10-09
CUST001895,James,Foster,1968-07-03,55,F,NSW,2642,Full-Time,13,61442.68,Renting,2,2022-03-20
CUST001896,Sue,Zavala,1958-11-03,65,M,QLD,7643,Full-Time,11,84286.83,Owner,0,2025-02-13
CUST001897,Melissa,Torres,1977-02-06,46,M,NSW,2634,Full-Time,22,67332.34,Mortgage,1,2019-09-23
CUST001898,Julie,Cole,1970-04-03,53,M,NSW,2609,Unemployed,0,20495.2,Renting,0,2020-04-07
CUST001899,Kathryn,Powell,1973-12-02,50,F,QLD,0252,Self-Employed,52,94493.34,Mortgage,3,2025-07-01
CUST001900,Andrew,Bush,1994-03-20,29,F,SA,2674,Full-Time,56,84596.88,Renting,4,2019-05-18
CUST001901,Marc,Gibbs,1971-05-22,52,M,NSW,2948,Full-Time,44,58091.68,Mortgage,2,2021-10-06
CUST001902,Jason,Shaw,1961-04-18,62,F,QLD,2811,Full-Time,35,60946.31,Mortgage,3,2018-11-30
CUST001903,Timothy,Griffith,1968-08-09,55,M,WA,2910,Casual,57,37660.24,Renting,1,2023-10-03
CUST001904,Susan,Mccarthy,1972-05-08,51,M,NSW,2694,Full-Time,58,90275.28,Owner,0,2025-08-10
CUST001905,Brian,Brown,1983-09-21,40,M,NSW,2954,Full-Time,38,76069.18,Mortgage,0,2021-07-26
CUST001906,Justin,Ruiz,1975-02-20,48,F,NSW,2356,Unemployed,0,15000.0,Mortgage,0,2024-02-22
CUST001907,Brittany,Andrews,2000-05-31,23,F,VIC,9173,Full-Time,5,22312.35,Owner,4,2019-09-04
CUST001908,Donna,Hawkins,1981-06-05,42,M,VIC,2920,Part-Time,64,32748.58,Living with Family,2,2017-12-27
CUST001909,Monica,Lyons,1994-05-19,29,F,NSW,2945,Full-Time,5,71981.14,Mortgage,1,2024-11-14
CUST001910,Nicole,Lopez,1975-08-02,48,F,VIC,2903,Full-Time,31,50335.43,Owner,0,2020-11-14
CUST001911,Erica,Padilla,1969-01-15,54,M,NSW,2790,Self-Employed,18,69400.02,Owner,0,2017-12-27
CUST001912,Ronald,Shaffer,1986-12-23,37,F,NSW,2280,Casual,39,50108.98,Renting,0,2024-12-09
CUST001913,Allen,Kim,1979-06-09,44,M,QLD,2185,Full-Time,76,102172.11,Renting,0,2023-11-02
CUST001914,Bailey,Walters,1978-04-06,45,M,VIC,2391,Full-Time,108,45797.69,Renting,1,2025-06-29
CUST001915,Amanda,Lindsey,1994-12-31,29,M,QLD,2497,Full-Time,1,83580.2,Mortgage,2,2022-03-20
CUST001916,Katie,Jordan,1993-05-03,30,F,QLD,2877,Self-Employed,96,79993.74,Mortgage,2,2024-09-23
CUST001917,Mark,White,1958-07-22,65,F,QLD,5578,Full-Time,60,69702.58,Living with Family,3,2023-10-03
CUST001918,Stacy,Preston,1992-08-12,31,F,VIC,2999,Full-Time,1,65234.07,Living with Family,0,2019-05-15
CUST001919,Peter,Smith,1985-11-25,38,F,WA,2946,Full-Time,49,76405.13,Renting,2,2018-01-29
CUST001920,Breanna,Saunders,1999-05-08,24,M,SA,4739,Full-Time,1,101392.73,Owner,0,2025-01-19
CUST001921,Jennifer,Ray,2001-07-14,22,M,VIC,2662,Full-Time,80,37008.91,Owner,4,2018-07-31
CUST001922,Anthony,Guzman,1960-04-04,63,M,QLD,2128,Full-Time,51,104414.69,Renting,3,2019-11-11
CUST001923,Monica,Hebert,1953-09-29,70,M,NSW,2673,Full-Time,89,62333.98,Owner,1,2019-06-14
CUST001924,Joseph,Mayer,1974-05-03,49,F,VIC,2675,Casual,50,29554.26,Living with Family,2,2016-12-20
CUST001925,Sheryl,Martinez,2000-08-17,23,M,TAS,2980,Part-Time,15,63379.57,Owner,1,2020-09-20
CUST001926,Jodi,James,1992-11-15,31,F,SA,2617,Full-Time,46,51435.73,Renting,3,2020-04-26
CUST001927,Oscar,Olsen,1961-08-27,62,F,QLD,2428,Full-Time,81,114303.64,Mortgage,0,2024-12-10
CUST001928,David,Sherman,1991-10-01,32,M,QLD,2619,Full-Time,8,84188.84,Owner,3,2025-03-11
CUST001929,Michael,Cowan,1992-09-06,31,M,NSW,0233,Full-Time,3,63164.55,Living with Family,1,2025-08-04
CUST001930,Michael,Scott,1996-02-11,27,F,NSW,2619,Full-Time,19,69576.74,Renting,1,2025-03-24
CUST001931,Norman,Fisher,1950-08-31,73,F,VIC,2555,Self-Employed,24,73164.98,Owner,3,2025-03-27
CUST001932,Ryan,Abbott,1998-03-31,25,F,VIC,2933,Full-Time,143,61996.24,Renting,3,2025-09-21
CUST001933,Dawn,Price,1954-08-17,69,M,NSW,2910,Self-Employed,11,74297.86,Mortgage,0,2025-04-14
CUST001934,Deborah,Morris,1965-08-29,58,M,QLD,2633,Full-Time,1,70068.15,Renting,0,2018-04-27
CUST001935,April,Taylor,1950-04-07,73,M,VIC,2910,Self-Employed,52,77073.98,Renting,1,2017-04-11
CUST001936,Michelle,Guerrero,1996-04-06,27,F,VIC,2979,Full-Time,5,42285.07,Owner,0,2020-06-16
CUST001937,Gerald,Mayer,1958-11-11,65,M,NSW,2632,Full-Time,31,114442.93,Owner,3,2020-01-04
CUST001938,Kristin,Johnson,2003-05-17,20,F,VIC,2674,Self-Employed,150,46728.97,Mortgage,4,2020-05-10
CUST001939,Maureen,Howell,1971-05-16,52,F,VIC,2005,Full-Time,8,102445.19,Renting,0,2016-12-24
CUST001940,Jessica,Thomas,1977-01-06,47,F,VIC,0208,Casual,36,31004.98,Owner,0,2020-02-13
CUST001941,Alicia,Moore,1984-06-09,39,F,VIC,1531,Full-Time,21,63906.5,Mortgage,0,2020-07-03
CUST001942,Tanya,Marshall,1953-07-29,70,M,NSW,0287,Full-Time,17,65160.04,Living with Family,4,2017-12-07
CUST001943,Dana,Collins,1984-09-18,39,M,QLD,2914,Part-Time,47,45968.84,Renting,0,2017-11-17
CUST001944,Michael,Austin,1987-10-18,36,F,WA,2577,Full-Time,10,92603.71,Renting,0,2023-06-19
CUST001945,James,Robinson,1999-02-21,24,M,WA,2622,Part-Time,14,19676.2,Mortgage,0,2018-10-03
CUST001946,Cody,Powell,1954-06-30,69,F,ACT,0813,Full-Time,16,86012.48,Renting,1,2018-10-05
CUST001947,Donna,Murphy,1960-06-08,63,M,QLD,2909,Part-Time,11,46050.38,Renting,1,2021-05-27
CUST001948,Nicole,Wolf,1983-03-15,40,M,VIC,2625,Full-Time,13,59491.68,Renting,0,2020-07-10
CUST001949,Beth,Michael,1988-01-28,35,F,QLD,2160,Full-Time,22,85838.62,Mortgage,2,2023-11-15
CUST001950,Cynthia,Conley,1950-07-23,73,F,QLD,2692,Full-Time,6,121053.92,Owner,3,2020-04-18
CUST001951,Timothy,Mathews,1950-05-29,73,M,VIC,2669,Full-Time,1,101932.6,Renting,0,2020-05-17
CUST001952,Jose,Gonzales,1976-01-05,48,M,QLD,2885,Full-Time,23,85087.75,Mortgage,3,2019-10-05
CUST001953,Jonathan,Roman,2001-06-29,22,M,NSW,2920,Full-Time,31,69394.6,Renting,0,2023-09-03
CUST001954,Colin,Chase,1976-03-11,47,F,NSW,8415,Full-Time,15,95928.56,Renting,1,2020-07-24
CUST001955,Amy,Davis,1951-03-15,72,M,VIC,2901,Casual,2,24710.21,Mortgage,2,2017-10-22
CUST001956,David,Bailey,1991-01-23,32,F,NSW,2616,Full-Time,52,121450.14,Owner,1,2021-09-14
CUST001957,Tammy,Bonilla,2004-03-21,19,M,VIC,2656,Casual,37,43668.46,Renting,3,2024-02-08
CUST001958,William,Thomas,2001-02-03,22,M,SA,2680,Full-Time,114,89586.23,Owner,3,2018-07-07
CUST001959,Alicia,Chan,1992-11-29,31,F,VIC,5880,Full-Time,24,66886.53,Owner,4,2023-12-05
CUST001960,Jerry,Valentine,1970-10-05,53,F,VIC,8252,Full-Time,27,62736.96,Renting,0,2017-08-17
CUST001961,Cynthia,Montgomery,1959-05-02,64,F,NSW,2638,Full-Time,81,55896.9,Owner,4,2025-03-15
CUST001962,Michele,Ramirez,1985-02-01,38,F,SA,2994,Full-Time,6,93347.69,Renting,3,2020-03-26
CUST001963,Robert,Woods,1979-12-27,44,M,WA,2942,Full-Time,194,67425.73,Renting,3,2023-03-21
CUST001964,Charles,Erickson,1967-02-16,56,M,VIC,2933,Self-Employed,89,99274.6,Renting,3,2025-01-12
CUST001965,Susan,Brown,1985-04-15,38,F,NSW,0222,Full-Time,63,75560.45,Mortgage,0,2021-01-19
CUST001966,Teresa,Bray,1959-01-08,65,M,SA,2696,Full-Time,13,108135.24,Renting,1,2023-10-20
CUST001967,Peter,Lee,1987-03-14,36,F,NSW,2961,Full-Time,24,64883.02,Mortgage,1,2018-10-05
CUST001968,Donald,Morales,2004-10-08,19,M,SA,6237,Part-Time,39,35316.85,Renting,2,2018-01-03
CUST001969,Mark,Walsh,1965-09-14,58,M,NSW,8481,Self-Employed,1,84242.07,Renting,0,2023-09-02
CUST001970,Jesse,Gonzales,1984-06-08,39,M,WA,2619,Self-Employed,1,52561.6,Renting,2,2021-08-06
CUST001971,Eric,Beard,1985-02-08,38,M,NSW,2954,Part-Time,38,40723.25,Owner,0,2025-04-08
CUST001972,Mary,Scott,1952-02-07,71,F,NSW,0976,Full-Time,18,46780.64,Mortgage,1,2021-12-27
CUST001973,Heather,Bauer,2000-07-19,23,F,QLD,2923,Part-Time,31,42668.31,Owner,3,2021-06-06
CUST001974,Jessica,Moyer,1954-11-12,69,M,VIC,2973,Full-Time,5,73378.5,Mortgage,0,2024-07-19
CUST001975,Mary,Richmond,1988-04-16,35,M,NSW,0201,Full-Time,158,80010.68,Mortgage,1,2024-07-05
CUST001976,Jennifer,Hill,1965-12-23,58,F,VIC,2785,Full-Time,104,89826.82,Owner,0,2020-07-02
CUST001977,Tonya,Miller,1998-03-26,25,M,NSW,2573,Full-Time,21,56679.72,Mortgage,1,2021-12-30
CUST001978,Ryan,Baker,1962-07-26,61,F,NSW,2920,Full-Time,14,70175.58,Living with Family,3,2021-10-08
CUST001979,Nicholas,Stone,1998-04-18,25,F,SA,2980,Self-Employed,52,73584.7,Renting,2,2022-02-20
CUST001980,Laura,Finley,1983-12-19,40,F,WA,5113,Part-Time,26,41737.95,Renting,3,2019-12-21
CUST001981,Rebecca,Fisher,1988-09-26,35,F,WA,2990,Part-Time,5,20966.94,Mortgage,3,2019-11-07
CUST001982,Melissa,Berry,1995-06-09,28,M,WA,8066,Part-Time,13,50973.55,Mortgage,3,2022-09-30
CUST001983,Ashley,Johnson,1951-03-20,72,F,NSW,2951,Part-Time,1,51951.11,Renting,0,2019-05-10
CUST001984,Anthony,Bryant,1973-08-18,50,F,NSW,2755,Full-Time,56,79155.9,Owner,0,2019-11-24
CUST001985,Joshua,Bowers,2005-09-24,18,F,NSW,2947,Part-Time,57,64291.81,Renting,0,2023-01-06
CUST001986,Kayla,Martin,1986-07-18,37,F,QLD,9856,Part-Time,34,16596.12,Renting,0,2023-07-04
CUST001987,George,Porter,1995-01-09,28,F,SA,2455,Full-Time,52,72339.08,Renting,0,2022-04-10
CUST001988,Mary,Perez,1992-08-21,31,M,VIC,2931,Full-Time,81,59013.74,Living with Family,3,2024-12-13
CUST001989,Richard,Howell,1954-12-21,69,M,SA,0926,Full-Time,14,124085.02,Renting,1,2018-07-18
CUST001990,Todd,Rogers,1999-05-16,24,F,NSW,2615,Self-Employed,18,53015.51,Mortgage,1,2023-07-08
CUST001991,Marcus,Rodriguez,2005-05-13,18,M,VIC,6488,Casual,127,36819.91,Renting,1,2019-05-23
CUST001992,Gregory,Montgomery,1982-03-15,41,F,NSW,2331,Full-Time,52,48108.42,Renting,2,2017-07-16
CUST001993,Natalie,Sullivan,1984-05-29,39,F,NSW,2725,Full-Time,85,47998.54,Living with Family,0,2021-07-09
CUST001994,Samantha,Garcia,1972-09-26,51,F,WA,2929,Unemployed,0,15000.0,Owner,1,2021-11-08
CUST001995,Yvonne,Ramos,1954-06-30,69,F,VIC,2138,Casual,3,28488.54,Living with Family,0,2018-02-13
CUST001996,Jeffrey,Neal,1951-04-04,72,F,VIC,2683,Full-Time,1,61829.33,Mortgage,0,2024-08-07
CUST001997,Lisa,Thomas,1975-04-08,48,M,VIC,2923,Casual,52,29214.96,Renting,0,2025-05-28
CUST001998,Timothy,Gonzales,1999-06-18,24,F,VIC,9893,Self-Employed,1,99021.06,Living with Family,0,2020-06-08
CUST001999,Beverly,Burton,1998-11-27,25,F,VIC,2984,Casual,97,40100.08,Mortgage,0,2023-02-01
CUST002000,Joseph,Wood,1996-04-28,27,M,NSW,2695,Full-Time,24,92272.86,Owner,4,2021-08-03
CUST002001,Heather,Morris,1954-03-13,69,M,VIC,2698,Self-Employed,24,62518.97,Living with Family,1,2021-12-08
CUST002002,Samantha,Duke,1955-05-01,68,F,VIC,2918,Self-Employed,26,75092.54,Mortgage,0,2019-07-19
CUST002003,Cassandra,Cortez,1996-07-18,27,M,VIC,9374,Self-Employed,72,39738.65,Owner,0,2021-11-22
CUST002004,Christine,Crawford,1952-10-24,71,M,QLD,2601,Full-Time,19,91877.46,Mortgage,1,2025-04-21
CUST002005,Ann,Hansen,1959-08-31,64,F,QLD,2257,Full-Time,51,60640.87,Renting,0,2024-07-13
CUST002006,Evelyn,Jones,1958-04-21,65,M,VIC,2894,Full-Time,38,69066.55,Renting,2,2025-04-01
CUST002007,Jennifer,Henry,1991-12-08,32,F,NSW,2626,Full-Time,151,50792.58,Renting,2,2018-08-30
CUST002008,Amanda,Leonard,1975-12-13,48,F,VIC,2953,Full-Time,27,74217.54,Living with Family,0,2021-11-08
CUST002009,Sophia,Thomas,2000-07-13,23,M,VIC,4950,Unemployed,0,15977.04,Renting,0,2025-06-18
CUST002010,Karen,Matthews,1952-10-19,71,F,VIC,2391,Full-Time,15,66764.03,Renting,0,2021-06-29
CUST002011,Jessica,Wright,1992-02-02,31,F,QLD,7220,Full-Time,64,59835.13,Renting,4,2022-07-27
CUST002012,David,Davis,1978-06-08,45,M,VIC,2999,Unemployed,0,33303.02,Owner,0,2023-01-12
CUST002013,Linda,James,1989-06-23,34,F,NSW,2912,Self-Employed,25,80072.74,Renting,1,2024-05-07
CUST002014,Larry,Thompson,1960-05-04,63,F,WA,2604,Part-Time,27,57866.97,Renting,0,2021-03-22
CUST002015,Richard,Perez,1960-06-06,63,F,VIC,0915,Self-Employed,16,61679.16,Mortgage,1,2020-10-15
CUST002016,Jonathan,Suarez,1955-03-07,68,M,VIC,2280,Full-Time,38,96371.96,Mortgage,3,2022-11-14
CUST002017,Aaron,Galloway,1955-04-07,68,M,QLD,1056,Full-Time,11,49494.68,Renting,2,2019-06-25
CUST002018,Ashley,Brooks,1996-02-17,27,F,QLD,2323,Full-Time,51,87273.88,Renting,2,2022-06-15
CUST002019,Amanda,Daugherty,1978-08-15,45,F,VIC,2529,Casual,8,40121.46,Renting,1,2020-02-03
CUST002020,Scott,Singleton,1959-12-28,64,F,QLD,2658,Full-Time,40,108332.41,Renting,0,2018-01-24
CUST002021,Anthony,Williams,1997-03-24,26,F,ACT,4144,Self-Employed,5,76621.62,Renting,0,2017-09-11
CUST002022,Brittany,Jackson,1989-05-05,34,F,VIC,2573,Part-Time,24,16625.81,Mortgage,0,2022-02-26
CUST002023,Sharon,Mcfarland,2003-02-01,20,F,WA,9671,Full-Time,18,91335.11,Owner,1,2022-09-29
CUST002024,John,Thomas,1953-07-10,70,M,NSW,2920,Part-Time,56,33481.71,Owner,0,2018-06-03
CUST002025,Michael,Rangel,1973-03-05,50,F,QLD,2919,Casual,59,33031.23,Mortgage,0,2017-08-12
CUST002026,Elizabeth,Flores,1979-11-17,44,F,NSW,8998,Full-Time,8,88865.1,Mortgage,4,2021-06-02
CUST002027,Dawn,Campbell,1993-08-17,30,M,NSW,2627,Full-Time,28,78294.27,Renting,0,2023-08-06
CUST002028,Connie,Powell,1966-09-20,57,M,NSW,2981,Full-Time,28,98297.03,Owner,1,2021-02-20
CUST002029,Marc,Webb,1978-03-21,45,M,NSW,2984,Casual,34,31795.27,Renting,1,2021-03-15
CUST002030,Justin,Sutton,1995-05-03,28,F,NSW,2280,Casual,31,25713.72,Renting,3,2018-06-02
CUST002031,Patricia,Adkins,1954-11-25,69,M,SA,5825,Casual,28,43444.51,Owner,0,2023-05-18
CUST002032,Brandon,Turner,1980-09-18,43,F,WA,2665,Self-Employed,79,49287.86,Mortgage,2,2025-05-27
CUST002033,Marcia,Russo,1952-10-07,71,F,VIC,3828,Full-Time,4,128949.3,Mortgage,0,2020-01-23
CUST002034,Renee,Garcia,1990-04-12,33,F,NSW,2653,Full-Time,20,35295.52,Renting,1,2023-02-19
CUST002035,James,Clark,1953-12-16,70,M,QLD,0990,Part-Time,1,54313.52,Owner,3,2017-02-17
CUST002036,Rachel,Wilson,1971-11-08,52,M,VIC,2920,Full-Time,8,82204.87,Living with Family,3,2024-11-11
CUST002037,Rose,Rivera,1987-12-25,36,M,WA,2656,Full-Time,11,89931.36,Renting,1,2024-02-29
CUST002038,Mary,Williams,1971-04-16,52,F,WA,2639,Casual,76,46182.22,Living with Family,1,2018-12-10
CUST002039,Nicole,Henderson,1988-07-02,35,F,QLD,5434,Part-Time,35,15237.26,Renting,0,2020-05-29
CUST002040,Madison,Bennett,1950-04-27,73,F,WA,2667,Full-Time,18,61853.71,Mortgage,4,2019-01-03
CUST002041,Heather,Williams,1950-05-01,73,F,WA,2612,Casual,12,39156.22,Owner,2,2022-09-10
CUST002042,Dana,Wilson,1962-08-29,61,M,TAS,2920,Full-Time,25,60363.24,Mortgage,1,2017-04-28
CUST002043,Gary,Singh,1980-11-13,43,M,VIC,2994,Full-Time,14,78390.8,Mortgage,0,2021-07-20
CUST002044,Ashley,Rodriguez,1966-03-29,57,F,NSW,2619,Full-Time,25,69455.89,Owner,2,2020-04-12
CUST002045,James,Miller,2001-02-02,22,M,WA,2920,Full-Time,43,70875.68,Renting,1,2018-07-13
CUST002046,Austin,Mendoza,1979-10-14,44,M,QLD,2619,Full-Time,9,108586.97,Mortgage,0,2018-10-13
CUST002047,Jack,Farmer,1998-01-17,25,F,VIC,2336,Self-Employed,64,34111.43,Renting,2,2022-04-06
CUST002048,Douglas,Harper,1975-02-19,48,F,NSW,2183,Full-Time,25,114265.76,Renting,1,2023-08-23
CUST002049,Bradley,Smith,1991-10-09,32,M,WA,2635,Full-Time,47,86682.66,Renting,2,2024-06-17
CUST002050,Gregory,Murray,1964-04-09,59,M,VIC,2266,Full-Time,7,60801.58,Mortgage,1,2018-02-07
CUST002051,Bryce,White,1966-08-26,57,M,QLD,2665,Self-Employed,31,57796.89,Renting,1,2022-08-24
CUST002052,Monica,Jones,1975-03-08,48,F,WA,2699,Full-Time,105,90449.32,Owner,2,2021-06-25
CUST002053,Douglas,Brandt,1982-01-09,42,M,VIC,2211,Full-Time,1,49322.49,Renting,0,2020-05-31
CUST002054,Christine,Jackson,1980-09-18,43,F,NSW,2945,Full-Time,45,81154.35,Mortgage,1,2017-01-26
CUST002055,Gabrielle,Smith,2002-01-05,22,F,VIC,1906,Full-Time,48,85015.2,Owner,1,2023-08-23
CUST002056,Jeffrey,Fuller,1956-08-31,67,F,NSW,5810,Self-Employed,47,34224.96,Mortgage,2,2022-07-25
CUST002057,Sharon,Newman,2002-07-21,21,M,SA,2929,Casual,98,18190.38,Renting,0,2020-03-16
CUST002058,John,Henry,2002-07-09,21,M,VIC,2757,Full-Time,29,79997.05,Renting,0,2021-01-13
CUST002059,Shawn,Suarez,2001-11-04,22,M,SA,2682,Self-Employed,23,94579.74,Renting,0,2019-04-22
CUST002060,Sylvia,Price,1992-02-15,31,M,VIC,2725,Full-Time,1,62438.25,Living with Family,1,2023-05-21
CUST002061,Kevin,Williams,1974-10-07,49,F,NSW,0283,Full-Time,32,62648.79,Owner,3,2025-08-11
CUST002062,Courtney,Clark,1956-12-23,67,F,WA,2996,Part-Time,25,56006.56,Mortgage,3,2024-09-04
CUST002063,Shaun,Farley,1976-06-09,47,F,NSW,2905,Full-Time,19,34329.85,Renting,4,2019-10-07
CUST002064,Dean,Moreno,1988-04-26,35,F,VIC,2693,Full-Time,1,60209.34,Owner,1,2023-02-20
CUST002065,Stacy,Daniel,1982-09-10,41,M,NSW,0857,Part-Time,167,31797.33,Renting,2,2021-08-28
CUST002066,Ricky,Schneider,1994-01-14,29,F,VIC,2676,Self-Employed,39,42474.95,Renting,3,2017-12-30
CUST002067,Denise,Evans,1956-01-11,68,M,VIC,0860,Full-Time,7,94918.13,Mortgage,2,2018-07-09
CUST002068,Pamela,Keller,1969-04-24,54,M,NSW,8627,Full-Time,29,106963.07,Renting,0,2016-12-09
CUST002069,Ashley,Jackson,1961-09-13,62,M,NSW,5269,Full-Time,2,44212.06,Renting,4,2023-10-05
CUST002070,Robert,Mcdonald,1961-03-14,62,F,VIC,2627,Self-Employed,25,68393.53,Renting,0,2019-07-28
CUST002071,Cheryl,Moss,2003-11-04,20,F,QLD,2111,Full-Time,3,79671.25,Renting,0,2017-06-30
CUST002072,Michelle,Brown,1950-03-25,73,F,QLD,2455,Full-Time,37,75452.94,Mortgage,0,2018-07-21
CUST002073,Jason,Pittman,1958-06-18,65,M,SA,2979,Part-Time,73,34895.51,Renting,1,2024-11-27
CUST002074,Maria,Alvarez,1983-07-26,40,F,NSW,2654,Full-Time,45,23585.17,Renting,0,2019-06-15
CUST002075,Ernest,Gilmore,1996-04-05,27,F,VIC,2646,Full-Time,3,85883.54,Mortgage,1,2017-10-16
CUST002076,Robert,Hoffman,2002-07-09,21,M,QLD,0974,Full-Time,9,88583.22,Renting,0,2022-12-07
CUST002077,Theresa,Beck,2002-02-19,21,F,NSW,2637,Full-Time,1,85001.27,Mortgage,0,2017-08-07
CUST002078,Nicole,Kennedy,1952-01-05,72,M,SA,2912,Casual,34,30891.0,Mortgage,3,2023-08-18
CUST002079,Vanessa,Cox,1983-09-22,40,M,VIC,2619,Full-Time,39,73769.11,Mortgage,1,2021-11-14
CUST002080,Andrew,Vasquez,1975-09-03,48,M,NSW,5551,Full-Time,59,61276.86,Owner,1,2024-09-13
CUST002081,Dennis,Evans,1953-09-21,70,M,VIC,2992,Full-Time,32,24903.59,Renting,0,2017-09-21
CUST002082,Susan,Gonzalez,2003-12-16,20,M,VIC,0954,Part-Time,22,29688.89,Owner,0,2023-02-16
CUST002083,Christopher,Morrison,2004-10-02,19,M,VIC,2920,Self-Employed,31,65246.2,Renting,2,2016-11-13
CUST002084,Robert,Jackson,2001-05-28,22,F,QLD,2738,Casual,8,29818.91,Owner,2,2019-04-01
CUST002085,Ruth,Burns,1979-11-29,44,F,SA,2640,Full-Time,25,66373.1,Renting,0,2022-07-27
CUST002086,Jose,Ferrell,1990-05-10,33,M,NSW,2950,Part-Time,70,42930.98,Mortgage,0,2019-03-07
CUST002087,Donna,Cook,1987-10-25,36,M,ACT,2129,Casual,1,33714.42,Owner,0,2016-10-27
CUST002088,Kevin,Gonzalez,1982-12-31,41,M,WA,2916,Part-Time,44,45290.93,Living with Family,2,2020-03-21
CUST002089,Joseph,Brooks,1990-01-19,33,M,NT,2978,Part-Time,111,51919.68,Renting,1,2024-05-28
CUST002090,Richard,Peterson,1995-03-16,28,M,QLD,2964,Full-Time,10,88754.07,Renting,1,2021-09-11
CUST002091,Joseph,Gentry,1978-01-29,45,M,VIC,2458,Full-Time,1,58547.86,Mortgage,1,2024-10-14
CUST002092,David,Gill,1951-01-23,72,M,WA,2691,Full-Time,49,66511.79,Owner,4,2018-04-27
CUST002093,Ashley,Young,1953-06-30,70,M,QLD,2410,Full-Time,4,58692.72,Mortgage,2,2023-03-26
CUST002094,Matthew,Stout,1992-06-11,31,F,VIC,2329,Full-Time,19,79087.19,Renting,0,2022-05-12
CUST002095,Steven,Marks,2000-04-06,23,M,VIC,2591,Unemployed,0,15000.0,Owner,1,2017-03-25
CUST002096,Samantha,House,1957-10-09,66,F,WA,2651,Casual,28,28741.27,Mortgage,1,2023-03-10
CUST002097,Ryan,Jennings,1955-01-15,69,M,VIC,2670,Full-Time,51,108519.57,Mortgage,0,2023-03-06
CUST002098,Colleen,Lee,1972-03-02,51,F,SA,2667,Full-Time,2,67799.54,Renting,1,2022-03-05
CUST002099,Keith,Lowe,1960-07-08,63,F,WA,2272,Full-Time,100,102027.72,Mortgage,4,2021-04-17
CUST002100,Terri,Baker,1954-05-05,69,F,NSW,4931,Full-Time,15,71861.63,Owner,3,2023-01-19
CUST002101,Jacob,Morris,1954-02-14,69,M,NSW,2682,Part-Time,22,30020.49,Living with Family,1,2020-04-11
CUST002102,Kenneth,Gutierrez,1998-03-20,25,M,VIC,0943,Full-Time,28,75964.76,Living with Family,4,2020-07-24
CUST002103,Jill,Schmidt,1997-07-18,26,M,NSW,2742,Full-Time,11,96868.83,Renting,1,2017-04-22
CUST002104,Max,Quinn,1953-05-14,70,F,NSW,0861,Self-Employed,92,54851.9,Renting,0,2022-10-16
CUST002105,Sean,Rowland,2001-11-05,22,F,WA,2459,Part-Time,22,45389.62,Renting,0,2023-09-01
CUST002106,Helen,Jacobs,2002-10-07,21,M,NSW,2394,Part-Time,2,57255.8,Mortgage,2,2023-04-09
CUST002107,Michael,Shepherd,1968-03-26,55,M,VIC,2977,Self-Employed,37,15836.42,Mortgage,4,2019-06-05
CUST002108,Amy,Mcgee,1978-02-03,45,F,SA,2689,Self-Employed,21,60142.17,Living with Family,2,2018-04-05
CUST002109,Robert,Hobbs,1989-10-18,34,M,QLD,2946,Casual,42,43883.03,Renting,2,2020-11-23
CUST002110,Shannon,Thomas,2001-11-15,22,F,SA,2986,Full-Time,17,98346.5,Renting,1,2025-04-09
CUST002111,Kristina,James,2000-05-19,23,F,NSW,0926,Full-Time,96,82098.61,Renting,0,2020-01-07
CUST002112,Lisa,Whitehead,1974-12-02,49,M,ACT,2639,Part-Time,1,32969.78,Owner,3,2025-03-28
CUST002113,Allen,Kennedy,1962-04-24,61,M,NSW,2853,Full-Time,49,110461.66,Renting,3,2016-12-02
CUST002114,Kevin,Moses,1972-06-23,51,F,NSW,9433,Full-Time,6,87886.58,Renting,1,2021-02-07
CUST002115,Ryan,Valentine,1991-09-14,32,M,NSW,2647,Casual,64,40730.84,Renting,0,2025-06-12
CUST002116,Suzanne,Jones,1953-03-11,70,M,VIC,2947,Full-Time,18,122350.58,Renting,0,2022-03-12
CUST002117,April,Snyder,1957-12-07,66,M,QLD,2676,Self-Employed,35,37741.73,Mortgage,1,2021-02-20
CUST002118,Crystal,Morgan,2005-03-23,18,F,QLD,2939,Casual,52,41987.55,Mortgage,3,2020-08-02
CUST002119,David,Campbell,1956-10-17,67,M,VIC,2972,Full-Time,18,75332.86,Renting,2,2020-01-19
CUST002120,Bryan,West,2006-01-04,18,F,QLD,0233,Full-Time,38,77737.94,Owner,2,2025-03-23
CUST002121,Renee,Orr,1989-08-24,34,M,WA,0974,Full-Time,10,50034.46,Renting,3,2021-09-20
CUST002122,Mark,Lee,1983-03-16,40,F,NSW,2625,Self-Employed,59,82121.59,Mortgage,1,2023-10-05
CUST002123,Rhonda,Erickson,1982-12-02,41,F,VIC,0833,Self-Employed,5,88399.51,Renting,0,2021-02-13
CUST002124,Andrew,Dixon,1976-12-21,47,M,SA,2562,Full-Time,12,113138.25,Renting,0,2022-05-03
CUST002125,Travis,Morrison,1954-06-11,69,M,QLD,2817,Full-Time,50,103780.71,Renting,1,2020-03-25
CUST002126,Kayla,Joseph,1960-12-06,63,M,VIC,2970,Full-Time,41,52134.06,Mortgage,2,2020-12-27
CUST002127,Aaron,Kelly,1962-09-06,61,F,SA,0878,Full-Time,139,96762.57,Renting,2,2018-01-15
CUST002128,Luke,Galloway,1965-07-19,58,F,VIC,7833,Full-Time,1,43010.77,Renting,0,2025-05-06
CUST002129,David,Quinn,1984-05-21,39,M,WA,2668,Full-Time,15,54661.37,Renting,0,2023-11-30
CUST002130,Krystal,Henderson,1966-02-09,57,F,VIC,1443,Full-Time,9,131406.81,Renting,1,2018-01-08
CUST002131,Denise,Farmer,1951-03-12,72,M,NSW,2457,Full-Time,61,48571.1,Renting,0,2023-09-16
CUST002132,Patrick,Moore,1975-08-20,48,F,WA,2615,Part-Time,35,44300.29,Renting,3,2017-09-11
CUST002133,Joshua,Mccarthy,1965-08-04,58,F,NSW,2904,Self-Employed,3,68314.26,Renting,1,2018-03-11
CUST002134,Stephanie,Martinez,1957-03-07,66,F,SA,2948,Full-Time,8,59909.45,Renting,2,2021-01-07
CUST002135,Marie,Brooks,1957-12-12,66,M,QLD,2065,Self-Employed,41,63437.42,Renting,0,2020-04-14
CUST002136,Mary,Johnson,1968-09-01,55,M,VIC,2925,Full-Time,59,63884.45,Mortgage,0,2021-10-25
CUST002137,Nicole,Brown,1982-09-13,41,F,NSW,2627,Self-Employed,100,47120.93,Living with Family,3,2017-04-19
CUST002138,Edward,Mills,1953-08-31,70,M,QLD,2691,Full-Time,7,111268.87,Mortgage,2,2023-07-08
CUST002139,Robert,Potter,1969-05-04,54,M,SA,2920,Part-Time,33,33926.82,Mortgage,4,2020-04-30
CUST002140,Robert,Clarke,1953-05-01,70,F,VIC,2638,Self-Employed,5,22595.04,Renting,2,2024-02-17
CUST002141,Shane,Wilson,1996-12-16,27,M,VIC,2733,Full-Time,3,93676.66,Owner,3,2017-03-26
CUST002142,Andrew,Day,1989-05-15,34,M,NSW,2687,Part-Time,32,45198.98,Renting,0,2017-02-08
CUST002143,Jesse,Hernandez,1962-06-06,61,M,NSW,2628,Self-Employed,10,91595.01,Renting,2,2019-08-08
CUST002144,Cynthia,Foster,1972-03-15,51,M,VIC,3470,Full-Time,2,110169.79,Owner,2,2022-10-02
CUST002145,Andrea,Williams,1990-02-27,33,F,SA,6033,Casual,8,38682.36,Living with Family,0,2021-12-20
CUST002146,Jacqueline,Perkins,1950-02-21,73,M,NSW,2978,Full-Time,13,98976.34,Renting,1,2024-10-23
CUST002147,Jason,Herrera,1959-04-01,64,M,WA,0994,Full-Time,30,66901.4,Renting,2,2019-02-12
CUST002148,Paul,Davenport,1971-06-09,52,M,WA,7453,Self-Employed,18,59163.91,Living with Family,1,2019-09-02
CUST002149,David,Mitchell,1964-10-29,59,F,NSW,2079,Full-Time,1,56912.97,Mortgage,2,2025-06-07
CUST002150,Kayla,Harris,1988-09-10,35,M,QLD,2619,Part-Time,12,38979.11,Owner,3,2017-02-05
CUST002151,Julia,Sawyer,1996-05-24,27,M,QLD,2669,Full-Time,58,80052.26,Mortgage,0,2023-05-07
CUST002152,Hannah,Lewis,1967-01-17,56,F,WA,6457,Part-Time,28,47476.24,Renting,2,2017-03-19
CUST002153,Ashley,Wilkerson,1986-01-15,37,F,NSW,2738,Full-Time,43,88645.24,Renting,1,2016-12-09
CUST002154,Maria,Dalton,1950-06-11,73,M,VIC,2677,Self-Employed,47,29696.48,Renting,0,2025-03-31
CUST002155,Mark,Joyce,1972-04-06,51,F,QLD,7277,Casual,22,36039.49,Renting,2,2021-10-09
CUST002156,Valerie,Mathews,1966-04-11,57,F,VIC,2691,Full-Time,3,56011.36,Renting,2,2022-04-10
CUST002157,Melissa,Harvey,2001-01-08,22,F,VIC,1404,Full-Time,100,54785.1,Renting,3,2020-09-23
CUST002158,Susan,Davis,1991-12-29,32,F,NSW,2973,Full-Time,9,58433.03,Owner,0,2022-07-15
CUST002159,Nathan,Ramirez,1992-10-02,31,M,QLD,2040,Full-Time,4,43384.2,Mortgage,1,2024-10-23
CUST002160,Jose,Conrad,1967-03-31,56,F,QLD,2671,Self-Employed,1,49243.68,Renting,0,2024-12-31
CUST002161,Evelyn,Johnson,1992-11-22,31,F,QLD,2912,Part-Time,31,34652.8,Mortgage,0,2016-11-08
CUST002162,Jimmy,Kane,1954-09-20,69,F,WA,6844,Full-Time,51,99920.03,Owner,2,2016-12-05
CUST002163,Bryan,Holt,1982-05-24,41,M,SA,2671,Full-Time,3,85699.27,Mortgage,1,2020-04-20
CUST002164,Benjamin,Reynolds,1971-08-14,52,M,WA,2906,Part-Time,24,66799.88,Renting,0,2018-04-20
CUST002165,Phyllis,Douglas,1950-07-01,73,F,VIC,2847,Full-Time,1,33103.96,Mortgage,1,2018-07-20
CUST002166,Emily,Richmond,1965-03-25,58,M,NSW,2663,Casual,69,19856.92,Owner,3,2022-12-06
CUST002167,Wendy,Williams,1996-09-22,27,F,NSW,5687,Self-Employed,2,55333.96,Mortgage,0,2023-11-08
CUST002168,Julia,Mitchell,1991-03-25,32,M,SA,2495,Full-Time,46,113224.52,Mortgage,0,2020-10-30
CUST002169,Frank,Hopkins,1977-02-16,46,M,QLD,2978,Self-Employed,16,70429.16,Living with Family,2,2021-08-04
CUST002170,Danielle,Russell,1968-04-29,55,F,VIC,6657,Full-Time,44,22806.92,Mortgage,2,2025-07-29
CUST002171,Dylan,Chambers,1994-03-25,29,M,VIC,2920,Self-Employed,62,66963.68,Renting,1,2022-10-22
CUST002172,Susan,Miller,1973-05-19,50,M,SA,2725,Self-Employed,11,56910.92,Renting,0,2025-01-17
CUST002173,Shannon,Ryan,1987-03-01,36,F,NSW,2640,Full-Time,34,88894.86,Renting,0,2019-10-25
CUST002174,Tonya,Thomas,2002-12-27,21,F,VIC,2958,Full-Time,82,51673.85,Mortgage,2,2022-06-02
CUST002175,Melissa,Berry,1992-12-03,31,F,SA,2676,Part-Time,17,27860.88,Owner,1,2017-06-17
CUST002176,Daniel,Mason,1974-01-10,50,F,NSW,2181,Full-Time,115,97403.63,Mortgage,1,2021-11-26
CUST002177,Andrea,Dunlap,1964-07-01,59,M,NSW,2685,Self-Employed,76,56514.51,Owner,0,2021-02-15
CUST002178,Mary,Brooks,1968-08-09,55,M,VIC,2998,Full-Time,21,49530.55,Renting,0,2022-08-21
CUST002179,Barbara,Brady,1972-07-05,51,F,NSW,2537,Self-Employed,1,59466.28,Renting,2,2018-02-15
CUST002180,Karen,Moran,1989-12-22,34,M,VIC,3172,Part-Time,98,38382.16,Renting,0,2024-12-19
CUST002181,Kristopher,Campos,1990-01-12,33,M,NSW,2933,Self-Employed,11,51573.96,Renting,1,2021-08-08
CUST002182,Lisa,Johnson,1955-05-01,68,M,NSW,2041,Full-Time,12,81377.98,Renting,0,2018-08-03
CUST002183,Erin,Jones,1997-09-24,26,F,WA,2611,Full-Time,80,94515.34,Living with Family,3,2020-07-09
CUST002184,Richard,Wolfe,1970-06-18,53,F,VIC,2935,Full-Time,32,77830.57,Owner,2,2020-03-19
CUST002185,Roy,Lawrence,1961-10-25,62,M,NSW,2919,Full-Time,84,55689.87,Owner,0,2022-01-24
CUST002186,Tiffany,Porter,1989-02-11,34,M,WA,2960,Full-Time,24,88574.61,Owner,4,2019-01-10
CUST002187,Lauren,Mullins,1977-03-12,46,F,QLD,2569,Full-Time,1,47928.16,Renting,1,2022-04-22
CUST002188,Teresa,Henry,1970-02-01,53,M,VIC,2060,Casual,1,24694.1,Owner,0,2025-05-22
CUST002189,Christopher,King,1993-10-01,30,F,NSW,2413,Full-Time,8,91182.93,Mortgage,0,2023-03-30
CUST002190,Sandra,Gibson,1991-03-26,32,F,VIC,2953,Casual,24,29794.43,Owner,1,2022-02-27
CUST002191,Marcus,Tran,1976-12-11,47,M,NSW,2613,Full-Time,9,73081.04,Renting,0,2022-04-01
CUST002192,Gabriela,Watkins,1955-03-27,68,M,NSW,2087,Full-Time,5,65953.12,Living with Family,0,2017-05-07
CUST002193,Joshua,Cunningham,1960-03-28,63,F,SA,4049,Self-Employed,30,36716.59,Renting,2,2017-10-13
CUST002194,Gordon,Hayes,1979-09-12,44,M,WA,2640,Casual,19,31233.07,Mortgage,3,2019-05-04
CUST002195,Daniel,Moore,1968-12-12,55,F,NSW,2337,Self-Employed,14,59946.52,Mortgage,0,2021-02-06
CUST002196,Kimberly,Roman,1950-01-21,73,M,VIC,2656,Full-Time,6,75356.82,Mortgage,3,2017-02-13
CUST002197,Matthew,Vega,1960-04-27,63,M,VIC,2920,Full-Time,28,67957.9,Renting,2,2018-10-13
CUST002198,Jaclyn,Buck,1975-07-08,48,M,VIC,2522,Self-Employed,4,54977.89,Living with Family,0,2017-11-29
CUST002199,Andrew,Crawford,1984-10-29,39,F,NSW,2600,Self-Employed,2,127693.61,Renting,2,2023-02-06
CUST002200,Micheal,Stephens,2001-10-16,22,F,VIC,0270,Full-Time,16,49765.99,Renting,1,2019-03-27
CUST002201,Robert,Brown,1982-01-18,41,M,VIC,2757,Part-Time,69,66012.93,Renting,3,2020-05-03
CUST002202,Rebecca,Hutchinson,2003-01-16,20,F,NSW,2619,Full-Time,73,80558.25,Renting,2,2016-12-10
CUST002203,Jacob,Gonzalez,1954-09-26,69,F,VIC,4584,Full-Time,27,104597.6,Living with Family,1,2021-01-09
CUST002204,Brandi,Wilson,1987-10-16,36,F,TAS,2133,Full-Time,1,58360.62,Living with Family,2,2018-01-19
CUST002205,Jacqueline,Smith,1957-06-15,66,F,QLD,2280,Casual,2,36296.91,Owner,1,2017-09-27
CUST002206,Brenda,Smith,1988-05-07,35,M,NSW,2625,Full-Time,165,42455.76,Mortgage,1,2025-01-04
CUST002207,Laurie,Lopez,1999-08-22,24,M,ACT,2917,Self-Employed,42,67767.25,Living with Family,1,2021-01-12
CUST002208,Paul,Schultz,1955-06-22,68,M,WA,4122,Full-Time,49,89951.94,Renting,3,2024-06-11
CUST002209,Kathleen,Woods,1958-02-28,65,M,VIC,2392,Full-Time,28,113591.75,Renting,2,2018-12-13
CUST002210,Mary,Ward,1993-06-04,30,M,QLD,2684,Full-Time,81,66314.71,Owner,3,2020-05-19
CUST002211,Brad,Flores,1993-05-13,30,F,VIC,2990,Part-Time,52,44787.68,Living with Family,1,2018-06-17
CUST002212,Nathaniel,Cole,1991-11-12,32,M,QLD,2682,Self-Employed,51,44520.19,Renting,4,2021-01-14
CUST002213,William,Russell,2004-10-15,19,M,VIC,0923,Full-Time,41,74845.36,Mortgage,0,2022-02-11
CUST002214,Kendra,Reynolds,1966-05-30,57,F,NSW,2061,Full-Time,30,76456.92,Mortgage,3,2021-10-12
CUST002215,Kimberly,Mejia,1990-08-02,33,M,WA,2154,Full-Time,10,80302.6,Mortgage,4,2020-04-06
CUST002216,Lindsay,Stark,1976-09-01,47,F,QLD,2938,Self-Employed,73,52768.71,Renting,3,2022-03-04
CUST002217,Melissa,Harrison,2003-01-18,20,M,NSW,2920,Full-Time,140,99926.43,Renting,1,2020-03-14
CUST002218,Haley,Dominguez,2000-04-02,23,F,VIC,7992,Self-Employed,1,62610.23,Renting,0,2020-12-12
CUST002219,Tracy,Peterson,1955-01-02,69,M,QLD,8914,Full-Time,9,70202.51,Mortgage,4,2022-05-21
CUST002220,Nancy,Wheeler,2003-11-28,20,M,WA,2685,Casual,15,25288.03,Living with Family,0,2025-01-24
CUST002221,John,Lee,1968-07-12,55,F,WA,2933,Part-Time,27,43625.05,Mortgage,1,2024-02-27
CUST002222,Robert,Baker,1979-10-02,44,F,SA,2603,Full-Time,95,22690.23,Renting,0,2023-08-22
CUST002223,Donald,Carrillo,2001-05-18,22,M,NSW,2923,Full-Time,4,89750.06,Mortgage,0,2022-11-28
CUST002224,Amy,Morris,1970-09-10,53,F,SA,2909,Casual,3,39813.59,Mortgage,2,2021-05-28
CUST002225,Jennifer,Carter,1956-07-10,67,F,VIC,2693,Casual,12,60590.26,Living with Family,1,2022-02-09
CUST002226,Matthew,Clay,1986-06-19,37,F,NSW,2920,Full-Time,7,118814.51,Mortgage,2,2020-02-06
CUST002227,Jennifer,Randolph,1972-06-10,51,M,QLD,2908,Full-Time,158,75899.96,Mortgage,2,2019-10-19
CUST002228,Charles,Martinez,1964-07-02,59,F,NSW,2988,Part-Time,102,57902.34,Renting,0,2025-07-30
CUST002229,Jacob,Villa,1949-12-01,74,M,VIC,2920,Full-Time,86,81660.28,Renting,0,2020-10-25
CUST002230,Joshua,Bradley,1983-07-29,40,F,NSW,2664,Part-Time,86,40104.36,Mortgage,2,2017-03-08
CUST002231,Tina,Larson,1974-07-14,49,F,VIC,2916,Full-Time,2,120516.53,Living with Family,2,2020-03-16
CUST002232,Herbert,Ward,1956-08-27,67,F,QLD,2201,Self-Employed,133,74590.05,Mortgage,0,2019-03-22
CUST002233,Joseph,Bowers,1981-07-16,42,M,SA,2603,Full-Time,3,82443.99,Renting,1,2017-01-31
CUST002234,Brian,Rodriguez,1988-01-09,36,F,VIC,0844,Part-Time,45,41171.82,Owner,2,2020-08-04
CUST002235,Christine,Duncan,1963-02-04,60,M,WA,2885,Full-Time,104,63569.86,Mortgage,3,2024-04-16
CUST002236,Angela,Stewart,1958-07-11,65,F,NSW,2682,Self-Employed,1,68472.12,Owner,0,2023-12-23
CUST002237,James,Jensen,1997-08-01,26,M,QLD,2641,Full-Time,47,76080.48,Owner,2,2021-11-12
CUST002238,Terri,Pacheco,1985-05-06,38,M,NSW,2619,Full-Time,20,95394.71,Renting,2,2017-08-02
CUST002239,Jeffrey,Stevens,1998-10-04,25,M,QLD,2642,Full-Time,9,57967.33,Mortgage,4,2024-12-25
CUST002240,Aaron,Lambert,1965-12-08,58,M,QLD,2609,Full-Time,45,73615.09,Owner,2,2024-06-21
CUST002241,Sean,Hall,1999-01-01,25,M,SA,2467,Full-Time,14,119115.47,Mortgage,2,2020-09-15
CUST002242,Patrick,Gilbert,1992-08-06,31,M,SA,2980,Part-Time,6,51759.74,Renting,1,2021-08-06
CUST002243,Nicole,Henry,1965-06-27,58,M,NSW,8550,Part-Time,22,49423.36,Mortgage,2,2021-03-20
CUST002244,Mary,Obrien,1985-06-07,38,M,ACT,2972,Part-Time,1,49023.95,Owner,0,2023-01-21
CUST002245,Holly,Gray,1984-07-31,39,M,WA,2993,Self-Employed,86,44958.2,Mortgage,2,2018-09-08
CUST002246,Joshua,Espinoza,1970-03-20,53,F,VIC,2686,Part-Time,14,32592.07,Mortgage,1,2022-02-16
CUST002247,Andrew,Mcconnell,1976-12-20,47,M,NSW,2691,Full-Time,88,120393.81,Mortgage,0,2020-10-17
CUST002248,Paul,Reed,1996-02-18,27,M,NSW,2980,Full-Time,47,50062.68,Mortgage,1,2021-02-21
CUST002249,Regina,Davis,1991-09-23,32,M,WA,2753,Casual,9,40770.73,Living with Family,0,2019-02-23
CUST002250,Jordan,Moore,2002-08-07,21,F,QLD,2689,Casual,36,39864.92,Mortgage,3,2022-07-13
CUST002251,Lisa,Singleton,1984-06-22,39,M,QLD,2985,Unemployed,0,21210.39,Mortgage,0,2017-02-26
CUST002252,Jasmine,Moore,1962-12-26,61,F,QLD,0880,Self-Employed,15,25684.67,Renting,1,2018-12-24
CUST002253,Jonathan,Hernandez,1980-03-10,43,F,NSW,2636,Full-Time,1,81171.12,Owner,1,2019-03-26
CUST002254,Jeremy,Collins,2002-11-07,21,F,ACT,8131,Full-Time,15,72787.69,Renting,1,2022-04-25
CUST002255,Krista,Wiggins,1982-12-09,41,M,NSW,2654,Self-Employed,38,67137.73,Mortgage,1,2021-08-28
CUST002256,Patty,Young,2004-05-12,19,M,NSW,2669,Full-Time,19,73644.13,Renting,0,2023-02-20
CUST002257,Craig,Roth,1953-08-20,70,F,NSW,2658,Full-Time,2,93175.99,Mortgage,1,2017-11-04
CUST002258,Kathleen,Cummings,1976-07-21,47,F,VIC,2638,Casual,1,38481.8,Mortgage,0,2025-02-10
CUST002259,Alan,Foley,1963-12-22,60,M,NSW,2880,Full-Time,19,51427.02,Mortgage,1,2021-03-26
CUST002260,Phillip,Jackson,2001-08-17,22,F,TAS,2912,Full-Time,31,87482.62,Living with Family,1,2024-05-05
CUST002261,Chelsea,Richardson,1963-10-04,60,F,VIC,2873,Casual,24,29798.01,Renting,0,2020-10-26
CUST002262,Jennifer,Martin,1990-12-02,33,M,QLD,7016,Part-Time,29,34123.65,Renting,4,2017-12-12
CUST002263,Allison,Burns,1966-05-21,57,F,QLD,2998,Part-Time,10,27058.26,Mortgage,1,2021-08-06
CUST002264,Alicia,Hayden,1973-02-25,50,F,QLD,8599,Full-Time,21,97470.95,Renting,0,2023-03-11
CUST002265,Karen,Mills,1993-03-10,30,F,QLD,0228,Self-Employed,42,88962.08,Mortgage,2,2024-06-12
CUST002266,Benjamin,Jones,1957-01-18,66,F,VIC,2974,Full-Time,6,48251.95,Mortgage,0,2017-10-06
CUST002267,Patrick,Evans,2002-03-02,21,M,SA,2057,Self-Employed,67,64183.68,Renting,0,2018-07-07
CUST002268,Ryan,Little,1950-08-28,73,F,WA,2637,Full-Time,40,97478.17,Living with Family,0,2024-07-05
CUST002269,Kara,Banks,1995-07-30,28,M,QLD,2936,Full-Time,9,90280.15,Renting,1,2018-12-04
CUST002270,Jeremy,Gonzales,1950-09-04,73,F,NSW,2920,Part-Time,15,30930.92,Mortgage,0,2020-04-26
CUST002271,Nathan,Harris,1991-01-27,32,F,VIC,2626,Self-Employed,19,63057.32,Owner,1,2025-05-12
CUST002272,Dustin,Bowman,1963-12-16,60,F,WA,2545,Full-Time,17,64199.63,Mortgage,4,2017-03-15
CUST002273,Paul,Valdez,1976-09-13,47,M,VIC,2601,Unemployed,0,15000.0,Mortgage,1,2022-02-09
CUST002274,William,Woods,1970-04-21,53,M,VIC,2911,Full-Time,78,56474.38,Mortgage,2,2019-11-24
CUST002275,Sandra,Martin,1960-12-12,63,M,QLD,2528,Full-Time,15,106725.36,Mortgage,0,2019-02-25
CUST002276,Jeffery,Meyer,1951-02-27,72,F,WA,2076,Full-Time,24,37149.78,Renting,1,2019-09-24
CUST002277,Michael,Nguyen,1985-04-11,38,F,VIC,2970,Casual,28,44093.39,Renting,2,2023-12-08
CUST002278,Nicole,Blake,1983-09-10,40,F,VIC,2608,Part-Time,117,47757.65,Owner,2,2017-01-18
CUST002279,Jessica,Knight,1994-12-04,29,F,NSW,2326,Full-Time,17,105810.92,Mortgage,2,2019-09-12
CUST002280,Jessica,Reid,1991-02-26,32,F,NSW,2632,Full-Time,28,111607.11,Renting,1,2023-08-02
CUST002281,Christina,Hill,1961-02-11,62,F,ACT,2680,Full-Time,119,53007.31,Mortgage,0,2017-02-13
CUST002282,Dean,Barnes,1950-06-06,73,M,QLD,2666,Full-Time,35,69513.71,Renting,2,2023-12-02
CUST002283,Ronald,Carroll,2000-12-13,23,F,QLD,2670,Full-Time,33,79224.83,Living with Family,0,2025-08-23
CUST002284,Benjamin,Acosta,1959-03-16,64,M,VIC,2337,Full-Time,49,98921.86,Renting,4,2024-12-17
CUST002285,Emily,Wilson,1959-05-02,64,F,QLD,2905,Self-Employed,28,107185.77,Owner,2,2022-04-11
CUST002286,Stephanie,Scott,1999-01-22,24,M,VIC,9855,Self-Employed,11,68978.85,Owner,1,2021-06-19
CUST002287,Mary,Lawrence,1988-06-15,35,M,VIC,2893,Self-Employed,1,107691.62,Renting,2,2018-10-05
CUST002288,Timothy,Murphy,1951-01-06,73,F,QLD,3476,Self-Employed,46,51488.8,Mortgage,4,2017-03-09
CUST002289,Laurie,Scott,1984-01-17,39,M,NSW,2638,Full-Time,26,27996.58,Renting,0,2018-09-27
CUST002290,Nicole,Wright,1995-03-03,28,M,VIC,2631,Full-Time,14,85547.92,Mortgage,4,2023-01-01
CUST002291,Robert,Ross,1979-01-24,44,M,QLD,5541,Self-Employed,30,67219.93,Mortgage,2,2018-11-28
CUST002292,Stacy,Bates,1985-11-11,38,M,VIC,2940,Full-Time,33,99633.09,Owner,0,2020-08-23
CUST002293,Eric,Kennedy,1996-12-31,27,F,VIC,2055,Full-Time,62,72896.0,Renting,0,2017-10-15
CUST002294,Natasha,Vasquez,1963-05-25,60,F,WA,2999,Full-Time,135,63719.39,Mortgage,1,2018-08-26
CUST002295,Joe,Sanchez,1974-09-03,49,F,NSW,2645,Full-Time,101,76618.47,Owner,1,2018-02-27
CUST002296,Nicholas,Miller,1968-09-13,55,F,VIC,2410,Full-Time,1,71663.02,Mortgage,0,2018-01-28
CUST002297,Peggy,Michael,1974-08-01,49,F,WA,2630,Part-Time,83,46932.61,Mortgage,0,2016-09-28
CUST002298,Dennis,Terrell,1960-01-10,64,F,QLD,2975,Full-Time,49,53432.09,Living with Family,1,2022-09-20
CUST002299,Frederick,Collins,1954-10-21,69,M,QLD,2509,Full-Time,35,93807.14,Owner,3,2017-06-19
CUST002300,Aaron,Nielsen,1952-01-08,72,F,NSW,2646,Full-Time,30,74147.68,Mortgage,1,2024-02-22
CUST002301,Joseph,Carter,1978-03-02,45,F,QLD,8194,Full-Time,39,89891.4,Renting,1,2017-12-21
CUST002302,Melissa,Moore,1976-07-17,47,M,QLD,3179,Full-Time,2,64339.02,Renting,1,2018-09-27
CUST002303,Phillip,Morgan,1966-03-07,57,F,QLD,2647,Full-Time,23,79764.09,Living with Family,0,2024-01-07
CUST002304,William,Carter,1970-07-14,53,M,VIC,2996,Casual,94,41841.73,Living with Family,0,2023-12-27
CUST002305,Tracey,Parker,1963-05-13,60,F,NSW,2943,Full-Time,51,111255.59,Mortgage,2,2018-11-22
CUST002306,Eric,Miller,1958-05-09,65,F,NSW,6121,Full-Time,27,43324.66,Renting,0,2025-09-16
CUST002307,Jennifer,Campbell,1957-01-15,67,F,NSW,2955,Part-Time,28,42010.8,Renting,1,2021-12-09
CUST002308,Ryan,Martinez,1991-05-29,32,M,VIC,9943,Casual,86,47715.07,Renting,1,2024-10-13
CUST002309,Michael,Myers,1987-10-14,36,M,WA,2961,Full-Time,34,89443.95,Renting,1,2017-03-01
CUST002310,Linda,Price,1998-07-06,25,F,QLD,2920,Part-Time,82,35659.73,Mortgage,1,2020-11-23
CUST002311,Kristen,Huffman,2005-10-14,18,F,NSW,2612,Casual,8,53966.32,Owner,0,2024-01-25
CUST002312,Jasmine,Barrett,1992-12-14,31,F,QLD,5202,Full-Time,80,81060.08,Renting,2,2025-04-24
CUST002313,Tommy,Mcneil,1973-11-04,50,M,VIC,2630,Full-Time,13,74005.34,Renting,1,2024-09-06
CUST002314,Cassandra,Krueger,1963-08-25,60,M,NSW,2662,Full-Time,31,97574.92,Mortgage,2,2020-06-26
CUST002315,Crystal,Dawson,1994-06-08,29,M,WA,0855,Casual,5,26618.98,Renting,0,2016-09-30
CUST002316,Madison,Mason,1977-09-23,46,F,NSW,2672,Casual,43,52282.93,Renting,2,2019-09-19
CUST002317,Jill,Wagner,1987-12-06,36,F,WA,8689,Casual,41,40350.78,Mortgage,1,2022-03-28
CUST002318,Ryan,Dodson,1985-03-27,38,F,QLD,2179,Full-Time,2,66603.71,Mortgage,2,2021-08-25
CUST002319,Katelyn,Williams,1980-12-22,43,F,NSW,2950,Full-Time,2,78712.29,Mortgage,0,2020-05-22
CUST002320,Latoya,Wells,1986-02-04,37,F,NSW,0279,Full-Time,1,53431.18,Renting,3,2021-11-14
CUST002321,Mary,Walker,2003-04-07,20,F,QLD,2740,Full-Time,69,73095.65,Renting,3,2024-01-28
CUST002322,Bethany,Foster,1988-06-30,35,F,WA,1830,Self-Employed,40,69591.47,Renting,2,2018-09-21
CUST002323,John,Smith,1997-05-16,26,F,VIC,2214,Full-Time,183,78695.89,Renting,0,2021-07-17
CUST002324,Shelby,Smith,2001-11-23,22,M,WA,0949,Full-Time,13,79534.59,Mortgage,1,2022-09-11
CUST002325,Betty,Ferguson,1978-07-13,45,F,VIC,9413,Part-Time,39,29765.59,Renting,3,2025-01-20
CUST002326,Jessica,Thompson,1972-04-16,51,M,NSW,2660,Self-Employed,34,53960.24,Renting,1,2022-11-21
CUST002327,Deborah,Potts,1954-05-07,69,F,NSW,2012,Full-Time,32,91878.92,Renting,1,2025-02-07
CUST002328,Gary,Carter,1992-02-15,31,F,TAS,2762,Full-Time,9,95788.72,Mortgage,1,2024-11-16
CUST002329,Frank,Davis,1961-07-25,62,F,NSW,2924,Self-Employed,16,57054.23,Renting,3,2025-09-15
CUST002330,Danielle,Jones,1989-11-01,34,F,NSW,2631,Full-Time,15,82711.84,Mortgage,4,2024-05-26
CUST002331,John,Osborne,1949-12-02,74,M,VIC,2821,Full-Time,8,88651.87,Renting,1,2023-08-11
CUST002332,Vincent,Conley,1969-04-21,54,F,VIC,4781,Full-Time,62,81969.03,Living with Family,0,2021-01-20
CUST002333,Kristen,Kelly,1985-05-11,38,F,QLD,2452,Part-Time,57,39743.22,Mortgage,0,2020-03-19
CUST002334,Sierra,Swanson,1960-09-15,63,M,NSW,0811,Full-Time,21,75767.45,Owner,0,2018-03-09
CUST002335,Alexa,Norris,1969-07-27,54,M,WA,2667,Full-Time,23,75606.98,Renting,0,2025-08-23
CUST002336,Michael,Peterson,1993-08-25,30,F,WA,2986,Casual,15,33985.65,Owner,0,2017-08-28
CUST002337,Lisa,Lewis,1979-06-13,44,M,QLD,2669,Unemployed,0,15000.0,Living with Family,3,2022-06-18
CUST002338,Julie,Jones,1994-08-03,29,F,SA,2687,Part-Time,48,40661.77,Renting,3,2021-09-28
CUST002339,Marco,Wood,1976-04-13,47,F,QLD,2107,Full-Time,12,73724.39,Mortgage,2,2018-06-02
CUST002340,Andre,Beck,1982-11-03,41,F,SA,2975,Full-Time,10,117257.81,Renting,0,2020-06-18
CUST002341,Tara,Atkins,1998-04-21,25,F,QLD,2421,Self-Employed,79,46548.43,Mortgage,0,2022-01-28
CUST002342,Darren,Taylor,1982-04-15,41,M,VIC,2920,Full-Time,17,55120.55,Owner,1,2021-09-15
CUST002343,Kathleen,Wilson,1981-09-20,42,M,QLD,2153,Part-Time,79,49148.36,Owner,3,2019-07-14
CUST002344,Kelly,Trevino,1997-05-30,26,F,WA,2242,Full-Time,97,101269.3,Mortgage,3,2022-12-27
CUST002345,Yvette,Ramirez,1997-01-13,26,F,WA,0218,Part-Time,44,34139.61,Owner,0,2019-12-31
CUST002346,Joanna,Russell,1978-08-17,45,M,NSW,2045,Full-Time,56,71519.16,Owner,3,2018-05-22
CUST002347,Derrick,Warren,1955-02-15,68,F,WA,7151,Part-Time,14,15000.0,Mortgage,1,2017-07-31
CUST002348,Matthew,Beasley,1965-01-18,58,F,WA,2659,Full-Time,136,97516.9,Owner,1,2018-08-20
CUST002349,Jesse,Hill,1996-02-24,27,F,VIC,9818,Full-Time,30,81360.0,Renting,1,2025-02-21
CUST002350,Amy,Escobar,2000-03-15,23,M,NSW,2931,Full-Time,8,58972.9,Owner,1,2024-10-12
CUST002351,Billy,Ellison,1993-05-11,30,F,NSW,0215,Full-Time,9,68853.21,Living with Family,3,2019-02-23
CUST002352,Casey,Rush,1952-09-29,71,F,NSW,6017,Self-Employed,28,72146.83,Renting,2,2017-02-08
CUST002353,Richard,Rodriguez,1996-09-04,27,M,WA,2649,Full-Time,30,41649.13,Renting,0,2025-03-07
CUST002354,John,Cook,2001-08-21,22,F,VIC,2659,Part-Time,22,54660.85,Living with Family,0,2023-01-12
CUST002355,Lisa,Ruiz,1955-10-02,68,F,SA,2622,Full-Time,27,62532.09,Renting,0,2023-05-14
CUST002356,Faith,Allen,1997-05-30,26,F,QLD,0208,Casual,71,47111.41,Mortgage,2,2024-08-07
CUST002357,Jessica,Wilkinson,1983-03-05,40,M,NSW,2920,Full-Time,36,84547.83,Owner,0,2021-08-26
CUST002358,Jason,Estrada,1953-03-03,70,F,QLD,2668,Part-Time,47,45342.63,Living with Family,2,2019-05-12
CUST002359,Terri,Jenkins,1957-08-17,66,M,QLD,6443,Full-Time,3,51724.11,Living with Family,1,2022-04-10
CUST002360,Jasmine,Scott,2001-04-27,22,F,NSW,7701,Full-Time,6,117026.47,Renting,1,2020-05-17
CUST002361,Johnny,Anderson,1960-10-24,63,M,VIC,2659,Full-Time,52,107902.31,Mortgage,2,2017-10-21
CUST002362,David,Williams,1988-08-23,35,F,NSW,2690,Unemployed,0,15987.01,Living with Family,2,2023-04-22
CUST002363,Dean,Robinson,1989-05-27,34,F,WA,2619,Part-Time,36,43321.3,Renting,2,2021-11-23
CUST002364,Jennifer,Greer,1987-07-14,36,M,QLD,1615,Full-Time,5,89665.61,Mortgage,1,2018-08-01
CUST002365,Jennifer,Floyd,1958-02-06,65,F,NT,2975,Part-Time,34,54321.98,Renting,0,2025-07-09
CUST002366,April,Hill,1971-09-10,52,F,VIC,2662,Part-Time,88,35831.1,Renting,4,2018-08-02
CUST002367,Molly,Hodge,1970-03-18,53,M,QLD,2697,Unemployed,0,15209.94,Renting,0,2021-02-15
CUST002368,Brandon,Smith,1965-08-12,58,M,NSW,2902,Full-Time,19,39817.39,Renting,2,2017-04-11
CUST002369,Brian,Ellis,2001-04-14,22,M,WA,2923,Unemployed,0,15000.0,Renting,0,2020-06-11
CUST002370,Donald,Ramirez,2000-11-03,23,M,VIC,2600,Unemployed,0,15988.16,Owner,0,2020-12-25
CUST002371,Cameron,Gibson,1993-12-16,30,F,QLD,2933,Full-Time,3,71117.52,Mortgage,0,2020-10-07
CUST002372,Joshua,Woods,1989-08-27,34,M,WA,2984,Full-Time,19,52544.6,Renting,0,2018-03-03
CUST002373,Rebecca,Smith,1962-07-09,61,M,VIC,2697,Full-Time,50,94853.24,Mortgage,2,2020-03-09
CUST002374,Dawn,Thomas,1981-09-23,42,F,NSW,2858,Part-Time,5,48564.31,Mortgage,2,2019-01-07
CUST002375,Michelle,Black,1955-06-17,68,M,VIC,2936,Full-Time,128,81907.87,Renting,1,2016-11-27
CUST002376,Nicole,Allen,1982-08-15,41,F,WA,2924,Full-Time,31,95160.34,Owner,2,2024-01-05
CUST002377,Elizabeth,Hawkins,1993-09-03,30,F,QLD,0898,Self-Employed,53,58684.77,Renting,0,2025-01-08
CUST002378,Tiffany,Smith,1986-02-14,37,F,VIC,2058,Full-Time,25,46290.99,Mortgage,0,2020-07-02
CUST002379,Timothy,Lopez,1969-07-10,54,M,WA,2936,Self-Employed,20,75382.92,Living with Family,1,2018-12-26
CUST002380,Brenda,Fuller,1996-05-23,27,F,WA,7995,Full-Time,59,49396.71,Living with Family,2,2017-08-03
CUST002381,James,Sanchez,1977-02-03,46,M,VIC,2155,Self-Employed,13,77022.96,Mortgage,1,2020-12-19
CUST002382,Mathew,Perez,1963-09-18,60,M,WA,9011,Full-Time,10,36136.34,Mortgage,1,2021-10-23
CUST002383,Robert,Williams,1957-09-03,66,F,QLD,2906,Full-Time,17,42589.26,Mortgage,0,2021-07-16
CUST002384,Curtis,Fritz,1992-07-25,31,F,VIC,9723,Part-Time,45,25562.68,Mortgage,1,2023-05-14
CUST002385,Collin,Scott,1962-05-26,61,F,WA,6614,Full-Time,74,126082.55,Renting,2,2022-07-06
CUST002386,Patricia,Davis,2001-05-02,22,M,QLD,2699,Full-Time,2,104886.94,Renting,3,2017-10-17
CUST002387,Kylie,Herrera,1996-06-09,27,M,NSW,0930,Full-Time,54,119099.24,Renting,1,2021-01-03
CUST002388,Gary,Todd,1965-10-18,58,M,QLD,1736,Full-Time,82,114185.73,Renting,1,2024-09-17
CUST002389,William,Perez,1955-07-14,68,M,NSW,5406,Part-Time,28,59758.87,Owner,2,2022-12-28
CUST002390,Karen,Hawkins,2003-12-08,20,F,NSW,2640,Part-Time,6,42242.16,Renting,0,2023-05-17
CUST002391,Elizabeth,Lee,1982-11-19,41,M,ACT,2643,Full-Time,56,99236.26,Mortgage,1,2023-05-13
CUST002392,James,Clark,1992-03-17,31,M,QLD,2624,Full-Time,36,103511.72,Renting,2,2020-11-14
CUST002393,Jeremiah,Taylor,1988-02-07,35,M,QLD,2619,Part-Time,11,33362.01,Owner,2,2023-04-04
CUST002394,Michael,Sherman,1991-09-21,32,M,QLD,2936,Full-Time,90,43159.22,Mortgage,2,2018-02-09
CUST002395,Rachel,Wells,1953-05-25,70,M,TAS,1250,Part-Time,8,27173.6,Living with Family,0,2021-07-10
CUST002396,Patricia,Rodriguez,1989-06-04,34,M,QLD,2643,Full-Time,16,92720.6,Renting,4,2017-05-20
CUST002397,Ryan,Lyons,1973-10-19,50,F,NSW,2644,Part-Time,15,42068.77,Renting,2,2023-02-23
CUST002398,Nicole,Schmidt,1991-02-14,32,F,VIC,6957,Self-Employed,50,36837.35,Mortgage,3,2018-02-21
CUST002399,Ashley,Mckay,1980-08-18,43,F,WA,2602,Full-Time,6,113364.03,Living with Family,2,2022-03-23
CUST002400,Joshua,Green,1995-10-27,28,F,QLD,2670,Full-Time,53,47283.74,Renting,0,2018-06-29
CUST002401,Kendra,Marshall,1966-11-13,57,M,VIC,2491,Full-Time,6,60874.49,Mortgage,0,2023-11-23
CUST002402,Brian,Mclaughlin,1957-01-29,66,F,SA,4187,Full-Time,27,48927.38,Mortgage,3,2020-04-11
CUST002403,Jennifer,Velasquez,1987-05-29,36,M,NSW,2282,Full-Time,5,73251.58,Living with Family,4,2021-07-29
CUST002404,David,Odonnell,1963-03-04,60,M,NSW,3981,Casual,32,37375.89,Living with Family,0,2018-11-24
CUST002405,Matthew,Medina,1981-10-04,42,F,VIC,2745,Full-Time,27,94808.96,Renting,3,2021-08-31
CUST002406,Bradley,Henry,1997-10-03,26,F,NSW,2672,Full-Time,5,75631.98,Owner,0,2023-12-14
CUST002407,Daisy,Holmes,1962-07-08,61,M,VIC,0871,Unemployed,0,15000.0,Owner,1,2020-07-10
CUST002408,Christopher,Wolf,1986-06-28,37,M,SA,2902,Full-Time,17,80197.41,Owner,0,2022-11-09
CUST002409,Antonio,Smith,1969-04-24,54,F,QLD,2000,Full-Time,1,46840.99,Mortgage,1,2017-06-23
CUST002410,Judy,Walsh,1959-04-17,64,M,QLD,2413,Full-Time,17,121647.87,Mortgage,0,2021-01-19
CUST002411,Scott,Shannon,1996-06-09,27,F,VIC,2970,Casual,80,41169.31,Renting,0,2023-10-24
CUST002412,Cassidy,Ball,1993-02-19,30,F,WA,2965,Full-Time,26,52695.06,Mortgage,3,2020-02-19
CUST002413,Robin,Brewer,1956-05-28,67,M,SA,2924,Full-Time,33,15000.0,Living with Family,3,2018-02-27
CUST002414,Dylan,Barnett,1981-05-19,42,F,NSW,4747,Full-Time,2,126443.92,Living with Family,2,2021-06-04
CUST002415,Edward,Holloway,1994-04-09,29,F,VIC,2928,Part-Time,28,32931.04,Owner,3,2022-04-27
CUST002416,Nicolas,Williams,1952-03-10,71,F,QLD,2607,Full-Time,23,74066.9,Living with Family,1,2016-12-17
CUST002417,Aaron,Green,1984-06-24,39,F,VIC,2696,Self-Employed,84,103013.71,Mortgage,1,2019-11-01
CUST002418,Michael,Black,1969-07-14,54,F,QLD,8266,Full-Time,85,87911.28,Mortgage,3,2021-10-16
CUST002419,Edward,Adams,1963-05-28,60,F,NSW,2685,Self-Employed,54,74131.17,Living with Family,4,2020-01-19
CUST002420,Kyle,Jackson,1952-07-26,71,F,VIC,5608,Part-Time,24,15000.0,Renting,1,2023-02-25
CUST002421,Brian,Clark,1985-12-23,38,M,VIC,0299,Full-Time,10,85860.89,Mortgage,0,2021-10-01
CUST002422,Kristin,Smith,1985-07-29,38,F,QLD,0882,Casual,34,40126.58,Renting,0,2017-11-09
CUST002423,Laurie,Hebert,1953-04-01,70,F,QLD,2994,Part-Time,54,44121.63,Renting,4,2024-03-28
CUST002424,Angela,Moreno,1956-12-07,67,M,QLD,1442,Full-Time,55,83533.79,Mortgage,0,2021-08-26
CUST002425,Nicole,Wright,1977-03-13,46,M,NSW,2666,Part-Time,47,31717.87,Renting,0,2023-03-10
CUST002426,Deborah,Ross,1960-08-11,63,M,QLD,2692,Full-Time,36,71652.25,Mortgage,2,2022-10-13
CUST002427,Ricardo,Gregory,1957-12-07,66,F,NSW,2648,Full-Time,4,57431.59,Renting,2,2021-11-13
CUST002428,Jessica,Russell,1988-07-22,35,M,VIC,2640,Part-Time,25,49255.04,Owner,1,2018-11-28
CUST002429,Jennifer,Richardson,1974-01-28,49,F,NSW,8631,Full-Time,16,64249.89,Mortgage,1,2019-07-06
CUST002430,Christopher,Marks,1994-11-13,29,F,QLD,2984,Full-Time,29,76318.09,Mortgage,0,2025-03-26
CUST002431,Eric,Shah,1986-05-12,37,F,NSW,2974,Part-Time,22,41884.12,Living with Family,1,2024-07-09
CUST002432,Richard,Perez,1952-03-07,71,M,QLD,2975,Casual,24,41242.43,Renting,2,2021-08-13
CUST002433,James,Grimes,1960-07-27,63,M,VIC,2017,Full-Time,62,76922.58,Owner,1,2020-02-14
CUST002434,Joshua,Roberts,1973-07-29,50,M,VIC,5880,Full-Time,69,47427.14,Living with Family,2,2023-09-03
CUST002435,Micheal,Hawkins,1992-02-10,31,F,VIC,3824,Unemployed,0,20132.58,Mortgage,0,2019-09-16
CUST002436,Marie,Brown,1976-09-26,47,F,QLD,2950,Full-Time,3,42437.43,Living with Family,1,2019-05-02
CUST002437,Victoria,Carter,1986-10-17,37,M,VIC,2673,Unemployed,0,15000.0,Living with Family,1,2018-08-09
CUST002438,Michael,Poole,1994-02-05,29,F,VIC,2795,Full-Time,44,86166.89,Owner,0,2024-09-03
CUST002439,Jessica,Roman,1956-10-24,67,M,VIC,2511,Full-Time,11,83160.84,Renting,2,2023-02-16
CUST002440,Steven,Johns,1976-02-07,47,M,QLD,2619,Full-Time,125,61085.83,Renting,3,2021-08-16
CUST002441,James,Watkins,1984-11-25,39,M,QLD,0937,Self-Employed,16,78700.16,Mortgage,2,2018-09-04
CUST002442,Marcus,Perez,1973-03-20,50,F,NSW,0201,Self-Employed,74,62410.07,Renting,0,2025-05-01
CUST002443,Cheryl,Wagner,2002-12-23,21,M,VIC,2946,Self-Employed,27,80935.25,Mortgage,1,2017-08-01
CUST002444,Michele,Maxwell,2005-06-13,18,F,VIC,8002,Full-Time,33,87533.09,Mortgage,0,2018-08-09
CUST002445,Lisa,Willis,1951-04-08,72,M,NSW,2956,Self-Employed,34,70726.12,Renting,1,2017-09-25
CUST002446,Carla,Glass,1957-02-22,66,F,NSW,2696,Full-Time,20,51148.72,Renting,1,2019-09-24
CUST002447,Tyler,Daniel,1986-08-30,37,F,VIC,7160,Full-Time,1,68231.69,Mortgage,0,2024-08-31
CUST002448,Peter,Lynch,1989-03-04,34,F,NSW,2962,Full-Time,12,101189.31,Renting,1,2024-09-11
CUST002449,Cassandra,Stokes,1954-02-24,69,F,NSW,8941,Full-Time,6,56365.3,Renting,2,2021-07-30
CUST002450,Randy,Woods,1962-10-29,61,M,VIC,2092,Full-Time,13,84373.05,Owner,2,2023-07-14
CUST002451,George,Sharp,1973-05-07,50,F,VIC,2679,Self-Employed,7,57033.29,Renting,2,2022-02-21
CUST002452,John,Hill,1958-04-21,65,M,WA,2956,Full-Time,48,97293.65,Mortgage,1,2017-06-01
CUST002453,Benjamin,Reese,1964-07-11,59,M,VIC,2922,Full-Time,35,63868.21,Mortgage,0,2021-05-27
CUST002454,Julie,Gallegos,1973-05-07,50,F,SA,0905,Full-Time,46,70164.49,Mortgage,0,2018-11-12
CUST002455,Roy,Burch,2003-12-28,20,M,VIC,2181,Part-Time,44,23854.47,Mortgage,0,2017-10-09
CUST002456,Kimberly,Smith,1957-03-13,66,F,WA,2130,Full-Time,11,73220.57,Owner,0,2021-05-29
CUST002457,Peter,Wilkerson,1961-07-06,62,F,VIC,2406,Part-Time,9,50189.28,Renting,1,2018-02-10
CUST002458,Luke,Mcgee,1976-02-26,47,M,NSW,2523,Part-Time,6,35029.15,Mortgage,2,2019-01-04
CUST002459,Brett,Jordan,1969-06-23,54,M,NSW,9269,Full-Time,9,18468.63,Owner,1,2017-09-14
CUST002460,Todd,Hines,1986-01-21,37,F,WA,2639,Part-Time,1,29260.91,Renting,0,2018-08-16
CUST002461,Joseph,Brady,1980-02-23,43,F,ACT,2113,Full-Time,66,46974.64,Mortgage,4,2019-06-18
CUST002462,Laura,Galloway,1981-11-21,42,F,QLD,2665,Full-Time,204,46580.36,Owner,2,2019-05-30
CUST002463,Elizabeth,Pierce,1977-05-21,46,F,VIC,8260,Full-Time,5,65859.37,Living with Family,0,2018-08-19
CUST002464,Christina,Martinez,1987-02-22,36,M,NSW,2557,Full-Time,18,58494.5,Renting,4,2022-12-11
CUST002465,Lynn,Romero,1950-10-10,73,M,SA,5914,Full-Time,10,43231.5,Renting,1,2019-04-19
CUST002466,Alfred,Cowan,1960-04-08,63,M,NSW,2792,Self-Employed,38,77072.33,Mortgage,1,2020-05-08
CUST002467,Ashley,Bender,1984-05-26,39,F,NSW,0299,Full-Time,42,62364.95,Renting,2,2023-12-31
CUST002468,Diane,Greer,2000-02-29,23,F,NSW,7971,Part-Time,74,57529.96,Owner,1,2024-09-22
CUST002469,Amanda,Diaz,1966-11-13,57,M,NSW,2989,Full-Time,96,77496.29,Living with Family,1,2018-12-16
CUST002470,Dakota,Smith,1968-11-20,55,F,VIC,3499,Full-Time,1,68482.49,Owner,3,2023-11-09
CUST002471,Stephanie,Zamora,1999-06-04,24,M,NSW,2523,Full-Time,76,63708.1,Mortgage,3,2019-05-17
CUST002472,Tanya,Powell,1957-12-03,66,M,VIC,9069,Part-Time,54,52297.18,Mortgage,0,2023-01-08
CUST002473,Raymond,Wilson,1977-02-27,46,F,VIC,0207,Self-Employed,5,122835.49,Renting,2,2018-04-16
CUST002474,Anna,Vang,1962-04-01,61,F,QLD,2688,Full-Time,76,92958.92,Living with Family,1,2022-03-09
CUST002475,Elaine,Velez,1968-08-15,55,M,QLD,2698,Full-Time,30,59339.42,Mortgage,0,2017-12-21
CUST002476,Katherine,Huff,2001-10-03,22,F,QLD,2920,Full-Time,16,39204.37,Owner,2,2024-10-19
CUST002477,Paige,Wilson,2005-05-29,18,F,VIC,2639,Casual,16,37705.45,Owner,2,2022-03-20
CUST002478,Andrea,Sweeney,1969-07-10,54,M,WA,2636,Full-Time,5,73515.95,Mortgage,2,2022-01-15
CUST002479,Erica,Hamilton,1970-07-14,53,M,NSW,2818,Part-Time,7,44311.09,Renting,2,2020-03-02
CUST002480,Richard,Jones,1971-09-01,52,F,VIC,2670,Full-Time,7,45267.46,Renting,1,2021-10-12
CUST002481,Corey,Rivas,1996-08-19,27,F,VIC,2633,Self-Employed,35,103040.01,Renting,2,2023-12-28
CUST002482,Matthew,Bradshaw,1967-12-03,56,M,QLD,2619,Self-Employed,18,74960.06,Renting,2,2018-12-29
CUST002483,Joseph,Weaver,1960-11-12,63,F,WA,2699,Full-Time,7,81057.79,Mortgage,4,2023-11-22
CUST002484,William,Garrett,1967-10-01,56,F,WA,2102,Self-Employed,75,82625.21,Mortgage,3,2021-01-11
CUST002485,Adam,Phelps,1962-09-14,61,F,VIC,2609,Full-Time,113,99719.01,Mortgage,3,2020-03-29
CUST002486,Bryan,Brown,2001-01-25,22,M,VIC,2988,Self-Employed,44,47751.76,Renting,2,2018-07-18
CUST002487,James,Salazar,1954-06-09,69,F,QLD,2001,Full-Time,43,76851.55,Renting,2,2020-02-07
CUST002488,Deborah,Miller,1952-12-22,71,F,VIC,0991,Casual,2,45248.36,Mortgage,2,2024-06-11
CUST002489,Shawn,Ayala,1968-05-14,55,M,WA,0983,Full-Time,44,89243.71,Owner,2,2024-07-27
CUST002490,Dawn,Sims,2004-10-16,19,M,WA,2253,Full-Time,21,88772.07,Mortgage,3,2022-06-18
CUST002491,Paula,Alexander,1965-05-24,58,F,WA,7462,Unemployed,0,15000.0,Renting,2,2017-04-01
CUST002492,Nicole,Barber,2004-06-01,19,F,SA,0229,Self-Employed,73,81176.61,Living with Family,0,2017-12-16
CUST002493,Lauren,Reese,1950-11-09,73,M,WA,2920,Part-Time,14,43999.41,Mortgage,2,2023-04-02
CUST002494,Sandra,Leblanc,1997-08-20,26,M,SA,2649,Self-Employed,17,59919.89,Mortgage,1,2023-01-07
CUST002495,Kayla,Baker,1984-08-18,39,F,NSW,2998,Unemployed,0,16126.34,Renting,1,2022-10-18
CUST002496,Tara,Gonzalez,1964-12-20,59,M,NSW,2903,Casual,1,27998.14,Mortgage,1,2017-07-12
CUST002497,Sarah,Howard,1957-06-03,66,M,NSW,2643,Full-Time,13,57770.9,Mortgage,0,2019-10-30
CUST002498,Daniel,Stephens,2005-06-19,18,M,VIC,2470,Full-Time,26,84397.74,Owner,0,2018-07-27
CUST002499,Erika,Miller,2002-05-15,21,F,VIC,2640,Casual,129,40734.05,Renting,2,2020-02-22
CUST002500,Robert,Bryan,1962-06-03,61,M,VIC,2942,Full-Time,190,82762.48,Renting,2,2020-12-07
CUST002501,Tiffany,Bennett,1981-05-26,42,F,VIC,2663,Full-Time,49,24204.9,Mortgage,3,2020-10-01
CUST002502,Amy,Parker,2001-06-05,22,F,NSW,6029,Casual,13,38910.59,Mortgage,0,2019-08-19
CUST002503,Randall,Dixon,1957-11-23,66,F,NSW,2564,Full-Time,38,103685.31,Renting,3,2019-04-16
CUST002504,Shannon,Fleming,1952-10-17,71,F,VIC,2567,Full-Time,20,43694.2,Mortgage,0,2021-07-13
CUST002505,Rebecca,Figueroa,2003-07-14,20,F,NSW,2920,Self-Employed,55,84449.17,Renting,1,2022-09-24
CUST002506,Jacob,Smith,1959-08-10,64,F,ACT,2641,Full-Time,12,92022.96,Mortgage,3,2024-08-17
CUST002507,Brianna,Wilcox,2001-08-05,22,F,NSW,2534,Full-Time,17,72640.07,Renting,0,2021-05-26
CUST002508,Amy,Navarro,1959-09-06,64,M,WA,2920,Full-Time,8,87953.73,Owner,0,2023-10-14
CUST002509,Samuel,Chang,1989-07-23,34,M,NSW,2688,Self-Employed,39,63353.47,Owner,0,2018-11-29
CUST002510,Zachary,Stephens,1956-05-24,67,F,VIC,2946,Full-Time,51,94713.16,Renting,1,2016-12-26
CUST002511,Karen,Moyer,1963-01-02,61,F,SA,2079,Part-Time,46,51137.02,Living with Family,2,2021-08-17
CUST002512,Richard,Ho,1986-08-26,37,F,NSW,2619,Full-Time,30,35644.99,Owner,0,2020-10-21
CUST002513,Richard,Hurley,1990-05-02,33,F,QLD,2696,Full-Time,40,56122.78,Owner,3,2021-05-22
CUST002514,Michelle,Smith,1996-07-26,27,F,NSW,1682,Full-Time,53,111455.81,Renting,0,2017-06-26
CUST002515,Henry,Soto,1998-06-26,25,M,NSW,2942,Full-Time,45,62079.98,Renting,0,2017-07-02
CUST002516,Morgan,Diaz,1972-07-16,51,M,NSW,2958,Full-Time,15,70716.06,Renting,0,2025-08-16
CUST002517,Gloria,Sullivan,2004-01-28,19,M,NSW,2631,Part-Time,8,29272.91,Owner,0,2021-06-06
CUST002518,Grant,Holden,1994-05-23,29,M,QLD,2625,Full-Time,3,81771.73,Renting,0,2021-11-01
CUST002519,Kari,Friedman,2005-12-03,18,F,QLD,9984,Full-Time,100,66483.51,Mortgage,2,2018-11-04
CUST002520,Amber,Logan,1985-11-19,38,M,QLD,2022,Full-Time,37,72557.02,Owner,1,2024-10-02
CUST002521,Mark,Johnson,1951-12-02,72,M,QLD,7386,Self-Employed,15,49788.35,Renting,2,2025-07-01
CUST002522,Heather,Romero,1984-06-03,39,F,SA,2922,Full-Time,23,88210.08,Owner,1,2019-05-29
CUST002523,Meghan,Lynch,1984-11-06,39,M,NSW,9114,Unemployed,0,15000.0,Renting,3,2019-11-05
CUST002524,William,Rivers,1986-01-14,37,F,QLD,2171,Full-Time,5,58884.63,Living with Family,2,2019-12-09
CUST002525,Paula,Morales,1960-02-10,63,F,NSW,2987,Full-Time,25,120645.64,Renting,1,2018-06-28
CUST002526,Diane,Johnson,1994-05-02,29,M,NSW,0874,Full-Time,22,55844.88,Renting,3,2020-02-24
CUST002527,Christina,Ball,1954-04-02,69,F,WA,2907,Full-Time,9,57942.17,Living with Family,2,2022-03-21
CUST002528,Amber,Vincent,1978-04-16,45,M,NSW,5687,Full-Time,32,89508.46,Mortgage,0,2023-03-11
CUST002529,Mary,Flores,1958-08-27,65,F,QLD,5370,Self-Employed,17,48129.17,Renting,2,2023-11-03
CUST002530,Erin,Smith,1980-08-03,43,M,NSW,2653,Full-Time,34,32329.22,Renting,2,2020-01-16
CUST002531,Nicole,Alvarado,1990-01-24,33,M,QLD,2976,Full-Time,112,96642.41,Renting,0,2020-02-26
CUST002532,Gina,Carroll,1985-08-29,38,F,WA,2012,Self-Employed,2,82648.47,Living with Family,0,2019-03-30
CUST002533,Kimberly,Cooper,1981-02-23,42,M,VIC,2974,Full-Time,14,59499.4,Owner,3,2018-12-26
CUST002534,Phillip,Watkins,2003-11-29,20,F,VIC,2662,Full-Time,37,71393.9,Renting,2,2019-11-26
CUST002535,Kelly,Little,1997-01-03,27,F,SA,0928,Full-Time,39,85467.43,Living with Family,0,2023-05-19
CUST002536,Kristine,Greer,1998-11-02,25,F,NSW,2683,Casual,17,51532.38,Renting,1,2021-08-22
CUST002537,Ashley,Garcia,2002-01-05,22,F,NSW,2992,Part-Time,4,39091.11,Renting,1,2019-01-27
CUST002538,Sabrina,Lopez,1989-06-04,34,F,VIC,2957,Self-Employed,57,37224.37,Owner,4,2018-04-29
CUST002539,Paul,Schmitt,2004-07-15,19,F,QLD,2646,Full-Time,24,105679.74,Owner,3,2025-03-28
CUST002540,Heather,Cooper,1962-08-01,61,F,ACT,7513,Self-Employed,8,36493.12,Living with Family,2,2024-06-20
CUST002541,Daniel,Page,2004-03-22,19,M,TAS,2975,Full-Time,8,116591.08,Owner,1,2016-12-15
CUST002542,April,Huber,1987-03-09,36,F,VIC,9509,Full-Time,101,98145.3,Owner,0,2019-08-11
CUST002543,Erin,Summers,1978-01-06,46,F,QLD,2680,Part-Time,21,58647.26,Owner,1,2018-06-22
CUST002544,David,Leonard,1986-02-27,37,F,NSW,3911,Unemployed,0,15000.0,Mortgage,0,2024-12-12
CUST002545,Fred,Gonzalez,1984-06-20,39,F,VIC,2959,Full-Time,29,49952.76,Mortgage,0,2018-11-06
CUST002546,Christopher,Diaz,1995-09-30,28,M,WA,2994,Full-Time,38,73906.23,Mortgage,1,2017-07-08
CUST002547,Daniel,Carey,1966-10-04,57,F,NSW,2661,Self-Employed,59,61213.52,Renting,0,2018-09-03
CUST002548,Christine,Lewis,1959-10-16,64,M,VIC,0278,Full-Time,66,55473.39,Renting,1,2017-08-08
CUST002549,Seth,Stewart,1996-01-21,27,M,SA,2094,Full-Time,30,93539.62,Renting,4,2025-04-19
CUST002550,Michelle,Lang,1958-05-29,65,M,WA,2921,Self-Employed,22,38057.46,Renting,0,2017-01-15
CUST002551,Stephen,Gilbert,1970-04-02,53,F,QLD,2619,Full-Time,37,78656.62,Renting,3,2022-12-28
CUST002552,Anna,Jacobs,1980-02-07,43,F,ACT,2627,Full-Time,5,50302.99,Owner,1,2016-10-14
CUST002553,Jimmy,Palmer,1970-08-31,53,M,QLD,9562,Full-Time,27,84381.38,Renting,1,2024-09-26
CUST002554,Angela,Durham,2003-12-19,20,F,VIC,2606,Full-Time,85,113715.71,Living with Family,1,2017-04-01
CUST002555,Kendra,Hunter,1968-07-18,55,M,QLD,2618,Full-Time,14,64804.35,Mortgage,4,2020-09-14
CUST002556,Gary,Vasquez,1967-01-18,56,F,NSW,2958,Casual,7,35646.06,Mortgage,2,2019-10-05
CUST002557,Elizabeth,Weaver,1992-09-10,31,M,NSW,2959,Full-Time,25,106620.84,Mortgage,3,2020-07-09
CUST002558,Michelle,Cobb,1970-10-27,53,M,NSW,0842,Part-Time,118,29750.84,Renting,2,2021-03-30
CUST002559,Christina,Wilson,1967-05-23,56,F,VIC,2465,Part-Time,1,56172.48,Mortgage,3,2016-12-14
CUST002560,Adam,Williams,2003-10-25,20,M,VIC,2634,Full-Time,185,73383.52,Mortgage,1,2020-01-29
CUST002561,Deborah,Hall,1963-01-16,61,M,QLD,2692,Casual,16,28450.06,Renting,3,2022-07-05
CUST002562,Vickie,Wilson,1997-08-16,26,M,QLD,2945,Self-Employed,25,74415.28,Renting,0,2017-05-07
CUST002563,Matthew,Johnson,1950-01-18,74,M,NSW,2676,Part-Time,22,55268.04,Owner,0,2021-09-22
CUST002564,Craig,Turner,1960-04-16,63,F,VIC,8896,Part-Time,63,55948.38,Owner,0,2020-03-13
CUST002565,Jennifer,Thomas,1985-09-07,38,M,QLD,2686,Part-Time,9,36800.1,Renting,2,2020-10-06
CUST002566,Scott,Herring,1986-09-10,37,F,QLD,0220,Casual,1,33725.92,Owner,0,2017-11-22
CUST002567,Traci,Padilla,1998-10-16,25,F,VIC,2974,Full-Time,36,45661.73,Owner,0,2018-08-10
CUST002568,Alicia,Trujillo,2005-04-30,18,F,SA,2658,Full-Time,8,104390.75,Living with Family,1,2023-12-30
CUST002569,Dennis,Huff,1955-11-13,68,F,QLD,2623,Part-Time,8,39227.91,Mortgage,2,2022-03-08
CUST002570,Deanna,Sims,2000-09-08,23,M,VIC,0810,Full-Time,47,95302.0,Living with Family,0,2020-02-13
CUST002571,Christopher,Sanchez,1950-03-13,73,M,TAS,2772,Part-Time,45,55468.9,Living with Family,1,2018-07-24
CUST002572,Michael,Patel,1981-10-14,42,F,QLD,2916,Full-Time,64,57715.51,Renting,2,2021-05-23
CUST002573,Stephen,Buchanan,1954-10-11,69,M,VIC,2967,Full-Time,25,39493.5,Renting,2,2020-11-26
CUST002574,Teresa,Hart,1964-10-29,59,F,VIC,2872,Full-Time,54,76512.36,Living with Family,2,2020-02-19
CUST002575,Sheri,Nguyen,1999-10-07,24,M,WA,0818,Self-Employed,27,65255.89,Renting,1,2024-01-28
CUST002576,Judy,Reyes,1999-04-23,24,F,QLD,9316,Unemployed,0,21267.62,Living with Family,0,2017-03-15
CUST002577,Jennifer,Horne,2000-02-17,23,F,ACT,2912,Full-Time,121,78724.19,Renting,2,2017-04-18
CUST002578,James,Cobb,1989-08-07,34,M,WA,2679,Full-Time,34,42781.32,Renting,0,2022-08-16
CUST002579,Sue,Howe,2005-10-15,18,F,NSW,2942,Part-Time,28,15000.0,Owner,2,2018-04-12
CUST002580,Ashley,Mendez,1983-03-04,40,M,VIC,0221,Full-Time,71,66591.46,Mortgage,0,2023-04-27
CUST002581,Diane,Richards,1996-02-03,27,M,QLD,0943,Full-Time,1,106352.37,Renting,0,2021-09-14
CUST002582,Peggy,Nguyen,1958-01-26,65,F,WA,2973,Casual,62,26227.87,Mortgage,4,2023-10-30
CUST002583,Amber,Flores,1999-05-11,24,F,WA,2934,Full-Time,10,69817.05,Renting,3,2020-06-26
CUST002584,Deanna,Mclaughlin,1978-02-04,45,M,WA,2920,Unemployed,0,18138.63,Renting,0,2018-09-11
CUST002585,Keith,Mcmahon,1996-08-08,27,F,NSW,5544,Full-Time,71,106222.41,Mortgage,3,2021-12-03
CUST002586,Tyler,Baldwin,2005-01-01,19,F,VIC,2619,Casual,11,38140.79,Mortgage,1,2018-05-08
CUST002587,Mallory,Valencia,1975-08-23,48,M,VIC,2610,Full-Time,50,52982.65,Renting,1,2018-05-28
CUST002588,Chad,Brown,1959-11-03,64,M,NSW,2699,Full-Time,8,67750.37,Renting,0,2020-12-09
CUST002589,Tyler,Rodriguez,1980-04-16,43,F,QLD,2920,Part-Time,14,36846.61,Owner,2,2023-02-04
CUST002590,Devon,Bean,1997-02-20,26,F,QLD,8322,Full-Time,66,42211.39,Renting,2,2016-12-23
CUST002591,Teresa,Taylor,1988-11-20,35,F,QLD,2976,Full-Time,54,59445.41,Mortgage,3,2023-04-15
CUST002592,Brian,Lopez,1991-11-03,32,F,VIC,2104,Full-Time,48,93553.65,Owner,2,2023-07-29
CUST002593,Lisa,Parks,1978-01-31,45,F,NSW,2908,Casual,54,60557.3,Living with Family,4,2021-04-03
CUST002594,Samuel,Sutton,1999-10-25,24,F,NSW,2978,Full-Time,79,45469.73,Renting,4,2019-12-10
CUST002595,Amanda,Glass,1963-06-18,60,F,VIC,2130,Self-Employed,61,36400.81,Mortgage,0,2019-03-25
CUST002596,Sandra,Brewer,1967-04-01,56,M,NSW,5951,Self-Employed,115,58047.43,Renting,0,2020-11-12
CUST002597,Monica,Finley,1969-11-05,54,F,VIC,5102,Full-Time,4,70489.18,Mortgage,0,2022-07-06
CUST002598,Sara,Mcmahon,1959-06-10,64,F,VIC,2960,Casual,34,33038.96,Renting,3,2017-07-22
CUST002599,Joshua,Parrish,1961-04-05,62,F,WA,3309,Part-Time,76,19791.84,Renting,3,2024-02-19
CUST002600,Barbara,Gay,2002-08-08,21,F,NSW,2439,Full-Time,10,84555.3,Living with Family,4,2021-03-23
CUST002601,Darius,Sanders,1985-01-11,38,F,WA,0922,Full-Time,35,85952.83,Renting,2,2017-10-06
CUST002602,Michelle,Bradshaw,1958-11-09,65,M,TAS,2906,Full-Time,21,88654.34,Owner,2,2020-12-03
CUST002603,Brian,Obrien,1988-01-07,36,F,NSW,2411,Unemployed,0,15000.0,Mortgage,0,2020-03-02
CUST002604,Robin,Williams,1955-10-15,68,F,NSW,0807,Self-Employed,9,57368.19,Mortgage,0,2017-12-12
CUST002605,Julia,Rice,1969-08-13,54,F,VIC,2613,Full-Time,78,65167.52,Mortgage,0,2018-07-04
CUST002606,Jessica,Johnson,1985-11-10,38,M,ACT,5366,Full-Time,1,84229.44,Owner,2,2019-10-05
CUST002607,Donna,Gibson,1980-10-27,43,M,VIC,2938,Self-Employed,101,94324.68,Renting,0,2017-08-28
CUST002608,Julian,Garcia,1994-01-22,29,F,VIC,2920,Full-Time,12,58690.02,Renting,2,2023-11-01
CUST002609,Colleen,Taylor,1989-05-05,34,M,VIC,2950,Full-Time,91,74752.16,Mortgage,0,2021-11-29
CUST002610,Dennis,Carlson,1968-09-02,55,M,VIC,2982,Self-Employed,25,22574.06,Renting,1,2016-11-17
CUST002611,James,Bradford,1997-06-22,26,M,VIC,2966,Unemployed,0,17538.74,Renting,2,2024-04-12
CUST002612,Judy,Rios,1953-07-22,70,M,VIC,2679,Unemployed,0,28485.43,Mortgage,2,2022-02-02
CUST002613,Heather,Crawford,1957-02-28,66,F,NSW,2013,Full-Time,1,77034.03,Mortgage,1,2025-06-11
CUST002614,Joshua,Coleman,1956-08-10,67,F,SA,2968,Full-Time,8,118133.77,Renting,2,2019-08-31
CUST002615,Kurt,Bradshaw,1970-12-29,53,F,SA,2670,Full-Time,19,63070.09,Mortgage,1,2019-01-22
CUST002616,Julia,Moore,1954-01-27,69,M,ACT,2637,Full-Time,31,84607.05,Renting,4,2025-02-04
CUST002617,Michael,Martin,1974-03-25,49,F,NSW,2688,Casual,20,42993.47,Renting,1,2021-03-06
CUST002618,Carol,Brown,1953-03-23,70,M,WA,2466,Part-Time,37,38688.51,Owner,1,2024-06-25
CUST002619,Jeremy,Martinez,1951-01-10,73,M,NSW,2928,Full-Time,25,44497.53,Mortgage,2,2022-07-29
CUST002620,Matthew,Green,2001-12-28,22,F,QLD,2640,Full-Time,37,144085.51,Renting,0,2018-09-21
CUST002621,Justin,Wright,1990-12-04,33,F,NSW,2619,Self-Employed,38,61799.98,Renting,3,2016-11-16
CUST002622,Rebecca,Frye,1970-10-16,53,M,NSW,5756,Full-Time,17,56714.14,Owner,3,2024-10-05
CUST002623,Calvin,Ramos,1967-08-10,56,F,VIC,2965,Self-Employed,17,52756.77,Owner,1,2019-04-16
CUST002624,Sonya,King,1998-08-25,25,M,NSW,2524,Full-Time,51,58195.48,Owner,2,2020-11-17
CUST002625,Bradley,Brown,1949-11-19,74,M,QLD,2619,Full-Time,17,97187.38,Owner,0,2023-11-25
CUST002626,Benjamin,Johnson,1979-07-20,44,M,NSW,0283,Full-Time,19,100142.1,Mortgage,0,2017-08-17
CUST002627,Kathryn,Davis,1972-11-05,51,F,SA,2646,Full-Time,8,108688.65,Living with Family,0,2021-05-16
CUST002628,Zachary,Burnett,1981-04-19,42,M,NSW,2977,Casual,94,24987.86,Renting,0,2017-09-10
CUST002629,Miranda,Rodriguez,1984-02-08,39,F,VIC,2950,Part-Time,7,29449.83,Renting,1,2020-11-23
CUST002630,Brad,Chavez,1961-01-24,62,M,NSW,2690,Full-Time,18,106599.34,Mortgage,0,2020-11-18
CUST002631,Christopher,Williams,1963-01-08,61,F,NSW,2925,Unemployed,0,19046.57,Living with Family,0,2025-06-15
CUST002632,Travis,Gonzalez,2005-01-19,18,F,NSW,2992,Casual,66,37927.03,Renting,1,2017-10-02
CUST002633,Andre,Graham,1961-02-15,62,M,NSW,2968,Full-Time,4,69480.06,Owner,1,2024-06-16
CUST002634,Sean,Warner,1988-12-15,35,F,VIC,7470,Full-Time,37,48358.74,Mortgage,0,2018-07-26
CUST002635,Matthew,Cooke,1982-04-12,41,F,NSW,2669,Self-Employed,63,53139.13,Renting,2,2020-05-07
CUST002636,Samantha,Gonzales,1997-06-08,26,M,NSW,2766,Casual,50,45774.27,Renting,2,2020-08-27
CUST002637,Michael,Brown,1958-05-13,65,M,NSW,2692,Full-Time,33,97854.81,Renting,2,2023-01-08
CUST002638,Antonio,Whitney,1977-04-11,46,M,SA,2996,Full-Time,15,49079.56,Renting,0,2020-07-21
CUST002639,Mark,Lawrence,1967-09-28,56,F,VIC,2310,Full-Time,17,78311.71,Living with Family,1,2020-09-30
CUST002640,Tanner,Sloan,1977-11-23,46,F,VIC,2104,Full-Time,7,133133.42,Mortgage,3,2021-12-29
CUST002641,Shelly,Jones,1981-04-09,42,F,NSW,5490,Full-Time,21,94356.03,Mortgage,0,2019-07-24
CUST002642,Jasmine,Stewart,1988-06-14,35,M,NSW,2650,Part-Time,35,43966.93,Mortgage,2,2019-01-09
CUST002643,Benjamin,Lawrence,1985-01-14,38,M,NSW,7769,Full-Time,29,100747.8,Living with Family,0,2021-06-27
CUST002644,Jeffrey,Brown,1978-04-23,45,F,NSW,2909,Casual,92,51132.64,Owner,2,2020-09-04
CUST002645,Robert,Morrison,1956-09-13,67,M,NSW,2921,Full-Time,7,56758.65,Living with Family,0,2020-06-03
CUST002646,Cory,Robinson,1971-11-19,52,F,QLD,2920,Full-Time,4,53588.1,Renting,2,2021-02-02
CUST002647,John,Rivas,1982-11-05,41,M,NSW,2946,Full-Time,83,93728.72,Owner,1,2018-05-16
CUST002648,Tammy,Santiago,1992-06-20,31,F,NSW,7499,Full-Time,1,97363.83,Renting,1,2024-12-06
CUST002649,Alexis,Dawson,1975-08-07,48,M,WA,2726,Full-Time,30,92789.93,Living with Family,2,2024-05-10
CUST002650,Donald,Lewis,2005-02-27,18,M,QLD,2287,Unemployed,0,21036.36,Renting,2,2024-02-07
CUST002651,George,Davis,1981-01-29,42,M,TAS,2220,Full-Time,1,48338.68,Mortgage,3,2022-05-27
CUST002652,Jordan,Atkinson,1988-01-12,35,F,NSW,4135,Full-Time,110,81766.83,Renting,1,2022-11-19
CUST002653,Ashley,Larson,1993-04-12,30,M,SA,6721,Full-Time,25,47828.46,Renting,3,2017-06-23
CUST002654,Andrew,Huff,1975-07-04,48,F,VIC,3948,Part-Time,8,51258.62,Owner,2,2016-12-31
CUST002655,Chad,Payne,1997-04-22,26,F,TAS,2994,Full-Time,6,15000.0,Owner,1,2019-06-18
CUST002656,Katherine,Hayes,1957-09-29,66,M,NSW,2968,Full-Time,46,126955.11,Renting,1,2021-05-05
CUST002657,Ashley,Alexander,2003-07-01,20,F,NSW,3570,Casual,188,63117.73,Living with Family,3,2021-07-30
CUST002658,Anthony,Fernandez,1953-04-22,70,M,NSW,0275,Casual,58,45206.53,Renting,0,2020-12-25
CUST002659,Megan,Wilkinson,1955-02-28,68,F,VIC,2989,Full-Time,88,71420.06,Mortgage,0,2017-06-28
CUST002660,Christopher,Wong,1984-04-10,39,F,QLD,2428,Part-Time,24,38735.54,Renting,0,2024-09-28
CUST002661,Brittany,Moody,1988-11-02,35,M,NSW,7688,Full-Time,1,80647.94,Mortgage,1,2018-01-29
CUST002662,Philip,Harding,1991-11-05,32,F,TAS,2910,Full-Time,44,96594.6,Renting,2,2019-02-17
CUST002663,Jerome,Wilson,1983-11-18,40,M,NSW,2496,Casual,108,43615.75,Renting,1,2017-09-26
CUST002664,Troy,Arnold,1974-07-02,49,F,QLD,2692,Full-Time,51,88594.64,Renting,4,2021-02-10
CUST002665,Lindsey,Tran,1988-10-30,35,F,NSW,2685,Part-Time,81,30858.12,Renting,3,2023-03-26
CUST002666,Kimberly,Stevens,1970-04-06,53,F,VIC,2992,Full-Time,17,66599.03,Mortgage,0,2019-05-12
CUST002667,Cassandra,Fisher,1952-05-06,71,M,ACT,0949,Unemployed,0,20931.46,Living with Family,0,2020-02-10
CUST002668,Jennifer,Walls,1981-06-10,42,M,NSW,2600,Casual,28,37687.61,Owner,0,2019-02-12
CUST002669,Edward,Wallace,1979-05-28,44,M,NSW,2638,Self-Employed,127,73962.84,Renting,2,2019-10-08
CUST002670,Ernest,Mahoney,1972-02-10,51,F,VIC,6364,Full-Time,37,92601.81,Renting,2,2021-08-10
CUST002671,Wayne,Berry,1956-12-24,67,M,NSW,2684,Part-Time,212,64072.63,Mortgage,0,2021-07-15
CUST002672,Warren,Mendez,1980-08-15,43,F,NSW,2602,Full-Time,66,97249.2,Renting,3,2025-08-03
CUST002673,Edward,Archer,1972-08-24,51,M,VIC,8799,Full-Time,43,88639.72,Owner,1,2017-05-04
CUST002674,Marissa,Davis,1951-01-03,73,M,SA,2331,Full-Time,13,94258.7,Renting,2,2022-01-01
CUST002675,Jenny,Howard,1993-08-12,30,M,VIC,7236,Part-Time,31,61066.22,Renting,2,2017-09-11
CUST002676,Jennifer,Kline,1962-02-06,61,F,QLD,2952,Full-Time,28,82440.8,Living with Family,3,2025-07-21
CUST002677,Jonathan,Hawkins,1952-04-07,71,M,VIC,2565,Full-Time,55,100128.46,Mortgage,2,2023-09-29
CUST002678,Renee,Ward,1990-05-06,33,M,NT,2847,Full-Time,52,75168.43,Renting,1,2018-01-10
CUST002679,Connor,Stewart,1956-12-13,67,M,QLD,2134,Full-Time,11,100193.16,Renting,0,2019-03-10
CUST002680,Robert,Bruce,1995-05-31,28,M,VIC,2917,Full-Time,1,95022.62,Renting,1,2024-10-17
CUST002681,Cameron,Black,2003-09-29,20,F,VIC,2798,Full-Time,27,90140.95,Mortgage,0,2021-11-19
CUST002682,Bobby,Weaver,1981-06-06,42,M,VIC,1678,Full-Time,21,83185.39,Owner,2,2018-01-13
CUST002683,Scott,Gutierrez,1965-06-22,58,M,SA,2535,Full-Time,53,37216.42,Mortgage,0,2022-04-30
CUST002684,Courtney,Valentine,2003-01-13,20,M,QLD,4698,Casual,31,15000.0,Renting,0,2022-04-13
CUST002685,Holly,Perkins,2002-10-21,21,M,NSW,0887,Full-Time,11,45578.5,Living with Family,2,2019-07-13
CUST002686,Ashley,Barker,1979-02-12,44,M,VIC,2455,Full-Time,9,80293.89,Renting,0,2022-01-07
CUST002687,Brandon,Martinez,1996-05-02,27,F,NSW,2629,Full-Time,33,95481.38,Mortgage,0,2022-11-03
CUST002688,Grace,Woods,1953-02-15,70,M,WA,2973,Full-Time,18,100059.08,Mortgage,4,2022-12-31
CUST002689,Heather,Bell,1971-11-08,52,F,NSW,2371,Full-Time,4,69145.61,Mortgage,4,2020-07-11
CUST002690,Jeremy,Carlson,1991-12-18,32,F,NSW,9636,Full-Time,7,98220.28,Living with Family,0,2019-07-22
CUST002691,Jenna,Martinez,1973-07-21,50,M,SA,3945,Unemployed,0,15000.0,Renting,3,2020-01-29
CUST002692,Todd,Williams,1952-12-18,71,M,SA,7942,Full-Time,6,39222.07,Renting,2,2019-05-31
CUST002693,Brandon,Knapp,1964-03-28,59,F,VIC,2984,Full-Time,125,82002.32,Owner,1,2023-10-17
CUST002694,Angela,Graham,1992-09-05,31,F,NSW,2920,Unemployed,0,18721.87,Renting,2,2020-06-02
CUST002695,Ryan,Martin,1968-09-07,55,M,WA,2935,Full-Time,41,94967.33,Mortgage,1,2020-07-15
CUST002696,Katelyn,Morgan,1970-11-06,53,F,QLD,2097,Self-Employed,12,74196.66,Renting,1,2023-10-08
CUST002697,Luis,Walker,1967-08-15,56,M,WA,3906,Full-Time,50,15000.0,Mortgage,0,2017-11-26
CUST002698,Mike,Lindsey,1999-06-08,24,F,SA,2982,Full-Time,7,124171.12,Owner,0,2024-05-31
CUST002699,Robert,Haynes,1960-06-01,63,F,QLD,2216,Full-Time,1,90931.89,Renting,1,2022-06-02
CUST002700,Michael,Schaefer,1984-09-26,39,F,SA,1622,Full-Time,2,112035.73,Renting,0,2017-10-16
CUST002701,Herbert,Gill,1958-07-21,65,M,VIC,2616,Full-Time,80,65031.66,Owner,2,2025-05-27
CUST002702,Diane,Collins,1977-06-21,46,F,NSW,2625,Full-Time,137,54278.64,Mortgage,1,2022-03-30
CUST002703,Dale,Thompson,1972-05-09,51,F,QLD,2515,Full-Time,9,72982.88,Renting,1,2024-12-02
CUST002704,Lisa,King,1999-02-17,24,F,QLD,8600,Full-Time,47,63951.08,Owner,3,2023-07-27
CUST002705,Thomas,Black,1950-08-07,73,M,VIC,2997,Self-Employed,2,62376.32,Renting,1,2023-02-14
CUST002706,Nancy,Thompson,1957-02-21,66,M,NT,7570,Full-Time,42,71386.57,Renting,0,2025-02-07
CUST002707,Dennis,Higgins,1965-07-28,58,F,VIC,2726,Part-Time,17,51854.66,Living with Family,1,2017-05-30
CUST002708,Samantha,Brown,1992-02-03,31,F,NSW,8437,Full-Time,16,71471.59,Owner,0,2019-10-21
CUST002709,Heather,Blair,1974-09-02,49,M,QLD,4078,Full-Time,26,92479.28,Renting,2,2019-11-17
CUST002710,Gary,Lucero,1997-03-24,26,F,NSW,3242,Full-Time,40,93687.49,Mortgage,2,2017-11-01
CUST002711,Karen,Gordon,1982-01-22,41,M,VIC,2754,Full-Time,31,17579.82,Living with Family,0,2017-02-23
CUST002712,Ruben,Torres,1988-12-03,35,F,VIC,2974,Full-Time,80,83021.15,Mortgage,1,2022-08-05
CUST002713,Dustin,Gonzalez,1969-05-12,54,M,QLD,2312,Casual,5,41406.48,Owner,1,2025-03-23
CUST002714,Jennifer,West,1958-09-01,65,M,QLD,4979,Full-Time,41,105757.45,Renting,3,2023-04-29
CUST002715,Rachel,Sanders,1975-11-14,48,M,WA,2673,Full-Time,35,110612.94,Living with Family,0,2022-09-15
CUST002716,Erika,Jackson,1987-02-21,36,F,NSW,2640,Self-Employed,40,34440.02,Renting,1,2018-06-13
CUST002717,Amber,Cohen,1998-01-06,26,F,NSW,2375,Full-Time,110,69285.12,Renting,0,2023-02-25
CUST002718,Bruce,Bradford,1987-09-20,36,M,QLD,7630,Casual,25,38328.53,Owner,1,2019-01-07
CUST002719,James,Hughes,1991-03-08,32,F,WA,2685,Full-Time,8,115382.58,Owner,2,2023-03-13
CUST002720,Duane,Hanson,1978-11-26,45,M,NSW,2685,Part-Time,22,33626.53,Renting,2,2024-05-09
CUST002721,Alexander,Hodge,2000-10-30,23,M,TAS,0918,Full-Time,29,59238.81,Mortgage,0,2017-05-07
CUST002722,Scott,Wagner,2000-05-02,23,M,VIC,3165,Full-Time,4,76418.06,Mortgage,3,2025-08-16
CUST002723,Jonathan,Santiago,1965-11-25,58,M,SA,2974,Full-Time,20,76781.19,Renting,2,2019-01-30
CUST002724,Amanda,Weiss,1952-10-30,71,M,NSW,2971,Full-Time,39,35863.21,Renting,1,2020-12-31
CUST002725,Shannon,Mueller,1985-08-29,38,F,VIC,2505,Full-Time,42,157198.21,Mortgage,1,2018-11-22
CUST002726,Dylan,Bryant,1984-04-12,39,F,VIC,3848,Full-Time,21,77140.68,Renting,2,2023-05-06
CUST002727,Ashley,Coleman,1996-05-08,27,M,SA,6882,Part-Time,6,46496.04,Living with Family,1,2024-09-08
CUST002728,Carol,Torres,1994-01-21,29,F,ACT,2947,Full-Time,26,80444.99,Mortgage,0,2021-12-07
CUST002729,Timothy,Hill,1957-06-07,66,M,QLD,2612,Unemployed,0,15000.0,Renting,1,2019-01-04
CUST002730,Lisa,Hensley,1963-03-20,60,F,NSW,7864,Self-Employed,76,43449.57,Mortgage,0,2018-04-20
CUST002731,James,Hawkins,1957-05-24,66,F,ACT,2689,Part-Time,14,47095.54,Renting,0,2020-10-08
CUST002732,John,Sparks,1979-12-21,44,F,QLD,2631,Full-Time,28,21546.31,Owner,1,2025-08-04
CUST002733,Vincent,Myers,1987-12-24,36,M,NSW,2649,Casual,24,38332.33,Renting,2,2018-08-13
CUST002734,Michelle,Glass,1959-09-23,64,M,WA,5832,Self-Employed,71,47092.14,Mortgage,3,2018-01-13
CUST002735,Daryl,Lopez,1952-04-28,71,M,NSW,2650,Full-Time,35,96757.56,Renting,2,2016-11-14
CUST002736,Paul,Hamilton,1989-11-04,34,M,VIC,2619,Full-Time,81,60557.8,Living with Family,1,2017-02-17
CUST002737,Maureen,Carlson,1951-06-16,72,M,NSW,9761,Self-Employed,24,91297.91,Living with Family,3,2016-10-28
CUST002738,Kenneth,Watson,1954-07-30,69,M,VIC,2440,Full-Time,10,65654.22,Renting,3,2024-12-24
CUST002739,Angela,Mcfarland,1963-05-16,60,M,QLD,2691,Self-Employed,13,77493.84,Mortgage,1,2022-01-12
CUST002740,Kristi,Hill,1993-07-10,30,F,VIC,9235,Full-Time,168,79011.62,Renting,2,2019-07-05
CUST002741,Brianna,Collier,1999-12-22,24,F,WA,2500,Part-Time,2,24305.61,Owner,0,2018-07-06
CUST002742,Andre,Conley,1994-07-26,29,F,WA,2992,Full-Time,111,64340.94,Renting,2,2016-10-03
CUST002743,Joshua,Rivera,1997-02-18,26,F,SA,6671,Full-Time,16,95462.9,Living with Family,2,2019-09-16
CUST002744,Brandon,Reynolds,2002-02-04,21,M,QLD,2986,Part-Time,15,53349.97,Owner,0,2019-02-22
CUST002745,Rebecca,Long,1954-01-03,70,F,NSW,2974,Full-Time,105,60837.85,Mortgage,2,2024-07-13
CUST002746,Janet,Snow,1990-11-05,33,F,NSW,2684,Part-Time,145,41861.32,Renting,1,2016-09-27
CUST002747,Mario,Ross,1975-08-27,48,F,WA,6497,Full-Time,4,63485.82,Owner,0,2017-02-06
CUST002748,Michael,Hoffman,1985-05-28,38,M,QLD,2666,Casual,8,41348.72,Mortgage,0,2020-07-02
CUST002749,Angela,Gray,1961-06-17,62,F,NSW,5996,Full-Time,73,105469.28,Mortgage,1,2018-02-27
CUST002750,Kristen,Rice,1984-12-05,39,F,NSW,4688,Part-Time,3,29172.73,Mortgage,0,2021-05-28
CUST002751,David,Rice,1986-07-28,37,F,NSW,2920,Casual,31,24043.83,Living with Family,0,2023-10-05
CUST002752,Anthony,Pratt,1953-12-09,70,F,QLD,2602,Casual,86,22522.23,Mortgage,0,2019-12-29
CUST002753,Ashley,Mosley,1998-09-03,25,F,QLD,2093,Full-Time,45,62918.52,Renting,1,2017-11-11
CUST002754,David,Ibarra,2004-06-08,19,F,NSW,2967,Full-Time,137,95743.81,Renting,1,2024-05-14
CUST002755,Barbara,Guerra,1986-04-30,37,F,VIC,2656,Full-Time,26,15000.0,Owner,2,2016-11-09
CUST002756,Adam,Acevedo,1981-10-26,42,F,QLD,5521,Full-Time,53,45328.24,Living with Family,1,2023-10-12
CUST002757,William,Mata,1970-09-04,53,M,VIC,2619,Full-Time,6,92415.0,Mortgage,2,2020-11-13
CUST002758,Janice,Lambert,1976-03-24,47,F,NSW,2627,Part-Time,13,45649.84,Renting,1,2019-05-25
CUST002759,Kristen,Davis,1984-08-25,39,M,WA,9241,Self-Employed,79,65521.66,Renting,3,2022-03-15
CUST002760,Shelby,Graham,1984-01-28,39,F,VIC,2652,Full-Time,19,57875.94,Renting,0,2017-12-29
CUST002761,Matthew,Matthews,2004-06-03,19,F,SA,2610,Full-Time,83,77628.74,Renting,0,2024-01-10
CUST002762,Robin,Baker,2000-11-10,23,M,NSW,2974,Full-Time,47,57225.45,Owner,0,2024-12-20
CUST002763,Angela,Becker,1955-10-31,68,M,QLD,2977,Full-Time,19,55184.5,Renting,0,2024-03-23
CUST002764,Ryan,Wagner,1952-05-11,71,F,NSW,1922,Full-Time,48,95731.46,Renting,1,2024-04-29
CUST002765,Maria,Page,1971-01-09,53,M,NSW,2001,Full-Time,27,105906.99,Mortgage,0,2022-05-31
CUST002766,Janet,Peterson,1962-06-18,61,M,NSW,2807,Full-Time,55,50005.65,Owner,2,2018-04-09
CUST002767,Joshua,Lin,1997-09-16,26,M,VIC,2658,Full-Time,81,43456.21,Renting,0,2018-03-11
CUST002768,Mark,Griffith,1982-03-16,41,F,QLD,2800,Part-Time,2,47605.42,Mortgage,0,2017-07-11
CUST002769,Sierra,Montoya,1979-11-24,44,F,NSW,2652,Full-Time,49,35946.84,Living with Family,0,2022-12-04
CUST002770,John,Taylor,1991-04-26,32,F,NSW,0216,Casual,20,57916.47,Renting,2,2025-03-14
CUST002771,Sarah,Barton,1981-03-05,42,F,QLD,1710,Casual,19,48650.72,Mortgage,1,2023-10-20
CUST002772,Darlene,Mullins,2004-06-01,19,M,NSW,2211,Full-Time,57,45662.07,Renting,0,2021-11-22
CUST002773,Megan,Blackwell,1985-02-17,38,F,VIC,2515,Self-Employed,9,69445.65,Mortgage,0,2018-05-26
CUST002774,Nicole,Manning,1954-06-02,69,M,VIC,2687,Full-Time,25,123177.4,Owner,2,2017-03-16
CUST002775,James,Johnson,1982-10-04,41,F,QLD,2369,Part-Time,19,55852.64,Mortgage,3,2019-07-20
CUST002776,Susan,Scott,1950-07-31,73,M,NSW,2489,Casual,13,59450.48,Owner,2,2023-10-16
CUST002777,Mark,Carter,1982-04-23,41,F,NSW,2639,Casual,97,31538.44,Renting,1,2021-06-03
CUST002778,Angela,Lewis,1973-09-10,50,M,QLD,0252,Full-Time,14,126498.81,Renting,0,2022-01-30
CUST002779,Thomas,Wilson,1965-11-28,58,M,VIC,2498,Part-Time,33,42794.02,Living with Family,2,2025-01-20
CUST002780,Lance,Ryan,1961-06-15,62,M,NSW,2671,Full-Time,13,90254.22,Renting,3,2017-01-16
CUST002781,Eric,Hampton,1968-12-31,55,M,NSW,0863,Full-Time,53,61142.91,Owner,2,2022-11-20
CUST002782,Patricia,Lewis,1953-09-17,70,F,NSW,2977,Full-Time,37,65003.63,Renting,3,2019-01-11
CUST002783,Madison,Rogers,1994-01-13,29,M,NSW,2636,Full-Time,10,93025.32,Renting,1,2021-06-29
CUST002784,Joshua,Gardner,1973-04-02,50,F,QLD,2167,Full-Time,34,47875.34,Mortgage,2,2018-06-20
CUST002785,Veronica,Davies,1981-07-04,42,F,WA,2938,Full-Time,21,109948.69,Mortgage,4,2021-04-03
CUST002786,Tammy,Stewart,1981-06-18,42,M,NSW,2686,Full-Time,17,73242.82,Owner,3,2025-01-05
CUST002787,Crystal,Horn,1995-12-31,28,F,NSW,2992,Full-Time,87,82701.66,Mortgage,1,2021-08-02
CUST002788,Brian,Velasquez,1968-11-30,55,M,NSW,2806,Full-Time,44,89971.56,Mortgage,0,2019-12-19
CUST002789,Michael,Diaz,1985-09-05,38,M,QLD,2992,Part-Time,27,56891.04,Renting,2,2018-07-31
CUST002790,Makayla,Wheeler,1960-04-29,63,M,SA,4551,Full-Time,24,66419.1,Mortgage,3,2017-02-08
CUST002791,Kyle,Johnson,1986-03-16,37,M,NSW,7131,Self-Employed,8,42310.37,Renting,0,2025-04-14
CUST002792,William,Hughes,1976-07-24,47,M,VIC,7025,Self-Employed,50,76181.59,Mortgage,2,2023-12-22
CUST002793,Sean,Price,1990-07-26,33,M,TAS,2652,Full-Time,37,105145.13,Renting,0,2022-06-06
CUST002794,Christine,Calhoun,1973-04-13,50,M,NSW,2944,Full-Time,48,88422.28,Living with Family,3,2023-01-05
CUST002795,Gregory,Smith,1954-07-20,69,F,QLD,2422,Full-Time,12,66123.77,Owner,3,2020-08-30
CUST002796,Laura,Knight,1967-12-04,56,M,QLD,2202,Part-Time,26,52509.67,Mortgage,2,2024-06-18
CUST002797,Holly,Williams,1993-10-12,30,F,VIC,2941,Self-Employed,20,57510.13,Mortgage,0,2019-10-05
CUST002798,Sarah,Knox,1999-10-09,24,F,SA,2969,Full-Time,65,101399.79,Renting,1,2019-01-23
CUST002799,Christina,Johnson,1986-06-25,37,M,SA,2920,Full-Time,22,38050.91,Owner,1,2025-04-29
CUST002800,Kathy,Padilla,1978-04-13,45,M,WA,2627,Full-Time,55,104495.52,Living with Family,0,2022-01-29
CUST002801,Michael,Paul,1952-08-06,71,M,VIC,2970,Self-Employed,36,73600.09,Owner,0,2024-12-11
CUST002802,Maria,Williams,1988-05-18,35,F,WA,2994,Casual,19,35914.67,Mortgage,2,2025-05-04
CUST002803,Tara,Mejia,1985-10-21,38,F,WA,1391,Full-Time,44,56651.58,Living with Family,3,2016-10-01
CUST002804,Sharon,Johns,1969-12-03,54,M,NSW,2600,Self-Employed,38,58565.02,Mortgage,2,2021-04-13
CUST002805,Kathleen,Brown,1990-04-02,33,M,QLD,4491,Full-Time,14,107395.58,Mortgage,0,2025-04-28
CUST002806,Christina,Mcclain,1969-04-05,54,F,SA,4553,Full-Time,54,81319.95,Owner,0,2024-11-27
CUST002807,Matthew,Williams,1989-07-07,34,M,ACT,2981,Part-Time,10,52384.32,Renting,0,2017-01-09
CUST002808,Tommy,Shepard,1973-05-13,50,F,QLD,1069,Full-Time,8,72302.54,Renting,2,2020-07-31
CUST002809,Madison,Brown,2002-09-27,21,M,VIC,4677,Self-Employed,143,77681.92,Mortgage,1,2019-02-02
CUST002810,Paula,Ferrell,1994-11-13,29,M,NSW,3423,Casual,17,38589.58,Renting,3,2022-09-07
CUST002811,Keith,Carpenter,1982-10-20,41,F,VIC,2973,Full-Time,95,93770.78,Mortgage,1,2016-11-28
CUST002812,Stephen,Blake,1972-07-01,51,M,WA,2645,Full-Time,147,42479.99,Mortgage,0,2019-09-05
CUST002813,Cynthia,Poole,1962-05-15,61,M,ACT,2373,Full-Time,1,78468.7,Renting,0,2025-08-04
CUST002814,David,Myers,1967-11-20,56,F,VIC,2921,Self-Employed,20,83097.6,Mortgage,1,2020-11-09
CUST002815,Brandi,Burton,1964-07-03,59,M,WA,5233,Full-Time,12,36622.63,Renting,2,2019-06-30
CUST002816,Chad,Mclaughlin,1999-05-17,24,M,NSW,2190,Casual,90,44663.17,Renting,0,2022-07-07
CUST002817,Mary,Williams,2001-06-25,22,M,NSW,2690,Full-Time,4,76350.92,Renting,3,2022-06-17
CUST002818,Angela,Gutierrez,2005-05-09,18,F,QLD,2730,Part-Time,104,35555.89,Mortgage,1,2018-02-01
CUST002819,Christopher,Long,2002-02-03,21,F,VIC,2682,Casual,9,30346.26,Renting,2,2022-04-09
CUST002820,Peggy,Cook,1950-02-07,73,F,VIC,2905,Part-Time,56,63043.18,Mortgage,3,2023-07-07
CUST002821,Tina,Hayes,1982-01-01,42,F,VIC,5212,Full-Time,94,104182.55,Renting,1,2022-01-24
CUST002822,Rodney,Jackson,1984-02-26,39,M,NSW,2133,Full-Time,88,129976.16,Owner,1,2020-06-30
CUST002823,Harold,Smith,1996-05-13,27,M,WA,2637,Part-Time,6,52670.36,Renting,0,2020-01-21
CUST002824,Chris,Murray,1979-12-04,44,F,NSW,2900,Full-Time,8,65924.98,Renting,0,2022-12-24
CUST002825,Rebecca,Wilson,1957-01-14,67,F,NSW,2962,Full-Time,35,109207.14,Living with Family,0,2018-10-03
CUST002826,Adam,Lopez,1993-05-03,30,M,VIC,2641,Full-Time,26,104710.04,Mortgage,1,2022-07-19
CUST002827,Donna,Jones,1984-12-27,39,M,NSW,8189,Unemployed,0,20660.66,Owner,0,2024-11-29
CUST002828,Gina,Cunningham,1991-08-25,32,M,VIC,2601,Full-Time,1,70884.87,Mortgage,2,2023-09-06
CUST002829,Jason,Watson,1978-11-28,45,F,QLD,9819,Part-Time,3,54092.59,Mortgage,1,2024-08-25
CUST002830,Steven,Kaufman,1982-09-23,41,F,WA,2641,Full-Time,50,67845.44,Mortgage,0,2020-02-28
CUST002831,Jeanne,Christensen,1979-09-13,44,M,TAS,2953,Full-Time,116,114604.39,Owner,0,2021-01-12
CUST002832,Holly,Hodge,1994-02-17,29,M,QLD,2386,Full-Time,24,93694.81,Mortgage,1,2022-03-15
CUST002833,Regina,Mendoza,1958-09-10,65,M,VIC,2658,Part-Time,10,35354.2,Renting,2,2019-03-18
CUST002834,Larry,Brown,2005-06-28,18,M,ACT,2582,Part-Time,18,34881.01,Renting,3,2018-03-28
CUST002835,Francisco,Brown,1993-06-16,30,F,TAS,9394,Full-Time,52,66572.21,Mortgage,0,2021-07-21
CUST002836,Mary,Perez,1985-12-28,38,M,TAS,2630,Unemployed,0,19938.17,Living with Family,0,2018-12-29
CUST002837,Tony,Ramirez,1965-10-25,58,M,QLD,2672,Full-Time,2,120789.83,Mortgage,0,2025-01-17
CUST002838,Julie,Jones,1999-08-15,24,M,QLD,2979,Part-Time,120,31269.94,Owner,1,2022-02-23
CUST002839,Alejandro,Martinez,1961-02-10,62,F,QLD,0902,Self-Employed,1,51607.97,Owner,1,2017-01-18
CUST002840,Brent,Giles,1961-10-13,62,M,QLD,2633,Full-Time,3,142425.57,Renting,0,2024-05-24
CUST002841,Scott,Howard,1957-04-20,66,M,NSW,2621,Full-Time,41,108210.62,Renting,1,2018-12-02
CUST002842,Blake,Frank,1991-05-12,32,F,NSW,2628,Part-Time,1,65962.25,Owner,3,2017-07-26
CUST002843,Brandon,King,1969-03-08,54,M,QLD,2660,Self-Employed,62,105128.71,Renting,0,2022-11-12
CUST002844,Maxwell,Mcguire,1997-07-27,26,M,NSW,2687,Full-Time,15,77500.12,Renting,3,2020-11-01
CUST002845,Rebecca,Davis,1970-05-14,53,M,VIC,4321,Full-Time,3,125008.48,Renting,1,2022-11-17
CUST002846,Vicki,Davis,1987-07-12,36,M,VIC,2374,Casual,68,36805.05,Living with Family,4,2020-02-16
CUST002847,Michelle,Moore,1984-12-30,39,M,QLD,8310,Full-Time,16,88816.7,Renting,3,2019-02-05
CUST002848,Judy,Nicholson,1998-07-28,25,F,QLD,2396,Full-Time,12,102496.97,Owner,1,2020-04-02
CUST002849,Christopher,Melton,1958-06-23,65,M,VIC,2619,Full-Time,17,115385.59,Renting,3,2020-07-02
CUST002850,Brian,Sullivan,1950-07-16,73,F,SA,2976,Casual,60,47773.47,Living with Family,3,2024-04-18
CUST002851,Steven,Mullins,2002-05-10,21,M,QLD,2163,Full-Time,72,76483.46,Mortgage,0,2023-01-11
CUST002852,Christopher,Hunt,2003-08-29,20,F,VIC,2995,Full-Time,7,82801.33,Owner,0,2019-12-24
CUST002853,Justin,Hines,1967-04-24,56,M,NSW,2740,Full-Time,16,113582.06,Renting,2,2020-09-10
CUST002854,Tina,Cohen,1974-10-02,49,M,WA,7339,Full-Time,10,107525.21,Mortgage,2,2020-06-23
CUST002855,Deborah,Bennett,1950-03-22,73,M,VIC,2903,Full-Time,35,75459.08,Mortgage,0,2017-11-21
CUST002856,Dennis,Macias,1959-07-11,64,M,VIC,2619,Full-Time,67,102142.69,Mortgage,1,2017-07-09
CUST002857,Jonathan,Floyd,2005-11-28,18,F,NSW,2625,Full-Time,23,62332.48,Owner,0,2025-03-11
CUST002858,Luke,Nunez,1981-11-26,42,F,VIC,2588,Full-Time,63,42100.17,Mortgage,0,2022-06-14
CUST002859,Amanda,Vasquez,2005-02-10,18,F,SA,7919,Self-Employed,11,48628.16,Living with Family,4,2025-02-04
CUST002860,John,Collins,1958-04-14,65,F,QLD,2499,Casual,18,55088.74,Mortgage,2,2022-11-14
CUST002861,James,Morgan,1965-01-07,59,M,ACT,2692,Self-Employed,28,87029.91,Mortgage,1,2023-03-17
CUST002862,Juan,Murray,2005-07-18,18,M,VIC,2655,Full-Time,4,79693.23,Renting,2,2022-09-22
CUST002863,Joe,Sanchez,1970-11-17,53,M,VIC,2660,Self-Employed,150,51550.84,Mortgage,4,2024-01-02
CUST002864,Christian,Davenport,1963-09-12,60,F,VIC,8760,Full-Time,14,95754.89,Mortgage,1,2020-02-02
CUST002865,Mitchell,Owens,1991-06-01,32,F,NSW,2989,Full-Time,51,84355.02,Mortgage,2,2022-10-20
CUST002866,Laura,Morales,1978-09-09,45,M,ACT,2853,Full-Time,18,101617.5,Mortgage,3,2019-12-20
CUST002867,Nathan,Kennedy,1963-08-23,60,F,VIC,2866,Full-Time,30,48710.27,Renting,3,2025-02-07
CUST002868,Wesley,Rivers,1984-03-20,39,F,QLD,2363,Full-Time,22,78505.57,Owner,1,2024-11-16
CUST002869,Gregory,Mitchell,1957-01-23,66,M,NSW,2080,Casual,5,27304.75,Renting,2,2021-11-17
CUST002870,Sharon,Stark,2003-05-24,20,M,NSW,2938,Self-Employed,16,75286.12,Living with Family,2,2017-07-06
CUST002871,Kathleen,Carlson,1969-07-18,54,M,SA,2945,Casual,42,43902.44,Owner,1,2021-11-27
CUST002872,Megan,White,1972-10-03,51,F,WA,2690,Full-Time,1,62252.1,Renting,2,2020-10-20
CUST002873,Micheal,Love,1957-08-28,66,F,NSW,2619,Part-Time,41,39707.49,Renting,1,2019-02-12
CUST002874,Sarah,Mitchell,1972-01-17,51,M,SA,2789,Full-Time,27,91971.11,Mortgage,3,2018-06-26
CUST002875,Eric,Perry,1995-09-13,28,M,QLD,2619,Full-Time,1,127163.1,Renting,0,2019-06-08
CUST002876,Kyle,Higgins,1968-02-05,55,M,QLD,2279,Full-Time,22,36832.68,Mortgage,3,2020-06-09
CUST002877,Stephen,Garcia,1987-11-17,36,M,NSW,2008,Self-Employed,122,37245.26,Renting,1,2022-07-15
CUST002878,Tyler,Schmidt,1992-02-12,31,F,ACT,2962,Casual,167,48356.27,Renting,0,2018-01-02
CUST002879,Micheal,Dunn,1956-09-13,67,F,VIC,2484,Full-Time,1,89180.85,Mortgage,0,2019-08-04
CUST002880,Lisa,Barrett,1961-11-08,62,M,NT,2656,Casual,60,54836.91,Living with Family,1,2024-09-22
CUST002881,Steven,Adams,1979-01-17,44,M,NSW,2920,Full-Time,26,73229.13,Renting,3,2017-02-28
CUST002882,Dawn,Martin,1978-07-26,45,F,QLD,2086,Full-Time,20,94752.46,Mortgage,0,2023-11-23
CUST002883,Lori,Walker,2000-06-29,23,F,NSW,2617,Casual,38,38366.12,Renting,0,2020-10-19
CUST002884,Richard,Nguyen,1983-03-18,40,M,QLD,2663,Full-Time,96,103450.0,Mortgage,3,2020-12-08
CUST002885,Rhonda,Brewer,1956-03-11,67,M,NSW,2152,Full-Time,76,78199.78,Renting,3,2024-01-18
CUST002886,Bryan,Pennington,2003-10-22,20,F,NSW,2975,Casual,64,56348.77,Mortgage,0,2022-07-26
CUST002887,Brandon,Johnson,1987-11-28,36,M,SA,2637,Full-Time,63,78474.36,Mortgage,1,2024-06-06
CUST002888,David,Parker,1960-01-23,63,F,QLD,2947,Self-Employed,55,36742.68,Living with Family,1,2022-09-08
CUST002889,David,Johnson,2004-07-22,19,F,NSW,2933,Part-Time,42,72560.2,Living with Family,1,2025-06-07
CUST002890,David,Sellers,1989-11-17,34,M,NSW,2998,Casual,9,37098.01,Renting,3,2023-12-24
CUST002891,Troy,Martin,1989-12-26,34,F,WA,2131,Full-Time,36,105728.64,Owner,0,2018-07-05
CUST002892,Michael,Moore,1985-10-29,38,F,NSW,2992,Full-Time,2,120525.07,Owner,2,2024-11-18
CUST002893,Deanna,Johnston,1951-04-13,72,M,QLD,0973,Self-Employed,178,49546.34,Renting,0,2019-10-27
CUST002894,Tammy,Bell,1991-06-09,32,F,NSW,2673,Unemployed,0,23037.28,Living with Family,2,2018-01-22
CUST002895,Heather,Briggs,1958-06-22,65,M,VIC,2689,Unemployed,0,17191.15,Renting,3,2018-06-08
CUST002896,Cathy,Smith,1980-01-06,44,M,NSW,2977,Casual,93,42139.59,Renting,2,2022-12-11
CUST002897,Kimberly,Walker,1997-10-07,26,M,VIC,2963,Part-Time,12,46435.35,Renting,0,2017-11-20
CUST002898,Christopher,Bell,1974-04-10,49,F,SA,2176,Full-Time,91,72999.95,Mortgage,0,2017-07-20
CUST002899,Theresa,Williams,1952-07-26,71,M,QLD,2656,Casual,39,40130.97,Owner,2,2022-03-10
CUST002900,David,Wagner,1995-06-05,28,M,NSW,2643,Self-Employed,21,94152.36,Owner,3,2020-02-26
CUST002901,Travis,Moore,1955-06-14,68,M,NSW,2558,Full-Time,56,75488.08,Mortgage,0,2018-09-22
CUST002902,Erica,Chen,2005-07-25,18,M,VIC,2651,Casual,1,55685.71,Owner,2,2025-05-25
CUST002903,Laura,Mccoy,1978-04-27,45,F,VIC,2784,Self-Employed,35,55328.85,Owner,0,2023-09-27
CUST002904,Mark,Molina,1977-06-24,46,M,SA,2622,Full-Time,26,55934.66,Renting,3,2018-08-12
CUST002905,Jay,Vazquez,2005-12-23,18,F,WA,2632,Full-Time,13,98116.86,Renting,0,2025-04-18
CUST002906,William,Walters,2003-01-24,20,M,NSW,7442,Full-Time,25,52338.97,Mortgage,2,2019-11-03
CUST002907,Ashlee,Love,1999-06-30,24,F,NSW,0922,Part-Time,17,46615.73,Renting,4,2023-05-02
CUST002908,Brian,White,1970-03-30,53,M,NSW,0853,Full-Time,29,90183.86,Mortgage,1,2020-01-26
CUST002909,Peter,Whitaker,1952-08-02,71,M,VIC,0973,Casual,20,32761.98,Renting,0,2017-04-29
CUST002910,Amanda,Nelson,1987-04-19,36,M,VIC,2920,Full-Time,36,98660.44,Renting,0,2019-03-17
CUST002911,Adam,Caldwell,1997-09-24,26,M,QLD,2688,Full-Time,2,95503.09,Mortgage,3,2025-04-09
CUST002912,Denise,Nguyen,1994-07-06,29,M,WA,1136,Full-Time,14,49246.56,Living with Family,4,2018-04-18
CUST002913,William,Mitchell,1988-01-26,35,M,WA,2993,Full-Time,8,53640.48,Renting,3,2021-11-11
CUST002914,Diane,Hughes,1991-06-29,32,F,NSW,2944,Self-Employed,23,79902.04,Owner,2,2023-11-04
CUST002915,Lucas,Carroll,1952-05-03,71,F,NSW,2651,Full-Time,6,84458.07,Renting,3,2020-01-15
CUST002916,Jennifer,Jones,1974-07-23,49,M,NSW,5556,Part-Time,1,68299.63,Owner,1,2019-03-03
CUST002917,Ellen,Johnston,1982-10-05,41,F,WA,2989,Full-Time,25,44216.99,Renting,3,2025-08-02
CUST002918,Shannon,Crawford,1984-01-01,40,F,WA,2650,Full-Time,8,66702.46,Renting,3,2021-01-07
CUST002919,Derrick,King,1949-10-04,74,F,NSW,2602,Full-Time,128,57352.09,Renting,0,2022-09-22
CUST002920,Michelle,Crawford,1953-11-07,70,F,NSW,2621,Self-Employed,5,79213.26,Owner,2,2018-01-26
CUST002921,James,Sanchez,1953-12-23,70,F,QLD,2609,Full-Time,41,87746.65,Renting,0,2020-05-10
CUST002922,Deborah,Sullivan,1980-07-31,43,M,VIC,5873,Full-Time,207,82618.42,Renting,0,2017-05-23
CUST002923,Patricia,Hall,1974-06-16,49,M,NSW,7227,Self-Employed,22,37173.69,Owner,3,2022-08-05
CUST002924,Anthony,Haley,1988-11-15,35,M,QLD,5889,Casual,4,50031.02,Renting,4,2020-12-31
CUST002925,Michael,Pittman,1981-04-26,42,F,QLD,2679,Full-Time,6,38534.26,Renting,0,2024-10-28
CUST002926,Kyle,Wilson,1990-03-24,33,M,NSW,2465,Full-Time,25,60021.23,Owner,0,2019-07-03
CUST002927,William,Hardy,1951-07-09,72,M,SA,6523,Full-Time,59,138780.03,Mortgage,3,2017-11-05
CUST002928,David,Jones,1952-05-17,71,F,QLD,2057,Part-Time,1,27764.33,Owner,3,2023-12-29
CUST002929,Justin,Bowman,1965-07-09,58,M,QLD,2927,Full-Time,6,102994.97,Owner,1,2016-10-14
CUST002930,Donald,Donaldson,1952-08-15,71,M,QLD,2906,Part-Time,33,54113.14,Renting,2,2019-06-25
CUST002931,Kathryn,Crawford,1981-04-28,42,F,ACT,2939,Casual,68,49982.79,Renting,0,2020-10-03
CUST002932,Kyle,Everett,1975-11-01,48,F,SA,0236,Full-Time,4,58597.68,Owner,1,2024-09-27
CUST002933,Vicki,Scott,1974-06-21,49,M,NSW,2950,Self-Employed,42,50427.18,Renting,0,2016-12-06
CUST002934,Leroy,Walker,1963-11-23,60,M,VIC,2660,Self-Employed,1,81304.22,Mortgage,1,2022-01-09
CUST002935,Joseph,Simmons,1972-02-14,51,M,SA,2657,Casual,55,33249.56,Mortgage,0,2020-09-11
CUST002936,Cynthia,Santos,1956-02-07,67,M,VIC,2629,Full-Time,16,68879.57,Owner,1,2022-12-27
CUST002937,Jamie,Neal,1962-08-24,61,F,TAS,6702,Full-Time,3,114898.29,Mortgage,4,2020-01-14
CUST002938,Allison,Ford,1956-02-11,67,F,VIC,2676,Full-Time,36,58391.29,Mortgage,2,2019-06-04
CUST002939,Christina,Hendricks,1999-03-21,24,F,NSW,0889,Full-Time,11,63555.54,Renting,2,2023-08-06
CUST002940,Michael,Campbell,1985-03-16,38,M,WA,2603,Full-Time,49,63515.79,Living with Family,0,2019-05-31
CUST002941,Jose,Santana,1968-11-21,55,M,NSW,2923,Casual,59,26248.59,Mortgage,0,2019-06-29
CUST002942,Charles,Mosley,1964-08-27,59,F,VIC,0816,Full-Time,25,64782.01,Mortgage,2,2021-11-06
CUST002943,John,Lawson,1984-09-23,39,F,WA,2749,Full-Time,163,102441.92,Renting,2,2020-10-13
CUST002944,Nicole,Wiley,1962-11-10,61,M,QLD,2708,Full-Time,51,81416.3,Owner,0,2023-07-23
CUST002945,Holly,Jackson,1998-04-05,25,F,NSW,2680,Full-Time,124,84892.9,Living with Family,1,2022-01-24
CUST002946,David,Sharp,1978-10-03,45,F,SA,2679,Full-Time,9,122221.65,Mortgage,1,2022-09-30
CUST002947,Kaylee,Boyd,1980-08-25,43,F,QLD,2813,Part-Time,7,42615.49,Owner,1,2018-02-22
CUST002948,Whitney,Wolf,2005-10-31,18,F,QLD,2612,Full-Time,63,62400.5,Renting,3,2017-04-11
CUST002949,Michelle,Gill,1959-10-12,64,M,VIC,2915,Full-Time,48,62787.81,Renting,0,2019-06-09
CUST002950,Michael,Mitchell,1999-02-13,24,M,WA,0255,Full-Time,15,67424.69,Mortgage,1,2020-12-23
CUST002951,Michele,Martinez,1983-09-10,40,F,VIC,2690,Full-Time,27,49958.34,Renting,0,2017-02-10
CUST002952,Ryan,Torres,1965-11-10,58,F,NSW,2329,Full-Time,8,101801.26,Renting,2,2018-09-26
CUST002953,Anthony,Merritt,1952-11-22,71,M,SA,2961,Full-Time,28,80997.51,Renting,3,2017-12-14
CUST002954,Jessica,Murray,1956-05-20,67,M,NSW,2995,Full-Time,48,58885.44,Mortgage,3,2021-06-26
CUST002955,James,Aguilar,1984-03-25,39,F,WA,0970,Self-Employed,27,77607.73,Owner,0,2021-09-21
CUST002956,Linda,Livingston,1974-09-06,49,F,VIC,0831,Full-Time,70,95198.18,Living with Family,3,2019-01-28
CUST002957,Kenneth,Green,1970-08-20,53,M,VIC,2946,Casual,1,48403.67,Mortgage,0,2020-03-19
CUST002958,Jeffrey,Weaver,1954-08-21,69,M,NT,2970,Full-Time,56,99027.89,Renting,1,2024-09-09
CUST002959,Isaiah,Poole,1966-12-06,57,M,QLD,2642,Full-Time,29,55209.17,Renting,3,2017-01-10
CUST002960,Kyle,Carter,1964-02-24,59,M,WA,2763,Full-Time,14,62174.21,Mortgage,1,2022-08-18
CUST002961,Jesse,Hayes,1950-10-24,73,F,WA,6686,Full-Time,43,60087.74,Mortgage,1,2023-10-04
CUST002962,Anthony,Arnold,1981-01-23,42,M,NSW,2942,Casual,73,37503.58,Owner,3,2021-11-05
CUST002963,Karen,Chung,1965-12-31,58,F,QLD,2631,Full-Time,39,86075.02,Renting,2,2022-07-18
CUST002964,Justin,Owens,1975-02-20,48,F,QLD,2660,Self-Employed,10,48987.38,Renting,0,2019-06-11
CUST002965,Brian,Perez,1998-07-13,25,M,VIC,2970,Part-Time,28,45733.32,Mortgage,0,2018-03-12
CUST002966,Chelsea,Ramirez,1996-12-31,27,M,NSW,2995,Full-Time,21,80216.88,Mortgage,0,2018-05-10
CUST002967,Jessica,Molina,1993-04-27,30,M,QLD,2643,Casual,48,31847.11,Living with Family,2,2018-07-14
CUST002968,Eric,Mcguire,1979-11-27,44,F,QLD,1202,Part-Time,48,43794.3,Living with Family,0,2019-09-12
CUST002969,Daniel,Harris,1982-12-30,41,M,SA,1303,Full-Time,63,59929.28,Living with Family,3,2018-07-02
CUST002970,Scott,Gross,1973-05-29,50,M,NSW,2619,Casual,39,33540.57,Renting,0,2022-10-04
CUST002971,Stephen,Cantu,1974-07-16,49,M,WA,1762,Full-Time,7,67722.3,Mortgage,0,2023-09-16
CUST002972,Michael,Cervantes,1985-02-01,38,M,WA,2690,Full-Time,7,136120.12,Living with Family,1,2018-04-15
CUST002973,Jason,Miller,1986-12-12,37,F,NSW,2653,Part-Time,6,27999.32,Renting,0,2023-05-04
CUST002974,Jonathan,Freeman,1981-12-25,42,F,WA,2690,Full-Time,22,69942.31,Owner,2,2018-09-04
CUST002975,Stephanie,Anderson,1991-04-19,32,F,VIC,2628,Self-Employed,28,85874.6,Owner,1,2019-05-22
CUST002976,Teresa,Perkins,1953-09-04,70,M,VIC,2017,Full-Time,20,91433.5,Mortgage,0,2023-03-09
CUST002977,Dorothy,Anderson,2005-04-08,18,M,VIC,2250,Self-Employed,19,53435.36,Mortgage,0,2020-09-05
CUST002978,Robert,Guerra,2000-09-08,23,F,QLD,4717,Part-Time,23,48868.78,Mortgage,0,2022-07-03
CUST002979,Manuel,Green,1989-10-20,34,M,NSW,2599,Part-Time,22,42699.05,Owner,1,2025-02-22
CUST002980,Joseph,Hughes,1960-05-02,63,F,NSW,0983,Casual,7,40769.09,Renting,0,2021-07-22
CUST002981,Eric,Byrd,2003-02-11,20,M,NSW,0925,Part-Time,33,26146.71,Renting,2,2021-04-11
CUST002982,Hector,Stewart,2003-09-25,20,F,VIC,2195,Part-Time,68,46192.09,Renting,4,2020-03-11
CUST002983,Juan,Scott,1993-09-14,30,F,QLD,3237,Casual,1,34126.04,Renting,1,2018-12-19
CUST002984,Ashley,Shepard,1960-08-10,63,F,WA,2651,Full-Time,43,82261.96,Mortgage,0,2017-11-23
CUST002985,Brandon,Schmidt,1954-09-17,69,M,WA,3035,Self-Employed,1,59395.75,Mortgage,0,2025-07-26
CUST002986,Lindsay,Newton,1981-10-15,42,M,NSW,2217,Self-Employed,36,65253.26,Renting,3,2024-06-02
CUST002987,Todd,Steele,1999-10-11,24,M,WA,0939,Full-Time,47,89237.36,Living with Family,0,2018-01-31
CUST002988,Teresa,Williamson,1955-09-26,68,M,NSW,2962,Full-Time,76,94751.23,Owner,4,2022-02-09
CUST002989,Phyllis,Rodriguez,1992-05-14,31,F,QLD,2522,Full-Time,3,78734.02,Mortgage,2,2018-01-02
CUST002990,Paul,Scott,1978-04-11,45,M,NSW,2688,Self-Employed,24,69296.17,Owner,4,2020-10-24
CUST002991,Michael,Roberts,1959-03-19,64,F,QLD,2631,Full-Time,2,89085.32,Mortgage,3,2020-02-08
CUST002992,Luke,Cochran,1971-08-02,52,F,QLD,6633,Full-Time,23,63886.99,Mortgage,2,2023-05-21
CUST002993,Amber,Gonzalez,1949-10-24,74,M,VIC,2924,Full-Time,53,76429.48,Renting,2,2019-06-11
CUST002994,Martha,Torres,2000-08-08,23,M,WA,8789,Part-Time,7,31509.15,Owner,0,2021-12-11
CUST002995,Joseph,Smith,1968-11-25,55,M,TAS,2640,Part-Time,12,43516.7,Mortgage,0,2024-06-19
CUST002996,Nicholas,Romero,1985-04-30,38,F,TAS,2961,Full-Time,15,83030.64,Renting,0,2022-03-26
CUST002997,Jake,Maldonado,2000-06-22,23,M,ACT,2920,Casual,83,46348.77,Mortgage,1,2019-01-16
CUST002998,Hunter,Simmons,1990-06-10,33,M,WA,2672,Self-Employed,67,84270.34,Mortgage,2,2025-04-02
CUST002999,Leslie,Hall,1984-05-24,39,M,NSW,2657,Full-Time,28,104409.1,Mortgage,0,2025-01-06
CUST003000,Laura,Moore,1977-03-24,46,F,QLD,2969,Full-Time,37,15000.0,Renting,2,2018-02-08
CUST003001,Norma,Bailey,1973-12-28,50,M,NSW,2429,Self-Employed,28,78062.39,Living with Family,0,2017-12-05
CUST003002,Ashley,Pennington,1987-08-31,36,M,QLD,2639,Full-Time,1,77323.7,Owner,1,2019-04-19
CUST003003,Sandra,Friedman,1953-11-12,70,M,VIC,0230,Full-Time,3,66323.21,Living with Family,0,2018-02-02
CUST003004,Katherine,Haynes,1968-02-27,55,M,VIC,2993,Self-Employed,16,32083.02,Mortgage,3,2020-08-24
CUST003005,Jennifer,Moore,1976-08-05,47,M,QLD,0229,Full-Time,26,75218.85,Mortgage,1,2023-03-25
CUST003006,Stephanie,Williams,1988-03-29,35,M,TAS,2981,Unemployed,0,20706.28,Renting,1,2019-09-28
CUST003007,Wyatt,Lucas,1964-10-05,59,F,VIC,9513,Unemployed,0,16516.28,Renting,4,2018-07-27
CUST003008,Diana,Wolf,1955-12-07,68,F,VIC,2104,Full-Time,15,77327.01,Owner,4,2021-11-21
CUST003009,Jeffrey,Foley,1999-02-14,24,M,SA,2312,Part-Time,44,54678.76,Renting,2,2024-05-18
CUST003010,Maria,Casey,1955-03-14,68,F,NSW,2974,Full-Time,84,132763.03,Renting,0,2021-04-29
CUST003011,Daniel,Watson,2002-08-09,21,F,SA,2636,Part-Time,22,24554.08,Mortgage,0,2021-08-13
CUST003012,Victoria,Evans,1980-10-20,43,M,NSW,1191,Full-Time,5,123388.78,Mortgage,0,2021-07-02
CUST003013,Amanda,Price,1964-12-06,59,F,NSW,2932,Full-Time,3,107372.29,Owner,4,2024-04-04
CUST003014,Brad,Price,1988-10-20,35,M,SA,5877,Full-Time,15,124066.51,Renting,0,2022-06-21
CUST003015,Marie,Meyer,1977-08-04,46,M,VIC,2986,Full-Time,13,58504.68,Renting,1,2019-04-06
CUST003016,Kaitlyn,Hampton,2000-03-13,23,M,NT,2619,Self-Employed,42,84658.71,Living with Family,1,2022-02-01
CUST003017,Jeff,Barrett,1991-09-24,32,F,VIC,2619,Full-Time,53,34723.85,Renting,1,2022-03-21
CUST003018,Ryan,Thomas,1991-03-10,32,M,QLD,2332,Full-Time,1,70589.61,Renting,2,2016-11-17
CUST003019,Brandon,Martin,1989-10-03,34,M,NSW,2783,Self-Employed,26,76706.52,Renting,2,2023-11-20
CUST003020,Jessica,Pace,1956-04-07,67,F,QLD,5117,Full-Time,26,61959.94,Living with Family,1,2024-06-27
CUST003021,Marcia,Sullivan,1975-08-16,48,M,NSW,0899,Full-Time,22,116284.86,Mortgage,1,2019-03-23
CUST003022,Colin,Martin,1989-10-13,34,M,NSW,2661,Part-Time,118,52368.03,Renting,1,2023-05-06
CUST003023,Jeffrey,Reynolds,1950-11-18,73,F,VIC,0202,Casual,38,35692.15,Renting,3,2023-01-30
CUST003024,Michael,Gonzalez,1953-05-06,70,F,NSW,2648,Casual,148,25146.45,Owner,2,2019-10-03
CUST003025,Jacob,Davis,1981-04-11,42,M,QLD,2940,Full-Time,70,43763.43,Owner,2,2019-08-31
CUST003026,John,Moreno,1960-02-19,63,F,QLD,2698,Full-Time,15,83700.71,Mortgage,1,2023-02-11
CUST003027,Angela,Martin,2003-12-22,20,F,NSW,0292,Self-Employed,47,56836.74,Owner,2,2022-08-31
CUST003028,Cheryl,Brown,1982-06-21,41,M,VIC,2998,Full-Time,22,119881.1,Renting,2,2023-01-01
CUST003029,Stephen,Graham,1959-03-29,64,F,NSW,2693,Full-Time,45,35684.8,Living with Family,0,2018-04-27
CUST003030,Pamela,Macias,1981-12-18,42,M,QLD,3963,Self-Employed,24,65153.91,Mortgage,2,2018-08-28
CUST003031,Rachel,Miller,1977-10-11,46,M,WA,2951,Full-Time,42,62204.09,Renting,3,2024-09-03
CUST003032,Robin,Brady,2005-08-10,18,F,VIC,2992,Part-Time,29,57088.43,Renting,2,2020-04-21
CUST003033,Ryan,Torres,1955-10-21,68,F,SA,2501,Full-Time,43,83998.85,Owner,0,2018-06-08
CUST003034,Kylie,Harris,1988-03-24,35,F,VIC,2689,Full-Time,59,91659.27,Renting,1,2018-02-04
CUST003035,Melinda,Simon,1988-10-05,35,F,WA,2685,Casual,126,44733.84,Renting,2,2024-10-20
CUST003036,Carol,Chase,1976-06-20,47,M,WA,8750,Full-Time,109,45029.77,Mortgage,0,2020-05-18
CUST003037,Trevor,Davis,2001-09-03,22,M,VIC,2165,Full-Time,88,88569.78,Renting,1,2024-02-26
CUST003038,Cynthia,Michael,1959-06-01,64,M,QLD,8143,Part-Time,19,39185.18,Mortgage,0,2023-08-29
CUST003039,Stuart,Wallace,1985-10-02,38,M,VIC,0217,Part-Time,52,34757.61,Renting,1,2024-12-27
CUST003040,Michael,Watkins,1990-01-09,34,F,WA,6838,Part-Time,37,58123.14,Mortgage,1,2022-12-17
CUST003041,Tyler,Navarro,1970-01-09,54,M,WA,2026,Unemployed,0,15269.65,Renting,1,2020-02-12
CUST003042,Lynn,Ferguson,1990-02-02,33,F,WA,2649,Full-Time,11,79875.74,Living with Family,1,2024-07-21
CUST003043,Clinton,Morris,1983-01-23,40,F,VIC,2674,Self-Employed,27,68946.89,Mortgage,4,2022-04-11
CUST003044,Patricia,Martin,1984-02-17,39,F,NSW,2943,Full-Time,153,56380.31,Renting,2,2022-02-22
CUST003045,Courtney,Smith,1988-08-26,35,F,VIC,2614,Full-Time,36,115424.81,Mortgage,1,2024-09-14
CUST003046,Cathy,Wallace,1983-04-30,40,F,QLD,0972,Full-Time,6,92146.01,Owner,0,2023-08-11
CUST003047,Brittany,Shea,1973-08-15,50,M,WA,2379,Full-Time,8,81824.43,Mortgage,3,2022-04-17
CUST003048,Anna,Tran,1977-10-28,46,M,VIC,7747,Full-Time,17,96511.17,Mortgage,2,2019-01-07
CUST003049,Christine,Duncan,1970-02-20,53,M,QLD,2994,Full-Time,70,66401.55,Renting,0,2017-05-27
CUST003050,Leah,Pham,1979-04-02,44,F,WA,2931,Full-Time,21,57959.78,Mortgage,0,2020-06-03
CUST003051,Mary,Stone,1963-10-17,60,M,SA,0953,Part-Time,35,27594.59,Renting,3,2020-04-24
CUST003052,Lindsey,Rodriguez,1983-06-16,40,M,VIC,2984,Full-Time,56,59796.6,Mortgage,0,2023-09-18
CUST003053,Joseph,Stewart,1980-09-05,43,M,WA,7286,Full-Time,13,113233.12,Renting,2,2024-08-09
CUST003054,George,Houston,1968-09-03,55,M,NSW,2126,Part-Time,16,51607.41,Owner,1,2017-12-24
CUST003055,Randy,Roberts,1976-04-30,47,F,QLD,7008,Full-Time,58,75664.52,Mortgage,4,2018-05-03
CUST003056,Johnny,Meyer,1980-09-25,43,F,SA,2680,Full-Time,60,95441.4,Living with Family,0,2021-09-24
CUST003057,Angela,Golden,1981-01-09,43,M,SA,2157,Self-Employed,117,66193.17,Renting,1,2019-06-21
CUST003058,Andrea,Montgomery,1996-12-25,27,M,WA,2914,Full-Time,16,74756.89,Mortgage,0,2024-03-23
CUST003059,Daniel,Bailey,1992-11-06,31,M,NSW,2690,Full-Time,12,78413.79,Renting,3,2018-01-26
CUST003060,Kristina,Herman,2005-05-31,18,F,TAS,2203,Full-Time,33,97605.48,Mortgage,1,2017-02-19
CUST003061,Peter,Shelton,1969-09-24,54,M,QLD,2599,Part-Time,30,61006.13,Living with Family,2,2019-12-05
CUST003062,Rhonda,Clements,1961-07-08,62,M,VIC,2984,Full-Time,26,60945.54,Mortgage,3,2017-08-07
CUST003063,Annette,Petersen,1964-11-13,59,M,NSW,4467,Full-Time,24,33434.13,Owner,0,2021-11-06
CUST003064,Timothy,Le,1978-11-18,45,F,QLD,2018,Part-Time,1,46465.59,Mortgage,0,2020-12-21
CUST003065,Dawn,Johnson,1973-10-06,50,M,SA,2619,Full-Time,16,91090.15,Mortgage,1,2022-05-28
CUST003066,Nathan,Watts,1961-07-24,62,M,SA,2234,Part-Time,7,46521.96,Mortgage,0,2024-12-29
CUST003067,Tanya,Anderson,1967-04-21,56,M,NSW,7067,Part-Time,12,61538.02,Owner,0,2019-03-12
CUST003068,Robert,Barrera,1969-08-13,54,M,NSW,2995,Self-Employed,2,39506.72,Renting,0,2018-03-17
CUST003069,Nicholas,Cobb,2004-03-30,19,F,VIC,2621,Full-Time,48,59095.65,Mortgage,3,2019-08-21
CUST003070,Carla,Brennan,1969-09-09,54,M,NSW,2625,Part-Time,105,36787.06,Renting,2,2025-02-11
CUST003071,Jack,Wyatt,1994-04-11,29,F,NSW,2619,Part-Time,16,48434.94,Mortgage,0,2022-03-16
CUST003072,Jason,Reid,1968-12-20,55,M,VIC,2927,Full-Time,80,86845.57,Mortgage,2,2023-11-12
CUST003073,Kyle,Lester,1964-09-22,59,F,SA,2938,Casual,11,42987.21,Renting,2,2019-04-28
CUST003074,Nathan,Walker,1995-04-14,28,F,WA,2605,Full-Time,61,67555.81,Renting,0,2018-04-06
CUST003075,Lisa,Ferguson,1998-12-01,25,F,SA,2940,Full-Time,1,62683.72,Renting,1,2021-02-15
CUST003076,Derrick,Cook,1954-06-22,69,M,NSW,2963,Self-Employed,31,74576.36,Renting,0,2017-08-22
CUST003077,Michelle,Carlson,1990-05-31,33,F,QLD,1362,Full-Time,4,71574.64,Renting,1,2022-08-26
CUST003078,Sarah,Jones,2004-08-15,19,M,QLD,2913,Casual,30,52905.44,Living with Family,4,2025-01-12
CUST003079,Cynthia,Ford,1986-11-07,37,F,QLD,2646,Full-Time,23,99928.5,Renting,3,2023-09-04
CUST003080,Amy,Sanchez,1980-10-26,43,M,WA,2968,Part-Time,17,39440.67,Renting,3,2019-08-13
CUST003081,Angela,Jackson,1988-11-18,35,M,VIC,6425,Full-Time,44,89333.22,Owner,3,2017-12-25
CUST003082,Craig,Wilson,1999-07-24,24,M,NSW,3575,Self-Employed,47,54585.16,Mortgage,0,2022-04-05
CUST003083,Brian,Hendricks,1975-09-30,48,M,WA,8054,Full-Time,35,57447.01,Living with Family,1,2022-02-12
CUST003084,Shawn,Adams,1964-09-16,59,F,ACT,2685,Full-Time,20,123107.9,Renting,0,2022-06-22
CUST003085,Donald,Gonzales,1970-05-30,53,F,VIC,8417,Unemployed,0,23649.01,Mortgage,2,2017-10-18
CUST003086,Jacqueline,Whitney,1983-05-27,40,M,VIC,2903,Full-Time,63,122181.79,Living with Family,1,2019-01-24
CUST003087,Carrie,Johnson,1998-11-16,25,M,QLD,2687,Unemployed,0,15000.0,Living with Family,2,2021-04-27
CUST003088,James,Moreno,1951-06-26,72,M,NSW,0211,Full-Time,20,40285.82,Owner,2,2022-12-02
CUST003089,Dawn,Sellers,1963-08-17,60,M,NSW,2656,Casual,4,40674.5,Renting,0,2025-02-24
CUST003090,William,Preston,1979-06-24,44,F,ACT,9152,Full-Time,54,87365.11,Renting,2,2021-01-16
CUST003091,Alec,Wilcox,1977-04-16,46,M,QLD,2602,Full-Time,90,64891.53,Renting,3,2019-07-27
CUST003092,Hunter,Wallace,1953-05-11,70,F,WA,2936,Self-Employed,10,69087.89,Owner,3,2019-08-31
CUST003093,Sara,Daniel,1988-01-22,35,F,VIC,2918,Full-Time,10,90980.53,Owner,0,2017-03-05
CUST003094,Michelle,Kelly,1979-06-01,44,M,NSW,2913,Full-Time,6,53039.95,Mortgage,1,2019-05-11
CUST003095,Tyler,Moss,2000-02-24,23,F,SA,2616,Full-Time,1,53785.33,Living with Family,0,2025-02-15
CUST003096,Raymond,Frederick,1984-02-03,39,M,NSW,2933,Full-Time,29,86651.65,Renting,1,2018-08-12
CUST003097,Briana,Johnston,1972-09-12,51,F,WA,2986,Full-Time,5,91763.25,Renting,2,2019-01-31
CUST003098,Brian,Matthews,2002-04-11,21,F,VIC,6001,Full-Time,101,80391.69,Owner,0,2017-02-27
CUST003099,Matthew,Perez,1984-04-08,39,F,NSW,2083,Full-Time,13,77833.96,Renting,1,2024-03-20
CUST003100,Matthew,Davis,1989-05-20,34,F,NSW,2489,Full-Time,82,134901.13,Owner,4,2020-05-30
CUST003101,Rebecca,Jackson,1980-01-03,44,F,NSW,2926,Casual,48,20953.01,Renting,0,2019-03-21
CUST003102,Kimberly,Evans,2004-02-15,19,M,NSW,0879,Part-Time,49,38816.52,Living with Family,1,2020-01-23
CUST003103,Renee,Watson,1959-08-18,64,F,VIC,2920,Self-Employed,100,35677.81,Renting,4,2019-09-07
CUST003104,Michael,Meyer,1990-11-27,33,F,QLD,8190,Self-Employed,14,80779.37,Renting,0,2018-05-03
CUST003105,Julie,Ford,1953-11-14,70,F,QLD,4912,Casual,51,47409.72,Mortgage,2,2019-06-02
CUST003106,Danielle,Solomon,1981-01-26,42,F,WA,2611,Full-Time,20,123974.94,Mortgage,0,2020-11-18
CUST003107,Karen,Rice,2003-06-13,20,F,QLD,2751,Full-Time,37,79937.04,Renting,2,2023-11-01
CUST003108,Jamie,Crawford,1995-10-29,28,F,WA,2648,Casual,12,35398.05,Renting,2,2025-09-05
CUST003109,Ian,Robinson,1955-10-22,68,M,VIC,2038,Part-Time,4,31898.84,Renting,3,2021-04-01
CUST003110,Melinda,Wilson,1993-05-05,30,M,VIC,2493,Part-Time,54,19468.08,Renting,0,2022-03-19
CUST003111,Christopher,Landry,1998-02-11,25,M,VIC,2959,Full-Time,76,76210.85,Living with Family,2,2016-10-29
CUST003112,Joann,Williamson,1997-05-07,26,M,NSW,5217,Self-Employed,4,93718.8,Mortgage,1,2020-12-08
CUST003113,Leslie,Castro,1952-06-14,71,M,QLD,2606,Full-Time,51,99623.86,Renting,1,2021-12-28
CUST003114,Kristina,Davis,1962-07-18,61,M,SA,2948,Part-Time,48,58340.68,Renting,2,2021-07-27
CUST003115,Jennifer,Woodward,1950-12-04,73,F,SA,1532,Full-Time,68,72566.71,Renting,3,2022-10-14
CUST003116,Julie,Martinez,1950-11-20,73,M,SA,2699,Full-Time,17,43314.37,Renting,1,2017-06-11
CUST003117,Mia,Martinez,1964-02-23,59,F,QLD,5742,Full-Time,21,55192.34,Renting,1,2022-07-17
CUST003118,David,Cummings,1968-01-03,56,M,WA,2190,Part-Time,50,67216.61,Renting,0,2022-12-08
CUST003119,Amanda,Garcia,1968-10-03,55,M,NSW,3104,Full-Time,39,78683.54,Mortgage,0,2019-09-04
CUST003120,Kevin,Espinoza,2000-09-22,23,F,VIC,2676,Part-Time,26,46214.61,Mortgage,2,2017-05-09
CUST003121,Heidi,Buchanan,1969-08-20,54,M,NSW,2920,Self-Employed,18,43149.77,Renting,4,2018-07-29
CUST003122,Donald,Gonzales,1993-08-30,30,M,VIC,2675,Unemployed,0,24450.11,Mortgage,1,2021-04-24
CUST003123,Ashley,Clark,1984-07-02,39,F,NSW,2699,Casual,31,46275.53,Renting,0,2017-04-08
CUST003124,Matthew,Morris,1950-02-20,73,F,QLD,2601,Full-Time,63,112927.07,Living with Family,1,2020-01-10
CUST003125,Shannon,Sanchez,2005-02-24,18,M,NSW,2956,Full-Time,74,40696.13,Renting,2,2024-02-09
CUST003126,Tony,Lopez,1963-08-12,60,M,NSW,2961,Full-Time,9,78708.29,Living with Family,0,2017-08-20
CUST003127,Philip,Shelton,1966-07-23,57,F,VIC,2128,Part-Time,70,37143.95,Mortgage,4,2024-12-03
CUST003128,Hunter,Johnson,1977-01-28,46,M,SA,2648,Full-Time,49,81908.81,Mortgage,0,2022-01-28
CUST003129,Robert,Cooper,1987-06-08,36,M,NSW,2694,Full-Time,2,60332.2,Renting,1,2018-04-27
CUST003130,Lindsay,Scott,1954-06-30,69,M,WA,0210,Part-Time,8,65897.21,Owner,0,2024-10-06
CUST003131,Heather,Haley,1985-11-20,38,F,VIC,2943,Unemployed,0,22606.53,Renting,0,2019-09-27
CUST003132,Cynthia,Evans,2000-04-24,23,F,QLD,2705,Casual,15,50858.34,Owner,2,2025-05-24
CUST003133,Elizabeth,Payne,1951-11-25,72,F,NSW,2627,Full-Time,11,26081.13,Mortgage,2,2025-07-18
CUST003134,Douglas,Barnes,1950-03-17,73,M,WA,2602,Full-Time,10,74402.8,Renting,3,2025-02-15
CUST003135,Curtis,Schultz,1979-04-03,44,F,VIC,2871,Full-Time,211,115198.08,Owner,3,2021-06-26
CUST003136,Brittany,Bauer,1983-04-23,40,M,QLD,2096,Casual,95,36136.11,Owner,3,2021-11-25
CUST003137,Tyler,Green,1952-05-01,71,M,NSW,7092,Part-Time,16,54793.81,Renting,0,2018-04-14
CUST003138,Michele,Mays,1980-11-05,43,M,NSW,3745,Full-Time,87,29264.44,Living with Family,0,2023-07-07
CUST003139,Melissa,Young,1970-01-23,53,F,NSW,2958,Full-Time,31,110469.6,Owner,0,2023-06-18
CUST003140,Meghan,Martinez,1976-01-15,47,M,QLD,2830,Self-Employed,3,32009.86,Mortgage,0,2022-07-02
CUST003141,Angela,Castro,1974-05-14,49,F,VIC,2619,Full-Time,1,94905.89,Mortgage,0,2023-10-28
CUST003142,Mary,Hoover,1993-08-31,30,F,NSW,2134,Self-Employed,3,50775.64,Renting,2,2025-04-01
CUST003143,Kathleen,Santana,1983-12-26,40,F,VIC,3738,Full-Time,14,64564.64,Renting,3,2020-12-14
CUST003144,Michael,Hunt,1987-07-15,36,F,WA,2683,Self-Employed,43,38645.57,Living with Family,4,2020-05-14
CUST003145,Shannon,Calderon,1993-11-11,30,F,NSW,2530,Part-Time,1,39355.99,Renting,1,2022-03-03
CUST003146,Daniel,Lynn,1985-11-04,38,F,VIC,2668,Full-Time,16,78372.24,Living with Family,3,2024-02-27
CUST003147,Tara,Lopez,2000-05-18,23,M,VIC,2626,Full-Time,3,54598.11,Renting,0,2017-12-03
CUST003148,Garrett,Williams,1965-01-25,58,F,NSW,2712,Full-Time,111,106384.39,Renting,3,2024-06-26
CUST003149,Christopher,Johnson,1963-03-22,60,M,WA,2967,Part-Time,84,53319.01,Mortgage,0,2020-11-18
CUST003150,Katherine,Jones,1950-02-25,73,F,WA,2279,Full-Time,58,67364.02,Owner,2,2024-04-10
CUST003151,Annette,Moore,1965-07-05,58,M,SA,2973,Full-Time,57,54167.97,Renting,0,2024-04-14
CUST003152,Brian,Webb,1987-01-13,36,M,NSW,0841,Full-Time,38,52390.2,Mortgage,0,2025-04-26
CUST003153,Douglas,Hill,2003-04-18,20,M,VIC,2900,Casual,49,47371.35,Owner,3,2022-01-04
CUST003154,Thomas,Garner,1992-05-18,31,F,QLD,2796,Self-Employed,48,101903.37,Mortgage,1,2018-07-26
CUST003155,Christian,Crawford,1960-01-08,64,F,VIC,2932,Part-Time,3,49045.92,Owner,3,2018-05-24
CUST003156,Marisa,Benson,1950-07-16,73,F,QLD,2672,Self-Employed,10,46496.63,Renting,0,2020-06-30
CUST003157,Maria,Williams,1955-12-26,68,F,VIC,2664,Full-Time,53,40273.73,Renting,0,2020-03-02
CUST003158,Grace,Lewis,1974-10-05,49,M,NSW,2910,Part-Time,6,57455.74,Mortgage,0,2018-01-25
CUST003159,Heather,Jackson,1972-11-20,51,M,NSW,2630,Full-Time,4,106865.09,Renting,2,2017-01-04
CUST003160,Laura,Myers,1969-03-03,54,M,QLD,0221,Part-Time,37,45594.83,Renting,2,2021-11-12
CUST003161,Susan,Silva,1961-02-16,62,F,QLD,1577,Unemployed,0,18845.59,Renting,4,2022-03-03
CUST003162,Cody,Sanchez,1951-06-21,72,F,QLD,2959,Part-Time,46,66884.83,Owner,2,2025-06-01
CUST003163,Steven,Gilbert,1951-03-27,72,M,NSW,2430,Part-Time,41,32130.31,Mortgage,0,2022-08-12
CUST003164,Clayton,Harris,1959-09-07,64,F,QLD,2989,Full-Time,93,96374.98,Renting,0,2017-02-04
CUST003165,Nicole,Rios,1979-04-08,44,M,WA,2920,Full-Time,55,37727.5,Living with Family,2,2018-01-03
CUST003166,Linda,King,1956-09-07,67,M,QLD,2861,Unemployed,0,15000.0,Living with Family,2,2025-09-18
CUST003167,Gary,Morton,1956-02-29,67,M,WA,2370,Casual,20,25871.71,Owner,1,2020-10-25
CUST003168,Richard,Lucero,1967-07-01,56,F,QLD,2633,Full-Time,2,50591.47,Renting,3,2023-07-24
CUST003169,Kristin,Barrera,1966-09-23,57,M,QLD,2655,Casual,18,34682.38,Owner,1,2018-01-09
CUST003170,Alexis,Peterson,1987-04-23,36,F,NSW,2679,Part-Time,70,44863.84,Mortgage,0,2019-02-26
CUST003171,Stephanie,Sloan,1954-07-02,69,M,VIC,2094,Self-Employed,15,111147.05,Mortgage,1,2019-06-21
CUST003172,Lauren,Wells,1997-06-23,26,M,NSW,2656,Full-Time,13,89895.74,Owner,4,2022-04-12
CUST003173,Ian,May,1961-10-21,62,F,QLD,2965,Self-Employed,18,43829.26,Owner,3,2017-07-29
CUST003174,Thomas,Miller,2003-04-04,20,F,NSW,2909,Full-Time,137,89084.93,Renting,0,2024-02-02
CUST003175,Andrew,Arellano,1991-07-01,32,M,QLD,2624,Self-Employed,2,54708.45,Renting,2,2025-04-04
CUST003176,Michael,Fernandez,1997-09-13,26,M,NSW,2619,Part-Time,4,51826.42,Owner,0,2020-03-01
CUST003177,Daniel,Contreras,1957-05-07,66,M,WA,2948,Self-Employed,7,70978.83,Renting,1,2021-12-16
CUST003178,George,Jordan,1998-07-16,25,M,QLD,2994,Full-Time,94,40149.22,Mortgage,3,2023-04-26
CUST003179,Nicole,Scott,1996-04-05,27,F,ACT,9686,Full-Time,10,66192.46,Mortgage,1,2017-11-13
CUST003180,Yvette,Velez,1976-08-13,47,M,NSW,3844,Part-Time,4,47426.44,Renting,0,2020-10-30
CUST003181,Kara,Gonzales,1951-02-05,72,M,VIC,9191,Self-Employed,11,60102.39,Renting,1,2021-11-14
CUST003182,Christine,Bradley,1978-03-09,45,M,NSW,2464,Self-Employed,30,57786.1,Renting,3,2017-02-12
CUST003183,Jillian,Gallagher,1973-02-20,50,M,TAS,2666,Full-Time,14,81309.16,Renting,1,2022-03-13
CUST003184,David,Gonzalez,1992-02-01,31,F,VIC,2943,Casual,9,51835.56,Renting,2,2019-03-26
CUST003185,Samuel,Cole,1965-04-30,58,F,NSW,2182,Full-Time,4,44484.71,Living with Family,1,2017-10-12
CUST003186,Allison,Flores,1983-01-09,41,F,VIC,2602,Part-Time,5,46283.54,Owner,0,2018-01-21
CUST003187,Gary,Cuevas,1999-05-10,24,M,WA,2667,Full-Time,52,43008.06,Renting,2,2022-11-25
CUST003188,Michelle,Howard,1992-10-17,31,F,VIC,2950,Full-Time,33,40010.6,Renting,2,2024-08-19
CUST003189,Aaron,Smith,1993-11-19,30,F,SA,9863,Full-Time,19,72460.19,Renting,1,2023-11-12
CUST003190,Virginia,Chavez,1992-11-12,31,M,QLD,6190,Full-Time,83,61767.5,Mortgage,0,2016-10-03
CUST003191,Kayla,Carroll,1979-12-13,44,F,VIC,2414,Part-Time,10,67168.65,Mortgage,0,2017-10-18
CUST003192,Andrew,Friedman,1996-01-11,27,F,VIC,2469,Part-Time,56,36067.95,Renting,1,2023-07-03
CUST003193,Lori,Taylor,1986-02-19,37,F,NSW,2920,Full-Time,37,79624.55,Renting,2,2018-07-16
CUST003194,Marie,Nunez,1976-03-20,47,M,QLD,5790,Full-Time,8,59286.5,Owner,1,2020-03-21
CUST003195,Jessica,Evans,1981-02-24,42,F,NSW,2486,Full-Time,7,64342.84,Renting,1,2021-01-16
CUST003196,John,Williams,1964-09-09,59,M,NSW,7984,Self-Employed,82,59952.49,Mortgage,1,2022-11-19
CUST003197,David,Davis,1964-03-03,59,F,VIC,2697,Casual,18,21639.34,Renting,2,2017-06-20
CUST003198,Nicole,Flores,1955-04-21,68,F,WA,7854,Full-Time,20,86974.85,Renting,3,2019-09-10
CUST003199,Ashley,Ballard,1957-12-07,66,F,VIC,2630,Full-Time,45,101606.28,Mortgage,3,2018-06-05
CUST003200,Melanie,Smith,1964-10-17,59,F,QLD,2973,Casual,35,30965.63,Owner,0,2019-08-22
CUST003201,Robert,Johnson,1963-08-07,60,F,QLD,2946,Self-Employed,13,90927.42,Renting,1,2025-03-20
CUST003202,John,Perkins,1984-12-11,39,M,QLD,2866,Full-Time,7,50902.9,Owner,2,2020-09-12
CUST003203,Cody,Pierce,1991-04-06,32,M,WA,2802,Full-Time,6,117300.34,Owner,0,2023-01-30
CUST003204,Christopher,Hunter,1980-12-28,43,F,VIC,2623,Full-Time,46,70968.38,Mortgage,0,2021-05-06
CUST003205,Katie,Donaldson,1984-04-27,39,M,QLD,2636,Full-Time,47,101747.44,Living with Family,3,2017-12-28
CUST003206,Vincent,Jones,1980-07-08,43,F,VIC,2752,Part-Time,10,30087.61,Owner,0,2020-12-06
CUST003207,Michael,Maddox,1995-07-12,28,M,VIC,0242,Full-Time,37,73579.92,Renting,0,2025-04-14
CUST003208,Wendy,Smith,1962-08-14,61,M,NSW,2921,Full-Time,98,77885.31,Mortgage,0,2018-02-28
CUST003209,Kelsey,Clements,1955-03-22,68,F,NSW,9518,Full-Time,16,77852.77,Renting,0,2017-10-08
CUST003210,Chad,Thompson,1974-01-04,50,F,VIC,0955,Part-Time,56,24775.73,Mortgage,1,2021-10-21
CUST003211,Michelle,Sanders,1966-05-13,57,F,VIC,2107,Casual,14,48210.29,Renting,0,2022-02-20
CUST003212,Joseph,Ortiz,1962-06-07,61,M,SA,2212,Full-Time,76,77140.28,Owner,0,2021-10-11
CUST003213,Stephen,Johnson,1980-01-09,44,F,NSW,2653,Part-Time,7,40778.17,Living with Family,0,2025-07-30
CUST003214,Jessica,Schaefer,1957-02-06,66,F,NSW,2601,Full-Time,74,54830.75,Renting,0,2019-11-19
CUST003215,Diana,Baker,1956-12-24,67,M,VIC,4507,Self-Employed,28,79430.07,Owner,0,2023-05-06
CUST003216,Mark,Sosa,1974-12-20,49,M,TAS,2746,Full-Time,31,113192.12,Living with Family,1,2023-04-03
CUST003217,Gregory,Thomas,1967-06-11,56,F,SA,2616,Full-Time,66,88777.24,Renting,1,2025-08-12
CUST003218,Kevin,Bryan,1999-02-24,24,M,QLD,2019,Full-Time,11,40987.21,Mortgage,0,2017-07-08
CUST003219,Michael,Ball,1963-06-14,60,M,VIC,0934,Casual,5,40552.18,Renting,2,2021-02-24
CUST003220,Jimmy,Grant,1958-05-13,65,M,NSW,0217,Part-Time,5,41572.33,Owner,3,2025-09-19
CUST003221,Frank,Stewart,1980-09-28,43,M,QLD,2527,Part-Time,19,52883.65,Renting,2,2022-09-27
CUST003222,Shawn,Smith,1960-05-10,63,F,NSW,2996,Full-Time,38,43357.61,Renting,1,2023-01-21
CUST003223,Michael,Hale,1972-03-13,51,M,VIC,2992,Part-Time,112,48333.41,Renting,3,2024-06-05
CUST003224,Chase,House,1965-09-27,58,F,VIC,2616,Full-Time,30,78255.99,Owner,2,2024-05-24
CUST003225,Melissa,Adams,1975-05-13,48,M,WA,0847,Full-Time,31,60501.88,Mortgage,1,2020-12-05
CUST003226,Erik,Brown,1954-05-25,69,M,VIC,2675,Full-Time,80,52639.87,Owner,0,2016-11-10
CUST003227,Sarah,Drake,1973-09-01,50,M,WA,2938,Unemployed,0,15000.0,Renting,0,2021-10-25
CUST003228,Lawrence,Nelson,1957-01-03,67,F,QLD,2674,Full-Time,7,86998.86,Living with Family,0,2017-03-17
CUST003229,Natasha,Molina,1991-11-02,32,F,VIC,9212,Full-Time,67,59180.13,Renting,3,2017-07-04
CUST003230,Ryan,King,1995-08-01,28,F,SA,2962,Casual,4,39881.46,Owner,1,2019-12-09
CUST003231,George,Booker,1983-01-25,40,M,NSW,2841,Self-Employed,55,83379.81,Mortgage,1,2023-08-16
CUST003232,Jennifer,Snyder,1955-08-04,68,F,VIC,2668,Full-Time,21,89884.39,Owner,1,2021-09-05
CUST003233,Steven,Smith,1980-07-14,43,F,WA,2603,Full-Time,13,103565.09,Mortgage,0,2019-06-27
CUST003234,Brenda,Roberts,1969-04-17,54,F,VIC,3218,Casual,30,44833.63,Living with Family,3,2021-05-17
CUST003235,Robert,Johnson,1983-10-03,40,F,SA,2996,Full-Time,19,61042.62,Renting,2,2019-01-23
CUST003236,Michael,Garcia,1994-08-17,29,M,SA,2502,Full-Time,4,74657.86,Renting,3,2017-07-18
CUST003237,Nathan,Gonzalez,1997-01-02,27,M,VIC,2812,Self-Employed,5,103916.81,Owner,0,2018-12-13
CUST003238,Jeanette,Williams,1951-06-05,72,F,QLD,0886,Unemployed,0,15000.0,Renting,3,2016-10-05
CUST003239,Tyler,Garcia,2004-08-04,19,M,WA,3600,Full-Time,7,106765.87,Renting,3,2018-07-20
CUST003240,Holly,Garcia,1953-05-08,70,M,NSW,2618,Unemployed,0,16043.63,Renting,2,2024-03-05
CUST003241,Rita,Williams,1985-11-08,38,M,WA,2440,Full-Time,1,63500.8,Renting,0,2025-03-03
CUST003242,Samantha,Wells,1961-11-24,62,M,NSW,2619,Part-Time,77,51480.7,Mortgage,1,2018-11-22
CUST003243,Tyler,Garcia,1993-03-28,30,M,QLD,2908,Casual,13,48844.56,Renting,1,2020-06-16
CUST003244,Daniel,Mccoy,1995-01-02,29,F,WA,2982,Full-Time,32,70329.12,Renting,0,2023-07-27
CUST003245,Gabriela,Jensen,2004-03-28,19,F,NSW,2284,Full-Time,51,96578.33,Mortgage,3,2017-08-11
CUST003246,Megan,Fields,1987-04-24,36,F,VIC,8550,Unemployed,0,25148.31,Mortgage,1,2022-05-20
CUST003247,Susan,Peterson,1954-03-13,69,M,WA,2958,Full-Time,53,81334.59,Renting,0,2018-03-20
CUST003248,Thomas,Jackson,1956-08-25,67,M,TAS,8780,Part-Time,16,45325.05,Renting,1,2020-12-20
CUST003249,Carol,Brown,1994-12-06,29,F,VIC,2687,Full-Time,9,139731.6,Owner,3,2017-09-24
CUST003250,Ronald,Tran,1973-10-28,50,M,VIC,3197,Self-Employed,3,73272.8,Living with Family,1,2025-07-04
CUST003251,Patricia,Rhodes,1958-09-11,65,M,QLD,6647,Full-Time,200,59950.97,Mortgage,2,2021-02-19
CUST003252,James,Morgan,1956-09-21,67,F,WA,2680,Part-Time,114,32399.09,Mortgage,1,2020-10-01
CUST003253,Michelle,Yoder,1974-01-15,49,M,VIC,1248,Casual,12,51425.19,Living with Family,0,2016-11-10
CUST003254,Ana,Mueller,1991-08-25,32,M,NSW,2908,Part-Time,9,39856.51,Renting,1,2017-01-03
CUST003255,Jonathan,Parrish,1959-07-28,64,F,ACT,2662,Self-Employed,39,62947.3,Mortgage,1,2018-08-24
CUST003256,Jacob,Cordova,1972-08-26,51,F,QLD,2619,Full-Time,30,93244.57,Mortgage,1,2020-03-29
CUST003257,Victoria,Morrison,1951-12-08,72,M,SA,2988,Casual,26,57339.62,Mortgage,4,2019-11-24
CUST003258,Raymond,Kennedy,1976-03-02,47,M,QLD,2987,Full-Time,3,50802.38,Renting,3,2022-11-12
CUST003259,Samuel,Vaughn,1970-05-28,53,M,SA,2699,Full-Time,2,53753.58,Renting,2,2024-05-15
CUST003260,Michael,Goodman,2002-10-05,21,F,NSW,2631,Full-Time,15,107913.25,Mortgage,0,2019-08-15
CUST003261,Mary,Kline,1992-05-27,31,F,NSW,2636,Self-Employed,35,80840.19,Owner,1,2017-05-18
CUST003262,Alec,Gonzalez,1977-08-02,46,M,NSW,2184,Part-Time,4,41920.49,Renting,3,2024-10-04
CUST003263,Melinda,Warner,1958-10-22,65,M,NSW,2619,Full-Time,51,89046.73,Mortgage,0,2022-04-21
CUST003264,Becky,Roberts,1999-12-09,24,M,VIC,2928,Part-Time,120,47695.08,Renting,2,2017-04-26
CUST003265,Kevin,Rodriguez,1951-02-04,72,F,VIC,2609,Full-Time,16,92636.19,Mortgage,1,2024-01-04
CUST003266,Alexis,Hodge,1954-01-20,69,M,NSW,2121,Full-Time,21,79455.83,Owner,1,2020-01-15
CUST003267,Thomas,Diaz,1953-11-10,70,F,ACT,9646,Part-Time,12,41078.94,Renting,0,2023-02-21
CUST003268,Elizabeth,Walls,1963-12-10,60,M,VIC,2953,Full-Time,63,53772.2,Renting,1,2019-07-07
CUST003269,Aaron,Smith,1954-12-27,69,F,WA,2619,Full-Time,69,79855.89,Mortgage,0,2024-08-25
CUST003270,Victor,Green,1965-09-28,58,F,NSW,2637,Part-Time,54,45922.81,Mortgage,4,2021-04-10
CUST003271,Kristin,Foley,1996-08-11,27,F,VIC,2619,Full-Time,1,103217.1,Mortgage,4,2019-08-10
CUST003272,Matthew,Garner,1964-01-15,60,M,QLD,2619,Full-Time,11,76435.14,Mortgage,1,2017-12-15
CUST003273,Rebecca,Velez,1994-05-30,29,F,NSW,2951,Part-Time,131,44623.38,Mortgage,1,2017-12-06
CUST003274,Kathy,Jimenez,1984-01-29,39,F,QLD,2555,Part-Time,8,24416.51,Renting,0,2019-01-23
CUST003275,Sheila,Williams,1971-07-23,52,M,SA,7723,Full-Time,181,71213.02,Living with Family,1,2023-05-02
CUST003276,Kenneth,Carter,1950-10-27,73,M,QLD,2974,Casual,9,21332.83,Renting,0,2020-07-12
CUST003277,Donald,Howard,1976-07-22,47,M,QLD,2611,Full-Time,30,70311.07,Mortgage,0,2016-12-20
CUST003278,Margaret,Marshall,1961-07-14,62,M,VIC,2976,Full-Time,14,95225.26,Renting,2,2023-12-22
CUST003279,Timothy,Cooley,1993-07-01,30,M,QLD,2687,Self-Employed,62,59573.81,Living with Family,0,2022-09-15
CUST003280,Connor,Stewart,1953-04-11,70,M,NSW,2688,Full-Time,7,108919.0,Owner,3,2016-11-13
CUST003281,Scott,Nicholson,1960-07-01,63,M,SA,2938,Full-Time,5,60233.72,Renting,0,2024-05-06
CUST003282,Emily,Reyes,1990-08-28,33,F,NSW,2649,Full-Time,11,78261.12,Mortgage,0,2018-04-12
CUST003283,Karen,Jennings,1964-10-12,59,M,NSW,2992,Part-Time,14,53890.23,Renting,0,2024-10-06
CUST003284,Zachary,Evans,1960-07-05,63,F,QLD,2176,Full-Time,9,71360.21,Renting,0,2020-07-31
CUST003285,Sean,Stafford,1957-08-15,66,M,VIC,2672,Full-Time,46,92828.55,Renting,4,2021-01-10
CUST003286,Mary,Clark,1953-08-24,70,M,QLD,2953,Full-Time,27,66466.89,Owner,1,2023-04-07
CUST003287,Richard,Butler,2005-10-21,18,F,VIC,2625,Part-Time,21,35305.4,Mortgage,2,2022-02-27
CUST003288,Allison,Bowen,1962-05-13,61,M,NSW,2919,Full-Time,32,101016.2,Mortgage,2,2017-03-12
CUST003289,Heather,Salinas,2001-09-09,22,M,VIC,8869,Full-Time,26,65719.43,Mortgage,2,2022-11-03
CUST003290,Heather,Deleon,1959-12-16,64,F,NSW,2694,Casual,12,22806.41,Mortgage,2,2016-10-11
CUST003291,Grace,Acevedo,1995-06-11,28,F,VIC,7273,Self-Employed,39,78397.55,Renting,4,2021-12-03
CUST003292,Susan,Murphy,1992-10-09,31,M,VIC,2616,Full-Time,1,92224.66,Mortgage,1,2025-04-15
CUST003293,Leon,Maldonado,1994-10-06,29,F,NSW,2946,Part-Time,2,53147.29,Renting,3,2020-10-10
CUST003294,Vincent,Macias,1992-06-16,31,F,VIC,2920,Full-Time,60,73883.73,Mortgage,0,2023-02-14
CUST003295,Erik,Jefferson,1969-09-10,54,F,QLD,6038,Full-Time,7,98013.88,Mortgage,0,2019-01-23
CUST003296,Thomas,Dalton,1998-09-28,25,M,NSW,2627,Full-Time,10,109209.73,Owner,3,2023-04-14
CUST003297,Jasmin,Thompson,1960-03-07,63,F,WA,2637,Full-Time,46,33769.21,Renting,2,2017-08-27
CUST003298,Mary,Greer,1993-11-24,30,M,QLD,2920,Part-Time,73,52272.8,Mortgage,3,2020-07-23
CUST003299,Travis,Henderson,1956-09-22,67,F,VIC,2242,Full-Time,20,105152.39,Renting,0,2022-04-11
CUST003300,Daniel,Adams,1981-03-26,42,F,NSW,9698,Full-Time,38,67327.22,Renting,4,2018-10-26
CUST003301,Shelby,Houston,1971-06-19,52,F,QLD,6039,Casual,5,36069.05,Owner,1,2024-06-07
CUST003302,Anthony,White,1960-02-13,63,M,VIC,0298,Self-Employed,75,59981.04,Living with Family,0,2016-11-06
CUST003303,Jack,Sanders,2001-05-17,22,F,NSW,2920,Full-Time,44,42798.89,Renting,0,2024-03-08
CUST003304,Amy,Oneill,1953-03-28,70,M,VIC,2617,Casual,15,41348.96,Renting,0,2024-09-04
CUST003305,Sandra,Drake,1993-10-10,30,M,NSW,2463,Self-Employed,54,66888.79,Owner,0,2020-09-25
CUST003306,Pamela,Jennings,1994-11-18,29,F,VIC,2149,Full-Time,11,77417.28,Mortgage,4,2018-07-05
CUST003307,Mary,White,1960-06-10,63,F,VIC,2869,Full-Time,55,85396.66,Owner,3,2018-09-27
CUST003308,Lindsey,Moore,1956-04-15,67,M,WA,2876,Self-Employed,13,99917.33,Mortgage,1,2025-07-14
CUST003309,Adam,Walker,2002-11-05,21,M,QLD,5065,Full-Time,9,129412.6,Renting,0,2019-01-24
CUST003310,Michael,Chandler,1958-10-16,65,F,WA,9519,Full-Time,1,59437.86,Mortgage,0,2018-09-11
CUST003311,David,Haynes,1984-10-19,39,M,ACT,2920,Full-Time,61,48337.22,Mortgage,4,2018-05-07
CUST003312,Ernest,Armstrong,1999-09-04,24,F,QLD,2983,Self-Employed,15,86140.03,Owner,2,2019-11-10
CUST003313,Theresa,Hart,1952-06-30,71,M,NSW,2600,Full-Time,13,41047.62,Mortgage,1,2017-11-08
CUST003314,Robert,Foster,1974-09-10,49,M,NSW,2952,Casual,88,51130.78,Owner,1,2020-10-22
CUST003315,Deanna,Kelly,1959-05-14,64,F,NSW,2679,Part-Time,90,33459.65,Renting,1,2021-02-16
CUST003316,Courtney,Brooks,1985-11-19,38,M,QLD,2610,Full-Time,2,76842.33,Mortgage,2,2021-04-11
CUST003317,Kevin,Smith,1981-05-27,42,M,NSW,2920,Full-Time,53,63856.39,Renting,0,2025-09-01
CUST003318,Meghan,Smith,1993-06-06,30,M,VIC,2180,Full-Time,34,65387.7,Renting,1,2022-09-17
CUST003319,Annette,Kirby,2003-03-23,20,M,SA,2649,Full-Time,19,70962.72,Mortgage,2,2017-02-21
CUST003320,Christian,Watson,1960-07-10,63,M,NSW,2933,Full-Time,113,71598.38,Mortgage,1,2022-04-20
CUST003321,Amy,Sloan,1965-12-08,58,M,NT,6322,Full-Time,25,49302.7,Mortgage,0,2019-11-11
CUST003322,Jamie,Smith,1960-11-20,63,M,NSW,2643,Full-Time,2,67262.13,Renting,3,2019-12-11
CUST003323,Lisa,Bullock,1952-02-02,71,F,VIC,2955,Full-Time,49,78962.98,Renting,2,2024-05-28
CUST003324,Christine,Daniel,1953-03-03,70,F,NSW,2954,Part-Time,14,41048.8,Owner,1,2019-09-06
CUST003325,Phyllis,Perez,1991-05-14,32,M,TAS,2999,Full-Time,2,82023.93,Mortgage,0,2021-04-06
CUST003326,Ann,Neal,1981-11-18,42,M,QLD,2679,Full-Time,5,64476.78,Renting,1,2018-06-20
CUST003327,James,Martin,1994-09-20,29,M,TAS,2696,Full-Time,45,58858.75,Owner,1,2024-12-30
CUST003328,David,Cain,1984-01-25,39,F,NSW,2059,Full-Time,51,103594.58,Renting,3,2023-06-12
CUST003329,Deanna,Martinez,1980-12-13,43,M,NSW,2841,Full-Time,33,66639.02,Renting,2,2018-03-07
CUST003330,Sean,Cook,1983-05-10,40,F,WA,7659,Full-Time,36,81038.97,Owner,0,2022-02-18
CUST003331,Brian,Thomas,1957-06-29,66,F,VIC,2920,Casual,29,30234.18,Mortgage,2,2020-05-03
CUST003332,Steve,Chapman,1954-02-03,69,M,NSW,2821,Part-Time,32,33781.81,Renting,2,2024-11-18
CUST003333,Caitlin,Camacho,1971-12-30,52,F,VIC,2493,Full-Time,11,65031.37,Renting,1,2024-11-02
CUST003334,Valerie,Davis,1969-07-22,54,M,QLD,2622,Part-Time,87,46208.84,Renting,0,2020-04-14
CUST003335,Jeremy,Olson,1954-02-19,69,M,NSW,2686,Full-Time,10,82597.37,Renting,1,2017-11-17
CUST003336,Stephanie,Wells,1974-04-17,49,F,QLD,2638,Full-Time,3,56758.49,Renting,0,2022-05-23
CUST003337,Patrick,Merritt,1972-11-05,51,M,NT,2630,Unemployed,0,18187.1,Renting,3,2024-09-26
CUST003338,Shane,Miranda,1974-06-02,49,F,WA,2009,Unemployed,0,15934.53,Renting,1,2022-01-23
CUST003339,Natasha,Barrera,1987-12-31,36,F,VIC,2942,Full-Time,70,81506.23,Renting,1,2019-02-28
CUST003340,Janet,Brown,1960-10-22,63,M,VIC,2685,Part-Time,3,50524.78,Mortgage,4,2019-12-01
CUST003341,Joseph,Cortez,1968-02-28,55,M,NSW,2621,Part-Time,44,53288.78,Renting,0,2021-12-17
CUST003342,John,Skinner,1955-10-27,68,M,TAS,8779,Full-Time,27,122703.92,Renting,4,2020-11-15
CUST003343,Steven,Dickson,1957-10-29,66,M,WA,2974,Full-Time,34,73327.55,Living with Family,1,2024-06-18
CUST003344,Clarence,Gardner,1958-08-15,65,F,NSW,2758,Full-Time,74,117991.89,Renting,0,2023-11-05
CUST003345,Jill,Costa,1983-12-27,40,F,WA,2938,Full-Time,96,83484.32,Renting,3,2021-01-26
CUST003346,Trevor,Reyes,1952-02-18,71,F,NSW,5333,Self-Employed,6,63576.34,Mortgage,2,2023-07-18
CUST003347,Valerie,Jordan,1983-11-19,40,M,NSW,2559,Full-Time,7,50941.72,Mortgage,4,2025-03-17
CUST003348,Tanner,Daniels,1959-05-09,64,M,QLD,2926,Full-Time,37,69842.52,Living with Family,1,2019-03-14
CUST003349,Matthew,Gordon,2000-12-18,23,M,VIC,2968,Full-Time,51,130835.04,Mortgage,2,2021-07-01
CUST003350,Amber,Kaufman,1997-11-03,26,F,VIC,2946,Casual,83,63619.87,Mortgage,2,2023-02-13
CUST003351,Richard,Jackson,1977-06-10,46,M,QLD,3467,Full-Time,14,81548.25,Living with Family,2,2017-11-07
CUST003352,Gary,Torres,1983-08-18,40,M,SA,2675,Full-Time,32,55943.73,Living with Family,0,2023-05-11
CUST003353,Brenda,Jackson,1954-05-17,69,M,QLD,2642,Full-Time,49,72956.32,Mortgage,0,2018-05-18
CUST003354,Kari,Ferguson,1970-01-18,53,F,NSW,2966,Full-Time,31,51431.66,Owner,0,2018-03-28
CUST003355,Kevin,Jackson,2000-12-07,23,F,VIC,0239,Full-Time,19,31795.72,Mortgage,0,2023-07-27
CUST003356,Debbie,Davis,2000-10-24,23,F,QLD,2642,Full-Time,46,95318.75,Mortgage,1,2018-12-08
CUST003357,Karl,Berry,1965-08-04,58,F,QLD,7009,Self-Employed,1,86607.14,Living with Family,0,2023-01-17
CUST003358,George,Steele,1973-12-10,50,F,NSW,2126,Full-Time,19,85373.11,Renting,1,2020-04-23
CUST003359,Mariah,Cooper,1964-12-09,59,M,VIC,2295,Full-Time,4,108435.21,Mortgage,2,2020-08-06
CUST003360,Thomas,Mitchell,1960-06-18,63,F,VIC,2103,Full-Time,19,46728.43,Owner,3,2022-04-03
CUST003361,Kathleen,Andrews,1952-08-15,71,F,QLD,2695,Full-Time,7,59727.4,Renting,2,2023-08-05
CUST003362,Gregory,Martin,1980-12-21,43,F,QLD,2901,Part-Time,21,28205.77,Mortgage,2,2017-07-04
CUST003363,Patrick,Smith,1984-01-21,39,F,WA,2160,Full-Time,21,122581.33,Renting,0,2025-02-09
CUST003364,Todd,Johnson,1958-01-20,65,F,QLD,2994,Full-Time,2,62329.71,Owner,0,2020-04-29
CUST003365,Kaitlin,Guerra,2003-04-15,20,F,NSW,2276,Unemployed,0,20942.02,Renting,3,2024-07-22
CUST003366,Jeffery,Fox,1972-05-26,51,M,QLD,2960,Self-Employed,36,37508.58,Mortgage,0,2016-11-09
CUST003367,Steven,Gonzalez,1968-08-10,55,F,QLD,2601,Full-Time,1,69114.29,Renting,3,2020-09-22
CUST003368,Dwayne,Walker,1974-05-31,49,F,QLD,2619,Full-Time,1,103193.95,Mortgage,0,2018-07-29
CUST003369,James,Jenkins,2000-01-12,23,F,WA,1944,Full-Time,37,96354.19,Renting,4,2023-02-20
CUST003370,Kevin,Mcmillan,2005-09-11,18,M,SA,2565,Self-Employed,39,82541.22,Renting,0,2019-03-18
CUST003371,Darren,Curry,1997-02-13,26,F,NSW,2902,Full-Time,58,94781.78,Mortgage,4,2020-11-24
CUST003372,Paul,Cox,1987-12-02,36,M,TAS,0206,Full-Time,51,64793.97,Mortgage,2,2024-06-14
CUST003373,John,Carter,1961-10-25,62,M,VIC,0804,Self-Employed,103,125928.31,Mortgage,3,2024-08-23
CUST003374,Thomas,Garrison,1996-08-21,27,M,WA,2588,Part-Time,33,46486.01,Renting,0,2020-09-11
CUST003375,Troy,Gilbert,1998-03-17,25,F,WA,2662,Part-Time,6,29747.71,Mortgage,0,2019-06-04
CUST003376,Nicole,Mitchell,1960-04-29,63,M,NSW,2687,Full-Time,1,127927.31,Renting,0,2019-06-30
CUST003377,Christian,Crawford,1994-06-22,29,M,NSW,2684,Full-Time,20,89682.65,Owner,0,2019-11-01
CUST003378,Laura,Mason,1995-01-07,29,M,NSW,2989,Self-Employed,6,57353.58,Mortgage,1,2019-01-09
CUST003379,Wendy,Martin,1982-10-20,41,F,NSW,2928,Part-Time,15,52931.5,Mortgage,1,2020-01-20
CUST003380,Megan,Taylor,1962-10-19,61,F,QLD,9904,Full-Time,37,111466.04,Owner,1,2022-12-02
CUST003381,Zachary,Gross,1959-10-04,64,F,WA,2810,Self-Employed,46,65346.55,Owner,1,2025-07-15
CUST003382,Matthew,Mason,1949-11-30,74,M,VIC,2955,Casual,10,48138.22,Mortgage,3,2021-01-22
CUST003383,Greg,Myers,2004-06-15,19,F,SA,2835,Full-Time,9,91447.82,Renting,2,2023-09-30
CUST003384,Mary,Johnson,1984-09-21,39,F,QLD,2687,Full-Time,39,62300.6,Renting,4,2021-07-12
CUST003385,Ronald,Torres,1964-11-30,59,F,NSW,0961,Full-Time,16,83582.87,Renting,0,2019-05-15
CUST003386,Stephanie,Mills,1976-02-25,47,F,NSW,2837,Full-Time,23,102403.05,Mortgage,3,2017-03-09
CUST003387,Christopher,Goodwin,1991-12-08,32,M,SA,2966,Self-Employed,8,70867.35,Mortgage,0,2019-01-12
CUST003388,Tanner,Shelton,1973-09-29,50,F,TAS,2983,Full-Time,22,86025.8,Renting,0,2020-05-12
CUST003389,Rachel,Casey,2003-05-10,20,F,NSW,2974,Full-Time,16,90109.15,Renting,0,2024-08-31
CUST003390,Nathan,Holmes,1954-10-12,69,F,QLD,7900,Full-Time,18,62964.75,Renting,3,2018-01-25
CUST003391,Heather,Ray,1977-04-19,46,M,NSW,2619,Full-Time,24,46512.31,Renting,0,2016-10-28
CUST003392,Matthew,Terry,1979-09-18,44,F,VIC,9604,Self-Employed,31,87411.66,Mortgage,0,2025-07-06
CUST003393,Karen,Patterson,1970-10-20,53,M,QLD,2950,Self-Employed,18,65339.54,Mortgage,2,2018-10-11
CUST003394,Joseph,Coleman,1964-02-10,59,M,SA,3330,Full-Time,3,72224.33,Renting,1,2020-04-16
CUST003395,Elizabeth,Johnson,1987-02-11,36,M,NSW,2997,Full-Time,12,96761.77,Renting,1,2023-01-12
CUST003396,David,Fitzpatrick,2001-03-18,22,F,WA,2652,Full-Time,82,54452.39,Renting,0,2020-07-05
CUST003397,Thomas,Andrews,2001-03-22,22,M,QLD,2819,Full-Time,30,52562.62,Renting,1,2016-11-14
CUST003398,William,Hunter,1979-06-02,44,F,WA,2953,Casual,21,37817.32,Mortgage,1,2021-03-31
CUST003399,Carla,Serrano,1968-11-01,55,F,SA,2987,Part-Time,36,70301.97,Mortgage,0,2023-06-27
CUST003400,James,Frazier,1982-12-09,41,F,NSW,2648,Full-Time,2,91029.03,Mortgage,0,2022-12-19
CUST003401,William,Olson,2000-02-05,23,M,SA,2990,Full-Time,99,45844.34,Owner,1,2023-05-27
CUST003402,Virginia,Morris,1967-12-29,56,M,SA,2049,Full-Time,12,76170.82,Owner,0,2017-12-19
CUST003403,Heather,Brown,1997-10-10,26,F,VIC,9618,Self-Employed,16,81444.13,Renting,2,2024-07-03
CUST003404,Scott,Russell,1989-04-30,34,M,NSW,2672,Part-Time,10,22330.86,Owner,0,2024-04-10
CUST003405,Richard,Martin,1993-12-14,30,M,QLD,1739,Full-Time,3,77370.54,Owner,1,2021-12-15
CUST003406,William,Gilbert,1994-03-13,29,M,TAS,5827,Full-Time,21,81947.41,Living with Family,1,2017-10-21
CUST003407,Jacqueline,Church,1958-08-27,65,F,QLD,2673,Full-Time,25,76642.45,Renting,0,2020-11-24
CUST003408,Robin,Smith,1976-04-06,47,F,VIC,2604,Full-Time,53,67391.27,Renting,0,2022-03-22
CUST003409,Brenda,Moore,1959-09-06,64,F,NT,2679,Self-Employed,21,55675.58,Mortgage,2,2021-07-18
CUST003410,Jimmy,Wilkerson,2005-01-14,18,M,WA,2695,Full-Time,11,54824.02,Renting,2,2019-06-13
CUST003411,Andrew,Campbell,1984-08-12,39,F,NSW,5967,Part-Time,55,37726.02,Renting,3,2016-12-19
CUST003412,Hayden,Jensen,1971-10-15,52,F,QLD,4730,Part-Time,47,45678.77,Mortgage,2,2020-01-14
CUST003413,Susan,Nelson,1980-06-30,43,M,WA,9843,Full-Time,17,39365.35,Owner,1,2024-01-12
CUST003414,Kirsten,Benson,1990-03-05,33,M,WA,2378,Full-Time,22,87712.7,Owner,1,2017-09-23
CUST003415,Michelle,Smith,1977-01-26,46,M,VIC,0964,Casual,115,47749.16,Owner,1,2022-09-11
CUST003416,Matthew,Brewer,1989-01-14,34,M,NSW,6016,Full-Time,65,88466.04,Owner,1,2022-07-31
CUST003417,Kelsey,Mccall,1964-05-18,59,M,VIC,2638,Unemployed,0,15000.0,Renting,2,2017-07-25
CUST003418,Sheila,Hampton,1949-10-24,74,F,QLD,2619,Part-Time,51,31897.46,Owner,4,2021-01-03
CUST003419,Tiffany,Gutierrez,2004-01-25,19,M,QLD,2930,Full-Time,44,90984.61,Mortgage,0,2020-09-27
CUST003420,Anthony,Soto,1952-07-04,71,M,NSW,2181,Casual,15,28801.04,Mortgage,1,2020-10-24
CUST003421,Allison,Burke,1973-01-18,50,M,QLD,0282,Casual,141,25802.45,Mortgage,0,2022-08-02
CUST003422,Marissa,Kirby,1994-05-30,29,F,VIC,2940,Full-Time,43,109655.52,Owner,1,2022-09-02
CUST003423,Dylan,Romero,1950-11-04,73,M,QLD,6592,Full-Time,8,117555.44,Renting,1,2022-07-01
CUST003424,Joshua,Jones,1976-10-22,47,M,VIC,4069,Self-Employed,6,88110.4,Mortgage,0,2022-11-22
CUST003425,Nicole,Cruz,1991-06-11,32,F,QLD,2619,Full-Time,147,99778.11,Renting,3,2018-04-08
CUST003426,Philip,Smith,1977-02-12,46,F,VIC,2182,Casual,172,35719.23,Renting,2,2024-04-16
CUST003427,David,Brown,1963-08-27,60,F,VIC,2656,Full-Time,17,37065.76,Mortgage,3,2018-06-23
CUST003428,Joseph,Adams,2002-01-02,22,M,QLD,2949,Full-Time,18,107366.2,Mortgage,0,2020-02-27
CUST003429,Dawn,Cook,1987-06-25,36,F,VIC,8701,Full-Time,1,61772.97,Renting,1,2018-05-02
CUST003430,Kenneth,Stanley,1992-05-26,31,F,NSW,2634,Full-Time,53,35380.41,Renting,0,2018-03-09
CUST003431,Jason,Carlson,2000-08-02,23,F,QLD,6123,Self-Employed,9,61575.2,Renting,2,2020-11-07
CUST003432,Ian,Blankenship,1964-02-24,59,M,NSW,5760,Full-Time,1,90978.83,Renting,0,2018-12-22
CUST003433,Kathleen,Smith,1971-07-30,52,F,SA,2923,Casual,10,15804.56,Renting,0,2020-02-08
CUST003434,Kathy,Norris,1957-06-09,66,F,VIC,2155,Part-Time,26,49774.16,Owner,2,2018-09-22
CUST003435,Jonathan,Molina,1994-01-16,29,F,NSW,4754,Full-Time,16,70608.38,Renting,0,2022-11-04
CUST003436,Margaret,Nelson,2000-05-26,23,M,VIC,3821,Full-Time,7,74664.39,Renting,0,2019-11-23
CUST003437,Shannon,Jimenez,1991-04-21,32,M,QLD,8546,Full-Time,37,115144.59,Mortgage,1,2020-06-04
CUST003438,Jerry,Johnson,2005-06-13,18,M,NSW,2997,Full-Time,29,93564.88,Renting,0,2022-03-01
CUST003439,Allison,Campbell,1985-12-21,38,F,WA,2325,Part-Time,9,40950.02,Owner,0,2021-12-16
CUST003440,Todd,Pruitt,1982-08-11,41,F,NSW,2652,Full-Time,24,38669.56,Renting,3,2023-06-18
CUST003441,Jacob,Warren,2004-11-25,19,M,QLD,2652,Full-Time,176,54820.55,Living with Family,1,2025-05-17
CUST003442,David,Reyes,1982-06-02,41,F,NSW,2991,Full-Time,9,75383.66,Renting,2,2025-06-03
CUST003443,Ashley,Russell,2004-09-29,19,M,NSW,2665,Full-Time,73,91288.17,Mortgage,0,2020-02-13
CUST003444,Stacy,Sandoval,2002-06-06,21,M,NSW,2639,Full-Time,127,96933.28,Renting,4,2024-12-15
CUST003445,Stephanie,Kelley,1984-09-17,39,F,NSW,2675,Casual,17,36992.18,Mortgage,4,2023-06-28
CUST003446,Michelle,Ross,1992-05-06,31,M,QLD,3777,Part-Time,35,17737.92,Owner,3,2022-03-23
CUST003447,Kimberly,Smith,1971-04-25,52,M,VIC,2619,Part-Time,13,32963.2,Mortgage,0,2018-12-13
CUST003448,Brandon,Meza,1980-03-09,43,M,WA,2793,Full-Time,4,45400.38,Renting,1,2017-08-02
CUST003449,Allison,Lopez,1961-05-02,62,M,VIC,7122,Full-Time,25,100450.42,Renting,3,2020-05-06
CUST003450,Penny,Roberts,1951-06-06,72,F,QLD,2276,Full-Time,91,48661.62,Renting,0,2018-01-17
CUST003451,Julie,Jones,1985-07-05,38,F,SA,2933,Full-Time,92,105927.16,Owner,4,2024-05-26
CUST003452,Jessica,Elliott,2000-03-24,23,M,NSW,2674,Full-Time,121,56773.07,Renting,0,2017-10-15
CUST003453,Lisa,Simpson,1961-07-26,62,M,NSW,2638,Full-Time,2,126193.3,Mortgage,1,2020-12-15
CUST003454,Chloe,Graham,1951-08-26,72,M,WA,2946,Full-Time,59,82388.2,Renting,0,2019-05-26
CUST003455,Elizabeth,Terry,1992-10-11,31,M,QLD,2920,Full-Time,86,44636.42,Mortgage,0,2019-09-10
CUST003456,Deborah,Brown,2005-12-18,18,F,VIC,2653,Part-Time,102,15326.03,Renting,1,2019-10-04
CUST003457,Ashley,Washington,1963-03-11,60,M,NSW,2606,Full-Time,1,92293.81,Renting,0,2022-03-15
CUST003458,Cindy,Green,1996-02-24,27,F,NSW,0862,Full-Time,36,133993.94,Mortgage,1,2024-12-17
CUST003459,Tiffany,Frank,1982-09-10,41,M,VIC,2156,Full-Time,4,81087.77,Living with Family,1,2021-07-13
CUST003460,Christopher,Hopkins,2000-09-23,23,M,QLD,2690,Full-Time,11,31966.22,Renting,3,2020-10-05
CUST003461,Craig,Fox,1973-06-02,50,F,WA,5572,Full-Time,16,91262.59,Mortgage,1,2023-07-18
CUST003462,Jessica,Stuart,1987-07-10,36,F,VIC,2920,Part-Time,134,35110.85,Living with Family,2,2019-07-06
CUST003463,Kyle,Scott,1995-11-10,28,F,VIC,2645,Self-Employed,27,116321.82,Renting,3,2018-10-03
CUST003464,James,Guerrero,1953-12-07,70,M,VIC,2946,Full-Time,8,71570.04,Mortgage,3,2017-08-06
CUST003465,Tracy,Gonzalez,1952-09-24,71,F,QLD,2641,Self-Employed,1,72373.59,Owner,4,2021-03-11
CUST003466,Robert,Todd,1953-04-30,70,F,NSW,2650,Full-Time,1,97757.78,Living with Family,1,2018-01-16
CUST003467,Christy,Houston,1969-01-26,54,M,VIC,7193,Part-Time,17,42503.88,Owner,3,2021-05-13
CUST003468,Steve,Lee,1960-12-10,63,F,SA,2654,Casual,77,15765.91,Renting,1,2024-05-22
CUST003469,Melanie,Mitchell,1967-09-26,56,M,NSW,7047,Full-Time,39,80044.7,Mortgage,0,2020-08-09
CUST003470,Susan,Perry,1975-06-23,48,M,VIC,2623,Casual,75,45299.13,Mortgage,2,2019-07-25
CUST003471,Tanya,Smith,1953-07-15,70,M,QLD,2916,Self-Employed,107,56419.23,Owner,0,2019-08-14
CUST003472,Charlene,Hartman,1994-10-25,29,F,VIC,0908,Full-Time,107,63306.06,Renting,3,2024-05-27
CUST003473,Heather,Woodward,1954-12-08,69,M,QLD,2648,Full-Time,41,56882.94,Living with Family,0,2022-01-23
CUST003474,Michael,Lee,1954-04-12,69,F,QLD,2709,Self-Employed,9,103884.05,Renting,0,2024-01-19
CUST003475,Michael,Smith,1982-02-09,41,F,VIC,2968,Full-Time,77,118205.92,Owner,2,2023-05-27
CUST003476,Lindsey,Morris,1992-01-02,32,F,VIC,2614,Part-Time,22,25422.88,Renting,1,2019-03-02
CUST003477,Philip,Diaz,1996-03-03,27,F,VIC,7160,Full-Time,30,58287.13,Renting,4,2022-07-18
CUST003478,Aaron,Mitchell,1997-05-11,26,M,NSW,6304,Full-Time,19,109218.63,Renting,0,2019-08-06
CUST003479,Amber,Rollins,1967-10-23,56,F,WA,2699,Self-Employed,8,119496.27,Mortgage,0,2025-01-12
CUST003480,Edward,Miller,1991-01-05,33,M,VIC,4039,Full-Time,36,57627.05,Renting,0,2020-03-02
CUST003481,Katie,Rodgers,1994-04-29,29,M,NSW,2138,Part-Time,50,45717.56,Owner,1,2020-01-26
CUST003482,Angela,Cohen,1997-05-01,26,F,SA,2807,Casual,59,29024.6,Mortgage,4,2021-07-13
CUST003483,Peter,Moore,1950-06-13,73,M,VIC,2951,Self-Employed,10,97574.28,Renting,1,2025-06-18
CUST003484,Heather,Fletcher,1971-11-22,52,M,SA,2673,Full-Time,35,77705.42,Renting,1,2023-03-24
CUST003485,Robert,Gonzalez,1969-08-05,54,M,QLD,2669,Unemployed,0,15000.0,Owner,1,2025-08-05
CUST003486,Melissa,Gordon,1967-02-15,56,F,VIC,3067,Full-Time,54,73628.52,Mortgage,0,2017-02-08
CUST003487,Cassie,Webb,1991-06-23,32,F,QLD,2192,Full-Time,1,102407.2,Living with Family,1,2017-02-03
CUST003488,David,Lyons,1989-02-19,34,M,NSW,2484,Full-Time,44,91942.47,Renting,1,2024-07-07
CUST003489,James,Chase,1954-04-20,69,F,NSW,2636,Full-Time,16,64566.89,Renting,1,2020-02-18
CUST003490,Amanda,Spencer,1955-04-23,68,M,TAS,9052,Full-Time,10,35026.16,Renting,1,2023-12-05
CUST003491,Dominique,Rodriguez,1963-09-14,60,M,VIC,2990,Full-Time,11,101664.31,Mortgage,0,2019-05-20
CUST003492,Gabriela,Huerta,1976-02-08,47,M,NSW,2630,Self-Employed,8,83232.37,Renting,2,2019-07-19
CUST003493,Thomas,Smith,1984-07-24,39,M,NSW,2914,Full-Time,82,42940.21,Renting,2,2019-12-30
CUST003494,Timothy,Wolfe,1965-11-18,58,F,NSW,2282,Part-Time,22,71483.95,Renting,3,2024-12-28
CUST003495,Christopher,Christensen,2001-08-29,22,M,NSW,2926,Part-Time,4,25816.37,Living with Family,0,2023-06-09
CUST003496,Ashley,Daniel,1997-06-14,26,M,VIC,5467,Full-Time,20,85312.85,Mortgage,1,2023-12-17
CUST003497,Rick,Wright,1957-05-26,66,F,QLD,5605,Full-Time,1,75267.72,Owner,0,2018-10-24
CUST003498,Kaitlyn,Jones,1950-07-08,73,F,SA,4402,Full-Time,54,62386.98,Mortgage,2,2020-02-03
CUST003499,Rebecca,Smith,1996-11-16,27,M,SA,2988,Full-Time,10,103393.42,Renting,2,2020-05-03
CUST003500,Lisa,Long,1968-11-26,55,F,NSW,2166,Full-Time,40,69000.77,Mortgage,2,2018-11-15
CUST003501,Nathan,Anderson,1997-10-27,26,M,WA,8164,Full-Time,14,80928.11,Owner,1,2024-04-05
CUST003502,Briana,Smith,1985-11-28,38,F,QLD,2679,Full-Time,48,56491.69,Renting,4,2017-02-12
CUST003503,Frederick,Trujillo,1956-08-02,67,F,NSW,2690,Part-Time,19,59354.82,Renting,0,2018-01-05
CUST003504,Charlene,Morgan,1957-07-28,66,M,ACT,2667,Self-Employed,42,75718.42,Renting,0,2023-07-16
CUST003505,Heather,Richardson,1982-09-11,41,M,WA,2619,Full-Time,37,31221.35,Mortgage,2,2021-11-23
CUST003506,Tanya,Williams,1997-07-16,26,F,WA,0886,Full-Time,20,114471.86,Mortgage,1,2017-02-10
CUST003507,Steven,Stark,1999-10-13,24,F,VIC,2920,Part-Time,2,69887.3,Mortgage,2,2025-02-18
CUST003508,Jonathan,Nelson,1988-02-06,35,F,VIC,0992,Full-Time,20,82796.75,Living with Family,0,2017-02-13
CUST003509,Angela,Jacobs,1966-04-22,57,F,VIC,2925,Self-Employed,19,41235.98,Mortgage,1,2018-10-01
CUST003510,Angela,Mccoy,1954-12-24,69,M,SA,2619,Casual,81,43317.75,Living with Family,3,2023-03-11
CUST003511,Michael,Bell,1984-04-01,39,M,NSW,2674,Full-Time,18,106480.84,Owner,1,2024-09-13
CUST003512,Kathleen,Sanders,1998-10-02,25,M,VIC,2992,Self-Employed,8,36947.01,Mortgage,0,2024-07-11
CUST003513,Gina,Hernandez,1984-05-11,39,M,QLD,2920,Full-Time,129,44123.66,Mortgage,2,2022-04-10
CUST003514,Holly,James,1952-10-05,71,F,QLD,2696,Full-Time,50,45013.5,Living with Family,1,2017-08-25
CUST003515,Donald,Weaver,1974-02-01,49,M,VIC,2070,Full-Time,48,88539.64,Owner,1,2019-05-24
CUST003516,Eric,Fisher,1999-10-27,24,F,VIC,2990,Self-Employed,3,57195.99,Renting,2,2017-11-26
CUST003517,Virginia,Diaz,1970-03-21,53,F,WA,2970,Full-Time,19,68049.19,Renting,0,2017-05-13
CUST003518,Erin,Jones,2005-02-09,18,M,WA,2681,Full-Time,9,97605.31,Owner,0,2020-07-13
CUST003519,Leslie,Brown,1996-08-24,27,F,QLD,8790,Full-Time,20,15000.0,Living with Family,1,2020-02-01
CUST003520,Kevin,Clark,1960-02-15,63,F,NSW,6547,Casual,2,51597.57,Mortgage,2,2021-10-30
CUST003521,Nicholas,Baker,1953-01-04,71,M,NSW,2973,Self-Employed,117,48248.99,Renting,1,2017-08-07
CUST003522,Heather,Archer,1996-10-20,27,F,NSW,2909,Self-Employed,1,105504.11,Owner,1,2017-03-19
CUST003523,David,Mahoney,1991-08-23,32,F,VIC,2489,Part-Time,114,35117.62,Renting,1,2021-07-05
CUST003524,Julia,Evans,1974-12-10,49,M,WA,2999,Full-Time,8,65859.21,Mortgage,3,2018-08-29
CUST003525,Nicole,Spencer,1968-11-14,55,F,NSW,2665,Full-Time,8,85172.39,Renting,1,2023-02-23
CUST003526,Courtney,Hansen,1978-06-06,45,F,NSW,2998,Full-Time,41,57070.01,Renting,1,2025-04-26
CUST003527,Taylor,Ingram,1971-06-08,52,M,VIC,2697,Part-Time,6,54550.01,Renting,0,2024-05-08
CUST003528,Christopher,Baker,1996-03-14,27,M,SA,1192,Self-Employed,10,104194.49,Renting,3,2018-03-14
CUST003529,Ryan,Allen,1984-09-22,39,F,SA,2662,Full-Time,48,33212.26,Renting,2,2022-12-08
CUST003530,Timothy,Hartman,1984-09-27,39,M,NSW,2623,Full-Time,14,64425.01,Mortgage,0,2021-10-24
CUST003531,Keith,Williams,1999-08-23,24,M,VIC,9253,Full-Time,8,116676.32,Renting,0,2023-08-05
CUST003532,Sarah,Huang,1997-01-09,26,F,NSW,2906,Full-Time,33,104056.4,Owner,0,2022-04-13
CUST003533,Jacob,Martin,1984-02-29,39,M,WA,2913,Full-Time,4,95465.64,Renting,0,2022-04-28
CUST003534,Jeffrey,Nichols,1990-11-08,33,F,VIC,2952,Casual,46,41024.74,Renting,3,2017-02-22
CUST003535,Ian,Johnston,1963-07-20,60,F,VIC,2701,Full-Time,4,75211.67,Renting,2,2020-07-14
CUST003536,Kathleen,Thompson,1960-09-06,63,F,NSW,2842,Part-Time,91,41258.79,Renting,2,2018-08-21
CUST003537,Donna,Jacobs,1966-12-13,57,M,QLD,8290,Full-Time,12,68907.48,Mortgage,0,2023-12-03
CUST003538,Lori,Atkins,1977-10-03,46,F,NSW,2954,Full-Time,64,77593.21,Renting,1,2022-12-08
CUST003539,Paul,Melendez,1957-01-30,66,F,VIC,2615,Full-Time,56,73940.41,Owner,0,2020-08-26
CUST003540,Cindy,Harris,1989-09-24,34,F,VIC,2681,Full-Time,28,111862.95,Mortgage,2,2016-12-27
CUST003541,Phillip,Mitchell,1991-04-16,32,F,SA,2693,Full-Time,20,73082.17,Owner,1,2022-10-14
CUST003542,Katherine,Haney,1960-06-01,63,M,SA,2632,Casual,69,33798.22,Owner,1,2021-02-27
CUST003543,Jeffery,Crosby,1976-11-02,47,F,WA,0280,Full-Time,187,96701.34,Renting,0,2025-04-26
CUST003544,Kenneth,Mendoza,1973-01-11,51,M,NSW,2610,Full-Time,60,86515.06,Owner,4,2018-08-04
CUST003545,John,Salinas,1970-09-11,53,M,QLD,2959,Full-Time,27,61071.57,Mortgage,2,2019-07-18
CUST003546,Laura,Taylor,1985-11-29,38,M,VIC,2921,Self-Employed,9,15000.0,Renting,2,2023-04-11
CUST003547,Thomas,Erickson,1951-11-28,72,M,TAS,2227,Full-Time,14,66612.09,Mortgage,2,2019-02-27
CUST003548,Miranda,Kennedy,1988-11-24,35,M,NSW,2978,Full-Time,69,59605.7,Mortgage,4,2018-03-24
CUST003549,Devin,Carroll,1976-01-10,48,F,VIC,1620,Full-Time,33,86283.06,Mortgage,2,2024-04-23
CUST003550,Richard,Ballard,1963-12-11,60,F,NSW,2966,Self-Employed,17,106610.14,Renting,2,2024-09-02
CUST003551,Sonya,Daniel,1995-11-12,28,M,NSW,2929,Full-Time,6,61624.33,Mortgage,1,2020-10-02
CUST003552,Todd,Willis,1968-01-01,56,F,SA,2583,Full-Time,13,72005.72,Mortgage,0,2025-07-21
CUST003553,Ashley,Washington,1990-04-08,33,M,NSW,5849,Full-Time,11,52563.49,Living with Family,0,2023-10-31
CUST003554,Robin,Hunter,1964-09-02,59,F,WA,2199,Full-Time,14,82986.32,Renting,0,2024-09-21
CUST003555,Alexis,Campbell,1996-12-05,27,F,NSW,2672,Part-Time,4,55048.12,Owner,0,2024-02-19
CUST003556,Samuel,Robinson,1994-09-06,29,F,VIC,2623,Part-Time,3,46342.34,Renting,4,2025-07-03
CUST003557,Parker,Anderson,1964-08-24,59,M,NSW,2648,Casual,16,41914.42,Renting,2,2021-12-30
CUST003558,Amanda,Curtis,2003-12-06,20,M,QLD,2559,Full-Time,63,95678.81,Mortgage,0,2019-04-27
CUST003559,Jeremy,Smith,2003-10-30,20,F,SA,2327,Full-Time,8,81648.49,Mortgage,3,2020-08-28
CUST003560,Samantha,Martin,1990-04-08,33,M,NSW,2669,Self-Employed,38,65634.19,Mortgage,2,2025-06-22
CUST003561,Kevin,Jimenez,1990-07-06,33,M,NSW,2652,Full-Time,62,69272.77,Living with Family,3,2019-10-17
CUST003562,Julie,Horton,1991-03-16,32,M,VIC,2388,Full-Time,15,51209.15,Renting,2,2021-06-18
CUST003563,David,Cole,2002-06-13,21,F,NSW,4705,Full-Time,26,77740.2,Renting,1,2022-08-22
CUST003564,Paul,Williams,1966-07-21,57,F,VIC,2334,Unemployed,0,25583.25,Owner,3,2021-11-26
CUST003565,Kevin,Adkins,1971-03-11,52,F,QLD,5984,Casual,18,46051.71,Mortgage,0,2020-03-31
CUST003566,Mark,Patterson,1993-05-27,30,F,QLD,2619,Full-Time,24,67272.39,Mortgage,0,2019-02-24
CUST003567,Paul,Stephenson,1994-09-05,29,M,QLD,4309,Full-Time,11,58842.82,Mortgage,2,2024-06-12
CUST003568,James,Brock,1975-07-11,48,F,SA,2280,Full-Time,2,102658.74,Mortgage,1,2021-11-21
CUST003569,Christopher,Morales,1957-11-20,66,F,QLD,1165,Full-Time,2,93931.29,Renting,2,2019-12-07
CUST003570,Shannon,Hunter,1968-03-17,55,M,QLD,2857,Full-Time,12,79250.78,Living with Family,1,2022-09-18
CUST003571,Raymond,Murphy,1980-01-17,43,F,VIC,2967,Self-Employed,18,96842.05,Mortgage,3,2019-11-23
CUST003572,Thomas,Hill,1959-09-17,64,M,VIC,1068,Full-Time,4,21182.86,Living with Family,0,2020-09-28
CUST003573,Lisa,Stokes,1979-12-12,44,F,NSW,2624,Self-Employed,63,76722.06,Renting,0,2022-11-15
CUST003574,Robert,Gomez,1970-06-16,53,F,QLD,2941,Full-Time,33,77698.97,Renting,2,2018-02-09
CUST003575,Michelle,Green,2001-06-13,22,M,QLD,3997,Full-Time,13,48658.68,Mortgage,1,2025-02-13
CUST003576,Laurie,Whitaker,1950-01-05,74,M,ACT,2668,Full-Time,48,101590.42,Renting,3,2020-05-20
CUST003577,Ronald,Hunt,1980-09-20,43,F,VIC,2685,Self-Employed,15,59190.93,Owner,0,2024-02-10
CUST003578,Jessica,Chavez,2000-01-11,23,M,QLD,2696,Full-Time,54,57825.38,Renting,0,2018-06-21
CUST003579,Kenneth,Zuniga,2000-11-16,23,F,QLD,2633,Full-Time,27,83063.09,Mortgage,1,2021-05-04
CUST003580,Glenn,Salinas,1973-07-30,50,F,VIC,2950,Casual,3,48360.13,Mortgage,0,2021-08-03
CUST003581,Jeffrey,Bird,1992-05-28,31,F,VIC,2813,Full-Time,33,55692.23,Renting,1,2019-02-23
CUST003582,Brandy,Hamilton,1983-04-10,40,M,NSW,2397,Part-Time,6,37941.92,Renting,1,2022-02-03
CUST003583,Samantha,Woodard,2000-01-26,23,M,ACT,2920,Self-Employed,84,74526.61,Renting,1,2017-12-09
CUST003584,Veronica,Peters,1965-07-18,58,M,QLD,2619,Full-Time,14,90359.8,Owner,0,2018-08-12
CUST003585,Joseph,Smith,1972-04-20,51,M,VIC,2940,Full-Time,77,94538.86,Renting,0,2020-11-25
CUST003586,Kayla,Walton,1970-04-03,53,M,NSW,2920,Casual,48,43817.01,Owner,3,2019-06-02
CUST003587,Tonya,Berry,1979-04-10,44,F,VIC,2920,Self-Employed,223,83765.18,Mortgage,3,2022-06-27
CUST003588,Ashley,Rhodes,2005-01-07,18,M,WA,2959,Self-Employed,17,34840.21,Mortgage,4,2024-03-06
CUST003589,Brandon,Barrett,1993-11-17,30,M,SA,2600,Self-Employed,64,47016.28,Mortgage,1,2018-03-30
CUST003590,Joseph,Curtis,1985-07-06,38,M,SA,2131,Part-Time,51,18909.46,Renting,0,2019-11-28
CUST003591,Theresa,Taylor,1980-06-28,43,M,VIC,8490,Full-Time,66,74764.68,Mortgage,1,2020-12-10
CUST003592,Eric,Perez,1998-09-13,25,F,QLD,5777,Full-Time,87,62586.36,Renting,0,2019-04-19
CUST003593,Michael,Diaz,1975-01-22,48,M,QLD,2619,Full-Time,21,68450.16,Owner,3,2022-08-19
CUST003594,Rachel,Rojas,1953-08-05,70,M,QLD,8230,Casual,3,30964.99,Renting,3,2021-03-26
CUST003595,David,Obrien,1993-06-29,30,M,NSW,8684,Full-Time,5,41553.59,Mortgage,2,2017-09-05
CUST003596,John,Miranda,1974-02-07,49,M,VIC,2646,Part-Time,28,30745.99,Renting,1,2017-01-02
CUST003597,Jennifer,Bennett,1987-01-04,37,M,NSW,0842,Full-Time,8,64598.49,Renting,0,2020-11-09
CUST003598,Kelly,Black,1998-05-14,25,F,TAS,2573,Full-Time,38,60493.78,Mortgage,3,2023-01-09
CUST003599,Hunter,Garza,1971-12-30,52,F,WA,2451,Self-Employed,78,79870.38,Living with Family,4,2025-07-23
CUST003600,Patricia,Duran,1980-06-11,43,F,NSW,2908,Full-Time,17,46681.99,Living with Family,0,2021-03-25
CUST003601,Dwayne,James,1966-10-31,57,M,QLD,2975,Casual,4,41623.39,Mortgage,2,2021-10-16
CUST003602,Ana,Huff,1973-10-03,50,F,WA,0223,Full-Time,54,91103.16,Mortgage,4,2017-12-04
CUST003603,Jeffrey,Wells,1991-10-09,32,M,VIC,2619,Part-Time,9,40262.26,Renting,3,2021-04-01
CUST003604,Tina,Henson,1983-04-29,40,M,VIC,2687,Full-Time,5,92106.39,Renting,0,2022-11-02
CUST003605,Barry,Hess,1982-12-21,41,M,QLD,2605,Part-Time,48,40112.45,Renting,0,2024-02-21
CUST003606,Jennifer,Burton,2000-05-09,23,F,NSW,2610,Full-Time,12,95017.71,Mortgage,1,2022-10-06
CUST003607,Lisa,Joyce,1981-10-02,42,M,VIC,6541,Full-Time,57,81593.89,Owner,1,2022-05-15
CUST003608,Tyler,Edwards,1975-07-19,48,F,WA,6818,Full-Time,25,64598.52,Owner,1,2021-08-04
CUST003609,Megan,Curry,1989-06-26,34,M,QLD,2908,Full-Time,74,96233.04,Mortgage,0,2017-04-27
CUST003610,Luke,Morrison,1983-07-21,40,F,NSW,9945,Full-Time,27,59604.54,Mortgage,1,2021-04-25
CUST003611,Jennifer,Myers,1985-01-07,39,F,NSW,2998,Full-Time,2,92018.75,Owner,1,2018-08-13
CUST003612,William,Jenkins,1965-01-05,59,M,VIC,8020,Full-Time,22,61568.67,Renting,0,2022-11-22
CUST003613,Edward,Wheeler,1972-11-04,51,M,SA,2521,Full-Time,7,62271.89,Mortgage,2,2025-02-22
CUST003614,Carrie,Chen,1995-05-03,28,F,VIC,2951,Self-Employed,7,63041.16,Renting,2,2021-08-25
CUST003615,Cory,Hebert,1996-07-19,27,F,QLD,4861,Part-Time,11,42012.44,Renting,0,2021-04-27
CUST003616,Lindsey,Banks,1957-06-27,66,F,WA,2920,Full-Time,56,77955.74,Renting,2,2016-10-15
CUST003617,Jennifer,Horn,1973-01-11,51,M,NSW,7010,Self-Employed,10,82697.13,Renting,1,2020-10-25
CUST003618,Timothy,Thomas,1957-05-19,66,F,QLD,9268,Full-Time,21,82379.25,Renting,3,2022-03-09
CUST003619,Joshua,Mccarthy,1963-02-14,60,F,NSW,2604,Part-Time,1,17894.8,Renting,0,2022-03-11
CUST003620,Brandon,Reeves,1976-01-25,47,F,VIC,2167,Full-Time,43,64605.75,Mortgage,1,2019-09-04
CUST003621,Robert,Stone,1979-05-14,44,F,QLD,2683,Part-Time,2,56210.2,Mortgage,1,2019-10-09
CUST003622,Alexander,Tucker,1989-10-10,34,F,WA,2691,Unemployed,0,25282.75,Living with Family,0,2023-08-14
CUST003623,Dominique,Hobbs,1998-06-09,25,F,WA,2555,Full-Time,1,95654.5,Renting,0,2019-10-15
CUST003624,Megan,Flores,1952-03-15,71,M,VIC,2152,Self-Employed,1,37261.25,Renting,0,2022-07-08
CUST003625,Christine,Lowe,1980-03-01,43,M,QLD,2688,Casual,135,30702.86,Renting,1,2019-03-11
CUST003626,Jose,Collins,1997-05-30,26,F,VIC,3831,Self-Employed,15,43138.29,Renting,1,2025-06-21
CUST003627,Kyle,Webb,1967-10-14,56,M,NSW,2212,Full-Time,2,86412.79,Renting,0,2025-02-24
CUST003628,Melissa,Gonzalez,1995-09-26,28,F,NSW,4715,Full-Time,46,68634.78,Mortgage,2,2022-05-17
CUST003629,Sarah,Ferguson,1972-07-20,51,F,NSW,2309,Casual,11,15000.0,Mortgage,0,2022-06-22
CUST003630,Shannon,Griffin,2000-09-01,23,M,VIC,2223,Full-Time,53,58365.1,Renting,2,2022-06-22
CUST003631,Kimberly,Adams,1967-04-11,56,M,QLD,2608,Full-Time,39,59386.78,Renting,1,2019-05-09
CUST003632,Thomas,Patrick,1973-08-16,50,M,WA,2036,Full-Time,4,81314.33,Mortgage,0,2023-04-04
CUST003633,Kenneth,Smith,1974-07-05,49,M,ACT,2603,Full-Time,149,83856.12,Renting,3,2025-02-28
CUST003634,Timothy,Chang,1985-04-16,38,F,NT,3315,Full-Time,40,56052.61,Mortgage,0,2021-12-18
CUST003635,Shawn,Stark,1978-08-16,45,F,VIC,7273,Full-Time,14,72532.04,Mortgage,0,2017-08-31
CUST003636,Anita,Paul,1972-07-19,51,M,NSW,2129,Full-Time,12,103182.58,Mortgage,1,2024-03-11
CUST003637,Micheal,Thornton,1968-12-12,55,F,WA,2932,Self-Employed,18,89600.99,Mortgage,3,2025-09-08
CUST003638,Gregory,Davis,1962-11-17,61,F,NSW,2971,Full-Time,7,84937.34,Mortgage,3,2021-09-03
CUST003639,Jonathan,Wright,1986-01-30,37,M,NSW,2606,Full-Time,105,115257.43,Renting,0,2016-12-09
CUST003640,Jared,Carter,1976-10-14,47,M,NSW,2987,Full-Time,20,47035.78,Mortgage,2,2023-02-08
CUST003641,Jessica,Reed,1972-04-10,51,F,VIC,0995,Full-Time,13,67859.48,Renting,0,2021-08-17
CUST003642,Sandra,Tucker,1987-06-11,36,M,VIC,0816,Full-Time,7,91273.46,Mortgage,2,2017-04-19
CUST003643,Alexander,Martin,1949-11-24,74,F,WA,2641,Unemployed,0,21756.89,Owner,0,2021-05-07
CUST003644,Anne,Jones,1955-03-08,68,F,NSW,2921,Full-Time,7,60027.15,Mortgage,0,2018-10-11
CUST003645,Mary,Contreras,1993-12-28,30,M,ACT,2980,Self-Employed,8,85249.31,Mortgage,1,2023-01-27
CUST003646,Anna,Benson,1964-07-11,59,M,QLD,2614,Full-Time,21,105665.18,Mortgage,1,2016-12-15
CUST003647,Jennifer,Martinez,1984-01-13,39,F,VIC,2994,Casual,37,45767.89,Renting,0,2022-09-15
CUST003648,Anthony,Hernandez,1994-06-04,29,M,NT,0950,Full-Time,3,114412.49,Mortgage,2,2021-11-25
CUST003649,Patrick,Fuentes,1987-03-08,36,F,VIC,2619,Self-Employed,34,50457.94,Mortgage,1,2021-09-29
CUST003650,Nicholas,Stevens,1960-08-31,63,M,VIC,7666,Unemployed,0,15000.0,Owner,1,2020-08-23
CUST003651,Donald,Edwards,1954-04-01,69,F,NSW,2993,Full-Time,60,84347.79,Owner,1,2019-03-24
CUST003652,Sandra,Taylor,1996-10-12,27,F,QLD,2622,Casual,14,48808.91,Owner,4,2022-11-05
CUST003653,Brianna,Williams,1965-04-23,58,M,ACT,2677,Part-Time,97,25100.76,Mortgage,2,2025-06-21
CUST003654,Patricia,Freeman,1981-11-04,42,F,QLD,0801,Full-Time,5,71205.3,Mortgage,1,2020-12-29
CUST003655,Charles,Hernandez,1975-12-18,48,M,NSW,2934,Unemployed,0,15000.0,Mortgage,4,2024-01-20
CUST003656,Kelly,Jensen,1956-09-14,67,M,NSW,2673,Full-Time,36,60988.36,Renting,3,2023-09-19
CUST003657,Stephen,York,1970-01-20,53,F,QLD,2976,Full-Time,47,77838.99,Renting,2,2024-08-29
CUST003658,Lisa,Li,1957-11-08,66,F,NSW,2619,Full-Time,11,97217.2,Renting,1,2021-09-02
CUST003659,Karen,Gray,1964-01-06,60,F,VIC,2399,Part-Time,32,33278.49,Renting,2,2023-10-07
CUST003660,Rebecca,James,1970-06-01,53,M,VIC,0855,Full-Time,102,73491.11,Renting,2,2021-12-20
CUST003661,Ian,Jennings,1958-11-21,65,M,VIC,2984,Full-Time,8,79441.66,Renting,2,2024-01-12
CUST003662,Brady,Robinson,1967-01-18,56,M,NSW,9502,Full-Time,39,58202.62,Mortgage,2,2023-05-31
CUST003663,Bryan,Bowen,1969-02-16,54,M,QLD,2674,Unemployed,0,23924.09,Living with Family,0,2023-09-28
CUST003664,Jonathan,Dunn,2003-05-25,20,M,QLD,2912,Casual,5,56885.72,Living with Family,0,2018-05-08
CUST003665,Jeremy,Smith,2002-07-17,21,F,VIC,2913,Self-Employed,17,49175.93,Renting,0,2025-05-02
CUST003666,Sara,Hill,1953-07-24,70,M,NSW,2457,Self-Employed,87,67952.93,Renting,1,2019-05-11
CUST003667,Eduardo,Davis,1997-11-01,26,M,VIC,2797,Casual,56,36210.83,Renting,0,2021-06-16
CUST003668,Madison,Lewis,1976-10-14,47,F,NSW,2620,Part-Time,72,43786.38,Mortgage,0,2019-05-01
CUST003669,Justin,Alexander,1983-07-20,40,F,QLD,2606,Full-Time,21,99773.95,Mortgage,2,2017-07-30
CUST003670,Holly,Brock,1960-12-30,63,F,VIC,3001,Full-Time,1,85286.96,Renting,2,2023-03-26
CUST003671,Tammy,Miller,1980-10-22,43,F,NSW,2679,Unemployed,0,16628.29,Owner,1,2017-06-26
CUST003672,Calvin,Perez,1955-01-26,68,F,QLD,2918,Full-Time,3,92022.75,Mortgage,0,2020-06-09
CUST003673,Sierra,Smith,1986-05-05,37,M,QLD,9187,Self-Employed,46,80891.3,Living with Family,0,2017-08-07
CUST003674,Richard,Warren,1985-05-28,38,F,VIC,2604,Full-Time,16,59102.96,Living with Family,1,2017-11-19
CUST003675,Mary,Russell,1993-11-11,30,M,TAS,9026,Part-Time,5,44472.65,Renting,2,2024-02-14
CUST003676,John,Stokes,1987-10-22,36,M,QLD,2354,Full-Time,29,56936.57,Renting,1,2018-05-04
CUST003677,Alexander,Johnson,1992-10-27,31,F,QLD,2653,Full-Time,8,106124.93,Renting,0,2017-03-19
CUST003678,Ryan,Rogers,2005-05-06,18,M,VIC,2950,Full-Time,43,84450.52,Renting,0,2022-10-20
CUST003679,Devin,Roberts,2002-10-29,21,F,NSW,2514,Full-Time,109,88664.03,Renting,0,2023-10-27
CUST003680,Robert,Johnson,1951-04-24,72,F,VIC,2941,Full-Time,33,81952.33,Mortgage,3,2019-01-11
CUST003681,Ashley,Smith,1992-07-24,31,F,NSW,2996,Full-Time,47,65027.73,Renting,1,2024-10-04
CUST003682,Jody,Taylor,1961-08-30,62,F,NSW,2622,Casual,6,47124.2,Renting,2,2019-03-24
CUST003683,Luis,Booth,1951-07-22,72,M,WA,6222,Full-Time,38,85453.26,Living with Family,1,2017-02-24
CUST003684,Diana,Davis,1971-08-21,52,M,SA,0801,Part-Time,4,28184.84,Mortgage,0,2017-10-01
CUST003685,Amanda,Clark,1961-10-10,62,F,SA,5133,Self-Employed,1,68924.8,Living with Family,1,2022-07-02
CUST003686,Zachary,Moses,1970-10-25,53,F,NSW,2619,Full-Time,38,75267.11,Mortgage,2,2023-11-23
CUST003687,Jessica,King,1958-11-28,65,F,ACT,0245,Full-Time,1,85939.03,Mortgage,0,2017-11-10
CUST003688,Vincent,Evans,1967-05-17,56,M,NSW,2939,Full-Time,1,108857.73,Owner,1,2020-09-16
CUST003689,Glen,Silva,1995-09-21,28,M,NSW,2606,Full-Time,13,37561.12,Renting,2,2018-06-19
CUST003690,Brian,Patrick,1959-10-24,64,M,QLD,2963,Casual,23,29521.67,Renting,2,2020-08-29
CUST003691,Elizabeth,Weber,1976-01-18,47,M,NSW,2694,Full-Time,105,92704.58,Mortgage,0,2022-09-06
CUST003692,Colleen,Thompson,1981-08-20,42,F,WA,2913,Full-Time,44,83573.82,Mortgage,4,2019-12-06
CUST003693,Christopher,Barker,1998-02-23,25,F,QLD,2986,Full-Time,37,88406.07,Renting,2,2020-01-24
CUST003694,Melanie,Adams,1969-01-05,55,M,VIC,2982,Part-Time,1,57343.52,Renting,2,2020-01-20
CUST003695,Danielle,Brown,1964-01-05,60,M,VIC,0264,Self-Employed,28,64999.2,Mortgage,0,2017-09-02
CUST003696,Victoria,Robinson,1977-02-22,46,F,QLD,2999,Full-Time,54,57940.16,Renting,1,2023-01-03
CUST003697,Natalie,Waters,1958-12-18,65,M,VIC,2866,Full-Time,3,70035.55,Renting,1,2023-03-15
CUST003698,Matthew,Hoffman,1988-05-29,35,F,VIC,0229,Part-Time,39,52395.12,Mortgage,2,2021-09-08
CUST003699,John,Roberts,1969-05-24,54,F,NSW,2987,Full-Time,19,69712.03,Renting,1,2025-01-14
CUST003700,Dakota,Wells,1958-06-21,65,M,QLD,2647,Full-Time,4,98523.82,Renting,2,2024-06-30
CUST003701,Robert,Gonzalez,1990-03-15,33,M,NSW,0983,Full-Time,30,61733.08,Renting,0,2019-08-22
CUST003702,Donna,Jenkins,1962-01-19,61,F,VIC,2958,Full-Time,6,83998.47,Living with Family,3,2023-06-20
CUST003703,Becky,Gutierrez,1964-01-06,60,F,ACT,2568,Full-Time,34,61355.33,Renting,0,2018-01-18
CUST003704,Brittany,Young,1982-07-11,41,F,WA,7816,Full-Time,1,77222.07,Renting,0,2017-08-04
CUST003705,Emily,Porter,1999-08-19,24,F,NSW,2568,Part-Time,1,52845.83,Mortgage,0,2022-08-17
CUST003706,Christopher,Sanchez,1990-01-06,34,F,NSW,2920,Full-Time,7,78542.0,Living with Family,4,2023-12-25
CUST003707,Noah,Ruiz,1977-03-20,46,F,VIC,2640,Part-Time,20,27932.92,Renting,2,2025-03-18
CUST003708,Christina,Olsen,1965-08-11,58,F,NSW,9082,Full-Time,1,69706.92,Living with Family,0,2020-03-15
CUST003709,Jared,Anderson,1965-09-06,58,M,WA,2619,Casual,12,37588.28,Mortgage,2,2025-07-15
CUST003710,James,Tate,1972-10-28,51,M,NSW,2616,Full-Time,37,59358.26,Renting,2,2018-05-19
CUST003711,Mary,Goodman,1986-12-27,37,F,QLD,0926,Full-Time,2,90906.95,Mortgage,3,2024-04-22
CUST003712,Karen,Harris,1966-12-04,57,M,VIC,2669,Full-Time,63,99073.48,Renting,1,2017-09-14
CUST003713,Sarah,Valencia,1957-10-09,66,F,QLD,6403,Part-Time,9,30302.19,Renting,0,2020-04-13
CUST003714,William,Ortega,1982-12-10,41,F,QLD,2619,Part-Time,32,46158.06,Mortgage,0,2018-05-11
CUST003715,Rhonda,Higgins,1973-09-18,50,M,VIC,5719,Casual,2,33849.27,Mortgage,2,2020-05-31
CUST003716,Evelyn,Pierce,1951-03-18,72,M,VIC,2675,Full-Time,6,80380.85,Renting,1,2018-09-17
CUST003717,Daniel,Price,1956-02-29,67,F,VIC,2645,Full-Time,77,101701.28,Mortgage,3,2023-10-17
CUST003718,Daniel,Parsons,1982-11-09,41,F,VIC,2699,Part-Time,55,38235.26,Renting,0,2022-02-20
CUST003719,Austin,Webster,1992-02-23,31,M,WA,2663,Self-Employed,12,55598.4,Renting,0,2018-10-23
CUST003720,Samantha,Barnes,1962-03-22,61,F,VIC,2913,Full-Time,44,58717.67,Mortgage,0,2025-05-03
CUST003721,Laura,Campbell,1965-08-06,58,M,VIC,5841,Full-Time,60,102211.94,Owner,3,2023-04-13
CUST003722,Michelle,Snyder,2005-02-12,18,M,NSW,2670,Full-Time,57,99075.18,Owner,0,2017-05-22
CUST003723,Amy,Garcia,1964-04-15,59,M,QLD,1499,Full-Time,8,91254.91,Owner,2,2022-09-10
CUST003724,Angel,Allison,1954-07-18,69,F,VIC,2640,Part-Time,9,64591.18,Mortgage,1,2018-01-29
CUST003725,Nicole,Castaneda,1982-04-24,41,F,NSW,2619,Full-Time,15,73006.42,Mortgage,0,2020-05-12
CUST003726,Antonio,Hanna,1981-04-18,42,F,QLD,0890,Part-Time,44,45404.45,Renting,4,2018-12-11
CUST003727,Stephanie,Carrillo,1958-02-06,65,M,VIC,2785,Casual,37,36894.43,Owner,3,2019-06-12
CUST003728,Eric,Brown,1964-11-14,59,F,QLD,2943,Full-Time,71,76935.1,Renting,0,2017-05-25
CUST003729,Timothy,Joyce,1953-04-15,70,M,WA,2579,Part-Time,72,38960.21,Mortgage,0,2017-08-15
CUST003730,Patrick,Miller,2003-02-17,20,M,WA,2911,Full-Time,13,30059.16,Living with Family,0,2024-06-03
CUST003731,Krystal,Wilson,2000-12-25,23,M,SA,2621,Self-Employed,13,48182.75,Living with Family,2,2021-12-21
CUST003732,Melanie,Smith,1967-09-04,56,M,SA,2624,Full-Time,116,91209.64,Renting,3,2024-11-17
CUST003733,Adam,Arellano,1988-07-12,35,M,VIC,8814,Part-Time,2,55316.05,Mortgage,2,2017-07-21
CUST003734,Amanda,Rosales,1957-05-31,66,M,NSW,2935,Full-Time,8,85342.46,Mortgage,4,2017-12-15
CUST003735,Heidi,Barton,1977-10-31,46,M,NSW,7367,Full-Time,50,106147.21,Renting,1,2024-05-14
CUST003736,Oscar,Dalton,1971-02-06,52,M,QLD,2669,Casual,1,48414.82,Renting,0,2017-05-15
CUST003737,Tamara,Johnson,1981-11-12,42,M,QLD,0974,Full-Time,18,52946.05,Mortgage,2,2022-04-04
CUST003738,Valerie,Martinez,1956-03-05,67,F,VIC,5423,Full-Time,15,22299.1,Mortgage,1,2022-07-01
CUST003739,Justin,Williams,1956-08-17,67,M,QLD,2691,Full-Time,39,67220.72,Renting,1,2025-01-02
CUST003740,Brett,Carlson,1962-05-11,61,F,QLD,2602,Full-Time,32,15000.0,Mortgage,3,2020-03-22
CUST003741,Jon,Cooper,1973-04-21,50,M,NSW,2645,Full-Time,4,96020.49,Owner,3,2018-04-21
CUST003742,Jodi,Barry,1987-10-10,36,M,WA,1254,Self-Employed,49,53182.08,Renting,1,2021-02-07
CUST003743,Sarah,Owens,1996-08-19,27,M,VIC,4994,Full-Time,11,61495.59,Renting,3,2021-05-30
CUST003744,Michael,Myers,2002-10-16,21,F,QLD,2928,Full-Time,37,76653.95,Renting,1,2021-11-09
CUST003745,Jeffrey,Brown,2004-10-21,19,M,SA,2971,Unemployed,0,20725.13,Living with Family,3,2022-01-16
CUST003746,Jessica,Reynolds,1986-03-10,37,M,SA,2966,Casual,18,40252.59,Renting,0,2018-08-07
CUST003747,William,Tanner,1970-11-04,53,F,QLD,2657,Full-Time,98,124934.98,Mortgage,2,2022-06-20
CUST003748,Eric,Powell,1954-09-27,69,F,QLD,2976,Self-Employed,8,93765.77,Mortgage,2,2020-01-11
CUST003749,Morgan,Alvarez,1964-09-30,59,M,QLD,2114,Full-Time,21,54151.41,Mortgage,1,2024-06-15
CUST003750,Joshua,Combs,1987-08-27,36,F,QLD,1686,Casual,77,39705.31,Renting,2,2024-06-22
CUST003751,Kristin,Hunt,1964-11-05,59,F,NSW,2500,Full-Time,28,107881.4,Renting,4,2025-06-10
CUST003752,Amber,Brown,1973-08-12,50,M,NSW,2817,Full-Time,13,67571.16,Renting,2,2017-12-11
CUST003753,Thomas,Jackson,1957-11-20,66,M,ACT,3115,Self-Employed,22,100499.11,Renting,0,2024-07-22
CUST003754,Donald,Thomas,1987-12-25,36,M,SA,2632,Self-Employed,107,20876.64,Renting,0,2018-04-20
CUST003755,Alexander,Ramirez,1958-09-20,65,M,WA,2942,Unemployed,0,18397.65,Renting,3,2021-06-16
CUST003756,Catherine,Larson,1970-06-27,53,F,VIC,2104,Casual,17,29057.36,Mortgage,0,2017-07-22
CUST003757,Angela,Chavez,1991-11-07,32,M,VIC,2619,Full-Time,43,73827.41,Renting,0,2018-10-12
CUST003758,Cristian,Wilson,2001-05-04,22,F,QLD,2695,Full-Time,34,53363.66,Owner,0,2022-09-23
CUST003759,Sonya,Edwards,1997-08-20,26,M,QLD,2947,Part-Time,56,41607.0,Owner,3,2025-01-27
CUST003760,Dawn,Vargas,1959-04-13,64,M,QLD,1641,Full-Time,121,68268.54,Renting,1,2022-06-25
CUST003761,Michael,Burns,2004-01-06,20,M,QLD,2197,Full-Time,5,68405.47,Owner,1,2021-06-11
CUST003762,Sara,Smith,1951-06-03,72,M,SA,2304,Full-Time,10,76639.04,Mortgage,3,2017-08-24
CUST003763,Michelle,Harding,1966-05-31,57,M,NSW,2694,Casual,54,35418.03,Owner,2,2017-06-02
CUST003764,Katherine,Buchanan,1969-01-13,55,M,NSW,3144,Full-Time,85,52807.36,Owner,0,2020-12-13
CUST003765,Shawn,Oconnor,1973-07-04,50,M,QLD,0928,Full-Time,33,85875.87,Mortgage,0,2017-01-19
CUST003766,William,Peters,1954-08-28,69,M,QLD,0830,Self-Employed,1,57463.31,Mortgage,2,2020-03-12
CUST003767,Tyler,Durham,1993-07-29,30,F,ACT,2037,Full-Time,18,73894.97,Mortgage,0,2021-10-01
CUST003768,Elizabeth,Davis,1994-07-26,29,M,QLD,0874,Full-Time,25,68210.14,Renting,3,2025-02-07
CUST003769,Lynn,Powell,2002-02-24,21,F,NSW,5055,Full-Time,62,80422.96,Renting,2,2021-09-12
CUST003770,Robyn,Mueller,2005-04-12,18,F,NSW,6940,Part-Time,43,31826.93,Renting,0,2021-08-17
CUST003771,Barbara,Doyle,1965-11-12,58,F,NSW,0296,Part-Time,100,49082.11,Living with Family,3,2021-10-27
CUST003772,Kenneth,English,1952-07-23,71,M,SA,8986,Self-Employed,1,67149.51,Renting,0,2016-11-09
CUST003773,Brandon,Rivera,1953-08-05,70,M,NSW,2903,Full-Time,56,48568.35,Living with Family,0,2018-10-29
CUST003774,Nathan,English,1993-08-01,30,M,WA,2465,Full-Time,12,103653.75,Renting,2,2018-01-08
CUST003775,Sara,Barnes,1973-10-05,50,F,NSW,9149,Unemployed,0,22573.55,Owner,0,2024-10-24
CUST003776,Michael,Reid,1953-02-15,70,F,NSW,3437,Part-Time,23,42872.38,Owner,1,2023-03-26
CUST003777,Eugene,Salazar,1985-06-14,38,M,NSW,2994,Full-Time,14,112379.59,Living with Family,0,2019-02-24
CUST003778,Mary,Heath,1976-05-25,47,F,VIC,2655,Full-Time,44,96193.7,Renting,0,2023-12-13
CUST003779,Amanda,Leonard,1996-10-18,27,M,QLD,2692,Part-Time,17,44144.56,Owner,0,2024-10-31
CUST003780,Kevin,Smith,1959-10-29,64,F,NSW,2141,Casual,27,32147.5,Renting,2,2020-10-24
CUST003781,Daniel,Rivera,1957-01-13,67,M,QLD,2696,Full-Time,1,71327.29,Renting,0,2022-02-16
CUST003782,Matthew,Ellis,1968-09-23,55,F,VIC,6062,Self-Employed,64,46286.8,Mortgage,1,2024-03-25
CUST003783,Nicholas,Martin,1982-05-21,41,M,NSW,2645,Casual,20,49020.44,Owner,1,2020-10-17
CUST003784,Kathryn,Walker,1963-08-07,60,M,WA,2639,Self-Employed,13,98728.44,Living with Family,0,2023-11-17
CUST003785,Kelly,White,1988-11-30,35,M,SA,2681,Full-Time,30,79367.97,Mortgage,1,2019-08-16
CUST003786,Lisa,Fox,1980-12-02,43,M,SA,2680,Full-Time,1,98973.66,Mortgage,1,2019-03-29
CUST003787,Donald,Graham,2002-08-08,21,F,NSW,2659,Part-Time,16,43415.38,Renting,0,2022-02-15
CUST003788,Cory,Phillips,1975-05-26,48,M,VIC,2649,Full-Time,28,113360.7,Renting,2,2017-12-22
CUST003789,Kevin,Russell,1957-04-29,66,F,QLD,4215,Self-Employed,5,88080.99,Owner,0,2022-11-19
CUST003790,Rachel,Reyes,1983-12-19,40,F,VIC,2677,Self-Employed,37,40878.33,Renting,2,2024-06-13
CUST003791,Randy,Andersen,1998-02-09,25,F,VIC,2960,Unemployed,0,15000.0,Renting,0,2025-06-19
CUST003792,Jerry,Moore,1956-10-01,67,F,NSW,2148,Full-Time,13,117677.27,Owner,2,2023-09-30
CUST003793,Adrian,Hernandez,1997-05-12,26,M,NSW,0219,Self-Employed,71,21964.48,Renting,0,2017-03-01
CUST003794,Dawn,Lewis,1983-02-28,40,M,NSW,0837,Part-Time,7,44621.87,Renting,2,2022-02-28
CUST003795,Bryan,Brown,1954-08-23,69,F,QLD,2029,Full-Time,7,62591.83,Renting,2,2022-07-23
CUST003796,Nicholas,Lopez,1974-09-07,49,F,NSW,2956,Full-Time,35,116297.46,Mortgage,1,2023-03-01
CUST003797,Holly,Brown,1988-12-28,35,M,QLD,2975,Self-Employed,76,75197.66,Renting,0,2025-06-14
CUST003798,Jessica,Riley,1967-08-28,56,F,NSW,0823,Self-Employed,15,117333.15,Mortgage,3,2016-09-23
CUST003799,Maurice,Lara,1995-10-10,28,F,TAS,2672,Full-Time,4,82867.95,Renting,2,2023-05-30
CUST003800,Paul,Burton,1954-07-13,69,M,VIC,2908,Full-Time,92,20460.44,Mortgage,1,2023-08-22
CUST003801,Nicholas,Alexander,1966-04-01,57,M,NSW,2923,Casual,78,18738.48,Owner,2,2020-09-20
CUST003802,David,Phillips,1995-02-07,28,M,NSW,2963,Casual,35,19694.82,Renting,0,2022-10-28
CUST003803,Dan,Miller,1990-04-14,33,F,NSW,2617,Part-Time,5,52671.18,Living with Family,1,2020-07-29
CUST003804,Ronnie,Brown,1974-02-16,49,M,VIC,2657,Full-Time,45,70748.01,Renting,1,2022-07-23
CUST003805,Carl,Johnson,1993-10-14,30,F,NSW,5281,Full-Time,44,122220.78,Mortgage,0,2024-02-12
CUST003806,Thomas,Brown,1987-04-24,36,F,QLD,2390,Full-Time,3,122545.04,Renting,1,2018-02-16
CUST003807,Emily,Myers,1963-12-28,60,M,VIC,0987,Part-Time,67,48988.59,Owner,0,2016-12-10
CUST003808,Timothy,Patterson,1986-03-21,37,F,VIC,2953,Part-Time,75,25403.04,Mortgage,0,2017-12-11
CUST003809,Tom,Ryan,1961-03-27,62,F,NSW,6212,Full-Time,1,86238.01,Renting,2,2020-02-18
CUST003810,Jennifer,Holland,1986-08-07,37,F,NSW,2976,Casual,42,15580.32,Mortgage,2,2018-09-17
CUST003811,Christopher,Singleton,1978-08-11,45,F,SA,7430,Self-Employed,36,56408.61,Living with Family,1,2017-01-31
CUST003812,John,Greer,2004-03-08,19,M,NSW,2699,Self-Employed,18,49156.47,Living with Family,0,2023-06-30
CUST003813,Heidi,Russo,1982-06-22,41,M,NSW,2332,Part-Time,42,43458.76,Living with Family,1,2019-01-23
CUST003814,Donna,Shaw,1969-09-17,54,M,QLD,2986,Self-Employed,49,49974.22,Mortgage,0,2022-03-28
CUST003815,Timothy,Brandt,1957-01-30,66,M,NSW,2717,Full-Time,37,99409.55,Owner,0,2022-08-28
CUST003816,Felicia,Gutierrez,1961-06-04,62,M,VIC,5153,Full-Time,44,47478.64,Mortgage,0,2024-12-30
CUST003817,Clinton,Maxwell,1957-10-25,66,M,NSW,2065,Full-Time,47,89764.38,Living with Family,0,2018-03-13
CUST003818,Kelly,Jordan,1974-07-20,49,F,WA,2685,Self-Employed,16,21263.98,Mortgage,0,2017-04-19
CUST003819,Isaac,Ramirez,1958-02-09,65,F,NSW,2963,Full-Time,48,77264.73,Mortgage,0,2025-05-20
CUST003820,Tracy,Davenport,2002-06-25,21,M,VIC,2995,Part-Time,2,33684.27,Owner,0,2025-02-05
CUST003821,Taylor,Jenkins,1972-02-09,51,M,SA,8784,Full-Time,5,57098.35,Mortgage,2,2022-01-08
CUST003822,Joshua,Pham,1958-12-28,65,F,NSW,2925,Full-Time,8,112221.94,Mortgage,3,2024-03-13
CUST003823,Richard,Taylor,1950-12-26,73,M,QLD,1692,Part-Time,19,19267.42,Living with Family,0,2025-06-17
CUST003824,Patrick,Mcfarland,1974-01-06,50,F,VIC,2619,Casual,1,24197.84,Mortgage,0,2018-01-05
CUST003825,Michelle,Cannon,1988-09-17,35,M,NSW,2616,Full-Time,14,86009.24,Renting,0,2023-02-14
CUST003826,Shirley,Singh,1960-02-16,63,M,SA,2097,Part-Time,39,57614.62,Owner,4,2021-12-25
CUST003827,Gail,Adams,1962-03-24,61,F,WA,2621,Full-Time,43,46035.41,Renting,0,2017-11-26
CUST003828,Samuel,Patton,1956-02-14,67,F,QLD,2970,Part-Time,15,41206.17,Owner,0,2018-05-26
CUST003829,Kelly,Snyder,1995-05-25,28,M,WA,9045,Full-Time,34,79747.78,Owner,0,2025-06-23
CUST003830,Steven,Wiley,1991-08-30,32,M,WA,2971,Full-Time,1,54128.5,Mortgage,1,2024-07-02
CUST003831,Diana,Stevens,1966-08-16,57,M,NSW,2673,Full-Time,40,88858.27,Renting,1,2022-07-28
CUST003832,Clayton,Chavez,1980-06-13,43,F,VIC,2633,Full-Time,30,64941.41,Living with Family,3,2018-06-18
CUST003833,Nicole,Steele,1987-02-21,36,M,NSW,5451,Full-Time,27,82737.63,Owner,0,2023-03-09
CUST003834,Ricardo,Blair,1972-08-14,51,M,WA,1636,Casual,1,40106.42,Mortgage,0,2022-05-25
CUST003835,Melinda,Bowers,1988-08-21,35,F,WA,8630,Full-Time,9,36737.57,Renting,2,2017-09-27
CUST003836,Margaret,Johnson,2000-12-15,23,F,VIC,2284,Full-Time,2,54359.05,Owner,1,2021-04-03
CUST003837,Paul,King,1965-04-18,58,F,VIC,4333,Self-Employed,61,45670.06,Renting,0,2020-07-12
CUST003838,Barbara,Johnson,1975-11-27,48,F,QLD,3289,Full-Time,90,69266.1,Renting,2,2020-05-16
CUST003839,Danielle,Terry,1991-09-15,32,M,NSW,2980,Full-Time,82,138542.41,Renting,0,2024-05-22
CUST003840,Jon,Lowery,1986-11-08,37,F,QLD,2609,Self-Employed,36,66173.22,Renting,2,2017-12-03
CUST003841,Mitchell,Barnes,1982-05-04,41,M,NSW,5013,Self-Employed,13,56593.05,Owner,0,2018-01-13
CUST003842,Kathryn,Davis,1985-10-12,38,F,NSW,5350,Full-Time,52,45286.75,Mortgage,3,2024-02-24
CUST003843,Nancy,Jones,2005-12-07,18,F,VIC,2954,Part-Time,37,43967.58,Mortgage,2,2020-03-31
CUST003844,Kristin,Schmidt,1977-04-15,46,F,NSW,2280,Self-Employed,59,59954.38,Renting,0,2018-09-04
CUST003845,William,Fowler,1980-02-11,43,F,NSW,2144,Full-Time,85,72099.95,Owner,2,2022-06-20
CUST003846,Bryan,Allen,1953-04-12,70,F,NSW,2966,Full-Time,4,40590.44,Renting,3,2020-03-10
CUST003847,Charles,Lewis,1979-04-01,44,F,VIC,2953,Part-Time,44,47873.13,Owner,1,2021-06-05
CUST003848,Joshua,Brewer,1987-09-09,36,F,QLD,2914,Self-Employed,79,52177.87,Living with Family,2,2020-11-05
CUST003849,Brendan,Williams,1970-02-27,53,M,VIC,0901,Full-Time,34,89391.77,Owner,0,2025-01-09
CUST003850,Louis,Campbell,1979-09-03,44,M,VIC,2619,Full-Time,95,90029.0,Mortgage,1,2021-02-08
CUST003851,Ana,Johnson,1997-01-12,26,F,VIC,7027,Unemployed,0,15000.0,Renting,0,2023-11-02
CUST003852,Richard,Obrien,1987-11-02,36,M,QLD,9371,Casual,11,38613.15,Renting,0,2020-08-24
CUST003853,Zachary,Price,1955-12-01,68,M,NSW,8611,Full-Time,2,101528.59,Mortgage,0,2021-11-04
CUST003854,Marie,Gonzales,1976-12-26,47,F,NSW,6833,Full-Time,36,97516.25,Mortgage,1,2018-03-01
CUST003855,Molly,Ball,1953-07-15,70,M,QLD,2058,Full-Time,4,69540.59,Renting,1,2018-08-04
CUST003856,Michael,Ryan,1960-09-21,63,F,ACT,6565,Self-Employed,30,59678.86,Mortgage,3,2020-09-06
CUST003857,Mike,Diaz,1958-06-04,65,F,QLD,2693,Full-Time,8,64306.65,Renting,3,2021-12-06
CUST003858,Kathleen,Martin,1984-02-19,39,M,VIC,2646,Unemployed,0,20118.27,Mortgage,1,2020-04-29
CUST003859,Taylor,Frank,1957-12-18,66,M,SA,2915,Full-Time,70,80169.21,Mortgage,2,2021-10-05
CUST003860,Mark,Olsen,1953-08-02,70,M,SA,2606,Full-Time,10,46097.03,Renting,2,2021-08-28
CUST003861,Jared,Briggs,1984-10-20,39,M,QLD,2660,Full-Time,11,83787.61,Owner,0,2018-02-02
CUST003862,James,Santana,1979-08-16,44,F,VIC,2902,Full-Time,8,88251.15,Renting,0,2021-01-13
CUST003863,Brittany,Shepherd,1972-01-05,52,M,QLD,2684,Full-Time,19,90882.94,Mortgage,0,2019-07-29
CUST003864,Lisa,Mckinney,1986-09-23,37,F,VIC,2645,Full-Time,18,49670.3,Renting,4,2017-11-09
CUST003865,Sherry,Simmons,1979-10-06,44,F,VIC,2690,Self-Employed,109,35507.56,Renting,1,2023-12-17
CUST003866,James,Herman,1976-10-26,47,F,WA,4972,Full-Time,28,56533.03,Owner,3,2024-09-12
CUST003867,Danielle,Cannon,1998-08-01,25,F,VIC,2688,Self-Employed,17,39870.06,Mortgage,0,2024-07-05
CUST003868,Stephanie,Leon,1998-09-18,25,F,WA,2917,Full-Time,4,86341.87,Owner,0,2025-01-01
CUST003869,Darren,Koch,2004-10-31,19,M,QLD,3425,Part-Time,105,15000.0,Mortgage,0,2017-11-17
CUST003870,Denise,Dorsey,1992-03-18,31,F,VIC,2660,Part-Time,92,33923.29,Renting,0,2023-09-30
CUST003871,Scott,Miller,1953-04-17,70,M,VIC,2302,Self-Employed,82,54392.0,Living with Family,1,2023-03-04
CUST003872,James,Leonard,1965-11-21,58,M,SA,2920,Self-Employed,14,28116.71,Mortgage,3,2018-09-03
CUST003873,Brett,Rodgers,1989-01-14,34,M,NT,2917,Self-Employed,33,100312.62,Mortgage,3,2025-08-05
CUST003874,Christine,Reilly,1955-03-05,68,F,NSW,2601,Part-Time,45,25396.0,Mortgage,0,2022-10-29
CUST003875,Thomas,Bennett,1983-07-08,40,M,NSW,0865,Full-Time,23,56691.58,Owner,1,2023-09-03
CUST003876,Spencer,Phillips,1973-01-29,50,M,QLD,7968,Full-Time,62,96692.66,Renting,2,2024-06-01
CUST003877,Kimberly,Smith,1961-01-09,63,M,VIC,0852,Full-Time,1,92657.43,Renting,1,2018-03-06
CUST003878,Juan,Taylor,1997-07-11,26,F,QLD,2985,Part-Time,66,35277.16,Mortgage,1,2018-06-29
CUST003879,James,Neal,1976-05-05,47,M,QLD,2621,Full-Time,161,63660.55,Owner,2,2021-12-09
CUST003880,John,Hanson,1993-10-26,30,M,NSW,1705,Part-Time,55,38745.23,Mortgage,3,2022-12-18
CUST003881,John,Williams,1977-06-19,46,M,WA,2619,Part-Time,4,47451.37,Owner,1,2019-09-26
CUST003882,Brenda,Miller,1995-06-19,28,M,NSW,2950,Full-Time,16,69789.78,Renting,1,2023-06-07
CUST003883,Chad,Fletcher,1955-04-22,68,M,VIC,2636,Part-Time,18,28615.38,Owner,0,2016-10-21
CUST003884,Dennis,Bailey,1978-12-15,45,F,WA,5347,Full-Time,106,125209.23,Renting,1,2024-11-29
CUST003885,Michelle,Sellers,1984-05-27,39,F,NSW,2673,Casual,67,28625.8,Renting,0,2019-08-05
CUST003886,Jennifer,Howard,1979-03-03,44,M,QLD,2492,Full-Time,59,121069.28,Owner,1,2017-09-11
CUST003887,Thomas,Davis,1982-10-24,41,M,VIC,2763,Full-Time,9,87884.69,Mortgage,0,2025-06-16
CUST003888,Sandra,Mercer,1990-12-16,33,F,NSW,2984,Full-Time,7,50360.01,Mortgage,0,2022-11-01
CUST003889,Eric,Mcdowell,1963-08-26,60,M,SA,2472,Full-Time,46,36857.75,Owner,0,2024-01-30
CUST003890,Michael,Osborne,1973-05-16,50,M,NSW,2634,Part-Time,5,36862.91,Mortgage,2,2020-04-05
CUST003891,Michele,Vargas,1969-01-16,54,F,NSW,2647,Full-Time,111,86043.16,Renting,0,2022-10-02
CUST003892,Benjamin,Johnson,1966-07-21,57,M,NSW,2630,Full-Time,153,53733.86,Living with Family,2,2021-08-22
CUST003893,Christopher,Estrada,1988-03-29,35,F,WA,2980,Full-Time,82,77320.23,Mortgage,0,2019-08-08
CUST003894,Anita,Morgan,1983-11-26,40,F,NSW,2672,Full-Time,34,74225.89,Renting,1,2021-03-08
CUST003895,Stephanie,Harris,1956-05-15,67,F,NSW,2233,Full-Time,12,78961.89,Living with Family,1,2019-08-10
CUST003896,Diana,Robinson,1974-02-18,49,M,VIC,7301,Self-Employed,26,50068.72,Mortgage,2,2024-11-20
CUST003897,Benjamin,Williams,1953-01-09,71,M,NSW,7931,Self-Employed,25,67142.31,Mortgage,1,2021-09-13
CUST003898,Jessica,Pacheco,1979-12-12,44,M,NSW,2938,Full-Time,2,77596.44,Renting,0,2025-06-06
CUST003899,Dawn,Vaughan,1959-10-16,64,M,NSW,2954,Part-Time,12,28816.05,Renting,1,2017-04-21
CUST003900,Sherry,Avila,1981-04-06,42,F,VIC,0809,Full-Time,3,87381.28,Renting,0,2023-05-20
CUST003901,Jose,Walker,1952-08-03,71,F,QLD,2616,Full-Time,14,73442.27,Renting,4,2020-07-18
CUST003902,Robert,Jackson,1963-10-15,60,M,NSW,2081,Part-Time,6,33658.13,Renting,4,2017-12-27
CUST003903,Cynthia,Meyer,1957-09-05,66,M,VIC,2969,Full-Time,14,79931.06,Mortgage,0,2019-06-15
CUST003904,Heidi,Scott,1976-05-04,47,F,VIC,2900,Full-Time,7,37025.0,Renting,0,2024-07-27
CUST003905,Jeffrey,Holder,2002-08-02,21,F,VIC,2405,Full-Time,9,66705.5,Renting,0,2022-11-08
CUST003906,Emily,Harmon,2004-08-23,19,M,QLD,1967,Full-Time,25,96207.47,Renting,2,2025-02-03
CUST003907,Christine,Roberts,1984-10-18,39,F,VIC,2621,Full-Time,113,56966.72,Mortgage,0,2021-09-29
CUST003908,Donald,Henderson,1993-01-19,30,F,WA,2687,Full-Time,11,77593.29,Renting,2,2025-09-17
CUST003909,Michael,Johnson,1992-04-07,31,F,VIC,2567,Full-Time,14,54031.79,Mortgage,3,2020-07-27
CUST003910,Corey,Simpson,1989-10-01,34,M,VIC,2992,Full-Time,79,70091.08,Renting,0,2022-08-25
CUST003911,Susan,Ortiz,1981-03-15,42,F,QLD,2696,Self-Employed,17,100267.98,Owner,1,2021-08-17
CUST003912,Elizabeth,Johnson,2002-04-11,21,F,QLD,2992,Full-Time,33,117803.69,Mortgage,4,2020-11-11
CUST003913,Brittany,White,1973-01-05,51,M,VIC,2606,Full-Time,3,90451.89,Living with Family,0,2020-09-19
CUST003914,Zachary,Hudson,1997-11-29,26,M,WA,2667,Casual,7,39682.27,Renting,1,2022-07-08
CUST003915,Randall,Montoya,1954-09-10,69,M,VIC,2642,Part-Time,33,38232.68,Mortgage,3,2021-09-04
CUST003916,Erica,Klein,1986-11-23,37,M,QLD,7074,Full-Time,84,76572.88,Mortgage,0,2021-12-14
CUST003917,Louis,Nichols,1963-10-03,60,M,SA,2625,Part-Time,8,48358.13,Renting,0,2019-10-19
CUST003918,Steven,Hamilton,1977-05-15,46,F,NSW,7764,Casual,36,32884.31,Renting,0,2016-12-12
CUST003919,Rhonda,Wood,1998-05-14,25,M,NSW,4050,Full-Time,21,61095.11,Renting,0,2025-01-16
CUST003920,Shelly,Carter,2002-12-30,21,F,NSW,2611,Full-Time,13,77137.64,Mortgage,3,2024-10-01
CUST003921,Mark,Arnold,1995-01-03,29,F,VIC,2669,Unemployed,0,15000.0,Living with Family,2,2017-05-09
CUST003922,Brittany,Rush,1997-06-16,26,M,NSW,2966,Part-Time,14,16450.12,Mortgage,0,2019-11-19
CUST003923,Amanda,Miller,1955-02-10,68,M,NSW,2619,Casual,5,40006.37,Mortgage,1,2024-04-19
CUST003924,Roy,Brown,1967-08-12,56,M,VIC,2970,Full-Time,19,78468.03,Mortgage,3,2016-10-06
CUST003925,Jose,Wheeler,1984-09-22,39,M,NSW,0928,Full-Time,12,70207.73,Renting,0,2025-04-03
CUST003926,Pamela,Bailey,1982-04-10,41,M,QLD,2900,Self-Employed,15,32859.88,Mortgage,2,2022-05-13
CUST003927,Kim,Lawrence,1986-12-30,37,M,QLD,2011,Full-Time,6,113391.46,Renting,1,2023-04-22
CUST003928,Cynthia,Brown,1958-06-04,65,M,WA,3607,Full-Time,3,59905.34,Living with Family,1,2019-03-15
CUST003929,Tanya,Morales,1982-11-18,41,M,QLD,7522,Self-Employed,107,91548.87,Renting,3,2018-03-08
CUST003930,Ricky,Clark,1999-01-31,24,M,SA,2619,Full-Time,17,110481.31,Renting,1,2022-06-06
CUST003931,Gary,Williams,1950-08-21,73,M,NSW,2920,Full-Time,19,40069.53,Renting,0,2022-06-23
CUST003932,Derek,Green,1950-11-16,73,F,NSW,2656,Casual,19,49646.82,Mortgage,3,2022-08-02
CUST003933,Jordan,Ballard,1974-04-15,49,M,NSW,2615,Full-Time,22,102211.23,Renting,1,2018-11-17
CUST003934,Jessica,Roberts,2004-07-18,19,F,QLD,2057,Part-Time,2,51915.63,Owner,0,2024-09-06
CUST003935,Lindsay,Farmer,1989-10-08,34,M,NSW,2936,Self-Employed,30,65212.98,Mortgage,3,2025-03-28
CUST003936,Michael,Russell,2005-06-19,18,F,NSW,2920,Part-Time,17,25266.25,Owner,0,2019-01-10
CUST003937,Amy,Vasquez,1991-07-05,32,F,QLD,2675,Full-Time,4,125335.07,Owner,0,2022-07-16
CUST003938,Nathan,King,1964-05-29,59,F,NSW,2346,Full-Time,3,84283.74,Owner,1,2022-08-16
CUST003939,Theresa,Bates,2001-09-17,22,M,VIC,0258,Casual,9,32036.16,Mortgage,0,2018-07-06
CUST003940,Joseph,Gonzalez,1993-01-30,30,M,VIC,2928,Part-Time,44,32284.94,Renting,0,2023-05-26
CUST003941,Shelby,Gomez,1962-12-27,61,M,VIC,9626,Full-Time,50,30664.7,Owner,4,2024-03-19
CUST003942,Tiffany,Gallegos,1962-03-31,61,F,QLD,8532,Full-Time,29,85404.59,Renting,1,2016-12-27
CUST003943,Steven,Diaz,1988-03-06,35,M,VIC,2910,Full-Time,2,74613.26,Mortgage,3,2025-01-16
CUST003944,Kelly,Moore,2001-12-27,22,F,QLD,0298,Self-Employed,62,75222.59,Renting,0,2018-09-10
CUST003945,Johnathan,Sanchez,1997-10-25,26,M,NSW,2609,Full-Time,33,76199.94,Mortgage,0,2022-12-09
CUST003946,Anthony,Johnson,1999-12-26,24,F,QLD,2935,Full-Time,28,146646.37,Renting,3,2023-12-03
CUST003947,Jennifer,Carlson,1970-09-04,53,M,VIC,4467,Part-Time,35,60328.77,Owner,0,2018-03-18
CUST003948,Brett,Gonzalez,1997-06-11,26,M,WA,2659,Full-Time,34,61465.05,Renting,0,2023-07-21
CUST003949,Heidi,Griffin,1982-08-15,41,M,NSW,2920,Casual,37,25425.12,Renting,2,2024-11-20
CUST003950,Brittany,Nelson,1998-09-16,25,F,NSW,2960,Self-Employed,14,118014.94,Renting,1,2018-11-25
CUST003951,Bryan,Taylor,2003-05-26,20,M,NSW,9515,Full-Time,38,84494.76,Renting,0,2017-01-26
CUST003952,Heidi,Smith,1957-06-03,66,F,VIC,2950,Self-Employed,9,74724.36,Living with Family,1,2022-08-24
CUST003953,Clinton,Clark,2005-05-16,18,M,NSW,2681,Full-Time,9,90361.95,Renting,0,2017-12-23
CUST003954,Joseph,Sutton,1976-08-21,47,M,WA,2683,Full-Time,27,71035.16,Renting,2,2023-06-25
CUST003955,Marissa,Rivera,1985-09-17,38,M,VIC,2411,Self-Employed,82,96657.73,Owner,2,2018-01-02
CUST003956,Barbara,Hill,1987-10-28,36,F,VIC,2646,Full-Time,5,100118.01,Owner,2,2019-12-12
CUST003957,Lisa,Hernandez,2001-01-19,22,M,VIC,2606,Self-Employed,65,87385.7,Owner,2,2024-11-17
CUST003958,Maurice,Holt,1996-06-24,27,M,VIC,8573,Self-Employed,52,74569.76,Renting,1,2021-06-25
CUST003959,Erica,Bailey,1981-11-10,42,F,VIC,2951,Part-Time,4,49424.97,Renting,3,2019-01-23
CUST003960,Tiffany,Yates,1993-08-10,30,M,NSW,0919,Self-Employed,25,57658.25,Renting,1,2018-10-25
CUST003961,Thomas,Winters,1955-03-02,68,M,TAS,2935,Full-Time,153,59844.78,Renting,1,2024-03-08
CUST003962,Gabrielle,Barker,1967-11-11,56,M,NSW,2162,Casual,27,49798.3,Owner,1,2020-12-27
CUST003963,Daniel,Bryant,1981-04-08,42,M,QLD,2697,Part-Time,21,60570.88,Owner,0,2018-12-23
CUST003964,Megan,Singleton,1955-04-07,68,M,NSW,2947,Full-Time,28,77950.92,Mortgage,2,2020-02-05
CUST003965,Jennifer,Booth,1974-04-09,49,F,ACT,2646,Casual,7,40451.41,Renting,2,2019-01-15
CUST003966,Karen,Johnson,1955-08-13,68,M,QLD,2781,Self-Employed,46,38950.8,Mortgage,2,2021-04-29
CUST003967,Scott,Moore,1995-03-04,28,F,NSW,6906,Part-Time,12,39636.12,Living with Family,1,2021-11-11
CUST003968,Marisa,Allen,1954-08-03,69,F,VIC,2699,Part-Time,15,29187.13,Mortgage,2,2022-02-07
CUST003969,Ryan,Snyder,2004-10-24,19,F,NSW,2245,Full-Time,39,46797.69,Mortgage,0,2017-01-06
CUST003970,Christina,Lawrence,1968-11-11,55,F,VIC,2632,Full-Time,34,55797.33,Renting,0,2024-12-14
CUST003971,Robert,Perez,1990-07-21,33,M,NSW,2523,Part-Time,214,19368.33,Mortgage,0,2019-04-01
CUST003972,Kimberly,Gillespie,1963-01-07,61,M,QLD,8048,Full-Time,23,90409.16,Mortgage,2,2019-10-28
CUST003973,Diane,Santos,2004-01-01,20,M,NSW,2225,Casual,11,26435.59,Renting,1,2022-03-12
CUST003974,Kenneth,Williams,1963-10-12,60,M,NSW,2638,Casual,11,31957.87,Owner,0,2018-04-22
CUST003975,Daniel,Scott,1991-08-16,32,F,WA,2915,Part-Time,50,45349.71,Mortgage,2,2023-08-18
CUST003976,Steven,Obrien,1975-05-04,48,F,VIC,2315,Full-Time,29,85690.63,Mortgage,1,2019-05-12
CUST003977,Justin,Green,1951-02-19,72,M,SA,2483,Full-Time,37,109413.56,Renting,0,2022-07-19
CUST003978,Nicole,Watson,1964-02-26,59,M,TAS,2402,Full-Time,19,105401.32,Mortgage,2,2022-09-15
CUST003979,Timothy,Gregory,1983-09-03,40,F,QLD,2550,Casual,183,48775.96,Mortgage,2,2020-05-25
CUST003980,Danny,Nunez,1989-05-11,34,F,NSW,2909,Full-Time,66,81618.58,Renting,0,2017-11-11
CUST003981,Susan,Lamb,2002-02-11,21,F,QLD,2613,Full-Time,9,95479.71,Mortgage,1,2024-06-09
CUST003982,Meagan,Thomas,1979-04-06,44,M,QLD,0810,Full-Time,3,73031.91,Living with Family,2,2023-04-22
CUST003983,Lori,Moore,1978-02-05,45,F,VIC,2598,Full-Time,12,69015.33,Renting,1,2018-12-10
CUST003984,Charles,Morris,1982-08-16,41,F,NSW,2677,Full-Time,8,81003.13,Renting,2,2020-08-22
CUST003985,Kendra,Howard,1977-10-20,46,M,VIC,5877,Casual,30,46195.62,Mortgage,0,2016-09-25
CUST003986,Michael,Larson,1987-01-18,36,M,VIC,0815,Full-Time,37,50387.44,Renting,1,2024-06-29
CUST003987,Joshua,Williams,1953-01-01,71,F,VIC,2650,Full-Time,28,57086.36,Owner,1,2017-11-26
CUST003988,Julia,Meyer,1987-03-17,36,F,SA,9789,Self-Employed,75,44363.44,Living with Family,1,2017-01-12
CUST003989,Shelby,Little,1962-01-31,61,F,NSW,2229,Part-Time,21,66543.43,Renting,1,2019-07-28
CUST003990,Kathleen,Williams,1972-11-29,51,M,QLD,2240,Casual,55,38796.4,Renting,3,2022-03-02
CUST003991,Jamie,Russell,1991-06-02,32,M,NSW,2905,Casual,36,56099.7,Mortgage,2,2019-05-28
CUST003992,Jennifer,Thomas,1953-09-19,70,F,VIC,2608,Full-Time,8,69009.25,Renting,0,2021-04-08
CUST003993,Pamela,Greer,1952-04-25,71,F,VIC,2627,Full-Time,121,129601.38,Mortgage,2,2018-04-12
CUST003994,Karen,Garcia,1952-07-15,71,F,VIC,2694,Full-Time,16,83578.03,Owner,1,2020-02-07
CUST003995,Lance,Hernandez,1955-07-24,68,F,VIC,2538,Full-Time,21,81710.46,Mortgage,1,2022-08-23
CUST003996,Laura,Thompson,1959-07-14,64,M,WA,9316,Self-Employed,24,55546.65,Renting,3,2021-06-07
CUST003997,Dana,Walker,1991-09-13,32,M,NSW,1389,Full-Time,23,88755.25,Mortgage,1,2022-10-25
CUST003998,Deborah,Miles,1989-03-06,34,F,NSW,2696,Full-Time,44,118167.04,Mortgage,1,2022-02-15
CUST003999,William,Mccarthy,1976-09-29,47,F,VIC,2920,Full-Time,22,115685.34,Mortgage,1,2020-07-31
CUST004000,Brad,Gomez,1960-05-29,63,M,NSW,2441,Casual,5,47276.07,Mortgage,2,2023-10-01
CUST004001,Robin,Bryant,2005-10-13,18,F,QLD,2603,Part-Time,34,52009.78,Living with Family,0,2019-02-23
CUST004002,Laura,Bauer,1970-11-28,53,F,SA,4951,Full-Time,36,32065.99,Renting,0,2018-05-07
CUST004003,Allison,Miller,1976-05-02,47,M,NSW,2619,Full-Time,22,97078.42,Renting,0,2024-08-30
CUST004004,Christopher,Baker,1983-08-10,40,M,NSW,2935,Self-Employed,222,72215.86,Renting,0,2019-01-23
CUST004005,Catherine,Thomas,1970-10-20,53,F,NSW,2995,Full-Time,10,102004.18,Living with Family,0,2019-10-09
CUST004006,Carol,Chavez,1997-06-11,26,M,SA,2920,Full-Time,14,106964.44,Owner,1,2017-06-06
CUST004007,Jessica,Cochran,1975-03-14,48,F,QLD,3862,Full-Time,131,71943.76,Renting,0,2024-05-05
CUST004008,Michael,Rodriguez,1963-09-05,60,F,VIC,2996,Part-Time,31,41066.89,Mortgage,0,2025-01-14
CUST004009,Jeffery,Johnson,1975-04-14,48,M,NSW,2977,Self-Employed,47,84625.74,Mortgage,3,2018-08-04
CUST004010,Amy,Christian,1955-06-09,68,M,QLD,2914,Full-Time,46,57479.73,Mortgage,1,2024-02-18
CUST004011,Jessica,Robinson,1952-06-04,71,F,QLD,2926,Full-Time,19,45403.04,Renting,2,2025-05-18
CUST004012,Kristin,Blackwell,1967-03-28,56,M,QLD,2657,Full-Time,4,83008.39,Living with Family,0,2020-07-17
CUST004013,Aaron,Bean,1991-12-03,32,F,NSW,2619,Part-Time,41,34984.13,Owner,2,2017-05-15
CUST004014,Kimberly,Sutton,1976-03-27,47,F,NSW,2651,Full-Time,13,57662.38,Owner,1,2020-02-05
CUST004015,Jeremy,Burke,1966-11-13,57,F,NSW,4636,Full-Time,15,71433.08,Mortgage,1,2019-01-30
CUST004016,John,Edwards,1951-04-22,72,M,WA,4969,Self-Employed,24,17740.84,Renting,2,2021-04-27
CUST004017,Andrew,Bennett,1977-09-28,46,M,VIC,9300,Full-Time,68,95309.51,Mortgage,0,2019-03-25
CUST004018,Felicia,Knapp,1962-06-25,61,M,NSW,2686,Casual,14,15000.0,Owner,3,2023-04-15
CUST004019,Christian,Cooper,1989-10-01,34,M,SA,2652,Full-Time,107,71627.6,Living with Family,0,2023-09-28
CUST004020,Stacy,Wilson,1990-09-23,33,F,VIC,2647,Self-Employed,71,62519.16,Renting,3,2025-02-20
CUST004021,Carmen,Ramirez,1971-12-16,52,F,VIC,2140,Part-Time,15,32576.04,Renting,0,2020-02-13
CUST004022,Dustin,Davis,2004-01-19,19,M,NSW,4722,Full-Time,48,74939.61,Owner,0,2021-05-07
CUST004023,David,Lee,1966-01-04,58,M,QLD,2481,Self-Employed,11,80352.46,Owner,0,2020-09-28
CUST004024,Vanessa,Morales,1983-07-25,40,F,NSW,2275,Casual,111,36194.05,Living with Family,3,2022-10-26
CUST004025,Jessica,Copeland,1980-03-22,43,F,QLD,8497,Self-Employed,74,100267.78,Mortgage,3,2024-10-09
CUST004026,Shane,Burke,1983-06-18,40,F,VIC,2942,Part-Time,5,26138.23,Living with Family,1,2025-02-03
CUST004027,Tracy,Rodriguez,1957-07-19,66,M,QLD,4656,Casual,1,47599.59,Mortgage,0,2019-12-05
CUST004028,Angela,Nichols,1992-07-07,31,F,SA,2506,Full-Time,106,19059.36,Mortgage,2,2017-06-01
CUST004029,Lauren,Dickerson,1961-12-24,62,F,QLD,2946,Full-Time,14,78468.08,Mortgage,1,2024-06-23
CUST004030,Ricky,Calderon,1955-03-22,68,M,VIC,2649,Full-Time,8,77329.46,Renting,0,2020-11-15
CUST004031,Marissa,West,2005-02-13,18,M,NSW,2656,Part-Time,1,28046.44,Mortgage,1,2017-08-27
CUST004032,Chelsea,Robinson,1984-05-02,39,M,QLD,9811,Part-Time,36,43310.47,Owner,1,2021-11-21
CUST004033,Alicia,Norris,2001-06-10,22,F,WA,6990,Full-Time,12,71081.42,Owner,2,2020-04-02
CUST004034,Brandon,Gallagher,1959-05-25,64,F,WA,1716,Full-Time,4,86975.47,Mortgage,0,2025-08-23
CUST004035,Laura,Dominguez,1969-11-30,54,F,QLD,2619,Full-Time,79,90816.32,Owner,1,2020-03-23
CUST004036,Hannah,Fisher,1996-04-08,27,M,NSW,2619,Full-Time,5,76113.58,Renting,0,2023-12-12
CUST004037,Theodore,Callahan,1963-10-08,60,F,VIC,2954,Full-Time,27,36626.9,Owner,0,2021-12-06
CUST004038,Brandon,Norris,1993-06-23,30,F,WA,2237,Full-Time,31,53309.78,Mortgage,1,2022-10-11
CUST004039,Kara,Watson,1984-08-09,39,M,NSW,2958,Full-Time,25,45021.05,Mortgage,2,2018-10-01
CUST004040,Rebecca,Hoover,1990-01-10,33,M,QLD,2699,Full-Time,34,75752.31,Renting,0,2024-12-23
CUST004041,Mariah,Hernandez,1981-07-09,42,M,QLD,2839,Full-Time,73,94790.21,Living with Family,0,2022-05-31
CUST004042,Marco,Woodward,1958-03-02,65,M,NSW,2951,Full-Time,58,54780.89,Owner,1,2020-08-31
CUST004043,Martha,Haynes,1965-07-10,58,F,WA,2655,Full-Time,4,78758.77,Mortgage,0,2021-09-29
CUST004044,Crystal,Cameron,2000-08-29,23,M,QLD,2776,Part-Time,11,39067.06,Renting,3,2024-10-21
CUST004045,Daniel,Warner,2002-03-12,21,F,NSW,2653,Full-Time,38,66473.09,Renting,0,2020-05-17
CUST004046,Heather,Foster,1951-11-22,72,F,QLD,5945,Self-Employed,1,90491.55,Living with Family,1,2019-01-18
CUST004047,Jennifer,Peters,1997-07-25,26,M,NSW,2943,Part-Time,16,24250.84,Owner,1,2017-07-27
CUST004048,Kimberly,Morrison,1972-04-28,51,M,VIC,1796,Full-Time,69,61226.26,Renting,1,2021-06-01
CUST004049,Kimberly,Howell,1992-06-19,31,F,QLD,6645,Full-Time,16,72573.11,Mortgage,0,2024-08-29
CUST004050,Steven,Soto,1983-04-29,40,F,VIC,2189,Part-Time,4,42880.82,Renting,2,2022-03-04
CUST004051,Daniel,Webb,1959-12-05,64,M,VIC,2665,Full-Time,38,79304.62,Renting,1,2022-08-01
CUST004052,Christopher,Morales,1993-10-31,30,M,NSW,2313,Part-Time,7,55038.81,Mortgage,3,2018-09-01
CUST004053,James,Patterson,1985-10-14,38,F,QLD,2072,Full-Time,33,83956.1,Living with Family,2,2017-10-24
CUST004054,Jasmine,Villegas,1987-10-28,36,F,QLD,2654,Full-Time,31,62784.55,Renting,0,2017-12-01
CUST004055,George,Rosales,1959-09-07,64,F,NSW,2819,Part-Time,2,48934.79,Renting,0,2021-06-14
CUST004056,Jennifer,Cochran,1995-08-28,28,F,NSW,2263,Full-Time,3,38589.14,Mortgage,3,2018-05-22
CUST004057,Larry,Winters,1963-05-04,60,F,NSW,2581,Part-Time,9,22855.41,Owner,0,2022-07-25
CUST004058,Joseph,Phillips,1967-09-16,56,F,WA,9420,Part-Time,98,31511.74,Renting,1,2018-02-21
CUST004059,Lindsey,Molina,1965-12-09,58,M,VIC,1947,Full-Time,9,95460.47,Renting,0,2020-06-05
CUST004060,Sharon,Wilson,1990-06-01,33,M,WA,3615,Full-Time,20,79541.2,Mortgage,1,2020-06-22
CUST004061,Cheyenne,Johnston,1965-08-13,58,F,VIC,2547,Full-Time,12,110815.29,Renting,0,2019-11-21
CUST004062,Christine,Brown,1985-09-29,38,F,VIC,2667,Full-Time,2,146860.41,Mortgage,1,2017-01-27
CUST004063,Daisy,Evans,1967-10-08,56,F,VIC,2941,Full-Time,9,93859.74,Renting,1,2022-11-19
CUST004064,William,Summers,1985-11-23,38,M,WA,2981,Full-Time,7,84201.15,Mortgage,0,2022-09-24
CUST004065,Chad,Day,1997-05-23,26,M,TAS,2946,Full-Time,31,59429.37,Living with Family,1,2019-08-08
CUST004066,Kara,Wheeler,1965-03-22,58,M,VIC,2650,Full-Time,52,85423.85,Renting,3,2022-06-07
CUST004067,Timothy,Dawson,1959-11-06,64,M,SA,2609,Full-Time,11,121393.68,Owner,2,2022-09-13
CUST004068,Kimberly,Hudson,1984-07-10,39,M,QLD,2683,Full-Time,41,42127.76,Renting,2,2021-07-23
CUST004069,John,Davenport,1955-02-19,68,F,NSW,0983,Full-Time,5,75399.96,Owner,2,2022-03-16
CUST004070,Christine,Hall,1950-09-02,73,M,NSW,2932,Full-Time,1,70625.3,Renting,1,2019-04-01
CUST004071,Eduardo,Smith,1986-04-27,37,M,WA,2602,Self-Employed,10,84942.31,Renting,1,2021-05-03
CUST004072,Robert,Harris,1960-08-14,63,F,QLD,2938,Full-Time,55,55687.52,Owner,2,2021-07-29
CUST004073,John,Clark,1963-01-26,60,M,VIC,2971,Self-Employed,7,31983.37,Renting,0,2025-03-05
CUST004074,Patrick,Orr,1992-07-03,31,M,VIC,2708,Full-Time,59,96243.67,Owner,1,2020-08-20
CUST004075,Lisa,Thompson,1996-08-11,27,F,QLD,2698,Full-Time,167,105925.43,Mortgage,2,2018-04-25
CUST004076,Shirley,Spencer,2004-06-18,19,F,NSW,2950,Casual,30,37020.29,Living with Family,1,2020-10-09
CUST004077,Lori,Smith,1961-07-27,62,F,NSW,2962,Self-Employed,69,105120.59,Renting,0,2025-06-28
CUST004078,Cynthia,Boyle,1999-03-05,24,F,VIC,0859,Unemployed,0,22901.72,Renting,2,2019-03-04
CUST004079,Crystal,Smith,1977-07-17,46,F,QLD,5696,Full-Time,57,56654.01,Mortgage,0,2019-04-11
CUST004080,Carolyn,Franco,1961-11-17,62,F,QLD,2916,Full-Time,19,123396.22,Mortgage,1,2019-09-05
CUST004081,David,Dunn,1964-09-22,59,M,NSW,2660,Full-Time,61,50870.5,Mortgage,1,2017-01-23
CUST004082,Brianna,Hill,1984-01-22,39,F,NSW,9873,Unemployed,0,18792.61,Mortgage,2,2025-02-18
CUST004083,Cheryl,Morales,1992-08-15,31,F,QLD,2988,Self-Employed,55,44388.12,Owner,3,2025-05-22
CUST004084,Brianna,Carr,1974-08-25,49,M,NSW,2770,Full-Time,4,98644.83,Mortgage,1,2020-05-27
CUST004085,Isabella,Wyatt,1955-11-26,68,F,ACT,2069,Full-Time,112,126523.74,Renting,0,2017-03-10
CUST004086,Christine,Odonnell,1998-10-23,25,F,VIC,2403,Unemployed,0,16000.84,Mortgage,0,2023-11-29
CUST004087,Stephanie,Baldwin,1964-11-05,59,M,NSW,2611,Casual,122,27778.05,Mortgage,2,2019-10-03
CUST004088,Michael,Reynolds,1977-08-04,46,M,VIC,2940,Self-Employed,15,36447.88,Living with Family,0,2022-08-07
CUST004089,Jessica,Henderson,1954-03-03,69,F,QLD,2016,Full-Time,2,64713.96,Mortgage,3,2021-02-23
CUST004090,Anna,Cummings,1966-09-10,57,F,VIC,2653,Part-Time,49,27347.01,Renting,1,2019-04-13
CUST004091,Tammy,Bishop,1961-10-05,62,M,QLD,0969,Part-Time,28,26836.08,Mortgage,1,2021-05-18
CUST004092,Tiffany,House,1950-10-23,73,F,VIC,2940,Self-Employed,30,49915.22,Owner,1,2022-07-15
CUST004093,Ricky,Zimmerman,1995-01-21,28,F,VIC,2687,Self-Employed,34,92557.29,Mortgage,4,2019-10-24
CUST004094,Mallory,Curry,1952-05-15,71,M,NSW,2728,Full-Time,34,93549.29,Mortgage,3,2020-08-20
CUST004095,Jacqueline,Matthews,1977-01-29,46,M,VIC,2957,Self-Employed,10,60169.33,Mortgage,3,2017-11-04
CUST004096,Megan,Rivera,2005-05-06,18,M,VIC,2698,Part-Time,1,39949.92,Mortgage,0,2019-08-22
CUST004097,Tracy,Garner,1990-08-29,33,F,WA,2984,Self-Employed,43,51173.94,Mortgage,3,2021-05-09
CUST004098,Crystal,Hodges,1995-07-10,28,F,NSW,2698,Full-Time,123,84975.47,Renting,1,2022-07-19
CUST004099,Katherine,Russell,1982-12-16,41,M,QLD,9063,Casual,15,31936.43,Mortgage,1,2019-08-19
CUST004100,Andrew,Larsen,1970-01-27,53,F,WA,2012,Full-Time,10,95711.64,Owner,1,2020-09-04
CUST004101,Carolyn,Miller,1983-04-04,40,F,VIC,0830,Full-Time,45,78536.89,Renting,2,2023-07-23
CUST004102,William,Wood,1987-01-01,37,F,QLD,2920,Part-Time,31,53252.44,Mortgage,0,2020-11-10
CUST004103,Katherine,Williams,1980-02-17,43,M,SA,2676,Part-Time,65,25122.78,Mortgage,3,2019-09-03
CUST004104,Sierra,Burgess,1958-03-27,65,F,VIC,2674,Part-Time,5,63183.86,Living with Family,0,2019-06-18
CUST004105,Courtney,Scott,1966-01-15,58,M,WA,3963,Full-Time,26,84696.07,Living with Family,0,2018-10-26
CUST004106,Emily,Hernandez,1980-11-19,43,F,VIC,2685,Full-Time,59,53994.61,Renting,0,2020-09-06
CUST004107,Thomas,Kirby,1974-03-08,49,F,NSW,2273,Full-Time,5,48340.57,Living with Family,2,2024-04-08
CUST004108,Kevin,Delacruz,2001-02-09,22,F,NSW,2907,Full-Time,24,47948.24,Renting,2,2024-09-12
CUST004109,Robert,Taylor,1959-10-07,64,F,QLD,2696,Part-Time,6,39105.96,Renting,0,2020-09-22
CUST004110,Blake,Mendez,1967-11-22,56,F,SA,9977,Full-Time,32,97376.77,Living with Family,1,2019-02-09
CUST004111,Kiara,Brooks,1978-06-25,45,F,ACT,2843,Full-Time,41,123838.65,Mortgage,2,2025-03-11
CUST004112,Jennifer,Taylor,1998-05-28,25,M,VIC,2963,Part-Time,7,35793.05,Renting,0,2020-09-27
CUST004113,Jon,Petersen,1976-05-22,47,F,VIC,2037,Full-Time,51,75503.48,Renting,0,2020-03-24
CUST004114,Thomas,Johnson,1974-01-29,49,M,QLD,2630,Casual,25,41292.24,Owner,0,2025-05-07
CUST004115,Tanner,Miller,1977-07-26,46,F,QLD,7753,Self-Employed,12,86000.28,Renting,1,2019-05-29
CUST004116,Karen,Miranda,1954-02-19,69,F,SA,2670,Self-Employed,8,66366.2,Living with Family,2,2022-04-28
CUST004117,Antonio,Robbins,1953-02-06,70,F,QLD,5406,Full-Time,68,57888.97,Owner,0,2020-01-29
CUST004118,William,Allen,1970-06-09,53,F,SA,2924,Full-Time,8,50847.22,Mortgage,2,2019-10-25
CUST004119,Susan,Cook,1980-03-12,43,F,VIC,2605,Part-Time,9,23105.82,Mortgage,2,2018-12-09
CUST004120,Robin,Hancock,2005-01-17,18,F,NSW,2626,Full-Time,15,44392.55,Owner,0,2020-08-04
CUST004121,Frances,Sexton,1951-07-30,72,M,QLD,1047,Full-Time,18,77021.83,Mortgage,0,2016-12-26
CUST004122,Chad,Fitzgerald,1992-06-18,31,F,NSW,2939,Full-Time,52,79810.61,Renting,1,2025-08-18
CUST004123,Madison,Miller,1988-05-02,35,M,VIC,7989,Full-Time,2,76726.48,Owner,0,2022-01-18
CUST004124,Leonard,Miller,1972-11-15,51,M,VIC,9158,Full-Time,9,29277.01,Owner,0,2018-08-29
CUST004125,Kristin,Hill,2005-07-02,18,M,VIC,2601,Full-Time,4,41317.95,Renting,0,2019-07-14
CUST004126,Shane,Mclean,1967-07-02,56,M,ACT,3687,Self-Employed,34,46965.92,Owner,0,2022-09-29
CUST004127,Steven,Silva,1966-01-02,58,F,QLD,2996,Full-Time,136,97961.79,Mortgage,2,2021-08-26
CUST004128,Christina,Yang,1958-04-08,65,M,VIC,2625,Full-Time,296,126412.97,Renting,4,2020-05-12
CUST004129,Alvin,May,1983-09-22,40,F,NSW,2342,Full-Time,14,111548.35,Owner,1,2023-01-14
CUST004130,Adam,White,1989-11-04,34,M,VIC,2657,Self-Employed,53,65555.28,Owner,0,2020-07-12
CUST004131,Andre,Ramirez,1966-04-20,57,F,QLD,2913,Casual,10,51684.98,Renting,1,2022-05-02
CUST004132,Robin,Jones,1974-03-22,49,M,NSW,2251,Full-Time,9,93126.91,Mortgage,0,2018-09-02
CUST004133,Paul,Johnson,1954-11-05,69,F,QLD,2920,Full-Time,4,105834.15,Renting,0,2019-06-29
CUST004134,Jason,Garza,2000-01-18,23,F,VIC,2447,Full-Time,79,61873.74,Renting,0,2023-04-29
CUST004135,Gary,Gibson,1978-09-30,45,F,NSW,2932,Casual,109,36324.37,Mortgage,2,2016-09-30
CUST004136,Jose,Garcia,1968-09-16,55,M,NSW,2643,Full-Time,77,92109.21,Living with Family,1,2023-10-10
CUST004137,Jeremiah,Howard,1977-08-13,46,M,WA,2486,Full-Time,13,60763.3,Renting,2,2020-06-12
CUST004138,Michelle,Mendoza,2003-06-01,20,M,QLD,2531,Part-Time,86,41470.88,Owner,2,2025-06-13
CUST004139,Charles,Craig,2003-01-04,21,M,NSW,1258,Full-Time,1,124366.6,Owner,3,2020-02-02
CUST004140,Shirley,Barnes,1965-03-30,58,M,NSW,2948,Full-Time,66,101626.9,Mortgage,4,2024-01-21
CUST004141,Stephanie,Walls,1969-12-25,54,M,VIC,4521,Full-Time,35,51834.56,Owner,1,2021-02-15
CUST004142,Matthew,Dean,1984-08-29,39,F,WA,0809,Part-Time,33,51896.6,Owner,0,2021-06-05
CUST004143,Erica,Mcpherson,1990-09-01,33,M,VIC,2648,Full-Time,4,64996.5,Mortgage,4,2025-07-15
CUST004144,Lindsey,Franco,1968-11-18,55,F,QLD,2619,Full-Time,10,88542.78,Mortgage,1,2020-02-12
CUST004145,Christine,Lewis,1969-09-29,54,F,TAS,2671,Full-Time,18,98663.28,Renting,0,2022-01-05
CUST004146,Kathryn,Armstrong,1967-10-08,56,M,VIC,9003,Casual,45,44190.66,Living with Family,3,2025-05-15
CUST004147,Jonathan,Cruz,1953-07-01,70,M,NSW,2729,Full-Time,20,81114.34,Renting,2,2025-07-24
CUST004148,Robin,Garcia,1959-10-06,64,M,QLD,7597,Full-Time,53,76559.72,Mortgage,0,2023-06-05
CUST004149,Kathryn,Williams,1963-10-09,60,M,QLD,6121,Full-Time,5,80813.64,Living with Family,0,2021-05-11
CUST004150,Rebecca,Phillips,1958-09-13,65,M,VIC,2446,Full-Time,14,77038.01,Renting,2,2017-07-08
CUST004151,Martin,Davidson,1964-03-12,59,F,NSW,2973,Self-Employed,146,63339.23,Renting,4,2024-05-13
CUST004152,Malik,Williams,2004-12-15,19,F,NSW,2244,Part-Time,1,50837.76,Renting,2,2016-10-25
CUST004153,Christopher,Joseph,1975-04-21,48,M,VIC,2296,Full-Time,134,97220.77,Renting,0,2019-12-21
CUST004154,Elizabeth,Edwards,1981-07-27,42,F,VIC,2906,Self-Employed,13,39743.48,Mortgage,0,2023-05-26
CUST004155,John,Mcbride,1990-10-14,33,M,VIC,2944,Full-Time,20,79775.89,Renting,0,2017-10-20
CUST004156,Terri,Harper,1982-02-10,41,F,QLD,2526,Full-Time,8,80902.59,Living with Family,2,2025-03-04
CUST004157,Carla,Peterson,1999-06-22,24,F,NSW,2264,Part-Time,1,44781.79,Living with Family,2,2022-11-19
CUST004158,Samantha,Lara,2003-12-14,20,F,NSW,2061,Full-Time,1,87842.69,Owner,0,2024-12-25
CUST004159,Tina,James,1993-02-14,30,F,NSW,0810,Full-Time,3,91459.61,Mortgage,0,2017-04-03
CUST004160,Mary,Park,1993-06-11,30,M,NSW,8224,Full-Time,6,54637.71,Owner,0,2017-12-06
CUST004161,Richard,Thomas,1992-08-25,31,F,QLD,3221,Full-Time,13,91152.53,Renting,0,2022-06-03
CUST004162,Sarah,Morales,1978-09-06,45,F,NSW,2989,Full-Time,13,93636.78,Living with Family,0,2021-11-03
CUST004163,Dustin,Rice,1971-11-07,52,M,SA,0947,Casual,108,50736.04,Living with Family,1,2021-11-18
CUST004164,Christopher,Smith,2003-10-21,20,F,QLD,2969,Full-Time,2,77725.21,Renting,0,2018-10-19
CUST004165,Cynthia,Nielsen,1988-02-15,35,M,NSW,0957,Full-Time,56,90406.84,Renting,0,2017-11-21
CUST004166,Courtney,Williams,1957-06-03,66,F,NSW,2662,Full-Time,27,65672.2,Owner,0,2018-01-14
CUST004167,Deanna,Ford,1952-06-06,71,F,VIC,2885,Casual,13,41437.88,Renting,3,2022-04-07
CUST004168,Jonathan,Lee,1992-05-10,31,M,VIC,2901,Full-Time,14,85682.24,Mortgage,2,2018-01-10
CUST004169,Kenneth,Lopez,1970-01-02,54,F,VIC,2158,Full-Time,4,65671.53,Owner,1,2024-09-07
CUST004170,Andrew,Spears,1996-04-16,27,M,NSW,0986,Full-Time,34,89259.97,Renting,0,2016-11-13
CUST004171,Keith,Johnson,1971-10-10,52,F,QLD,2654,Casual,45,39068.7,Renting,2,2016-11-03
CUST004172,Melanie,Tanner,1995-02-24,28,F,SA,2776,Full-Time,34,109884.3,Living with Family,0,2022-12-16
CUST004173,Matthew,Robbins,1984-12-06,39,M,QLD,2041,Self-Employed,12,88667.31,Owner,1,2022-06-08
CUST004174,Mark,Myers,1983-08-16,40,M,VIC,2730,Full-Time,3,89802.94,Owner,0,2017-07-27
CUST004175,Courtney,Gomez,1972-04-14,51,F,QLD,2623,Full-Time,14,77377.28,Renting,2,2021-05-11
CUST004176,William,Dixon,1978-04-09,45,F,WA,2985,Full-Time,27,59885.7,Renting,1,2020-07-21
CUST004177,John,Harris,1985-11-19,38,F,VIC,2262,Full-Time,115,98514.09,Renting,3,2024-09-09
CUST004178,Brittany,Dyer,1957-09-25,66,M,SA,2538,Full-Time,36,69421.37,Owner,0,2020-03-01
CUST004179,Timothy,Lawrence,2003-03-17,20,M,QLD,2611,Full-Time,20,108297.46,Renting,4,2023-07-05
CUST004180,Jason,Smith,1985-06-02,38,M,NSW,2951,Full-Time,20,122735.13,Renting,0,2023-07-25
CUST004181,Melody,Meyer,1992-01-31,31,M,NSW,2943,Full-Time,17,40141.78,Renting,3,2021-10-07
CUST004182,Ashley,Parker,2004-11-13,19,F,VIC,6147,Unemployed,0,18175.72,Mortgage,0,2024-01-02
CUST004183,Susan,Hall,1992-02-17,31,M,NSW,2612,Full-Time,61,65021.33,Renting,0,2021-10-09
CUST004184,Nicole,Bernard,1983-11-11,40,M,WA,0273,Full-Time,16,34701.16,Renting,0,2022-06-25
CUST004185,Mark,Walker,1997-04-16,26,M,SA,2997,Casual,19,51888.14,Living with Family,3,2016-10-17
CUST004186,Michelle,Malone,1982-01-03,42,M,NSW,2998,Full-Time,55,69271.71,Mortgage,1,2023-06-17
CUST004187,Lauren,James,1973-09-24,50,F,NT,2639,Full-Time,2,106331.73,Mortgage,0,2024-09-28
CUST004188,Elizabeth,Bates,1971-01-17,52,F,VIC,2652,Full-Time,22,89563.73,Mortgage,2,2021-06-15
CUST004189,Amanda,Smith,1959-04-14,64,F,SA,2619,Part-Time,37,47555.58,Owner,0,2021-06-20
CUST004190,Nathaniel,Williams,1958-09-03,65,M,NSW,3856,Full-Time,10,72039.58,Mortgage,2,2021-07-17
CUST004191,Sheri,Henderson,1967-01-05,57,F,NSW,0278,Full-Time,21,131154.84,Renting,1,2016-11-21
CUST004192,Joshua,Solis,2004-10-09,19,F,SA,2687,Full-Time,15,39430.96,Mortgage,1,2025-06-27
CUST004193,Autumn,Guerra,1992-04-20,31,F,QLD,2915,Full-Time,23,94160.45,Renting,1,2018-01-16
CUST004194,Daisy,Miller,1963-02-16,60,M,NSW,2915,Self-Employed,44,90225.89,Mortgage,0,2024-10-19
CUST004195,Jenna,Greene,1989-05-19,34,F,NSW,2648,Full-Time,52,92415.44,Owner,3,2023-01-09
CUST004196,Amanda,Ellis,1978-01-23,45,F,VIC,2811,Self-Employed,22,53642.55,Renting,0,2023-01-28
CUST004197,Alisha,Sutton,1966-08-12,57,F,WA,2646,Full-Time,8,46115.15,Owner,0,2020-09-19
CUST004198,Mary,Pearson,1993-11-03,30,F,SA,0897,Part-Time,29,30186.14,Renting,2,2020-07-18
CUST004199,Joseph,Sullivan,1969-02-19,54,F,WA,2941,Self-Employed,95,81643.47,Renting,0,2023-08-19
CUST004200,Ryan,Tanner,1994-11-20,29,M,NSW,0867,Self-Employed,8,72285.3,Owner,2,2021-06-28
CUST004201,Savannah,Smith,1974-06-24,49,F,VIC,2293,Full-Time,56,104735.03,Mortgage,3,2019-11-19
CUST004202,Isaiah,Conley,1978-12-23,45,F,NSW,2993,Full-Time,62,90484.37,Renting,4,2024-04-04
CUST004203,Jill,Johnston,1954-09-15,69,M,WA,0922,Part-Time,7,44604.53,Owner,3,2025-01-08
CUST004204,Alice,Malone,1958-02-10,65,M,SA,2674,Full-Time,1,71338.85,Renting,2,2023-09-04
CUST004205,Timothy,Ortiz,1984-07-15,39,F,QLD,2298,Full-Time,2,56079.61,Mortgage,2,2023-08-15
CUST004206,Heather,Friedman,1975-01-03,49,M,WA,0980,Full-Time,20,117733.43,Living with Family,0,2019-03-13
CUST004207,James,Evans,1995-10-04,28,M,VIC,1153,Casual,5,24508.19,Renting,2,2020-09-02
CUST004208,Laura,Rose,1963-10-06,60,F,QLD,2997,Full-Time,17,84333.09,Owner,1,2017-08-30
CUST004209,Jose,Butler,1969-10-15,54,M,VIC,2053,Full-Time,124,112114.17,Owner,0,2021-12-30
CUST004210,Blake,Zamora,2001-06-28,22,F,QLD,2920,Self-Employed,68,65266.84,Owner,1,2024-06-04
CUST004211,Makayla,Powell,2003-09-30,20,F,VIC,2627,Part-Time,20,48209.08,Renting,2,2017-12-13
CUST004212,Kara,Foster,1986-03-20,37,M,VIC,2939,Self-Employed,17,54733.57,Mortgage,4,2021-11-19
CUST004213,Hannah,Page,1955-12-09,68,M,QLD,2966,Full-Time,2,65559.67,Living with Family,2,2020-09-21
CUST004214,Felicia,Pratt,1986-01-24,37,M,QLD,2970,Full-Time,8,87767.14,Mortgage,1,2018-04-06
CUST004215,Nicole,Howard,1954-09-08,69,F,VIC,2943,Full-Time,44,76340.75,Living with Family,1,2021-09-27
CUST004216,Emily,Gibson,1999-08-29,24,M,VIC,2948,Full-Time,34,59173.7,Mortgage,2,2017-12-22
CUST004217,Paul,Butler,2002-10-01,21,M,VIC,2679,Full-Time,36,72426.83,Renting,3,2020-01-23
CUST004218,William,Roberts,1977-06-07,46,M,QLD,2990,Casual,63,22195.28,Mortgage,0,2020-09-26
CUST004219,Marilyn,Guerra,1985-01-28,38,F,SA,2951,Full-Time,27,82962.98,Living with Family,0,2022-09-21
CUST004220,Heidi,Hurley,2001-07-24,22,M,VIC,7817,Part-Time,6,41774.96,Renting,1,2021-01-27
CUST004221,Eric,Byrd,1971-03-16,52,M,NSW,2841,Full-Time,116,64097.51,Renting,1,2023-11-13
CUST004222,Frederick,Harris,1984-10-04,39,M,QLD,2564,Self-Employed,46,32081.33,Renting,1,2022-04-21
CUST004223,Katherine,Wolf,1960-01-16,64,F,WA,8597,Full-Time,19,91748.09,Owner,2,2019-03-05
CUST004224,Michael,Deleon,1975-07-14,48,F,TAS,6070,Casual,50,47924.28,Mortgage,2,2019-12-24
CUST004225,Cheyenne,Wong,1967-04-20,56,M,WA,2674,Full-Time,59,96266.76,Mortgage,1,2018-09-23
CUST004226,Amanda,Sandoval,1994-02-22,29,F,WA,2556,Full-Time,23,64564.07,Owner,2,2023-12-06
CUST004227,Donald,Smith,1959-11-11,64,M,VIC,6490,Full-Time,19,89207.2,Renting,3,2021-02-08
CUST004228,Heather,Evans,2004-08-17,19,F,NSW,2619,Full-Time,143,100726.51,Renting,2,2019-11-02
CUST004229,Steven,Martinez,1970-08-09,53,M,NSW,2201,Full-Time,77,51793.28,Mortgage,1,2017-10-31
CUST004230,Johnny,Gibson,1969-01-15,54,M,VIC,2684,Part-Time,74,45416.92,Mortgage,2,2022-04-04
CUST004231,Elizabeth,Cardenas,1964-12-20,59,M,QLD,2787,Full-Time,76,99707.0,Renting,0,2017-12-04
CUST004232,Michael,Hayden,1970-03-02,53,F,NSW,2956,Unemployed,0,18637.19,Owner,2,2019-01-06
CUST004233,Joseph,Burch,1962-09-04,61,M,QLD,0974,Full-Time,2,57458.39,Mortgage,1,2017-08-01
CUST004234,Nancy,Brooks,1980-09-11,43,M,VIC,2679,Full-Time,8,74474.7,Mortgage,0,2022-09-17
CUST004235,Michelle,Herrera,1958-07-10,65,M,QLD,2975,Full-Time,87,89734.38,Living with Family,0,2021-09-12
CUST004236,Emily,Perkins,1998-02-05,25,M,NSW,2967,Full-Time,30,99642.21,Mortgage,1,2023-06-12
CUST004237,Tony,Reilly,1967-03-18,56,F,NSW,2566,Part-Time,16,15000.0,Living with Family,0,2017-02-14
CUST004238,Renee,Ayala,1995-05-25,28,F,SA,2713,Full-Time,131,92826.98,Mortgage,2,2020-06-02
CUST004239,Judith,Rios,1963-07-20,60,F,NSW,0947,Self-Employed,26,45689.58,Mortgage,0,2016-09-28
CUST004240,Cristian,Morales,1950-10-14,73,F,SA,6714,Full-Time,37,69621.99,Owner,4,2023-04-16
CUST004241,Brittany,Le,1978-04-21,45,F,QLD,2694,Full-Time,21,121372.91,Living with Family,0,2017-11-05
CUST004242,Luis,Peterson,1969-12-26,54,M,QLD,2183,Full-Time,54,123926.34,Renting,1,2021-03-21
CUST004243,Jennifer,Powell,1966-03-01,57,F,SA,2619,Self-Employed,53,60133.47,Renting,0,2020-11-16
CUST004244,Makayla,Garcia,1960-10-20,63,M,QLD,2375,Full-Time,28,44416.28,Owner,0,2022-04-08
CUST004245,Meghan,Chang,1951-07-16,72,M,QLD,2610,Full-Time,13,106805.92,Renting,2,2025-03-09
CUST004246,Krystal,Nelson,1976-05-28,47,F,NSW,2178,Self-Employed,9,85915.66,Renting,3,2020-08-13
CUST004247,Sherry,Edwards,1984-05-16,39,M,NSW,2562,Full-Time,30,67187.81,Renting,3,2017-09-18
CUST004248,Beth,Norman,1996-01-07,28,M,QLD,9967,Unemployed,0,15000.0,Mortgage,4,2020-05-04
CUST004249,Whitney,Gibbs,1964-03-23,59,M,NSW,2920,Self-Employed,9,39584.17,Owner,0,2025-09-21
CUST004250,Emily,Kelly,1971-01-27,52,F,QLD,8960,Full-Time,22,64065.52,Mortgage,0,2021-02-15
CUST004251,Dean,Medina,1976-02-01,47,M,QLD,2813,Casual,7,44324.93,Mortgage,2,2018-10-19
CUST004252,Daniel,Lee,1969-10-05,54,F,NSW,1143,Full-Time,12,62071.7,Living with Family,0,2017-02-23
CUST004253,Meredith,Martin,1976-11-16,47,F,WA,0949,Full-Time,6,90145.37,Owner,1,2018-10-07
CUST004254,Emily,Walker,1973-03-24,50,M,QLD,2919,Part-Time,7,45896.55,Owner,3,2020-06-13
CUST004255,Nicole,Sampson,1994-04-22,29,F,VIC,2880,Part-Time,45,51607.63,Owner,0,2018-06-28
CUST004256,Teresa,Contreras,1994-04-01,29,F,NSW,2273,Unemployed,0,26434.48,Owner,2,2023-12-19
CUST004257,Samuel,Diaz,1994-08-18,29,M,QLD,2636,Full-Time,39,53813.55,Mortgage,1,2024-02-22
CUST004258,Terri,Cooper,1979-07-09,44,F,NSW,0237,Casual,29,44247.08,Renting,2,2024-01-05
CUST004259,Jasmine,Marsh,2004-08-04,19,M,SA,2638,Full-Time,69,102555.15,Renting,1,2024-07-01
CUST004260,Ruben,Aguilar,1980-01-25,43,F,QLD,2422,Full-Time,4,64983.63,Renting,0,2025-05-03
CUST004261,Gabriel,Baker,1995-12-09,28,F,VIC,2645,Full-Time,1,69988.92,Mortgage,0,2024-07-10
CUST004262,Christopher,Rodriguez,1996-06-03,27,F,QLD,2920,Full-Time,8,18590.16,Renting,1,2023-10-31
CUST004263,Linda,Thomas,1981-06-05,42,M,NSW,2959,Full-Time,13,94175.18,Owner,0,2024-07-05
CUST004264,Katherine,Flores,1972-08-06,51,F,VIC,2746,Full-Time,48,52833.87,Renting,0,2024-12-15
CUST004265,Henry,Parks,1990-05-01,33,F,VIC,2944,Full-Time,121,77025.57,Living with Family,0,2019-04-21
CUST004266,Abigail,Salinas,1954-02-27,69,F,NSW,4513,Full-Time,72,115113.45,Renting,1,2020-02-29
CUST004267,William,Smith,1975-11-01,48,F,QLD,2952,Self-Employed,75,108646.91,Mortgage,0,2017-03-31
CUST004268,Deborah,Fernandez,1981-10-11,42,F,NSW,6376,Self-Employed,17,62656.11,Renting,3,2021-05-05
CUST004269,Amanda,Hurst,1994-12-26,29,M,SA,2920,Self-Employed,80,57876.9,Mortgage,2,2025-03-05
CUST004270,Emily,Martin,1964-10-25,59,F,QLD,2348,Self-Employed,2,73843.99,Renting,1,2018-12-02
CUST004271,Joseph,Brown,1963-10-26,60,F,VIC,2512,Unemployed,0,19238.99,Renting,2,2020-09-16
CUST004272,Rhonda,Smith,1981-02-22,42,F,QLD,1876,Unemployed,0,27917.07,Mortgage,2,2025-01-02
CUST004273,Timothy,Oconnor,1976-11-29,47,M,VIC,1676,Full-Time,23,76582.91,Living with Family,3,2017-09-13
CUST004274,Kimberly,Bennett,1981-03-31,42,F,NSW,7507,Full-Time,11,73975.91,Renting,3,2020-07-07
CUST004275,Mary,Fields,1977-09-23,46,M,WA,2651,Self-Employed,1,63237.19,Owner,1,2021-03-20
CUST004276,Amy,Singleton,1952-02-25,71,M,VIC,2998,Full-Time,14,66120.95,Mortgage,2,2017-03-03
CUST004277,Walter,Cervantes,1967-02-12,56,M,QLD,2680,Self-Employed,2,89164.76,Renting,2,2018-10-05
CUST004278,Evan,Kirk,1997-09-12,26,F,NSW,2956,Full-Time,7,104473.7,Owner,0,2019-01-13
CUST004279,Kenneth,Chapman,1974-08-19,49,M,VIC,2460,Full-Time,55,58785.51,Renting,2,2019-08-19
CUST004280,Karen,Lynch,2002-04-15,21,M,QLD,2064,Casual,3,53449.69,Mortgage,0,2023-11-21
CUST004281,Tammy,Ball,1982-09-26,41,F,NSW,2920,Full-Time,20,96070.14,Mortgage,3,2022-07-13
CUST004282,David,Olsen,1963-01-14,61,F,VIC,2619,Full-Time,30,93846.34,Renting,0,2023-01-26
CUST004283,Felicia,Martinez,1984-04-21,39,M,QLD,2358,Full-Time,35,60932.85,Living with Family,1,2021-11-21
CUST004284,Victoria,Thomas,1960-08-14,63,F,NSW,2997,Self-Employed,15,44388.52,Owner,3,2025-04-25
CUST004285,Gregory,Yu,1976-07-17,47,M,WA,2691,Casual,83,43121.54,Owner,3,2022-02-09
CUST004286,Raymond,Taylor,1986-09-16,37,F,VIC,2952,Part-Time,20,48894.46,Mortgage,1,2020-05-03
CUST004287,Grant,Henderson,1949-12-05,74,M,WA,2088,Part-Time,49,28301.69,Renting,0,2020-10-28
CUST004288,Wyatt,Thomas,1995-09-13,28,F,VIC,7335,Full-Time,15,91457.0,Mortgage,0,2021-08-19
CUST004289,Maria,Lee,1993-07-29,30,F,NSW,0810,Unemployed,0,15000.0,Mortgage,1,2020-05-25
CUST004290,Nicole,Nguyen,1975-09-30,48,F,TAS,2474,Full-Time,104,95224.81,Renting,0,2019-10-08
CUST004291,Audrey,Ingram,1964-06-10,59,F,WA,2961,Full-Time,6,46943.28,Renting,1,2016-12-16
CUST004292,Christopher,Williams,1959-03-06,64,M,NSW,2428,Full-Time,45,38755.99,Living with Family,3,2018-12-04
CUST004293,Mark,Palmer,1954-10-05,69,M,VIC,0997,Full-Time,122,90867.37,Renting,1,2021-10-27
CUST004294,Jeffrey,Morton,1950-06-02,73,M,VIC,7717,Full-Time,34,62654.34,Renting,3,2025-01-31
CUST004295,Todd,Johnson,1954-06-14,69,M,NSW,2156,Unemployed,0,15000.0,Mortgage,2,2021-03-24
CUST004296,Patricia,Turner,2002-05-13,21,F,VIC,2624,Casual,95,40206.98,Renting,1,2024-11-30
CUST004297,Adam,Davis,1990-04-01,33,M,VIC,2994,Self-Employed,46,73437.65,Mortgage,2,2021-08-04
CUST004298,Cynthia,Peters,1963-03-05,60,F,NSW,2943,Self-Employed,11,89392.64,Renting,2,2018-11-16
CUST004299,Jonathan,Avila,1972-01-25,51,M,ACT,2906,Full-Time,1,114620.01,Renting,3,2020-11-03
CUST004300,Ryan,Brown,1999-12-08,24,F,VIC,2984,Casual,214,48614.39,Mortgage,2,2018-09-29
CUST004301,Stephanie,Cameron,1968-07-21,55,F,VIC,6731,Casual,35,30808.26,Renting,0,2022-06-23
CUST004302,Joel,Perez,1977-02-15,46,M,QLD,2654,Full-Time,146,84591.97,Living with Family,0,2021-12-11
CUST004303,Maria,Swanson,1974-02-05,49,M,QLD,2957,Full-Time,1,73211.74,Mortgage,0,2024-10-15
CUST004304,Miranda,Wilson,1965-01-15,59,F,QLD,1484,Full-Time,37,37011.94,Mortgage,0,2024-10-18
CUST004305,Brenda,Haynes,1999-07-15,24,M,WA,2613,Part-Time,47,43839.48,Owner,4,2024-04-26
CUST004306,Vicki,Hughes,1981-02-16,42,M,QLD,2954,Full-Time,7,23017.68,Owner,1,2018-03-09
CUST004307,Brooke,Allison,1952-09-17,71,F,QLD,2979,Part-Time,18,38261.28,Mortgage,1,2023-03-10
CUST004308,Thomas,Collier,1967-01-23,56,M,WA,2510,Unemployed,0,18317.39,Renting,1,2021-01-30
CUST004309,Kristopher,Cole,1977-02-20,46,F,NSW,2925,Part-Time,57,57638.09,Renting,0,2020-06-28
CUST004310,William,Tyler,1976-06-25,47,F,WA,2632,Part-Time,157,49102.81,Mortgage,1,2020-03-18
CUST004311,Kenneth,Morgan,1983-03-04,40,M,WA,2039,Full-Time,24,80007.89,Mortgage,2,2016-10-26
CUST004312,Sue,James,1979-02-28,44,M,NSW,2966,Full-Time,18,46434.56,Mortgage,0,2016-10-29
CUST004313,Jennifer,Daniel,1974-11-22,49,M,VIC,2656,Full-Time,41,74168.42,Mortgage,1,2017-05-02
CUST004314,Sarah,Casey,1979-11-08,44,F,VIC,2910,Casual,42,40740.69,Mortgage,0,2022-05-07
CUST004315,Nicole,Zamora,1999-09-28,24,F,SA,2619,Full-Time,3,53835.39,Owner,0,2020-02-05
CUST004316,Destiny,Hudson,1952-02-06,71,F,QLD,0226,Full-Time,6,48661.87,Living with Family,2,2018-09-24
CUST004317,Isaiah,Mcgee,1976-11-23,47,M,NSW,2611,Full-Time,40,62184.4,Owner,1,2022-10-03
CUST004318,Stacey,Malone,1954-09-06,69,M,NSW,2961,Self-Employed,16,57478.01,Owner,0,2017-11-23
CUST004319,Gerald,Guerrero,1984-05-10,39,M,QLD,2168,Part-Time,25,49641.81,Renting,0,2025-06-04
CUST004320,Gary,Harris,1987-08-11,36,M,NSW,2683,Full-Time,26,79635.11,Mortgage,3,2022-11-19
CUST004321,Brett,Thomas,1994-10-02,29,F,NT,0893,Full-Time,9,106455.61,Renting,2,2018-12-30
CUST004322,Kristin,Olsen,1971-09-18,52,M,QLD,2069,Full-Time,19,60520.43,Renting,1,2025-08-03
CUST004323,Jeremy,Stark,1964-09-21,59,F,WA,2999,Casual,4,20295.38,Renting,2,2019-10-27
CUST004324,Matthew,Medina,1957-04-18,66,M,WA,2995,Full-Time,13,51681.37,Mortgage,2,2023-09-25
CUST004325,Christopher,Wagner,1984-06-15,39,F,VIC,2697,Self-Employed,104,35422.1,Living with Family,2,2023-03-01
CUST004326,Kristen,Hensley,1952-07-17,71,M,QLD,2748,Full-Time,5,73647.0,Owner,1,2024-09-11
CUST004327,Justin,Mendoza,1981-12-15,42,M,NSW,2953,Self-Employed,32,55348.42,Renting,2,2017-09-07
CUST004328,Crystal,Duran,2005-07-06,18,M,WA,8042,Full-Time,55,73557.86,Owner,0,2019-12-26
CUST004329,Rebecca,Moreno,2005-08-02,18,M,VIC,1537,Casual,7,40781.67,Mortgage,0,2020-06-01
CUST004330,Lauren,Castillo,1970-11-27,53,F,VIC,2608,Full-Time,43,66023.97,Renting,2,2021-06-30
CUST004331,Amy,Johnson,2005-06-10,18,M,QLD,2650,Part-Time,48,28787.06,Renting,3,2018-10-13
CUST004332,David,Martinez,1983-12-14,40,F,VIC,2370,Full-Time,13,52988.44,Renting,4,2024-11-03
CUST004333,Tanya,Berger,1955-02-14,68,M,QLD,9663,Full-Time,7,105723.28,Mortgage,0,2025-04-15
CUST004334,Dorothy,Fernandez,1994-09-19,29,F,VIC,2919,Casual,8,38592.48,Owner,3,2021-06-11
CUST004335,Samantha,Stone,1977-10-19,46,F,WA,2661,Self-Employed,161,71787.66,Owner,2,2018-12-28
CUST004336,Kyle,Cox,1958-11-11,65,F,SA,0229,Full-Time,39,77078.96,Owner,2,2024-01-30
CUST004337,Elizabeth,Long,1977-03-18,46,M,WA,2931,Full-Time,111,70714.72,Owner,3,2020-07-26
CUST004338,Kathleen,Weaver,1963-04-29,60,M,VIC,3070,Full-Time,214,77898.25,Renting,3,2016-11-24
CUST004339,Blake,Rose,1954-04-14,69,F,NSW,2935,Full-Time,21,78250.31,Mortgage,0,2022-11-20
CUST004340,Andrew,Becker,1958-06-06,65,F,NSW,1175,Full-Time,26,100251.58,Renting,1,2019-05-28
CUST004341,Carl,Hill,2004-08-28,19,M,NSW,2920,Self-Employed,1,67476.22,Mortgage,1,2022-04-20
CUST004342,Heather,Brown,1987-12-03,36,M,NSW,2866,Full-Time,23,48096.83,Mortgage,0,2017-11-28
CUST004343,Debra,Smith,1976-10-12,47,F,VIC,2552,Part-Time,24,29189.57,Renting,1,2020-05-17
CUST004344,Seth,Hill,1989-03-13,34,M,NSW,2236,Full-Time,48,71025.77,Living with Family,0,2017-03-23
CUST004345,Katie,Carter,1980-09-23,43,M,SA,4330,Full-Time,1,60361.61,Renting,3,2021-11-18
CUST004346,Stephanie,Thomas,1971-05-01,52,F,VIC,2698,Self-Employed,103,99686.9,Renting,1,2018-09-02
CUST004347,Dawn,Simmons,1980-10-01,43,M,NSW,2445,Part-Time,7,58699.69,Renting,2,2020-09-25
CUST004348,Jermaine,Morales,1984-03-15,39,F,NSW,2348,Full-Time,35,77841.71,Living with Family,2,2019-10-21
CUST004349,Christine,Stevens,1990-07-17,33,M,QLD,2550,Full-Time,238,38948.52,Owner,0,2023-03-24
CUST004350,Tyler,Zavala,1982-07-11,41,F,QLD,2912,Full-Time,4,81112.69,Owner,1,2016-12-22
CUST004351,Charles,Anderson,1957-03-20,66,F,NSW,2619,Full-Time,126,67671.86,Mortgage,0,2024-05-11
CUST004352,Jennifer,Gomez,1958-09-13,65,F,VIC,2693,Self-Employed,30,65260.98,Mortgage,1,2023-01-26
CUST004353,Shannon,Smith,2005-12-16,18,F,QLD,2893,Full-Time,22,75997.9,Owner,2,2023-07-06
CUST004354,William,Watkins,1983-09-08,40,F,VIC,2558,Part-Time,38,42876.12,Owner,3,2025-05-28
CUST004355,Nathan,Morris,1986-05-12,37,F,VIC,2619,Full-Time,7,90533.92,Owner,3,2017-06-03
CUST004356,Laurie,Brewer,1998-07-31,25,F,NSW,2449,Full-Time,10,29575.12,Renting,1,2018-03-17
CUST004357,Kristin,Cook,1950-11-07,73,F,NSW,2904,Part-Time,14,52173.62,Living with Family,3,2022-12-27
CUST004358,Latoya,Collins,1956-02-24,67,F,NSW,2654,Casual,3,15000.0,Owner,1,2021-10-10
CUST004359,John,Jenkins,1976-11-08,47,M,VIC,2982,Part-Time,11,37653.64,Owner,0,2019-11-02
CUST004360,Sara,Young,1954-05-08,69,F,WA,2324,Casual,10,17173.22,Owner,4,2022-08-08
CUST004361,Tammy,Melendez,2004-12-20,19,M,NSW,2613,Self-Employed,110,66913.44,Renting,1,2023-07-25
CUST004362,Jeanette,Murray,1987-03-07,36,F,WA,2644,Part-Time,19,47385.94,Renting,3,2019-05-26
CUST004363,James,Ware,1986-07-30,37,F,NSW,2939,Full-Time,81,104143.18,Renting,2,2024-10-17
CUST004364,Fred,Villegas,1979-10-28,44,M,TAS,2985,Self-Employed,3,79600.15,Renting,1,2021-01-05
CUST004365,Richard,Dawson,1969-04-21,54,F,QLD,2933,Full-Time,75,102716.45,Owner,1,2024-10-09
CUST004366,Deborah,Conley,1999-12-26,24,M,VIC,0890,Full-Time,39,60773.23,Mortgage,0,2023-08-04
CUST004367,Sarah,Holland,1962-11-09,61,M,VIC,2922,Full-Time,21,44224.13,Owner,2,2019-05-13
CUST004368,Robert,Williams,1983-06-08,40,M,ACT,2009,Full-Time,90,74650.84,Renting,0,2019-04-23
CUST004369,Robert,Gomez,1984-08-10,39,M,NSW,2687,Full-Time,44,69713.56,Renting,3,2020-06-17
CUST004370,Gary,Reyes,1966-06-06,57,M,NSW,2622,Full-Time,1,85161.18,Living with Family,1,2020-01-07
CUST004371,Sandra,Walker,1984-03-04,39,M,QLD,7309,Part-Time,36,64313.12,Renting,0,2023-07-27
CUST004372,Joseph,Greer,1991-05-12,32,M,NSW,2215,Full-Time,4,82072.91,Mortgage,0,2018-01-22
CUST004373,Sheryl,Wilson,1963-09-30,60,F,QLD,2902,Casual,27,45110.1,Mortgage,0,2024-02-06
CUST004374,Rhonda,Green,1972-09-10,51,F,WA,2956,Full-Time,129,78364.68,Owner,1,2021-11-13
CUST004375,Natasha,Walters,1995-06-06,28,M,SA,8429,Full-Time,54,63868.89,Renting,0,2023-11-25
CUST004376,Mark,Rose,1962-05-03,61,F,VIC,2874,Full-Time,7,60816.9,Renting,0,2018-03-13
CUST004377,Dana,Flowers,1983-02-02,40,F,VIC,2949,Full-Time,14,76784.06,Renting,0,2020-06-24
CUST004378,Heather,Cobb,1973-10-27,50,M,WA,2453,Full-Time,8,55856.32,Owner,1,2024-06-28
CUST004379,Gary,Reynolds,1950-11-18,73,F,ACT,2644,Full-Time,14,41151.33,Mortgage,0,2020-11-28
CUST004380,Richard,Smith,1994-12-06,29,M,QLD,2662,Full-Time,19,51825.91,Mortgage,0,2022-03-04
CUST004381,Benjamin,Mata,1950-08-25,73,F,NSW,2264,Full-Time,12,87371.36,Renting,1,2024-04-22
CUST004382,Michelle,Newman,1973-04-22,50,F,NSW,2932,Unemployed,0,15000.0,Owner,1,2020-10-15
CUST004383,Megan,Thornton,1978-01-30,45,M,VIC,2944,Casual,52,27598.2,Renting,0,2022-08-27
CUST004384,Samantha,Thompson,1952-10-09,71,M,VIC,2691,Casual,67,36892.44,Owner,0,2020-04-30
CUST004385,Douglas,Thornton,1978-04-21,45,M,WA,2267,Casual,60,28081.41,Mortgage,0,2025-04-11
CUST004386,Joseph,Duncan,1996-10-15,27,F,QLD,0834,Full-Time,74,41456.35,Mortgage,3,2025-04-30
CUST004387,Ricardo,Smith,1989-05-23,34,F,NSW,2943,Casual,1,41920.83,Renting,2,2023-05-19
CUST004388,Michelle,Moody,1988-09-10,35,F,WA,2962,Full-Time,7,52763.01,Renting,2,2021-05-06
CUST004389,Jeffrey,Bryant,1982-02-01,41,F,NSW,2698,Full-Time,11,118190.2,Renting,0,2017-08-12
CUST004390,Andrew,Olson,1962-07-25,61,F,VIC,2853,Casual,1,36066.9,Renting,0,2022-05-21
CUST004391,Jared,White,1998-05-06,25,F,QLD,2686,Full-Time,70,67971.28,Mortgage,1,2019-07-08
CUST004392,Elijah,Chang,1998-09-29,25,M,NSW,2709,Casual,20,33108.27,Mortgage,1,2021-07-28
CUST004393,Lori,Moore,1960-10-18,63,M,VIC,2693,Part-Time,31,38122.63,Mortgage,2,2019-11-06
CUST004394,Charles,Williams,1968-07-12,55,F,NSW,2692,Full-Time,7,93664.22,Renting,4,2019-08-31
CUST004395,Tony,Davis,1997-03-21,26,F,VIC,2965,Full-Time,46,66622.8,Mortgage,1,2021-07-14
CUST004396,Linda,Blanchard,1978-08-25,45,M,WA,2804,Full-Time,41,102808.34,Renting,0,2018-02-03
CUST004397,Lisa,Leonard,2001-08-28,22,F,QLD,2956,Part-Time,76,40894.77,Mortgage,0,2019-06-23
CUST004398,Christine,Watson,1954-04-17,69,F,VIC,2971,Part-Time,7,60204.93,Renting,0,2017-11-28
CUST004399,Lauren,Johnson,1963-03-20,60,M,NSW,2920,Part-Time,125,50898.49,Owner,2,2023-08-30
CUST004400,Christopher,Wright,1954-02-05,69,M,SA,2960,Full-Time,90,84694.17,Mortgage,3,2019-11-14
CUST004401,Jessica,Collins,1992-10-25,31,M,VIC,2719,Full-Time,28,50021.92,Mortgage,1,2023-02-21
CUST004402,Mathew,Crawford,1977-01-04,47,F,NSW,2945,Self-Employed,61,48542.84,Mortgage,0,2021-03-10
CUST004403,Sarah,Reynolds,1956-10-05,67,M,NSW,2682,Casual,1,41673.71,Renting,1,2025-05-09
CUST004404,David,Ramirez,1986-05-16,37,M,NSW,2690,Casual,37,30847.55,Renting,0,2024-04-13
CUST004405,Julie,Anderson,1974-09-13,49,F,VIC,2385,Full-Time,105,40195.69,Owner,1,2024-10-01
CUST004406,John,Anderson,1991-04-06,32,F,QLD,1761,Full-Time,83,123622.04,Mortgage,0,2019-07-16
CUST004407,Brian,Lawson,1966-07-01,57,F,VIC,2988,Casual,11,15000.0,Mortgage,3,2024-01-02
CUST004408,Robert,Griffin,1988-06-13,35,M,VIC,2343,Full-Time,7,52135.72,Mortgage,1,2022-11-24
CUST004409,Roberto,Durham,1989-11-26,34,M,NSW,3090,Casual,42,25005.11,Owner,1,2017-09-16
CUST004410,Justin,Webster,1954-04-16,69,M,QLD,2503,Casual,3,34200.12,Renting,2,2022-02-14
CUST004411,William,Mason,1977-11-21,46,F,NSW,2589,Full-Time,70,86306.49,Living with Family,2,2018-08-03
CUST004412,Terri,Myers,1966-01-10,58,F,VIC,2619,Unemployed,0,19769.29,Mortgage,0,2020-03-13
CUST004413,Alexandra,Russell,1963-10-29,60,M,NSW,3785,Full-Time,28,112020.9,Mortgage,1,2017-07-10
CUST004414,Michael,Fisher,1997-02-16,26,F,WA,7050,Full-Time,24,126249.28,Mortgage,2,2022-09-03
CUST004415,Victoria,Blake,1971-11-15,52,M,NSW,4267,Self-Employed,51,63571.2,Renting,2,2018-04-23
CUST004416,Timothy,Moore,1951-09-19,72,M,WA,2920,Casual,70,56494.88,Mortgage,0,2018-02-18
CUST004417,Danielle,Spencer,1949-10-30,74,F,VIC,2927,Part-Time,33,30567.03,Owner,2,2018-02-11
CUST004418,Jason,Fisher,1960-12-05,63,F,VIC,2078,Unemployed,0,17663.95,Renting,2,2018-09-25
CUST004419,Kimberly,Chung,1991-09-29,32,F,ACT,2680,Self-Employed,32,97385.54,Renting,0,2023-08-23
CUST004420,Stephanie,Meyer,1984-09-26,39,M,VIC,7995,Full-Time,51,53366.65,Renting,0,2017-08-27
CUST004421,Tiffany,Lawson,1964-07-14,59,F,NSW,2676,Full-Time,44,105758.91,Mortgage,3,2020-11-16
CUST004422,Paul,Baker,1954-05-02,69,F,NSW,2166,Full-Time,34,30461.09,Owner,0,2021-06-19
CUST004423,Shannon,Jones,1991-09-03,32,M,WA,9571,Full-Time,108,93668.14,Living with Family,4,2017-06-25
CUST004424,Ryan,Bell,1967-05-18,56,M,QLD,7563,Full-Time,12,66647.62,Renting,2,2025-09-11
CUST004425,Karen,Gordon,1964-03-01,59,F,VIC,0973,Full-Time,19,93309.23,Owner,1,2022-01-08
CUST004426,Jennifer,Taylor,1958-03-24,65,F,QLD,8565,Casual,25,50204.08,Renting,1,2023-07-20
CUST004427,Kaylee,Warner,1962-02-18,61,M,QLD,2913,Full-Time,1,102388.6,Mortgage,1,2016-11-21
CUST004428,Nicholas,Watts,1961-05-01,62,F,QLD,2911,Full-Time,26,83925.33,Owner,0,2022-01-19
CUST004429,Robert,Watson,1959-01-22,64,M,VIC,9720,Part-Time,110,44663.54,Owner,1,2024-05-23
CUST004430,Elizabeth,Taylor,1958-01-20,65,F,VIC,2974,Casual,30,20071.42,Owner,4,2019-10-04
CUST004431,Brian,Peterson,1951-02-08,72,F,QLD,6080,Full-Time,48,105022.23,Mortgage,1,2022-09-19
CUST004432,Andrea,Clark,1983-09-21,40,F,QLD,2920,Casual,43,19155.32,Living with Family,1,2020-05-03
CUST004433,Abigail,Mendoza,1976-04-21,47,F,NSW,2936,Full-Time,37,84184.85,Mortgage,0,2017-08-08
CUST004434,James,Leon,1962-03-04,61,M,NSW,2923,Full-Time,165,50645.6,Owner,0,2021-06-17
CUST004435,Brian,Johnson,1994-07-12,29,M,NSW,2443,Part-Time,23,34217.67,Renting,0,2019-07-17
CUST004436,Christine,Perez,1985-05-27,38,M,WA,2074,Full-Time,20,94104.24,Mortgage,3,2017-09-06
CUST004437,Dawn,Edwards,1982-07-30,41,M,NSW,2866,Full-Time,16,44561.59,Renting,0,2018-02-05
CUST004438,Heather,Howard,1985-08-22,38,F,VIC,8962,Full-Time,15,69251.29,Living with Family,2,2018-01-12
CUST004439,Kimberly,Welch,1958-09-23,65,F,NSW,2202,Self-Employed,43,54983.82,Renting,4,2017-11-14
CUST004440,Jeffrey,Finley,1951-11-23,72,M,VIC,2156,Unemployed,0,21154.29,Mortgage,1,2023-06-02
CUST004441,Melanie,Ashley,1975-12-02,48,M,QLD,2655,Full-Time,109,95567.36,Renting,0,2017-06-08
CUST004442,Anne,Williams,1971-02-16,52,M,QLD,2718,Full-Time,2,18696.53,Renting,0,2024-05-19
CUST004443,Michelle,Khan,1959-05-10,64,F,NSW,1516,Part-Time,12,42605.02,Mortgage,2,2020-05-07
CUST004444,Amy,Wilson,1952-03-31,71,M,WA,2653,Part-Time,39,55700.21,Owner,1,2021-12-08
CUST004445,Angela,Wise,1978-01-07,46,F,SA,2920,Full-Time,21,60465.41,Renting,1,2022-06-09
CUST004446,Angela,Marsh,1951-09-05,72,F,VIC,0215,Self-Employed,12,62850.64,Owner,3,2017-12-27
CUST004447,Marcus,Arnold,1972-05-25,51,M,VIC,2924,Casual,84,44101.45,Mortgage,0,2019-06-14
CUST004448,Ernest,Rowland,1950-08-02,73,M,NSW,9248,Full-Time,25,67922.17,Renting,1,2021-08-15
CUST004449,Jennifer,Sanchez,1972-07-06,51,M,SA,2903,Full-Time,1,89704.29,Renting,2,2020-11-18
CUST004450,Bob,Hahn,1967-02-20,56,M,VIC,2619,Full-Time,40,97964.1,Mortgage,1,2024-12-11
CUST004451,Elijah,Shelton,1951-07-23,72,M,VIC,0991,Part-Time,4,34497.06,Owner,2,2025-01-02
CUST004452,Cassandra,Wright,1995-06-06,28,F,QLD,5606,Part-Time,1,34623.44,Mortgage,0,2017-06-29
CUST004453,Sarah,French,1965-01-08,59,F,QLD,3911,Casual,1,30161.08,Renting,2,2024-01-21
CUST004454,Christina,Gross,1996-05-15,27,M,QLD,2989,Full-Time,48,53371.29,Renting,0,2018-01-05
CUST004455,Todd,Castro,1967-05-07,56,M,QLD,2674,Full-Time,6,78833.09,Owner,3,2017-04-18
CUST004456,Jose,Campbell,1952-05-08,71,F,QLD,2661,Part-Time,30,41342.31,Mortgage,4,2021-05-14
CUST004457,Michaela,Bond,1956-02-27,67,M,NSW,0914,Full-Time,4,92566.11,Owner,0,2016-10-23
CUST004458,Heidi,Hall,2003-03-07,20,M,VIC,2941,Casual,1,60891.06,Renting,0,2020-09-23
CUST004459,Aaron,Collins,1983-10-15,40,F,QLD,2185,Full-Time,58,81115.82,Living with Family,0,2020-06-14
CUST004460,Joshua,Williams,1982-12-07,41,M,VIC,2987,Full-Time,7,118629.98,Mortgage,0,2017-08-16
CUST004461,Wesley,Rose,1988-01-15,35,F,NSW,2303,Casual,42,45716.23,Renting,1,2017-08-31
CUST004462,Michael,Lozano,1996-08-31,27,F,QLD,2857,Full-Time,70,119521.39,Renting,0,2017-11-07
CUST004463,Stephen,Stanley,1994-01-26,29,M,NSW,2919,Full-Time,46,38382.1,Mortgage,3,2019-02-22
CUST004464,Jessica,Johnson,1952-11-23,71,M,NSW,2677,Full-Time,33,77261.46,Renting,3,2019-02-11
CUST004465,Beverly,Morse,1985-08-01,38,F,QLD,8709,Self-Employed,67,85689.92,Renting,3,2025-03-17
CUST004466,Daniel,Perez,1964-01-19,59,F,WA,0841,Full-Time,86,80268.25,Mortgage,0,2018-05-25
CUST004467,Tabitha,Jones,1986-04-09,37,F,VIC,2980,Part-Time,25,31677.48,Mortgage,2,2018-09-28
CUST004468,Lisa,Bell,1974-06-21,49,M,NSW,2380,Full-Time,48,105469.92,Renting,1,2019-11-08
CUST004469,Randy,Miller,2003-05-27,20,M,WA,2110,Casual,9,36033.65,Mortgage,1,2025-09-10
CUST004470,Dawn,Phillips,1984-09-03,39,F,QLD,2525,Full-Time,34,70995.75,Renting,4,2018-10-04
CUST004471,Sarah,Smith,1951-11-25,72,M,QLD,2874,Casual,25,39168.25,Mortgage,2,2025-04-12
CUST004472,Carol,Mcdowell,1972-12-04,51,M,NSW,2989,Part-Time,42,21686.5,Mortgage,4,2024-01-27
CUST004473,William,Black,1984-01-01,40,F,VIC,2900,Unemployed,0,15427.49,Owner,2,2024-10-22
CUST004474,Lindsey,Johnson,1964-01-08,60,M,WA,2277,Full-Time,8,122745.49,Renting,0,2016-10-04
CUST004475,Tom,Sosa,1953-11-22,70,F,VIC,2687,Self-Employed,148,74271.3,Mortgage,2,2019-07-18
CUST004476,Caitlin,Lamb,2002-05-11,21,M,VIC,2178,Self-Employed,28,51373.36,Living with Family,3,2017-08-27
CUST004477,Charles,Rodriguez,2003-10-04,20,F,TAS,2600,Full-Time,18,81858.33,Renting,0,2025-08-29
CUST004478,Andrew,Weeks,1965-11-07,58,F,VIC,2844,Unemployed,0,25810.63,Renting,2,2017-07-02
CUST004479,Melinda,Henderson,1970-05-31,53,M,QLD,2833,Self-Employed,35,91725.68,Mortgage,0,2018-10-28
CUST004480,Kevin,Cunningham,1988-02-14,35,M,NSW,0255,Part-Time,110,64177.04,Living with Family,0,2025-03-09
CUST004481,Valerie,Castillo,1962-12-31,61,M,NSW,2033,Full-Time,11,74863.2,Renting,1,2019-12-19
CUST004482,Nancy,Sherman,2002-04-29,21,M,WA,2939,Part-Time,31,44664.95,Renting,0,2022-12-23
CUST004483,Henry,Sims,1983-09-11,40,F,NSW,2963,Self-Employed,23,65105.71,Renting,2,2023-03-14
CUST004484,Susan,Austin,1991-05-08,32,M,NSW,2903,Full-Time,4,56002.42,Mortgage,2,2017-08-29
CUST004485,Suzanne,Booth,1976-01-31,47,F,NSW,2602,Self-Employed,44,50568.01,Mortgage,0,2019-03-08
CUST004486,Jennifer,Hickman,1978-06-15,45,F,SA,2668,Full-Time,1,37575.07,Living with Family,1,2024-02-17
CUST004487,Nicholas,Rivera,1998-10-13,25,M,VIC,2699,Full-Time,27,85770.18,Mortgage,0,2018-02-08
CUST004488,Lisa,Tran,1977-07-08,46,M,QLD,2441,Full-Time,39,83511.92,Owner,0,2025-08-23
CUST004489,Joshua,Gonzalez,2005-05-06,18,F,NSW,2619,Part-Time,3,36910.85,Owner,1,2024-10-10
CUST004490,Chelsea,Alexander,1977-08-29,46,M,NSW,2160,Full-Time,39,96332.29,Owner,2,2020-01-05
CUST004491,Craig,Salas,1982-02-28,41,M,QLD,2947,Part-Time,17,27607.24,Renting,2,2022-03-11
CUST004492,Jennifer,Price,1956-08-06,67,M,QLD,2950,Full-Time,32,121135.26,Renting,0,2020-04-06
CUST004493,Angela,Lopez,1996-10-16,27,F,VIC,2974,Part-Time,45,44495.09,Owner,1,2020-04-06
CUST004494,Lori,Nichols,1972-12-18,51,M,NSW,7701,Casual,41,37815.02,Living with Family,0,2025-03-04
CUST004495,Courtney,Murphy,1988-02-27,35,F,NSW,2920,Full-Time,1,88056.61,Mortgage,0,2016-10-08
CUST004496,Carol,Young,2000-05-31,23,F,WA,2627,Full-Time,1,121535.15,Mortgage,2,2022-12-26
CUST004497,Valerie,Sanders,1991-09-26,32,F,VIC,6255,Full-Time,2,55539.29,Renting,0,2017-11-10
CUST004498,Deborah,Murphy,1998-01-31,25,M,WA,0826,Self-Employed,1,50535.4,Mortgage,0,2025-08-03
CUST004499,Elizabeth,Bowers,1950-02-20,73,F,VIC,2619,Full-Time,6,64174.45,Renting,0,2022-09-24
CUST004500,Christopher,Murphy,1993-03-20,30,M,NSW,2361,Self-Employed,88,94726.95,Living with Family,1,2024-05-04
CUST004501,Anna,French,1976-05-21,47,F,NSW,0881,Casual,123,40178.1,Mortgage,0,2017-12-23
CUST004502,Jerry,Williams,1954-10-25,69,M,VIC,9823,Self-Employed,5,64967.45,Renting,3,2021-07-02
CUST004503,Teresa,Collier,1967-04-19,56,F,VIC,0808,Part-Time,14,47307.4,Mortgage,0,2024-05-25
CUST004504,James,Randolph,1977-06-15,46,M,NSW,2304,Self-Employed,39,68585.09,Renting,0,2022-09-17
CUST004505,Troy,Small,1980-06-03,43,M,SA,2903,Full-Time,88,84325.52,Renting,2,2022-05-18
CUST004506,Rachel,Cox,1973-08-30,50,M,NSW,2946,Full-Time,30,74918.83,Mortgage,1,2017-05-10
CUST004507,Vanessa,Barton,1957-10-05,66,F,NSW,8822,Full-Time,37,123786.04,Renting,1,2016-11-29
CUST004508,Christopher,Acosta,1962-02-06,61,F,NSW,2994,Part-Time,26,44263.89,Renting,0,2017-10-26
CUST004509,Danielle,Burton,1972-01-09,52,F,NSW,2680,Part-Time,23,34617.45,Mortgage,0,2018-02-15
CUST004510,Kathy,Vaughn,1973-09-15,50,M,ACT,2609,Part-Time,7,15000.0,Mortgage,2,2018-11-15
CUST004511,Logan,Garrett,1979-02-12,44,F,NSW,6167,Full-Time,37,117913.8,Mortgage,0,2020-08-20
CUST004512,John,Perez,1950-08-05,73,M,QLD,5193,Full-Time,31,99600.47,Renting,1,2022-08-26
CUST004513,Rachel,Hernandez,1957-11-03,66,F,WA,0967,Full-Time,46,78168.88,Mortgage,0,2024-12-05
CUST004514,Pamela,Allen,1959-11-13,64,M,NSW,6499,Self-Employed,2,83505.55,Renting,1,2021-10-31
CUST004515,Gabriel,Lopez,1998-10-10,25,F,WA,2659,Full-Time,2,53487.73,Living with Family,1,2020-06-15
CUST004516,Kevin,Meyer,1964-08-24,59,M,VIC,2696,Part-Time,50,62315.13,Mortgage,0,2023-08-17
CUST004517,Ryan,Rodriguez,1992-01-17,31,M,VIC,2619,Casual,94,32605.39,Renting,0,2017-05-24
CUST004518,Jeffrey,Williams,1995-02-24,28,F,NSW,2709,Full-Time,2,48024.88,Mortgage,0,2023-02-03
CUST004519,Anna,Mendoza,1951-02-24,72,M,QLD,2955,Full-Time,20,82436.64,Mortgage,1,2023-01-18
CUST004520,Donna,Benson,1984-03-02,39,F,QLD,0962,Full-Time,9,64217.09,Owner,1,2023-09-29
CUST004521,Sarah,Williams,1980-07-03,43,M,QLD,2969,Self-Employed,64,37257.46,Renting,1,2017-08-10
CUST004522,Jennifer,Adams,1958-07-16,65,F,NSW,2983,Casual,8,24340.97,Mortgage,0,2020-12-08
CUST004523,Gregory,Ramsey,1956-06-20,67,F,SA,2996,Full-Time,81,103558.4,Renting,3,2023-04-01
CUST004524,James,Hicks,1962-04-11,61,F,NSW,2380,Casual,73,31728.35,Renting,0,2018-04-20
CUST004525,Diane,Lawrence,1968-04-03,55,F,QLD,2920,Full-Time,139,52043.26,Renting,3,2020-12-09
CUST004526,Stanley,Stark,1962-11-30,61,F,WA,5395,Part-Time,4,38348.02,Renting,3,2025-07-07
CUST004527,Leslie,Reed,1999-03-08,24,F,QLD,5247,Casual,22,43551.66,Renting,1,2019-02-24
CUST004528,Caleb,Leonard,1954-09-04,69,M,QLD,2997,Part-Time,26,41313.45,Renting,2,2016-10-30
CUST004529,Ronald,Ali,1990-12-07,33,M,SA,2997,Full-Time,31,86848.85,Owner,2,2024-06-28
CUST004530,Ethan,Vaughan,1955-10-06,68,M,NSW,2922,Full-Time,12,81187.62,Mortgage,0,2018-07-28
CUST004531,Alexis,Williams,1951-07-03,72,F,NSW,2993,Full-Time,2,65970.26,Renting,2,2017-01-05
CUST004532,Holly,Lane,2004-09-10,19,M,WA,2644,Self-Employed,5,46287.65,Mortgage,4,2025-09-03
CUST004533,William,Walker,1982-02-15,41,F,QLD,2641,Full-Time,58,43774.34,Owner,2,2017-01-29
CUST004534,Jennifer,Warren,1977-01-31,46,M,VIC,2427,Full-Time,45,76336.58,Renting,1,2018-10-16
CUST004535,Michael,Gillespie,1974-06-24,49,F,WA,4522,Full-Time,1,108921.76,Renting,0,2016-09-30
CUST004536,Caleb,Cole,1957-06-26,66,F,NSW,2084,Part-Time,81,29554.13,Renting,1,2017-12-18
CUST004537,Maria,Jones,1976-12-25,47,F,QLD,2647,Full-Time,14,60614.08,Owner,2,2022-03-30
CUST004538,Pamela,Soto,1974-08-29,49,M,SA,2941,Unemployed,0,15000.0,Mortgage,1,2018-02-20
CUST004539,Mark,Rivera,1992-02-23,31,M,WA,2005,Full-Time,17,72641.01,Renting,3,2024-09-09
CUST004540,Danny,Torres,1951-08-09,72,F,NSW,4422,Unemployed,0,15000.0,Owner,1,2020-08-03
CUST004541,Hannah,Smith,1959-10-04,64,M,QLD,0207,Full-Time,6,68988.53,Renting,2,2017-12-08
CUST004542,Benjamin,Reese,1963-09-07,60,M,NSW,8303,Part-Time,38,32768.78,Renting,1,2022-10-02
CUST004543,Natalie,Bowman,1989-04-30,34,M,VIC,2667,Full-Time,5,80697.84,Mortgage,0,2019-09-14
CUST004544,Danny,Graham,1961-08-07,62,M,TAS,5280,Unemployed,0,19102.46,Mortgage,1,2024-07-03
CUST004545,Robert,Sanders,1956-03-19,67,F,VIC,2619,Full-Time,17,106335.48,Renting,2,2020-07-10
CUST004546,Ronald,Cruz,2001-12-01,22,M,VIC,9740,Part-Time,4,25535.97,Mortgage,0,2018-12-18
CUST004547,Jonathan,Ramirez,1999-07-01,24,M,NSW,2710,Part-Time,10,35755.35,Mortgage,1,2020-03-25
CUST004548,Joseph,Marshall,1975-01-03,49,F,WA,2084,Full-Time,117,122580.68,Renting,1,2019-05-03
CUST004549,Andrea,Garcia,1992-04-27,31,F,QLD,2576,Self-Employed,63,68869.54,Renting,1,2019-06-02
CUST004550,Robert,Steele,1983-05-16,40,M,QLD,8092,Part-Time,62,55685.74,Renting,2,2019-05-22
CUST004551,Adam,Meyers,1956-08-18,67,F,WA,0869,Part-Time,61,41114.61,Renting,0,2021-11-18
CUST004552,Corey,Higgins,1990-08-15,33,M,VIC,2661,Self-Employed,34,56658.07,Renting,2,2019-09-11
CUST004553,Mark,Moore,1959-02-23,64,F,QLD,2692,Part-Time,53,43339.42,Renting,3,2017-12-03
CUST004554,Angela,Williams,1995-09-24,28,M,SA,3837,Self-Employed,26,67696.57,Renting,0,2022-07-22
CUST004555,Jimmy,Morse,1986-08-12,37,M,VIC,2247,Full-Time,26,80506.84,Mortgage,0,2025-09-05
CUST004556,Matthew,Berg,1959-11-03,64,F,WA,2669,Full-Time,33,96496.92,Renting,1,2020-01-01
CUST004557,Christopher,Melendez,1994-06-24,29,M,NSW,2645,Full-Time,8,70277.07,Renting,2,2019-08-07
CUST004558,Mary,Ford,1989-07-03,34,M,VIC,4882,Full-Time,8,110856.02,Renting,0,2020-05-04
CUST004559,Tonya,Hill,1962-07-19,61,M,SA,6030,Full-Time,37,76106.34,Mortgage,0,2019-01-07
CUST004560,Leah,Ferguson,2005-08-18,18,F,QLD,3097,Casual,35,40338.47,Mortgage,1,2017-10-13
CUST004561,Carlos,Oneal,1981-04-02,42,F,QLD,2932,Full-Time,15,103528.91,Mortgage,0,2018-04-30
CUST004562,Susan,Murphy,1962-07-01,61,M,NSW,2925,Part-Time,22,39821.74,Renting,3,2022-02-02
CUST004563,Mark,Leon,1960-03-24,63,M,NSW,5675,Part-Time,46,47211.89,Renting,1,2020-09-23
CUST004564,Toni,Davis,1984-07-02,39,F,VIC,2667,Full-Time,2,82229.07,Living with Family,2,2025-08-18
CUST004565,Jeffrey,Erickson,1995-12-24,28,F,WA,2957,Full-Time,15,102799.98,Renting,0,2020-06-06
CUST004566,Morgan,Nguyen,1958-01-03,66,M,NSW,2516,Full-Time,49,58078.23,Renting,0,2016-09-23
CUST004567,Patricia,Kelly,1982-10-14,41,F,NSW,8970,Full-Time,20,121643.51,Renting,0,2023-11-28
CUST004568,Michael,Hebert,1956-01-19,67,M,QLD,2642,Part-Time,19,31789.13,Mortgage,0,2017-10-09
CUST004569,Nicholas,Boyd,1961-08-15,62,M,VIC,2980,Full-Time,5,26882.07,Owner,2,2016-10-17
CUST004570,Joseph,Reynolds,1979-07-16,44,M,QLD,2328,Casual,4,22029.8,Owner,1,2022-06-12
CUST004571,Brenda,Griffith,2001-03-27,22,M,QLD,1746,Full-Time,28,73621.43,Renting,0,2024-11-05
CUST004572,Julie,Cross,1992-09-03,31,F,NSW,5979,Full-Time,128,87662.0,Renting,1,2024-09-05
CUST004573,David,Garcia,1998-10-10,25,M,NSW,2956,Self-Employed,6,69742.82,Owner,4,2025-02-20
CUST004574,Melissa,Robinson,2002-08-23,21,M,NSW,8788,Full-Time,32,98999.99,Owner,2,2022-10-25
CUST004575,Dustin,Diaz,2000-11-29,23,F,SA,9986,Casual,30,27768.3,Owner,1,2021-05-03
CUST004576,Kendra,Scott,1955-10-24,68,M,WA,2699,Self-Employed,35,70647.74,Mortgage,1,2020-12-06
CUST004577,Brett,Blankenship,1990-02-18,33,F,NSW,5007,Casual,53,52530.09,Mortgage,0,2018-11-10
CUST004578,Christina,Baird,1983-10-18,40,M,QLD,2934,Full-Time,1,97807.44,Renting,3,2019-07-16
CUST004579,Dawn,King,1989-05-25,34,F,NSW,2934,Full-Time,29,69994.32,Mortgage,0,2017-09-19
CUST004580,Shannon,Perkins,2005-07-31,18,M,VIC,2646,Full-Time,86,68068.92,Mortgage,1,2017-12-11
CUST004581,Sara,Mitchell,1986-11-11,37,F,VIC,2684,Self-Employed,99,58024.56,Renting,0,2023-08-23
CUST004582,Victoria,Rodriguez,1997-11-20,26,F,WA,2990,Full-Time,1,70062.25,Renting,0,2025-02-25
CUST004583,John,Riley,1992-04-11,31,M,QLD,3398,Full-Time,23,61108.04,Renting,4,2019-09-09
CUST004584,Jennifer,Bradley,1986-01-27,37,M,VIC,2279,Full-Time,18,66571.29,Mortgage,2,2023-01-23
CUST004585,Ruben,Hunter,1982-12-02,41,F,VIC,2947,Self-Employed,3,70780.7,Mortgage,3,2021-04-16
CUST004586,Emily,Rivera,1962-08-29,61,F,NSW,9167,Full-Time,80,87824.64,Renting,4,2021-06-17
CUST004587,Kristopher,Williams,1962-05-17,61,M,NSW,2670,Full-Time,89,100385.03,Renting,0,2025-09-09
CUST004588,Corey,Mcdaniel,1987-07-21,36,M,VIC,2907,Part-Time,59,50322.66,Mortgage,0,2025-05-04
CUST004589,Samantha,Walsh,1955-03-05,68,M,VIC,2665,Part-Time,6,37052.73,Mortgage,2,2022-08-23
CUST004590,Aaron,Romero,1986-12-16,37,M,VIC,2676,Casual,15,56087.04,Renting,0,2021-12-24
CUST004591,James,Dawson,1958-05-07,65,M,QLD,2944,Full-Time,3,62926.26,Renting,1,2016-11-05
CUST004592,Riley,Matthews,2002-03-03,21,M,TAS,2952,Part-Time,14,30407.49,Renting,0,2025-04-23
CUST004593,Katie,Luna,1969-01-15,54,M,NSW,2681,Full-Time,38,108240.29,Mortgage,3,2023-08-11
CUST004594,Sarah,Vega,2005-07-10,18,M,NSW,2995,Part-Time,16,29556.79,Mortgage,3,2018-06-26
CUST004595,Lawrence,Lambert,1976-04-28,47,F,NSW,2951,Full-Time,51,81446.5,Mortgage,2,2019-04-15
CUST004596,Jose,Vaughn,1975-11-09,48,M,SA,2662,Self-Employed,7,60882.19,Living with Family,4,2025-06-10
CUST004597,Timothy,Jones,1963-12-23,60,M,QLD,2609,Casual,6,42437.78,Owner,0,2019-09-10
CUST004598,John,Kelly,1951-08-31,72,F,SA,2975,Part-Time,21,51222.65,Living with Family,1,2022-12-24
CUST004599,Tina,Johnson,1952-02-27,71,M,NSW,0217,Full-Time,1,55801.21,Living with Family,3,2018-12-27
CUST004600,Terri,Baker,1961-01-04,63,F,VIC,2979,Part-Time,25,36158.29,Living with Family,0,2019-03-11
CUST004601,Peter,Miranda,1976-12-28,47,M,TAS,2589,Full-Time,17,52975.22,Renting,0,2018-12-20
CUST004602,Christopher,Reid,1988-02-29,35,F,QLD,2910,Unemployed,0,21007.38,Renting,0,2024-04-23
CUST004603,Samuel,Sullivan,1968-07-28,55,F,NSW,2632,Full-Time,28,69812.16,Living with Family,2,2024-07-19
CUST004604,Amber,Young,2002-04-18,21,M,QLD,0905,Self-Employed,103,84823.68,Owner,1,2020-03-14
CUST004605,Angela,Gomez,1966-02-27,57,M,SA,1455,Full-Time,3,87882.75,Owner,0,2019-08-22
CUST004606,Beverly,Williams,2004-03-22,19,F,WA,0235,Full-Time,18,43984.97,Renting,0,2020-08-01
CUST004607,Tony,Ryan,1978-09-17,45,F,QLD,2933,Part-Time,2,45217.5,Owner,1,2018-10-24
CUST004608,Robert,Andersen,1957-09-01,66,F,NSW,5904,Full-Time,29,83364.84,Living with Family,2,2022-10-30
CUST004609,Anthony,Thompson,1973-07-26,50,F,NSW,2696,Full-Time,34,53372.86,Renting,2,2021-10-25
CUST004610,Tonya,Conley,1991-07-15,32,M,NSW,2609,Full-Time,78,81604.28,Living with Family,3,2016-11-18
CUST004611,Isaiah,Brown,2004-08-25,19,F,NSW,2615,Full-Time,67,41349.39,Mortgage,0,2025-04-07
CUST004612,Richard,Ellis,1988-12-18,35,M,QLD,7067,Part-Time,46,48452.14,Renting,0,2016-12-09
CUST004613,Stephanie,Gregory,1991-07-25,32,M,WA,2650,Casual,15,20782.24,Mortgage,1,2017-03-24
CUST004614,Jason,Parker,1983-08-07,40,F,VIC,2176,Full-Time,99,52528.7,Living with Family,3,2022-02-12
CUST004615,Rita,Reyes,2001-07-31,22,F,QLD,2383,Full-Time,25,71129.85,Owner,1,2022-11-24
CUST004616,Lisa,Chapman,1993-07-05,30,F,VIC,0919,Part-Time,97,33578.57,Mortgage,0,2018-02-21
CUST004617,Krista,Lynch,2003-01-29,20,F,SA,2619,Part-Time,6,61340.32,Mortgage,4,2016-09-30
CUST004618,Angel,Miller,1969-04-13,54,F,VIC,2656,Part-Time,16,48243.36,Renting,2,2017-02-07
CUST004619,Anita,Wilkerson,1952-12-14,71,F,VIC,3377,Part-Time,29,44358.06,Renting,0,2023-06-18
CUST004620,Kimberly,Stewart,1960-04-09,63,F,VIC,0885,Self-Employed,77,62988.67,Living with Family,0,2021-02-21
CUST004621,Pamela,Mccormick,1981-02-17,42,M,WA,9206,Full-Time,76,88273.39,Mortgage,1,2018-06-20
CUST004622,Donna,Rivas,1958-12-08,65,F,NSW,2012,Full-Time,18,42072.2,Owner,0,2020-07-08
CUST004623,Brian,Carter,1983-03-10,40,M,WA,0265,Unemployed,0,15150.61,Owner,3,2021-04-03
CUST004624,Joy,Nelson,1968-07-09,55,M,QLD,0209,Full-Time,8,51989.44,Owner,1,2020-06-23
CUST004625,Andrew,Simmons,1989-11-24,34,F,WA,2772,Full-Time,24,61891.01,Mortgage,0,2022-12-23
CUST004626,Lisa,Cooper,1964-08-20,59,F,VIC,2977,Full-Time,36,68772.88,Renting,1,2018-09-06
CUST004627,Heather,Harrison,1981-08-19,42,M,SA,9840,Full-Time,7,82737.26,Renting,0,2020-09-12
CUST004628,Holly,Nelson,1996-09-24,27,F,VIC,2947,Part-Time,35,66228.31,Owner,0,2020-12-08
CUST004629,Brian,Hamilton,1994-09-13,29,F,NSW,2639,Casual,40,35628.6,Renting,2,2021-05-08
CUST004630,Stephanie,Hernandez,1984-11-29,39,F,VIC,2932,Self-Employed,44,49776.41,Mortgage,1,2020-04-25
CUST004631,Carol,Hunt,1953-04-13,70,F,WA,2636,Full-Time,18,75870.43,Mortgage,0,2022-11-28
CUST004632,Dawn,Gray,1953-11-09,70,F,NSW,2619,Full-Time,29,42766.76,Renting,1,2020-08-30
CUST004633,James,Vasquez,1949-10-20,74,M,NSW,8605,Self-Employed,11,80960.46,Owner,0,2020-03-17
CUST004634,Amy,Smith,1991-04-29,32,F,VIC,2661,Full-Time,15,59266.47,Living with Family,3,2022-12-07
CUST004635,Richard,Torres,2005-08-14,18,F,QLD,2919,Full-Time,1,110617.32,Renting,1,2024-04-07
CUST004636,Drew,Aguilar,1986-08-12,37,F,WA,2661,Full-Time,4,77624.68,Renting,1,2024-08-23
CUST004637,Wendy,Anderson,1993-11-11,30,F,QLD,2973,Part-Time,29,19420.07,Owner,0,2025-07-28
CUST004638,Joseph,Roberson,1988-09-18,35,F,VIC,2019,Part-Time,110,43481.25,Mortgage,0,2022-02-28
CUST004639,Jose,Smith,1981-12-30,42,F,NSW,2610,Full-Time,5,124467.24,Mortgage,4,2025-02-07
CUST004640,Aaron,Robertson,1956-08-07,67,M,TAS,2997,Casual,8,53290.89,Renting,1,2024-07-28
CUST004641,George,Mendoza,1955-09-09,68,M,QLD,2507,Self-Employed,21,112490.54,Mortgage,0,2024-03-02
CUST004642,Jeremy,Coleman,1953-02-07,70,F,ACT,9957,Full-Time,8,70955.56,Renting,0,2022-02-05
CUST004643,Edward,Barr,1976-01-01,48,M,NSW,0210,Full-Time,82,32246.32,Owner,0,2019-09-03
CUST004644,Austin,Poole,1953-08-20,70,F,WA,1070,Full-Time,7,106525.34,Owner,2,2024-01-23
CUST004645,Jillian,Johnson,1978-07-07,45,M,VIC,2650,Part-Time,17,36359.94,Renting,2,2020-01-28
CUST004646,Elizabeth,Cunningham,1958-05-06,65,F,QLD,2643,Full-Time,36,87958.55,Renting,0,2023-01-20
CUST004647,Antonio,Smith,1985-07-22,38,M,VIC,2659,Full-Time,44,102677.5,Mortgage,2,2024-11-01
CUST004648,Rebecca,Gibbs,1977-01-09,47,F,VIC,2914,Casual,33,50669.41,Mortgage,3,2022-07-24
CUST004649,Desiree,Dalton,1988-11-04,35,M,VIC,2953,Full-Time,97,104817.05,Mortgage,1,2024-07-15
CUST004650,Brooke,Goodman,1974-03-21,49,F,SA,2614,Full-Time,72,47284.01,Mortgage,1,2019-01-06
CUST004651,Michael,Reyes,1993-10-23,30,M,NSW,0842,Full-Time,66,95400.76,Renting,0,2017-03-25
CUST004652,Justin,Bailey,1954-07-25,69,F,WA,2677,Part-Time,164,52170.4,Renting,1,2019-05-08
CUST004653,Kristin,Rosales,2004-04-24,19,F,NSW,2433,Full-Time,3,104990.84,Renting,0,2020-11-07
CUST004654,Cheyenne,Hall,1995-01-09,28,M,VIC,2616,Self-Employed,26,53697.11,Owner,3,2023-11-22
CUST004655,Ashley,Logan,1972-08-30,51,M,WA,7768,Casual,12,29100.73,Renting,1,2017-10-05
CUST004656,Nicholas,Stark,1988-12-08,35,M,WA,8557,Full-Time,23,91712.96,Owner,2,2023-08-17
CUST004657,Stephen,George,1996-08-10,27,M,VIC,2158,Self-Employed,1,92327.41,Owner,0,2019-05-30
CUST004658,Zachary,Miller,1991-09-11,32,M,QLD,2899,Casual,33,24789.51,Renting,0,2017-01-14
CUST004659,Stephanie,Robles,1953-02-09,70,F,NSW,3624,Casual,16,42100.37,Owner,1,2023-05-03
CUST004660,Sean,Baker,1988-10-22,35,M,NSW,2099,Full-Time,10,81273.87,Renting,4,2021-12-03
CUST004661,Ian,Brooks,1975-01-21,48,M,VIC,2695,Full-Time,63,44800.27,Living with Family,0,2018-01-12
CUST004662,Brittany,Davis,1975-04-30,48,M,VIC,2619,Part-Time,16,24543.71,Owner,0,2017-07-16
CUST004663,Rhonda,Holmes,2005-07-26,18,M,QLD,2384,Full-Time,11,42679.77,Renting,0,2020-06-01
CUST004664,William,Spencer,1974-05-03,49,F,QLD,2949,Part-Time,34,42291.65,Owner,0,2018-09-22
CUST004665,John,Serrano,1959-05-09,64,M,VIC,0218,Part-Time,24,29268.65,Owner,1,2022-09-20
CUST004666,Donna,Cummings,1952-10-05,71,M,NSW,2664,Part-Time,22,37656.39,Mortgage,1,2022-12-18
CUST004667,Alan,Malone,1999-02-09,24,F,NSW,2632,Part-Time,38,23428.71,Mortgage,1,2022-08-20
CUST004668,Eric,Jensen,1974-01-02,50,F,QLD,2920,Full-Time,47,96270.9,Renting,3,2022-09-09
CUST004669,Matthew,Rivera,1957-07-07,66,F,WA,4298,Full-Time,27,32430.58,Owner,2,2024-07-20
CUST004670,Sandra,Kelley,2003-07-04,20,F,QLD,2592,Part-Time,7,53187.95,Owner,1,2025-06-10
CUST004671,Linda,Ruiz,1999-04-02,24,M,QLD,2798,Full-Time,11,78877.11,Mortgage,0,2019-03-31
CUST004672,Adam,Thompson,1967-06-03,56,M,NSW,2697,Full-Time,71,146554.46,Renting,0,2025-05-08
CUST004673,Amy,King,1977-09-02,46,F,QLD,2912,Self-Employed,4,45813.93,Owner,4,2017-06-13
CUST004674,Stephen,Porter,1974-08-27,49,F,QLD,4045,Unemployed,0,16033.84,Mortgage,0,2023-12-06
CUST004675,Penny,Coleman,1985-10-09,38,F,NSW,2609,Part-Time,14,56359.32,Mortgage,0,2024-12-31
CUST004676,Christine,Lawrence,1979-10-19,44,F,WA,4877,Full-Time,1,49615.1,Renting,2,2019-09-13
CUST004677,William,Stephenson,1965-11-23,58,F,NSW,2921,Full-Time,11,110663.16,Mortgage,3,2018-11-05
CUST004678,Samantha,Howe,1949-12-22,74,M,NSW,2629,Full-Time,31,129736.45,Renting,0,2025-08-23
CUST004679,Pamela,Smith,1973-11-07,50,F,NSW,2959,Full-Time,14,67148.07,Renting,0,2020-08-21
CUST004680,Marvin,Ritter,1990-01-21,33,M,VIC,6346,Self-Employed,39,48722.89,Renting,3,2024-10-14
CUST004681,Anthony,Hernandez,1979-08-26,44,F,QLD,2884,Part-Time,104,42798.57,Owner,3,2023-10-24
CUST004682,John,Higgins,1977-06-24,46,F,VIC,2966,Full-Time,44,74532.81,Renting,3,2017-10-17
CUST004683,Tina,Ortiz,2001-03-06,22,M,VIC,2992,Full-Time,74,89559.64,Living with Family,3,2023-01-27
CUST004684,John,Kemp,1990-05-25,33,F,VIC,2900,Self-Employed,38,50660.68,Owner,1,2022-08-22
CUST004685,Johnny,Johnson,1969-03-04,54,M,QLD,2943,Casual,27,37311.46,Renting,4,2017-08-23
CUST004686,Jasmine,Cole,1951-10-07,72,F,NSW,2933,Full-Time,17,90686.99,Mortgage,1,2018-12-16
CUST004687,Scott,Leonard,1962-02-03,61,M,SA,2920,Full-Time,21,32254.91,Renting,0,2017-05-01
CUST004688,Deborah,Mitchell,1973-09-24,50,M,NSW,2905,Full-Time,35,83274.19,Mortgage,2,2020-06-28
CUST004689,Lauren,Garcia,1999-09-12,24,M,ACT,0913,Full-Time,46,69554.51,Mortgage,0,2021-08-13
CUST004690,Amy,Lopez,1950-07-23,73,F,VIC,2920,Self-Employed,113,45055.49,Renting,0,2021-07-31
CUST004691,Rebecca,Butler,1996-01-03,28,M,NSW,2944,Full-Time,4,51909.25,Renting,3,2019-11-05
CUST004692,Mark,Morales,1999-09-16,24,F,SA,2685,Full-Time,3,79110.3,Mortgage,4,2020-08-15
CUST004693,Kenneth,Mills,1990-10-30,33,F,NSW,2028,Full-Time,25,124982.09,Mortgage,0,2022-11-07
CUST004694,Donald,Hurley,1959-12-08,64,F,WA,8866,Full-Time,44,78634.4,Mortgage,2,2021-12-24
CUST004695,Leslie,Farley,2002-08-01,21,F,QLD,2869,Self-Employed,27,83606.55,Mortgage,2,2025-01-09
CUST004696,Kathleen,Thompson,1984-11-09,39,M,WA,3284,Full-Time,60,94165.69,Renting,2,2020-10-06
CUST004697,Eric,Sanchez,1951-10-25,72,F,NSW,2682,Full-Time,71,78605.28,Renting,3,2024-01-21
CUST004698,Michelle,Stevens,1981-01-25,42,M,QLD,2643,Self-Employed,13,94623.66,Owner,2,2023-06-09
CUST004699,Jared,Reynolds,2002-12-20,21,M,NSW,2988,Full-Time,5,94164.02,Renting,0,2020-08-26
CUST004700,Kristin,Noble,1966-09-20,57,F,NSW,2918,Full-Time,3,86865.37,Mortgage,1,2020-03-24
CUST004701,Amber,Alvarado,1974-07-09,49,F,NSW,2952,Part-Time,124,41310.67,Renting,1,2020-12-18
CUST004702,Joanne,Jarvis,1980-06-02,43,F,VIC,2692,Full-Time,29,107612.78,Renting,1,2016-10-12
CUST004703,Ann,Guerra,1977-09-30,46,F,ACT,2611,Self-Employed,57,49816.26,Living with Family,0,2025-05-02
CUST004704,Hunter,Herrera,1950-02-23,73,F,QLD,2684,Full-Time,25,67749.22,Owner,1,2022-06-19
CUST004705,Molly,Sherman,1969-11-06,54,F,WA,0957,Full-Time,14,77983.42,Renting,3,2018-11-28
CUST004706,Glenn,Finley,2001-05-21,22,F,NSW,2627,Full-Time,24,93691.1,Owner,3,2021-03-22
CUST004707,Benjamin,Scott,1991-02-16,32,M,VIC,2675,Full-Time,50,105245.73,Renting,0,2021-07-02
CUST004708,Terry,Brown,1990-08-28,33,M,VIC,2627,Full-Time,130,50061.07,Mortgage,3,2018-09-17
CUST004709,Mallory,Jackson,1986-08-13,37,F,NSW,2967,Casual,23,33017.44,Renting,2,2025-01-11
CUST004710,Jenna,Kramer,1951-01-15,73,F,WA,2125,Full-Time,99,106639.73,Living with Family,0,2019-10-21
CUST004711,Robert,Munoz,1966-07-26,57,M,WA,2689,Full-Time,105,68995.67,Renting,0,2023-11-20
CUST004712,Tonya,Banks,2001-06-26,22,F,SA,2921,Full-Time,12,135170.94,Renting,2,2017-08-29
CUST004713,Angela,Nash,1977-05-16,46,F,VIC,2359,Unemployed,0,15000.0,Owner,1,2020-07-07
CUST004714,Justin,Booth,1995-03-21,28,M,NSW,2903,Casual,15,15656.47,Mortgage,0,2021-06-22
CUST004715,Valerie,Cooper,1998-07-12,25,F,NSW,7044,Full-Time,35,69795.4,Owner,0,2021-05-11
CUST004716,Joseph,Lambert,2003-07-08,20,F,SA,2920,Self-Employed,16,40982.68,Living with Family,0,2023-06-10
CUST004717,Jennifer,Hanson,1961-09-29,62,M,WA,2324,Full-Time,29,138034.16,Mortgage,1,2021-08-16
CUST004718,Amanda,Hardin,1968-11-18,55,M,SA,2610,Casual,30,35164.37,Renting,0,2016-10-26
CUST004719,Patricia,Allen,1998-12-20,25,M,NSW,0845,Full-Time,20,53151.0,Renting,2,2021-12-20
CUST004720,Meagan,Haley,1984-02-10,39,M,NSW,0240,Full-Time,9,75390.12,Renting,1,2021-02-12
CUST004721,Angela,Morris,1951-02-14,72,M,NSW,2212,Full-Time,95,74699.47,Renting,4,2025-03-22
CUST004722,Michele,Sanchez,1952-06-18,71,M,NSW,3013,Part-Time,74,15963.43,Renting,0,2023-03-21
CUST004723,Christopher,Malone,1978-12-28,45,M,NSW,2638,Casual,4,35000.29,Mortgage,1,2018-09-27
CUST004724,Andrea,Brown,1970-05-14,53,F,WA,9108,Full-Time,10,90281.06,Living with Family,2,2022-10-15
CUST004725,Michael,Robinson,2004-08-18,19,F,NSW,2904,Full-Time,2,56482.9,Mortgage,1,2024-04-06
CUST004726,Richard,Smith,1961-03-12,62,F,QLD,0977,Self-Employed,5,84411.2,Mortgage,1,2018-03-20
CUST004727,Chad,Flores,1994-03-17,29,M,WA,2985,Full-Time,30,90450.73,Mortgage,1,2022-03-13
CUST004728,Micheal,Terry,1988-01-04,36,M,VIC,6457,Full-Time,12,61206.8,Mortgage,1,2019-10-16
CUST004729,Ashley,Cherry,1969-08-20,54,F,NSW,2055,Full-Time,6,82844.28,Mortgage,3,2024-10-16
CUST004730,Crystal,Anderson,1963-08-24,60,M,VIC,0917,Self-Employed,5,55403.64,Mortgage,0,2017-10-04
CUST004731,Nancy,Krueger,1979-07-15,44,M,VIC,2921,Full-Time,1,54728.48,Mortgage,1,2021-10-03
CUST004732,Sheri,Norris,1985-12-07,38,F,NSW,2625,Full-Time,9,97211.54,Renting,0,2018-01-06
CUST004733,Sherri,Shannon,2003-11-04,20,M,NSW,8821,Full-Time,1,44809.34,Living with Family,0,2020-04-10
CUST004734,Morgan,Bishop,1967-11-25,56,F,QLD,2651,Full-Time,2,108439.88,Mortgage,1,2019-06-03
CUST004735,Travis,Page,2002-05-16,21,F,WA,2942,Full-Time,38,69592.99,Renting,0,2017-04-07
CUST004736,Kristine,Ortega,1961-08-03,62,M,WA,2916,Part-Time,75,33708.65,Mortgage,2,2023-08-11
CUST004737,Steven,Johnson,2000-11-12,23,M,VIC,9240,Full-Time,16,78480.38,Renting,2,2018-06-03
CUST004738,Felicia,Allen,1991-12-30,32,M,NSW,2424,Full-Time,32,78561.31,Owner,2,2024-08-17
CUST004739,Jillian,Thompson,1966-04-19,57,F,QLD,2666,Full-Time,22,70912.88,Owner,0,2018-10-29
CUST004740,Laura,Johnson,1987-01-29,36,F,QLD,2712,Part-Time,15,33852.84,Mortgage,2,2023-11-25
CUST004741,Andrea,Williams,1954-11-11,69,M,ACT,2645,Full-Time,22,73956.1,Living with Family,2,2021-01-10
CUST004742,Ashley,Zimmerman,1968-02-10,55,M,NSW,2927,Self-Employed,84,51570.19,Renting,2,2022-03-12
CUST004743,Derek,Bartlett,1964-05-24,59,F,VIC,2692,Full-Time,43,61941.74,Renting,0,2019-08-26
CUST004744,Christopher,Yoder,1973-04-24,50,F,VIC,2413,Full-Time,1,63152.63,Renting,2,2023-12-04
CUST004745,Jessica,Hall,1992-09-14,31,M,QLD,3571,Casual,14,29623.9,Mortgage,2,2018-07-18
CUST004746,Gina,Reynolds,1984-07-28,39,F,WA,2657,Full-Time,4,71191.61,Mortgage,3,2020-07-28
CUST004747,Jacob,Allen,1973-11-08,50,M,NSW,2621,Part-Time,1,27803.47,Mortgage,0,2023-08-21
CUST004748,Kerri,Harvey,1958-06-21,65,M,QLD,2678,Full-Time,12,83811.34,Renting,0,2017-06-23
CUST004749,Christopher,Vargas,1962-09-15,61,M,NSW,2938,Full-Time,74,87912.62,Mortgage,1,2017-01-12
CUST004750,Stephanie,Williams,1985-07-29,38,M,NSW,4819,Part-Time,60,52187.0,Living with Family,0,2020-02-22
CUST004751,Lisa,Moore,1973-08-19,50,M,NSW,2619,Full-Time,18,55771.76,Owner,2,2024-02-23
CUST004752,Barbara,Lawrence,1955-12-22,68,M,NSW,3213,Full-Time,30,52607.11,Renting,3,2018-06-15
CUST004753,Anna,Velasquez,1972-06-29,51,M,VIC,2671,Full-Time,17,92332.13,Mortgage,3,2020-09-14
CUST004754,Kathleen,Ibarra,1958-07-09,65,M,NSW,0967,Part-Time,20,18185.51,Mortgage,2,2017-03-17
CUST004755,Sara,Beard,1967-02-24,56,M,QLD,2371,Full-Time,60,15000.0,Owner,2,2016-10-29
CUST004756,Hannah,Winters,1987-09-23,36,F,VIC,2491,Self-Employed,32,123242.06,Owner,3,2024-09-18
CUST004757,Timothy,Johnson,1995-09-24,28,F,QLD,2013,Casual,35,26091.35,Renting,0,2023-03-23
CUST004758,Andrew,Clay,1995-01-24,28,F,VIC,2694,Full-Time,40,71808.45,Owner,2,2025-04-19
CUST004759,Micheal,Johnson,1965-01-03,59,F,WA,2920,Full-Time,11,78236.45,Owner,3,2017-05-31
CUST004760,Thomas,Myers,2001-08-07,22,F,QLD,2277,Self-Employed,12,90932.3,Mortgage,2,2019-11-05
CUST004761,Michael,Heath,1990-07-09,33,M,NSW,2902,Full-Time,1,93008.37,Renting,2,2018-10-05
CUST004762,Katelyn,Clark,1997-08-09,26,M,NSW,2990,Full-Time,40,50731.16,Renting,0,2024-03-29
CUST004763,Susan,Gordon,1988-02-17,35,M,VIC,2310,Full-Time,23,18458.3,Owner,0,2019-07-25
CUST004764,Kari,Bray,2001-04-11,22,F,TAS,2039,Unemployed,0,15244.25,Mortgage,2,2022-03-26
CUST004765,Jamie,Coleman,1999-08-04,24,F,NSW,2900,Full-Time,92,113341.7,Mortgage,3,2016-11-05
CUST004766,Juan,Sloan,1984-03-02,39,F,SA,2996,Self-Employed,8,104896.73,Mortgage,2,2022-11-26
CUST004767,Jennifer,Hatfield,1963-12-21,60,M,VIC,2693,Self-Employed,66,38893.38,Living with Family,0,2022-12-08
CUST004768,Trevor,Harmon,1953-03-01,70,M,WA,2948,Part-Time,79,70740.59,Mortgage,2,2024-02-04
CUST004769,Bethany,Delacruz,1995-01-17,28,F,QLD,2340,Full-Time,3,76099.64,Mortgage,0,2021-10-04
CUST004770,Ian,Evans,1961-03-16,62,M,QLD,2065,Full-Time,32,47568.78,Renting,4,2024-09-23
CUST004771,Kelly,Keith,1994-11-13,29,M,NSW,4883,Full-Time,1,103608.84,Living with Family,0,2022-05-01
CUST004772,John,Rogers,1987-06-28,36,M,ACT,1972,Unemployed,0,22706.51,Mortgage,0,2018-01-02
CUST004773,Mark,Weaver,1999-01-29,24,F,VIC,2635,Full-Time,37,87210.83,Renting,2,2021-09-05
CUST004774,Joshua,Stewart,1969-04-24,54,F,VIC,2619,Full-Time,40,91674.04,Mortgage,1,2018-08-18
CUST004775,Patricia,Blevins,1994-05-06,29,F,SA,2034,Full-Time,97,86635.41,Renting,0,2021-05-26
CUST004776,Karen,Patterson,1959-04-21,64,F,NSW,4838,Full-Time,2,101310.29,Living with Family,2,2023-02-13
CUST004777,Natalie,Randall,1961-01-23,62,M,NSW,2662,Full-Time,7,58102.46,Mortgage,2,2025-04-20
CUST004778,Antonio,Neal,1980-07-29,43,F,QLD,0247,Part-Time,110,33969.62,Renting,4,2020-01-01
CUST004779,Robert,Marsh,1967-10-11,56,M,VIC,8674,Casual,41,29467.99,Renting,0,2017-08-10
CUST004780,Katie,Anderson,1963-02-13,60,F,VIC,2993,Part-Time,32,38164.09,Living with Family,0,2017-09-04
CUST004781,Pamela,Andrews,1969-01-13,55,F,QLD,2916,Full-Time,20,61809.14,Renting,4,2017-01-22
CUST004782,William,Smith,1964-10-24,59,M,VIC,2514,Full-Time,81,23117.24,Renting,0,2019-01-01
CUST004783,Scott,Stephens,1954-05-03,69,M,VIC,2933,Full-Time,66,83586.24,Mortgage,2,2023-01-19
CUST004784,Charles,Ryan,2001-06-10,22,F,NSW,2619,Part-Time,70,48880.33,Living with Family,2,2017-08-23
CUST004785,Anthony,Gonzalez,1972-02-27,51,M,SA,2981,Full-Time,3,92069.84,Renting,2,2017-07-12
CUST004786,Reginald,Goodman,1984-12-18,39,M,NSW,2955,Full-Time,64,69409.37,Renting,3,2019-10-13
CUST004787,Nicholas,Bell,1986-04-20,37,M,WA,2726,Full-Time,11,75267.2,Renting,1,2021-03-26
CUST004788,William,Scott,1964-01-16,60,M,VIC,2687,Part-Time,87,36910.27,Renting,0,2020-10-16
CUST004789,James,Wiley,1996-07-12,27,M,VIC,2854,Full-Time,16,15000.0,Renting,1,2025-08-26
CUST004790,Michael,Jenkins,1998-11-20,25,F,NSW,2600,Full-Time,5,117870.39,Renting,0,2016-10-21
CUST004791,Christopher,Moses,1999-02-05,24,F,NSW,2622,Full-Time,58,50177.2,Mortgage,0,2021-03-12
CUST004792,Jeffrey,Mills,1958-06-02,65,M,NSW,6742,Part-Time,119,28075.09,Renting,1,2022-12-09
CUST004793,Jessica,Cannon,1987-07-10,36,M,QLD,2676,Self-Employed,2,44234.9,Owner,0,2023-11-27
CUST004794,Michael,Hartman,1963-03-03,60,M,QLD,2295,Self-Employed,17,88336.85,Renting,0,2024-04-06
CUST004795,Andrew,Tyler,1986-04-28,37,F,VIC,2664,Part-Time,6,63993.02,Mortgage,1,2016-12-27
CUST004796,Ashley,Russell,1991-04-06,32,F,WA,2970,Part-Time,24,74675.01,Owner,0,2021-08-13
CUST004797,Robert,Steele,1953-10-07,70,M,WA,2703,Full-Time,19,80521.41,Renting,0,2019-03-15
CUST004798,Johnathan,Nelson,1980-05-01,43,M,VIC,2917,Full-Time,92,93572.26,Mortgage,1,2017-01-11
CUST004799,Gerald,Tucker,1989-10-21,34,F,VIC,5595,Full-Time,21,93537.8,Mortgage,2,2024-08-11
CUST004800,Lisa,Wheeler,1956-12-04,67,F,NSW,2964,Self-Employed,38,62600.55,Renting,3,2019-04-17
CUST004801,Ronald,Murphy,1993-02-27,30,M,VIC,2621,Self-Employed,1,53128.86,Mortgage,0,2025-07-21
CUST004802,Thomas,Dominguez,1993-04-26,30,M,NSW,2966,Part-Time,47,45706.84,Mortgage,0,2017-11-24
CUST004803,Vincent,Coffey,1969-08-10,54,M,VIC,2619,Full-Time,75,56654.29,Owner,3,2020-06-16
CUST004804,Pamela,Barron,2003-09-05,20,M,VIC,2373,Full-Time,26,94851.92,Renting,0,2019-03-01
CUST004805,Eileen,Mitchell,1976-06-17,47,F,WA,2949,Full-Time,1,123307.48,Mortgage,0,2018-05-20
CUST004806,David,Ortiz,1967-11-19,56,M,NSW,2678,Full-Time,4,85300.62,Living with Family,2,2018-10-11
CUST004807,Joshua,Oconnor,1959-02-21,64,M,VIC,7710,Part-Time,3,53587.05,Living with Family,1,2017-03-15
CUST004808,Steven,Church,1975-07-14,48,M,NSW,2529,Unemployed,0,18048.17,Renting,3,2019-04-13
CUST004809,Shane,Crane,1987-10-13,36,M,VIC,2690,Casual,27,29729.58,Mortgage,0,2024-06-07
CUST004810,Kimberly,Case,2000-05-31,23,F,ACT,2938,Casual,79,28954.41,Renting,2,2019-04-06
CUST004811,Melissa,Thompson,1990-04-05,33,F,VIC,0935,Casual,21,34305.16,Renting,2,2023-02-23
CUST004812,Kristin,Eaton,1994-08-11,29,M,WA,4337,Self-Employed,45,49467.21,Mortgage,1,2018-03-31
CUST004813,Thomas,Howard,1980-09-30,43,F,WA,2997,Part-Time,8,52734.49,Renting,1,2021-11-21
CUST004814,Donna,Williams,1981-11-26,42,F,VIC,2626,Full-Time,39,58419.92,Mortgage,1,2024-09-09
CUST004815,Dana,Sampson,1971-09-03,52,M,VIC,2911,Casual,29,22291.48,Living with Family,0,2024-03-05
CUST004816,Ann,Stephenson,1969-07-17,54,M,NSW,2387,Full-Time,17,47552.29,Renting,3,2025-05-12
CUST004817,Aimee,Wheeler,1988-11-19,35,F,WA,2307,Self-Employed,74,49626.95,Mortgage,2,2023-04-11
CUST004818,Vanessa,Wilson,1956-09-25,67,F,QLD,2936,Full-Time,105,61145.45,Renting,0,2019-01-17
CUST004819,Debra,Faulkner,1971-11-15,52,M,NSW,6830,Full-Time,40,82948.14,Mortgage,1,2023-07-20
CUST004820,Lauren,Thompson,1976-04-05,47,F,VIC,2937,Part-Time,135,51790.69,Mortgage,2,2018-08-22
CUST004821,Kayla,Black,1992-02-29,31,M,SA,4523,Unemployed,0,15667.56,Mortgage,0,2021-03-13
CUST004822,Timothy,Carter,1991-07-31,32,F,QLD,2920,Full-Time,40,87294.67,Renting,0,2020-11-07
CUST004823,Ann,Clay,1953-01-02,71,M,WA,0925,Full-Time,4,124190.33,Mortgage,2,2018-11-27
CUST004824,Cody,Miller,1969-02-12,54,F,NSW,9082,Full-Time,40,85101.23,Renting,3,2023-07-09
CUST004825,Ashley,Richards,1973-04-14,50,F,VIC,0866,Part-Time,40,36801.13,Renting,1,2020-06-07
CUST004826,Amber,Ward,1950-11-10,73,M,WA,2678,Part-Time,8,51035.59,Renting,1,2025-08-29
CUST004827,Deborah,Ward,1997-10-21,26,F,QLD,2364,Part-Time,48,38598.31,Owner,1,2020-05-07
CUST004828,Alyssa,Hester,1997-08-04,26,M,NSW,1037,Full-Time,54,32926.17,Mortgage,1,2016-10-23
CUST004829,Brittney,Riggs,1993-08-19,30,F,QLD,2610,Casual,71,47564.13,Living with Family,1,2024-01-08
CUST004830,Kimberly,Rose,1977-12-30,46,F,VIC,3669,Full-Time,53,96664.54,Renting,1,2018-09-30
CUST004831,Lauren,Norton,1951-11-07,72,M,VIC,2198,Unemployed,0,21923.97,Mortgage,1,2018-11-02
CUST004832,Brittney,Chambers,1978-12-29,45,M,NSW,2607,Full-Time,16,56055.56,Renting,0,2023-03-24
CUST004833,Michelle,Peck,1981-02-03,42,F,QLD,2659,Full-Time,22,68213.8,Mortgage,4,2020-05-31
CUST004834,Thomas,Mitchell,1953-03-01,70,M,SA,2856,Part-Time,34,22090.04,Owner,2,2019-07-29
CUST004835,Thomas,Ward,1957-06-15,66,M,VIC,2819,Self-Employed,32,45174.91,Living with Family,3,2021-04-24
CUST004836,Sean,Willis,1978-11-07,45,M,VIC,2920,Full-Time,8,22981.36,Renting,1,2021-01-05
CUST004837,Michele,Drake,1970-01-10,54,F,QLD,2664,Full-Time,15,76512.15,Renting,0,2019-09-24
CUST004838,Edward,Lopez,1957-05-28,66,M,NSW,2656,Casual,62,26379.28,Living with Family,1,2022-03-24
CUST004839,David,Paul,1953-02-10,70,F,VIC,2752,Self-Employed,6,66970.75,Owner,3,2025-04-20
CUST004840,Scott,Allen,1971-04-04,52,M,QLD,0807,Full-Time,5,44906.48,Renting,1,2023-07-04
CUST004841,Kimberly,Williams,1997-04-15,26,M,NSW,2983,Full-Time,7,51235.44,Mortgage,0,2019-09-28
CUST004842,Matthew,Holland,1974-10-27,49,F,NSW,2876,Part-Time,12,40629.67,Renting,2,2023-06-05
CUST004843,David,Erickson,1971-01-28,52,M,VIC,2667,Full-Time,33,50535.43,Living with Family,2,2023-07-26
CUST004844,Tonya,Brown,1983-01-23,40,M,VIC,2963,Full-Time,34,96312.73,Renting,0,2020-04-26
CUST004845,Ricky,Galvan,2003-04-30,20,F,NSW,2662,Full-Time,43,52014.79,Mortgage,0,2021-02-27
CUST004846,Victoria,Anderson,1963-02-05,60,F,QLD,4562,Casual,86,44288.78,Mortgage,1,2023-09-07
CUST004847,Jerry,Taylor,1994-06-07,29,M,NSW,2687,Self-Employed,26,85371.58,Mortgage,0,2022-10-16
CUST004848,Karen,Clark,1960-07-12,63,M,NSW,2133,Self-Employed,17,80426.86,Owner,3,2023-03-08
CUST004849,Jessica,Klein,1997-07-20,26,M,VIC,2208,Unemployed,0,15000.0,Renting,2,2022-12-17
CUST004850,Diana,King,1967-11-01,56,M,NSW,2137,Full-Time,9,68641.43,Renting,0,2016-10-28
CUST004851,Jesus,Gill,1961-03-08,62,F,QLD,2619,Full-Time,58,55696.18,Renting,1,2022-06-01
CUST004852,Lisa,Clark,1980-11-23,43,F,QLD,2856,Full-Time,52,55374.15,Renting,3,2022-06-08
CUST004853,David,Brewer,2005-11-19,18,F,NSW,9047,Part-Time,8,26720.48,Living with Family,2,2018-09-12
CUST004854,Alexandra,Page,1955-08-03,68,F,VIC,0951,Full-Time,65,113295.85,Renting,2,2021-01-08
CUST004855,Donna,Fernandez,1974-02-21,49,F,NSW,0964,Self-Employed,30,108528.89,Renting,2,2020-01-19
CUST004856,Kyle,Luna,1990-09-04,33,M,WA,2631,Full-Time,69,147302.84,Renting,1,2020-01-13
CUST004857,Amber,Walker,1988-05-02,35,M,QLD,0826,Casual,14,30340.38,Owner,1,2019-05-01
CUST004858,Jennifer,Soto,1968-06-21,55,F,WA,2613,Part-Time,71,32836.64,Mortgage,0,2022-07-21
CUST004859,Alexandra,Cox,1984-09-03,39,M,VIC,2674,Self-Employed,58,45469.37,Renting,2,2023-04-04
CUST004860,Victoria,Lewis,1957-06-05,66,M,QLD,5039,Full-Time,5,83571.54,Mortgage,0,2020-11-01
CUST004861,Taylor,Hendricks,2002-07-08,21,M,QLD,8331,Full-Time,88,103960.96,Renting,1,2022-12-19
CUST004862,Frederick,Wheeler,1951-01-20,72,F,NSW,2979,Full-Time,23,89701.96,Renting,1,2024-02-22
CUST004863,Michael,Cox,1974-02-14,49,M,NSW,2402,Casual,192,31131.31,Owner,1,2019-09-17
CUST004864,Ryan,Buck,1972-09-13,51,F,QLD,8606,Part-Time,23,31412.35,Renting,2,2022-07-17
CUST004865,Kenneth,Butler,1962-09-02,61,F,VIC,2449,Full-Time,51,101268.65,Living with Family,0,2021-12-01
CUST004866,John,Hansen,1980-07-29,43,F,NSW,2969,Full-Time,20,113337.03,Owner,0,2017-07-11
CUST004867,Jerry,Rogers,1992-02-09,31,M,NSW,2932,Self-Employed,38,77535.87,Renting,1,2024-06-07
CUST004868,Eric,Nguyen,1971-10-31,52,F,NSW,5637,Self-Employed,29,57931.28,Renting,0,2019-05-19
CUST004869,Valerie,Perez,1982-12-12,41,M,NSW,7495,Full-Time,8,106379.04,Owner,0,2024-12-23
CUST004870,James,Hart,1966-06-28,57,M,SA,2944,Part-Time,14,60051.96,Renting,0,2020-06-16
CUST004871,Elaine,Richardson,1974-12-26,49,M,NT,2370,Self-Employed,10,70641.41,Renting,1,2021-05-07
CUST004872,Brian,Rodgers,1962-04-29,61,F,NSW,2402,Full-Time,90,139636.19,Renting,0,2023-05-09
CUST004873,Shelby,James,2004-07-12,19,M,NSW,2983,Full-Time,2,53785.26,Renting,2,2022-11-14
CUST004874,Peter,Norton,1970-01-29,53,F,NSW,2672,Part-Time,2,49733.02,Renting,1,2018-04-03
CUST004875,Justin,Wagner,1992-01-19,31,M,SA,2893,Casual,53,26887.29,Mortgage,3,2022-02-09
CUST004876,Elizabeth,Smith,1953-07-07,70,M,NSW,2591,Part-Time,39,37985.47,Living with Family,1,2017-01-09
CUST004877,Ana,Jordan,1950-04-30,73,F,NSW,2073,Full-Time,16,97811.11,Mortgage,0,2025-07-05
CUST004878,Robert,Torres,1992-12-26,31,F,NSW,2618,Full-Time,16,61953.59,Mortgage,4,2024-09-14
CUST004879,James,Harrison,1986-02-23,37,M,VIC,2969,Full-Time,56,85156.74,Mortgage,0,2019-12-29
CUST004880,Christopher,Frey,2004-03-19,19,F,NSW,2290,Self-Employed,37,80450.05,Mortgage,1,2022-02-13
CUST004881,Samantha,Carter,1978-06-22,45,M,NSW,2978,Part-Time,64,40288.23,Owner,1,2017-09-10
CUST004882,Karen,Olsen,1966-04-16,57,F,NSW,2866,Full-Time,7,69844.69,Renting,2,2025-05-18
CUST004883,Jonathan,Snyder,1998-03-06,25,M,WA,2673,Full-Time,92,78157.68,Mortgage,3,2021-07-31
CUST004884,Nicole,Manning,1994-04-11,29,M,VIC,2942,Full-Time,1,53842.99,Owner,3,2021-03-27
CUST004885,Donna,Price,1982-12-08,41,F,QLD,2961,Part-Time,93,25555.56,Renting,1,2021-09-14
CUST004886,Lauren,Turner,1975-05-23,48,M,NT,2617,Full-Time,71,65762.0,Renting,0,2017-07-16
CUST004887,Karen,Shaw,1980-05-22,43,F,TAS,2614,Full-Time,53,134020.06,Owner,3,2018-12-07
CUST004888,Bradley,Weiss,1965-01-15,59,M,SA,3593,Full-Time,9,77538.8,Renting,2,2021-04-03
CUST004889,Julie,Brown,1972-08-22,51,M,VIC,2690,Casual,6,33827.02,Owner,1,2021-04-30
CUST004890,Brittany,Nunez,1982-10-28,41,M,VIC,2869,Casual,12,41472.23,Renting,1,2025-04-18
CUST004891,Sarah,Evans,1959-04-27,64,F,VIC,2685,Part-Time,29,38040.18,Mortgage,0,2018-12-26
CUST004892,Mark,Barajas,1973-04-04,50,F,WA,2651,Part-Time,24,44638.06,Renting,2,2022-11-24
CUST004893,Lynn,Gordon,1972-04-12,51,M,VIC,2308,Full-Time,6,98370.05,Owner,4,2021-08-21
CUST004894,Mindy,Barnes,1961-11-18,62,F,NSW,2926,Full-Time,107,73236.46,Living with Family,3,2020-07-27
CUST004895,Brenda,Brown,2002-03-14,21,F,QLD,2916,Full-Time,10,78523.65,Renting,2,2019-01-23
CUST004896,Russell,Sloan,1965-09-30,58,M,NSW,2619,Part-Time,34,47201.28,Renting,0,2022-08-21
CUST004897,Ronald,Lopez,2000-11-04,23,F,QLD,2619,Full-Time,24,54985.38,Mortgage,2,2024-01-14
CUST004898,Karen,Acosta,1952-04-18,71,F,WA,2995,Full-Time,8,47248.71,Renting,1,2025-07-15
CUST004899,Riley,Shaw,1981-09-12,42,M,QLD,2390,Full-Time,10,88298.5,Owner,3,2017-02-08
CUST004900,David,Boyd,1997-10-12,26,F,QLD,2683,Full-Time,11,67193.26,Owner,2,2018-09-04
CUST004901,Amy,Espinoza,1957-04-29,66,F,NSW,2990,Casual,23,33163.97,Owner,3,2017-08-18
CUST004902,Lee,Curry,1962-09-08,61,M,VIC,2029,Full-Time,36,82741.9,Owner,0,2019-10-10
CUST004903,James,Stone,1999-04-17,24,M,NT,2501,Full-Time,2,98983.5,Owner,0,2018-05-20
CUST004904,Michael,Owens,1966-10-18,57,M,NSW,4158,Part-Time,39,49006.93,Renting,2,2017-03-21
CUST004905,Destiny,Davis,1993-02-02,30,F,VIC,2929,Casual,20,33133.24,Mortgage,0,2021-11-02
CUST004906,Jake,Morales,1983-04-10,40,M,VIC,2970,Part-Time,32,58876.87,Renting,0,2024-08-13
CUST004907,Barbara,Powers,1969-03-20,54,M,SA,6396,Full-Time,13,108582.96,Renting,0,2021-07-07
CUST004908,Ryan,Keller,1954-06-15,69,M,NSW,2370,Full-Time,52,50475.59,Mortgage,1,2021-07-20
CUST004909,Chelsey,Hernandez,1986-12-18,37,F,TAS,2672,Full-Time,18,59418.01,Living with Family,1,2023-06-27
CUST004910,Melissa,Meadows,2004-09-10,19,F,NSW,2970,Self-Employed,1,35243.72,Mortgage,2,2021-02-19
CUST004911,Craig,Henderson,2002-08-11,21,F,NSW,2639,Full-Time,102,73871.22,Renting,3,2018-09-15
CUST004912,Charles,Lee,1996-11-12,27,M,WA,5522,Full-Time,26,90851.66,Owner,1,2017-02-07
CUST004913,Michele,Stokes,2000-04-10,23,M,SA,2103,Full-Time,7,113897.74,Mortgage,3,2021-01-10
CUST004914,Shari,Ruiz,1988-12-12,35,F,WA,2978,Self-Employed,22,40100.18,Renting,1,2021-09-22
CUST004915,Jennifer,Scott,1972-01-29,51,M,NSW,1661,Full-Time,32,41705.1,Owner,2,2017-05-04
CUST004916,Stacey,White,2002-12-23,21,F,VIC,0220,Casual,41,28472.78,Owner,4,2022-07-28
CUST004917,Virginia,Vargas,2002-11-26,21,M,VIC,2971,Full-Time,65,78327.84,Owner,0,2020-08-03
CUST004918,Christopher,Rodriguez,1978-03-03,45,M,NSW,9601,Full-Time,74,37303.65,Living with Family,0,2021-08-08
CUST004919,Elizabeth,Anderson,2001-11-18,22,M,SA,2689,Full-Time,1,78412.53,Renting,3,2024-04-26
CUST004920,James,White,2003-06-11,20,M,NSW,2969,Full-Time,65,98054.47,Renting,0,2024-08-06
CUST004921,Tyler,Le,1979-03-10,44,M,QLD,2620,Full-Time,1,68272.99,Mortgage,1,2020-08-02
CUST004922,Danny,Mitchell,1958-06-19,65,F,QLD,2959,Self-Employed,35,75544.62,Renting,0,2020-08-06
CUST004923,William,Jacobs,1987-11-24,36,M,VIC,2509,Part-Time,27,32637.81,Owner,2,2023-01-22
CUST004924,Ashley,Sullivan,1986-06-16,37,M,VIC,9045,Casual,26,19473.74,Mortgage,0,2017-01-01
CUST004925,Calvin,Webster,1959-03-13,64,M,WA,2676,Full-Time,27,59031.97,Mortgage,1,2016-10-11
CUST004926,Kristi,Parsons,1956-10-29,67,F,WA,9044,Part-Time,31,43055.54,Mortgage,2,2023-06-13
CUST004927,Mary,Walter,1996-07-19,27,M,NSW,2397,Full-Time,28,88580.98,Mortgage,2,2024-11-20
CUST004928,Linda,Arnold,1964-08-11,59,F,QLD,2694,Full-Time,2,66808.4,Mortgage,1,2020-07-19
CUST004929,Juan,Hutchinson,1968-08-13,55,F,VIC,2060,Full-Time,1,35374.73,Renting,3,2022-01-15
CUST004930,Jody,Poole,1996-10-17,27,M,QLD,3062,Unemployed,0,27151.07,Owner,1,2022-12-15
CUST004931,Matthew,Reynolds,1976-03-20,47,M,NSW,9398,Full-Time,110,54557.53,Mortgage,0,2024-12-15
CUST004932,Desiree,Freeman,1969-12-07,54,M,NSW,2639,Self-Employed,4,49629.17,Renting,2,2025-07-27
CUST004933,Douglas,Montgomery,1954-04-06,69,M,NSW,2049,Unemployed,0,19935.74,Renting,0,2019-12-16
CUST004934,Wendy,Ramos,2003-08-30,20,M,VIC,2602,Self-Employed,17,61722.89,Owner,3,2019-07-28
CUST004935,Kathleen,Ferguson,1960-10-11,63,F,VIC,2906,Full-Time,15,99087.61,Renting,1,2023-07-02
CUST004936,Natalie,Drake,1984-10-21,39,F,NSW,2660,Self-Employed,33,80044.21,Renting,1,2017-08-02
CUST004937,Tammy,Simpson,2004-02-20,19,F,NSW,8617,Casual,12,21445.07,Mortgage,1,2025-08-17
CUST004938,Nicholas,Stone,1988-09-19,35,F,QLD,6026,Self-Employed,30,68177.37,Mortgage,2,2017-11-21
CUST004939,Susan,Miller,1996-07-05,27,M,VIC,2986,Full-Time,43,32970.07,Mortgage,4,2017-12-16
CUST004940,Raymond,Smith,1991-06-09,32,F,QLD,2664,Full-Time,44,58080.53,Owner,4,2022-02-04
CUST004941,Lindsey,Ross,1957-02-13,66,F,NSW,9967,Full-Time,2,98577.45,Living with Family,0,2022-07-31
CUST004942,Mike,Moore,1956-12-21,67,M,QLD,2920,Full-Time,1,55581.57,Living with Family,0,2023-06-10
CUST004943,Kenneth,Moore,1997-05-17,26,M,WA,2977,Full-Time,18,77231.66,Renting,2,2025-04-16
CUST004944,Jennifer,Hernandez,1961-09-09,62,F,NSW,2634,Part-Time,85,28097.89,Renting,0,2018-05-04
CUST004945,Edward,Carey,1961-07-04,62,M,QLD,2980,Full-Time,2,101078.44,Owner,1,2016-09-24
CUST004946,Mary,Monroe,1968-05-06,55,F,NSW,2939,Part-Time,4,46906.36,Mortgage,3,2020-03-28
CUST004947,Hector,Cox,1953-05-09,70,M,QLD,2252,Self-Employed,68,62318.07,Mortgage,0,2016-10-19
CUST004948,Jessica,Perez,1970-08-09,53,M,NSW,2661,Full-Time,95,98458.7,Owner,0,2018-06-03
CUST004949,Joseph,Sellers,1956-08-18,67,F,NSW,2059,Full-Time,1,107733.03,Renting,0,2025-05-15
CUST004950,Keith,Hernandez,1985-11-24,38,M,SA,2632,Full-Time,31,86695.17,Renting,0,2023-04-04
CUST004951,Adam,Miller,1990-12-21,33,M,QLD,2639,Full-Time,170,113064.19,Renting,0,2019-03-01
CUST004952,Julie,Swanson,1964-09-12,59,F,VIC,2814,Part-Time,131,50461.64,Living with Family,3,2024-06-25
CUST004953,Amanda,Tyler,1996-07-22,27,M,ACT,3343,Full-Time,1,62852.24,Living with Family,2,2022-11-08
CUST004954,Nancy,Olson,1986-07-26,37,F,QLD,4240,Full-Time,5,89925.76,Renting,2,2023-07-14
CUST004955,Danny,Arias,1955-05-02,68,F,TAS,2633,Full-Time,22,55886.84,Living with Family,4,2017-07-23
CUST004956,Shelby,Glenn,1978-04-08,45,M,QLD,8181,Casual,18,17606.74,Mortgage,0,2022-08-08
CUST004957,Linda,Knight,2005-05-31,18,F,TAS,2634,Part-Time,1,39330.87,Mortgage,2,2018-03-10
CUST004958,Victoria,Stone,1973-05-31,50,M,ACT,0863,Full-Time,3,116261.71,Renting,2,2022-11-02
CUST004959,Thomas,Compton,1970-09-13,53,F,NSW,2962,Self-Employed,1,67319.6,Renting,0,2020-06-23
CUST004960,Kevin,Mills,1994-03-24,29,M,NSW,4237,Part-Time,69,22925.49,Living with Family,0,2024-02-21
CUST004961,Lance,Adkins,1958-05-17,65,F,QLD,2625,Self-Employed,5,48013.43,Mortgage,0,2018-07-19
CUST004962,Rachel,Cordova,1956-07-01,67,M,NSW,9280,Full-Time,1,73966.76,Mortgage,3,2019-09-15
CUST004963,Michael,Spencer,1964-04-30,59,F,NSW,8287,Part-Time,1,32209.34,Renting,1,2018-02-26
CUST004964,Thomas,James,1975-04-30,48,F,NSW,2980,Self-Employed,11,59932.33,Renting,0,2021-07-07
CUST004965,Tara,Evans,1981-01-24,42,F,QLD,3712,Full-Time,6,87788.45,Renting,0,2017-03-23
CUST004966,Jared,Sutton,1977-02-20,46,F,NSW,2676,Full-Time,49,42716.22,Owner,2,2021-09-21
CUST004967,Curtis,Waters,1984-10-07,39,M,WA,2626,Full-Time,38,87018.66,Owner,0,2017-11-18
CUST004968,Austin,Skinner,1987-10-24,36,F,NSW,2444,Full-Time,1,79113.87,Renting,3,2018-09-14
CUST004969,David,Trujillo,1986-08-03,37,M,WA,2444,Casual,73,37458.69,Owner,1,2019-12-04
CUST004970,Michelle,Reyes,1983-12-31,40,F,NSW,2935,Full-Time,59,81972.36,Living with Family,1,2023-02-04
CUST004971,Sarah,Lewis,1967-10-26,56,M,QLD,7971,Full-Time,120,130680.84,Renting,1,2024-01-09
CUST004972,Michael,Perez,1989-05-15,34,M,SA,2694,Casual,28,35210.21,Living with Family,0,2023-10-17
CUST004973,Franklin,Reynolds,2003-10-31,20,M,NSW,0870,Part-Time,108,51479.12,Mortgage,0,2017-07-22
CUST004974,Julie,Conner,1993-03-24,30,M,WA,2933,Full-Time,69,82506.36,Renting,1,2019-05-17
CUST004975,Tyler,Rodgers,1984-07-06,39,F,VIC,4586,Part-Time,11,45149.5,Mortgage,2,2022-05-14
CUST004976,Alexandra,Davis,1992-04-11,31,M,WA,2918,Full-Time,13,81981.32,Mortgage,0,2020-05-10
CUST004977,Wendy,Lamb,2004-09-17,19,F,WA,2621,Full-Time,28,53102.74,Living with Family,1,2020-01-09
CUST004978,Victor,Scott,1983-12-28,40,F,NSW,2906,Casual,41,40799.94,Mortgage,0,2025-07-10
CUST004979,David,Leach,1962-06-18,61,M,NSW,6033,Casual,3,18598.55,Living with Family,1,2017-10-13
CUST004980,Jermaine,Guzman,1959-06-08,64,F,NSW,2780,Full-Time,49,80165.93,Mortgage,1,2025-02-01
CUST004981,Keith,Clark,1975-03-10,48,F,QLD,2619,Full-Time,19,99753.51,Mortgage,3,2025-07-20
CUST004982,Natalie,Humphrey,1992-03-04,31,F,QLD,8368,Part-Time,4,53814.72,Renting,4,2020-11-22
CUST004983,Jennifer,Crawford,1976-05-25,47,F,VIC,1703,Full-Time,6,84913.53,Renting,2,2020-05-07
CUST004984,Whitney,Farmer,1973-07-28,50,M,VIC,2990,Full-Time,14,43536.81,Mortgage,0,2016-10-04
CUST004985,Nicholas,Love,2005-10-23,18,M,WA,2648,Part-Time,1,25168.02,Mortgage,4,2024-05-25
CUST004986,Tammy,Cobb,1956-09-11,67,M,QLD,4219,Self-Employed,2,77131.77,Owner,4,2024-03-08
CUST004987,Melissa,Perry,1962-01-20,61,F,NSW,4278,Full-Time,27,56629.77,Mortgage,1,2023-11-02
CUST004988,Dennis,Green,1993-12-15,30,M,VIC,2679,Full-Time,11,103915.83,Renting,2,2018-07-31
CUST004989,Rebecca,Bowen,1999-01-20,24,F,VIC,2979,Casual,47,29539.34,Renting,2,2025-09-16
CUST004990,Gabriel,Hodges,1974-09-19,49,F,NSW,2996,Casual,5,39267.36,Mortgage,2,2022-08-31
CUST004991,Paige,Daniels,1972-10-04,51,F,VIC,2681,Casual,7,40966.04,Owner,3,2018-05-12
CUST004992,Robin,Harris,1964-05-13,59,F,NSW,2958,Casual,28,31296.75,Owner,3,2024-01-10
CUST004993,Natalie,Hart,1965-10-19,58,M,VIC,2619,Full-Time,1,137110.34,Mortgage,3,2025-06-04
CUST004994,Tina,Yates,1987-11-18,36,F,VIC,2961,Full-Time,11,86861.63,Living with Family,0,2018-02-10
CUST004995,David,Salas,1964-11-20,59,M,VIC,2697,Full-Time,26,41938.91,Renting,0,2021-09-27
CUST004996,Katherine,Smith,1954-11-07,69,M,ACT,9364,Self-Employed,41,69882.93,Renting,1,2022-05-11
CUST004997,Christopher,Jenkins,1980-05-29,43,F,WA,2959,Full-Time,17,47157.11,Mortgage,2,2019-11-15
CUST004998,Traci,Tran,1970-09-09,53,F,NSW,0959,Part-Time,33,36007.26,Mortgage,1,2025-02-10
CUST004999,Cindy,Porter,1959-05-30,64,F,QLD,2661,Full-Time,38,99947.78,Renting,2,2018-08-08
CUST005000,James,Norris,1999-03-18,24,F,QLD,2959,Self-Employed,20,79947.82,Mortgage,1,2021-03-12
CUST005001,Steven,Stone,1978-01-30,45,F,WA,2917,Full-Time,50,62566.07,Mortgage,4,2020-01-08
CUST005002,Kristina,Coleman,1961-11-19,62,M,NSW,2674,Casual,10,24199.63,Mortgage,0,2017-07-12
CUST005003,Caitlin,Richards,1964-08-15,59,F,VIC,2688,Full-Time,144,70550.58,Owner,0,2016-12-08
CUST005004,Amy,Evans,1981-06-30,42,F,VIC,2607,Part-Time,78,54682.71,Renting,0,2024-06-02
CUST005005,Cathy,Smith,1960-11-11,63,F,VIC,2920,Casual,1,42348.27,Renting,3,2024-05-15
CUST005006,Michelle,Johnson,1956-05-24,67,M,NSW,2313,Full-Time,50,96977.86,Renting,0,2022-03-19
CUST005007,Alicia,Smith,1969-02-12,54,F,VIC,2922,Full-Time,29,97278.18,Mortgage,2,2023-06-21
CUST005008,John,Montgomery,1973-08-30,50,F,VIC,2349,Full-Time,13,85248.44,Mortgage,3,2022-02-27
CUST005009,Michelle,Warren,1954-10-10,69,M,VIC,2991,Casual,47,46681.77,Renting,2,2023-12-05
CUST005010,Lori,Morrow,1972-01-10,52,M,VIC,2909,Self-Employed,8,98937.05,Renting,2,2016-11-21
CUST005011,Tina,Hopkins,1998-05-27,25,F,VIC,5157,Full-Time,29,68141.53,Renting,3,2018-09-28
CUST005012,Anthony,Gibson,1988-02-03,35,M,NSW,5673,Full-Time,104,91406.07,Mortgage,1,2020-03-17
CUST005013,Benjamin,Lowe,1960-04-03,63,M,NSW,2619,Full-Time,4,114259.57,Renting,2,2017-02-17
CUST005014,James,White,1960-03-28,63,M,NSW,2933,Casual,6,59009.18,Owner,3,2022-10-18
CUST005015,William,Hughes,1953-01-15,71,M,VIC,5724,Part-Time,95,36354.08,Renting,2,2024-12-04
CUST005016,Taylor,Beck,1985-09-17,38,M,TAS,2975,Full-Time,9,63411.74,Mortgage,0,2024-12-16
CUST005017,James,Tate,1975-06-23,48,M,QLD,2920,Self-Employed,9,45032.81,Renting,1,2020-12-04
CUST005018,Erin,Parker,1956-08-08,67,F,WA,0817,Casual,62,23123.49,Owner,1,2022-10-22
CUST005019,Lindsey,Cross,1961-08-26,62,M,NSW,0209,Unemployed,0,17930.89,Renting,0,2020-07-16
CUST005020,William,Watts,1969-06-19,54,M,ACT,9610,Full-Time,25,86835.53,Owner,0,2025-01-27
CUST005021,Emily,Wells,1980-02-08,43,M,QLD,2968,Full-Time,4,79489.22,Mortgage,2,2020-02-18
CUST005022,Michelle,Meyers,2005-11-18,18,M,NSW,6433,Full-Time,8,70025.55,Renting,2,2025-08-29
CUST005023,Joseph,Crawford,1973-07-19,50,M,QLD,2646,Part-Time,7,60295.75,Mortgage,2,2018-07-13
CUST005024,Mary,Barrett,1978-02-23,45,F,VIC,2969,Part-Time,14,39093.04,Mortgage,1,2020-04-08
CUST005025,Joseph,Cook,2000-04-17,23,F,QLD,2616,Full-Time,162,76135.22,Owner,2,2020-03-10
CUST005026,Brandy,Baker,1964-10-06,59,F,WA,2611,Full-Time,6,66556.46,Mortgage,0,2019-11-12
CUST005027,Lisa,Allen,1998-07-24,25,M,VIC,2614,Self-Employed,28,61173.2,Owner,1,2024-06-30
CUST005028,Jennifer,Anderson,1987-04-19,36,M,NSW,2053,Full-Time,140,67459.13,Mortgage,2,2020-09-16
CUST005029,Deborah,Hansen,1959-07-26,64,M,QLD,2889,Full-Time,22,125056.02,Mortgage,0,2020-04-23
CUST005030,Darlene,Green,2000-09-05,23,M,VIC,2037,Full-Time,6,80786.95,Living with Family,2,2023-12-20
CUST005031,Angela,Mcmahon,1969-12-28,54,M,WA,2918,Full-Time,16,64744.75,Mortgage,0,2016-10-15
CUST005032,Jason,Daniel,1963-01-16,61,F,SA,2976,Full-Time,141,40522.74,Mortgage,1,2021-12-12
CUST005033,Catherine,Wright,1960-07-18,63,F,NSW,7648,Casual,1,46521.9,Owner,4,2017-02-10
CUST005034,Lisa,Johnson,2003-01-06,21,F,QLD,2687,Full-Time,29,86346.69,Renting,1,2018-08-10
CUST005035,Nancy,Miller,2005-11-05,18,F,NSW,1632,Full-Time,69,48795.02,Owner,1,2024-01-09
CUST005036,Mary,Edwards,1990-09-15,33,F,VIC,2126,Full-Time,36,70835.27,Mortgage,0,2019-12-22
CUST005037,Amanda,Welch,1963-02-04,60,M,QLD,2603,Self-Employed,25,72113.31,Renting,1,2018-07-18
CUST005038,Ralph,Campbell,1966-08-16,57,M,NSW,2604,Full-Time,9,43601.21,Owner,0,2022-12-13
CUST005039,Phillip,Reynolds,2005-01-19,18,F,NSW,2133,Part-Time,66,26779.34,Renting,0,2024-05-19
CUST005040,Rebecca,Gonzalez,2004-12-02,19,M,QLD,5974,Full-Time,176,52921.41,Renting,3,2017-09-23
CUST005041,Kimberly,Erickson,1984-03-19,39,M,VIC,5410,Full-Time,23,109044.67,Mortgage,0,2024-08-14
CUST005042,Courtney,Graham,1950-12-15,73,M,QLD,2918,Casual,29,45375.85,Mortgage,1,2017-09-19
CUST005043,Mark,Myers,2000-05-29,23,M,VIC,8497,Part-Time,31,35642.13,Living with Family,0,2021-01-02
CUST005044,James,Gonzalez,1986-06-28,37,F,NSW,2690,Full-Time,24,90017.2,Renting,0,2020-07-26
CUST005045,Jason,Morris,1965-01-05,59,M,VIC,2974,Full-Time,8,74488.73,Mortgage,3,2023-01-29
CUST005046,Brittany,Wyatt,1977-03-01,46,F,NSW,2052,Casual,10,44880.01,Mortgage,0,2020-05-31
CUST005047,Tanner,Barber,1960-07-01,63,M,NSW,8756,Self-Employed,2,41151.15,Mortgage,1,2023-07-13
CUST005048,Christopher,Mathis,1953-03-26,70,M,QLD,4129,Full-Time,4,79738.92,Renting,0,2018-05-14
CUST005049,Raymond,Davis,2000-12-10,23,F,QLD,2679,Self-Employed,8,76725.03,Owner,2,2017-09-17
CUST005050,Steven,Cox,1960-08-10,63,F,NSW,6841,Full-Time,9,91992.9,Mortgage,3,2023-01-09
CUST005051,Regina,Wright,2005-10-03,18,F,VIC,0287,Full-Time,17,61401.21,Renting,0,2016-10-21
CUST005052,William,Krause,2002-11-22,21,F,VIC,2920,Full-Time,91,65766.87,Renting,1,2021-12-07
CUST005053,Courtney,Molina,1993-09-19,30,M,NSW,2971,Self-Employed,13,65507.1,Living with Family,1,2024-09-13
CUST005054,Joseph,Crawford,1997-03-17,26,M,SA,2908,Full-Time,108,49431.23,Mortgage,3,2018-07-27
CUST005055,Debbie,Alexander,1980-12-02,43,M,NSW,2883,Casual,20,17003.03,Mortgage,4,2023-12-22
CUST005056,Zachary,Mack,1962-12-13,61,F,NSW,2903,Part-Time,62,35253.88,Owner,4,2020-08-14
CUST005057,Donna,Vaughn,1999-12-16,24,M,VIC,1449,Full-Time,54,97533.44,Mortgage,1,2017-11-20
CUST005058,Brian,Smith,1960-06-09,63,M,SA,2619,Full-Time,45,107092.17,Owner,2,2024-07-11
CUST005059,Lori,Sanchez,1981-11-11,42,M,VIC,2984,Unemployed,0,15000.0,Renting,3,2018-12-08
CUST005060,Ronnie,Manning,2004-09-21,19,M,QLD,2949,Self-Employed,3,85596.36,Mortgage,0,2021-03-31
CUST005061,Jose,Adams,1965-03-18,58,F,WA,2188,Part-Time,43,53741.59,Owner,0,2022-08-28
CUST005062,Wendy,Matthews,2001-12-25,22,F,WA,2032,Full-Time,55,85074.73,Renting,4,2025-06-21
CUST005063,Connie,Watson,1951-09-06,72,M,QLD,1526,Full-Time,1,78062.48,Mortgage,3,2022-04-19
CUST005064,David,Ward,1995-01-14,28,M,QLD,2670,Casual,27,29744.58,Mortgage,1,2024-10-24
CUST005065,Carly,Dean,1984-12-07,39,M,VIC,2983,Full-Time,30,101140.78,Mortgage,1,2018-09-11
CUST005066,Lynn,Martin,2005-05-15,18,M,NSW,2695,Casual,2,46458.45,Renting,1,2024-05-15
CUST005067,Joseph,Smith,1972-11-25,51,M,NSW,2690,Casual,37,34112.22,Renting,0,2020-09-07
CUST005068,David,Gomez,1987-01-01,37,F,QLD,2227,Full-Time,5,109479.82,Mortgage,2,2018-08-08
CUST005069,David,Delacruz,1959-03-15,64,M,NSW,0995,Part-Time,38,57357.6,Mortgage,0,2018-08-29
CUST005070,Sandra,Smith,1982-02-11,41,M,NSW,2922,Self-Employed,4,51593.17,Owner,1,2018-07-12
CUST005071,Amanda,Lyons,1988-04-03,35,M,WA,2988,Full-Time,7,76213.37,Renting,1,2017-11-11
CUST005072,Kevin,Baxter,2002-06-04,21,M,QLD,2193,Self-Employed,4,50021.89,Mortgage,1,2024-11-30
CUST005073,Susan,Evans,1952-12-20,71,F,WA,2927,Casual,14,53271.59,Renting,0,2018-09-06
CUST005074,Scott,Summers,1979-09-01,44,F,NSW,7739,Full-Time,34,53805.43,Mortgage,2,2024-01-10
CUST005075,Edward,Guerra,2004-04-24,19,M,ACT,2955,Full-Time,11,110791.79,Mortgage,0,2018-11-09
CUST005076,Nicholas,Miller,1997-11-09,26,M,ACT,2647,Casual,75,39121.29,Mortgage,0,2018-01-12
CUST005077,Kathy,Berg,1989-01-29,34,M,QLD,2604,Full-Time,162,85484.82,Mortgage,1,2024-05-23
CUST005078,Miranda,Garcia,1983-10-07,40,M,NSW,2952,Casual,15,49377.9,Mortgage,2,2024-07-24
CUST005079,Stuart,Barnes,1970-11-26,53,F,NSW,8815,Full-Time,5,50473.7,Mortgage,0,2024-11-14
CUST005080,John,Giles,1984-01-18,39,F,NSW,2619,Full-Time,3,68732.5,Living with Family,3,2021-11-25
CUST005081,Melissa,Oliver,1991-12-12,32,M,VIC,2934,Full-Time,63,101038.95,Renting,2,2023-05-27
CUST005082,Dale,Lloyd,1976-01-11,48,M,NSW,1488,Full-Time,6,94674.54,Renting,0,2019-04-06
CUST005083,Nicole,Bruce,1992-08-12,31,M,VIC,2089,Casual,4,29913.27,Renting,0,2017-12-13
CUST005084,Richard,Roberts,1964-07-14,59,M,VIC,2695,Casual,26,44166.83,Mortgage,0,2016-12-18
CUST005085,Robert,Conrad,2003-10-29,20,M,NSW,2965,Part-Time,28,46849.04,Mortgage,2,2022-02-19
CUST005086,Sarah,Richardson,1996-02-14,27,F,QLD,2958,Full-Time,8,48140.26,Renting,3,2021-04-27
CUST005087,William,Joseph,1999-07-15,24,F,VIC,2637,Full-Time,8,69386.72,Mortgage,2,2020-09-02
CUST005088,Sergio,Huff,1968-11-07,55,M,NSW,0977,Part-Time,2,43525.35,Living with Family,2,2019-03-03
CUST005089,Hector,Campbell,1983-01-16,40,F,QLD,2619,Full-Time,42,93997.83,Owner,0,2017-11-10
CUST005090,Eddie,Roberts,1979-07-23,44,M,WA,6379,Full-Time,26,81914.48,Owner,0,2020-12-14
CUST005091,Trevor,Page,1951-12-18,72,F,ACT,2955,Part-Time,26,32600.31,Living with Family,1,2022-02-14
CUST005092,Marilyn,Carroll,1966-03-18,57,F,VIC,0274,Full-Time,3,64456.06,Mortgage,0,2025-01-08
CUST005093,Daniel,Simmons,1998-10-06,25,F,VIC,2669,Full-Time,27,61619.04,Renting,3,2019-10-17
CUST005094,Megan,Wilson,1974-03-10,49,M,NSW,2955,Part-Time,5,37730.73,Owner,0,2021-12-31
CUST005095,Anthony,Jackson,1969-08-25,54,F,WA,2616,Casual,29,34094.88,Owner,3,2020-09-29
CUST005096,Kylie,Bennett,1985-12-03,38,F,QLD,2619,Full-Time,8,42582.2,Renting,0,2023-10-07
CUST005097,Valerie,Henry,2002-07-31,21,F,VIC,2916,Full-Time,55,111345.65,Mortgage,0,2019-12-20
CUST005098,Sheri,Montoya,1996-06-06,27,F,WA,2619,Self-Employed,63,88688.96,Owner,2,2022-12-19
CUST005099,Dakota,Escobar,1961-06-10,62,F,NSW,0900,Part-Time,95,48258.44,Mortgage,0,2019-10-11
CUST005100,Matthew,Allen,2005-06-05,18,M,QLD,2925,Full-Time,17,123647.19,Mortgage,4,2019-12-05
CUST005101,Pam,Cox,2005-08-09,18,F,VIC,2602,Self-Employed,19,76782.77,Mortgage,1,2025-05-07
CUST005102,Angela,Booker,1974-04-26,49,F,QLD,2673,Full-Time,79,114988.23,Mortgage,1,2020-01-31
CUST005103,Diane,Lyons,2005-12-28,18,M,SA,0268,Full-Time,13,112856.17,Renting,4,2017-03-18
CUST005104,Cheyenne,Blake,1997-04-22,26,M,NSW,2939,Full-Time,13,43780.58,Owner,0,2017-07-20
CUST005105,Katherine,Williams,1978-11-20,45,M,VIC,2661,Full-Time,4,79559.37,Renting,2,2020-12-26
CUST005106,Mark,Ruiz,1971-03-21,52,F,QLD,2942,Full-Time,49,84218.66,Mortgage,1,2017-07-26
CUST005107,Stephen,Hall,1991-05-20,32,F,NSW,2998,Part-Time,30,46183.51,Renting,1,2020-03-06
CUST005108,Sharon,Maldonado,1952-05-29,71,F,NSW,2691,Casual,32,44160.13,Renting,4,2022-09-27
CUST005109,Alexandra,Sosa,1974-02-06,49,M,QLD,8885,Full-Time,259,74543.51,Mortgage,1,2022-07-17
CUST005110,Christopher,Richardson,1951-02-22,72,M,VIC,9391,Full-Time,34,85140.04,Living with Family,1,2017-07-24
CUST005111,James,Williams,1971-02-25,52,M,QLD,2994,Full-Time,5,65916.04,Renting,0,2017-02-28
CUST005112,James,Byrd,1985-03-03,38,F,NT,2693,Full-Time,11,60844.71,Mortgage,2,2025-03-10
CUST005113,Vincent,Williams,1974-11-12,49,F,QLD,1388,Full-Time,17,85229.34,Renting,0,2022-06-14
CUST005114,Sherry,Gamble,1979-10-25,44,F,NSW,2388,Full-Time,8,131534.86,Mortgage,3,2022-04-05
CUST005115,Justin,Crosby,1980-05-12,43,F,QLD,8167,Full-Time,33,61239.05,Renting,0,2020-08-12
CUST005116,Nicole,Gilmore,1964-02-20,59,M,VIC,2620,Full-Time,3,109272.03,Living with Family,1,2021-08-14
CUST005117,Holly,Lopez,1967-01-25,56,M,WA,2656,Full-Time,67,103943.61,Renting,3,2020-08-21
CUST005118,Eduardo,Cabrera,1977-08-10,46,M,WA,2934,Casual,75,54045.46,Renting,0,2024-05-11
CUST005119,Deborah,Lee,1964-09-02,59,F,NSW,2647,Full-Time,52,83632.58,Renting,1,2022-02-12
CUST005120,John,Wheeler,1974-11-26,49,F,WA,2948,Full-Time,3,81833.99,Living with Family,2,2017-07-24
CUST005121,Thomas,Summers,1989-12-03,34,M,QLD,2934,Part-Time,7,39261.39,Renting,0,2022-03-18
CUST005122,Paul,Griffin,1959-07-08,64,M,NSW,2444,Part-Time,51,45061.42,Mortgage,1,2020-03-07
CUST005123,Tonya,Carroll,1985-02-05,38,F,NSW,2953,Self-Employed,8,45906.87,Renting,2,2017-07-20
CUST005124,Lindsey,Powell,1968-09-10,55,M,QLD,2633,Full-Time,1,49550.91,Owner,0,2022-04-05
CUST005125,Elijah,Gray,1950-04-27,73,F,NSW,6089,Full-Time,38,127851.53,Mortgage,0,2023-12-21
CUST005126,Stephanie,Price,1965-04-15,58,F,WA,0281,Casual,1,23785.88,Mortgage,3,2025-05-09
CUST005127,Valerie,White,1956-10-14,67,F,NSW,2629,Full-Time,8,90240.97,Renting,0,2023-10-04
CUST005128,Elizabeth,Santos,1958-03-10,65,M,NSW,2624,Unemployed,0,16647.23,Mortgage,3,2020-03-06
CUST005129,Jacob,Williams,1978-03-08,45,F,NSW,2903,Full-Time,76,110742.95,Mortgage,1,2018-10-19
CUST005130,Kim,Brown,1990-09-25,33,F,VIC,2981,Self-Employed,84,86329.95,Renting,0,2018-07-23
CUST005131,Samantha,Mann,1973-09-20,50,F,VIC,8578,Part-Time,29,72573.55,Owner,0,2018-12-05
CUST005132,Kristin,Murphy,2003-07-25,20,F,QLD,2985,Full-Time,26,106499.16,Renting,1,2022-10-22
CUST005133,Reginald,Weiss,1975-10-16,48,F,TAS,2977,Casual,53,23564.98,Renting,1,2021-03-31
CUST005134,Aaron,Tanner,1982-04-20,41,M,QLD,2951,Part-Time,3,23189.18,Owner,0,2024-05-16
CUST005135,Randall,Goodman,1957-05-15,66,M,VIC,2604,Self-Employed,204,67737.01,Mortgage,4,2022-06-23
CUST005136,Joseph,Donaldson,2004-04-13,19,F,NSW,2682,Full-Time,25,69251.35,Renting,3,2020-12-04
CUST005137,Daniel,Hayden,1971-01-19,52,F,NSW,2963,Part-Time,1,39354.39,Renting,4,2024-09-01
CUST005138,Gregory,Brown,1996-02-08,27,M,NSW,2631,Full-Time,52,103413.72,Mortgage,0,2025-07-20
CUST005139,Scott,Bryant,1979-04-24,44,M,QLD,2552,Full-Time,15,37134.45,Owner,1,2017-03-07
CUST005140,Crystal,Davis,1968-08-15,55,M,WA,8505,Full-Time,6,51972.34,Renting,3,2020-05-27
CUST005141,Joe,Stewart,1986-02-10,37,M,VIC,9508,Full-Time,41,101441.03,Renting,4,2017-07-06
CUST005142,Jacob,Lopez,1964-12-26,59,F,SA,2659,Full-Time,18,97005.4,Renting,0,2021-03-25
CUST005143,Rachel,Jenkins,2003-08-13,20,F,VIC,2672,Full-Time,39,71117.38,Renting,0,2024-05-30
CUST005144,Heather,Williams,1988-09-05,35,F,SA,2823,Full-Time,25,40873.62,Renting,2,2018-07-26
CUST005145,Richard,Mora,1955-04-14,68,F,VIC,3917,Full-Time,6,66658.58,Living with Family,4,2017-02-11
CUST005146,David,Miller,1970-10-26,53,F,NSW,2857,Casual,109,51993.03,Owner,0,2024-10-28
CUST005147,Martha,Phillips,1987-09-04,36,F,NSW,0259,Part-Time,27,43152.14,Renting,1,2022-02-10
CUST005148,David,Smith,1969-01-31,54,F,WA,2655,Self-Employed,2,70935.19,Living with Family,1,2022-04-10
CUST005149,Susan,Pham,1974-08-15,49,M,VIC,2675,Full-Time,8,68630.7,Renting,2,2024-11-09
CUST005150,James,Collins,1978-12-12,45,M,NSW,1775,Full-Time,1,32330.05,Renting,3,2017-11-01
CUST005151,Chase,Larson,1952-01-21,71,F,WA,2632,Full-Time,55,120366.31,Mortgage,1,2017-09-14
CUST005152,Stephen,Morgan,1981-08-12,42,F,VIC,2667,Part-Time,79,60808.31,Living with Family,3,2017-09-19
CUST005153,Mary,Williams,1963-08-08,60,F,NSW,2691,Full-Time,78,88569.87,Owner,2,2022-03-18
CUST005154,John,Miller,1975-06-13,48,M,NSW,0266,Part-Time,37,27932.86,Mortgage,1,2019-11-21
CUST005155,Gregory,Harris,1999-05-15,24,F,VIC,2465,Full-Time,47,39876.88,Owner,3,2019-10-13
CUST005156,Kathryn,King,1951-01-05,73,M,QLD,2945,Full-Time,24,46410.44,Renting,2,2019-10-09
CUST005157,Shelby,Shannon,1974-02-22,49,F,NSW,2696,Full-Time,12,94476.14,Renting,2,2022-05-21
CUST005158,Brian,Gibson,1977-03-01,46,F,WA,2941,Part-Time,4,50242.14,Renting,2,2016-10-17
CUST005159,Michael,Goodman,2001-04-21,22,M,NSW,2608,Part-Time,4,16427.64,Renting,2,2021-02-10
CUST005160,Aaron,Ford,1974-06-14,49,F,NSW,2312,Full-Time,8,99309.61,Living with Family,3,2017-06-22
CUST005161,Melissa,Chavez,1980-01-13,43,M,QLD,7323,Self-Employed,16,71631.41,Living with Family,3,2020-01-04
CUST005162,Autumn,Hall,1995-11-17,28,M,WA,2680,Self-Employed,23,90599.94,Renting,0,2022-05-23
CUST005163,Alyssa,Gross,1971-03-22,52,F,QLD,2941,Full-Time,3,76308.2,Mortgage,3,2024-07-24
CUST005164,Thomas,Brown,1974-01-02,50,F,VIC,2619,Part-Time,9,50842.96,Living with Family,0,2019-05-25
CUST005165,Daniel,Rice,1958-02-25,65,F,VIC,2124,Full-Time,36,126369.43,Mortgage,0,2018-04-25
CUST005166,Robert,Rice,1989-05-13,34,F,SA,2955,Full-Time,29,57990.24,Mortgage,0,2023-05-18
CUST005167,Douglas,Johnson,1982-12-28,41,F,NSW,2315,Self-Employed,3,82204.33,Renting,0,2023-02-12
CUST005168,Antonio,Stewart,1981-04-19,42,F,NSW,2293,Full-Time,1,74539.77,Renting,4,2018-06-09
CUST005169,Michael,Wright,1972-06-04,51,F,WA,0233,Full-Time,128,23679.16,Owner,1,2016-10-13
CUST005170,Kelsey,Graves,1977-09-06,46,M,NSW,2667,Casual,25,29363.49,Renting,1,2023-01-11
CUST005171,Becky,Fernandez,1952-10-18,71,F,SA,2921,Full-Time,1,41621.87,Renting,0,2020-05-17
CUST005172,Sarah,Johnson,1963-04-04,60,F,QLD,2631,Full-Time,25,78039.58,Owner,1,2023-10-20
CUST005173,Tammy,Adams,1950-05-08,73,F,VIC,2212,Full-Time,5,71425.2,Renting,1,2019-10-17
CUST005174,Cindy,Arnold,1990-05-01,33,M,VIC,2683,Self-Employed,30,61047.28,Mortgage,2,2025-01-03
CUST005175,Ariana,Ruiz,1986-02-15,37,M,QLD,2618,Self-Employed,15,80642.01,Renting,3,2020-02-03
CUST005176,Shawn,Jacobs,1980-06-02,43,M,SA,2970,Full-Time,72,88861.57,Mortgage,0,2019-12-01
CUST005177,Stephanie,Young,1955-03-15,68,F,QLD,5301,Full-Time,96,63744.17,Mortgage,2,2025-07-21
CUST005178,Jennifer,Stafford,1989-06-29,34,M,ACT,6169,Full-Time,65,99417.72,Renting,1,2023-08-24
CUST005179,Jennifer,Jones,1960-09-13,63,M,QLD,6364,Part-Time,40,56970.3,Renting,0,2022-07-08
CUST005180,Carrie,Velasquez,1951-05-07,72,F,WA,2930,Full-Time,63,97030.93,Living with Family,4,2020-03-12
CUST005181,Laurie,Phillips,1990-07-27,33,F,QLD,2962,Full-Time,22,58769.31,Renting,1,2025-07-15
CUST005182,James,Randall,1969-02-06,54,M,VIC,2900,Full-Time,10,45174.1,Renting,2,2022-09-13
CUST005183,Veronica,Hancock,1999-03-04,24,F,VIC,1946,Full-Time,117,104263.92,Mortgage,1,2018-05-06
CUST005184,Amanda,Wong,1950-06-11,73,F,NSW,2602,Full-Time,25,89591.14,Renting,0,2022-08-06
CUST005185,Shannon,Carpenter,1991-07-23,32,F,VIC,2646,Full-Time,1,86890.23,Renting,0,2016-12-16
CUST005186,Sarah,Welch,1957-03-10,66,F,NSW,2981,Full-Time,15,51054.45,Mortgage,0,2017-10-25
CUST005187,Michelle,Smith,1975-01-08,49,M,NSW,2619,Part-Time,53,51962.58,Renting,1,2016-12-17
CUST005188,Sheila,Robinson,1984-11-23,39,M,NSW,1919,Full-Time,12,41077.45,Living with Family,4,2019-03-25
CUST005189,Lisa,Jones,1982-11-21,41,M,QLD,2900,Full-Time,2,101005.48,Renting,0,2017-03-02
CUST005190,Derek,Vaughn,1961-02-10,62,M,NSW,2648,Full-Time,7,96339.55,Renting,2,2016-12-10
CUST005191,Leah,Estrada,2003-08-12,20,F,VIC,8777,Self-Employed,43,69862.95,Renting,3,2024-05-20
CUST005192,Christopher,Lambert,1995-04-02,28,F,QLD,2902,Full-Time,75,88237.01,Mortgage,3,2023-01-02
CUST005193,Nicole,Garcia,1979-02-08,44,M,NSW,5569,Full-Time,2,101005.41,Mortgage,1,2024-11-26
CUST005194,Anthony,Henry,1967-06-21,56,F,QLD,2665,Casual,27,25068.16,Mortgage,0,2025-05-19
CUST005195,Heather,Hart,1970-09-21,53,F,ACT,2619,Casual,26,20071.46,Mortgage,0,2025-08-21
CUST005196,Edward,Gomez,1997-02-19,26,F,WA,2619,Full-Time,1,79086.44,Living with Family,2,2025-06-18
CUST005197,John,Pennington,1971-02-04,52,M,NSW,5748,Full-Time,84,19716.41,Renting,1,2023-10-07
CUST005198,Michael,Williams,1985-02-04,38,F,QLD,2961,Part-Time,29,47866.78,Mortgage,1,2020-07-18
CUST005199,Natasha,Sharp,1993-01-19,30,M,QLD,0273,Full-Time,1,84678.52,Renting,0,2019-12-29
CUST005200,David,Rodriguez,1956-09-21,67,M,VIC,2920,Full-Time,76,77310.38,Renting,0,2019-01-31
CUST005201,Tina,Porter,1975-10-14,48,F,WA,7359,Full-Time,9,69036.71,Mortgage,1,2025-01-30
CUST005202,Sierra,Pena,1988-05-23,35,F,WA,2933,Full-Time,10,44512.32,Renting,1,2021-07-23
CUST005203,Cassandra,Garza,1971-05-09,52,F,NSW,2619,Full-Time,14,78605.63,Owner,0,2018-04-28
CUST005204,Barry,Miller,1958-02-11,65,F,WA,2660,Full-Time,125,66967.97,Mortgage,2,2022-12-31
CUST005205,Ronald,Lane,2001-06-19,22,F,QLD,2636,Unemployed,0,24552.25,Renting,0,2024-01-05
CUST005206,Christopher,Fisher,1956-03-21,67,F,SA,6933,Full-Time,1,108015.51,Renting,1,2020-01-19
CUST005207,Jason,Jones,1989-01-23,34,F,VIC,9783,Casual,31,32396.35,Living with Family,0,2017-01-30
CUST005208,Alyssa,Robertson,1986-12-05,37,F,WA,2915,Self-Employed,91,38021.28,Renting,0,2018-10-25
CUST005209,Martin,Henderson,1968-10-31,55,F,WA,2640,Casual,56,55582.78,Owner,1,2017-12-12
CUST005210,Kimberly,Blanchard,1988-11-27,35,F,QLD,2778,Part-Time,32,43572.84,Mortgage,0,2017-11-03
CUST005211,Eric,Garza,1960-07-13,63,M,VIC,6345,Full-Time,8,75953.21,Renting,1,2017-10-28
CUST005212,Teresa,Owen,1963-02-10,60,M,VIC,2629,Full-Time,105,45182.99,Mortgage,3,2018-09-18
CUST005213,Steve,Reynolds,1975-04-11,48,F,QLD,1394,Full-Time,22,75165.14,Mortgage,3,2022-11-23
CUST005214,Scott,Copeland,1996-10-08,27,F,NSW,2255,Full-Time,199,53061.64,Mortgage,3,2025-05-31
CUST005215,Troy,Olson,1989-11-26,34,M,VIC,5174,Part-Time,58,40816.18,Mortgage,2,2018-07-24
CUST005216,Elizabeth,Lewis,2002-10-10,21,M,VIC,2943,Full-Time,28,98183.77,Mortgage,0,2019-11-15
CUST005217,Heather,Jones,1978-11-23,45,F,VIC,2957,Full-Time,7,51565.33,Mortgage,0,2019-11-22
CUST005218,Donald,Novak,1999-06-08,24,F,QLD,2640,Full-Time,2,75122.93,Living with Family,1,2022-04-18
CUST005219,Jessica,Lopez,1979-08-18,44,M,NSW,6575,Full-Time,89,53542.96,Mortgage,1,2025-08-26
CUST005220,Cheryl,Gonzalez,1960-07-16,63,M,QLD,5168,Self-Employed,43,39198.58,Owner,0,2020-02-15
CUST005221,Steven,Smith,1997-09-05,26,F,NSW,8855,Full-Time,31,62121.83,Mortgage,2,2016-11-15
CUST005222,Joseph,Schroeder,1982-12-09,41,M,QLD,6441,Self-Employed,70,39281.72,Renting,0,2017-04-08
CUST005223,Alexis,Thomas,1991-04-21,32,F,VIC,2920,Full-Time,1,55444.99,Owner,1,2023-09-28
CUST005224,Jorge,Lee,1984-02-14,39,F,NSW,2892,Casual,46,17256.32,Renting,1,2017-10-04
CUST005225,Daniel,Warren,2005-04-10,18,F,QLD,2388,Full-Time,22,72748.87,Renting,2,2024-08-14
CUST005226,Cheryl,Hurley,1985-05-24,38,M,NSW,2619,Full-Time,38,77195.6,Renting,1,2018-08-26
CUST005227,Melanie,Burton,1958-10-02,65,M,WA,2695,Full-Time,7,92218.42,Mortgage,3,2020-10-04
CUST005228,Jason,Parker,2005-01-05,19,F,VIC,3111,Full-Time,150,72036.89,Owner,2,2019-08-26
CUST005229,Melissa,Evans,1978-09-12,45,F,NSW,2976,Full-Time,32,97465.22,Renting,0,2017-03-15
CUST005230,Tiffany,Jenkins,1955-02-03,68,M,VIC,2646,Self-Employed,63,38295.59,Mortgage,2,2018-05-30
CUST005231,Matthew,Morris,1997-12-28,26,M,SA,0220,Full-Time,28,83391.0,Mortgage,2,2024-12-06
CUST005232,Maria,Peterson,2005-06-29,18,F,WA,2769,Casual,21,30269.86,Renting,1,2023-02-09
CUST005233,Elizabeth,Hudson,1959-07-26,64,M,QLD,1717,Part-Time,62,33179.14,Mortgage,0,2018-12-09
CUST005234,Joshua,Reyes,1966-11-04,57,M,VIC,2295,Full-Time,4,15463.9,Owner,0,2024-03-22
CUST005235,Gina,Le,1964-10-04,59,F,NSW,2260,Self-Employed,2,56170.47,Mortgage,1,2023-11-21
CUST005236,Ashley,Castaneda,1964-03-20,59,M,NSW,2307,Full-Time,30,81777.08,Living with Family,0,2021-12-05
CUST005237,Daniel,Lee,1994-08-09,29,F,NSW,2621,Full-Time,1,68228.95,Living with Family,1,2019-01-23
CUST005238,Christopher,Thompson,1993-12-14,30,M,QLD,2642,Full-Time,48,46706.65,Mortgage,1,2019-05-06
CUST005239,Matthew,Jones,1955-12-01,68,F,NSW,3095,Full-Time,1,73209.56,Renting,3,2020-08-25
CUST005240,Christopher,Dennis,1988-04-06,35,F,NSW,2954,Casual,22,48655.08,Living with Family,1,2017-10-27
CUST005241,James,Myers,1962-05-23,61,M,VIC,1285,Full-Time,9,102722.14,Owner,1,2025-07-19
CUST005242,Samantha,Murphy,1984-05-14,39,M,NSW,2605,Self-Employed,31,72701.5,Mortgage,0,2021-09-10
CUST005243,Cheyenne,Estrada,1975-03-15,48,M,NSW,2918,Full-Time,3,65341.0,Mortgage,2,2018-04-05
CUST005244,Mark,Rojas,1953-03-07,70,M,QLD,2939,Full-Time,89,80408.7,Renting,2,2018-05-01
CUST005245,Brenda,Wilson,1954-09-11,69,F,VIC,2542,Casual,55,51306.81,Renting,3,2021-11-09
CUST005246,Joseph,Rodriguez,2002-07-14,21,M,QLD,2619,Part-Time,22,33925.32,Mortgage,2,2019-04-14
CUST005247,Javier,Palmer,1993-04-15,30,M,VIC,2976,Full-Time,10,74935.49,Owner,0,2024-11-01
CUST005248,Beverly,Mitchell,1983-06-06,40,F,NSW,2646,Self-Employed,3,48728.75,Renting,2,2019-08-14
CUST005249,David,Martin,1950-01-22,73,M,QLD,2017,Full-Time,8,50930.04,Mortgage,2,2019-06-11
CUST005250,Brett,Barrera,1952-03-21,71,M,VIC,2934,Full-Time,76,112442.63,Renting,1,2020-08-24
CUST005251,Abigail,Powell,1979-07-05,44,M,QLD,0848,Full-Time,6,66590.8,Renting,2,2017-05-23
CUST005252,Steven,Ayers,1981-03-10,42,M,NSW,7136,Full-Time,6,109403.44,Mortgage,1,2020-11-02
CUST005253,Stacy,Lynn,1988-06-21,35,M,QLD,0244,Full-Time,53,91657.41,Mortgage,0,2022-12-20
CUST005254,Wendy,Levy,1983-03-06,40,M,VIC,2662,Self-Employed,64,86510.78,Renting,3,2023-03-14
CUST005255,Anthony,Davis,1982-03-11,41,F,SA,2660,Full-Time,26,41575.25,Mortgage,3,2021-05-19
CUST005256,Jeff,Howard,2000-12-02,23,M,SA,4234,Full-Time,39,82989.8,Mortgage,0,2018-05-16
CUST005257,Jennifer,Smith,1964-04-07,59,M,QLD,2622,Full-Time,108,70063.97,Owner,0,2024-08-28
CUST005258,Samantha,Foster,2000-07-29,23,M,VIC,2997,Full-Time,68,40236.04,Owner,2,2024-03-24
CUST005259,Yvette,Moore,1986-04-02,37,M,VIC,2625,Full-Time,26,73327.29,Renting,2,2018-12-12
CUST005260,Katherine,King,1998-02-27,25,F,NSW,2698,Full-Time,20,64818.52,Renting,2,2020-07-16
CUST005261,Lisa,Wells,1996-02-12,27,F,SA,2042,Full-Time,83,111938.47,Living with Family,3,2022-04-18
CUST005262,Denise,Walters,1992-03-02,31,F,VIC,6876,Full-Time,5,92786.74,Mortgage,4,2023-02-06
CUST005263,Kevin,Mata,2002-07-03,21,M,WA,2920,Self-Employed,9,47092.31,Renting,2,2021-02-08
CUST005264,Bernard,Santos,1957-07-03,66,M,WA,2654,Full-Time,14,66959.82,Owner,1,2024-04-23
CUST005265,John,Robinson,1952-09-23,71,M,NSW,2151,Full-Time,35,104127.56,Living with Family,2,2016-11-22
CUST005266,Linda,George,1988-10-09,35,M,QLD,2920,Full-Time,50,62885.9,Owner,1,2025-06-03
CUST005267,Lauren,Brock,1958-02-12,65,F,NSW,2625,Full-Time,12,83324.53,Renting,2,2019-03-19
CUST005268,Keith,Brown,1974-10-19,49,M,WA,4939,Full-Time,73,107196.43,Mortgage,2,2018-04-29
CUST005269,Jennifer,Molina,1974-12-03,49,F,QLD,2689,Full-Time,169,85739.65,Renting,2,2021-09-06
CUST005270,Jeffrey,Sandoval,1990-04-15,33,M,VIC,9289,Part-Time,1,34914.89,Renting,1,2018-06-10
CUST005271,James,Lambert,1971-11-05,52,F,NSW,2647,Casual,68,30695.51,Mortgage,0,2021-09-01
CUST005272,Andrew,Wilkerson,1974-06-18,49,M,QLD,2142,Full-Time,54,43794.47,Renting,1,2022-07-31
CUST005273,Rebecca,Bryant,1963-03-13,60,F,NSW,2681,Full-Time,4,85344.26,Owner,1,2021-05-31
CUST005274,Beth,Jones,1984-08-24,39,F,SA,2469,Part-Time,1,29488.14,Living with Family,0,2022-01-23
CUST005275,Debra,Flores,1988-11-04,35,F,QLD,2937,Full-Time,46,57686.99,Renting,0,2023-03-16
CUST005276,Lisa,Lucero,1969-10-21,54,M,SA,1775,Full-Time,115,66650.89,Renting,1,2016-10-12
CUST005277,Samantha,Barrera,1982-02-15,41,F,VIC,5499,Full-Time,7,82146.36,Renting,1,2022-03-26
CUST005278,James,Reed,2002-09-04,21,F,SA,2988,Full-Time,23,79426.0,Living with Family,1,2020-06-20
CUST005279,David,Jones,2005-04-20,18,F,WA,4059,Full-Time,2,47924.33,Renting,0,2019-12-14
CUST005280,Madeline,Tran,1985-02-27,38,F,WA,2964,Part-Time,32,59728.93,Mortgage,2,2023-06-17
CUST005281,Nathan,Cook,1959-03-05,64,M,WA,2533,Full-Time,8,102782.12,Living with Family,1,2023-02-05
CUST005282,Cheryl,Bell,1992-10-16,31,M,VIC,2596,Unemployed,0,16585.39,Owner,0,2018-08-07
CUST005283,Daniel,Adkins,1989-09-03,34,M,NSW,2509,Full-Time,9,61958.44,Renting,2,2020-06-03
CUST005284,Daniel,Hall,1967-08-17,56,M,QLD,2603,Self-Employed,77,62901.15,Living with Family,1,2020-05-05
CUST005285,Catherine,Bender,1970-05-06,53,M,SA,2950,Part-Time,68,44137.77,Mortgage,4,2018-12-28
CUST005286,Tyler,Dorsey,1978-03-21,45,M,ACT,2632,Full-Time,77,78520.03,Renting,2,2018-11-10
CUST005287,Michelle,Tucker,1957-07-08,66,F,NSW,3703,Part-Time,91,15000.0,Living with Family,0,2024-09-04
CUST005288,Gerald,Schultz,1997-08-21,26,F,SA,4128,Full-Time,51,77113.27,Mortgage,2,2017-06-12
CUST005289,Laura,Fox,1953-05-22,70,M,NSW,0893,Full-Time,15,88221.7,Living with Family,3,2019-11-27
CUST005290,Emily,Harmon,1999-08-25,24,F,ACT,2942,Full-Time,10,102286.65,Renting,0,2025-04-24
CUST005291,Rebecca,Alexander,1956-09-08,67,M,QLD,2949,Full-Time,67,75782.78,Renting,0,2020-07-13
CUST005292,Tyler,Montoya,1993-08-28,30,F,VIC,2314,Full-Time,59,104820.39,Mortgage,3,2022-03-07
CUST005293,John,Travis,2005-01-20,18,F,VIC,2088,Full-Time,1,102664.43,Owner,1,2020-05-07
CUST005294,Ryan,Wang,1952-11-06,71,M,QLD,6400,Self-Employed,23,17720.64,Renting,3,2018-11-03
CUST005295,Cody,Owen,2003-07-16,20,F,VIC,2696,Full-Time,110,53490.65,Living with Family,0,2019-05-29
CUST005296,Jennifer,Byrd,2004-12-06,19,M,VIC,2121,Full-Time,30,102292.63,Living with Family,0,2021-03-26
CUST005297,Jasmine,Johnson,1967-05-23,56,F,ACT,2470,Part-Time,2,30192.91,Mortgage,1,2017-12-08
CUST005298,Roberto,Coleman,1964-11-28,59,M,VIC,9787,Full-Time,103,77991.56,Owner,0,2022-07-01
CUST005299,Isaiah,Brown,1986-05-27,37,M,NSW,5997,Full-Time,11,114547.76,Owner,3,2024-06-24
CUST005300,Jason,Anderson,1999-04-05,24,M,NSW,2043,Self-Employed,7,56857.87,Owner,0,2022-07-10
CUST005301,Jonathan,Ramsey,1988-04-03,35,M,SA,2934,Full-Time,47,62663.58,Renting,2,2017-11-22
CUST005302,Michael,Harrell,1952-03-30,71,M,WA,2046,Full-Time,10,81683.41,Mortgage,0,2016-09-28
CUST005303,Kelly,Gonzalez,1950-06-03,73,F,TAS,2695,Full-Time,18,93352.15,Owner,0,2020-01-09
CUST005304,Spencer,Turner,2005-05-29,18,F,QLD,2272,Full-Time,77,84391.61,Renting,3,2022-11-20
CUST005305,Jesse,Choi,1957-02-22,66,F,VIC,2607,Full-Time,23,75324.65,Renting,0,2017-11-24
CUST005306,Nicholas,Norman,1954-08-30,69,F,QLD,8989,Part-Time,20,41823.93,Owner,3,2021-09-18
CUST005307,Rebecca,Morrow,1991-03-20,32,F,VIC,2920,Full-Time,5,65781.69,Owner,2,2020-07-15
CUST005308,Samantha,Hancock,1992-05-21,31,M,VIC,2678,Part-Time,55,55783.07,Renting,2,2021-01-18
CUST005309,David,Lewis,1987-10-16,36,F,NSW,4189,Part-Time,7,36414.75,Mortgage,1,2018-09-25
CUST005310,Cynthia,Martin,1976-03-14,47,M,SA,2887,Full-Time,29,72175.9,Mortgage,2,2018-09-30
CUST005311,Daryl,King,1965-09-02,58,F,VIC,2958,Self-Employed,43,31095.77,Mortgage,1,2020-05-31
CUST005312,Maria,Brewer,1979-04-18,44,F,NSW,2903,Part-Time,5,51216.69,Living with Family,1,2019-04-02
CUST005313,Rachel,Johnson,1980-12-17,43,F,VIC,6640,Casual,10,38641.18,Renting,3,2018-12-16
CUST005314,Daniel,Walter,1986-06-24,37,F,WA,2948,Full-Time,26,108046.85,Mortgage,0,2019-09-16
CUST005315,Ashley,Saunders,1960-11-26,63,F,NSW,4536,Self-Employed,39,84281.4,Renting,0,2023-03-17
CUST005316,Rachel,Wilcox,1951-08-22,72,F,NSW,7339,Part-Time,62,36637.98,Living with Family,1,2018-05-15
CUST005317,Anna,King,1954-06-08,69,M,QLD,0238,Self-Employed,38,61632.54,Renting,4,2019-07-21
CUST005318,Stephen,Taylor,1974-02-11,49,M,QLD,2271,Part-Time,3,43535.48,Living with Family,2,2023-08-20
CUST005319,Angelica,Ramirez,1961-03-01,62,M,NSW,2255,Full-Time,13,56931.34,Renting,1,2022-11-13
CUST005320,Matthew,Robinson,1969-12-04,54,M,NSW,2944,Self-Employed,2,71670.13,Renting,2,2019-04-08
CUST005321,Barry,Blake,1993-10-07,30,M,VIC,8967,Full-Time,61,46895.99,Living with Family,0,2020-12-08
CUST005322,Nancy,Medina,2005-11-07,18,F,NSW,6221,Casual,9,24154.39,Living with Family,0,2023-08-02
CUST005323,Benjamin,Chan,1951-07-17,72,F,QLD,1409,Full-Time,4,65780.23,Owner,2,2019-07-09
CUST005324,Carlos,Martinez,1993-10-17,30,M,QLD,2654,Casual,4,49077.81,Mortgage,0,2020-05-07
CUST005325,Michael,Vasquez,1989-08-20,34,F,NSW,1410,Full-Time,16,47896.11,Owner,1,2025-04-19
CUST005326,Robert,Miller,1981-09-27,42,F,VIC,0244,Unemployed,0,16784.97,Renting,1,2018-01-24
CUST005327,Kayla,Turner,1974-11-12,49,M,QLD,2920,Full-Time,2,48004.89,Owner,0,2017-04-04
CUST005328,Amy,Harrison,1964-09-25,59,F,SA,2619,Full-Time,35,111017.88,Owner,1,2023-12-21
CUST005329,Steven,Smith,1978-11-06,45,M,VIC,2692,Full-Time,113,66354.78,Renting,0,2019-08-30
CUST005330,Heather,Keller,1994-10-07,29,M,NSW,2680,Full-Time,1,46478.35,Mortgage,1,2020-11-23
CUST005331,Mary,Hopkins,1957-07-14,66,F,NSW,8997,Self-Employed,40,72868.97,Renting,0,2022-08-22
CUST005332,Lisa,Shelton,1964-08-05,59,F,WA,2670,Casual,41,37502.68,Mortgage,0,2019-01-27
CUST005333,William,Garcia,2005-06-08,18,F,VIC,2907,Full-Time,35,80223.13,Owner,1,2022-05-06
CUST005334,Vincent,Lawrence,2000-09-01,23,F,NSW,2634,Full-Time,23,61799.88,Renting,0,2020-05-11
CUST005335,Justin,Johnson,1982-12-30,41,F,VIC,8113,Full-Time,14,79686.65,Owner,1,2017-04-04
CUST005336,Katrina,Roberts,1979-05-27,44,F,NSW,2623,Casual,63,55557.49,Mortgage,0,2017-06-24
CUST005337,Michael,Gray,1965-01-20,58,M,VIC,2971,Full-Time,4,56999.74,Mortgage,1,2021-04-25
CUST005338,Steven,Wheeler,1956-12-16,67,M,QLD,2910,Self-Employed,67,84083.11,Renting,1,2016-12-01
CUST005339,Rebecca,Stevens,1965-06-16,58,F,VIC,2662,Casual,21,37199.8,Mortgage,0,2019-11-29
CUST005340,Felicia,Phillips,1971-11-05,52,M,SA,2953,Self-Employed,20,105081.13,Renting,2,2020-02-22
CUST005341,Nancy,Powers,1968-01-04,56,F,VIC,2671,Casual,42,41464.93,Renting,1,2017-05-20
CUST005342,Daniel,Jones,1969-03-31,54,F,NSW,6020,Full-Time,1,53200.41,Renting,1,2020-02-20
CUST005343,John,Morales,1978-01-28,45,M,SA,6300,Unemployed,0,15000.0,Renting,0,2019-12-20
CUST005344,Charles,Leonard,1957-03-09,66,F,VIC,2726,Self-Employed,19,16804.75,Mortgage,3,2023-10-13
CUST005345,Valerie,Sanchez,1975-02-12,48,M,NSW,2973,Full-Time,36,80513.07,Living with Family,1,2021-10-08
CUST005346,Leslie,Coleman,1988-07-28,35,M,WA,2619,Full-Time,25,70587.66,Mortgage,1,2024-03-20
CUST005347,Gina,Barnett,1956-01-12,68,M,SA,0899,Casual,94,28273.22,Mortgage,1,2019-07-11
CUST005348,Robert,Miles,1992-04-30,31,F,WA,4455,Full-Time,20,66310.41,Owner,2,2018-08-12
CUST005349,Wendy,Stewart,1993-12-28,30,M,QLD,2636,Full-Time,1,91453.99,Mortgage,2,2021-06-30
CUST005350,Colleen,Brown,1991-06-24,32,F,VIC,2549,Full-Time,132,86265.27,Renting,1,2021-12-13
CUST005351,Larry,Johnson,1999-02-23,24,M,WA,2662,Full-Time,91,90809.46,Mortgage,0,2018-06-24
CUST005352,Brittany,Petersen,1981-12-04,42,F,SA,3035,Full-Time,27,156348.05,Mortgage,1,2024-08-10
CUST005353,April,Rogers,1959-09-01,64,F,VIC,2920,Full-Time,58,68125.74,Living with Family,2,2019-07-28
CUST005354,Jennifer,Romero,2000-05-08,23,M,QLD,6735,Full-Time,48,87483.88,Renting,0,2019-01-22
CUST005355,Kenneth,Anderson,1995-07-17,28,F,NSW,2654,Self-Employed,45,94028.93,Renting,0,2023-01-22
CUST005356,Tracy,King,1977-03-07,46,M,VIC,2896,Part-Time,14,39573.06,Mortgage,2,2019-02-08
CUST005357,Austin,Simmons,1983-10-16,40,M,VIC,2206,Full-Time,5,93800.03,Mortgage,3,2016-10-20
CUST005358,Morgan,Bradshaw,1982-09-08,41,M,NT,2984,Full-Time,13,35330.18,Owner,2,2021-08-22
CUST005359,Judy,Ellis,1957-01-11,67,F,VIC,2973,Self-Employed,67,84264.15,Renting,3,2021-03-13
CUST005360,Kristen,Ochoa,1984-02-28,39,F,WA,9546,Full-Time,33,61678.18,Living with Family,1,2016-11-29
CUST005361,David,Blackwell,1955-07-26,68,M,WA,2707,Full-Time,37,132920.64,Mortgage,0,2018-02-20
CUST005362,Lisa,Gomez,1970-08-20,53,F,WA,2669,Part-Time,11,62208.76,Renting,2,2020-08-22
CUST005363,Ryan,Berry,1955-02-05,68,F,VIC,0832,Self-Employed,27,102540.0,Owner,0,2024-04-21
CUST005364,Taylor,Alexander,1992-10-30,31,M,QLD,2636,Full-Time,14,111113.64,Mortgage,2,2025-04-17
CUST005365,Sharon,Bauer,1970-08-22,53,M,WA,2914,Full-Time,15,124043.14,Mortgage,1,2018-07-15
CUST005366,Kim,Robinson,1989-06-29,34,M,NSW,2970,Full-Time,15,75059.41,Owner,1,2022-07-26
CUST005367,Erin,Schwartz,1963-02-18,60,F,NSW,6439,Full-Time,36,101653.37,Mortgage,2,2021-04-20
CUST005368,Stacie,Pace,1980-07-14,43,M,NSW,2908,Full-Time,3,86803.2,Owner,1,2021-11-19
CUST005369,Sandy,Simmons,1958-09-25,65,F,NSW,2920,Casual,83,42047.55,Renting,2,2022-01-18
CUST005370,Robert,Baker,1965-01-27,58,M,NSW,2939,Full-Time,88,87612.03,Owner,0,2023-01-05
CUST005371,Jennifer,Gomez,2001-09-07,22,F,SA,2908,Full-Time,211,78688.82,Renting,0,2024-08-09
CUST005372,Jessica,Swanson,1959-10-12,64,M,VIC,2920,Full-Time,15,68422.34,Renting,2,2023-02-10
CUST005373,Jessica,Hopkins,1966-06-04,57,M,VIC,2637,Full-Time,40,70321.36,Renting,2,2023-04-16
CUST005374,David,Thomas,1980-05-31,43,F,WA,2802,Part-Time,34,75180.63,Renting,0,2018-08-24
CUST005375,Phillip,Wade,2005-09-11,18,F,VIC,2627,Part-Time,1,60279.58,Mortgage,1,2020-03-18
CUST005376,Samantha,Nelson,1976-07-03,47,M,VIC,2040,Full-Time,14,65708.87,Owner,1,2019-03-25
CUST005377,Matthew,Richardson,2003-04-06,20,M,QLD,2428,Full-Time,11,51539.18,Renting,3,2020-02-15
CUST005378,Susan,Hanna,1978-12-30,45,F,WA,2960,Full-Time,116,89912.2,Renting,1,2025-03-01
CUST005379,Linda,Patel,1990-10-02,33,F,NSW,7207,Full-Time,4,81602.72,Renting,3,2023-09-13
CUST005380,Dana,Matthews,1966-08-29,57,M,NSW,2648,Full-Time,12,113228.87,Renting,0,2025-07-09
CUST005381,Scott,Velazquez,2004-09-03,19,F,SA,0277,Self-Employed,14,75510.94,Owner,1,2023-11-16
CUST005382,Colleen,Flores,1960-04-25,63,M,WA,2733,Full-Time,12,95734.21,Renting,1,2024-02-08
CUST005383,Jessica,Anderson,1976-03-21,47,F,SA,2618,Part-Time,58,24064.0,Owner,2,2025-05-24
CUST005384,Kayla,Lane,1984-12-25,39,F,NSW,2451,Full-Time,85,53575.94,Renting,1,2017-02-03
CUST005385,Aaron,Alexander,1957-09-23,66,M,WA,2641,Full-Time,1,83525.63,Mortgage,3,2019-01-16
CUST005386,Courtney,Mckay,2001-07-31,22,M,NSW,8696,Full-Time,49,76506.97,Renting,3,2025-06-19
CUST005387,Matthew,Baxter,2003-06-17,20,M,NSW,2355,Casual,5,51306.86,Renting,3,2021-01-04
CUST005388,Anthony,White,1956-03-09,67,F,NSW,9983,Full-Time,3,66270.88,Mortgage,3,2017-04-25
CUST005389,Anthony,Patrick,1976-01-05,48,M,VIC,2970,Full-Time,3,60761.95,Renting,2,2021-01-04
CUST005390,Jesse,Cole,1961-11-19,62,F,SA,2681,Part-Time,13,29420.6,Renting,3,2025-07-26
CUST005391,Vanessa,Small,1985-03-28,38,M,SA,2814,Full-Time,175,46065.19,Renting,0,2021-05-19
CUST005392,Tiffany,Moore,1952-09-21,71,M,VIC,2905,Full-Time,20,100318.64,Living with Family,2,2022-03-08
CUST005393,Heather,Fox,1997-11-01,26,F,NSW,0280,Self-Employed,31,80298.4,Renting,3,2016-09-22
CUST005394,Edward,Johnson,1953-02-19,70,F,QLD,0971,Full-Time,46,77195.92,Owner,1,2024-07-26
CUST005395,David,Silva,2004-06-18,19,F,VIC,2852,Full-Time,4,80497.71,Renting,0,2018-12-07
CUST005396,Ashley,Barton,1990-04-22,33,F,VIC,2623,Full-Time,13,101367.34,Renting,2,2018-08-12
CUST005397,Lisa,Meadows,1996-11-14,27,F,NT,0887,Full-Time,7,58701.93,Owner,1,2025-03-28
CUST005398,Michael,Clarke,1956-05-24,67,F,NSW,2032,Full-Time,11,75359.73,Renting,0,2018-06-30
CUST005399,Andrea,Ryan,1997-03-25,26,M,NSW,2600,Full-Time,46,69484.84,Owner,2,2024-09-12
CUST005400,Carl,Rogers,1966-02-21,57,M,SA,2644,Self-Employed,67,80664.67,Owner,1,2017-10-27
CUST005401,Andrew,Wallace,1962-07-19,61,F,QLD,0986,Casual,17,29998.36,Owner,1,2021-03-02
CUST005402,Jackie,Washington,1969-12-31,54,M,NSW,2958,Full-Time,27,92850.35,Renting,1,2019-10-08
CUST005403,Bailey,Davis,1983-10-24,40,M,SA,2950,Part-Time,31,41221.84,Renting,0,2019-05-25
CUST005404,Samuel,Valenzuela,1997-10-19,26,M,NSW,2996,Self-Employed,13,68880.14,Owner,0,2022-04-28
CUST005405,David,Thompson,1988-12-31,35,F,VIC,2605,Self-Employed,32,74838.76,Owner,0,2017-08-31
CUST005406,Keith,Norris,2002-07-31,21,M,WA,2143,Full-Time,3,64196.59,Renting,2,2022-08-02
CUST005407,Eileen,Gentry,1965-05-29,58,M,NSW,2762,Full-Time,34,129382.82,Renting,1,2017-09-05
CUST005408,Jose,Lee,2000-07-29,23,F,SA,2929,Full-Time,11,100829.03,Renting,0,2024-07-21
CUST005409,Rebecca,Rodriguez,1999-07-05,24,M,VIC,2987,Full-Time,1,109961.37,Renting,3,2019-01-12
CUST005410,Angela,Shelton,1951-09-02,72,M,NSW,0298,Full-Time,135,57470.18,Mortgage,0,2023-05-07
CUST005411,Heather,Huff,1999-11-21,24,M,QLD,2978,Full-Time,45,67462.77,Mortgage,3,2019-07-23
CUST005412,Charles,Walton,1965-06-06,58,M,TAS,2266,Full-Time,49,89564.39,Renting,0,2020-11-04
CUST005413,Roy,Herring,1958-07-01,65,M,TAS,3793,Full-Time,6,85843.87,Owner,0,2022-08-08
CUST005414,Cheryl,Stewart,1975-10-30,48,M,SA,2907,Casual,65,50948.97,Mortgage,2,2017-03-13
CUST005415,Joshua,Lewis,2005-10-24,18,M,VIC,2619,Full-Time,20,70253.6,Mortgage,0,2020-08-09
CUST005416,Emma,Harper,1965-02-25,58,M,VIC,2634,Full-Time,42,42517.28,Renting,2,2025-07-25
CUST005417,Alexis,Alexander,1975-03-01,48,M,NSW,2920,Full-Time,29,63870.18,Mortgage,0,2021-01-24
CUST005418,Paul,Jones,1983-11-25,40,M,NSW,3756,Part-Time,45,49810.94,Renting,0,2023-10-20
CUST005419,Ryan,Terry,1960-01-28,63,M,QLD,6203,Full-Time,35,103070.2,Mortgage,1,2022-09-27
CUST005420,Erik,Benton,2004-09-28,19,F,QLD,2957,Full-Time,40,58261.57,Mortgage,0,2017-10-14
CUST005421,Patricia,Branch,1970-11-07,53,M,QLD,2323,Full-Time,28,63824.08,Renting,1,2016-10-07
CUST005422,Matthew,Keller,1981-10-10,42,F,QLD,5591,Full-Time,5,59866.58,Renting,1,2020-01-12
CUST005423,Kevin,Peterson,1957-12-15,66,F,NSW,2986,Full-Time,157,32006.15,Owner,3,2016-11-25
CUST005424,Kristen,Dickerson,1983-05-21,40,M,VIC,2957,Self-Employed,29,58068.87,Mortgage,0,2024-01-10
CUST005425,Denise,Williams,1962-01-27,61,M,NSW,2670,Full-Time,6,87508.43,Owner,2,2018-07-18
CUST005426,Charles,Kent,2002-07-05,21,M,NSW,2696,Casual,3,40396.05,Renting,4,2019-10-09
CUST005427,Brianna,Morris,1960-09-09,63,F,SA,4499,Full-Time,99,43085.18,Owner,2,2025-09-15
CUST005428,Jennifer,Alexander,1975-06-20,48,M,NSW,2070,Part-Time,1,52818.02,Mortgage,1,2020-07-23
CUST005429,Joseph,Bennett,1951-03-04,72,F,QLD,2833,Self-Employed,14,37798.67,Mortgage,1,2024-07-27
CUST005430,Brent,Ramirez,1951-07-19,72,M,SA,6174,Part-Time,6,15000.0,Mortgage,0,2024-10-01
CUST005431,Paul,Kim,1966-03-08,57,M,VIC,0963,Full-Time,1,87430.78,Living with Family,0,2021-04-04
CUST005432,Samuel,Golden,1990-06-22,33,F,VIC,2967,Full-Time,31,56111.62,Renting,3,2023-02-04
CUST005433,Marissa,Stevenson,1996-02-16,27,F,WA,2758,Part-Time,10,43914.14,Owner,3,2020-08-28
CUST005434,Edward,Wolf,1956-10-19,67,F,QLD,2920,Part-Time,15,65236.93,Mortgage,0,2019-06-30
CUST005435,Tracy,Ward,1965-08-15,58,F,QLD,2681,Self-Employed,44,60773.58,Mortgage,3,2018-12-25
CUST005436,Cassandra,Mason,1991-10-28,32,F,VIC,2656,Full-Time,29,55021.0,Renting,1,2018-08-04
CUST005437,Ashley,Miller,1964-09-14,59,F,VIC,2642,Full-Time,15,49657.49,Mortgage,3,2018-07-27
CUST005438,Molly,Davenport,1962-06-02,61,M,WA,8215,Self-Employed,91,51387.9,Renting,1,2021-10-17
CUST005439,Steven,Short,1951-02-09,72,M,VIC,2672,Full-Time,17,116998.69,Renting,1,2022-09-06
CUST005440,Jennifer,Vaughan,1950-02-12,73,M,WA,2756,Part-Time,64,24274.04,Living with Family,0,2020-10-21
CUST005441,Chad,Greer,1995-11-03,28,F,QLD,2817,Part-Time,10,46026.48,Mortgage,2,2022-07-29
CUST005442,Adrian,Stewart,1971-10-05,52,F,NSW,9939,Full-Time,44,42716.4,Renting,2,2017-06-26
CUST005443,Gina,Rodgers,1955-06-15,68,M,QLD,2977,Full-Time,15,68581.97,Living with Family,1,2022-08-08
CUST005444,Kristin,Contreras,1978-03-27,45,M,QLD,2616,Full-Time,33,77593.15,Renting,0,2025-02-11
CUST005445,Jennifer,Cruz,1997-01-29,26,M,VIC,2776,Full-Time,4,76564.78,Owner,3,2017-02-23
CUST005446,Alan,Lambert,1970-03-10,53,F,NSW,2952,Full-Time,1,73223.55,Owner,0,2021-12-31
CUST005447,Nicole,House,1967-10-04,56,M,NSW,2375,Full-Time,13,37466.84,Owner,4,2017-04-13
CUST005448,Amanda,Simpson,1982-12-22,41,F,VIC,2629,Full-Time,57,65770.02,Renting,2,2021-10-01
CUST005449,Douglas,Ward,1978-01-04,46,F,VIC,2822,Full-Time,3,123020.55,Renting,1,2016-10-08
CUST005450,Holly,Cox,1954-03-12,69,M,QLD,2169,Full-Time,4,88458.29,Mortgage,1,2018-04-04
CUST005451,Tanner,Shelton,1997-09-07,26,F,WA,8640,Full-Time,19,80937.01,Mortgage,2,2017-04-12
CUST005452,Donald,Perry,1996-02-24,27,F,WA,2603,Full-Time,7,67034.58,Renting,1,2021-12-25
CUST005453,Lauren,Miller,1963-12-25,60,M,VIC,2690,Full-Time,54,87274.31,Mortgage,0,2018-06-21
CUST005454,James,Knight,1981-04-11,42,F,NSW,2693,Full-Time,18,81238.69,Living with Family,2,2024-02-10
CUST005455,Daniel,Rodriguez,2001-09-28,22,M,QLD,3406,Casual,28,50555.33,Mortgage,0,2019-11-28
CUST005456,Marcus,Mills,1978-10-30,45,F,QLD,2945,Full-Time,1,74812.49,Living with Family,2,2017-12-04
CUST005457,Eric,Long,1966-07-09,57,M,VIC,2951,Full-Time,4,104856.56,Renting,0,2019-03-19
CUST005458,Stephen,King,1973-08-17,50,M,NSW,2908,Part-Time,50,50174.73,Mortgage,1,2018-08-16
CUST005459,Shawn,Armstrong,1953-12-14,70,F,WA,4387,Casual,88,44374.18,Living with Family,4,2023-02-20
CUST005460,John,Bailey,1954-11-21,69,M,NSW,2996,Casual,4,48778.67,Renting,3,2024-12-12
CUST005461,Nancy,Sandoval,1974-10-14,49,F,VIC,2678,Unemployed,0,15000.0,Owner,2,2023-02-18
CUST005462,Jennifer,Garner,1983-02-01,40,F,QLD,2604,Full-Time,1,56720.76,Owner,0,2017-05-04
CUST005463,Sandra,Murphy,1987-08-15,36,M,VIC,2980,Full-Time,37,79400.21,Renting,1,2022-12-16
CUST005464,Karen,Kaiser,1984-07-11,39,F,TAS,2602,Full-Time,17,78558.9,Mortgage,2,2019-02-05
CUST005465,Carrie,Schultz,1974-05-09,49,M,QLD,0229,Full-Time,81,48391.31,Renting,0,2018-06-28
CUST005466,Gabriella,Herrera,1996-03-23,27,F,SA,2626,Full-Time,38,61673.55,Renting,3,2021-06-14
CUST005467,Daryl,Burch,1970-09-19,53,M,QLD,2903,Full-Time,7,62576.82,Mortgage,0,2020-08-18
CUST005468,Mary,Tanner,1982-06-22,41,F,ACT,2210,Self-Employed,45,83945.63,Renting,2,2017-11-26
CUST005469,Troy,Jones,1997-02-04,26,F,WA,2295,Full-Time,41,81446.77,Mortgage,3,2024-06-05
CUST005470,Michelle,Copeland,1992-09-18,31,F,QLD,2668,Casual,17,38473.28,Mortgage,0,2025-04-27
CUST005471,Craig,Anderson,1976-01-26,47,M,NSW,2971,Part-Time,46,82132.19,Mortgage,0,2021-11-15
CUST005472,Rachel,Simon,1986-06-29,37,F,QLD,2982,Part-Time,64,44652.04,Mortgage,0,2024-02-28
CUST005473,Jennifer,Butler,1997-01-09,26,M,QLD,2652,Full-Time,9,83078.25,Mortgage,0,2017-01-17
CUST005474,Ronald,Robinson,1972-05-21,51,M,NSW,2699,Full-Time,9,75115.74,Living with Family,2,2018-08-20
CUST005475,Benjamin,Moore,1989-01-21,34,M,NSW,2662,Part-Time,1,49932.54,Mortgage,1,2020-03-04
CUST005476,Emily,Davis,1968-06-18,55,F,VIC,2803,Part-Time,32,31712.15,Mortgage,1,2017-03-17
CUST005477,Lawrence,Wyatt,1978-05-29,45,M,SA,8414,Casual,7,37814.37,Renting,0,2024-10-08
CUST005478,Nicole,Moreno,1953-04-13,70,F,QLD,2665,Full-Time,7,59605.63,Living with Family,3,2017-03-02
CUST005479,Alexis,Blevins,1965-12-19,58,M,NSW,7332,Casual,7,43103.71,Mortgage,0,2021-05-13
CUST005480,Danielle,Macias,1999-04-25,24,M,NSW,7702,Part-Time,56,36685.62,Mortgage,4,2019-02-10
CUST005481,Sarah,Harris,1949-12-14,74,M,NSW,2090,Full-Time,24,82543.19,Renting,0,2020-12-08
CUST005482,Angela,Young,1955-04-22,68,F,VIC,2953,Full-Time,31,83958.24,Mortgage,2,2025-03-04
CUST005483,Molly,Wells,1957-03-22,66,F,NSW,2687,Full-Time,42,84488.57,Owner,0,2020-08-25
CUST005484,Scott,Brown,1969-08-18,54,M,SA,2627,Full-Time,15,69410.83,Renting,0,2019-12-09
CUST005485,Matthew,Collins,2004-08-26,19,F,NSW,2547,Full-Time,80,102088.7,Living with Family,1,2025-02-28
CUST005486,Peter,Patterson,1960-02-25,63,M,ACT,2953,Full-Time,57,41011.62,Renting,2,2021-12-11
CUST005487,Barbara,Berg,1996-01-18,27,F,NSW,7427,Full-Time,16,70071.63,Mortgage,3,2023-02-04
CUST005488,Suzanne,Reed,1997-12-30,26,M,TAS,2534,Self-Employed,5,62833.83,Renting,1,2024-03-13
CUST005489,John,Williams,1962-08-21,61,F,VIC,2647,Self-Employed,125,66245.59,Mortgage,0,2022-04-17
CUST005490,Teresa,Schneider,1992-09-11,31,F,WA,2958,Full-Time,15,65858.03,Mortgage,1,2018-05-09
CUST005491,Sean,Lopez,1966-06-07,57,M,QLD,5129,Full-Time,39,94070.44,Owner,0,2024-07-04
CUST005492,Jeffrey,Ellison,1999-11-14,24,F,NSW,7127,Full-Time,23,66560.16,Owner,0,2019-11-05
CUST005493,Heather,Cox,1963-10-15,60,M,WA,2901,Part-Time,38,29639.53,Owner,1,2025-04-07
CUST005494,Christopher,Stevenson,1996-03-30,27,M,VIC,0222,Full-Time,13,87526.98,Owner,3,2017-01-10
CUST005495,Peter,Valdez,2003-06-11,20,F,NSW,2949,Full-Time,10,99032.37,Mortgage,1,2017-07-11
CUST005496,Joshua,King,1949-12-13,74,M,NSW,2994,Part-Time,14,23607.37,Renting,0,2024-08-12
CUST005497,Kelly,Clark,1972-06-24,51,F,VIC,2649,Full-Time,37,95403.66,Renting,2,2024-01-01
CUST005498,Christopher,Hernandez,1973-12-29,50,M,ACT,1072,Full-Time,4,88379.35,Mortgage,0,2018-03-18
CUST005499,Scott,Robbins,2001-04-19,22,F,NSW,2695,Full-Time,74,101282.89,Living with Family,2,2018-02-20
CUST005500,Melanie,Hunter,1979-03-24,44,M,NSW,2618,Full-Time,2,70938.53,Living with Family,1,2019-08-08
CUST005501,Brian,Moon,1977-09-15,46,F,NSW,2668,Casual,21,46435.26,Mortgage,0,2023-06-25
CUST005502,Alexis,Chapman,1962-05-17,61,M,VIC,2263,Full-Time,2,69332.45,Living with Family,3,2022-06-07
CUST005503,Wyatt,Dalton,1957-11-16,66,F,VIC,2917,Part-Time,17,40705.95,Renting,0,2024-09-08
CUST005504,Mike,Gutierrez,1966-03-07,57,M,QLD,2912,Full-Time,11,82605.01,Renting,3,2021-09-12
CUST005505,Steven,Johnson,1967-08-27,56,F,VIC,2924,Full-Time,10,57584.59,Renting,0,2023-12-15
CUST005506,Jeffrey,Joseph,1986-09-18,37,M,SA,2985,Full-Time,19,125497.1,Renting,1,2022-07-24
CUST005507,Melissa,Rice,1988-08-05,35,M,NSW,2354,Full-Time,97,99316.32,Mortgage,2,2023-06-18
CUST005508,Mason,Owens,1992-05-06,31,M,NSW,2920,Full-Time,15,87461.27,Renting,0,2018-07-24
CUST005509,Lisa,Robertson,1993-08-04,30,F,NSW,2576,Full-Time,47,86810.52,Renting,1,2021-11-04
CUST005510,Jane,Knight,1972-02-24,51,M,VIC,6656,Casual,37,54984.03,Living with Family,1,2016-11-02
CUST005511,Danielle,Hammond,1995-04-18,28,F,VIC,2683,Self-Employed,1,108992.45,Renting,0,2020-10-02
CUST005512,Ian,Cameron,1967-12-26,56,F,QLD,2884,Full-Time,1,81862.1,Owner,2,2022-06-18
CUST005513,Anne,White,1954-11-06,69,M,VIC,2625,Self-Employed,1,62782.89,Renting,0,2017-07-23
CUST005514,Michael,Hardin,1965-02-16,58,M,QLD,0953,Full-Time,15,133459.61,Mortgage,4,2020-10-20
CUST005515,Todd,Gutierrez,1957-04-17,66,M,SA,2814,Full-Time,5,114265.02,Renting,3,2018-01-08
CUST005516,Jason,Lopez,1974-08-24,49,M,SA,2910,Full-Time,39,76459.72,Renting,0,2021-08-18
CUST005517,Tommy,White,1962-07-11,61,M,NSW,9210,Self-Employed,49,109444.54,Living with Family,0,2022-04-21
CUST005518,Danielle,Hernandez,1961-05-06,62,M,VIC,2669,Full-Time,10,92145.59,Renting,2,2018-02-06
CUST005519,Mike,Miller,1984-12-14,39,F,NSW,2939,Full-Time,9,114277.48,Owner,0,2020-04-09
CUST005520,Jorge,Murray,1957-06-12,66,M,NSW,2609,Full-Time,2,83302.85,Renting,2,2024-01-06
CUST005521,Brian,Gardner,1961-03-21,62,F,VIC,4347,Full-Time,4,79865.49,Mortgage,0,2020-05-08
CUST005522,Andrew,Tapia,1989-07-29,34,F,NSW,2618,Self-Employed,13,57197.05,Owner,4,2018-02-16
CUST005523,Ryan,Myers,1967-04-30,56,F,NSW,7483,Full-Time,50,96426.9,Renting,0,2020-08-10
CUST005524,Adam,Faulkner,1989-05-31,34,M,VIC,0943,Full-Time,3,75933.89,Mortgage,0,2021-05-21
CUST005525,Natasha,Paul,1979-01-18,44,F,NSW,2085,Full-Time,13,93323.26,Mortgage,1,2019-09-29
CUST005526,Kristin,Simmons,1960-03-18,63,M,WA,5726,Casual,20,15000.0,Owner,1,2020-02-24
CUST005527,Dustin,Aguirre,1993-04-09,30,M,NSW,2635,Self-Employed,26,44694.68,Owner,0,2020-10-03
CUST005528,Tony,Chen,1996-12-21,27,M,WA,2936,Full-Time,66,84192.57,Mortgage,1,2025-01-07
CUST005529,Catherine,Martin,1997-04-15,26,M,VIC,2247,Full-Time,21,76744.34,Renting,2,2018-04-26
CUST005530,Erin,King,1995-01-08,29,M,QLD,2766,Full-Time,107,94043.12,Owner,2,2020-04-21
CUST005531,Craig,Huber,1952-05-23,71,F,WA,7618,Full-Time,27,75810.66,Renting,0,2017-02-27
CUST005532,William,Jackson,1971-09-04,52,M,VIC,9688,Full-Time,54,62353.62,Mortgage,2,2025-04-29
CUST005533,Christina,Jackson,2004-05-26,19,F,WA,2794,Casual,125,28817.08,Renting,1,2024-09-23
CUST005534,Erin,Hogan,1993-06-14,30,F,SA,0851,Self-Employed,41,30389.17,Living with Family,3,2021-05-28
CUST005535,Jasmine,Butler,1974-07-04,49,F,NSW,2434,Casual,39,54063.61,Mortgage,1,2019-03-08
CUST005536,Theresa,Perez,1999-01-12,24,M,VIC,2691,Full-Time,46,71211.21,Mortgage,1,2021-08-16
CUST005537,David,Riley,1981-04-21,42,F,NSW,2664,Self-Employed,1,50170.33,Owner,1,2020-12-11
CUST005538,Linda,Brewer,1983-09-10,40,F,QLD,2677,Part-Time,47,60683.04,Renting,1,2025-05-31
CUST005539,Kristen,Welch,1984-09-01,39,M,VIC,0880,Full-Time,4,76172.42,Living with Family,2,2017-07-18
CUST005540,Eric,Arias,1988-10-14,35,M,NSW,2016,Self-Employed,119,73260.18,Living with Family,4,2018-08-29
CUST005541,Michael,Johnson,1978-10-17,45,M,QLD,0923,Full-Time,6,80287.88,Mortgage,1,2021-12-11
CUST005542,Javier,Hebert,1970-10-30,53,M,TAS,2696,Unemployed,0,18231.27,Mortgage,3,2022-06-17
CUST005543,Erika,Carter,1989-07-01,34,M,QLD,1982,Unemployed,0,21710.07,Renting,2,2017-06-10
CUST005544,Isaiah,Martinez,1977-11-09,46,M,QLD,7672,Casual,1,29408.39,Living with Family,1,2017-01-14
CUST005545,Cindy,Munoz,1956-03-31,67,M,WA,2691,Self-Employed,1,39233.07,Living with Family,2,2022-09-10
CUST005546,Cynthia,Ross,1976-03-15,47,M,SA,5000,Full-Time,18,94006.08,Renting,1,2022-12-08
CUST005547,Danielle,Walton,1987-10-14,36,F,VIC,2476,Casual,240,46590.59,Mortgage,0,2024-07-17
CUST005548,Nicole,Hoover,1998-08-12,25,M,NSW,2654,Full-Time,88,66538.51,Owner,1,2024-05-16
CUST005549,Jonathan,Robinson,1980-06-11,43,M,QLD,3715,Self-Employed,10,35635.46,Owner,1,2024-12-10
CUST005550,Jennifer,Torres,1967-11-10,56,F,NSW,0811,Full-Time,122,68705.34,Mortgage,3,2020-11-29
CUST005551,Rachael,Vaughn,1986-01-20,37,F,NSW,2610,Self-Employed,51,79097.97,Mortgage,2,2017-12-04
CUST005552,Tammy,Escobar,1957-11-19,66,F,NSW,2700,Full-Time,4,62294.63,Mortgage,1,2022-05-02
CUST005553,Jessica,Stone,1987-10-27,36,F,SA,4349,Full-Time,35,108000.67,Renting,0,2022-07-01
CUST005554,Jamie,Wilson,1960-02-04,63,M,VIC,1059,Full-Time,11,69793.63,Renting,2,2024-07-23
CUST005555,Joseph,Jones,1962-03-07,61,M,NSW,2682,Self-Employed,2,64062.16,Renting,0,2022-11-15
CUST005556,Jacob,Hayes,1993-06-19,30,M,QLD,2645,Full-Time,3,101178.09,Mortgage,4,2018-01-20
CUST005557,Nicole,Davis,2000-02-15,23,M,NT,2619,Full-Time,2,81369.53,Mortgage,3,2017-08-12
CUST005558,Michael,Roberts,1976-10-30,47,F,WA,8326,Full-Time,37,104921.97,Mortgage,2,2021-03-04
CUST005559,Kara,Miller,1951-04-08,72,M,QLD,2618,Full-Time,4,98029.11,Mortgage,2,2017-09-21
CUST005560,Vanessa,Mcdonald,1996-04-24,27,F,VIC,4629,Full-Time,53,92830.07,Renting,0,2016-10-15
CUST005561,Mason,Hunter,1968-04-11,55,M,VIC,2726,Full-Time,6,66866.4,Renting,1,2020-09-15
CUST005562,George,Williams,1994-12-13,29,F,NSW,5417,Part-Time,34,52329.3,Renting,1,2022-11-24
CUST005563,Matthew,Davidson,2003-09-23,20,F,SA,2040,Full-Time,1,117852.18,Owner,0,2019-12-22
CUST005564,Charlene,Campbell,1961-03-05,62,F,WA,2305,Full-Time,104,40775.96,Renting,1,2016-12-21
CUST005565,Luis,Rose,1968-06-03,55,M,VIC,3528,Part-Time,54,38682.76,Mortgage,0,2019-05-07
CUST005566,Sean,Hall,2003-08-12,20,M,NSW,2920,Part-Time,41,34771.15,Renting,3,2021-04-06
CUST005567,Chelsea,Williams,1975-01-09,49,M,VIC,1830,Full-Time,13,79459.21,Living with Family,1,2022-07-30
CUST005568,Donna,Rivas,1972-07-03,51,M,QLD,2958,Full-Time,20,93637.55,Renting,0,2018-10-25
CUST005569,Paula,Miller,1968-09-24,55,M,TAS,2647,Self-Employed,96,76737.92,Renting,1,2018-03-24
CUST005570,Tina,Sanchez,1986-12-02,37,M,NSW,2628,Casual,56,43201.67,Living with Family,1,2018-05-30
CUST005571,Melanie,Payne,1951-03-23,72,M,VIC,2692,Full-Time,46,95327.95,Renting,0,2016-10-27
CUST005572,Karen,Brown,1955-12-27,68,F,NT,2664,Self-Employed,2,65315.35,Mortgage,0,2016-12-22
CUST005573,Melissa,Ferguson,2001-08-28,22,F,NSW,2399,Part-Time,40,50755.74,Renting,0,2017-01-29
CUST005574,Kevin,Morales,1951-06-09,72,F,NSW,2317,Full-Time,128,77317.21,Mortgage,2,2022-06-20
CUST005575,Melissa,Wells,1997-12-23,26,M,VIC,2317,Self-Employed,32,68010.66,Renting,0,2017-03-02
CUST005576,Amber,Crosby,1972-07-06,51,M,NSW,2619,Part-Time,45,39886.08,Owner,1,2020-08-23
CUST005577,Richard,Lee,1979-04-27,44,M,WA,2424,Full-Time,70,70744.87,Mortgage,0,2024-03-10
CUST005578,Donna,Johnson,1975-09-13,48,M,QLD,0948,Full-Time,3,98824.25,Owner,2,2022-11-20
CUST005579,Amy,Sandoval,2004-03-31,19,F,WA,2619,Self-Employed,35,44108.9,Mortgage,0,2021-12-03
CUST005580,Cory,Mullins,2002-09-25,21,F,ACT,2856,Self-Employed,42,82262.48,Renting,4,2021-03-22
CUST005581,Steven,Butler,1990-01-18,33,F,QLD,2395,Full-Time,82,81099.08,Renting,2,2017-11-20
CUST005582,Joan,Davis,1982-06-20,41,F,SA,2192,Full-Time,23,76924.85,Renting,1,2023-11-02
CUST005583,Kirk,Jones,1975-10-26,48,M,QLD,2917,Full-Time,40,78838.02,Owner,2,2023-07-20
CUST005584,Nicole,Wade,1952-01-20,71,M,QLD,9045,Full-Time,50,66118.95,Mortgage,0,2025-05-04
CUST005585,William,Martin,1967-06-09,56,M,NT,2902,Part-Time,66,54962.3,Mortgage,1,2019-08-18
CUST005586,Eduardo,Williamson,1960-09-21,63,M,QLD,2969,Full-Time,20,87025.13,Living with Family,3,2022-07-10
CUST005587,Joseph,Elliott,1960-04-25,63,M,NSW,2913,Full-Time,2,109837.16,Renting,0,2019-12-21
CUST005588,Greg,Ellis,1978-11-05,45,F,QLD,2649,Full-Time,61,64156.85,Mortgage,2,2022-03-12
CUST005589,Jason,Hardy,2004-10-20,19,F,VIC,2910,Full-Time,60,88323.72,Renting,3,2018-03-13
CUST005590,Anthony,Ochoa,2001-12-28,22,M,VIC,2699,Part-Time,30,34071.44,Owner,4,2021-04-02
CUST005591,James,Obrien,1988-05-09,35,M,SA,8464,Self-Employed,1,101145.6,Owner,3,2021-07-12
CUST005592,Erica,Wright,1965-03-09,58,F,NSW,9356,Full-Time,105,58999.71,Renting,4,2023-11-21
CUST005593,Jennifer,Morrison,1969-11-03,54,F,QLD,9867,Full-Time,21,33968.13,Living with Family,3,2020-05-16
CUST005594,Eric,Wright,1995-06-28,28,F,VIC,2683,Full-Time,1,56449.91,Renting,1,2024-06-08
CUST005595,Sheila,Mccoy,2001-08-19,22,F,VIC,2216,Full-Time,24,79803.78,Mortgage,2,2020-07-17
CUST005596,Kimberly,Wilson,1963-12-26,60,M,VIC,2621,Full-Time,1,79081.64,Renting,4,2020-02-04
CUST005597,Jonathan,Barker,1989-09-23,34,M,QLD,2952,Full-Time,7,67508.6,Mortgage,1,2025-06-22
CUST005598,Richard,Marsh,1973-10-31,50,M,QLD,8862,Full-Time,1,47011.9,Owner,0,2024-09-15
CUST005599,Stephen,Campbell,1961-01-12,63,M,VIC,2855,Full-Time,3,78441.54,Mortgage,4,2023-12-02
CUST005600,Rebecca,Delgado,1956-07-10,67,M,TAS,2933,Full-Time,24,107770.02,Owner,1,2019-03-01
CUST005601,Dylan,Jones,1966-07-29,57,F,VIC,2905,Full-Time,5,94763.51,Owner,1,2019-02-10
CUST005602,Kelly,Bradley,1983-02-16,40,M,NSW,2914,Self-Employed,31,70380.38,Mortgage,0,2018-03-23
CUST005603,Crystal,Schmidt,1996-11-16,27,F,QLD,2932,Full-Time,8,76416.47,Owner,0,2024-06-06
CUST005604,Nicholas,Wagner,1994-04-15,29,F,QLD,2971,Casual,19,38150.81,Owner,1,2018-03-06
CUST005605,Tiffany,Russell,1956-03-06,67,F,QLD,2920,Full-Time,9,83056.18,Owner,2,2022-07-02
CUST005606,Johnathan,Hughes,1959-10-19,64,F,NSW,2659,Full-Time,32,69499.59,Mortgage,0,2022-02-02
CUST005607,Scott,King,1978-10-16,45,F,NSW,2675,Full-Time,13,47021.94,Mortgage,1,2018-08-27
CUST005608,Christine,Khan,2002-05-10,21,M,VIC,2979,Full-Time,21,141782.71,Renting,0,2024-01-12
CUST005609,Melissa,Brown,1970-08-13,53,F,NSW,2941,Full-Time,14,68283.07,Mortgage,2,2019-01-28
CUST005610,Laura,Robinson,1987-06-24,36,M,VIC,2879,Full-Time,8,44418.67,Owner,0,2018-04-28
CUST005611,Jimmy,Morgan,1989-08-05,34,M,VIC,2908,Casual,3,40102.92,Owner,0,2018-04-08
CUST005612,James,Jones,1968-07-14,55,M,NSW,3124,Full-Time,10,81938.15,Renting,2,2020-05-13
CUST005613,Stephanie,Newton,1967-02-13,56,M,NSW,4624,Full-Time,37,79177.19,Mortgage,3,2018-07-29
CUST005614,Lisa,Jones,1952-06-24,71,M,VIC,2860,Part-Time,25,57181.05,Living with Family,0,2020-07-22
CUST005615,Brittany,Wilson,1992-06-08,31,F,VIC,2069,Self-Employed,19,72937.7,Owner,0,2022-05-13
CUST005616,Sean,Collins,1963-10-13,60,M,NSW,2521,Full-Time,88,92133.52,Mortgage,1,2021-05-24
CUST005617,Stephanie,Fuller,1978-03-18,45,F,NSW,2985,Part-Time,79,50003.24,Renting,3,2016-10-21
CUST005618,Kendra,Kim,1954-03-23,69,F,VIC,2969,Self-Employed,3,66258.76,Mortgage,0,2016-10-21
CUST005619,Fred,Smith,1955-12-17,68,M,NSW,2661,Full-Time,203,95654.66,Mortgage,2,2020-06-18
CUST005620,Jonathan,Brown,1949-10-27,74,M,NSW,2912,Full-Time,74,41203.72,Renting,0,2021-09-29
CUST005621,Amber,Mccormick,1996-10-13,27,F,NSW,3321,Casual,28,48749.99,Mortgage,3,2025-01-20
CUST005622,Peter,Miller,1953-03-18,70,M,VIC,0884,Full-Time,167,74909.49,Mortgage,2,2017-12-29
CUST005623,Steven,Foster,1951-11-09,72,M,NSW,2989,Full-Time,5,41383.92,Owner,0,2022-03-02
CUST005624,Tammie,Wagner,1986-08-26,37,F,VIC,2720,Full-Time,27,86594.94,Owner,1,2025-02-08
CUST005625,Justin,Ramirez,1987-04-10,36,M,TAS,2824,Full-Time,26,157787.78,Renting,0,2020-04-03
CUST005626,Jeffrey,Freeman,1986-12-10,37,M,QLD,2698,Full-Time,46,99032.73,Renting,0,2024-12-24
CUST005627,Tina,Riley,1953-08-27,70,F,NSW,2648,Full-Time,192,56910.24,Owner,0,2023-01-25
CUST005628,Jodi,Erickson,1998-08-16,25,M,NSW,7475,Full-Time,25,52534.68,Owner,0,2022-08-30
CUST005629,Jason,Molina,1990-03-08,33,F,WA,2920,Self-Employed,27,75223.46,Living with Family,3,2023-01-17
CUST005630,George,Hall,1985-01-13,38,F,SA,2955,Part-Time,24,38818.11,Mortgage,3,2021-03-19
CUST005631,Donna,Burke,1983-01-24,40,M,QLD,4367,Full-Time,73,81733.9,Mortgage,2,2020-08-20
CUST005632,Jennifer,Garcia,1976-12-06,47,M,WA,2979,Full-Time,42,58759.34,Mortgage,1,2018-09-09
CUST005633,Emily,Garcia,1965-07-15,58,F,QLD,1439,Full-Time,5,141674.52,Mortgage,1,2017-03-24
CUST005634,Teresa,Hamilton,1963-06-09,60,F,SA,2028,Full-Time,51,88603.53,Owner,1,2019-12-04
CUST005635,Robert,Chen,1981-09-18,42,F,VIC,2986,Full-Time,81,78058.73,Mortgage,0,2023-03-05
CUST005636,Robert,Howard,1999-04-17,24,M,WA,2906,Full-Time,50,66491.93,Mortgage,0,2016-11-17
CUST005637,Megan,Robles,1977-12-04,46,M,NSW,2401,Full-Time,21,74439.8,Owner,2,2021-03-24
CUST005638,Frederick,Taylor,1957-03-28,66,M,VIC,2934,Full-Time,2,112674.33,Renting,1,2024-12-16
CUST005639,Nancy,Anderson,1980-04-04,43,M,VIC,2859,Full-Time,62,53176.84,Mortgage,1,2019-05-14
CUST005640,Toni,Obrien,1978-10-29,45,F,VIC,2685,Full-Time,1,63366.1,Renting,0,2020-05-16
CUST005641,Eric,Hill,1963-09-02,60,M,NSW,2697,Full-Time,38,113051.6,Renting,0,2023-09-06
CUST005642,Sierra,Rivera,1994-01-10,29,F,VIC,2616,Full-Time,73,89486.06,Mortgage,0,2025-01-05
CUST005643,Kiara,Morris,2003-06-19,20,M,QLD,2687,Part-Time,8,23325.71,Owner,3,2024-08-08
CUST005644,Lisa,Lindsey,1964-05-05,59,F,VIC,2962,Self-Employed,6,50720.72,Mortgage,1,2019-09-12
CUST005645,Sherry,Hurley,1959-08-13,64,F,SA,9467,Full-Time,41,51383.96,Living with Family,0,2023-11-11
CUST005646,Brett,Keller,1998-10-11,25,M,ACT,2942,Part-Time,5,38483.72,Mortgage,0,2024-05-23
CUST005647,Brianna,Walters,1999-02-20,24,M,VIC,2659,Self-Employed,113,47573.91,Renting,0,2019-03-10
CUST005648,Melanie,Patterson,1989-06-29,34,F,QLD,2643,Self-Employed,125,64565.86,Living with Family,1,2023-10-21
CUST005649,Jonathan,Marks,1972-10-10,51,M,NSW,5902,Full-Time,17,75541.23,Owner,3,2017-04-07
CUST005650,Zachary,Adams,1962-09-21,61,M,QLD,2610,Casual,11,22840.3,Mortgage,2,2017-04-03
CUST005651,Christopher,Hudson,1964-12-08,59,F,WA,2424,Full-Time,37,50898.06,Renting,0,2018-01-06
CUST005652,Luis,Small,1982-06-14,41,F,VIC,2688,Self-Employed,11,69744.32,Renting,0,2019-10-16
CUST005653,James,David,1990-09-28,33,F,NSW,2916,Full-Time,134,124963.02,Renting,0,2023-01-27
CUST005654,Christina,Butler,1969-01-30,54,F,WA,2932,Self-Employed,14,69713.7,Mortgage,0,2023-03-26
CUST005655,Andrew,Brown,1993-02-06,30,F,NSW,2962,Part-Time,33,40749.25,Renting,4,2016-12-04
CUST005656,James,Mcclure,1995-08-01,28,M,QLD,2318,Part-Time,2,32173.31,Living with Family,1,2022-02-11
CUST005657,Jacob,Thomas,1980-03-17,43,F,VIC,2656,Full-Time,3,95929.64,Mortgage,0,2024-11-03
CUST005658,Jacob,Robinson,2001-07-11,22,M,QLD,3041,Full-Time,1,86213.32,Living with Family,0,2023-02-18
CUST005659,Timothy,Brock,1985-04-12,38,M,VIC,2980,Self-Employed,11,93186.71,Living with Family,3,2025-08-27
CUST005660,Maria,Lara,1961-06-18,62,M,NSW,2680,Full-Time,17,68569.8,Mortgage,2,2021-04-07
CUST005661,Juan,Rice,1971-05-27,52,F,VIC,2933,Full-Time,85,115036.24,Mortgage,1,2020-07-02
CUST005662,Russell,Ortega,1996-05-18,27,M,ACT,2093,Full-Time,52,79597.74,Owner,0,2017-07-05
CUST005663,Angela,Williams,1977-01-21,46,F,SA,2641,Self-Employed,84,79200.34,Owner,2,2017-01-03
CUST005664,Robert,Hardy,1963-08-31,60,M,QLD,0277,Part-Time,28,47568.68,Renting,4,2023-10-10
CUST005665,Melissa,Peterson,1976-02-11,47,F,VIC,2906,Full-Time,3,81944.91,Renting,3,2019-07-11
CUST005666,Mark,Blackwell,1969-12-11,54,M,QLD,2674,Full-Time,13,43468.9,Living with Family,1,2024-10-26
CUST005667,Christina,Shaffer,1978-12-22,45,F,ACT,2735,Full-Time,98,62628.1,Renting,2,2023-09-01
CUST005668,Daniel,Williams,1991-08-07,32,F,NSW,2989,Self-Employed,20,63612.06,Renting,4,2018-07-25
CUST005669,Jamie,Carson,1968-01-02,56,F,WA,4923,Full-Time,105,83652.29,Renting,0,2022-12-11
CUST005670,Sophia,Miller,1960-08-31,63,F,ACT,2971,Part-Time,40,42555.07,Mortgage,0,2019-07-12
CUST005671,Leslie,Francis,1987-09-15,36,M,SA,2070,Casual,51,21163.93,Owner,4,2018-01-05
CUST005672,Ryan,Mcbride,1964-04-01,59,F,ACT,2600,Full-Time,29,48980.1,Renting,1,2020-03-12
CUST005673,Daniel,Chen,1966-01-19,57,F,NSW,2619,Full-Time,2,71300.08,Owner,0,2023-06-11
CUST005674,Lisa,Woods,1966-12-13,57,M,NSW,2641,Part-Time,1,48591.78,Renting,1,2025-02-12
CUST005675,Robert,Mitchell,2002-03-09,21,F,VIC,2694,Part-Time,92,59533.45,Mortgage,1,2022-09-03
CUST005676,Natasha,Snow,1976-01-04,48,M,VIC,2903,Full-Time,65,70523.07,Renting,0,2017-03-20
CUST005677,Brian,Knight,1983-07-20,40,M,VIC,2912,Full-Time,82,59734.93,Living with Family,0,2019-10-30
CUST005678,Eric,Yang,1988-05-24,35,M,VIC,2978,Full-Time,24,64588.28,Mortgage,1,2022-04-21
CUST005679,Kayla,Martin,1976-01-21,47,M,VIC,4284,Self-Employed,4,111134.0,Mortgage,2,2021-07-02
CUST005680,Carrie,Miller,1994-03-08,29,F,NSW,6495,Part-Time,62,25760.82,Owner,1,2025-04-16
CUST005681,Jessica,Weber,1972-01-02,52,M,VIC,2394,Full-Time,8,50059.78,Renting,2,2019-07-19
CUST005682,Diane,Carter,1997-01-30,26,M,NSW,2936,Full-Time,11,114196.1,Mortgage,3,2018-12-27
CUST005683,John,Silva,1968-05-15,55,M,QLD,2041,Self-Employed,93,55671.79,Renting,1,2025-06-10
CUST005684,Morgan,Good,1959-07-31,64,F,VIC,8678,Full-Time,2,119364.67,Mortgage,0,2020-01-06
CUST005685,Pamela,Cobb,1964-07-21,59,M,VIC,3977,Casual,25,42015.71,Renting,0,2022-02-12
CUST005686,Brandon,Barry,1969-10-31,54,M,NSW,2936,Full-Time,212,39860.76,Mortgage,3,2020-10-14
CUST005687,Sarah,Shelton,1952-04-01,71,M,VIC,2686,Part-Time,76,43041.91,Owner,1,2021-02-18
CUST005688,Stephanie,Mckee,1993-09-25,30,M,NSW,2628,Full-Time,49,36275.45,Renting,0,2023-01-02
CUST005689,Hayley,Wade,1953-01-18,71,M,VIC,2907,Unemployed,0,15000.0,Mortgage,2,2024-10-29
CUST005690,Cynthia,Allen,1951-08-11,72,M,NSW,2600,Part-Time,34,18546.83,Mortgage,3,2022-10-12
CUST005691,Connor,Alvarado,1955-11-13,68,M,NSW,1799,Part-Time,137,16411.97,Renting,3,2017-11-15
CUST005692,Christopher,Mcclure,1989-06-20,34,M,NSW,2967,Full-Time,1,89696.76,Owner,0,2019-08-21
CUST005693,Michael,Holland,1960-01-08,64,F,ACT,3328,Self-Employed,18,82062.32,Owner,1,2023-07-07
CUST005694,Rachel,Morgan,1978-02-20,45,M,QLD,2450,Full-Time,9,51797.59,Renting,0,2020-07-13
CUST005695,Adriana,Romero,2001-01-10,22,F,QLD,2965,Full-Time,7,70970.55,Renting,3,2023-05-30
CUST005696,Mark,Houston,1956-02-05,67,M,QLD,0216,Casual,53,22086.76,Living with Family,0,2020-06-15
CUST005697,Tina,Knight,2001-06-07,22,F,VIC,0236,Unemployed,0,26344.55,Mortgage,3,2018-12-25
CUST005698,Matthew,Andrade,1986-10-20,37,F,WA,2941,Self-Employed,18,49161.2,Renting,3,2022-12-26
CUST005699,Rebecca,Robinson,1956-06-27,67,M,VIC,6563,Full-Time,54,62985.11,Mortgage,0,2018-05-30
CUST005700,Nathan,Jones,1964-11-07,59,F,NSW,2635,Full-Time,16,79720.49,Mortgage,3,2020-04-12
CUST005701,Brittney,Miller,1973-03-01,50,F,WA,2636,Full-Time,25,46750.92,Renting,3,2024-11-08
CUST005702,Jocelyn,Collins,1975-11-21,48,F,QLD,2989,Self-Employed,22,106922.53,Mortgage,2,2021-02-05
CUST005703,Timothy,Molina,1967-05-15,56,F,QLD,3963,Full-Time,27,83312.05,Owner,2,2017-06-29
CUST005704,Jeffrey,Bailey,1974-05-15,49,F,NSW,2920,Full-Time,22,53878.51,Renting,1,2022-05-14
CUST005705,Jamie,Duncan,1964-10-19,59,F,NSW,2652,Full-Time,36,110965.25,Mortgage,3,2023-08-01
CUST005706,Jessica,Henderson,1996-12-02,27,F,VIC,2623,Full-Time,4,51739.48,Renting,1,2016-10-06
CUST005707,Timothy,Sullivan,1956-09-18,67,F,SA,1176,Casual,32,39921.13,Renting,0,2018-07-23
CUST005708,Catherine,Duncan,1955-12-27,68,F,VIC,3637,Casual,7,27610.6,Living with Family,0,2025-09-09
CUST005709,Mary,Cox,1987-07-09,36,M,WA,2963,Full-Time,11,58553.02,Living with Family,2,2024-01-14
CUST005710,Kristin,Thompson,1949-12-25,74,F,SA,1635,Self-Employed,54,100851.89,Renting,2,2020-06-24
CUST005711,Jillian,Henry,1961-09-05,62,M,NSW,2976,Self-Employed,38,47640.17,Mortgage,4,2022-04-23
CUST005712,Katie,Meyer,1966-07-05,57,M,NSW,2304,Full-Time,10,59444.11,Owner,1,2024-08-23
CUST005713,Jennifer,Robinson,1998-05-03,25,M,NSW,2647,Full-Time,12,70463.42,Mortgage,1,2018-07-22
CUST005714,David,Wang,1962-05-16,61,M,NSW,2657,Part-Time,1,60453.74,Living with Family,0,2019-06-20
CUST005715,Parker,Goodman,1990-01-08,34,M,VIC,2942,Full-Time,6,108307.51,Mortgage,2,2022-11-16
CUST005716,Matthew,Gutierrez,1963-01-09,61,F,NSW,2619,Self-Employed,26,54321.73,Owner,0,2021-09-26
CUST005717,Edward,Sanford,1989-10-10,34,F,NSW,4069,Full-Time,45,56340.16,Renting,4,2019-09-10
CUST005718,Robert,Taylor,1988-05-13,35,M,VIC,2385,Self-Employed,82,80870.85,Mortgage,0,2018-07-10
CUST005719,Elizabeth,Brown,1987-05-24,36,M,WA,2512,Self-Employed,1,33669.13,Mortgage,0,2021-03-31
CUST005720,Todd,Morrison,1954-04-15,69,M,QLD,2676,Full-Time,101,110496.7,Owner,2,2020-07-16
CUST005721,Philip,Cortez,1972-07-14,51,F,SA,0847,Full-Time,26,85348.48,Mortgage,3,2018-04-20
CUST005722,John,Perry,1953-12-30,70,M,NSW,2949,Self-Employed,16,123970.45,Mortgage,1,2021-05-13
CUST005723,James,Rowland,1969-03-25,54,F,WA,2920,Full-Time,51,58879.71,Mortgage,3,2022-03-23
CUST005724,Elizabeth,Burke,1991-04-27,32,M,QLD,2037,Full-Time,38,71872.53,Mortgage,4,2019-12-23
CUST005725,Haley,Wade,1969-09-27,54,F,TAS,2532,Casual,47,49368.98,Mortgage,0,2023-02-13
CUST005726,David,Norris,1992-08-16,31,M,WA,2956,Full-Time,72,69263.76,Mortgage,2,2020-10-15
CUST005727,Crystal,Williams,1955-06-03,68,F,VIC,2690,Full-Time,24,132335.2,Owner,0,2020-01-18
CUST005728,Angela,Bryant,1978-10-21,45,M,WA,2326,Full-Time,3,40599.28,Renting,2,2019-09-10
CUST005729,Melissa,Carter,1966-03-15,57,M,NSW,4918,Casual,29,38423.71,Mortgage,1,2019-12-04
CUST005730,Carol,Wagner,1996-02-01,27,F,NSW,3820,Full-Time,44,99888.94,Renting,1,2024-11-20
CUST005731,David,Matthews,1954-01-04,70,M,NSW,2617,Full-Time,1,86437.17,Renting,1,2020-06-12
CUST005732,John,Swanson,1983-01-14,40,M,VIC,0257,Full-Time,9,54520.48,Renting,2,2020-06-13
CUST005733,William,Carney,1969-10-25,54,F,VIC,2626,Full-Time,49,61647.85,Renting,0,2017-09-13
CUST005734,Mark,Adams,1982-08-22,41,M,VIC,5029,Full-Time,48,82660.18,Living with Family,0,2019-06-21
CUST005735,Betty,Phillips,1999-05-14,24,M,WA,2757,Self-Employed,46,70947.51,Owner,2,2021-01-17
CUST005736,Robert,Foster,1996-08-20,27,F,NSW,2698,Full-Time,26,71012.41,Mortgage,1,2021-07-20
CUST005737,Colleen,Smith,1975-01-25,48,M,NSW,2191,Casual,10,44968.77,Owner,3,2023-01-01
CUST005738,Jennifer,Garner,1984-03-13,39,M,VIC,3323,Full-Time,15,92943.6,Renting,2,2021-10-20
CUST005739,Joyce,Gallagher,1987-06-30,36,M,QLD,6360,Full-Time,70,127325.14,Owner,2,2025-01-14
CUST005740,Justin,Moore,1983-04-27,40,F,NSW,2900,Casual,36,48034.04,Mortgage,2,2020-06-17
CUST005741,Kimberly,Powers,1955-11-18,68,M,QLD,0208,Part-Time,38,47376.61,Living with Family,1,2021-02-27
CUST005742,Sharon,Taylor,1952-02-21,71,M,NSW,2620,Full-Time,5,106366.3,Renting,1,2024-11-05
CUST005743,Sara,Joseph,2002-02-10,21,F,VIC,9811,Full-Time,7,54451.78,Living with Family,2,2018-02-23
CUST005744,Becky,Simmons,1993-09-16,30,M,VIC,2916,Full-Time,11,106262.59,Owner,2,2025-07-13
CUST005745,Sheryl,Gonzalez,1975-05-31,48,M,WA,2613,Full-Time,14,88335.43,Renting,4,2019-05-20
CUST005746,Jeffrey,Huang,1964-03-28,59,F,VIC,2976,Self-Employed,18,73029.5,Renting,1,2021-01-26
CUST005747,Craig,Fuller,1976-05-28,47,F,NSW,1565,Full-Time,7,70163.81,Renting,3,2021-02-19
CUST005748,Michelle,Lee,1966-05-16,57,M,VIC,0277,Full-Time,1,58660.09,Living with Family,0,2017-01-11
CUST005749,Lori,Harris,1964-11-04,59,F,VIC,2691,Full-Time,17,78943.7,Mortgage,1,2020-04-04
CUST005750,Adam,Shah,1991-10-28,32,M,NSW,2954,Self-Employed,5,33292.42,Mortgage,2,2025-08-12
CUST005751,Desiree,Simpson,2001-08-05,22,F,QLD,2690,Full-Time,76,128428.73,Mortgage,0,2023-07-09
CUST005752,Wayne,Ferguson,1979-09-28,44,M,NSW,2225,Full-Time,6,63413.45,Renting,2,2018-08-20
CUST005753,Tammy,Owen,1955-03-18,68,M,NSW,2606,Part-Time,42,53639.48,Renting,2,2017-11-16
CUST005754,Tyler,Romero,1965-07-05,58,M,QLD,2209,Self-Employed,17,65103.34,Renting,2,2019-09-04
CUST005755,Alexis,Davis,1952-09-23,71,F,NSW,2926,Self-Employed,26,67660.37,Mortgage,2,2017-10-28
CUST005756,Kristin,Mack,1968-01-10,56,M,NSW,1001,Full-Time,77,132258.16,Renting,0,2024-12-21
CUST005757,Tammy,Schaefer,1988-09-03,35,F,NSW,2613,Casual,47,33508.37,Mortgage,1,2021-05-25
CUST005758,Jonathan,Alexander,2004-02-21,19,F,NSW,2684,Full-Time,2,68337.0,Mortgage,3,2023-04-13
CUST005759,Megan,Mullins,1966-02-22,57,M,TAS,2689,Full-Time,10,62883.39,Mortgage,4,2022-06-14
CUST005760,Cassandra,Garcia,1951-08-11,72,F,QLD,2598,Full-Time,66,90764.17,Owner,2,2019-08-03
CUST005761,Tyler,Mills,1983-02-02,40,M,NSW,2631,Full-Time,21,49253.77,Renting,3,2018-07-15
CUST005762,Kelly,Randolph,1950-07-01,73,F,NSW,4425,Full-Time,72,79297.41,Mortgage,0,2022-05-25
CUST005763,Tammy,Aguilar,1955-09-25,68,F,NSW,2135,Full-Time,4,98490.42,Mortgage,0,2022-02-19
CUST005764,Alexis,Carter,1999-08-06,24,F,NSW,5412,Full-Time,8,62285.57,Renting,1,2019-07-19
CUST005765,Colleen,Hoover,1975-09-27,48,M,NSW,2132,Casual,4,51773.99,Living with Family,0,2018-12-12
CUST005766,Seth,Barnes,1981-03-05,42,M,TAS,2906,Full-Time,17,88935.54,Owner,0,2024-05-25
CUST005767,Cynthia,Guerra,1951-10-31,72,M,VIC,8951,Full-Time,42,81114.11,Owner,2,2024-10-09
CUST005768,Marie,Smith,1995-01-11,28,M,NSW,2679,Full-Time,14,54520.89,Renting,3,2022-03-26
CUST005769,Amanda,Mitchell,1981-08-19,42,M,VIC,2660,Full-Time,28,70190.76,Living with Family,2,2021-06-23
CUST005770,Rick,Martin,1979-05-04,44,M,SA,5397,Full-Time,4,31288.64,Renting,4,2023-01-28
CUST005771,Karen,Allen,1960-03-09,63,F,VIC,2640,Full-Time,35,72013.91,Renting,0,2020-12-21
CUST005772,Kyle,Miller,1969-12-04,54,F,NSW,2941,Full-Time,104,38290.16,Owner,2,2018-09-23
CUST005773,Daniel,Hess,1997-07-27,26,M,QLD,3605,Self-Employed,64,60730.54,Owner,1,2020-08-30
CUST005774,Megan,Snyder,1975-10-10,48,F,NSW,6288,Part-Time,14,32658.21,Renting,0,2022-03-09
CUST005775,Nancy,Brown,1993-12-29,30,F,WA,2638,Full-Time,72,58369.2,Mortgage,1,2025-06-15
CUST005776,Samuel,Johnson,1968-04-06,55,M,NSW,3923,Part-Time,10,39932.55,Mortgage,3,2022-11-03
CUST005777,Robert,Gray,1950-06-24,73,F,WA,2920,Self-Employed,16,77899.97,Mortgage,4,2021-06-29
CUST005778,Monica,Jackson,1956-02-25,67,F,SA,7726,Self-Employed,37,98867.49,Renting,1,2019-08-21
CUST005779,Steven,Lopez,1993-04-06,30,F,NSW,2994,Self-Employed,11,91406.68,Living with Family,2,2021-11-28
CUST005780,Stacy,Wolfe,1973-10-01,50,F,VIC,2545,Self-Employed,80,54877.62,Renting,0,2018-10-14
CUST005781,Gregory,Ramos,1970-05-25,53,M,NSW,2934,Self-Employed,51,47195.44,Living with Family,0,2022-10-29
CUST005782,April,Thomas,2004-10-10,19,F,SA,2942,Full-Time,16,41879.79,Renting,0,2023-03-17
CUST005783,Stacy,Berry,1987-09-13,36,M,NSW,2218,Full-Time,58,64474.51,Renting,3,2020-01-05
CUST005784,Sara,Fuentes,1955-10-09,68,M,NSW,2946,Full-Time,29,79888.44,Owner,1,2021-01-04
CUST005785,Jesse,Hancock,1964-03-16,59,M,NSW,2357,Casual,42,49892.08,Renting,3,2020-07-29
CUST005786,Troy,Johnson,1992-06-01,31,F,NSW,2970,Part-Time,36,66207.81,Renting,0,2022-09-03
CUST005787,Meghan,Patel,1993-04-12,30,M,QLD,7838,Full-Time,13,105232.37,Owner,1,2023-05-05
CUST005788,Jeffrey,Hamilton,1999-07-30,24,M,QLD,2227,Casual,25,34629.95,Owner,0,2019-08-09
CUST005789,Brett,Dorsey,2005-01-01,19,F,SA,2935,Full-Time,46,56701.58,Owner,0,2020-02-12
CUST005790,Melissa,Waters,1989-08-21,34,F,NSW,5234,Full-Time,11,99009.05,Mortgage,2,2022-05-03
CUST005791,Devon,Hammond,2001-02-05,22,F,NSW,2610,Casual,2,27170.53,Owner,1,2019-10-11
CUST005792,Nicole,Rogers,1968-02-06,55,F,QLD,2918,Full-Time,48,87902.83,Owner,0,2025-03-04
CUST005793,Richard,Nichols,1986-09-23,37,M,VIC,1324,Full-Time,122,118604.32,Renting,1,2025-09-06
CUST005794,Rebecca,Marshall,1992-08-02,31,F,QLD,2981,Full-Time,35,94447.27,Mortgage,1,2022-09-17
CUST005795,Peter,Martin,1993-01-28,30,M,NSW,3697,Full-Time,43,86915.04,Renting,1,2025-05-08
CUST005796,Robert,Trujillo,1964-04-12,59,F,NSW,2677,Self-Employed,52,79423.22,Mortgage,3,2016-12-11
CUST005797,Melvin,Chaney,1989-06-06,34,M,QLD,2918,Full-Time,5,55498.83,Renting,3,2023-07-17
CUST005798,Heather,Gutierrez,1993-05-07,30,M,NSW,2593,Part-Time,133,35269.96,Mortgage,1,2024-12-26
CUST005799,Eric,Ramsey,1995-12-04,28,M,VIC,2812,Self-Employed,8,77751.75,Mortgage,2,2025-02-14
CUST005800,Donald,Molina,1990-06-04,33,F,NSW,1625,Casual,34,49485.64,Owner,2,2018-11-22
CUST005801,Mikayla,Davis,1983-05-09,40,F,NSW,3545,Casual,30,66449.6,Renting,3,2020-01-14
CUST005802,Amber,Martin,1953-06-18,70,F,NSW,4831,Full-Time,9,83770.14,Living with Family,2,2019-01-28
CUST005803,Pamela,Reed,1949-12-08,74,F,NSW,2680,Full-Time,13,66493.33,Mortgage,0,2018-07-21
CUST005804,William,Jordan,2002-10-15,21,M,VIC,2665,Full-Time,3,100359.77,Owner,0,2022-09-25
CUST005805,Albert,Riggs,2000-03-31,23,M,VIC,6865,Part-Time,5,15000.0,Renting,1,2020-09-17
CUST005806,Laura,Silva,1974-06-21,49,F,SA,2602,Full-Time,47,97622.9,Mortgage,4,2017-07-22
CUST005807,Jocelyn,Richardson,1958-04-19,65,F,NSW,8628,Full-Time,82,81774.67,Mortgage,0,2020-05-24
CUST005808,Paul,Horne,1980-10-29,43,F,NSW,2674,Casual,92,24709.14,Mortgage,4,2020-09-01
CUST005809,Erin,Holloway,1952-08-28,71,M,WA,4230,Full-Time,9,41307.11,Renting,0,2021-11-30
CUST005810,Amy,Thompson,1999-02-01,24,M,NSW,7467,Full-Time,31,74044.92,Living with Family,0,2025-02-13
CUST005811,Phillip,Miller,1988-04-05,35,M,NSW,2663,Part-Time,44,55757.62,Renting,1,2016-11-15
CUST005812,Paul,Garcia,1981-11-12,42,F,QLD,2646,Part-Time,9,15000.0,Owner,0,2025-06-06
CUST005813,Kayla,Young,1958-07-23,65,F,WA,2676,Full-Time,57,86783.19,Mortgage,1,2019-07-13
CUST005814,Marcia,Campbell,1952-07-29,71,F,WA,2920,Self-Employed,187,64062.65,Mortgage,4,2019-04-04
CUST005815,Christopher,Roman,1954-05-30,69,F,WA,2694,Self-Employed,8,96566.02,Living with Family,2,2024-05-27
CUST005816,Michele,Frazier,1990-10-02,33,M,QLD,2681,Self-Employed,28,59916.08,Mortgage,0,2017-04-10
CUST005817,Corey,Jenkins,2004-11-13,19,F,QLD,2986,Full-Time,45,60638.76,Mortgage,0,2018-05-03
CUST005818,Douglas,Hill,1993-04-29,30,F,QLD,2944,Full-Time,4,49435.15,Renting,0,2017-05-17
CUST005819,Amanda,Rivera,1993-03-26,30,M,QLD,0862,Full-Time,58,76419.77,Owner,2,2018-03-11
CUST005820,Charles,Monroe,1983-01-27,40,M,QLD,0908,Full-Time,88,72555.28,Owner,0,2019-07-15
CUST005821,Benjamin,Simon,1974-06-29,49,M,QLD,0200,Full-Time,88,41228.08,Mortgage,1,2018-05-15
CUST005822,Adam,Barnes,1972-04-25,51,F,NSW,2017,Casual,53,24538.84,Owner,0,2019-01-30
CUST005823,James,Calderon,1988-01-06,36,F,NSW,0816,Casual,9,31099.4,Renting,2,2024-09-29
CUST005824,Larry,Jones,1957-07-03,66,M,QLD,2066,Full-Time,2,120978.64,Living with Family,3,2022-05-13
CUST005825,Keith,Hatfield,1981-05-17,42,M,QLD,2682,Full-Time,37,68882.68,Renting,0,2024-11-27
CUST005826,Brian,Thompson,1974-09-13,49,F,NSW,2823,Full-Time,77,77100.86,Owner,0,2023-09-10
CUST005827,Michael,Newton,1982-12-01,41,M,QLD,1711,Self-Employed,70,63458.55,Renting,0,2022-07-04
CUST005828,Steven,Jackson,1950-08-13,73,F,QLD,8502,Full-Time,73,74023.22,Living with Family,3,2018-12-02
CUST005829,Veronica,Fowler,1987-12-08,36,M,VIC,2066,Self-Employed,8,55844.81,Renting,0,2020-09-22
CUST005830,Matthew,Conrad,1964-05-17,59,F,NSW,2661,Full-Time,13,114683.0,Renting,0,2021-03-22
CUST005831,Spencer,Hodges,1954-05-26,69,F,QLD,2964,Unemployed,0,17803.69,Renting,1,2023-05-06
CUST005832,Anna,Marsh,1953-07-21,70,F,SA,9249,Full-Time,8,61521.92,Mortgage,1,2018-04-29
CUST005833,Krista,Romero,1950-01-23,73,F,NSW,9152,Full-Time,13,77754.59,Renting,1,2017-02-25
CUST005834,Yvonne,Gomez,1983-09-29,40,F,QLD,2619,Casual,61,24013.6,Mortgage,1,2024-04-29
CUST005835,Amy,Wilson,2000-05-10,23,M,NSW,2646,Self-Employed,31,62404.05,Renting,2,2022-03-11
CUST005836,Tammie,Rosales,1959-05-15,64,F,QLD,2273,Casual,30,21598.93,Renting,0,2025-08-09
CUST005837,Kara,Greene,1957-08-10,66,F,QLD,2689,Part-Time,6,50198.13,Renting,1,2019-05-20
CUST005838,Loretta,Watts,1952-11-13,71,F,TAS,2645,Full-Time,77,107509.89,Owner,2,2017-02-19
CUST005839,Tom,Burke,1993-07-22,30,M,NSW,2633,Casual,39,47865.16,Renting,1,2021-10-10
CUST005840,Juan,Williams,1979-01-24,44,F,QLD,2687,Casual,56,37292.19,Mortgage,0,2022-07-04
CUST005841,Jason,Silva,1970-04-21,53,F,NSW,2828,Full-Time,35,109014.65,Renting,0,2023-07-17
CUST005842,Andrew,Walker,1992-06-29,31,F,NSW,2086,Part-Time,28,44900.95,Renting,2,2022-06-28
CUST005843,Karl,Jenkins,1997-05-08,26,M,NSW,2692,Part-Time,51,57768.11,Mortgage,1,2022-01-15
CUST005844,Luis,Smith,1952-06-10,71,F,VIC,2248,Self-Employed,7,109451.8,Mortgage,1,2024-06-02
CUST005845,Matthew,Johnson,1988-01-20,35,M,NSW,2941,Part-Time,6,69923.95,Renting,0,2021-09-27
CUST005846,Steven,Jackson,2002-08-01,21,M,VIC,2290,Full-Time,32,78078.9,Mortgage,0,2021-01-27
CUST005847,Thomas,Vazquez,1966-06-26,57,F,NSW,5117,Full-Time,45,98442.33,Mortgage,0,2017-11-06
CUST005848,Melissa,Smith,2004-03-23,19,M,QLD,2664,Part-Time,85,49135.68,Owner,1,2019-12-07
CUST005849,Pamela,Watts,1980-05-05,43,M,VIC,8657,Self-Employed,40,70176.45,Living with Family,1,2023-07-07
CUST005850,Kimberly,George,1977-07-02,46,M,SA,2996,Full-Time,8,93754.63,Owner,0,2025-03-27
CUST005851,Jeffery,Gray,1975-05-23,48,M,VIC,2247,Full-Time,33,100310.76,Mortgage,3,2019-02-04
CUST005852,Angela,Daniels,1958-04-23,65,M,SA,2666,Full-Time,40,112846.46,Owner,3,2021-05-17
CUST005853,Danielle,Kelly,1961-12-12,62,M,QLD,2628,Full-Time,77,59211.94,Mortgage,4,2022-10-30
CUST005854,Julian,Torres,1983-09-10,40,F,NSW,6351,Self-Employed,20,76708.12,Owner,0,2020-05-05
CUST005855,Cathy,Erickson,1957-08-28,66,M,VIC,2917,Full-Time,4,113054.21,Mortgage,1,2020-02-01
CUST005856,Russell,Castro,1989-09-28,34,F,WA,9031,Self-Employed,79,68490.34,Renting,0,2020-07-27
CUST005857,Alexandra,Stevens,1972-12-12,51,M,NSW,2634,Full-Time,32,107278.76,Mortgage,2,2024-03-26
CUST005858,John,Sanchez,1981-10-29,42,M,VIC,2984,Full-Time,11,120321.46,Living with Family,2,2018-02-19
CUST005859,Stacey,Hall,1997-11-11,26,F,WA,0830,Full-Time,12,74589.02,Renting,0,2018-08-10
CUST005860,Tiffany,Allen,1985-12-04,38,M,VIC,2972,Casual,3,47018.21,Renting,2,2023-05-23
CUST005861,Randy,Boyd,2000-11-28,23,M,VIC,4532,Part-Time,88,46032.86,Renting,0,2022-02-15
CUST005862,Taylor,Young,1982-02-20,41,M,NSW,2011,Full-Time,19,77701.85,Mortgage,0,2019-01-04
CUST005863,Tracy,Cortez,1996-09-08,27,F,NSW,2905,Full-Time,3,89587.9,Mortgage,0,2019-03-06
CUST005864,Emily,Pena,1978-02-11,45,F,QLD,2900,Full-Time,2,73577.25,Renting,0,2019-03-16
CUST005865,Christina,Johnston,1983-11-10,40,F,NSW,0278,Full-Time,50,75784.39,Renting,1,2017-05-03
CUST005866,Mackenzie,Price,1967-09-16,56,M,QLD,2959,Full-Time,55,91889.97,Mortgage,3,2021-01-14
CUST005867,Chelsea,Davis,1975-11-14,48,M,WA,2134,Self-Employed,1,39705.89,Owner,0,2016-11-30
CUST005868,Rebekah,Morales,1976-12-29,47,M,VIC,6108,Casual,44,28663.31,Renting,2,2024-07-06
CUST005869,Lisa,Thornton,1950-11-24,73,M,SA,2920,Casual,18,34601.74,Owner,2,2025-06-03
CUST005870,Colleen,Ramirez,1967-12-04,56,M,QLD,2670,Full-Time,20,87632.58,Renting,1,2020-12-27
CUST005871,Evan,Garcia,1991-02-07,32,F,VIC,3877,Full-Time,17,83361.44,Owner,1,2023-12-10
CUST005872,Roger,Leblanc,1989-01-06,35,F,NSW,6165,Full-Time,24,53521.01,Owner,4,2021-04-13
CUST005873,Robert,Parker,1960-03-24,63,F,SA,2310,Unemployed,0,15000.0,Owner,2,2019-02-05
CUST005874,Scott,Peters,1999-07-20,24,F,VIC,0271,Full-Time,12,100005.36,Mortgage,3,2025-03-11
CUST005875,Lisa,Benson,1972-01-22,51,M,NSW,9182,Full-Time,49,121271.77,Owner,3,2024-04-17
CUST005876,David,Atkinson,1983-10-06,40,M,VIC,9988,Full-Time,33,89687.16,Mortgage,2,2020-01-11
CUST005877,Jonathan,Moses,1987-05-05,36,M,WA,6196,Self-Employed,21,33664.87,Renting,3,2016-12-15
CUST005878,Cory,Dominguez,1980-06-15,43,F,SA,9553,Full-Time,43,79950.08,Renting,1,2020-11-29
CUST005879,Jasmin,Ramirez,1962-11-20,61,F,QLD,2906,Full-Time,46,53759.59,Owner,4,2018-07-21
CUST005880,Miguel,Powell,1980-06-11,43,F,NSW,2920,Casual,24,28008.31,Renting,2,2016-12-02
CUST005881,Ryan,Dean,1997-05-18,26,F,NSW,2748,Self-Employed,105,91341.35,Renting,3,2023-02-11
CUST005882,Joseph,Torres,1998-11-16,25,F,QLD,1040,Full-Time,10,101281.17,Renting,1,2023-10-14
CUST005883,Brandon,Allen,1971-03-01,52,F,VIC,2619,Full-Time,39,81187.16,Renting,1,2017-03-08
CUST005884,Tanya,Williams,1974-04-01,49,F,VIC,7729,Full-Time,15,114581.07,Living with Family,0,2020-06-04
CUST005885,Gregory,Hoffman,1992-09-05,31,F,NSW,2954,Full-Time,16,83722.26,Mortgage,3,2018-02-09
CUST005886,Julia,Green,2003-04-25,20,M,WA,6799,Part-Time,32,69424.95,Living with Family,0,2018-01-25
CUST005887,Danny,Farrell,1999-10-29,24,F,VIC,7736,Full-Time,26,66831.53,Living with Family,4,2020-05-24
CUST005888,Marc,Hill,1997-07-08,26,M,NSW,2978,Full-Time,136,92099.49,Living with Family,0,2024-11-01
CUST005889,Ann,Good,1976-06-28,47,F,QLD,2697,Self-Employed,33,64071.18,Mortgage,0,2024-11-29
CUST005890,Mary,Morris,2002-07-09,21,F,VIC,6259,Full-Time,3,89698.17,Renting,2,2017-03-22
CUST005891,Lindsay,Stevens,1974-09-04,49,M,VIC,9536,Casual,46,52198.26,Renting,3,2016-09-28
CUST005892,Thomas,Hebert,1986-07-26,37,M,NSW,2040,Part-Time,8,63169.68,Renting,0,2025-05-23
CUST005893,Nicholas,Mcguire,1958-11-17,65,M,NSW,2141,Casual,79,36233.23,Renting,4,2018-07-14
CUST005894,Evelyn,Bradford,1955-07-03,68,M,NSW,2905,Part-Time,5,37958.48,Mortgage,2,2018-01-20
CUST005895,Aaron,Rodriguez,1994-10-04,29,M,VIC,2637,Part-Time,19,50751.58,Mortgage,1,2021-11-27
CUST005896,Haley,Garcia,1990-09-17,33,M,QLD,2603,Casual,6,15000.0,Renting,0,2023-05-25
CUST005897,Robert,Robles,1968-08-15,55,M,NSW,2922,Full-Time,12,62272.38,Mortgage,0,2025-09-20
CUST005898,Ashley,Lawson,1976-04-27,47,M,QLD,2043,Full-Time,2,61272.22,Owner,3,2021-05-01
CUST005899,Tony,Ball,1986-03-19,37,M,NSW,2906,Full-Time,72,100801.18,Renting,1,2017-12-11
CUST005900,Melanie,Gonzales,1999-11-15,24,M,QLD,2635,Casual,6,40719.88,Renting,2,2019-07-14
CUST005901,Randy,Riggs,2004-11-13,19,F,VIC,2689,Full-Time,35,75707.7,Renting,0,2017-04-29
CUST005902,Wendy,Nelson,1979-04-28,44,M,NSW,2912,Full-Time,15,104209.07,Living with Family,1,2019-09-29
CUST005903,Justin,Roman,1952-11-13,71,F,NSW,3203,Full-Time,38,140838.21,Mortgage,1,2020-08-24
CUST005904,Heather,Rodriguez,1950-12-21,73,M,QLD,2960,Full-Time,17,84928.61,Mortgage,0,2022-09-10
CUST005905,Renee,Young,1960-06-11,63,M,NSW,2097,Full-Time,30,100703.97,Renting,4,2018-10-06
CUST005906,Eric,Townsend,1999-11-27,24,F,WA,2266,Full-Time,9,81324.45,Mortgage,0,2020-09-04
CUST005907,Marcus,Douglas,1973-04-09,50,M,QLD,2943,Part-Time,15,55161.51,Mortgage,3,2023-05-07
CUST005908,Eric,Bonilla,1960-02-04,63,F,VIC,2619,Part-Time,5,55129.86,Mortgage,1,2022-12-13
CUST005909,Annette,Walker,1973-08-13,50,F,VIC,2682,Part-Time,2,47783.54,Renting,1,2025-03-25
CUST005910,Ryan,Jones,1978-10-05,45,M,NSW,9058,Self-Employed,51,61364.74,Renting,3,2024-09-23
CUST005911,Tammy,Johnson,1963-08-20,60,M,VIC,2957,Full-Time,25,75879.56,Living with Family,1,2018-09-29
CUST005912,Nicholas,Drake,1956-06-09,67,F,VIC,9864,Full-Time,23,114436.75,Mortgage,1,2019-12-09
CUST005913,Dennis,Rodriguez,1997-12-28,26,F,WA,2619,Full-Time,18,46088.22,Mortgage,1,2016-12-30
CUST005914,Jill,Wade,1950-05-16,73,F,SA,2920,Part-Time,24,46131.84,Owner,2,2016-10-19
CUST005915,Eric,Shah,2005-08-21,18,F,WA,2186,Self-Employed,9,74331.51,Owner,2,2021-07-05
CUST005916,Joseph,Davis,2001-04-25,22,F,VIC,2665,Full-Time,5,59207.39,Renting,2,2025-01-29
CUST005917,Mary,Coffey,1983-10-03,40,F,VIC,4962,Full-Time,90,61413.63,Renting,1,2025-02-13
CUST005918,Randy,Hernandez,1968-03-02,55,F,VIC,2993,Casual,27,38193.39,Renting,0,2019-07-19
CUST005919,Patrick,Lopez,1951-03-05,72,F,NSW,2961,Full-Time,54,63163.08,Mortgage,1,2020-01-08
CUST005920,Kathleen,Matthews,1977-09-18,46,F,NSW,2615,Full-Time,20,87882.18,Mortgage,2,2017-05-28
CUST005921,Thomas,Meyer,1983-08-29,40,F,QLD,6531,Part-Time,40,64720.55,Renting,4,2024-03-29
CUST005922,Leah,Adams,1959-09-28,64,F,NSW,2758,Full-Time,7,73315.22,Owner,0,2022-07-17
CUST005923,Claudia,Vasquez,1988-07-12,35,F,WA,2641,Part-Time,91,31768.24,Mortgage,0,2018-07-02
CUST005924,Kathryn,Sanders,1965-04-27,58,F,NSW,2981,Full-Time,55,69425.67,Mortgage,1,2019-08-09
CUST005925,Linda,Reynolds,2004-02-28,19,F,WA,2953,Full-Time,16,69672.13,Mortgage,1,2018-01-31
CUST005926,Melanie,Gibbs,1957-11-29,66,M,VIC,2610,Part-Time,4,44185.28,Mortgage,1,2023-05-26
CUST005927,Tina,Smith,1979-04-24,44,M,NSW,2881,Casual,27,49698.43,Renting,2,2018-03-27
CUST005928,Charles,Grant,1991-07-08,32,M,QLD,2808,Full-Time,1,67047.53,Mortgage,0,2022-02-18
CUST005929,John,West,2005-11-02,18,M,QLD,2938,Full-Time,18,99925.23,Owner,1,2022-09-20
CUST005930,Deborah,Cardenas,2002-12-06,21,M,QLD,2619,Full-Time,8,65585.95,Owner,1,2024-01-04
CUST005931,Zachary,Freeman,2001-08-04,22,F,NSW,7300,Full-Time,17,109600.42,Renting,4,2021-06-01
CUST005932,Zachary,Drake,1950-10-11,73,M,WA,7058,Casual,50,27227.09,Mortgage,2,2017-02-06
CUST005933,Allen,Robinson,1956-09-23,67,M,VIC,2050,Full-Time,40,93631.75,Living with Family,1,2021-09-13
CUST005934,Heather,Barry,1992-09-15,31,F,NSW,2956,Casual,47,29455.43,Living with Family,0,2025-07-21
CUST005935,Matthew,May,1990-12-01,33,M,VIC,2609,Full-Time,38,84073.48,Renting,0,2022-01-14
CUST005936,Suzanne,Strickland,1986-07-17,37,F,NSW,2316,Self-Employed,9,41547.75,Mortgage,0,2023-01-15
CUST005937,Robert,Preston,1982-09-10,41,F,VIC,0912,Self-Employed,7,43619.46,Renting,0,2024-12-08
CUST005938,Rebecca,Estes,2000-10-08,23,F,WA,2604,Full-Time,10,82408.76,Mortgage,2,2018-01-08
CUST005939,Janice,Ramsey,1956-05-19,67,M,VIC,2969,Full-Time,19,27594.85,Mortgage,0,2021-06-09
CUST005940,Kimberly,Williams,1960-10-03,63,F,NSW,2898,Full-Time,79,65814.52,Mortgage,4,2024-02-20
CUST005941,Joseph,Valenzuela,1995-03-01,28,F,VIC,2949,Full-Time,30,99150.63,Renting,2,2017-05-26
CUST005942,Adam,Lane,1959-09-18,64,M,QLD,1331,Casual,19,66791.71,Living with Family,0,2023-03-29
CUST005943,Ryan,Butler,1964-10-15,59,F,NSW,2967,Full-Time,7,81429.96,Mortgage,0,2023-03-01
CUST005944,Katherine,Myers,2000-04-14,23,M,WA,2920,Self-Employed,86,57296.59,Mortgage,2,2024-05-18
CUST005945,Crystal,Clark,2003-01-11,20,M,VIC,2929,Full-Time,33,83029.36,Owner,1,2022-05-03
CUST005946,Kevin,Ho,1998-12-27,25,M,NSW,5641,Full-Time,22,73444.29,Living with Family,3,2020-04-22
CUST005947,Allison,Thomas,1970-02-15,53,F,VIC,5532,Full-Time,1,119284.43,Mortgage,2,2023-08-24
CUST005948,Andrew,Ferrell,1998-11-08,25,F,QLD,2887,Self-Employed,7,108090.54,Mortgage,0,2020-03-12
CUST005949,Jacob,Garcia,1955-03-07,68,M,NSW,2679,Full-Time,25,86607.38,Renting,2,2020-01-01
CUST005950,Kimberly,Burns,1998-06-07,25,F,QLD,2948,Full-Time,31,65478.99,Mortgage,0,2020-04-18
CUST005951,Alexander,Morris,1978-12-16,45,F,NSW,3393,Full-Time,8,51206.93,Renting,2,2019-07-15
CUST005952,April,Wood,2005-08-29,18,F,SA,0942,Self-Employed,4,80022.79,Mortgage,1,2022-10-20
CUST005953,Alyssa,Cunningham,1977-03-17,46,F,VIC,3192,Full-Time,90,99442.16,Living with Family,0,2016-11-10
CUST005954,Nathan,Austin,1985-03-20,38,M,VIC,2655,Casual,46,40938.29,Mortgage,0,2022-09-14
CUST005955,Lisa,Crane,1984-05-27,39,F,VIC,2602,Self-Employed,33,71738.26,Living with Family,0,2017-12-22
CUST005956,Joel,Drake,1973-10-03,50,M,SA,2915,Full-Time,52,105527.64,Living with Family,0,2018-10-20
CUST005957,Amanda,Austin,1964-06-23,59,F,VIC,7557,Full-Time,2,49018.62,Mortgage,1,2024-03-28
CUST005958,Kimberly,Johnson,1997-05-10,26,F,WA,2628,Full-Time,6,125481.13,Renting,2,2016-11-19
CUST005959,Tyler,Gregory,1999-08-29,24,M,SA,2062,Full-Time,9,68811.16,Owner,0,2021-10-19
CUST005960,Robin,Anderson,1970-10-09,53,M,NSW,2989,Full-Time,21,97890.08,Mortgage,2,2019-04-20
CUST005961,Kimberly,Estrada,1976-02-09,47,M,SA,2814,Full-Time,202,82588.83,Renting,3,2022-12-29
CUST005962,Anthony,Robinson,1985-10-05,38,M,QLD,2691,Full-Time,25,88617.28,Renting,0,2024-03-02
CUST005963,Elizabeth,Simmons,1974-09-26,49,F,QLD,2909,Part-Time,20,25163.29,Renting,3,2022-06-17
CUST005964,Robert,Tucker,2001-04-03,22,M,QLD,2777,Unemployed,0,18031.93,Renting,1,2022-07-16
CUST005965,Brett,Mcintosh,1957-08-07,66,M,NSW,2404,Full-Time,1,114645.62,Renting,2,2016-09-27
CUST005966,John,Harmon,1963-02-04,60,M,WA,9260,Casual,8,42952.45,Renting,3,2023-11-09
CUST005967,Sergio,Dawson,1986-12-26,37,F,NSW,0853,Part-Time,104,22586.51,Renting,3,2018-06-03
CUST005968,Sarah,Thomas,2003-11-07,20,F,VIC,2943,Full-Time,5,30517.06,Living with Family,0,2022-01-18
CUST005969,David,Baker,2004-04-24,19,F,VIC,2977,Full-Time,2,76080.44,Renting,1,2021-01-06
CUST005970,Stephen,King,1994-05-20,29,F,ACT,2615,Full-Time,43,87996.14,Owner,1,2017-02-26
CUST005971,Adriana,Wiley,1987-11-29,36,M,NSW,2651,Full-Time,2,90522.13,Mortgage,2,2017-08-16
CUST005972,Alicia,Reynolds,2003-05-30,20,F,NSW,2136,Casual,2,33220.42,Renting,1,2018-06-07
CUST005973,Margaret,Dawson,1963-01-31,60,F,QLD,4788,Casual,10,21488.04,Renting,3,2024-08-01
CUST005974,Kristen,Chang,1959-12-15,64,M,NSW,2927,Full-Time,17,66208.89,Renting,0,2019-09-15
CUST005975,Heather,Matthews,1989-08-19,34,M,VIC,9358,Unemployed,0,19174.37,Living with Family,3,2023-11-06
CUST005976,Karen,Brown,1967-10-08,56,F,NSW,2989,Self-Employed,7,66387.95,Mortgage,0,2023-01-15
CUST005977,John,Lawrence,1991-08-14,32,M,ACT,8532,Full-Time,19,83555.54,Owner,1,2022-07-13
CUST005978,Vicki,Peck,1952-11-22,71,F,VIC,2936,Full-Time,36,101785.85,Renting,2,2017-06-15
CUST005979,Elizabeth,Brewer,1974-01-25,49,F,VIC,6467,Full-Time,66,61248.48,Mortgage,2,2022-07-12
CUST005980,Laura,Meyer,1980-03-12,43,F,QLD,5863,Full-Time,59,45371.37,Renting,0,2023-03-08
CUST005981,Christian,Walker,1993-01-04,31,F,QLD,5594,Part-Time,29,47031.43,Owner,0,2023-09-30
CUST005982,Kristen,Taylor,1968-10-01,55,F,NSW,2318,Full-Time,26,66648.76,Mortgage,2,2019-09-29
CUST005983,Jerry,Chen,1975-02-22,48,F,ACT,0901,Full-Time,11,79831.97,Owner,0,2022-04-17
CUST005984,Troy,Duncan,1976-06-10,47,F,NSW,2626,Full-Time,63,58200.59,Mortgage,0,2022-10-18
CUST005985,Kimberly,Gray,1979-01-10,45,M,WA,2964,Full-Time,2,83844.91,Renting,0,2023-08-14
CUST005986,Cindy,Snyder,1982-05-13,41,F,VIC,2909,Part-Time,47,36677.71,Renting,2,2017-07-01
CUST005987,Courtney,Hernandez,1977-06-28,46,M,NSW,2620,Full-Time,43,122113.73,Mortgage,2,2017-02-13
CUST005988,David,Mccormick,1991-05-18,32,M,NSW,2542,Full-Time,31,118368.33,Renting,1,2021-04-07
CUST005989,Robert,Brown,1973-05-18,50,M,VIC,2655,Full-Time,13,92578.1,Renting,3,2017-07-01
CUST005990,Brenda,Rodriguez,1978-01-21,45,F,WA,6096,Self-Employed,1,55495.85,Owner,1,2020-09-24
CUST005991,Kristen,Ritter,1986-05-30,37,F,SA,1800,Full-Time,11,111588.56,Mortgage,1,2023-02-22
CUST005992,Michael,Neal,1986-05-02,37,F,WA,2654,Full-Time,1,80946.42,Renting,1,2018-02-18
CUST005993,Michaela,Yoder,1959-11-06,64,M,VIC,2929,Full-Time,4,71992.77,Renting,2,2025-05-08
CUST005994,Jane,Anderson,1974-04-17,49,M,NSW,2938,Full-Time,24,70798.79,Mortgage,1,2018-07-06
CUST005995,Virginia,Wilson,1952-04-30,71,M,VIC,2619,Full-Time,18,97115.93,Renting,2,2022-01-01
CUST005996,Martin,White,1958-09-25,65,F,QLD,2674,Full-Time,2,55927.46,Mortgage,3,2018-07-30
CUST005997,Mark,Blackburn,2004-06-02,19,M,VIC,2905,Self-Employed,22,70590.19,Mortgage,4,2022-10-21
CUST005998,Tyler,Lewis,1989-02-26,34,F,WA,2626,Self-Employed,12,103756.48,Mortgage,3,2023-12-01
CUST005999,Amanda,Olson,1994-05-01,29,M,SA,2231,Full-Time,18,56677.22,Renting,2,2016-10-21
CUST006000,Brittany,Greene,1990-11-03,33,F,WA,2707,Casual,15,46500.88,Renting,3,2024-12-08
