application_id,customer_id,application_date,loan_purpose,loan_amount_requested,term_months,interest_rate_offered,channel
APP000001,CUST004585,2024-12-25,Home Renovation,4500,36,12.7,Branch
APP000002,CUST004185,2023-03-19,Home Renovation,21500,36,19.86,Broker
APP000003,CUST003203,2024-05-28,Debt Consolidation,11500,48,17.41,Online
APP000004,CUST005052,2024-08-15,Debt Consolidation,46000,48,16.67,Broker
APP000005,CUST004903,2023-03-11,Medical,23500,48,14.92,Broker
APP000006,CUST003890,2023-08-19,Home Renovation,29500,24,18.28,Online
APP000007,CUST001159,2024-06-23,Home Renovation,3000,36,20.09,Online
APP000008,CUST002856,2024-07-24,Debt Consolidation,33500,36,11.86,Online
APP000009,CUST004673,2023-04-19,Home Renovation,23500,12,10.14,Online
APP000010,CUST001316,2023-09-07,Home Renovation,29000,36,12.92,Online
APP000011,CUST002802,2024-12-01,Home Renovation,43500,36,14.14,Online
APP000012,CUST004910,2024-04-06,Debt Consolidation,39500,36,11.06,Branch
APP000013,CUST001582,2024-02-16,Travel,35000,36,15.7,Broker
APP000014,CUST000454,2023-12-22,Car Purchase,25500,24,18.55,Online
APP000015,CUST001183,2023-09-07,Medical,28000,24,21.29,Online
APP000016,CUST004095,2023-08-24,Wedding,34500,36,9.06,Online
APP000017,CUST004133,2024-01-16,Home Renovation,7000,24,12.75,Branch
APP000018,CUST000820,2023-07-03,Car Purchase,34000,24,19.3,Online
APP000019,CUST004547,2023-02-05,Debt Consolidation,30500,36,20.23,Broker
APP000020,CUST005714,2023-07-24,Home Renovation,44000,36,8.01,Online
APP000021,CUST000323,2023-10-31,Car Purchase,27500,36,18.06,Broker
APP000022,CUST002555,2023-03-29,Wedding,28500,24,13.81,Broker
APP000023,CUST004089,2023-01-24,Wedding,8500,12,15.33,Online
APP000024,CUST002571,2024-12-27,Car Purchase,25000,24,13.94,Online
APP000025,CUST003409,2023-08-10,Car Purchase,19500,60,19.37,Online
APP000026,CUST003986,2023-04-29,Travel,49500,36,22.32,Branch
APP000027,CUST004619,2023-03-05,Debt Consolidation,4000,24,16.27,Branch
APP000028,CUST004563,2024-03-17,Other,18000,60,11.57,Branch
APP000029,CUST000168,2023-03-31,Home Renovation,47500,36,20.42,Broker
APP000030,CUST002242,2023-07-11,Debt Consolidation,31000,24,12.49,Broker
APP000031,CUST005277,2024-07-09,Debt Consolidation,9000,24,11.63,Online
APP000032,CUST003608,2023-07-20,Car Purchase,10000,60,8.18,Broker
APP000033,CUST004956,2024-06-24,Debt Consolidation,27500,48,21.78,Branch
APP000034,CUST001784,2023-08-30,Debt Consolidation,21000,36,12.87,Broker
APP000035,CUST002871,2023-07-09,Debt Consolidation,9500,24,17.56,Online
APP000036,CUST000080,2024-12-23,Debt Consolidation,8000,36,15.69,Branch
APP000037,CUST003571,2024-06-17,Wedding,28500,36,8.56,Online
APP000038,CUST000764,2024-08-10,Home Renovation,12000,12,8.56,Broker
APP000039,CUST000967,2024-06-10,Home Renovation,30500,24,20.43,Online
APP000040,CUST004865,2024-08-30,Debt Consolidation,31000,36,7.71,Online
APP000041,CUST005146,2024-05-02,Wedding,21000,60,21.0,Online
APP000042,CUST002905,2024-03-27,Debt Consolidation,17000,12,17.41,Online
APP000043,CUST001902,2023-10-15,Debt Consolidation,22500,48,16.38,Branch
APP000044,CUST001057,2023-07-03,Debt Consolidation,48000,36,11.09,Branch
APP000045,CUST005844,2024-01-29,Medical,22500,36,19.97,Online
APP000046,CUST000542,2023-06-05,Debt Consolidation,32000,36,20.78,Branch
APP000047,CUST001940,2023-07-18,Debt Consolidation,39000,36,12.78,Branch
APP000048,CUST005542,2024-07-05,Debt Consolidation,47000,36,15.58,Online
APP000049,CUST000419,2024-04-03,Debt Consolidation,18000,48,11.41,Online
APP000050,CUST000594,2023-02-23,Debt Consolidation,23000,36,20.79,Broker
APP000051,CUST001732,2023-04-16,Debt Consolidation,33500,36,20.97,Branch
APP000052,CUST003222,2024-01-06,Wedding,5000,24,13.82,Branch
APP000053,CUST002014,2024-09-03,Travel,44000,60,10.81,Online
APP000054,CUST005663,2024-06-14,Debt Consolidation,5000,60,12.35,Broker
APP000055,CUST003324,2023-12-27,Travel,22000,12,10.93,Online
APP000056,CUST002218,2024-12-05,Debt Consolidation,10500,36,20.67,Online
APP000057,CUST003225,2023-06-26,Wedding,9500,36,12.7,Online
APP000058,CUST004432,2023-07-16,Medical,32500,48,9.79,Broker
APP000059,CUST001261,2023-10-25,Travel,5500,36,13.8,Online
APP000060,CUST002573,2024-12-09,Home Renovation,28500,24,15.98,Broker
APP000061,CUST003452,2023-10-12,Home Renovation,42000,24,8.56,Broker
APP000062,CUST002855,2024-11-19,Wedding,35500,48,11.98,Broker
APP000063,CUST003073,2023-10-19,Car Purchase,13500,48,19.27,Online
APP000064,CUST003688,2023-10-17,Car Purchase,25500,60,13.92,Online
APP000065,CUST000313,2024-04-11,Debt Consolidation,35000,24,12.6,Online
APP000066,CUST003316,2023-02-21,Car Purchase,34500,36,21.48,Online
APP000067,CUST002292,2023-07-24,Debt Consolidation,47500,24,10.52,Online
APP000068,CUST005146,2024-09-15,Medical,13000,48,10.12,Online
APP000069,CUST004597,2024-08-14,Other,40500,36,9.18,Branch
APP000070,CUST005761,2024-02-05,Car Purchase,3000,24,10.89,Broker
APP000071,CUST001662,2024-10-20,Debt Consolidation,7500,60,14.16,Online
APP000072,CUST003879,2023-04-22,Medical,27500,36,16.25,Broker
APP000073,CUST002991,2023-01-31,Car Purchase,8500,36,10.85,Online
APP000074,CUST000759,2024-01-02,Car Purchase,18000,48,8.72,Broker
APP000075,CUST000099,2023-12-30,Debt Consolidation,4000,36,8.14,Branch
APP000076,CUST004456,2023-12-04,Debt Consolidation,31000,24,8.27,Online
APP000077,CUST001860,2023-06-09,Car Purchase,41500,24,17.45,Broker
APP000078,CUST005814,2023-08-02,Home Renovation,21500,48,15.02,Branch
APP000079,CUST002793,2023-11-01,Debt Consolidation,31500,60,12.38,Broker
APP000080,CUST005130,2024-12-18,Debt Consolidation,13000,48,9.04,Broker
APP000081,CUST002484,2023-01-15,Home Renovation,33500,48,22.41,Online
APP000082,CUST005938,2024-09-09,Other,5500,12,9.25,Branch
APP000083,CUST003416,2023-07-24,Home Renovation,46000,36,7.99,Broker
APP000084,CUST000059,2024-10-27,Travel,42000,24,14.36,Branch
APP000085,CUST005726,2024-01-25,Debt Consolidation,33000,36,18.34,Online
APP000086,CUST005825,2023-08-12,Travel,17500,12,21.42,Online
APP000087,CUST002235,2024-11-21,Car Purchase,17500,12,13.84,Online
APP000088,CUST000901,2024-06-05,Home Renovation,16500,24,14.97,Online
APP000089,CUST005867,2024-04-01,Debt Consolidation,24500,12,12.24,Broker
APP000090,CUST001807,2024-10-11,Medical,10500,12,8.2,Branch
APP000091,CUST004763,2023-07-27,Other,17000,12,9.25,Broker
APP000092,CUST003638,2024-08-30,Home Renovation,5500,24,14.45,Online
APP000093,CUST002750,2023-06-22,Debt Consolidation,18500,36,8.7,Online
APP000094,CUST003058,2023-08-07,Car Purchase,45500,12,9.36,Branch
APP000095,CUST005653,2024-12-09,Car Purchase,32500,48,19.56,Branch
APP000096,CUST004673,2024-11-28,Medical,44500,36,22.47,Online
APP000097,CUST004220,2023-12-21,Car Purchase,2000,36,21.24,Broker
APP000098,CUST003197,2024-06-10,Debt Consolidation,29500,36,17.43,Branch
APP000099,CUST005578,2024-01-09,Car Purchase,38500,36,7.79,Online
APP000100,CUST001132,2023-02-25,Travel,9500,24,13.06,Broker
APP000101,CUST003255,2023-12-12,Medical,2500,12,14.5,Branch
APP000102,CUST001050,2023-10-09,Wedding,4000,12,7.61,Branch
APP000103,CUST004806,2023-06-29,Debt Consolidation,33000,36,8.33,Online
APP000104,CUST004961,2024-03-26,Debt Consolidation,29500,48,17.98,Online
APP000105,CUST001324,2023-05-12,Wedding,30500,36,16.25,Broker
APP000106,CUST000726,2023-10-03,Car Purchase,15500,60,18.42,Broker
APP000107,CUST001659,2024-01-09,Debt Consolidation,16000,36,20.18,Online
APP000108,CUST000702,2024-05-28,Debt Consolidation,15000,12,19.51,Online
APP000109,CUST005570,2023-08-16,Other,9000,60,13.66,Branch
APP000110,CUST005222,2024-01-06,Home Renovation,32000,60,13.51,Online
APP000111,CUST003371,2024-04-25,Home Renovation,10500,36,19.49,Branch
APP000112,CUST002368,2023-03-06,Other,43000,48,18.53,Broker
APP000113,CUST001289,2024-12-20,Home Renovation,21500,12,13.79,Broker
APP000114,CUST002744,2024-03-05,Debt Consolidation,45500,48,17.74,Online
APP000115,CUST001797,2023-07-09,Debt Consolidation,35000,36,9.06,Online
APP000116,CUST001311,2023-07-24,Debt Consolidation,3500,36,13.68,Online
APP000117,CUST002736,2024-11-14,Wedding,41500,60,19.19,Online
APP000118,CUST001401,2024-06-21,Home Renovation,36000,36,10.74,Branch
APP000119,CUST005895,2024-10-30,Debt Consolidation,19500,48,19.45,Online
APP000120,CUST005685,2023-07-23,Debt Consolidation,39000,36,13.2,Online
APP000121,CUST005620,2024-08-17,Home Renovation,26500,36,12.94,Broker
APP000122,CUST002424,2023-08-01,Home Renovation,12000,60,7.92,Broker
APP000123,CUST000701,2023-12-22,Car Purchase,16000,36,21.71,Online
APP000124,CUST000276,2023-07-18,Home Renovation,18500,36,9.72,Online
APP000125,CUST005181,2023-02-19,Travel,49500,36,7.99,Branch
APP000126,CUST004351,2023-10-07,Home Renovation,29000,24,13.09,Online
APP000127,CUST004366,2023-06-25,Home Renovation,43500,36,14.25,Online
APP000128,CUST002195,2024-10-20,Debt Consolidation,23000,60,15.78,Broker
APP000129,CUST002457,2023-05-29,Wedding,20000,48,10.81,Branch
APP000130,CUST003093,2023-09-05,Wedding,7500,36,19.81,Branch
APP000131,CUST001175,2024-01-02,Home Renovation,21000,60,14.03,Online
APP000132,CUST003815,2023-09-27,Home Renovation,34500,36,10.54,Broker
APP000133,CUST004336,2023-06-06,Debt Consolidation,4000,60,10.44,Online
APP000134,CUST003756,2023-04-24,Travel,48500,36,16.85,Branch
APP000135,CUST003513,2024-03-23,Car Purchase,14500,60,11.25,Online
APP000136,CUST001178,2024-01-23,Home Renovation,29500,12,15.91,Online
APP000137,CUST004569,2023-02-21,Car Purchase,27000,60,14.46,Broker
APP000138,CUST002114,2024-09-24,Debt Consolidation,33000,24,12.48,Online
APP000139,CUST005690,2024-06-21,Car Purchase,19000,12,8.26,Online
APP000140,CUST004338,2024-03-09,Wedding,48500,60,14.51,Branch
APP000141,CUST003444,2023-02-23,Travel,4500,24,8.06,Online
APP000142,CUST002236,2023-11-02,Debt Consolidation,6500,24,13.11,Online
APP000143,CUST001920,2024-03-09,Other,30500,48,20.96,Online
APP000144,CUST004689,2023-12-17,Travel,30500,48,13.09,Online
APP000145,CUST004062,2023-08-23,Car Purchase,23000,48,9.17,Online
APP000146,CUST002547,2023-09-10,Car Purchase,7500,24,21.01,Online
APP000147,CUST001775,2024-05-03,Other,39000,24,20.59,Online
APP000148,CUST000834,2023-08-31,Other,47000,24,12.94,Online
APP000149,CUST000900,2023-09-29,Home Renovation,46000,48,10.49,Online
APP000150,CUST004938,2024-03-28,Debt Consolidation,49500,24,11.14,Broker
APP000151,CUST002116,2024-06-16,Debt Consolidation,35500,36,16.23,Branch
APP000152,CUST003918,2023-07-30,Debt Consolidation,8500,24,15.36,Branch
APP000153,CUST001099,2024-08-13,Debt Consolidation,32500,36,15.89,Online
APP000154,CUST000803,2023-07-09,Wedding,38500,48,17.52,Online
APP000155,CUST005381,2023-09-02,Travel,11000,24,8.9,Online
APP000156,CUST004532,2023-11-15,Medical,10500,60,17.67,Branch
APP000157,CUST003566,2024-09-03,Home Renovation,10000,36,21.71,Online
APP000158,CUST004516,2023-06-09,Travel,45000,36,7.87,Branch
APP000159,CUST002009,2023-06-08,Car Purchase,19500,60,14.12,Broker
APP000160,CUST004602,2024-05-22,Debt Consolidation,5000,60,16.34,Online
APP000161,CUST003595,2023-05-08,Wedding,27500,36,15.57,Online
APP000162,CUST003281,2023-03-13,Home Renovation,45500,36,7.72,Online
APP000163,CUST002298,2023-09-08,Home Renovation,33500,48,22.34,Online
APP000164,CUST003594,2023-03-25,Car Purchase,7500,36,16.45,Branch
APP000165,CUST000406,2023-08-20,Debt Consolidation,10500,48,9.73,Branch
APP000166,CUST001703,2023-09-21,Medical,23000,12,11.45,Online
APP000167,CUST004034,2024-09-15,Debt Consolidation,38000,12,8.07,Broker
APP000168,CUST001968,2023-11-06,Car Purchase,16000,48,19.78,Online
APP000169,CUST002270,2024-11-01,Home Renovation,30000,36,8.41,Online
APP000170,CUST005345,2023-11-05,Travel,12500,24,11.48,Online
APP000171,CUST001498,2024-01-12,Debt Consolidation,6500,12,17.64,Online
APP000172,CUST000175,2024-05-22,Car Purchase,15000,12,16.24,Online
APP000173,CUST000026,2024-06-22,Debt Consolidation,16500,24,16.87,Broker
APP000174,CUST000067,2024-10-26,Medical,36000,24,12.9,Online
APP000175,CUST000991,2024-01-06,Car Purchase,16500,60,11.3,Online
APP000176,CUST005918,2023-12-25,Medical,43500,36,10.1,Online
APP000177,CUST003340,2023-03-11,Wedding,47000,36,11.7,Broker
APP000178,CUST005402,2023-10-03,Debt Consolidation,30000,24,15.19,Branch
APP000179,CUST000007,2024-01-04,Other,15500,24,8.62,Online
APP000180,CUST002863,2023-12-01,Debt Consolidation,43500,48,17.44,Online
APP000181,CUST000366,2023-07-30,Medical,32500,24,9.14,Broker
APP000182,CUST005892,2024-03-12,Car Purchase,33500,12,17.0,Online
APP000183,CUST003511,2023-06-16,Home Renovation,6500,60,21.65,Branch
APP000184,CUST000569,2024-07-17,Car Purchase,5500,24,19.38,Online
APP000185,CUST001122,2023-08-12,Home Renovation,23000,48,10.64,Branch
APP000186,CUST004890,2024-10-20,Wedding,41000,24,9.08,Online
APP000187,CUST002614,2024-11-27,Car Purchase,40000,36,10.59,Broker
APP000188,CUST002898,2024-10-23,Debt Consolidation,49500,36,14.85,Branch
APP000189,CUST001272,2024-03-12,Debt Consolidation,15000,24,15.86,Branch
APP000190,CUST005926,2024-08-29,Medical,28500,48,10.65,Online
APP000191,CUST004960,2023-04-11,Home Renovation,27000,36,11.18,Online
APP000192,CUST003111,2024-04-02,Medical,28000,24,14.09,Broker
APP000193,CUST001073,2024-03-05,Car Purchase,16500,24,15.82,Online
APP000194,CUST002282,2023-12-22,Car Purchase,9500,24,15.69,Branch
APP000195,CUST003351,2023-09-16,Debt Consolidation,5000,12,21.01,Online
APP000196,CUST004063,2023-04-11,Debt Consolidation,44000,12,14.9,Online
APP000197,CUST004278,2023-02-26,Car Purchase,28500,48,18.04,Online
APP000198,CUST001097,2024-06-29,Debt Consolidation,31500,60,8.91,Broker
APP000199,CUST004118,2024-04-30,Debt Consolidation,32000,36,12.56,Online
APP000200,CUST000362,2024-04-04,Debt Consolidation,13000,36,18.08,Online
APP000201,CUST005640,2024-10-19,Car Purchase,15000,36,9.82,Online
APP000202,CUST003279,2024-01-01,Home Renovation,44000,24,7.85,Branch
APP000203,CUST003085,2023-08-02,Medical,3000,24,13.14,Broker
APP000204,CUST001017,2023-09-22,Wedding,22500,36,20.77,Branch
APP000205,CUST004086,2023-07-14,Debt Consolidation,44500,36,18.01,Online
APP000206,CUST003756,2024-12-08,Debt Consolidation,33500,36,14.98,Branch
APP000207,CUST003075,2023-12-30,Car Purchase,2500,24,14.21,Online
APP000208,CUST001100,2023-12-17,Home Renovation,7500,60,22.33,Broker
APP000209,CUST003244,2023-04-23,Car Purchase,22500,36,21.96,Online
APP000210,CUST004271,2023-05-25,Home Renovation,19000,60,13.45,Online
APP000211,CUST003795,2024-10-02,Debt Consolidation,44500,36,14.05,Online
APP000212,CUST004886,2023-08-25,Debt Consolidation,42000,60,15.52,Broker
APP000213,CUST001936,2023-02-21,Car Purchase,19500,36,19.6,Broker
APP000214,CUST002701,2024-02-18,Wedding,36000,48,15.95,Online
APP000215,CUST000549,2023-12-18,Travel,3500,48,11.17,Broker
APP000216,CUST005140,2023-01-21,Medical,26000,48,21.78,Online
APP000217,CUST004228,2024-08-09,Car Purchase,47500,60,9.05,Online
APP000218,CUST005239,2023-12-28,Debt Consolidation,11000,36,21.95,Broker
APP000219,CUST001974,2024-12-14,Other,20000,36,13.55,Online
APP000220,CUST004294,2024-01-07,Home Renovation,15000,36,21.8,Online
APP000221,CUST004116,2023-05-27,Car Purchase,40000,24,9.14,Online
APP000222,CUST002153,2023-04-25,Debt Consolidation,24500,24,11.58,Online
APP000223,CUST003120,2023-02-21,Home Renovation,13500,36,14.38,Branch
APP000224,CUST003580,2024-09-30,Home Renovation,8500,36,8.7,Online
APP000225,CUST000105,2023-09-01,Home Renovation,47000,48,12.05,Online
APP000226,CUST001992,2024-07-27,Debt Consolidation,42000,60,15.51,Online
APP000227,CUST004589,2024-02-08,Car Purchase,20500,24,7.69,Branch
APP000228,CUST000108,2023-04-15,Wedding,19000,36,11.0,Online
APP000229,CUST000748,2023-10-18,Wedding,19000,48,17.57,Branch
APP000230,CUST003012,2023-08-11,Wedding,7000,24,12.58,Online
APP000231,CUST004091,2023-08-23,Debt Consolidation,39000,24,10.75,Broker
APP000232,CUST005458,2023-06-25,Car Purchase,35500,12,8.1,Online
APP000233,CUST001986,2023-11-25,Other,42500,12,13.39,Branch
APP000234,CUST001667,2023-02-20,Car Purchase,14000,24,9.97,Broker
APP000235,CUST004965,2024-04-26,Home Renovation,30500,24,21.86,Online
APP000236,CUST001812,2024-12-04,Wedding,35500,60,17.27,Broker
APP000237,CUST002085,2024-02-24,Debt Consolidation,29500,24,12.36,Broker
APP000238,CUST001883,2024-12-25,Debt Consolidation,26000,36,7.93,Online
APP000239,CUST002700,2024-11-07,Debt Consolidation,12000,24,21.67,Online
APP000240,CUST002020,2023-12-07,Car Purchase,28500,36,9.95,Online
APP000241,CUST001549,2023-09-30,Car Purchase,15500,36,17.91,Branch
APP000242,CUST000668,2023-08-12,Wedding,30500,36,7.58,Online
APP000243,CUST001088,2023-02-14,Debt Consolidation,36000,36,17.92,Branch
APP000244,CUST005154,2023-01-10,Debt Consolidation,49000,24,17.74,Online
APP000245,CUST005931,2024-01-21,Wedding,44500,24,10.96,Branch
APP000246,CUST001374,2024-12-05,Other,7000,60,11.21,Branch
APP000247,CUST004190,2023-05-14,Travel,20500,48,18.64,Branch
APP000248,CUST005089,2024-04-19,Medical,32500,36,8.7,Online
APP000249,CUST000117,2024-04-10,Home Renovation,17000,60,13.25,Broker
APP000250,CUST002583,2024-03-21,Car Purchase,34500,24,17.52,Broker
APP000251,CUST000317,2023-10-31,Debt Consolidation,43000,48,20.17,Branch
APP000252,CUST005298,2023-01-14,Car Purchase,46500,48,9.05,Broker
APP000253,CUST004627,2024-06-29,Debt Consolidation,28500,36,22.49,Branch
APP000254,CUST005483,2023-07-18,Medical,4000,36,8.11,Online
APP000255,CUST000312,2023-12-08,Wedding,28000,60,22.09,Broker
APP000256,CUST001092,2023-01-23,Wedding,34000,24,11.18,Online
APP000257,CUST005654,2024-07-28,Home Renovation,37000,24,14.44,Online
APP000258,CUST000166,2023-04-18,Medical,48500,24,20.81,Online
APP000259,CUST000829,2024-01-27,Wedding,32000,36,20.55,Branch
APP000260,CUST003162,2023-05-15,Travel,28000,48,20.41,Branch
APP000261,CUST003088,2023-10-08,Home Renovation,36500,48,17.66,Branch
APP000262,CUST001879,2024-01-11,Debt Consolidation,29000,48,16.55,Broker
APP000263,CUST005061,2024-11-09,Debt Consolidation,37500,48,18.52,Branch
APP000264,CUST004508,2024-07-18,Wedding,3500,12,20.36,Branch
APP000265,CUST002224,2023-03-19,Car Purchase,48000,48,9.34,Online
APP000266,CUST004427,2024-04-10,Medical,41500,48,16.85,Broker
APP000267,CUST004435,2023-06-13,Car Purchase,8000,24,14.24,Broker
APP000268,CUST001056,2023-06-03,Travel,41500,12,15.81,Online
APP000269,CUST004170,2023-04-18,Car Purchase,29000,24,20.76,Branch
APP000270,CUST005163,2024-01-01,Debt Consolidation,28000,60,16.16,Broker
APP000271,CUST005199,2023-04-17,Other,20500,24,15.65,Broker
APP000272,CUST000622,2024-07-19,Debt Consolidation,36500,60,20.62,Broker
APP000273,CUST005670,2023-07-03,Debt Consolidation,42000,24,18.1,Branch
APP000274,CUST001269,2024-02-07,Home Renovation,8000,60,13.99,Broker
APP000275,CUST001873,2023-09-20,Other,17000,36,14.07,Branch
APP000276,CUST000286,2024-08-29,Debt Consolidation,6500,36,20.28,Online
APP000277,CUST001286,2023-10-14,Home Renovation,39500,60,10.73,Broker
APP000278,CUST000492,2023-04-06,Travel,9500,36,18.31,Branch
APP000279,CUST004428,2023-12-08,Medical,22500,24,21.64,Online
APP000280,CUST000158,2024-09-20,Other,45500,48,16.84,Online
APP000281,CUST005589,2023-09-17,Home Renovation,34000,36,18.27,Broker
APP000282,CUST003323,2023-11-28,Other,19500,12,12.37,Branch
APP000283,CUST005376,2023-03-11,Debt Consolidation,11000,48,15.94,Broker
APP000284,CUST004255,2023-03-11,Debt Consolidation,42000,12,16.84,Online
APP000285,CUST003477,2024-11-27,Travel,42000,36,18.19,Branch
APP000286,CUST004454,2024-06-02,Other,20500,36,10.14,Broker
APP000287,CUST002109,2024-07-18,Travel,33500,48,14.3,Branch
APP000288,CUST004608,2024-10-28,Travel,13500,48,15.07,Online
APP000289,CUST004622,2024-05-16,Debt Consolidation,26500,24,22.39,Broker
APP000290,CUST003833,2023-10-19,Debt Consolidation,31000,60,7.68,Branch
APP000291,CUST001199,2023-12-27,Debt Consolidation,19000,36,12.68,Branch
APP000292,CUST003648,2024-05-07,Car Purchase,45000,60,16.15,Broker
APP000293,CUST001122,2023-08-18,Debt Consolidation,46500,36,12.13,Broker
APP000294,CUST004241,2023-08-04,Home Renovation,30500,48,14.29,Online
APP000295,CUST000027,2023-04-12,Other,39000,36,9.76,Online
APP000296,CUST004101,2023-02-03,Debt Consolidation,5000,48,21.12,Online
APP000297,CUST004798,2023-11-08,Other,11000,36,18.35,Online
APP000298,CUST000543,2023-04-30,Debt Consolidation,12500,24,11.15,Online
APP000299,CUST004853,2024-10-27,Home Renovation,15000,24,20.99,Branch
APP000300,CUST000993,2023-12-26,Debt Consolidation,15000,60,20.62,Broker
APP000301,CUST001827,2023-05-27,Car Purchase,27000,12,11.53,Branch
APP000302,CUST005694,2024-05-06,Debt Consolidation,39000,48,8.7,Broker
APP000303,CUST002951,2023-06-30,Home Renovation,11500,12,21.98,Branch
APP000304,CUST003396,2024-08-15,Wedding,25500,36,21.2,Online
APP000305,CUST003003,2023-10-11,Travel,34000,12,14.66,Online
APP000306,CUST000592,2023-06-17,Medical,20500,12,18.65,Branch
APP000307,CUST005397,2023-04-19,Medical,7500,48,21.01,Online
APP000308,CUST003761,2024-08-08,Debt Consolidation,42500,36,15.71,Branch
APP000309,CUST004524,2024-10-24,Travel,2500,36,20.42,Online
APP000310,CUST005936,2024-08-20,Debt Consolidation,27000,48,14.41,Online
APP000311,CUST004713,2023-08-27,Car Purchase,29000,36,18.53,Online
APP000312,CUST005426,2023-12-20,Car Purchase,4000,12,14.26,Broker
APP000313,CUST002320,2024-11-01,Debt Consolidation,16500,36,18.71,Online
APP000314,CUST000653,2023-10-09,Car Purchase,3000,12,15.82,Branch
APP000315,CUST003311,2023-04-23,Debt Consolidation,19000,24,10.81,Branch
APP000316,CUST002014,2023-07-04,Car Purchase,2000,12,9.41,Online
APP000317,CUST004125,2024-10-21,Car Purchase,41500,24,16.69,Online
APP000318,CUST002825,2024-01-19,Home Renovation,17500,48,11.88,Online
APP000319,CUST002055,2023-04-26,Wedding,16500,12,8.77,Branch
APP000320,CUST004894,2023-07-12,Car Purchase,39000,60,17.83,Broker
APP000321,CUST001127,2023-06-02,Car Purchase,17000,60,8.2,Online
APP000322,CUST000118,2024-12-01,Wedding,25500,12,14.21,Online
APP000323,CUST001806,2023-09-03,Travel,19500,12,19.21,Broker
APP000324,CUST002642,2024-04-06,Car Purchase,36500,24,11.73,Online
APP000325,CUST005954,2023-03-18,Medical,23500,36,10.91,Online
APP000326,CUST005392,2023-12-03,Car Purchase,48500,36,8.11,Online
APP000327,CUST000969,2023-09-02,Travel,8500,24,12.19,Branch
APP000328,CUST001257,2023-09-19,Travel,8000,12,16.12,Branch
APP000329,CUST002058,2024-09-05,Home Renovation,12000,24,19.29,Branch
APP000330,CUST005006,2024-11-02,Car Purchase,5000,36,14.61,Online
APP000331,CUST005778,2023-09-06,Debt Consolidation,21000,36,20.52,Online
APP000332,CUST005259,2023-02-23,Wedding,15000,24,17.54,Broker
APP000333,CUST001504,2024-07-09,Wedding,38000,48,10.0,Online
APP000334,CUST001242,2024-04-01,Other,21000,24,15.34,Branch
APP000335,CUST002053,2024-10-02,Other,38500,24,21.36,Branch
APP000336,CUST001608,2023-02-27,Debt Consolidation,16500,12,13.06,Online
APP000337,CUST002588,2023-08-03,Car Purchase,50000,36,17.78,Broker
APP000338,CUST002696,2024-10-24,Debt Consolidation,7500,24,16.19,Online
APP000339,CUST001505,2024-01-05,Debt Consolidation,24000,24,14.33,Broker
APP000340,CUST002920,2024-10-30,Home Renovation,25000,36,17.94,Branch
APP000341,CUST003977,2024-01-05,Debt Consolidation,22500,24,20.09,Branch
APP000342,CUST000226,2023-03-26,Car Purchase,23000,60,9.41,Branch
APP000343,CUST001168,2023-04-17,Debt Consolidation,8500,48,19.44,Online
APP000344,CUST000968,2024-11-27,Travel,20000,36,13.26,Online
APP000345,CUST000913,2023-11-03,Car Purchase,40500,60,13.49,Branch
APP000346,CUST003176,2024-07-04,Home Renovation,36500,36,18.14,Broker
APP000347,CUST001990,2023-10-08,Debt Consolidation,33000,36,8.86,Broker
APP000348,CUST003241,2024-06-15,Car Purchase,45000,60,20.89,Online
APP000349,CUST005344,2023-01-02,Medical,42000,24,14.46,Broker
APP000350,CUST004185,2024-07-14,Home Renovation,42500,60,16.92,Online
APP000351,CUST002845,2024-09-30,Travel,37000,60,17.32,Branch
APP000352,CUST003659,2023-11-06,Travel,12500,12,20.05,Online
APP000353,CUST000072,2023-07-18,Home Renovation,18500,48,20.14,Online
APP000354,CUST000402,2023-12-14,Debt Consolidation,33000,24,20.52,Online
APP000355,CUST000023,2024-07-08,Home Renovation,25500,36,15.69,Online
APP000356,CUST004751,2024-05-12,Car Purchase,8000,24,8.09,Branch
APP000357,CUST002149,2024-10-19,Debt Consolidation,17500,36,15.61,Online
APP000358,CUST004648,2024-12-10,Wedding,25000,48,15.74,Online
APP000359,CUST003950,2023-01-03,Home Renovation,4500,24,13.62,Broker
APP000360,CUST000536,2024-03-15,Car Purchase,15500,24,14.88,Branch
APP000361,CUST002300,2023-01-03,Debt Consolidation,32000,48,15.27,Broker
APP000362,CUST001793,2024-09-27,Debt Consolidation,23500,60,11.61,Broker
APP000363,CUST000660,2024-03-15,Debt Consolidation,42500,24,7.96,Broker
APP000364,CUST002605,2023-11-29,Debt Consolidation,4500,12,9.85,Branch
APP000365,CUST004412,2023-06-29,Home Renovation,36000,24,12.3,Online
APP000366,CUST002560,2024-02-27,Wedding,27500,36,21.62,Online
APP000367,CUST005986,2023-03-30,Debt Consolidation,12000,36,14.21,Online
APP000368,CUST000091,2024-12-23,Debt Consolidation,34500,24,9.61,Online
APP000369,CUST002236,2023-11-01,Home Renovation,19000,60,19.88,Online
APP000370,CUST005528,2024-08-15,Debt Consolidation,10500,36,17.72,Online
APP000371,CUST003333,2024-05-15,Home Renovation,35500,60,11.16,Online
APP000372,CUST000895,2023-07-28,Debt Consolidation,47000,60,18.56,Online
APP000373,CUST001238,2023-02-23,Debt Consolidation,28500,24,15.15,Online
APP000374,CUST003363,2023-10-18,Travel,39500,48,7.79,Online
APP000375,CUST004795,2023-03-08,Medical,50000,36,13.51,Branch
APP000376,CUST000717,2023-02-06,Wedding,37500,48,17.53,Broker
APP000377,CUST005781,2023-11-01,Other,29000,36,11.89,Broker
APP000378,CUST003374,2024-12-17,Medical,19500,60,20.32,Broker
APP000379,CUST000479,2024-02-04,Travel,43000,48,12.48,Broker
APP000380,CUST005055,2024-01-19,Car Purchase,28000,48,8.92,Branch
APP000381,CUST001050,2023-01-29,Debt Consolidation,26000,36,17.79,Online
APP000382,CUST001239,2024-03-24,Wedding,17000,48,10.58,Broker
APP000383,CUST000036,2024-01-12,Debt Consolidation,28500,24,11.18,Broker
APP000384,CUST001670,2024-12-30,Car Purchase,22500,24,20.18,Broker
APP000385,CUST002679,2024-09-14,Car Purchase,5000,36,13.81,Online
APP000386,CUST000724,2024-12-01,Wedding,20000,60,22.5,Broker
APP000387,CUST004745,2024-04-02,Other,31500,48,14.11,Online
APP000388,CUST003385,2023-09-13,Travel,27000,12,11.56,Branch
APP000389,CUST003618,2023-02-05,Travel,40500,36,12.1,Online
APP000390,CUST003002,2024-11-01,Home Renovation,24500,24,12.54,Broker
APP000391,CUST001166,2023-10-29,Car Purchase,10500,36,9.75,Broker
APP000392,CUST000041,2024-04-21,Car Purchase,10500,36,9.97,Online
APP000393,CUST003886,2024-10-09,Car Purchase,20000,12,10.6,Online
APP000394,CUST003838,2024-05-10,Home Renovation,25500,36,17.47,Branch
APP000395,CUST004625,2024-04-19,Home Renovation,24500,24,7.78,Online
APP000396,CUST002952,2023-07-27,Car Purchase,38500,60,11.89,Branch
APP000397,CUST004986,2023-09-08,Wedding,32500,36,13.98,Online
APP000398,CUST004409,2024-09-01,Debt Consolidation,30500,24,17.55,Online
APP000399,CUST004739,2023-11-02,Debt Consolidation,13000,24,14.85,Online
APP000400,CUST003307,2024-07-30,Car Purchase,15500,24,18.98,Broker
APP000401,CUST001565,2024-01-20,Debt Consolidation,40500,60,16.02,Online
APP000402,CUST005785,2024-11-15,Home Renovation,21500,48,18.82,Online
APP000403,CUST004264,2023-03-03,Debt Consolidation,41500,36,20.17,Online
APP000404,CUST000971,2024-04-03,Debt Consolidation,16500,48,15.87,Branch
APP000405,CUST003180,2024-03-05,Car Purchase,2500,48,21.04,Online
APP000406,CUST004109,2024-05-07,Debt Consolidation,34500,36,18.79,Online
APP000407,CUST004662,2023-10-05,Debt Consolidation,4000,36,18.53,Online
APP000408,CUST000353,2024-03-31,Car Purchase,19000,48,10.38,Online
APP000409,CUST001611,2024-07-23,Debt Consolidation,14500,48,12.71,Branch
APP000410,CUST002344,2023-08-12,Debt Consolidation,29000,24,19.18,Online
APP000411,CUST000161,2023-01-28,Travel,38500,48,9.6,Broker
APP000412,CUST003839,2023-04-19,Wedding,17500,48,18.7,Branch
APP000413,CUST005628,2023-02-23,Debt Consolidation,47000,12,12.45,Online
APP000414,CUST001466,2024-09-28,Debt Consolidation,32000,24,12.51,Online
APP000415,CUST004017,2024-05-07,Home Renovation,47000,48,21.44,Broker
APP000416,CUST003100,2023-04-15,Wedding,38000,36,9.08,Branch
APP000417,CUST001839,2024-03-04,Wedding,17000,36,12.44,Branch
APP000418,CUST000487,2024-04-25,Travel,6000,36,15.84,Online
APP000419,CUST001834,2023-07-11,Other,16000,48,17.65,Broker
APP000420,CUST004016,2023-07-24,Debt Consolidation,25000,48,22.12,Branch
APP000421,CUST002836,2024-05-30,Home Renovation,48500,24,10.53,Branch
APP000422,CUST000876,2023-11-01,Car Purchase,17500,48,10.87,Broker
APP000423,CUST001073,2023-06-22,Debt Consolidation,39000,24,19.85,Broker
APP000424,CUST004003,2024-09-11,Home Renovation,16500,48,10.71,Online
APP000425,CUST000253,2024-02-04,Home Renovation,11500,36,13.74,Online
APP000426,CUST002999,2024-03-27,Travel,44000,36,19.43,Broker
APP000427,CUST001474,2023-06-01,Home Renovation,28500,36,21.09,Broker
APP000428,CUST001066,2024-12-16,Debt Consolidation,47000,12,9.93,Online
APP000429,CUST005597,2023-04-13,Debt Consolidation,24000,12,17.36,Online
APP000430,CUST002037,2024-08-29,Wedding,29000,24,22.24,Online
APP000431,CUST004691,2023-08-21,Debt Consolidation,28500,36,12.69,Broker
APP000432,CUST004443,2024-06-22,Car Purchase,22500,60,9.01,Online
APP000433,CUST004645,2023-06-06,Other,20000,36,14.33,Broker
APP000434,CUST004757,2023-02-16,Debt Consolidation,32000,36,19.68,Online
APP000435,CUST005123,2024-06-20,Wedding,8000,48,12.47,Branch
APP000436,CUST000248,2023-01-22,Medical,29500,36,18.95,Broker
APP000437,CUST003479,2024-01-18,Debt Consolidation,5000,24,22.18,Online
APP000438,CUST002597,2024-03-25,Other,25500,48,8.25,Broker
APP000439,CUST002910,2024-03-29,Debt Consolidation,47000,60,20.55,Branch
APP000440,CUST004475,2024-01-06,Debt Consolidation,43500,24,21.12,Online
APP000441,CUST003991,2024-10-18,Debt Consolidation,44500,60,22.01,Online
APP000442,CUST000905,2023-08-17,Debt Consolidation,12500,36,11.5,Broker
APP000443,CUST003452,2024-08-14,Medical,30000,48,8.13,Branch
APP000444,CUST004998,2024-09-09,Travel,10500,48,16.82,Online
APP000445,CUST000970,2023-02-10,Medical,29500,36,12.32,Broker
APP000446,CUST004913,2023-02-26,Debt Consolidation,27000,48,18.26,Online
APP000447,CUST005713,2024-09-29,Home Renovation,5000,24,15.69,Branch
APP000448,CUST003933,2023-01-18,Medical,30000,36,22.17,Broker
APP000449,CUST001557,2024-10-28,Debt Consolidation,42500,24,12.82,Broker
APP000450,CUST003324,2023-03-27,Debt Consolidation,33000,60,12.05,Branch
APP000451,CUST003484,2023-01-09,Debt Consolidation,4000,36,12.44,Online
APP000452,CUST001177,2023-09-22,Car Purchase,40500,36,15.75,Online
APP000453,CUST002669,2024-07-21,Car Purchase,17000,60,8.21,Online
APP000454,CUST000128,2023-02-01,Wedding,43000,36,15.33,Branch
APP000455,CUST003086,2023-09-09,Home Renovation,22000,12,17.52,Branch
APP000456,CUST003056,2024-07-22,Debt Consolidation,10500,12,8.62,Branch
APP000457,CUST002442,2023-04-05,Home Renovation,29000,36,20.11,Branch
APP000458,CUST005170,2023-11-21,Car Purchase,29000,60,18.51,Branch
APP000459,CUST002625,2024-03-21,Other,20000,12,11.15,Online
APP000460,CUST001468,2024-06-29,Debt Consolidation,36000,12,7.62,Online
APP000461,CUST004919,2023-12-28,Home Renovation,13000,24,20.47,Branch
APP000462,CUST005400,2024-08-31,Car Purchase,40000,24,11.99,Broker
APP000463,CUST005602,2023-07-12,Debt Consolidation,13000,12,19.58,Online
APP000464,CUST005955,2024-06-10,Car Purchase,6500,36,10.27,Branch
APP000465,CUST004932,2024-06-13,Debt Consolidation,45500,48,8.52,Broker
APP000466,CUST004124,2024-06-23,Medical,49000,48,9.43,Online
APP000467,CUST000724,2023-09-29,Home Renovation,20500,60,8.0,Online
APP000468,CUST001013,2023-07-20,Debt Consolidation,29000,36,8.99,Online
APP000469,CUST003423,2024-11-16,Home Renovation,30500,12,10.62,Branch
APP000470,CUST000195,2024-05-04,Debt Consolidation,4000,24,14.68,Branch
APP000471,CUST005350,2024-06-30,Car Purchase,30500,36,18.78,Branch
APP000472,CUST001597,2023-06-13,Car Purchase,38000,36,18.24,Broker
APP000473,CUST002460,2024-01-18,Car Purchase,17000,12,19.53,Online
APP000474,CUST002344,2023-10-06,Medical,34500,60,8.29,Online
APP000475,CUST001810,2024-07-04,Car Purchase,19000,60,8.61,Branch
APP000476,CUST000720,2024-01-11,Medical,34500,60,17.92,Branch
APP000477,CUST001983,2024-08-19,Travel,19500,24,14.36,Branch
APP000478,CUST001581,2024-03-28,Car Purchase,11500,24,11.35,Online
APP000479,CUST000196,2023-07-11,Car Purchase,24000,36,13.97,Online
APP000480,CUST003378,2023-02-09,Travel,40500,12,18.81,Online
APP000481,CUST005047,2024-06-29,Other,22000,48,18.87,Online
APP000482,CUST001246,2024-06-15,Debt Consolidation,46000,36,7.97,Broker
APP000483,CUST003881,2023-06-05,Home Renovation,20000,36,11.49,Broker
APP000484,CUST004903,2023-02-21,Debt Consolidation,42500,48,16.21,Broker
APP000485,CUST000888,2024-08-03,Medical,21500,36,17.12,Online
APP000486,CUST000141,2023-11-18,Home Renovation,45500,36,19.31,Online
APP000487,CUST005612,2024-06-10,Other,28500,24,20.49,Online
APP000488,CUST000352,2023-08-26,Travel,19500,48,7.94,Branch
APP000489,CUST004285,2023-05-07,Other,33000,36,18.28,Broker
APP000490,CUST000039,2024-03-12,Medical,24000,24,16.5,Online
APP000491,CUST002650,2024-06-09,Home Renovation,13500,36,8.27,Online
APP000492,CUST002489,2024-04-15,Home Renovation,25500,36,20.01,Broker
APP000493,CUST005326,2023-05-01,Debt Consolidation,32000,48,17.63,Broker
APP000494,CUST005974,2024-05-19,Travel,36500,24,10.82,Online
APP000495,CUST000384,2023-02-03,Wedding,45000,12,13.66,Online
APP000496,CUST005111,2024-07-23,Travel,25000,60,13.34,Online
APP000497,CUST001121,2024-07-15,Car Purchase,22000,36,17.96,Online
APP000498,CUST004210,2024-05-17,Medical,4500,36,16.4,Broker
APP000499,CUST000691,2024-04-02,Wedding,3500,24,14.23,Branch
APP000500,CUST000075,2024-09-12,Car Purchase,11500,48,16.88,Online
APP000501,CUST002146,2023-06-22,Car Purchase,5000,36,8.97,Branch
APP000502,CUST004856,2023-06-16,Wedding,47000,48,11.04,Online
APP000503,CUST001336,2023-08-06,Wedding,20000,60,18.58,Online
APP000504,CUST000159,2023-08-13,Travel,34500,36,22.1,Broker
APP000505,CUST005619,2024-11-29,Medical,32000,12,13.66,Broker
APP000506,CUST004767,2024-06-22,Wedding,12500,48,11.05,Online
APP000507,CUST004510,2023-08-16,Debt Consolidation,44500,60,8.99,Broker
APP000508,CUST001758,2024-03-03,Car Purchase,20000,24,17.7,Branch
APP000509,CUST004781,2023-02-27,Other,21500,36,10.59,Online
APP000510,CUST003607,2024-09-11,Other,27500,36,16.2,Broker
APP000511,CUST005369,2023-02-16,Home Renovation,13000,24,21.38,Branch
APP000512,CUST005239,2023-06-19,Wedding,12500,24,9.5,Online
APP000513,CUST001863,2023-06-11,Travel,3000,36,17.27,Online
APP000514,CUST000104,2024-04-27,Debt Consolidation,39500,60,16.44,Branch
APP000515,CUST003109,2023-08-20,Car Purchase,39000,24,14.92,Branch
APP000516,CUST003728,2024-02-06,Home Renovation,13500,36,13.36,Branch
APP000517,CUST004161,2024-09-22,Car Purchase,25000,24,22.04,Broker
APP000518,CUST003476,2024-11-07,Home Renovation,3500,36,12.82,Online
APP000519,CUST004753,2023-12-17,Medical,31000,48,22.27,Online
APP000520,CUST003096,2023-09-21,Home Renovation,41500,60,22.29,Online
APP000521,CUST003035,2023-07-30,Car Purchase,16500,48,8.1,Branch
APP000522,CUST004736,2023-01-07,Debt Consolidation,8000,36,17.44,Broker
APP000523,CUST003158,2023-05-24,Debt Consolidation,38000,60,20.62,Branch
APP000524,CUST003260,2024-10-23,Home Renovation,32000,48,14.98,Broker
APP000525,CUST004468,2024-07-01,Home Renovation,22000,36,15.63,Broker
APP000526,CUST004411,2024-09-21,Car Purchase,18000,36,11.34,Online
APP000527,CUST002157,2023-10-14,Home Renovation,7000,12,13.12,Broker
APP000528,CUST003148,2023-03-28,Medical,36500,36,12.39,Online
APP000529,CUST003738,2024-05-02,Debt Consolidation,44000,60,9.01,Online
APP000530,CUST005978,2024-02-07,Debt Consolidation,35500,36,7.8,Broker
APP000531,CUST005755,2024-06-11,Wedding,30500,36,13.92,Broker
APP000532,CUST000912,2024-05-01,Car Purchase,40000,12,10.25,Online
APP000533,CUST001727,2024-04-02,Debt Consolidation,28000,60,12.01,Online
APP000534,CUST000204,2024-03-22,Travel,10000,36,18.68,Online
APP000535,CUST000857,2023-04-10,Home Renovation,15500,36,7.64,Branch
APP000536,CUST005945,2023-10-07,Wedding,12000,48,14.61,Broker
APP000537,CUST004333,2023-04-21,Debt Consolidation,5500,12,19.0,Broker
APP000538,CUST001846,2024-06-20,Travel,24000,24,16.06,Branch
APP000539,CUST003483,2024-05-13,Home Renovation,37000,24,8.13,Branch
APP000540,CUST003091,2024-12-16,Car Purchase,3000,12,21.17,Online
APP000541,CUST001584,2024-02-13,Travel,30500,60,16.59,Online
APP000542,CUST003828,2023-08-21,Car Purchase,40000,48,12.88,Online
APP000543,CUST004374,2023-12-03,Home Renovation,19500,48,13.38,Online
APP000544,CUST001583,2024-11-26,Car Purchase,46500,12,9.35,Online
APP000545,CUST001772,2023-08-04,Car Purchase,35500,24,21.94,Broker
APP000546,CUST000485,2023-11-09,Car Purchase,10500,24,20.6,Online
APP000547,CUST000192,2023-05-18,Car Purchase,39500,36,8.31,Online
APP000548,CUST000550,2024-08-23,Debt Consolidation,22000,48,21.95,Broker
APP000549,CUST002881,2023-12-15,Home Renovation,5500,60,20.08,Branch
APP000550,CUST003382,2024-06-10,Debt Consolidation,42500,36,14.05,Branch
APP000551,CUST000807,2024-11-28,Home Renovation,39000,24,20.91,Broker
APP000552,CUST004282,2023-01-26,Debt Consolidation,11000,60,15.61,Branch
APP000553,CUST001666,2023-09-15,Car Purchase,31000,24,20.8,Broker
APP000554,CUST005232,2024-04-27,Car Purchase,3000,24,13.44,Online
APP000555,CUST000685,2024-10-22,Debt Consolidation,15000,24,22.05,Online
APP000556,CUST001941,2023-08-08,Debt Consolidation,11500,36,21.5,Online
APP000557,CUST003155,2024-04-25,Car Purchase,41500,36,17.37,Online
APP000558,CUST001915,2023-02-19,Debt Consolidation,19500,24,15.5,Online
APP000559,CUST005736,2024-09-17,Debt Consolidation,6000,48,21.3,Online
APP000560,CUST001074,2024-04-21,Other,44500,24,13.32,Online
APP000561,CUST005073,2023-09-19,Debt Consolidation,25500,24,12.11,Branch
APP000562,CUST002706,2024-07-05,Home Renovation,39000,12,10.46,Online
APP000563,CUST005786,2024-05-21,Home Renovation,27500,60,17.03,Online
APP000564,CUST001163,2024-09-21,Debt Consolidation,24500,48,10.62,Online
APP000565,CUST002303,2024-02-12,Wedding,4500,12,17.05,Branch
APP000566,CUST000628,2023-08-16,Home Renovation,25000,12,19.5,Online
APP000567,CUST004392,2024-11-15,Debt Consolidation,29000,36,20.36,Online
APP000568,CUST004546,2024-09-03,Debt Consolidation,35500,48,19.62,Online
APP000569,CUST000061,2023-07-15,Home Renovation,31000,48,17.28,Online
APP000570,CUST002234,2023-10-24,Home Renovation,27500,36,9.32,Branch
APP000571,CUST002357,2023-09-13,Debt Consolidation,8000,36,9.16,Online
APP000572,CUST003431,2023-05-03,Car Purchase,19500,48,16.12,Online
APP000573,CUST002697,2024-05-18,Wedding,15500,24,19.54,Branch
APP000574,CUST000205,2023-07-10,Home Renovation,25500,24,9.83,Online
APP000575,CUST001234,2023-07-09,Car Purchase,34000,36,15.56,Online
APP000576,CUST004747,2023-03-10,Debt Consolidation,37000,24,21.93,Branch
APP000577,CUST005350,2023-05-30,Car Purchase,6000,24,14.96,Online
APP000578,CUST004008,2024-07-09,Car Purchase,3500,24,15.69,Online
APP000579,CUST004482,2024-02-21,Car Purchase,3000,36,20.04,Branch
APP000580,CUST003160,2024-03-09,Debt Consolidation,29000,12,10.15,Broker
APP000581,CUST001360,2023-05-29,Medical,47000,24,18.68,Online
APP000582,CUST004426,2024-03-21,Debt Consolidation,38000,60,12.0,Broker
APP000583,CUST005776,2023-12-09,Car Purchase,23000,36,9.66,Online
APP000584,CUST003999,2023-10-16,Car Purchase,23000,48,7.82,Branch
APP000585,CUST000267,2023-11-11,Wedding,26000,48,7.56,Broker
APP000586,CUST004429,2024-05-18,Car Purchase,8000,48,14.19,Online
APP000587,CUST002175,2023-02-18,Debt Consolidation,33500,36,17.59,Broker
APP000588,CUST003713,2023-09-01,Home Renovation,27500,36,20.13,Branch
APP000589,CUST003689,2023-11-14,Debt Consolidation,26500,12,16.22,Online
APP000590,CUST004166,2024-08-02,Travel,19500,12,9.45,Online
APP000591,CUST003065,2024-09-03,Wedding,21000,48,13.7,Online
APP000592,CUST002409,2023-01-14,Debt Consolidation,42000,24,17.09,Broker
APP000593,CUST004486,2023-07-07,Home Renovation,15000,60,21.09,Branch
APP000594,CUST005669,2023-04-07,Travel,30000,60,17.16,Branch
APP000595,CUST001631,2024-11-08,Debt Consolidation,16500,36,17.66,Branch
APP000596,CUST002454,2023-04-12,Debt Consolidation,44500,48,17.51,Branch
APP000597,CUST005395,2023-07-03,Medical,10500,24,11.92,Online
APP000598,CUST001169,2024-10-13,Debt Consolidation,4500,36,7.53,Branch
APP000599,CUST005764,2023-05-12,Debt Consolidation,25500,48,11.47,Broker
APP000600,CUST003097,2024-10-21,Debt Consolidation,30000,36,11.59,Online
APP000601,CUST001619,2024-12-13,Debt Consolidation,24500,36,9.88,Online
APP000602,CUST002876,2024-07-20,Debt Consolidation,21000,60,11.42,Branch
APP000603,CUST001442,2024-04-24,Car Purchase,29500,60,16.62,Online
APP000604,CUST002724,2023-08-01,Other,3000,48,14.67,Branch
APP000605,CUST004759,2023-02-14,Debt Consolidation,23000,48,17.01,Broker
APP000606,CUST002840,2023-11-01,Debt Consolidation,48500,36,19.38,Branch
APP000607,CUST001859,2023-06-10,Travel,32500,24,17.16,Online
APP000608,CUST001374,2024-03-02,Car Purchase,16500,24,12.12,Branch
APP000609,CUST000853,2024-06-03,Wedding,15000,48,12.78,Online
APP000610,CUST002189,2023-04-21,Other,37000,36,19.84,Online
APP000611,CUST003188,2024-01-04,Debt Consolidation,47000,36,17.4,Online
APP000612,CUST005404,2023-09-30,Other,36500,36,8.74,Broker
APP000613,CUST005436,2024-12-29,Debt Consolidation,37000,36,13.69,Branch
APP000614,CUST005186,2024-05-15,Medical,21500,60,18.28,Broker
APP000615,CUST005647,2023-08-02,Car Purchase,34000,36,8.32,Online
APP000616,CUST001218,2024-12-04,Travel,5000,24,15.89,Online
APP000617,CUST001652,2023-04-21,Home Renovation,44500,60,16.57,Online
APP000618,CUST005233,2024-05-08,Car Purchase,6500,36,8.38,Branch
APP000619,CUST001942,2024-06-22,Debt Consolidation,17000,60,9.48,Branch
APP000620,CUST005701,2024-06-01,Car Purchase,49000,36,18.79,Branch
APP000621,CUST002704,2024-04-06,Car Purchase,38000,36,10.82,Online
APP000622,CUST005941,2024-02-23,Car Purchase,49000,36,15.88,Online
APP000623,CUST002879,2023-01-26,Medical,49500,36,14.14,Online
APP000624,CUST004654,2023-01-29,Other,44500,36,21.26,Broker
APP000625,CUST003643,2023-10-25,Home Renovation,28000,60,13.5,Broker
APP000626,CUST004756,2024-09-26,Wedding,19000,12,10.98,Online
APP000627,CUST000644,2023-10-16,Medical,47500,48,14.95,Broker
APP000628,CUST005524,2024-11-09,Other,28000,60,21.47,Branch
APP000629,CUST003842,2023-08-31,Medical,48000,12,7.68,Branch
APP000630,CUST001903,2024-03-15,Wedding,36500,48,20.15,Branch
APP000631,CUST002752,2023-06-28,Wedding,12000,36,13.94,Online
APP000632,CUST001214,2023-03-09,Debt Consolidation,21500,60,13.74,Branch
APP000633,CUST001854,2023-06-06,Home Renovation,49000,24,18.59,Online
APP000634,CUST004211,2023-01-13,Home Renovation,42500,36,18.52,Branch
APP000635,CUST005692,2024-07-12,Debt Consolidation,43000,48,13.14,Branch
APP000636,CUST000286,2023-07-28,Car Purchase,23000,24,8.59,Online
APP000637,CUST004680,2024-11-06,Medical,2500,36,12.76,Broker
APP000638,CUST002869,2024-10-21,Home Renovation,31500,48,10.37,Online
APP000639,CUST004121,2024-07-24,Medical,41500,12,9.7,Broker
APP000640,CUST000960,2023-12-12,Car Purchase,32000,24,21.52,Online
APP000641,CUST002790,2023-02-26,Travel,7500,48,15.86,Online
APP000642,CUST001771,2023-03-10,Debt Consolidation,13000,24,8.18,Branch
APP000643,CUST000261,2024-04-12,Travel,12000,60,20.52,Broker
APP000644,CUST000598,2024-10-15,Home Renovation,35500,60,14.34,Online
APP000645,CUST003903,2024-08-04,Debt Consolidation,34000,48,12.96,Online
APP000646,CUST004075,2023-05-22,Debt Consolidation,45000,24,12.88,Online
APP000647,CUST005762,2024-08-25,Debt Consolidation,7000,48,13.35,Broker
APP000648,CUST001378,2024-01-25,Travel,15500,48,20.92,Branch
APP000649,CUST004499,2024-06-19,Home Renovation,4500,36,13.58,Online
APP000650,CUST002814,2023-07-17,Car Purchase,33000,36,19.59,Online
APP000651,CUST005461,2023-06-24,Travel,6500,24,22.31,Broker
APP000652,CUST005536,2023-06-22,Debt Consolidation,40000,24,17.84,Branch
APP000653,CUST003767,2024-04-23,Debt Consolidation,40500,12,21.74,Online
APP000654,CUST000446,2024-08-17,Home Renovation,7500,48,15.5,Online
APP000655,CUST003757,2023-07-16,Home Renovation,29000,12,10.8,Online
APP000656,CUST004856,2024-11-17,Debt Consolidation,21000,36,19.52,Online
APP000657,CUST004873,2024-12-10,Debt Consolidation,2500,24,15.3,Online
APP000658,CUST000252,2023-01-04,Home Renovation,36000,36,12.62,Broker
APP000659,CUST004711,2024-11-23,Car Purchase,23500,36,20.6,Branch
APP000660,CUST002440,2023-01-01,Car Purchase,7500,48,21.79,Online
APP000661,CUST002280,2023-08-20,Home Renovation,23500,36,10.5,Online
APP000662,CUST003139,2023-07-30,Medical,24500,60,10.58,Online
APP000663,CUST001312,2024-08-06,Car Purchase,22000,36,19.55,Broker
APP000664,CUST003859,2024-08-22,Debt Consolidation,43000,60,8.45,Branch
APP000665,CUST005444,2023-01-05,Wedding,20000,36,12.91,Online
APP000666,CUST000322,2023-03-02,Car Purchase,27500,24,11.75,Online
APP000667,CUST003134,2024-07-29,Home Renovation,40500,48,11.61,Online
APP000668,CUST004594,2023-07-02,Medical,40500,60,15.99,Online
APP000669,CUST002377,2023-07-04,Debt Consolidation,45500,60,11.78,Broker
APP000670,CUST001889,2023-07-18,Car Purchase,35500,24,12.81,Branch
APP000671,CUST001174,2024-05-25,Car Purchase,15000,36,13.72,Broker
APP000672,CUST005596,2024-03-15,Debt Consolidation,47000,48,17.96,Online
APP000673,CUST003304,2023-01-20,Car Purchase,39000,48,19.31,Online
APP000674,CUST004646,2023-10-11,Car Purchase,5000,60,11.43,Branch
APP000675,CUST001344,2023-07-12,Other,12000,24,18.13,Broker
APP000676,CUST005864,2023-09-12,Debt Consolidation,38000,36,10.38,Online
APP000677,CUST000745,2024-02-26,Debt Consolidation,23000,24,9.33,Branch
APP000678,CUST002712,2024-09-09,Other,18000,36,19.72,Online
APP000679,CUST003199,2023-02-16,Home Renovation,3500,24,19.35,Broker
APP000680,CUST003145,2024-08-09,Car Purchase,9000,48,22.1,Broker
APP000681,CUST005676,2024-07-20,Debt Consolidation,3500,60,18.0,Online
APP000682,CUST001552,2023-06-07,Home Renovation,35500,48,8.74,Online
APP000683,CUST001210,2024-05-30,Home Renovation,2500,60,11.47,Branch
APP000684,CUST004313,2023-06-08,Travel,22500,48,15.83,Online
APP000685,CUST001826,2023-09-22,Home Renovation,49000,12,13.0,Branch
APP000686,CUST005548,2023-12-24,Wedding,20500,24,17.31,Branch
APP000687,CUST004331,2024-04-12,Car Purchase,10000,24,11.9,Online
APP000688,CUST000838,2024-12-12,Car Purchase,41000,36,9.87,Broker
APP000689,CUST000770,2024-12-22,Medical,25500,48,16.1,Online
APP000690,CUST005526,2024-10-06,Medical,30000,24,17.12,Online
APP000691,CUST000985,2023-07-29,Other,47000,24,13.98,Branch
APP000692,CUST000668,2023-05-28,Debt Consolidation,16000,24,16.35,Branch
APP000693,CUST002011,2023-08-20,Car Purchase,14500,36,18.1,Online
APP000694,CUST002810,2023-06-06,Medical,31000,36,20.12,Online
APP000695,CUST001395,2024-02-18,Car Purchase,49000,60,13.5,Broker
APP000696,CUST005848,2024-05-30,Travel,24500,48,19.38,Branch
APP000697,CUST003496,2024-11-14,Car Purchase,8500,36,8.18,Online
APP000698,CUST005932,2023-03-27,Travel,36500,60,15.13,Branch
APP000699,CUST005572,2023-09-21,Medical,25500,12,8.39,Branch
APP000700,CUST000791,2023-05-21,Home Renovation,14500,60,14.18,Branch
APP000701,CUST004129,2023-10-10,Debt Consolidation,45500,36,21.78,Online
APP000702,CUST004649,2024-12-01,Travel,18000,36,8.76,Online
APP000703,CUST001685,2023-08-01,Debt Consolidation,6500,24,8.91,Online
APP000704,CUST005605,2023-02-07,Debt Consolidation,47500,12,11.13,Online
APP000705,CUST003081,2023-04-21,Travel,44000,48,21.31,Broker
APP000706,CUST002280,2024-12-26,Debt Consolidation,21000,12,10.7,Online
APP000707,CUST004058,2024-02-05,Debt Consolidation,33000,48,13.32,Branch
APP000708,CUST003038,2024-02-10,Debt Consolidation,34000,24,22.24,Broker
APP000709,CUST001370,2023-07-04,Debt Consolidation,37000,48,21.05,Online
APP000710,CUST000250,2024-08-30,Debt Consolidation,33500,36,15.29,Online
APP000711,CUST002916,2023-05-17,Debt Consolidation,46500,36,21.93,Broker
APP000712,CUST001688,2024-04-21,Other,29000,48,21.95,Broker
APP000713,CUST002130,2024-03-25,Car Purchase,18500,24,16.14,Broker
APP000714,CUST005624,2023-12-13,Car Purchase,2500,48,21.2,Online
APP000715,CUST005262,2024-08-03,Home Renovation,8000,48,8.43,Online
APP000716,CUST000687,2024-01-24,Debt Consolidation,46500,36,7.65,Broker
APP000717,CUST002868,2023-07-17,Debt Consolidation,44500,48,11.72,Online
APP000718,CUST001650,2023-03-03,Car Purchase,29000,24,9.8,Broker
APP000719,CUST001336,2023-10-28,Debt Consolidation,41000,24,13.93,Online
APP000720,CUST004702,2023-06-30,Home Renovation,28000,24,11.54,Online
APP000721,CUST004055,2024-07-14,Travel,17000,36,22.14,Branch
APP000722,CUST002319,2024-04-09,Car Purchase,46000,24,15.47,Online
APP000723,CUST005355,2023-10-28,Debt Consolidation,15000,48,19.56,Broker
APP000724,CUST000454,2023-12-10,Car Purchase,34500,60,14.85,Online
APP000725,CUST000173,2023-12-10,Car Purchase,3500,36,7.98,Branch
APP000726,CUST003480,2023-01-06,Wedding,32000,48,20.27,Branch
APP000727,CUST004108,2024-06-11,Travel,4000,12,13.63,Online
APP000728,CUST004484,2024-07-04,Other,48000,36,8.91,Online
APP000729,CUST000533,2023-01-19,Car Purchase,50000,36,11.52,Online
APP000730,CUST001413,2024-05-31,Debt Consolidation,2000,36,14.84,Broker
APP000731,CUST003877,2024-10-31,Debt Consolidation,39000,24,11.72,Branch
APP000732,CUST001041,2023-08-16,Car Purchase,14500,36,18.53,Branch
APP000733,CUST000866,2023-04-19,Home Renovation,15500,60,14.87,Broker
APP000734,CUST004236,2024-09-26,Travel,40000,36,10.04,Branch
APP000735,CUST000242,2024-06-21,Home Renovation,26000,24,22.43,Online
APP000736,CUST000077,2023-04-24,Home Renovation,49000,60,20.12,Branch
APP000737,CUST001600,2023-01-20,Travel,15500,48,8.61,Online
APP000738,CUST005040,2024-05-12,Debt Consolidation,14000,48,21.74,Broker
APP000739,CUST000797,2023-03-18,Car Purchase,48500,48,8.48,Online
APP000740,CUST005654,2023-06-27,Travel,33000,36,15.5,Online
APP000741,CUST004149,2024-10-12,Car Purchase,23500,48,17.16,Online
APP000742,CUST005915,2023-01-28,Car Purchase,32500,36,16.76,Online
APP000743,CUST001114,2023-10-27,Home Renovation,19500,24,19.46,Online
APP000744,CUST003332,2023-04-12,Debt Consolidation,11500,36,13.07,Branch
APP000745,CUST001870,2024-04-26,Other,29000,24,7.98,Online
APP000746,CUST002525,2024-10-11,Home Renovation,37000,48,10.66,Online
APP000747,CUST002474,2023-12-21,Travel,40500,24,10.79,Branch
APP000748,CUST000756,2024-11-11,Medical,14500,24,7.67,Broker
APP000749,CUST003074,2024-06-15,Travel,49500,60,17.93,Branch
APP000750,CUST003982,2023-12-28,Medical,7500,60,8.23,Online
APP000751,CUST004761,2024-05-25,Other,25000,24,22.37,Online
APP000752,CUST003536,2023-09-25,Medical,23500,36,19.02,Broker
APP000753,CUST003416,2023-08-04,Debt Consolidation,32000,36,22.45,Online
APP000754,CUST002993,2023-08-22,Medical,6500,60,13.5,Broker
APP000755,CUST003655,2024-09-26,Travel,42000,60,19.03,Broker
APP000756,CUST003563,2024-03-27,Travel,20000,48,15.1,Online
APP000757,CUST000713,2023-02-03,Car Purchase,21000,36,21.81,Broker
APP000758,CUST001754,2024-04-24,Travel,18500,36,15.4,Broker
APP000759,CUST003507,2024-07-02,Car Purchase,21000,48,17.44,Broker
APP000760,CUST001274,2023-04-26,Travel,5000,24,7.54,Online
APP000761,CUST003537,2023-06-01,Debt Consolidation,28500,36,10.59,Online
APP000762,CUST002169,2024-01-24,Car Purchase,40500,48,10.49,Broker
APP000763,CUST005725,2023-09-17,Car Purchase,9000,24,17.44,Branch
APP000764,CUST005377,2023-02-19,Medical,27000,48,21.14,Online
APP000765,CUST001683,2024-05-24,Debt Consolidation,29000,48,13.41,Broker
APP000766,CUST001755,2023-08-10,Car Purchase,19000,48,10.85,Online
APP000767,CUST002416,2023-06-03,Wedding,8500,24,12.57,Online
APP000768,CUST001725,2024-09-28,Wedding,21500,12,20.02,Broker
APP000769,CUST003242,2024-04-16,Car Purchase,37000,24,8.59,Online
APP000770,CUST002865,2023-08-07,Car Purchase,11000,24,14.59,Broker
APP000771,CUST001208,2024-08-01,Debt Consolidation,24500,12,8.9,Branch
APP000772,CUST001739,2023-09-15,Debt Consolidation,14000,48,19.97,Branch
APP000773,CUST001449,2024-02-18,Home Renovation,16500,36,21.84,Broker
APP000774,CUST004929,2023-02-07,Other,3000,24,19.09,Broker
APP000775,CUST000069,2024-06-26,Wedding,27500,24,11.23,Online
APP000776,CUST004521,2024-02-07,Home Renovation,27500,60,21.36,Online
APP000777,CUST001571,2023-07-25,Car Purchase,26000,48,8.51,Online
APP000778,CUST000066,2024-08-29,Medical,14500,36,7.53,Broker
APP000779,CUST005885,2024-07-05,Home Renovation,22000,36,10.83,Online
APP000780,CUST001389,2023-09-20,Travel,27500,48,12.2,Online
APP000781,CUST005231,2023-12-08,Car Purchase,48000,24,16.9,Broker
APP000782,CUST001540,2024-05-29,Home Renovation,44500,60,12.68,Broker
APP000783,CUST005957,2024-10-06,Travel,41000,12,15.12,Broker
APP000784,CUST005588,2023-02-09,Debt Consolidation,31500,36,20.74,Online
APP000785,CUST004080,2023-07-17,Debt Consolidation,3500,36,16.32,Online
APP000786,CUST000926,2024-02-18,Car Purchase,25000,24,19.66,Broker
APP000787,CUST002685,2024-11-14,Home Renovation,9500,24,13.89,Branch
APP000788,CUST004789,2023-09-15,Car Purchase,45000,24,14.75,Broker
APP000789,CUST003076,2023-10-18,Debt Consolidation,41500,60,15.99,Online
APP000790,CUST004121,2024-03-29,Car Purchase,30000,60,20.93,Online
APP000791,CUST002915,2024-02-15,Debt Consolidation,34500,48,22.18,Online
APP000792,CUST003129,2023-01-14,Wedding,9000,48,17.05,Online
APP000793,CUST000321,2023-06-17,Wedding,40500,48,16.19,Broker
APP000794,CUST005682,2023-05-12,Travel,23500,36,19.34,Branch
APP000795,CUST003230,2023-04-03,Debt Consolidation,6500,48,19.41,Online
APP000796,CUST001125,2024-08-25,Wedding,44500,60,16.01,Online
APP000797,CUST004134,2024-05-19,Car Purchase,18500,24,19.29,Online
APP000798,CUST004382,2024-04-04,Travel,15000,24,19.2,Branch
APP000799,CUST001212,2023-08-06,Car Purchase,11000,24,20.48,Online
APP000800,CUST001020,2024-12-29,Debt Consolidation,20500,48,20.2,Online
APP000801,CUST003919,2024-03-05,Car Purchase,34500,36,8.52,Online
APP000802,CUST004432,2024-03-17,Car Purchase,14500,60,9.72,Online
APP000803,CUST004339,2024-05-02,Travel,9000,36,7.6,Branch
APP000804,CUST003953,2024-11-05,Debt Consolidation,31000,12,10.25,Broker
APP000805,CUST005846,2024-08-25,Debt Consolidation,23000,36,20.17,Branch
APP000806,CUST004297,2024-01-12,Debt Consolidation,39500,60,22.27,Branch
APP000807,CUST004291,2024-01-14,Wedding,44000,48,15.6,Broker
APP000808,CUST001479,2024-08-31,Car Purchase,5000,36,8.51,Branch
APP000809,CUST002580,2023-04-17,Debt Consolidation,41000,60,21.96,Broker
APP000810,CUST001571,2024-11-20,Debt Consolidation,27500,24,10.27,Branch
APP000811,CUST001572,2024-02-10,Home Renovation,37500,36,19.22,Branch
APP000812,CUST000953,2024-07-28,Travel,31500,36,10.99,Branch
APP000813,CUST000651,2023-03-25,Travel,16000,48,13.33,Branch
APP000814,CUST004606,2023-08-06,Car Purchase,34500,12,12.46,Online
APP000815,CUST005588,2024-11-12,Debt Consolidation,24000,36,9.43,Broker
APP000816,CUST003050,2024-05-30,Other,33000,36,8.32,Online
APP000817,CUST000630,2023-12-12,Debt Consolidation,19000,36,9.75,Online
APP000818,CUST003972,2023-03-22,Home Renovation,35500,24,12.32,Broker
APP000819,CUST001000,2023-12-26,Car Purchase,36500,60,11.27,Branch
APP000820,CUST003439,2023-01-21,Home Renovation,41000,48,10.42,Broker
APP000821,CUST001421,2024-10-27,Medical,35500,36,13.5,Online
APP000822,CUST000207,2023-11-23,Car Purchase,49000,36,10.62,Online
APP000823,CUST001510,2023-05-27,Wedding,26000,48,10.25,Online
APP000824,CUST001170,2024-08-04,Medical,33000,12,12.23,Broker
APP000825,CUST001129,2023-01-01,Debt Consolidation,23500,60,12.96,Broker
APP000826,CUST003893,2024-08-25,Home Renovation,2000,48,19.8,Online
APP000827,CUST000846,2023-09-03,Car Purchase,32500,48,21.28,Broker
APP000828,CUST005541,2024-03-13,Other,31000,24,11.94,Online
APP000829,CUST005800,2024-08-16,Home Renovation,15500,60,13.07,Online
APP000830,CUST004675,2024-01-30,Other,35000,60,20.89,Online
APP000831,CUST005479,2023-08-09,Car Purchase,41000,60,12.2,Online
APP000832,CUST005364,2023-11-13,Other,23500,24,10.83,Broker
APP000833,CUST001581,2023-11-05,Medical,31500,36,16.93,Online
APP000834,CUST004483,2023-03-15,Debt Consolidation,23000,60,19.72,Online
APP000835,CUST002768,2024-02-03,Debt Consolidation,18500,36,14.11,Broker
APP000836,CUST000081,2023-06-23,Car Purchase,9000,24,13.47,Online
APP000837,CUST000200,2024-06-21,Debt Consolidation,44000,36,9.17,Broker
APP000838,CUST004411,2023-04-12,Debt Consolidation,44000,48,12.81,Online
APP000839,CUST005516,2023-04-12,Medical,35500,12,14.15,Broker
APP000840,CUST001374,2023-04-07,Wedding,28500,24,21.84,Online
APP000841,CUST005747,2023-12-31,Debt Consolidation,2500,48,21.43,Branch
APP000842,CUST004847,2023-06-19,Debt Consolidation,9000,24,12.67,Online
APP000843,CUST004330,2023-08-11,Home Renovation,13500,48,16.63,Online
APP000844,CUST005908,2024-07-23,Debt Consolidation,13500,24,19.37,Online
APP000845,CUST003169,2024-08-20,Wedding,47500,36,10.22,Online
APP000846,CUST005626,2024-01-02,Other,15000,60,15.78,Broker
APP000847,CUST004581,2023-08-03,Home Renovation,3000,24,14.38,Branch
APP000848,CUST000210,2024-08-26,Home Renovation,26000,24,14.98,Branch
APP000849,CUST001378,2023-07-07,Travel,8500,48,10.86,Online
APP000850,CUST005906,2023-05-14,Wedding,3500,48,16.09,Branch
APP000851,CUST003046,2024-10-07,Debt Consolidation,40000,48,10.56,Branch
APP000852,CUST000149,2024-03-14,Wedding,27500,36,8.14,Broker
APP000853,CUST000463,2023-09-11,Travel,46000,12,8.93,Online
APP000854,CUST002413,2024-02-08,Medical,28500,24,7.85,Broker
APP000855,CUST005275,2024-08-17,Car Purchase,2000,12,20.39,Online
APP000856,CUST002580,2023-05-02,Other,24500,36,11.35,Online
APP000857,CUST002108,2024-11-22,Car Purchase,3500,24,20.27,Online
APP000858,CUST005173,2024-10-07,Debt Consolidation,10000,24,16.73,Branch
APP000859,CUST003266,2024-03-10,Debt Consolidation,27500,36,13.07,Branch
APP000860,CUST005579,2024-09-17,Debt Consolidation,20500,24,16.69,Online
APP000861,CUST000563,2023-04-28,Travel,14500,60,15.32,Online
APP000862,CUST000693,2023-11-28,Travel,17500,48,9.75,Online
APP000863,CUST004028,2023-04-25,Home Renovation,10000,48,18.44,Online
APP000864,CUST003019,2023-01-15,Debt Consolidation,3500,36,10.65,Online
APP000865,CUST002837,2024-12-23,Other,10000,48,20.12,Online
APP000866,CUST001054,2023-12-03,Travel,40000,12,7.64,Broker
APP000867,CUST005635,2023-09-26,Car Purchase,15500,36,7.73,Broker
APP000868,CUST002945,2023-08-12,Travel,43500,48,18.3,Branch
APP000869,CUST000992,2024-08-18,Car Purchase,37500,48,20.04,Online
APP000870,CUST002986,2024-07-05,Car Purchase,44000,48,18.17,Branch
APP000871,CUST002375,2024-06-17,Home Renovation,23500,36,18.73,Online
APP000872,CUST005837,2024-11-05,Home Renovation,42500,36,20.74,Broker
APP000873,CUST002235,2023-08-13,Home Renovation,49500,24,21.45,Branch
APP000874,CUST003455,2024-11-02,Debt Consolidation,3000,24,14.46,Broker
APP000875,CUST002936,2024-02-11,Car Purchase,42000,24,14.73,Online
APP000876,CUST002386,2023-06-08,Home Renovation,30000,24,13.01,Online
APP000877,CUST000329,2024-08-05,Debt Consolidation,10000,48,16.53,Online
APP000878,CUST001230,2023-04-01,Wedding,28000,48,20.66,Online
APP000879,CUST000867,2023-02-16,Debt Consolidation,29000,36,20.35,Branch
APP000880,CUST001539,2023-01-12,Home Renovation,29500,60,20.24,Online
APP000881,CUST002028,2023-12-22,Car Purchase,8500,60,20.72,Broker
APP000882,CUST003864,2024-07-14,Other,41500,12,18.69,Online
APP000883,CUST002385,2024-06-05,Debt Consolidation,18000,36,8.89,Broker
APP000884,CUST001975,2023-08-04,Home Renovation,44000,60,13.17,Branch
APP000885,CUST004675,2024-05-21,Home Renovation,12000,24,8.98,Broker
APP000886,CUST000566,2023-12-31,Debt Consolidation,31500,60,17.71,Branch
APP000887,CUST004608,2023-05-15,Debt Consolidation,3000,36,15.83,Branch
APP000888,CUST005810,2024-07-08,Debt Consolidation,2500,48,10.16,Online
APP000889,CUST005784,2024-03-05,Travel,19500,36,18.51,Online
APP000890,CUST003508,2023-04-29,Debt Consolidation,6000,12,18.52,Broker
APP000891,CUST000382,2024-10-29,Travel,26000,36,19.44,Branch
APP000892,CUST002438,2024-02-14,Car Purchase,26500,60,20.86,Broker
APP000893,CUST003168,2023-01-01,Wedding,8500,36,22.04,Broker
APP000894,CUST001512,2023-10-20,Car Purchase,41500,36,9.34,Online
APP000895,CUST000137,2024-11-22,Home Renovation,46500,24,19.94,Broker
APP000896,CUST000109,2023-01-04,Debt Consolidation,40000,36,20.03,Branch
APP000897,CUST000848,2023-08-05,Other,35000,48,7.93,Online
APP000898,CUST004120,2024-02-04,Car Purchase,13000,60,12.89,Branch
APP000899,CUST000684,2023-06-26,Home Renovation,17500,36,9.22,Branch
APP000900,CUST003573,2024-12-10,Car Purchase,6500,60,13.22,Online
APP000901,CUST000726,2024-08-08,Debt Consolidation,39500,48,14.77,Branch
APP000902,CUST005783,2024-08-02,Home Renovation,14000,24,10.03,Branch
APP000903,CUST001493,2024-09-01,Debt Consolidation,19000,48,9.89,Branch
APP000904,CUST001863,2023-09-26,Car Purchase,27000,48,18.54,Online
APP000905,CUST001315,2023-07-21,Travel,30500,60,10.66,Online
APP000906,CUST001744,2024-10-24,Other,21000,36,18.05,Online
APP000907,CUST003047,2024-02-08,Debt Consolidation,17500,36,12.68,Branch
APP000908,CUST000272,2023-03-20,Home Renovation,20500,24,16.93,Broker
APP000909,CUST002650,2023-08-11,Debt Consolidation,15500,48,17.25,Online
APP000910,CUST000715,2023-06-19,Other,32500,36,16.97,Broker
APP000911,CUST001648,2024-06-04,Wedding,27500,24,15.28,Branch
APP000912,CUST002820,2024-06-16,Debt Consolidation,7500,12,13.74,Online
APP000913,CUST005079,2023-01-25,Medical,30500,12,10.12,Online
APP000914,CUST004347,2024-06-11,Car Purchase,20000,60,21.18,Branch
APP000915,CUST002878,2024-07-28,Car Purchase,5000,12,11.91,Branch
APP000916,CUST003436,2024-08-15,Car Purchase,40000,12,15.72,Online
APP000917,CUST001570,2024-10-13,Other,26000,48,17.95,Broker
APP000918,CUST002919,2023-10-25,Car Purchase,21000,24,8.38,Online
APP000919,CUST003562,2023-03-06,Debt Consolidation,5500,60,9.42,Branch
APP000920,CUST004231,2023-10-08,Travel,25000,60,15.75,Broker
APP000921,CUST000060,2023-01-23,Debt Consolidation,25500,60,20.9,Online
APP000922,CUST001560,2023-09-13,Car Purchase,18000,12,18.27,Broker
APP000923,CUST000200,2023-04-03,Home Renovation,26500,60,13.21,Broker
APP000924,CUST000022,2024-08-31,Debt Consolidation,34000,36,8.51,Branch
APP000925,CUST002090,2024-03-04,Car Purchase,39000,12,16.56,Broker
APP000926,CUST002402,2024-09-08,Car Purchase,41500,48,14.21,Branch
APP000927,CUST001672,2023-01-29,Car Purchase,31000,60,18.35,Online
APP000928,CUST000518,2023-09-12,Home Renovation,5500,36,14.78,Online
APP000929,CUST002970,2023-08-17,Car Purchase,46000,36,18.01,Branch
APP000930,CUST005946,2023-09-10,Medical,8500,24,16.02,Online
APP000931,CUST000577,2023-12-02,Car Purchase,21000,60,18.56,Online
APP000932,CUST001819,2024-11-11,Debt Consolidation,18000,12,19.81,Online
APP000933,CUST000758,2024-11-30,Wedding,37500,12,7.66,Online
APP000934,CUST005050,2023-07-28,Wedding,49000,48,16.18,Branch
APP000935,CUST000134,2023-12-30,Wedding,50000,36,17.52,Online
APP000936,CUST005900,2024-07-27,Debt Consolidation,32000,24,20.6,Broker
APP000937,CUST000441,2023-08-25,Debt Consolidation,40000,36,15.78,Online
APP000938,CUST002671,2023-05-18,Car Purchase,27500,24,12.77,Broker
APP000939,CUST002105,2023-01-24,Debt Consolidation,30000,48,16.22,Online
APP000940,CUST002611,2024-07-03,Travel,6500,36,9.83,Broker
APP000941,CUST000387,2023-01-21,Other,25500,12,11.05,Online
APP000942,CUST000456,2023-03-08,Debt Consolidation,45500,48,8.85,Broker
APP000943,CUST004522,2023-08-14,Debt Consolidation,46000,36,9.06,Broker
APP000944,CUST000250,2024-11-06,Car Purchase,28000,36,13.52,Online
APP000945,CUST000022,2023-06-10,Debt Consolidation,5500,48,13.49,Broker
APP000946,CUST001353,2024-10-11,Travel,26500,48,20.24,Broker
APP000947,CUST000205,2023-04-14,Wedding,39500,36,8.33,Online
APP000948,CUST000106,2023-02-22,Debt Consolidation,22500,24,10.01,Online
APP000949,CUST002529,2023-10-28,Medical,42000,36,18.5,Online
APP000950,CUST002470,2024-10-27,Travel,36500,48,15.03,Online
APP000951,CUST001518,2023-08-16,Other,48500,24,14.44,Branch
APP000952,CUST005929,2024-08-15,Other,44500,24,10.86,Online
APP000953,CUST003613,2024-06-10,Wedding,27000,24,13.84,Broker
APP000954,CUST002042,2024-08-01,Debt Consolidation,14500,24,16.44,Broker
APP000955,CUST000245,2023-05-21,Medical,27000,12,17.75,Online
APP000956,CUST004255,2023-07-28,Travel,14500,24,14.83,Broker
APP000957,CUST000802,2024-09-11,Home Renovation,44500,24,14.59,Broker
APP000958,CUST003587,2023-01-26,Car Purchase,26000,36,11.01,Online
APP000959,CUST005149,2023-08-15,Debt Consolidation,28000,12,10.46,Online
APP000960,CUST001711,2024-04-16,Travel,33000,48,21.01,Online
APP000961,CUST005540,2023-04-20,Car Purchase,10500,12,8.54,Online
APP000962,CUST001812,2023-12-06,Debt Consolidation,6500,60,10.14,Online
APP000963,CUST002188,2023-06-24,Debt Consolidation,48000,24,10.85,Online
APP000964,CUST004291,2024-09-21,Wedding,28000,12,18.7,Online
APP000965,CUST000409,2024-07-23,Travel,39500,24,22.2,Online
APP000966,CUST001059,2023-03-31,Wedding,38000,36,20.62,Branch
APP000967,CUST004257,2023-08-08,Travel,4000,36,13.68,Branch
APP000968,CUST000617,2024-12-06,Debt Consolidation,34000,12,12.23,Online
APP000969,CUST002392,2023-06-25,Car Purchase,16500,60,16.91,Online
APP000970,CUST005824,2023-02-06,Debt Consolidation,17500,12,16.59,Branch
APP000971,CUST003150,2024-08-06,Car Purchase,12000,36,19.97,Branch
APP000972,CUST005722,2023-11-14,Travel,9000,36,17.03,Branch
APP000973,CUST003561,2023-12-31,Debt Consolidation,36000,24,11.11,Online
APP000974,CUST003179,2023-12-30,Home Renovation,44500,24,8.34,Online
APP000975,CUST004844,2024-06-18,Car Purchase,8000,12,20.49,Branch
APP000976,CUST002961,2023-02-18,Car Purchase,28500,48,8.46,Broker
APP000977,CUST004200,2023-04-05,Home Renovation,34500,48,16.58,Online
APP000978,CUST004605,2023-10-24,Car Purchase,18000,36,14.69,Online
APP000979,CUST005271,2023-04-22,Medical,18500,48,7.69,Online
APP000980,CUST003782,2024-05-27,Travel,2500,12,20.74,Online
APP000981,CUST000330,2024-10-12,Car Purchase,25000,36,12.08,Online
APP000982,CUST004158,2023-12-24,Debt Consolidation,47000,36,14.15,Online
APP000983,CUST001300,2023-04-16,Debt Consolidation,44500,24,16.07,Broker
APP000984,CUST005884,2023-08-21,Car Purchase,8500,24,11.21,Online
APP000985,CUST000097,2024-03-29,Debt Consolidation,28500,60,15.4,Branch
APP000986,CUST001318,2024-01-10,Home Renovation,18000,48,13.68,Broker
APP000987,CUST004293,2024-01-29,Travel,6500,36,16.44,Broker
APP000988,CUST001038,2023-09-18,Other,49000,36,12.25,Broker
APP000989,CUST003283,2023-03-03,Other,36500,24,11.27,Online
APP000990,CUST003453,2023-02-26,Car Purchase,36000,48,21.05,Broker
APP000991,CUST002532,2024-04-23,Home Renovation,25000,60,12.42,Broker
APP000992,CUST001359,2023-01-26,Debt Consolidation,9500,24,8.81,Broker
APP000993,CUST004364,2024-12-04,Car Purchase,25000,48,9.27,Branch
APP000994,CUST002480,2024-01-02,Debt Consolidation,39000,60,15.92,Broker
APP000995,CUST002872,2023-12-31,Debt Consolidation,39500,48,21.38,Online
APP000996,CUST000245,2023-01-08,Car Purchase,14500,48,9.96,Online
APP000997,CUST002647,2024-11-09,Home Renovation,31500,24,14.04,Online
APP000998,CUST003974,2024-11-12,Car Purchase,2500,12,9.81,Online
APP000999,CUST000614,2023-09-24,Car Purchase,20500,48,9.01,Broker
APP001000,CUST005251,2024-12-21,Car Purchase,33000,48,20.59,Branch
APP001001,CUST000704,2023-12-26,Car Purchase,47500,48,9.69,Online
APP001002,CUST002721,2023-01-03,Home Renovation,43500,48,13.94,Branch
APP001003,CUST000775,2023-11-03,Travel,44500,36,15.36,Online
APP001004,CUST002471,2023-06-13,Car Purchase,6500,24,22.0,Online
APP001005,CUST002531,2023-05-20,Home Renovation,25500,36,9.59,Online
APP001006,CUST004547,2023-06-04,Car Purchase,40000,60,21.61,Online
APP001007,CUST002384,2023-09-07,Debt Consolidation,22500,36,12.66,Online
APP001008,CUST005792,2024-03-05,Home Renovation,39500,60,9.57,Broker
APP001009,CUST000081,2023-05-17,Debt Consolidation,8000,36,19.64,Broker
APP001010,CUST000005,2023-05-12,Home Renovation,40000,48,13.4,Branch
APP001011,CUST000564,2023-05-25,Debt Consolidation,16500,12,11.16,Branch
APP001012,CUST002485,2024-07-19,Medical,17500,24,21.53,Online
APP001013,CUST002269,2023-07-27,Home Renovation,42000,36,21.25,Branch
APP001014,CUST005363,2023-04-28,Debt Consolidation,25000,36,17.57,Broker
APP001015,CUST004515,2024-03-09,Home Renovation,32500,60,19.28,Broker
APP001016,CUST003883,2023-06-26,Car Purchase,14500,36,19.39,Branch
APP001017,CUST005799,2023-01-06,Car Purchase,36500,12,17.41,Branch
APP001018,CUST002743,2023-12-18,Travel,12000,12,20.1,Online
APP001019,CUST000187,2023-08-31,Home Renovation,43500,24,15.37,Online
APP001020,CUST001933,2024-03-15,Wedding,39000,12,10.02,Online
APP001021,CUST003151,2024-07-25,Home Renovation,12500,48,11.69,Online
APP001022,CUST004116,2024-10-08,Home Renovation,11500,48,19.22,Online
APP001023,CUST004189,2024-09-28,Debt Consolidation,19000,24,19.61,Broker
APP001024,CUST002779,2024-09-07,Home Renovation,2500,24,20.41,Online
APP001025,CUST002847,2024-02-07,Medical,47000,24,9.93,Broker
APP001026,CUST002748,2024-11-16,Car Purchase,12500,36,7.96,Online
APP001027,CUST002116,2024-05-05,Home Renovation,25000,36,10.37,Online
APP001028,CUST004057,2024-01-02,Car Purchase,12500,36,18.31,Broker
APP001029,CUST001982,2023-06-11,Home Renovation,31500,12,11.91,Branch
APP001030,CUST004239,2024-12-17,Travel,14500,24,16.01,Branch
APP001031,CUST002111,2024-10-31,Other,9000,24,12.97,Branch
APP001032,CUST003006,2024-12-20,Car Purchase,15500,36,9.05,Online
APP001033,CUST004840,2024-02-01,Car Purchase,14000,48,20.93,Broker
APP001034,CUST001010,2024-11-19,Travel,44500,36,10.42,Broker
APP001035,CUST002765,2024-04-16,Car Purchase,38500,48,19.31,Online
APP001036,CUST005473,2024-07-25,Debt Consolidation,18000,24,18.68,Broker
APP001037,CUST003582,2024-09-21,Debt Consolidation,2000,36,20.86,Broker
APP001038,CUST005673,2024-02-22,Debt Consolidation,29000,12,12.15,Online
APP001039,CUST001264,2024-11-25,Car Purchase,14000,48,19.81,Online
APP001040,CUST001949,2024-04-14,Debt Consolidation,48500,24,12.8,Broker
APP001041,CUST005497,2023-03-29,Debt Consolidation,7500,60,11.57,Branch
APP001042,CUST002884,2024-02-24,Debt Consolidation,23000,36,14.85,Online
APP001043,CUST001832,2023-04-10,Debt Consolidation,40500,24,8.6,Branch
APP001044,CUST002186,2023-01-28,Home Renovation,6000,36,17.92,Online
APP001045,CUST002417,2023-10-24,Car Purchase,48000,48,22.31,Broker
APP001046,CUST005413,2023-05-01,Home Renovation,27000,48,17.5,Broker
APP001047,CUST001264,2023-04-05,Debt Consolidation,49500,24,14.7,Online
APP001048,CUST001963,2023-12-28,Debt Consolidation,32500,36,11.38,Online
APP001049,CUST000417,2024-05-07,Car Purchase,14500,36,18.2,Broker
APP001050,CUST005252,2024-05-26,Home Renovation,34000,48,18.51,Online
APP001051,CUST004193,2023-12-25,Wedding,4500,24,12.25,Online
APP001052,CUST000980,2024-11-02,Travel,5500,36,17.8,Branch
APP001053,CUST001571,2023-01-10,Debt Consolidation,10000,48,11.77,Broker
APP001054,CUST001299,2024-05-05,Travel,50000,36,9.13,Online
APP001055,CUST002317,2023-03-04,Other,20500,36,9.14,Online
APP001056,CUST000902,2024-10-30,Debt Consolidation,21000,60,12.82,Branch
APP001057,CUST005183,2024-11-11,Debt Consolidation,33000,48,15.15,Broker
APP001058,CUST002428,2023-10-04,Debt Consolidation,40500,24,14.09,Online
APP001059,CUST005546,2023-06-20,Debt Consolidation,46500,36,14.26,Broker
APP001060,CUST001336,2023-06-01,Car Purchase,42500,36,17.43,Branch
APP001061,CUST000989,2024-12-04,Debt Consolidation,19500,36,14.6,Branch
APP001062,CUST001563,2024-12-03,Travel,15500,36,9.12,Broker
APP001063,CUST005252,2024-03-24,Wedding,49500,36,18.13,Online
APP001064,CUST002373,2023-08-24,Car Purchase,49500,48,20.19,Broker
APP001065,CUST003500,2023-03-27,Debt Consolidation,40000,48,7.89,Online
APP001066,CUST004163,2024-12-08,Home Renovation,39000,60,18.03,Online
APP001067,CUST000538,2024-12-07,Other,25000,48,17.53,Online
APP001068,CUST005809,2024-12-13,Other,36000,36,20.61,Online
APP001069,CUST002506,2023-08-11,Car Purchase,42000,36,20.77,Online
APP001070,CUST003092,2023-11-09,Home Renovation,31000,36,17.24,Online
APP001071,CUST002505,2024-04-06,Medical,33000,48,19.7,Branch
APP001072,CUST003667,2024-03-07,Debt Consolidation,36000,48,17.61,Online
APP001073,CUST001371,2023-09-15,Car Purchase,46000,24,14.34,Online
APP001074,CUST002850,2023-12-03,Debt Consolidation,27000,48,17.46,Online
APP001075,CUST002481,2024-06-28,Wedding,38500,12,11.12,Online
APP001076,CUST004915,2024-09-06,Debt Consolidation,2000,24,15.51,Online
APP001077,CUST002789,2023-06-17,Home Renovation,3000,24,9.92,Broker
APP001078,CUST001523,2024-10-02,Home Renovation,13500,48,16.24,Branch
APP001079,CUST000855,2023-03-31,Other,19500,48,17.79,Online
APP001080,CUST004679,2023-02-02,Debt Consolidation,46000,12,12.45,Online
APP001081,CUST002151,2024-01-11,Debt Consolidation,10000,60,16.85,Online
APP001082,CUST002540,2024-11-11,Home Renovation,13500,60,9.55,Online
APP001083,CUST001910,2024-05-25,Car Purchase,5000,60,12.26,Branch
APP001084,CUST003493,2023-03-06,Home Renovation,29500,24,22.16,Online
APP001085,CUST000911,2023-08-01,Travel,14500,48,19.55,Online
APP001086,CUST003861,2024-03-28,Other,28500,24,16.09,Broker
APP001087,CUST005513,2023-11-26,Debt Consolidation,11500,36,19.8,Branch
APP001088,CUST005652,2023-11-28,Other,49500,24,17.69,Online
APP001089,CUST001048,2024-05-12,Debt Consolidation,3500,48,13.29,Branch
APP001090,CUST002903,2023-07-10,Debt Consolidation,25500,12,10.37,Online
APP001091,CUST000845,2023-09-06,Home Renovation,41000,24,12.99,Online
APP001092,CUST004105,2024-06-18,Car Purchase,36500,48,22.27,Branch
APP001093,CUST003462,2024-11-30,Car Purchase,4500,24,11.77,Branch
APP001094,CUST000353,2023-09-18,Travel,6500,60,8.28,Online
APP001095,CUST004872,2024-07-22,Medical,34000,24,22.34,Online
APP001096,CUST001994,2023-07-04,Medical,11000,48,9.11,Online
APP001097,CUST002332,2024-12-07,Debt Consolidation,15000,60,13.0,Online
APP001098,CUST001642,2024-11-16,Debt Consolidation,24500,24,17.3,Broker
APP001099,CUST005507,2023-01-25,Home Renovation,48500,12,13.79,Branch
APP001100,CUST003842,2024-04-24,Car Purchase,50000,24,10.68,Branch
APP001101,CUST001354,2024-03-28,Other,16000,24,9.23,Online
APP001102,CUST001677,2024-03-25,Debt Consolidation,7500,48,21.29,Branch
APP001103,CUST001354,2024-07-11,Car Purchase,3000,24,13.58,Branch
APP001104,CUST002294,2024-02-29,Debt Consolidation,16000,24,17.57,Broker
APP001105,CUST002596,2023-02-17,Wedding,14500,36,21.64,Branch
APP001106,CUST002387,2023-03-19,Wedding,41500,24,16.27,Branch
APP001107,CUST005756,2024-12-26,Travel,16500,12,19.03,Branch
APP001108,CUST001814,2023-04-19,Debt Consolidation,37000,36,12.78,Online
APP001109,CUST003815,2023-06-19,Debt Consolidation,29000,12,11.54,Online
APP001110,CUST003410,2024-06-20,Travel,47500,24,13.84,Branch
APP001111,CUST003098,2024-01-03,Travel,39500,36,17.65,Branch
APP001112,CUST004577,2023-09-14,Car Purchase,5500,24,13.27,Branch
APP001113,CUST002246,2024-01-08,Debt Consolidation,38500,24,11.35,Online
APP001114,CUST001821,2024-08-25,Travel,31500,36,21.86,Branch
APP001115,CUST000418,2023-12-22,Other,38000,36,17.41,Branch
APP001116,CUST002159,2024-11-26,Wedding,30500,60,9.52,Branch
APP001117,CUST004203,2023-09-05,Wedding,50000,12,8.82,Online
APP001118,CUST001430,2023-03-16,Debt Consolidation,5000,36,9.06,Online
APP001119,CUST000621,2023-01-23,Debt Consolidation,33500,60,21.04,Broker
APP001120,CUST002761,2023-10-09,Other,25500,60,9.73,Branch
APP001121,CUST004907,2024-12-16,Car Purchase,3500,24,21.85,Online
APP001122,CUST002335,2023-03-22,Travel,18500,48,8.59,Broker
APP001123,CUST000242,2024-06-14,Debt Consolidation,30000,24,18.55,Online
APP001124,CUST004294,2023-12-23,Car Purchase,38000,36,11.24,Branch
APP001125,CUST004206,2023-11-17,Debt Consolidation,38000,36,10.96,Online
APP001126,CUST001463,2023-05-06,Debt Consolidation,28500,24,9.49,Online
APP001127,CUST000979,2023-05-30,Other,30500,24,16.56,Branch
APP001128,CUST000861,2023-05-27,Car Purchase,23500,36,12.63,Broker
APP001129,CUST002539,2023-02-27,Wedding,43500,36,11.13,Broker
APP001130,CUST005161,2024-02-12,Debt Consolidation,36500,24,21.56,Branch
APP001131,CUST001491,2024-05-31,Home Renovation,33000,36,10.6,Broker
APP001132,CUST004978,2024-04-01,Car Purchase,45500,24,8.14,Branch
APP001133,CUST000565,2024-10-16,Debt Consolidation,11000,36,21.75,Branch
APP001134,CUST003347,2024-09-01,Wedding,31000,36,18.88,Broker
APP001135,CUST001990,2023-01-23,Car Purchase,33000,36,17.04,Broker
APP001136,CUST000530,2023-09-25,Other,49000,48,19.2,Online
APP001137,CUST003103,2023-07-25,Home Renovation,25000,12,20.18,Broker
APP001138,CUST000165,2023-10-16,Travel,17500,60,7.54,Broker
APP001139,CUST005726,2023-01-04,Debt Consolidation,25500,12,15.4,Online
APP001140,CUST000181,2024-08-21,Debt Consolidation,15500,48,15.15,Online
APP001141,CUST004456,2024-04-22,Car Purchase,23000,24,12.06,Online
APP001142,CUST005309,2023-05-26,Other,41000,12,9.94,Branch
APP001143,CUST005280,2024-05-04,Medical,46000,24,18.75,Branch
APP001144,CUST002983,2023-03-17,Travel,2500,24,21.11,Broker
APP001145,CUST002727,2024-08-03,Debt Consolidation,34000,24,12.52,Broker
APP001146,CUST005115,2023-04-27,Home Renovation,9000,12,17.11,Broker
APP001147,CUST005113,2024-10-04,Wedding,34000,24,12.42,Online
APP001148,CUST001747,2023-12-13,Travel,13500,24,12.56,Broker
APP001149,CUST000033,2024-02-24,Travel,41000,12,7.61,Broker
APP001150,CUST005759,2024-05-28,Home Renovation,17500,36,9.81,Broker
APP001151,CUST004521,2023-10-02,Debt Consolidation,33500,36,16.24,Branch
APP001152,CUST005330,2024-02-19,Home Renovation,13500,48,14.7,Online
APP001153,CUST001266,2023-01-25,Car Purchase,4000,60,18.35,Online
APP001154,CUST002840,2023-06-26,Car Purchase,23000,24,16.97,Broker
APP001155,CUST000985,2024-06-06,Medical,16500,12,18.69,Online
APP001156,CUST002287,2023-07-04,Debt Consolidation,3500,36,11.37,Broker
APP001157,CUST005500,2023-02-27,Other,15500,48,13.54,Branch
APP001158,CUST002107,2023-07-10,Car Purchase,49000,24,17.03,Online
APP001159,CUST004325,2023-11-11,Car Purchase,36000,12,20.04,Online
APP001160,CUST000666,2024-09-08,Car Purchase,16000,60,17.41,Online
APP001161,CUST003579,2024-04-12,Home Renovation,11000,36,18.98,Online
APP001162,CUST004112,2024-06-11,Debt Consolidation,15500,48,8.65,Broker
APP001163,CUST004436,2023-11-28,Wedding,17500,12,22.08,Broker
APP001164,CUST002903,2024-08-11,Car Purchase,20500,12,18.15,Broker
APP001165,CUST005263,2023-07-28,Medical,27500,48,14.3,Branch
APP001166,CUST005988,2023-10-17,Debt Consolidation,5500,36,22.09,Online
APP001167,CUST005819,2024-12-09,Other,46500,24,15.04,Broker
APP001168,CUST003120,2023-04-20,Debt Consolidation,19500,12,11.86,Broker
APP001169,CUST000415,2023-06-08,Home Renovation,47000,36,19.29,Online
APP001170,CUST000443,2023-05-18,Debt Consolidation,39500,12,8.71,Online
APP001171,CUST002627,2023-08-04,Home Renovation,33000,48,11.71,Branch
APP001172,CUST001904,2024-12-15,Debt Consolidation,35500,48,16.83,Broker
APP001173,CUST003670,2024-09-10,Car Purchase,13000,48,8.4,Broker
APP001174,CUST001923,2023-01-02,Debt Consolidation,24000,36,8.69,Branch
APP001175,CUST004597,2024-05-06,Home Renovation,17500,12,15.15,Online
APP001176,CUST003864,2024-12-21,Travel,35000,24,8.12,Online
APP001177,CUST004937,2023-02-27,Debt Consolidation,21500,36,11.94,Online
APP001178,CUST005961,2023-09-17,Car Purchase,27000,36,19.59,Online
APP001179,CUST005470,2024-11-10,Home Renovation,18500,36,10.8,Branch
APP001180,CUST001288,2023-01-03,Other,35500,60,9.38,Branch
APP001181,CUST000987,2023-05-14,Debt Consolidation,39000,48,13.45,Online
APP001182,CUST005235,2023-01-21,Debt Consolidation,47500,60,12.75,Broker
APP001183,CUST000354,2024-01-30,Debt Consolidation,2500,24,14.02,Broker
APP001184,CUST003077,2024-11-23,Wedding,44500,36,18.7,Broker
APP001185,CUST003885,2024-02-12,Home Renovation,24500,48,10.43,Branch
APP001186,CUST004060,2024-04-12,Travel,17000,48,9.0,Online
APP001187,CUST002203,2024-06-20,Home Renovation,17500,24,13.36,Online
APP001188,CUST001585,2023-04-06,Car Purchase,22000,48,15.67,Online
APP001189,CUST004238,2023-03-28,Car Purchase,28500,36,18.15,Broker
APP001190,CUST000776,2023-01-02,Travel,21500,48,21.41,Broker
APP001191,CUST003542,2023-08-31,Home Renovation,28500,48,16.2,Branch
APP001192,CUST002710,2024-01-29,Car Purchase,30000,48,7.89,Broker
APP001193,CUST004787,2024-05-28,Car Purchase,31000,48,13.73,Branch
APP001194,CUST001943,2024-02-03,Debt Consolidation,43000,60,16.6,Online
APP001195,CUST001380,2024-05-13,Home Renovation,33500,48,15.39,Branch
APP001196,CUST000058,2024-10-13,Debt Consolidation,29000,24,11.57,Branch
APP001197,CUST000598,2024-10-31,Wedding,48500,36,9.39,Online
APP001198,CUST000633,2023-11-03,Other,43000,36,15.53,Broker
APP001199,CUST003023,2023-10-06,Debt Consolidation,43000,60,21.24,Online
APP001200,CUST005021,2023-02-26,Home Renovation,7500,48,10.42,Online
APP001201,CUST004070,2023-04-17,Car Purchase,28500,60,21.55,Online
APP001202,CUST002243,2024-10-23,Home Renovation,43000,60,22.08,Online
APP001203,CUST000649,2024-07-19,Debt Consolidation,48000,24,22.33,Online
APP001204,CUST003683,2024-03-12,Debt Consolidation,44500,48,16.78,Online
APP001205,CUST002595,2023-01-28,Debt Consolidation,39500,24,7.82,Online
APP001206,CUST000297,2024-03-29,Travel,14500,36,21.69,Branch
APP001207,CUST003949,2023-03-23,Home Renovation,10000,36,19.6,Online
APP001208,CUST005028,2023-05-16,Debt Consolidation,16000,24,7.67,Branch
APP001209,CUST004139,2024-03-23,Car Purchase,40500,12,10.6,Online
APP001210,CUST005803,2024-01-09,Home Renovation,32000,24,12.27,Branch
APP001211,CUST001293,2024-07-23,Debt Consolidation,19000,36,10.36,Broker
APP001212,CUST000601,2023-05-24,Car Purchase,6000,48,18.73,Online
APP001213,CUST003227,2023-03-14,Debt Consolidation,11000,36,8.43,Broker
APP001214,CUST004008,2024-10-02,Car Purchase,49500,48,17.44,Online
APP001215,CUST003993,2023-06-29,Home Renovation,15000,60,11.79,Broker
APP001216,CUST002530,2024-04-27,Home Renovation,11000,12,17.54,Branch
APP001217,CUST005110,2024-11-16,Home Renovation,31500,24,19.59,Branch
APP001218,CUST005565,2024-07-30,Wedding,29500,60,9.47,Online
APP001219,CUST005343,2024-10-04,Home Renovation,48500,60,18.81,Broker
APP001220,CUST004044,2024-11-22,Medical,2000,36,20.77,Online
APP001221,CUST004346,2024-01-31,Car Purchase,11500,48,12.72,Broker
APP001222,CUST001002,2023-07-20,Debt Consolidation,20000,24,10.96,Broker
APP001223,CUST003894,2024-04-17,Home Renovation,34500,12,19.13,Branch
APP001224,CUST001057,2024-02-15,Debt Consolidation,20000,36,18.96,Branch
APP001225,CUST004300,2023-10-16,Other,49500,48,19.88,Branch
APP001226,CUST000697,2023-04-13,Travel,4000,60,15.04,Online
APP001227,CUST005662,2023-12-27,Other,40000,12,13.39,Branch
APP001228,CUST000527,2024-05-01,Debt Consolidation,43500,60,21.67,Broker
APP001229,CUST004404,2024-04-07,Home Renovation,26000,48,9.68,Broker
APP001230,CUST000891,2023-10-02,Debt Consolidation,4000,36,18.39,Broker
APP001231,CUST000333,2023-08-16,Home Renovation,30500,60,22.42,Online
APP001232,CUST001280,2024-07-24,Home Renovation,25500,48,15.51,Online
APP001233,CUST002074,2023-05-04,Travel,27500,36,20.9,Broker
APP001234,CUST002996,2024-01-08,Car Purchase,18500,12,20.94,Online
APP001235,CUST002540,2023-11-19,Debt Consolidation,20000,60,9.95,Branch
APP001236,CUST002311,2024-10-05,Wedding,41500,24,15.72,Branch
APP001237,CUST005443,2024-10-14,Medical,44500,36,17.37,Online
APP001238,CUST004690,2024-12-29,Travel,33500,48,15.15,Broker
APP001239,CUST003951,2024-10-17,Debt Consolidation,24500,24,14.28,Online
APP001240,CUST003896,2024-07-25,Debt Consolidation,47500,24,14.51,Branch
APP001241,CUST004159,2023-08-13,Medical,38000,60,10.95,Branch
APP001242,CUST005627,2024-05-13,Travel,46500,36,20.11,Online
APP001243,CUST002963,2023-01-15,Debt Consolidation,32500,24,21.59,Online
APP001244,CUST005005,2023-07-16,Wedding,24500,12,12.11,Branch
APP001245,CUST005644,2023-02-01,Car Purchase,8000,48,18.76,Branch
APP001246,CUST005951,2024-08-08,Medical,10500,24,12.5,Broker
APP001247,CUST005177,2024-09-04,Other,49500,12,9.21,Online
APP001248,CUST001538,2023-01-19,Debt Consolidation,39500,24,10.71,Broker
APP001249,CUST001005,2023-12-01,Home Renovation,18500,36,21.56,Online
APP001250,CUST001212,2024-06-11,Travel,23000,48,11.27,Branch
APP001251,CUST000268,2023-11-25,Debt Consolidation,22500,24,10.33,Branch
APP001252,CUST003732,2023-11-17,Car Purchase,10000,24,8.64,Online
APP001253,CUST004146,2024-11-07,Debt Consolidation,14000,36,19.2,Branch
APP001254,CUST000823,2024-09-29,Other,16000,60,11.96,Broker
APP001255,CUST000096,2023-06-20,Wedding,26500,12,18.18,Branch
APP001256,CUST000462,2023-04-22,Wedding,25000,48,19.85,Branch
APP001257,CUST001139,2023-12-05,Wedding,38000,36,15.09,Broker
APP001258,CUST001060,2023-03-26,Debt Consolidation,19000,24,17.9,Broker
APP001259,CUST002079,2024-10-21,Car Purchase,27500,24,21.47,Branch
APP001260,CUST003653,2023-02-07,Debt Consolidation,25000,60,13.35,Online
APP001261,CUST004124,2024-10-21,Wedding,8500,60,11.56,Online
APP001262,CUST001439,2023-10-10,Debt Consolidation,12000,36,9.2,Broker
APP001263,CUST004350,2024-12-08,Debt Consolidation,38000,24,15.09,Broker
APP001264,CUST000202,2024-08-29,Travel,39500,60,14.21,Broker
APP001265,CUST002284,2023-10-05,Home Renovation,18500,60,22.39,Online
APP001266,CUST000798,2024-02-08,Home Renovation,3000,48,17.58,Broker
APP001267,CUST000857,2024-03-30,Wedding,21000,24,7.85,Broker
APP001268,CUST001397,2023-02-06,Car Purchase,12500,24,13.37,Broker
APP001269,CUST000300,2023-10-12,Home Renovation,18000,60,13.77,Branch
APP001270,CUST003554,2024-05-18,Car Purchase,13000,12,9.31,Online
APP001271,CUST003285,2024-04-11,Home Renovation,28000,48,21.16,Broker
APP001272,CUST005613,2024-07-11,Debt Consolidation,46000,12,9.43,Online
APP001273,CUST000480,2024-06-07,Debt Consolidation,3000,24,9.88,Broker
APP001274,CUST000896,2023-12-06,Debt Consolidation,22500,24,9.86,Branch
APP001275,CUST003921,2023-01-11,Home Renovation,15500,48,11.57,Branch
APP001276,CUST003914,2024-06-08,Car Purchase,10000,48,21.11,Broker
APP001277,CUST000224,2023-02-16,Medical,23500,36,19.8,Online
APP001278,CUST001510,2023-11-11,Home Renovation,42500,24,12.69,Branch
APP001279,CUST002321,2023-11-13,Home Renovation,38000,24,9.81,Online
APP001280,CUST000616,2024-12-01,Debt Consolidation,9000,60,18.06,Online
APP001281,CUST004260,2023-08-16,Home Renovation,15000,36,7.7,Branch
APP001282,CUST001564,2023-08-13,Home Renovation,36500,48,18.26,Broker
APP001283,CUST003814,2023-07-02,Wedding,8000,36,12.08,Online
APP001284,CUST005337,2023-10-07,Home Renovation,34000,12,11.49,Broker
APP001285,CUST003068,2024-11-01,Home Renovation,43500,24,14.67,Branch
APP001286,CUST003812,2024-09-03,Debt Consolidation,3000,60,19.17,Branch
APP001287,CUST003376,2024-07-03,Debt Consolidation,13500,36,16.66,Online
APP001288,CUST004441,2023-12-01,Travel,35500,36,19.38,Branch
APP001289,CUST005361,2023-12-21,Home Renovation,30500,24,9.78,Branch
APP001290,CUST000222,2024-08-28,Medical,5500,24,15.99,Online
APP001291,CUST000325,2023-09-02,Other,19500,24,19.04,Online
APP001292,CUST004016,2023-05-18,Debt Consolidation,47000,48,20.02,Online
APP001293,CUST004286,2023-01-12,Debt Consolidation,35500,60,11.19,Branch
APP001294,CUST000040,2024-09-03,Car Purchase,5500,48,16.46,Online
APP001295,CUST001864,2024-12-23,Car Purchase,40000,24,10.65,Branch
APP001296,CUST000374,2023-05-17,Wedding,29500,36,20.58,Branch
APP001297,CUST000928,2023-06-17,Car Purchase,17500,48,18.29,Broker
APP001298,CUST003533,2023-09-05,Debt Consolidation,30500,48,15.35,Online
APP001299,CUST005157,2023-07-12,Travel,35000,48,17.43,Online
APP001300,CUST001874,2023-06-06,Car Purchase,25500,48,22.13,Broker
APP001301,CUST004635,2023-05-15,Other,35500,24,8.88,Branch
APP001302,CUST003619,2023-04-19,Debt Consolidation,11000,36,15.52,Online
APP001303,CUST005996,2024-07-08,Travel,22500,48,10.98,Branch
APP001304,CUST002579,2024-06-21,Debt Consolidation,3500,24,14.51,Broker
APP001305,CUST000517,2023-02-06,Debt Consolidation,19000,36,11.01,Broker
APP001306,CUST003892,2024-06-16,Home Renovation,40000,24,13.95,Online
APP001307,CUST003669,2024-05-30,Car Purchase,43000,36,18.12,Broker
APP001308,CUST004852,2023-05-19,Other,25000,24,14.72,Broker
APP001309,CUST000580,2023-04-12,Car Purchase,13000,60,17.07,Branch
APP001310,CUST003086,2023-09-03,Wedding,21000,48,11.82,Broker
APP001311,CUST004317,2024-07-09,Debt Consolidation,32500,12,17.48,Online
APP001312,CUST001526,2024-09-20,Wedding,9000,12,10.36,Online
APP001313,CUST000781,2024-03-11,Debt Consolidation,15500,36,17.2,Online
APP001314,CUST002183,2024-01-03,Other,42000,48,10.41,Broker
APP001315,CUST001652,2024-11-24,Debt Consolidation,5000,12,12.48,Online
APP001316,CUST001108,2024-11-17,Travel,49000,60,22.24,Broker
APP001317,CUST004980,2023-08-18,Car Purchase,18500,24,15.85,Online
APP001318,CUST004623,2023-01-06,Wedding,16000,36,8.44,Online
APP001319,CUST004084,2024-02-17,Home Renovation,3000,60,15.0,Online
APP001320,CUST001323,2024-04-25,Car Purchase,11000,36,13.82,Branch
APP001321,CUST001724,2023-02-24,Other,40000,36,12.94,Online
APP001322,CUST000127,2024-05-11,Car Purchase,16000,48,8.8,Branch
APP001323,CUST001164,2023-08-29,Home Renovation,3000,48,12.48,Online
APP001324,CUST005744,2024-11-12,Medical,47000,48,21.77,Broker
APP001325,CUST000710,2024-06-25,Car Purchase,24500,24,17.0,Broker
APP001326,CUST004088,2023-01-25,Home Renovation,45000,24,9.49,Online
APP001327,CUST003464,2024-10-21,Car Purchase,26000,24,7.97,Online
APP001328,CUST001528,2024-02-26,Car Purchase,14000,36,21.89,Online
APP001329,CUST003235,2023-09-24,Car Purchase,21000,12,12.03,Online
APP001330,CUST003327,2024-07-24,Other,46000,36,15.25,Branch
APP001331,CUST004823,2023-02-02,Home Renovation,36500,48,18.77,Online
APP001332,CUST004343,2023-07-17,Home Renovation,29000,48,15.47,Branch
APP001333,CUST001965,2023-09-17,Debt Consolidation,48500,12,20.07,Online
APP001334,CUST001368,2024-04-13,Car Purchase,34500,24,11.56,Online
APP001335,CUST003768,2024-03-06,Debt Consolidation,29500,12,13.0,Online
APP001336,CUST003994,2024-09-22,Home Renovation,12500,60,22.28,Branch
APP001337,CUST000975,2024-04-02,Home Renovation,15000,48,20.8,Online
APP001338,CUST004371,2024-02-03,Travel,47000,24,20.43,Online
APP001339,CUST001385,2024-10-13,Home Renovation,34000,36,12.8,Online
APP001340,CUST004744,2024-05-07,Wedding,24500,24,15.06,Branch
APP001341,CUST000972,2023-07-02,Travel,23500,36,14.67,Branch
APP001342,CUST001712,2023-07-03,Home Renovation,27500,36,12.43,Branch
APP001343,CUST000076,2023-06-21,Car Purchase,9000,24,13.24,Branch
APP001344,CUST003300,2024-04-17,Car Purchase,21500,36,21.06,Online
APP001345,CUST004493,2023-04-15,Travel,4500,36,12.9,Broker
APP001346,CUST005338,2023-07-08,Debt Consolidation,10500,24,21.74,Branch
APP001347,CUST005837,2023-05-14,Car Purchase,49500,24,19.52,Online
APP001348,CUST000085,2023-11-25,Travel,41000,36,9.63,Branch
APP001349,CUST001890,2023-01-11,Travel,36500,24,10.14,Broker
APP001350,CUST001762,2023-04-05,Debt Consolidation,48500,48,8.06,Online
APP001351,CUST001991,2023-08-13,Car Purchase,8500,12,8.9,Online
APP001352,CUST001465,2023-12-10,Car Purchase,6000,36,21.87,Branch
APP001353,CUST002106,2023-03-17,Debt Consolidation,7500,60,16.09,Broker
APP001354,CUST002367,2023-11-01,Home Renovation,26000,60,16.34,Broker
APP001355,CUST000024,2024-07-26,Debt Consolidation,4500,36,8.96,Broker
APP001356,CUST003112,2023-08-05,Other,17000,24,8.99,Broker
APP001357,CUST004441,2024-01-20,Car Purchase,21000,36,19.17,Broker
APP001358,CUST003047,2024-11-19,Other,29500,48,15.65,Online
APP001359,CUST005660,2023-06-30,Debt Consolidation,30000,36,19.75,Online
APP001360,CUST000376,2023-02-15,Other,45000,36,20.34,Branch
APP001361,CUST003769,2024-12-10,Car Purchase,44500,60,10.44,Branch
APP001362,CUST000805,2024-03-20,Debt Consolidation,2000,24,13.64,Broker
APP001363,CUST000296,2024-12-05,Debt Consolidation,10500,60,13.67,Branch
APP001364,CUST000308,2024-06-24,Debt Consolidation,39500,36,13.02,Online
APP001365,CUST000794,2023-08-29,Debt Consolidation,23500,36,15.3,Branch
APP001366,CUST004229,2023-01-07,Debt Consolidation,46000,36,20.73,Branch
APP001367,CUST005133,2024-07-18,Medical,44500,48,19.61,Broker
APP001368,CUST003223,2024-04-12,Home Renovation,44000,36,9.87,Broker
APP001369,CUST004372,2023-05-16,Medical,22500,36,18.41,Branch
APP001370,CUST000664,2023-04-06,Debt Consolidation,16000,60,10.68,Branch
APP001371,CUST001009,2023-08-12,Travel,38000,36,13.52,Online
APP001372,CUST000160,2024-07-05,Wedding,25000,60,14.56,Branch
APP001373,CUST003406,2023-06-20,Debt Consolidation,12000,24,14.7,Broker
APP001374,CUST003940,2024-10-18,Car Purchase,44500,24,19.8,Broker
APP001375,CUST002887,2023-03-13,Debt Consolidation,24500,36,10.16,Online
APP001376,CUST004225,2024-07-01,Wedding,36500,60,20.85,Broker
APP001377,CUST000922,2024-11-01,Debt Consolidation,10000,48,12.99,Branch
APP001378,CUST005024,2023-03-09,Car Purchase,23000,12,15.35,Online
APP001379,CUST000078,2024-10-26,Wedding,10000,12,12.16,Online
APP001380,CUST004288,2023-04-21,Car Purchase,33500,48,10.9,Broker
APP001381,CUST001804,2024-02-03,Car Purchase,10000,36,14.86,Online
APP001382,CUST005187,2024-03-02,Wedding,48500,60,20.63,Branch
APP001383,CUST002062,2024-02-19,Wedding,2000,12,19.8,Online
APP001384,CUST004836,2023-05-02,Medical,18000,36,11.62,Online
APP001385,CUST000334,2023-04-13,Car Purchase,15000,48,21.94,Online
APP001386,CUST002693,2024-05-25,Debt Consolidation,27500,60,11.41,Broker
APP001387,CUST005178,2024-07-01,Wedding,22000,24,19.31,Online
APP001388,CUST005773,2024-10-07,Debt Consolidation,32000,60,8.34,Broker
APP001389,CUST000925,2023-09-11,Home Renovation,2500,36,15.8,Online
APP001390,CUST000655,2024-06-20,Car Purchase,39000,48,19.09,Online
APP001391,CUST003772,2023-08-29,Medical,44000,24,16.23,Branch
APP001392,CUST002983,2023-02-16,Travel,17000,36,10.12,Branch
APP001393,CUST004181,2023-12-05,Travel,4500,36,14.45,Online
APP001394,CUST001916,2024-01-03,Home Renovation,19500,24,11.31,Branch
APP001395,CUST000031,2023-08-06,Car Purchase,32000,60,14.75,Broker
APP001396,CUST005264,2024-04-11,Debt Consolidation,13500,60,17.2,Online
APP001397,CUST000880,2024-08-15,Home Renovation,19000,60,17.3,Online
APP001398,CUST005727,2024-01-29,Debt Consolidation,5500,48,17.38,Online
APP001399,CUST002140,2024-03-01,Other,35000,60,15.24,Online
APP001400,CUST004290,2024-01-14,Car Purchase,31000,60,10.97,Online
APP001401,CUST002892,2023-06-27,Debt Consolidation,47500,48,10.2,Branch
APP001402,CUST003483,2023-09-27,Medical,10500,36,8.73,Online
APP001403,CUST001887,2023-05-17,Debt Consolidation,43500,48,21.31,Online
APP001404,CUST002164,2024-11-25,Car Purchase,36000,24,16.51,Online
APP001405,CUST002845,2023-08-24,Debt Consolidation,14000,60,21.98,Online
APP001406,CUST004395,2023-12-31,Car Purchase,3500,36,13.89,Broker
APP001407,CUST001277,2023-06-09,Car Purchase,12500,24,16.0,Broker
APP001408,CUST000850,2024-02-12,Travel,16500,48,14.53,Online
APP001409,CUST003045,2023-01-02,Wedding,6500,60,17.31,Branch
APP001410,CUST002827,2024-09-19,Travel,38500,36,8.84,Online
APP001411,CUST004001,2023-10-10,Debt Consolidation,50000,12,18.89,Online
APP001412,CUST005384,2024-04-03,Medical,35500,36,10.65,Branch
APP001413,CUST004579,2023-03-24,Car Purchase,6500,60,8.03,Broker
APP001414,CUST003122,2024-01-31,Car Purchase,19500,48,12.49,Branch
APP001415,CUST004405,2024-12-16,Home Renovation,35500,60,20.46,Broker
APP001416,CUST003270,2023-07-08,Debt Consolidation,17500,12,19.31,Broker
APP001417,CUST005290,2023-04-19,Car Purchase,47000,36,12.33,Online
APP001418,CUST005824,2024-05-19,Debt Consolidation,11000,48,13.01,Online
APP001419,CUST003033,2023-04-16,Car Purchase,47500,48,18.11,Broker
APP001420,CUST004319,2024-06-19,Debt Consolidation,5500,48,18.58,Online
APP001421,CUST003991,2024-01-29,Travel,43500,36,9.89,Branch
APP001422,CUST000584,2023-10-11,Home Renovation,28500,24,15.9,Online
APP001423,CUST005492,2024-07-18,Car Purchase,32500,24,11.64,Broker
APP001424,CUST001816,2024-06-02,Car Purchase,8000,24,8.36,Branch
APP001425,CUST001553,2023-01-06,Car Purchase,7000,48,21.09,Branch
APP001426,CUST001976,2023-09-17,Home Renovation,40500,12,16.09,Online
APP001427,CUST003269,2023-08-05,Debt Consolidation,30500,48,8.38,Online
APP001428,CUST005128,2024-11-05,Debt Consolidation,3000,12,13.75,Branch
APP001429,CUST004082,2023-06-16,Debt Consolidation,19000,48,16.64,Branch
APP001430,CUST003625,2023-10-09,Other,49500,24,10.73,Online
APP001431,CUST005708,2024-02-11,Home Renovation,37000,12,12.78,Branch
APP001432,CUST002699,2023-11-18,Wedding,48500,36,14.91,Online
APP001433,CUST001477,2024-11-06,Car Purchase,37000,24,17.98,Branch
APP001434,CUST005728,2023-10-03,Car Purchase,22000,60,15.71,Online
APP001435,CUST001408,2023-06-12,Debt Consolidation,48500,24,10.05,Broker
APP001436,CUST001192,2023-09-08,Travel,22500,24,11.24,Online
APP001437,CUST002867,2024-12-04,Debt Consolidation,4500,24,14.47,Branch
APP001438,CUST002853,2024-11-04,Travel,23000,12,8.07,Online
APP001439,CUST005039,2023-08-06,Wedding,47500,24,13.85,Online
APP001440,CUST004252,2023-04-24,Car Purchase,9500,36,19.86,Branch
APP001441,CUST000195,2024-04-26,Wedding,29500,12,20.26,Online
APP001442,CUST002805,2024-11-27,Debt Consolidation,4000,36,8.21,Branch
APP001443,CUST003420,2024-07-04,Car Purchase,28000,48,11.66,Branch
APP001444,CUST004933,2024-04-09,Car Purchase,23500,12,18.46,Online
APP001445,CUST004645,2024-10-06,Debt Consolidation,45000,48,19.95,Online
APP001446,CUST005905,2024-05-06,Debt Consolidation,32000,36,16.96,Online
APP001447,CUST003816,2023-08-29,Wedding,8500,60,16.25,Broker
APP001448,CUST005152,2024-06-26,Car Purchase,22000,24,8.13,Broker
APP001449,CUST005521,2024-06-02,Travel,16000,24,15.88,Online
APP001450,CUST005780,2023-10-12,Car Purchase,5500,48,8.55,Online
APP001451,CUST004787,2024-11-18,Debt Consolidation,26500,36,11.73,Online
APP001452,CUST002322,2024-07-12,Debt Consolidation,43500,36,18.05,Online
APP001453,CUST004708,2024-03-14,Car Purchase,45500,48,8.66,Online
APP001454,CUST004453,2023-06-22,Medical,7500,36,9.48,Broker
APP001455,CUST005272,2024-11-30,Medical,5500,36,16.38,Branch
APP001456,CUST005186,2024-09-03,Home Renovation,29000,24,9.33,Online
APP001457,CUST005696,2023-04-02,Car Purchase,8500,60,21.86,Online
APP001458,CUST000738,2023-03-13,Debt Consolidation,24000,36,20.6,Online
APP001459,CUST002324,2024-07-30,Debt Consolidation,43000,60,14.37,Online
APP001460,CUST002196,2023-12-12,Debt Consolidation,16500,36,10.3,Online
APP001461,CUST000831,2024-11-26,Medical,23000,60,14.87,Online
APP001462,CUST003735,2024-11-23,Debt Consolidation,13000,60,15.55,Online
APP001463,CUST002972,2024-10-23,Debt Consolidation,38000,24,9.91,Online
APP001464,CUST000058,2024-08-28,Debt Consolidation,29500,48,10.03,Broker
APP001465,CUST002929,2023-12-16,Other,41500,60,10.28,Online
APP001466,CUST003061,2024-04-25,Home Renovation,18000,48,17.6,Broker
APP001467,CUST001483,2024-06-18,Debt Consolidation,32000,12,11.04,Online
APP001468,CUST000563,2024-11-09,Car Purchase,41500,24,17.08,Online
APP001469,CUST004416,2023-06-30,Other,40000,60,9.06,Branch
APP001470,CUST000937,2024-08-02,Home Renovation,27000,36,18.03,Online
APP001471,CUST002434,2024-07-21,Home Renovation,2500,36,15.83,Branch
APP001472,CUST002223,2024-07-06,Debt Consolidation,35500,48,12.11,Online
APP001473,CUST000968,2024-01-11,Other,21000,60,8.03,Online
APP001474,CUST003909,2024-08-16,Car Purchase,34500,24,20.69,Branch
APP001475,CUST000174,2023-02-01,Car Purchase,42000,12,17.28,Broker
APP001476,CUST000615,2024-08-13,Car Purchase,13000,24,22.17,Online
APP001477,CUST004832,2023-02-04,Home Renovation,3000,60,8.82,Broker
APP001478,CUST001244,2024-04-29,Medical,41000,48,14.18,Broker
APP001479,CUST003947,2024-08-25,Wedding,47500,24,7.65,Online
APP001480,CUST003318,2023-07-18,Wedding,42500,36,20.25,Online
APP001481,CUST001757,2023-03-02,Wedding,29000,60,20.09,Broker
APP001482,CUST001675,2023-08-28,Car Purchase,10000,24,16.17,Broker
APP001483,CUST005378,2024-07-03,Debt Consolidation,37000,48,9.35,Online
APP001484,CUST003635,2023-04-19,Debt Consolidation,21500,48,21.16,Broker
APP001485,CUST002230,2024-07-27,Car Purchase,20000,48,12.07,Online
APP001486,CUST000952,2024-06-14,Home Renovation,9500,24,15.72,Broker
APP001487,CUST003588,2023-10-25,Debt Consolidation,16500,24,8.31,Online
APP001488,CUST003672,2023-09-02,Wedding,28000,48,14.53,Broker
APP001489,CUST001327,2024-07-09,Home Renovation,27000,60,19.45,Online
APP001490,CUST004496,2023-01-02,Wedding,30500,48,20.57,Branch
APP001491,CUST001925,2023-10-20,Debt Consolidation,43000,12,9.55,Branch
APP001492,CUST001265,2023-08-23,Debt Consolidation,8500,36,20.52,Branch
APP001493,CUST005862,2024-08-27,Debt Consolidation,23000,36,7.54,Online
APP001494,CUST005175,2024-10-14,Medical,38000,24,13.48,Branch
APP001495,CUST005322,2024-11-30,Wedding,4500,36,16.31,Branch
APP001496,CUST005519,2024-12-10,Home Renovation,15000,48,13.04,Online
APP001497,CUST002649,2024-05-21,Debt Consolidation,7000,24,14.56,Online
APP001498,CUST001843,2024-09-20,Debt Consolidation,47000,60,11.34,Online
APP001499,CUST001516,2024-04-06,Debt Consolidation,25000,12,18.33,Online
APP001500,CUST002061,2023-08-26,Wedding,4500,36,19.48,Broker
APP001501,CUST001718,2024-12-04,Debt Consolidation,41000,24,12.84,Online
APP001502,CUST004367,2024-04-19,Car Purchase,47500,60,8.83,Broker
APP001503,CUST001112,2024-01-28,Debt Consolidation,35000,48,11.0,Online
APP001504,CUST002988,2024-09-24,Debt Consolidation,4000,36,14.26,Online
APP001505,CUST000334,2024-01-27,Home Renovation,39500,36,12.8,Broker
APP001506,CUST005448,2023-03-21,Debt Consolidation,22000,36,9.68,Online
APP001507,CUST005420,2023-06-22,Wedding,9000,24,10.59,Branch
APP001508,CUST001233,2023-06-28,Home Renovation,26500,12,7.67,Online
APP001509,CUST004392,2024-10-16,Travel,14000,48,20.16,Branch
APP001510,CUST004637,2023-02-03,Debt Consolidation,38500,60,21.75,Branch
APP001511,CUST000231,2023-06-06,Medical,15000,36,8.86,Broker
APP001512,CUST005975,2024-06-27,Car Purchase,45500,48,20.14,Online
APP001513,CUST004231,2023-10-19,Car Purchase,34500,48,17.14,Online
APP001514,CUST003570,2023-08-06,Wedding,2500,60,15.17,Branch
APP001515,CUST005793,2024-02-08,Car Purchase,46500,24,12.69,Online
APP001516,CUST000228,2023-10-26,Debt Consolidation,21000,48,14.77,Broker
APP001517,CUST005372,2023-12-31,Travel,23000,48,20.0,Online
APP001518,CUST000841,2024-01-31,Wedding,8000,48,11.43,Broker
APP001519,CUST002192,2023-05-13,Debt Consolidation,13000,60,10.9,Broker
APP001520,CUST005718,2023-06-11,Car Purchase,6500,24,14.51,Broker
APP001521,CUST001851,2024-05-20,Wedding,11500,36,21.12,Online
APP001522,CUST005229,2024-11-29,Other,28500,36,16.41,Online
APP001523,CUST001024,2023-04-13,Home Renovation,4500,36,18.48,Broker
APP001524,CUST000028,2024-05-20,Car Purchase,48000,12,18.97,Branch
APP001525,CUST003339,2023-07-27,Car Purchase,36500,24,18.98,Broker
APP001526,CUST004571,2023-08-12,Travel,6000,36,12.5,Online
APP001527,CUST004549,2023-11-30,Debt Consolidation,14500,24,16.84,Branch
APP001528,CUST004879,2023-02-04,Medical,39000,36,13.63,Online
APP001529,CUST005510,2024-06-28,Travel,14500,48,13.68,Broker
APP001530,CUST005031,2023-11-08,Car Purchase,42000,60,14.02,Online
APP001531,CUST005570,2023-02-12,Other,37000,24,20.04,Broker
APP001532,CUST000763,2024-05-21,Debt Consolidation,28500,48,10.39,Broker
APP001533,CUST000022,2023-09-14,Other,5500,48,15.73,Broker
APP001534,CUST002284,2024-09-24,Car Purchase,20000,60,16.49,Branch
APP001535,CUST002944,2024-04-21,Car Purchase,47000,48,14.09,Branch
APP001536,CUST000048,2023-08-24,Travel,35000,60,9.59,Branch
APP001537,CUST004471,2024-10-17,Medical,26500,48,10.06,Branch
APP001538,CUST001572,2024-03-26,Car Purchase,7000,60,16.82,Online
APP001539,CUST005768,2023-03-30,Debt Consolidation,42500,60,13.25,Online
APP001540,CUST003706,2024-09-07,Medical,31000,24,16.6,Online
APP001541,CUST001638,2024-09-15,Debt Consolidation,25500,36,8.33,Broker
APP001542,CUST005487,2023-02-20,Wedding,41500,36,22.02,Online
APP001543,CUST004682,2023-01-30,Car Purchase,25500,12,18.4,Online
APP001544,CUST001555,2023-10-08,Debt Consolidation,12500,36,20.02,Online
APP001545,CUST005766,2023-04-10,Home Renovation,29000,12,15.87,Branch
APP001546,CUST002779,2023-02-01,Car Purchase,39500,48,9.26,Online
APP001547,CUST004123,2024-11-03,Medical,46500,60,18.4,Broker
APP001548,CUST000804,2023-07-18,Car Purchase,28000,24,15.89,Online
APP001549,CUST001911,2023-10-10,Debt Consolidation,30000,60,8.24,Online
APP001550,CUST005083,2023-11-13,Home Renovation,41500,24,14.02,Broker
APP001551,CUST004923,2023-03-24,Car Purchase,36500,24,12.06,Broker
APP001552,CUST002337,2024-10-31,Wedding,9500,12,17.13,Broker
APP001553,CUST004552,2024-03-18,Car Purchase,32000,12,10.37,Broker
APP001554,CUST004290,2024-04-17,Wedding,40000,24,15.12,Online
APP001555,CUST004870,2023-06-29,Car Purchase,41000,36,16.61,Online
APP001556,CUST005096,2024-07-17,Travel,26500,60,20.78,Branch
APP001557,CUST000544,2024-04-01,Debt Consolidation,41000,24,17.68,Online
APP001558,CUST001293,2023-02-12,Wedding,41000,24,12.39,Online
APP001559,CUST001150,2023-04-17,Home Renovation,20000,36,17.21,Broker
APP001560,CUST002901,2024-11-19,Wedding,12000,48,19.09,Broker
APP001561,CUST002954,2024-07-29,Car Purchase,22500,12,9.68,Online
APP001562,CUST003022,2023-12-16,Travel,35000,36,21.98,Branch
APP001563,CUST001536,2023-07-09,Debt Consolidation,41500,24,10.34,Online
APP001564,CUST004089,2023-07-18,Debt Consolidation,38500,36,10.32,Online
APP001565,CUST002716,2024-12-26,Debt Consolidation,44000,60,19.99,Online
APP001566,CUST003104,2023-09-27,Car Purchase,34500,24,12.35,Broker
APP001567,CUST000493,2023-04-03,Debt Consolidation,10000,60,19.37,Online
APP001568,CUST002544,2024-10-25,Car Purchase,33000,48,8.34,Online
APP001569,CUST002085,2023-05-09,Car Purchase,18500,36,11.91,Broker
APP001570,CUST003612,2024-04-03,Home Renovation,10000,60,8.0,Online
APP001571,CUST001639,2024-08-05,Debt Consolidation,38500,24,15.01,Online
APP001572,CUST000245,2024-12-18,Debt Consolidation,6000,48,9.21,Online
APP001573,CUST001670,2023-12-17,Debt Consolidation,11000,36,15.41,Broker
APP001574,CUST000633,2024-11-29,Travel,24500,36,8.89,Branch
APP001575,CUST002419,2023-05-16,Medical,10000,12,19.94,Online
APP001576,CUST003683,2024-01-08,Car Purchase,48500,48,9.82,Broker
APP001577,CUST004065,2024-02-18,Travel,22000,60,20.55,Online
APP001578,CUST001507,2023-07-28,Debt Consolidation,12500,36,18.69,Broker
APP001579,CUST005632,2024-11-10,Car Purchase,27500,12,17.92,Online
APP001580,CUST004913,2024-04-18,Home Renovation,14500,48,12.87,Online
APP001581,CUST001304,2024-12-13,Debt Consolidation,47000,48,8.77,Branch
APP001582,CUST005167,2023-02-17,Debt Consolidation,26500,24,15.79,Broker
APP001583,CUST000150,2023-07-29,Car Purchase,32500,24,21.16,Online
APP001584,CUST003281,2023-02-15,Other,3000,36,18.73,Branch
APP001585,CUST002299,2023-03-27,Debt Consolidation,39000,36,12.16,Online
APP001586,CUST003899,2023-03-15,Car Purchase,17000,60,9.08,Online
APP001587,CUST004258,2024-03-07,Debt Consolidation,38500,24,13.19,Branch
APP001588,CUST005020,2023-12-09,Debt Consolidation,7000,48,16.01,Online
APP001589,CUST004259,2023-08-11,Car Purchase,35500,48,8.82,Branch
APP001590,CUST004315,2023-12-03,Car Purchase,33500,48,8.62,Broker
APP001591,CUST002087,2024-11-06,Wedding,40500,60,13.45,Broker
APP001592,CUST005849,2024-06-13,Home Renovation,14000,36,17.81,Branch
APP001593,CUST000976,2024-07-08,Debt Consolidation,9500,12,19.68,Broker
APP001594,CUST001664,2023-04-03,Medical,40500,36,18.54,Online
APP001595,CUST001261,2024-05-03,Debt Consolidation,19500,36,9.17,Broker
APP001596,CUST003929,2023-08-23,Debt Consolidation,30000,60,12.1,Broker
APP001597,CUST005744,2024-06-26,Debt Consolidation,10000,60,15.94,Broker
APP001598,CUST000784,2024-09-23,Travel,24500,36,7.54,Online
APP001599,CUST005537,2023-07-21,Home Renovation,21500,48,7.64,Broker
APP001600,CUST001075,2024-10-14,Wedding,25500,36,11.78,Branch
APP001601,CUST002593,2024-02-20,Car Purchase,5000,48,10.04,Online
APP001602,CUST002118,2023-04-14,Debt Consolidation,36000,36,16.86,Branch
APP001603,CUST005535,2024-09-12,Home Renovation,30500,60,8.69,Online
APP001604,CUST004127,2023-01-06,Car Purchase,46000,48,14.89,Broker
APP001605,CUST005088,2024-03-16,Other,47500,24,18.7,Branch
APP001606,CUST003534,2024-09-06,Other,35000,36,9.33,Online
APP001607,CUST003865,2023-01-11,Medical,21000,48,21.85,Online
APP001608,CUST005763,2024-10-28,Debt Consolidation,30000,48,14.53,Broker
APP001609,CUST005203,2023-08-29,Car Purchase,46000,36,13.02,Broker
APP001610,CUST005890,2023-05-20,Wedding,23000,36,19.58,Broker
APP001611,CUST000386,2024-01-14,Debt Consolidation,36000,36,9.66,Online
APP001612,CUST004155,2024-08-13,Home Renovation,21500,12,7.83,Online
APP001613,CUST000082,2024-08-05,Debt Consolidation,37500,36,16.58,Broker
APP001614,CUST005573,2023-08-11,Home Renovation,46500,12,11.82,Broker
APP001615,CUST000539,2024-11-25,Debt Consolidation,15000,36,13.64,Online
APP001616,CUST005818,2023-02-02,Medical,34500,48,18.36,Broker
APP001617,CUST005572,2024-05-22,Home Renovation,32500,36,16.5,Online
APP001618,CUST000823,2023-06-15,Home Renovation,32500,60,14.6,Branch
APP001619,CUST004413,2024-01-21,Debt Consolidation,14500,60,10.53,Online
APP001620,CUST000085,2023-04-28,Debt Consolidation,33000,36,15.62,Broker
APP001621,CUST002852,2024-07-02,Home Renovation,17500,48,18.33,Branch
APP001622,CUST001805,2024-12-20,Debt Consolidation,38500,24,12.72,Broker
APP001623,CUST001798,2024-08-28,Travel,46500,36,15.64,Online
APP001624,CUST000721,2024-08-21,Debt Consolidation,24500,60,17.05,Branch
APP001625,CUST003144,2023-02-12,Home Renovation,39000,60,11.1,Online
APP001626,CUST004316,2024-12-03,Travel,45500,24,8.51,Online
APP001627,CUST005888,2024-10-18,Home Renovation,23000,36,11.99,Branch
APP001628,CUST000101,2023-07-16,Medical,28500,48,21.32,Online
APP001629,CUST001069,2024-08-18,Wedding,15000,48,22.24,Branch
APP001630,CUST003207,2023-04-16,Home Renovation,7000,36,15.47,Online
APP001631,CUST002624,2024-11-19,Medical,8000,12,7.52,Online
APP001632,CUST005549,2023-07-31,Car Purchase,4500,36,14.67,Online
APP001633,CUST005496,2024-06-23,Medical,36000,48,12.23,Online
APP001634,CUST002467,2024-11-18,Medical,28500,48,22.46,Branch
APP001635,CUST001902,2023-06-13,Debt Consolidation,25500,24,19.02,Online
APP001636,CUST003813,2023-12-23,Car Purchase,22000,36,20.05,Online
APP001637,CUST000925,2023-12-27,Wedding,31000,36,14.99,Online
APP001638,CUST004992,2024-06-18,Debt Consolidation,41000,36,14.54,Online
APP001639,CUST001248,2023-05-14,Wedding,28000,48,21.28,Branch
APP001640,CUST003794,2023-07-15,Home Renovation,34500,24,18.03,Online
APP001641,CUST003539,2024-05-01,Car Purchase,43500,12,18.24,Online
APP001642,CUST002069,2023-01-12,Car Purchase,12500,24,8.61,Online
APP001643,CUST004170,2024-07-05,Car Purchase,16000,36,15.32,Online
APP001644,CUST003094,2024-03-28,Travel,36000,24,10.07,Branch
APP001645,CUST000139,2024-02-09,Car Purchase,44500,12,7.93,Broker
APP001646,CUST002774,2023-09-21,Home Renovation,8000,12,16.48,Online
APP001647,CUST003025,2023-02-05,Debt Consolidation,12500,24,10.39,Online
APP001648,CUST001712,2024-04-10,Wedding,5000,48,15.64,Online
APP001649,CUST002325,2023-09-08,Car Purchase,8500,24,19.37,Online
APP001650,CUST002341,2024-04-13,Debt Consolidation,8000,36,14.2,Branch
APP001651,CUST002458,2023-07-30,Car Purchase,24500,48,12.82,Online
APP001652,CUST004162,2023-10-28,Home Renovation,21500,60,7.87,Broker
APP001653,CUST004771,2024-01-15,Other,45000,48,9.67,Branch
APP001654,CUST005789,2024-01-08,Debt Consolidation,20500,24,19.25,Online
APP001655,CUST000978,2023-06-26,Debt Consolidation,45000,24,10.13,Broker
APP001656,CUST005112,2024-10-01,Debt Consolidation,39000,24,21.46,Broker
APP001657,CUST003899,2024-07-01,Car Purchase,18500,36,16.96,Online
APP001658,CUST001417,2023-10-30,Debt Consolidation,18000,48,22.33,Broker
APP001659,CUST001759,2024-04-02,Debt Consolidation,46500,36,15.5,Online
APP001660,CUST001958,2023-09-21,Car Purchase,9000,24,21.74,Online
APP001661,CUST004895,2023-12-20,Debt Consolidation,22500,36,9.09,Branch
APP001662,CUST001765,2024-08-21,Debt Consolidation,45500,60,13.99,Online
APP001663,CUST004665,2023-10-04,Debt Consolidation,11000,36,18.1,Branch
APP001664,CUST002974,2024-10-13,Car Purchase,14500,24,10.82,Online
APP001665,CUST005668,2024-12-16,Home Renovation,8000,48,10.32,Online
APP001666,CUST005576,2024-06-29,Car Purchase,12000,48,10.75,Online
APP001667,CUST003718,2024-01-25,Other,17500,12,16.49,Broker
APP001668,CUST004063,2023-10-28,Home Renovation,18500,36,16.36,Online
APP001669,CUST001015,2023-07-16,Home Renovation,2000,24,10.59,Online
APP001670,CUST001480,2023-05-16,Debt Consolidation,13500,60,7.71,Online
APP001671,CUST001248,2023-06-08,Debt Consolidation,20500,24,22.42,Branch
APP001672,CUST004028,2023-03-13,Home Renovation,43000,36,19.44,Broker
APP001673,CUST002217,2024-04-04,Medical,27500,36,13.2,Online
APP001674,CUST004091,2023-09-21,Debt Consolidation,30000,60,21.32,Online
APP001675,CUST004672,2024-02-03,Car Purchase,42000,48,14.94,Online
APP001676,CUST005889,2024-08-12,Wedding,46000,24,20.13,Branch
APP001677,CUST001369,2023-12-18,Home Renovation,48500,36,17.11,Branch
APP001678,CUST000344,2023-10-27,Travel,19500,24,11.57,Online
APP001679,CUST004802,2024-09-05,Home Renovation,15000,60,13.72,Branch
APP001680,CUST004326,2023-01-09,Travel,23500,12,17.44,Online
APP001681,CUST002866,2024-07-17,Other,15000,24,13.65,Branch
APP001682,CUST004351,2024-10-23,Home Renovation,9500,12,20.63,Branch
APP001683,CUST002408,2024-03-27,Debt Consolidation,6000,36,8.66,Online
APP001684,CUST000269,2023-05-05,Wedding,11000,48,13.09,Broker
APP001685,CUST001090,2024-07-30,Medical,35000,48,19.56,Online
APP001686,CUST000556,2023-02-03,Wedding,38000,36,11.09,Online
APP001687,CUST005150,2024-07-09,Car Purchase,11500,24,21.02,Broker
APP001688,CUST000943,2023-08-28,Travel,38500,12,13.95,Online
APP001689,CUST003040,2024-04-04,Car Purchase,28000,60,14.52,Online
APP001690,CUST002780,2024-03-16,Medical,18500,60,16.12,Online
APP001691,CUST004829,2024-12-13,Debt Consolidation,12500,36,10.24,Online
APP001692,CUST004302,2024-07-30,Debt Consolidation,42500,48,22.17,Branch
APP001693,CUST003470,2024-07-03,Wedding,30500,12,9.88,Online
APP001694,CUST004668,2023-07-30,Home Renovation,25000,36,8.82,Branch
APP001695,CUST004536,2023-11-14,Debt Consolidation,22000,24,19.61,Online
APP001696,CUST003046,2024-09-17,Medical,23000,48,18.87,Broker
APP001697,CUST000663,2024-02-08,Other,29500,12,20.45,Online
APP001698,CUST001279,2024-05-20,Other,31500,48,7.74,Online
APP001699,CUST001593,2023-10-16,Debt Consolidation,29000,24,21.01,Online
APP001700,CUST005189,2023-01-15,Travel,11000,36,10.47,Broker
APP001701,CUST000238,2023-07-25,Debt Consolidation,47500,24,19.73,Branch
APP001702,CUST000817,2024-05-22,Home Renovation,23500,36,13.95,Online
APP001703,CUST000888,2024-06-24,Other,33000,48,20.82,Online
APP001704,CUST005102,2023-10-27,Debt Consolidation,34500,36,8.47,Branch
APP001705,CUST005661,2023-07-10,Debt Consolidation,16000,48,16.26,Online
APP001706,CUST000689,2023-08-01,Home Renovation,28500,12,14.91,Branch
APP001707,CUST003555,2024-09-03,Debt Consolidation,43500,24,21.2,Online
APP001708,CUST003193,2024-10-15,Debt Consolidation,44500,36,15.87,Broker
APP001709,CUST001791,2024-11-04,Debt Consolidation,39000,24,10.71,Broker
APP001710,CUST002254,2024-08-13,Debt Consolidation,38500,60,9.13,Branch
APP001711,CUST000272,2024-01-08,Home Renovation,35500,48,15.08,Online
APP001712,CUST004381,2024-03-29,Travel,13000,36,21.77,Broker
APP001713,CUST000277,2024-05-22,Debt Consolidation,30000,24,18.62,Branch
APP001714,CUST003011,2024-11-17,Wedding,2500,48,19.75,Branch
APP001715,CUST001349,2023-01-04,Debt Consolidation,47500,24,8.63,Online
APP001716,CUST001836,2024-03-31,Home Renovation,44500,36,9.33,Online
APP001717,CUST002706,2023-05-20,Medical,18000,24,17.88,Broker
APP001718,CUST000824,2024-09-19,Debt Consolidation,39000,24,10.41,Online
APP001719,CUST002728,2023-02-27,Home Renovation,12500,12,8.21,Online
APP001720,CUST001052,2023-12-14,Debt Consolidation,7000,36,11.96,Branch
APP001721,CUST000711,2023-04-23,Home Renovation,3000,12,18.21,Branch
APP001722,CUST002340,2024-02-29,Travel,31000,12,22.08,Branch
APP001723,CUST000360,2024-09-22,Debt Consolidation,2500,60,11.52,Online
APP001724,CUST003396,2024-08-22,Travel,2000,36,22.39,Online
APP001725,CUST001696,2024-05-06,Debt Consolidation,40500,48,7.57,Broker
APP001726,CUST005754,2024-06-27,Car Purchase,43000,36,14.02,Online
APP001727,CUST000553,2024-11-08,Car Purchase,6000,48,9.37,Online
APP001728,CUST001023,2023-01-25,Car Purchase,28500,24,7.57,Broker
APP001729,CUST003218,2024-11-23,Car Purchase,20000,24,17.56,Branch
APP001730,CUST000280,2023-04-15,Home Renovation,13500,12,18.92,Online
APP001731,CUST003561,2024-12-30,Other,39500,48,17.08,Broker
APP001732,CUST004180,2023-01-04,Car Purchase,11000,24,14.22,Branch
APP001733,CUST001203,2024-12-01,Travel,18000,60,18.86,Broker
APP001734,CUST005821,2023-10-25,Debt Consolidation,42000,48,14.47,Online
APP001735,CUST002352,2023-12-12,Home Renovation,11000,12,18.79,Branch
APP001736,CUST001375,2023-01-17,Home Renovation,31500,36,20.35,Broker
APP001737,CUST001893,2024-09-06,Travel,8500,36,7.8,Online
APP001738,CUST005245,2023-06-07,Travel,32500,36,10.38,Online
APP001739,CUST002410,2024-02-29,Home Renovation,25000,36,17.67,Branch
APP001740,CUST001472,2023-06-13,Home Renovation,3500,48,17.83,Online
APP001741,CUST000716,2024-09-15,Debt Consolidation,45000,24,19.31,Broker
APP001742,CUST005550,2023-06-18,Other,36500,60,8.86,Branch
APP001743,CUST002444,2024-12-07,Wedding,6000,12,21.97,Online
APP001744,CUST005184,2023-04-13,Wedding,45500,36,12.35,Broker
APP001745,CUST004017,2023-05-04,Other,6500,48,21.11,Broker
APP001746,CUST001044,2023-11-27,Wedding,11000,36,9.09,Online
APP001747,CUST002958,2024-07-13,Debt Consolidation,27500,36,9.75,Online
APP001748,CUST002075,2024-01-23,Debt Consolidation,8000,48,18.94,Branch
APP001749,CUST003355,2023-07-04,Travel,42000,24,18.56,Broker
APP001750,CUST005461,2024-07-15,Medical,2500,24,22.08,Branch
APP001751,CUST000084,2023-09-24,Wedding,11500,36,9.99,Branch
APP001752,CUST005080,2023-03-21,Car Purchase,37000,36,11.52,Online
APP001753,CUST002237,2024-08-19,Debt Consolidation,12000,24,19.47,Branch
APP001754,CUST003490,2024-07-28,Debt Consolidation,33500,48,19.98,Online
APP001755,CUST005579,2023-01-06,Car Purchase,31500,36,8.11,Broker
APP001756,CUST005036,2023-03-26,Car Purchase,31500,60,14.82,Branch
APP001757,CUST002142,2023-12-17,Debt Consolidation,13500,48,11.31,Broker
APP001758,CUST000734,2023-07-07,Travel,33000,12,22.0,Broker
APP001759,CUST002184,2024-08-22,Car Purchase,38500,48,13.85,Online
APP001760,CUST001329,2024-07-08,Home Renovation,28500,24,18.43,Online
APP001761,CUST002297,2023-03-18,Home Renovation,41500,60,20.08,Broker
APP001762,CUST005292,2023-01-12,Car Purchase,3500,24,8.89,Online
APP001763,CUST003873,2024-03-15,Travel,11500,36,17.42,Online
APP001764,CUST005557,2024-05-18,Travel,12000,36,12.51,Broker
APP001765,CUST002546,2023-04-04,Car Purchase,8000,24,14.51,Broker
APP001766,CUST001742,2024-07-01,Home Renovation,37000,24,8.54,Broker
APP001767,CUST002113,2024-06-01,Debt Consolidation,37500,60,14.45,Online
APP001768,CUST002081,2023-03-07,Travel,29000,36,10.54,Broker
APP001769,CUST001169,2023-02-12,Home Renovation,30500,48,20.76,Online
APP001770,CUST001876,2023-11-23,Debt Consolidation,4500,36,11.43,Online
APP001771,CUST001309,2024-02-15,Debt Consolidation,19500,36,18.77,Online
APP001772,CUST001906,2023-02-20,Debt Consolidation,20500,36,9.8,Branch
APP001773,CUST000350,2023-09-29,Debt Consolidation,34500,36,22.17,Broker
APP001774,CUST003860,2023-12-29,Travel,8000,12,12.49,Branch
APP001775,CUST000585,2024-08-26,Other,15000,60,12.06,Online
APP001776,CUST001530,2024-02-14,Car Purchase,34000,12,21.97,Branch
APP001777,CUST000863,2023-11-28,Debt Consolidation,26500,24,10.63,Branch
APP001778,CUST001858,2023-04-12,Debt Consolidation,19500,36,19.29,Online
APP001779,CUST001490,2024-02-16,Debt Consolidation,17000,60,14.82,Broker
APP001780,CUST005594,2024-01-25,Car Purchase,7000,36,20.48,Branch
APP001781,CUST001355,2023-01-18,Debt Consolidation,27500,24,18.14,Branch
APP001782,CUST000471,2023-05-02,Debt Consolidation,12000,60,14.34,Broker
APP001783,CUST000643,2023-05-02,Debt Consolidation,22000,36,14.02,Online
APP001784,CUST000936,2023-04-03,Medical,22500,24,12.9,Broker
APP001785,CUST000339,2023-05-12,Debt Consolidation,41000,24,21.0,Online
APP001786,CUST002957,2023-05-02,Travel,42000,48,19.46,Online
APP001787,CUST005147,2024-08-04,Debt Consolidation,9500,36,20.28,Online
APP001788,CUST005608,2023-10-30,Car Purchase,6000,36,12.38,Online
APP001789,CUST001284,2024-11-25,Home Renovation,36000,36,19.21,Online
APP001790,CUST005984,2023-12-24,Debt Consolidation,42000,36,18.12,Online
APP001791,CUST003699,2023-11-22,Medical,25000,24,15.25,Broker
APP001792,CUST000288,2024-11-17,Travel,27500,24,17.89,Online
APP001793,CUST003056,2024-03-19,Wedding,47500,36,13.33,Online
APP001794,CUST005960,2023-07-27,Home Renovation,37000,36,17.86,Online
APP001795,CUST000706,2023-11-15,Home Renovation,13500,24,8.48,Broker
APP001796,CUST005887,2023-09-17,Debt Consolidation,43000,36,13.2,Online
APP001797,CUST000178,2023-04-06,Car Purchase,21500,60,17.63,Online
APP001798,CUST000768,2023-07-07,Car Purchase,24000,36,20.56,Broker
APP001799,CUST002390,2024-01-29,Debt Consolidation,42000,36,14.26,Online
APP001800,CUST002581,2023-12-28,Debt Consolidation,4000,24,20.26,Broker
APP001801,CUST005210,2023-05-16,Car Purchase,47000,36,12.36,Broker
APP001802,CUST001080,2023-06-24,Debt Consolidation,34000,36,21.63,Online
APP001803,CUST003123,2023-04-09,Medical,5000,60,8.62,Online
APP001804,CUST004324,2024-02-05,Other,27000,12,11.74,Online
APP001805,CUST004642,2024-02-18,Medical,37000,12,15.36,Online
APP001806,CUST003802,2023-10-05,Debt Consolidation,9500,48,16.67,Branch
APP001807,CUST005142,2024-09-18,Home Renovation,25000,36,8.43,Online
APP001808,CUST003596,2024-08-09,Medical,30500,24,17.54,Online
APP001809,CUST003143,2023-02-03,Home Renovation,9000,24,18.18,Online
APP001810,CUST004376,2024-04-19,Other,49000,48,10.44,Online
APP001811,CUST000987,2023-05-17,Car Purchase,13500,48,10.56,Online
APP001812,CUST004369,2024-06-27,Debt Consolidation,5000,48,11.9,Online
APP001813,CUST005908,2023-02-06,Debt Consolidation,33500,60,9.3,Online
APP001814,CUST004999,2023-02-07,Car Purchase,44000,12,7.95,Branch
APP001815,CUST001092,2023-02-10,Debt Consolidation,19000,24,12.89,Online
APP001816,CUST003962,2023-05-01,Travel,43500,36,12.31,Branch
APP001817,CUST004530,2023-04-16,Car Purchase,23500,36,9.84,Online
APP001818,CUST000046,2024-07-02,Wedding,14000,24,14.85,Online
APP001819,CUST005414,2024-11-02,Medical,43000,48,18.96,Broker
APP001820,CUST001468,2023-12-03,Home Renovation,33500,24,21.86,Branch
APP001821,CUST003522,2023-04-01,Medical,19000,12,7.53,Branch
APP001822,CUST003485,2023-11-13,Home Renovation,40500,48,20.37,Online
APP001823,CUST001959,2024-05-28,Home Renovation,11500,36,14.67,Branch
APP001824,CUST000358,2024-12-23,Home Renovation,17000,48,15.21,Online
APP001825,CUST005882,2023-03-26,Car Purchase,11000,24,14.92,Broker
APP001826,CUST001147,2023-06-26,Debt Consolidation,45500,24,11.65,Broker
APP001827,CUST004644,2024-04-19,Car Purchase,15500,12,17.67,Online
APP001828,CUST000017,2023-08-18,Travel,43500,24,8.01,Branch
APP001829,CUST001596,2023-07-21,Car Purchase,41500,24,21.18,Branch
APP001830,CUST003564,2024-05-03,Medical,24000,36,10.23,Online
APP001831,CUST004764,2024-10-04,Debt Consolidation,7000,60,19.65,Branch
APP001832,CUST004678,2023-12-04,Debt Consolidation,22000,12,8.11,Broker
APP001833,CUST001718,2024-03-23,Home Renovation,43500,36,10.2,Branch
APP001834,CUST003983,2023-10-03,Debt Consolidation,39500,24,13.0,Broker
APP001835,CUST003770,2023-11-19,Travel,33500,24,17.69,Online
APP001836,CUST002185,2024-06-03,Car Purchase,44500,12,11.34,Online
APP001837,CUST000801,2024-02-06,Travel,45000,36,15.23,Online
APP001838,CUST003124,2024-04-08,Debt Consolidation,24000,60,12.3,Online
APP001839,CUST004635,2023-03-23,Other,48500,36,8.94,Online
APP001840,CUST005855,2024-10-14,Debt Consolidation,8500,48,10.96,Online
APP001841,CUST000387,2023-05-19,Debt Consolidation,12500,12,18.55,Online
APP001842,CUST004766,2024-01-23,Debt Consolidation,15000,36,17.21,Online
APP001843,CUST001876,2024-07-19,Car Purchase,26000,36,9.84,Online
APP001844,CUST004752,2024-10-21,Debt Consolidation,27500,24,15.73,Branch
APP001845,CUST005585,2023-05-24,Debt Consolidation,45000,60,19.29,Online
APP001846,CUST000115,2024-01-15,Car Purchase,10000,48,7.55,Branch
APP001847,CUST005806,2023-01-28,Debt Consolidation,18000,36,14.34,Online
APP001848,CUST005650,2023-01-13,Home Renovation,2000,24,8.81,Branch
APP001849,CUST005308,2024-09-30,Home Renovation,49000,36,13.56,Online
APP001850,CUST004671,2023-10-30,Medical,5000,36,21.25,Branch
APP001851,CUST005385,2023-08-21,Travel,32000,24,18.28,Broker
APP001852,CUST000543,2023-06-06,Car Purchase,46000,24,17.09,Online
APP001853,CUST005494,2023-02-27,Home Renovation,2500,36,20.74,Online
APP001854,CUST001196,2023-12-19,Car Purchase,40000,24,16.31,Online
APP001855,CUST003677,2023-11-12,Car Purchase,35500,36,10.2,Online
APP001856,CUST002681,2024-01-23,Travel,31000,48,20.42,Branch
APP001857,CUST003044,2024-07-11,Wedding,31500,24,13.74,Broker
APP001858,CUST000501,2023-10-04,Debt Consolidation,4500,48,10.51,Online
APP001859,CUST001735,2024-07-15,Home Renovation,44500,60,11.2,Branch
APP001860,CUST000724,2023-11-01,Wedding,26500,48,21.03,Online
APP001861,CUST005063,2024-09-30,Car Purchase,16000,24,16.17,Online
APP001862,CUST003818,2024-07-28,Other,4500,48,17.24,Branch
APP001863,CUST000131,2023-05-03,Travel,22500,24,13.75,Broker
APP001864,CUST001614,2023-04-29,Car Purchase,17500,36,17.76,Online
APP001865,CUST004610,2024-12-25,Debt Consolidation,13000,36,10.75,Broker
APP001866,CUST005208,2024-09-08,Debt Consolidation,4500,24,15.48,Online
APP001867,CUST003955,2023-11-09,Debt Consolidation,16500,24,20.42,Online
APP001868,CUST002222,2023-01-06,Home Renovation,35500,36,11.39,Broker
APP001869,CUST000183,2024-07-28,Car Purchase,19500,48,15.68,Broker
APP001870,CUST005830,2023-05-05,Debt Consolidation,6000,60,14.51,Broker
APP001871,CUST000409,2023-04-04,Home Renovation,25000,48,20.97,Branch
APP001872,CUST000146,2024-04-19,Debt Consolidation,38500,36,16.24,Online
APP001873,CUST002880,2023-09-19,Home Renovation,23500,48,10.24,Online
APP001874,CUST001898,2024-10-16,Car Purchase,36000,24,16.28,Online
APP001875,CUST002718,2023-07-24,Car Purchase,14500,60,8.22,Online
APP001876,CUST001965,2023-06-26,Medical,11500,48,18.36,Online
APP001877,CUST001600,2023-09-21,Debt Consolidation,43500,24,17.33,Online
APP001878,CUST005493,2024-11-03,Wedding,27500,36,21.18,Online
APP001879,CUST003358,2024-01-30,Debt Consolidation,28000,36,12.33,Online
APP001880,CUST003704,2023-09-26,Debt Consolidation,25000,36,15.32,Branch
APP001881,CUST004526,2023-02-15,Medical,33500,12,11.87,Branch
APP001882,CUST000925,2024-09-08,Other,43500,24,22.0,Online
APP001883,CUST003707,2024-02-13,Debt Consolidation,18500,36,19.91,Branch
APP001884,CUST002139,2023-09-13,Home Renovation,11000,24,15.15,Online
APP001885,CUST005410,2023-10-02,Wedding,8000,12,12.05,Broker
APP001886,CUST002197,2024-05-31,Debt Consolidation,38000,48,17.26,Broker
APP001887,CUST002832,2024-01-19,Home Renovation,3500,60,18.66,Online
APP001888,CUST005562,2023-04-04,Debt Consolidation,23000,48,18.83,Online
APP001889,CUST005664,2023-12-08,Other,28500,48,12.78,Online
APP001890,CUST004102,2024-05-28,Debt Consolidation,17500,24,12.99,Online
APP001891,CUST004173,2023-12-11,Other,36500,24,19.98,Broker
APP001892,CUST002050,2024-09-09,Debt Consolidation,45500,24,17.03,Online
APP001893,CUST003594,2024-06-17,Home Renovation,25500,24,16.3,Online
APP001894,CUST001267,2024-11-17,Travel,39500,60,10.56,Online
APP001895,CUST005914,2024-05-18,Debt Consolidation,16000,24,13.99,Online
APP001896,CUST003219,2024-02-26,Home Renovation,22500,24,9.96,Online
APP001897,CUST001651,2024-08-10,Debt Consolidation,18000,48,22.18,Online
APP001898,CUST001926,2023-09-11,Car Purchase,37000,48,18.94,Branch
APP001899,CUST004988,2024-10-31,Wedding,10500,36,11.62,Online
APP001900,CUST005451,2024-01-21,Debt Consolidation,40500,36,17.61,Branch
APP001901,CUST000964,2024-02-20,Debt Consolidation,46500,48,19.82,Broker
APP001902,CUST002896,2024-03-04,Home Renovation,40500,12,20.64,Online
APP001903,CUST003611,2024-01-09,Debt Consolidation,36500,24,16.75,Online
APP001904,CUST004824,2024-01-14,Medical,20000,24,17.18,Branch
APP001905,CUST004446,2023-12-10,Debt Consolidation,31000,36,18.27,Online
APP001906,CUST001205,2023-03-23,Car Purchase,15500,48,19.44,Online
APP001907,CUST000909,2024-08-15,Home Renovation,30500,24,12.73,Broker
APP001908,CUST004888,2023-05-10,Home Renovation,33000,48,17.79,Online
APP001909,CUST001197,2024-11-20,Home Renovation,8500,60,18.15,Online
APP001910,CUST004212,2024-08-28,Other,39000,60,9.78,Broker
APP001911,CUST005308,2023-07-25,Travel,21000,24,14.46,Online
APP001912,CUST003928,2024-05-24,Car Purchase,50000,60,12.0,Broker
APP001913,CUST005265,2023-12-15,Home Renovation,35500,60,13.59,Broker
APP001914,CUST005240,2024-01-14,Car Purchase,16000,24,8.58,Online
APP001915,CUST000113,2024-01-16,Debt Consolidation,44000,36,18.6,Online
APP001916,CUST004904,2023-10-05,Home Renovation,21500,36,21.77,Branch
APP001917,CUST000318,2023-10-27,Wedding,15500,36,15.37,Broker
APP001918,CUST003871,2023-05-12,Home Renovation,45500,48,18.43,Online
APP001919,CUST001237,2023-03-31,Car Purchase,25500,36,19.12,Branch
APP001920,CUST005220,2024-07-28,Debt Consolidation,44000,60,11.15,Broker
APP001921,CUST000958,2024-01-25,Debt Consolidation,23500,24,10.21,Branch
APP001922,CUST001095,2024-01-01,Other,22500,48,10.49,Branch
APP001923,CUST002264,2023-12-06,Wedding,36000,24,21.86,Broker
APP001924,CUST000243,2024-03-08,Other,3500,36,10.78,Online
APP001925,CUST000360,2024-08-08,Other,36000,48,9.57,Online
APP001926,CUST005401,2024-05-28,Car Purchase,3000,12,10.18,Online
APP001927,CUST001922,2023-08-28,Debt Consolidation,34500,48,8.11,Online
APP001928,CUST002634,2024-10-18,Car Purchase,4000,36,20.92,Online
APP001929,CUST003668,2024-07-27,Car Purchase,31000,60,11.87,Online
APP001930,CUST000607,2024-08-14,Car Purchase,47500,36,9.23,Online
APP001931,CUST000275,2023-12-26,Home Renovation,37000,24,11.49,Broker
APP001932,CUST005647,2024-01-02,Debt Consolidation,17000,12,12.98,Broker
APP001933,CUST002589,2024-01-25,Wedding,13500,60,11.2,Online
APP001934,CUST000010,2023-05-27,Travel,22500,36,12.29,Online
APP001935,CUST001965,2023-09-24,Car Purchase,42000,60,20.36,Online
APP001936,CUST002755,2023-01-09,Car Purchase,10500,24,9.65,Online
APP001937,CUST002432,2023-05-28,Debt Consolidation,20000,36,21.45,Broker
APP001938,CUST003581,2024-06-18,Medical,10000,60,10.97,Branch
APP001939,CUST005257,2024-09-11,Debt Consolidation,11000,60,16.11,Broker
APP001940,CUST000637,2024-04-15,Medical,15500,36,18.75,Branch
APP001941,CUST003000,2023-11-28,Wedding,29000,12,8.5,Broker
APP001942,CUST000014,2023-05-24,Car Purchase,47500,48,14.37,Branch
APP001943,CUST003065,2023-01-16,Car Purchase,32000,24,13.13,Online
APP001944,CUST000698,2023-04-24,Wedding,22500,60,12.43,Online
APP001945,CUST001128,2024-07-06,Debt Consolidation,31000,12,10.66,Online
APP001946,CUST002756,2023-11-09,Travel,2500,24,7.88,Branch
APP001947,CUST000722,2024-12-19,Home Renovation,28000,24,20.22,Broker
APP001948,CUST005176,2024-09-25,Car Purchase,21000,36,10.34,Online
APP001949,CUST004296,2024-03-12,Home Renovation,30500,12,13.31,Online
APP001950,CUST002132,2024-05-06,Travel,3500,24,13.71,Broker
APP001951,CUST005180,2024-03-12,Debt Consolidation,24500,36,11.37,Branch
APP001952,CUST003649,2024-01-23,Travel,20000,48,14.88,Branch
APP001953,CUST000416,2024-03-03,Home Renovation,33500,12,19.09,Online
APP001954,CUST000505,2024-02-29,Home Renovation,22000,60,7.51,Broker
APP001955,CUST003626,2024-10-30,Home Renovation,34000,36,22.29,Broker
APP001956,CUST003987,2024-02-25,Debt Consolidation,49500,48,10.01,Broker
APP001957,CUST001131,2023-12-30,Home Renovation,4000,60,14.27,Broker
APP001958,CUST001929,2023-11-25,Home Renovation,45500,36,21.85,Broker
APP001959,CUST003697,2024-04-03,Car Purchase,39500,36,18.4,Online
APP001960,CUST004199,2024-09-09,Car Purchase,23000,24,15.41,Online
APP001961,CUST005581,2023-03-10,Medical,17000,60,8.31,Online
APP001962,CUST000441,2024-07-12,Home Renovation,39500,48,19.36,Online
APP001963,CUST005075,2024-01-30,Debt Consolidation,38000,60,11.98,Online
APP001964,CUST005553,2023-03-13,Travel,22000,60,19.19,Online
APP001965,CUST000608,2024-05-09,Travel,8000,60,21.33,Branch
APP001966,CUST004670,2023-08-07,Home Renovation,30500,48,20.33,Online
APP001967,CUST003476,2023-12-23,Other,43500,48,19.98,Online
APP001968,CUST004041,2024-12-02,Travel,32500,48,9.82,Broker
APP001969,CUST000130,2024-09-27,Debt Consolidation,6000,24,22.06,Branch
APP001970,CUST001202,2023-07-28,Car Purchase,34000,48,17.56,Broker
APP001971,CUST005709,2023-09-13,Travel,48500,60,18.6,Online
APP001972,CUST001548,2023-12-06,Home Renovation,24000,36,13.88,Online
APP001973,CUST003679,2023-06-30,Travel,37500,36,8.96,Broker
APP001974,CUST002023,2023-12-20,Car Purchase,11500,24,8.55,Online
APP001975,CUST005151,2024-11-28,Debt Consolidation,17500,36,14.53,Broker
APP001976,CUST002012,2024-10-15,Car Purchase,46000,48,11.67,Online
APP001977,CUST003851,2024-02-06,Car Purchase,36000,36,16.98,Branch
APP001978,CUST002499,2023-04-11,Debt Consolidation,11500,60,19.88,Broker
APP001979,CUST004171,2024-05-06,Home Renovation,15500,24,13.86,Branch
APP001980,CUST005679,2023-01-20,Medical,48500,60,22.07,Branch
APP001981,CUST002086,2023-01-31,Medical,5500,36,15.45,Broker
APP001982,CUST000831,2023-04-05,Other,4500,48,19.43,Broker
APP001983,CUST005918,2023-01-28,Wedding,45000,24,12.68,Online
APP001984,CUST003006,2024-04-17,Home Renovation,37500,24,20.61,Online
APP001985,CUST003002,2024-06-22,Car Purchase,33000,24,11.2,Online
APP001986,CUST003860,2024-08-08,Wedding,42000,24,17.93,Broker
APP001987,CUST004113,2024-10-24,Car Purchase,45000,48,7.82,Broker
APP001988,CUST003477,2023-06-26,Travel,36000,24,12.85,Broker
APP001989,CUST004612,2024-09-08,Debt Consolidation,30000,48,15.24,Branch
APP001990,CUST003427,2023-07-07,Car Purchase,14500,60,9.33,Branch
APP001991,CUST004227,2023-01-02,Debt Consolidation,6000,60,11.77,Online
APP001992,CUST002536,2023-04-05,Home Renovation,20000,36,17.27,Online
APP001993,CUST001414,2023-03-31,Medical,12000,36,11.76,Broker
APP001994,CUST003454,2023-06-03,Debt Consolidation,12000,36,19.08,Online
APP001995,CUST004004,2023-02-04,Medical,42500,48,17.6,Online
APP001996,CUST000656,2024-02-28,Debt Consolidation,36500,60,8.27,Online
APP001997,CUST001484,2023-05-21,Debt Consolidation,24500,60,18.64,Online
APP001998,CUST000394,2023-11-08,Debt Consolidation,48000,48,19.44,Online
APP001999,CUST001393,2023-08-19,Car Purchase,48500,48,7.79,Online
APP002000,CUST000798,2024-08-27,Debt Consolidation,13000,48,19.15,Branch
APP002001,CUST003742,2024-05-23,Debt Consolidation,25000,24,16.06,Online
APP002002,CUST001672,2024-02-10,Debt Consolidation,10000,60,21.49,Branch
APP002003,CUST000687,2024-09-03,Debt Consolidation,15500,24,13.38,Branch
APP002004,CUST000696,2024-10-29,Debt Consolidation,9500,36,15.59,Broker
APP002005,CUST005190,2024-04-13,Car Purchase,35500,24,8.69,Branch
APP002006,CUST002816,2024-02-13,Debt Consolidation,15500,36,10.54,Branch
APP002007,CUST003205,2024-01-23,Wedding,14000,36,16.92,Branch
APP002008,CUST005865,2024-02-29,Car Purchase,36000,24,15.47,Online
APP002009,CUST000524,2023-07-23,Debt Consolidation,5500,36,18.66,Broker
APP002010,CUST003801,2024-03-01,Car Purchase,14000,36,20.55,Online
APP002011,CUST000049,2024-03-06,Debt Consolidation,10500,24,19.99,Broker
APP002012,CUST005808,2023-04-23,Medical,25000,36,19.01,Broker
APP002013,CUST003010,2024-04-06,Debt Consolidation,18500,36,7.95,Online
APP002014,CUST004437,2024-11-18,Travel,38000,24,14.91,Broker
APP002015,CUST001606,2024-11-06,Car Purchase,25000,24,8.69,Online
APP002016,CUST002957,2024-12-12,Debt Consolidation,29500,60,12.34,Broker
APP002017,CUST003936,2023-06-02,Travel,22500,36,18.99,Branch
APP002018,CUST002417,2023-12-30,Other,22000,24,19.79,Branch
APP002019,CUST005838,2024-03-28,Home Renovation,33000,24,8.96,Online
APP002020,CUST003867,2023-01-14,Debt Consolidation,34000,24,18.27,Branch
APP002021,CUST005135,2023-04-22,Car Purchase,31500,24,21.33,Branch
APP002022,CUST005829,2024-11-12,Car Purchase,18500,12,12.87,Branch
APP002023,CUST003501,2023-12-01,Car Purchase,22000,60,9.87,Online
APP002024,CUST002708,2024-02-28,Home Renovation,12000,24,20.03,Online
APP002025,CUST000574,2024-03-16,Home Renovation,4000,12,11.04,Branch
APP002026,CUST004784,2023-11-04,Car Purchase,32000,24,13.41,Online
APP002027,CUST003880,2024-08-13,Home Renovation,10000,36,22.1,Online
APP002028,CUST005273,2023-03-03,Car Purchase,42000,36,10.13,Branch
APP002029,CUST005813,2023-12-28,Home Renovation,36500,12,18.4,Online
APP002030,CUST002169,2023-01-04,Other,19500,24,10.27,Online
APP002031,CUST002937,2023-06-13,Home Renovation,15500,36,8.99,Online
APP002032,CUST001550,2024-10-26,Debt Consolidation,33000,36,10.87,Online
APP002033,CUST004148,2023-12-03,Travel,3000,24,17.8,Branch
APP002034,CUST004472,2023-11-02,Debt Consolidation,38500,48,13.43,Online
APP002035,CUST001141,2024-05-05,Car Purchase,17000,24,14.49,Online
APP002036,CUST004346,2024-02-12,Travel,33000,48,14.43,Online
APP002037,CUST005295,2024-03-13,Home Renovation,29500,24,12.74,Branch
APP002038,CUST003528,2023-01-29,Home Renovation,29500,12,17.76,Online
APP002039,CUST002569,2023-11-28,Travel,11000,48,10.16,Online
APP002040,CUST000077,2024-06-15,Wedding,10000,48,17.93,Branch
APP002041,CUST003216,2024-05-31,Debt Consolidation,13000,36,22.03,Broker
APP002042,CUST000694,2023-09-15,Debt Consolidation,27500,24,10.89,Online
APP002043,CUST001308,2023-09-06,Car Purchase,6000,36,12.52,Online
APP002044,CUST003237,2023-01-03,Home Renovation,2000,36,8.47,Branch
APP002045,CUST000090,2023-12-06,Debt Consolidation,26000,48,8.04,Branch
APP002046,CUST003698,2024-12-27,Car Purchase,32500,12,13.05,Online
APP002047,CUST005269,2023-06-03,Other,35000,36,10.69,Branch
APP002048,CUST004198,2024-06-08,Home Renovation,9000,24,14.82,Online
APP002049,CUST003524,2024-06-08,Car Purchase,43500,24,9.15,Broker
APP002050,CUST001796,2023-07-18,Debt Consolidation,32000,24,16.84,Broker
APP002051,CUST003852,2024-10-12,Debt Consolidation,9500,12,19.42,Online
APP002052,CUST003245,2024-03-26,Debt Consolidation,46500,24,14.87,Online
APP002053,CUST001607,2024-06-16,Debt Consolidation,22000,48,19.16,Online
APP002054,CUST003368,2023-03-27,Debt Consolidation,17000,60,12.38,Online
APP002055,CUST005898,2023-02-17,Debt Consolidation,22000,60,16.98,Online
APP002056,CUST001719,2023-01-17,Wedding,45000,12,14.32,Broker
APP002057,CUST002212,2023-04-06,Debt Consolidation,47000,36,18.97,Online
APP002058,CUST005671,2024-05-13,Medical,40500,48,13.66,Branch
APP002059,CUST001345,2024-03-05,Other,48000,36,9.89,Broker
APP002060,CUST001077,2023-06-18,Travel,16000,12,16.91,Online
APP002061,CUST005555,2024-08-11,Travel,46000,12,18.86,Online
APP002062,CUST004134,2023-09-01,Debt Consolidation,50000,60,11.69,Broker
APP002063,CUST003015,2024-02-15,Travel,49000,60,19.14,Broker
APP002064,CUST000791,2023-11-15,Debt Consolidation,32500,24,9.46,Broker
APP002065,CUST000861,2024-11-21,Car Purchase,38500,60,16.48,Branch
APP002066,CUST004983,2023-04-03,Debt Consolidation,31500,48,7.98,Broker
APP002067,CUST000928,2024-03-08,Other,4000,36,10.34,Online
APP002068,CUST004455,2023-03-19,Debt Consolidation,29000,48,15.57,Broker
APP002069,CUST004470,2023-03-17,Wedding,41500,24,9.31,Branch
APP002070,CUST000470,2024-04-13,Debt Consolidation,37500,12,12.24,Broker
APP002071,CUST000235,2023-10-04,Car Purchase,35000,48,20.22,Branch
APP002072,CUST000209,2023-11-29,Debt Consolidation,9500,48,16.54,Broker
APP002073,CUST003959,2023-02-25,Home Renovation,11000,36,18.49,Broker
APP002074,CUST002251,2024-04-08,Car Purchase,26500,36,11.78,Online
APP002075,CUST004078,2023-01-29,Home Renovation,13500,36,10.25,Online
APP002076,CUST002577,2023-12-17,Other,41000,36,9.01,Online
APP002077,CUST000420,2024-07-15,Home Renovation,47000,60,14.43,Branch
APP002078,CUST005240,2024-06-03,Debt Consolidation,30000,48,19.45,Online
APP002079,CUST001658,2023-03-12,Home Renovation,22000,36,17.25,Branch
APP002080,CUST002103,2024-04-07,Debt Consolidation,10000,60,10.15,Online
APP002081,CUST001586,2023-02-21,Debt Consolidation,3000,60,8.63,Broker
APP002082,CUST001334,2023-03-29,Other,11500,48,21.55,Broker
APP002083,CUST004967,2024-08-16,Debt Consolidation,22000,12,9.97,Online
APP002084,CUST002512,2024-06-20,Debt Consolidation,41000,36,17.76,Online
APP002085,CUST002212,2023-09-15,Wedding,22500,12,9.95,Online
APP002086,CUST005210,2023-12-18,Car Purchase,31500,24,13.68,Branch
APP002087,CUST000514,2023-10-01,Other,2000,36,16.43,Online
APP002088,CUST000589,2024-06-17,Travel,6000,60,13.35,Online
APP002089,CUST003957,2024-10-14,Debt Consolidation,33000,60,19.66,Branch
APP002090,CUST005459,2024-11-04,Home Renovation,44500,24,12.56,Broker
APP002091,CUST001229,2023-01-04,Debt Consolidation,29000,36,17.51,Branch
APP002092,CUST002931,2024-01-09,Car Purchase,7000,24,8.8,Online
APP002093,CUST001022,2024-03-27,Car Purchase,2000,36,17.88,Online
APP002094,CUST005058,2023-03-27,Debt Consolidation,36500,48,11.2,Online
APP002095,CUST002276,2023-01-02,Wedding,47500,24,11.44,Online
APP002096,CUST004194,2024-08-08,Debt Consolidation,46500,24,14.66,Branch
APP002097,CUST004679,2023-09-23,Travel,11500,24,10.17,Branch
APP002098,CUST003322,2023-05-14,Wedding,34000,12,19.75,Online
APP002099,CUST004562,2024-06-15,Wedding,9500,60,13.66,Branch
APP002100,CUST002487,2023-09-02,Car Purchase,23500,36,15.29,Broker
APP002101,CUST004452,2024-01-20,Home Renovation,27500,24,14.02,Broker
APP002102,CUST002139,2023-03-12,Other,36000,36,12.25,Online
APP002103,CUST000638,2023-09-27,Debt Consolidation,48500,36,15.06,Broker
APP002104,CUST000174,2023-04-15,Debt Consolidation,8000,48,15.51,Broker
APP002105,CUST003527,2023-07-03,Wedding,44500,36,16.48,Branch
APP002106,CUST000287,2023-10-11,Debt Consolidation,50000,24,15.59,Broker
APP002107,CUST004837,2023-11-27,Car Purchase,12500,48,16.77,Broker
APP002108,CUST005534,2023-01-03,Other,13000,36,18.77,Online
APP002109,CUST000737,2023-03-15,Other,40500,24,11.22,Broker
APP002110,CUST000889,2024-09-03,Medical,45000,24,14.13,Online
APP002111,CUST004984,2024-02-01,Debt Consolidation,36000,24,17.0,Branch
APP002112,CUST004309,2024-05-21,Medical,5500,24,20.58,Branch
APP002113,CUST005745,2023-08-22,Car Purchase,27500,12,21.68,Online
APP002114,CUST003029,2023-04-04,Debt Consolidation,45500,24,22.27,Online
APP002115,CUST004065,2023-09-28,Other,31500,48,14.09,Branch
APP002116,CUST000519,2023-01-26,Medical,43500,24,15.76,Broker
APP002117,CUST005477,2024-10-28,Home Renovation,46500,60,15.87,Online
APP002118,CUST004796,2023-11-08,Travel,11000,60,7.71,Branch
APP002119,CUST005007,2024-06-30,Car Purchase,16000,24,11.21,Broker
APP002120,CUST003173,2024-01-08,Debt Consolidation,4500,12,10.65,Online
APP002121,CUST000578,2024-12-20,Travel,48500,24,16.48,Online
APP002122,CUST002063,2023-09-24,Other,43500,36,14.53,Online
APP002123,CUST001285,2023-10-24,Car Purchase,30000,48,20.97,Branch
APP002124,CUST002719,2024-09-25,Travel,4000,48,12.28,Broker
APP002125,CUST005533,2023-02-22,Medical,7000,60,20.56,Branch
APP002126,CUST003178,2024-04-25,Debt Consolidation,5500,60,17.41,Broker
APP002127,CUST000671,2023-04-09,Car Purchase,39500,36,17.24,Online
APP002128,CUST003263,2023-11-04,Home Renovation,5500,60,21.55,Online
APP002129,CUST000527,2023-04-22,Medical,46000,24,18.68,Branch
APP002130,CUST003694,2024-11-17,Travel,26000,48,15.0,Online
APP002131,CUST004358,2023-11-09,Debt Consolidation,32500,36,8.42,Branch
APP002132,CUST001766,2024-10-21,Car Purchase,37000,12,12.07,Broker
APP002133,CUST001083,2024-04-04,Debt Consolidation,39500,36,8.98,Online
APP002134,CUST004147,2024-03-30,Car Purchase,21500,48,21.13,Broker
APP002135,CUST001251,2023-12-07,Home Renovation,10500,48,12.11,Broker
APP002136,CUST000623,2023-12-29,Home Renovation,9000,24,14.85,Broker
APP002137,CUST001263,2024-03-08,Travel,16500,36,9.84,Online
APP002138,CUST001486,2024-03-13,Debt Consolidation,33500,36,17.16,Online
APP002139,CUST001885,2023-11-17,Car Purchase,27500,48,12.24,Online
APP002140,CUST004555,2023-11-04,Home Renovation,4000,24,14.32,Online
APP002141,CUST002483,2024-10-29,Home Renovation,41500,48,14.95,Branch
APP002142,CUST002124,2024-02-10,Travel,15500,48,15.53,Broker
APP002143,CUST002622,2023-09-25,Travel,18000,48,19.1,Broker
APP002144,CUST005435,2023-09-25,Debt Consolidation,43500,36,8.85,Online
APP002145,CUST004794,2024-10-15,Home Renovation,12500,36,13.95,Online
APP002146,CUST000548,2024-11-04,Wedding,37000,24,22.34,Branch
APP002147,CUST004116,2023-10-03,Medical,22000,36,21.24,Online
APP002148,CUST004343,2024-04-10,Home Renovation,15500,36,10.21,Online
APP002149,CUST000966,2023-03-07,Debt Consolidation,38500,24,9.85,Online
APP002150,CUST000294,2023-06-29,Debt Consolidation,23500,24,16.69,Online
APP002151,CUST004703,2024-10-09,Debt Consolidation,30500,12,10.56,Branch
APP002152,CUST001767,2023-07-16,Wedding,5000,60,13.37,Branch
APP002153,CUST005346,2023-11-06,Home Renovation,15000,60,15.53,Online
APP002154,CUST002545,2023-10-08,Home Renovation,7500,24,19.47,Online
APP002155,CUST005657,2024-04-07,Car Purchase,7000,36,9.07,Online
APP002156,CUST003632,2023-07-21,Travel,29000,60,7.7,Branch
APP002157,CUST003368,2023-12-09,Car Purchase,49000,24,11.62,Online
APP002158,CUST003765,2023-08-01,Car Purchase,15000,36,9.39,Branch
APP002159,CUST002134,2023-02-04,Wedding,7500,60,15.33,Branch
APP002160,CUST005964,2024-12-07,Car Purchase,36500,24,13.0,Online
APP002161,CUST001176,2024-06-23,Wedding,6500,36,15.6,Online
APP002162,CUST001033,2024-09-26,Home Renovation,20000,24,19.33,Branch
APP002163,CUST001496,2024-02-18,Home Renovation,20000,36,10.07,Online
APP002164,CUST003252,2023-10-20,Debt Consolidation,26500,24,11.41,Branch
APP002165,CUST004329,2024-11-01,Car Purchase,38500,12,14.69,Online
APP002166,CUST005312,2024-05-18,Debt Consolidation,31000,36,11.71,Broker
APP002167,CUST001567,2023-08-09,Car Purchase,26500,36,11.0,Online
APP002168,CUST002430,2023-08-01,Home Renovation,24500,36,19.85,Broker
APP002169,CUST002402,2024-05-25,Home Renovation,14500,60,11.55,Online
APP002170,CUST000656,2023-03-08,Home Renovation,30500,36,18.8,Branch
APP002171,CUST002100,2023-12-16,Debt Consolidation,16500,12,19.88,Online
APP002172,CUST004075,2024-03-17,Debt Consolidation,6000,24,18.91,Broker
APP002173,CUST004503,2023-03-02,Travel,44500,12,21.33,Online
APP002174,CUST002463,2023-02-12,Debt Consolidation,21500,36,16.98,Online
APP002175,CUST003049,2024-01-18,Travel,28000,48,17.7,Broker
APP002176,CUST000811,2023-03-13,Home Renovation,43000,48,19.21,Branch
APP002177,CUST004163,2024-10-31,Debt Consolidation,29000,24,7.95,Branch
APP002178,CUST003041,2023-10-24,Travel,34000,60,17.64,Branch
APP002179,CUST001105,2023-10-21,Home Renovation,46000,36,19.11,Branch
APP002180,CUST001723,2023-07-05,Medical,46500,48,9.26,Branch
APP002181,CUST000122,2024-01-02,Travel,9000,48,16.66,Online
APP002182,CUST003939,2024-08-11,Other,25500,24,19.53,Broker
APP002183,CUST001467,2024-04-16,Car Purchase,6000,36,8.04,Broker
APP002184,CUST000232,2024-02-28,Debt Consolidation,14000,12,16.96,Branch
APP002185,CUST004598,2023-08-06,Debt Consolidation,35000,36,13.04,Online
APP002186,CUST003826,2023-11-14,Car Purchase,29000,24,19.49,Online
APP002187,CUST003106,2024-08-26,Home Renovation,25500,48,14.51,Broker
APP002188,CUST001058,2024-02-28,Home Renovation,44500,48,11.73,Online
APP002189,CUST002840,2023-08-18,Wedding,44000,48,8.65,Branch
APP002190,CUST000598,2024-02-18,Wedding,43500,24,17.95,Online
APP002191,CUST005276,2024-01-27,Debt Consolidation,14500,48,13.75,Online
APP002192,CUST003470,2023-09-20,Medical,5500,36,13.72,Online
APP002193,CUST003231,2023-06-22,Debt Consolidation,25000,36,17.92,Online
APP002194,CUST005254,2023-09-07,Travel,5500,12,10.16,Online
APP002195,CUST003298,2024-03-24,Other,43000,48,19.63,Online
APP002196,CUST002886,2024-01-10,Travel,37000,60,8.26,Branch
APP002197,CUST005639,2023-05-30,Debt Consolidation,44000,36,19.67,Branch
APP002198,CUST005845,2024-09-18,Travel,32500,12,9.68,Branch
APP002199,CUST005045,2023-11-20,Medical,13000,12,21.0,Online
APP002200,CUST002631,2024-02-11,Home Renovation,43000,60,21.74,Online
APP002201,CUST003389,2023-02-21,Debt Consolidation,27000,48,9.84,Online
APP002202,CUST001053,2024-04-30,Debt Consolidation,25000,24,8.47,Broker
APP002203,CUST005796,2023-12-16,Wedding,4000,60,8.29,Broker
APP002204,CUST003140,2023-07-05,Car Purchase,4000,36,14.29,Broker
APP002205,CUST003766,2023-08-02,Home Renovation,45000,48,19.24,Online
APP002206,CUST000223,2024-03-18,Debt Consolidation,34500,24,10.36,Online
APP002207,CUST002804,2023-06-21,Debt Consolidation,43000,48,10.15,Broker
APP002208,CUST004222,2023-09-18,Debt Consolidation,6000,36,16.13,Branch
APP002209,CUST002407,2024-09-06,Car Purchase,27000,24,11.7,Broker
APP002210,CUST004805,2023-02-17,Travel,41000,36,11.68,Online
APP002211,CUST002102,2023-02-05,Wedding,13500,60,13.03,Broker
APP002212,CUST004518,2023-02-15,Car Purchase,40000,60,17.98,Online
APP002213,CUST003221,2023-02-24,Debt Consolidation,43500,24,7.87,Online
APP002214,CUST003312,2023-06-30,Wedding,38500,24,7.75,Online
APP002215,CUST004575,2024-04-16,Travel,35000,48,20.43,Branch
APP002216,CUST001644,2024-10-15,Home Renovation,21000,12,12.03,Broker
APP002217,CUST001231,2023-01-24,Medical,21000,36,10.69,Broker
APP002218,CUST001756,2023-06-14,Car Purchase,37000,36,10.87,Branch
APP002219,CUST003627,2024-03-23,Other,20500,60,22.0,Branch
APP002220,CUST000652,2024-03-09,Debt Consolidation,36000,36,19.33,Broker
APP002221,CUST001142,2023-05-22,Car Purchase,49000,60,13.86,Online
APP002222,CUST000199,2023-11-18,Debt Consolidation,7000,24,18.07,Online
APP002223,CUST004617,2023-09-17,Debt Consolidation,40000,24,8.82,Online
APP002224,CUST000334,2023-04-14,Home Renovation,37000,60,17.06,Online
APP002225,CUST001714,2023-12-14,Other,33500,48,12.06,Branch
APP002226,CUST002567,2024-05-07,Car Purchase,18000,24,10.25,Online
APP002227,CUST001372,2024-06-21,Car Purchase,35500,60,14.92,Broker
APP002228,CUST001369,2023-08-27,Home Renovation,44500,36,14.05,Branch
APP002229,CUST001008,2023-04-01,Debt Consolidation,47000,24,9.07,Online
APP002230,CUST000714,2024-03-26,Debt Consolidation,21000,36,20.82,Broker
APP002231,CUST001811,2024-05-18,Wedding,18500,12,14.9,Broker
APP002232,CUST004432,2024-03-14,Debt Consolidation,20000,24,22.25,Online
APP002233,CUST004748,2023-12-20,Debt Consolidation,31500,60,10.22,Broker
APP002234,CUST000735,2024-07-18,Home Renovation,39000,24,8.12,Online
APP002235,CUST005181,2023-01-29,Home Renovation,6000,24,10.23,Broker
APP002236,CUST004889,2024-09-01,Home Renovation,17000,60,17.55,Broker
APP002237,CUST005108,2023-07-13,Debt Consolidation,46500,24,16.96,Broker
APP002238,CUST005621,2024-06-01,Debt Consolidation,19500,48,10.65,Online
APP002239,CUST004863,2023-12-10,Medical,35500,24,12.55,Online
APP002240,CUST000870,2024-10-11,Debt Consolidation,17500,36,9.72,Branch
APP002241,CUST001496,2023-05-08,Debt Consolidation,43000,12,10.18,Broker
APP002242,CUST000213,2023-01-18,Car Purchase,33500,48,16.16,Online
APP002243,CUST002772,2024-08-24,Debt Consolidation,37000,24,9.54,Branch
APP002244,CUST001506,2024-12-04,Debt Consolidation,25000,36,7.52,Branch
APP002245,CUST002615,2023-11-14,Travel,28000,48,11.05,Online
APP002246,CUST000515,2024-11-03,Home Renovation,32000,36,18.08,Online
APP002247,CUST005305,2024-09-17,Travel,5000,36,14.97,Broker
APP002248,CUST003458,2023-04-03,Wedding,49000,36,21.95,Online
APP002249,CUST005959,2024-06-25,Car Purchase,24500,60,9.45,Online
APP002250,CUST001799,2024-09-19,Debt Consolidation,44500,24,19.03,Online
APP002251,CUST002437,2024-08-19,Debt Consolidation,7000,60,11.91,Online
APP002252,CUST002387,2023-09-04,Debt Consolidation,12500,36,11.01,Branch
APP002253,CUST002513,2023-09-27,Car Purchase,34000,60,16.8,Online
APP002254,CUST005096,2023-05-10,Home Renovation,28500,48,22.36,Broker
APP002255,CUST005478,2023-08-09,Medical,36500,36,12.32,Branch
APP002256,CUST005068,2024-01-18,Car Purchase,14000,48,21.1,Online
APP002257,CUST002994,2023-01-05,Debt Consolidation,6000,48,13.52,Online
APP002258,CUST002934,2024-09-12,Medical,21000,24,21.63,Broker
APP002259,CUST002904,2024-04-26,Home Renovation,30500,12,14.36,Broker
APP002260,CUST004944,2024-12-04,Debt Consolidation,24000,48,10.44,Online
APP002261,CUST003962,2024-01-06,Debt Consolidation,42500,60,11.96,Branch
APP002262,CUST004383,2023-07-18,Home Renovation,48000,48,17.08,Branch
APP002263,CUST003408,2024-09-13,Car Purchase,22500,24,21.43,Branch
APP002264,CUST004434,2023-11-28,Debt Consolidation,48500,48,18.85,Online
APP002265,CUST001052,2024-01-08,Debt Consolidation,40000,60,13.37,Online
APP002266,CUST003449,2023-05-16,Travel,25500,36,10.63,Online
APP002267,CUST000813,2023-03-25,Debt Consolidation,6000,24,15.78,Branch
APP002268,CUST004657,2024-03-16,Debt Consolidation,12500,60,16.35,Branch
APP002269,CUST003806,2023-10-02,Car Purchase,24000,60,21.0,Online
APP002270,CUST000002,2024-12-30,Debt Consolidation,42500,48,11.6,Online
APP002271,CUST005171,2023-03-12,Medical,7500,48,7.95,Online
APP002272,CUST003165,2023-08-02,Car Purchase,18500,36,20.44,Online
APP002273,CUST000103,2024-03-25,Car Purchase,23500,36,8.97,Online
APP002274,CUST005592,2023-10-14,Car Purchase,20500,24,16.62,Broker
APP002275,CUST000679,2023-11-28,Travel,43500,24,12.84,Broker
APP002276,CUST001539,2023-12-17,Debt Consolidation,15500,36,20.84,Branch
APP002277,CUST004851,2023-05-21,Travel,15000,24,20.5,Branch
APP002278,CUST003597,2023-07-04,Car Purchase,19500,48,16.7,Branch
APP002279,CUST000573,2024-10-22,Medical,37500,36,20.23,Online
APP002280,CUST005162,2023-01-08,Car Purchase,24500,36,9.91,Online
APP002281,CUST001546,2024-06-08,Wedding,2500,48,9.69,Branch
APP002282,CUST002306,2023-03-09,Car Purchase,15000,60,12.46,Broker
APP002283,CUST001819,2023-04-24,Car Purchase,47500,36,19.57,Online
APP002284,CUST001308,2024-08-21,Other,45000,24,12.03,Branch
APP002285,CUST001470,2024-01-12,Car Purchase,13500,36,22.07,Online
APP002286,CUST000515,2024-05-14,Home Renovation,49500,36,15.48,Online
APP002287,CUST005211,2024-04-13,Home Renovation,47000,48,8.52,Online
APP002288,CUST003398,2024-10-09,Medical,12500,60,7.99,Broker
APP002289,CUST001555,2024-06-23,Debt Consolidation,46000,48,14.52,Online
APP002290,CUST005290,2024-05-28,Travel,50000,12,16.06,Online
APP002291,CUST001147,2023-06-04,Home Renovation,39000,36,16.63,Branch
APP002292,CUST002397,2024-06-12,Debt Consolidation,17000,48,20.82,Branch
APP002293,CUST000237,2024-02-03,Car Purchase,14000,48,19.87,Online
APP002294,CUST001103,2024-04-15,Home Renovation,6500,36,17.67,Online
APP002295,CUST002150,2024-01-19,Debt Consolidation,20000,24,18.54,Online
APP002296,CUST002995,2023-11-02,Other,17000,12,21.87,Online
APP002297,CUST000189,2023-11-10,Debt Consolidation,36500,36,16.76,Online
APP002298,CUST005615,2024-11-29,Medical,5500,36,13.18,Online
APP002299,CUST003395,2024-11-01,Home Renovation,2500,36,10.22,Branch
APP002300,CUST004294,2023-07-23,Travel,11500,36,17.78,Branch
APP002301,CUST002063,2024-05-26,Debt Consolidation,39500,60,8.14,Online
APP002302,CUST004122,2024-10-02,Wedding,38500,12,20.93,Online
APP002303,CUST005671,2024-12-10,Debt Consolidation,32500,60,11.19,Branch
APP002304,CUST001161,2024-08-26,Travel,42000,24,13.08,Broker
APP002305,CUST005051,2024-07-25,Debt Consolidation,17000,24,15.98,Online
APP002306,CUST002981,2023-02-17,Car Purchase,47500,60,20.12,Broker
APP002307,CUST001637,2024-01-30,Car Purchase,27000,24,19.42,Broker
APP002308,CUST005788,2023-01-26,Home Renovation,41000,24,17.11,Broker
APP002309,CUST001199,2023-08-03,Car Purchase,21000,12,10.9,Broker
APP002310,CUST003977,2023-10-06,Debt Consolidation,21500,60,21.94,Online
APP002311,CUST000636,2024-02-21,Travel,48000,36,16.82,Online
APP002312,CUST002670,2024-01-27,Travel,13000,36,16.0,Online
APP002313,CUST000469,2023-03-12,Debt Consolidation,4500,60,19.97,Online
APP002314,CUST002844,2024-05-29,Car Purchase,25500,24,17.61,Broker
APP002315,CUST001737,2023-09-19,Wedding,25500,48,9.44,Online
APP002316,CUST000342,2023-08-07,Medical,34000,60,18.5,Broker
APP002317,CUST002096,2024-07-16,Car Purchase,11500,24,20.55,Broker
APP002318,CUST005565,2023-11-15,Debt Consolidation,2500,36,18.63,Branch
APP002319,CUST002386,2024-06-08,Debt Consolidation,18000,36,15.93,Branch
APP002320,CUST002879,2024-12-23,Other,40500,24,11.87,Online
APP002321,CUST003136,2024-01-29,Home Renovation,18500,36,18.06,Online
APP002322,CUST004265,2023-02-04,Home Renovation,41000,36,19.39,Broker
APP002323,CUST001649,2024-07-08,Wedding,5000,12,21.73,Branch
APP002324,CUST005205,2024-06-18,Home Renovation,11500,12,13.38,Broker
APP002325,CUST005167,2024-04-22,Debt Consolidation,13000,24,15.31,Broker
APP002326,CUST005297,2023-05-07,Car Purchase,15000,12,15.58,Online
APP002327,CUST001436,2023-10-24,Car Purchase,41000,36,12.98,Online
APP002328,CUST005283,2023-09-17,Travel,38500,24,16.72,Online
APP002329,CUST002040,2024-01-15,Car Purchase,38500,60,10.12,Broker
APP002330,CUST002431,2023-06-06,Other,3000,24,7.65,Online
APP002331,CUST003027,2024-08-10,Debt Consolidation,31000,48,20.74,Online
APP002332,CUST002688,2024-02-27,Debt Consolidation,7000,60,21.0,Online
APP002333,CUST005005,2023-09-30,Debt Consolidation,49000,12,14.57,Online
APP002334,CUST001085,2023-07-02,Car Purchase,32000,60,14.31,Online
APP002335,CUST003097,2024-10-19,Home Renovation,29000,36,7.55,Broker
APP002336,CUST002698,2024-08-27,Medical,12000,36,7.54,Online
APP002337,CUST004077,2023-08-08,Car Purchase,21000,24,15.16,Online
APP002338,CUST005707,2023-05-01,Home Renovation,4500,24,8.74,Online
APP002339,CUST004668,2023-12-15,Home Renovation,27500,24,15.18,Broker
APP002340,CUST003756,2023-12-20,Other,6500,36,19.32,Branch
APP002341,CUST000452,2024-08-06,Car Purchase,49500,36,18.01,Broker
APP002342,CUST004299,2024-07-30,Medical,36500,48,9.3,Broker
APP002343,CUST004842,2023-09-29,Debt Consolidation,35500,24,12.48,Broker
APP002344,CUST005103,2024-01-01,Home Renovation,29500,24,16.19,Broker
APP002345,CUST003874,2023-07-08,Home Renovation,2500,60,22.25,Online
APP002346,CUST002330,2024-07-11,Other,33500,48,14.21,Broker
APP002347,CUST002350,2023-12-28,Other,6500,36,7.58,Branch
APP002348,CUST004246,2023-04-03,Travel,25500,48,8.21,Broker
APP002349,CUST004104,2024-10-08,Home Renovation,17500,12,13.31,Branch
APP002350,CUST002314,2024-03-02,Debt Consolidation,47500,24,15.53,Online
APP002351,CUST002800,2024-07-12,Wedding,29500,48,13.0,Broker
APP002352,CUST005614,2024-05-20,Travel,44500,24,21.02,Broker
APP002353,CUST000016,2023-02-10,Debt Consolidation,34000,36,16.57,Branch
APP002354,CUST004383,2024-01-18,Wedding,41000,12,14.27,Broker
APP002355,CUST003013,2023-02-23,Debt Consolidation,10500,24,12.11,Branch
APP002356,CUST005683,2023-02-01,Car Purchase,37000,12,15.35,Branch
APP002357,CUST003057,2024-09-28,Home Renovation,41500,36,22.15,Online
APP002358,CUST005017,2024-11-11,Debt Consolidation,5500,36,22.06,Online
APP002359,CUST004221,2024-04-26,Car Purchase,9000,36,17.67,Online
APP002360,CUST002932,2023-11-14,Home Renovation,31500,48,18.39,Branch
APP002361,CUST003152,2024-11-12,Other,18500,36,20.27,Online
APP002362,CUST005485,2023-12-09,Medical,17000,24,16.21,Broker
APP002363,CUST005000,2023-01-22,Home Renovation,47000,60,12.92,Online
APP002364,CUST004582,2024-05-07,Wedding,14000,36,18.18,Online
APP002365,CUST000283,2023-12-31,Other,15000,24,19.42,Branch
APP002366,CUST004994,2023-11-28,Car Purchase,26000,12,16.38,Online
APP002367,CUST005600,2023-09-29,Home Renovation,36000,48,20.43,Online
APP002368,CUST004964,2023-10-18,Car Purchase,4500,48,10.43,Online
APP002369,CUST002932,2023-07-07,Wedding,3500,24,17.43,Online
APP002370,CUST000673,2024-11-26,Home Renovation,39500,48,18.23,Broker
APP002371,CUST004478,2023-10-02,Home Renovation,27000,24,19.17,Broker
APP002372,CUST005934,2024-03-07,Car Purchase,49500,60,22.22,Branch
APP002373,CUST000125,2024-09-25,Debt Consolidation,49000,24,18.19,Online
APP002374,CUST001102,2024-01-31,Travel,41500,24,20.67,Online
APP002375,CUST004810,2023-01-01,Wedding,48500,36,15.05,Online
APP002376,CUST002145,2024-04-21,Debt Consolidation,39500,36,17.59,Online
APP002377,CUST003918,2024-08-06,Debt Consolidation,15000,36,8.56,Online
APP002378,CUST005863,2023-03-19,Travel,47000,36,9.0,Broker
APP002379,CUST001603,2024-06-04,Debt Consolidation,39500,36,20.37,Broker
APP002380,CUST000380,2023-03-29,Debt Consolidation,23000,36,13.7,Online
APP002381,CUST004241,2023-12-26,Car Purchase,13000,24,8.99,Online
APP002382,CUST004771,2023-01-29,Debt Consolidation,42000,60,9.14,Online
APP002383,CUST005084,2023-03-17,Home Renovation,5500,60,8.42,Branch
APP002384,CUST005242,2024-12-17,Debt Consolidation,11500,36,17.99,Branch
APP002385,CUST005070,2023-01-10,Travel,48500,60,19.65,Broker
APP002386,CUST002988,2024-03-25,Car Purchase,26000,36,18.74,Broker
APP002387,CUST004673,2024-04-22,Home Renovation,28500,48,21.43,Broker
APP002388,CUST005339,2023-11-21,Travel,44000,12,18.95,Online
APP002389,CUST000279,2023-11-23,Other,23500,36,11.64,Online
APP002390,CUST002673,2024-09-07,Debt Consolidation,7000,60,10.85,Branch
APP002391,CUST003501,2024-01-19,Car Purchase,45500,48,21.48,Broker
APP002392,CUST004877,2024-11-19,Debt Consolidation,20000,36,18.59,Online
APP002393,CUST005551,2024-04-27,Debt Consolidation,21000,60,14.65,Branch
APP002394,CUST004349,2024-10-24,Debt Consolidation,30000,36,21.53,Online
APP002395,CUST000045,2024-11-04,Debt Consolidation,8000,12,20.53,Branch
APP002396,CUST005004,2024-08-25,Home Renovation,43500,48,19.35,Branch
APP002397,CUST002550,2024-04-27,Travel,43000,24,19.63,Branch
APP002398,CUST001149,2024-03-26,Home Renovation,48000,48,17.83,Branch
APP002399,CUST002879,2024-03-11,Debt Consolidation,30500,60,9.2,Online
APP002400,CUST004576,2023-04-27,Medical,49500,48,14.01,Branch
APP002401,CUST000201,2023-01-29,Debt Consolidation,17500,36,14.07,Online
APP002402,CUST001353,2023-10-13,Car Purchase,29500,48,11.59,Branch
APP002403,CUST002259,2024-10-11,Travel,5500,36,12.24,Online
APP002404,CUST000490,2023-01-23,Debt Consolidation,9000,36,18.29,Branch
APP002405,CUST005794,2024-11-26,Home Renovation,6500,24,15.79,Branch
APP002406,CUST002045,2023-12-18,Car Purchase,40500,36,14.56,Online
APP002407,CUST003787,2024-04-12,Car Purchase,21000,12,10.71,Branch
APP002408,CUST002671,2023-05-30,Car Purchase,42000,60,9.5,Broker
APP002409,CUST005067,2023-08-20,Medical,9500,36,11.18,Broker
APP002410,CUST005895,2023-06-28,Travel,19000,36,14.01,Online
APP002411,CUST004061,2024-12-24,Car Purchase,17000,48,7.74,Broker
APP002412,CUST002265,2024-04-20,Wedding,34000,36,13.39,Broker
APP002413,CUST004458,2023-06-18,Wedding,19500,48,21.96,Online
APP002414,CUST001406,2023-06-10,Debt Consolidation,39000,36,8.11,Online
APP002415,CUST005178,2024-11-29,Car Purchase,7000,12,11.78,Broker
APP002416,CUST004755,2024-10-18,Home Renovation,18500,60,20.64,Online
APP002417,CUST002928,2023-07-16,Debt Consolidation,4000,12,9.75,Branch
APP002418,CUST000836,2024-08-31,Car Purchase,26000,24,17.49,Branch
APP002419,CUST002262,2024-05-04,Debt Consolidation,35000,24,21.29,Branch
APP002420,CUST002944,2024-04-09,Debt Consolidation,19500,60,14.4,Broker
APP002421,CUST004304,2024-06-15,Debt Consolidation,42000,48,12.79,Branch
APP002422,CUST003826,2023-10-09,Debt Consolidation,26000,60,11.6,Online
APP002423,CUST004014,2024-08-26,Medical,6000,60,19.69,Online
APP002424,CUST005825,2023-02-26,Debt Consolidation,17000,24,12.57,Online
APP002425,CUST005256,2024-03-21,Medical,23500,24,14.01,Online
APP002426,CUST005987,2024-03-14,Car Purchase,13000,12,8.75,Online
APP002427,CUST000425,2023-07-24,Debt Consolidation,47500,36,11.94,Broker
APP002428,CUST004817,2023-06-01,Car Purchase,10500,48,15.18,Branch
APP002429,CUST005352,2024-08-31,Travel,16500,24,13.22,Broker
APP002430,CUST002860,2023-07-09,Car Purchase,23500,60,12.3,Broker
APP002431,CUST002122,2024-02-19,Travel,33500,36,15.0,Broker
APP002432,CUST003923,2024-02-19,Wedding,9500,24,13.65,Online
APP002433,CUST002953,2023-07-11,Other,37500,36,15.69,Broker
APP002434,CUST001702,2023-04-03,Debt Consolidation,2500,48,12.93,Branch
APP002435,CUST005048,2024-12-25,Debt Consolidation,19500,48,18.35,Online
APP002436,CUST000124,2023-02-13,Other,22000,36,18.04,Online
APP002437,CUST001973,2024-07-01,Home Renovation,28500,36,21.63,Branch
APP002438,CUST000062,2024-06-16,Debt Consolidation,2500,60,17.46,Branch
APP002439,CUST004140,2024-07-15,Debt Consolidation,6500,60,10.6,Broker
APP002440,CUST003577,2023-05-04,Travel,34500,36,7.97,Broker
APP002441,CUST005213,2024-09-10,Home Renovation,27000,48,13.92,Online
APP002442,CUST005499,2024-01-30,Car Purchase,9500,36,19.14,Branch
APP002443,CUST001426,2023-06-04,Other,41500,24,11.45,Broker
APP002444,CUST005855,2023-08-18,Wedding,17500,48,16.33,Online
APP002445,CUST004010,2024-03-26,Car Purchase,30000,24,22.38,Online
APP002446,CUST004378,2024-03-28,Car Purchase,32000,24,14.97,Broker
APP002447,CUST005492,2024-04-24,Debt Consolidation,42000,36,19.57,Online
APP002448,CUST005689,2023-04-09,Home Renovation,45500,48,14.55,Branch
APP002449,CUST004473,2024-07-07,Debt Consolidation,29000,24,17.95,Branch
APP002450,CUST004550,2023-01-27,Home Renovation,38000,48,11.19,Broker
APP002451,CUST001074,2024-01-28,Wedding,12000,60,21.27,Online
APP002452,CUST004461,2024-10-06,Car Purchase,16000,60,10.41,Broker
APP002453,CUST002024,2024-06-20,Debt Consolidation,17000,48,12.06,Broker
APP002454,CUST000438,2023-02-13,Travel,40000,24,21.2,Branch
APP002455,CUST000626,2023-12-23,Home Renovation,18000,48,15.18,Branch
APP002456,CUST000827,2023-02-23,Debt Consolidation,22000,36,12.84,Broker
APP002457,CUST003846,2024-10-25,Debt Consolidation,21000,48,21.16,Broker
APP002458,CUST000227,2024-02-25,Wedding,21500,12,20.53,Branch
APP002459,CUST003391,2023-10-30,Medical,2500,60,13.74,Online
APP002460,CUST000484,2023-10-08,Home Renovation,45000,36,8.61,Broker
APP002461,CUST002864,2024-03-30,Car Purchase,28000,24,21.88,Branch
APP002462,CUST000404,2024-11-07,Car Purchase,48000,36,20.78,Online
APP002463,CUST001494,2024-03-24,Debt Consolidation,46000,36,7.8,Online
APP002464,CUST000019,2023-12-31,Wedding,5500,24,15.91,Online
APP002465,CUST003183,2023-10-13,Debt Consolidation,23000,48,9.84,Branch
APP002466,CUST004934,2023-11-01,Debt Consolidation,37000,24,13.18,Online
APP002467,CUST005459,2024-07-06,Travel,20500,60,17.35,Online
APP002468,CUST001051,2024-07-29,Travel,9500,12,12.41,Branch
APP002469,CUST001211,2023-06-26,Debt Consolidation,44000,48,17.62,Broker
APP002470,CUST002613,2023-02-26,Medical,14500,12,20.72,Online
APP002471,CUST002467,2024-06-30,Debt Consolidation,35000,60,20.3,Branch
APP002472,CUST003669,2023-11-10,Home Renovation,15000,48,11.93,Branch
APP002473,CUST005840,2024-03-20,Medical,48500,36,22.3,Branch
APP002474,CUST004701,2023-12-19,Medical,12500,24,8.32,Branch
APP002475,CUST005351,2023-09-10,Debt Consolidation,27500,36,9.08,Broker
APP002476,CUST001743,2024-04-07,Travel,24000,36,14.01,Online
APP002477,CUST001084,2023-02-06,Home Renovation,38000,60,19.17,Branch
APP002478,CUST004540,2023-04-29,Travel,38500,36,13.9,Branch
APP002479,CUST002538,2023-11-13,Other,3500,36,15.16,Broker
APP002480,CUST005197,2024-10-18,Home Renovation,48000,36,15.97,Branch
APP002481,CUST004308,2024-03-20,Debt Consolidation,33000,48,20.05,Online
APP002482,CUST004527,2024-10-25,Medical,10500,24,10.58,Online
APP002483,CUST003286,2024-09-27,Car Purchase,10500,24,7.63,Online
APP002484,CUST001838,2023-06-19,Debt Consolidation,3000,24,18.25,Broker
APP002485,CUST002101,2023-08-01,Home Renovation,8000,36,18.55,Online
APP002486,CUST001556,2024-08-31,Home Renovation,25500,60,9.63,Online
APP002487,CUST003675,2023-10-29,Debt Consolidation,35500,36,19.4,Online
APP002488,CUST004319,2024-09-27,Other,25000,12,19.87,Online
APP002489,CUST002735,2024-09-22,Car Purchase,37500,24,18.5,Branch
APP002490,CUST002128,2024-05-11,Debt Consolidation,3500,12,17.61,Branch
APP002491,CUST001357,2023-09-17,Wedding,25000,60,18.61,Branch
APP002492,CUST004734,2024-11-27,Wedding,26500,12,20.55,Branch
APP002493,CUST001929,2023-11-24,Car Purchase,33500,36,13.92,Online
APP002494,CUST001072,2024-07-14,Other,10500,48,10.27,Broker
APP002495,CUST001545,2024-02-22,Debt Consolidation,45000,48,21.35,Online
APP002496,CUST003237,2024-08-14,Home Renovation,34500,24,15.93,Online
APP002497,CUST000124,2023-11-03,Debt Consolidation,18000,24,10.3,Online
APP002498,CUST004073,2024-09-13,Travel,47500,48,9.92,Online
APP002499,CUST004854,2024-12-05,Home Renovation,43000,60,13.8,Online
APP002500,CUST002017,2023-04-18,Medical,21500,24,8.56,Online
APP002501,CUST005801,2024-09-06,Medical,19500,60,20.43,Online
APP002502,CUST005009,2023-07-30,Debt Consolidation,41000,36,12.82,Online
APP002503,CUST002419,2024-04-23,Travel,30000,48,22.1,Online
APP002504,CUST002932,2023-12-12,Car Purchase,20500,24,14.69,Online
APP002505,CUST000116,2024-05-17,Other,22500,60,21.25,Online
APP002506,CUST005772,2023-07-19,Debt Consolidation,44500,36,18.72,Online
APP002507,CUST005535,2023-02-13,Home Renovation,39500,48,10.09,Broker
APP002508,CUST003771,2024-12-17,Other,18000,24,20.07,Online
APP002509,CUST004390,2023-06-03,Wedding,10500,60,9.32,Online
APP002510,CUST001681,2024-01-07,Car Purchase,10500,36,16.88,Online
APP002511,CUST000526,2023-01-04,Travel,42500,36,15.83,Online
APP002512,CUST001995,2024-11-26,Debt Consolidation,41500,36,19.92,Broker
APP002513,CUST005793,2023-08-10,Home Renovation,44500,48,16.01,Online
APP002514,CUST000407,2024-03-29,Other,10000,60,9.24,Online
APP002515,CUST005228,2023-01-24,Car Purchase,37500,24,13.73,Broker
APP002516,CUST000485,2024-10-20,Car Purchase,5500,36,20.96,Online
APP002517,CUST002927,2024-03-31,Debt Consolidation,11000,60,14.23,Broker
APP002518,CUST003105,2024-10-24,Car Purchase,11500,24,16.04,Branch
APP002519,CUST004283,2024-05-16,Travel,46500,24,10.67,Online
APP002520,CUST004254,2023-11-04,Car Purchase,14000,24,11.27,Branch
APP002521,CUST004099,2024-02-05,Medical,36000,48,13.05,Online
APP002522,CUST002666,2023-05-04,Car Purchase,47500,36,22.07,Broker
APP002523,CUST005783,2023-02-10,Debt Consolidation,35000,36,8.37,Branch
APP002524,CUST001519,2024-03-12,Travel,16000,60,20.29,Broker
APP002525,CUST005972,2024-05-15,Other,17000,24,10.99,Online
APP002526,CUST001383,2023-03-09,Car Purchase,4000,36,14.15,Broker
APP002527,CUST002371,2023-10-31,Debt Consolidation,47500,48,13.96,Online
APP002528,CUST002379,2023-07-12,Home Renovation,32000,36,22.12,Broker
APP002529,CUST002358,2024-02-20,Debt Consolidation,45500,24,16.17,Broker
APP002530,CUST003072,2024-08-10,Medical,13500,48,9.13,Online
APP002531,CUST003633,2023-12-19,Home Renovation,18000,36,15.72,Online
APP002532,CUST001086,2023-11-06,Home Renovation,15500,36,14.51,Branch
APP002533,CUST002205,2023-12-07,Car Purchase,48500,24,22.46,Online
APP002534,CUST004165,2023-12-15,Home Renovation,41000,36,16.78,Online
APP002535,CUST001605,2024-05-14,Medical,43500,12,16.16,Online
APP002536,CUST001616,2024-05-19,Debt Consolidation,41500,12,20.48,Online
APP002537,CUST002531,2023-12-18,Car Purchase,41500,36,19.84,Online
APP002538,CUST001844,2023-10-23,Other,14500,24,17.52,Online
APP002539,CUST000105,2024-11-25,Debt Consolidation,12000,24,14.71,Branch
APP002540,CUST005879,2023-07-31,Debt Consolidation,6000,48,16.28,Online
APP002541,CUST004476,2024-07-23,Wedding,11500,60,18.61,Online
APP002542,CUST001208,2024-12-08,Home Renovation,22000,60,14.51,Branch
APP002543,CUST005946,2024-08-09,Other,49000,12,8.46,Online
APP002544,CUST001726,2024-02-16,Car Purchase,14000,36,12.49,Branch
APP002545,CUST000088,2023-06-05,Wedding,27500,24,17.48,Online
APP002546,CUST003810,2023-12-04,Car Purchase,10500,36,17.47,Online
APP002547,CUST003228,2023-03-22,Medical,18000,60,22.18,Online
APP002548,CUST004417,2024-11-12,Home Renovation,14000,36,13.3,Online
APP002549,CUST004288,2023-08-17,Debt Consolidation,28500,60,9.53,Online
APP002550,CUST005552,2023-09-18,Car Purchase,28000,24,16.9,Online
APP002551,CUST002030,2024-02-12,Home Renovation,7000,36,15.16,Online
APP002552,CUST001601,2024-09-01,Debt Consolidation,2000,12,16.67,Broker
APP002553,CUST003818,2024-09-05,Car Purchase,41000,24,19.96,Online
APP002554,CUST004750,2024-03-09,Car Purchase,10000,60,13.07,Branch
APP002555,CUST002757,2024-08-10,Medical,41000,36,21.3,Online
APP002556,CUST001913,2023-10-29,Car Purchase,46500,36,9.03,Online
APP002557,CUST003482,2024-12-31,Home Renovation,42500,60,19.58,Online
APP002558,CUST000316,2023-11-25,Home Renovation,46000,12,12.46,Online
APP002559,CUST001640,2024-01-07,Home Renovation,15000,60,17.83,Online
APP002560,CUST001451,2023-11-12,Car Purchase,28500,48,14.08,Online
APP002561,CUST003004,2024-01-12,Home Renovation,32500,36,10.93,Broker
APP002562,CUST004586,2024-03-09,Car Purchase,11000,12,13.22,Online
APP002563,CUST003750,2024-11-24,Debt Consolidation,22000,36,9.84,Online
APP002564,CUST004043,2024-11-28,Car Purchase,38000,36,22.15,Online
APP002565,CUST001429,2024-06-20,Debt Consolidation,29500,60,8.09,Broker
APP002566,CUST002155,2023-01-15,Debt Consolidation,28500,36,17.88,Branch
APP002567,CUST002720,2024-02-06,Wedding,47000,36,9.96,Online
APP002568,CUST001069,2023-04-29,Car Purchase,46500,48,14.12,Branch
APP002569,CUST005779,2023-06-26,Debt Consolidation,23000,48,22.02,Branch
APP002570,CUST001298,2024-01-31,Wedding,42000,48,9.62,Broker
APP002571,CUST000655,2023-01-27,Other,30500,12,19.56,Branch
APP002572,CUST005342,2024-10-31,Medical,41500,36,22.34,Branch
APP002573,CUST005094,2024-04-17,Debt Consolidation,16000,24,10.41,Online
APP002574,CUST003277,2023-05-08,Medical,13500,36,13.25,Online
APP002575,CUST002411,2024-06-07,Home Renovation,43500,60,17.82,Online
APP002576,CUST004354,2024-12-15,Other,32500,24,17.05,Online
APP002577,CUST004790,2023-01-18,Car Purchase,28000,36,16.36,Online
APP002578,CUST001080,2023-07-08,Wedding,46000,36,8.1,Broker
APP002579,CUST001682,2023-08-28,Home Renovation,25500,48,11.22,Online
APP002580,CUST005520,2023-03-31,Medical,42500,60,10.27,Online
APP002581,CUST000444,2024-04-09,Home Renovation,48500,48,15.37,Branch
APP002582,CUST003792,2023-09-11,Debt Consolidation,48000,60,8.77,Broker
APP002583,CUST004444,2024-10-06,Debt Consolidation,28500,12,20.15,Online
APP002584,CUST003776,2024-07-02,Debt Consolidation,9500,36,8.19,Branch
APP002585,CUST003210,2023-01-28,Travel,23500,36,19.43,Broker
APP002586,CUST002125,2024-10-20,Debt Consolidation,35500,12,15.79,Online
APP002587,CUST005789,2024-07-23,Debt Consolidation,29500,36,19.06,Online
APP002588,CUST003583,2024-09-29,Travel,48000,36,19.41,Broker
APP002589,CUST004181,2024-09-13,Other,30000,24,20.04,Online
APP002590,CUST004167,2023-12-11,Debt Consolidation,46000,48,17.74,Broker
APP002591,CUST001834,2023-02-01,Travel,48500,60,19.73,Broker
APP002592,CUST003503,2024-09-27,Debt Consolidation,9000,48,19.49,Broker
APP002593,CUST005999,2023-02-21,Home Renovation,38000,24,21.97,Online
APP002594,CUST002295,2024-03-10,Debt Consolidation,31000,36,11.26,Broker
APP002595,CUST002112,2024-03-12,Debt Consolidation,8000,12,8.61,Branch
APP002596,CUST003754,2024-04-03,Travel,23000,36,10.6,Broker
APP002597,CUST004159,2024-11-21,Home Renovation,32000,36,14.11,Broker
APP002598,CUST002894,2024-09-09,Home Renovation,4000,24,10.47,Online
APP002599,CUST005353,2023-12-13,Travel,34500,12,14.7,Online
APP002600,CUST000583,2023-07-21,Home Renovation,18000,24,21.43,Online
APP002601,CUST002628,2024-01-29,Debt Consolidation,30500,48,17.49,Broker
APP002602,CUST003443,2023-04-27,Debt Consolidation,25000,36,14.85,Broker
APP002603,CUST003732,2023-01-23,Debt Consolidation,14500,60,16.74,Online
APP002604,CUST002083,2023-12-28,Wedding,5000,36,14.45,Branch
APP002605,CUST004214,2023-05-01,Car Purchase,31000,36,22.38,Branch
APP002606,CUST004568,2023-09-25,Home Renovation,28500,60,16.07,Broker
APP002607,CUST001373,2023-11-05,Car Purchase,18000,48,16.41,Online
APP002608,CUST005081,2024-09-09,Car Purchase,2000,24,9.77,Broker
APP002609,CUST003791,2023-01-24,Debt Consolidation,44000,60,19.84,Broker
APP002610,CUST003798,2023-12-30,Car Purchase,15000,24,11.12,Online
APP002611,CUST002239,2024-12-27,Travel,16000,24,14.25,Online
APP002612,CUST003465,2023-02-25,Debt Consolidation,14000,48,14.52,Online
APP002613,CUST004930,2024-07-07,Car Purchase,16500,12,20.04,Broker
APP002614,CUST002334,2023-10-23,Travel,44000,24,11.12,Online
APP002615,CUST003650,2024-08-19,Wedding,34500,36,17.77,Online
APP002616,CUST002861,2023-10-07,Debt Consolidation,10000,60,10.44,Online
APP002617,CUST001999,2024-03-19,Debt Consolidation,29000,36,22.48,Branch
APP002618,CUST005318,2024-09-20,Travel,34000,24,14.25,Broker
APP002619,CUST005082,2024-02-22,Travel,24500,36,18.44,Branch
APP002620,CUST005396,2024-12-14,Debt Consolidation,21000,48,13.44,Branch
APP002621,CUST005825,2024-03-06,Car Purchase,35500,48,10.89,Online
APP002622,CUST004153,2023-10-02,Car Purchase,38000,48,19.08,Online
APP002623,CUST003732,2023-07-25,Car Purchase,35000,36,12.57,Online
APP002624,CUST000622,2023-08-13,Debt Consolidation,26500,24,20.56,Online
APP002625,CUST005215,2024-10-30,Home Renovation,20500,48,18.34,Online
APP002626,CUST005863,2023-11-01,Debt Consolidation,14000,36,13.04,Online
APP002627,CUST001628,2024-12-01,Home Renovation,49500,36,11.38,Broker
APP002628,CUST001598,2024-11-05,Car Purchase,39500,36,16.35,Online
APP002629,CUST003363,2023-11-03,Medical,30500,60,14.76,Branch
APP002630,CUST001768,2024-02-22,Home Renovation,45000,24,8.3,Online
APP002631,CUST005786,2023-07-24,Travel,46500,24,22.12,Branch
APP002632,CUST003818,2024-05-01,Home Renovation,26500,36,12.84,Online
APP002633,CUST000121,2023-04-28,Home Renovation,28500,24,12.42,Branch
APP002634,CUST003651,2023-06-30,Debt Consolidation,44000,36,16.91,Broker
APP002635,CUST000410,2024-04-03,Home Renovation,40000,36,10.7,Broker
APP002636,CUST003159,2024-08-27,Home Renovation,45500,24,16.81,Online
APP002637,CUST002088,2024-06-17,Home Renovation,17500,48,16.69,Online
APP002638,CUST005425,2023-08-28,Car Purchase,47500,24,8.73,Online
APP002639,CUST002393,2023-06-06,Home Renovation,7000,60,19.73,Online
APP002640,CUST005631,2024-05-06,Wedding,10500,24,14.17,Branch
APP002641,CUST004488,2023-01-20,Car Purchase,41000,60,15.86,Online
APP002642,CUST003905,2023-05-20,Home Renovation,10000,36,22.19,Online
APP002643,CUST003060,2023-11-16,Medical,5000,36,19.33,Online
APP002644,CUST003850,2023-02-05,Debt Consolidation,24500,24,18.57,Broker
APP002645,CUST003471,2024-05-11,Other,48500,48,10.07,Online
APP002646,CUST002902,2023-08-28,Home Renovation,28500,60,10.16,Broker
APP002647,CUST002000,2024-07-26,Car Purchase,21000,48,14.3,Online
APP002648,CUST002967,2024-01-18,Home Renovation,23500,60,13.9,Online
APP002649,CUST000456,2023-09-23,Debt Consolidation,3500,48,11.97,Online
APP002650,CUST002551,2023-03-09,Travel,3500,48,12.72,Online
APP002651,CUST002794,2023-09-24,Wedding,9500,48,12.05,Online
APP002652,CUST001180,2024-01-07,Car Purchase,19000,24,8.55,Branch
APP002653,CUST001970,2024-11-01,Debt Consolidation,47000,12,13.31,Online
APP002654,CUST003582,2023-05-13,Debt Consolidation,12500,36,16.38,Online
APP002655,CUST002776,2023-02-21,Debt Consolidation,43000,12,22.33,Branch
APP002656,CUST000253,2024-11-01,Debt Consolidation,47000,60,11.2,Broker
APP002657,CUST001795,2024-12-21,Car Purchase,7000,36,15.1,Online
APP002658,CUST003412,2023-11-14,Home Renovation,34000,24,18.22,Online
APP002659,CUST000856,2024-08-08,Debt Consolidation,34000,24,20.53,Broker
APP002660,CUST005989,2024-04-09,Wedding,28000,24,21.17,Branch
APP002661,CUST005176,2023-10-17,Travel,28500,60,20.96,Online
APP002662,CUST001064,2023-11-04,Wedding,4000,24,21.15,Online
APP002663,CUST005337,2023-08-14,Travel,47000,24,8.99,Broker
APP002664,CUST003749,2024-05-03,Wedding,25500,60,9.26,Branch
APP002665,CUST002995,2023-05-14,Debt Consolidation,34500,60,17.52,Broker
APP002666,CUST002228,2023-10-12,Medical,22000,36,12.54,Online
APP002667,CUST001983,2024-02-26,Travel,43000,12,15.45,Branch
APP002668,CUST002207,2023-08-15,Debt Consolidation,41000,36,9.53,Branch
APP002669,CUST004546,2024-01-27,Home Renovation,33500,24,8.09,Branch
APP002670,CUST002608,2023-07-29,Other,46500,48,20.82,Online
APP002671,CUST003869,2024-12-05,Wedding,6500,36,16.3,Online
APP002672,CUST001163,2023-06-01,Debt Consolidation,8000,36,8.66,Branch
APP002673,CUST003727,2023-04-29,Travel,50000,36,13.99,Online
APP002674,CUST005092,2023-06-06,Travel,7000,24,20.62,Broker
APP002675,CUST001287,2023-04-08,Debt Consolidation,17000,60,13.23,Broker
APP002676,CUST004812,2024-04-14,Home Renovation,19500,12,19.19,Online
APP002677,CUST004965,2023-09-01,Home Renovation,44500,48,12.42,Online
APP002678,CUST004090,2023-08-25,Car Purchase,32500,36,18.48,Online
APP002679,CUST002689,2023-05-21,Debt Consolidation,44500,36,17.42,Broker
APP002680,CUST001215,2023-07-02,Car Purchase,6500,24,21.87,Branch
APP002681,CUST005437,2023-11-18,Home Renovation,40500,24,22.14,Online
APP002682,CUST003449,2023-05-17,Debt Consolidation,18000,24,16.21,Broker
APP002683,CUST001705,2024-12-14,Travel,47500,36,14.77,Online
APP002684,CUST000205,2024-07-20,Travel,39000,60,8.19,Online
APP002685,CUST003910,2024-12-06,Car Purchase,25500,48,10.84,Online
APP002686,CUST004692,2024-07-20,Debt Consolidation,37500,48,19.05,Branch
APP002687,CUST000523,2023-12-28,Car Purchase,44500,24,11.31,Online
APP002688,CUST004365,2023-08-23,Debt Consolidation,25000,48,19.78,Broker
APP002689,CUST005012,2023-03-11,Car Purchase,4000,60,8.48,Branch
APP002690,CUST004848,2023-06-10,Debt Consolidation,16000,24,18.77,Online
APP002691,CUST002935,2024-02-28,Other,18500,24,22.45,Online
APP002692,CUST002928,2023-07-23,Debt Consolidation,13500,36,19.14,Online
APP002693,CUST005659,2023-08-29,Debt Consolidation,46500,24,19.76,Online
APP002694,CUST004964,2023-03-11,Medical,9000,36,9.22,Branch
APP002695,CUST004554,2023-08-04,Wedding,16500,24,12.06,Online
APP002696,CUST005602,2023-11-11,Travel,6000,60,17.13,Broker
APP002697,CUST005983,2023-07-18,Wedding,11000,12,9.04,Broker
APP002698,CUST001294,2023-09-28,Other,41500,48,11.7,Online
APP002699,CUST004687,2023-12-14,Debt Consolidation,6500,24,14.93,Online
APP002700,CUST003121,2023-05-20,Home Renovation,46000,36,11.66,Online
APP002701,CUST000301,2023-11-15,Car Purchase,27500,36,22.21,Branch
APP002702,CUST004699,2023-12-02,Car Purchase,26000,48,15.21,Branch
APP002703,CUST005274,2023-07-29,Car Purchase,31500,36,11.35,Broker
APP002704,CUST001857,2023-12-03,Home Renovation,6000,48,16.42,Branch
APP002705,CUST000623,2024-05-18,Car Purchase,19500,36,16.65,Online
APP002706,CUST005991,2023-07-10,Debt Consolidation,27500,60,14.08,Online
APP002707,CUST003359,2024-01-29,Car Purchase,35000,36,20.67,Online
APP002708,CUST003747,2024-11-05,Car Purchase,47000,24,12.69,Online
APP002709,CUST004199,2023-03-15,Car Purchase,7500,24,12.25,Online
APP002710,CUST001600,2023-11-16,Debt Consolidation,50000,48,21.89,Branch
APP002711,CUST000489,2024-02-08,Home Renovation,9000,48,16.42,Online
APP002712,CUST000278,2024-10-30,Car Purchase,36500,12,10.31,Online
APP002713,CUST004072,2023-05-25,Car Purchase,15500,24,22.48,Branch
APP002714,CUST002022,2024-10-17,Other,13000,48,13.5,Branch
APP002715,CUST000949,2023-09-19,Car Purchase,13000,36,7.87,Online
APP002716,CUST000567,2023-10-26,Debt Consolidation,18500,36,18.73,Broker
APP002717,CUST002510,2023-10-10,Home Renovation,32500,36,7.68,Branch
APP002718,CUST000878,2024-05-06,Other,20500,24,18.12,Broker
APP002719,CUST004827,2023-05-28,Debt Consolidation,40500,36,7.99,Broker
APP002720,CUST004465,2023-01-18,Debt Consolidation,45500,48,9.81,Branch
APP002721,CUST004386,2024-06-05,Wedding,17500,36,7.63,Branch
APP002722,CUST001514,2023-06-13,Medical,35500,36,20.9,Branch
APP002723,CUST001533,2023-01-04,Debt Consolidation,3000,12,16.41,Broker
APP002724,CUST005077,2023-12-19,Home Renovation,27000,24,11.38,Online
APP002725,CUST001541,2024-10-01,Car Purchase,12500,48,18.9,Online
APP002726,CUST003492,2023-08-14,Debt Consolidation,38500,24,9.32,Broker
APP002727,CUST003347,2024-12-30,Medical,7500,60,11.0,Broker
APP002728,CUST002779,2023-01-03,Home Renovation,14000,24,22.1,Online
APP002729,CUST000757,2023-12-09,Wedding,8000,24,11.53,Branch
APP002730,CUST003397,2023-03-14,Car Purchase,31500,36,12.9,Online
APP002731,CUST000326,2024-07-15,Debt Consolidation,49500,60,13.36,Online
APP002732,CUST003755,2024-03-15,Wedding,21500,60,8.39,Broker
APP002733,CUST004248,2024-12-28,Home Renovation,17500,36,10.67,Broker
APP002734,CUST003490,2023-05-13,Debt Consolidation,38500,48,22.34,Online
APP002735,CUST003901,2024-07-07,Wedding,45000,48,9.54,Branch
APP002736,CUST001836,2023-03-10,Other,40000,48,7.85,Online
APP002737,CUST005302,2023-06-14,Debt Consolidation,32000,36,12.1,Broker
APP002738,CUST005023,2024-08-16,Travel,10500,60,15.01,Broker
APP002739,CUST005509,2024-02-07,Home Renovation,4000,12,10.36,Online
APP002740,CUST003622,2023-11-21,Wedding,39500,24,11.79,Branch
APP002741,CUST001028,2023-07-21,Other,39000,36,20.59,Broker
APP002742,CUST001977,2024-04-18,Medical,22500,24,12.78,Branch
APP002743,CUST004177,2024-04-26,Debt Consolidation,42500,24,18.08,Branch
APP002744,CUST004312,2024-08-01,Travel,29000,36,16.79,Broker
APP002745,CUST002893,2024-06-22,Other,35000,36,13.05,Online
APP002746,CUST004359,2024-11-28,Travel,7000,24,18.75,Online
APP002747,CUST004335,2023-02-08,Car Purchase,8500,60,18.88,Online
APP002748,CUST003265,2024-04-22,Home Renovation,36000,48,16.54,Online
APP002749,CUST002214,2023-10-09,Car Purchase,29000,48,19.14,Broker
APP002750,CUST003887,2023-05-06,Home Renovation,26000,36,8.56,Online
APP002751,CUST000867,2024-01-15,Debt Consolidation,42500,36,9.14,Online
APP002752,CUST005959,2023-12-25,Wedding,8500,24,8.46,Broker
APP002753,CUST002785,2024-03-28,Debt Consolidation,47500,12,10.09,Broker
APP002754,CUST002691,2023-06-28,Debt Consolidation,25000,60,15.61,Broker
APP002755,CUST004624,2024-12-15,Medical,41500,36,9.13,Online
APP002756,CUST005554,2023-12-10,Debt Consolidation,23500,24,15.77,Online
APP002757,CUST005596,2023-05-19,Home Renovation,4000,48,20.84,Online
APP002758,CUST001039,2023-07-28,Car Purchase,14000,48,12.67,Online
APP002759,CUST003715,2024-02-07,Wedding,42000,36,18.82,Broker
APP002760,CUST004207,2024-08-08,Debt Consolidation,15000,12,17.87,Branch
APP002761,CUST005391,2024-06-05,Debt Consolidation,4000,60,17.8,Online
APP002762,CUST001615,2023-02-04,Debt Consolidation,31500,48,10.75,Branch
APP002763,CUST001241,2024-08-17,Car Purchase,9000,48,20.76,Online
APP002764,CUST003746,2023-05-24,Wedding,50000,36,21.37,Broker
APP002765,CUST005501,2024-07-23,Wedding,12000,24,18.16,Broker
APP002766,CUST000200,2023-09-11,Debt Consolidation,22000,48,13.39,Broker
APP002767,CUST002531,2023-10-11,Debt Consolidation,8000,48,18.25,Online
APP002768,CUST003013,2024-07-02,Travel,46500,48,15.73,Broker
APP002769,CUST003935,2023-02-27,Wedding,22000,36,15.51,Online
APP002770,CUST003299,2023-03-06,Travel,22000,36,15.82,Branch
APP002771,CUST000939,2023-05-11,Debt Consolidation,17000,24,20.95,Online
APP002772,CUST000215,2024-08-01,Car Purchase,25500,24,18.18,Online
APP002773,CUST005904,2023-04-19,Car Purchase,43000,36,16.02,Broker
APP002774,CUST001635,2024-06-24,Travel,37500,36,17.39,Branch
APP002775,CUST004233,2024-08-05,Car Purchase,33500,36,10.14,Broker
APP002776,CUST001462,2024-09-01,Travel,14500,24,12.45,Branch
APP002777,CUST005687,2024-08-18,Wedding,19000,24,9.4,Online
APP002778,CUST002343,2023-11-03,Travel,44000,60,19.77,Online
APP002779,CUST001821,2024-06-15,Travel,7500,36,12.9,Online
APP002780,CUST004020,2023-07-28,Car Purchase,41000,36,9.82,Broker
APP002781,CUST000145,2023-06-16,Debt Consolidation,12000,24,11.44,Broker
APP002782,CUST003749,2024-05-20,Car Purchase,42000,36,14.36,Online
APP002783,CUST003567,2024-06-27,Car Purchase,33000,48,7.62,Online
APP002784,CUST005601,2023-02-23,Car Purchase,34000,24,19.22,Branch
APP002785,CUST000114,2024-04-26,Car Purchase,4500,24,19.68,Broker
APP002786,CUST005377,2023-04-02,Home Renovation,9500,12,10.76,Online
APP002787,CUST001390,2023-03-26,Wedding,14500,48,10.09,Broker
APP002788,CUST000981,2023-05-09,Car Purchase,21000,24,11.56,Online
APP002789,CUST005909,2024-11-19,Car Purchase,41000,48,14.99,Branch
APP002790,CUST005595,2024-04-25,Wedding,17000,60,9.5,Broker
APP002791,CUST003778,2024-12-01,Debt Consolidation,27000,48,19.0,Broker
APP002792,CUST002061,2024-03-09,Car Purchase,18000,36,9.37,Broker
APP002793,CUST000379,2024-02-25,Car Purchase,7000,24,22.45,Online
APP002794,CUST003224,2024-09-12,Debt Consolidation,5000,48,12.85,Broker
APP002795,CUST003990,2023-03-22,Wedding,34000,48,20.12,Online
APP002796,CUST005928,2024-02-19,Car Purchase,21500,12,18.61,Online
APP002797,CUST005795,2024-04-29,Debt Consolidation,33500,12,18.08,Branch
APP002798,CUST004250,2023-06-19,Car Purchase,10500,36,15.41,Online
APP002799,CUST005765,2023-03-28,Debt Consolidation,24500,48,10.58,Branch
APP002800,CUST005067,2023-10-07,Debt Consolidation,15000,36,16.41,Online
APP002801,CUST001531,2024-10-10,Debt Consolidation,45000,36,8.54,Branch
APP002802,CUST004212,2023-10-10,Debt Consolidation,44500,48,10.53,Online
APP002803,CUST003575,2024-12-14,Home Renovation,38000,36,10.05,Broker
APP002804,CUST004151,2023-10-23,Home Renovation,15500,48,9.21,Online
APP002805,CUST002020,2024-12-29,Home Renovation,4000,48,15.21,Branch
APP002806,CUST003530,2024-01-21,Home Renovation,27000,48,11.77,Online
APP002807,CUST001340,2023-05-20,Travel,9500,12,14.36,Online
APP002808,CUST002099,2024-06-15,Debt Consolidation,39500,12,15.95,Broker
APP002809,CUST003985,2024-07-08,Car Purchase,25500,48,16.39,Branch
APP002810,CUST000579,2024-04-12,Debt Consolidation,48000,60,8.63,Branch
APP002811,CUST003192,2023-08-21,Home Renovation,28000,60,17.86,Online
APP002812,CUST004209,2023-09-03,Debt Consolidation,23000,36,13.83,Branch
APP002813,CUST005188,2023-02-27,Debt Consolidation,28000,12,14.4,Branch
APP002814,CUST003696,2023-12-01,Travel,36500,24,14.42,Online
APP002815,CUST004674,2024-02-14,Debt Consolidation,23000,36,21.62,Online
APP002816,CUST002246,2024-07-26,Wedding,43500,12,22.36,Online
APP002817,CUST004216,2023-09-04,Car Purchase,46500,24,21.2,Branch
APP002818,CUST005137,2023-10-30,Car Purchase,44500,60,20.93,Broker
APP002819,CUST004373,2024-06-11,Debt Consolidation,4500,12,7.88,Branch
APP002820,CUST000598,2023-05-31,Car Purchase,4000,36,16.18,Online
APP002821,CUST000739,2024-04-09,Home Renovation,11500,36,18.02,Branch
APP002822,CUST000035,2024-11-26,Travel,41500,36,22.41,Branch
APP002823,CUST003445,2024-12-10,Wedding,38000,24,14.38,Online
APP002824,CUST005489,2024-06-29,Medical,40000,48,13.27,Branch
APP002825,CUST005228,2023-10-25,Home Renovation,35500,60,12.34,Branch
APP002826,CUST002027,2024-03-14,Car Purchase,25500,48,21.97,Online
APP002827,CUST001243,2023-12-12,Other,21500,24,11.45,Online
APP002828,CUST004323,2024-06-11,Travel,25000,36,16.37,Branch
APP002829,CUST002746,2024-06-11,Car Purchase,19500,48,18.78,Online
APP002830,CUST000135,2024-05-08,Home Renovation,15500,24,19.69,Branch
APP002831,CUST003467,2023-05-28,Debt Consolidation,12000,36,13.17,Online
APP002832,CUST000849,2024-09-09,Debt Consolidation,23500,60,14.17,Online
APP002833,CUST001521,2024-07-01,Car Purchase,19500,36,9.06,Broker
APP002834,CUST005842,2024-04-13,Debt Consolidation,30500,12,17.83,Broker
APP002835,CUST005434,2024-12-24,Other,48500,48,21.82,Online
APP002836,CUST001666,2023-07-05,Other,37000,48,22.06,Online
APP002837,CUST002506,2023-07-09,Wedding,37000,36,10.31,Online
APP002838,CUST005252,2023-03-19,Travel,14500,24,14.36,Online
APP002839,CUST002939,2024-06-13,Car Purchase,37000,36,16.85,Online
APP002840,CUST003258,2023-10-14,Debt Consolidation,11000,12,18.04,Broker
APP002841,CUST001822,2023-03-09,Debt Consolidation,13000,48,12.5,Broker
APP002842,CUST004841,2023-10-11,Travel,39500,60,8.21,Online
APP002843,CUST005504,2024-12-09,Debt Consolidation,11000,60,13.52,Online
APP002844,CUST003704,2024-02-02,Car Purchase,43500,36,13.67,Broker
APP002845,CUST002867,2023-07-22,Car Purchase,47500,24,12.99,Branch
APP002846,CUST001609,2024-12-19,Travel,18500,24,10.55,Broker
APP002847,CUST000600,2023-01-21,Wedding,38000,48,8.68,Branch
APP002848,CUST004926,2024-08-27,Debt Consolidation,28000,24,21.52,Broker
APP002849,CUST005730,2024-09-11,Car Purchase,15000,48,20.12,Broker
APP002850,CUST003031,2023-03-24,Debt Consolidation,45500,24,8.75,Broker
APP002851,CUST000424,2023-06-01,Home Renovation,39500,12,20.14,Online
APP002852,CUST004107,2024-01-09,Wedding,43000,48,8.42,Online
APP002853,CUST005459,2024-11-01,Home Renovation,43000,12,20.06,Online
APP002854,CUST005498,2023-10-25,Debt Consolidation,12000,36,20.56,Branch
APP002855,CUST002803,2024-04-01,Wedding,37000,36,7.84,Broker
APP002856,CUST004219,2024-11-05,Car Purchase,11500,48,16.3,Online
APP002857,CUST002309,2024-12-09,Car Purchase,5000,60,19.3,Online
APP002858,CUST000163,2024-09-21,Wedding,46500,24,20.71,Branch
APP002859,CUST005451,2023-02-23,Car Purchase,18500,36,13.32,Online
APP002860,CUST000151,2023-08-07,Wedding,20000,60,19.8,Branch
APP002861,CUST000422,2024-11-10,Debt Consolidation,10000,24,15.76,Online
APP002862,CUST003676,2023-01-01,Debt Consolidation,6000,36,12.1,Branch
APP002863,CUST003751,2023-08-27,Debt Consolidation,16500,36,16.09,Online
APP002864,CUST004953,2024-09-06,Debt Consolidation,8500,60,14.72,Broker
APP002865,CUST001560,2023-10-23,Other,43000,36,19.23,Online
APP002866,CUST005833,2024-05-19,Home Renovation,40000,60,11.18,Broker
APP002867,CUST005870,2023-02-25,Car Purchase,41000,12,8.71,Online
APP002868,CUST002666,2023-05-19,Car Purchase,9000,36,10.91,Online
APP002869,CUST002396,2024-09-01,Medical,33500,36,10.82,Broker
APP002870,CUST004451,2024-07-31,Medical,36000,48,11.96,Broker
APP002871,CUST001245,2023-05-26,Medical,28500,36,21.81,Online
APP002872,CUST004694,2024-02-13,Medical,31000,60,9.61,Branch
APP002873,CUST001692,2024-03-23,Wedding,9500,60,11.09,Online
APP002874,CUST005185,2024-10-23,Home Renovation,23500,36,15.12,Online
APP002875,CUST005411,2023-10-22,Debt Consolidation,18500,24,9.22,Online
APP002876,CUST005826,2024-05-08,Debt Consolidation,48000,60,11.56,Branch
APP002877,CUST005582,2024-09-08,Debt Consolidation,34500,48,19.15,Online
APP002878,CUST005691,2023-05-27,Home Renovation,42000,12,18.53,Broker
APP002879,CUST000957,2024-09-12,Medical,17500,48,12.58,Broker
APP002880,CUST001880,2024-09-26,Other,26000,48,17.18,Branch
APP002881,CUST002054,2023-01-13,Debt Consolidation,43000,36,7.93,Online
APP002882,CUST003107,2023-09-25,Travel,38000,36,15.95,Online
APP002883,CUST001499,2024-12-19,Home Renovation,37000,60,11.85,Broker
APP002884,CUST000522,2023-12-18,Car Purchase,32000,12,16.49,Broker
APP002885,CUST003924,2024-06-01,Debt Consolidation,6500,24,11.34,Branch
APP002886,CUST000385,2023-08-02,Debt Consolidation,19000,24,15.82,Broker
APP002887,CUST001988,2024-02-07,Debt Consolidation,41000,60,18.68,Online
APP002888,CUST004133,2023-07-23,Car Purchase,9500,24,18.09,Branch
APP002889,CUST002033,2024-05-11,Home Renovation,40500,24,10.69,Broker
APP002890,CUST002277,2024-11-09,Car Purchase,42000,24,10.9,Broker
APP002891,CUST001842,2023-02-11,Debt Consolidation,41500,36,14.88,Online
APP002892,CUST004367,2024-04-26,Home Renovation,28000,36,11.52,Online
APP002893,CUST005226,2023-10-13,Medical,13000,60,13.36,Online
APP002894,CUST000643,2023-06-14,Car Purchase,45000,36,18.56,Branch
APP002895,CUST005685,2024-01-18,Debt Consolidation,16000,24,17.16,Online
APP002896,CUST003355,2024-04-14,Other,36000,36,20.79,Broker
APP002897,CUST000929,2024-01-02,Home Renovation,17500,60,9.6,Online
APP002898,CUST005857,2023-03-03,Debt Consolidation,20500,36,21.1,Online
APP002899,CUST003292,2024-07-30,Car Purchase,11000,48,17.49,Online
APP002900,CUST005278,2023-11-15,Debt Consolidation,29000,60,20.67,Branch
APP002901,CUST001527,2023-08-22,Travel,38000,48,17.27,Online
APP002902,CUST002068,2024-11-14,Travel,3500,60,17.77,Broker
APP002903,CUST005741,2023-07-30,Debt Consolidation,15000,48,10.27,Branch
APP002904,CUST001232,2024-12-06,Debt Consolidation,7000,48,14.77,Online
APP002905,CUST004335,2024-02-25,Home Renovation,48500,36,12.41,Branch
APP002906,CUST000387,2023-05-16,Wedding,11000,60,20.95,Branch
APP002907,CUST001352,2023-07-23,Other,10000,24,15.78,Branch
APP002908,CUST002662,2024-05-18,Other,44000,24,14.54,Branch
APP002909,CUST001018,2024-05-05,Home Renovation,6000,36,12.59,Online
APP002910,CUST005872,2023-09-06,Wedding,3000,48,8.75,Broker
APP002911,CUST002414,2023-07-11,Wedding,5000,60,21.87,Online
APP002912,CUST000728,2023-04-24,Debt Consolidation,8000,24,21.57,Online
APP002913,CUST002048,2023-10-22,Debt Consolidation,30000,36,17.13,Branch
APP002914,CUST003819,2024-10-02,Home Renovation,2500,24,12.91,Broker
APP002915,CUST003854,2024-02-29,Car Purchase,9000,48,19.13,Online
APP002916,CUST003912,2024-02-24,Debt Consolidation,23000,36,13.17,Branch
APP002917,CUST004382,2024-09-17,Debt Consolidation,39000,36,16.95,Branch
APP002918,CUST000955,2023-11-05,Car Purchase,39000,60,14.1,Branch
APP002919,CUST001793,2024-10-01,Travel,50000,36,12.35,Online
APP002920,CUST003393,2023-12-30,Car Purchase,49500,48,9.43,Online
APP002921,CUST005503,2024-01-26,Travel,46000,60,13.24,Broker
APP002922,CUST001155,2024-02-09,Other,20000,12,10.26,Branch
APP002923,CUST002671,2024-02-17,Car Purchase,23500,12,14.33,Broker
APP002924,CUST005945,2024-11-11,Car Purchase,25500,24,12.91,Online
APP002925,CUST002600,2023-01-11,Debt Consolidation,14500,48,18.88,Branch
APP002926,CUST003723,2024-05-31,Debt Consolidation,29000,36,18.02,Broker
APP002927,CUST004663,2023-07-31,Home Renovation,18000,36,20.38,Online
APP002928,CUST000519,2024-09-25,Debt Consolidation,34500,24,19.64,Online
APP002929,CUST002166,2023-07-24,Travel,33500,12,18.63,Online
APP002930,CUST004942,2024-05-30,Home Renovation,22500,60,12.61,Online
APP002931,CUST001735,2023-03-04,Other,18500,36,17.79,Online
APP002932,CUST004294,2024-01-20,Debt Consolidation,6000,12,15.18,Branch
APP002933,CUST005616,2024-08-18,Debt Consolidation,45000,36,19.78,Online
APP002934,CUST000138,2024-11-11,Car Purchase,16000,12,18.66,Online
APP002935,CUST005666,2023-01-02,Home Renovation,43000,24,10.56,Broker
APP002936,CUST005734,2024-03-19,Car Purchase,3500,24,18.84,Online
APP002937,CUST001487,2023-04-19,Debt Consolidation,16000,36,8.5,Online
APP002938,CUST003734,2023-11-16,Travel,13000,60,8.59,Branch
APP002939,CUST001501,2024-02-02,Car Purchase,8000,60,13.7,Online
APP002940,CUST001746,2023-12-11,Debt Consolidation,5500,24,14.45,Online
APP002941,CUST001944,2024-03-07,Car Purchase,32500,60,8.0,Broker
APP002942,CUST001365,2023-02-03,Home Renovation,27500,12,12.34,Online
APP002943,CUST001346,2024-10-06,Travel,8000,36,7.91,Branch
APP002944,CUST003584,2023-11-10,Debt Consolidation,7000,36,21.44,Online
APP002945,CUST005738,2023-04-13,Debt Consolidation,7000,12,19.64,Online
APP002946,CUST005332,2023-04-06,Travel,22500,36,9.34,Branch
APP002947,CUST001868,2024-10-02,Wedding,20500,48,20.43,Branch
APP002948,CUST000134,2024-05-07,Debt Consolidation,19500,60,9.74,Branch
APP002949,CUST003757,2023-08-07,Car Purchase,5500,60,9.93,Online
APP002950,CUST000313,2023-03-09,Wedding,42000,24,10.89,Online
APP002951,CUST005243,2023-10-24,Debt Consolidation,48500,36,19.72,Branch
APP002952,CUST004178,2023-08-13,Car Purchase,7500,60,19.68,Broker
APP002953,CUST004970,2024-11-02,Debt Consolidation,34500,12,13.08,Online
APP002954,CUST001364,2023-04-19,Debt Consolidation,21500,48,14.4,Online
APP002955,CUST000638,2024-06-29,Other,7000,12,8.18,Online
APP002956,CUST004171,2024-03-14,Other,31500,48,21.96,Broker
APP002957,CUST000349,2023-12-05,Debt Consolidation,22500,48,18.95,Branch
APP002958,CUST000549,2023-08-21,Medical,34000,48,10.27,Branch
APP002959,CUST005751,2023-02-18,Travel,20000,48,9.6,Online
APP002960,CUST003237,2023-03-05,Debt Consolidation,44500,60,14.29,Online
APP002961,CUST000749,2023-01-07,Car Purchase,40000,48,19.43,Online
APP002962,CUST000313,2023-08-10,Wedding,25500,36,20.2,Online
APP002963,CUST002426,2023-05-27,Home Renovation,23500,36,9.77,Online
APP002964,CUST002136,2023-06-08,Debt Consolidation,14000,36,19.38,Online
APP002965,CUST005191,2024-08-12,Debt Consolidation,29500,36,10.23,Branch
APP002966,CUST000408,2023-02-20,Car Purchase,39000,60,11.73,Broker
APP002967,CUST005916,2024-06-29,Home Renovation,46000,36,17.07,Online
APP002968,CUST003520,2024-05-14,Other,42000,48,8.36,Broker
APP002969,CUST002268,2023-03-02,Car Purchase,11500,36,14.1,Online
APP002970,CUST005039,2024-06-08,Car Purchase,35500,24,13.18,Online
APP002971,CUST004969,2024-12-19,Medical,6000,60,19.87,Online
APP002972,CUST005820,2024-05-10,Debt Consolidation,4500,48,20.82,Branch
APP002973,CUST004817,2024-03-23,Debt Consolidation,43500,36,16.85,Online
APP002974,CUST001628,2024-12-10,Debt Consolidation,12000,60,19.98,Branch
APP002975,CUST002758,2023-05-06,Debt Consolidation,19500,48,11.13,Branch
APP002976,CUST001869,2023-06-07,Debt Consolidation,15500,12,21.27,Branch
APP002977,CUST001057,2023-09-14,Car Purchase,7000,48,7.52,Online
APP002978,CUST001014,2024-07-31,Home Renovation,35000,36,17.33,Online
APP002979,CUST004943,2023-03-23,Debt Consolidation,16500,60,19.29,Online
APP002980,CUST004270,2024-09-17,Medical,8000,60,17.67,Broker
APP002981,CUST001945,2023-07-05,Other,21000,36,8.63,Online
APP002982,CUST004958,2023-03-22,Wedding,7000,36,8.54,Online
APP002983,CUST000327,2024-01-15,Car Purchase,14500,36,15.2,Online
APP002984,CUST001352,2024-01-08,Home Renovation,20000,36,15.04,Online
APP002985,CUST002117,2023-10-01,Home Renovation,37000,36,9.66,Online
APP002986,CUST003365,2024-12-10,Debt Consolidation,32000,60,8.21,Online
APP002987,CUST005065,2023-10-17,Debt Consolidation,14500,48,18.53,Broker
APP002988,CUST003047,2024-03-25,Travel,23000,60,19.75,Branch
APP002989,CUST002656,2023-01-06,Debt Consolidation,47000,24,12.29,Online
APP002990,CUST003077,2023-04-29,Home Renovation,42000,60,14.76,Online
APP002991,CUST003158,2024-09-07,Debt Consolidation,37000,24,12.77,Branch
APP002992,CUST001663,2024-12-31,Car Purchase,41500,36,8.1,Online
APP002993,CUST005486,2023-08-19,Home Renovation,25000,48,20.2,Broker
APP002994,CUST001356,2023-04-09,Wedding,9500,48,14.64,Online
APP002995,CUST005890,2024-06-13,Debt Consolidation,42000,24,13.85,Broker
APP002996,CUST005319,2023-10-29,Car Purchase,47000,24,14.94,Broker
APP002997,CUST005316,2024-08-17,Car Purchase,24000,60,13.17,Online
APP002998,CUST003942,2024-07-16,Home Renovation,30500,36,13.53,Branch
APP002999,CUST003530,2023-06-23,Home Renovation,21000,24,14.09,Branch
APP003000,CUST001984,2024-01-03,Car Purchase,21000,36,12.05,Broker
APP003001,CUST003096,2024-03-23,Travel,16000,60,16.31,Branch
APP003002,CUST002761,2024-03-07,Car Purchase,43500,48,14.0,Online
APP003003,CUST001669,2024-05-10,Travel,34500,36,16.42,Online
APP003004,CUST001513,2024-06-05,Car Purchase,36000,24,12.2,Online
APP003005,CUST000903,2024-03-17,Home Renovation,43500,60,10.66,Branch
APP003006,CUST005770,2024-05-08,Debt Consolidation,16000,48,12.45,Broker
APP003007,CUST005224,2024-06-01,Debt Consolidation,43000,36,18.85,Online
APP003008,CUST004056,2024-02-24,Travel,40500,24,16.84,Online
APP003009,CUST004069,2024-08-14,Car Purchase,42000,24,14.56,Online
APP003010,CUST000001,2023-06-11,Home Renovation,22000,24,9.46,Branch
APP003011,CUST004179,2023-05-22,Travel,35500,24,21.86,Online
APP003012,CUST004574,2023-01-28,Medical,44000,24,17.58,Online
APP003013,CUST000102,2024-07-18,Home Renovation,16500,60,14.85,Online
APP003014,CUST003734,2024-07-20,Car Purchase,46500,60,8.11,Online
APP003015,CUST002366,2024-08-13,Debt Consolidation,25500,60,12.18,Online
APP003016,CUST005285,2024-09-09,Travel,38000,24,17.64,Broker
APP003017,CUST000050,2024-04-17,Debt Consolidation,22000,24,8.0,Online
APP003018,CUST004786,2024-05-02,Home Renovation,7500,24,14.72,Online
APP003019,CUST003931,2024-06-10,Medical,38500,24,10.83,Online
APP003020,CUST005812,2024-10-29,Travel,32500,36,18.39,Online
APP003021,CUST003251,2023-10-17,Home Renovation,20000,36,20.07,Branch
APP003022,CUST001335,2024-08-10,Home Renovation,41000,48,20.27,Broker
APP003023,CUST003593,2024-05-11,Wedding,26000,36,12.16,Branch
APP003024,CUST003574,2024-08-23,Debt Consolidation,27500,24,7.77,Broker
APP003025,CUST001337,2023-04-17,Debt Consolidation,2000,36,10.43,Online
APP003026,CUST001700,2023-06-04,Other,5500,24,18.23,Broker
APP003027,CUST002452,2024-02-29,Home Renovation,6500,24,14.62,Branch
APP003028,CUST002602,2024-11-17,Car Purchase,34000,48,16.14,Branch
APP003029,CUST005739,2023-07-12,Debt Consolidation,6500,24,10.0,Branch
APP003030,CUST004977,2023-09-14,Car Purchase,46500,36,13.5,Online
APP003031,CUST004224,2024-02-17,Debt Consolidation,42000,12,17.71,Online
APP003032,CUST001129,2023-07-10,Car Purchase,13500,12,12.59,Online
APP003033,CUST003465,2024-05-18,Other,8500,36,8.93,Online
APP003034,CUST003711,2023-07-22,Debt Consolidation,13500,36,16.25,Online
APP003035,CUST000657,2024-05-09,Travel,38000,48,10.38,Online
APP003036,CUST001509,2023-12-15,Debt Consolidation,23000,24,7.66,Branch
APP003037,CUST000143,2024-04-01,Debt Consolidation,37500,36,12.37,Online
APP003038,CUST005963,2023-07-11,Car Purchase,27000,60,13.71,Online
APP003039,CUST003238,2023-04-11,Debt Consolidation,8500,48,9.12,Online
APP003040,CUST000707,2023-09-05,Debt Consolidation,11000,60,17.19,Branch
APP003041,CUST004306,2023-07-27,Debt Consolidation,18000,36,9.41,Online
APP003042,CUST004845,2024-03-21,Travel,27500,24,9.91,Broker
APP003043,CUST003862,2023-04-25,Home Renovation,31500,48,20.43,Branch
APP003044,CUST003322,2024-10-08,Car Purchase,16500,60,15.87,Online
APP003045,CUST004389,2023-06-05,Home Renovation,26500,36,12.76,Online
APP003046,CUST001398,2023-01-30,Medical,39000,24,15.89,Online
APP003047,CUST001503,2024-04-21,Car Purchase,9500,48,19.67,Online
APP003048,CUST003540,2024-04-20,Home Renovation,16000,60,13.16,Online
APP003049,CUST001898,2024-09-01,Debt Consolidation,18500,36,20.33,Broker
APP003050,CUST000031,2023-10-19,Debt Consolidation,6500,36,10.8,Broker
APP003051,CUST002770,2023-12-29,Medical,48500,48,21.3,Branch
APP003052,CUST004186,2024-03-11,Travel,29000,36,10.02,Broker
APP003053,CUST002472,2023-04-25,Other,3500,24,18.09,Online
APP003054,CUST005880,2023-11-19,Travel,43500,24,20.95,Online
APP003055,CUST001147,2023-11-05,Debt Consolidation,47000,48,17.22,Online
APP003056,CUST001892,2024-11-27,Car Purchase,47000,48,21.14,Branch
APP003057,CUST002002,2024-07-20,Travel,5500,48,8.45,Online
APP003058,CUST001961,2023-12-03,Car Purchase,49500,12,8.84,Online
APP003059,CUST001027,2023-12-27,Home Renovation,13500,36,16.33,Online
APP003060,CUST002516,2023-07-10,Car Purchase,46500,12,9.05,Broker
APP003061,CUST005060,2023-03-09,Debt Consolidation,11500,48,11.13,Online
APP003062,CUST004494,2024-02-18,Home Renovation,44000,36,10.4,Branch
APP003063,CUST002326,2024-04-24,Home Renovation,7000,48,19.58,Branch
APP003064,CUST005167,2023-02-11,Travel,8500,36,9.03,Broker
APP003065,CUST000278,2023-08-04,Debt Consolidation,35500,48,13.45,Branch
APP003066,CUST004715,2023-02-17,Home Renovation,12500,36,20.49,Broker
APP003067,CUST002946,2023-06-26,Debt Consolidation,25000,24,14.46,Broker
APP003068,CUST002038,2023-01-07,Debt Consolidation,48000,24,7.67,Branch
APP003069,CUST002307,2024-11-22,Wedding,39500,48,19.85,Broker
APP003070,CUST001549,2023-07-14,Debt Consolidation,9000,12,7.95,Online
APP003071,CUST001004,2024-04-07,Debt Consolidation,6500,36,14.42,Online
APP003072,CUST001980,2023-05-02,Debt Consolidation,30500,36,12.97,Broker
APP003073,CUST000661,2024-10-30,Car Purchase,25500,36,16.64,Online
APP003074,CUST001676,2024-11-15,Car Purchase,17000,24,20.5,Broker
APP003075,CUST004357,2024-11-01,Medical,39000,48,18.13,Broker
APP003076,CUST005017,2024-02-18,Travel,44000,24,21.16,Branch
APP003077,CUST002198,2024-01-11,Debt Consolidation,37500,12,13.69,Online
APP003078,CUST005034,2024-02-13,Car Purchase,22500,36,9.78,Online
APP003079,CUST004615,2023-04-26,Travel,31500,36,7.9,Branch
APP003080,CUST005089,2023-04-06,Car Purchase,34500,36,17.07,Branch
APP003081,CUST004814,2023-06-22,Medical,22000,36,11.97,Broker
APP003082,CUST000930,2024-07-30,Medical,6000,12,7.56,Broker
APP003083,CUST004186,2024-04-06,Medical,9000,36,16.13,Broker
APP003084,CUST005897,2024-06-24,Car Purchase,43000,48,8.73,Broker
APP003085,CUST003576,2023-12-18,Home Renovation,33000,24,21.29,Online
APP003086,CUST000132,2023-10-23,Other,44000,24,16.85,Broker
APP003087,CUST001313,2024-08-08,Car Purchase,39500,24,7.67,Broker
APP003088,CUST001227,2023-07-11,Home Renovation,40000,24,11.97,Online
APP003089,CUST005423,2023-02-16,Wedding,26500,36,13.89,Branch
APP003090,CUST001454,2023-11-03,Wedding,27000,60,9.04,Online
APP003091,CUST001438,2023-01-11,Home Renovation,25500,24,13.34,Online
APP003092,CUST005129,2024-03-05,Debt Consolidation,44500,12,19.14,Broker
APP003093,CUST002362,2024-09-21,Home Renovation,16500,36,15.1,Online
APP003094,CUST004818,2024-09-05,Home Renovation,4000,24,15.89,Branch
APP003095,CUST005511,2023-04-15,Home Renovation,3000,36,12.46,Online
APP003096,CUST002862,2023-08-26,Debt Consolidation,2500,60,13.83,Online
APP003097,CUST003826,2024-07-05,Debt Consolidation,9500,36,8.21,Branch
APP003098,CUST005267,2023-12-11,Debt Consolidation,32500,60,8.35,Online
APP003099,CUST001808,2023-11-28,Car Purchase,34500,12,10.18,Branch
APP003100,CUST000530,2024-10-28,Travel,23500,48,15.56,Broker
APP003101,CUST003571,2024-10-14,Wedding,49500,12,14.91,Branch
APP003102,CUST002009,2023-09-02,Home Renovation,12000,36,16.53,Branch
APP003103,CUST001686,2024-04-19,Medical,16500,24,20.7,Branch
APP003104,CUST005026,2023-04-02,Other,35500,24,11.32,Broker
APP003105,CUST003522,2023-10-22,Debt Consolidation,20000,60,13.06,Online
APP003106,CUST001242,2023-07-03,Medical,32500,24,13.56,Broker
APP003107,CUST003238,2023-10-07,Home Renovation,47000,36,18.67,Broker
APP003108,CUST000462,2024-12-29,Travel,32500,12,8.67,Broker
APP003109,CUST005883,2024-12-29,Wedding,30500,24,8.03,Branch
APP003110,CUST002694,2024-10-10,Home Renovation,28000,60,8.49,Online
APP003111,CUST002630,2024-05-14,Debt Consolidation,12000,24,21.45,Branch
APP003112,CUST005944,2023-04-16,Car Purchase,38500,60,19.55,Broker
APP003113,CUST000325,2023-11-17,Car Purchase,28500,36,20.97,Branch
APP003114,CUST000488,2023-07-01,Debt Consolidation,39500,60,10.29,Online
APP003115,CUST003494,2024-12-07,Car Purchase,18500,48,19.89,Online
APP003116,CUST001260,2023-12-01,Debt Consolidation,23000,36,8.86,Online
APP003117,CUST001424,2023-11-26,Wedding,6500,36,11.1,Branch
APP003118,CUST002338,2024-02-14,Car Purchase,47500,24,20.43,Online
APP003119,CUST003849,2023-09-15,Travel,28500,24,10.69,Online
APP003120,CUST000801,2023-09-14,Car Purchase,28500,60,21.58,Online
APP003121,CUST004036,2023-10-25,Travel,42500,36,12.74,Online
APP003122,CUST004136,2023-01-16,Home Renovation,12000,36,17.41,Online
APP003123,CUST001199,2024-09-29,Wedding,38000,24,10.08,Online
APP003124,CUST002312,2023-07-25,Car Purchase,47000,36,9.79,Online
APP003125,CUST003645,2023-12-18,Car Purchase,2000,24,8.28,Branch
APP003126,CUST002370,2023-04-18,Debt Consolidation,24000,36,18.75,Online
APP003127,CUST003377,2023-12-06,Car Purchase,33500,12,11.85,Branch
APP003128,CUST000270,2024-04-01,Debt Consolidation,49000,12,18.73,Online
APP003129,CUST002165,2023-12-19,Home Renovation,32500,48,8.0,Broker
APP003130,CUST003685,2023-05-31,Home Renovation,9000,24,19.47,Branch
APP003131,CUST001837,2023-05-06,Debt Consolidation,28000,36,19.83,Branch
APP003132,CUST005416,2023-02-16,Other,6000,60,12.2,Online
APP003133,CUST001064,2024-08-21,Other,23000,48,18.77,Online
APP003134,CUST003648,2024-11-30,Medical,46000,36,13.34,Broker
APP003135,CUST000499,2023-02-07,Car Purchase,21000,60,15.62,Branch
APP003136,CUST004651,2024-01-18,Home Renovation,32000,36,8.61,Broker
APP003137,CUST003543,2024-11-24,Home Renovation,11000,60,10.28,Branch
APP003138,CUST003637,2023-04-12,Debt Consolidation,40500,12,22.48,Broker
APP003139,CUST000025,2023-10-12,Debt Consolidation,41500,48,22.25,Broker
APP003140,CUST004975,2024-05-14,Debt Consolidation,15000,12,9.04,Online
APP003141,CUST003973,2023-02-21,Debt Consolidation,8500,48,16.03,Branch
APP003142,CUST000277,2024-10-14,Home Renovation,14500,24,12.52,Online
APP003143,CUST002943,2024-06-30,Home Renovation,45000,60,19.77,Online
APP003144,CUST002182,2023-08-23,Home Renovation,22500,60,18.99,Broker
APP003145,CUST001266,2024-08-25,Debt Consolidation,18000,48,21.91,Online
APP003146,CUST000927,2024-06-03,Debt Consolidation,35500,24,20.93,Broker
APP003147,CUST002004,2023-11-17,Car Purchase,40500,24,10.05,Online
APP003148,CUST005038,2024-05-09,Debt Consolidation,36500,48,9.31,Broker
APP003149,CUST000858,2023-05-16,Debt Consolidation,17500,24,21.98,Branch
APP003150,CUST005670,2023-11-14,Debt Consolidation,4500,36,21.15,Branch
APP003151,CUST003504,2024-11-28,Debt Consolidation,40500,36,12.11,Broker
APP003152,CUST000290,2023-11-27,Wedding,4000,48,8.3,Online
APP003153,CUST004751,2024-12-13,Car Purchase,2000,36,12.62,Branch
APP003154,CUST004887,2023-08-14,Debt Consolidation,14000,24,11.12,Branch
APP003155,CUST002661,2023-02-17,Debt Consolidation,29500,24,21.31,Online
APP003156,CUST000877,2024-03-19,Car Purchase,47000,24,11.09,Online
APP003157,CUST001362,2024-11-28,Travel,21500,12,7.89,Branch
APP003158,CUST000678,2024-04-29,Home Renovation,33500,48,16.46,Online
APP003159,CUST005465,2024-05-10,Other,13500,36,18.43,Online
APP003160,CUST000755,2023-08-22,Debt Consolidation,45000,12,20.43,Branch
APP003161,CUST005059,2024-08-16,Travel,29000,60,19.72,Online
APP003162,CUST004928,2024-11-05,Travel,2500,60,13.43,Broker
APP003163,CUST004884,2023-03-11,Debt Consolidation,6500,24,22.05,Broker
APP003164,CUST002801,2023-12-18,Medical,7000,36,22.06,Broker
APP003165,CUST002317,2024-05-24,Other,44500,24,20.55,Broker
APP003166,CUST000262,2024-05-02,Car Purchase,32000,60,22.26,Online
APP003167,CUST000433,2024-08-29,Wedding,27000,36,15.92,Online
APP003168,CUST001469,2023-03-08,Car Purchase,26000,12,8.04,Broker
APP003169,CUST001978,2023-06-20,Debt Consolidation,11500,36,18.34,Branch
APP003170,CUST003762,2023-09-08,Debt Consolidation,17000,36,14.0,Branch
APP003171,CUST000319,2023-11-03,Other,7500,24,17.18,Branch
APP003172,CUST000259,2024-07-08,Home Renovation,14000,24,10.87,Branch
APP003173,CUST002477,2023-04-11,Home Renovation,31000,36,10.77,Broker
APP003174,CUST003417,2024-03-04,Travel,38000,12,16.13,Online
APP003175,CUST003083,2024-12-18,Travel,13000,36,14.68,Online
APP003176,CUST000690,2023-04-10,Debt Consolidation,33500,24,19.84,Online
APP003177,CUST000981,2023-10-28,Debt Consolidation,40500,36,15.3,Branch
APP003178,CUST005196,2023-03-09,Debt Consolidation,47500,36,21.89,Branch
APP003179,CUST002984,2023-11-12,Car Purchase,6000,36,10.35,Online
APP003180,CUST000614,2024-05-20,Debt Consolidation,23000,24,8.15,Branch
APP003181,CUST003035,2024-05-17,Other,41000,48,21.61,Broker
APP003182,CUST001630,2023-01-29,Car Purchase,40500,60,11.18,Broker
APP003183,CUST000112,2024-03-23,Medical,23500,24,20.17,Online
APP003184,CUST005706,2023-03-28,Medical,22000,48,18.12,Online
APP003185,CUST005744,2023-05-14,Debt Consolidation,48000,36,13.98,Broker
APP003186,CUST001222,2023-05-21,Home Renovation,24000,60,7.56,Broker
APP003187,CUST002947,2023-07-15,Car Purchase,7000,48,12.07,Broker
APP003188,CUST003113,2023-02-08,Travel,7500,48,15.63,Online
APP003189,CUST003733,2024-03-04,Car Purchase,20000,12,16.64,Online
APP003190,CUST003968,2024-04-07,Home Renovation,8500,24,20.79,Online
APP003191,CUST000778,2023-02-02,Debt Consolidation,48000,12,14.98,Broker
APP003192,CUST002304,2024-06-10,Debt Consolidation,45000,24,11.18,Online
APP003193,CUST000592,2024-09-27,Debt Consolidation,8500,60,8.38,Broker
APP003194,CUST004676,2024-07-06,Car Purchase,49500,24,17.95,Online
APP003195,CUST004712,2024-02-22,Wedding,28500,60,19.09,Broker
APP003196,CUST001483,2024-09-04,Home Renovation,12500,48,11.22,Branch
APP003197,CUST000310,2024-03-19,Car Purchase,37500,24,12.42,Online
APP003198,CUST004416,2024-12-16,Debt Consolidation,31000,48,15.7,Broker
APP003199,CUST002812,2024-02-20,Debt Consolidation,12500,24,11.09,Broker
APP003200,CUST005924,2023-06-15,Travel,21500,12,17.29,Online
APP003201,CUST004355,2024-02-14,Other,24500,60,16.03,Online
APP003202,CUST002126,2024-03-31,Debt Consolidation,20500,48,13.82,Branch
APP003203,CUST004524,2024-10-30,Home Renovation,47500,36,21.21,Online
APP003204,CUST004669,2024-10-30,Debt Consolidation,27000,24,20.75,Online
APP003205,CUST001250,2024-09-29,Debt Consolidation,23500,36,13.92,Broker
APP003206,CUST005704,2024-10-14,Wedding,32000,36,20.95,Online
APP003207,CUST002069,2024-08-31,Medical,37000,48,8.59,Online
APP003208,CUST005697,2023-11-19,Home Renovation,15500,36,22.09,Online
APP003209,CUST001839,2023-05-08,Travel,9500,24,8.8,Branch
APP003210,CUST000796,2023-12-19,Debt Consolidation,39500,60,12.25,Branch
APP003211,CUST004205,2024-04-19,Car Purchase,13000,24,11.2,Online
APP003212,CUST002525,2023-10-02,Travel,36500,36,8.03,Broker
APP003213,CUST002667,2024-09-14,Car Purchase,5500,48,11.76,Online
APP003214,CUST005362,2024-11-27,Wedding,23500,24,21.41,Online
APP003215,CUST001257,2023-03-15,Debt Consolidation,37500,36,13.26,Online
APP003216,CUST004089,2023-05-11,Car Purchase,5000,36,14.71,Online
APP003217,CUST000024,2023-02-08,Wedding,11000,36,13.86,Branch
APP003218,CUST001859,2023-01-01,Other,10000,36,13.74,Online
APP003219,CUST005631,2024-06-14,Other,24000,60,20.5,Broker
APP003220,CUST002057,2024-07-27,Other,20500,24,19.85,Online
APP003221,CUST002784,2023-02-05,Debt Consolidation,48000,60,9.85,Broker
APP003222,CUST000447,2023-10-06,Travel,27500,36,13.02,Online
APP003223,CUST002071,2024-05-24,Debt Consolidation,9500,36,10.53,Branch
APP003224,CUST002578,2024-08-20,Car Purchase,9000,48,17.9,Online
APP003225,CUST000744,2024-12-08,Debt Consolidation,49500,60,21.51,Branch
APP003226,CUST001627,2024-10-10,Debt Consolidation,47000,60,15.74,Branch
APP003227,CUST004403,2024-06-01,Car Purchase,26000,48,9.6,Broker
APP003228,CUST004811,2023-06-08,Debt Consolidation,11000,36,17.16,Branch
APP003229,CUST001326,2023-08-13,Medical,33500,48,21.26,Online
APP003230,CUST004204,2024-09-23,Travel,26000,36,19.09,Branch
APP003231,CUST003152,2024-09-17,Travel,14500,12,19.44,Online
APP003232,CUST003412,2023-07-22,Debt Consolidation,9000,24,12.0,Online
APP003233,CUST004664,2023-06-25,Home Renovation,25500,36,16.8,Online
APP003234,CUST000054,2024-04-23,Medical,34000,36,15.19,Branch
APP003235,CUST003647,2024-02-26,Travel,36500,60,21.35,Online
APP003236,CUST002517,2024-03-23,Car Purchase,38000,36,16.52,Branch
APP003237,CUST005227,2023-09-25,Other,21500,48,20.39,Online
APP003238,CUST000137,2024-05-10,Car Purchase,40500,12,16.43,Branch
APP003239,CUST003436,2024-06-19,Wedding,12000,60,20.18,Broker
APP003240,CUST000138,2023-09-12,Travel,36500,36,14.6,Branch
APP003241,CUST004657,2024-11-01,Travel,25000,24,20.42,Online
APP003242,CUST003286,2024-08-22,Car Purchase,36000,60,12.91,Online
APP003243,CUST002284,2023-08-02,Car Purchase,32500,24,20.93,Online
APP003244,CUST000754,2023-11-08,Medical,16000,36,21.1,Online
APP003245,CUST001888,2024-10-24,Travel,35000,48,8.73,Online
APP003246,CUST005994,2024-05-09,Car Purchase,22500,48,13.33,Branch
APP003247,CUST002655,2023-08-07,Home Renovation,13000,48,8.66,Online
APP003248,CUST002349,2024-09-15,Debt Consolidation,29500,36,9.63,Branch
APP003249,CUST005956,2024-07-23,Home Renovation,27500,36,13.66,Online
APP003250,CUST002510,2024-03-25,Debt Consolidation,18500,48,21.69,Online
APP003251,CUST001089,2023-09-02,Debt Consolidation,19500,36,8.18,Branch
APP003252,CUST000354,2023-05-05,Home Renovation,47000,48,11.92,Broker
APP003253,CUST000493,2023-09-25,Debt Consolidation,33000,48,19.46,Branch
APP003254,CUST005304,2024-09-12,Travel,36500,60,20.08,Online
APP003255,CUST005646,2024-06-21,Debt Consolidation,10000,24,21.09,Branch
APP003256,CUST003960,2024-09-28,Home Renovation,32500,60,21.35,Branch
APP003257,CUST005228,2024-02-21,Travel,42500,60,20.13,Broker
APP003258,CUST003298,2024-12-10,Medical,28500,48,13.45,Online
APP003259,CUST000383,2023-12-13,Wedding,47500,48,18.25,Online
APP003260,CUST002715,2023-04-26,Wedding,14000,60,11.83,Online
APP003261,CUST000661,2023-05-27,Home Renovation,7500,36,20.29,Broker
APP003262,CUST003687,2024-06-18,Home Renovation,32500,24,20.29,Online
APP003263,CUST004093,2024-06-29,Car Purchase,31500,12,18.58,Branch
APP003264,CUST002402,2023-07-07,Debt Consolidation,6500,60,14.35,Online
APP003265,CUST005139,2024-10-03,Car Purchase,14000,48,17.83,Broker
APP003266,CUST004667,2023-03-11,Travel,14500,48,12.5,Broker
APP003267,CUST002220,2023-07-20,Home Renovation,25000,24,17.74,Broker
APP003268,CUST001069,2023-11-03,Medical,37000,24,14.04,Branch
APP003269,CUST001461,2024-04-06,Home Renovation,36500,24,13.01,Online
APP003270,CUST005063,2024-09-27,Car Purchase,9000,24,18.88,Broker
APP003271,CUST000388,2024-08-31,Debt Consolidation,5500,48,11.6,Online
APP003272,CUST004401,2024-04-25,Car Purchase,45000,24,22.05,Broker
APP003273,CUST002771,2024-03-01,Debt Consolidation,38500,36,8.56,Broker
APP003274,CUST005398,2024-10-12,Car Purchase,9000,36,15.63,Online
APP003275,CUST001561,2023-02-04,Debt Consolidation,7000,36,17.06,Online
APP003276,CUST001767,2024-05-25,Home Renovation,49500,36,12.23,Online
APP003277,CUST003191,2023-07-06,Debt Consolidation,46500,60,17.11,Online
APP003278,CUST003114,2023-07-23,Wedding,10500,60,19.89,Branch
APP003279,CUST001361,2023-05-31,Travel,30000,36,11.1,Online
APP003280,CUST000859,2023-03-04,Debt Consolidation,34500,24,7.76,Online
APP003281,CUST005599,2023-06-05,Travel,8000,12,18.03,Online
APP003282,CUST000132,2024-02-25,Medical,14500,48,16.26,Online
APP003283,CUST003319,2024-04-18,Other,41000,12,19.71,Online
APP003284,CUST004052,2024-10-30,Home Renovation,23500,24,12.03,Online
APP003285,CUST004093,2023-07-31,Home Renovation,42000,60,9.77,Online
APP003286,CUST001746,2024-11-22,Debt Consolidation,45000,48,16.43,Online
APP003287,CUST003474,2024-03-07,Car Purchase,10500,36,13.33,Branch
APP003288,CUST005578,2023-05-25,Car Purchase,43500,60,15.39,Broker
APP003289,CUST005453,2023-12-28,Home Renovation,10500,36,18.95,Branch
APP003290,CUST003016,2023-02-23,Medical,41000,24,17.46,Broker
APP003291,CUST000925,2023-01-08,Car Purchase,36500,24,22.38,Online
APP003292,CUST002575,2023-03-29,Car Purchase,15500,12,15.47,Branch
APP003293,CUST002888,2024-08-04,Debt Consolidation,2000,36,8.71,Broker
APP003294,CUST004469,2024-09-20,Other,27000,48,9.76,Broker
APP003295,CUST004477,2023-05-05,Wedding,19500,48,12.43,Broker
APP003296,CUST002167,2024-08-12,Wedding,46000,36,21.67,Broker
APP003297,CUST003218,2023-09-16,Debt Consolidation,39000,48,21.74,Online
APP003298,CUST000012,2024-07-01,Home Renovation,33000,12,13.07,Branch
APP003299,CUST004389,2023-08-13,Other,46000,12,12.32,Online
APP003300,CUST000050,2024-09-15,Wedding,27500,36,17.48,Online
APP003301,CUST005597,2024-05-17,Home Renovation,10500,24,22.15,Online
APP003302,CUST003949,2023-09-09,Car Purchase,19000,36,15.17,Online
APP003303,CUST002240,2023-10-20,Car Purchase,8000,60,19.08,Online
APP003304,CUST000956,2023-03-19,Car Purchase,39000,24,22.17,Online
APP003305,CUST000037,2023-08-19,Debt Consolidation,45000,60,11.63,Online
APP003306,CUST001113,2024-01-04,Debt Consolidation,44000,24,8.02,Online
APP003307,CUST002157,2023-07-13,Car Purchase,44000,36,19.63,Online
APP003308,CUST005616,2023-09-27,Wedding,5500,60,12.07,Broker
APP003309,CUST001588,2023-06-04,Wedding,39500,12,16.66,Broker
APP003310,CUST000108,2023-11-24,Travel,23500,48,14.94,Online
APP003311,CUST005786,2023-11-01,Other,38000,24,19.1,Broker
APP003312,CUST001144,2024-03-19,Debt Consolidation,4500,48,18.15,Online
APP003313,CUST005681,2023-11-01,Debt Consolidation,32500,48,17.13,Broker
APP003314,CUST004139,2023-08-04,Debt Consolidation,20500,12,10.01,Broker
APP003315,CUST002603,2024-06-13,Car Purchase,30000,60,22.47,Online
APP003316,CUST004822,2024-09-08,Wedding,30500,48,9.71,Branch
APP003317,CUST003515,2024-06-24,Wedding,35000,48,8.94,Online
APP003318,CUST001290,2024-02-24,Wedding,19500,48,21.82,Branch
APP003319,CUST001818,2023-01-17,Debt Consolidation,14000,36,14.91,Online
APP003320,CUST000377,2024-09-01,Medical,32000,24,18.31,Online
APP003321,CUST005338,2024-04-15,Car Purchase,13500,24,15.12,Online
APP003322,CUST002667,2024-08-13,Wedding,19000,48,11.5,Broker
APP003323,CUST002261,2024-08-20,Car Purchase,37500,48,13.25,Branch
APP003324,CUST002328,2024-12-17,Medical,15500,24,10.9,Broker
APP003325,CUST005970,2023-03-20,Wedding,24000,24,21.39,Online
APP003326,CUST000461,2024-07-21,Car Purchase,11000,36,16.13,Branch
APP003327,CUST002263,2024-01-21,Home Renovation,9500,48,21.3,Broker
APP003328,CUST004277,2023-02-06,Debt Consolidation,13500,36,18.4,Online
APP003329,CUST003753,2024-02-13,Travel,11500,60,9.39,Online
APP003330,CUST003720,2023-01-29,Home Renovation,33500,48,20.21,Broker
APP003331,CUST002253,2023-09-08,Travel,38000,36,9.65,Branch
APP003332,CUST000619,2023-08-20,Other,46000,36,11.9,Online
APP003333,CUST004804,2024-04-21,Travel,43000,24,16.05,Online
APP003334,CUST001351,2023-03-01,Home Renovation,35500,36,20.25,Branch
APP003335,CUST000014,2023-02-09,Debt Consolidation,23500,12,9.31,Online
APP003336,CUST004559,2024-01-17,Home Renovation,18000,12,20.59,Broker
APP003337,CUST003978,2024-03-11,Car Purchase,6000,24,15.66,Broker
APP003338,CUST000928,2023-07-13,Car Purchase,45500,60,11.39,Online
APP003339,CUST000519,2023-07-07,Car Purchase,36000,36,8.56,Branch
APP003340,CUST005172,2024-07-16,Debt Consolidation,25000,48,21.5,Online
APP003341,CUST003721,2023-01-23,Other,14500,24,12.25,Broker
APP003342,CUST005218,2024-03-24,Home Renovation,14000,48,13.47,Branch
APP003343,CUST000241,2024-05-13,Travel,44500,24,9.59,Online
APP003344,CUST005357,2023-02-02,Car Purchase,28500,36,19.8,Branch
APP003345,CUST004793,2023-01-31,Car Purchase,45500,12,13.57,Branch
APP003346,CUST005942,2024-11-01,Home Renovation,27500,36,21.81,Broker
APP003347,CUST005888,2023-04-09,Debt Consolidation,36500,24,8.14,Broker
APP003348,CUST000415,2023-10-26,Debt Consolidation,29500,24,17.7,Online
APP003349,CUST001366,2023-01-10,Wedding,29500,36,22.1,Branch
APP003350,CUST001687,2023-10-24,Car Purchase,33500,24,12.01,Branch
APP003351,CUST002782,2023-12-25,Debt Consolidation,23000,36,21.25,Broker
APP003352,CUST003569,2023-01-19,Home Renovation,6000,60,17.97,Online
APP003353,CUST003878,2023-06-28,Wedding,25000,12,9.75,Branch
APP003354,CUST004689,2023-11-20,Wedding,6500,48,19.62,Broker
APP003355,CUST004442,2024-03-05,Home Renovation,20500,36,19.25,Branch
APP003356,CUST000155,2023-07-31,Home Renovation,26500,36,12.59,Online
APP003357,CUST004250,2023-02-17,Debt Consolidation,35000,36,16.65,Broker
APP003358,CUST002518,2023-07-02,Wedding,17500,12,20.09,Online
APP003359,CUST005517,2024-12-19,Debt Consolidation,27000,60,19.78,Online
APP003360,CUST001139,2023-01-21,Car Purchase,48000,36,14.2,Broker
APP003361,CUST003112,2024-11-03,Debt Consolidation,35000,36,14.92,Branch
APP003362,CUST003077,2024-06-03,Home Renovation,50000,36,19.12,Online
APP003363,CUST001490,2024-04-26,Debt Consolidation,14500,60,17.06,Broker
APP003364,CUST005771,2023-10-29,Home Renovation,43000,36,19.1,Online
APP003365,CUST004714,2023-04-15,Car Purchase,36500,60,17.93,Branch
APP003366,CUST000208,2024-09-29,Car Purchase,35000,60,18.77,Online
APP003367,CUST004419,2023-08-17,Wedding,34000,12,8.21,Online
APP003368,CUST001720,2024-10-08,Debt Consolidation,25000,12,12.69,Branch
APP003369,CUST005168,2024-01-11,Debt Consolidation,39500,24,9.06,Branch
APP003370,CUST001871,2023-09-04,Debt Consolidation,41500,48,14.54,Online
APP003371,CUST002787,2023-02-18,Wedding,5000,12,15.95,Broker
APP003372,CUST001403,2023-10-01,Wedding,42500,12,22.19,Online
APP003373,CUST005805,2024-05-29,Car Purchase,23000,24,21.29,Branch
APP003374,CUST003380,2023-11-29,Debt Consolidation,23500,12,15.29,Online
APP003375,CUST000869,2024-01-22,Debt Consolidation,48500,12,15.9,Online
APP003376,CUST001737,2024-08-14,Other,29500,24,9.32,Online
APP003377,CUST000769,2023-03-04,Other,32000,24,16.47,Broker
APP003378,CUST005705,2024-04-23,Debt Consolidation,25000,24,16.05,Branch
APP003379,CUST004882,2024-01-26,Debt Consolidation,49500,24,17.46,Online
APP003380,CUST002336,2023-08-14,Home Renovation,28000,24,15.28,Branch
APP003381,CUST001256,2023-04-16,Debt Consolidation,4000,48,15.31,Broker
APP003382,CUST000911,2024-03-21,Car Purchase,2500,48,14.24,Online
APP003383,CUST002201,2024-12-01,Other,37000,48,19.63,Online
APP003384,CUST003256,2023-09-19,Debt Consolidation,20000,60,12.04,Broker
APP003385,CUST003458,2024-07-04,Debt Consolidation,43500,36,8.01,Broker
APP003386,CUST002481,2023-12-23,Home Renovation,49000,36,10.62,Branch
APP003387,CUST004394,2023-08-12,Wedding,36000,36,10.83,Branch
APP003388,CUST001930,2024-11-21,Debt Consolidation,30500,24,10.47,Broker
APP003389,CUST005344,2024-11-11,Wedding,9000,36,21.16,Online
APP003390,CUST005042,2024-07-04,Debt Consolidation,45000,24,14.97,Online
APP003391,CUST003512,2023-07-08,Home Renovation,35000,60,11.03,Broker
APP003392,CUST004833,2024-09-19,Home Renovation,21000,36,13.26,Branch
APP003393,CUST001660,2023-02-09,Car Purchase,34500,24,16.98,Branch
APP003394,CUST004722,2023-01-23,Travel,33000,12,11.08,Online
APP003395,CUST004356,2024-04-21,Debt Consolidation,28000,60,13.77,Branch
APP003396,CUST002572,2023-07-14,Home Renovation,4500,60,13.78,Branch
APP003397,CUST002615,2023-05-10,Home Renovation,9000,24,21.44,Broker
APP003398,CUST005815,2024-12-04,Car Purchase,44500,60,13.01,Online
APP003399,CUST004410,2024-01-15,Home Renovation,36500,12,8.83,Online
APP003400,CUST000283,2024-11-16,Car Purchase,47500,36,18.04,Online
APP003401,CUST000868,2023-06-27,Debt Consolidation,10000,36,21.11,Broker
APP003402,CUST000529,2023-10-16,Medical,45500,12,11.28,Online
APP003403,CUST005539,2024-03-07,Home Renovation,33000,12,12.75,Online
APP003404,CUST001941,2024-12-23,Car Purchase,30500,48,15.49,Online
APP003405,CUST002976,2023-01-03,Wedding,47500,36,14.69,Broker
APP003406,CUST004255,2024-05-18,Debt Consolidation,34500,36,16.42,Online
APP003407,CUST004245,2023-02-23,Other,19000,60,12.6,Branch
APP003408,CUST003591,2024-12-19,Wedding,48500,60,9.88,Online
APP003409,CUST005622,2024-06-22,Debt Consolidation,48500,36,22.2,Broker
APP003410,CUST001418,2024-03-28,Debt Consolidation,23500,12,9.91,Branch
APP003411,CUST003748,2024-05-01,Travel,45000,60,7.87,Online
APP003412,CUST002759,2024-05-23,Debt Consolidation,10500,24,18.33,Online
APP003413,CUST005143,2024-11-30,Other,2500,48,8.13,Broker
APP003414,CUST002032,2024-09-23,Debt Consolidation,42500,12,20.11,Online
APP003415,CUST004538,2023-01-04,Other,34500,12,19.9,Broker
APP003416,CUST002110,2024-05-08,Debt Consolidation,45500,48,14.3,Online
APP003417,CUST002147,2024-09-20,Other,24000,36,17.77,Broker
APP003418,CUST001019,2024-05-01,Car Purchase,46000,60,12.7,Broker
APP003419,CUST000557,2023-02-09,Wedding,42000,24,20.19,Online
APP003420,CUST003499,2023-05-18,Car Purchase,26500,24,9.79,Broker
APP003421,CUST005569,2024-09-12,Other,47000,24,17.44,Broker
APP003422,CUST002092,2024-07-03,Wedding,25000,24,13.19,Online
APP003423,CUST003092,2023-03-17,Car Purchase,26000,48,15.94,Online
APP003424,CUST000100,2023-05-25,Home Renovation,5500,48,20.35,Broker
APP003425,CUST003956,2024-05-27,Car Purchase,36000,24,15.99,Online
APP003426,CUST004016,2024-09-29,Travel,24000,24,15.09,Online
APP003427,CUST003448,2023-07-04,Car Purchase,35500,36,15.04,Online
APP003428,CUST004272,2024-04-29,Debt Consolidation,34500,60,17.92,Online
APP003429,CUST000764,2023-02-20,Car Purchase,18500,48,15.83,Broker
APP003430,CUST003937,2023-01-17,Debt Consolidation,28000,36,21.39,Online
APP003431,CUST001482,2023-07-24,Debt Consolidation,7000,36,17.53,Online
APP003432,CUST001933,2023-11-16,Medical,6500,24,19.1,Branch
APP003433,CUST000073,2024-09-20,Home Renovation,13500,36,13.93,Online
APP003434,CUST003514,2024-11-04,Other,44000,24,10.25,Broker
APP003435,CUST005502,2023-06-23,Home Renovation,34000,36,20.6,Broker
APP003436,CUST002650,2023-12-30,Medical,29000,36,9.31,Broker
APP003437,CUST005818,2024-06-03,Car Purchase,40000,24,21.42,Online
APP003438,CUST002777,2024-10-09,Travel,33000,48,20.53,Online
APP003439,CUST003892,2023-07-07,Travel,8000,36,20.57,Online
APP003440,CUST003578,2024-03-30,Car Purchase,38000,48,20.07,Broker
APP003441,CUST002403,2023-03-05,Wedding,28000,48,15.4,Broker
APP003442,CUST002922,2023-11-27,Travel,16500,12,8.84,Branch
APP003443,CUST002389,2024-08-30,Debt Consolidation,17500,24,10.68,Online
APP003444,CUST004071,2023-06-10,Home Renovation,10500,48,21.87,Branch
APP003445,CUST000705,2023-03-07,Debt Consolidation,48000,24,14.81,Broker
APP003446,CUST003005,2023-08-01,Medical,46500,60,14.83,Branch
APP003447,CUST001542,2023-04-12,Home Renovation,7500,48,21.49,Online
APP003448,CUST005491,2024-12-06,Travel,34500,60,11.74,Online
APP003449,CUST004138,2023-02-20,Travel,16500,48,7.85,Online
APP003450,CUST000886,2023-01-22,Wedding,12000,12,21.33,Branch
APP003451,CUST002556,2023-10-01,Car Purchase,22000,36,16.96,Broker
APP003452,CUST002103,2023-10-27,Home Renovation,12500,60,11.94,Broker
APP003453,CUST003793,2024-03-19,Medical,18500,48,18.95,Online
APP003454,CUST004968,2023-09-02,Wedding,29000,36,10.46,Online
APP003455,CUST000816,2024-02-17,Home Renovation,14000,24,21.8,Broker
APP003456,CUST004361,2024-01-21,Home Renovation,43500,60,20.35,Online
APP003457,CUST003646,2024-04-07,Travel,36000,24,20.63,Online
APP003458,CUST000814,2024-04-19,Home Renovation,16000,36,15.5,Online
APP003459,CUST003416,2023-05-13,Travel,2500,24,14.58,Broker
APP003460,CUST000188,2024-07-15,Wedding,26500,36,22.06,Broker
APP003461,CUST005851,2023-04-05,Medical,23500,36,18.08,Branch
APP003462,CUST002838,2023-03-08,Car Purchase,48000,12,8.04,Branch
APP003463,CUST005952,2023-12-07,Home Renovation,15000,24,19.24,Online
APP003464,CUST005580,2024-06-11,Other,44000,60,13.65,Online
APP003465,CUST000832,2023-09-15,Car Purchase,45500,48,12.78,Online
APP003466,CUST003786,2024-11-07,Debt Consolidation,14000,48,9.78,Broker
APP003467,CUST001760,2024-12-14,Wedding,24500,36,22.48,Broker
APP003468,CUST003247,2023-06-20,Debt Consolidation,45000,36,13.86,Online
APP003469,CUST001667,2024-07-25,Home Renovation,6000,48,16.73,Online
APP003470,CUST005925,2024-06-09,Travel,35500,36,11.01,Branch
APP003471,CUST002501,2023-01-25,Home Renovation,35000,36,16.78,Broker
APP003472,CUST002511,2024-06-08,Travel,36000,36,13.29,Branch
APP003473,CUST004964,2023-12-10,Home Renovation,22500,48,14.84,Online
APP003474,CUST001524,2023-04-14,Travel,18500,48,20.87,Broker
APP003475,CUST000021,2024-06-13,Debt Consolidation,11000,60,20.55,Online
APP003476,CUST004770,2023-12-20,Car Purchase,44000,36,17.97,Online
APP003477,CUST001734,2023-04-07,Home Renovation,34500,60,10.62,Online
APP003478,CUST001186,2023-04-13,Home Renovation,45500,24,10.71,Broker
APP003479,CUST001841,2023-11-07,Debt Consolidation,42000,36,12.5,Broker
APP003480,CUST002450,2023-04-09,Car Purchase,11500,36,17.99,Online
APP003481,CUST004141,2023-12-22,Home Renovation,37500,48,17.92,Online
APP003482,CUST004233,2023-11-24,Home Renovation,11000,12,19.9,Broker
APP003483,CUST005027,2024-01-02,Home Renovation,47500,48,8.1,Broker
APP003484,CUST001391,2023-11-25,Car Purchase,43500,36,8.17,Branch
APP003485,CUST005078,2024-11-28,Debt Consolidation,30000,24,19.11,Branch
APP003486,CUST000741,2023-09-14,Home Renovation,46000,36,9.91,Broker
APP003487,CUST001369,2024-07-06,Travel,48500,48,21.31,Broker
APP003488,CUST001036,2023-05-10,Debt Consolidation,44500,36,15.12,Broker
APP003489,CUST002537,2024-01-14,Car Purchase,45500,48,19.49,Online
APP003490,CUST004546,2023-12-26,Other,49000,60,14.35,Online
APP003491,CUST003261,2023-08-13,Car Purchase,4500,36,21.29,Branch
APP003492,CUST004154,2024-07-15,Travel,24000,48,19.56,Online
APP003493,CUST001895,2023-03-08,Medical,33500,60,10.79,Branch
APP003494,CUST002097,2023-01-15,Car Purchase,12500,48,19.75,Branch
APP003495,CUST002109,2023-10-13,Car Purchase,9000,48,10.07,Online
APP003496,CUST005367,2023-02-21,Home Renovation,21500,36,7.78,Broker
APP003497,CUST005056,2023-01-15,Debt Consolidation,49500,48,8.44,Online
APP003498,CUST004092,2023-07-11,Debt Consolidation,39500,48,9.32,Broker
APP003499,CUST004639,2024-03-20,Car Purchase,37000,48,8.16,Online
APP003500,CUST005604,2023-03-21,Home Renovation,25500,24,21.77,Online
APP003501,CUST000022,2024-08-20,Debt Consolidation,20500,24,11.14,Online
APP003502,CUST004462,2024-05-13,Home Renovation,29500,36,17.12,Online
APP003503,CUST001778,2024-10-12,Debt Consolidation,45500,48,8.95,Online
APP003504,CUST005221,2024-08-29,Debt Consolidation,42000,24,12.46,Branch
APP003505,CUST003262,2023-06-20,Travel,33500,12,13.93,Online
APP003506,CUST004532,2024-03-20,Home Renovation,22000,60,12.9,Online
APP003507,CUST003337,2024-05-30,Car Purchase,33500,48,21.34,Broker
APP003508,CUST003371,2023-08-26,Car Purchase,15000,24,21.64,Online
APP003509,CUST002018,2023-03-25,Home Renovation,17000,48,11.84,Online
APP003510,CUST003343,2023-04-27,Debt Consolidation,10000,60,18.49,Online
APP003511,CUST002602,2024-02-12,Wedding,13000,24,18.27,Branch
APP003512,CUST002747,2023-06-05,Home Renovation,27500,48,18.52,Branch
APP003513,CUST001529,2023-06-01,Other,26000,60,13.2,Online
APP003514,CUST001221,2024-09-27,Car Purchase,41000,24,18.98,Online
APP003515,CUST001922,2023-04-23,Debt Consolidation,37500,48,21.47,Branch
APP003516,CUST000795,2023-06-13,Home Renovation,38500,60,14.52,Branch
APP003517,CUST005864,2023-07-09,Debt Consolidation,46000,36,22.2,Broker
APP003518,CUST005246,2024-05-08,Wedding,15500,24,8.54,Broker
APP003519,CUST004802,2024-10-03,Car Purchase,5000,48,10.13,Branch
APP003520,CUST003288,2023-09-15,Medical,13000,36,21.7,Branch
APP003521,CUST000655,2024-09-25,Debt Consolidation,9500,24,17.86,Broker
APP003522,CUST002553,2024-11-30,Travel,42500,60,18.83,Online
APP003523,CUST000635,2024-12-17,Debt Consolidation,42000,36,12.6,Branch
APP003524,CUST005345,2023-01-06,Travel,25500,48,16.16,Online
APP003525,CUST002657,2024-03-26,Debt Consolidation,13500,24,8.05,Online
APP003526,CUST002714,2023-02-18,Car Purchase,43500,12,13.7,Broker
APP003527,CUST004378,2023-04-26,Travel,8500,60,11.78,Branch
APP003528,CUST002773,2023-07-22,Debt Consolidation,41500,36,13.82,Online
APP003529,CUST001152,2023-11-01,Other,3500,36,9.2,Online
APP003530,CUST003171,2024-08-12,Debt Consolidation,18500,36,21.88,Online
APP003531,CUST000840,2024-04-27,Travel,18500,48,21.51,Branch
APP003532,CUST003996,2024-01-10,Wedding,49000,24,20.97,Broker
APP003533,CUST003703,2023-10-28,Home Renovation,21000,36,17.58,Broker
APP003534,CUST003291,2023-02-17,Car Purchase,4500,48,20.87,Broker
APP003535,CUST004388,2023-09-28,Debt Consolidation,35000,24,16.72,Online
APP003536,CUST000763,2023-06-05,Medical,33500,36,11.33,Broker
APP003537,CUST002495,2024-04-23,Debt Consolidation,44000,36,15.13,Broker
APP003538,CUST000475,2023-01-16,Car Purchase,14000,36,13.71,Online
APP003539,CUST001023,2024-10-22,Debt Consolidation,28500,48,12.84,Branch
APP003540,CUST001040,2023-08-13,Debt Consolidation,7500,12,10.51,Online
APP003541,CUST003741,2024-03-25,Wedding,24000,60,22.26,Broker
APP003542,CUST004634,2024-09-18,Debt Consolidation,14000,48,15.88,Branch
APP003543,CUST004834,2023-01-30,Car Purchase,38000,24,9.24,Online
APP003544,CUST004408,2023-03-29,Wedding,22000,36,8.39,Branch
APP003545,CUST001331,2024-08-06,Car Purchase,13500,36,11.85,Branch
APP003546,CUST002798,2024-09-20,Home Renovation,9000,48,14.66,Online
APP003547,CUST003686,2023-04-21,Car Purchase,21000,36,22.08,Online
APP003548,CUST002641,2024-05-27,Debt Consolidation,8000,60,15.29,Branch
APP003549,CUST000709,2024-08-08,Travel,8500,12,22.32,Online
APP003550,CUST004284,2024-03-05,Debt Consolidation,42500,48,18.54,Online
APP003551,CUST003534,2024-06-22,Debt Consolidation,11000,48,10.27,Branch
APP003552,CUST000357,2024-09-13,Debt Consolidation,45500,24,20.65,Online
APP003553,CUST001875,2024-06-10,Car Purchase,15500,48,10.68,Online
APP003554,CUST001185,2023-06-19,Travel,21000,48,9.27,Online
APP003555,CUST005133,2024-05-29,Travel,21500,36,8.62,Online
APP003556,CUST005693,2024-06-02,Wedding,35000,48,22.25,Online
APP003557,CUST002447,2024-09-05,Medical,24000,24,20.62,Branch
APP003558,CUST001094,2023-05-06,Debt Consolidation,23500,12,21.65,Branch
APP003559,CUST005331,2023-12-20,Other,12500,36,21.64,Branch
APP003560,CUST003254,2023-07-09,Car Purchase,33500,24,14.19,Broker
APP003561,CUST003279,2024-09-16,Travel,2000,36,17.34,Branch
APP003562,CUST004355,2024-03-07,Car Purchase,46000,60,21.75,Broker
APP003563,CUST000144,2023-06-10,Car Purchase,32500,36,16.62,Branch
APP003564,CUST001361,2023-05-22,Wedding,26000,24,8.08,Online
APP003565,CUST000094,2023-09-12,Debt Consolidation,11500,48,10.17,Branch
APP003566,CUST004308,2024-12-12,Car Purchase,44500,36,12.37,Online
APP003567,CUST004989,2023-12-29,Home Renovation,23500,36,14.0,Broker
APP003568,CUST002740,2023-07-18,Car Purchase,29500,24,21.18,Branch
APP003569,CUST004917,2023-04-25,Wedding,3000,12,16.91,Branch
APP003570,CUST002478,2023-08-25,Wedding,7500,12,17.94,Broker
APP003571,CUST002701,2024-12-15,Car Purchase,43000,12,19.77,Online
APP003572,CUST002955,2024-10-27,Car Purchase,19000,48,13.73,Broker
APP003573,CUST000082,2024-09-13,Car Purchase,17500,36,19.01,Branch
APP003574,CUST005139,2024-02-02,Home Renovation,36000,48,14.48,Broker
APP003575,CUST003170,2023-06-16,Car Purchase,33000,36,16.42,Broker
APP003576,CUST002535,2024-07-16,Home Renovation,5500,36,19.88,Online
APP003577,CUST002312,2024-09-20,Home Renovation,24500,48,9.87,Online
APP003578,CUST000394,2024-05-20,Debt Consolidation,16500,36,9.01,Online
APP003579,CUST001205,2023-11-25,Car Purchase,27000,36,13.76,Online
APP003580,CUST004215,2024-07-17,Home Renovation,3500,48,19.28,Broker
APP003581,CUST005207,2023-02-10,Travel,49000,48,7.74,Branch
APP003582,CUST004533,2024-12-09,Car Purchase,26500,12,9.38,Online
APP003583,CUST005207,2023-06-26,Home Renovation,47500,48,9.29,Online
APP003584,CUST000462,2024-11-24,Car Purchase,41000,36,13.64,Branch
APP003585,CUST003944,2024-09-01,Car Purchase,26500,24,15.48,Online
APP003586,CUST001537,2024-06-22,Debt Consolidation,12000,24,8.99,Online
APP003587,CUST004737,2024-02-25,Wedding,12000,12,11.28,Broker
APP003588,CUST002436,2023-07-10,Medical,11500,36,14.98,Online
APP003589,CUST003365,2024-11-03,Wedding,2500,60,15.51,Online
APP003590,CUST002585,2023-09-01,Wedding,30500,24,15.59,Broker
APP003591,CUST001540,2024-08-13,Debt Consolidation,36500,24,19.61,Broker
APP003592,CUST004373,2024-05-04,Car Purchase,3500,48,11.13,Online
APP003593,CUST004700,2023-04-20,Wedding,27500,12,16.04,Online
APP003594,CUST002190,2023-12-10,Travel,44000,36,22.31,Online
APP003595,CUST004996,2024-06-16,Travel,32000,48,8.78,Online
APP003596,CUST005284,2024-06-08,Medical,13000,36,17.94,Branch
APP003597,CUST003052,2023-10-18,Car Purchase,40500,24,7.67,Broker
APP003598,CUST004718,2023-12-16,Wedding,29500,48,9.22,Online
APP003599,CUST000550,2023-12-18,Car Purchase,4000,24,12.68,Online
APP003600,CUST000260,2023-01-20,Wedding,12500,36,13.18,Online
APP003601,CUST003260,2024-02-17,Home Renovation,18000,36,19.84,Online
APP003602,CUST001790,2024-06-29,Home Renovation,12000,36,14.48,Branch
APP003603,CUST001244,2024-03-11,Debt Consolidation,42500,60,19.34,Online
APP003604,CUST002874,2023-11-19,Debt Consolidation,38500,36,10.26,Broker
APP003605,CUST000796,2023-09-11,Debt Consolidation,44500,60,12.14,Online
APP003606,CUST000951,2023-05-01,Debt Consolidation,39500,48,19.91,Broker
APP003607,CUST005250,2024-04-25,Car Purchase,29500,60,12.83,Branch
APP003608,CUST004144,2023-06-22,Medical,20000,36,18.51,Broker
APP003609,CUST005561,2023-01-14,Car Purchase,19000,12,11.21,Online
APP003610,CUST005834,2024-02-28,Car Purchase,10000,36,13.73,Branch
APP003611,CUST000890,2023-07-31,Car Purchase,20500,60,9.33,Branch
APP003612,CUST003393,2024-02-09,Debt Consolidation,15500,36,19.76,Broker
APP003613,CUST004824,2023-09-01,Car Purchase,15500,36,17.16,Online
APP003614,CUST003151,2024-12-21,Debt Consolidation,2500,24,10.92,Online
APP003615,CUST000285,2023-08-11,Travel,26000,36,10.84,Broker
APP003616,CUST002026,2023-12-03,Home Renovation,6500,24,16.66,Online
APP003617,CUST002059,2024-12-23,Home Renovation,20500,48,21.8,Branch
APP003618,CUST004572,2024-05-09,Travel,15500,36,18.79,Branch
APP003619,CUST002997,2024-11-13,Home Renovation,28000,24,17.38,Branch
APP003620,CUST002511,2024-10-20,Travel,30000,48,10.84,Branch
APP003621,CUST005900,2023-12-02,Travel,32500,24,17.76,Branch
APP003622,CUST003053,2023-08-24,Debt Consolidation,17000,24,15.0,Broker
APP003623,CUST000898,2024-09-24,Debt Consolidation,15500,24,11.16,Online
APP003624,CUST002354,2024-02-06,Travel,14500,12,20.39,Online
APP003625,CUST004390,2023-03-30,Wedding,47500,60,10.81,Online
APP003626,CUST001002,2024-11-26,Medical,7500,12,21.08,Branch
APP003627,CUST004382,2024-05-21,Other,34500,48,20.55,Online
APP003628,CUST003845,2023-10-14,Wedding,47500,36,21.33,Broker
APP003629,CUST002739,2024-11-08,Home Renovation,24000,60,19.51,Online
APP003630,CUST004277,2023-06-10,Debt Consolidation,39000,48,10.93,Online
APP003631,CUST003105,2023-07-25,Car Purchase,42000,24,21.31,Broker
APP003632,CUST003900,2024-03-17,Debt Consolidation,38000,60,20.46,Broker
APP003633,CUST003986,2024-12-20,Medical,7500,60,12.33,Broker
APP003634,CUST002043,2023-01-21,Car Purchase,43000,48,11.47,Broker
APP003635,CUST000983,2024-12-16,Car Purchase,11500,48,13.97,Branch
APP003636,CUST002620,2023-09-25,Debt Consolidation,2500,12,22.43,Branch
APP003637,CUST001182,2023-02-26,Debt Consolidation,31500,36,14.64,Online
APP003638,CUST005301,2023-08-12,Travel,8000,48,21.34,Online
APP003639,CUST003460,2024-07-01,Home Renovation,49000,60,16.5,Branch
APP003640,CUST002052,2024-12-01,Car Purchase,10500,60,17.34,Online
APP003641,CUST005206,2024-02-17,Car Purchase,28000,60,19.49,Online
APP003642,CUST004738,2023-07-11,Home Renovation,34500,60,18.76,Broker
APP003643,CUST001830,2024-11-21,Other,4500,24,12.54,Online
APP003644,CUST000417,2023-12-10,Car Purchase,36000,24,21.93,Broker
APP003645,CUST001204,2023-05-22,Debt Consolidation,37500,36,11.23,Branch
APP003646,CUST000812,2023-12-16,Debt Consolidation,26000,60,15.52,Branch
APP003647,CUST000506,2024-04-10,Car Purchase,41000,48,14.06,Online
APP003648,CUST004896,2023-12-08,Car Purchase,48500,48,22.06,Broker
APP003649,CUST001412,2023-08-29,Car Purchase,12500,48,7.52,Broker
APP003650,CUST001803,2023-10-02,Home Renovation,14000,12,11.57,Broker
APP003651,CUST004212,2023-12-09,Debt Consolidation,20500,60,20.16,Online
APP003652,CUST003488,2023-09-24,Debt Consolidation,45000,12,19.29,Broker
APP003653,CUST004021,2024-08-07,Medical,47500,60,21.21,Branch
APP003654,CUST001142,2023-06-18,Debt Consolidation,12000,48,15.63,Online
APP003655,CUST003264,2023-12-17,Car Purchase,37000,36,19.75,Online
APP003656,CUST003796,2023-03-06,Wedding,43000,24,10.54,Branch
APP003657,CUST004083,2024-05-09,Debt Consolidation,11000,12,10.94,Online
APP003658,CUST002966,2023-06-02,Medical,45000,24,11.06,Online
APP003659,CUST003209,2024-02-19,Other,25500,24,8.8,Online
APP003660,CUST002948,2023-10-04,Debt Consolidation,40000,60,22.42,Online
APP003661,CUST002586,2024-02-28,Debt Consolidation,13500,36,19.31,Online
APP003662,CUST000842,2023-07-01,Debt Consolidation,28500,36,20.34,Online
APP003663,CUST003451,2024-06-30,Travel,15000,36,17.84,Online
APP003664,CUST002903,2024-02-12,Home Renovation,2500,48,10.64,Online
APP003665,CUST002310,2023-03-19,Car Purchase,25500,24,9.88,Broker
APP003666,CUST004959,2024-03-06,Car Purchase,21500,24,15.81,Broker
APP003667,CUST000307,2023-02-12,Travel,46000,24,21.04,Online
APP003668,CUST003126,2023-08-09,Debt Consolidation,47500,48,17.34,Online
APP003669,CUST003574,2023-05-11,Wedding,18500,36,21.59,Online
APP003670,CUST003443,2024-02-01,Debt Consolidation,37000,36,8.76,Branch
APP003671,CUST001744,2024-08-15,Debt Consolidation,9500,24,8.14,Broker
APP003672,CUST005780,2024-09-01,Debt Consolidation,25000,24,15.47,Broker
APP003673,CUST004105,2024-06-23,Car Purchase,39500,60,7.94,Online
APP003674,CUST004909,2024-10-13,Other,19000,60,15.59,Online
APP003675,CUST004697,2023-01-16,Car Purchase,50000,48,17.96,Broker
APP003676,CUST004423,2024-05-31,Travel,14500,24,20.49,Branch
APP003677,CUST002831,2024-11-06,Travel,7000,12,22.27,Branch
APP003678,CUST002316,2024-08-03,Car Purchase,21000,36,11.75,Online
APP003679,CUST004011,2023-04-15,Debt Consolidation,22500,24,11.47,Online
APP003680,CUST005085,2024-12-03,Car Purchase,3500,60,14.97,Broker
APP003681,CUST004539,2024-09-24,Car Purchase,8500,48,10.81,Online
APP003682,CUST004577,2023-09-03,Car Purchase,5000,48,19.3,Online
APP003683,CUST004013,2024-02-02,Debt Consolidation,13500,48,14.55,Branch
APP003684,CUST004553,2024-12-07,Home Renovation,13000,36,14.04,Branch
APP003685,CUST004466,2024-07-22,Debt Consolidation,32500,36,11.71,Online
APP003686,CUST001367,2024-04-08,Home Renovation,17000,24,18.59,Online
APP003687,CUST001551,2023-01-24,Debt Consolidation,46500,36,9.08,Branch
APP003688,CUST003926,2024-08-05,Travel,47500,48,12.27,Broker
APP003689,CUST002553,2024-04-07,Debt Consolidation,3500,12,12.38,Branch
APP003690,CUST000968,2024-12-04,Travel,25500,36,8.45,Broker
APP003691,CUST001641,2023-10-10,Other,34000,60,7.52,Online
APP003692,CUST001187,2023-10-18,Debt Consolidation,27500,36,13.8,Online
APP003693,CUST005030,2023-12-23,Wedding,46500,60,10.22,Broker
APP003694,CUST004326,2024-06-23,Car Purchase,11500,36,16.67,Online
APP003695,CUST004248,2024-04-25,Debt Consolidation,11000,24,7.85,Online
APP003696,CUST000198,2024-04-25,Home Renovation,13000,36,9.01,Broker
APP003697,CUST002394,2023-06-05,Debt Consolidation,45000,36,9.63,Branch
APP003698,CUST002150,2023-02-04,Car Purchase,33000,36,15.95,Branch
APP003699,CUST000946,2023-04-23,Car Purchase,14500,36,13.23,Online
APP003700,CUST005007,2024-12-31,Other,18000,60,12.58,Branch
APP003701,CUST001763,2024-12-25,Travel,32000,24,9.53,Broker
APP003702,CUST002482,2024-10-11,Debt Consolidation,28000,48,8.45,Branch
APP003703,CUST004035,2023-08-20,Home Renovation,8000,60,12.7,Branch
APP003704,CUST004346,2024-02-04,Travel,11000,24,9.45,Online
APP003705,CUST005633,2023-04-06,Debt Consolidation,12000,12,11.87,Online
APP003706,CUST000596,2023-03-05,Home Renovation,43000,24,12.82,Online
APP003707,CUST005719,2023-05-09,Travel,10500,60,16.08,Branch
APP003708,CUST002021,2024-05-02,Travel,29500,48,14.39,Online
APP003709,CUST004398,2023-03-30,Car Purchase,42000,12,14.98,Online
APP003710,CUST001262,2023-06-09,Car Purchase,44000,24,8.66,Online
APP003711,CUST004697,2024-02-12,Home Renovation,22000,24,9.81,Branch
APP003712,CUST004226,2024-02-08,Debt Consolidation,23000,48,10.64,Branch
APP003713,CUST003589,2024-05-16,Car Purchase,18000,24,17.68,Online
APP003714,CUST005008,2023-10-14,Home Renovation,2000,60,19.77,Branch
APP003715,CUST003422,2024-10-30,Debt Consolidation,42500,36,22.43,Broker
APP003716,CUST003158,2024-03-19,Wedding,29500,36,8.11,Online
APP003717,CUST000509,2023-06-28,Travel,46500,24,15.4,Broker
APP003718,CUST003564,2024-06-06,Debt Consolidation,11000,36,10.29,Branch
APP003719,CUST002241,2023-03-19,Travel,8500,36,20.04,Broker
APP003720,CUST000347,2023-07-13,Car Purchase,45500,48,16.93,Branch
APP003721,CUST000427,2023-09-20,Debt Consolidation,41500,36,8.26,Branch
APP003722,CUST005947,2023-11-19,Debt Consolidation,29000,36,15.65,Broker
APP003723,CUST002006,2024-11-05,Debt Consolidation,11000,36,12.25,Online
APP003724,CUST005043,2023-05-05,Travel,11000,24,11.87,Online
APP003725,CUST002378,2023-07-26,Debt Consolidation,4500,60,17.07,Branch
APP003726,CUST005660,2024-05-07,Debt Consolidation,12500,36,17.69,Branch
APP003727,CUST002686,2023-02-06,Wedding,11500,48,10.19,Broker
APP003728,CUST004139,2024-09-11,Car Purchase,7500,12,14.41,Online
APP003729,CUST001494,2024-08-07,Car Purchase,14500,24,10.91,Branch
APP003730,CUST000099,2023-09-23,Other,11000,36,11.96,Online
APP003731,CUST004244,2023-01-13,Debt Consolidation,4000,12,21.43,Online
APP003732,CUST002543,2024-06-12,Other,16500,24,8.01,Broker
APP003733,CUST002691,2023-09-23,Car Purchase,34500,60,15.15,Online
APP003734,CUST001179,2023-09-15,Wedding,8000,48,13.19,Online
APP003735,CUST004514,2023-08-28,Car Purchase,21500,36,16.73,Online
APP003736,CUST004279,2024-02-21,Other,22500,60,12.0,Online
APP003737,CUST001419,2024-04-22,Medical,18500,36,8.16,Broker
APP003738,CUST005285,2024-04-10,Debt Consolidation,17000,36,18.51,Online
APP003739,CUST005442,2024-03-05,Car Purchase,5000,36,12.36,Broker
APP003740,CUST001698,2023-05-04,Wedding,38000,60,20.38,Online
APP003741,CUST001416,2023-01-24,Wedding,23000,24,21.71,Online
APP003742,CUST002584,2024-11-07,Debt Consolidation,11000,36,11.55,Online
APP003743,CUST003695,2024-01-09,Wedding,26000,36,21.01,Online
APP003744,CUST001594,2024-04-22,Medical,45000,24,17.86,Online
APP003745,CUST001249,2024-12-01,Travel,46500,36,12.23,Broker
APP003746,CUST001560,2024-06-14,Medical,4000,60,15.85,Online
APP003747,CUST002428,2023-09-26,Medical,49000,36,13.23,Branch
APP003748,CUST001154,2023-10-16,Car Purchase,14000,36,8.78,Online
APP003749,CUST005843,2023-04-27,Home Renovation,35000,12,21.93,Broker
APP003750,CUST000177,2024-02-06,Home Renovation,25000,36,17.06,Online
APP003751,CUST001646,2023-07-08,Debt Consolidation,24500,48,13.99,Online
APP003752,CUST004665,2023-01-13,Wedding,33000,24,20.28,Online
APP003753,CUST004629,2023-07-22,Wedding,18000,12,18.5,Branch
APP003754,CUST002238,2024-09-24,Travel,4500,60,20.78,Branch
APP003755,CUST002829,2023-07-19,Car Purchase,14500,36,9.19,Branch
APP003756,CUST001610,2024-09-19,Debt Consolidation,16000,36,14.35,Branch
APP003757,CUST002398,2023-07-20,Home Renovation,20500,60,11.84,Broker
APP003758,CUST001021,2024-11-05,Medical,42500,60,16.11,Branch
APP003759,CUST001974,2024-06-09,Debt Consolidation,28500,24,20.62,Online
APP003760,CUST000251,2024-03-21,Wedding,8500,60,12.46,Online
APP003761,CUST003255,2023-10-20,Home Renovation,29000,36,14.5,Broker
APP003762,CUST001972,2024-04-05,Debt Consolidation,42500,36,15.13,Online
APP003763,CUST002059,2024-11-01,Home Renovation,5500,36,11.09,Online
APP003764,CUST004543,2024-09-09,Debt Consolidation,22000,60,8.44,Branch
APP003765,CUST000441,2024-12-02,Debt Consolidation,25000,36,20.69,Branch
APP003766,CUST003322,2023-08-30,Home Renovation,43000,12,12.26,Branch
APP003767,CUST001673,2024-10-24,Car Purchase,43500,12,13.97,Broker
APP003768,CUST005642,2023-03-30,Car Purchase,40500,36,12.34,Online
APP003769,CUST002492,2023-08-05,Car Purchase,44500,36,18.9,Online
APP003770,CUST000666,2024-03-02,Home Renovation,41000,48,12.38,Branch
APP003771,CUST003743,2024-01-10,Debt Consolidation,38500,24,7.68,Online
APP003772,CUST001384,2024-04-13,Debt Consolidation,50000,48,16.81,Online
APP003773,CUST001310,2023-06-21,Car Purchase,28000,48,21.16,Online
APP003774,CUST000778,2024-06-02,Car Purchase,47500,24,18.42,Online
APP003775,CUST000129,2023-12-22,Wedding,38000,48,21.31,Broker
APP003776,CUST001330,2023-03-28,Debt Consolidation,15000,60,9.66,Online
APP003777,CUST003243,2024-05-19,Car Purchase,19000,36,8.33,Branch
APP003778,CUST003834,2023-12-31,Travel,45000,24,11.19,Online
APP003779,CUST003934,2023-11-08,Medical,31500,48,13.74,Online
APP003780,CUST004180,2024-08-17,Debt Consolidation,32000,24,11.28,Branch
APP003781,CUST005976,2023-11-24,Debt Consolidation,45500,36,9.32,Broker
APP003782,CUST005225,2023-11-23,Debt Consolidation,30000,48,22.48,Online
APP003783,CUST001155,2024-09-07,Debt Consolidation,17500,48,20.89,Online
APP003784,CUST003131,2023-01-22,Debt Consolidation,44500,36,17.1,Online
APP003785,CUST001893,2023-05-10,Debt Consolidation,37500,48,18.78,Online
APP003786,CUST000267,2024-10-23,Debt Consolidation,17000,48,12.88,Online
APP003787,CUST003505,2024-11-14,Debt Consolidation,48500,60,12.15,Branch
APP003788,CUST001952,2023-03-28,Travel,29000,48,9.61,Branch
APP003789,CUST002668,2024-07-05,Home Renovation,17500,12,10.35,Broker
APP003790,CUST005389,2023-08-31,Travel,37500,12,18.41,Broker
APP003791,CUST001404,2023-06-07,Medical,32500,12,9.57,Branch
APP003792,CUST001188,2024-10-03,Car Purchase,33000,24,20.0,Branch
APP003793,CUST002327,2023-05-08,Car Purchase,20500,36,19.67,Broker
APP003794,CUST003516,2024-02-02,Home Renovation,20000,48,7.95,Branch
APP003795,CUST000332,2023-01-06,Debt Consolidation,3500,60,17.45,Broker
APP003796,CUST005763,2024-08-26,Car Purchase,21500,48,21.56,Broker
APP003797,CUST004017,2023-04-04,Debt Consolidation,3500,12,17.37,Branch
APP003798,CUST000244,2023-02-21,Home Renovation,38000,48,19.23,Branch
APP003799,CUST003525,2023-10-31,Car Purchase,33000,36,20.13,Broker
APP003800,CUST003457,2023-10-23,Home Renovation,29000,24,16.12,Broker
APP003801,CUST005866,2024-09-14,Car Purchase,27500,36,19.09,Branch
APP003802,CUST004819,2024-02-12,Medical,23500,36,8.61,Online
APP003803,CUST000074,2024-06-26,Car Purchase,19000,24,18.37,Online
APP003804,CUST005381,2023-08-13,Other,42500,24,14.55,Online
APP003805,CUST000591,2024-09-06,Car Purchase,43000,24,15.57,Online
APP003806,CUST001430,2024-08-25,Car Purchase,19500,24,10.16,Online
APP003807,CUST001776,2024-04-16,Debt Consolidation,6000,24,20.67,Branch
APP003808,CUST004042,2024-04-19,Medical,21000,12,14.95,Broker
APP003809,CUST003384,2023-05-17,Debt Consolidation,48000,48,12.48,Online
APP003810,CUST002448,2024-10-28,Wedding,17000,36,14.79,Broker
APP003811,CUST003603,2024-11-16,Debt Consolidation,33000,60,14.29,Online
APP003812,CUST005192,2024-11-25,Wedding,13500,48,10.56,Broker
APP003813,CUST005740,2024-06-28,Other,45000,12,17.49,Broker
APP003814,CUST000011,2024-03-31,Medical,42000,36,16.06,Branch
APP003815,CUST004558,2024-10-08,Medical,33500,60,20.21,Online
APP003816,CUST000157,2024-07-24,Other,37500,12,17.16,Broker
APP003817,CUST004156,2023-06-16,Other,16500,24,8.85,Broker
APP003818,CUST001462,2023-01-23,Debt Consolidation,46500,48,17.96,Branch
APP003819,CUST002503,2024-03-22,Home Renovation,48000,24,17.44,Online
APP003820,CUST003319,2023-09-26,Wedding,46500,60,18.3,Online
APP003821,CUST001695,2023-02-06,Car Purchase,48500,24,9.69,Online
APP003822,CUST001173,2024-02-20,Home Renovation,31500,60,8.86,Broker
APP003823,CUST005571,2024-07-04,Debt Consolidation,47500,24,22.44,Broker
APP003824,CUST000278,2024-12-06,Debt Consolidation,7000,60,12.56,Branch
APP003825,CUST000695,2024-01-30,Car Purchase,30000,60,17.22,Broker
APP003826,CUST000882,2023-09-26,Wedding,15000,12,12.61,Broker
APP003827,CUST004775,2024-04-15,Home Renovation,19500,36,10.75,Branch
APP003828,CUST004346,2023-11-03,Home Renovation,35500,36,11.11,Branch
APP003829,CUST002842,2024-07-08,Other,47500,36,14.71,Online
APP003830,CUST005230,2023-02-10,Wedding,11000,36,7.52,Branch
APP003831,CUST002156,2024-06-20,Debt Consolidation,36500,36,19.26,Online
APP003832,CUST002754,2024-04-05,Debt Consolidation,6500,24,21.33,Online
APP003833,CUST002137,2024-10-21,Wedding,30500,36,14.72,Online
APP003834,CUST001648,2023-08-30,Car Purchase,15000,36,16.14,Broker
APP003835,CUST003299,2023-12-31,Other,21500,36,21.12,Online
APP003836,CUST001221,2024-02-20,Debt Consolidation,14000,24,9.35,Online
APP003837,CUST005584,2023-03-20,Wedding,35000,36,14.14,Online
APP003838,CUST000606,2023-04-19,Wedding,47000,24,21.22,Online
APP003839,CUST002855,2023-09-07,Home Renovation,15500,60,15.33,Broker
APP003840,CUST003009,2023-11-24,Debt Consolidation,47000,36,20.34,Online
APP003841,CUST004682,2023-11-23,Debt Consolidation,23000,24,17.1,Branch
APP003842,CUST000457,2024-11-02,Medical,15500,48,21.36,Branch
APP003843,CUST001292,2023-05-16,Travel,45500,24,17.33,Online
APP003844,CUST002652,2023-03-24,Other,15000,36,13.31,Online
APP003845,CUST001797,2024-03-20,Car Purchase,26000,12,10.04,Online
APP003846,CUST005164,2024-04-28,Debt Consolidation,42000,12,22.0,Online
APP003847,CUST005310,2024-05-31,Debt Consolidation,10500,48,12.3,Broker
APP003848,CUST004279,2023-05-16,Home Renovation,34500,36,15.11,Branch
APP003849,CUST000087,2024-06-05,Home Renovation,44000,48,22.38,Branch
APP003850,CUST004895,2023-02-06,Debt Consolidation,39000,60,14.6,Branch
APP003851,CUST005201,2023-10-29,Debt Consolidation,17000,24,17.77,Online
APP003852,CUST004949,2023-12-01,Home Renovation,35000,36,14.39,Online
APP003853,CUST002984,2023-01-21,Travel,32500,48,16.04,Branch
APP003854,CUST001761,2023-01-14,Car Purchase,3000,24,11.21,Branch
APP003855,CUST001003,2023-12-18,Debt Consolidation,12000,36,14.83,Branch
APP003856,CUST003559,2023-01-27,Car Purchase,20500,36,17.47,Branch
APP003857,CUST003435,2024-03-20,Home Renovation,37500,12,15.89,Online
APP003858,CUST003808,2024-10-07,Travel,20500,12,14.74,Broker
APP003859,CUST004580,2023-07-25,Travel,17500,36,9.23,Online
APP003860,CUST000222,2023-06-15,Travel,26500,48,8.36,Branch
APP003861,CUST002162,2024-03-06,Debt Consolidation,25500,48,10.39,Online
APP003862,CUST000467,2023-06-29,Home Renovation,16500,36,8.2,Online
APP003863,CUST005387,2023-04-28,Home Renovation,12000,36,9.47,Online
APP003864,CUST004729,2024-02-01,Debt Consolidation,24000,36,12.28,Online
APP003865,CUST005514,2023-05-25,Debt Consolidation,17500,12,17.04,Branch
APP003866,CUST001016,2024-06-24,Car Purchase,20000,24,15.16,Broker
APP003867,CUST004922,2024-09-20,Debt Consolidation,31000,60,15.66,Online
APP003868,CUST004728,2024-08-04,Debt Consolidation,47000,36,8.03,Online
APP003869,CUST003258,2024-09-07,Car Purchase,6500,36,14.29,Branch
APP003870,CUST004018,2024-09-03,Debt Consolidation,2000,36,16.03,Online
APP003871,CUST000056,2023-11-09,Travel,14500,60,17.14,Broker
APP003872,CUST004303,2024-12-01,Travel,25000,60,19.75,Online
APP003873,CUST003652,2024-02-15,Other,7000,24,13.96,Broker
APP003874,CUST004590,2024-07-14,Debt Consolidation,28500,24,11.46,Branch
APP003875,CUST004481,2023-03-14,Wedding,15500,24,17.92,Online
APP003876,CUST005127,2024-05-08,Car Purchase,10500,12,16.28,Online
APP003877,CUST003882,2024-11-09,Travel,23000,12,19.27,Branch
APP003878,CUST000473,2024-07-06,Other,39000,36,10.71,Online
APP003879,CUST005944,2024-01-02,Car Purchase,48000,36,14.22,Online
APP003880,CUST003617,2023-03-17,Debt Consolidation,42000,24,11.41,Branch
APP003881,CUST005307,2023-06-04,Home Renovation,16000,36,17.85,Broker
APP003882,CUST001921,2024-02-26,Debt Consolidation,29500,60,13.1,Branch
APP003883,CUST003906,2023-06-02,Travel,12000,36,15.49,Branch
APP003884,CUST005049,2024-07-22,Debt Consolidation,44000,36,18.68,Broker
APP003885,CUST003839,2024-06-27,Home Renovation,15500,36,11.89,Online
APP003886,CUST001427,2023-11-23,Wedding,45500,36,15.13,Branch
APP003887,CUST002465,2023-02-08,Medical,5500,12,13.94,Online
APP003888,CUST003884,2024-10-05,Home Renovation,6500,48,11.18,Online
APP003889,CUST001120,2024-11-05,Home Renovation,9500,48,7.75,Online
APP003890,CUST001622,2023-04-07,Home Renovation,28500,24,11.52,Online
APP003891,CUST005902,2024-04-27,Wedding,14500,36,13.54,Broker
APP003892,CUST001130,2024-08-10,Debt Consolidation,43500,36,9.24,Branch
APP003893,CUST002940,2024-05-28,Wedding,24500,48,9.41,Online
APP003894,CUST004826,2023-03-06,Debt Consolidation,32500,48,19.49,Online
APP003895,CUST005019,2024-07-24,Travel,15500,24,14.29,Branch
APP003896,CUST004724,2023-09-03,Travel,33500,60,8.44,Branch
APP003897,CUST000486,2024-07-21,Debt Consolidation,35000,24,21.56,Online
APP003898,CUST001252,2023-10-17,Car Purchase,5500,48,15.17,Branch
APP003899,CUST004164,2024-08-21,Medical,45500,36,15.13,Online
APP003900,CUST002980,2024-02-05,Wedding,16500,60,7.99,Online
APP003901,CUST001150,2023-06-10,Home Renovation,32500,48,17.3,Online
APP003902,CUST000138,2023-01-10,Wedding,13000,12,14.25,Broker
APP003903,CUST003248,2023-02-25,Wedding,38000,60,13.01,Online
APP003904,CUST003127,2023-05-20,Debt Consolidation,23500,48,12.11,Online
APP003905,CUST000314,2023-02-20,Car Purchase,31500,24,21.52,Online
APP003906,CUST003329,2023-10-23,Debt Consolidation,40000,36,17.01,Online
APP003907,CUST004100,2024-11-04,Debt Consolidation,3500,36,15.76,Online
APP003908,CUST005032,2024-06-04,Debt Consolidation,48500,36,14.23,Online
APP003909,CUST003615,2023-04-23,Travel,29000,36,21.79,Branch
APP003910,CUST002051,2024-05-20,Home Renovation,18500,24,20.36,Branch
APP003911,CUST000733,2023-08-04,Car Purchase,9500,60,12.37,Online
APP003912,CUST000620,2024-11-20,Car Purchase,50000,24,11.74,Branch
APP003913,CUST000783,2023-01-31,Debt Consolidation,23500,36,13.16,Broker
APP003914,CUST000030,2023-07-21,Car Purchase,27500,12,9.37,Online
APP003915,CUST001333,2024-02-17,Debt Consolidation,48000,48,12.26,Online
APP003916,CUST000995,2023-09-20,Home Renovation,19500,24,13.98,Branch
APP003917,CUST002644,2023-07-30,Car Purchase,37000,48,14.41,Online
APP003918,CUST005592,2023-12-07,Wedding,31500,24,8.24,Broker
APP003919,CUST001885,2024-07-11,Medical,28000,24,13.43,Online
APP003920,CUST005412,2024-08-28,Home Renovation,4500,24,10.96,Broker
APP003921,CUST005683,2024-11-03,Car Purchase,20000,48,22.21,Online
APP003922,CUST004200,2024-12-30,Debt Consolidation,11000,24,14.69,Online
APP003923,CUST004235,2023-02-17,Travel,22500,48,20.55,Online
APP003924,CUST005111,2023-05-17,Car Purchase,9000,36,8.88,Broker
APP003925,CUST003059,2023-07-25,Medical,15500,24,12.43,Online
APP003926,CUST004307,2024-01-06,Wedding,8000,36,21.2,Online
APP003927,CUST005125,2023-06-01,Home Renovation,48000,36,14.53,Branch
APP003928,CUST001031,2023-12-28,Debt Consolidation,37500,36,16.65,Broker
APP003929,CUST000696,2024-01-14,Car Purchase,25500,24,12.44,Online
APP003930,CUST005797,2023-05-19,Debt Consolidation,23000,36,13.81,Online
APP003931,CUST004601,2023-02-02,Debt Consolidation,11000,24,8.45,Branch
APP003932,CUST004340,2023-11-14,Wedding,25000,48,9.61,Broker
APP003933,CUST000409,2023-11-07,Medical,16000,12,16.02,Online
APP003934,CUST003194,2024-12-05,Debt Consolidation,29500,60,12.41,Broker
APP003935,CUST004776,2023-05-08,Car Purchase,11500,48,16.99,Branch
APP003936,CUST005298,2023-02-21,Car Purchase,46500,36,16.59,Online
APP003937,CUST005085,2023-02-06,Other,25000,12,11.48,Broker
APP003938,CUST005374,2023-10-09,Debt Consolidation,37500,24,16.05,Online
APP003939,CUST000654,2023-06-14,Debt Consolidation,26000,24,12.9,Broker
APP003940,CUST001809,2023-10-19,Debt Consolidation,32500,48,19.67,Online
APP003941,CUST003030,2023-12-14,Travel,37000,36,9.46,Online
APP003942,CUST002743,2024-11-12,Debt Consolidation,3500,48,9.95,Branch
APP003943,CUST005389,2024-09-08,Car Purchase,48500,60,17.98,Online
APP003944,CUST005174,2023-02-26,Home Renovation,36500,24,19.64,Broker
APP003945,CUST000532,2023-06-11,Medical,29500,48,13.26,Online
APP003946,CUST003641,2024-10-22,Debt Consolidation,8500,36,21.27,Online
APP003947,CUST005455,2023-10-07,Debt Consolidation,7500,36,19.87,Online
APP003948,CUST002283,2023-01-19,Wedding,4500,48,18.7,Online
APP003949,CUST002533,2024-05-27,Car Purchase,43500,48,17.77,Online
APP003950,CUST001169,2024-05-17,Car Purchase,15500,36,21.14,Online
APP003951,CUST004494,2023-11-02,Travel,42500,48,18.68,Branch
APP003952,CUST002899,2023-05-04,Debt Consolidation,50000,36,15.63,Online
APP003953,CUST004554,2024-04-12,Other,27500,48,13.33,Branch
APP003954,CUST002822,2023-12-21,Car Purchase,28500,24,12.2,Broker
APP003955,CUST000005,2023-08-23,Car Purchase,45000,36,21.59,Online
APP003956,CUST002154,2024-10-23,Debt Consolidation,46000,36,19.11,Broker
APP003957,CUST000521,2023-01-29,Debt Consolidation,48500,60,11.5,Broker
APP003958,CUST000368,2024-10-09,Debt Consolidation,43500,12,17.27,Broker
APP003959,CUST000871,2023-10-14,Debt Consolidation,36000,36,16.76,Broker
APP003960,CUST002039,2024-11-09,Debt Consolidation,38000,48,19.49,Broker
APP003961,CUST004152,2024-06-09,Home Renovation,17000,36,21.51,Broker
APP003962,CUST005856,2024-01-22,Car Purchase,39500,36,8.66,Online
APP003963,CUST001129,2024-02-28,Car Purchase,47000,48,11.31,Online
APP003964,CUST002992,2024-05-31,Home Renovation,14500,36,16.46,Branch
APP003965,CUST002417,2023-06-25,Wedding,17500,36,12.36,Branch
APP003966,CUST001746,2023-05-18,Debt Consolidation,25000,36,20.59,Broker
APP003967,CUST001966,2023-04-23,Car Purchase,9500,24,12.43,Online
APP003968,CUST000659,2023-03-13,Debt Consolidation,27500,60,10.66,Broker
APP003969,CUST001061,2023-03-23,Medical,18500,24,9.26,Online
APP003970,CUST002333,2023-11-14,Home Renovation,23500,36,22.47,Online
APP003971,CUST003820,2024-08-31,Debt Consolidation,25500,36,12.03,Online
APP003972,CUST004045,2023-05-07,Debt Consolidation,19500,24,16.95,Online
APP003973,CUST003509,2024-02-12,Debt Consolidation,27500,36,19.46,Branch
APP003974,CUST003180,2023-03-14,Travel,28000,36,8.21,Branch
APP003975,CUST003412,2023-07-22,Debt Consolidation,44000,24,21.06,Online
APP003976,CUST004947,2024-07-12,Wedding,24500,36,13.59,Broker
APP003977,CUST004592,2024-11-11,Debt Consolidation,22000,12,9.32,Branch
APP003978,CUST000513,2024-09-20,Car Purchase,30000,48,17.33,Branch
APP003979,CUST000937,2023-10-21,Car Purchase,27000,24,15.73,Branch
APP003980,CUST001915,2023-07-13,Home Renovation,4000,60,9.69,Broker
APP003981,CUST004693,2023-01-14,Car Purchase,5000,36,17.53,Branch
APP003982,CUST003618,2023-12-21,Car Purchase,9500,36,14.15,Online
APP003983,CUST004131,2024-06-21,Home Renovation,18000,36,13.83,Branch
APP003984,CUST003775,2024-08-15,Debt Consolidation,15500,24,18.38,Broker
APP003985,CUST003808,2023-12-21,Car Purchase,31500,36,15.52,Online
APP003986,CUST004606,2023-06-05,Debt Consolidation,49500,12,10.95,Broker
APP003987,CUST002163,2024-02-23,Wedding,32000,48,15.43,Online
APP003988,CUST005847,2023-10-16,Travel,3000,48,11.11,Broker
APP003989,CUST000394,2024-05-08,Debt Consolidation,20000,36,14.07,Branch
APP003990,CUST000957,2024-02-26,Other,14000,36,19.58,Branch
APP003991,CUST005217,2023-10-24,Debt Consolidation,6000,48,22.5,Online
APP003992,CUST003622,2024-10-20,Home Renovation,44500,24,15.37,Online
APP003993,CUST000294,2024-06-21,Wedding,20500,60,17.63,Online
APP003994,CUST001738,2024-06-24,Car Purchase,10000,60,11.97,Online
APP003995,CUST005074,2024-10-22,Car Purchase,42500,48,13.53,Broker
APP003996,CUST005532,2024-08-25,Car Purchase,10000,36,10.69,Broker
APP003997,CUST003174,2024-09-13,Home Renovation,8000,48,13.19,Broker
APP003998,CUST003621,2024-08-13,Debt Consolidation,8500,24,21.36,Branch
APP003999,CUST004202,2024-02-20,Debt Consolidation,46500,36,19.1,Online
APP004000,CUST003864,2024-01-12,Debt Consolidation,13000,12,9.41,Branch
APP004001,CUST002857,2024-09-06,Home Renovation,44500,48,10.33,Online
APP004002,CUST001082,2023-12-26,Debt Consolidation,49500,36,19.59,Branch
APP004003,CUST002563,2023-12-11,Debt Consolidation,9500,24,18.71,Online
APP004004,CUST001568,2024-06-13,Debt Consolidation,17000,36,12.8,Branch
APP004005,CUST002961,2024-06-05,Debt Consolidation,10500,36,13.5,Branch
APP004006,CUST004111,2023-04-13,Travel,18500,48,11.6,Online
APP004007,CUST002291,2024-09-02,Home Renovation,4500,48,9.02,Branch
APP004008,CUST003223,2023-03-02,Car Purchase,3500,36,20.89,Online
APP004009,CUST002730,2023-10-14,Car Purchase,5000,36,11.29,Online
APP004010,CUST004234,2024-11-04,Wedding,24000,60,7.88,Branch
APP004011,CUST001740,2024-01-18,Car Purchase,11500,60,18.34,Broker
APP004012,CUST004584,2023-12-26,Home Renovation,47500,48,8.67,Broker
APP004013,CUST000061,2024-05-27,Debt Consolidation,40000,24,14.28,Online
APP004014,CUST000172,2024-10-05,Other,4000,24,16.95,Branch
APP004015,CUST000961,2024-10-17,Other,12000,24,17.07,Online
APP004016,CUST002587,2023-07-14,Debt Consolidation,37000,24,17.33,Broker
APP004017,CUST005908,2023-12-28,Car Purchase,21000,24,21.27,Online
APP004018,CUST002383,2024-01-25,Travel,26500,60,12.78,Branch
APP004019,CUST002736,2024-02-14,Home Renovation,4000,12,19.01,Online
APP004020,CUST000520,2023-07-06,Debt Consolidation,24000,12,20.03,Broker
APP004021,CUST004874,2024-08-08,Wedding,36500,12,9.25,Broker
APP004022,CUST001011,2024-09-14,Debt Consolidation,13000,24,20.66,Branch
APP004023,CUST000381,2024-12-01,Medical,21000,24,9.7,Broker
APP004024,CUST003997,2024-09-18,Other,46500,24,19.82,Online
APP004025,CUST000594,2023-01-20,Medical,37500,36,20.14,Broker
APP004026,CUST001817,2023-06-26,Car Purchase,47500,60,13.67,Branch
APP004027,CUST003869,2023-01-20,Home Renovation,19000,48,20.24,Online
APP004028,CUST000983,2024-03-05,Car Purchase,36000,12,21.64,Branch
APP004029,CUST000003,2024-11-08,Home Renovation,50000,24,21.39,Online
APP004030,CUST001424,2023-12-11,Car Purchase,49500,60,11.25,Online
APP004031,CUST001569,2024-11-09,Debt Consolidation,44500,60,16.69,Broker
APP004032,CUST000055,2024-05-17,Car Purchase,32500,36,22.08,Branch
APP004033,CUST000647,2023-05-04,Home Renovation,21000,60,7.97,Broker
APP004034,CUST001780,2024-09-04,Home Renovation,41000,60,18.22,Branch
APP004035,CUST004247,2024-08-02,Car Purchase,31500,12,17.64,Broker
APP004036,CUST004292,2024-07-21,Home Renovation,8000,36,21.89,Broker
APP004037,CUST000263,2024-03-23,Home Renovation,44500,12,10.65,Branch
APP004038,CUST004372,2023-04-08,Car Purchase,19500,48,15.4,Broker
APP004039,CUST005031,2023-12-16,Debt Consolidation,39000,36,16.17,Broker
APP004040,CUST004730,2024-04-25,Medical,7000,36,9.2,Online
APP004041,CUST004726,2023-12-19,Travel,15500,48,19.86,Online
APP004042,CUST003560,2023-05-15,Debt Consolidation,26500,60,19.49,Online
APP004043,CUST005695,2024-07-11,Car Purchase,14500,48,11.38,Online
APP004044,CUST002889,2023-11-29,Travel,21000,36,11.59,Branch
APP004045,CUST005564,2024-07-02,Home Renovation,25000,60,7.77,Branch
APP004046,CUST002405,2024-11-16,Debt Consolidation,34000,24,10.73,Online
APP004047,CUST002491,2023-07-20,Car Purchase,39000,36,18.53,Branch
APP004048,CUST000551,2024-06-19,Home Renovation,5000,60,11.97,Online
APP004049,CUST002821,2023-10-23,Car Purchase,23500,36,20.53,Online
APP004050,CUST001670,2023-03-29,Debt Consolidation,40000,60,7.84,Online
APP004051,CUST000412,2023-03-22,Medical,17000,24,10.91,Online
APP004052,CUST004322,2024-12-04,Wedding,9500,24,17.94,Online
APP004053,CUST001684,2023-07-13,Car Purchase,34000,60,14.51,Online
APP004054,CUST002819,2023-09-19,Car Purchase,31500,12,14.57,Branch
APP004055,CUST004744,2023-11-19,Wedding,49500,24,9.89,Broker
APP004056,CUST002069,2023-03-03,Debt Consolidation,48500,24,8.41,Branch
APP004057,CUST005345,2023-02-25,Medical,40000,48,14.99,Branch
APP004058,CUST003844,2024-07-07,Travel,14000,48,10.1,Online
APP004059,CUST005565,2024-05-29,Debt Consolidation,48000,24,17.84,Online
APP004060,CUST003971,2024-08-28,Debt Consolidation,45500,36,8.45,Online
APP004061,CUST003104,2024-02-08,Car Purchase,17000,48,17.31,Branch
APP004062,CUST003904,2023-11-26,Debt Consolidation,44500,12,22.08,Online
APP004063,CUST003315,2023-02-15,Other,42000,12,14.94,Branch
APP004064,CUST002390,2023-09-26,Wedding,13000,48,9.12,Online
APP004065,CUST003245,2024-12-20,Wedding,5000,60,14.22,Online
APP004066,CUST005156,2023-09-01,Medical,23000,36,8.21,Broker
APP004067,CUST003856,2024-11-14,Car Purchase,40000,60,21.34,Online
APP004068,CUST004466,2024-11-08,Debt Consolidation,29500,60,18.45,Online
APP004069,CUST005971,2024-02-14,Home Renovation,36000,60,14.69,Online
APP004070,CUST002517,2024-04-05,Home Renovation,5000,60,22.4,Branch
APP004071,CUST003472,2023-07-10,Wedding,8000,24,20.78,Broker
APP004072,CUST002500,2024-10-18,Car Purchase,48000,24,10.47,Broker
APP004073,CUST002779,2023-04-05,Home Renovation,30500,12,19.99,Online
APP004074,CUST001056,2024-04-25,Car Purchase,11500,48,20.53,Branch
APP004075,CUST005157,2023-06-13,Medical,12500,24,8.89,Online
APP004076,CUST004039,2024-03-10,Debt Consolidation,48000,24,18.71,Online
APP004077,CUST002927,2023-03-02,Wedding,32500,36,19.48,Broker
APP004078,CUST004277,2024-04-03,Home Renovation,28500,60,16.82,Online
APP004079,CUST001708,2023-08-06,Debt Consolidation,20500,12,7.57,Broker
APP004080,CUST005913,2023-04-19,Debt Consolidation,7500,60,9.55,Broker
APP004081,CUST002820,2023-05-16,Car Purchase,15500,48,22.06,Broker
APP004082,CUST002262,2024-11-14,Home Renovation,31500,60,20.44,Broker
APP004083,CUST000162,2024-01-21,Debt Consolidation,42500,36,16.83,Online
APP004084,CUST002178,2024-10-21,Home Renovation,42000,12,8.34,Online
APP004085,CUST002731,2024-06-13,Travel,24000,48,10.48,Online
APP004086,CUST003375,2024-09-22,Home Renovation,23500,36,17.99,Broker
APP004087,CUST004720,2024-11-18,Medical,24500,48,13.03,Broker
APP004088,CUST005562,2023-11-19,Debt Consolidation,37000,24,10.0,Branch
APP004089,CUST000787,2024-07-13,Debt Consolidation,31500,60,19.81,Online
APP004090,CUST003310,2024-01-31,Medical,11500,12,22.34,Online
APP004091,CUST004366,2024-05-25,Debt Consolidation,22500,24,10.68,Branch
APP004092,CUST000727,2024-02-14,Home Renovation,48500,48,20.1,Online
APP004093,CUST005714,2023-07-20,Wedding,48000,60,19.17,Online
APP004094,CUST000463,2024-07-31,Debt Consolidation,6000,36,20.05,Online
APP004095,CUST002902,2023-12-29,Debt Consolidation,11000,36,18.05,Branch
APP004096,CUST001386,2023-09-22,Wedding,44500,36,15.36,Online
APP004097,CUST002115,2024-06-25,Debt Consolidation,46500,24,9.83,Broker
APP004098,CUST003130,2024-09-01,Debt Consolidation,2000,48,10.69,Online
APP004099,CUST005719,2024-10-22,Travel,19000,48,19.71,Online
APP004100,CUST001668,2024-06-05,Debt Consolidation,39000,48,20.12,Broker
APP004101,CUST003133,2024-11-18,Wedding,14500,48,21.13,Online
APP004102,CUST004813,2024-03-08,Medical,14000,36,16.42,Online
APP004103,CUST005791,2024-03-31,Debt Consolidation,17000,36,15.18,Branch
APP004104,CUST000149,2023-03-03,Car Purchase,37000,48,9.89,Online
APP004105,CUST005758,2023-09-23,Home Renovation,26000,12,14.83,Branch
APP004106,CUST001609,2023-10-05,Home Renovation,19500,24,22.38,Branch
APP004107,CUST005113,2024-10-30,Car Purchase,13000,24,15.57,Branch
APP004108,CUST003654,2023-03-20,Travel,37000,48,8.7,Branch
APP004109,CUST002037,2024-12-20,Debt Consolidation,48500,48,19.31,Broker
APP004110,CUST004991,2023-12-16,Car Purchase,36500,24,9.7,Broker
APP004111,CUST002854,2024-06-10,Debt Consolidation,19000,48,12.66,Online
APP004112,CUST003925,2023-05-30,Home Renovation,30000,48,7.71,Branch
APP004113,CUST003758,2023-08-22,Travel,33000,48,9.14,Online
APP004114,CUST005860,2023-04-07,Home Renovation,44500,60,20.12,Broker
APP004115,CUST005409,2023-11-04,Debt Consolidation,2500,60,20.27,Online
APP004116,CUST003872,2024-02-11,Car Purchase,17000,12,18.36,Branch
APP004117,CUST003737,2023-08-18,Car Purchase,3000,36,22.42,Branch
APP004118,CUST003145,2023-04-02,Debt Consolidation,46000,60,17.35,Broker
APP004119,CUST003114,2023-05-15,Home Renovation,21000,60,15.6,Branch
APP004120,CUST003989,2023-02-21,Other,37500,12,7.8,Branch
APP004121,CUST000516,2023-06-08,Home Renovation,24000,48,8.82,Online
APP004122,CUST003710,2024-04-22,Car Purchase,45500,48,15.49,Online
APP004123,CUST003459,2023-09-16,Debt Consolidation,38000,12,14.44,Branch
APP004124,CUST004868,2024-10-22,Home Renovation,43000,36,16.28,Online
APP004125,CUST002967,2023-09-16,Wedding,43500,60,14.86,Broker
APP004126,CUST004780,2023-06-26,Debt Consolidation,10500,48,19.66,Broker
APP004127,CUST003629,2024-06-17,Debt Consolidation,26500,48,17.14,Online
APP004128,CUST000203,2023-01-09,Car Purchase,5500,24,11.56,Broker
APP004129,CUST004950,2024-10-20,Medical,21500,48,22.27,Broker
APP004130,CUST002660,2024-04-06,Home Renovation,28500,36,19.54,Online
APP004131,CUST005202,2024-01-05,Debt Consolidation,3000,24,18.18,Online
APP004132,CUST005731,2024-10-16,Medical,30000,36,10.3,Branch
APP004133,CUST001117,2024-07-02,Debt Consolidation,43500,36,11.75,Online
APP004134,CUST001275,2023-06-10,Medical,21500,24,13.81,Online
APP004135,CUST005109,2023-03-12,Debt Consolidation,45000,48,20.37,Online
APP004136,CUST004329,2024-11-06,Home Renovation,31000,60,18.36,Broker
APP004137,CUST005394,2024-05-26,Wedding,15000,36,14.86,Broker
APP004138,CUST003215,2023-02-01,Home Renovation,18000,36,19.01,Online
APP004139,CUST000170,2023-06-30,Other,5500,36,12.53,Online
APP004140,CUST003128,2024-12-27,Debt Consolidation,40000,36,19.12,Online
APP004141,CUST002342,2023-08-28,Car Purchase,37500,48,13.34,Broker
APP004142,CUST002582,2023-01-01,Debt Consolidation,10500,48,16.78,Branch
APP004143,CUST000996,2024-12-17,Medical,38500,36,11.2,Broker
APP004144,CUST004007,2023-10-16,Travel,43000,24,13.02,Online
APP004145,CUST002744,2024-05-16,Car Purchase,49500,36,17.24,Branch
APP004146,CUST000250,2023-08-05,Debt Consolidation,43500,36,16.17,Online
APP004147,CUST004031,2023-03-17,Debt Consolidation,29500,36,21.28,Branch
APP004148,CUST005435,2024-12-24,Travel,5500,12,8.04,Branch
APP004149,CUST000537,2024-06-13,Debt Consolidation,31500,36,8.26,Broker
APP004150,CUST000761,2024-03-01,Car Purchase,5500,48,14.95,Online
APP004151,CUST004716,2023-11-12,Car Purchase,12500,12,16.88,Online
APP004152,CUST001180,2023-12-15,Medical,10000,24,20.82,Broker
APP004153,CUST000375,2023-08-14,Debt Consolidation,40500,24,11.92,Broker
APP004154,CUST003776,2023-10-04,Car Purchase,30500,24,14.97,Online
APP004155,CUST004176,2023-07-10,Travel,16500,60,21.89,Online
APP004156,CUST001544,2024-04-29,Medical,43000,60,11.04,Broker
APP004157,CUST000492,2023-12-09,Debt Consolidation,46500,48,17.09,Online
APP004158,CUST002202,2024-12-20,Debt Consolidation,15500,36,10.58,Broker
APP004159,CUST003995,2023-11-30,Debt Consolidation,16500,36,9.25,Branch
APP004160,CUST001184,2023-05-03,Medical,43500,36,9.26,Online
APP004161,CUST003064,2024-02-05,Home Renovation,16000,12,16.76,Online
APP004162,CUST001326,2024-04-09,Car Purchase,27000,60,9.14,Online
APP004163,CUST003799,2023-07-31,Car Purchase,49500,60,19.19,Online
APP004164,CUST004318,2024-08-18,Debt Consolidation,35000,24,20.42,Branch
APP004165,CUST004121,2024-10-16,Debt Consolidation,14000,36,12.49,Online
APP004166,CUST003317,2023-01-24,Travel,46500,12,21.24,Online
APP004167,CUST005260,2023-11-18,Car Purchase,4500,24,19.55,Branch
APP004168,CUST003381,2024-11-20,Debt Consolidation,21000,24,13.08,Online
APP004169,CUST000555,2023-03-24,Home Renovation,47500,48,17.09,Online
APP004170,CUST005760,2023-06-02,Home Renovation,28500,48,11.52,Branch
APP004171,CUST002696,2024-12-07,Debt Consolidation,18000,36,8.38,Online
APP004172,CUST005187,2024-01-01,Travel,12000,36,13.19,Online
APP004173,CUST005293,2023-12-06,Car Purchase,35000,48,21.66,Online
APP004174,CUST005995,2023-09-09,Travel,5000,36,9.85,Online
APP004175,CUST005315,2024-05-20,Debt Consolidation,5500,24,14.85,Branch
APP004176,CUST001771,2024-05-06,Debt Consolidation,7500,24,10.36,Online
APP004177,CUST004821,2024-01-26,Debt Consolidation,7500,36,9.77,Branch
APP004178,CUST004253,2024-01-31,Car Purchase,24500,36,14.65,Broker
APP004179,CUST003529,2024-07-29,Debt Consolidation,26000,24,15.21,Online
APP004180,CUST004393,2024-06-27,Travel,41500,24,10.38,Online
APP004181,CUST003431,2024-10-01,Car Purchase,26500,36,17.55,Branch
APP004182,CUST004641,2024-01-06,Home Renovation,21000,36,15.67,Broker
APP004183,CUST001934,2023-10-12,Debt Consolidation,32000,24,13.53,Broker
APP004184,CUST004619,2024-05-12,Car Purchase,39000,12,16.0,Broker
APP004185,CUST000240,2024-11-14,Wedding,46500,24,16.54,Online
APP004186,CUST001801,2024-01-17,Wedding,28500,48,21.65,Online
APP004187,CUST005967,2024-03-30,Other,27000,12,20.99,Broker
APP004188,CUST004888,2024-05-22,Other,8500,24,17.58,Branch
APP004189,CUST005883,2023-03-17,Debt Consolidation,23500,12,9.76,Online
APP004190,CUST001577,2023-05-24,Debt Consolidation,36000,48,21.35,Broker
APP004191,CUST002755,2024-02-02,Debt Consolidation,36000,60,14.07,Broker
APP004192,CUST003510,2024-10-27,Home Renovation,14500,24,19.76,Online
APP004193,CUST003275,2024-01-29,Home Renovation,43000,36,10.78,Online
APP004194,CUST001238,2024-07-10,Debt Consolidation,39500,60,9.15,Broker
APP004195,CUST002120,2024-06-17,Wedding,41500,24,11.42,Branch
APP004196,CUST000709,2023-11-27,Travel,21000,24,9.03,Broker
APP004197,CUST002412,2023-07-10,Travel,17000,48,15.15,Online
APP004198,CUST001853,2024-03-24,Debt Consolidation,39500,60,10.33,Branch
APP004199,CUST005398,2023-08-04,Home Renovation,35000,36,15.97,Branch
APP004200,CUST004164,2023-09-16,Wedding,14500,60,10.93,Online
APP004201,CUST003389,2024-02-29,Other,20500,24,10.56,Branch
APP004202,CUST000625,2023-08-10,Car Purchase,9500,24,15.47,Online
APP004203,CUST005635,2023-10-06,Car Purchase,20500,24,8.92,Online
APP004204,CUST000644,2024-07-12,Debt Consolidation,39500,12,16.85,Online
APP004205,CUST005103,2024-01-06,Car Purchase,49000,36,10.23,Broker
APP004206,CUST001209,2023-06-30,Travel,34000,12,14.83,Branch
APP004207,CUST000434,2023-09-22,Travel,39500,36,17.47,Branch
APP004208,CUST004935,2023-12-19,Car Purchase,45000,60,13.97,Broker
APP004209,CUST001616,2023-10-31,Wedding,40500,60,12.88,Branch
APP004210,CUST002697,2024-07-12,Debt Consolidation,27000,12,11.66,Broker
APP004211,CUST001877,2024-06-28,Home Renovation,36500,12,15.1,Online
APP004212,CUST005489,2023-05-03,Other,28000,24,13.24,Online
APP004213,CUST005126,2024-01-09,Home Renovation,17500,48,13.83,Branch
APP004214,CUST001858,2023-10-12,Debt Consolidation,40500,24,9.91,Branch
APP004215,CUST001558,2023-04-23,Debt Consolidation,16000,60,14.81,Branch
APP004216,CUST001730,2024-07-18,Car Purchase,42500,36,10.0,Online
APP004217,CUST004120,2024-10-16,Debt Consolidation,30000,48,17.44,Online
APP004218,CUST000771,2024-12-18,Car Purchase,42000,36,12.39,Online
APP004219,CUST004180,2023-06-15,Car Purchase,13000,48,15.76,Branch
APP004220,CUST003926,2023-03-19,Wedding,41500,36,14.2,Online
APP004221,CUST000436,2023-01-08,Car Purchase,12000,60,21.09,Broker
APP004222,CUST002338,2023-06-21,Home Renovation,42000,12,21.82,Online
APP004223,CUST000789,2024-02-01,Home Renovation,47500,24,10.25,Online
APP004224,CUST003326,2023-02-23,Car Purchase,39000,36,13.01,Online
APP004225,CUST000562,2023-10-20,Car Purchase,49500,36,17.48,Online
APP004226,CUST004807,2024-09-24,Car Purchase,37000,12,14.4,Broker
APP004227,CUST003266,2023-09-14,Travel,4000,60,14.56,Broker
APP004228,CUST002204,2023-06-02,Wedding,21000,48,14.8,Branch
APP004229,CUST002456,2024-07-08,Car Purchase,50000,48,10.95,Online
APP004230,CUST005087,2024-03-01,Debt Consolidation,37500,36,10.63,Online
APP004231,CUST000256,2023-02-03,Travel,2000,12,20.55,Online
APP004232,CUST003274,2023-05-07,Home Renovation,34500,36,17.43,Branch
APP004233,CUST001662,2024-12-21,Car Purchase,24000,48,10.4,Online
APP004234,CUST000840,2024-12-08,Wedding,46000,60,15.97,Online
APP004235,CUST005432,2023-12-30,Debt Consolidation,27500,24,13.6,Online
APP004236,CUST002930,2023-04-07,Debt Consolidation,16500,24,18.86,Online
APP004237,CUST005896,2024-05-12,Travel,8000,48,7.58,Online
APP004238,CUST001420,2024-03-31,Travel,8000,36,8.84,Online
APP004239,CUST001224,2024-03-23,Car Purchase,14000,36,15.9,Broker
APP004240,CUST000614,2024-09-11,Debt Consolidation,23000,24,9.53,Branch
APP004241,CUST005064,2023-08-31,Car Purchase,44000,12,16.4,Branch
APP004242,CUST002226,2023-06-16,Debt Consolidation,16000,24,18.94,Online
APP004243,CUST000008,2024-06-07,Other,41000,48,13.77,Online
APP004244,CUST003133,2023-06-25,Debt Consolidation,9000,24,13.96,Online
APP004245,CUST003329,2023-01-02,Home Renovation,45000,48,11.82,Broker
APP004246,CUST003895,2023-11-30,Home Renovation,42000,48,11.04,Broker
APP004247,CUST004686,2024-09-16,Debt Consolidation,48000,48,20.21,Broker
APP004248,CUST000137,2023-01-29,Wedding,26500,48,20.84,Branch
APP004249,CUST002434,2023-04-20,Debt Consolidation,25500,36,19.31,Broker
APP004250,CUST003613,2023-12-30,Debt Consolidation,21500,12,16.99,Online
APP004251,CUST000892,2024-04-13,Other,26000,36,10.24,Online
APP004252,CUST001461,2024-04-24,Home Renovation,32500,48,9.71,Online
APP004253,CUST001167,2024-12-31,Car Purchase,34000,60,20.08,Branch
APP004254,CUST002938,2023-06-24,Debt Consolidation,3500,48,12.67,Branch
APP004255,CUST002176,2023-05-26,Debt Consolidation,47000,48,7.92,Online
APP004256,CUST005675,2023-11-05,Car Purchase,46000,60,19.93,Online
APP004257,CUST003816,2024-08-02,Home Renovation,46500,48,18.86,Online
APP004258,CUST005120,2023-05-09,Home Renovation,26000,12,21.1,Broker
APP004259,CUST001730,2024-02-18,Home Renovation,47000,36,22.12,Branch
APP004260,CUST001199,2024-12-28,Debt Consolidation,33500,36,10.98,Online
APP004261,CUST004561,2023-07-24,Debt Consolidation,4000,24,13.61,Branch
APP004262,CUST000045,2024-09-01,Home Renovation,17000,24,11.84,Branch
APP004263,CUST004966,2023-04-30,Other,37500,24,14.14,Broker
APP004264,CUST000508,2023-04-15,Travel,37500,36,21.21,Online
APP004265,CUST003268,2023-05-26,Debt Consolidation,17500,48,11.58,Online
APP004266,CUST004982,2023-06-26,Travel,43000,60,11.52,Broker
APP004267,CUST001674,2024-06-24,Home Renovation,9500,36,16.5,Broker
APP004268,CUST002767,2023-03-18,Travel,37500,48,9.15,Branch
APP004269,CUST005248,2023-02-02,Home Renovation,40000,60,13.49,Online
APP004270,CUST002382,2023-11-19,Home Renovation,43500,36,17.84,Branch
APP004271,CUST003616,2023-03-31,Other,45500,36,9.8,Online
APP004272,CUST003069,2024-05-22,Wedding,15500,12,10.37,Branch
APP004273,CUST001332,2024-06-12,Home Renovation,20500,12,18.97,Online
APP004274,CUST004005,2023-12-19,Debt Consolidation,46000,60,18.82,Branch
APP004275,CUST000306,2024-09-04,Car Purchase,21500,48,21.66,Online
APP004276,CUST004295,2023-09-27,Wedding,4500,24,10.01,Branch
APP004277,CUST005651,2024-01-31,Home Renovation,35000,60,9.47,Online
APP004278,CUST004731,2023-11-12,Debt Consolidation,39000,24,20.74,Online
APP004279,CUST003731,2023-11-14,Debt Consolidation,8000,36,18.27,Online
APP004280,CUST001613,2023-03-21,Home Renovation,26500,36,16.28,Online
APP004281,CUST001887,2024-09-05,Debt Consolidation,3000,48,20.35,Branch
APP004282,CUST005115,2023-10-10,Debt Consolidation,36000,36,12.61,Broker
APP004283,CUST003428,2023-10-07,Debt Consolidation,21500,24,18.39,Online
APP004284,CUST004940,2024-04-10,Travel,9500,36,14.31,Online
APP004285,CUST004292,2023-05-02,Travel,4500,24,12.79,Online
APP004286,CUST002498,2024-06-08,Debt Consolidation,38000,36,10.03,Branch
APP004287,CUST000206,2024-09-13,Home Renovation,18000,36,20.33,Online
APP004288,CUST001065,2023-12-07,Car Purchase,23000,24,14.64,Online
APP004289,CUST000889,2023-09-07,Other,20000,12,10.38,Broker
APP004290,CUST004935,2023-09-05,Home Renovation,26000,60,14.89,Broker
APP004291,CUST004391,2024-11-23,Home Renovation,49000,60,11.96,Branch
APP004292,CUST002804,2023-10-09,Wedding,30000,48,15.52,Broker
APP004293,CUST003255,2023-11-28,Car Purchase,32500,12,9.2,Branch
APP004294,CUST001457,2023-08-11,Wedding,43500,24,10.24,Broker
APP004295,CUST005141,2024-02-11,Debt Consolidation,19000,24,8.25,Branch
APP004296,CUST000257,2023-06-09,Other,5500,36,13.41,Broker
APP004297,CUST004954,2024-02-13,Home Renovation,20000,24,16.35,Broker
APP004298,CUST004973,2024-05-28,Car Purchase,17000,48,17.82,Broker
APP004299,CUST004616,2024-04-17,Travel,37500,60,13.37,Online
APP004300,CUST005530,2023-07-03,Debt Consolidation,4000,24,19.92,Broker
APP004301,CUST004448,2024-03-16,Home Renovation,17500,60,12.21,Broker
APP004302,CUST001519,2024-11-24,Car Purchase,24000,60,8.36,Online
APP004303,CUST000931,2024-06-19,Travel,43500,48,16.23,Branch
APP004304,CUST002173,2023-03-29,Car Purchase,28500,12,12.9,Online
APP004305,CUST003360,2023-06-07,Car Purchase,13000,36,14.73,Branch
APP004306,CUST003182,2024-10-01,Debt Consolidation,31500,60,14.36,Online
APP004307,CUST000320,2024-03-04,Debt Consolidation,29000,24,9.33,Online
APP004308,CUST002131,2023-07-14,Other,13500,36,9.79,Branch
APP004309,CUST003314,2024-12-24,Other,46500,36,20.43,Online
APP004310,CUST002712,2023-03-13,Car Purchase,35500,48,20.13,Broker
APP004311,CUST004201,2023-05-07,Home Renovation,48500,48,10.99,Online
APP004312,CUST000450,2024-07-01,Wedding,3000,36,22.35,Branch
APP004313,CUST001568,2024-05-30,Home Renovation,13500,36,8.35,Branch
APP004314,CUST000370,2023-09-21,Car Purchase,22000,48,9.66,Online
APP004315,CUST003115,2024-04-03,Debt Consolidation,13000,48,12.71,Online
APP004316,CUST001617,2024-02-06,Debt Consolidation,7500,60,11.36,Branch
APP004317,CUST003696,2024-08-24,Wedding,14000,24,9.6,Branch
APP004318,CUST004977,2023-06-13,Car Purchase,23500,24,13.27,Branch
APP004319,CUST000169,2023-10-26,Home Renovation,3500,24,16.86,Online
APP004320,CUST000694,2023-06-07,Debt Consolidation,48500,36,9.45,Online
APP004321,CUST004085,2024-06-20,Debt Consolidation,34500,60,13.11,Online
APP004322,CUST003386,2023-06-11,Home Renovation,22000,36,18.1,Broker
APP004323,CUST003748,2024-05-01,Medical,33000,24,20.03,Online
APP004324,CUST000988,2024-03-10,Car Purchase,26500,60,9.95,Branch
APP004325,CUST005386,2024-03-01,Car Purchase,23500,48,19.42,Broker
APP004326,CUST003078,2023-03-26,Home Renovation,50000,24,20.52,Branch
APP004327,CUST003112,2024-09-11,Car Purchase,36000,12,19.97,Online
APP004328,CUST002052,2024-08-28,Home Renovation,20000,48,17.38,Online
APP004329,CUST002953,2023-06-10,Car Purchase,49500,36,16.63,Online
APP004330,CUST000974,2024-10-12,Wedding,49000,48,22.41,Branch
APP004331,CUST000063,2024-01-10,Medical,2500,24,15.25,Online
APP004332,CUST003888,2024-02-01,Debt Consolidation,10500,24,14.71,Branch
APP004333,CUST005244,2023-11-10,Home Renovation,25000,36,14.22,Online
APP004334,CUST000699,2024-01-20,Home Renovation,13500,36,18.97,Branch
APP004335,CUST004789,2024-03-12,Debt Consolidation,12500,12,11.74,Broker
APP004336,CUST004114,2024-03-10,Car Purchase,17500,36,18.76,Broker
APP004337,CUST000318,2023-01-06,Car Purchase,21500,60,10.21,Broker
APP004338,CUST003784,2023-07-14,Car Purchase,37500,36,17.23,Broker
APP004339,CUST003797,2024-01-06,Car Purchase,48500,12,13.24,Broker
APP004340,CUST005522,2023-04-22,Home Renovation,21000,48,13.26,Online
APP004341,CUST004342,2024-07-13,Medical,9500,48,21.66,Online
APP004342,CUST001456,2024-07-21,Debt Consolidation,35500,36,12.06,Online
APP004343,CUST005852,2023-09-16,Car Purchase,37500,48,15.21,Online
APP004344,CUST004498,2023-08-16,Home Renovation,20000,24,9.87,Online
APP004345,CUST004303,2023-03-26,Medical,37500,60,7.74,Broker
APP004346,CUST004310,2023-01-19,Travel,33000,24,12.29,Online
APP004347,CUST000384,2024-08-10,Travel,34500,48,16.94,Online
APP004348,CUST002315,2024-09-11,Wedding,43500,12,17.45,Online
APP004349,CUST004791,2024-04-24,Debt Consolidation,13500,24,18.16,Broker
APP004350,CUST000922,2023-01-22,Travel,49500,60,10.86,Online
APP004351,CUST003646,2023-10-20,Travel,14500,60,19.96,Branch
APP004352,CUST003042,2024-03-03,Wedding,32000,60,9.15,Branch
APP004353,CUST003584,2024-10-26,Debt Consolidation,8000,12,21.79,Online
APP004354,CUST001834,2024-03-26,Other,41500,48,19.94,Branch
APP004355,CUST000488,2024-01-02,Car Purchase,24500,60,7.76,Broker
APP004356,CUST001649,2023-11-24,Car Purchase,46500,12,8.68,Branch
APP004357,CUST004607,2024-07-26,Medical,16500,36,13.36,Broker
APP004358,CUST005073,2024-09-12,Debt Consolidation,33500,24,16.53,Online
APP004359,CUST003729,2023-08-16,Debt Consolidation,35000,48,12.31,Branch
APP004360,CUST005617,2023-01-13,Debt Consolidation,20000,12,13.76,Branch
APP004361,CUST005618,2024-05-17,Car Purchase,35000,36,22.28,Branch
APP004362,CUST002982,2024-06-22,Home Renovation,11500,60,16.56,Online
APP004363,CUST001699,2023-05-03,Debt Consolidation,18000,12,20.94,Branch
APP004364,CUST003432,2024-04-14,Car Purchase,15500,24,15.11,Branch
APP004365,CUST004152,2024-11-09,Travel,12500,36,10.97,Online
APP004366,CUST003604,2023-12-01,Home Renovation,10500,24,10.4,Branch
APP004367,CUST005050,2023-12-10,Medical,24000,60,13.05,Online
APP004368,CUST001283,2023-08-18,Home Renovation,27500,12,20.84,Online
APP004369,CUST004778,2024-04-13,Debt Consolidation,31500,36,10.24,Online
APP004370,CUST004981,2023-05-28,Debt Consolidation,46500,36,14.85,Branch
APP004371,CUST004243,2023-05-23,Debt Consolidation,11500,24,21.72,Broker
APP004372,CUST003957,2023-08-27,Debt Consolidation,47000,60,14.6,Online
APP004373,CUST005587,2023-05-19,Medical,11500,60,16.3,Branch
APP004374,CUST002801,2024-06-05,Debt Consolidation,10000,60,21.85,Broker
APP004375,CUST001026,2024-06-28,Debt Consolidation,46000,48,19.61,Branch
APP004376,CUST002158,2023-01-05,Debt Consolidation,49500,60,8.58,Online
APP004377,CUST002507,2024-08-04,Car Purchase,41500,24,15.5,Online
APP004378,CUST002290,2023-11-02,Home Renovation,49000,24,11.62,Broker
APP004379,CUST000779,2023-02-15,Debt Consolidation,10000,36,14.56,Online
APP004380,CUST001867,2024-04-01,Debt Consolidation,22000,48,9.71,Online
APP004381,CUST003475,2024-01-11,Wedding,18500,60,20.62,Online
APP004382,CUST000069,2023-05-05,Medical,16500,24,13.96,Online
APP004383,CUST003142,2023-01-08,Home Renovation,41500,36,15.17,Online
APP004384,CUST005807,2024-06-18,Debt Consolidation,35500,36,19.66,Online
APP004385,CUST002971,2024-12-25,Other,45500,24,17.86,Broker
APP004386,CUST003672,2024-01-15,Travel,26000,24,14.87,Online
APP004387,CUST000664,2024-03-10,Debt Consolidation,34500,36,11.75,Branch
APP004388,CUST002285,2024-05-25,Car Purchase,25500,24,17.66,Branch
APP004389,CUST003325,2023-10-06,Travel,24000,12,9.5,Online
APP004390,CUST003656,2024-10-10,Other,34500,24,18.49,Broker
APP004391,CUST000317,2024-02-19,Travel,9500,60,11.36,Broker
APP004392,CUST004187,2024-10-06,Home Renovation,29500,24,8.32,Online
APP004393,CUST002323,2024-01-11,Debt Consolidation,36500,60,14.06,Broker
APP004394,CUST005802,2024-09-09,Debt Consolidation,20500,24,8.68,Online
APP004395,CUST005916,2023-12-27,Debt Consolidation,36500,60,8.58,Broker
APP004396,CUST004145,2024-10-07,Wedding,47000,48,10.2,Online
APP004397,CUST001226,2024-02-21,Car Purchase,15500,48,14.29,Branch
APP004398,CUST001785,2023-04-26,Home Renovation,5500,12,21.9,Online
APP004399,CUST000153,2024-01-13,Medical,23000,36,10.0,Online
APP004400,CUST004332,2023-01-02,Home Renovation,40500,24,10.83,Branch
APP004401,CUST004695,2023-07-23,Travel,37500,60,10.58,Online
APP004402,CUST004399,2023-04-08,Travel,22000,60,14.67,Branch
APP004403,CUST001647,2024-01-04,Debt Consolidation,38000,48,14.7,Online
APP004404,CUST004397,2023-04-19,Car Purchase,12000,36,15.74,Online
APP004405,CUST005649,2024-06-08,Debt Consolidation,28000,24,7.94,Broker
APP004406,CUST004631,2024-02-22,Debt Consolidation,30000,36,21.05,Online
APP004407,CUST002557,2024-10-30,Car Purchase,48500,24,15.31,Broker
APP004408,CUST004931,2024-02-13,Debt Consolidation,44000,12,20.95,Online
APP004409,CUST003326,2024-08-13,Travel,50000,36,11.66,Broker
APP004410,CUST000723,2023-10-14,Medical,4500,24,11.89,Broker
APP004411,CUST005402,2023-11-08,Debt Consolidation,16500,24,17.92,Broker
APP004412,CUST003877,2023-06-14,Wedding,16500,36,17.87,Online
APP004413,CUST003837,2024-05-10,Wedding,20500,24,11.7,Online
APP004414,CUST004341,2023-12-11,Debt Consolidation,7000,24,17.15,Online
APP004415,CUST002638,2023-06-27,Debt Consolidation,27000,12,14.35,Online
APP004416,CUST005019,2024-02-07,Debt Consolidation,14000,60,9.74,Online
APP004417,CUST003930,2023-07-21,Car Purchase,2500,48,11.44,Online
APP004418,CUST001266,2024-07-26,Other,5000,60,19.42,Broker
APP004419,CUST004452,2023-10-21,Debt Consolidation,26000,60,22.36,Broker
APP004420,CUST002623,2023-09-03,Debt Consolidation,31500,36,18.59,Online
APP004421,CUST000976,2023-04-22,Other,12500,24,11.25,Branch
APP004422,CUST000047,2024-12-26,Debt Consolidation,22000,48,10.31,Online
APP004423,CUST004545,2024-08-09,Wedding,30000,12,9.58,Broker
APP004424,CUST004893,2024-11-29,Debt Consolidation,12000,36,13.96,Online
APP004425,CUST005930,2023-10-12,Car Purchase,3500,24,15.17,Online
APP004426,CUST000786,2024-12-24,Debt Consolidation,4500,60,22.12,Online
APP004427,CUST002266,2023-10-01,Home Renovation,21000,12,17.0,Online
APP004428,CUST000809,2023-09-13,Wedding,41000,60,9.65,Online
APP004429,CUST003549,2023-07-18,Home Renovation,30500,48,14.08,Online
APP004430,CUST004577,2024-03-23,Car Purchase,36000,48,15.85,Online
APP004431,CUST001849,2023-10-23,Home Renovation,49000,36,9.09,Online
APP004432,CUST000609,2024-07-11,Car Purchase,35000,60,10.97,Online
APP004433,CUST000604,2024-05-02,Wedding,44500,24,19.51,Branch
APP004434,CUST000524,2024-09-03,Home Renovation,16500,12,17.81,Branch
APP004435,CUST002268,2023-11-18,Debt Consolidation,28000,36,8.59,Online
APP004436,CUST005706,2023-05-23,Other,31000,60,18.83,Online
APP004437,CUST005799,2023-06-20,Car Purchase,19500,48,9.68,Broker
APP004438,CUST005132,2024-07-21,Other,41500,36,19.85,Branch
APP004439,CUST004788,2023-01-10,Debt Consolidation,19000,60,20.41,Broker
APP004440,CUST002515,2023-08-02,Travel,32500,36,17.96,Broker
APP004441,CUST000707,2024-04-09,Debt Consolidation,8500,24,22.37,Online
APP004442,CUST002034,2023-04-26,Other,3000,36,19.82,Broker
APP004443,CUST004529,2023-10-01,Travel,11500,24,11.7,Branch
APP004444,CUST004849,2023-09-30,Other,5000,36,20.91,Online
APP004445,CUST002653,2024-02-13,Home Renovation,28000,24,19.87,Online
APP004446,CUST003090,2023-08-28,Home Renovation,7000,12,15.16,Online
APP004447,CUST005539,2023-06-21,Car Purchase,6500,48,20.84,Online
APP004448,CUST003282,2024-09-11,Home Renovation,42500,24,11.45,Online
APP004449,CUST000455,2024-09-16,Debt Consolidation,43000,48,19.76,Online
APP004450,CUST002839,2023-07-22,Car Purchase,48500,36,15.58,Broker
APP004451,CUST001268,2024-01-20,Debt Consolidation,19000,36,20.92,Online
APP004452,CUST000006,2024-09-10,Wedding,17000,12,20.23,Online
APP004453,CUST000559,2023-08-22,Wedding,20500,60,9.58,Branch
APP004454,CUST004604,2023-11-28,Debt Consolidation,42500,36,18.04,Online
APP004455,CUST004896,2024-08-11,Car Purchase,4000,24,22.36,Broker
APP004456,CUST003722,2024-07-02,Home Renovation,12000,24,18.82,Online
APP004457,CUST001808,2024-11-07,Car Purchase,48000,12,22.32,Broker
APP004458,CUST002350,2023-03-03,Home Renovation,13000,24,17.95,Online
APP004459,CUST000300,2024-11-20,Home Renovation,40500,48,20.23,Online
APP004460,CUST000982,2024-12-07,Car Purchase,37000,48,7.95,Online
APP004461,CUST002199,2023-11-25,Debt Consolidation,47500,48,22.38,Branch
APP004462,CUST000481,2023-01-05,Debt Consolidation,17000,24,20.2,Online
APP004463,CUST005222,2024-02-27,Car Purchase,44000,48,19.31,Branch
APP004464,CUST002133,2023-12-18,Debt Consolidation,25500,36,17.49,Broker
APP004465,CUST005746,2024-08-27,Debt Consolidation,18000,12,19.74,Online
APP004466,CUST001629,2023-07-24,Debt Consolidation,31000,12,8.9,Online
APP004467,CUST000940,2023-11-25,Car Purchase,47500,60,9.76,Online
APP004468,CUST004175,2023-02-04,Debt Consolidation,9000,36,17.54,Broker
APP004469,CUST003783,2024-01-11,Medical,31500,36,20.59,Branch
APP004470,CUST001208,2024-07-05,Debt Consolidation,20000,36,19.41,Online
APP004471,CUST002549,2023-05-22,Debt Consolidation,13500,60,21.24,Branch
APP004472,CUST000004,2024-08-19,Debt Consolidation,8500,48,8.6,Online
APP004473,CUST005406,2023-12-06,Car Purchase,15500,36,11.3,Online
APP004474,CUST003308,2024-02-05,Wedding,46500,60,15.6,Online
APP004475,CUST004866,2023-01-07,Home Renovation,33000,24,16.07,Branch
APP004476,CUST005090,2024-07-17,Debt Consolidation,18500,24,12.82,Online
APP004477,CUST004244,2024-06-17,Medical,42500,60,18.33,Online
APP004478,CUST004852,2023-12-15,Wedding,6000,48,11.1,Broker
APP004479,CUST000590,2024-06-18,Car Purchase,35500,48,19.19,Branch
APP004480,CUST004879,2024-03-09,Home Renovation,32500,24,20.19,Online
APP004481,CUST000280,2023-12-16,Travel,22500,12,10.56,Broker
APP004482,CUST002035,2023-06-27,Travel,22500,36,10.09,Broker
APP004483,CUST002890,2023-01-22,Debt Consolidation,6000,36,10.78,Broker
APP004484,CUST000770,2024-10-29,Home Renovation,17000,36,10.86,Broker
APP004485,CUST003257,2024-09-14,Debt Consolidation,27500,60,22.4,Online
APP004486,CUST001998,2024-05-02,Car Purchase,6500,24,22.44,Broker
APP004487,CUST001683,2024-11-04,Debt Consolidation,9500,24,18.58,Online
APP004488,CUST001902,2023-12-03,Home Renovation,49500,24,12.51,Broker
APP004489,CUST003674,2024-05-05,Home Renovation,43000,24,8.56,Broker
APP004490,CUST002945,2023-04-28,Home Renovation,11000,12,19.46,Online
APP004491,CUST003663,2024-11-18,Debt Consolidation,28500,36,15.09,Broker
APP004492,CUST002559,2024-09-01,Debt Consolidation,23000,36,18.49,Branch
APP004493,CUST001296,2024-05-10,Travel,22000,48,9.72,Online
APP004494,CUST002361,2024-12-16,Home Renovation,46500,36,14.91,Broker
APP004495,CUST003178,2023-05-09,Debt Consolidation,39500,24,7.88,Branch
APP004496,CUST003481,2023-12-03,Debt Consolidation,48500,12,9.7,Online
APP004497,CUST004674,2023-08-07,Travel,2000,48,14.45,Branch
APP004498,CUST002729,2024-05-28,Debt Consolidation,14500,60,12.81,Broker
APP004499,CUST004603,2024-04-16,Car Purchase,44500,36,17.92,Branch
APP004500,CUST000014,2024-08-05,Debt Consolidation,13500,24,9.51,Online
APP004501,CUST005313,2024-11-15,Travel,35500,48,12.92,Online
APP004502,CUST002907,2023-10-16,Wedding,10000,60,8.56,Online
APP004503,CUST005390,2023-01-20,Wedding,49500,48,9.73,Online
APP004504,CUST005185,2024-01-06,Car Purchase,37000,48,16.95,Online
APP004505,CUST005307,2023-01-29,Medical,25500,36,21.1,Branch
APP004506,CUST004885,2024-06-30,Debt Consolidation,23000,36,10.26,Online
APP004507,CUST002390,2023-07-27,Car Purchase,49000,24,12.95,Branch
APP004508,CUST005813,2024-05-24,Debt Consolidation,23500,48,8.72,Online
APP004509,CUST000441,2023-01-31,Medical,32000,60,22.03,Broker
APP004510,CUST004418,2023-01-25,Debt Consolidation,34500,48,9.04,Online
APP004511,CUST002220,2024-05-11,Travel,48000,36,7.84,Online
APP004512,CUST002464,2024-04-09,Home Renovation,12000,48,10.65,Online
APP004513,CUST001599,2023-08-05,Wedding,22500,24,21.92,Broker
APP004514,CUST000839,2024-01-21,Car Purchase,39500,48,7.53,Broker
APP004515,CUST003360,2024-04-25,Debt Consolidation,37000,48,10.54,Branch
APP004516,CUST002329,2023-02-26,Car Purchase,33500,48,20.7,Online
APP004517,CUST005957,2023-04-15,Home Renovation,42500,12,12.89,Online
APP004518,CUST004641,2024-06-07,Other,27500,36,7.72,Broker
APP004519,CUST000864,2023-12-25,Car Purchase,26500,36,18.53,Broker
APP004520,CUST005969,2024-04-18,Travel,18000,12,22.23,Broker
APP004521,CUST000784,2023-10-21,Home Renovation,43000,12,20.27,Online
APP004522,CUST000747,2024-08-10,Other,49500,24,16.94,Online
APP004523,CUST004681,2023-09-07,Home Renovation,46500,12,15.42,Online
APP004524,CUST000340,2024-09-13,Travel,28500,60,13.9,Branch
APP004525,CUST002445,2024-03-06,Car Purchase,42500,24,18.43,Online
APP004526,CUST000799,2024-02-15,Car Purchase,15000,12,7.78,Online
APP004527,CUST000560,2023-06-19,Wedding,10000,36,11.71,Branch
APP004528,CUST003061,2023-12-21,Other,4000,24,10.62,Broker
APP004529,CUST004560,2024-12-15,Wedding,4000,24,17.51,Branch
APP004530,CUST001716,2024-03-06,Wedding,30500,60,15.79,Online
APP004531,CUST001736,2023-05-22,Debt Consolidation,19000,24,15.09,Broker
APP004532,CUST001908,2023-08-05,Other,10000,36,19.43,Online
APP004533,CUST000999,2024-07-22,Debt Consolidation,25500,48,19.32,Online
APP004534,CUST003204,2023-03-28,Car Purchase,27500,24,17.69,Broker
APP004535,CUST001668,2024-08-13,Travel,28500,12,18.57,Branch
APP004536,CUST003961,2023-07-27,Travel,43000,24,16.38,Broker
APP004537,CUST002071,2024-12-20,Home Renovation,26500,24,17.97,Online
APP004538,CUST000341,2023-02-19,Wedding,9500,36,15.94,Broker
APP004539,CUST001236,2023-03-09,Home Renovation,30000,36,14.38,Online
APP004540,CUST001233,2023-11-03,Debt Consolidation,45500,60,16.16,Broker
APP004541,CUST005960,2023-05-15,Home Renovation,41000,12,20.95,Online
APP004542,CUST005066,2024-12-02,Car Purchase,38500,36,12.34,Branch
APP004543,CUST002552,2024-12-22,Debt Consolidation,9500,48,20.02,Broker
APP004544,CUST002070,2023-11-11,Car Purchase,34000,12,11.62,Broker
APP004545,CUST001253,2023-07-20,Debt Consolidation,24000,36,19.88,Online
APP004546,CUST001414,2023-03-25,Car Purchase,41000,48,14.71,Online
APP004547,CUST004897,2023-11-04,Home Renovation,25500,48,15.28,Online
APP004548,CUST002617,2024-10-06,Travel,16000,24,9.94,Online
APP004549,CUST000512,2023-12-02,Debt Consolidation,27000,24,20.53,Online
APP004550,CUST002061,2023-04-18,Other,30500,36,19.37,Branch
APP004551,CUST005923,2024-10-12,Car Purchase,14000,48,8.31,Broker
APP004552,CUST003680,2023-08-18,Car Purchase,19000,24,10.7,Online
APP004553,CUST000191,2023-04-19,Debt Consolidation,23000,12,15.47,Online
APP004554,CUST005006,2024-12-02,Home Renovation,16000,60,13.61,Branch
APP004555,CUST003744,2024-10-31,Wedding,25000,12,17.89,Online
APP004556,CUST000603,2023-08-15,Car Purchase,7500,12,19.32,Broker
APP004557,CUST005073,2024-11-11,Debt Consolidation,35500,48,19.25,Broker
APP004558,CUST001302,2024-01-07,Home Renovation,41000,36,15.44,Online
APP004559,CUST003917,2024-07-28,Debt Consolidation,33500,48,13.26,Branch
APP004560,CUST002629,2023-11-02,Wedding,31000,36,12.57,Online
APP004561,CUST000245,2023-01-19,Debt Consolidation,25000,24,9.51,Online
APP004562,CUST003225,2024-10-04,Medical,17500,60,14.67,Branch
APP004563,CUST002168,2023-06-21,Debt Consolidation,13000,36,15.22,Branch
APP004564,CUST003900,2024-08-30,Car Purchase,12500,60,19.4,Online
APP004565,CUST001594,2023-08-08,Debt Consolidation,40000,24,9.79,Branch
APP004566,CUST003356,2024-11-17,Wedding,40500,24,15.24,Online
APP004567,CUST000667,2023-01-24,Wedding,5500,60,16.83,Online
APP004568,CUST003455,2024-09-03,Wedding,18500,48,12.63,Online
APP004569,CUST005836,2023-08-06,Travel,29500,36,16.51,Branch
APP004570,CUST004923,2023-01-09,Debt Consolidation,28500,36,15.61,Branch
APP004571,CUST002723,2024-03-16,Car Purchase,49500,48,11.42,Broker
APP004572,CUST004456,2024-11-02,Medical,22000,12,16.27,Online
APP004573,CUST003992,2023-02-05,Car Purchase,2500,48,17.82,Broker
APP004574,CUST005669,2024-03-22,Home Renovation,34000,36,14.78,Online
APP004575,CUST005753,2024-07-25,Other,38000,48,16.92,Online
APP004576,CUST001634,2024-12-28,Travel,17500,48,9.16,Broker
APP004577,CUST005556,2023-08-05,Wedding,35000,36,16.01,Broker
APP004578,CUST001733,2023-12-24,Medical,19000,24,17.42,Branch
APP004579,CUST004511,2023-09-10,Medical,20000,24,21.09,Online
APP004580,CUST000180,2024-12-02,Wedding,40500,36,15.4,Broker
APP004581,CUST003568,2023-08-26,Debt Consolidation,8000,24,11.28,Broker
APP004582,CUST000991,2023-10-02,Travel,50000,36,11.68,Online
APP004583,CUST002912,2024-06-07,Debt Consolidation,5500,12,20.43,Branch
APP004584,CUST004157,2023-08-15,Medical,24000,48,17.18,Online
APP004585,CUST004047,2023-05-05,Debt Consolidation,25500,60,19.49,Online
APP004586,CUST005408,2024-11-03,Car Purchase,23500,48,11.19,Broker
APP004587,CUST003441,2023-11-27,Debt Consolidation,12000,60,22.42,Online
APP004588,CUST004754,2023-02-04,Home Renovation,8000,36,10.78,Online
APP004589,CUST003798,2024-07-15,Other,7500,60,11.8,Branch
APP004590,CUST005431,2023-08-08,Medical,2500,48,14.49,Branch
APP004591,CUST001165,2024-08-20,Other,19000,24,17.54,Online
APP004592,CUST004962,2023-05-26,Debt Consolidation,34500,24,15.2,Branch
APP004593,CUST005381,2024-11-16,Travel,36000,60,20.99,Branch
APP004594,CUST000053,2023-01-07,Wedding,24000,36,17.79,Broker
APP004595,CUST002124,2024-09-10,Debt Consolidation,7000,60,9.49,Branch
APP004596,CUST003538,2024-05-14,Home Renovation,2500,36,15.32,Broker
APP004597,CUST002690,2023-07-14,Debt Consolidation,16000,24,12.19,Online
APP004598,CUST005939,2023-10-13,Car Purchase,6500,48,10.77,Online
APP004599,CUST001116,2024-03-25,Debt Consolidation,30000,36,7.55,Online
APP004600,CUST000826,2024-10-06,Car Purchase,28500,36,16.13,Broker
APP004601,CUST001712,2024-09-18,Car Purchase,8000,12,19.69,Online
APP004602,CUST004950,2024-02-20,Debt Consolidation,10000,12,13.53,Branch
APP004603,CUST000988,2024-08-07,Home Renovation,40000,48,13.73,Branch
APP004604,CUST003297,2023-08-20,Other,26000,24,10.53,Broker
APP004605,CUST001030,2023-09-23,Car Purchase,11000,36,21.43,Branch
APP004606,CUST003196,2024-05-27,Home Renovation,26000,48,16.82,Online
APP004607,CUST004515,2023-09-26,Car Purchase,2000,60,18.82,Online
APP004608,CUST003526,2023-04-06,Debt Consolidation,36500,24,10.44,Broker
APP004609,CUST005727,2023-01-24,Car Purchase,14500,24,22.17,Online
APP004610,CUST002272,2023-07-20,Debt Consolidation,2500,48,20.5,Broker
APP004611,CUST000813,2024-01-30,Home Renovation,15500,48,8.95,Online
APP004612,CUST003431,2023-10-06,Debt Consolidation,18500,48,14.54,Online
APP004613,CUST002302,2024-08-20,Home Renovation,25500,24,11.61,Branch
APP004614,CUST003039,2024-04-17,Home Renovation,37000,36,21.04,Broker
APP004615,CUST004375,2024-04-14,Wedding,49500,36,8.92,Broker
APP004616,CUST004245,2023-04-24,Other,32000,36,15.4,Branch
APP004617,CUST001087,2023-05-24,Other,4000,36,12.17,Branch
APP004618,CUST000688,2023-12-03,Debt Consolidation,29000,36,19.8,Online
APP004619,CUST005702,2024-08-14,Travel,39000,12,7.67,Branch
APP004620,CUST005288,2023-03-12,Medical,31500,48,7.77,Branch
APP004621,CUST000693,2023-12-01,Car Purchase,11000,24,20.58,Online
APP004622,CUST001849,2024-08-19,Debt Consolidation,12500,48,20.41,Branch
APP004623,CUST004000,2023-06-13,Home Renovation,30000,36,20.25,Broker
APP004624,CUST005166,2024-04-11,Car Purchase,32500,60,12.35,Online
APP004625,CUST004053,2024-02-22,Car Purchase,31000,36,12.96,Broker
APP004626,CUST004399,2024-04-04,Debt Consolidation,36500,24,21.17,Online
APP004627,CUST005714,2023-04-02,Debt Consolidation,17000,60,12.54,Broker
APP004628,CUST004422,2024-07-20,Medical,8000,36,22.36,Online
APP004629,CUST005495,2023-11-13,Home Renovation,33000,36,8.39,Online
APP004630,CUST000671,2023-08-17,Debt Consolidation,17500,36,21.26,Online
APP004631,CUST002328,2024-12-06,Wedding,6000,60,20.71,Branch
APP004632,CUST004734,2023-12-06,Travel,49500,24,9.64,Broker
APP004633,CUST001850,2024-01-17,Travel,43500,24,16.81,Branch
APP004634,CUST004278,2024-03-02,Debt Consolidation,37500,60,9.83,Online
APP004635,CUST002917,2024-07-20,Car Purchase,30500,48,8.8,Online
APP004636,CUST001563,2024-11-20,Travel,3000,60,11.33,Online
APP004637,CUST000670,2023-01-27,Debt Consolidation,18500,24,10.68,Broker
APP004638,CUST002725,2023-08-22,Travel,32000,24,10.11,Branch
APP004639,CUST005504,2023-05-29,Travel,23500,12,21.09,Online
APP004640,CUST001923,2024-09-02,Debt Consolidation,33000,60,11.37,Broker
APP004641,CUST005777,2023-09-17,Debt Consolidation,41000,36,7.71,Online
APP004642,CUST001115,2023-01-05,Debt Consolidation,24000,36,9.19,Online
APP004643,CUST004067,2023-03-03,Car Purchase,29500,24,8.16,Branch
APP004644,CUST000599,2023-04-21,Debt Consolidation,39000,60,12.57,Online
APP004645,CUST000360,2024-03-04,Wedding,32500,12,17.44,Branch
APP004646,CUST001654,2023-07-23,Wedding,25000,36,10.49,Broker
APP004647,CUST001228,2024-09-06,Debt Consolidation,12500,36,16.06,Online
APP004648,CUST001276,2023-11-20,Debt Consolidation,40000,48,8.66,Branch
APP004649,CUST000023,2023-03-26,Home Renovation,15500,24,10.23,Online
APP004650,CUST005333,2024-10-08,Debt Consolidation,26500,36,9.49,Branch
APP004651,CUST002558,2024-03-22,Car Purchase,38000,12,17.87,Branch
APP004652,CUST002682,2024-10-08,Debt Consolidation,41000,36,15.91,Branch
APP004653,CUST004446,2023-02-10,Debt Consolidation,22000,24,8.51,Branch
APP004654,CUST000169,2023-02-23,Home Renovation,3000,60,13.23,Broker
APP004655,CUST002345,2023-06-15,Wedding,28500,36,8.31,Broker
APP004656,CUST002576,2024-04-28,Debt Consolidation,6000,24,20.09,Online
APP004657,CUST003864,2023-06-14,Debt Consolidation,40500,60,8.18,Online
APP004658,CUST001096,2024-04-24,Car Purchase,49000,24,16.35,Online
APP004659,CUST004473,2024-04-10,Debt Consolidation,25000,24,8.88,Online
APP004660,CUST001379,2024-09-23,Car Purchase,33000,36,16.12,Online
APP004661,CUST002749,2024-05-22,Debt Consolidation,33000,24,17.44,Online
APP004662,CUST005469,2024-09-11,Travel,25000,60,9.65,Online
APP004663,CUST005583,2024-04-09,Home Renovation,30000,12,22.45,Broker
APP004664,CUST001955,2023-04-01,Debt Consolidation,31000,36,14.24,Online
APP004665,CUST000948,2023-06-06,Other,10500,36,8.81,Online
APP004666,CUST005474,2024-12-18,Debt Consolidation,20500,48,11.69,Online
APP004667,CUST004677,2024-03-20,Home Renovation,2000,36,21.78,Broker
APP004668,CUST003071,2023-04-14,Home Renovation,8000,48,12.87,Branch
APP004669,CUST005428,2024-03-21,Wedding,6000,24,17.34,Online
APP004670,CUST000977,2024-03-07,Car Purchase,50000,60,16.81,Branch
APP004671,CUST003428,2023-03-25,Car Purchase,35000,24,18.23,Broker
APP004672,CUST003401,2024-01-09,Debt Consolidation,9000,60,14.77,Online
APP004673,CUST000132,2023-08-15,Home Renovation,42500,24,15.07,Online
APP004674,CUST000675,2023-04-11,Home Renovation,22000,24,16.61,Online
APP004675,CUST000260,2023-02-07,Car Purchase,17000,24,8.16,Branch
APP004676,CUST001777,2023-11-28,Debt Consolidation,32000,36,11.08,Online
APP004677,CUST004165,2024-02-07,Car Purchase,24000,24,11.97,Online
APP004678,CUST003720,2023-12-25,Debt Consolidation,10000,48,13.83,Branch
APP004679,CUST002696,2023-01-28,Travel,29000,36,9.33,Online
APP004680,CUST004556,2023-04-09,Car Purchase,36500,12,18.54,Broker
APP004681,CUST000575,2024-12-12,Car Purchase,34500,60,18.45,Broker
APP004682,CUST005194,2023-04-08,Other,48500,24,20.48,Broker
APP004683,CUST003403,2023-03-29,Debt Consolidation,2500,48,21.04,Online
APP004684,CUST004055,2024-09-12,Car Purchase,7500,36,20.95,Broker
APP004685,CUST003552,2023-01-05,Debt Consolidation,2000,24,19.12,Broker
APP004686,CUST005360,2023-08-22,Travel,6500,36,8.32,Online
APP004687,CUST004941,2023-10-20,Debt Consolidation,12500,36,19.51,Online
APP004688,CUST002031,2023-01-12,Car Purchase,7500,36,20.26,Online
APP004689,CUST005269,2024-12-25,Home Renovation,21000,48,9.4,Online
APP004690,CUST002060,2024-09-18,Home Renovation,32500,48,20.36,Online
APP004691,CUST000835,2024-07-29,Home Renovation,4000,36,15.77,Online
APP004692,CUST000681,2023-07-17,Car Purchase,35000,36,17.09,Online
APP004693,CUST000504,2024-08-26,Other,38500,60,10.5,Online
APP004694,CUST004613,2023-01-28,Debt Consolidation,27000,12,20.02,Branch
APP004695,CUST001751,2023-11-21,Home Renovation,23000,48,7.73,Online
APP004696,CUST005022,2024-05-14,Car Purchase,10000,36,16.9,Branch
APP004697,CUST002873,2023-10-22,Debt Consolidation,43500,48,18.99,Online
APP004698,CUST000139,2024-08-25,Other,15500,36,11.44,Online
APP004699,CUST002042,2023-02-15,Car Purchase,13000,24,10.32,Online
APP004700,CUST000893,2024-03-19,Car Purchase,44000,24,20.57,Online
APP004701,CUST005054,2023-05-20,Home Renovation,24000,24,9.75,Online
APP004702,CUST003691,2024-12-01,Travel,15000,36,8.24,Broker
APP004703,CUST002318,2023-05-20,Debt Consolidation,43500,60,13.16,Broker
APP004704,CUST002213,2024-12-08,Car Purchase,34500,48,10.9,Branch
APP004705,CUST002658,2023-12-31,Car Purchase,39000,48,22.43,Broker
APP004706,CUST004273,2023-09-20,Wedding,46000,48,16.88,Online
APP004707,CUST003909,2023-06-29,Debt Consolidation,11500,24,21.09,Broker
APP004708,CUST003925,2023-05-20,Car Purchase,29000,36,8.82,Online
APP004709,CUST003039,2023-07-16,Home Renovation,29500,12,17.8,Broker
APP004710,CUST004817,2024-11-22,Car Purchase,19000,48,9.32,Online
APP004711,CUST001543,2023-02-22,Debt Consolidation,7000,48,13.34,Online
APP004712,CUST003647,2023-04-05,Other,24000,48,19.32,Broker
APP004713,CUST000058,2023-06-09,Debt Consolidation,35000,36,17.28,Branch
APP004714,CUST004466,2023-10-31,Home Renovation,12500,24,11.47,Broker
APP004715,CUST002564,2024-07-03,Debt Consolidation,28500,48,9.52,Online
APP004716,CUST001960,2023-03-18,Car Purchase,7000,36,19.6,Online
APP004717,CUST005429,2024-01-26,Travel,38500,12,12.94,Online
APP004718,CUST003346,2024-12-17,Debt Consolidation,12000,24,11.66,Online
APP004719,CUST005877,2024-03-14,Home Renovation,13000,36,15.5,Online
APP004720,CUST004881,2023-04-08,Car Purchase,45000,60,13.7,Online
APP004721,CUST002100,2024-05-04,Debt Consolidation,4500,36,14.53,Broker
APP004722,CUST004023,2024-01-18,Other,47000,36,19.74,Broker
APP004723,CUST005883,2024-06-15,Debt Consolidation,38500,24,10.9,Online
APP004724,CUST000497,2024-12-17,Home Renovation,25000,24,22.18,Broker
APP004725,CUST005895,2023-04-27,Debt Consolidation,2000,60,11.07,Online
APP004726,CUST004698,2023-02-07,Car Purchase,27500,48,14.04,Branch
APP004727,CUST000217,2024-02-05,Car Purchase,11500,36,17.47,Broker
APP004728,CUST003236,2023-03-06,Travel,31500,24,20.72,Branch
APP004729,CUST002491,2024-10-01,Debt Consolidation,10500,48,21.16,Online
APP004730,CUST003014,2024-03-06,Medical,47000,36,19.81,Online
APP004731,CUST003177,2024-08-01,Debt Consolidation,46500,24,22.07,Online
APP004732,CUST003836,2023-10-28,Home Renovation,32500,36,10.84,Online
APP004733,CUST002852,2023-06-14,Wedding,43000,24,15.61,Online
APP004734,CUST002678,2024-10-28,Wedding,33500,24,10.48,Online
APP004735,CUST004846,2024-09-25,Debt Consolidation,10000,48,14.36,Branch
APP004736,CUST002231,2023-07-13,Other,44500,48,16.32,Online
APP004737,CUST005831,2024-05-02,Other,27000,36,12.93,Online
APP004738,CUST000915,2023-02-03,Travel,41000,36,10.29,Online
APP004739,CUST001502,2024-05-05,Car Purchase,37000,24,22.27,Branch
APP004740,CUST001441,2024-07-31,Medical,19000,60,15.99,Online
APP004741,CUST004082,2023-08-30,Other,42500,36,8.51,Online
APP004742,CUST000822,2024-01-25,Debt Consolidation,40500,24,18.09,Online
APP004743,CUST004860,2023-08-11,Debt Consolidation,30000,48,8.95,Online
APP004744,CUST002427,2024-06-10,Travel,44500,24,9.42,Broker
APP004745,CUST005844,2023-04-14,Travel,20500,60,14.09,Online
APP004746,CUST004262,2023-07-23,Debt Consolidation,23000,24,21.72,Broker
APP004747,CUST002613,2023-12-10,Other,2500,36,15.25,Online
APP004748,CUST001251,2023-09-04,Medical,9000,48,12.26,Broker
APP004749,CUST002748,2024-08-22,Debt Consolidation,45000,48,19.45,Online
APP004750,CUST005323,2024-01-02,Medical,12500,48,13.6,Online
APP004751,CUST005013,2024-12-02,Debt Consolidation,22000,24,22.42,Online
APP004752,CUST001069,2024-01-30,Home Renovation,36000,60,9.84,Online
APP004753,CUST004857,2024-03-26,Other,44000,60,12.83,Online
APP004754,CUST001195,2023-10-21,Debt Consolidation,25000,24,12.27,Branch
APP004755,CUST004535,2024-08-02,Travel,12500,36,19.17,Online
APP004756,CUST004520,2024-07-12,Home Renovation,35000,48,14.07,Broker
APP004757,CUST002156,2024-09-08,Medical,44500,48,11.0,Online
APP004758,CUST002329,2023-01-03,Car Purchase,30000,60,8.06,Online
APP004759,CUST003719,2024-11-08,Home Renovation,5500,48,8.32,Broker
APP004760,CUST002225,2023-08-25,Travel,2500,36,8.04,Broker
APP004761,CUST001923,2023-01-30,Wedding,27500,12,14.52,Online
APP004762,CUST001444,2023-11-24,Medical,43000,60,15.73,Online
APP004763,CUST003426,2023-02-25,Wedding,12000,36,13.3,Online
APP004764,CUST002925,2023-09-20,Travel,19000,24,9.75,Online
APP004765,CUST001730,2023-02-09,Car Purchase,11000,48,16.12,Online
APP004766,CUST004033,2023-11-10,Car Purchase,29000,60,14.84,Online
APP004767,CUST004269,2023-12-25,Car Purchase,33500,48,15.42,Broker
APP004768,CUST001057,2023-10-10,Debt Consolidation,22500,24,10.13,Online
APP004769,CUST005682,2024-09-03,Other,32500,36,14.13,Broker
APP004770,CUST004623,2024-04-08,Debt Consolidation,20500,60,20.84,Online
APP004771,CUST001200,2023-01-04,Home Renovation,2500,60,14.08,Branch
APP004772,CUST003719,2023-05-12,Car Purchase,16500,36,10.19,Online
APP004773,CUST005001,2024-11-04,Home Renovation,33000,24,11.24,Online
APP004774,CUST000802,2024-09-14,Debt Consolidation,4000,24,15.97,Online
APP004775,CUST005046,2023-01-15,Debt Consolidation,15000,60,10.39,Broker
APP004776,CUST001979,2024-05-22,Debt Consolidation,23000,60,8.21,Broker
APP004777,CUST004917,2023-10-18,Wedding,46000,36,18.51,Branch
APP004778,CUST001946,2024-08-08,Other,13000,24,15.31,Online
APP004779,CUST003708,2024-07-05,Debt Consolidation,19000,24,13.92,Broker
APP004780,CUST005569,2024-11-04,Travel,5500,48,19.96,Online
APP004781,CUST005935,2024-02-08,Home Renovation,10000,60,21.93,Broker
APP004782,CUST003831,2024-01-20,Car Purchase,32000,48,8.52,Online
APP004783,CUST001804,2024-12-30,Other,18500,36,20.24,Online
APP004784,CUST004891,2023-01-06,Car Purchase,29000,36,17.52,Broker
APP004785,CUST003590,2024-02-06,Debt Consolidation,24000,60,12.08,Online
APP004786,CUST002726,2024-04-30,Debt Consolidation,24000,48,10.72,Online
APP004787,CUST001167,2023-05-08,Home Renovation,4500,60,11.48,Online
APP004788,CUST002950,2024-09-26,Debt Consolidation,13500,24,12.75,Branch
APP004789,CUST005927,2023-12-23,Travel,33000,24,15.77,Broker
APP004790,CUST001497,2024-12-04,Car Purchase,42500,48,13.38,Online
APP004791,CUST002138,2023-10-24,Travel,24500,48,20.88,Branch
APP004792,CUST005523,2024-10-25,Debt Consolidation,7000,36,12.7,Online
APP004793,CUST003913,2024-08-19,Home Renovation,6000,24,17.91,Broker
APP004794,CUST003958,2024-03-08,Car Purchase,14000,24,13.61,Broker
APP004795,CUST002509,2024-12-04,Car Purchase,30500,48,10.56,Branch
APP004796,CUST004704,2023-03-12,Home Renovation,5000,12,8.81,Broker
APP004797,CUST002591,2024-05-19,Medical,28500,48,17.38,Online
APP004798,CUST000990,2023-07-10,Car Purchase,3500,12,17.89,Online
APP004799,CUST000365,2023-12-09,Debt Consolidation,43500,60,17.43,Branch
APP004800,CUST005441,2024-08-26,Debt Consolidation,46000,48,18.37,Branch
APP004801,CUST002936,2023-08-01,Car Purchase,29500,36,18.59,Broker
APP004802,CUST005223,2024-06-03,Car Purchase,15000,60,14.61,Branch
APP004803,CUST001782,2024-04-06,Car Purchase,40000,24,19.3,Online
APP004804,CUST001599,2023-06-19,Wedding,34000,12,22.39,Online
APP004805,CUST004121,2023-03-30,Debt Consolidation,26500,60,19.65,Online
APP004806,CUST001005,2024-03-21,Home Renovation,10500,60,15.77,Online
APP004807,CUST003652,2023-03-26,Travel,30000,36,19.11,Online
APP004808,CUST001006,2024-12-08,Travel,47500,60,8.61,Broker
APP004809,CUST003099,2023-05-26,Other,18000,12,16.57,Branch
APP004810,CUST004833,2024-10-28,Medical,43500,60,7.53,Broker
APP004811,CUST001446,2023-02-26,Travel,29500,12,18.63,Broker
APP004812,CUST003323,2024-12-14,Car Purchase,8500,24,11.47,Online
APP004813,CUST000494,2024-10-19,Wedding,39500,36,17.13,Branch
APP004814,CUST002296,2023-09-17,Debt Consolidation,35500,36,12.51,Online
APP004815,CUST004615,2024-05-03,Car Purchase,15000,60,11.95,Online
APP004816,CUST004974,2024-07-18,Wedding,24000,60,20.43,Broker
APP004817,CUST000071,2024-12-18,Travel,39500,36,11.47,Online
APP004818,CUST005515,2023-04-20,Debt Consolidation,2000,48,9.84,Broker
APP004819,CUST004537,2023-07-20,Debt Consolidation,40000,24,20.14,Broker
APP004820,CUST005188,2024-09-22,Debt Consolidation,49500,36,8.3,Online
APP004821,CUST004409,2024-09-05,Home Renovation,22500,48,20.24,Broker
APP004822,CUST002091,2023-04-14,Debt Consolidation,34500,24,15.75,Online
APP004823,CUST000527,2023-10-16,Wedding,49000,60,13.11,Online
APP004824,CUST005368,2024-03-18,Medical,45500,24,13.24,Online
APP004825,CUST000610,2024-02-22,Debt Consolidation,20500,48,17.47,Branch
APP004826,CUST004980,2024-04-22,Car Purchase,25500,12,21.45,Online
APP004827,CUST004520,2023-06-24,Debt Consolidation,10500,48,21.94,Online
APP004828,CUST003297,2024-10-27,Debt Consolidation,12000,24,15.31,Broker
APP004829,CUST003310,2023-10-01,Travel,46000,12,19.08,Broker
APP004830,CUST002676,2024-10-23,Other,42500,12,13.57,Branch
APP004831,CUST004000,2024-11-04,Car Purchase,38500,48,16.02,Broker
APP004832,CUST005992,2024-08-01,Home Renovation,43500,48,18.56,Branch
APP004833,CUST000514,2023-07-20,Debt Consolidation,49000,36,21.79,Branch
APP004834,CUST005665,2024-05-20,Wedding,20500,12,15.35,Online
APP004835,CUST000602,2023-12-16,Wedding,13000,24,12.09,Broker
APP004836,CUST001604,2023-05-29,Medical,18500,24,12.99,Broker
APP004837,CUST002129,2024-02-10,Car Purchase,38500,24,20.77,Broker
APP004838,CUST002651,2023-08-10,Debt Consolidation,29500,48,16.8,Branch
APP004839,CUST005593,2023-06-24,Home Renovation,28000,24,13.84,Branch
APP004840,CUST003875,2024-07-26,Car Purchase,42000,12,7.79,Broker
APP004841,CUST000534,2023-02-16,Car Purchase,11500,36,19.03,Branch
APP004842,CUST000632,2023-12-10,Medical,21500,36,13.39,Branch
APP004843,CUST004255,2023-10-16,Home Renovation,6500,36,17.53,Branch
APP004844,CUST005069,2024-09-18,Debt Consolidation,30500,48,7.54,Online
APP004845,CUST002309,2024-07-20,Car Purchase,37500,36,8.92,Online
APP004846,CUST003518,2023-05-27,Debt Consolidation,11000,36,14.02,Online
APP004847,CUST002248,2024-07-23,Debt Consolidation,23500,24,13.62,Broker
APP004848,CUST004077,2023-08-04,Travel,7000,12,18.44,Branch
APP004849,CUST001595,2023-02-22,Medical,32000,24,19.88,Online
APP004850,CUST000478,2024-04-07,Debt Consolidation,48000,12,16.23,Online
APP004851,CUST003991,2024-01-17,Home Renovation,41500,36,22.18,Branch
APP004852,CUST001467,2024-03-29,Debt Consolidation,36500,60,10.39,Online
APP004853,CUST001750,2024-09-17,Debt Consolidation,39000,36,13.92,Broker
APP004854,CUST000503,2024-08-09,Debt Consolidation,40500,36,20.24,Branch
APP004855,CUST004899,2023-01-24,Car Purchase,23500,36,9.22,Branch
APP004856,CUST003481,2023-09-07,Car Purchase,14500,24,18.79,Online
APP004857,CUST001106,2024-03-24,Debt Consolidation,15000,48,11.74,Branch
APP004858,CUST005418,2023-05-05,Other,18000,48,13.88,Branch
APP004859,CUST002222,2023-09-12,Debt Consolidation,27500,24,14.01,Online
APP004860,CUST003287,2023-06-29,Wedding,3000,60,9.68,Branch
APP004861,CUST002104,2024-01-06,Home Renovation,2500,24,19.07,Branch
APP004862,CUST001361,2024-03-17,Travel,29500,24,18.83,Branch
APP004863,CUST002923,2024-03-21,Wedding,29000,36,12.8,Online
APP004864,CUST004403,2024-08-14,Debt Consolidation,27500,36,10.16,Broker
APP004865,CUST004972,2024-09-02,Debt Consolidation,25500,12,14.15,Broker
APP004866,CUST000171,2024-12-16,Debt Consolidation,19000,36,20.54,Branch
APP004867,CUST001924,2023-11-20,Home Renovation,31500,36,16.94,Broker
APP004868,CUST003657,2023-04-01,Home Renovation,3000,48,16.48,Branch
APP004869,CUST002014,2023-07-31,Travel,35500,60,15.6,Online
APP004870,CUST005263,2024-08-04,Car Purchase,40500,24,11.34,Broker
APP004871,CUST001381,2023-07-13,Debt Consolidation,44000,12,21.84,Online
APP004872,CUST002604,2023-08-07,Debt Consolidation,8000,24,18.83,Online
APP004873,CUST000576,2023-09-07,Debt Consolidation,40500,60,19.35,Online
APP004874,CUST005124,2023-03-22,Wedding,25500,48,15.92,Broker
APP004875,CUST002046,2023-10-31,Wedding,7500,60,16.78,Broker
APP004876,CUST002980,2024-05-27,Home Renovation,39500,48,15.7,Online
APP004877,CUST000456,2023-10-23,Debt Consolidation,38000,60,15.54,Branch
APP004878,CUST003619,2023-08-25,Debt Consolidation,43000,36,21.84,Broker
APP004879,CUST002273,2023-09-09,Car Purchase,37000,60,10.29,Online
APP004880,CUST001961,2024-05-06,Debt Consolidation,2500,36,11.75,Broker
APP004881,CUST005748,2023-09-21,Debt Consolidation,14500,36,17.96,Online
APP004882,CUST002305,2024-03-21,Car Purchase,30500,60,8.71,Online
APP004883,CUST003366,2024-08-18,Medical,49000,36,20.8,Broker
APP004884,CUST001431,2024-09-17,Home Renovation,23500,36,8.37,Online
APP004885,CUST003779,2023-01-31,Car Purchase,42500,48,22.49,Online
APP004886,CUST000965,2023-08-08,Debt Consolidation,5500,24,19.19,Online
APP004887,CUST003965,2024-12-30,Travel,8000,60,17.91,Online
APP004888,CUST000449,2023-01-12,Home Renovation,41500,48,21.9,Branch
APP004889,CUST004218,2024-10-25,Travel,41500,60,16.77,Online
APP004890,CUST004595,2024-08-04,Travel,23500,24,17.44,Online
APP004891,CUST005304,2024-04-18,Debt Consolidation,39000,12,8.32,Broker
APP004892,CUST004688,2023-06-21,Travel,30500,24,8.65,Broker
APP004893,CUST003601,2024-08-26,Debt Consolidation,41500,24,19.68,Online
APP004894,CUST005011,2023-04-19,Home Renovation,39000,24,18.01,Branch
APP004895,CUST005154,2023-05-03,Car Purchase,10500,36,16.85,Online
APP004896,CUST000194,2023-10-26,Medical,17500,12,21.22,Branch
APP004897,CUST003348,2024-10-21,Car Purchase,17500,24,16.18,Branch
APP004898,CUST004217,2024-05-14,Debt Consolidation,38500,36,15.11,Online
APP004899,CUST001665,2024-03-15,Other,7000,36,16.2,Online
APP004900,CUST000432,2024-07-10,Home Renovation,36500,36,17.82,Broker
APP004901,CUST000271,2023-08-30,Home Renovation,43500,12,10.42,Broker
APP004902,CUST001613,2023-11-27,Debt Consolidation,39500,36,13.31,Branch
APP004903,CUST002830,2023-01-29,Debt Consolidation,10000,36,15.68,Broker
APP004904,CUST003367,2023-01-22,Medical,10000,24,11.86,Online
APP004905,CUST001261,2023-12-31,Wedding,35500,60,15.1,Branch
APP004906,CUST001370,2024-04-28,Travel,12500,24,10.06,Branch
APP004907,CUST000250,2024-08-05,Home Renovation,37000,24,15.78,Online
APP004908,CUST005383,2024-12-05,Other,28000,48,19.68,Branch
APP004909,CUST003835,2024-04-23,Other,31500,48,12.6,Broker
APP004910,CUST003361,2023-08-24,Travel,2000,36,17.57,Online
APP004911,CUST003955,2023-09-29,Travel,45000,36,21.1,Online
APP004912,CUST002587,2024-05-17,Debt Consolidation,23000,36,11.71,Online
APP004913,CUST005200,2023-01-12,Home Renovation,2000,48,12.97,Branch
APP004914,CUST000483,2024-03-31,Debt Consolidation,3500,12,14.07,Broker
APP004915,CUST001017,2023-01-22,Travel,42000,48,9.89,Online
APP004916,CUST000053,2023-02-11,Debt Consolidation,48000,60,11.34,Branch
APP004917,CUST004876,2024-10-07,Home Renovation,26500,24,9.91,Branch
APP004918,CUST002833,2023-08-05,Car Purchase,28000,24,9.44,Online
APP004919,CUST003286,2024-08-19,Medical,12000,36,9.5,Broker
APP004920,CUST003673,2024-07-11,Car Purchase,13000,36,15.38,Branch
APP004921,CUST002244,2024-02-01,Home Renovation,6500,48,15.6,Branch
APP004922,CUST002406,2024-11-15,Debt Consolidation,18000,24,14.03,Broker
APP004923,CUST004080,2023-01-10,Other,16500,24,14.93,Branch
APP004924,CUST003763,2024-03-27,Debt Consolidation,36500,12,8.56,Online
APP004925,CUST005372,2024-05-30,Car Purchase,48000,24,13.2,Branch
APP004926,CUST004231,2024-02-28,Medical,4000,60,16.3,Online
APP004927,CUST001350,2023-06-10,Debt Consolidation,37000,24,9.05,Broker
APP004928,CUST001449,2024-06-27,Home Renovation,41000,60,22.27,Branch
APP004929,CUST003356,2024-10-14,Debt Consolidation,10000,36,14.73,Online
APP004930,CUST002734,2024-12-23,Car Purchase,35500,24,13.28,Online
APP004931,CUST004054,2023-05-29,Car Purchase,31000,36,17.75,Branch
APP004932,CUST002208,2024-05-23,Debt Consolidation,20000,48,14.92,Online
APP004933,CUST005281,2024-04-23,Home Renovation,46500,36,11.71,Broker
APP004934,CUST002355,2024-12-23,Car Purchase,44500,48,17.93,Branch
APP004935,CUST001590,2024-09-12,Wedding,22500,48,7.66,Branch
APP004936,CUST002095,2024-08-25,Car Purchase,36500,36,15.47,Online
APP004937,CUST005010,2024-11-04,Other,18000,36,8.31,Online
APP004938,CUST004362,2023-09-21,Debt Consolidation,5500,36,14.56,Online
APP004939,CUST004351,2024-08-01,Home Renovation,24500,24,10.69,Branch
APP004940,CUST003694,2023-05-26,Wedding,25000,48,16.99,Branch
APP004941,CUST000883,2023-01-02,Car Purchase,49500,12,19.65,Branch
APP004942,CUST003855,2024-02-09,Car Purchase,44000,60,17.2,Online
APP004943,CUST000568,2023-03-01,Debt Consolidation,29000,12,21.56,Online
APP004944,CUST005638,2023-04-17,Debt Consolidation,10000,36,11.68,Branch
APP004945,CUST001067,2023-09-15,Car Purchase,28000,24,11.01,Online
APP004946,CUST004196,2023-12-29,Debt Consolidation,34500,48,8.3,Broker
APP004947,CUST004920,2024-03-24,Other,4500,36,17.23,Online
APP004948,CUST000097,2023-07-06,Car Purchase,45500,48,21.48,Online
APP004949,CUST001701,2023-03-24,Car Purchase,45000,36,11.12,Online
APP004950,CUST003186,2023-11-14,Travel,36000,36,11.44,Online
APP004951,CUST004424,2024-03-10,Travel,5000,60,10.17,Broker
APP004952,CUST003149,2023-03-04,Travel,15500,24,17.05,Online
APP004953,CUST000095,2023-08-23,Wedding,19500,36,15.57,Branch
APP004954,CUST000068,2024-01-08,Debt Consolidation,31000,60,9.98,Broker
APP004955,CUST002443,2023-08-31,Debt Consolidation,44500,48,16.59,Online
APP004956,CUST004116,2024-12-08,Wedding,32500,36,8.41,Broker
APP004957,CUST003163,2023-09-13,Debt Consolidation,34000,48,17.08,Broker
APP004958,CUST000035,2023-05-14,Other,8000,24,18.87,Branch
APP004959,CUST003736,2024-09-10,Debt Consolidation,31000,24,9.62,Online
APP004960,CUST002906,2023-04-03,Debt Consolidation,11500,48,14.4,Online
APP004961,CUST004836,2023-07-19,Home Renovation,42500,24,15.18,Branch
APP004962,CUST000350,2023-04-05,Wedding,40000,24,18.03,Online
APP004963,CUST005676,2024-04-06,Other,26000,36,9.74,Online
APP004964,CUST002717,2024-07-11,Car Purchase,15500,24,18.76,Branch
APP004965,CUST003008,2023-01-19,Car Purchase,12000,48,17.59,Online
APP004966,CUST001302,2024-07-23,Wedding,20000,24,22.42,Branch
APP004967,CUST000051,2023-04-01,Medical,19500,36,19.46,Branch
APP004968,CUST000894,2023-08-30,Debt Consolidation,5000,24,7.82,Branch
APP004969,CUST005704,2024-01-05,Home Renovation,13000,48,17.99,Branch
APP004970,CUST001377,2023-03-28,Home Renovation,19500,24,21.95,Online
APP004971,CUST004963,2024-03-01,Wedding,14000,36,12.88,Online
APP004972,CUST002451,2024-03-16,Car Purchase,37000,24,12.23,Online
APP004973,CUST000034,2023-05-18,Home Renovation,24000,12,9.9,Branch
APP004974,CUST000281,2023-02-19,Car Purchase,5500,60,15.12,Broker
APP004975,CUST000432,2024-03-09,Travel,44500,36,17.63,Branch
APP004976,CUST000199,2024-10-26,Travel,35500,48,22.04,Online
APP004977,CUST004462,2024-08-04,Debt Consolidation,43500,36,17.74,Broker
APP004978,CUST000337,2023-06-08,Car Purchase,49000,60,7.8,Broker
APP004979,CUST004127,2024-12-09,Medical,47500,48,16.73,Branch
APP004980,CUST001093,2023-08-28,Home Renovation,47500,12,10.92,Branch
APP004981,CUST002909,2024-10-20,Travel,38000,24,14.55,Broker
APP004982,CUST004847,2023-12-18,Debt Consolidation,37500,12,14.29,Online
APP004983,CUST000825,2023-11-20,Other,26500,24,12.9,Branch
APP004984,CUST001004,2024-08-23,Home Renovation,44000,24,12.45,Online
APP004985,CUST002080,2024-03-17,Travel,43000,48,8.25,Branch
APP004986,CUST000998,2023-07-22,Other,48000,36,8.12,Broker
APP004987,CUST002744,2024-09-02,Travel,28000,48,10.58,Online
APP004988,CUST002922,2024-11-16,Home Renovation,24500,36,21.95,Online
APP004989,CUST005198,2023-03-27,Debt Consolidation,35000,48,20.25,Branch
APP004990,CUST001535,2023-06-05,Car Purchase,26000,24,21.2,Broker
APP004991,CUST004363,2024-04-15,Travel,20500,24,13.39,Broker
APP004992,CUST003276,2024-03-21,Travel,17500,12,10.43,Online
APP004993,CUST002970,2024-04-19,Car Purchase,23500,12,16.76,Online
APP004994,CUST001464,2023-10-12,Car Purchase,24000,48,8.38,Online
APP004995,CUST003388,2024-09-26,Car Purchase,48000,36,13.27,Online
APP004996,CUST002247,2024-03-02,Debt Consolidation,13500,24,20.71,Online
APP004997,CUST001371,2023-03-10,Home Renovation,30000,48,13.17,Online
APP004998,CUST001948,2023-09-18,Other,2000,48,10.75,Online
APP004999,CUST001171,2024-02-10,Car Purchase,45500,36,14.99,Broker
APP005000,CUST005289,2023-06-01,Debt Consolidation,42500,24,12.73,Branch
APP005001,CUST004828,2024-06-10,Car Purchase,22000,48,9.86,Branch
APP005002,CUST002486,2023-07-11,Medical,26000,24,8.3,Branch
APP005003,CUST005718,2024-06-28,Debt Consolidation,30500,36,15.37,Online
APP005004,CUST005356,2023-04-28,Wedding,41500,36,16.18,Broker
APP005005,CUST003993,2024-04-14,Travel,42500,36,17.11,Online
APP005006,CUST005449,2024-12-01,Debt Consolidation,40000,24,21.88,Online
APP005007,CUST000092,2024-12-14,Medical,3000,12,9.0,Online
APP005008,CUST000861,2023-10-05,Home Renovation,13000,24,12.71,Online
APP005009,CUST001319,2024-09-19,Debt Consolidation,11500,48,15.51,Online
APP005010,CUST003342,2024-03-30,Travel,29000,48,15.76,Online
APP005011,CUST000267,2023-03-16,Debt Consolidation,26500,48,16.57,Broker
APP005012,CUST002462,2023-01-11,Medical,4000,60,20.92,Online
APP005013,CUST001847,2024-06-02,Debt Consolidation,9000,48,17.17,Online
APP005014,CUST002191,2024-06-19,Debt Consolidation,25000,48,10.71,Branch
APP005015,CUST001212,2023-06-28,Car Purchase,20500,48,20.0,Online
APP005016,CUST001888,2023-02-28,Wedding,25000,36,10.22,Broker
APP005017,CUST004909,2024-07-17,Travel,27500,36,19.88,Online
APP005018,CUST000582,2023-04-21,Other,28000,36,18.15,Online
APP005019,CUST002771,2023-11-18,Other,47500,12,21.23,Broker
APP005020,CUST002959,2024-02-04,Debt Consolidation,22000,60,19.64,Online
APP005021,CUST003051,2024-11-29,Debt Consolidation,18500,24,14.25,Online
APP005022,CUST002127,2024-06-07,Travel,15000,48,15.17,Online
APP005023,CUST003825,2023-05-13,Other,39000,60,9.61,Online
APP005024,CUST004513,2023-06-06,Home Renovation,31000,48,20.85,Branch
APP005025,CUST002125,2024-03-29,Travel,13000,24,13.39,Broker
APP005026,CUST004900,2024-09-28,Wedding,9500,48,11.63,Branch
APP005027,CUST002772,2024-05-11,Travel,10000,12,11.61,Online
APP005028,CUST002253,2024-05-10,Car Purchase,35000,48,18.35,Branch
APP005029,CUST005878,2023-11-03,Debt Consolidation,12500,36,20.18,Branch
APP005030,CUST001897,2024-07-20,Car Purchase,11000,60,7.57,Branch
APP005031,CUST003283,2023-12-15,Debt Consolidation,40500,36,10.34,Online
APP005032,CUST003886,2023-01-10,Car Purchase,46500,36,19.7,Branch
APP005033,CUST005266,2023-05-17,Home Renovation,32000,60,15.36,Branch
APP005034,CUST001220,2024-08-30,Car Purchase,31000,24,8.82,Branch
APP005035,CUST003596,2023-01-28,Travel,11000,36,18.89,Online
APP005036,CUST001445,2024-05-20,Car Purchase,27000,36,17.22,Online
APP005037,CUST004649,2023-12-21,Home Renovation,47000,24,18.37,Online
APP005038,CUST003818,2023-01-17,Medical,4500,36,17.53,Broker
APP005039,CUST001135,2024-05-30,Home Renovation,28000,60,8.28,Online
APP005040,CUST005829,2024-07-01,Home Renovation,15000,36,16.65,Online
APP005041,CUST004914,2024-03-04,Travel,18500,36,22.44,Online
APP005042,CUST001794,2023-04-04,Travel,16000,24,17.77,Online
APP005043,CUST001967,2023-02-17,Other,39000,12,8.4,Online
APP005044,CUST001247,2023-08-06,Home Renovation,31500,60,9.89,Branch
APP005045,CUST002852,2024-10-09,Home Renovation,12000,24,19.98,Online
APP005046,CUST001291,2024-02-25,Home Renovation,39500,36,20.95,Broker
APP005047,CUST004368,2023-12-25,Debt Consolidation,10500,48,21.42,Broker
APP005048,CUST004843,2023-02-05,Debt Consolidation,32000,24,13.94,Branch
APP005049,CUST001123,2023-11-19,Travel,4500,24,16.72,Online
APP005050,CUST005439,2024-06-04,Home Renovation,21000,60,9.86,Online
APP005051,CUST000234,2024-06-04,Home Renovation,36500,60,10.71,Broker
APP005052,CUST003588,2024-11-29,Car Purchase,16000,24,15.38,Online
APP005053,CUST003598,2023-01-05,Car Purchase,50000,48,10.31,Online
APP005054,CUST002232,2024-04-03,Debt Consolidation,23500,24,18.37,Online
APP005055,CUST001598,2023-10-08,Car Purchase,9500,36,13.58,Online
APP005056,CUST004997,2024-11-11,Car Purchase,17500,48,7.96,Branch
APP005057,CUST001138,2024-08-07,Debt Consolidation,31000,36,9.84,Branch
APP005058,CUST003185,2023-03-11,Debt Consolidation,5500,60,13.83,Online
APP005059,CUST000541,2023-05-04,Debt Consolidation,43000,24,10.56,Branch
APP005060,CUST005338,2024-02-01,Medical,47500,60,12.97,Online
APP005061,CUST004779,2023-07-09,Home Renovation,22000,36,16.43,Broker
APP005062,CUST003895,2024-07-01,Debt Consolidation,24500,24,10.2,Online
APP005063,CUST005749,2023-07-05,Car Purchase,49000,60,18.78,Broker
APP005064,CUST001212,2023-02-20,Home Renovation,31000,24,10.78,Broker
APP005065,CUST004608,2024-10-31,Car Purchase,29000,60,9.63,Online
APP005066,CUST005261,2023-12-08,Other,4000,24,12.61,Branch
APP005067,CUST002301,2024-08-11,Wedding,13000,24,14.1,Branch
APP005068,CUST000793,2023-09-23,Home Renovation,45500,24,15.17,Broker
APP005069,CUST003151,2023-05-13,Home Renovation,8500,24,8.44,Branch
APP005070,CUST004769,2024-09-25,Other,2000,60,10.39,Online
APP005071,CUST004591,2024-04-09,Car Purchase,3000,24,19.85,Broker
APP005072,CUST002453,2024-06-18,Wedding,8000,36,14.16,Online
APP005073,CUST003341,2024-08-04,Wedding,7000,24,17.59,Online
APP005074,CUST003778,2023-06-07,Car Purchase,36500,36,11.64,Broker
APP005075,CUST002755,2024-07-31,Debt Consolidation,15000,24,21.91,Broker
APP005076,CUST000853,2024-09-09,Medical,5500,24,21.39,Branch
APP005077,CUST001779,2023-02-13,Car Purchase,14000,36,17.82,Broker
APP005078,CUST001347,2023-03-14,Wedding,22000,24,14.63,Online
APP005079,CUST001434,2023-05-31,Debt Consolidation,33000,36,15.07,Broker
APP005080,CUST005286,2023-01-05,Car Purchase,9000,48,19.85,Broker
APP005081,CUST003198,2023-09-06,Debt Consolidation,35500,60,14.57,Broker
APP005082,CUST001092,2024-02-05,Debt Consolidation,46000,36,7.64,Branch
APP005083,CUST002227,2023-09-21,Medical,14000,24,12.66,Online
APP005084,CUST001775,2023-05-28,Debt Consolidation,25000,36,13.88,Online
APP005085,CUST005122,2023-01-18,Travel,27500,48,12.21,Online
APP005086,CUST004743,2023-06-29,Home Renovation,36500,36,10.72,Branch
APP005087,CUST002478,2023-07-17,Debt Consolidation,13000,36,13.55,Online
APP005088,CUST001883,2023-09-17,Debt Consolidation,40000,24,21.87,Broker
APP005089,CUST003119,2023-02-22,Car Purchase,41000,48,11.24,Broker
APP005090,CUST002256,2023-05-13,Travel,29000,48,9.73,Online
APP005091,CUST002039,2024-06-23,Debt Consolidation,48500,24,7.98,Online
APP005092,CUST000273,2024-08-01,Debt Consolidation,27500,60,20.11,Broker
APP005093,CUST002949,2023-06-02,Home Renovation,49000,60,8.45,Online
APP005094,CUST005203,2024-11-01,Debt Consolidation,17000,60,21.78,Branch
APP005095,CUST002544,2023-09-10,Wedding,33000,36,7.82,Online
APP005096,CUST003866,2023-03-10,Other,18500,60,9.97,Broker
APP005097,CUST003517,2023-01-01,Debt Consolidation,18500,36,11.24,Online
APP005098,CUST004565,2023-11-27,Debt Consolidation,6000,36,11.22,Branch
APP005099,CUST005716,2023-08-21,Debt Consolidation,16500,60,20.99,Branch
APP005100,CUST001636,2024-01-15,Car Purchase,5000,60,18.4,Branch
APP005101,CUST001778,2023-09-01,Debt Consolidation,25500,24,10.65,Broker
APP005102,CUST002459,2024-07-28,Debt Consolidation,37500,24,12.64,Online
APP005103,CUST001318,2024-05-28,Debt Consolidation,31000,60,15.11,Branch
APP005104,CUST005381,2024-09-18,Medical,44000,36,8.22,Branch
APP005105,CUST004551,2024-08-21,Other,34000,60,12.83,Broker
APP005106,CUST001786,2024-07-16,Car Purchase,26000,48,18.94,Online
APP005107,CUST001414,2024-01-02,Medical,28500,60,14.59,Branch
APP005108,CUST001891,2023-07-10,Wedding,26000,24,14.09,Online
APP005109,CUST003557,2024-12-29,Home Renovation,35500,48,19.15,Online
APP005110,CUST003433,2024-04-24,Wedding,41500,60,21.56,Broker
APP005111,CUST001883,2024-09-02,Car Purchase,46000,48,18.5,Online
APP005112,CUST003427,2024-05-21,Car Purchase,22500,48,16.15,Branch
APP005113,CUST001395,2023-11-10,Wedding,45000,48,21.21,Online
APP005114,CUST001715,2023-04-14,Home Renovation,7000,24,12.21,Broker
APP005115,CUST004659,2024-06-01,Medical,35000,36,11.17,Online
APP005116,CUST000825,2024-10-10,Car Purchase,28500,24,14.39,Online
APP005117,CUST000325,2024-07-11,Debt Consolidation,4500,36,8.67,Online
APP005118,CUST004716,2024-04-18,Car Purchase,32500,36,9.61,Branch
APP005119,CUST005737,2023-02-20,Car Purchase,25500,24,12.3,Branch
APP005120,CUST001396,2024-09-06,Home Renovation,32000,48,21.26,Broker
APP005121,CUST002616,2024-02-24,Home Renovation,25500,36,17.55,Broker
APP005122,CUST002388,2024-09-15,Debt Consolidation,46000,60,8.64,Online
APP005123,CUST000259,2024-07-27,Debt Consolidation,43500,48,10.19,Online
APP005124,CUST001458,2024-04-19,Car Purchase,44000,24,22.3,Broker
APP005125,CUST005703,2024-11-12,Car Purchase,15500,48,9.63,Branch
APP005126,CUST005637,2024-08-21,Debt Consolidation,31500,24,17.89,Broker
APP005127,CUST005997,2023-04-10,Car Purchase,39500,12,13.7,Broker
APP005128,CUST000198,2023-08-31,Travel,15000,48,7.78,Branch
APP005129,CUST003533,2023-04-25,Medical,30500,48,13.89,Online
APP005130,CUST000595,2024-05-22,Home Renovation,17000,48,22.22,Online
APP005131,CUST000391,2023-12-20,Debt Consolidation,46500,36,19.65,Broker
APP005132,CUST001231,2024-12-19,Wedding,6500,48,11.5,Online
APP005133,CUST001433,2023-03-07,Home Renovation,48500,36,21.72,Branch
APP005134,CUST000089,2024-06-26,Debt Consolidation,16000,48,20.01,Online
APP005135,CUST003661,2023-04-23,Debt Consolidation,50000,12,14.57,Broker
APP005136,CUST005689,2023-09-02,Other,47000,36,20.88,Branch
APP005137,CUST000190,2023-03-17,Medical,14500,36,11.12,Branch
APP005138,CUST000665,2024-11-24,Home Renovation,15000,24,19.18,Online
APP005139,CUST001125,2023-04-05,Debt Consolidation,10500,12,13.54,Broker
APP005140,CUST001640,2024-01-12,Car Purchase,19500,36,13.62,Broker
APP005141,CUST000921,2023-07-08,Other,36000,24,18.14,Online
APP005142,CUST002048,2024-02-15,Medical,12000,48,13.61,Broker
APP005143,CUST002744,2023-08-03,Home Renovation,24500,24,20.59,Online
APP005144,CUST003807,2023-05-07,Wedding,49000,36,12.8,Online
APP005145,CUST001370,2024-02-27,Debt Consolidation,41000,48,20.44,Branch
APP005146,CUST002245,2024-02-18,Home Renovation,48500,24,16.47,Online
APP005147,CUST003161,2023-02-15,Car Purchase,39000,48,8.69,Online
APP005148,CUST002527,2023-08-21,Travel,10000,24,13.99,Online
APP005149,CUST004709,2023-06-08,Wedding,32000,36,16.36,Online
APP005150,CUST002754,2023-05-11,Debt Consolidation,20500,36,8.58,Broker
APP005151,CUST003860,2023-02-01,Car Purchase,13500,24,19.06,Broker
APP005152,CUST000132,2023-05-19,Debt Consolidation,27500,12,8.47,Online
APP005153,CUST000020,2023-04-17,Travel,22500,48,13.14,Online
APP005154,CUST006000,2024-05-19,Debt Consolidation,22500,36,11.12,Broker
APP005155,CUST000751,2024-01-28,Debt Consolidation,12500,36,11.03,Online
APP005156,CUST003145,2023-10-03,Debt Consolidation,13000,24,8.61,Online
APP005157,CUST003967,2023-12-17,Car Purchase,49000,12,16.98,Branch
APP005158,CUST003195,2023-04-16,Debt Consolidation,26500,48,11.32,Broker
APP005159,CUST005528,2024-06-28,Home Renovation,6000,24,14.02,Online
APP005160,CUST000695,2024-05-07,Car Purchase,46500,60,10.51,Broker
APP005161,CUST002058,2023-01-16,Debt Consolidation,5000,60,9.01,Broker
APP005162,CUST000785,2024-10-27,Debt Consolidation,24000,12,13.97,Broker
APP005163,CUST005794,2023-07-31,Car Purchase,25500,60,11.0,Online
APP005164,CUST004902,2023-12-23,Home Renovation,48500,24,17.65,Online
APP005165,CUST002223,2024-08-10,Wedding,42000,36,18.02,Online
APP005166,CUST002235,2024-09-03,Other,13500,48,11.24,Branch
APP005167,CUST004285,2023-03-11,Debt Consolidation,25500,36,8.9,Online
APP005168,CUST004859,2024-05-06,Car Purchase,18500,48,12.09,Broker
APP005169,CUST002216,2023-11-15,Debt Consolidation,2500,24,18.3,Online
APP005170,CUST002505,2023-09-05,Medical,18000,48,16.32,Online
APP005171,CUST000798,2024-08-31,Debt Consolidation,42000,24,14.61,Branch
APP005172,CUST001070,2024-12-20,Wedding,24500,36,9.89,Broker
APP005173,CUST002425,2024-05-11,Debt Consolidation,35000,48,16.19,Branch
APP005174,CUST005480,2023-03-29,Other,46000,24,9.8,Branch
APP005175,CUST000186,2024-09-09,Wedding,11000,48,11.56,Online
APP005176,CUST002806,2023-11-09,Other,13500,12,14.81,Online
APP005177,CUST000400,2024-08-14,Home Renovation,13500,24,17.46,Online
APP005178,CUST005388,2023-05-01,Other,35000,36,11.85,Online
APP005179,CUST003221,2024-08-30,Debt Consolidation,26500,24,21.69,Online
APP005180,CUST000369,2023-10-26,Debt Consolidation,25000,60,13.48,Broker
APP005181,CUST005591,2024-08-29,Travel,11000,24,7.56,Broker
APP005182,CUST002524,2023-05-04,Car Purchase,47500,60,15.46,Online
APP005183,CUST003976,2023-07-11,Travel,9500,12,18.35,Broker
APP005184,CUST000424,2023-11-27,Car Purchase,48500,12,12.29,Online
APP005185,CUST003437,2024-09-22,Debt Consolidation,5000,36,20.54,Broker
APP005186,CUST005284,2024-01-10,Car Purchase,10000,36,8.59,Branch
APP005187,CUST000016,2024-10-06,Debt Consolidation,19000,24,9.01,Broker
APP005188,CUST001515,2023-12-24,Travel,34000,24,17.58,Broker
APP005189,CUST002348,2023-02-02,Wedding,41000,36,17.19,Broker
APP005190,CUST000126,2024-12-05,Other,40000,24,11.71,Online
APP005191,CUST001823,2023-12-06,Travel,3500,24,12.39,Branch
APP005192,CUST002751,2023-07-25,Car Purchase,26000,24,16.95,Online
APP005193,CUST004491,2023-09-03,Debt Consolidation,13000,48,8.05,Branch
APP005194,CUST000331,2024-01-28,Car Purchase,28500,24,22.18,Online
APP005195,CUST003350,2024-03-02,Travel,11000,48,18.07,Online
APP005196,CUST004838,2024-07-02,Debt Consolidation,44500,24,8.39,Branch
APP005197,CUST004789,2024-11-01,Medical,40000,24,7.62,Online
APP005198,CUST004661,2023-03-11,Car Purchase,32000,36,13.72,Broker
APP005199,CUST000779,2023-06-18,Medical,9500,24,21.07,Branch
APP005200,CUST002701,2023-03-30,Car Purchase,31500,48,11.45,Online
APP005201,CUST000320,2024-10-04,Car Purchase,43500,36,20.71,Online
APP005202,CUST002656,2024-06-04,Debt Consolidation,26500,48,20.23,Broker
APP005203,CUST003036,2023-07-15,Debt Consolidation,31500,12,10.25,Online
APP005204,CUST005915,2023-01-22,Home Renovation,12000,36,21.93,Online
APP005205,CUST002913,2024-05-04,Other,10000,24,19.58,Online
APP005206,CUST004856,2024-07-18,Car Purchase,19500,48,14.46,Broker
APP005207,CUST001225,2024-10-30,Car Purchase,17000,36,9.46,Online
APP005208,CUST000683,2023-06-03,Debt Consolidation,32500,36,16.36,Branch
APP005209,CUST005464,2024-07-28,Travel,33500,60,22.38,Broker
APP005210,CUST003095,2024-05-01,Car Purchase,47000,36,9.88,Online
APP005211,CUST004501,2023-05-30,Home Renovation,38500,24,8.82,Online
APP005212,CUST004783,2024-07-25,Other,36000,48,18.39,Branch
APP005213,CUST000888,2024-07-19,Car Purchase,40000,36,12.75,Online
APP005214,CUST004002,2023-08-22,Debt Consolidation,20000,36,9.96,Broker
APP005215,CUST003405,2024-08-22,Car Purchase,21500,24,12.06,Online
APP005216,CUST001207,2024-01-21,Debt Consolidation,34500,60,7.54,Branch
APP005217,CUST004012,2023-02-03,Debt Consolidation,31000,60,9.41,Online
APP005218,CUST003259,2024-01-06,Debt Consolidation,26000,36,10.42,Branch
APP005219,CUST000355,2024-01-25,Car Purchase,34500,24,21.73,Online
APP005220,CUST000662,2023-09-10,Debt Consolidation,32500,60,20.25,Branch
APP005221,CUST003350,2023-11-09,Travel,19500,36,17.06,Broker
APP005222,CUST000455,2023-05-30,Debt Consolidation,36500,24,14.05,Branch
APP005223,CUST005001,2024-05-22,Travel,44500,48,17.68,Branch
APP005224,CUST003141,2023-08-05,Debt Consolidation,39500,48,19.28,Online
APP005225,CUST005008,2023-08-02,Debt Consolidation,23000,48,12.72,Broker
APP005226,CUST005598,2023-05-27,Home Renovation,24000,60,8.32,Branch
APP005227,CUST005303,2024-05-14,Home Renovation,44500,36,13.28,Branch
APP005228,CUST003544,2023-03-10,Travel,28500,12,17.41,Broker
APP005229,CUST001473,2024-10-07,Debt Consolidation,6500,60,20.95,Broker
APP005230,CUST001301,2024-05-10,Car Purchase,37500,24,10.2,Branch
APP005231,CUST004734,2023-08-03,Home Renovation,43000,36,13.38,Online
APP005232,CUST002800,2024-10-02,Home Renovation,28000,60,21.79,Branch
APP005233,CUST004996,2023-07-24,Wedding,43000,48,11.94,Broker
APP005234,CUST005360,2023-08-10,Debt Consolidation,2000,48,14.13,Online
APP005235,CUST002211,2023-06-01,Debt Consolidation,30000,12,12.13,Online
APP005236,CUST003605,2024-07-30,Car Purchase,29000,36,8.96,Broker
APP005237,CUST005729,2023-05-01,Wedding,47000,36,14.78,Online
APP005238,CUST000908,2024-03-16,Wedding,36000,24,18.89,Branch
APP005239,CUST002846,2024-04-10,Debt Consolidation,28000,36,12.65,Broker
APP005240,CUST000790,2023-08-10,Car Purchase,28500,36,14.45,Branch
APP005241,CUST001305,2024-11-10,Home Renovation,14000,60,13.14,Online
APP005242,CUST001317,2024-02-12,Wedding,42000,12,21.19,Broker
APP005243,CUST003659,2023-12-16,Debt Consolidation,6000,24,16.4,Broker
APP005244,CUST002171,2023-08-20,Car Purchase,25000,36,17.08,Branch
APP005245,CUST003843,2023-01-08,Travel,33000,36,20.73,Branch
APP005246,CUST004413,2023-08-02,Travel,19500,36,8.78,Online
APP005247,CUST000690,2023-01-19,Medical,39500,60,21.72,Branch
APP005248,CUST005980,2023-09-20,Wedding,45500,36,10.28,Online
APP005249,CUST002989,2023-03-21,Car Purchase,13500,36,18.38,Online
APP005250,CUST003840,2024-09-23,Car Purchase,20500,24,12.36,Broker
APP005251,CUST004809,2023-05-26,Other,23500,48,14.05,Online
APP005252,CUST001815,2023-03-17,Car Purchase,30000,60,11.23,Online
APP005253,CUST002768,2024-03-03,Car Purchase,24000,36,9.57,Online
APP005254,CUST000694,2024-10-13,Debt Consolidation,47000,36,14.95,Online
APP005255,CUST000358,2024-10-18,Other,38500,48,20.83,Online
APP005256,CUST005345,2023-09-23,Travel,40000,24,15.62,Online
APP005257,CUST002126,2023-06-22,Wedding,18500,36,22.37,Online
APP005258,CUST001560,2023-02-18,Other,36500,24,18.18,Branch
APP005259,CUST000064,2023-03-19,Debt Consolidation,33000,48,13.8,Broker
APP005260,CUST003407,2023-05-17,Medical,19000,36,16.86,Online
APP005261,CUST005597,2024-11-06,Home Renovation,48000,60,16.06,Branch
APP005262,CUST001787,2024-11-20,Debt Consolidation,29000,48,13.65,Online
APP005263,CUST004384,2023-10-03,Home Renovation,9000,60,18.52,Online
APP005264,CUST004996,2023-03-28,Car Purchase,36000,36,12.54,Broker
APP005265,CUST002665,2023-02-11,Home Renovation,29000,60,14.29,Online
APP005266,CUST001405,2023-07-08,Car Purchase,17000,24,17.1,Broker
APP005267,CUST004964,2024-09-30,Debt Consolidation,18500,24,21.9,Branch
APP005268,CUST005684,2024-11-06,Travel,26500,24,13.77,Branch
APP005269,CUST000035,2024-02-23,Home Renovation,11500,24,21.71,Broker
APP005270,CUST005563,2023-03-22,Travel,11000,36,21.25,Online
APP005271,CUST001907,2024-12-27,Debt Consolidation,9000,36,19.86,Online
APP005272,CUST003872,2024-01-28,Medical,6500,24,20.03,Broker
APP005273,CUST000828,2024-12-13,Debt Consolidation,42000,36,17.43,Branch
APP005274,CUST001098,2024-07-11,Car Purchase,37000,60,8.26,Branch
APP005275,CUST000561,2023-12-31,Car Purchase,8000,48,10.54,Broker
APP005276,CUST005421,2023-07-01,Other,47500,48,9.68,Broker
APP005277,CUST000511,2023-03-09,Debt Consolidation,4500,24,19.76,Branch
APP005278,CUST004287,2024-05-15,Car Purchase,2500,60,9.93,Broker
APP005279,CUST005507,2024-01-06,Debt Consolidation,30500,36,9.53,Online
APP005280,CUST005607,2023-10-05,Home Renovation,42500,36,8.31,Online
APP005281,CUST002407,2023-01-22,Travel,8000,24,17.39,Branch
APP005282,CUST003809,2023-05-15,Debt Consolidation,5500,12,14.39,Broker
APP005283,CUST003639,2024-11-15,Home Renovation,6500,24,21.57,Online
APP005284,CUST001044,2023-01-22,Wedding,32500,48,20.37,Broker
APP005285,CUST005543,2023-10-21,Debt Consolidation,3500,48,8.95,Online
APP005286,CUST003372,2023-03-21,Wedding,17000,12,13.37,Broker
APP005287,CUST001749,2023-08-12,Debt Consolidation,16000,48,15.06,Broker
APP005288,CUST001993,2023-04-22,Car Purchase,40500,60,21.56,Branch
APP005289,CUST005153,2023-05-05,Debt Consolidation,18000,24,15.1,Online
APP005290,CUST001110,2024-07-08,Car Purchase,25500,48,12.19,Broker
APP005291,CUST001534,2023-12-20,Debt Consolidation,33500,48,19.74,Branch
APP005292,CUST002733,2024-09-20,Other,10500,24,10.21,Online
APP005293,CUST003968,2024-12-06,Car Purchase,42500,24,15.73,Online
APP005294,CUST001953,2023-04-05,Travel,6500,12,21.52,Online
APP005295,CUST000664,2024-05-30,Car Purchase,21000,24,22.34,Branch
APP005296,CUST001149,2023-01-04,Travel,21000,36,15.6,Branch
APP005297,CUST005336,2023-04-25,Debt Consolidation,10000,24,19.13,Broker
APP005298,CUST005903,2024-01-03,Medical,32000,24,10.95,Online
APP005299,CUST005678,2023-10-04,Home Renovation,48500,12,15.22,Online
APP005300,CUST000794,2023-09-04,Wedding,21500,48,16.07,Online
APP005301,CUST002942,2023-12-02,Home Renovation,14000,48,10.05,Broker
APP005302,CUST003118,2024-09-28,Home Renovation,29000,36,9.81,Branch
APP005303,CUST005655,2024-03-23,Other,32500,36,13.99,Online
APP005304,CUST003822,2024-03-01,Other,10500,60,18.05,Online
APP005305,CUST002707,2023-04-25,Medical,45000,48,17.89,Online
APP005306,CUST001687,2024-12-31,Travel,45500,12,14.26,Branch
APP005307,CUST001981,2023-10-28,Debt Consolidation,5500,60,15.23,Online
APP005308,CUST000637,2023-10-05,Debt Consolidation,23500,48,17.63,Branch
APP005309,CUST004380,2024-04-15,Debt Consolidation,48500,36,12.97,Online
APP005310,CUST003373,2023-05-16,Travel,45500,60,12.11,Online
APP005311,CUST005876,2024-11-17,Debt Consolidation,10000,24,8.79,Online
APP005312,CUST000051,2023-09-19,Debt Consolidation,36000,24,10.23,Online
APP005313,CUST000221,2023-12-11,Home Renovation,19000,36,9.62,Branch
APP005314,CUST005197,2023-11-06,Travel,8000,60,17.62,Online
APP005315,CUST001111,2023-03-30,Home Renovation,26000,36,13.36,Online
APP005316,CUST005018,2023-12-21,Debt Consolidation,34000,24,20.63,Online
APP005317,CUST004997,2023-09-12,Car Purchase,32000,48,12.35,Broker
APP005318,CUST000214,2023-06-20,Travel,20500,24,9.09,Online
APP005319,CUST005415,2024-04-28,Debt Consolidation,47000,48,20.45,Online
APP005320,CUST002488,2024-01-11,Car Purchase,36500,24,19.24,Branch
APP005321,CUST004232,2023-06-15,Travel,7500,36,13.88,Branch
APP005322,CUST000220,2024-01-08,Home Renovation,43500,12,11.94,Broker
APP005323,CUST003181,2023-09-03,Home Renovation,18000,36,12.34,Branch
APP005324,CUST004855,2023-05-04,Travel,2500,60,11.42,Broker
APP005325,CUST004573,2024-02-07,Car Purchase,47000,24,8.87,Online
APP005326,CUST000525,2024-01-24,Debt Consolidation,46000,60,20.26,Branch
APP005327,CUST000339,2024-06-15,Wedding,15500,24,17.12,Online
APP005328,CUST005193,2024-07-13,Car Purchase,44000,48,18.59,Branch
APP005329,CUST001692,2023-02-08,Travel,8000,36,12.7,Online
APP005330,CUST004191,2024-08-22,Car Purchase,49000,36,14.99,Branch
APP005331,CUST001703,2024-01-23,Debt Consolidation,31500,48,8.85,Online
APP005332,CUST005291,2024-10-29,Debt Consolidation,45000,48,18.22,Online
APP005333,CUST003870,2023-05-17,Debt Consolidation,31500,24,21.97,Broker
APP005334,CUST002841,2024-02-20,Home Renovation,9000,12,20.58,Online
APP005335,CUST004809,2023-01-07,Home Renovation,40000,60,14.78,Online
APP005336,CUST002415,2023-09-01,Car Purchase,46500,24,21.73,Broker
APP005337,CUST000934,2023-03-18,Wedding,22500,24,21.1,Branch
APP005338,CUST005181,2024-07-19,Home Renovation,47500,36,22.08,Broker
APP005339,CUST000027,2023-06-25,Other,11000,12,17.35,Branch
APP005340,CUST004351,2024-11-27,Car Purchase,40000,60,18.8,Online
APP005341,CUST004883,2024-06-21,Debt Consolidation,38500,12,19.64,Online
APP005342,CUST002808,2023-05-05,Other,19000,24,22.34,Online
APP005343,CUST001950,2024-09-22,Car Purchase,14000,36,22.48,Broker
APP005344,CUST005004,2024-12-01,Travel,30000,36,12.55,Branch
APP005345,CUST000592,2024-06-24,Car Purchase,11500,36,11.7,Online
APP005346,CUST004570,2023-09-05,Car Purchase,14500,24,18.09,Online
APP005347,CUST001387,2024-04-25,Debt Consolidation,44500,36,22.06,Broker
APP005348,CUST003805,2024-09-05,Debt Consolidation,8000,48,15.84,Online
APP005349,CUST004773,2024-03-01,Medical,11500,36,21.96,Broker
APP005350,CUST005711,2023-08-13,Travel,34500,24,17.68,Online
APP005351,CUST000295,2024-09-15,Debt Consolidation,28500,36,11.88,Online
APP005352,CUST001445,2024-06-15,Wedding,10000,60,10.76,Broker
APP005353,CUST004985,2023-02-17,Debt Consolidation,2500,36,11.58,Online
APP005354,CUST003486,2023-12-26,Debt Consolidation,27000,36,16.6,Branch
APP005355,CUST005329,2024-04-23,Medical,42500,60,18.36,Online
APP005356,CUST000646,2024-07-03,Wedding,44500,24,14.03,Online
APP005357,CUST005613,2024-09-01,Debt Consolidation,45000,60,13.3,Online
APP005358,CUST005375,2023-09-20,Home Renovation,41500,60,13.36,Branch
APP005359,CUST003338,2023-04-28,Wedding,21500,36,17.57,Online
APP005360,CUST001613,2024-12-12,Car Purchase,46500,60,10.04,Branch
APP005361,CUST004948,2024-08-22,Home Renovation,18000,36,12.46,Broker
APP005362,CUST001207,2024-02-10,Other,5500,60,11.6,Broker
APP005363,CUST005365,2023-02-07,Car Purchase,15500,12,15.39,Broker
APP005364,CUST002851,2023-11-22,Home Renovation,47500,60,22.28,Branch
APP005365,CUST001528,2024-06-29,Car Purchase,42500,36,10.73,Broker
APP005366,CUST002637,2024-09-18,Other,31500,36,20.49,Online
APP005367,CUST002049,2023-09-16,Travel,25000,36,21.49,Broker
APP005368,CUST000460,2023-01-05,Debt Consolidation,4000,36,10.96,Broker
APP005369,CUST004589,2024-08-10,Travel,2500,24,9.56,Broker
APP005370,CUST000247,2023-08-13,Home Renovation,29000,48,20.92,Online
APP005371,CUST001722,2024-11-16,Debt Consolidation,49000,60,8.54,Online
APP005372,CUST004447,2024-03-09,Debt Consolidation,3500,36,16.89,Online
APP005373,CUST004519,2023-11-13,Debt Consolidation,11000,12,16.77,Online
APP005374,CUST005254,2024-07-19,Car Purchase,30500,24,13.71,Broker
APP005375,CUST002246,2024-10-05,Wedding,42000,48,10.58,Branch
APP005376,CUST003232,2023-07-23,Debt Consolidation,5500,60,15.71,Online
APP005377,CUST004479,2024-08-03,Home Renovation,33500,36,19.04,Online
APP005378,CUST004339,2024-04-13,Other,41000,24,15.23,Broker
APP005379,CUST001707,2024-02-13,Debt Consolidation,38000,36,22.3,Online
APP005380,CUST001626,2023-08-24,Home Renovation,2500,48,20.31,Online
APP005381,CUST003328,2024-10-31,Home Renovation,33500,36,14.95,Broker
APP005382,CUST002062,2024-11-13,Home Renovation,47000,24,17.23,Online
APP005383,CUST002855,2024-03-27,Home Renovation,36500,24,13.09,Branch
APP005384,CUST004106,2023-02-25,Home Renovation,8000,36,18.26,Broker
APP005385,CUST002914,2023-06-29,Wedding,46000,60,15.7,Branch
APP005386,CUST005422,2024-04-08,Other,37500,48,9.16,Online
APP005387,CUST001713,2024-08-11,Home Renovation,3000,24,18.2,Online
APP005388,CUST001764,2024-04-12,Debt Consolidation,10500,24,11.49,Broker
APP005389,CUST001343,2024-05-29,Car Purchase,43000,48,14.34,Online
APP005390,CUST004953,2023-10-04,Home Renovation,3500,36,9.57,Online
APP005391,CUST005117,2024-11-09,Medical,5000,60,8.52,Online
APP005392,CUST001657,2023-10-27,Medical,8000,36,7.74,Broker
APP005393,CUST001467,2024-07-02,Debt Consolidation,38000,12,16.18,Online
APP005394,CUST001147,2024-09-17,Debt Consolidation,17500,36,21.86,Branch
APP005395,CUST004046,2023-10-15,Car Purchase,35500,36,19.03,Online
APP005396,CUST004749,2024-03-30,Other,33000,24,15.24,Branch
APP005397,CUST001573,2024-12-21,Debt Consolidation,9500,36,11.62,Broker
APP005398,CUST003831,2023-05-22,Travel,17500,36,11.59,Broker
APP005399,CUST005782,2024-12-21,Car Purchase,50000,48,14.14,Broker
APP005400,CUST003251,2024-06-15,Travel,14500,36,10.83,Online
APP005401,CUST002025,2024-03-05,Medical,11500,24,21.44,Online
APP005402,CUST003169,2023-08-01,Car Purchase,44500,36,8.08,Online
APP005403,CUST002738,2024-02-29,Debt Consolidation,21500,24,14.77,Branch
APP005404,CUST001029,2023-08-16,Debt Consolidation,2000,36,9.81,Online
APP005405,CUST001852,2023-02-01,Medical,20500,60,14.3,Online
APP005406,CUST004344,2023-05-11,Home Renovation,48000,48,9.74,Branch
APP005407,CUST003125,2024-02-09,Car Purchase,44000,48,16.31,Online
APP005408,CUST002847,2023-11-28,Home Renovation,14000,12,8.45,Online
APP005409,CUST005209,2024-07-13,Debt Consolidation,44000,48,14.49,Online
APP005410,CUST005606,2023-05-06,Medical,5000,12,8.66,Branch
APP005411,CUST001238,2023-01-10,Debt Consolidation,12000,24,21.47,Broker
APP005412,CUST003086,2023-12-09,Medical,18000,36,19.16,Online
APP005413,CUST000813,2023-08-11,Home Renovation,9500,48,16.3,Online
APP005414,CUST005360,2023-10-29,Home Renovation,14000,24,17.28,Online
APP005415,CUST002803,2024-05-04,Car Purchase,11500,24,12.51,Broker
APP005416,CUST003644,2023-03-07,Home Renovation,31500,36,19.45,Broker
APP005417,CUST004785,2023-10-30,Debt Consolidation,37000,24,20.21,Online
APP005418,CUST002435,2023-07-21,Debt Consolidation,7000,36,17.91,Online
APP005419,CUST001216,2024-03-15,Car Purchase,12500,60,12.27,Broker
APP005420,CUST002455,2023-08-31,Wedding,35500,24,11.13,Broker
APP005421,CUST000897,2024-07-13,Medical,35000,36,14.72,Broker
APP005422,CUST002494,2024-06-23,Home Renovation,18500,36,11.4,Online
APP005423,CUST005520,2024-03-01,Debt Consolidation,11000,36,21.0,Online
APP005424,CUST002626,2023-08-30,Travel,41500,24,13.73,Online
APP005425,CUST004281,2023-07-09,Travel,18000,48,16.01,Online
APP005426,CUST001139,2023-05-24,Car Purchase,3500,48,12.06,Broker
APP005427,CUST005078,2023-11-12,Home Renovation,21000,36,17.69,Online
APP005428,CUST003404,2023-06-13,Wedding,30500,24,21.73,Broker
APP005429,CUST000185,2023-01-23,Medical,41500,12,9.53,Branch
APP005430,CUST001443,2023-07-12,Wedding,39500,48,8.32,Online
APP005431,CUST000875,2024-11-28,Car Purchase,23500,48,17.72,Broker
APP005432,CUST004495,2024-01-17,Car Purchase,27000,24,20.26,Broker
APP005433,CUST005222,2023-06-27,Debt Consolidation,10000,36,22.38,Branch
APP005434,CUST003750,2024-08-02,Home Renovation,20500,48,16.77,Branch
APP005435,CUST003117,2024-10-20,Debt Consolidation,10500,24,9.03,Broker
APP005436,CUST001012,2024-08-29,Wedding,5500,60,11.01,Branch
APP005437,CUST002858,2024-03-29,Debt Consolidation,22500,48,21.56,Online
APP005438,CUST005918,2023-04-01,Debt Consolidation,33500,24,11.47,Branch
APP005439,CUST005134,2023-12-06,Car Purchase,45500,24,20.92,Broker
APP005440,CUST005674,2023-08-21,Car Purchase,25000,36,8.47,Branch
APP005441,CUST003433,2024-05-07,Wedding,41000,24,11.55,Online
APP005442,CUST003438,2024-05-24,Medical,22000,36,10.83,Online
APP005443,CUST003897,2023-09-27,Medical,6500,36,14.52,Branch
APP005444,CUST005681,2024-02-17,Home Renovation,30000,24,18.18,Online
APP005445,CUST002823,2023-07-25,Home Renovation,9500,36,11.18,Online
APP005446,CUST003551,2023-04-04,Car Purchase,29500,36,10.65,Online
APP005447,CUST004298,2024-04-08,Home Renovation,4500,24,15.76,Branch
APP005448,CUST003751,2023-05-18,Car Purchase,21500,48,20.41,Broker
APP005449,CUST001820,2024-03-30,Car Purchase,25500,24,21.53,Online
APP005450,CUST005688,2024-11-30,Debt Consolidation,12000,48,20.89,Online
APP005451,CUST004064,2024-02-08,Debt Consolidation,31500,36,20.92,Broker
APP005452,CUST000648,2024-11-26,Wedding,46500,24,17.92,Online
APP005453,CUST001957,2024-09-15,Debt Consolidation,7500,24,17.64,Broker
APP005454,CUST002177,2024-09-09,Car Purchase,29000,24,10.14,Broker
APP005455,CUST000095,2023-07-10,Debt Consolidation,2500,36,18.49,Online
APP005456,CUST002826,2023-04-13,Home Renovation,38500,48,14.7,Broker
APP005457,CUST001775,2024-02-27,Debt Consolidation,31500,12,22.2,Online
APP005458,CUST003344,2024-05-10,Debt Consolidation,10000,48,9.42,Branch
APP005459,CUST005997,2023-04-22,Home Renovation,8500,24,20.27,Broker
APP005460,CUST003164,2023-03-11,Debt Consolidation,9000,36,8.27,Branch
APP005461,CUST003032,2024-10-11,Debt Consolidation,25500,12,8.92,Branch
APP005462,CUST003018,2024-11-30,Car Purchase,48500,48,9.39,Broker
APP005463,CUST005212,2023-12-12,Debt Consolidation,5000,60,13.78,Broker
APP005464,CUST004660,2023-05-18,Travel,18000,48,9.86,Branch
APP005465,CUST001773,2024-04-07,Debt Consolidation,36500,24,16.11,Broker
APP005466,CUST003671,2024-03-06,Home Renovation,41000,48,15.71,Online
APP005467,CUST002330,2023-01-07,Home Renovation,15000,36,8.44,Online
APP005468,CUST005575,2024-10-14,Debt Consolidation,35500,36,9.64,Online
APP005469,CUST001881,2024-02-08,Wedding,23500,60,8.28,Branch
APP005470,CUST003649,2023-03-17,Home Renovation,14000,60,18.08,Online
APP005471,CUST004188,2023-01-02,Debt Consolidation,36500,24,21.01,Online
APP005472,CUST004741,2024-10-26,Medical,38500,24,22.22,Broker
APP005473,CUST003068,2023-02-05,Medical,45500,36,11.04,Online
APP005474,CUST005115,2024-07-24,Home Renovation,28000,48,10.24,Broker
APP005475,CUST005071,2024-07-18,Car Purchase,35000,24,14.55,Branch
APP005476,CUST004914,2024-06-03,Debt Consolidation,15000,36,11.53,Broker
APP005477,CUST003089,2023-12-24,Other,16000,36,16.53,Branch
APP005478,CUST002818,2023-10-12,Other,47000,36,12.12,Online
APP005479,CUST004457,2024-07-24,Travel,18000,24,21.91,Online
APP005480,CUST000808,2023-12-06,Car Purchase,35000,36,10.64,Online
APP005481,CUST000230,2023-03-30,Car Purchase,47500,12,15.38,Online
APP005482,CUST004740,2023-12-24,Wedding,16500,60,11.61,Broker
APP005483,CUST005035,2024-10-16,Wedding,25000,24,21.99,Broker
APP005484,CUST002975,2023-04-28,Home Renovation,25000,12,8.43,Branch
APP005485,CUST002384,2024-02-25,Medical,48000,36,18.55,Broker
APP005486,CUST003029,2024-06-15,Debt Consolidation,12500,48,9.03,Online
APP005487,CUST005237,2023-12-17,Travel,12000,60,7.91,Online
APP005488,CUST001190,2024-10-16,Home Renovation,11500,36,13.52,Online
APP005489,CUST000852,2023-06-23,Home Renovation,11000,36,16.42,Online
APP005490,CUST002159,2024-08-19,Wedding,49500,60,11.07,Branch
APP005491,CUST003315,2023-07-28,Car Purchase,13000,36,17.15,Branch
APP005492,CUST004371,2024-02-08,Debt Consolidation,16500,48,15.63,Branch
APP005493,CUST002208,2024-04-26,Medical,29000,12,21.29,Online
APP005494,CUST002335,2023-02-28,Home Renovation,40000,36,17.87,Broker
APP005495,CUST000570,2024-02-27,Home Renovation,3000,36,10.99,Online
APP005496,CUST000760,2024-04-30,Car Purchase,4500,48,21.15,Branch
APP005497,CUST000695,2023-07-09,Home Renovation,8000,12,11.85,Broker
APP005498,CUST003640,2023-03-16,Debt Consolidation,47500,36,21.38,Online
APP005499,CUST004905,2024-07-27,Debt Consolidation,46500,48,19.41,Online
APP005500,CUST004719,2024-10-16,Car Purchase,40000,36,22.18,Branch
APP005501,CUST003272,2024-02-13,Home Renovation,44500,24,21.77,Branch
APP005502,CUST002686,2023-11-09,Travel,45500,24,15.16,Online
APP005503,CUST003001,2023-06-07,Debt Consolidation,14500,36,18.83,Online
APP005504,CUST002286,2023-08-21,Home Renovation,19500,48,21.44,Online
APP005505,CUST004643,2023-03-15,Wedding,36000,48,7.9,Branch
APP005506,CUST005062,2024-09-27,Debt Consolidation,48000,12,12.11,Online
APP005507,CUST005636,2023-07-05,Medical,9000,24,18.06,Online
APP005508,CUST002142,2023-12-10,Home Renovation,2500,48,13.02,Broker
APP005509,CUST001162,2023-03-26,Car Purchase,44000,48,22.48,Branch
APP005510,CUST003336,2023-10-22,Debt Consolidation,21000,36,14.54,Branch
APP005511,CUST003390,2024-05-03,Car Purchase,20000,24,19.71,Online
APP005512,CUST000297,2023-04-25,Travel,14500,48,11.97,Online
APP005513,CUST002380,2024-04-19,Home Renovation,39000,60,9.3,Branch
APP005514,CUST000264,2024-10-11,Debt Consolidation,26500,12,14.96,Branch
APP005515,CUST004786,2023-12-04,Debt Consolidation,34500,48,21.02,Online
APP005516,CUST002391,2024-03-17,Debt Consolidation,23500,24,11.64,Broker
APP005517,CUST004768,2023-06-29,Car Purchase,27500,12,20.5,Branch
APP005518,CUST004765,2023-02-15,Car Purchase,37500,24,11.74,Online
APP005519,CUST000792,2023-03-07,Car Purchase,17500,60,19.75,Branch
APP005520,CUST002567,2023-06-16,Car Purchase,8000,36,21.59,Online
APP005521,CUST000637,2024-07-24,Car Purchase,11500,24,8.05,Broker
APP005522,CUST005398,2023-04-13,Car Purchase,29000,24,20.42,Broker
APP005523,CUST003192,2024-04-15,Home Renovation,13500,36,9.87,Broker
APP005524,CUST005377,2024-07-04,Home Renovation,19000,36,12.55,Branch
APP005525,CUST005555,2023-11-16,Home Renovation,18500,36,7.67,Online
APP005526,CUST003993,2024-02-15,Car Purchase,5500,36,11.84,Branch
APP005527,CUST003891,2024-06-27,Home Renovation,34000,48,17.93,Broker
APP005528,CUST003553,2024-04-17,Home Renovation,18000,36,18.33,Online
APP005529,CUST002945,2024-11-23,Debt Consolidation,10500,12,13.5,Branch
APP005530,CUST001670,2024-07-20,Car Purchase,27500,24,16.4,Branch
APP005531,CUST004517,2023-06-19,Debt Consolidation,6500,48,18.55,Broker
APP005532,CUST000282,2024-05-25,Debt Consolidation,44500,24,21.26,Branch
APP005533,CUST005276,2024-12-20,Other,3000,24,9.79,Broker
APP005534,CUST003467,2024-06-09,Debt Consolidation,6000,24,19.35,Online
APP005535,CUST004621,2024-04-17,Debt Consolidation,12500,24,14.25,Broker
APP005536,CUST004955,2024-04-27,Debt Consolidation,46000,12,16.2,Broker
APP005537,CUST005677,2023-09-09,Other,7000,60,14.49,Online
APP005538,CUST005626,2024-05-12,Car Purchase,24500,36,19.53,Online
APP005539,CUST002331,2024-01-17,Travel,24500,60,15.53,Broker
APP005540,CUST000528,2023-10-30,Travel,17500,36,7.56,Online
APP005541,CUST000133,2024-07-02,Home Renovation,36000,48,13.15,Online
APP005542,CUST004498,2024-07-05,Home Renovation,16500,24,22.17,Branch
APP005543,CUST001825,2023-09-09,Debt Consolidation,6500,48,14.69,Broker
APP005544,CUST002966,2024-05-12,Travel,34000,36,14.02,Branch
APP005545,CUST002775,2024-05-30,Debt Consolidation,14500,12,17.84,Online
APP005546,CUST003063,2024-01-02,Debt Consolidation,17500,36,10.28,Broker
APP005547,CUST002963,2024-11-22,Home Renovation,21500,48,13.45,Broker
APP005548,CUST000942,2024-11-04,Medical,17000,60,15.96,Online
APP005549,CUST005721,2024-08-24,Debt Consolidation,6000,48,18.35,Broker
APP005550,CUST001845,2024-04-14,Other,40500,12,22.18,Online
APP005551,CUST003434,2024-01-01,Wedding,24000,24,18.82,Branch
APP005552,CUST001932,2023-03-27,Travel,13500,36,17.88,Online
APP005553,CUST000945,2023-11-04,Other,18500,48,18.03,Broker
APP005554,CUST005119,2024-04-22,Medical,32000,48,20.89,Branch
APP005555,CUST002490,2023-07-18,Debt Consolidation,46500,36,8.28,Broker
APP005556,CUST003665,2023-09-04,Home Renovation,40000,60,14.54,Broker
APP005557,CUST002275,2023-10-31,Travel,11500,48,18.99,Broker
APP005558,CUST001721,2023-09-04,Debt Consolidation,7000,36,14.29,Broker
APP005559,CUST004696,2024-02-09,Travel,48000,60,9.64,Online
APP005560,CUST000571,2023-04-25,Wedding,8000,48,12.04,Online
APP005561,CUST000830,2024-02-08,Car Purchase,30000,36,9.08,Branch
APP005562,CUST005816,2024-11-12,Debt Consolidation,13500,48,22.01,Online
APP005563,CUST002682,2024-11-20,Debt Consolidation,34500,36,19.81,Broker
APP005564,CUST001592,2024-10-22,Debt Consolidation,23500,24,21.42,Online
APP005565,CUST000718,2023-10-13,Car Purchase,28500,24,11.83,Broker
APP005566,CUST002772,2023-02-13,Medical,10500,12,13.11,Branch
APP005567,CUST001439,2023-09-13,Car Purchase,43500,24,16.39,Online
APP005568,CUST001884,2024-09-10,Home Renovation,41500,48,16.68,Online
APP005569,CUST000629,2023-12-18,Wedding,34000,48,22.39,Broker
APP005570,CUST004143,2024-04-09,Car Purchase,38500,36,22.2,Online
APP005571,CUST003064,2024-07-27,Car Purchase,17000,36,13.38,Branch
APP005572,CUST004717,2024-12-07,Car Purchase,28000,60,20.62,Online
APP005573,CUST005613,2024-05-06,Other,32000,24,21.34,Online
APP005574,CUST004613,2023-06-23,Car Purchase,39000,48,16.21,Broker
APP005575,CUST002044,2023-09-04,Car Purchase,40000,24,21.8,Online
APP005576,CUST005984,2023-12-15,Wedding,47500,36,14.87,Online
APP005577,CUST004609,2024-08-04,Debt Consolidation,29000,60,19.58,Broker
APP005578,CUST004263,2024-05-27,Debt Consolidation,9500,24,8.2,Broker
APP005579,CUST005467,2024-03-16,Debt Consolidation,17500,48,20.94,Online
APP005580,CUST005891,2024-01-24,Debt Consolidation,46500,48,22.3,Online
APP005581,CUST001217,2023-01-04,Wedding,13500,24,12.59,Broker
APP005582,CUST002763,2024-11-11,Medical,19000,48,19.0,Branch
APP005583,CUST005165,2024-06-10,Debt Consolidation,14000,12,20.67,Online
APP005584,CUST002474,2024-09-21,Debt Consolidation,27500,24,13.61,Branch
APP005585,CUST002620,2024-04-07,Home Renovation,37500,48,17.65,Online
APP005586,CUST005450,2024-05-22,Debt Consolidation,46500,36,10.37,Online
APP005587,CUST000345,2023-01-03,Debt Consolidation,33000,24,12.48,Online
APP005588,CUST000424,2024-05-30,Debt Consolidation,34500,60,20.97,Online
APP005589,CUST004614,2024-04-20,Debt Consolidation,27000,48,9.34,Online
APP005590,CUST001763,2024-01-25,Other,13000,60,19.69,Broker
APP005591,CUST005475,2024-02-22,Debt Consolidation,3000,36,8.05,Online
APP005592,CUST001460,2023-02-06,Debt Consolidation,17500,24,8.55,Broker
APP005593,CUST002875,2024-03-20,Debt Consolidation,30000,12,8.18,Broker
APP005594,CUST005648,2024-05-16,Wedding,38500,48,9.55,Online
APP005595,CUST003826,2024-11-19,Debt Consolidation,40000,36,16.55,Broker
APP005596,CUST001718,2023-01-11,Debt Consolidation,45000,24,14.36,Online
APP005597,CUST005599,2024-11-25,Debt Consolidation,16000,36,10.19,Online
APP005598,CUST003739,2024-12-03,Home Renovation,41000,24,10.79,Broker
APP005599,CUST002962,2023-11-02,Travel,8000,24,12.06,Broker
APP005600,CUST000176,2024-11-27,Debt Consolidation,35000,36,17.03,Broker
APP005601,CUST004273,2024-07-16,Wedding,19500,60,18.76,Broker
APP005602,CUST004469,2024-10-14,Travel,31000,24,22.02,Broker
APP005603,CUST005940,2024-07-15,Wedding,2000,12,16.34,Broker
APP005604,CUST003401,2023-06-20,Debt Consolidation,20500,24,20.92,Online
APP005605,CUST001259,2023-02-10,Car Purchase,30500,12,21.92,Online
APP005606,CUST003872,2023-07-24,Debt Consolidation,26500,36,12.1,Online
APP005607,CUST001576,2023-08-09,Debt Consolidation,14000,48,14.4,Broker
APP005608,CUST003430,2023-03-28,Car Purchase,20500,24,15.25,Online
APP005609,CUST003823,2024-05-23,Home Renovation,32500,24,12.21,Online
APP005610,CUST004512,2024-08-09,Wedding,10000,48,16.97,Online
APP005611,CUST005098,2024-03-09,Car Purchase,6000,60,8.25,Online
APP005612,CUST000164,2024-12-29,Debt Consolidation,44500,36,20.2,Online
APP005613,CUST000244,2024-12-28,Home Renovation,43500,36,20.45,Online
APP005614,CUST003348,2024-10-26,Other,18500,48,17.14,Online
APP005615,CUST001997,2023-11-07,Debt Consolidation,14000,48,9.05,Branch
APP005616,CUST003600,2023-05-26,Car Purchase,38000,12,9.49,Broker
APP005617,CUST003725,2024-07-29,Travel,35000,60,19.71,Branch
APP005618,CUST003915,2023-11-29,Debt Consolidation,50000,24,8.13,Broker
APP005619,CUST001017,2024-04-26,Wedding,9000,12,10.01,Branch
APP005620,CUST004344,2024-11-20,Travel,23000,24,19.64,Online
APP005621,CUST005527,2024-06-18,Travel,24500,36,9.63,Broker
APP005622,CUST005321,2023-06-21,Medical,43500,48,17.76,Branch
APP005623,CUST001001,2024-03-31,Debt Consolidation,36000,36,10.67,Broker
APP005624,CUST005892,2024-02-11,Debt Consolidation,23500,60,15.74,Online
APP005625,CUST002990,2023-10-30,Car Purchase,40000,12,10.62,Online
APP005626,CUST004362,2024-04-07,Debt Consolidation,38500,48,20.81,Branch
APP005627,CUST003171,2023-04-10,Wedding,9500,12,9.33,Branch
APP005628,CUST003658,2024-10-12,Wedding,36000,24,15.34,Online
APP005629,CUST004425,2024-01-22,Travel,49500,36,14.64,Broker
APP005630,CUST005078,2024-02-28,Car Purchase,2500,60,17.49,Online
APP005631,CUST000736,2024-12-13,Other,21000,60,14.33,Online
APP005632,CUST004825,2023-11-15,Travel,36000,60,11.16,Online
APP005633,CUST005327,2023-12-11,Debt Consolidation,23500,12,11.32,Broker
APP005634,CUST003786,2024-12-14,Debt Consolidation,16500,24,17.98,Online
APP005635,CUST001172,2023-03-28,Car Purchase,22500,24,7.98,Online
APP005636,CUST001493,2024-02-18,Home Renovation,30500,48,16.55,Online
APP005637,CUST004396,2023-09-20,Travel,43500,48,20.71,Online
APP005638,CUST001684,2024-04-07,Home Renovation,37000,24,18.83,Branch
APP005639,CUST003087,2023-04-05,Car Purchase,25500,36,21.9,Broker
APP005640,CUST002047,2023-06-18,Home Renovation,11000,24,21.35,Online
APP005641,CUST001348,2023-10-09,Other,37000,36,21.5,Online
APP005642,CUST001902,2024-05-15,Travel,2500,48,14.99,Broker
APP005643,CUST000962,2024-11-23,Home Renovation,17000,24,18.7,Branch
APP005644,CUST005735,2024-12-20,Car Purchase,45000,36,13.54,Online
APP005645,CUST005057,2023-03-29,Medical,9000,48,20.51,Online
APP005646,CUST005236,2023-11-01,Home Renovation,45000,36,18.07,Online
APP005647,CUST003085,2023-09-24,Home Renovation,48500,48,8.25,Branch
APP005648,CUST000729,2023-10-10,Debt Consolidation,29500,36,21.5,Online
APP005649,CUST000319,2024-12-03,Other,39000,36,9.45,Online
APP005650,CUST004321,2023-10-12,Car Purchase,11500,24,19.44,Broker
APP005651,CUST002579,2024-09-28,Travel,33500,48,15.66,Broker
APP005652,CUST000762,2024-03-12,Debt Consolidation,33000,24,8.54,Branch
APP005653,CUST001079,2024-10-11,Debt Consolidation,36500,36,15.6,Branch
APP005654,CUST003491,2023-09-08,Home Renovation,9000,24,16.35,Online
APP005655,CUST003815,2024-05-05,Debt Consolidation,28000,60,21.49,Broker
APP005656,CUST004908,2023-12-29,Debt Consolidation,12000,60,22.26,Branch
APP005657,CUST005839,2024-08-02,Car Purchase,26000,24,8.33,Branch
APP005658,CUST002040,2023-09-19,Car Purchase,47000,48,8.12,Online
APP005659,CUST003079,2024-12-24,Medical,10500,36,16.51,Broker
APP005660,CUST004037,2024-09-26,Travel,17500,36,19.89,Online
APP005661,CUST005361,2024-04-12,Debt Consolidation,24000,24,17.37,Broker
APP005662,CUST005387,2024-02-03,Debt Consolidation,16000,36,8.83,Broker
APP005663,CUST004760,2024-11-14,Wedding,11500,24,17.34,Branch
APP005664,CUST003827,2023-09-15,Wedding,3500,12,18.93,Online
APP005665,CUST001871,2024-11-08,Other,40500,12,19.7,Online
APP005666,CUST000737,2024-11-06,Medical,24500,48,22.4,Online
APP005667,CUST000428,2024-04-24,Debt Consolidation,22000,60,14.46,Branch
APP005668,CUST003419,2024-11-16,Debt Consolidation,49500,36,21.71,Online
APP005669,CUST002429,2023-07-20,Car Purchase,3500,48,17.66,Branch
APP005670,CUST004338,2023-11-28,Home Renovation,4500,24,18.7,Online
APP005671,CUST003127,2023-05-31,Car Purchase,36000,48,13.91,Broker
APP005672,CUST005138,2023-02-12,Travel,16000,36,21.26,Online
APP005673,CUST004705,2024-09-14,Home Renovation,24500,24,20.36,Broker
APP005674,CUST005490,2024-08-06,Car Purchase,39500,24,19.03,Broker
APP005675,CUST004640,2024-04-16,Car Purchase,14500,36,8.07,Branch
APP005676,CUST000507,2024-11-10,Home Renovation,39500,24,11.77,Branch
APP005677,CUST003646,2023-12-22,Car Purchase,8500,12,10.98,Branch
APP005678,CUST000765,2024-08-10,Home Renovation,29000,24,9.45,Online
APP005679,CUST005609,2024-04-22,Debt Consolidation,34000,24,21.89,Online
APP005680,CUST005327,2023-07-14,Other,2000,24,16.79,Online
APP005681,CUST002181,2023-06-26,Home Renovation,28500,60,15.66,Online
APP005682,CUST003402,2024-02-25,Home Renovation,44500,12,13.43,Branch
APP005683,CUST003293,2024-08-31,Travel,36000,48,15.75,Branch
APP005684,CUST005155,2023-12-23,Car Purchase,14000,48,14.47,Branch
APP005685,CUST004564,2023-10-16,Car Purchase,18500,24,7.99,Branch
APP005686,CUST005306,2024-09-20,Home Renovation,2000,24,18.21,Broker
APP005687,CUST005577,2024-03-06,Other,44500,24,8.48,Online
APP005688,CUST000819,2023-02-05,Wedding,10500,60,16.49,Branch
APP005689,CUST001201,2024-03-20,Home Renovation,23500,48,21.47,Online
APP005690,CUST005875,2023-08-28,Home Renovation,28500,24,17.92,Online
APP005691,CUST005297,2023-04-27,Debt Consolidation,6500,36,10.49,Branch
APP005692,CUST003027,2023-07-16,Debt Consolidation,11000,48,19.41,Online
APP005693,CUST002139,2023-01-03,Car Purchase,40500,36,21.4,Broker
APP005694,CUST001035,2023-12-27,Car Purchase,18500,60,18.07,Broker
APP005695,CUST003804,2023-01-15,Travel,4500,36,16.6,Broker
APP005696,CUST000933,2023-05-06,Car Purchase,27500,60,9.84,Online
APP005697,CUST005677,2023-08-08,Debt Consolidation,42000,48,14.03,Online
APP005698,CUST001721,2024-03-29,Debt Consolidation,10500,48,19.54,Online
APP005699,CUST005717,2024-12-23,Medical,6500,12,18.03,Broker
APP005700,CUST003273,2024-10-14,Debt Consolidation,23500,36,18.96,Online
APP005701,CUST000378,2023-08-05,Car Purchase,47500,24,16.27,Online
APP005702,CUST002056,2023-02-19,Debt Consolidation,43000,48,13.42,Broker
APP005703,CUST003969,2023-02-04,Car Purchase,21500,48,16.07,Online
APP005704,CUST001886,2024-06-03,Medical,36500,60,13.13,Online
APP005705,CUST004050,2023-03-16,Debt Consolidation,48000,36,13.14,Branch
APP005706,CUST000517,2024-06-11,Debt Consolidation,49500,48,19.37,Online
APP005707,CUST002654,2023-07-25,Debt Consolidation,36000,24,22.25,Broker
APP005708,CUST001025,2023-03-12,Travel,34000,36,15.09,Online
APP005709,CUST002696,2024-08-25,Debt Consolidation,8000,60,16.1,Branch
APP005710,CUST005127,2024-04-14,Debt Consolidation,14000,48,16.32,Branch
APP005711,CUST004734,2024-10-10,Car Purchase,36000,36,14.01,Branch
APP005712,CUST000719,2024-06-21,Car Purchase,47000,24,11.27,Branch
APP005713,CUST001198,2024-04-20,Car Purchase,47000,48,21.8,Branch
APP005714,CUST002926,2024-09-08,Wedding,28500,24,17.39,Broker
APP005715,CUST004880,2024-01-28,Car Purchase,31500,36,15.04,Branch
APP005716,CUST001693,2024-01-30,Car Purchase,10000,36,14.56,Branch
APP005717,CUST003646,2023-09-07,Car Purchase,12500,60,16.08,Online
APP005718,CUST001274,2023-02-11,Debt Consolidation,41000,36,20.59,Broker
APP005719,CUST002662,2023-12-14,Wedding,31000,48,21.02,Online
APP005720,CUST001555,2023-06-23,Debt Consolidation,46000,24,21.31,Online
APP005721,CUST001561,2024-05-01,Travel,28000,36,10.02,Online
APP005722,CUST000692,2024-05-17,Other,49500,60,9.71,Online
APP005723,CUST004596,2023-11-28,Medical,4500,60,12.41,Broker
APP005724,CUST002290,2024-10-15,Home Renovation,6500,36,12.61,Branch
APP005725,CUST003082,2023-12-04,Wedding,32500,24,12.1,Branch
APP005726,CUST002968,2024-01-27,Travel,31500,60,21.39,Online
APP005727,CUST001109,2024-12-04,Other,29000,36,10.85,Online
APP005728,CUST000148,2023-06-05,Other,28500,36,20.15,Online
APP005729,CUST004979,2024-09-27,Car Purchase,5000,36,13.14,Online
APP005730,CUST005586,2023-09-25,Wedding,19000,24,8.78,Online
APP005731,CUST001656,2024-05-14,Home Renovation,14000,60,10.97,Online
APP005732,CUST003866,2024-01-28,Car Purchase,3500,60,15.8,Online
APP005733,CUST001855,2023-12-03,Debt Consolidation,17000,24,14.24,Broker
APP005734,CUST002363,2024-05-13,Travel,8500,12,13.08,Online
APP005735,CUST002168,2023-12-04,Travel,12000,24,8.09,Branch
APP005736,CUST003150,2024-06-01,Debt Consolidation,48500,36,15.22,Online
APP005737,CUST004289,2024-01-21,Car Purchase,14500,48,15.18,Branch
APP005738,CUST003413,2023-08-12,Travel,30500,24,22.12,Online
APP005739,CUST000448,2023-03-03,Debt Consolidation,23500,24,11.33,Online
APP005740,CUST004973,2024-10-19,Debt Consolidation,45500,36,11.78,Online
APP005741,CUST002200,2024-07-25,Wedding,35000,48,20.16,Broker
APP005742,CUST002192,2023-08-02,Car Purchase,28500,24,14.42,Online
APP005743,CUST002684,2023-01-25,Car Purchase,45000,24,21.86,Branch
APP005744,CUST004030,2023-04-29,Debt Consolidation,27500,60,12.92,Broker
APP005745,CUST000910,2023-01-12,Debt Consolidation,49000,48,12.94,Branch
APP005746,CUST005181,2024-01-31,Other,13500,36,16.68,Online
APP005747,CUST000191,2024-04-05,Travel,16500,36,7.61,Branch
APP005748,CUST005942,2024-11-23,Wedding,44000,60,9.34,Branch
APP005749,CUST002267,2024-06-12,Car Purchase,41500,24,21.11,Online
APP005750,CUST002142,2024-08-26,Debt Consolidation,41000,36,16.78,Online
APP005751,CUST002164,2024-11-21,Debt Consolidation,5500,48,15.28,Broker
APP005752,CUST003843,2024-02-11,Home Renovation,13000,36,12.85,Online
APP005753,CUST001408,2024-03-09,Other,33000,36,19.49,Online
APP005754,CUST000390,2023-01-26,Home Renovation,19000,48,20.1,Online
APP005755,CUST004921,2024-12-15,Debt Consolidation,9000,36,10.7,Online
APP005756,CUST000205,2024-08-06,Home Renovation,44000,24,14.96,Broker
APP005757,CUST004993,2024-04-16,Wedding,46000,24,9.43,Online
APP005758,CUST004024,2023-05-15,Car Purchase,16500,48,11.84,Branch
APP005759,CUST003617,2023-10-15,Other,26000,12,13.59,Broker
APP005760,CUST005953,2024-12-26,Travel,47000,24,8.84,Branch
APP005761,CUST004650,2023-12-07,Debt Consolidation,35000,36,12.01,Online
APP005762,CUST005910,2024-12-03,Debt Consolidation,43000,36,10.79,Broker
APP005763,CUST004032,2023-03-01,Debt Consolidation,34500,60,9.63,Online
APP005764,CUST003054,2023-05-29,Debt Consolidation,3000,36,17.19,Online
APP005765,CUST002148,2023-08-04,Home Renovation,16000,24,17.5,Online
APP005766,CUST002411,2023-04-03,Car Purchase,5500,36,12.05,Broker
APP005767,CUST003803,2023-04-06,Wedding,14500,36,20.47,Branch
APP005768,CUST003988,2024-12-10,Debt Consolidation,46000,36,13.41,Broker
APP005769,CUST005801,2023-01-28,Car Purchase,24000,60,13.82,Online
APP005770,CUST000328,2024-12-04,Home Renovation,6000,60,11.48,Online
APP005771,CUST004697,2024-12-11,Car Purchase,31000,24,18.39,Broker
APP005772,CUST005378,2024-05-18,Car Purchase,31500,36,13.04,Broker
APP005773,CUST002594,2024-12-03,Debt Consolidation,49500,24,14.12,Online
APP005774,CUST005724,2024-09-21,Medical,40000,60,12.79,Broker
APP005775,CUST002082,2023-01-13,Travel,10000,36,9.39,Online
APP005776,CUST004486,2023-07-17,Debt Consolidation,44000,12,21.4,Online
APP005777,CUST002666,2024-02-09,Home Renovation,27000,48,18.5,Broker
APP005778,CUST002075,2024-06-08,Medical,39500,36,20.43,Online
APP005779,CUST002648,2024-03-26,Other,37000,48,8.19,Online
APP005780,CUST004097,2023-12-21,Travel,25500,60,21.49,Online
APP005781,CUST000988,2024-12-10,Debt Consolidation,31000,48,20.4,Online
APP005782,CUST002539,2024-12-14,Car Purchase,31500,48,9.88,Broker
APP005783,CUST003586,2023-05-16,Wedding,22000,36,19.56,Online
APP005784,CUST005391,2023-02-21,Home Renovation,41000,24,9.56,Broker
APP005785,CUST001812,2024-08-28,Car Purchase,44500,36,19.53,Branch
APP005786,CUST001752,2023-09-14,Home Renovation,12000,24,19.72,Online
APP005787,CUST003926,2023-06-05,Debt Consolidation,34000,24,22.32,Online
APP005788,CUST001935,2023-03-11,Debt Consolidation,45000,24,7.74,Branch
APP005789,CUST000463,2023-10-27,Other,34500,36,11.24,Branch
APP005790,CUST005772,2023-07-23,Home Renovation,12000,36,10.1,Online
APP005791,CUST001894,2024-07-12,Other,48500,36,10.73,Branch
APP005792,CUST001742,2024-09-11,Debt Consolidation,27000,48,18.31,Broker
APP005793,CUST003246,2023-05-18,Debt Consolidation,10500,48,10.76,Branch
APP005794,CUST001072,2024-10-19,Wedding,36000,60,17.64,Broker
APP005795,CUST003585,2024-06-26,Home Renovation,15000,36,10.75,Branch
APP005796,CUST004497,2024-11-08,Home Renovation,6000,60,7.59,Broker
APP005797,CUST004861,2023-04-25,Home Renovation,16000,36,16.71,Branch
APP005798,CUST002529,2024-12-21,Wedding,15000,24,14.94,Broker
APP005799,CUST000482,2024-06-17,Home Renovation,38000,36,22.1,Broker
APP005800,CUST001587,2023-03-27,Debt Consolidation,37500,24,12.74,Broker
APP005801,CUST003089,2023-09-14,Wedding,40000,24,20.3,Branch
APP005802,CUST004710,2023-07-16,Home Renovation,44000,48,13.91,Broker
APP005803,CUST002960,2024-12-12,Car Purchase,41500,24,18.45,Online
APP005804,CUST004110,2024-04-27,Home Renovation,12000,24,21.46,Branch
APP005805,CUST002952,2024-11-18,Car Purchase,30000,48,19.39,Online
APP005806,CUST001114,2023-09-05,Home Renovation,47500,36,9.56,Branch
APP005807,CUST002008,2024-03-04,Medical,22500,48,15.98,Online
APP005808,CUST002289,2024-10-14,Debt Consolidation,11000,36,14.01,Online
APP005809,CUST004590,2024-12-23,Home Renovation,25000,48,21.4,Broker
APP005810,CUST002376,2024-10-02,Car Purchase,45500,36,21.34,Online
APP005811,CUST002603,2023-04-15,Car Purchase,49000,24,13.25,Online
APP005812,CUST002175,2024-04-06,Home Renovation,43500,60,12.01,Broker
APP005813,CUST000730,2024-02-29,Car Purchase,31500,48,8.85,Branch
APP005814,CUST004557,2023-08-17,Car Purchase,35000,48,15.92,Online
APP005815,CUST004918,2024-09-04,Medical,11500,48,9.61,Online
APP005816,CUST003898,2024-10-21,Car Purchase,11000,60,20.82,Branch
APP005817,CUST004590,2024-08-21,Debt Consolidation,31000,36,8.05,Online
APP005818,CUST002112,2023-10-14,Home Renovation,30500,36,12.08,Branch
APP005819,CUST001697,2024-11-05,Wedding,10000,60,13.26,Online
APP005820,CUST005643,2024-03-22,Travel,34000,36,9.76,Online
APP005821,CUST003853,2024-02-29,Debt Consolidation,47500,24,9.63,Branch
APP005822,CUST000216,2023-01-13,Home Renovation,35500,48,18.95,Online
APP005823,CUST001508,2024-10-25,Debt Consolidation,44000,24,20.87,Branch
APP005824,CUST002816,2024-02-28,Home Renovation,12500,24,14.34,Online
APP005825,CUST003231,2023-02-24,Travel,34500,36,18.5,Online
APP005826,CUST002365,2023-07-03,Medical,24500,60,10.96,Online
APP005827,CUST005454,2024-02-08,Car Purchase,48500,60,14.45,Online
APP005828,CUST001835,2023-05-22,Home Renovation,28000,48,8.37,Online
APP005829,CUST001862,2023-12-14,Medical,26500,48,11.01,Online
APP005830,CUST000246,2023-10-25,Car Purchase,10500,48,16.37,Online
APP005831,CUST005554,2023-03-18,Home Renovation,7500,36,9.56,Branch
APP005832,CUST000255,2024-09-05,Home Renovation,5000,24,13.19,Branch
APP005833,CUST001204,2024-09-19,Home Renovation,2500,48,17.5,Online
APP005834,CUST004875,2023-03-23,Medical,3000,36,12.61,Branch
APP005835,CUST000218,2023-06-10,Debt Consolidation,38000,36,18.08,Branch
APP005836,CUST002726,2023-04-25,Car Purchase,11000,12,15.72,Branch
APP005837,CUST000363,2023-02-28,Car Purchase,16000,48,13.01,Broker
APP005838,CUST000796,2023-03-02,Debt Consolidation,5000,36,13.59,Online
APP005839,CUST001081,2024-08-03,Car Purchase,10000,24,13.36,Online
APP005840,CUST003764,2023-11-13,Debt Consolidation,8000,48,9.26,Online
APP005841,CUST002848,2023-11-15,Car Purchase,26000,12,16.54,Branch
APP005842,CUST004125,2023-06-26,Debt Consolidation,11000,36,20.8,Broker
APP005843,CUST005216,2024-08-28,Debt Consolidation,34000,60,18.96,Branch
APP005844,CUST004068,2024-02-13,Home Renovation,7500,36,10.8,Branch
APP005845,CUST004862,2024-01-08,Debt Consolidation,48500,60,17.89,Branch
APP005846,CUST005318,2023-09-03,Car Purchase,11000,36,20.22,Online
APP005847,CUST004906,2024-05-12,Home Renovation,32000,36,15.28,Branch
APP005848,CUST003249,2024-02-02,Car Purchase,6500,60,13.25,Branch
APP005849,CUST004814,2024-02-21,Debt Consolidation,18000,12,21.87,Broker
APP005850,CUST005513,2024-09-11,Debt Consolidation,31500,60,10.44,Online
APP005851,CUST005405,2023-03-22,Car Purchase,23500,36,22.1,Branch
APP005852,CUST005888,2024-04-23,Debt Consolidation,36500,48,15.85,Online
APP005853,CUST003457,2024-12-26,Travel,32500,48,12.79,Online
APP005854,CUST000613,2024-11-16,Medical,10500,48,18.11,Broker
APP005855,CUST004804,2023-06-15,Debt Consolidation,42000,24,15.33,Branch
APP005856,CUST003905,2024-07-01,Debt Consolidation,4500,36,21.43,Online
APP005857,CUST001435,2023-04-18,Debt Consolidation,32500,60,16.46,Online
APP005858,CUST002041,2024-08-28,Wedding,3000,60,22.49,Broker
APP005859,CUST000393,2024-07-29,Home Renovation,26500,12,10.42,Broker
APP005860,CUST002112,2024-06-14,Debt Consolidation,8500,24,20.17,Broker
APP005861,CUST000093,2024-03-13,Debt Consolidation,24500,48,7.66,Broker
APP005862,CUST001509,2024-08-14,Debt Consolidation,34000,48,12.0,Online
APP005863,CUST002209,2023-07-20,Debt Consolidation,7000,36,19.75,Online
APP005864,CUST002290,2024-11-01,Home Renovation,9500,12,9.93,Online
APP005865,CUST003790,2024-09-19,Car Purchase,22000,12,12.72,Branch
APP005866,CUST000254,2023-07-11,Debt Consolidation,25000,24,8.83,Online
APP005867,CUST002796,2023-11-14,Debt Consolidation,4000,60,18.4,Branch
APP005868,CUST005733,2024-02-19,Car Purchase,19500,48,13.38,Online
APP005869,CUST005290,2023-02-16,Debt Consolidation,34000,48,15.04,Online
APP005870,CUST003294,2023-08-23,Car Purchase,16500,48,15.64,Branch
APP005871,CUST004349,2023-03-17,Debt Consolidation,35000,48,20.83,Broker
APP005872,CUST005300,2023-11-12,Wedding,26000,60,11.23,Online
APP005873,CUST003238,2023-02-13,Car Purchase,23000,60,11.37,Online
APP005874,CUST004666,2024-12-17,Car Purchase,17000,60,15.73,Branch
APP005875,CUST000393,2024-07-03,Car Purchase,44000,24,14.47,Online
APP005876,CUST002135,2024-08-03,Debt Consolidation,49000,48,7.95,Branch
APP005877,CUST003113,2024-09-09,Car Purchase,48000,48,7.81,Online
APP005878,CUST005850,2023-12-26,Debt Consolidation,6500,12,15.51,Online
APP005879,CUST003971,2023-10-12,Debt Consolidation,43000,24,11.03,Broker
APP005880,CUST003948,2024-11-17,Debt Consolidation,41500,36,20.1,Online
APP005881,CUST001118,2023-06-28,Home Renovation,8000,60,13.0,Online
APP005882,CUST002479,2023-09-03,Car Purchase,49000,24,9.14,Online
APP005883,CUST003392,2023-02-23,Car Purchase,19000,48,17.25,Broker
APP005884,CUST001432,2024-10-08,Home Renovation,49000,48,11.98,Online
APP005885,CUST002084,2023-05-16,Wedding,4500,60,15.1,Online
APP005886,CUST003660,2024-02-01,Debt Consolidation,14000,36,8.14,Online
APP005887,CUST000008,2024-05-08,Car Purchase,41000,36,10.04,Branch
APP005888,CUST005948,2024-10-03,Other,37000,36,14.77,Online
APP005889,CUST001729,2024-04-24,Wedding,43500,48,7.57,Branch
APP005890,CUST000847,2024-01-19,Travel,20000,60,17.73,Branch
APP005891,CUST004262,2023-05-15,Debt Consolidation,36500,48,20.77,Online
APP005892,CUST001440,2024-06-29,Debt Consolidation,44500,36,15.96,Online
APP005893,CUST003419,2023-04-09,Car Purchase,8500,36,8.68,Online
APP005894,CUST003066,2023-03-15,Car Purchase,42000,48,13.93,Online
APP005895,CUST003764,2023-11-02,Travel,5000,24,18.83,Online
APP005896,CUST000094,2023-03-14,Car Purchase,13000,24,20.03,Broker
APP005897,CUST003189,2024-06-07,Other,9500,24,10.02,Online
APP005898,CUST005160,2024-06-28,Home Renovation,19000,48,16.21,Branch
APP005899,CUST002973,2023-12-17,Debt Consolidation,21000,24,7.67,Online
APP005900,CUST004518,2023-11-27,Home Renovation,39500,60,10.94,Broker
APP005901,CUST000361,2024-12-16,Other,21500,36,20.63,Branch
APP005902,CUST002723,2024-04-27,Debt Consolidation,4500,12,20.49,Broker
APP005903,CUST003714,2023-01-06,Debt Consolidation,8500,48,22.21,Online
APP005904,CUST004841,2023-01-27,Wedding,3000,24,8.71,Branch
APP005905,CUST004543,2024-04-06,Debt Consolidation,39500,12,10.68,Branch
APP005906,CUST001421,2023-06-26,Travel,30000,36,22.34,Branch
APP005907,CUST000278,2023-09-01,Travel,28000,48,22.13,Online
APP005908,CUST000715,2023-05-06,Debt Consolidation,8500,48,20.54,Online
APP005909,CUST001783,2024-09-18,Other,17500,24,21.16,Online
APP005910,CUST001417,2023-07-20,Medical,41500,24,16.22,Online
APP005911,CUST005086,2024-03-21,Travel,8500,36,21.24,Broker
APP005912,CUST000656,2023-06-28,Debt Consolidation,47500,36,16.96,Broker
APP005913,CUST002521,2024-09-21,Debt Consolidation,4500,12,21.39,Online
APP005914,CUST003138,2024-04-14,Debt Consolidation,20500,12,11.77,Broker
APP005915,CUST004987,2024-03-18,Car Purchase,3500,60,17.17,Online
APP005916,CUST003265,2023-04-07,Debt Consolidation,44500,60,15.66,Broker
APP005917,CUST000887,2023-11-02,Car Purchase,41000,36,13.69,Online
APP005918,CUST001282,2023-01-21,Debt Consolidation,35000,24,12.07,Branch
APP005919,CUST004447,2024-05-02,Medical,11500,60,19.61,Online
APP005920,CUST000108,2023-02-20,Debt Consolidation,27500,24,17.29,Branch
APP005921,CUST000462,2024-02-02,Debt Consolidation,34000,60,14.07,Branch
APP005922,CUST000027,2023-11-16,Wedding,15500,36,9.01,Branch
APP005923,CUST003664,2023-01-18,Other,16500,36,10.07,Branch
APP005924,CUST002674,2024-05-01,Debt Consolidation,9000,36,15.9,Online
APP005925,CUST004327,2023-01-30,Home Renovation,42500,60,17.92,Online
APP005926,CUST004183,2023-02-20,Medical,36000,36,22.08,Broker
APP005927,CUST000818,2024-05-16,Travel,11000,36,10.54,Online
APP005928,CUST004130,2023-10-28,Travel,32000,36,17.95,Online
APP005929,CUST002809,2024-09-25,Car Purchase,13000,36,16.25,Online
APP005930,CUST005471,2024-08-09,Car Purchase,47000,36,8.76,Broker
APP005931,CUST005525,2024-11-28,Travel,15500,24,11.31,Online
APP005932,CUST000812,2023-07-06,Car Purchase,48500,24,15.98,Broker
APP005933,CUST000862,2024-05-28,Home Renovation,10500,36,17.97,Online
APP005934,CUST001982,2023-12-06,Car Purchase,30500,48,11.83,Branch
APP005935,CUST003868,2024-03-04,Home Renovation,16500,48,14.72,Broker
APP005936,CUST004240,2024-12-07,Home Renovation,30500,24,10.74,Broker
APP005937,CUST004723,2023-01-27,Travel,43000,24,20.76,Branch
APP005938,CUST001882,2023-10-20,Travel,4000,48,13.93,Online
APP005939,CUST000163,2023-10-31,Medical,11000,36,10.48,Online
APP005940,CUST001341,2023-01-28,Debt Consolidation,36500,12,13.99,Online
APP005941,CUST002219,2024-11-18,Medical,35000,24,13.44,Online
APP005942,CUST004528,2023-04-18,Wedding,20000,36,14.38,Branch
APP005943,CUST002286,2024-11-13,Debt Consolidation,45500,48,18.06,Online
APP005944,CUST001407,2023-04-22,Home Renovation,17500,36,12.9,Branch
APP005945,CUST005870,2024-10-07,Debt Consolidation,35000,60,18.4,Online
APP005946,CUST002987,2024-04-17,Medical,42000,60,20.31,Branch
APP005947,CUST002351,2023-01-17,Debt Consolidation,15000,48,19.79,Online
APP005948,CUST000311,2023-09-28,Home Renovation,36000,36,16.84,Online
APP005949,CUST004725,2024-12-18,Medical,15000,36,10.54,Online
APP005950,CUST000152,2024-06-16,Travel,46000,24,11.74,Online
APP005951,CUST002064,2024-01-12,Debt Consolidation,35000,60,11.15,Branch
APP005952,CUST002691,2024-04-27,Car Purchase,17500,48,16.97,Branch
APP005953,CUST001325,2024-09-22,Car Purchase,28500,48,22.47,Branch
APP005954,CUST004546,2024-10-05,Other,13000,60,18.88,Online
APP005955,CUST002607,2023-11-01,Car Purchase,13000,24,7.59,Online
APP005956,CUST005445,2024-03-13,Wedding,23000,48,13.64,Online
APP005957,CUST003055,2023-10-26,Travel,48000,36,20.92,Broker
APP005958,CUST002680,2024-06-22,Debt Consolidation,30500,60,14.04,Online
APP005959,CUST001620,2024-09-21,Car Purchase,10000,36,13.4,Online
APP005960,CUST000950,2024-02-06,Debt Consolidation,22000,36,18.65,Branch
APP005961,CUST005319,2024-01-01,Car Purchase,15000,24,8.31,Online
APP005962,CUST001690,2024-04-13,Travel,44000,60,20.11,Broker
APP005963,CUST000732,2023-05-21,Travel,5000,36,16.68,Online
APP005964,CUST003070,2024-12-28,Debt Consolidation,4500,24,20.65,Online
APP005965,CUST004220,2023-12-18,Home Renovation,19500,60,17.61,Online
APP005966,CUST005142,2023-09-16,Debt Consolidation,11500,24,22.0,Online
APP005967,CUST003296,2023-04-04,Home Renovation,14000,48,7.99,Branch
APP005968,CUST002194,2023-06-16,Travel,16000,36,18.69,Online
APP005969,CUST002859,2023-12-23,Wedding,46000,24,19.13,Branch
APP005970,CUST003821,2023-11-11,Wedding,29500,60,16.41,Online
APP005971,CUST000303,2023-05-25,Home Renovation,29000,12,21.42,Branch
APP005972,CUST004839,2024-08-25,Home Renovation,26500,36,10.42,Branch
APP005973,CUST005371,2024-11-15,Travel,42500,12,18.11,Online
APP005974,CUST003597,2023-08-01,Debt Consolidation,14500,12,17.11,Online
APP005975,CUST001194,2024-05-07,Debt Consolidation,32500,12,10.22,Online
APP005976,CUST000963,2023-01-12,Car Purchase,25500,48,20.13,Branch
APP005977,CUST002493,2024-02-06,Car Purchase,26000,60,17.14,Broker
APP005978,CUST003135,2023-12-25,Wedding,33000,36,15.5,Online
APP005979,CUST005713,2023-05-09,Car Purchase,14500,36,16.81,Broker
APP005980,CUST002262,2024-03-18,Car Purchase,37000,24,17.44,Branch
APP005981,CUST005634,2023-01-11,Car Purchase,48000,12,10.81,Online
APP005982,CUST004418,2023-07-19,Debt Consolidation,35000,48,12.36,Online
APP005983,CUST002625,2024-12-16,Debt Consolidation,17500,12,12.06,Broker
APP005984,CUST003391,2024-09-18,Debt Consolidation,34500,60,16.2,Broker
APP005985,CUST004025,2023-01-21,Home Renovation,15000,48,9.44,Online
APP005986,CUST002174,2023-04-08,Home Renovation,48500,24,22.07,Branch
APP005987,CUST001157,2024-06-21,Debt Consolidation,44500,36,9.49,Branch
APP005988,CUST002788,2024-11-28,Debt Consolidation,20000,48,15.22,Online
APP005989,CUST001833,2023-08-10,Car Purchase,49500,36,20.01,Branch
APP005990,CUST005379,2024-03-04,Debt Consolidation,38500,24,16.6,Branch
APP005991,CUST005954,2023-04-18,Debt Consolidation,30000,12,22.17,Online
APP005992,CUST001394,2023-01-14,Wedding,2500,48,13.33,Online
APP005993,CUST004437,2023-04-03,Travel,43500,12,9.69,Online
APP005994,CUST005658,2024-06-16,Car Purchase,39000,48,21.59,Branch
APP005995,CUST003636,2024-03-21,Car Purchase,14000,36,14.82,Broker
APP005996,CUST002649,2024-05-11,Car Purchase,40000,24,20.95,Online
APP005997,CUST001416,2024-08-07,Debt Consolidation,24500,36,9.49,Online
APP005998,CUST004267,2024-12-21,Car Purchase,11500,48,15.86,Broker
APP005999,CUST005445,2023-06-30,Debt Consolidation,24500,36,20.9,Online
APP006000,CUST002153,2023-01-06,Wedding,30500,48,9.44,Branch
APP006001,CUST004593,2023-05-21,Car Purchase,22000,48,19.51,Online
APP006002,CUST005305,2024-04-06,Wedding,11500,36,18.32,Branch
APP006003,CUST002609,2024-01-13,Car Purchase,19500,24,8.11,Online
APP006004,CUST004275,2023-07-10,Debt Consolidation,33500,36,22.46,Online
APP006005,CUST000982,2024-04-27,Home Renovation,48500,48,13.27,Online
APP006006,CUST003726,2024-06-12,Car Purchase,2000,48,15.06,Branch
APP006007,CUST004115,2024-09-20,Home Renovation,20500,12,21.87,Broker
APP006008,CUST001073,2023-07-31,Home Renovation,19000,36,17.61,Online
APP006009,CUST000965,2023-07-03,Car Purchase,11500,12,20.07,Online
APP006010,CUST000915,2024-02-03,Wedding,24000,24,19.84,Online
APP006011,CUST002230,2024-08-29,Car Purchase,48000,48,18.8,Broker
APP006012,CUST003552,2024-03-20,Debt Consolidation,25000,36,17.79,Online
APP006013,CUST004995,2024-06-13,Travel,13500,48,20.85,Online
APP006014,CUST003682,2023-09-23,Car Purchase,44000,36,19.65,Online
APP006015,CUST001990,2024-05-25,Car Purchase,44500,24,11.64,Branch
APP006016,CUST004525,2023-04-18,Wedding,45000,60,12.3,Branch
APP006017,CUST000222,2024-12-18,Travel,39000,24,20.89,Branch
APP006018,CUST003129,2023-08-24,Debt Consolidation,17000,24,10.64,Broker
APP006019,CUST003211,2024-08-10,Car Purchase,5000,36,16.57,Online
APP006020,CUST005873,2023-12-12,Wedding,28500,36,12.93,Branch
APP006021,CUST000597,2024-06-02,Travel,2500,60,21.29,Online
APP006022,CUST004830,2024-11-27,Home Renovation,46500,48,8.82,Broker
APP006023,CUST000451,2024-09-09,Home Renovation,18000,36,7.9,Online
APP006024,CUST000921,2023-05-12,Travel,8500,48,9.43,Online
APP006025,CUST000811,2024-02-21,Home Renovation,45000,24,16.52,Branch
APP006026,CUST001352,2023-08-24,Travel,24500,48,13.35,Broker
APP006027,CUST001146,2023-06-03,Home Renovation,19000,60,20.16,Online
APP006028,CUST002897,2023-05-10,Car Purchase,46000,48,13.34,Online
APP006029,CUST002022,2024-02-25,Travel,14500,36,13.98,Branch
APP006030,CUST001272,2023-05-20,Car Purchase,32000,36,16.39,Branch
APP006031,CUST001071,2023-06-03,Debt Consolidation,38000,12,17.61,Branch
APP006032,CUST004801,2024-05-28,Travel,38000,24,18.97,Online
APP006033,CUST002143,2024-03-10,Wedding,39500,36,12.38,Branch
APP006034,CUST000104,2023-08-17,Other,16500,36,14.62,Online
APP006035,CUST005968,2024-10-12,Debt Consolidation,38500,48,15.94,Online
APP006036,CUST003026,2023-07-16,Home Renovation,22500,36,15.97,Online
APP006037,CUST002522,2024-06-05,Debt Consolidation,20000,48,18.83,Online
APP006038,CUST004732,2024-09-11,Wedding,45500,12,8.07,Online
APP006039,CUST003848,2023-08-18,Debt Consolidation,11000,12,21.31,Branch
APP006040,CUST005451,2023-11-15,Debt Consolidation,47000,60,17.65,Branch
APP006041,CUST003129,2023-02-26,Car Purchase,46500,48,10.47,Broker
APP006042,CUST004074,2024-03-28,Home Renovation,20500,12,9.0,Online
APP006043,CUST005179,2024-09-20,Travel,36000,36,12.39,Broker
APP006044,CUST005022,2024-07-14,Debt Consolidation,22000,12,20.15,Online
APP006045,CUST000753,2024-12-01,Car Purchase,4000,48,20.68,Online
APP006046,CUST001938,2023-07-01,Home Renovation,44500,36,16.41,Online
APP006047,CUST003832,2024-05-01,Car Purchase,6500,36,20.48,Broker
APP006048,CUST002229,2024-10-26,Medical,30000,12,15.83,Online
APP006049,CUST005943,2023-12-07,Travel,29500,36,22.27,Broker
APP006050,CUST001833,2024-03-23,Home Renovation,10500,36,18.15,Broker
APP006051,CUST005456,2024-06-18,Home Renovation,29000,24,19.13,Branch
APP006052,CUST005512,2023-03-13,Travel,23000,24,19.54,Online
APP006053,CUST005064,2023-12-10,Debt Consolidation,9500,60,16.78,Broker
APP006054,CUST000762,2023-05-10,Wedding,3000,36,15.74,Broker
APP006055,CUST002324,2023-11-11,Other,13500,48,9.53,Online
APP006056,CUST003933,2023-08-20,Debt Consolidation,29500,36,8.08,Broker
APP006057,CUST004142,2024-07-27,Travel,15000,48,20.0,Broker
APP006058,CUST005427,2023-08-07,Other,25500,24,8.47,Broker
APP006059,CUST004460,2023-03-27,Medical,40000,48,11.18,Online
APP006060,CUST002066,2024-11-09,Wedding,43000,24,22.19,Online
APP006061,CUST000833,2023-01-03,Debt Consolidation,27000,12,17.32,Branch
APP006062,CUST004927,2024-03-11,Home Renovation,49500,24,19.94,Online
APP006063,CUST003463,2024-02-21,Debt Consolidation,31000,60,19.83,Branch
APP006064,CUST000474,2024-06-26,Car Purchase,7000,60,19.62,Online
APP006065,CUST005024,2024-12-13,Car Purchase,24500,48,9.9,Online
APP006066,CUST000891,2024-09-11,Car Purchase,18500,36,12.11,Branch
APP006067,CUST003586,2024-02-14,Debt Consolidation,24000,48,12.33,Broker
APP006068,CUST003902,2024-07-04,Travel,20500,36,16.36,Branch
APP006069,CUST004288,2024-03-30,Debt Consolidation,40000,36,11.97,Online
APP006070,CUST001500,2024-12-09,Travel,3000,48,16.25,Broker
APP006071,CUST001684,2024-01-11,Debt Consolidation,10000,60,12.43,Online
APP006072,CUST002288,2024-06-21,Other,13000,60,9.06,Online
APP006073,CUST004026,2024-04-08,Debt Consolidation,48000,60,17.48,Online
APP006074,CUST003315,2024-12-20,Debt Consolidation,10500,60,12.35,Online
APP006075,CUST000554,2023-03-20,Debt Consolidation,23500,36,7.76,Online
APP006076,CUST004595,2024-02-22,Home Renovation,12000,48,16.93,Broker
APP006077,CUST000384,2023-11-07,Home Renovation,33500,36,17.39,Broker
APP006078,CUST001979,2024-03-25,Wedding,22000,60,21.42,Online
APP006079,CUST003855,2024-10-05,Car Purchase,6000,36,16.32,Branch
APP006080,CUST005945,2023-08-08,Wedding,40500,12,22.37,Broker
APP006081,CUST000303,2024-07-04,Wedding,46000,36,17.22,Online
APP006082,CUST003556,2024-03-07,Car Purchase,43500,12,11.3,Broker
APP006083,CUST004029,2023-05-19,Car Purchase,30500,36,13.19,Online
APP006084,CUST002003,2023-10-13,Debt Consolidation,3000,12,21.09,Branch
APP006085,CUST002424,2023-09-26,Debt Consolidation,17000,60,11.44,Online
APP006086,CUST002293,2023-05-16,Home Renovation,9000,12,15.95,Broker
APP006087,CUST004953,2023-10-21,Debt Consolidation,33000,24,9.43,Online
APP006088,CUST002206,2024-09-14,Debt Consolidation,42500,60,20.23,Online
APP006089,CUST002152,2023-03-31,Wedding,31500,24,18.56,Online
APP006090,CUST000938,2023-07-24,Debt Consolidation,12000,36,9.73,Branch
APP006091,CUST003631,2024-02-26,Debt Consolidation,24000,24,22.22,Branch
APP006092,CUST005686,2024-05-26,Car Purchase,18500,24,20.87,Broker
APP006093,CUST003116,2023-09-18,Travel,37500,24,20.39,Online
APP006094,CUST002620,2024-08-14,Home Renovation,28500,24,12.92,Broker
APP006095,CUST005712,2024-03-20,Debt Consolidation,28000,36,21.18,Online
APP006096,CUST004197,2024-08-15,Car Purchase,32000,36,11.9,Broker
APP006097,CUST001475,2024-09-22,Travel,49000,60,15.56,Broker
APP006098,CUST000232,2024-02-11,Travel,48500,36,7.77,Online
APP006099,CUST001024,2024-02-17,Debt Consolidation,17000,36,21.94,Broker
APP006100,CUST005775,2024-07-28,Home Renovation,28500,24,10.52,Online
APP006101,CUST003003,2024-03-03,Car Purchase,32500,60,7.86,Online
APP006102,CUST000492,2023-01-04,Wedding,11500,36,14.18,Branch
APP006103,CUST004237,2024-10-21,Car Purchase,7500,36,13.61,Online
APP006104,CUST002034,2024-02-02,Debt Consolidation,49000,36,11.78,Online
APP006105,CUST000611,2023-10-22,Car Purchase,41500,48,14.46,Online
APP006106,CUST005091,2023-07-25,Debt Consolidation,14000,60,11.25,Broker
APP006107,CUST000356,2023-04-26,Debt Consolidation,15500,24,18.01,Broker
APP006108,CUST005370,2023-07-17,Debt Consolidation,38500,60,11.34,Broker
APP006109,CUST002983,2024-01-17,Car Purchase,32500,36,16.43,Online
APP006110,CUST002831,2024-12-28,Car Purchase,45000,36,21.55,Online
APP006111,CUST003599,2024-12-24,Travel,32000,24,18.74,Online
APP006112,CUST001896,2023-08-28,Debt Consolidation,12000,60,14.41,Broker
APP006113,CUST001124,2023-01-13,Home Renovation,11000,60,16.55,Online
APP006114,CUST005295,2024-01-02,Car Purchase,24500,48,22.48,Online
APP006115,CUST003399,2023-01-23,Car Purchase,25000,60,19.67,Online
APP006116,CUST002683,2024-05-31,Car Purchase,24500,24,12.57,Broker
APP006117,CUST005252,2023-05-17,Debt Consolidation,45000,36,10.96,Broker
APP006118,CUST004371,2023-06-02,Debt Consolidation,27500,48,9.81,Online
APP006119,CUST004689,2024-08-31,Debt Consolidation,37000,24,22.37,Broker
APP006120,CUST003449,2024-12-09,Debt Consolidation,14500,36,19.23,Online
APP006121,CUST002753,2024-08-27,Debt Consolidation,5500,24,16.4,Branch
APP006122,CUST002277,2023-07-12,Medical,7000,48,22.07,Broker
APP006123,CUST003017,2023-12-04,Wedding,11500,24,10.22,Branch
APP006124,CUST003533,2024-03-19,Debt Consolidation,16000,24,17.84,Broker
APP006125,CUST004657,2023-11-22,Car Purchase,18000,24,10.67,Online
APP006126,CUST004768,2023-02-20,Home Renovation,13000,12,9.71,Branch
APP006127,CUST003841,2023-06-14,Debt Consolidation,21000,60,14.81,Broker
APP006128,CUST000448,2023-05-02,Home Renovation,31000,36,11.09,Broker
APP006129,CUST001702,2024-05-02,Debt Consolidation,12500,60,17.06,Online
APP006130,CUST002179,2024-11-13,Debt Consolidation,24000,12,13.23,Online
APP006131,CUST000327,2024-02-29,Car Purchase,4500,24,11.58,Online
APP006132,CUST000222,2023-04-03,Debt Consolidation,25500,48,14.35,Online
APP006133,CUST004958,2023-03-17,Debt Consolidation,46000,12,8.24,Online
APP006134,CUST005317,2024-12-24,Car Purchase,5000,48,18.0,Online
APP006135,CUST005446,2023-03-04,Car Purchase,12500,24,7.8,Online
APP006136,CUST000431,2024-09-12,Wedding,32500,48,10.39,Broker
APP006137,CUST004583,2023-09-29,Debt Consolidation,19000,48,16.11,Online
APP006138,CUST002079,2023-03-01,Medical,35500,12,13.93,Branch
APP006139,CUST000325,2023-05-16,Car Purchase,12500,36,20.76,Online
APP006140,CUST003515,2024-05-29,Debt Consolidation,26500,60,21.28,Online
APP006141,CUST001634,2023-08-21,Debt Consolidation,50000,24,19.88,Broker
APP006142,CUST001792,2024-03-07,Debt Consolidation,43000,24,20.06,Broker
APP006143,CUST003762,2024-12-12,Debt Consolidation,16500,36,11.76,Online
APP006144,CUST005031,2024-03-10,Home Renovation,8000,12,18.76,Branch
APP006145,CUST002787,2024-01-14,Debt Consolidation,9500,36,19.24,Branch
APP006146,CUST000395,2024-03-07,Home Renovation,36500,60,19.87,Branch
APP006147,CUST002620,2024-02-14,Other,15000,36,18.79,Online
APP006148,CUST000894,2023-07-14,Debt Consolidation,9000,12,12.46,Online
APP006149,CUST001864,2024-03-30,Car Purchase,42000,36,19.39,Broker
APP006150,CUST005261,2024-09-14,Home Renovation,30500,24,22.18,Online
APP006151,CUST001904,2023-11-26,Other,39500,60,17.41,Online
APP006152,CUST003725,2023-09-10,Home Renovation,17500,48,13.36,Online
APP006153,CUST003788,2023-02-02,Debt Consolidation,39500,24,9.15,Broker
APP006154,CUST003831,2024-04-15,Car Purchase,44500,36,17.91,Broker
APP006155,CUST003353,2023-04-15,Car Purchase,36000,36,21.33,Online
APP006156,CUST004043,2024-01-20,Debt Consolidation,26000,60,14.99,Online
APP006157,CUST002677,2023-04-13,Medical,17500,12,19.29,Online
APP006158,CUST004797,2024-07-29,Medical,10500,48,9.71,Online
APP006159,CUST003349,2023-09-18,Car Purchase,11500,60,15.11,Branch
APP006160,CUST002760,2024-03-21,Medical,43500,36,14.71,Online
APP006161,CUST002942,2024-10-05,Medical,32000,36,8.02,Online
APP006162,CUST003745,2023-05-29,Medical,43000,36,15.12,Online
APP006163,CUST001055,2023-06-12,Wedding,21500,36,20.88,Broker
APP006164,CUST005757,2024-02-18,Wedding,31000,36,17.19,Online
APP006165,CUST005937,2024-07-10,Car Purchase,38000,24,11.68,Broker
APP006166,CUST005871,2024-08-27,Car Purchase,42000,36,19.97,Broker
APP006167,CUST003584,2023-07-04,Medical,44500,36,7.94,Online
APP006168,CUST001032,2023-03-01,Travel,27000,60,9.25,Broker
APP006169,CUST001178,2024-06-22,Car Purchase,32000,12,12.2,Branch
APP006170,CUST001525,2023-05-03,Debt Consolidation,33000,36,14.55,Branch
APP006171,CUST000865,2023-09-29,Debt Consolidation,38500,24,12.67,Online
APP006172,CUST005585,2023-11-09,Wedding,36000,48,14.57,Online
APP006173,CUST001410,2023-02-25,Debt Consolidation,26000,24,14.69,Broker
APP006174,CUST000874,2023-04-18,Medical,39000,48,19.95,Online
APP006175,CUST005726,2024-01-24,Home Renovation,5500,24,19.84,Online
APP006176,CUST004305,2023-01-15,Debt Consolidation,39000,36,19.0,Branch
APP006177,CUST005538,2023-09-23,Car Purchase,24000,36,9.72,Branch
APP006178,CUST002064,2024-01-30,Medical,11500,48,9.7,Online
APP006179,CUST001156,2023-03-21,Debt Consolidation,15000,60,20.19,Online
APP006180,CUST003034,2023-01-16,Car Purchase,25000,24,19.94,Branch
APP006181,CUST004630,2023-12-30,Car Purchase,30500,48,8.95,Online
APP006182,CUST005131,2024-03-14,Home Renovation,34000,36,10.11,Broker
APP006183,CUST003774,2024-04-06,Car Purchase,48000,60,19.4,Online
APP006184,CUST003037,2024-10-26,Wedding,26000,36,8.73,Online
APP006185,CUST000445,2023-12-29,Travel,19500,12,9.07,Online
APP006186,CUST000997,2024-02-09,Wedding,15500,24,13.39,Online
APP006187,CUST001968,2024-12-16,Home Renovation,49000,60,11.58,Branch
APP006188,CUST005886,2024-09-10,Debt Consolidation,3500,60,9.63,Broker
APP006189,CUST002010,2024-10-22,Medical,32000,24,19.46,Branch
APP006190,CUST004404,2023-12-18,Debt Consolidation,47500,36,15.62,Broker
APP006191,CUST001835,2024-05-08,Debt Consolidation,27500,36,19.01,Broker
APP006192,CUST004825,2023-01-26,Car Purchase,43000,24,13.52,Online
APP006193,CUST000458,2024-10-13,Car Purchase,12000,60,21.44,Online
APP006194,CUST003116,2024-01-08,Debt Consolidation,28000,12,14.15,Broker
APP006195,CUST005016,2023-09-22,Wedding,32500,36,8.97,Branch
APP006196,CUST003498,2024-11-25,Debt Consolidation,45000,36,18.69,Broker
APP006197,CUST002600,2024-11-17,Debt Consolidation,23000,36,20.97,Online
APP006198,CUST005187,2023-05-23,Car Purchase,35500,36,17.91,Branch
APP006199,CUST000627,2023-06-21,Debt Consolidation,35000,48,13.29,Branch
APP006200,CUST002603,2023-05-05,Debt Consolidation,14500,24,15.31,Broker
APP006201,CUST005011,2024-03-17,Home Renovation,35500,60,11.66,Online
APP006202,CUST002141,2024-03-07,Home Renovation,12500,48,11.55,Online
APP006203,CUST004096,2024-03-22,Debt Consolidation,17000,36,8.85,Online
APP006204,CUST002741,2024-02-17,Car Purchase,8000,36,12.62,Branch
APP006205,CUST003682,2024-08-25,Debt Consolidation,35000,48,8.83,Online
APP006206,CUST001020,2024-06-24,Home Renovation,37000,48,17.76,Online
APP006207,CUST001915,2024-06-28,Car Purchase,26500,24,17.68,Branch
APP006208,CUST000120,2023-03-01,Medical,11000,12,11.16,Branch
APP006209,CUST002404,2024-04-03,Debt Consolidation,23000,48,21.75,Online
APP006210,CUST004777,2023-03-09,Car Purchase,21000,36,13.78,Broker
APP006211,CUST005557,2024-04-07,Debt Consolidation,12500,36,12.51,Branch
APP006212,CUST002486,2023-10-08,Home Renovation,40000,24,10.55,Online
APP006213,CUST003817,2023-03-08,Home Renovation,26500,24,13.09,Branch
APP006214,CUST004208,2023-01-15,Travel,35000,48,16.24,Online
APP006215,CUST002401,2024-03-12,Medical,11500,24,14.59,Online
APP006216,CUST003411,2024-01-17,Debt Consolidation,48500,24,9.68,Online
APP006217,CUST002557,2024-02-23,Debt Consolidation,22000,36,8.46,Online
APP006218,CUST005268,2023-10-03,Car Purchase,25000,36,11.18,Online
APP006219,CUST001848,2024-10-17,Travel,48000,36,7.9,Branch
APP006220,CUST000454,2023-05-24,Debt Consolidation,12500,12,12.81,Branch
APP006221,CUST005237,2024-09-19,Home Renovation,24000,36,20.73,Online
APP006222,CUST000107,2023-08-26,Other,8000,60,10.97,Online
APP006223,CUST002601,2024-12-26,Debt Consolidation,4000,12,9.39,Broker
APP006224,CUST000249,2023-10-14,Debt Consolidation,42500,12,15.11,Online
APP006225,CUST005858,2024-08-19,Debt Consolidation,35000,36,8.19,Online
APP006226,CUST002356,2024-10-05,Wedding,37500,60,14.94,Broker
APP006227,CUST000417,2023-09-19,Debt Consolidation,31500,60,10.97,Broker
APP006228,CUST002093,2023-03-19,Home Renovation,3000,60,21.09,Online
APP006229,CUST003970,2024-10-04,Debt Consolidation,30500,60,14.88,Branch
APP006230,CUST003320,2023-09-07,Car Purchase,5000,60,18.67,Branch
APP006231,CUST002977,2023-02-25,Other,14000,12,18.83,Online
APP006232,CUST005015,2024-11-09,Home Renovation,19500,24,13.11,Online
APP006233,CUST004173,2023-11-12,Car Purchase,48000,24,10.91,Online
APP006234,CUST003166,2023-08-19,Home Renovation,43000,24,14.2,Branch
APP006235,CUST002250,2023-03-15,Medical,2500,36,17.95,Branch
APP006236,CUST000762,2024-12-05,Home Renovation,43500,12,11.32,Branch
APP006237,CUST001046,2024-07-04,Home Renovation,14500,36,15.82,Online
APP006238,CUST005979,2023-07-03,Wedding,10000,48,22.15,Online
APP006239,CUST005922,2023-04-06,Debt Consolidation,44000,24,11.2,Broker
APP006240,CUST002960,2024-10-30,Home Renovation,7000,48,19.19,Broker
APP006241,CUST000043,2023-07-23,Debt Consolidation,20500,24,21.66,Broker
APP006242,CUST005699,2024-12-15,Home Renovation,26500,24,11.35,Online
APP006243,CUST004750,2024-01-14,Wedding,44500,60,18.77,Branch
APP006244,CUST001717,2023-10-27,Medical,44000,60,10.9,Online
APP006245,CUST001522,2024-06-07,Debt Consolidation,49500,36,19.42,Online
APP006246,CUST000810,2023-03-24,Car Purchase,44500,24,8.46,Online
APP006247,CUST001261,2024-05-09,Home Renovation,7000,36,21.31,Branch
APP006248,CUST001784,2024-06-26,Home Renovation,3500,24,8.76,Online
APP006249,CUST005977,2023-06-20,Car Purchase,42000,60,21.46,Online
APP006250,CUST000042,2023-04-24,Home Renovation,11000,48,20.76,Broker
APP006251,CUST000317,2023-02-27,Medical,44000,24,11.27,Branch
APP006252,CUST003565,2023-10-31,Debt Consolidation,25000,36,12.33,Online
APP006253,CUST002343,2024-11-28,Car Purchase,22500,48,12.38,Online
APP006254,CUST005338,2024-06-11,Home Renovation,14500,48,16.86,Branch
APP006255,CUST005148,2023-05-31,Debt Consolidation,18500,24,15.92,Broker
APP006256,CUST001824,2024-07-16,Car Purchase,23000,24,19.17,Online
APP006257,CUST003966,2023-08-12,Debt Consolidation,38000,60,13.1,Online
APP006258,CUST003132,2024-01-21,Other,12500,36,16.58,Broker
APP006259,CUST005723,2023-03-05,Debt Consolidation,30500,60,19.14,Broker
APP006260,CUST003528,2024-03-20,Travel,7000,36,21.63,Online
APP006261,CUST004027,2023-02-21,Wedding,35000,36,15.33,Online
APP006262,CUST004024,2023-12-04,Car Purchase,37500,60,8.53,Branch
APP006263,CUST001682,2024-03-30,Medical,8000,60,9.44,Online
APP006264,CUST000656,2024-08-06,Car Purchase,27000,36,7.55,Online
APP006265,CUST005470,2024-10-21,Car Purchase,35000,24,21.44,Online
APP006266,CUST004947,2023-02-18,Debt Consolidation,8000,36,21.7,Branch
APP006267,CUST000669,2023-04-23,Travel,28000,24,19.32,Branch
APP006268,CUST003048,2023-06-29,Travel,7500,24,21.8,Broker
APP006269,CUST004456,2024-10-27,Medical,35000,24,11.42,Online
APP006270,CUST001281,2024-11-10,Car Purchase,19500,24,14.39,Branch
APP006271,CUST001623,2024-07-18,Other,31000,48,18.65,Branch
APP006272,CUST002463,2024-09-10,Debt Consolidation,28500,60,8.08,Branch
APP006273,CUST004997,2023-09-09,Debt Consolidation,32000,12,15.66,Online
APP006274,CUST004815,2024-01-30,Debt Consolidation,3500,60,13.45,Online
APP006275,CUST005459,2024-07-14,Debt Consolidation,28500,60,17.51,Branch
APP006276,CUST002526,2024-08-09,Debt Consolidation,33500,60,21.35,Broker
APP006277,CUST005724,2024-11-30,Home Renovation,13000,60,9.22,Online
APP006278,CUST002643,2023-07-13,Debt Consolidation,44000,24,10.87,Online
APP006279,CUST001618,2024-02-20,Travel,22500,60,14.22,Online
APP006280,CUST000475,2024-07-02,Car Purchase,46000,48,16.5,Online
APP006281,CUST004002,2023-02-25,Debt Consolidation,44000,36,13.6,Branch
APP006282,CUST000289,2024-10-05,Wedding,5500,48,8.77,Broker
APP006283,CUST003681,2024-03-01,Travel,5000,36,11.82,Broker
APP006284,CUST004454,2023-03-27,Car Purchase,40500,48,11.37,Online
APP006285,CUST004541,2024-05-28,Other,8500,24,14.56,Broker
APP006286,CUST000924,2024-07-15,Home Renovation,19500,60,12.71,Online
APP006287,CUST000305,2023-09-26,Debt Consolidation,40000,36,21.84,Online
APP006288,CUST000496,2024-01-27,Debt Consolidation,26000,24,12.44,Branch
APP006289,CUST003548,2023-09-02,Car Purchase,24000,36,20.04,Broker
APP006290,CUST003371,2023-03-16,Car Purchase,30500,24,16.13,Branch
APP006291,CUST004878,2024-10-15,Home Renovation,28000,48,14.69,Online
APP006292,CUST004277,2023-10-13,Travel,10500,36,19.36,Online
APP006293,CUST001839,2023-04-16,Home Renovation,13500,48,8.78,Online
APP006294,CUST002187,2023-07-07,Debt Consolidation,39000,36,10.46,Online
APP006295,CUST005710,2023-09-13,Debt Consolidation,36500,36,10.57,Branch
APP006296,CUST002016,2024-06-17,Other,2500,48,16.32,Broker
APP006297,CUST004629,2024-09-10,Wedding,5500,36,8.89,Branch
APP006298,CUST002502,2023-05-09,Car Purchase,9500,48,10.71,Branch
APP006299,CUST002225,2023-07-13,Car Purchase,45000,60,21.72,Broker
APP006300,CUST001278,2024-08-29,Home Renovation,6000,36,20.03,Online
APP006301,CUST003154,2023-10-05,Car Purchase,5000,60,14.43,Broker
APP006302,CUST004406,2024-06-30,Other,48000,36,15.88,Broker
APP006303,CUST000535,2024-08-15,Home Renovation,16500,36,21.59,Online
APP006304,CUST000179,2023-03-03,Car Purchase,42500,24,18.65,Online
APP006305,CUST004636,2023-08-09,Travel,16500,36,7.8,Online
APP006306,CUST004382,2024-10-26,Wedding,32500,24,10.25,Online
APP006307,CUST000837,2024-12-27,Debt Consolidation,21500,24,16.98,Broker
APP006308,CUST000405,2024-12-16,Home Renovation,38000,48,17.59,Online
APP006309,CUST002382,2024-12-24,Car Purchase,9000,36,12.56,Online
APP006310,CUST003906,2024-04-12,Car Purchase,40500,60,18.62,Online
APP006311,CUST003364,2024-03-24,Home Renovation,11500,60,9.87,Online
APP006312,CUST000844,2023-10-30,Debt Consolidation,43500,48,19.04,Online
APP006313,CUST005029,2023-01-26,Travel,16000,24,19.2,Broker
APP006314,CUST000032,2023-05-08,Car Purchase,25000,24,13.22,Online
APP006315,CUST002072,2023-11-01,Medical,6000,36,14.05,Online
APP006316,CUST002012,2024-12-01,Debt Consolidation,9000,48,20.22,Online
APP006317,CUST001829,2024-12-23,Car Purchase,19500,36,17.88,Online
APP006318,CUST004504,2024-09-19,Debt Consolidation,40000,60,8.8,Broker
APP006319,CUST004167,2024-07-24,Debt Consolidation,10500,48,21.34,Online
APP006320,CUST001624,2024-12-09,Debt Consolidation,6500,48,18.19,Online
APP006321,CUST001072,2023-04-11,Car Purchase,50000,36,10.93,Branch
APP006322,CUST004879,2023-10-15,Car Purchase,20000,48,16.54,Branch
APP006323,CUST001591,2024-11-01,Debt Consolidation,9500,36,19.58,Online
APP006324,CUST004117,2024-04-05,Travel,43500,24,16.8,Branch
APP006325,CUST003908,2024-03-05,Wedding,48000,12,15.51,Branch
APP006326,CUST005872,2023-09-18,Debt Consolidation,23500,48,21.25,Online
APP006327,CUST000149,2024-09-20,Home Renovation,44500,24,19.08,Online
APP006328,CUST003309,2024-06-09,Home Renovation,25500,36,20.83,Broker
APP006329,CUST003829,2024-10-04,Home Renovation,29000,36,21.16,Online
APP006330,CUST004006,2024-11-13,Wedding,42500,60,17.78,Branch
APP006331,CUST003652,2023-09-05,Debt Consolidation,31500,24,19.48,Broker
APP006332,CUST003705,2024-04-18,Home Renovation,39000,36,19.35,Online
APP006333,CUST004533,2024-05-07,Car Purchase,36000,48,20.27,Online
APP006334,CUST003331,2024-05-23,Car Purchase,42500,36,15.79,Online
APP006335,CUST002556,2023-12-16,Home Renovation,24500,12,16.61,Branch
APP006336,CUST001352,2024-02-16,Medical,44000,36,14.03,Broker
APP006337,CUST003415,2023-07-09,Car Purchase,8500,24,18.67,Online
APP006338,CUST005541,2023-10-11,Home Renovation,38000,12,10.17,Online
APP006339,CUST004506,2024-08-07,Home Renovation,47000,48,12.88,Online
APP006340,CUST000675,2024-05-13,Car Purchase,30500,36,16.81,Online
APP006341,CUST002172,2024-10-09,Car Purchase,2500,36,22.21,Branch
APP006342,CUST003305,2024-01-20,Debt Consolidation,26500,60,22.26,Broker
APP006343,CUST002068,2023-04-13,Home Renovation,30500,60,16.99,Online
APP006344,CUST000640,2023-03-12,Home Renovation,26000,12,16.89,Online
APP006345,CUST001339,2023-11-23,Wedding,30500,48,9.16,Online
APP006346,CUST002870,2024-07-04,Other,12500,48,21.19,Online
APP006347,CUST003902,2024-10-14,Home Renovation,48000,48,14.68,Online
APP006348,CUST000919,2023-06-16,Home Renovation,44000,24,17.8,Online
APP006349,CUST001266,2023-07-22,Other,40500,36,16.67,Online
APP006350,CUST003018,2024-07-20,Car Purchase,15000,24,12.31,Online
APP006351,CUST003435,2024-10-05,Debt Consolidation,24500,48,15.33,Broker
APP006352,CUST005645,2024-04-16,Other,6500,24,16.48,Broker
APP006353,CUST002076,2024-10-20,Car Purchase,6500,24,22.34,Broker
APP006354,CUST001844,2023-02-16,Other,12500,24,8.23,Online
APP006355,CUST005255,2023-01-08,Car Purchase,32000,24,11.11,Online
APP006356,CUST004847,2024-06-13,Debt Consolidation,4000,48,19.2,Branch
APP006357,CUST000299,2024-01-26,Travel,32000,24,16.05,Branch
APP006358,CUST004275,2023-03-12,Debt Consolidation,19000,24,9.36,Broker
APP006359,CUST002519,2023-03-10,Debt Consolidation,12000,36,18.56,Online
APP006360,CUST004430,2023-07-30,Debt Consolidation,41000,60,10.54,Online
APP006361,CUST003954,2023-09-16,Debt Consolidation,37000,60,9.35,Broker
APP006362,CUST002089,2023-11-22,Debt Consolidation,45500,48,17.98,Broker
APP006363,CUST004976,2023-10-04,Home Renovation,21000,24,9.84,Branch
APP006364,CUST000717,2023-04-04,Home Renovation,48000,48,10.34,Online
APP006365,CUST003981,2023-08-21,Debt Consolidation,8000,24,16.71,Online
APP006366,CUST001946,2023-11-18,Debt Consolidation,34000,60,20.62,Online
APP006367,CUST003336,2023-01-29,Medical,34000,24,10.31,Online
APP006368,CUST003335,2024-12-24,Wedding,9500,48,10.52,Online
APP006369,CUST003484,2023-11-05,Travel,33000,12,11.2,Online
APP006370,CUST000346,2023-05-31,Debt Consolidation,3000,60,13.07,Online
APP006371,CUST005985,2024-09-07,Travel,32000,60,16.92,Broker
APP006372,CUST000767,2023-12-27,Car Purchase,45500,24,8.55,Online
APP006373,CUST002205,2023-06-05,Medical,50000,60,10.69,Broker
APP006374,CUST004371,2023-10-02,Car Purchase,21000,48,16.03,Branch
APP006375,CUST004399,2024-09-17,Debt Consolidation,25500,48,20.2,Online
APP006376,CUST000570,2024-11-22,Home Renovation,22000,12,8.7,Online
APP006377,CUST002574,2024-04-13,Home Renovation,43500,36,13.17,Branch
APP006378,CUST004979,2023-07-23,Debt Consolidation,32500,24,13.98,Branch
APP006379,CUST000500,2023-07-03,Travel,17000,60,9.52,Broker
APP006380,CUST005026,2023-09-22,Other,34000,24,7.54,Online
APP006381,CUST000389,2024-08-11,Debt Consolidation,47000,60,13.7,Online
APP006382,CUST002822,2023-10-24,Car Purchase,43000,36,10.39,Broker
APP006383,CUST005507,2024-01-01,Travel,45500,36,16.08,Branch
APP006384,CUST000906,2023-01-06,Debt Consolidation,18500,48,20.25,Online
APP006385,CUST002215,2023-04-01,Home Renovation,17000,36,15.8,Online
APP006386,CUST001519,2024-11-11,Medical,37000,12,22.49,Branch
APP006387,CUST003953,2023-04-17,Car Purchase,9500,36,8.6,Branch
APP006388,CUST004611,2024-02-06,Home Renovation,12000,48,9.44,Online
APP006389,CUST002542,2024-02-05,Debt Consolidation,40500,24,22.42,Online
APP006390,CUST001844,2023-10-29,Car Purchase,10500,60,20.39,Broker
APP006391,CUST000558,2023-09-11,Home Renovation,22000,24,9.79,Branch
APP006392,CUST004319,2024-11-30,Car Purchase,41500,36,8.31,Online
APP006393,CUST002476,2024-01-10,Travel,39500,36,12.16,Branch
APP006394,CUST002367,2023-10-10,Car Purchase,37500,24,12.75,Online
APP006395,CUST002701,2024-01-14,Home Renovation,15000,24,22.12,Branch
APP006396,CUST002007,2023-12-15,Home Renovation,30500,60,19.65,Online
APP006397,CUST002461,2024-09-18,Debt Consolidation,38000,60,22.28,Online
APP006398,CUST001363,2024-08-03,Car Purchase,22000,24,11.79,Branch
APP006399,CUST002692,2023-05-17,Car Purchase,14500,36,17.8,Online
APP006400,CUST002561,2024-08-05,Wedding,33500,24,13.69,Online
APP006401,CUST001277,2024-08-01,Debt Consolidation,43000,48,13.39,Broker
APP006402,CUST004808,2024-11-22,Car Purchase,18000,48,19.42,Broker
APP006403,CUST003281,2023-09-28,Debt Consolidation,28000,48,22.08,Online
APP006404,CUST004544,2024-03-09,Home Renovation,11500,24,14.15,Broker
APP006405,CUST003872,2024-04-25,Home Renovation,16000,36,10.11,Online
APP006406,CUST004911,2023-12-21,Other,38500,24,12.45,Broker
APP006407,CUST005424,2023-12-26,Debt Consolidation,41000,12,19.61,Online
APP006408,CUST004163,2023-03-21,Debt Consolidation,24000,36,20.25,Online
APP006409,CUST005913,2024-03-09,Car Purchase,31000,48,8.29,Branch
APP006410,CUST002562,2024-12-17,Travel,32000,12,17.4,Branch
APP006411,CUST003602,2023-08-26,Home Renovation,37500,48,11.56,Broker
APP006412,CUST003007,2023-05-07,Home Renovation,14000,48,9.1,Broker
APP006413,CUST004733,2023-12-06,Debt Consolidation,14000,36,21.44,Branch
APP006414,CUST001748,2024-08-01,Debt Consolidation,14500,48,10.98,Online
APP006415,CUST003155,2023-11-19,Car Purchase,49000,12,14.52,Online
APP006416,CUST003553,2024-12-20,Car Purchase,46000,48,13.09,Broker
APP006417,CUST002254,2024-01-03,Home Renovation,39000,48,13.75,Branch
APP006418,CUST001918,2023-06-11,Travel,17500,36,10.26,Online
APP006419,CUST004224,2023-10-30,Debt Consolidation,29000,60,10.86,Broker
APP006420,CUST003263,2023-04-04,Wedding,34500,48,8.39,Online
APP006421,CUST005029,2024-11-15,Debt Consolidation,16000,60,21.4,Online
APP006422,CUST003773,2023-04-21,Debt Consolidation,26500,48,22.14,Branch
APP006423,CUST003724,2024-12-11,Travel,20000,60,12.63,Online
APP006424,CUST001635,2023-11-13,Debt Consolidation,39000,48,12.38,Broker
APP006425,CUST000742,2024-03-04,Debt Consolidation,17000,48,12.19,Branch
APP006426,CUST000383,2024-01-17,Debt Consolidation,35500,24,9.49,Online
APP006427,CUST000879,2024-10-28,Car Purchase,26000,36,21.48,Broker
APP006428,CUST003620,2023-10-23,Wedding,42000,24,14.59,Branch
APP006429,CUST001899,2023-06-19,Home Renovation,8000,24,19.65,Online
APP006430,CUST000468,2024-05-11,Wedding,33000,36,18.46,Online
APP006431,CUST000426,2023-09-24,Travel,46000,24,7.65,Broker
APP006432,CUST002646,2024-01-09,Other,42000,48,14.42,Online
APP006433,CUST004225,2024-11-04,Travel,41500,36,16.83,Online
APP006434,CUST002922,2024-03-19,Debt Consolidation,2500,36,9.88,Online
APP006435,CUST000639,2023-01-23,Car Purchase,37000,36,14.13,Branch
APP006436,CUST004077,2024-02-24,Debt Consolidation,43500,48,9.34,Broker
APP006437,CUST002539,2023-05-15,Debt Consolidation,29000,36,10.87,Online
APP006438,CUST002386,2023-08-23,Debt Consolidation,41500,36,19.27,Branch
APP006439,CUST002851,2024-07-26,Travel,25000,36,12.17,Online
APP006440,CUST000351,2024-01-01,Travel,26500,36,16.71,Broker
APP006441,CUST000182,2023-04-22,Debt Consolidation,21500,48,21.8,Online
APP006442,CUST003832,2024-09-20,Medical,33500,60,21.67,Branch
APP006443,CUST005946,2024-12-16,Car Purchase,29000,24,19.4,Broker
APP006444,CUST005257,2024-09-09,Car Purchase,32500,60,20.74,Online
APP006445,CUST003102,2023-08-11,Wedding,37500,12,11.69,Online
APP006446,CUST005457,2023-01-01,Car Purchase,14000,12,19.6,Broker
APP006447,CUST004632,2024-01-20,Car Purchase,33500,12,21.09,Broker
APP006448,CUST004305,2024-07-03,Debt Consolidation,20000,24,19.47,Online
APP006449,CUST000253,2023-07-02,Car Purchase,24500,24,13.05,Broker
APP006450,CUST003662,2023-03-31,Wedding,17000,48,18.59,Branch
APP006451,CUST001321,2024-10-22,Debt Consolidation,36000,48,12.81,Online
APP006452,CUST002998,2023-04-04,Travel,50000,12,17.34,Online
APP006453,CUST002695,2024-02-27,Debt Consolidation,44000,36,20.72,Online
APP006454,CUST000645,2023-07-16,Car Purchase,40500,48,15.59,Online
APP006455,CUST003531,2023-12-29,Debt Consolidation,39500,24,20.98,Online
APP006456,CUST003054,2023-10-08,Wedding,32500,12,17.6,Broker
APP006457,CUST005918,2024-07-12,Car Purchase,22000,60,11.98,Online
APP006458,CUST004602,2023-05-31,Debt Consolidation,40000,60,15.31,Online
APP006459,CUST002672,2023-11-22,Car Purchase,27500,36,16.06,Online
APP006460,CUST002835,2023-05-03,Wedding,23000,60,22.27,Branch
APP006461,CUST005907,2024-12-21,Travel,38500,48,16.06,Branch
APP006462,CUST004404,2023-05-19,Home Renovation,31500,24,10.45,Branch
APP006463,CUST000669,2024-11-15,Travel,34000,36,9.14,Branch
APP006464,CUST003128,2024-12-06,Home Renovation,33500,24,14.91,Online
APP006465,CUST002508,2023-06-29,Debt Consolidation,7000,48,21.91,Broker
APP006466,CUST004385,2023-08-27,Car Purchase,33500,48,9.25,Broker
APP006467,CUST000746,2023-01-05,Wedding,27500,12,12.67,Branch
APP006468,CUST000304,2024-06-23,Car Purchase,31500,24,16.7,Broker
APP006469,CUST001579,2023-06-13,Debt Consolidation,16000,36,18.84,Online
APP006470,CUST001036,2024-10-13,Debt Consolidation,18500,48,12.62,Branch
APP006471,CUST000090,2024-10-11,Car Purchase,10000,48,8.91,Branch
APP006472,CUST001909,2024-08-31,Home Renovation,10500,24,17.74,Online
APP006473,CUST003497,2023-12-16,Travel,28000,24,13.34,Branch
APP006474,CUST005798,2024-08-14,Home Renovation,7000,60,21.4,Branch
APP006475,CUST004664,2023-05-28,Other,10000,60,14.34,Broker
APP006476,CUST004958,2024-04-02,Wedding,23000,36,21.76,Online
APP006477,CUST002119,2023-05-28,Home Renovation,21500,12,11.43,Branch
APP006478,CUST000083,2024-01-12,Home Renovation,30000,36,15.86,Online
APP006479,CUST000778,2024-11-05,Medical,9000,60,15.75,Broker
APP006480,CUST005046,2024-04-13,Debt Consolidation,23500,36,12.81,Online
APP006481,CUST003927,2024-03-07,Debt Consolidation,47000,48,7.97,Branch
APP006482,CUST000650,2023-06-02,Home Renovation,14000,48,8.55,Online
APP006483,CUST001037,2024-07-24,Debt Consolidation,14500,24,13.37,Broker
APP006484,CUST004809,2024-02-15,Travel,34500,36,21.23,Broker
APP006485,CUST004729,2023-06-17,Travel,19500,48,17.14,Online
APP006486,CUST000766,2023-01-27,Car Purchase,36000,24,21.87,Broker
APP006487,CUST000855,2024-09-02,Home Renovation,2500,48,15.65,Branch
APP006488,CUST005382,2023-04-28,Debt Consolidation,35500,36,21.07,Branch
APP006489,CUST000016,2024-05-02,Travel,18000,60,19.97,Online
APP006490,CUST003546,2023-07-07,Debt Consolidation,22000,24,20.62,Branch
APP006491,CUST004800,2024-12-25,Car Purchase,33000,24,8.84,Branch
APP006492,CUST005427,2023-06-10,Debt Consolidation,34500,36,19.57,Online
APP006493,CUST004578,2024-09-30,Home Renovation,21500,36,17.07,Online
APP006494,CUST004901,2023-07-31,Home Renovation,46000,48,21.64,Broker
APP006495,CUST001388,2024-12-15,Debt Consolidation,5000,60,8.24,Branch
APP006496,CUST001284,2024-05-21,Car Purchase,19500,36,15.85,Online
APP006497,CUST005966,2023-03-11,Car Purchase,6500,36,7.53,Online
APP006498,CUST001237,2023-11-28,Travel,26000,48,21.54,Broker
APP006499,CUST003295,2023-10-13,Wedding,41000,48,14.54,Broker
APP006500,CUST004520,2023-01-26,Debt Consolidation,48000,36,9.82,Online
APP006501,CUST005296,2024-02-02,Home Renovation,13500,60,11.7,Online
APP006502,CUST001224,2023-12-27,Wedding,8000,48,20.17,Online
APP006503,CUST003354,2024-11-23,Car Purchase,27000,36,16.25,Branch
APP006504,CUST004656,2024-07-18,Debt Consolidation,7000,36,11.3,Broker
APP006505,CUST000741,2024-04-07,Travel,41500,24,22.17,Branch
APP006506,CUST001451,2023-09-02,Debt Consolidation,26500,12,18.41,Online
APP006507,CUST005613,2023-04-10,Debt Consolidation,36000,60,14.34,Broker
APP006508,CUST004655,2023-07-02,Debt Consolidation,6000,24,9.3,Branch
APP006509,CUST005750,2023-11-02,Debt Consolidation,10000,24,14.41,Online
APP006510,CUST000123,2024-12-01,Debt Consolidation,7000,24,13.45,Online
APP006511,CUST003552,2024-09-03,Debt Consolidation,34500,24,8.7,Online
APP006512,CUST003814,2023-05-24,Home Renovation,13500,60,12.27,Broker
APP006513,CUST003824,2023-03-24,Other,39000,24,21.47,Online
APP006514,CUST005207,2023-06-17,Wedding,22500,48,18.04,Online
APP006515,CUST003936,2023-12-18,Car Purchase,37000,36,21.54,Online
APP006516,CUST005962,2023-03-25,Home Renovation,16500,12,17.4,Online
APP006517,CUST004762,2023-01-14,Car Purchase,35500,24,13.18,Online
APP006518,CUST000716,2024-05-18,Car Purchase,39500,36,7.61,Broker
APP006519,CUST001133,2024-02-29,Home Renovation,36500,24,17.15,Branch
APP006520,CUST001641,2023-04-24,Travel,24500,48,18.49,Broker
APP006521,CUST002364,2024-09-04,Car Purchase,32000,60,18.62,Online
APP006522,CUST005773,2024-10-26,Travel,28000,24,17.67,Branch
APP006523,CUST002123,2024-08-20,Wedding,25500,24,19.7,Online
APP006524,CUST003842,2023-10-24,Debt Consolidation,27500,36,9.71,Online
APP006525,CUST003239,2024-12-04,Travel,6500,48,9.62,Online
APP006526,CUST002170,2023-07-06,Wedding,5500,48,18.95,Broker
APP006527,CUST004076,2023-06-29,Travel,26500,60,16.29,Broker
APP006528,CUST000588,2024-10-13,Debt Consolidation,33500,36,10.63,Branch
APP006529,CUST002144,2023-08-03,Debt Consolidation,19000,24,20.79,Online
APP006530,CUST001409,2023-04-03,Car Purchase,32000,36,8.42,Online
APP006531,CUST002650,2024-04-12,Other,7000,60,19.01,Online
APP006532,CUST002645,2024-05-27,Debt Consolidation,25000,60,22.0,Branch
APP006533,CUST001293,2023-11-22,Debt Consolidation,13500,48,12.02,Online
APP006534,CUST005249,2023-10-12,Debt Consolidation,12000,36,8.08,Branch
APP006535,CUST004099,2023-03-04,Car Purchase,49000,12,16.83,Branch
APP006536,CUST000193,2024-03-13,Car Purchase,39500,36,15.36,Online
APP006537,CUST001662,2023-11-24,Home Renovation,14500,60,7.69,Branch
APP006538,CUST002421,2024-05-11,Wedding,34500,36,12.31,Broker
APP006539,CUST003666,2024-08-10,Travel,25500,12,13.56,Online
APP006540,CUST002917,2024-08-13,Medical,19000,48,8.82,Branch
APP006541,CUST000586,2024-02-18,Car Purchase,35500,12,7.57,Broker
APP006542,CUST003895,2024-08-10,Home Renovation,23000,24,9.82,Online
APP006543,CUST005363,2023-07-29,Wedding,32000,24,12.2,Online
APP006544,CUST000917,2024-11-19,Travel,6500,12,19.1,Online
APP006545,CUST004301,2023-09-06,Travel,13500,48,13.82,Online
APP006546,CUST004388,2024-08-05,Wedding,20000,24,17.17,Branch
APP006547,CUST003489,2024-03-16,Car Purchase,3500,48,19.28,Broker
APP006548,CUST002497,2024-02-17,Other,27000,24,22.1,Branch
APP006549,CUST003214,2023-10-07,Medical,12500,48,21.18,Online
APP006550,CUST004132,2023-06-30,Car Purchase,17000,60,12.42,Branch
APP006551,CUST004391,2023-08-08,Car Purchase,22000,36,14.99,Broker
APP006552,CUST003984,2023-09-06,Wedding,15000,36,20.31,Broker
APP006553,CUST002193,2023-11-26,Travel,29500,24,9.87,Online
APP006554,CUST005888,2024-06-13,Debt Consolidation,49000,60,8.21,Broker
APP006555,CUST002303,2024-11-22,Debt Consolidation,11000,36,16.01,Broker
APP006556,CUST005318,2024-01-31,Car Purchase,5500,36,18.45,Online
APP006557,CUST003196,2024-12-19,Car Purchase,13500,36,20.34,Broker
APP006558,CUST004892,2024-02-15,Travel,43000,36,20.93,Online
APP006559,CUST000572,2024-05-23,Car Purchase,19000,36,15.78,Broker
APP006560,CUST000682,2023-06-11,Travel,46500,24,19.3,Online
APP006561,CUST002933,2023-01-30,Debt Consolidation,50000,36,20.29,Online
APP006562,CUST001802,2024-05-04,Debt Consolidation,16000,60,21.93,Broker
APP006563,CUST000220,2023-10-27,Home Renovation,47000,60,13.04,Online
APP006564,CUST000265,2024-09-03,Home Renovation,18500,48,12.54,Online
APP006565,CUST000824,2023-01-16,Car Purchase,3000,60,20.47,Branch
APP006566,CUST000686,2023-03-29,Debt Consolidation,39000,48,20.95,Broker
APP006567,CUST002422,2024-05-09,Other,12500,24,16.21,Broker
APP006568,CUST003865,2023-12-17,Home Renovation,36000,36,19.7,Branch
APP006569,CUST001789,2023-01-31,Debt Consolidation,40500,60,15.91,Online
APP006570,CUST004160,2023-10-11,Medical,47500,60,15.95,Online
APP006571,CUST002762,2023-03-25,Home Renovation,25000,12,8.66,Online
APP006572,CUST003789,2024-03-22,Home Renovation,16000,48,13.84,Broker
APP006573,CUST000364,2023-04-10,Car Purchase,30500,24,8.42,Branch
APP006574,CUST005072,2024-12-27,Home Renovation,38000,24,13.84,Broker
APP006575,CUST001320,2023-01-10,Debt Consolidation,5000,24,8.24,Branch
APP006576,CUST003633,2023-12-16,Travel,13000,36,19.83,Online
APP006577,CUST001935,2024-10-23,Home Renovation,20500,48,13.26,Branch
APP006578,CUST003335,2024-01-21,Car Purchase,40500,36,10.66,Branch
APP006579,CUST003692,2024-09-14,Travel,47000,36,16.17,Branch
APP006580,CUST000142,2024-05-16,Debt Consolidation,32000,36,20.5,Broker
APP006581,CUST002803,2024-05-17,Car Purchase,29500,24,11.62,Online
APP006582,CUST001394,2023-02-17,Debt Consolidation,42500,48,9.53,Online
APP006583,CUST004005,2023-12-14,Other,29500,24,22.07,Online
APP006584,CUST000641,2023-11-07,Car Purchase,3500,12,19.2,Online
APP006585,CUST002196,2024-05-26,Debt Consolidation,36000,24,8.04,Broker
APP006586,CUST003808,2023-01-10,Car Purchase,3500,24,13.05,Broker
APP006587,CUST002255,2023-08-16,Travel,32500,24,17.61,Online
APP006588,CUST005921,2023-12-13,Debt Consolidation,49000,48,21.94,Online
APP006589,CUST001562,2024-01-28,Car Purchase,17000,36,17.29,Online
APP006590,CUST005039,2024-11-29,Debt Consolidation,44500,48,9.48,Broker
APP006591,CUST005064,2023-02-10,Car Purchase,7500,60,9.39,Branch
APP006592,CUST005447,2024-12-12,Debt Consolidation,6500,12,15.07,Online
APP006593,CUST002178,2023-08-11,Home Renovation,37000,36,19.7,Branch
APP006594,CUST005011,2023-01-24,Debt Consolidation,38000,48,20.25,Branch
APP006595,CUST000725,2024-05-21,Travel,18500,36,18.96,Broker
APP006596,CUST003191,2023-05-11,Debt Consolidation,33000,24,10.44,Online
APP006597,CUST005641,2023-04-17,Travel,6500,12,14.86,Broker
APP006598,CUST000081,2024-12-01,Car Purchase,36000,24,8.01,Online
APP006599,CUST002339,2023-06-29,Car Purchase,8500,36,20.04,Online
APP006600,CUST005114,2024-05-16,Debt Consolidation,47500,60,7.51,Online
APP006601,CUST000528,2023-10-09,Medical,18500,60,12.63,Online
APP006602,CUST002160,2024-01-11,Wedding,20000,60,12.36,Branch
APP006603,CUST003313,2023-07-19,Car Purchase,8500,24,15.67,Online
APP006604,CUST004848,2023-12-25,Travel,13000,60,17.55,Online
APP006605,CUST002359,2023-01-02,Home Renovation,6500,36,22.11,Broker
APP006606,CUST004900,2024-03-16,Wedding,43000,24,10.56,Branch
APP006607,CUST005327,2023-03-25,Car Purchase,5500,36,17.49,Branch
APP006608,CUST004015,2024-06-06,Travel,9000,12,15.84,Online
APP006609,CUST005113,2023-01-07,Wedding,17000,36,10.39,Broker
APP006610,CUST005294,2024-07-03,Debt Consolidation,31500,36,18.31,Broker
APP006611,CUST000829,2024-04-08,Debt Consolidation,17500,36,11.56,Branch
APP006612,CUST005603,2024-08-17,Debt Consolidation,20000,48,11.85,Online
APP006613,CUST002783,2024-01-27,Debt Consolidation,18000,36,11.79,Online
APP006614,CUST000676,2024-03-11,Other,4000,60,9.38,Branch
APP006615,CUST004759,2024-04-09,Home Renovation,42000,36,17.22,Online
APP006616,CUST002006,2024-09-19,Home Renovation,16500,60,22.13,Online
APP006617,CUST004409,2024-06-04,Car Purchase,45500,24,16.54,Broker
APP006618,CUST004792,2023-03-25,Car Purchase,18500,24,13.24,Branch
APP006619,CUST005508,2023-09-14,Debt Consolidation,31000,48,22.29,Branch
APP006620,CUST002867,2024-04-27,Debt Consolidation,12000,36,9.05,Online
APP006621,CUST001532,2024-07-06,Home Renovation,40500,36,9.29,Broker
APP006622,CUST000978,2024-04-09,Debt Consolidation,33500,12,20.01,Online
APP006623,CUST001618,2024-10-17,Debt Consolidation,40500,24,10.23,Online
APP006624,CUST002985,2024-12-10,Car Purchase,11000,36,18.25,Online
APP006625,CUST003156,2024-01-26,Wedding,44000,36,9.43,Online
APP006626,CUST002161,2023-12-04,Car Purchase,21500,12,16.95,Broker
APP006627,CUST005299,2023-10-23,Home Renovation,17000,36,20.4,Online
APP006628,CUST004653,2023-12-03,Car Purchase,19000,24,15.89,Broker
APP006629,CUST000779,2024-04-24,Home Renovation,38000,36,16.89,Broker
APP006630,CUST001200,2024-04-05,Car Purchase,40500,24,13.23,Branch
APP006631,CUST001045,2023-12-23,Wedding,42000,24,21.87,Broker
APP006632,CUST004971,2023-11-03,Home Renovation,49000,36,8.61,Online
APP006633,CUST005341,2023-08-30,Car Purchase,30000,36,19.05,Online
APP006634,CUST001927,2023-04-13,Car Purchase,7000,48,16.64,Online
APP006635,CUST001750,2023-10-12,Debt Consolidation,19000,60,16.32,Online
APP006636,CUST000528,2024-11-06,Debt Consolidation,44500,24,8.5,Broker
APP006637,CUST000777,2023-09-19,Travel,43500,24,19.61,Broker
APP006638,CUST004337,2023-03-08,Car Purchase,38000,36,14.02,Broker
APP006639,CUST002156,2024-10-06,Travel,38500,12,15.94,Branch
APP006640,CUST003444,2024-09-14,Debt Consolidation,41500,36,10.17,Online
APP006641,CUST000197,2024-05-26,Travel,18500,36,7.58,Broker
APP006642,CUST005987,2023-11-01,Car Purchase,35500,48,21.18,Branch
APP006643,CUST004664,2023-04-24,Car Purchase,20500,60,21.26,Online
APP006644,CUST001828,2023-01-22,Travel,49500,36,18.14,Broker
APP006645,CUST000233,2024-07-29,Other,36500,24,19.38,Online
APP006646,CUST003848,2023-07-28,Medical,2500,36,14.55,Online
APP006647,CUST005911,2024-12-23,Car Purchase,2500,36,11.26,Online
APP006648,CUST000572,2023-05-04,Travel,3500,36,17.37,Online
APP006649,CUST003747,2023-12-10,Car Purchase,28500,12,10.46,Online
APP006650,CUST000806,2024-08-27,Home Renovation,33000,36,19.11,Online
APP006651,CUST004043,2023-12-25,Travel,32500,24,12.28,Branch
APP006652,CUST003918,2023-12-15,Other,6500,36,22.2,Broker
APP006653,CUST004534,2024-02-19,Car Purchase,34000,60,16.23,Online
APP006654,CUST004274,2023-03-22,Home Renovation,24500,12,21.59,Branch
APP006655,CUST004459,2023-07-19,Medical,26000,24,9.67,Branch
APP006656,CUST004022,2024-10-08,Debt Consolidation,19000,24,18.93,Broker
APP006657,CUST001493,2023-05-22,Debt Consolidation,17500,36,13.4,Online
APP006658,CUST003700,2024-04-03,Debt Consolidation,36500,24,18.73,Online
APP006659,CUST005513,2023-12-07,Home Renovation,42000,36,19.8,Online
APP006660,CUST003797,2024-04-08,Other,35000,60,20.94,Online
APP006661,CUST001304,2023-08-23,Home Renovation,21500,24,20.01,Broker
APP006662,CUST002081,2023-09-06,Medical,24000,24,10.74,Online
APP006663,CUST004744,2023-10-31,Home Renovation,11000,60,16.77,Branch
APP006664,CUST003614,2024-03-07,Debt Consolidation,17000,24,18.37,Online
APP006665,CUST005811,2023-10-10,Wedding,19000,48,15.95,Online
APP006666,CUST004727,2023-04-29,Home Renovation,3500,60,17.82,Online
APP006667,CUST005113,2024-10-08,Debt Consolidation,5000,24,10.22,Online
APP006668,CUST001697,2023-11-28,Home Renovation,13500,48,14.37,Branch
APP006669,CUST002956,2024-07-14,Car Purchase,34000,60,14.04,Online
APP006670,CUST004402,2024-08-26,Car Purchase,16500,48,19.0,Online
APP006671,CUST003610,2024-06-19,Wedding,35500,24,10.0,Broker
APP006672,CUST000284,2023-02-21,Car Purchase,4500,60,17.41,Online
APP006673,CUST005855,2024-05-25,Car Purchase,18000,36,17.46,Online
APP006674,CUST004602,2023-02-03,Debt Consolidation,48500,36,21.44,Broker
APP006675,CUST004077,2024-08-28,Car Purchase,27500,48,16.65,Broker
APP006676,CUST004867,2024-05-08,Car Purchase,41000,48,16.78,Broker
APP006677,CUST000045,2023-11-26,Car Purchase,16500,24,18.4,Branch
APP006678,CUST001633,2024-05-16,Home Renovation,36500,36,18.31,Broker
APP006679,CUST005680,2024-03-21,Debt Consolidation,13500,24,19.1,Broker
APP006680,CUST003911,2023-02-18,Travel,37500,24,17.27,Online
APP006681,CUST000127,2024-11-15,Debt Consolidation,34000,60,8.02,Online
APP006682,CUST001750,2024-03-13,Car Purchase,34500,24,16.92,Branch
APP006683,CUST004148,2024-09-13,Debt Consolidation,40000,48,17.95,Online
APP006684,CUST001753,2023-07-29,Wedding,15000,36,20.93,Online
APP006685,CUST003418,2023-02-06,Home Renovation,17000,36,18.22,Broker
APP006686,CUST002124,2024-12-29,Debt Consolidation,41000,12,17.35,Broker
APP006687,CUST003400,2024-08-16,Home Renovation,4500,24,15.33,Branch
APP006688,CUST002258,2023-12-03,Home Renovation,21500,36,13.28,Online
APP006689,CUST001415,2024-03-22,Car Purchase,17000,24,10.52,Branch
APP006690,CUST005419,2024-09-13,Home Renovation,4500,48,22.2,Online
APP006691,CUST002877,2024-09-23,Other,6000,36,15.17,Broker
APP006692,CUST002279,2023-01-11,Home Renovation,19500,48,21.89,Broker
APP006693,CUST005712,2023-04-12,Car Purchase,47500,36,12.97,Branch
APP006694,CUST001788,2023-05-22,Debt Consolidation,41500,36,14.48,Online
APP006695,CUST002722,2023-04-16,Car Purchase,20500,36,11.3,Online
APP006696,CUST001490,2023-06-01,Car Purchase,9000,36,11.63,Branch
APP006697,CUST004100,2024-11-18,Debt Consolidation,4000,60,20.89,Online
APP006698,CUST002528,2023-12-31,Car Purchase,12000,60,7.69,Online
APP006699,CUST005874,2024-04-20,Debt Consolidation,19000,36,13.67,Online
APP006700,CUST001773,2023-02-10,Debt Consolidation,49000,48,10.2,Branch
APP006701,CUST003490,2023-08-02,Debt Consolidation,10000,60,14.27,Online
APP006702,CUST002044,2024-05-30,Home Renovation,8000,36,17.09,Broker
APP006703,CUST002632,2023-02-24,Other,17500,48,21.54,Broker
APP006704,CUST000429,2024-03-10,Debt Consolidation,9000,24,22.14,Branch
APP006705,CUST000934,2024-03-03,Home Renovation,24500,24,16.6,Broker
APP006706,CUST003253,2024-09-30,Travel,11500,24,10.82,Online
APP006707,CUST004021,2024-03-15,Car Purchase,47000,24,16.38,Branch
APP006708,CUST001706,2023-06-08,Car Purchase,31500,48,15.17,Online
APP006709,CUST005990,2023-11-04,Travel,48000,60,19.14,Branch
APP006710,CUST004761,2023-04-20,Debt Consolidation,33000,36,9.04,Branch
APP006711,CUST005672,2024-11-27,Car Purchase,46500,24,21.6,Broker
APP006712,CUST003963,2024-07-06,Debt Consolidation,30000,60,20.35,Online
APP006713,CUST001520,2023-07-23,Car Purchase,23500,48,18.29,Branch
APP006714,CUST002737,2023-10-17,Travel,44500,36,15.88,Broker
APP006715,CUST001511,2024-06-29,Debt Consolidation,12500,12,11.44,Broker
APP006716,CUST005144,2024-12-19,Debt Consolidation,6000,48,15.96,Online
APP006717,CUST002745,2024-07-31,Car Purchase,28000,48,10.46,Broker
APP006718,CUST001382,2023-03-29,Debt Consolidation,36000,48,7.89,Broker
APP006719,CUST000843,2024-12-22,Other,36500,60,13.66,Online
APP006720,CUST003466,2024-01-11,Car Purchase,25500,60,21.8,Online
APP006721,CUST002961,2024-10-28,Debt Consolidation,5500,24,16.5,Branch
APP006722,CUST001434,2023-03-09,Car Purchase,30500,12,13.42,Branch
APP006723,CUST004059,2024-08-11,Wedding,44500,36,13.04,Broker
APP006724,CUST003693,2024-07-15,Car Purchase,9500,12,20.37,Branch
APP006725,CUST005558,2023-03-15,Debt Consolidation,12500,24,14.54,Online
APP006726,CUST003628,2024-02-03,Debt Consolidation,27500,36,18.12,Online
APP006727,CUST000459,2024-01-18,Medical,38500,36,18.29,Online
APP006728,CUST001042,2024-08-20,Home Renovation,11000,60,8.62,Branch
APP006729,CUST001008,2023-06-18,Car Purchase,21000,36,20.88,Broker
APP006730,CUST001071,2023-09-18,Car Purchase,43000,36,19.43,Online
APP006731,CUST004684,2023-12-04,Debt Consolidation,13500,12,17.3,Online
APP006732,CUST004049,2023-06-10,Debt Consolidation,23500,36,16.75,Online
APP006733,CUST005253,2024-05-08,Debt Consolidation,22000,36,12.9,Branch
APP006734,CUST002449,2024-01-14,Car Purchase,40000,60,21.25,Online
APP006735,CUST005402,2023-06-19,Car Purchase,2000,36,22.11,Broker
APP006736,CUST001455,2023-09-24,Home Renovation,18500,24,14.13,Branch
APP006737,CUST000860,2024-01-27,Car Purchase,25000,24,7.56,Online
APP006738,CUST002566,2024-04-03,Debt Consolidation,7500,48,11.91,Online
APP006739,CUST002218,2023-01-22,Debt Consolidation,4500,60,12.94,Broker
APP006740,CUST002121,2023-01-22,Debt Consolidation,27500,48,18.47,Branch
APP006741,CUST001740,2024-11-05,Wedding,28500,48,13.53,Online
APP006742,CUST000324,2024-05-17,Debt Consolidation,5500,24,11.38,Online
APP006743,CUST005253,2023-04-09,Wedding,30000,12,17.03,Online
APP006744,CUST001914,2024-06-13,Car Purchase,33500,36,8.91,Branch
APP006745,CUST000268,2024-12-11,Debt Consolidation,9000,12,9.55,Online
APP006746,CUST005333,2023-06-17,Car Purchase,30500,12,12.72,Online
APP006747,CUST001774,2023-10-03,Home Renovation,4500,48,14.7,Online
APP006748,CUST004120,2023-02-06,Debt Consolidation,8500,24,12.69,Online
APP006749,CUST005743,2024-05-07,Medical,24000,48,11.94,Broker
APP006750,CUST002647,2023-11-10,Wedding,4500,36,13.73,Online
APP006751,CUST005158,2024-01-14,Car Purchase,41000,12,13.23,Branch
APP006752,CUST004174,2023-12-14,Home Renovation,46500,36,17.1,Branch
APP006753,CUST003777,2024-06-16,Travel,5500,60,14.0,Branch
APP006754,CUST004490,2024-09-02,Debt Consolidation,41500,48,20.15,Branch
APP006755,CUST005774,2024-08-14,Home Renovation,22000,24,15.02,Online
APP006756,CUST002587,2023-09-20,Debt Consolidation,41000,36,12.27,Online
APP006757,CUST000528,2024-09-07,Home Renovation,28500,36,13.09,Broker
APP006758,CUST004409,2024-08-01,Other,13000,24,18.25,Branch
APP006759,CUST005155,2023-09-06,Debt Consolidation,29000,36,21.39,Online
APP006760,CUST001704,2023-01-16,Travel,40000,24,10.04,Online
APP006761,CUST004066,2024-05-15,Debt Consolidation,16500,60,16.17,Online
APP006762,CUST003761,2023-01-27,Medical,16500,36,15.24,Online
APP006763,CUST001399,2024-11-26,Medical,33000,60,7.83,Online
APP006764,CUST000396,2023-10-06,Home Renovation,3000,36,10.89,Online
APP006765,CUST003678,2024-07-12,Wedding,14500,36,17.13,Broker
APP006766,CUST000211,2023-10-03,Debt Consolidation,39000,24,8.24,Online
APP006767,CUST003220,2023-04-13,Home Renovation,7500,24,15.45,Broker
APP006768,CUST002906,2024-07-16,Home Renovation,40500,48,7.97,Branch
APP006769,CUST004485,2024-02-04,Travel,15500,36,13.22,Branch
APP006770,CUST004262,2023-08-22,Car Purchase,42000,24,7.98,Broker
APP006771,CUST005380,2024-10-12,Car Purchase,47000,24,17.39,Online
APP006772,CUST001868,2024-03-15,Debt Consolidation,21500,36,16.34,Online
APP006773,CUST002249,2024-12-23,Wedding,13000,60,15.75,Online
APP006774,CUST003172,2023-07-05,Debt Consolidation,22000,24,22.08,Online
APP006775,CUST004003,2023-10-02,Home Renovation,36500,36,9.02,Online
APP006776,CUST001939,2023-08-13,Car Purchase,34000,48,12.5,Online
APP006777,CUST000465,2024-04-10,Debt Consolidation,9000,12,8.87,Branch
APP006778,CUST005822,2024-11-15,Travel,42500,60,16.81,Online
APP006779,CUST002360,2024-09-13,Car Purchase,16500,36,13.11,Broker
APP006780,CUST004114,2024-02-25,Debt Consolidation,47500,12,10.55,Online
APP006781,CUST003717,2023-11-16,Car Purchase,34500,36,22.11,Broker
APP006782,CUST002005,2024-10-07,Debt Consolidation,34500,60,22.12,Online
APP006783,CUST005834,2023-07-24,Other,9500,48,19.23,Branch
APP006784,CUST004620,2024-05-13,Debt Consolidation,26000,36,20.56,Broker
APP006785,CUST002792,2024-01-04,Other,3500,36,10.93,Online
APP006786,CUST000435,2023-04-12,Home Renovation,27500,24,7.89,Broker
APP006787,CUST000916,2024-07-05,Travel,47500,36,14.44,Online
APP006788,CUST005466,2023-02-06,Debt Consolidation,29500,36,15.55,Online
APP006789,CUST002433,2023-12-03,Debt Consolidation,27500,36,10.11,Branch
APP006790,CUST000851,2023-03-21,Travel,20000,48,10.8,Broker
APP006791,CUST004280,2023-10-06,Debt Consolidation,14500,36,8.09,Broker
APP006792,CUST000086,2024-05-05,Home Renovation,30000,48,15.95,Online
APP006793,CUST002723,2024-04-02,Debt Consolidation,15000,60,13.09,Broker
APP006794,CUST003127,2024-10-29,Debt Consolidation,30000,48,15.85,Broker
APP006795,CUST000590,2024-06-18,Medical,16000,48,8.9,Branch
APP006796,CUST002624,2024-07-01,Car Purchase,32500,48,14.0,Broker
APP006797,CUST000593,2023-04-27,Other,7000,48,15.99,Online
APP006798,CUST001962,2024-06-28,Car Purchase,11000,36,15.06,Online
APP006799,CUST003506,2023-04-15,Debt Consolidation,37500,60,20.49,Branch
APP006800,CUST002988,2023-05-03,Debt Consolidation,10500,24,9.6,Online
APP006801,CUST005145,2024-01-07,Debt Consolidation,35000,24,8.75,Branch
APP006802,CUST000219,2024-01-06,Debt Consolidation,42000,12,18.49,Online
APP006803,CUST002947,2023-09-20,Debt Consolidation,16000,48,17.46,Online
APP006804,CUST000903,2024-07-13,Other,39000,60,12.99,Broker
APP006805,CUST003877,2024-03-27,Home Renovation,41000,48,8.21,Online
APP006806,CUST004858,2023-10-30,Car Purchase,19000,48,16.34,Online
APP006807,CUST004683,2023-07-30,Medical,37000,36,9.19,Online
APP006808,CUST003943,2024-11-23,Car Purchase,42500,24,11.27,Online
APP006809,CUST002285,2023-11-17,Car Purchase,14500,24,12.12,Branch
APP006810,CUST002257,2023-05-21,Other,26500,24,14.2,Online
APP006811,CUST004803,2024-12-30,Debt Consolidation,50000,48,14.78,Online
APP006812,CUST004181,2024-04-01,Wedding,3500,24,12.82,Online
APP006813,CUST005787,2023-07-29,Home Renovation,46000,36,18.36,Broker
APP006814,CUST004399,2024-08-03,Wedding,49500,36,9.97,Broker
APP006815,CUST001878,2024-08-16,Debt Consolidation,22500,36,8.43,Online
APP006816,CUST000254,2024-08-27,Car Purchase,20500,48,15.82,Online
APP006817,CUST002439,2024-08-24,Home Renovation,7000,24,13.43,Branch
APP006818,CUST004587,2024-08-17,Car Purchase,45500,36,7.65,Branch
APP006819,CUST001392,2024-10-09,Debt Consolidation,47000,36,14.2,Online
APP006820,CUST005368,2024-08-26,Car Purchase,24000,48,13.08,Broker
APP006821,CUST003400,2024-08-28,Debt Consolidation,40500,36,20.03,Broker
APP006822,CUST001423,2023-02-03,Car Purchase,40500,24,18.97,Branch
APP006823,CUST005146,2024-05-16,Car Purchase,41500,24,8.26,Broker
APP006824,CUST001126,2023-03-05,Debt Consolidation,22000,48,10.93,Online
APP006825,CUST001898,2024-04-25,Car Purchase,7500,12,9.77,Branch
APP006826,CUST005438,2024-06-30,Car Purchase,7500,60,15.38,Online
APP006827,CUST002233,2023-08-29,Home Renovation,7000,36,20.01,Broker
APP006828,CUST003234,2024-06-11,Debt Consolidation,42000,60,16.09,Branch
APP006829,CUST004507,2024-03-03,Debt Consolidation,33000,36,8.45,Online
APP006830,CUST005095,2023-02-16,Wedding,12500,48,22.25,Online
APP006831,CUST001965,2023-12-08,Debt Consolidation,24500,12,16.07,Online
APP006832,CUST002042,2024-08-31,Home Renovation,23000,36,17.76,Online
APP006833,CUST002883,2024-03-28,Other,36000,60,14.73,Branch
APP006834,CUST003203,2023-02-15,Wedding,41000,24,17.55,Online
APP006835,CUST002664,2023-04-06,Car Purchase,10500,12,21.35,Branch
APP006836,CUST000881,2024-10-25,Debt Consolidation,12500,60,20.09,Online
APP006837,CUST002918,2024-06-19,Debt Consolidation,26000,24,18.51,Online
APP006838,CUST005544,2023-04-08,Travel,26500,60,7.65,Online
APP006839,CUST003446,2024-02-27,Other,23500,48,19.6,Branch
APP006840,CUST003486,2024-05-26,Car Purchase,12000,36,11.32,Broker
APP006841,CUST001770,2024-01-07,Debt Consolidation,26000,36,15.4,Online
APP006842,CUST004297,2023-06-18,Travel,13500,12,21.34,Online
APP006843,CUST001679,2023-02-16,Debt Consolidation,46500,12,20.72,Broker
APP006844,CUST005093,2023-07-25,Debt Consolidation,15500,24,15.72,Broker
APP006845,CUST005549,2024-04-29,Debt Consolidation,42500,48,20.76,Branch
APP006846,CUST001589,2023-10-08,Car Purchase,45000,48,18.26,Online
APP006847,CUST003021,2023-12-11,Travel,21500,24,19.11,Branch
APP006848,CUST004660,2024-11-03,Car Purchase,15000,12,19.3,Broker
APP006849,CUST002012,2023-12-23,Other,48000,24,10.51,Branch
APP006850,CUST002469,2024-03-06,Travel,23000,36,11.7,Online
APP006851,CUST004672,2024-05-24,Home Renovation,13500,48,7.81,Online
APP006852,CUST004567,2023-10-26,Car Purchase,4500,24,8.81,Online
APP006853,CUST005203,2023-03-11,Medical,15000,12,13.65,Online
APP006854,CUST000405,2024-09-09,Travel,48000,36,14.58,Branch
APP006855,CUST000805,2023-11-05,Medical,20500,60,9.87,Online
APP006856,CUST004407,2023-08-12,Home Renovation,41500,12,21.77,Online
APP006857,CUST003024,2023-07-31,Car Purchase,43000,24,10.66,Broker
APP006858,CUST003565,2024-11-07,Car Purchase,24000,48,14.89,Online
APP006859,CUST001139,2023-07-10,Home Renovation,15500,48,19.4,Online
APP006860,CUST002271,2023-05-24,Car Purchase,47500,36,14.88,Branch
APP006861,CUST000854,2023-11-03,Home Renovation,7500,24,22.36,Online
APP006862,CUST003280,2024-02-04,Car Purchase,49000,24,18.69,Online
APP006863,CUST002721,2023-06-22,Debt Consolidation,23000,24,9.46,Online
APP006864,CUST001451,2024-08-16,Home Renovation,30500,24,19.88,Online
APP006865,CUST002807,2024-09-08,Debt Consolidation,28000,24,10.26,Online
APP006866,CUST002872,2024-10-07,Medical,5500,48,8.02,Broker
APP006867,CUST004951,2024-08-02,Other,9500,36,15.6,Online
APP006868,CUST002473,2024-02-06,Wedding,9500,36,22.3,Online
APP006869,CUST001625,2023-02-19,Travel,33500,24,14.48,Online
APP006870,CUST004182,2024-02-10,Car Purchase,38000,36,16.07,Online
APP006871,CUST003028,2023-09-18,Wedding,3000,36,10.84,Branch
APP006872,CUST001731,2023-05-03,Car Purchase,20000,24,16.07,Broker
APP006873,CUST004251,2024-02-07,Debt Consolidation,37500,36,9.73,Branch
APP006874,CUST002964,2023-03-22,Car Purchase,39000,48,11.5,Broker
APP006875,CUST000914,2023-06-09,Debt Consolidation,2500,36,13.96,Broker
APP006876,CUST004933,2024-11-07,Debt Consolidation,21500,24,7.75,Online
APP006877,CUST003858,2024-02-06,Debt Consolidation,25500,36,19.14,Online
APP006878,CUST000691,2023-02-02,Wedding,5500,60,18.04,Online
APP006879,CUST002748,2023-03-07,Debt Consolidation,23000,12,20.38,Online
APP006880,CUST000668,2024-10-15,Wedding,10500,24,9.02,Online
APP006881,CUST005445,2024-10-10,Home Renovation,23500,36,11.44,Online
APP006882,CUST000545,2023-12-26,Car Purchase,12500,36,11.17,Broker
APP006883,CUST002420,2024-11-13,Debt Consolidation,6500,24,13.83,Online
APP006884,CUST003284,2024-01-26,Travel,31000,24,19.6,Online
APP006885,CUST000079,2024-02-14,Home Renovation,26000,60,22.27,Branch
APP006886,CUST003278,2024-08-13,Home Renovation,27000,60,11.55,Branch
APP006887,CUST001837,2024-11-13,Debt Consolidation,35000,36,20.53,Online
APP006888,CUST000936,2023-11-17,Debt Consolidation,12500,24,13.61,Branch
APP006889,CUST004209,2023-06-07,Travel,5500,36,11.16,Online
APP006890,CUST001425,2023-12-03,Wedding,19000,24,18.61,Branch
APP006891,CUST004729,2024-11-25,Wedding,11000,24,19.32,Branch
APP006892,CUST003623,2024-07-14,Car Purchase,19000,24,18.73,Online
APP006893,CUST003756,2024-08-27,Debt Consolidation,24000,60,12.27,Broker
APP006894,CUST000167,2024-07-02,Home Renovation,24500,12,14.92,Branch
APP006895,CUST005407,2024-03-07,Wedding,16500,36,18.75,Branch
APP006896,CUST002885,2023-05-23,Car Purchase,34000,36,22.0,Online
APP006897,CUST004141,2023-10-19,Home Renovation,11000,36,7.86,Branch
APP006898,CUST005657,2024-04-11,Debt Consolidation,26500,36,10.02,Branch
APP006899,CUST001709,2024-08-18,Debt Consolidation,37500,36,21.26,Broker
APP006900,CUST000774,2024-08-24,Travel,2000,36,19.18,Online
APP006901,CUST003267,2024-11-28,Debt Consolidation,43000,48,16.32,Online
APP006902,CUST001589,2023-08-01,Car Purchase,11000,24,11.66,Branch
APP006903,CUST005630,2023-04-25,Debt Consolidation,2000,48,15.4,Branch
APP006904,CUST000299,2023-04-19,Home Renovation,13500,60,20.93,Broker
APP006905,CUST004487,2024-11-19,Debt Consolidation,5500,48,11.9,Branch
APP006906,CUST002635,2024-09-24,Wedding,13000,48,19.95,Online
APP006907,CUST003730,2023-06-28,Travel,22000,48,16.1,Online
APP006908,CUST002965,2023-03-12,Debt Consolidation,32000,24,18.81,Online
APP006909,CUST004464,2023-06-29,Car Purchase,27000,36,16.76,Online
APP006910,CUST003712,2023-10-18,Debt Consolidation,10000,60,9.18,Branch
APP006911,CUST002140,2024-08-16,Travel,8000,36,7.93,Broker
APP006912,CUST003086,2023-09-20,Car Purchase,39000,48,18.2,Online
APP006913,CUST001120,2024-03-30,Medical,14000,24,8.63,Online
APP006914,CUST000315,2023-08-26,Home Renovation,7000,48,19.16,Online
APP006915,CUST002458,2024-06-15,Debt Consolidation,46000,36,11.77,Broker
APP006916,CUST002749,2023-03-17,Home Renovation,24000,60,12.78,Online
APP006917,CUST003228,2023-01-23,Debt Consolidation,28500,48,7.55,Broker
APP006918,CUST003907,2023-03-11,Car Purchase,16000,36,14.76,Branch
APP006919,CUST000006,2024-02-18,Debt Consolidation,11500,48,19.53,Online
APP006920,CUST004888,2023-03-15,Home Renovation,10500,24,18.14,Online
APP006921,CUST003062,2024-08-30,Home Renovation,48500,36,12.46,Online
APP006922,CUST002399,2024-01-19,Wedding,43500,36,13.29,Broker
APP006923,CUST005258,2024-01-04,Home Renovation,27000,24,11.61,Broker
APP006924,CUST000680,2024-09-15,Medical,42500,24,12.6,Branch
APP006925,CUST001905,2024-12-12,Debt Consolidation,25000,36,13.46,Online
APP006926,CUST001502,2023-07-08,Medical,40000,36,19.29,Online
APP006927,CUST001855,2023-01-02,Debt Consolidation,48000,24,18.86,Online
APP006928,CUST000517,2024-10-30,Travel,32500,24,18.72,Branch
APP006929,CUST002709,2023-01-11,Home Renovation,49000,24,10.24,Online
APP006930,CUST000216,2024-04-15,Home Renovation,10000,48,13.15,Broker
APP006931,CUST005998,2023-01-18,Car Purchase,23500,60,9.7,Branch
APP006932,CUST005843,2023-08-18,Car Purchase,42500,36,12.31,Online
APP006933,CUST004816,2023-10-28,Other,4000,60,18.98,Online
APP006934,CUST002379,2024-04-18,Travel,39500,48,10.79,Broker
APP006935,CUST003936,2023-09-22,Car Purchase,45500,60,22.19,Broker
APP006936,CUST001710,2023-05-13,Debt Consolidation,10500,24,13.92,Online
APP006937,CUST002947,2024-07-01,Home Renovation,4000,36,18.31,Branch
APP006938,CUST004119,2023-03-16,Debt Consolidation,8500,48,12.51,Online
APP006939,CUST005567,2024-05-15,Debt Consolidation,34000,24,22.12,Online
APP006940,CUST001947,2023-07-18,Home Renovation,47500,24,15.5,Branch
APP006941,CUST000954,2024-12-15,Debt Consolidation,40500,36,8.99,Broker
APP006942,CUST000618,2024-06-24,Car Purchase,20500,36,12.88,Online
APP006943,CUST003981,2023-06-14,Car Purchase,29000,48,10.21,Online
APP006944,CUST001893,2024-08-02,Wedding,18000,12,8.41,Branch
APP006945,CUST001969,2024-10-24,Debt Consolidation,39500,48,17.79,Online
APP006946,CUST005731,2024-06-17,Debt Consolidation,20000,36,9.12,Online
APP006947,CUST002059,2023-12-25,Home Renovation,12000,60,21.44,Broker
APP006948,CUST002796,2023-09-18,Car Purchase,38000,60,13.33,Branch
APP006949,CUST000533,2023-11-13,Car Purchase,21500,24,10.97,Online
APP006950,CUST005127,2023-05-20,Home Renovation,21000,36,22.02,Broker
APP006951,CUST004820,2024-09-09,Home Renovation,38500,24,22.37,Online
APP006952,CUST003785,2023-02-04,Home Renovation,6500,60,15.72,Broker
APP006953,CUST005335,2024-08-15,Home Renovation,19000,36,15.98,Branch
APP006954,CUST003478,2023-06-21,Medical,12500,36,14.82,Broker
APP006955,CUST001076,2023-09-20,Car Purchase,17500,36,14.49,Online
APP006956,CUST001653,2024-10-29,Other,32000,36,10.01,Branch
APP006957,CUST005463,2024-06-03,Car Purchase,5500,36,20.91,Branch
APP006958,CUST003875,2023-09-01,Home Renovation,38500,36,17.69,Branch
APP006959,CUST003087,2023-06-27,Car Purchase,43500,48,12.02,Online
APP006960,CUST002799,2024-09-18,Debt Consolidation,48000,24,9.71,Online
APP006961,CUST001043,2024-04-29,Medical,27000,24,16.62,Online
APP006962,CUST004463,2024-04-16,Medical,14500,24,7.53,Branch
APP006963,CUST004509,2023-08-13,Debt Consolidation,21000,24,22.13,Online
APP006964,CUST005294,2023-04-23,Wedding,45500,48,13.21,Online
APP006965,CUST005790,2023-01-19,Travel,35000,48,20.99,Online
APP006966,CUST001602,2023-12-28,Debt Consolidation,12000,24,8.63,Online
APP006967,CUST004864,2024-10-01,Debt Consolidation,15000,24,21.28,Online
APP006968,CUST003993,2023-09-25,Travel,10500,36,21.21,Online
APP006969,CUST004519,2023-02-01,Home Renovation,14000,36,15.53,Online
APP006970,CUST000119,2023-05-20,Wedding,47500,12,10.75,Online
APP006971,CUST003487,2024-03-17,Home Renovation,15500,48,12.9,Branch
APP006972,CUST003421,2024-01-16,Wedding,10500,36,20.49,Online
APP006973,CUST005747,2023-05-13,Debt Consolidation,24500,60,19.11,Broker
APP006974,CUST004003,2024-05-11,Medical,16500,12,18.21,Online
APP006975,CUST005804,2024-02-25,Travel,16000,60,16.62,Branch
APP006976,CUST000533,2024-11-20,Car Purchase,37500,24,12.64,Broker
APP006977,CUST000147,2024-08-17,Medical,15500,36,12.75,Branch
APP006978,CUST001492,2024-05-02,Travel,23500,12,21.52,Online
APP006979,CUST003592,2023-07-28,Other,29500,48,16.31,Broker
APP006980,CUST005222,2023-12-01,Home Renovation,35500,36,21.43,Online
APP006981,CUST004348,2024-03-05,Car Purchase,42500,24,17.59,Branch
APP006982,CUST002576,2024-08-29,Debt Consolidation,41000,12,21.24,Branch
APP006983,CUST005589,2024-11-27,Other,16000,36,16.77,Online
APP006984,CUST003558,2023-10-19,Medical,17500,24,19.64,Broker
APP006985,CUST000466,2023-11-21,Home Renovation,50000,48,17.52,Online
APP006986,CUST002610,2023-12-17,Debt Consolidation,17000,36,21.21,Branch
APP006987,CUST002941,2024-12-22,Debt Consolidation,37500,36,17.0,Online
APP006988,CUST003213,2023-07-30,Debt Consolidation,47500,60,12.22,Broker
APP006989,CUST002978,2023-05-22,Travel,42500,24,9.98,Online
APP006990,CUST001618,2023-12-10,Home Renovation,29000,60,19.07,Branch
APP006991,CUST002389,2023-09-15,Medical,36000,36,10.69,Online
APP006992,CUST004151,2023-09-21,Other,29000,36,15.46,Branch
APP006993,CUST001800,2024-02-24,Car Purchase,6000,36,9.63,Branch
APP006994,CUST004091,2023-03-19,Medical,35500,48,10.17,Online
APP006995,CUST002786,2023-08-07,Debt Consolidation,49000,36,15.08,Online
APP006996,CUST000729,2024-03-26,Travel,44500,60,19.29,Online
APP006997,CUST002618,2024-08-28,Car Purchase,24500,24,20.97,Online
APP006998,CUST001712,2024-12-24,Home Renovation,44500,60,14.22,Online
APP006999,CUST005476,2023-04-14,Debt Consolidation,37000,24,12.69,Broker
APP007000,CUST004885,2024-10-23,Medical,46000,48,11.53,Online
APP007001,CUST004420,2023-01-11,Home Renovation,3000,36,14.03,Broker
APP007002,CUST005704,2023-05-09,Other,47000,24,10.72,Branch
APP007003,CUST005854,2024-09-02,Debt Consolidation,12000,36,10.25,Online
APP007004,CUST004685,2024-01-17,Travel,43500,36,18.19,Online
APP007005,CUST000984,2024-04-03,Travel,46000,60,16.3,Online
APP007006,CUST005993,2023-07-21,Travel,5000,60,9.14,Online
APP007007,CUST000414,2024-11-29,Medical,35500,24,12.69,Online
APP007008,CUST000840,2024-06-23,Car Purchase,8000,60,12.98,Online
APP007009,CUST004898,2024-12-07,Debt Consolidation,15000,60,16.15,Branch
APP007010,CUST001581,2023-07-08,Debt Consolidation,49500,12,17.14,Broker
APP007011,CUST000884,2023-02-01,Debt Consolidation,29000,60,21.0,Online
APP007012,CUST003858,2024-01-01,Car Purchase,34500,48,11.16,Online
APP007013,CUST001342,2023-05-23,Debt Consolidation,48500,36,8.74,Online
APP007014,CUST003240,2023-05-10,Car Purchase,6000,60,14.79,Online
APP007015,CUST000674,2024-01-20,Wedding,36000,48,21.76,Branch
APP007016,CUST005417,2024-05-31,Home Renovation,34000,48,22.05,Online
APP007017,CUST001181,2023-11-14,Debt Consolidation,24000,48,13.82,Broker
APP007018,CUST004757,2024-08-04,Wedding,35500,24,14.68,Branch
APP007019,CUST003927,2024-04-09,Wedding,46000,36,22.17,Broker
APP007020,CUST003503,2023-01-19,Debt Consolidation,36500,60,22.31,Branch
APP007021,CUST003729,2023-09-07,Car Purchase,27500,36,12.42,Branch
APP007022,CUST004676,2023-01-28,Wedding,2500,36,11.8,Online
APP007023,CUST004660,2023-05-25,Car Purchase,23000,12,14.03,Branch
APP007024,CUST005099,2024-02-13,Debt Consolidation,39000,48,11.79,Online
APP007025,CUST001392,2024-07-06,Car Purchase,36000,36,21.91,Online
APP007026,CUST005629,2023-11-10,Medical,5000,60,11.3,Branch
APP007027,CUST000413,2023-06-20,Medical,5000,36,13.23,Online
APP007028,CUST002705,2024-09-10,Travel,41500,12,8.04,Broker
APP007029,CUST004169,2024-04-29,Debt Consolidation,47500,48,20.36,Online
APP007030,CUST001678,2024-12-16,Debt Consolidation,34500,60,8.12,Online
APP007031,CUST004192,2023-01-09,Car Purchase,41500,24,19.75,Online
APP007032,CUST001710,2024-02-15,Travel,36000,36,19.43,Broker
APP007033,CUST001377,2023-12-14,Travel,16000,36,12.49,Online
APP007034,CUST000193,2023-03-09,Car Purchase,11000,48,19.23,Branch
APP007035,CUST001728,2023-04-21,Car Purchase,7000,24,16.69,Online
APP007036,CUST002795,2023-03-31,Debt Consolidation,44500,36,11.22,Online
APP007037,CUST003532,2024-05-01,Debt Consolidation,9000,24,10.54,Online
APP007038,CUST004094,2024-01-04,Wedding,8000,60,11.01,Online
APP007039,CUST005112,2024-12-07,Debt Consolidation,6000,60,15.46,Online
APP007040,CUST002423,2024-02-02,Debt Consolidation,22000,60,20.37,Online
APP007041,CUST000015,2023-10-25,Travel,31500,48,9.05,Broker
APP007042,CUST000928,2024-03-26,Wedding,13500,24,17.81,Online
APP007043,CUST000437,2024-05-04,Debt Consolidation,39000,36,8.57,Online
APP007044,CUST003282,2023-12-10,Debt Consolidation,24500,24,15.85,Broker
APP007045,CUST001034,2024-09-06,Medical,36500,36,9.72,Branch
APP007046,CUST001428,2024-12-28,Car Purchase,48000,36,22.36,Branch
APP007047,CUST000929,2024-10-07,Debt Consolidation,37000,48,22.22,Online
APP007048,CUST000472,2023-07-26,Travel,9000,12,18.17,Branch
APP007049,CUST003925,2023-11-21,Wedding,23000,24,20.35,Broker
APP007050,CUST001575,2023-02-19,Other,10000,12,14.18,Broker
APP007051,CUST005944,2024-12-29,Travel,21000,60,14.66,Online
APP007052,CUST003730,2023-10-23,Debt Consolidation,7500,60,12.56,Online
APP007053,CUST001240,2024-04-11,Travel,6000,48,10.08,Online
APP007054,CUST004506,2024-03-08,Debt Consolidation,22500,24,13.5,Broker
APP007055,CUST000587,2023-11-16,Debt Consolidation,31500,36,10.05,Branch
APP007056,CUST004377,2024-06-07,Debt Consolidation,15500,24,7.97,Online
APP007057,CUST003630,2024-02-11,Car Purchase,39500,60,22.48,Online
APP007058,CUST000348,2023-06-23,Debt Consolidation,2000,36,14.71,Branch
APP007059,CUST003701,2024-08-16,Home Renovation,46000,36,18.85,Broker
APP007060,CUST003379,2023-07-17,Car Purchase,33500,12,9.77,Broker
APP007061,CUST001808,2023-07-03,Debt Consolidation,28000,24,10.17,Broker
APP007062,CUST002554,2023-07-24,Debt Consolidation,20500,60,12.08,Online
APP007063,CUST003496,2024-11-08,Car Purchase,42000,36,14.54,Online
APP007064,CUST005097,2024-11-07,Travel,10500,12,15.93,Online
APP007065,CUST001762,2023-08-19,Debt Consolidation,34500,48,16.45,Online
APP007066,CUST002640,2024-10-23,Car Purchase,30500,48,18.11,Branch
APP007067,CUST002687,2023-09-05,Debt Consolidation,35500,24,19.46,Online
APP007068,CUST005348,2024-04-14,Car Purchase,21000,60,13.91,Branch
APP007069,CUST003108,2023-01-25,Debt Consolidation,13500,48,18.21,Online
APP007070,CUST004588,2023-09-07,Debt Consolidation,37000,24,11.13,Online
APP007071,CUST001349,2024-04-26,Travel,40000,36,13.86,Online
APP007072,CUST003684,2024-11-14,Wedding,20000,12,15.55,Online
APP007073,CUST004675,2023-09-14,Home Renovation,5000,48,19.25,Branch
APP007074,CUST005205,2023-02-20,Home Renovation,43000,36,9.81,Online
APP007075,CUST005518,2024-03-11,Other,49000,12,20.49,Online
APP007076,CUST002477,2023-11-10,Home Renovation,33000,36,10.7,Online
APP007077,CUST004518,2023-06-29,Other,26500,36,7.91,Branch
APP007078,CUST003315,2023-08-21,Wedding,13500,48,17.54,Broker
APP007079,CUST000694,2023-04-17,Debt Consolidation,45500,48,9.89,Branch
APP007080,CUST001479,2024-08-08,Debt Consolidation,47500,36,18.43,Online
APP007081,CUST000498,2023-11-12,Travel,34500,60,18.82,Broker
APP007082,CUST005472,2024-08-16,Car Purchase,40500,24,22.29,Online
APP007083,CUST003343,2024-07-19,Medical,34000,24,11.26,Online
APP007084,CUST004802,2023-10-04,Travel,25000,24,21.3,Online
APP007085,CUST000886,2023-09-19,Debt Consolidation,6000,48,18.84,Branch
APP007086,CUST000899,2024-08-06,Other,43500,36,16.82,Online
APP007087,CUST000313,2024-06-17,Debt Consolidation,45500,48,8.47,Online
APP007088,CUST004079,2024-04-01,Home Renovation,46000,36,9.69,Online
APP007089,CUST003752,2024-02-25,Debt Consolidation,17500,36,9.27,Broker
APP007090,CUST003431,2023-05-14,Travel,48500,60,21.63,Online
APP007091,CUST000430,2023-02-04,Home Renovation,22000,36,9.09,Broker
APP007092,CUST002928,2024-11-03,Car Purchase,41000,48,13.03,Broker
APP007093,CUST002381,2024-04-21,Debt Consolidation,48500,48,21.95,Broker
APP007094,CUST000382,2023-03-01,Car Purchase,6000,48,12.07,Online
APP007095,CUST004869,2023-10-21,Other,45500,24,17.22,Online
APP007096,CUST000670,2024-02-27,Home Renovation,33500,36,10.29,Online
APP007097,CUST002843,2024-09-30,Debt Consolidation,8000,12,10.77,Online
APP007098,CUST005106,2024-05-20,Debt Consolidation,14500,24,10.16,Online
APP007099,CUST001502,2024-08-17,Home Renovation,11000,36,12.94,Online
APP007100,CUST000298,2024-11-26,Wedding,2000,24,8.12,Online
APP007101,CUST001095,2023-10-05,Home Renovation,30500,24,9.28,Broker
APP007102,CUST002015,2023-08-17,Travel,2000,60,9.47,Online
APP007103,CUST002625,2024-02-06,Wedding,49500,48,13.26,Online
APP007104,CUST002849,2023-09-28,Debt Consolidation,36000,36,16.81,Online
APP007105,CUST002791,2023-02-10,Wedding,9500,12,21.45,Branch
APP007106,CUST001686,2024-12-01,Other,8000,48,15.08,Online
APP007107,CUST003414,2023-04-19,Other,28000,60,17.81,Broker
APP007108,CUST000070,2024-07-13,Debt Consolidation,33000,48,8.78,Online
APP007109,CUST000605,2024-02-02,Debt Consolidation,36500,36,10.08,Online
APP007110,CUST002924,2023-10-20,Other,17000,36,18.55,Broker
APP007111,CUST004445,2024-05-27,Car Purchase,20500,48,17.32,Branch
APP007112,CUST003805,2023-11-11,Debt Consolidation,11000,60,12.18,Branch
APP007113,CUST005373,2023-06-05,Travel,32000,36,18.91,Broker
APP007114,CUST004137,2023-02-21,Car Purchase,49000,60,16.32,Broker
APP007115,CUST001734,2023-12-09,Debt Consolidation,26000,36,14.31,Broker
APP007116,CUST003290,2024-07-18,Home Renovation,43000,48,20.47,Online
APP007117,CUST000316,2024-03-30,Debt Consolidation,26500,12,8.99,Online
APP007118,CUST000266,2024-06-22,Wedding,49500,36,22.35,Online
APP007119,CUST001632,2024-08-21,Home Renovation,10500,24,20.06,Branch
APP007120,CUST000745,2023-12-15,Other,34000,60,21.15,Online
APP007121,CUST005568,2023-07-06,Car Purchase,36000,24,19.69,Broker
APP007122,CUST004199,2023-10-17,Car Purchase,2500,36,15.31,Online
APP007123,CUST000081,2024-12-12,Debt Consolidation,8000,12,20.83,Online
APP007124,CUST001790,2023-01-05,Wedding,16000,36,14.63,Branch
APP007125,CUST005570,2023-10-21,Travel,44500,48,11.09,Online
APP007126,CUST002137,2023-12-31,Debt Consolidation,38000,36,21.02,Broker
APP007127,CUST001358,2023-11-02,Car Purchase,35500,60,20.6,Branch
APP007128,CUST001756,2023-05-23,Debt Consolidation,34000,36,7.97,Online
APP007129,CUST001158,2023-04-06,Home Renovation,41500,36,19.49,Broker
APP007130,CUST004936,2023-03-15,Travel,49500,24,17.59,Online
APP007131,CUST000594,2024-05-11,Wedding,29000,36,10.35,Online
APP007132,CUST001680,2024-05-29,Car Purchase,30000,24,10.55,Branch
APP007133,CUST003550,2024-07-09,Travel,32500,24,19.79,Broker
APP007134,CUST003120,2023-11-13,Travel,19000,48,12.24,Online
APP007135,CUST005958,2024-03-11,Car Purchase,29000,24,19.28,Branch
APP007136,CUST003502,2024-06-23,Car Purchase,15000,48,20.0,Broker
APP007137,CUST004291,2024-04-16,Travel,10000,24,20.56,Branch
APP007138,CUST001645,2023-01-24,Car Purchase,22000,48,8.23,Online
APP007139,CUST002882,2023-01-21,Debt Consolidation,12000,36,15.05,Online
APP007140,CUST004370,2024-12-07,Wedding,31500,60,21.46,Branch
APP007141,CUST001287,2023-12-06,Debt Consolidation,23500,60,16.67,Online
APP007142,CUST005767,2024-02-09,Debt Consolidation,15500,48,12.55,Online
APP007143,CUST001101,2024-09-14,Travel,29000,48,15.02,Online
APP007144,CUST004099,2023-05-16,Debt Consolidation,26000,36,20.18,Branch
APP007145,CUST004502,2023-03-18,Car Purchase,37500,36,21.59,Online
APP007146,CUST003187,2023-07-11,Debt Consolidation,3500,36,18.58,Broker
APP007147,CUST004390,2024-09-08,Debt Consolidation,41500,36,19.29,Broker
APP007148,CUST000700,2023-07-24,Home Renovation,45000,24,21.91,Broker
APP007149,CUST001861,2023-12-27,Home Renovation,3500,48,19.18,Online
APP007150,CUST001148,2023-03-04,Home Renovation,4500,36,22.33,Online
APP007151,CUST004276,2023-11-23,Home Renovation,35000,12,7.61,Online
APP007152,CUST000708,2024-12-11,Debt Consolidation,18500,60,17.17,Online
APP007153,CUST001373,2023-01-29,Car Purchase,34500,24,17.22,Online
APP007154,CUST005901,2024-12-26,Wedding,46500,24,10.5,Online
APP007155,CUST001813,2024-04-18,Home Renovation,10000,60,12.06,Branch
APP007156,CUST001612,2024-11-03,Debt Consolidation,19500,60,19.97,Online
APP007157,CUST002703,2024-05-17,Home Renovation,33500,24,12.62,Branch
APP007158,CUST004168,2023-01-02,Debt Consolidation,33500,36,19.89,Branch
APP007159,CUST002078,2024-02-04,Debt Consolidation,19500,12,11.6,Online
APP007160,CUST001954,2023-10-26,Medical,33000,48,16.08,Broker
APP007161,CUST005752,2023-04-15,Car Purchase,49000,24,22.12,Online
APP007162,CUST004405,2023-08-24,Medical,14500,36,16.84,Broker
APP007163,CUST002534,2024-08-20,Travel,8000,48,8.02,Broker
APP007164,CUST002036,2023-05-28,Medical,41500,36,9.71,Branch
APP007165,CUST003157,2023-10-12,Debt Consolidation,26000,12,18.93,Online
APP007166,CUST003291,2024-08-01,Travel,19500,36,12.45,Online
APP007167,CUST005460,2023-02-02,Debt Consolidation,4500,36,13.61,Broker
APP007168,CUST002181,2024-09-17,Home Renovation,35000,36,15.41,Branch
APP007169,CUST003456,2023-07-26,Debt Consolidation,32000,24,20.75,Online
APP007170,CUST003946,2023-01-22,Travel,43000,60,17.12,Broker
APP007171,CUST001812,2023-03-22,Car Purchase,43500,60,12.15,Online
APP007172,CUST001450,2024-11-13,Home Renovation,2500,24,15.15,Broker
APP007173,CUST004109,2024-06-13,Debt Consolidation,39500,36,13.2,Broker
APP007174,CUST005328,2024-10-14,Debt Consolidation,48500,24,10.13,Branch
APP007175,CUST001322,2024-09-16,Debt Consolidation,6500,48,18.96,Online
APP007176,CUST001745,2024-07-27,Debt Consolidation,9000,60,9.89,Branch
APP007177,CUST000545,2024-01-07,Debt Consolidation,32500,24,17.01,Branch
APP007178,CUST000098,2023-01-14,Other,12500,60,12.05,Broker
APP007179,CUST004687,2024-10-26,Home Renovation,34000,24,9.31,Online
APP007180,CUST002671,2024-06-27,Other,42500,60,18.8,Online
APP007181,CUST002923,2024-01-03,Home Renovation,25500,48,19.67,Branch
APP007182,CUST004223,2023-12-08,Debt Consolidation,21000,24,19.68,Branch
APP007183,CUST003847,2023-06-16,Debt Consolidation,39000,24,20.34,Online
APP007184,CUST002834,2024-09-29,Debt Consolidation,21500,36,11.25,Broker
APP007185,CUST005263,2023-04-01,Travel,36000,36,10.08,Online
APP007186,CUST001430,2023-12-28,Car Purchase,11000,12,20.4,Online
APP007187,CUST004474,2023-11-07,Car Purchase,33000,48,18.15,Broker
APP007188,CUST003298,2023-03-12,Car Purchase,36000,48,16.69,Broker
APP007189,CUST005625,2023-12-26,Car Purchase,46500,60,12.82,Branch
APP007190,CUST005698,2023-02-20,Home Renovation,29000,48,13.5,Branch
APP007191,CUST004270,2023-07-19,Debt Consolidation,42500,24,16.17,Branch
APP007192,CUST001437,2024-11-16,Debt Consolidation,7000,36,19.41,Branch
APP007193,CUST005847,2023-01-17,Debt Consolidation,27500,48,12.34,Online
APP007194,CUST001140,2023-05-19,Wedding,14000,36,16.81,Branch
APP007195,CUST003076,2023-04-14,Car Purchase,39500,36,19.59,Online
APP007196,CUST000057,2024-07-04,Debt Consolidation,35000,36,13.39,Branch
APP007197,CUST003302,2023-09-04,Debt Consolidation,37500,48,10.87,Branch
APP007198,CUST001643,2024-08-12,Debt Consolidation,8500,24,10.44,Online
APP007199,CUST005560,2023-05-26,Travel,10000,48,12.59,Online
APP007200,CUST003547,2024-10-12,Debt Consolidation,23000,24,15.89,Branch
APP007201,CUST001661,2024-11-30,Wedding,14500,36,8.14,Branch
APP007202,CUST002014,2024-06-04,Home Renovation,47000,24,14.34,Online
APP007203,CUST001540,2024-03-23,Debt Consolidation,47500,24,10.25,Online
APP007204,CUST004718,2023-02-07,Car Purchase,40500,24,20.7,Online
APP007205,CUST002098,2023-08-15,Debt Consolidation,26500,48,15.24,Branch
APP007206,CUST001264,2024-11-13,Debt Consolidation,14500,48,19.9,Branch
APP007207,CUST002905,2023-09-10,Debt Consolidation,34000,36,15.06,Online
APP007208,CUST001079,2023-07-08,Debt Consolidation,43500,36,15.18,Online
APP007209,CUST001917,2023-06-01,Car Purchase,23000,36,15.06,Broker
APP007210,CUST005041,2023-07-06,Debt Consolidation,2000,48,19.79,Broker
APP007211,CUST005430,2023-04-30,Travel,15500,48,11.08,Online
APP007212,CUST000166,2024-07-02,Debt Consolidation,28000,36,21.86,Online
APP007213,CUST001989,2024-04-18,Debt Consolidation,12000,36,20.86,Broker
APP007214,CUST005735,2023-01-24,Other,46000,48,17.74,Branch
APP007215,CUST003970,2023-01-25,Wedding,24500,24,10.08,Online
APP007216,CUST003634,2023-07-20,Medical,46000,60,14.88,Online
APP007217,CUST003389,2024-08-02,Other,2500,48,8.5,Online
APP007218,CUST005403,2023-08-18,Other,42500,24,14.81,Online
APP007219,CUST004431,2024-01-17,Home Renovation,18000,24,15.2,Branch
APP007220,CUST001452,2023-04-30,Debt Consolidation,35000,24,17.13,Online
APP007221,CUST002689,2023-10-02,Wedding,42500,48,19.4,Broker
APP007222,CUST001657,2024-06-10,Car Purchase,12000,36,21.22,Online
APP007223,CUST000510,2024-11-10,Debt Consolidation,38500,36,18.27,Online
APP007224,CUST004925,2024-02-29,Debt Consolidation,12500,36,16.87,Online
APP007225,CUST001462,2024-07-30,Home Renovation,16500,48,22.41,Online
APP007226,CUST005046,2023-04-22,Debt Consolidation,36500,24,19.41,Branch
APP007227,CUST001901,2023-07-23,Travel,36500,60,17.29,Branch
APP007228,CUST001598,2023-11-01,Travel,15000,24,11.26,Broker
APP007229,CUST003523,2024-06-18,Car Purchase,26500,48,9.46,Online
APP007230,CUST004328,2024-12-10,Home Renovation,13000,36,14.81,Branch
APP007231,CUST004893,2024-01-26,Wedding,6500,48,11.83,Online
APP007232,CUST002599,2023-06-13,Debt Consolidation,7000,48,12.4,Online
APP007233,CUST002765,2024-10-27,Travel,44000,48,7.69,Broker
APP007234,CUST002878,2024-07-12,Home Renovation,20500,36,21.06,Online
APP007235,CUST004580,2023-09-21,Car Purchase,28500,48,21.56,Online
APP007236,CUST003200,2024-10-29,Medical,25000,60,7.84,Broker
APP007237,CUST004783,2023-08-26,Debt Consolidation,7500,24,16.58,Broker
APP007238,CUST003667,2023-04-04,Home Renovation,46500,12,16.44,Branch
APP007239,CUST001606,2023-04-01,Home Renovation,13500,48,14.14,Branch
APP007240,CUST003869,2024-10-18,Debt Consolidation,46500,36,20.86,Online
APP007241,CUST003104,2023-01-03,Car Purchase,3000,60,8.63,Online
APP007242,CUST004345,2023-01-09,Car Purchase,40000,36,13.16,Branch
APP007243,CUST001049,2023-07-20,Debt Consolidation,45000,24,20.09,Online
APP007244,CUST002598,2023-02-19,Wedding,37500,24,15.11,Broker
APP007245,CUST000908,2023-01-21,Car Purchase,25000,24,18.4,Branch
APP007246,CUST004195,2024-07-15,Wedding,39500,48,21.78,Branch
APP007247,CUST002738,2023-09-18,Car Purchase,41500,24,21.96,Branch
APP007248,CUST004912,2024-04-08,Other,16000,48,10.59,Branch
APP007249,CUST003790,2024-07-04,Car Purchase,33500,48,8.05,Broker
APP007250,CUST002142,2024-11-15,Other,24500,48,11.83,Online
APP007251,CUST002585,2023-07-31,Other,27500,36,18.15,Online
APP007252,CUST000624,2023-03-27,Home Renovation,26000,36,14.01,Broker
APP007253,CUST002921,2024-01-18,Home Renovation,6500,36,15.18,Broker
APP007254,CUST004871,2024-03-24,Debt Consolidation,43000,48,20.27,Broker
APP007255,CUST005623,2023-11-26,Other,38000,12,7.56,Online
APP007256,CUST005032,2024-08-11,Car Purchase,12000,24,11.19,Broker
APP007257,CUST000073,2024-11-23,Debt Consolidation,9000,24,9.49,Online
APP007258,CUST002019,2023-11-14,Car Purchase,41500,12,8.02,Branch
APP007259,CUST003857,2023-02-10,Other,31500,48,19.11,Online
APP007260,CUST005667,2024-04-05,Debt Consolidation,8000,24,15.08,Branch
APP007261,CUST000399,2024-11-18,Debt Consolidation,43500,60,18.86,Online
APP007262,CUST002191,2023-12-11,Car Purchase,23500,24,10.36,Online
APP007263,CUST003929,2023-09-18,Medical,39000,24,18.14,Broker
APP007264,CUST005920,2024-05-20,Other,11500,48,17.22,Online
APP007265,CUST003168,2024-04-05,Travel,15500,36,18.55,Online
APP007266,CUST002054,2024-01-23,Wedding,14500,36,20.52,Online
APP007267,CUST000244,2024-06-05,Debt Consolidation,48000,60,20.58,Broker
APP007268,CUST004628,2023-04-18,Car Purchase,34500,60,9.01,Online
APP007269,CUST003362,2024-12-29,Medical,6000,12,19.36,Branch
APP007270,CUST004707,2023-07-25,Car Purchase,46500,36,8.86,Broker
APP007271,CUST005817,2023-08-05,Home Renovation,33500,36,9.15,Branch
APP007272,CUST004767,2024-01-30,Debt Consolidation,16000,48,22.11,Broker
APP007273,CUST003572,2024-02-15,Home Renovation,44500,36,12.35,Online
APP007274,CUST004066,2024-10-04,Car Purchase,19500,12,21.35,Broker
APP007275,CUST005037,2023-07-22,Home Renovation,12000,36,12.47,Online
APP007276,CUST001784,2023-02-14,Debt Consolidation,7500,36,22.03,Branch
APP007277,CUST004566,2024-09-05,Car Purchase,33000,60,15.19,Broker
APP007278,CUST005487,2023-09-11,Car Purchase,32500,48,14.41,Online
APP007279,CUST000599,2024-11-28,Wedding,23000,60,19.65,Online
APP007280,CUST001447,2023-01-01,Car Purchase,45000,60,9.24,Broker
APP007281,CUST003740,2023-10-10,Other,47000,24,13.72,Online
APP007282,CUST005393,2023-05-23,Travel,13000,36,15.45,Online
APP007283,CUST004101,2024-11-03,Debt Consolidation,43500,36,11.11,Online
APP007284,CUST003521,2024-07-17,Car Purchase,42500,36,19.37,Broker
APP007285,CUST000442,2023-11-04,Wedding,19500,12,15.87,Branch
APP007286,CUST001185,2023-08-21,Debt Consolidation,46500,48,19.47,Branch
APP007287,CUST004242,2024-07-16,Car Purchase,16500,24,11.84,Branch
APP007288,CUST002353,2024-04-04,Debt Consolidation,18500,48,11.99,Branch
APP007289,CUST002221,2023-02-16,Debt Consolidation,49500,12,11.58,Online
APP007290,CUST005481,2024-12-03,Debt Consolidation,42500,48,18.26,Branch
APP007291,CUST005349,2023-02-06,Debt Consolidation,41500,24,8.28,Broker
APP007292,CUST001841,2024-09-26,Debt Consolidation,48000,60,19.49,Online
APP007293,CUST000146,2024-03-18,Medical,8000,48,12.77,Broker
APP007294,CUST003440,2023-09-24,Debt Consolidation,14500,12,11.01,Broker
APP007295,CUST005559,2024-09-16,Travel,23500,36,15.74,Branch
APP007296,CUST001837,2024-10-27,Travel,15000,36,15.87,Branch
APP007297,CUST000973,2023-04-09,Car Purchase,18500,36,10.93,Branch
APP007298,CUST004850,2023-05-20,Home Renovation,24500,36,21.21,Branch
APP007299,CUST004600,2023-04-06,Other,45000,36,8.28,Broker
APP007300,CUST005896,2024-07-06,Other,3500,60,21.21,Online
APP007301,CUST005433,2023-03-23,Debt Consolidation,27000,36,14.33,Broker
APP007302,CUST005715,2024-05-05,Home Renovation,31500,36,18.21,Online
APP007303,CUST003614,2024-02-16,Home Renovation,49000,48,9.44,Online
APP007304,CUST003606,2024-07-18,Home Renovation,32000,36,7.67,Broker
APP007305,CUST000994,2023-09-12,Car Purchase,6500,60,12.06,Online
APP007306,CUST002180,2024-11-06,Other,34000,48,11.62,Online
APP007307,CUST004531,2023-07-22,Home Renovation,49000,36,18.75,Branch
APP007308,CUST001527,2023-06-03,Travel,33000,36,8.79,Broker
APP007309,CUST004150,2024-05-23,Car Purchase,34500,36,14.22,Online
APP007310,CUST005465,2024-03-15,Debt Consolidation,30500,12,7.96,Branch
APP007311,CUST001297,2023-03-16,Travel,19500,60,14.72,Online
APP007312,CUST003350,2024-02-16,Car Purchase,37000,12,18.78,Online
APP007313,CUST000671,2023-10-27,Car Purchase,28000,24,15.61,Broker
APP007314,CUST003977,2024-04-09,Car Purchase,22500,60,19.1,Online
APP007315,CUST002817,2024-04-13,Travel,10000,48,11.56,Online
APP007316,CUST000743,2024-08-14,Debt Consolidation,47000,24,15.5,Broker
APP007317,CUST001421,2023-11-13,Medical,21500,36,10.1,Online
APP007318,CUST000904,2023-06-26,Debt Consolidation,5500,12,22.43,Broker
APP007319,CUST003702,2023-05-31,Debt Consolidation,48000,60,19.71,Online
APP007320,CUST000116,2024-08-15,Wedding,31000,36,13.88,Broker
APP007321,CUST004975,2023-09-02,Other,27000,36,10.8,Broker
APP007322,CUST001193,2024-08-16,Car Purchase,2500,48,10.15,Branch
APP007323,CUST005384,2024-08-26,Other,39500,48,7.93,Online
APP007324,CUST000181,2024-02-14,Car Purchase,10000,60,10.05,Branch
APP007325,CUST004454,2024-05-24,Wedding,38500,48,21.15,Branch
APP007326,CUST000239,2023-03-21,Debt Consolidation,26500,24,17.56,Branch
APP007327,CUST003876,2024-01-13,Travel,38500,12,16.79,Branch
APP007328,CUST004618,2024-05-04,Car Purchase,16500,12,17.67,Online
APP007329,CUST000397,2023-08-24,Travel,12000,12,9.82,Online
APP007330,CUST003868,2024-11-16,Wedding,3500,24,16.03,Broker
APP007331,CUST001338,2024-09-25,Home Renovation,13500,24,22.34,Branch
APP007332,CUST002067,2023-03-13,Debt Consolidation,6000,36,17.1,Branch
APP007333,CUST000302,2023-10-26,Other,33500,60,11.58,Online
APP007334,CUST005868,2023-04-27,Debt Consolidation,35000,60,17.73,Online
APP007335,CUST004421,2023-08-28,Travel,35500,48,17.73,Broker
APP007336,CUST000110,2023-05-02,Home Renovation,38500,36,8.8,Online
APP007337,CUST002797,2024-01-02,Home Renovation,33000,24,19.89,Branch
APP007338,CUST000476,2023-12-24,Debt Consolidation,27000,36,21.3,Online
APP007339,CUST004952,2024-12-17,Home Renovation,13000,36,16.63,Online
APP007340,CUST001502,2024-07-05,Debt Consolidation,14500,36,13.83,Online
APP007341,CUST002511,2023-12-12,Home Renovation,20000,24,18.87,Online
APP007342,CUST004933,2024-05-14,Home Renovation,44500,48,13.74,Broker
APP007343,CUST004440,2024-08-01,Debt Consolidation,8500,60,21.37,Broker
APP007344,CUST001654,2024-12-21,Car Purchase,47500,24,14.21,Broker
APP007345,CUST005314,2024-03-08,Debt Consolidation,19000,36,12.75,Branch
APP007346,CUST005208,2024-05-02,Home Renovation,12500,12,11.76,Broker
APP007347,CUST004495,2024-07-26,Home Renovation,39000,60,7.58,Online
APP007348,CUST001996,2023-01-07,Home Renovation,11500,24,8.85,Broker
APP007349,CUST005950,2024-09-27,Wedding,11500,48,8.27,Broker
APP007350,CUST002708,2024-08-10,Debt Consolidation,38000,48,11.95,Online
APP007351,CUST001262,2023-10-10,Car Purchase,36500,60,14.11,Online
APP007352,CUST001931,2023-06-02,Medical,4500,24,15.98,Branch
APP007353,CUST005482,2023-12-14,Car Purchase,22000,60,10.31,Branch
APP007354,CUST001554,2023-07-03,Debt Consolidation,25000,60,13.43,Online
APP007355,CUST005933,2023-06-16,Other,28500,24,15.75,Branch
APP007356,CUST001078,2023-06-17,Debt Consolidation,24500,36,12.73,Broker
APP007357,CUST002748,2023-12-10,Home Renovation,39000,24,18.32,Online
APP007358,CUST005136,2024-05-23,Debt Consolidation,28500,36,10.48,Branch
APP007359,CUST000800,2024-07-03,Car Purchase,41500,36,18.55,Branch
APP007360,CUST002553,2023-01-15,Wedding,45000,36,18.03,Online
APP007361,CUST003829,2023-07-31,Travel,43500,48,20.39,Branch
APP007362,CUST000491,2024-10-08,Debt Consolidation,36500,36,12.88,Broker
APP007363,CUST000156,2023-08-09,Car Purchase,21500,60,10.69,Online
APP007364,CUST003938,2024-09-05,Debt Consolidation,23500,12,14.05,Broker
APP007365,CUST003352,2024-08-28,Debt Consolidation,8000,24,15.81,Branch
APP007366,CUST003519,2023-01-22,Debt Consolidation,13000,24,22.21,Branch
APP007367,CUST002335,2023-09-21,Travel,32000,24,17.39,Branch
APP007368,CUST000154,2024-08-14,Debt Consolidation,3500,48,12.17,Broker
APP007369,CUST003175,2024-04-02,Home Renovation,36500,60,20.62,Online
APP007370,CUST003709,2024-10-05,Debt Consolidation,14500,36,22.16,Broker
APP007371,CUST000752,2023-10-12,Other,43000,24,13.72,Online
APP007372,CUST002778,2023-06-24,Debt Consolidation,12000,60,11.45,Broker
APP007373,CUST004981,2024-11-27,Other,8000,24,15.08,Online
APP007374,CUST005835,2023-05-17,Debt Consolidation,10500,60,11.89,Online
APP007375,CUST004289,2024-02-08,Car Purchase,48500,24,20.58,Online
APP007376,CUST002400,2023-08-03,Travel,12500,36,21.72,Online
APP007377,CUST004721,2023-06-04,Car Purchase,28000,48,17.71,Branch
APP007378,CUST004031,2024-06-19,Debt Consolidation,16500,12,13.2,Broker
APP007379,CUST003974,2024-12-01,Car Purchase,18500,24,10.03,Broker
APP007380,CUST001987,2023-10-22,Car Purchase,25500,36,17.89,Branch
APP007381,CUST002303,2023-09-04,Travel,34000,24,20.01,Online
APP007382,CUST000168,2023-05-28,Home Renovation,22500,48,22.28,Branch
APP007383,CUST005741,2023-09-11,Other,6000,48,17.73,Broker
APP007384,CUST002600,2024-10-12,Debt Consolidation,12500,36,9.45,Broker
APP007385,CUST001621,2024-06-16,Wedding,12500,12,8.6,Branch
APP007386,CUST001307,2023-11-11,Wedding,9500,24,18.4,Branch
APP007387,CUST002908,2023-08-26,Other,27500,36,19.96,Online
APP007388,CUST001314,2023-02-28,Home Renovation,23000,48,21.47,Online
APP007389,CUST005919,2024-02-01,Other,31000,48,18.5,Branch
APP007390,CUST003588,2023-08-07,Debt Consolidation,40000,60,13.67,Online
APP007391,CUST005574,2024-04-22,Debt Consolidation,39500,36,19.52,Broker
APP007392,CUST003250,2023-07-18,Home Renovation,40000,36,17.92,Broker
APP007393,CUST004348,2024-08-31,Debt Consolidation,22000,24,19.43,Branch
APP007394,CUST004411,2023-08-01,Car Purchase,31500,60,21.96,Broker
APP007395,CUST003201,2024-10-25,Debt Consolidation,11500,24,11.61,Branch
APP007396,CUST005954,2024-11-16,Debt Consolidation,18000,60,8.82,Branch
APP007397,CUST004957,2023-11-03,Travel,7500,12,14.18,Branch
APP007398,CUST005279,2023-04-04,Medical,45000,48,8.77,Broker
APP007399,CUST005057,2024-05-30,Home Renovation,5000,48,11.02,Branch
APP007400,CUST002311,2023-02-27,Other,27500,48,19.29,Branch
APP007401,CUST004449,2023-08-12,Debt Consolidation,28500,48,12.99,Online
APP007402,CUST001770,2024-10-14,Debt Consolidation,19500,24,15.16,Online
APP007403,CUST002077,2024-10-11,Medical,37500,36,17.66,Online
APP007404,CUST000031,2024-02-12,Debt Consolidation,34500,36,9.95,Branch
APP007405,CUST002839,2023-04-06,Debt Consolidation,6000,48,15.33,Broker
APP007406,CUST002252,2023-08-23,Other,22500,24,21.53,Branch
APP007407,CUST003425,2024-10-25,Debt Consolidation,20000,60,21.59,Online
APP007408,CUST004521,2023-12-13,Debt Consolidation,34500,60,22.36,Online
APP007409,CUST005214,2024-12-27,Wedding,5000,60,12.03,Online
APP007410,CUST005076,2023-05-05,Wedding,36500,60,22.34,Online
APP007411,CUST000111,2023-01-17,Debt Consolidation,27000,24,8.92,Online
APP007412,CUST004126,2023-08-04,Travel,39000,24,13.06,Branch
APP007413,CUST003470,2024-06-25,Home Renovation,14500,36,12.28,Broker
APP007414,CUST004547,2024-03-04,Home Renovation,40000,24,21.02,Online
APP007415,CUST005354,2023-06-02,Debt Consolidation,3000,60,8.28,Branch
APP007416,CUST002308,2023-11-23,Wedding,30000,36,12.33,Online
APP007417,CUST002504,2024-11-20,Car Purchase,39500,36,21.1,Branch
APP007418,CUST004939,2023-11-20,Home Renovation,6000,48,9.13,Online
APP007419,CUST001235,2023-06-13,Debt Consolidation,44500,36,17.59,Broker
APP007420,CUST000359,2024-08-31,Home Renovation,25500,36,21.39,Online
APP007421,CUST002475,2024-12-29,Car Purchase,15000,24,20.05,Online
APP007422,CUST002771,2023-06-06,Wedding,49000,36,21.77,Broker
APP007423,CUST003229,2023-01-24,Debt Consolidation,33500,24,11.95,Broker
APP007424,CUST001955,2024-07-11,Car Purchase,2500,60,20.29,Online
APP007425,CUST002418,2024-11-03,Travel,42500,24,7.75,Broker
APP007426,CUST002468,2023-12-26,Home Renovation,9500,12,14.0,Branch
APP007427,CUST000373,2024-06-26,Home Renovation,16500,24,22.14,Online
APP007428,CUST001271,2023-01-14,Debt Consolidation,28500,24,20.49,Online
APP007429,CUST004188,2023-07-13,Home Renovation,17000,48,19.45,Online
APP007430,CUST000907,2024-11-05,Home Renovation,32000,48,14.1,Online
APP007431,CUST004120,2023-03-28,Debt Consolidation,23000,36,8.4,Online
APP007432,CUST002268,2023-08-29,Wedding,7000,36,15.97,Online
APP007433,CUST001376,2024-07-31,Debt Consolidation,11000,36,14.9,Online
APP007434,CUST000894,2024-04-06,Debt Consolidation,18000,24,15.8,Online
APP007435,CUST005917,2024-04-09,Debt Consolidation,49000,48,21.47,Broker
APP007436,CUST000467,2023-06-07,Debt Consolidation,42500,48,20.26,Online
APP007437,CUST003213,2024-05-11,Car Purchase,3000,36,12.95,Branch
APP007438,CUST005287,2023-08-01,Debt Consolidation,28000,24,12.2,Online
APP007439,CUST001886,2023-01-31,Car Purchase,33000,48,12.06,Branch
APP007440,CUST001985,2023-02-25,Other,14000,36,9.74,Online
APP007441,CUST001616,2023-04-23,Car Purchase,33000,36,17.21,Branch
APP007442,CUST001397,2023-05-19,Car Purchase,3500,24,11.71,Branch
APP007443,CUST001694,2024-12-21,Home Renovation,27000,48,10.95,Online
APP007444,CUST004232,2024-04-08,Home Renovation,27000,24,13.13,Online
APP007445,CUST000453,2023-02-20,Wedding,17000,36,8.44,Online
APP007446,CUST002621,2024-12-29,Travel,13500,60,10.84,Online
APP007447,CUST001633,2023-02-17,Home Renovation,41000,24,14.8,Online
APP007448,CUST001424,2024-04-06,Car Purchase,10000,36,15.04,Online
APP007449,CUST003736,2024-04-16,Debt Consolidation,12000,36,20.31,Branch
APP007450,CUST002885,2024-08-31,Home Renovation,14500,60,21.41,Branch
APP007451,CUST003101,2023-08-09,Car Purchase,7500,12,17.25,Online
APP007452,CUST004599,2024-10-19,Travel,8500,36,21.29,Online
APP007453,CUST005841,2023-10-23,Debt Consolidation,30500,60,19.08,Broker
APP007454,CUST001648,2024-06-18,Home Renovation,43500,60,9.25,Online
APP007455,CUST003803,2024-05-23,Debt Consolidation,29500,48,14.72,Online
APP007456,CUST004979,2023-10-25,Other,4500,36,20.23,Branch
APP007457,CUST001471,2024-11-16,Car Purchase,2000,24,14.17,Online
APP007458,CUST004438,2024-03-29,Car Purchase,45500,24,9.76,Online
APP007459,CUST001547,2023-03-23,Home Renovation,21000,48,13.87,Online
APP007460,CUST002685,2024-07-05,Debt Consolidation,40000,24,18.54,Branch
APP007461,CUST002824,2023-07-13,Car Purchase,27000,24,14.94,Branch
APP007462,CUST005104,2024-05-03,Other,26500,12,9.38,Online
APP007463,CUST004394,2023-05-20,Travel,15500,36,21.34,Broker
APP007464,CUST000941,2024-07-07,Car Purchase,9000,48,15.04,Online
APP007465,CUST005311,2023-06-18,Car Purchase,41000,36,9.01,Online
APP007466,CUST002659,2024-05-05,Debt Consolidation,42000,24,20.82,Online
APP007467,CUST005475,2024-03-19,Home Renovation,49000,12,10.99,Online
APP007468,CUST005957,2023-08-30,Home Renovation,37500,12,15.96,Branch
APP007469,CUST004924,2023-06-06,Car Purchase,33500,36,11.39,Online
APP007470,CUST002541,2024-12-13,Travel,24500,36,10.77,Online
APP007471,CUST003003,2024-04-25,Wedding,45000,60,10.32,Online
APP007472,CUST005282,2023-06-19,Medical,7500,48,21.29,Broker
APP007473,CUST004266,2023-08-09,Wedding,15000,24,19.98,Broker
APP007474,CUST004824,2023-05-04,Home Renovation,17000,24,22.14,Online
APP007475,CUST003647,2023-11-11,Car Purchase,28000,24,21.45,Branch
APP007476,CUST002639,2023-02-11,Travel,32000,48,15.05,Branch
APP007477,CUST005277,2023-01-20,Debt Consolidation,32500,24,10.05,Online
APP007478,CUST005827,2024-01-05,Other,38000,48,22.37,Broker
APP007479,CUST001872,2023-09-06,Car Purchase,36000,36,15.95,Branch
APP007480,CUST003541,2024-04-03,Home Renovation,35500,24,10.52,Branch
APP007481,CUST003321,2024-01-17,Other,31000,48,21.54,Broker
APP007482,CUST003158,2023-10-08,Home Renovation,13000,36,19.24,Broker
APP007483,CUST003968,2024-08-11,Car Purchase,25000,48,21.81,Online
APP007484,CUST002765,2023-11-26,Travel,17000,36,19.85,Branch
APP007485,CUST004742,2023-06-29,Debt Consolidation,38500,48,20.49,Online
APP007486,CUST000788,2024-03-28,Debt Consolidation,33000,36,16.2,Branch
APP007487,CUST002720,2023-02-15,Medical,17000,48,18.45,Online
APP007488,CUST000712,2024-04-06,Travel,20500,48,16.89,Branch
APP007489,CUST005026,2024-08-27,Debt Consolidation,41000,12,16.12,Online
APP007490,CUST001485,2023-01-08,Debt Consolidation,25500,36,11.97,Branch
APP007491,CUST003313,2024-06-05,Travel,43500,36,19.85,Online
APP007492,CUST000293,2024-08-29,Debt Consolidation,49000,48,21.22,Online
APP007493,CUST002764,2024-06-09,Wedding,38000,12,17.38,Broker
APP007494,CUST003084,2024-03-16,Car Purchase,7500,24,18.06,Broker
APP007495,CUST004128,2023-06-25,Medical,10000,24,10.96,Branch
APP007496,CUST004758,2023-12-09,Medical,21500,24,9.13,Broker
APP007497,CUST001047,2024-09-20,Other,19000,48,12.34,Branch
APP007498,CUST001303,2023-09-08,Debt Consolidation,25000,24,7.55,Branch
APP007499,CUST002532,2024-09-28,Car Purchase,13000,48,14.53,Broker
APP007500,CUST004603,2024-03-03,Debt Consolidation,12500,36,13.33,Broker
APP007501,CUST000632,2023-05-12,Debt Consolidation,39500,36,18.95,Online
APP007502,CUST005241,2023-12-20,Home Renovation,41500,24,19.79,Online
APP007503,CUST004548,2023-09-02,Medical,36500,24,8.96,Broker
APP007504,CUST005098,2024-06-30,Home Renovation,29000,12,20.81,Broker
APP007505,CUST005894,2024-05-05,Other,36500,36,19.37,Online
APP007506,CUST005285,2023-06-10,Home Renovation,46500,24,11.73,Broker
APP007507,CUST000029,2024-03-18,Debt Consolidation,29500,48,10.24,Branch
APP007508,CUST004085,2023-01-16,Other,43500,36,12.78,Broker
APP007509,CUST003900,2024-04-08,Car Purchase,39000,12,16.56,Branch
APP007510,CUST000873,2023-10-10,Home Renovation,12000,48,20.54,Online
APP007511,CUST001453,2024-07-21,Travel,49000,24,13.9,Branch
APP007512,CUST002373,2024-10-08,Home Renovation,21500,36,17.78,Broker
APP007513,CUST002944,2024-12-25,Debt Consolidation,35000,36,15.44,Broker
APP007514,CUST002274,2023-12-06,Car Purchase,16500,12,15.1,Branch
APP007515,CUST004132,2024-05-18,Home Renovation,38000,24,17.7,Online
APP007516,CUST004260,2024-09-14,Car Purchase,27000,36,19.14,Broker
APP007517,CUST001160,2024-12-26,Debt Consolidation,36000,48,9.66,Branch
APP007518,CUST003424,2024-06-12,Travel,27500,36,14.45,Online
APP007519,CUST003754,2024-01-07,Car Purchase,31500,60,18.44,Online
APP007520,CUST005247,2023-06-22,Car Purchase,35500,36,9.13,Online
APP007521,CUST002466,2023-03-26,Home Renovation,34000,36,18.63,Broker
APP007522,CUST002713,2023-09-02,Debt Consolidation,21000,24,15.1,Online
APP007523,CUST000423,2023-07-12,Car Purchase,28000,36,20.26,Broker
APP007524,CUST004542,2023-12-09,Home Renovation,49000,36,9.64,Branch
APP007525,CUST005033,2023-03-30,Medical,24000,12,11.94,Branch
APP007526,CUST003642,2024-11-29,Wedding,31500,24,16.36,Branch
APP007527,CUST002828,2024-05-18,Other,13500,36,10.78,Online
APP007528,CUST001459,2023-10-13,Car Purchase,34500,24,20.89,Online
APP007529,CUST000268,2024-11-14,Car Purchase,36500,36,8.51,Branch
APP007530,CUST000139,2024-09-07,Home Renovation,19500,24,13.82,Online
APP007531,CUST000872,2023-10-22,Car Purchase,35000,24,14.11,Online
APP007532,CUST001191,2023-02-21,Debt Consolidation,6500,36,18.58,Broker
APP007533,CUST004773,2023-09-19,Car Purchase,18500,36,20.15,Online
APP007534,CUST005815,2024-07-10,Debt Consolidation,3000,12,7.85,Online
APP007535,CUST001835,2023-06-17,Home Renovation,29000,12,18.05,Online
APP007536,CUST003994,2023-04-07,Debt Consolidation,6000,36,20.12,Branch
APP007537,CUST001400,2023-08-03,Debt Consolidation,50000,24,20.47,Broker
APP007538,CUST004434,2023-12-25,Wedding,45500,48,12.51,Broker
APP007539,CUST004847,2023-09-07,Car Purchase,47500,24,8.98,Broker
APP007540,CUST000547,2024-04-13,Home Renovation,44000,36,19.18,Broker
APP007541,CUST001981,2023-05-02,Other,35000,12,17.86,Broker
APP007542,CUST003690,2023-03-07,Debt Consolidation,12000,60,19.24,Online
APP007543,CUST003772,2023-12-15,Car Purchase,34500,36,11.02,Branch
APP007544,CUST003945,2023-12-31,Home Renovation,50000,48,9.81,Online
APP007545,CUST003067,2023-03-28,Other,36000,36,17.45,Online
APP007546,CUST001683,2023-01-13,Debt Consolidation,39000,48,15.65,Broker
APP007547,CUST000495,2023-07-31,Home Renovation,30500,36,20.09,Broker
APP007548,CUST003916,2024-12-08,Debt Consolidation,22000,36,13.94,Broker
APP007549,CUST001007,2024-11-26,Home Renovation,45500,24,8.68,Branch
APP007550,CUST004353,2023-12-22,Medical,41500,48,21.39,Broker
APP007551,CUST005590,2024-04-02,Car Purchase,36500,60,19.18,Online
APP007552,CUST005334,2023-01-11,Home Renovation,37500,24,20.09,Online
APP007553,CUST004691,2023-11-29,Travel,45500,36,20.95,Branch
APP007554,CUST002815,2023-02-10,Debt Consolidation,41000,60,11.04,Branch
APP007555,CUST003042,2023-10-05,Car Purchase,34500,60,18.34,Branch
APP007556,CUST001270,2024-06-21,Debt Consolidation,19000,60,11.66,Online
APP007557,CUST004009,2024-11-11,Debt Consolidation,28500,36,20.7,Online
APP007558,CUST002636,2023-09-27,Wedding,11500,24,9.84,Broker
APP007559,CUST005609,2024-02-23,Home Renovation,21000,36,11.29,Online
APP007560,CUST002766,2023-05-13,Home Renovation,28500,36,18.2,Online
APP007561,CUST001900,2024-01-04,Car Purchase,7000,48,17.35,Broker
APP007562,CUST003893,2023-10-30,Other,35500,36,18.77,Online
APP007563,CUST005832,2023-09-06,Car Purchase,23500,36,7.56,Online
APP007564,CUST003447,2023-10-18,Debt Consolidation,27000,48,14.07,Online
APP007565,CUST004647,2024-10-20,Wedding,20000,24,9.74,Online
APP007566,CUST002560,2023-03-23,Debt Consolidation,3500,60,17.75,Online
APP007567,CUST001255,2024-12-10,Car Purchase,15000,24,19.22,Branch
APP007568,CUST001702,2023-12-06,Car Purchase,29500,12,15.74,Online
APP007569,CUST001799,2024-01-19,Medical,38500,36,14.49,Branch
APP007570,CUST000003,2023-11-10,Debt Consolidation,43500,36,9.57,Online
APP007571,CUST004945,2023-01-27,Debt Consolidation,46500,24,8.87,Online
APP007572,CUST003260,2023-12-15,Wedding,6500,24,21.1,Branch
APP007573,CUST002410,2023-10-06,Home Renovation,31000,48,10.2,Online
APP007574,CUST001781,2024-09-25,Medical,39500,60,18.18,Online
APP007575,CUST003383,2024-01-22,Debt Consolidation,8000,36,16.71,Online
APP007576,CUST003666,2024-02-08,Medical,15000,36,7.96,Online
APP007577,CUST001035,2024-11-22,Car Purchase,31000,60,8.81,Branch
APP007578,CUST005342,2024-07-31,Wedding,3500,24,9.82,Online
APP007579,CUST004415,2023-06-05,Home Renovation,19000,36,11.64,Branch
APP007580,CUST004019,2024-08-26,Debt Consolidation,31500,24,13.23,Online
APP007581,CUST002243,2024-11-06,Car Purchase,28500,24,19.64,Broker
APP007582,CUST003952,2023-04-06,Car Purchase,11000,48,15.81,Online
APP007583,CUST002505,2023-07-08,Home Renovation,6000,36,9.1,Broker
APP007584,CUST001145,2024-08-14,Other,29500,48,21.43,Online
APP007585,CUST000750,2024-01-07,Car Purchase,19000,24,13.87,Broker
APP007586,CUST003296,2024-05-08,Debt Consolidation,12500,12,8.12,Broker
APP007587,CUST001753,2024-05-29,Travel,20000,12,21.1,Online
APP007588,CUST004135,2023-12-17,Debt Consolidation,7500,12,19.48,Branch
APP007589,CUST002388,2024-11-11,Home Renovation,23000,12,13.99,Branch
APP007590,CUST001923,2023-05-03,Car Purchase,27000,48,11.73,Online
APP007591,CUST002423,2023-02-07,Other,47500,48,22.21,Online
APP007592,CUST005899,2023-03-16,Debt Consolidation,22500,36,19.53,Broker
APP007593,CUST001831,2024-08-25,Travel,7000,36,15.39,Branch
APP007594,CUST003017,2024-05-01,Debt Consolidation,9500,36,8.0,Broker
APP007595,CUST001778,2024-05-28,Car Purchase,26000,24,13.57,Online
APP007596,CUST005327,2023-10-12,Home Renovation,5500,36,22.13,Online
APP007597,CUST004269,2024-06-20,Car Purchase,12500,48,17.42,Broker
APP007598,CUST000731,2023-09-12,Travel,5500,24,8.99,Broker
APP007599,CUST005025,2024-01-09,Car Purchase,43500,36,13.21,Branch
APP007600,CUST005646,2023-10-30,Travel,4000,36,19.4,Branch
APP007601,CUST001852,2024-11-18,Wedding,4500,24,15.97,Broker
APP007602,CUST003716,2023-04-30,Travel,27500,24,17.46,Branch
APP007603,CUST001950,2024-07-22,Travel,33000,24,10.43,Branch
APP007604,CUST005452,2024-10-11,Car Purchase,29500,36,14.31,Branch
APP007605,CUST003948,2024-11-05,Wedding,25500,48,13.05,Online
APP007606,CUST000406,2023-10-09,Travel,23500,48,11.19,Branch
APP007607,CUST002570,2024-03-02,Car Purchase,41000,48,8.08,Branch
APP007608,CUST002153,2023-05-13,Car Purchase,19000,36,15.99,Broker
APP007609,CUST001177,2024-05-26,Medical,43500,12,14.28,Online
APP007610,CUST003985,2023-10-04,Medical,21500,60,22.49,Branch
APP007611,CUST004360,2024-06-22,Debt Consolidation,18000,48,20.86,Online
APP007612,CUST004387,2024-11-15,Car Purchase,44000,24,20.41,Broker
APP007613,CUST004267,2024-07-13,Travel,12000,36,13.86,Broker
APP007614,CUST004081,2024-06-28,Debt Consolidation,15500,48,11.18,Online
APP007615,CUST003202,2023-10-28,Home Renovation,29500,36,8.99,Online
APP007616,CUST004772,2024-05-25,Debt Consolidation,8000,24,16.32,Online
APP007617,CUST005484,2024-01-11,Wedding,19000,24,20.1,Online
APP007618,CUST003092,2023-03-01,Debt Consolidation,40500,48,19.26,Online
APP007619,CUST000009,2024-04-15,Travel,35000,48,18.09,Broker
APP007620,CUST002601,2023-05-21,Wedding,43000,24,15.89,Online
APP007621,CUST004202,2024-07-19,Debt Consolidation,37500,24,10.98,Online
APP007622,CUST000259,2023-03-30,Car Purchase,12000,24,9.67,Online
APP007623,CUST001517,2023-03-28,Other,20000,48,14.87,Branch
APP007624,CUST001136,2024-03-25,Travel,5500,36,11.23,Online
APP007625,CUST003429,2024-08-31,Debt Consolidation,47000,60,8.46,Branch
APP007626,CUST005324,2024-03-02,Other,34000,24,20.55,Online
APP007627,CUST002281,2023-05-17,Home Renovation,34000,36,11.94,Broker
APP007628,CUST000679,2023-05-21,Other,16000,48,20.66,Branch
APP007629,CUST003043,2023-07-17,Debt Consolidation,7500,12,20.5,Online
APP007630,CUST003609,2023-08-24,Debt Consolidation,44000,36,14.83,Broker
APP007631,CUST002602,2023-06-13,Home Renovation,29500,36,18.57,Online
APP007632,CUST005715,2023-12-06,Home Renovation,17500,48,17.74,Broker
APP007633,CUST004652,2024-06-24,Car Purchase,23000,24,16.95,Branch
APP007634,CUST004314,2024-05-12,Debt Consolidation,9500,36,22.07,Online
APP007635,CUST002044,2023-12-10,Home Renovation,19000,48,11.51,Branch
APP007636,CUST002590,2024-03-10,Car Purchase,15500,36,13.9,Broker
APP007637,CUST003549,2023-11-15,Car Purchase,20500,12,8.65,Broker
APP007638,CUST000642,2024-02-01,Debt Consolidation,25000,36,20.87,Broker
APP007639,CUST000225,2023-04-30,Other,44000,36,12.41,Broker
APP007640,CUST001580,2023-08-08,Debt Consolidation,12000,24,9.0,Broker
APP007641,CUST003450,2023-07-01,Medical,22000,36,12.48,Broker
APP007642,CUST001062,2023-08-21,Debt Consolidation,34000,24,21.53,Branch
APP007643,CUST001559,2024-07-05,Debt Consolidation,29500,36,21.63,Branch
APP007644,CUST005195,2023-09-16,Car Purchase,9000,36,14.85,Broker
APP007645,CUST000677,2023-09-10,Debt Consolidation,7000,12,19.47,Broker
APP007646,CUST000160,2024-10-31,Home Renovation,14000,48,11.19,Branch
APP007647,CUST001956,2024-10-05,Debt Consolidation,12000,24,20.61,Online
APP007648,CUST003190,2024-05-14,Car Purchase,11500,60,7.5,Branch
APP007649,CUST005002,2024-01-31,Home Renovation,35500,60,13.8,Online
APP007650,CUST004032,2023-03-18,Car Purchase,26500,24,12.32,Online
APP007651,CUST002374,2024-07-14,Home Renovation,10000,12,15.62,Online
APP007652,CUST003032,2023-07-07,Travel,29000,36,9.54,Online
APP007653,CUST003823,2024-09-30,Debt Consolidation,44500,24,17.11,Broker
APP007654,CUST002073,2024-11-18,Home Renovation,25000,24,9.85,Online
APP007655,CUST005996,2023-02-17,Other,33000,24,10.27,Online
APP007656,CUST004573,2024-11-28,Home Renovation,25000,24,10.0,Online
APP007657,CUST000403,2023-07-07,Debt Consolidation,33500,60,8.72,Online
APP007658,CUST005120,2024-12-10,Travel,23500,48,8.57,Online
APP007659,CUST001656,2023-05-13,Wedding,8500,36,17.95,Broker
APP007660,CUST001937,2023-10-07,Car Purchase,33000,48,21.89,Online
APP007661,CUST002366,2023-05-29,Car Purchase,26500,60,17.23,Online
APP007662,CUST001151,2024-08-10,Home Renovation,47500,24,22.2,Online
APP007663,CUST003922,2024-01-17,Debt Consolidation,23500,48,16.66,Online
APP007664,CUST000136,2024-12-24,Wedding,49000,36,10.15,Online
APP007665,CUST001331,2023-05-16,Medical,2000,24,12.22,Online
APP007666,CUST001359,2023-01-20,Wedding,42000,60,16.69,Online
APP007667,CUST005164,2024-01-07,Wedding,28500,48,19.39,Online
APP007668,CUST004701,2024-03-28,Debt Consolidation,13500,36,9.59,Online
APP007669,CUST004856,2024-10-08,Debt Consolidation,21000,36,12.53,Broker
APP007670,CUST001808,2024-12-21,Home Renovation,15500,36,9.16,Online
APP007671,CUST002065,2023-08-13,Debt Consolidation,48500,24,9.13,Branch
APP007672,CUST002742,2024-12-27,Debt Consolidation,37000,36,9.9,Online
APP007673,CUST005440,2024-12-09,Wedding,8500,12,16.05,Online
APP007674,CUST004835,2023-10-09,Wedding,24000,12,16.56,Branch
APP007675,CUST001193,2024-04-19,Debt Consolidation,8500,36,11.38,Online
APP007676,CUST001328,2023-09-12,Debt Consolidation,22000,48,22.46,Online
APP007677,CUST002799,2024-08-09,Car Purchase,6000,60,10.72,Online
APP007678,CUST005088,2024-09-16,Home Renovation,21500,60,21.18,Online
APP007679,CUST000229,2023-09-15,Debt Consolidation,37000,24,12.13,Branch
APP007680,CUST005169,2024-06-16,Debt Consolidation,35500,24,19.03,Online
APP007681,CUST002265,2023-04-12,Debt Consolidation,7500,24,21.48,Online
APP007682,CUST000639,2024-06-16,Travel,46500,36,14.37,Branch
APP007683,CUST004161,2023-07-26,Travel,32500,48,9.18,Broker
APP007684,CUST004658,2023-10-23,Home Renovation,25000,36,22.22,Online
APP007685,CUST000941,2024-02-15,Home Renovation,3000,36,20.56,Broker
APP007686,CUST005893,2024-09-25,Wedding,18500,36,20.44,Online
APP007687,CUST001478,2023-05-13,Home Renovation,4000,60,12.28,Broker
APP007688,CUST005573,2023-01-03,Other,13500,12,18.67,Branch
APP007689,CUST004350,2023-05-11,Debt Consolidation,13500,36,20.57,Online
APP007690,CUST005118,2024-03-09,Debt Consolidation,24000,12,8.57,Broker
APP007691,CUST003980,2023-09-16,Debt Consolidation,15000,24,13.22,Online
APP007692,CUST004746,2023-05-14,Other,46500,24,19.06,Branch
APP007693,CUST002446,2024-06-16,Home Renovation,16000,24,21.85,Online
APP007694,CUST005514,2024-05-12,Debt Consolidation,4000,36,20.02,Broker
APP007695,CUST004626,2024-02-27,Car Purchase,29000,48,17.54,Branch
APP007696,CUST001964,2024-09-01,Debt Consolidation,20500,60,7.71,Online
APP007697,CUST005949,2023-06-08,Other,10000,48,14.08,Branch
APP007698,CUST004356,2023-10-06,Home Renovation,33500,24,16.53,Online
APP007699,CUST001068,2024-03-07,Car Purchase,3500,12,16.58,Online
APP007700,CUST000140,2024-06-06,Car Purchase,35500,36,20.47,Branch
APP007701,CUST002451,2023-06-07,Travel,5500,24,10.77,Broker
APP007702,CUST005219,2024-11-03,Debt Consolidation,11500,48,18.09,Online
APP007703,CUST001055,2023-08-18,Wedding,17000,60,17.2,Broker
APP007704,CUST004799,2024-07-09,Car Purchase,41500,24,12.24,Broker
APP007705,CUST004732,2023-11-19,Debt Consolidation,14500,36,18.23,Online
APP007706,CUST000965,2024-02-25,Debt Consolidation,6500,60,19.24,Online
APP007707,CUST005121,2023-08-13,Debt Consolidation,20500,36,12.32,Branch
APP007708,CUST001414,2024-01-22,Car Purchase,45500,24,21.0,Online
APP007709,CUST005509,2024-10-05,Home Renovation,36500,36,10.51,Online
APP007710,CUST005484,2023-11-16,Home Renovation,27000,36,8.45,Online
APP007711,CUST000918,2023-10-20,Debt Consolidation,39500,12,21.82,Broker
APP007712,CUST004423,2023-04-18,Car Purchase,35000,36,22.43,Online
APP007713,CUST003698,2024-02-24,Wedding,36500,24,17.53,Broker
APP007714,CUST005742,2024-07-05,Debt Consolidation,25500,12,10.13,Broker
APP007715,CUST005183,2023-02-07,Car Purchase,45500,24,12.45,Online
APP007716,CUST005234,2024-03-19,Car Purchase,36500,36,19.77,Broker
APP007717,CUST003325,2023-06-08,Home Renovation,18500,36,15.56,Broker
APP007718,CUST004611,2024-07-24,Debt Consolidation,15000,36,8.67,Broker
APP007719,CUST002089,2023-12-19,Home Renovation,9500,36,8.49,Broker
APP007720,CUST000607,2024-12-17,Medical,43500,24,10.09,Broker
APP007721,CUST003964,2024-06-17,Home Renovation,46500,36,14.53,Branch
APP007722,CUST001487,2023-06-22,Debt Consolidation,26000,36,9.1,Branch
APP007723,CUST004051,2024-10-29,Car Purchase,21500,60,17.29,Online
APP007724,CUST001254,2024-04-28,Debt Consolidation,6500,24,12.1,Online
APP007725,CUST002116,2023-09-24,Home Renovation,22500,48,22.28,Online
APP007726,CUST005320,2024-03-02,Car Purchase,33000,60,18.34,Online
APP007727,CUST000237,2023-03-04,Home Renovation,34500,48,22.2,Online
APP007728,CUST005100,2023-02-21,Car Purchase,22500,12,14.44,Broker
APP007729,CUST004706,2024-05-05,Home Renovation,19000,48,17.81,Online
APP007730,CUST005529,2023-04-13,Debt Consolidation,37500,36,18.52,Online
APP007731,CUST005320,2024-09-04,Debt Consolidation,42000,36,16.86,Online
APP007732,CUST002155,2024-08-20,Car Purchase,30500,48,16.05,Online
APP007733,CUST001823,2024-08-10,Debt Consolidation,17000,24,8.5,Online
APP007734,CUST000246,2024-09-30,Wedding,38500,24,16.59,Broker
APP007735,CUST000751,2023-05-11,Debt Consolidation,29000,24,15.33,Broker
APP007736,CUST002560,2023-09-10,Car Purchase,20500,24,13.37,Online
APP007737,CUST000878,2024-08-03,Car Purchase,45500,36,16.73,Broker
APP007738,CUST003286,2024-03-14,Car Purchase,10000,24,12.61,Online
APP007739,CUST003461,2024-03-05,Debt Consolidation,38000,12,21.91,Broker
APP007740,CUST002181,2024-10-24,Debt Consolidation,36000,48,20.0,Online
APP007741,CUST004950,2023-07-02,Travel,24500,36,21.0,Branch
APP007742,CUST000212,2024-08-10,Debt Consolidation,37500,60,14.78,Broker
APP007743,CUST003246,2023-09-12,Car Purchase,32000,24,21.41,Branch
APP007744,CUST000885,2024-03-06,Home Renovation,18000,60,22.37,Broker
APP007745,CUST005347,2023-11-21,Car Purchase,19500,36,18.69,Online
APP007746,CUST004103,2023-01-29,Debt Consolidation,44000,24,21.78,Online
APP007747,CUST005228,2024-12-31,Debt Consolidation,4000,48,21.15,Branch
APP007748,CUST005599,2023-10-14,Car Purchase,42000,36,22.33,Online
APP007749,CUST000439,2024-02-20,Wedding,49500,48,13.46,Branch
APP007750,CUST005859,2023-04-19,Debt Consolidation,32500,36,17.45,Branch
APP007751,CUST000054,2023-01-05,Wedding,22000,24,20.07,Online
APP007752,CUST003330,2024-10-24,Debt Consolidation,43500,48,13.67,Broker
APP007753,CUST002548,2024-07-02,Car Purchase,3000,12,16.14,Branch
APP007754,CUST004184,2024-06-20,Debt Consolidation,23500,12,16.4,Online
APP007755,CUST003281,2023-09-07,Debt Consolidation,2000,48,11.5,Online
APP007756,CUST002633,2024-08-16,Debt Consolidation,14500,36,14.12,Branch
APP007757,CUST004383,2023-01-24,Debt Consolidation,24000,24,9.83,Branch
APP007758,CUST005869,2024-04-13,Travel,39000,36,12.95,Online
APP007759,CUST001561,2023-08-31,Home Renovation,20500,48,14.71,Online
APP007760,CUST003800,2024-10-09,Debt Consolidation,11000,24,19.51,Broker
APP007761,CUST000772,2023-05-18,Car Purchase,43000,36,19.64,Branch
APP007762,CUST004556,2024-12-19,Car Purchase,40500,48,12.94,Online
APP007763,CUST001971,2023-08-28,Home Renovation,30500,48,11.0,Branch
APP007764,CUST000020,2023-01-28,Debt Consolidation,24000,36,11.83,Branch
APP007765,CUST000258,2023-03-30,Debt Consolidation,42000,48,7.83,Branch
APP007766,CUST001645,2024-01-13,Home Renovation,29000,24,16.06,Broker
APP007767,CUST004916,2024-02-20,Debt Consolidation,16500,36,13.61,Online
APP007768,CUST005782,2023-02-16,Car Purchase,41000,24,22.08,Branch
APP007769,CUST003781,2024-06-11,Debt Consolidation,43000,36,16.25,Broker
APP007770,CUST000540,2023-08-28,Debt Consolidation,48000,24,18.46,Online
APP007771,CUST000295,2024-07-13,Car Purchase,30500,24,18.53,Online
APP007772,CUST005014,2024-09-09,Debt Consolidation,36000,36,10.34,Online
APP007773,CUST005375,2024-05-21,Debt Consolidation,43000,36,11.92,Online
APP007774,CUST005358,2024-01-14,Home Renovation,14500,36,8.58,Broker
APP007775,CUST001495,2023-01-28,Debt Consolidation,30500,48,10.45,Broker
APP007776,CUST005861,2024-10-01,Home Renovation,32500,36,16.83,Branch
APP007777,CUST003007,2023-06-16,Home Renovation,22500,12,19.75,Online
APP007778,CUST001571,2024-05-12,Debt Consolidation,6500,48,10.24,Online
APP007779,CUST005053,2024-05-29,Debt Consolidation,44000,24,15.92,Broker
APP007780,CUST003780,2024-03-19,Debt Consolidation,6000,24,11.89,Online
APP007781,CUST004084,2023-12-27,Debt Consolidation,17000,48,18.71,Online
APP007782,CUST001213,2023-12-21,Other,5500,24,19.97,Broker
APP007783,CUST002029,2023-06-12,Debt Consolidation,20000,60,12.36,Branch
APP007784,CUST004256,2024-08-22,Car Purchase,8500,48,9.71,Branch
APP007785,CUST001258,2023-09-05,Debt Consolidation,10000,24,8.64,Online
APP007786,CUST003598,2023-02-01,Car Purchase,15500,36,20.73,Online
APP007787,CUST001671,2024-04-17,Debt Consolidation,31500,24,20.81,Broker
APP007788,CUST001618,2024-07-16,Debt Consolidation,42000,48,12.1,Online
APP007789,CUST000923,2023-11-11,Debt Consolidation,3500,48,15.15,Branch
APP007790,CUST005900,2023-06-17,Home Renovation,14500,36,10.78,Broker
APP007791,CUST004388,2023-07-17,Debt Consolidation,38500,36,18.25,Online
APP007792,CUST000634,2023-01-22,Wedding,21500,12,7.65,Broker
APP007793,CUST005267,2024-01-30,Debt Consolidation,13500,12,21.33,Branch
APP007794,CUST000677,2023-12-15,Debt Consolidation,47000,48,11.38,Online
APP007795,CUST001574,2023-05-19,Debt Consolidation,48000,12,21.36,Branch
APP007796,CUST000794,2023-08-01,Debt Consolidation,41000,36,13.57,Branch
APP007797,CUST005201,2024-08-05,Debt Consolidation,36000,48,9.2,Branch
APP007798,CUST005566,2023-09-08,Travel,31500,36,17.01,Online
APP007799,CUST000612,2024-01-22,Travel,25000,36,22.18,Online
APP007800,CUST003941,2024-03-26,Travel,35500,12,17.7,Broker
APP007801,CUST005520,2024-09-06,Travel,49000,48,14.28,Branch
APP007802,CUST001774,2023-08-17,Medical,2500,48,21.36,Broker
APP007803,CUST003297,2023-03-06,Wedding,50000,24,13.62,Online
APP007804,CUST004838,2024-08-20,Debt Consolidation,43000,36,19.39,Online
APP007805,CUST003970,2023-08-12,Travel,48500,36,13.65,Broker
APP007806,CUST000044,2023-05-05,Debt Consolidation,15500,60,8.08,Online
APP007807,CUST005971,2024-04-04,Debt Consolidation,6500,48,17.04,Online
APP007808,CUST003889,2024-04-01,Other,15500,24,15.1,Broker
APP007809,CUST004775,2023-06-01,Car Purchase,13500,24,16.19,Online
APP007810,CUST003644,2023-09-25,Other,32500,36,9.7,Broker
APP007811,CUST001790,2024-08-22,Travel,23500,36,10.36,Online
APP007812,CUST004172,2023-04-10,Wedding,16500,36,11.66,Branch
APP007813,CUST003233,2023-09-13,Medical,10500,24,17.61,Branch
APP007814,CUST004946,2023-12-15,Car Purchase,49000,24,14.75,Branch
APP007815,CUST002613,2023-05-07,Debt Consolidation,45000,60,12.13,Online
APP007816,CUST000933,2023-08-14,Debt Consolidation,47000,12,15.61,Broker
APP007817,CUST001689,2024-01-22,Debt Consolidation,16500,36,18.76,Branch
APP007818,CUST002184,2023-12-11,Car Purchase,11000,60,11.37,Branch
APP007819,CUST001456,2024-02-13,Car Purchase,45500,24,21.13,Online
APP007820,CUST005206,2023-08-20,Wedding,2500,60,21.21,Broker
APP007821,CUST000398,2024-10-13,Car Purchase,10500,36,14.03,Online
APP007822,CUST005215,2023-01-28,Debt Consolidation,18500,36,20.33,Branch
APP007823,CUST002062,2024-02-27,Car Purchase,22500,12,8.13,Online
APP007824,CUST005531,2024-01-17,Debt Consolidation,27500,36,7.78,Online
APP007825,CUST000782,2024-06-01,Travel,14500,24,7.76,Broker
APP007826,CUST005732,2024-09-20,Car Purchase,16000,24,13.9,Broker
APP007827,CUST003010,2023-08-14,Car Purchase,46000,48,17.15,Branch
APP007828,CUST001267,2023-09-02,Travel,19500,60,13.9,Branch
APP007829,CUST003197,2023-01-13,Other,15000,24,18.55,Branch
APP007830,CUST000424,2023-08-05,Home Renovation,47500,24,7.89,Broker
APP007831,CUST000592,2024-12-30,Debt Consolidation,28000,48,12.31,Branch
APP007832,CUST003345,2023-08-14,Travel,42000,24,9.15,Online
APP007833,CUST003701,2024-05-04,Wedding,36500,36,21.61,Branch
APP007834,CUST002728,2023-06-02,Home Renovation,28000,24,14.03,Online
APP007835,CUST000052,2024-04-29,Wedding,18000,36,10.78,Online
APP007836,CUST000421,2024-02-16,Debt Consolidation,29500,12,12.97,Online
APP007837,CUST005547,2023-08-28,Wedding,41500,36,18.12,Online
APP007838,CUST004439,2023-12-23,Car Purchase,29500,36,17.6,Branch
APP007839,CUST005506,2023-05-27,Medical,28000,48,20.54,Branch
APP007840,CUST001865,2023-03-13,Debt Consolidation,11500,36,19.52,Broker
APP007841,CUST002723,2023-02-07,Car Purchase,12500,48,10.73,Online
APP007842,CUST001775,2023-03-23,Wedding,12000,24,17.67,Branch
APP007843,CUST003844,2023-01-08,Debt Consolidation,45500,36,8.11,Online
APP007844,CUST005823,2024-04-14,Home Renovation,41500,12,21.44,Online
APP007845,CUST000773,2024-06-25,Car Purchase,24000,48,22.04,Branch
APP007846,CUST002347,2023-03-04,Car Purchase,44000,60,13.8,Online
APP007847,CUST001580,2024-06-03,Debt Consolidation,44500,24,19.15,Branch
APP007848,CUST001422,2023-12-13,Home Renovation,4000,36,13.36,Online
APP007849,CUST001853,2023-01-14,Home Renovation,27000,48,10.81,Broker
APP007850,CUST004249,2023-02-22,Debt Consolidation,35000,60,20.8,Broker
APP007851,CUST003979,2023-02-17,Other,4000,36,7.85,Branch
APP007852,CUST001219,2024-12-03,Travel,28500,60,11.93,Online
APP007853,CUST001556,2024-12-15,Home Renovation,41500,24,14.27,Branch
APP007854,CUST005541,2023-08-19,Car Purchase,18500,36,9.37,Online
APP007855,CUST001866,2023-11-07,Other,6000,24,8.87,Branch
APP007856,CUST003110,2024-05-31,Travel,13000,60,11.53,Online
APP007857,CUST003357,2023-09-21,Medical,45500,48,9.42,Branch
APP007858,CUST003469,2023-03-17,Other,29000,48,8.86,Branch
APP007859,CUST003906,2023-09-21,Debt Consolidation,3000,36,8.94,Online
APP007860,CUST002497,2024-01-26,Debt Consolidation,19000,60,13.14,Broker
APP007861,CUST000477,2023-03-21,Home Renovation,39000,24,12.3,Branch
APP007862,CUST003690,2024-04-08,Travel,13500,36,18.1,Broker
APP007863,CUST000236,2023-01-30,Debt Consolidation,8500,60,19.08,Online
APP007864,CUST003535,2023-09-20,Debt Consolidation,29000,36,16.8,Online
APP007865,CUST003441,2024-05-18,Car Purchase,22500,36,17.46,Online
APP007866,CUST001466,2024-12-15,Home Renovation,30500,48,16.97,Online
APP007867,CUST003387,2024-01-26,Home Renovation,11000,36,11.01,Broker
APP007868,CUST005270,2024-02-06,Wedding,16000,36,17.19,Branch
APP007869,CUST005581,2024-01-18,Debt Consolidation,37000,60,13.97,Online
APP007870,CUST000703,2024-05-31,Medical,12500,12,9.16,Online
APP007871,CUST002395,2023-10-27,Home Renovation,46500,24,8.22,Online
APP007872,CUST001402,2023-11-23,Debt Consolidation,5000,60,15.75,Broker
APP007873,CUST005107,2023-06-01,Car Purchase,38000,12,14.44,Online
APP007874,CUST004008,2023-09-20,Debt Consolidation,27000,24,14.54,Branch
APP007875,CUST000394,2024-11-20,Travel,41000,24,22.19,Branch
APP007876,CUST003539,2023-11-19,Travel,27000,36,12.44,Online
APP007877,CUST000396,2024-11-22,Debt Consolidation,24000,24,17.75,Online
APP007878,CUST001107,2023-09-25,Home Renovation,7000,12,7.94,Broker
APP007879,CUST005044,2023-01-18,Other,38500,12,14.05,Online
APP007880,CUST000464,2024-11-18,Wedding,27000,24,8.16,Online
APP007881,CUST003022,2024-05-02,Home Renovation,17500,60,11.85,Branch
APP007882,CUST005700,2023-12-16,Debt Consolidation,24000,24,13.94,Broker
APP007883,CUST000327,2024-11-17,Debt Consolidation,6000,24,20.64,Online
APP007884,CUST000932,2023-08-16,Car Purchase,41500,12,10.22,Branch
APP007885,CUST003157,2023-08-03,Car Purchase,27500,24,20.84,Online
APP007886,CUST005051,2023-11-23,Car Purchase,12500,36,18.8,Branch
APP007887,CUST005445,2023-03-05,Medical,19500,36,10.38,Broker
APP007888,CUST002992,2024-09-27,Debt Consolidation,5500,48,17.85,Branch
APP007889,CUST002839,2024-10-08,Home Renovation,25000,36,21.25,Online
APP007890,CUST003471,2024-05-10,Debt Consolidation,27500,24,13.48,Broker
APP007891,CUST000292,2024-07-16,Home Renovation,35500,24,18.17,Online
APP007892,CUST000328,2023-06-01,Debt Consolidation,47500,48,21.45,Online
APP007893,CUST001852,2023-08-03,Home Renovation,26500,60,20.32,Online
APP007894,CUST004414,2023-02-14,Home Renovation,3000,48,9.92,Branch
APP007895,CUST000351,2024-05-20,Wedding,29000,36,11.33,Online
APP007896,CUST003226,2024-03-01,Debt Consolidation,25500,24,19.49,Broker
APP007897,CUST004352,2023-05-08,Car Purchase,17500,24,18.04,Online
APP007898,CUST003442,2023-03-02,Car Purchase,3000,12,12.21,Online
APP007899,CUST000335,2024-04-06,Other,38500,48,17.75,Branch
APP007900,CUST001295,2023-08-23,Medical,31500,24,11.04,Online
APP007901,CUST001758,2024-05-11,Home Renovation,16500,36,21.08,Online
APP007902,CUST001134,2023-04-18,Travel,16500,36,12.14,Branch
APP007903,CUST000920,2024-08-21,Home Renovation,46500,36,14.94,Branch
APP007904,CUST002900,2024-12-28,Debt Consolidation,40000,24,14.05,Online
APP007905,CUST004261,2024-08-28,Home Renovation,42000,36,19.93,Online
APP007906,CUST003932,2024-01-25,Debt Consolidation,39000,36,22.24,Online
APP007907,CUST005981,2023-11-26,Debt Consolidation,31000,48,8.85,Online
APP007908,CUST004633,2024-11-12,Debt Consolidation,5500,36,20.21,Online
APP007909,CUST004326,2024-06-11,Wedding,8000,60,16.15,Branch
APP007910,CUST005678,2024-11-15,Debt Consolidation,49500,24,10.63,Branch
APP007911,CUST004133,2023-03-26,Car Purchase,20500,48,19.45,Branch
APP007912,CUST002519,2024-12-28,Wedding,32500,48,18.28,Online
APP007913,CUST001691,2023-08-25,Debt Consolidation,42000,36,15.73,Branch
APP007914,CUST002711,2024-06-03,Other,45000,24,11.68,Branch
APP007915,CUST004644,2024-06-18,Home Renovation,30500,36,15.78,Online
APP007916,CUST004638,2024-07-30,Debt Consolidation,15000,12,14.3,Branch
APP007917,CUST005489,2023-03-14,Car Purchase,11500,60,16.89,Online
APP007918,CUST001579,2023-06-04,Car Purchase,37500,48,17.16,Online
APP007919,CUST002313,2023-01-17,Travel,21500,60,21.41,Branch
APP007920,CUST000013,2024-08-27,Debt Consolidation,27500,48,17.34,Online
APP007921,CUST002243,2023-01-23,Car Purchase,15500,24,13.95,Broker
APP007922,CUST000978,2023-09-27,Debt Consolidation,12000,36,11.02,Broker
APP007923,CUST000336,2023-06-27,Car Purchase,43000,36,18.88,Branch
APP007924,CUST005340,2024-11-24,Home Renovation,43500,24,19.84,Online
APP007925,CUST002383,2024-08-07,Debt Consolidation,26500,36,19.89,Broker
APP007926,CUST005122,2023-07-12,Car Purchase,2000,48,20.4,Online
APP007927,CUST001270,2023-01-18,Car Purchase,16000,36,18.09,Broker
APP007928,CUST002866,2024-12-05,Wedding,43500,60,11.43,Online
APP007929,CUST002892,2024-08-31,Car Purchase,40500,24,8.1,Online
APP007930,CUST002411,2024-03-07,Debt Consolidation,17000,60,10.64,Branch
APP007931,CUST000986,2023-01-23,Car Purchase,17000,24,21.45,Online
APP007932,CUST001411,2024-10-14,Debt Consolidation,21000,36,11.69,Online
APP007933,CUST005029,2024-02-16,Travel,39500,36,14.77,Broker
APP007934,CUST004450,2024-10-18,Travel,4000,60,19.24,Branch
APP007935,CUST005488,2023-07-14,Travel,12500,24,11.82,Online
APP007936,CUST000546,2024-08-29,Medical,29000,48,21.06,Online
APP007937,CUST000082,2024-08-21,Car Purchase,45000,48,17.52,Broker
APP007938,CUST004958,2024-09-19,Other,37000,48,8.15,Online
APP007939,CUST003217,2024-09-17,Debt Consolidation,32500,24,17.67,Online
APP007940,CUST003877,2023-10-02,Home Renovation,23500,24,19.21,Branch
APP007941,CUST000294,2023-10-19,Car Purchase,16000,24,9.32,Online
APP007942,CUST000578,2024-09-13,Car Purchase,42500,60,8.85,Branch
APP007943,CUST003275,2024-05-12,Debt Consolidation,26000,60,9.45,Branch
APP007944,CUST005072,2024-08-31,Home Renovation,26500,36,8.04,Branch
APP007945,CUST005103,2023-06-16,Travel,29500,48,20.54,Online
APP007946,CUST004782,2023-01-22,Travel,9000,36,8.55,Broker
APP007947,CUST002643,2024-06-07,Car Purchase,7000,48,15.65,Online
APP007948,CUST000440,2023-05-01,Debt Consolidation,35000,24,15.14,Broker
APP007949,CUST005468,2023-01-18,Debt Consolidation,20000,36,10.54,Online
APP007950,CUST005182,2024-12-19,Debt Consolidation,37000,60,18.42,Online
APP007951,CUST001489,2024-01-12,Home Renovation,46000,60,20.2,Branch
APP007952,CUST002753,2023-05-23,Travel,34000,48,19.56,Broker
APP007953,CUST005797,2023-11-08,Car Purchase,21500,36,12.85,Broker
APP007954,CUST001091,2024-11-05,Debt Consolidation,40500,24,9.92,Branch
APP007955,CUST002513,2024-10-26,Car Purchase,12500,36,18.53,Online
APP007956,CUST000826,2023-07-14,Car Purchase,8000,36,14.17,Online
APP007957,CUST002675,2024-03-02,Car Purchase,7000,60,20.18,Branch
APP007958,CUST003190,2024-11-11,Car Purchase,11500,36,19.41,Broker
APP007959,CUST001137,2024-05-30,Wedding,46000,12,13.64,Broker
APP007960,CUST001143,2024-12-20,Home Renovation,9000,36,16.75,Branch
APP007961,CUST001481,2023-07-29,Travel,46000,36,13.6,Branch
APP007962,CUST000647,2024-11-19,Car Purchase,48000,36,8.82,Online
APP007963,CUST005105,2023-06-28,Home Renovation,27000,24,20.47,Online
APP007964,CUST004735,2024-12-25,Car Purchase,7000,24,11.46,Online
APP007965,CUST002009,2023-05-13,Debt Consolidation,15500,48,15.5,Online
APP007966,CUST004311,2024-01-09,Other,2000,24,7.56,Online
APP007967,CUST002389,2023-10-09,Debt Consolidation,35500,60,7.68,Online
APP007968,CUST000350,2024-12-07,Home Renovation,45500,24,15.79,Online
APP007969,CUST000581,2024-08-31,Debt Consolidation,49500,60,7.67,Branch
APP007970,CUST003848,2024-03-06,Other,45500,60,17.77,Online
APP007971,CUST003886,2023-03-21,Home Renovation,16000,48,11.8,Branch
APP007972,CUST003998,2023-12-14,Debt Consolidation,14500,36,16.02,Online
APP007973,CUST000314,2024-11-08,Home Renovation,13000,24,20.84,Branch
APP007974,CUST004317,2023-09-16,Debt Consolidation,13500,48,14.29,Broker
APP007975,CUST005116,2023-01-26,Car Purchase,49500,48,7.64,Broker
APP007976,CUST002775,2024-04-03,Home Renovation,21500,24,9.19,Broker
APP007977,CUST002441,2023-12-19,Debt Consolidation,10500,36,19.4,Branch
APP007978,CUST002523,2024-01-31,Car Purchase,23500,12,10.11,Branch
APP007979,CUST002094,2023-02-22,Debt Consolidation,37000,60,9.62,Broker
APP007980,CUST002568,2024-04-30,Home Renovation,38000,60,15.01,Branch
APP007981,CUST003917,2023-09-27,Car Purchase,20500,12,12.19,Branch
APP007982,CUST000571,2023-05-19,Other,13500,12,13.84,Branch
APP007983,CUST000552,2023-10-20,Medical,9500,12,18.94,Online
APP007984,CUST001137,2024-12-14,Home Renovation,15500,60,21.61,Broker
APP007985,CUST002416,2024-07-19,Wedding,23500,24,8.53,Branch
APP007986,CUST004779,2024-06-25,Debt Consolidation,26500,24,22.4,Broker
APP007987,CUST002813,2024-05-28,Car Purchase,41000,60,19.59,Branch
APP007988,CUST004641,2023-04-10,Car Purchase,24000,36,14.41,Online
APP007989,CUST001448,2024-08-16,Travel,7500,48,17.22,Online
APP007990,CUST002811,2023-06-09,Home Renovation,35500,60,8.85,Online
APP007991,CUST003428,2023-01-26,Car Purchase,42000,24,14.59,Broker
APP007992,CUST003394,2024-03-23,Travel,31500,24,20.64,Online
APP007993,CUST005223,2023-06-30,Car Purchase,32000,12,8.01,Branch
APP007994,CUST005545,2023-09-10,Home Renovation,32500,36,21.95,Broker
APP007995,CUST005965,2024-03-20,Car Purchase,4000,24,16.64,Broker
APP007996,CUST000780,2024-06-02,Other,3500,48,16.44,Online
APP007997,CUST005828,2023-12-15,Debt Consolidation,20500,60,21.89,Online
APP007998,CUST001273,2024-08-07,Home Renovation,18000,48,13.51,Branch
APP007999,CUST002891,2024-11-14,Home Renovation,41000,60,9.51,Broker
APP008000,CUST003975,2024-07-01,Debt Consolidation,13000,24,17.4,Branch
APP008001,CUST001655,2023-03-13,Home Renovation,39500,24,16.93,Branch
APP008002,CUST001419,2023-09-02,Home Renovation,17000,36,10.89,Broker
APP008003,CUST003060,2024-02-15,Home Renovation,41000,60,9.44,Branch
APP008004,CUST000410,2024-04-25,Travel,33500,48,10.42,Online
APP008005,CUST001951,2023-05-08,Home Renovation,13500,36,20.41,Branch
APP008006,CUST005094,2024-01-13,Other,31500,24,20.92,Branch
APP008007,CUST000184,2023-10-04,Home Renovation,46000,24,8.65,Broker
APP008008,CUST005359,2023-03-16,Other,19000,12,13.33,Online
APP008009,CUST000392,2023-10-12,Home Renovation,17000,60,14.02,Broker
APP008010,CUST001366,2024-01-26,Debt Consolidation,22000,24,15.56,Online
APP008011,CUST000338,2024-03-07,Medical,39500,48,16.0,Online
APP008012,CUST003760,2023-07-08,Debt Consolidation,24500,24,16.82,Online
APP008013,CUST004199,2023-12-09,Debt Consolidation,23500,48,21.54,Online
APP008014,CUST000411,2024-04-15,Travel,8500,24,21.11,Broker
APP008015,CUST000038,2024-12-09,Travel,23000,24,15.37,Branch
APP008016,CUST001312,2024-11-17,Debt Consolidation,44500,60,16.62,Online
APP008017,CUST003495,2023-07-15,Debt Consolidation,9500,48,20.68,Online
APP008018,CUST001371,2024-05-23,Debt Consolidation,12500,36,9.13,Online
APP008019,CUST003293,2023-09-05,Other,21500,24,10.73,Online
APP008020,CUST003495,2023-09-01,Debt Consolidation,27000,36,16.53,Branch
APP008021,CUST000122,2023-02-17,Debt Consolidation,33500,36,15.89,Broker
APP008022,CUST002001,2024-02-10,Wedding,48000,24,14.1,Branch
APP008023,CUST000371,2024-08-18,Home Renovation,19500,36,14.38,Online
APP008024,CUST001341,2024-06-16,Medical,9000,36,18.8,Online
APP008025,CUST001476,2023-03-26,Other,36000,36,11.77,Online
APP008026,CUST000709,2024-08-10,Car Purchase,25000,60,22.27,Online
APP008027,CUST002692,2023-01-06,Home Renovation,15000,48,17.29,Online
APP008028,CUST003080,2024-06-26,Debt Consolidation,47000,36,21.03,Broker
APP008029,CUST005325,2023-06-24,Wedding,2000,36,7.9,Online
APP008030,CUST002612,2023-10-24,Travel,17500,36,12.2,Online
APP008031,CUST002210,2023-04-20,Car Purchase,16000,12,16.46,Broker
APP008032,CUST003868,2024-06-12,Car Purchase,14500,36,18.55,Branch
APP008033,CUST003991,2024-01-01,Medical,40000,24,12.02,Online
APP008034,CUST002369,2023-06-11,Car Purchase,45000,24,22.45,Online
APP008035,CUST001840,2024-11-03,Debt Consolidation,21500,36,16.81,Online
APP008036,CUST004230,2024-12-11,Car Purchase,48000,60,9.24,Broker
APP008037,CUST001201,2023-01-22,Other,13500,48,12.65,Online
APP008038,CUST004098,2023-02-14,Home Renovation,8500,12,19.14,Broker
APP008039,CUST004321,2023-01-14,Car Purchase,33000,12,9.68,Branch
APP008040,CUST004458,2024-06-05,Wedding,20000,48,8.67,Branch
APP008041,CUST003207,2024-04-07,Home Renovation,18000,24,11.79,Branch
APP008042,CUST005505,2024-07-07,Debt Consolidation,39500,36,15.97,Branch
APP008043,CUST001263,2023-09-16,Home Renovation,12000,48,11.06,Broker
APP008044,CUST005720,2023-02-01,Travel,30500,60,12.29,Online
APP008045,CUST002520,2023-06-23,Home Renovation,33500,60,13.92,Broker
APP008046,CUST003612,2023-10-14,Wedding,18500,24,18.67,Online
APP008047,CUST005171,2024-11-22,Home Renovation,13500,24,10.01,Online
APP008048,CUST003137,2023-03-12,Other,38000,36,11.99,Online
APP008049,CUST001578,2024-04-10,Debt Consolidation,23000,36,8.22,Online
APP008050,CUST000981,2023-01-28,Debt Consolidation,19500,24,16.88,Branch
APP008051,CUST003271,2024-08-07,Other,28500,12,9.1,Online
APP008052,CUST005610,2024-05-24,Car Purchase,44000,36,21.64,Online
APP008053,CUST002828,2024-12-21,Debt Consolidation,49000,48,7.54,Branch
APP008054,CUST003920,2023-12-15,Debt Consolidation,35000,12,14.22,Online
APP008055,CUST000758,2024-06-03,Car Purchase,29000,48,19.07,Branch
APP008056,CUST000740,2024-04-09,Travel,49000,36,21.23,Online
APP008057,CUST004523,2023-11-17,Car Purchase,47000,36,8.95,Online
APP008058,CUST003167,2024-07-14,Car Purchase,36000,36,12.77,Broker
APP008059,CUST004492,2023-07-18,Debt Consolidation,14000,36,9.15,Broker
APP008060,CUST005806,2024-12-27,Wedding,4500,48,13.29,Broker
APP008061,CUST000401,2024-08-18,Home Renovation,22500,48,11.69,Online
APP008062,CUST004831,2023-03-20,Home Renovation,28500,24,18.77,Online
APP008063,CUST002895,2023-01-22,Other,11000,36,18.8,Online
APP008064,CUST004334,2024-06-15,Debt Consolidation,50000,36,16.35,Online
APP008065,CUST000502,2024-12-22,Wedding,46500,36,12.87,Online
APP008066,CUST000459,2023-12-01,Car Purchase,28500,36,10.52,Branch
APP008067,CUST005611,2024-05-21,Debt Consolidation,16500,24,15.68,Online
APP008068,CUST003370,2023-04-18,Debt Consolidation,43500,36,21.24,Branch
APP008069,CUST005201,2023-12-04,Wedding,43500,60,16.61,Broker
APP008070,CUST001434,2023-04-28,Other,28500,60,12.84,Online
APP008071,CUST000333,2023-01-22,Home Renovation,11500,24,19.17,Branch
APP008072,CUST001426,2024-10-08,Car Purchase,27000,36,9.42,Branch
APP008073,CUST001820,2024-08-18,Travel,11000,12,8.39,Branch
APP008074,CUST004774,2023-12-14,Car Purchase,37000,36,21.04,Online
APP008075,CUST004933,2024-12-20,Home Renovation,11000,36,8.52,Online
APP008076,CUST005853,2024-05-09,Debt Consolidation,25000,48,14.81,Branch
APP008077,CUST005204,2023-04-16,Debt Consolidation,31500,60,8.12,Online
APP008078,CUST002145,2024-06-28,Debt Consolidation,6000,48,17.52,Broker
APP008079,CUST005507,2023-05-10,Debt Consolidation,22000,36,12.21,Online
APP008080,CUST005946,2024-02-27,Car Purchase,31500,36,16.56,Online
APP008081,CUST000111,2024-06-11,Home Renovation,38500,48,21.33,Broker
APP008082,CUST002911,2024-04-30,Debt Consolidation,4000,24,18.22,Online
APP008083,CUST001912,2024-04-19,Wedding,12500,36,12.95,Online
APP008084,CUST003563,2023-06-21,Other,29500,36,19.25,Broker
APP008085,CUST000004,2023-05-15,Debt Consolidation,34500,12,15.42,Online
APP008086,CUST005440,2024-05-26,Home Renovation,24500,24,15.38,Online
APP008087,CUST003153,2024-08-12,Car Purchase,7000,60,14.34,Online
APP008088,CUST005462,2024-02-23,Car Purchase,49000,48,16.59,Online
APP008089,CUST004604,2024-11-16,Debt Consolidation,38500,36,8.59,Broker
APP008090,CUST005655,2024-11-06,Home Renovation,45000,36,18.21,Branch
APP008091,CUST003208,2023-03-23,Debt Consolidation,3000,36,16.15,Online
APP008092,CUST000959,2023-02-06,Medical,12000,12,19.52,Online
APP008093,CUST004505,2023-10-03,Travel,11000,60,20.1,Online
APP008094,CUST002212,2023-07-02,Debt Consolidation,22500,48,17.27,Online
APP008095,CUST005912,2023-04-24,Home Renovation,11500,60,15.39,Branch
APP008096,CUST001189,2023-11-08,Medical,6500,24,20.72,Online
APP008097,CUST003624,2023-02-18,Other,11000,24,18.98,Online
APP008098,CUST005881,2024-04-07,Other,49000,36,16.43,Online
APP008099,CUST003811,2023-12-27,Debt Consolidation,14500,36,11.75,Broker
APP008100,CUST004990,2023-07-07,Debt Consolidation,17500,36,17.19,Online
APP008101,CUST001769,2024-09-24,Car Purchase,7500,36,7.82,Online
APP008102,CUST003729,2024-10-10,Home Renovation,12500,24,12.92,Online
APP008103,CUST005159,2024-12-01,Debt Consolidation,3500,36,9.94,Online
APP008104,CUST000631,2024-03-23,Car Purchase,7000,36,14.76,Online
APP008105,CUST005399,2024-11-09,Debt Consolidation,34500,60,16.74,Branch
APP008106,CUST003020,2023-05-08,Car Purchase,12500,48,8.16,Online
APP008107,CUST001063,2024-10-24,Car Purchase,45500,36,12.71,Branch
APP008108,CUST004500,2024-11-12,Debt Consolidation,20500,60,21.06,Broker
APP008109,CUST002979,2023-08-15,Debt Consolidation,17000,48,20.35,Branch
APP008110,CUST005769,2023-04-21,Car Purchase,21000,12,11.68,Broker
APP008111,CUST001570,2023-05-25,Medical,5000,48,11.18,Branch
APP008112,CUST004268,2024-02-16,Home Renovation,33500,48,22.06,Broker
APP008113,CUST005188,2024-01-19,Debt Consolidation,19000,36,21.69,Online
APP008114,CUST004279,2024-03-18,Debt Consolidation,44000,48,19.53,Broker
APP008115,CUST005656,2023-06-12,Medical,43000,36,13.64,Branch
APP008116,CUST000018,2023-12-15,Travel,12500,24,17.07,Branch
APP008117,CUST002702,2024-02-07,Car Purchase,37000,24,14.61,Branch
APP008118,CUST000935,2023-01-15,Travel,27500,36,15.47,Branch
APP008119,CUST002592,2023-01-02,Debt Consolidation,7500,36,15.14,Online
APP008120,CUST001741,2023-10-27,Medical,36000,24,19.33,Branch
APP008121,CUST000658,2023-04-08,Car Purchase,8000,24,22.31,Broker
APP008122,CUST002013,2023-02-12,Car Purchase,31000,60,20.55,Broker
APP008123,CUST003819,2024-12-24,Debt Consolidation,35000,48,12.23,Online
APP008124,CUST004543,2024-04-01,Travel,38500,24,14.43,Broker
APP008125,CUST001588,2024-10-04,Travel,12000,24,17.3,Online
APP008126,CUST004433,2024-08-05,Travel,29500,12,18.53,Branch
APP008127,CUST003193,2024-05-26,Car Purchase,7500,24,11.82,Online
APP008128,CUST005238,2023-09-19,Home Renovation,35000,36,8.41,Branch
APP008129,CUST004048,2024-05-08,Travel,5000,48,13.26,Branch
APP008130,CUST000672,2023-07-31,Home Renovation,25000,36,19.0,Broker
APP008131,CUST004273,2023-04-11,Home Renovation,19500,36,7.91,Broker
APP008132,CUST004038,2023-11-20,Wedding,36500,36,8.42,Online
APP008133,CUST000065,2023-01-27,Car Purchase,39000,12,14.47,Online
APP008134,CUST005586,2024-03-01,Travel,19500,36,12.36,Broker
APP008135,CUST005101,2024-08-26,Car Purchase,33500,60,14.62,Broker
APP008136,CUST003289,2024-12-03,Other,39000,24,15.98,Branch
APP008137,CUST005763,2023-08-06,Home Renovation,44000,12,11.35,Branch
APP008138,CUST001496,2024-07-22,Travel,28000,24,9.47,Broker
APP008139,CUST003147,2023-01-26,Debt Consolidation,12500,36,13.96,Online
APP008140,CUST002781,2024-05-27,Travel,10500,24,8.89,Online
APP008141,CUST003545,2024-04-15,Debt Consolidation,17000,12,20.05,Online
APP008142,CUST002260,2024-07-07,Other,11000,24,15.91,Broker
APP008143,CUST002280,2023-10-06,Debt Consolidation,22000,24,11.61,Branch
APP008144,CUST005993,2023-12-03,Travel,36000,48,16.14,Online
APP008145,CUST003549,2023-02-09,Car Purchase,22500,48,19.19,Online
APP008146,CUST002514,2024-04-10,Debt Consolidation,37000,48,10.22,Online
APP008147,CUST005982,2024-02-13,Debt Consolidation,30500,36,10.68,Branch
APP008148,CUST004681,2023-09-15,Debt Consolidation,9000,60,20.13,Branch
APP008149,CUST000947,2023-12-22,Home Renovation,41500,60,12.87,Broker
APP008150,CUST003742,2023-06-04,Travel,25000,36,7.94,Broker
APP008151,CUST000907,2024-11-16,Debt Consolidation,18500,12,15.3,Online
APP008152,CUST000649,2024-05-02,Car Purchase,5000,36,7.93,Branch
APP008153,CUST005103,2023-02-14,Home Renovation,14000,36,18.9,Online
APP008154,CUST000274,2023-10-03,Home Renovation,25500,48,9.81,Online
APP008155,CUST004461,2023-06-05,Wedding,28000,24,15.16,Online
APP008156,CUST000531,2024-08-27,Wedding,41000,60,14.25,Broker
APP008157,CUST002939,2024-10-28,Travel,42500,24,7.76,Broker
APP008158,CUST003032,2024-03-21,Car Purchase,35500,48,14.39,Online
APP008159,CUST000815,2024-05-19,Car Purchase,26500,36,18.63,Broker
APP008160,CUST001306,2024-01-28,Debt Consolidation,42500,12,18.0,Branch
APP008161,CUST002141,2023-04-20,Debt Consolidation,5000,36,14.35,Branch
APP008162,CUST002372,2023-05-08,Debt Consolidation,36000,24,16.2,Broker
APP008163,CUST003468,2024-03-01,Wedding,49500,60,9.52,Online
APP008164,CUST005315,2024-03-31,Medical,3000,48,10.6,Online
APP008165,CUST002553,2023-02-28,Travel,18000,24,12.2,Online
APP008166,CUST003473,2023-07-13,Debt Consolidation,17000,24,14.97,Online
APP008167,CUST004410,2023-10-24,Car Purchase,38500,24,11.43,Broker
APP008168,CUST001566,2024-12-14,Car Purchase,27000,60,15.79,Broker
APP008169,CUST003206,2023-03-18,Medical,17500,60,14.63,Broker
APP008170,CUST003334,2023-06-15,Car Purchase,50000,36,14.86,Online
APP008171,CUST004400,2023-06-21,Home Renovation,13500,48,14.74,Online
APP008172,CUST001468,2023-01-19,Car Purchase,29000,24,20.14,Online
APP008173,CUST000823,2023-02-03,Other,29500,48,22.35,Branch
APP008174,CUST001576,2023-10-06,Wedding,47500,36,16.44,Online
APP008175,CUST000842,2024-03-27,Car Purchase,15000,60,12.08,Online
APP008176,CUST002732,2024-10-18,Other,35000,24,15.1,Online
APP008177,CUST003830,2024-05-02,Home Renovation,9000,48,16.13,Broker
APP008178,CUST005410,2024-03-26,Car Purchase,20500,48,18.68,Online
APP008179,CUST005237,2024-11-19,Car Purchase,3500,24,13.45,Branch
APP008180,CUST002346,2023-03-16,Debt Consolidation,43000,60,22.26,Branch
APP008181,CUST002969,2024-06-18,Debt Consolidation,13500,60,12.41,Broker
APP008182,CUST003896,2024-02-28,Home Renovation,49500,36,8.53,Broker
APP008183,CUST001265,2024-08-04,Medical,42500,36,18.04,Online
APP008184,CUST001856,2024-04-28,Car Purchase,49500,36,16.26,Online
APP008185,CUST005973,2024-04-03,Debt Consolidation,34000,36,17.49,Broker
APP008186,CUST005191,2024-07-14,Other,18000,12,17.66,Online
APP008187,CUST003369,2024-09-24,Car Purchase,40500,24,15.0,Online
APP008188,CUST005588,2023-04-19,Home Renovation,22000,36,21.17,Online
APP008189,CUST005402,2023-03-12,Travel,3500,48,9.19,Broker
APP008190,CUST001260,2024-02-26,Home Renovation,33000,36,21.25,Online
APP008191,CUST000384,2023-04-17,Car Purchase,46000,24,13.42,Branch
APP008192,CUST003184,2023-08-16,Debt Consolidation,35000,36,13.89,Online
APP008193,CUST004746,2023-07-09,Wedding,29500,24,15.51,Online
APP008194,CUST003759,2023-08-19,Car Purchase,34000,60,7.9,Branch
APP008195,CUST000372,2023-10-30,Medical,12500,36,8.17,Broker
APP008196,CUST002728,2023-06-04,Wedding,29500,48,19.4,Broker
APP008197,CUST000661,2024-08-25,Travel,47500,24,20.14,Online
APP008198,CUST003863,2023-02-12,Car Purchase,4000,48,20.64,Broker
APP008199,CUST002619,2023-08-24,Car Purchase,42500,36,21.97,Branch
APP008200,CUST003212,2024-02-12,Medical,30500,60,13.38,Online
APP008201,CUST004480,2024-12-26,Wedding,23000,36,10.55,Online
APP008202,CUST005476,2023-11-01,Travel,19500,36,15.77,Branch
APP008203,CUST001928,2024-07-15,Debt Consolidation,26500,24,7.51,Broker
APP008204,CUST002917,2023-07-29,Home Renovation,17000,48,11.19,Broker
APP008205,CUST002024,2023-02-08,Debt Consolidation,49500,36,19.61,Broker
APP008206,CUST000841,2024-10-18,Car Purchase,2500,12,8.1,Online
APP008207,CUST003174,2023-09-02,Home Renovation,19500,36,12.26,Online
APP008208,CUST002496,2024-02-23,Travel,33000,24,17.62,Online
APP008209,CUST004213,2023-03-17,Wedding,10500,48,15.3,Broker
APP008210,CUST004379,2023-12-02,Wedding,21500,36,17.33,Online
APP008211,CUST001919,2023-07-15,Debt Consolidation,11000,36,18.07,Branch
APP008212,CUST004320,2023-09-26,Wedding,4000,60,18.96,Online
APP008213,CUST005366,2024-02-20,Debt Consolidation,20500,60,22.16,Branch
APP008214,CUST003303,2024-10-04,Car Purchase,7500,24,8.47,Online
APP008215,CUST004489,2023-04-28,Wedding,9000,48,8.7,Branch
APP008216,CUST001206,2024-05-03,Debt Consolidation,35000,24,21.13,Branch
APP008217,CUST002769,2024-01-14,Other,49000,48,17.86,Online
APP008218,CUST000944,2024-09-14,Home Renovation,31500,24,9.8,Broker
APP008219,CUST003441,2024-07-23,Other,37500,48,20.96,Broker
APP008220,CUST002716,2024-12-26,Car Purchase,34000,24,10.3,Broker
APP008221,CUST000534,2024-01-04,Travel,39500,48,21.28,Broker
APP008222,CUST000821,2024-12-11,Debt Consolidation,47500,48,17.54,Online
APP008223,CUST002278,2024-09-08,Car Purchase,19500,36,22.27,Branch
APP008224,CUST004285,2024-07-22,Home Renovation,36000,24,18.63,Online
APP008225,CUST003483,2024-01-04,Wedding,9000,60,21.39,Branch
APP008226,CUST000933,2023-11-22,Wedding,13000,36,21.9,Online
APP008227,CUST004467,2024-01-03,Other,17500,24,11.48,Broker
APP008228,CUST001488,2024-12-10,Debt Consolidation,13500,48,8.34,Broker
APP008229,CUST005443,2023-03-24,Wedding,42500,48,15.86,Branch
APP008230,CUST000512,2023-01-03,Other,14500,36,18.23,Branch
APP008231,CUST003146,2023-10-30,Car Purchase,42500,60,16.97,Branch
APP008232,CUST004087,2023-12-02,Home Renovation,23500,12,19.3,Broker
APP008233,CUST004259,2023-11-25,Car Purchase,48500,24,12.75,Online
APP008234,CUST001153,2024-03-04,Debt Consolidation,17500,24,16.69,Online
APP008235,CUST004486,2023-04-07,Wedding,49500,24,14.33,Online
APP008236,CUST001104,2023-10-23,Other,42500,48,18.92,Broker
APP008237,CUST001219,2023-12-04,Car Purchase,43000,24,14.97,Online
APP008238,CUST003996,2024-06-03,Home Renovation,20000,12,21.6,Online
APP008239,CUST002565,2023-01-30,Car Purchase,7500,48,20.55,Broker
APP008240,CUST001837,2024-06-08,Car Purchase,5500,48,22.12,Online
APP008241,CUST003301,2024-09-04,Debt Consolidation,35000,36,11.35,Branch
APP008242,CUST004040,2024-08-25,Debt Consolidation,22000,24,16.54,Branch
APP008243,CUST005009,2024-09-23,Medical,4500,60,15.03,Online
APP008244,CUST001884,2023-09-05,Debt Consolidation,36500,48,15.06,Branch
APP008245,CUST000074,2023-10-17,Other,23000,24,15.49,Online
APP008246,CUST003306,2024-04-05,Debt Consolidation,44500,48,13.29,Online
APP008247,CUST005318,2023-11-16,Debt Consolidation,30000,60,18.08,Online
APP008248,CUST002625,2023-01-20,Debt Consolidation,19500,60,12.45,Branch
APP008249,CUST004975,2024-12-04,Home Renovation,28500,48,16.68,Online
APP008250,CUST002360,2024-01-17,Car Purchase,20000,24,15.11,Online
APP008251,CUST000309,2023-02-02,Debt Consolidation,9000,24,16.33,Broker
APP008252,CUST002767,2023-03-30,Debt Consolidation,10000,60,11.5,Online
APP008253,CUST002606,2023-05-28,Home Renovation,27500,60,12.67,Online
APP008254,CUST001119,2023-12-29,Debt Consolidation,17000,36,18.44,Online
APP008255,CUST000343,2023-07-04,Car Purchase,28000,48,9.46,Branch
APP008256,CUST000367,2024-12-04,Travel,13000,36,17.31,Broker
APP008257,CUST005003,2024-12-27,Car Purchase,49000,24,19.94,Online
APP008258,CUST001034,2023-06-20,Wedding,47000,36,21.98,Broker
APP008259,CUST001223,2023-07-25,Debt Consolidation,23000,36,15.23,Online
APP008260,CUST001658,2023-11-04,Travel,34000,36,9.02,Broker
APP008261,CUST002663,2023-06-12,Home Renovation,32000,12,21.73,Online
APP008262,CUST002918,2023-01-13,Debt Consolidation,34500,24,16.86,Online
APP008263,CUST003274,2024-07-10,Travel,47500,24,10.17,Online
APP008264,CUST000291,2023-06-14,Car Purchase,7500,48,16.11,Broker
APP008265,CUST001330,2023-06-14,Other,17500,36,13.06,Branch
APP008266,CUST003675,2024-07-20,Home Renovation,49500,36,14.51,Broker
APP008267,CUST000719,2024-04-24,Car Purchase,31500,48,8.57,Online
APP008268,CUST000127,2023-08-14,Debt Consolidation,43500,48,16.94,Broker
APP008269,CUST000426,2024-07-13,Home Renovation,35500,48,10.04,Branch
APP008270,CUST002326,2023-03-12,Home Renovation,7000,60,8.08,Broker
APP008271,CUST002542,2023-10-04,Travel,11500,48,19.57,Online
APP008272,CUST002436,2024-01-02,Debt Consolidation,23500,36,10.7,Online
APP008273,CUST002819,2023-10-26,Debt Consolidation,49500,24,13.9,Online
APP008274,CUST000536,2023-04-04,Wedding,25500,48,9.88,Online
APP008275,CUST003534,2024-03-03,Home Renovation,33000,48,15.79,Online
APP008276,CUST002335,2023-09-11,Other,14000,60,14.66,Online
APP008277,CUST005173,2024-05-09,Home Renovation,16500,48,12.73,Online
APP008278,CUST002493,2023-06-22,Travel,35000,24,9.53,Branch
APP008279,CUST001145,2024-09-17,Medical,39000,36,11.89,Online
APP008280,CUST001722,2024-11-20,Debt Consolidation,9500,12,16.59,Branch
APP008281,CUST003491,2023-02-02,Car Purchase,11000,48,15.32,Branch
APP008282,CUST003871,2023-05-22,Home Renovation,47500,36,10.83,Online
APP008283,CUST001780,2024-06-14,Car Purchase,37500,24,13.6,Online
APP008284,CUST003148,2024-09-04,Travel,13000,24,15.4,Branch
APP008285,CUST000906,2024-04-03,Car Purchase,5000,36,21.66,Broker
APP008286,CUST002132,2024-08-08,Debt Consolidation,37500,36,7.69,Online
APP008287,CUST005010,2023-08-08,Other,5000,36,17.74,Branch
APP008288,CUST002924,2024-02-09,Travel,18500,48,7.59,Branch
APP008289,CUST001848,2023-01-23,Travel,10000,24,7.66,Online
APP008290,CUST000307,2023-06-19,Car Purchase,13000,48,7.95,Branch
APP008291,CUST003517,2024-04-02,Car Purchase,30000,48,18.82,Online
APP008292,CUST003731,2023-08-09,Debt Consolidation,31500,36,16.73,Online
APP008293,CUST004433,2024-06-13,Debt Consolidation,24500,48,9.75,Online
APP008294,CUST005992,2023-05-26,Debt Consolidation,38500,36,14.38,Online
APP008295,CUST000517,2023-01-06,Travel,47500,24,10.91,Branch
APP008296,CUST000101,2024-01-01,Debt Consolidation,34500,48,17.32,Online
APP008297,CUST002148,2023-06-14,Other,22500,24,19.29,Branch
APP008298,CUST002221,2023-01-20,Travel,27500,36,9.77,Online
APP008299,CUST005552,2024-02-05,Car Purchase,14500,60,9.61,Branch
APP008300,CUST005228,2023-02-16,Debt Consolidation,4000,48,10.08,Branch
APP008301,CUST002830,2023-01-29,Debt Consolidation,47500,36,14.26,Online
APP008302,CUST001909,2023-12-11,Home Renovation,2500,36,8.82,Online
APP008303,CUST000028,2024-09-05,Car Purchase,48000,12,20.29,Broker
APP008304,CUST004853,2023-08-10,Medical,15500,60,19.71,Branch
APP008305,CUST003337,2023-05-04,Debt Consolidation,35000,36,20.39,Online
APP008306,CUST002363,2023-08-27,Car Purchase,21000,36,11.1,Broker
APP008307,CUST004134,2023-12-17,Debt Consolidation,19000,24,19.03,Broker
APP008308,CUST003677,2023-04-16,Debt Consolidation,17500,48,15.73,Online
APP008309,CUST003225,2024-06-10,Debt Consolidation,4500,24,16.33,Broker
APP008310,CUST002376,2023-07-29,Debt Consolidation,14500,36,16.63,Broker
APP008311,CUST000048,2024-01-23,Home Renovation,3000,60,12.8,Online
APP008312,CUST003714,2023-04-02,Travel,44500,36,9.59,Broker
APP008313,CUST000006,2024-09-06,Debt Consolidation,49000,36,8.6,Branch
APP008314,CUST005534,2023-06-20,Car Purchase,22500,48,20.8,Broker
APP008315,CUST000770,2023-08-21,Car Purchase,21500,60,9.19,Online
APP008316,CUST001363,2023-06-12,Home Renovation,4500,24,15.4,Online
APP008317,CUST003341,2024-02-29,Debt Consolidation,24000,36,11.49,Online
APP008318,CUST000817,2024-05-04,Travel,47500,12,14.56,Online
APP008319,CUST003829,2023-03-10,Car Purchase,37500,24,14.39,Online
APP008320,CUST000008,2023-01-16,Car Purchase,22000,60,8.2,Branch
APP008321,CUST004873,2024-01-25,Car Purchase,15500,48,18.83,Broker
APP008322,CUST004759,2023-02-10,Other,34500,60,13.63,Online
APP008323,CUST002533,2024-09-05,Travel,36500,60,15.39,Online
APP008324,CUST002760,2023-06-04,Debt Consolidation,14500,24,20.79,Broker
APP008325,CUST000329,2023-11-22,Debt Consolidation,18500,60,16.12,Broker
APP008326,CUST005520,2024-04-11,Medical,34500,24,14.14,Branch
APP008327,CUST004496,2023-03-19,Car Purchase,17500,48,14.34,Online
APP008328,CUST004876,2023-06-21,Car Purchase,13000,60,22.17,Online
APP008329,CUST001913,2024-06-29,Home Renovation,28000,24,14.67,Branch
APP008330,CUST005515,2024-01-07,Home Renovation,22500,36,19.54,Online
APP008331,CUST002386,2024-10-07,Other,44000,48,19.35,Broker
APP008332,CUST003981,2024-02-17,Wedding,15000,60,21.88,Online
APP008333,CUST002467,2023-12-28,Car Purchase,40500,48,12.59,Broker
APP008334,CUST005330,2023-01-14,Car Purchase,47000,48,14.11,Online
APP008335,CUST003038,2024-12-16,Car Purchase,14000,36,14.28,Broker
APP008336,CUST001195,2024-09-28,Car Purchase,20500,36,15.04,Online
APP008337,CUST000101,2023-05-28,Home Renovation,32500,36,19.09,Online
APP008338,CUST002462,2024-02-04,Wedding,7500,36,10.02,Online
APP008339,CUST000323,2023-06-15,Debt Consolidation,13000,60,15.89,Online
APP008340,CUST004125,2023-04-04,Debt Consolidation,12500,36,13.05,Online
APP008341,CUST003650,2024-11-02,Other,34000,36,19.95,Online
APP008342,CUST004847,2024-06-15,Home Renovation,37000,48,10.81,Broker
APP008343,CUST003077,2023-04-27,Car Purchase,35500,60,18.68,Broker
APP008344,CUST005756,2024-09-09,Other,20500,48,13.61,Online
APP008345,CUST000607,2024-12-16,Home Renovation,27500,60,18.33,Online
APP008346,CUST000517,2024-10-28,Car Purchase,24500,36,13.36,Broker
APP008347,CUST001109,2024-09-13,Debt Consolidation,47500,24,16.79,Online
APP008348,CUST004336,2024-03-09,Home Renovation,37500,60,14.16,Broker
APP008349,CUST005169,2023-04-13,Debt Consolidation,25500,12,21.68,Branch
APP008350,CUST000839,2024-04-03,Home Renovation,46000,36,14.33,Branch
APP008351,CUST001122,2023-11-09,Debt Consolidation,45500,36,15.63,Branch
APP008352,CUST005532,2023-03-18,Medical,24000,48,15.14,Online
APP008353,CUST003966,2023-02-04,Car Purchase,40500,36,17.82,Online
APP008354,CUST003342,2024-08-18,Debt Consolidation,30500,36,13.27,Online
APP008355,CUST001337,2024-06-07,Debt Consolidation,32500,36,8.45,Broker
APP008356,CUST001260,2023-08-11,Car Purchase,18000,36,11.17,Online
APP008357,CUST003281,2023-10-28,Car Purchase,43000,48,7.55,Branch
APP008358,CUST001862,2024-08-02,Debt Consolidation,5500,60,16.78,Branch
APP008359,CUST000645,2024-11-12,Home Renovation,16000,24,20.41,Branch
APP008360,CUST002229,2024-01-26,Debt Consolidation,39500,48,17.46,Online
APP008361,CUST000597,2024-11-17,Debt Consolidation,31500,48,9.28,Branch
APP008362,CUST002811,2024-05-29,Car Purchase,44000,12,8.06,Online
APP008363,CUST004537,2024-11-16,Car Purchase,23500,24,19.47,Broker
APP008364,CUST000468,2023-11-05,Wedding,8500,36,22.09,Broker
APP008365,CUST000965,2023-12-27,Travel,4500,36,8.66,Online
APP008366,CUST001638,2023-04-21,Home Renovation,15000,60,22.42,Online
APP008367,CUST002787,2023-01-27,Wedding,31000,60,17.91,Broker
APP008368,CUST002814,2023-09-24,Debt Consolidation,9500,36,19.43,Branch
APP008369,CUST000227,2024-12-06,Home Renovation,13000,24,16.93,Online
APP008370,CUST002809,2024-01-14,Car Purchase,28500,24,20.36,Online
APP008371,CUST001305,2024-08-02,Car Purchase,5000,60,21.81,Branch
APP008372,CUST005790,2024-02-07,Home Renovation,45500,36,7.58,Online
APP008373,CUST000514,2024-01-15,Home Renovation,9000,12,15.32,Online
APP008374,CUST000212,2024-05-21,Home Renovation,30000,48,21.96,Online
APP008375,CUST000770,2024-03-18,Car Purchase,46500,36,9.41,Online
APP008376,CUST003312,2023-08-23,Medical,2500,36,21.49,Broker
APP008377,CUST000431,2023-06-19,Debt Consolidation,17500,48,17.02,Online
APP008378,CUST005728,2024-02-05,Travel,32500,36,7.54,Broker
APP008379,CUST003259,2024-12-24,Car Purchase,28500,48,8.07,Online
APP008380,CUST000260,2024-02-02,Travel,44000,36,14.25,Branch
APP008381,CUST001755,2023-01-30,Car Purchase,21000,60,7.53,Online
APP008382,CUST002398,2024-07-12,Debt Consolidation,15000,36,8.71,Branch
APP008383,CUST004803,2023-09-04,Debt Consolidation,8500,24,21.64,Online
APP008384,CUST000046,2023-05-22,Debt Consolidation,32500,48,14.96,Online
APP008385,CUST000877,2024-01-02,Debt Consolidation,16500,24,13.9,Online
APP008386,CUST002918,2024-11-12,Debt Consolidation,34000,12,14.16,Online
APP008387,CUST001956,2023-12-25,Debt Consolidation,14000,12,8.38,Branch
APP008388,CUST001601,2024-05-06,Car Purchase,9500,24,20.4,Branch
APP008389,CUST002275,2023-11-27,Travel,18000,24,13.65,Broker
APP008390,CUST001740,2023-12-01,Car Purchase,49000,36,8.74,Online
APP008391,CUST005667,2024-04-25,Debt Consolidation,42500,60,8.38,Broker
APP008392,CUST003191,2024-09-18,Home Renovation,13000,24,16.36,Online
APP008393,CUST005358,2023-10-18,Debt Consolidation,36000,24,17.13,Broker
APP008394,CUST005221,2024-07-12,Travel,22500,24,8.56,Online
APP008395,CUST005857,2023-08-19,Travel,14500,60,10.34,Branch
APP008396,CUST000334,2023-06-09,Car Purchase,47000,48,17.54,Online
APP008397,CUST001531,2023-10-19,Car Purchase,26500,36,13.34,Online
APP008398,CUST000556,2024-12-22,Home Renovation,31500,36,8.65,Online
APP008399,CUST002049,2023-09-15,Debt Consolidation,21000,36,16.84,Online
APP008400,CUST000731,2024-01-21,Wedding,33500,36,8.3,Branch
APP008401,CUST004824,2024-05-26,Car Purchase,35000,36,16.32,Online
APP008402,CUST004034,2024-03-19,Medical,7500,36,9.51,Broker
APP008403,CUST001164,2024-06-24,Debt Consolidation,8000,48,12.96,Online
APP008404,CUST005019,2024-02-11,Debt Consolidation,43000,24,14.91,Branch
APP008405,CUST001300,2024-07-24,Debt Consolidation,37500,36,18.79,Online
APP008406,CUST004463,2024-12-16,Debt Consolidation,26000,24,15.76,Broker
APP008407,CUST004720,2023-11-07,Car Purchase,21000,60,7.7,Broker
APP008408,CUST002021,2023-06-24,Travel,10500,36,13.08,Online
APP008409,CUST003687,2023-07-03,Car Purchase,2500,36,13.61,Broker
APP008410,CUST001941,2024-06-05,Debt Consolidation,48500,24,17.75,Branch
APP008411,CUST004397,2023-03-13,Other,14000,60,7.74,Branch
APP008412,CUST003072,2024-03-13,Medical,50000,60,13.51,Online
APP008413,CUST005190,2024-11-26,Other,11000,24,21.27,Branch
APP008414,CUST003500,2024-12-10,Travel,8000,60,21.99,Online
APP008415,CUST001211,2024-07-26,Medical,3500,60,8.84,Branch
APP008416,CUST004254,2024-07-27,Debt Consolidation,36500,36,9.94,Online
APP008417,CUST001355,2024-09-17,Travel,22500,36,17.79,Broker
APP008418,CUST003329,2023-06-04,Travel,38500,48,14.61,Online
APP008419,CUST002131,2024-05-06,Car Purchase,11500,24,9.74,Broker
APP008420,CUST004110,2024-11-25,Travel,30500,60,20.67,Branch
APP008421,CUST005251,2023-09-29,Other,47500,36,9.6,Broker
APP008422,CUST003268,2024-11-12,Car Purchase,36000,12,8.22,Online
APP008423,CUST001236,2023-11-21,Debt Consolidation,47000,24,9.06,Branch
APP008424,CUST005255,2024-04-19,Car Purchase,11500,48,10.06,Branch
APP008425,CUST004204,2024-03-07,Other,17000,36,13.25,Branch
APP008426,CUST005891,2024-04-21,Medical,45500,12,22.19,Online
APP008427,CUST004727,2024-10-18,Wedding,20500,36,18.55,Online
APP008428,CUST002779,2023-11-17,Debt Consolidation,35500,48,17.75,Online
APP008429,CUST004261,2023-08-20,Home Renovation,6000,60,12.1,Branch
APP008430,CUST002909,2023-04-04,Home Renovation,24000,36,19.83,Online
APP008431,CUST004443,2024-07-20,Debt Consolidation,8500,12,19.93,Online
APP008432,CUST001049,2024-12-13,Home Renovation,29500,60,15.22,Broker
APP008433,CUST001960,2024-09-17,Debt Consolidation,24000,48,12.12,Online
APP008434,CUST001579,2024-06-19,Home Renovation,8000,24,11.05,Online
APP008435,CUST003699,2024-02-19,Debt Consolidation,5500,12,7.73,Branch
APP008436,CUST000350,2024-05-19,Debt Consolidation,29500,48,13.61,Online
APP008437,CUST005676,2024-08-07,Travel,35500,60,15.28,Online
APP008438,CUST001479,2023-05-29,Debt Consolidation,27500,24,17.97,Online
APP008439,CUST001821,2023-05-29,Wedding,31000,60,10.24,Broker
APP008440,CUST001242,2023-02-02,Car Purchase,11000,36,13.04,Broker
APP008441,CUST003931,2023-05-02,Wedding,47500,36,19.23,Branch
APP008442,CUST005366,2023-08-03,Car Purchase,35000,24,20.76,Online
APP008443,CUST000876,2023-07-26,Home Renovation,3000,36,16.59,Online
APP008444,CUST003721,2024-12-22,Debt Consolidation,29000,36,19.41,Online
APP008445,CUST005910,2023-01-27,Debt Consolidation,41500,48,7.59,Branch
APP008446,CUST001542,2024-05-17,Debt Consolidation,43500,24,14.85,Broker
APP008447,CUST005787,2023-03-18,Car Purchase,42500,60,10.0,Online
APP008448,CUST003706,2023-05-14,Debt Consolidation,45500,48,20.84,Broker
APP008449,CUST003702,2023-08-12,Travel,11000,48,13.49,Branch
APP008450,CUST003539,2023-07-26,Debt Consolidation,38000,36,18.5,Online
APP008451,CUST000820,2023-09-19,Car Purchase,23500,48,21.19,Online
APP008452,CUST003910,2023-12-17,Car Purchase,14500,60,9.68,Online
APP008453,CUST005626,2024-11-12,Home Renovation,41000,24,11.8,Branch
APP008454,CUST004017,2024-08-13,Debt Consolidation,40000,48,7.61,Branch
APP008455,CUST000209,2024-09-14,Debt Consolidation,22500,60,8.78,Broker
APP008456,CUST001885,2023-09-15,Car Purchase,20500,48,16.89,Broker
APP008457,CUST004503,2024-03-31,Debt Consolidation,25000,36,17.17,Broker
APP008458,CUST002129,2023-12-16,Home Renovation,45000,60,21.39,Online
APP008459,CUST003989,2023-11-22,Home Renovation,6000,36,19.39,Branch
APP008460,CUST000107,2024-09-20,Travel,23000,36,16.7,Online
APP008461,CUST002696,2023-08-21,Debt Consolidation,9500,12,8.21,Online
APP008462,CUST002486,2024-09-23,Debt Consolidation,2500,36,21.8,Broker
APP008463,CUST003086,2024-10-10,Debt Consolidation,8500,48,20.55,Online
APP008464,CUST005663,2023-06-08,Home Renovation,20000,60,11.67,Online
APP008465,CUST004787,2024-03-02,Travel,23000,60,11.52,Online
APP008466,CUST004030,2024-08-21,Debt Consolidation,25000,36,13.42,Branch
APP008467,CUST001426,2024-11-27,Debt Consolidation,17500,48,16.8,Branch
APP008468,CUST004606,2024-11-19,Car Purchase,40000,36,11.93,Branch
APP008469,CUST005551,2024-06-24,Home Renovation,6500,24,9.57,Online
APP008470,CUST001118,2023-07-14,Home Renovation,12000,48,12.34,Online
APP008471,CUST002130,2024-10-17,Travel,24000,36,12.08,Online
APP008472,CUST004057,2024-09-07,Debt Consolidation,5000,24,9.47,Online
APP008473,CUST000241,2024-07-13,Debt Consolidation,21500,48,9.04,Online
APP008474,CUST000165,2024-08-11,Home Renovation,44000,24,17.81,Broker
APP008475,CUST001497,2024-04-13,Debt Consolidation,33000,24,17.3,Branch
APP008476,CUST005406,2023-02-15,Car Purchase,17000,24,14.98,Online
APP008477,CUST003102,2024-09-06,Home Renovation,16500,36,19.5,Branch
APP008478,CUST002507,2023-04-06,Home Renovation,46500,48,10.4,Branch
APP008479,CUST000304,2023-11-24,Travel,22500,60,17.44,Branch
APP008480,CUST004775,2024-08-03,Travel,27000,60,20.14,Online
APP008481,CUST004891,2024-01-31,Car Purchase,25000,36,13.25,Online
APP008482,CUST000912,2023-04-19,Medical,20000,24,20.63,Online
APP008483,CUST005094,2023-06-20,Debt Consolidation,15000,36,16.18,Broker
APP008484,CUST002973,2023-12-02,Medical,12000,36,11.37,Online
APP008485,CUST004020,2023-09-18,Car Purchase,40000,36,19.72,Online
APP008486,CUST002762,2023-05-20,Debt Consolidation,11000,36,14.11,Broker
APP008487,CUST000606,2023-10-15,Car Purchase,22500,24,22.43,Online
APP008488,CUST001039,2023-11-14,Other,17500,24,11.42,Broker
APP008489,CUST000407,2024-08-19,Car Purchase,20000,36,13.91,Online
APP008490,CUST001072,2023-01-04,Debt Consolidation,14000,36,20.69,Broker
APP008491,CUST004210,2024-02-08,Car Purchase,10500,24,16.69,Broker
APP008492,CUST004622,2023-07-15,Home Renovation,42000,24,21.47,Online
APP008493,CUST004918,2024-08-01,Home Renovation,25000,36,10.28,Broker
APP008494,CUST004444,2023-08-14,Car Purchase,18000,60,9.56,Online
APP008495,CUST005062,2024-03-10,Travel,24000,60,8.07,Online
APP008496,CUST001453,2024-03-15,Other,32000,60,7.57,Online
APP008497,CUST002454,2023-08-06,Home Renovation,16500,24,16.82,Branch
APP008498,CUST005500,2024-10-13,Home Renovation,19000,24,16.39,Branch
APP008499,CUST005181,2023-12-11,Travel,26500,24,13.92,Branch
APP008500,CUST002988,2024-02-18,Home Renovation,42500,36,12.98,Online
APP008501,CUST002790,2023-10-17,Debt Consolidation,23500,24,10.15,Online
APP008502,CUST003670,2024-05-27,Other,44000,60,8.82,Online
APP008503,CUST000201,2023-12-25,Wedding,42000,36,18.18,Broker
APP008504,CUST000783,2024-07-25,Home Renovation,11000,24,12.85,Online
APP008505,CUST002761,2023-04-08,Car Purchase,43000,48,15.07,Broker
APP008506,CUST005226,2023-05-31,Home Renovation,26000,48,11.04,Online
APP008507,CUST004922,2023-02-04,Other,13000,60,14.9,Online
APP008508,CUST003714,2024-07-25,Home Renovation,38000,48,20.02,Online
APP008509,CUST005653,2023-10-17,Car Purchase,41500,24,8.43,Broker
APP008510,CUST000939,2024-01-31,Other,2000,36,8.04,Broker
APP008511,CUST003117,2024-05-28,Wedding,3500,60,22.07,Branch
APP008512,CUST003618,2024-01-31,Travel,12500,24,18.11,Branch
APP008513,CUST002421,2024-02-29,Home Renovation,38500,60,17.04,Broker
APP008514,CUST005191,2023-07-23,Debt Consolidation,33500,24,20.06,Online
APP008515,CUST000764,2024-07-20,Car Purchase,32000,48,17.45,Broker
APP008516,CUST002895,2024-10-29,Travel,27500,12,9.61,Online
APP008517,CUST001255,2023-09-17,Car Purchase,35000,36,16.76,Broker
APP008518,CUST004620,2024-09-19,Debt Consolidation,38000,36,7.58,Branch
APP008519,CUST001799,2024-07-26,Medical,33000,60,19.78,Broker
APP008520,CUST005189,2024-07-12,Car Purchase,5000,36,11.61,Branch
APP008521,CUST005231,2023-05-30,Car Purchase,43000,24,8.88,Branch
APP008522,CUST004967,2024-10-31,Home Renovation,43500,60,15.73,Broker
APP008523,CUST001270,2023-10-27,Debt Consolidation,13000,24,19.47,Online
APP008524,CUST004194,2023-10-28,Debt Consolidation,36500,60,22.18,Online
APP008525,CUST002841,2023-01-26,Debt Consolidation,33000,12,22.4,Branch
APP008526,CUST005442,2023-12-13,Debt Consolidation,10500,48,11.79,Broker
APP008527,CUST000713,2023-04-21,Travel,20500,60,11.22,Online
APP008528,CUST000674,2023-08-11,Home Renovation,14500,48,7.93,Online
APP008529,CUST004605,2023-04-14,Debt Consolidation,42500,48,18.08,Branch
APP008530,CUST000942,2023-06-13,Debt Consolidation,41000,48,8.65,Branch
APP008531,CUST000943,2023-11-12,Debt Consolidation,40500,36,11.09,Broker
APP008532,CUST004472,2023-05-02,Debt Consolidation,42000,36,7.55,Broker
APP008533,CUST003744,2024-07-17,Debt Consolidation,31500,24,21.91,Online
APP008534,CUST001917,2023-08-11,Car Purchase,16500,36,15.3,Online
APP008535,CUST003837,2024-05-06,Car Purchase,13500,36,12.2,Online
APP008536,CUST002429,2023-10-10,Debt Consolidation,40500,12,8.62,Broker
APP008537,CUST003375,2023-05-17,Debt Consolidation,18500,60,17.86,Online
APP008538,CUST001190,2024-06-17,Other,32500,60,8.58,Broker
APP008539,CUST004857,2023-09-20,Home Renovation,7000,24,16.24,Online
APP008540,CUST002954,2023-03-19,Home Renovation,23500,60,12.46,Online
APP008541,CUST002314,2024-10-19,Debt Consolidation,39000,24,7.71,Broker
APP008542,CUST005475,2023-05-09,Debt Consolidation,47000,60,17.54,Online
APP008543,CUST003625,2024-02-21,Debt Consolidation,28500,12,21.81,Branch
APP008544,CUST001253,2023-08-01,Home Renovation,17000,36,17.41,Broker
APP008545,CUST001910,2023-05-14,Debt Consolidation,48500,36,8.68,Online
APP008546,CUST002247,2024-11-20,Wedding,5000,48,15.49,Online
APP008547,CUST002675,2024-12-05,Home Renovation,11500,24,17.82,Online
APP008548,CUST003325,2023-03-26,Home Renovation,31000,60,21.27,Online
APP008549,CUST005834,2023-10-06,Debt Consolidation,31500,24,11.73,Broker
APP008550,CUST002603,2023-11-01,Car Purchase,26000,24,10.01,Branch
APP008551,CUST005798,2024-02-10,Wedding,28000,12,13.94,Online
APP008552,CUST000155,2024-05-18,Home Renovation,33500,36,20.11,Branch
APP008553,CUST002848,2023-01-24,Car Purchase,2000,36,10.62,Online
APP008554,CUST002675,2024-10-19,Debt Consolidation,17500,60,9.97,Online
APP008555,CUST005959,2023-07-05,Wedding,26500,48,7.52,Online
APP008556,CUST005808,2024-03-13,Car Purchase,37500,24,19.49,Online
APP008557,CUST003866,2023-12-05,Home Renovation,49000,24,19.18,Online
APP008558,CUST004054,2024-09-28,Home Renovation,23000,60,14.41,Branch
APP008559,CUST003642,2023-07-31,Car Purchase,17500,24,9.72,Online
APP008560,CUST002380,2024-05-19,Debt Consolidation,23500,60,8.53,Branch
APP008561,CUST004504,2024-03-28,Home Renovation,48000,24,14.47,Online
APP008562,CUST001528,2024-08-02,Home Renovation,27500,36,17.93,Online
APP008563,CUST005814,2024-06-24,Home Renovation,47500,24,14.34,Broker
APP008564,CUST000626,2023-09-27,Debt Consolidation,27000,48,20.07,Branch
APP008565,CUST000686,2024-01-17,Debt Consolidation,36000,12,7.53,Online
APP008566,CUST001466,2023-07-30,Car Purchase,44500,36,20.44,Online
APP008567,CUST002464,2024-04-16,Travel,17500,36,18.48,Broker
APP008568,CUST003472,2024-07-26,Debt Consolidation,18000,60,19.57,Broker
APP008569,CUST005210,2024-02-13,Wedding,4000,36,17.02,Broker
APP008570,CUST005057,2023-04-04,Debt Consolidation,15500,36,17.86,Online
APP008571,CUST004237,2024-10-09,Debt Consolidation,32500,12,15.29,Online
APP008572,CUST000870,2024-04-13,Medical,14500,12,10.7,Online
APP008573,CUST003078,2023-02-06,Travel,30000,36,18.44,Broker
APP008574,CUST003814,2023-09-29,Medical,42500,12,17.49,Branch
APP008575,CUST001932,2023-02-26,Wedding,19000,36,11.12,Online
APP008576,CUST000905,2024-12-25,Debt Consolidation,32000,24,10.88,Branch
APP008577,CUST005460,2023-07-24,Debt Consolidation,33500,48,13.29,Branch
APP008578,CUST001851,2024-04-06,Debt Consolidation,36000,36,10.36,Online
APP008579,CUST002023,2023-04-07,Debt Consolidation,45000,36,9.88,Online
APP008580,CUST001243,2024-07-31,Travel,34500,36,18.86,Broker
APP008581,CUST002627,2023-01-06,Car Purchase,41000,48,20.45,Broker
APP008582,CUST002712,2024-01-10,Travel,19000,60,13.72,Online
APP008583,CUST001295,2023-05-23,Debt Consolidation,44500,48,11.53,Branch
APP008584,CUST002786,2023-10-25,Car Purchase,34000,36,16.62,Online
APP008585,CUST004159,2023-12-05,Car Purchase,12000,36,7.7,Broker
APP008586,CUST005938,2024-12-27,Home Renovation,10500,48,14.84,Broker
APP008587,CUST000864,2024-02-19,Debt Consolidation,26000,36,19.68,Online
APP008588,CUST001557,2023-04-28,Travel,44000,48,12.61,Branch
APP008589,CUST002561,2023-10-13,Home Renovation,5000,12,19.96,Branch
APP008590,CUST002303,2024-03-20,Car Purchase,4500,24,13.49,Online
APP008591,CUST000737,2024-06-03,Debt Consolidation,47000,60,19.09,Branch
APP008592,CUST000779,2024-12-18,Travel,9000,12,21.68,Broker
APP008593,CUST003523,2024-10-03,Debt Consolidation,5500,36,7.85,Broker
APP008594,CUST005526,2023-11-20,Car Purchase,28000,36,16.12,Broker
APP008595,CUST005834,2024-12-22,Home Renovation,18500,36,19.42,Online
APP008596,CUST004716,2023-08-21,Car Purchase,20500,48,18.94,Branch
APP008597,CUST004184,2024-02-29,Car Purchase,44000,60,14.66,Branch
APP008598,CUST001415,2024-07-13,Car Purchase,9000,60,17.44,Online
APP008599,CUST005489,2023-04-24,Wedding,24500,36,20.52,Branch
APP008600,CUST004785,2024-06-12,Debt Consolidation,8000,60,17.87,Branch
APP008601,CUST004737,2023-01-10,Car Purchase,26500,24,22.01,Broker
APP008602,CUST005018,2023-12-03,Debt Consolidation,31500,60,16.09,Online
APP008603,CUST004369,2023-02-01,Debt Consolidation,10000,24,8.42,Online
APP008604,CUST004733,2023-04-19,Home Renovation,19500,48,22.44,Online
APP008605,CUST000522,2024-07-01,Debt Consolidation,49000,12,8.06,Broker
APP008606,CUST005698,2023-07-03,Travel,14500,24,17.05,Online
APP008607,CUST002848,2024-02-09,Car Purchase,31000,48,12.67,Broker
APP008608,CUST004112,2024-08-11,Debt Consolidation,6000,12,17.5,Branch
APP008609,CUST002416,2024-02-19,Medical,38500,12,16.96,Branch
APP008610,CUST004890,2024-12-20,Car Purchase,29500,24,10.24,Online
APP008611,CUST004456,2024-08-21,Travel,4000,48,8.72,Online
APP008612,CUST000231,2023-06-11,Medical,29500,48,11.5,Online
APP008613,CUST005962,2023-07-31,Home Renovation,31000,24,12.2,Online
APP008614,CUST004708,2023-07-30,Other,11000,36,12.0,Online
APP008615,CUST003465,2023-10-23,Debt Consolidation,38000,24,13.58,Online
APP008616,CUST002565,2024-07-27,Wedding,20000,36,18.33,Broker
APP008617,CUST000519,2023-01-24,Debt Consolidation,26500,36,12.81,Online
APP008618,CUST000484,2023-03-02,Home Renovation,23000,24,15.33,Branch
APP008619,CUST002113,2023-06-18,Home Renovation,35500,60,14.98,Broker
APP008620,CUST002267,2024-04-26,Car Purchase,40000,24,13.8,Online
APP008621,CUST003852,2023-05-27,Home Renovation,23500,48,14.39,Online
APP008622,CUST005328,2024-09-03,Car Purchase,3500,36,21.47,Branch
APP008623,CUST004272,2023-07-11,Home Renovation,22000,36,22.01,Online
APP008624,CUST003865,2023-01-14,Medical,38000,48,8.62,Online
APP008625,CUST005005,2024-05-08,Car Purchase,14000,36,17.31,Online
APP008626,CUST005545,2024-04-10,Car Purchase,4000,36,11.89,Broker
APP008627,CUST001034,2023-11-17,Debt Consolidation,16000,12,13.18,Online
APP008628,CUST000766,2023-02-04,Home Renovation,2500,60,16.37,Branch
APP008629,CUST003361,2024-03-05,Wedding,42500,12,17.43,Online
APP008630,CUST005027,2024-08-10,Home Renovation,3000,24,19.53,Broker
APP008631,CUST000988,2024-05-27,Debt Consolidation,17000,36,18.79,Online
APP008632,CUST000016,2023-07-04,Home Renovation,17000,36,17.97,Branch
APP008633,CUST001571,2023-04-21,Home Renovation,35500,60,9.91,Branch
APP008634,CUST005222,2023-09-09,Car Purchase,32000,48,11.85,Branch
APP008635,CUST004428,2024-11-08,Car Purchase,46000,24,18.28,Branch
APP008636,CUST000079,2024-02-27,Debt Consolidation,11500,36,11.4,Broker
APP008637,CUST003089,2024-01-19,Car Purchase,4000,24,16.96,Online
APP008638,CUST001819,2023-05-03,Car Purchase,15000,36,22.37,Branch
APP008639,CUST001045,2023-10-21,Debt Consolidation,16000,48,18.96,Online
APP008640,CUST005137,2024-04-22,Travel,3000,36,11.09,Online
APP008641,CUST001612,2023-12-27,Home Renovation,40500,36,18.78,Online
APP008642,CUST000432,2023-10-21,Wedding,11500,48,10.85,Broker
APP008643,CUST002604,2024-01-04,Debt Consolidation,26500,36,18.13,Online
APP008644,CUST005540,2024-10-04,Travel,8500,36,15.51,Broker
APP008645,CUST002076,2024-02-12,Car Purchase,32000,24,16.88,Online
APP008646,CUST005145,2024-02-06,Car Purchase,2500,48,12.79,Online
APP008647,CUST000613,2023-06-13,Debt Consolidation,21500,24,19.72,Branch
APP008648,CUST005938,2024-05-08,Home Renovation,18000,36,15.0,Online
APP008649,CUST004351,2023-04-15,Debt Consolidation,26000,60,17.52,Broker
APP008650,CUST000272,2024-05-15,Debt Consolidation,9500,48,11.19,Online
APP008651,CUST003708,2024-07-08,Other,33500,12,20.03,Branch
APP008652,CUST004658,2023-01-08,Car Purchase,11500,36,19.14,Branch
APP008653,CUST004432,2023-08-06,Debt Consolidation,42500,12,20.22,Online
APP008654,CUST000758,2023-09-28,Car Purchase,40500,60,20.59,Broker
APP008655,CUST004304,2023-03-25,Debt Consolidation,24500,36,19.76,Broker
APP008656,CUST004131,2024-12-08,Car Purchase,23000,12,11.81,Online
APP008657,CUST000114,2024-11-03,Medical,42500,36,17.87,Branch
APP008658,CUST005152,2023-08-23,Debt Consolidation,18500,48,9.45,Branch
APP008659,CUST005017,2023-03-04,Travel,40500,48,14.79,Online
APP008660,CUST001963,2024-03-19,Other,33000,36,11.02,Broker
APP008661,CUST003066,2024-02-17,Travel,31000,60,12.64,Online
APP008662,CUST003949,2024-08-11,Debt Consolidation,47000,48,21.95,Online
APP008663,CUST000834,2024-03-22,Debt Consolidation,38000,60,7.84,Online
APP008664,CUST005983,2024-01-30,Debt Consolidation,14500,48,16.96,Online
APP008665,CUST000929,2023-10-10,Car Purchase,45500,12,15.16,Online
APP008666,CUST005423,2023-04-20,Debt Consolidation,11000,60,12.82,Online
APP008667,CUST005238,2024-03-22,Home Renovation,38500,36,17.87,Online
APP008668,CUST002083,2023-08-03,Debt Consolidation,38500,48,11.62,Online
APP008669,CUST002916,2024-09-21,Home Renovation,38000,48,8.63,Online
APP008670,CUST001344,2023-04-22,Debt Consolidation,6000,60,8.46,Broker
APP008671,CUST004314,2023-10-11,Travel,17500,36,9.35,Online
APP008672,CUST005388,2024-04-15,Travel,12500,24,19.73,Branch
APP008673,CUST005813,2024-08-30,Debt Consolidation,44500,48,14.37,Online
APP008674,CUST002092,2024-02-12,Debt Consolidation,15500,24,11.45,Branch
APP008675,CUST001198,2023-10-15,Medical,17000,24,16.56,Online
APP008676,CUST003851,2024-12-26,Debt Consolidation,49500,48,8.75,Online
APP008677,CUST000198,2023-09-09,Debt Consolidation,23500,36,14.91,Online
APP008678,CUST000857,2023-06-16,Debt Consolidation,33500,36,21.57,Branch
APP008679,CUST004398,2023-05-24,Medical,35500,24,13.73,Online
APP008680,CUST001979,2024-07-02,Wedding,8000,60,10.4,Broker
APP008681,CUST003171,2023-09-17,Car Purchase,16000,48,19.6,Online
APP008682,CUST004501,2024-09-24,Travel,21000,24,21.22,Broker
APP008683,CUST000994,2024-08-09,Wedding,5500,36,15.0,Online
APP008684,CUST000846,2023-09-30,Car Purchase,45500,36,16.86,Broker
APP008685,CUST001748,2023-01-03,Home Renovation,36000,36,20.43,Branch
APP008686,CUST005508,2023-10-11,Travel,20000,36,11.75,Online
APP008687,CUST004966,2023-08-04,Debt Consolidation,13000,60,22.5,Broker
APP008688,CUST001568,2023-04-07,Car Purchase,31500,12,8.56,Broker
APP008689,CUST000346,2024-02-09,Wedding,23500,48,12.18,Broker
APP008690,CUST000156,2023-01-09,Debt Consolidation,22000,36,14.02,Online
APP008691,CUST005562,2024-01-16,Debt Consolidation,19000,12,9.76,Online
APP008692,CUST005033,2024-05-01,Debt Consolidation,25000,24,16.66,Online
APP008693,CUST003811,2023-04-10,Wedding,47500,48,17.01,Branch
APP008694,CUST005921,2024-03-04,Debt Consolidation,22000,60,13.95,Online
APP008695,CUST000142,2024-08-16,Car Purchase,31000,24,15.76,Online
APP008696,CUST000104,2023-01-11,Car Purchase,15000,36,18.8,Broker
APP008697,CUST001239,2023-09-02,Debt Consolidation,2500,36,14.2,Online
APP008698,CUST004050,2024-07-31,Wedding,50000,24,15.72,Branch
APP008699,CUST004204,2024-07-21,Wedding,10500,24,9.67,Branch
APP008700,CUST003532,2024-10-12,Home Renovation,26500,60,15.31,Online
APP008701,CUST003876,2023-05-03,Home Renovation,42500,60,18.86,Broker
APP008702,CUST001253,2023-11-30,Other,29500,48,16.88,Online
APP008703,CUST004723,2024-08-16,Debt Consolidation,50000,36,22.0,Online
APP008704,CUST000208,2024-06-28,Debt Consolidation,2500,48,13.34,Online
APP008705,CUST004823,2024-05-10,Medical,13000,48,7.87,Online
APP008706,CUST005641,2024-05-20,Wedding,49000,36,12.74,Broker
APP008707,CUST003691,2023-06-08,Home Renovation,16500,36,15.46,Branch
APP008708,CUST001763,2023-04-08,Car Purchase,31500,60,9.82,Online
APP008709,CUST005853,2023-06-15,Debt Consolidation,4500,48,19.21,Branch
APP008710,CUST000718,2024-05-26,Home Renovation,24000,24,18.71,Online
APP008711,CUST003909,2024-05-16,Wedding,47500,24,7.83,Branch
APP008712,CUST001429,2024-07-04,Car Purchase,28000,36,17.43,Branch
APP008713,CUST004277,2024-02-27,Debt Consolidation,18000,48,18.25,Online
APP008714,CUST000641,2024-02-25,Car Purchase,29500,24,10.17,Broker
APP008715,CUST001823,2024-01-16,Debt Consolidation,11000,60,10.29,Broker
APP008716,CUST005805,2024-03-05,Debt Consolidation,13000,60,12.75,Online
APP008717,CUST003049,2024-12-29,Travel,3500,48,21.72,Broker
APP008718,CUST003228,2023-12-18,Car Purchase,23000,36,10.37,Online
APP008719,CUST001920,2024-01-10,Debt Consolidation,22000,48,11.85,Broker
APP008720,CUST001411,2023-09-09,Medical,22000,60,17.8,Online
APP008721,CUST000471,2023-04-26,Car Purchase,22000,36,19.31,Online
APP008722,CUST005800,2024-06-12,Car Purchase,35500,36,9.33,Branch
APP008723,CUST004100,2023-01-13,Debt Consolidation,9500,36,8.38,Branch
APP008724,CUST002252,2024-08-12,Car Purchase,49000,36,10.04,Branch
APP008725,CUST001402,2024-04-09,Wedding,26000,48,20.14,Online
APP008726,CUST004679,2023-05-09,Medical,12000,36,13.9,Online
APP008727,CUST004700,2023-01-08,Debt Consolidation,2500,36,14.1,Broker
APP008728,CUST001498,2023-06-11,Home Renovation,34000,36,8.61,Online
APP008729,CUST003463,2023-04-06,Debt Consolidation,7500,12,19.81,Branch
APP008730,CUST001721,2024-04-05,Wedding,3500,36,8.35,Online
APP008731,CUST000579,2023-07-10,Car Purchase,36000,24,8.94,Online
APP008732,CUST005005,2024-10-11,Home Renovation,18500,36,10.68,Broker
APP008733,CUST002484,2023-10-20,Car Purchase,4000,24,16.75,Branch
APP008734,CUST002111,2023-01-13,Travel,39000,12,18.98,Branch
APP008735,CUST002601,2024-04-17,Debt Consolidation,36000,36,19.04,Branch
APP008736,CUST000743,2023-09-12,Car Purchase,42000,48,14.62,Broker
APP008737,CUST005783,2024-03-28,Debt Consolidation,29500,24,14.78,Online
APP008738,CUST004271,2024-12-29,Debt Consolidation,31000,12,9.54,Online
APP008739,CUST003905,2024-04-10,Wedding,10500,12,19.08,Broker
APP008740,CUST005023,2023-08-08,Travel,7500,12,13.31,Broker
APP008741,CUST002031,2024-12-01,Other,38000,60,10.41,Broker
APP008742,CUST005860,2023-09-07,Wedding,40000,24,7.95,Broker
APP008743,CUST003108,2024-12-04,Car Purchase,24500,36,13.07,Branch
APP008744,CUST004261,2023-01-17,Wedding,32000,24,9.73,Online
APP008745,CUST005024,2024-07-25,Home Renovation,6000,48,20.95,Broker
APP008746,CUST002229,2023-05-05,Car Purchase,9000,36,9.58,Online
APP008747,CUST005532,2024-01-08,Car Purchase,24500,24,16.62,Online
APP008748,CUST003265,2023-07-09,Car Purchase,35500,24,19.77,Online
APP008749,CUST004399,2024-08-29,Travel,24500,36,13.52,Online
APP008750,CUST001735,2023-11-28,Debt Consolidation,33000,36,14.07,Online
APP008751,CUST004944,2024-04-29,Travel,12000,24,9.92,Branch
APP008752,CUST005024,2023-12-05,Debt Consolidation,39000,48,7.55,Online
APP008753,CUST002456,2024-04-03,Debt Consolidation,41500,24,9.73,Branch
APP008754,CUST004110,2024-06-02,Travel,27500,60,8.41,Online
APP008755,CUST001455,2024-12-05,Other,34500,48,8.22,Online
APP008756,CUST002127,2023-01-19,Wedding,25000,36,21.29,Online
APP008757,CUST003956,2024-11-01,Debt Consolidation,15000,36,21.3,Broker
APP008758,CUST000001,2024-09-24,Home Renovation,11000,36,10.54,Online
APP008759,CUST005084,2024-02-17,Car Purchase,5500,24,12.34,Online
APP008760,CUST000647,2024-07-09,Car Purchase,35000,12,9.97,Branch
APP008761,CUST002543,2024-11-11,Travel,30500,36,18.55,Branch
APP008762,CUST001869,2023-10-16,Car Purchase,23500,36,8.64,Online
APP008763,CUST003187,2024-10-23,Home Renovation,14000,36,14.65,Broker
APP008764,CUST002624,2023-10-23,Debt Consolidation,31500,12,17.21,Broker
APP008765,CUST003346,2023-09-14,Other,47500,24,19.37,Online
APP008766,CUST005567,2023-04-25,Wedding,35500,36,13.18,Branch
APP008767,CUST000708,2024-02-04,Debt Consolidation,20500,24,21.47,Online
APP008768,CUST005426,2023-03-11,Debt Consolidation,17000,36,18.95,Online
APP008769,CUST003396,2023-09-14,Debt Consolidation,30500,48,12.46,Broker
APP008770,CUST000603,2024-01-23,Other,18000,24,14.36,Online
APP008771,CUST002832,2023-05-07,Debt Consolidation,24000,36,21.41,Online
APP008772,CUST004494,2024-07-03,Other,26500,24,7.84,Online
APP008773,CUST003662,2024-03-26,Travel,30500,24,10.04,Online
APP008774,CUST004845,2024-05-23,Travel,7000,24,13.55,Broker
APP008775,CUST003384,2024-07-02,Debt Consolidation,32500,48,16.67,Online
APP008776,CUST004110,2023-12-05,Other,41000,24,14.86,Online
APP008777,CUST005290,2023-02-09,Wedding,5000,60,14.09,Broker
APP008778,CUST002157,2024-07-06,Debt Consolidation,28500,60,16.49,Online
APP008779,CUST003910,2023-10-30,Travel,18000,48,21.16,Online
APP008780,CUST005950,2023-03-26,Debt Consolidation,18500,60,20.73,Broker
APP008781,CUST002091,2024-04-05,Travel,22500,12,13.03,Branch
APP008782,CUST002873,2023-12-11,Car Purchase,14500,24,22.04,Branch
APP008783,CUST002406,2023-11-14,Medical,27000,48,12.95,Branch
APP008784,CUST004571,2024-04-25,Debt Consolidation,25500,12,8.45,Online
APP008785,CUST001099,2023-10-18,Home Renovation,23000,24,17.67,Online
APP008786,CUST001951,2023-05-30,Home Renovation,10000,48,11.49,Broker
APP008787,CUST003379,2023-05-30,Car Purchase,20500,24,21.13,Branch
APP008788,CUST003825,2024-03-05,Debt Consolidation,3500,48,12.65,Branch
APP008789,CUST002553,2023-02-26,Car Purchase,6000,60,21.84,Online
APP008790,CUST002883,2024-05-30,Car Purchase,39500,48,10.81,Branch
APP008791,CUST004993,2023-09-08,Car Purchase,4500,24,7.95,Branch
APP008792,CUST005804,2024-04-09,Home Renovation,36000,48,16.76,Branch
APP008793,CUST002011,2023-01-20,Debt Consolidation,49500,36,8.27,Broker
APP008794,CUST000494,2023-07-20,Home Renovation,40500,48,18.65,Branch
APP008795,CUST001852,2023-01-15,Debt Consolidation,50000,24,9.36,Online
APP008796,CUST005379,2024-05-10,Home Renovation,18000,24,10.85,Online
APP008797,CUST004944,2023-07-04,Travel,28000,12,12.33,Online
APP008798,CUST002159,2024-12-16,Other,46000,36,7.79,Online
APP008799,CUST005942,2024-06-19,Car Purchase,2500,24,8.09,Online
APP008800,CUST005634,2024-05-18,Debt Consolidation,35500,24,8.67,Online
APP008801,CUST004637,2024-01-24,Wedding,7000,24,21.38,Branch
APP008802,CUST002295,2023-04-06,Home Renovation,3000,36,19.64,Broker
APP008803,CUST004842,2023-02-15,Debt Consolidation,24500,48,8.47,Broker
APP008804,CUST003387,2024-05-27,Debt Consolidation,45500,36,8.99,Online
APP008805,CUST001419,2024-05-05,Home Renovation,31500,48,21.94,Online
APP008806,CUST003827,2023-12-14,Other,41000,48,12.87,Broker
APP008807,CUST005600,2023-08-12,Travel,26500,24,11.71,Broker
APP008808,CUST005144,2023-03-29,Other,22500,60,12.31,Broker
APP008809,CUST003923,2024-05-13,Car Purchase,7000,36,15.32,Broker
APP008810,CUST005792,2023-12-08,Home Renovation,36000,36,21.07,Online
APP008811,CUST002890,2023-01-03,Debt Consolidation,27500,24,13.3,Online
APP008812,CUST004790,2024-02-06,Travel,4000,36,15.23,Online
APP008813,CUST000241,2023-06-08,Debt Consolidation,14500,36,9.85,Online
APP008814,CUST004792,2023-11-04,Medical,12000,60,19.89,Branch
APP008815,CUST005472,2024-12-28,Car Purchase,39000,36,9.77,Branch
APP008816,CUST002903,2024-01-15,Wedding,35000,36,14.81,Broker
APP008817,CUST002401,2023-10-18,Car Purchase,44500,36,12.9,Online
APP008818,CUST000094,2023-10-06,Home Renovation,29500,24,14.02,Broker
APP008819,CUST003399,2023-12-30,Car Purchase,25000,48,11.51,Branch
APP008820,CUST001744,2024-04-12,Debt Consolidation,45500,48,17.61,Branch
APP008821,CUST004011,2024-04-29,Debt Consolidation,15000,48,22.05,Broker
APP008822,CUST004149,2023-10-03,Travel,16500,36,8.74,Branch
APP008823,CUST004466,2024-07-22,Travel,16000,60,11.28,Online
APP008824,CUST003969,2023-09-24,Debt Consolidation,38500,36,18.32,Online
APP008825,CUST002658,2024-10-20,Travel,20000,36,10.63,Branch
APP008826,CUST001469,2024-04-15,Home Renovation,3000,24,17.39,Branch
APP008827,CUST002678,2023-12-30,Travel,21000,24,8.29,Branch
APP008828,CUST003362,2024-06-09,Car Purchase,8500,24,14.79,Branch
APP008829,CUST005949,2023-02-07,Home Renovation,33500,24,10.41,Online
APP008830,CUST002406,2024-12-14,Car Purchase,19500,36,14.76,Online
APP008831,CUST002109,2024-08-15,Car Purchase,24500,36,12.53,Online
APP008832,CUST001276,2023-05-20,Car Purchase,4500,36,8.23,Online
APP008833,CUST004856,2023-11-19,Home Renovation,7000,60,13.43,Branch
APP008834,CUST004872,2024-07-20,Home Renovation,44000,24,15.45,Online
APP008835,CUST004662,2023-02-13,Travel,34000,36,17.1,Online
APP008836,CUST005301,2024-10-28,Travel,32000,48,13.55,Broker
APP008837,CUST001070,2023-01-31,Home Renovation,35500,48,13.65,Branch
APP008838,CUST001142,2023-07-02,Debt Consolidation,47000,36,15.13,Online
APP008839,CUST001567,2023-01-27,Other,36000,12,22.18,Branch
APP008840,CUST002527,2023-10-11,Wedding,23500,24,13.55,Online
APP008841,CUST000916,2023-05-02,Car Purchase,7500,60,9.1,Broker
APP008842,CUST004374,2023-01-29,Debt Consolidation,44000,24,20.69,Online
APP008843,CUST005433,2024-12-18,Debt Consolidation,42500,36,9.15,Broker
APP008844,CUST004537,2023-11-20,Home Renovation,48000,60,17.95,Broker
APP008845,CUST005274,2024-02-09,Travel,44500,24,13.02,Online
APP008846,CUST003857,2024-10-15,Car Purchase,13000,36,11.06,Online
APP008847,CUST002905,2023-07-09,Home Renovation,36500,24,9.54,Online
APP008848,CUST005989,2024-06-08,Debt Consolidation,43500,24,17.04,Branch
APP008849,CUST005955,2023-12-10,Home Renovation,2500,36,7.7,Branch
APP008850,CUST001816,2023-04-08,Car Purchase,8000,12,12.57,Online
APP008851,CUST005657,2024-04-20,Debt Consolidation,23500,36,16.89,Online
APP008852,CUST002930,2023-08-29,Debt Consolidation,36000,36,21.18,Branch
APP008853,CUST001802,2024-06-01,Other,7000,60,17.82,Branch
APP008854,CUST002852,2024-01-09,Medical,43000,12,11.76,Broker
APP008855,CUST003818,2023-04-19,Car Purchase,16500,36,9.66,Branch
APP008856,CUST003794,2024-10-23,Travel,33500,24,11.27,Online
APP008857,CUST001661,2024-06-06,Home Renovation,40000,12,17.09,Branch
APP008858,CUST005521,2024-12-31,Travel,41500,24,18.41,Online
APP008859,CUST001619,2023-02-05,Home Renovation,15000,36,11.28,Online
APP008860,CUST000594,2023-06-16,Wedding,5500,36,22.12,Online
APP008861,CUST002071,2023-03-10,Debt Consolidation,36000,36,9.84,Branch
APP008862,CUST000648,2023-11-12,Home Renovation,41500,24,13.69,Online
APP008863,CUST001330,2023-07-03,Home Renovation,12000,36,20.27,Online
APP008864,CUST001424,2024-07-31,Medical,31500,36,18.77,Branch
APP008865,CUST005931,2024-10-16,Debt Consolidation,36500,24,11.12,Branch
APP008866,CUST000881,2024-06-16,Other,19000,60,15.48,Broker
APP008867,CUST001235,2023-05-03,Medical,13500,24,10.45,Online
APP008868,CUST001618,2024-01-14,Car Purchase,47000,24,17.48,Broker
APP008869,CUST002144,2024-11-09,Wedding,32500,24,14.81,Branch
APP008870,CUST005678,2024-10-09,Car Purchase,19000,24,9.35,Online
APP008871,CUST001457,2023-09-12,Home Renovation,7500,24,22.02,Online
APP008872,CUST005480,2023-07-07,Car Purchase,43000,60,21.0,Online
APP008873,CUST002831,2024-01-29,Car Purchase,5000,36,16.42,Broker
APP008874,CUST001073,2023-03-31,Other,9000,36,16.51,Branch
APP008875,CUST003733,2023-12-21,Debt Consolidation,21000,48,13.38,Branch
APP008876,CUST001079,2024-04-11,Travel,40000,60,17.82,Branch
APP008877,CUST004947,2024-06-21,Medical,36000,48,19.59,Online
APP008878,CUST004619,2023-01-20,Other,44500,48,14.1,Broker
APP008879,CUST005503,2024-06-08,Medical,9500,36,16.78,Branch
APP008880,CUST005496,2023-07-14,Wedding,29500,48,8.14,Branch
APP008881,CUST005194,2024-03-31,Debt Consolidation,24000,60,14.19,Online
APP008882,CUST004915,2024-06-20,Debt Consolidation,33000,24,17.41,Branch
APP008883,CUST005797,2023-01-01,Debt Consolidation,12500,24,18.36,Broker
APP008884,CUST001969,2023-08-26,Car Purchase,2000,36,17.86,Online
APP008885,CUST000088,2023-10-21,Car Purchase,19000,36,18.1,Broker
APP008886,CUST005875,2024-10-11,Travel,32000,60,19.93,Online
APP008887,CUST004452,2023-12-01,Car Purchase,23000,24,19.48,Online
APP008888,CUST001089,2023-11-19,Debt Consolidation,28500,24,9.33,Online
APP008889,CUST005393,2023-05-09,Car Purchase,39500,36,18.02,Broker
APP008890,CUST002239,2023-05-24,Home Renovation,7000,24,12.65,Online
APP008891,CUST000654,2023-05-13,Debt Consolidation,23000,36,13.97,Branch
APP008892,CUST003110,2024-10-17,Medical,25500,24,20.15,Branch
APP008893,CUST001398,2024-02-05,Travel,35500,36,8.18,Online
APP008894,CUST004761,2023-10-10,Travel,48500,48,8.65,Broker
APP008895,CUST002428,2023-07-19,Car Purchase,39500,24,12.44,Branch
APP008896,CUST002085,2023-02-12,Car Purchase,4000,36,19.83,Broker
APP008897,CUST000739,2024-08-19,Wedding,39500,24,12.49,Branch
APP008898,CUST003000,2023-06-02,Debt Consolidation,12500,36,17.46,Online
APP008899,CUST005372,2023-12-07,Debt Consolidation,36500,36,22.36,Online
APP008900,CUST003951,2023-12-20,Travel,17500,36,10.59,Online
APP008901,CUST003207,2023-12-01,Debt Consolidation,46500,48,13.92,Broker
APP008902,CUST004107,2024-01-03,Debt Consolidation,6500,36,20.25,Online
APP008903,CUST004430,2023-04-06,Car Purchase,27500,48,21.44,Online
APP008904,CUST002467,2023-09-10,Home Renovation,39500,24,14.17,Online
APP008905,CUST000881,2023-06-09,Travel,7500,36,9.17,Online
APP008906,CUST005540,2023-01-01,Debt Consolidation,11000,12,20.55,Broker
APP008907,CUST002356,2024-03-09,Debt Consolidation,27500,48,18.77,Broker
APP008908,CUST004677,2023-01-29,Wedding,41500,12,11.01,Online
APP008909,CUST004266,2024-06-15,Medical,45000,36,20.49,Online
APP008910,CUST005703,2023-03-05,Home Renovation,3500,48,8.53,Broker
APP008911,CUST003221,2024-10-27,Home Renovation,38000,60,8.53,Online
APP008912,CUST005621,2024-11-18,Wedding,13500,24,14.74,Broker
APP008913,CUST001537,2023-07-27,Debt Consolidation,37000,24,17.65,Online
APP008914,CUST003979,2023-05-17,Wedding,19000,36,13.42,Online
APP008915,CUST004618,2023-01-09,Home Renovation,32000,48,9.15,Online
APP008916,CUST005037,2023-02-03,Other,12500,24,8.87,Online
APP008917,CUST000440,2024-02-07,Debt Consolidation,20000,36,15.72,Broker
APP008918,CUST002047,2023-12-17,Car Purchase,15000,48,14.63,Branch
APP008919,CUST002195,2024-08-29,Debt Consolidation,6000,60,18.04,Broker
APP008920,CUST000886,2023-11-13,Home Renovation,3500,24,22.0,Branch
APP008921,CUST000298,2024-05-29,Car Purchase,30000,24,12.79,Online
APP008922,CUST002857,2023-08-27,Car Purchase,48000,36,21.95,Branch
APP008923,CUST000894,2024-10-08,Debt Consolidation,32000,36,13.17,Online
APP008924,CUST000660,2024-04-16,Car Purchase,22500,48,10.95,Online
APP008925,CUST000124,2023-05-29,Car Purchase,40000,36,16.1,Broker
APP008926,CUST003483,2024-01-12,Home Renovation,2500,60,20.56,Online
APP008927,CUST003852,2024-08-01,Car Purchase,21000,48,15.65,Online
APP008928,CUST000248,2023-01-16,Home Renovation,9000,36,19.53,Broker
APP008929,CUST001486,2024-05-26,Car Purchase,29000,36,12.52,Broker
APP008930,CUST001406,2023-12-05,Travel,19500,48,9.62,Online
APP008931,CUST001130,2023-08-24,Car Purchase,6500,48,20.38,Branch
APP008932,CUST002930,2024-07-22,Home Renovation,35000,48,15.18,Online
APP008933,CUST004774,2023-04-30,Debt Consolidation,14000,36,14.51,Online
APP008934,CUST001474,2024-09-18,Other,9000,24,10.19,Branch
APP008935,CUST002528,2023-04-09,Wedding,8500,36,19.63,Online
APP008936,CUST000469,2023-10-08,Car Purchase,47500,36,9.24,Online
APP008937,CUST002827,2024-04-29,Home Renovation,49500,36,12.16,Online
APP008938,CUST005022,2023-11-19,Car Purchase,36000,24,19.52,Broker
APP008939,CUST001919,2024-08-28,Car Purchase,12500,12,21.29,Online
APP008940,CUST000339,2024-12-03,Debt Consolidation,20500,60,11.94,Online
APP008941,CUST003698,2023-03-12,Travel,16500,12,9.74,Broker
APP008942,CUST003834,2023-05-26,Car Purchase,12000,36,8.34,Branch
APP008943,CUST004451,2023-04-06,Home Renovation,12500,24,16.22,Broker
APP008944,CUST005188,2023-04-08,Home Renovation,10000,60,20.1,Broker
APP008945,CUST002053,2024-04-19,Home Renovation,49000,12,17.14,Broker
APP008946,CUST000246,2023-12-16,Travel,12500,24,18.51,Online
APP008947,CUST005796,2023-06-19,Travel,9500,36,14.67,Broker
APP008948,CUST000987,2023-01-08,Debt Consolidation,24000,24,20.94,Branch
APP008949,CUST000647,2024-04-09,Travel,26500,36,20.32,Online
APP008950,CUST000444,2024-11-24,Medical,9500,24,21.98,Broker
APP008951,CUST005304,2023-11-10,Debt Consolidation,18000,24,10.8,Online
APP008952,CUST000287,2023-10-31,Debt Consolidation,38500,24,16.14,Broker
APP008953,CUST004308,2024-05-02,Debt Consolidation,47000,60,11.77,Branch
APP008954,CUST003609,2024-12-15,Debt Consolidation,48000,24,14.66,Online
APP008955,CUST005116,2024-03-20,Home Renovation,36500,12,8.69,Branch
APP008956,CUST000849,2024-06-06,Travel,32000,12,16.7,Broker
APP008957,CUST001509,2024-12-28,Debt Consolidation,46000,24,10.14,Online
APP008958,CUST000335,2024-05-04,Home Renovation,33500,36,21.3,Online
APP008959,CUST000887,2024-04-04,Car Purchase,30000,60,8.92,Online
APP008960,CUST004042,2024-07-24,Home Renovation,5500,36,12.24,Branch
APP008961,CUST005794,2024-03-14,Other,22500,12,20.01,Online
APP008962,CUST004268,2024-01-19,Debt Consolidation,21000,36,10.71,Branch
APP008963,CUST000875,2024-10-15,Car Purchase,33500,36,20.74,Online
APP008964,CUST002567,2023-03-16,Home Renovation,24500,12,9.75,Online
APP008965,CUST003687,2024-03-10,Car Purchase,31000,36,16.69,Online
APP008966,CUST001331,2024-06-25,Travel,45500,60,22.46,Branch
APP008967,CUST002201,2023-03-03,Debt Consolidation,43500,12,21.61,Broker
APP008968,CUST004583,2023-03-02,Home Renovation,30000,12,12.3,Broker
APP008969,CUST001774,2023-03-19,Car Purchase,21000,12,22.07,Online
APP008970,CUST002028,2023-11-06,Car Purchase,32500,24,20.18,Online
APP008971,CUST003754,2024-12-23,Car Purchase,30000,12,10.73,Branch
APP008972,CUST004507,2023-07-03,Debt Consolidation,45000,24,21.05,Branch
APP008973,CUST001445,2024-11-05,Home Renovation,2500,36,9.99,Broker
APP008974,CUST004596,2024-01-09,Travel,40000,36,9.27,Broker
APP008975,CUST000568,2024-05-28,Debt Consolidation,12500,24,15.37,Online
APP008976,CUST001698,2023-06-01,Debt Consolidation,20500,60,21.74,Online
APP008977,CUST004765,2024-03-21,Car Purchase,6500,12,7.95,Online
APP008978,CUST005808,2024-06-29,Debt Consolidation,41000,36,8.37,Online
APP008979,CUST003144,2023-10-20,Car Purchase,18000,60,20.87,Broker
APP008980,CUST001101,2024-07-24,Travel,5000,36,14.75,Online
APP008981,CUST000046,2023-10-05,Medical,4500,48,19.67,Branch
APP008982,CUST002853,2023-01-02,Travel,22000,36,14.32,Online
APP008983,CUST002807,2023-08-02,Home Renovation,46000,36,9.12,Online
APP008984,CUST001539,2024-10-18,Debt Consolidation,14500,48,20.43,Branch
APP008985,CUST005454,2023-06-14,Other,10000,36,9.44,Online
APP008986,CUST002784,2024-02-16,Medical,27500,60,13.43,Broker
APP008987,CUST000761,2023-01-04,Other,42000,48,21.25,Branch
APP008988,CUST005335,2024-09-18,Car Purchase,40500,48,16.24,Online
APP008989,CUST001513,2024-05-01,Debt Consolidation,42500,24,9.03,Online
APP008990,CUST005351,2024-03-05,Car Purchase,5000,48,14.66,Online
APP008991,CUST000661,2023-02-24,Debt Consolidation,36000,36,19.54,Online
APP008992,CUST000698,2024-08-25,Other,5000,36,18.83,Online
APP008993,CUST001031,2023-08-11,Other,31500,48,20.19,Broker
APP008994,CUST000825,2023-07-29,Medical,38000,24,19.12,Online
APP008995,CUST002340,2023-01-23,Car Purchase,19500,24,19.88,Online
APP008996,CUST000979,2024-11-08,Home Renovation,43500,48,11.81,Online
APP008997,CUST005462,2024-03-21,Home Renovation,37000,36,10.48,Online
APP008998,CUST001304,2024-08-15,Debt Consolidation,28500,48,21.91,Online
APP008999,CUST002584,2023-04-18,Car Purchase,27000,24,14.62,Online
APP009000,CUST004408,2024-07-04,Debt Consolidation,13000,60,18.69,Broker
