bureau_credit_score_woe,defaults_on_file_woe,credit_utilization_pct_woe,total_existing_debt_woe,months_since_last_delinquency_woe,annual_income_woe,enquiries_last_6m_woe,employment_type_woe,bad_flag,application_id,predicted_pd
0.7128170914866491,0.2217475747339866,-0.05800312739151415,0.428529803805432,0.2217475747339866,-0.08731751506028963,0.5904081593270396,0.3774829969715081,0,APP008094,0.01672957096901055
0.1980061451935998,0.2217475747339866,-0.05800312739151415,-0.09811915647475396,0.2217475747339866,0.5789806192848379,0.02149148489970721,0.08420843206427489,0,APP007386,0.030292382522712033
0.1980061451935998,0.2217475747339866,-0.29843817581578497,-0.09811915647475396,0.2217475747339866,-0.08731751506028963,-0.022769130482054166,-0.09486472069567248,0,APP002766,0.03259257627661918
-0.065651348229771,0.2217475747339866,-0.7645733282836001,-0.8721886363285156,0.2217475747339866,-0.6827730105067226,-0.8565108236092858,0.3774829969715081,0,APP001828,0.042103654249744674
-0.35013955019267534,-1.910002676996926,-0.05800312739151415,-0.09811915647475396,-1.197437410579879,-0.08731751506028963,-0.022769130482054166,0.08420843206427489,0,APP004458,0.10062333396981506
-0.35013955019267534,-0.5688287511575048,0.3825716911634094,-0.09811915647475396,-0.513258900002694,-0.08731751506028963,-0.022769130482054166,0.3774829969715081,0,APP007061,0.04998794932890245
0.7128170914866491,0.2217475747339866,0.3825716911634094,0.428529803805432,0.2217475747339866,0.5789806192848379,0.5904081593270396,0.08420843206427489,0,APP006170,0.01889181720207367
-0.35013955019267534,0.2217475747339866,-0.05800312739151415,0.5867174592629567,0.2217475747339866,-0.08731751506028963,0.02149148489970721,0.08509771624915914,0,APP005922,0.029646912134968225
-0.065651348229771,0.2217475747339866,-0.29843817581578497,-0.09811915647475396,0.2217475747339866,-0.08731751506028963,0.02149148489970721,0.08420843206427489,0,APP004708,0.03440375934941001
-0.065651348229771,0.2217475747339866,-0.05800312739151415,0.5867174592629567,0.2217475747339866,-0.08731751506028963,0.02149148489970721,0.08420843206427489,0,APP008964,0.025835365521542593
-0.065651348229771,0.2217475747339866,0.3825716911634094,-0.09811915647475396,0.2217475747339866,-0.08731751506028963,0.5904081593270396,0.08420843206427489,0,APP006312,0.03440375934941001
0.7128170914866491,0.2217475747339866,0.8325034873269265,0.5867174592629567,0.2217475747339866,-0.08731751506028963,0.02149148489970721,-0.09486472069567248,0,APP000232,0.019028776483465123
-0.065651348229771,0.2217475747339866,-0.05800312739151415,0.5867174592629567,0.2217475747339866,-0.08731751506028963,0.5904081593270396,0.08420843206427489,0,APP002136,0.025835365521542593
0.7128170914866491,0.2217475747339866,-0.7645733282836001,0.428529803805432,0.2217475747339866,0.5789806192848379,0.02149148489970721,0.08420843206427489,0,APP003886,0.01889181720207367
-0.065651348229771,0.2217475747339866,0.3825716911634094,0.428529803805432,0.2217475747339866,0.5789806192848379,-0.8565108236092858,0.08420843206427489,0,APP002881,0.027608468030901005
-1.0113351309460183,-0.5688287511575048,-0.7645733282836001,-0.09811915647475396,-0.8725111649557269,-0.08731751506028963,-0.022769130482054166,0.08509771624915914,0,APP006601,0.07645649525351572
-0.065651348229771,0.2217475747339866,-0.05800312739151415,0.5867174592629567,0.2217475747339866,0.5789806192848379,0.5904081593270396,0.08420843206427489,0,APP003131,0.025835365521542593
0.7128170914866491,0.2217475747339866,-0.05800312739151415,0.5867174592629567,0.2217475747339866,-0.08731751506028963,-0.022769130482054166,0.08420843206427489,0,APP005744,0.0176683536199148
-0.065651348229771,0.2217475747339866,0.3825716911634094,0.428529803805432,0.2217475747339866,0.5789806192848379,0.02149148489970721,0.08420843206427489,0,APP003856,0.027608468030901005
0.1980061451935998,0.2217475747339866,-0.05800312739151415,0.5867174592629567,0.2217475747339866,-0.08731751506028963,0.5904081593270396,0.08420843206427489,0,APP001717,0.02272384630511342
0.1980061451935998,0.2217475747339866,-0.29843817581578497,0.5867174592629567,0.2217475747339866,-0.08731751506028963,0.02149148489970721,0.08420843206427489,0,APP004644,0.02272384630511342
-0.35013955019267534,0.2217475747339866,-0.29843817581578497,-0.09811915647475396,0.2217475747339866,-0.08731751506028963,0.02149148489970721,0.08420843206427489,0,APP001618,0.03944247030090972
-0.065651348229771,0.2217475747339866,0.3825716911634094,0.5867174592629567,0.2217475747339866,-0.08731751506028963,-0.022769130482054166,0.08420843206427489,0,APP001752,0.025835365521542593
-0.35013955019267534,0.2217475747339866,0.3825716911634094,-0.8721886363285156,0.2217475747339866,0.5789806192848379,0.02149148489970721,0.08420843206427489,0,APP000341,0.05422086078018935
-1.0113351309460183,0.2217475747339866,-0.05800312739151415,0.428529803805432,0.2217475747339866,-0.08731751506028963,0.5904081593270396,0.08420843206427489,0,APP006478,0.04352549403948881
-0.35013955019267534,0.2217475747339866,-0.7645733282836001,-0.09811915647475396,0.2217475747339866,-0.08731751506028963,0.02149148489970721,0.3774829969715081,0,APP007191,0.035012055071022154
0.1980061451935998,0.2217475747339866,-0.05800312739151415,-0.09811915647475396,0.2217475747339866,-0.08731751506028963,0.02149148489970721,0.08420843206427489,0,APP004062,0.030292382522712033
0.7128170914866491,0.2217475747339866,0.3825716911634094,0.428529803805432,0.2217475747339866,-0.08731751506028963,0.02149148489970721,0.08420843206427489,0,APP007255,0.01889181720207367
-1.0113351309460183,-0.5688287511575048,-0.29843817581578497,-0.8721886363285156,-0.8725111649557269,-0.6827730105067226,0.02149148489970721,-1.527679097450456,0,APP003102,0.1858463943699003
-0.065651348229771,0.2217475747339866,-0.05800312739151415,0.5867174592629567,0.2217475747339866,-0.08731751506028963,0.02149148489970721,0.08509771624915914,0,APP007318,0.025825922962349028
0.7128170914866491,0.2217475747339866,0.3825716911634094,0.428529803805432,0.2217475747339866,-0.08731751506028963,0.02149148489970721,0.08420843206427489,0,APP005537,0.01889181720207367
0.7128170914866491,0.2217475747339866,0.8325034873269265,-0.09811915647475396,0.2217475747339866,-0.08731751506028963,0.02149148489970721,0.08509771624915914,0,APP008636,0.02358508613350342
0.7128170914866491,0.2217475747339866,0.3825716911634094,0.5867174592629567,0.2217475747339866,0.5789806192848379,0.5904081593270396,0.08420843206427489,0,APP002391,0.0176683536199148
0.1980061451935998,0.2217475747339866,-0.05800312739151415,-0.09811915647475396,0.2217475747339866,0.5789806192848379,0.02149148489970721,0.08420843206427489,0,APP006774,0.030292382522712033
0.1980061451935998,0.2217475747339866,-0.29843817581578497,-0.09811915647475396,0.2217475747339866,0.5789806192848379,0.02149148489970721,0.08420843206427489,0,APP001296,0.030292382522712033
0.7128170914866491,0.2217475747339866,0.8325034873269265,0.428529803805432,0.2217475747339866,0.5789806192848379,-0.022769130482054166,0.08420843206427489,0,APP001762,0.01889181720207367
0.1980061451935998,0.2217475747339866,0.3825716911634094,0.5867174592629567,0.2217475747339866,0.5789806192848379,0.02149148489970721,0.08420843206427489,0,APP000661,0.02272384630511342
-0.065651348229771,0.2217475747339866,-0.29843817581578497,0.5867174592629567,0.2217475747339866,-0.08731751506028963,0.02149148489970721,0.08509771624915914,1,APP007765,0.025825922962349028
-0.065651348229771,0.2217475747339866,-0.05800312739151415,-0.09811915647475396,0.2217475747339866,-0.08731751506028963,-0.022769130482054166,0.3774829969715081,0,APP005866,0.03052133866757444
0.1980061451935998,-0.5688287511575048,-0.05800312739151415,-0.09811915647475396,-0.9834263428289417,-0.08731751506028963,0.02149148489970721,0.08509771624915914,0,APP008288,0.04332461842249205
-0.065651348229771,0.2217475747339866,-0.29843817581578497,-0.8721886363285156,0.2217475747339866,-0.08731751506028963,0.02149148489970721,0.08420843206427489,0,APP008324,0.04738737154686286
0.1980061451935998,0.2217475747339866,-0.7645733282836001,0.5867174592629567,0.2217475747339866,-0.08731751506028963,0.02149148489970721,0.08420843206427489,0,APP002526,0.02272384630511342
0.1980061451935998,0.2217475747339866,-0.29843817581578497,0.5867174592629567,0.2217475747339866,-0.08731751506028963,0.02149148489970721,0.08420843206427489,0,APP002098,0.02272384630511342
-1.0113351309460183,0.2217475747339866,-0.29843817581578497,-0.8721886363285156,0.2217475747339866,-0.08731751506028963,-0.8565108236092858,0.08509771624915914,0,APP007416,0.07381588249321112
-0.065651348229771,-0.5688287511575048,-0.29843817581578497,-0.09811915647475396,-0.8725111649557269,-0.08731751506028963,0.02149148489970721,-0.09486472069567248,0,APP004391,0.052785635192994465
0.1980061451935998,0.2217475747339866,0.8325034873269265,0.5867174592629567,0.2217475747339866,0.5789806192848379,-0.022769130482054166,0.3774829969715081,0,APP004848,0.020132008318873924
-0.065651348229771,0.2217475747339866,-0.05800312739151415,-0.09811915647475396,0.2217475747339866,0.5789806192848379,0.02149148489970721,0.08420843206427489,0,APP007809,0.03440375934941001
0.1980061451935998,0.2217475747339866,0.8325034873269265,-0.09811915647475396,0.2217475747339866,-0.08731751506028963,0.02149148489970721,0.08509771624915914,0,APP007501,0.03028136160620495
-0.065651348229771,0.2217475747339866,-0.05800312739151415,-0.09811915647475396,0.2217475747339866,-0.08731751506028963,0.02149148489970721,0.08420843206427489,0,APP001393,0.03440375934941001
0.7128170914866491,0.2217475747339866,0.8325034873269265,0.5867174592629567,0.2217475747339866,-0.6827730105067226,0.5904081593270396,-0.09486472069567248,0,APP007169,0.019028776483465123
-0.35013955019267534,-0.5688287511575048,-0.29843817581578497,-0.8721886363285156,-1.197437410579879,-0.6827730105067226,-0.8565108236092858,-1.527679097450456,0,APP005418,0.14099527624198485
-0.065651348229771,0.2217475747339866,0.3825716911634094,-0.09811915647475396,0.2217475747339866,0.5789806192848379,0.5904081593270396,0.08420843206427489,0,APP000945,0.03440375934941001
-0.35013955019267534,0.2217475747339866,-0.7645733282836001,-0.8721886363285156,0.2217475747339866,-0.6827730105067226,0.02149148489970721,0.08509771624915914,0,APP000134,0.05420162084918719
-0.065651348229771,0.2217475747339866,-0.05800312739151415,-0.09811915647475396,0.2217475747339866,-0.08731751506028963,0.02149148489970721,0.08420843206427489,0,APP008773,0.03440375934941001
0.1980061451935998,0.2217475747339866,0.8325034873269265,0.428529803805432,0.2217475747339866,0.5789806192848379,0.5904081593270396,0.08420843206427489,0,APP005467,0.02428872699607574
-0.065651348229771,0.2217475747339866,-0.05800312739151415,-0.09811915647475396,0.2217475747339866,-0.08731751506028963,0.02149148489970721,0.3774829969715081,0,APP008936,0.03052133866757444
-0.065651348229771,0.2217475747339866,-0.05800312739151415,-0.09811915647475396,0.2217475747339866,-0.08731751506028963,-0.8565108236092858,0.08420843206427489,0,APP005940,0.03440375934941001
0.7128170914866491,0.2217475747339866,0.8325034873269265,0.428529803805432,0.2217475747339866,-0.08731751506028963,0.02149148489970721,-0.09486472069567248,0,APP007564,0.02034449296474017
-1.0113351309460183,-0.5688287511575048,-0.7645733282836001,-0.8721886363285156,-0.8725111649557269,-0.6827730105067226,-0.8565108236092858,0.08509771624915914,0,APP006466,0.10360749965329094
-0.065651348229771,0.2217475747339866,0.3825716911634094,-0.09811915647475396,0.2217475747339866,0.5789806192848379,0.02149148489970721,0.3774829969715081,0,APP008681,0.03052133866757444
0.7128170914866491,0.2217475747339866,-0.05800312739151415,0.5867174592629567,0.2217475747339866,-0.08731751506028963,-0.022769130482054166,0.08509771624915914,0,APP007204,0.01766184190117446
-0.35013955019267534,0.2217475747339866,-0.05800312739151415,-0.8721886363285156,0.2217475747339866,-0.08731751506028963,-0.022769130482054166,0.08420843206427489,0,APP008793,0.05422086078018935
-1.0113351309460183,-0.5688287511575048,-0.7645733282836001,-0.8721886363285156,-0.8725111649557269,-0.08731751506028963,-0.022769130482054166,-0.09486472069567248,0,APP001408,0.11087540540922053
-0.35013955019267534,0.2217475747339866,0.3825716911634094,-0.8721886363285156,0.2217475747339866,0.5789806192848379,0.5904081593270396,0.08420843206427489,0,APP000597,0.05422086078018935
-0.35013955019267534,-0.5688287511575048,-0.7645733282836001,-0.09811915647475396,-0.9834263428289417,-0.08731751506028963,0.02149148489970721,0.08420843206427489,0,APP002951,0.056203038206527424
-0.065651348229771,0.2217475747339866,-0.05800312739151415,-0.09811915647475396,0.2217475747339866,-0.6827730105067226,0.02149148489970721,-0.09486472069567248,0,APP002345,0.037004229377386705
-1.0113351309460183,-1.910002676996926,-0.7645733282836001,-0.8721886363285156,-1.197437410579879,-0.6827730105067226,-0.8565108236092858,0.08509771624915914,0,APP002262,0.17841161968489894
0.7128170914866491,0.2217475747339866,0.8325034873269265,0.5867174592629567,0.2217475747339866,-0.08731751506028963,0.02149148489970721,0.3774829969715081,0,APP008561,0.01564390502463836
0.1980061451935998,-0.5688287511575048,-0.05800312739151415,-0.09811915647475396,-0.8725111649557269,-0.08731751506028963,0.5904081593270396,0.3774829969715081,0,APP001391,0.038489488681447075
-0.35013955019267534,0.2217475747339866,-0.7645733282836001,-0.09811915647475396,0.2217475747339866,-0.08731751506028963,0.02149148489970721,0.08420843206427489,0,APP000604,0.03944247030090972
0.7128170914866491,0.2217475747339866,0.8325034873269265,0.5867174592629567,0.2217475747339866,0.5789806192848379,0.02149148489970721,0.08420843206427489,0,APP001488,0.0176683536199148
0.7128170914866491,0.2217475747339866,0.3825716911634094,0.5867174592629567,0.2217475747339866,-0.08731751506028963,-0.022769130482054166,0.08420843206427489,0,APP004324,0.0176683536199148
-1.0113351309460183,0.2217475747339866,-0.05800312739151415,-0.8721886363285156,0.2217475747339866,-0.6827730105067226,-0.8565108236092858,0.08509771624915914,0,APP005743,0.07381588249321112
0.1980061451935998,0.2217475747339866,0.8325034873269265,0.428529803805432,0.2217475747339866,0.5789806192848379,0.5904081593270396,0.08420843206427489,0,APP005300,0.02428872699607574
-0.35013955019267534,0.2217475747339866,-0.29843817581578497,0.5867174592629567,0.2217475747339866,0.5789806192848379,-0.8565108236092858,0.08420843206427489,1,APP007546,0.0296577092053339
0.1980061451935998,0.2217475747339866,-0.7645733282836001,0.5867174592629567,0.2217475747339866,0.5789806192848379,0.02149148489970721,0.3774829969715081,0,APP006604,0.020132008318873924
0.1980061451935998,0.2217475747339866,-0.05800312739151415,-0.09811915647475396,0.2217475747339866,-0.08731751506028963,-0.022769130482054166,0.3774829969715081,0,APP007970,0.026861018938613507
0.7128170914866491,0.2217475747339866,0.3825716911634094,0.5867174592629567,0.2217475747339866,0.5789806192848379,0.02149148489970721,0.08420843206427489,0,APP007561,0.0176683536199148
-0.065651348229771,0.2217475747339866,-0.05800312739151415,-0.09811915647475396,0.2217475747339866,0.5789806192848379,0.5904081593270396,0.08420843206427489,0,APP008296,0.03440375934941001
-0.35013955019267534,-0.5688287511575048,-0.7645733282836001,-0.09811915647475396,-0.513258900002694,-0.08731751506028963,-0.8565108236092858,-0.09486472069567248,0,APP007600,0.06034826488812025
0.7128170914866491,0.2217475747339866,-0.05800312739151415,-0.09811915647475396,0.2217475747339866,0.5789806192848379,0.02149148489970721,0.08420843206427489,0,APP000674,0.02359372923339286
0.7128170914866491,0.2217475747339866,-0.29843817581578497,0.428529803805432,0.2217475747339866,-0.08731751506028963,0.02149148489970721,0.08420843206427489,0,APP007514,0.01889181720207367
0.7128170914866491,0.2217475747339866,0.8325034873269265,0.428529803805432,0.2217475747339866,0.5789806192848379,0.5904081593270396,0.08420843206427489,0,APP002404,0.01889181720207367
0.7128170914866491,0.2217475747339866,-0.29843817581578497,0.5867174592629567,0.2217475747339866,-0.08731751506028963,0.5904081593270396,0.3774829969715081,0,APP000457,0.01564390502463836
-0.065651348229771,0.2217475747339866,0.3825716911634094,-0.09811915647475396,0.2217475747339866,-0.08731751506028963,0.02149148489970721,0.08420843206427489,0,APP002100,0.03440375934941001
-0.065651348229771,0.2217475747339866,0.8325034873269265,-0.09811915647475396,0.2217475747339866,-0.08731751506028963,0.02149148489970721,0.08509771624915914,0,APP004428,0.03439129568892732
-0.065651348229771,0.2217475747339866,-0.29843817581578497,-0.09811915647475396,0.2217475747339866,-0.08731751506028963,0.5904081593270396,0.08420843206427489,0,APP005248,0.03440375934941001
-0.065651348229771,0.2217475747339866,-0.05800312739151415,-0.09811915647475396,0.2217475747339866,0.5789806192848379,0.02149148489970721,0.08420843206427489,0,APP008079,0.03440375934941001
-0.065651348229771,0.2217475747339866,0.3825716911634094,0.5867174592629567,0.2217475747339866,0.5789806192848379,0.02149148489970721,0.08420843206427489,0,APP000319,0.025835365521542593
-0.35013955019267534,-0.5688287511575048,-0.29843817581578497,-0.09811915647475396,-0.9834263428289417,-0.08731751506028963,-0.022769130482054166,0.08420843206427489,0,APP000959,0.056203038206527424
-1.0113351309460183,0.2217475747339866,-0.29843817581578497,-0.8721886363285156,0.2217475747339866,0.5789806192848379,-0.8565108236092858,0.08420843206427489,0,APP008985,0.07384154130962636
-0.065651348229771,0.2217475747339866,-0.05800312739151415,0.5867174592629567,0.2217475747339866,0.5789806192848379,0.02149148489970721,0.08420843206427489,0,APP002638,0.025835365521542593
0.7128170914866491,0.2217475747339866,-0.29843817581578497,0.428529803805432,0.2217475747339866,-0.08731751506028963,0.02149148489970721,0.08509771624915914,0,APP007244,0.018884863241121562
0.7128170914866491,0.2217475747339866,-0.05800312739151415,-0.09811915647475396,0.2217475747339866,-0.08731751506028963,0.5904081593270396,0.08420843206427489,0,APP001201,0.02359372923339286
-0.35013955019267534,0.2217475747339866,-0.05800312739151415,-0.8721886363285156,0.2217475747339866,-0.08731751506028963,-0.8565108236092858,0.08420843206427489,0,APP007886,0.05422086078018935
0.7128170914866491,0.2217475747339866,0.8325034873269265,0.428529803805432,0.2217475747339866,0.5789806192848379,0.5904081593270396,0.08420843206427489,0,APP003705,0.01889181720207367
-1.0113351309460183,0.2217475747339866,-0.05800312739151415,-0.09811915647475396,0.2217475747339866,-0.08731751506028963,0.02149148489970721,-0.09486472069567248,0,APP005143,0.05801498052620836
-0.065651348229771,0.2217475747339866,-0.29843817581578497,-0.09811915647475396,0.2217475747339866,-0.08731751506028963,-0.022769130482054166,-0.09486472069567248,0,APP004711,0.037004229377386705
-0.065651348229771,0.2217475747339866,-0.05800312739151415,0.428529803805432,0.2217475747339866,-0.08731751506028963,0.02149148489970721,0.3774829969715081,0,APP003757,0.024473451480688066
0.7128170914866491,0.2217475747339866,-0.29843817581578497,-0.09811915647475396,0.2217475747339866,-0.08731751506028963,-0.8565108236092858,-0.09486472069567248,0,APP001813,0.0253985961957803
-0.35013955019267534,0.2217475747339866,0.3825716911634094,-0.09811915647475396,0.2217475747339866,-0.08731751506028963,-0.022769130482054166,-0.09486472069567248,0,APP001113,0.042407073740724076
0.7128170914866491,0.2217475747339866,0.3825716911634094,0.428529803805432,0.2217475747339866,0.5789806192848379,0.02149148489970721,0.08420843206427489,0,APP004552,0.01889181720207367
0.7128170914866491,0.2217475747339866,0.3825716911634094,-0.8721886363285156,0.2217475747339866,0.5789806192848379,0.5904081593270396,0.08420843206427489,0,APP007585,0.03263563498364616
0.1980061451935998,0.2217475747339866,-0.05800312739151415,-0.09811915647475396,0.2217475747339866,-0.08731751506028963,0.02149148489970721,0.3774829969715081,0,APP006561,0.026861018938613507
0.1980061451935998,-0.5688287511575048,-0.7645733282836001,0.5867174592629567,-0.8725111649557269,0.5789806192848379,0.02149148489970721,0.08420843206427489,0,APP003122,0.03262132105118561
0.1980061451935998,0.2217475747339866,-0.05800312739151415,-0.09811915647475396,0.2217475747339866,-0.08731751506028963,0.5904081593270396,0.08420843206427489,0,APP005416,0.030292382522712033
-0.065651348229771,0.2217475747339866,-0.05800312739151415,0.5867174592629567,0.2217475747339866,-0.08731751506028963,0.02149148489970721,0.08509771624915914,0,APP001454,0.025825922962349028
-0.065651348229771,0.2217475747339866,-0.29843817581578497,-0.09811915647475396,0.2217475747339866,-0.6827730105067226,-0.022769130482054166,0.08509771624915914,0,APP004833,0.03439129568892732
-0.065651348229771,0.2217475747339866,-0.05800312739151415,-0.09811915647475396,0.2217475747339866,0.5789806192848379,0.02149148489970721,0.08420843206427489,0,APP003040,0.03440375934941001
-0.065651348229771,0.2217475747339866,-0.29843817581578497,-0.09811915647475396,0.2217475747339866,-0.08731751506028963,-0.022769130482054166,0.3774829969715081,0,APP008765,0.03052133866757444
-1.0113351309460183,-0.8003405521422314,-0.7645733282836001,-0.8721886363285156,-0.513258900002694,-0.08731751506028963,-0.8565108236092858,0.08509771624915914,0,APP006109,0.11416242698321287
-0.065651348229771,0.2217475747339866,-0.7645733282836001,0.428529803805432,0.2217475747339866,-0.08731751506028963,0.02149148489970721,0.3774829969715081,0,APP000353,0.024473451480688066
0.7128170914866491,0.2217475747339866,-0.05800312739151415,-0.09811915647475396,0.2217475747339866,0.5789806192848379,0.5904081593270396,0.08420843206427489,0,APP000840,0.02359372923339286
0.1980061451935998,0.2217475747339866,0.3825716911634094,-0.09811915647475396,0.2217475747339866,-0.08731751506028963,0.02149148489970721,0.08509771624915914,0,APP006337,0.03028136160620495
0.1980061451935998,0.2217475747339866,0.3825716911634094,-0.09811915647475396,0.2217475747339866,-0.08731751506028963,0.5904081593270396,-0.09486472069567248,0,APP004528,0.03259257627661918
0.7128170914866491,0.2217475747339866,-0.29843817581578497,-0.09811915647475396,0.2217475747339866,-0.08731751506028963,0.5904081593270396,0.08509771624915914,0,APP001055,0.02358508613350342
-0.065651348229771,0.2217475747339866,-0.29843817581578497,-0.09811915647475396,0.2217475747339866,-0.08731751506028963,0.02149148489970721,0.08420843206427489,0,APP003030,0.03440375934941001
-0.065651348229771,0.2217475747339866,0.8325034873269265,-0.09811915647475396,0.2217475747339866,-0.08731751506028963,0.02149148489970721,0.08509771624915914,0,APP004768,0.03439129568892732
-0.065651348229771,0.2217475747339866,0.3825716911634094,-0.09811915647475396,0.2217475747339866,0.5789806192848379,0.02149148489970721,0.08420843206427489,0,APP005367,0.03440375934941001
0.7128170914866491,0.2217475747339866,0.8325034873269265,0.428529803805432,0.2217475747339866,-0.08731751506028963,0.02149148489970721,0.08420843206427489,0,APP000043,0.01889181720207367
-1.0113351309460183,0.2217475747339866,0.3825716911634094,-0.09811915647475396,0.2217475747339866,-0.08731751506028963,-0.022769130482054166,0.3774829969715081,0,APP003706,0.04803475569565855
-0.065651348229771,0.2217475747339866,-0.7645733282836001,0.5867174592629567,0.2217475747339866,-0.6827730105067226,0.5904081593270396,-0.09486472069567248,0,APP001510,0.02780682905467762
-0.065651348229771,0.2217475747339866,-0.29843817581578497,-0.09811915647475396,0.2217475747339866,-0.6827730105067226,0.02149148489970721,0.08420843206427489,0,APP003247,0.03440375934941001
-1.0113351309460183,-0.8003405521422314,-0.29843817581578497,-0.09811915647475396,-0.8725111649557269,-0.6827730105067226,-0.022769130482054166,-1.527679097450456,0,APP002481,0.154191370109197
-0.065651348229771,0.2217475747339866,0.3825716911634094,0.5867174592629567,0.2217475747339866,0.5789806192848379,0.02149148489970721,0.3774829969715081,0,APP003769,0.02289694860171144
0.1980061451935998,0.2217475747339866,-0.29843817581578497,-0.09811915647475396,0.2217475747339866,-0.08731751506028963,0.02149148489970721,0.08420843206427489,0,APP000866,0.030292382522712033
0.1980061451935998,-0.5688287511575048,-0.05800312739151415,-0.09811915647475396,-0.8725111649557269,-0.08731751506028963,-0.022769130482054166,0.08420843206427489,0,APP008991,0.04334017427398824
0.7128170914866491,0.2217475747339866,0.8325034873269265,0.428529803805432,0.2217475747339866,0.5789806192848379,0.02149148489970721,0.08420843206427489,0,APP006151,0.01889181720207367
-0.35013955019267534,0.2217475747339866,-0.29843817581578497,-0.8721886363285156,0.2217475747339866,-0.08731751506028963,0.02149148489970721,0.08509771624915914,0,APP004431,0.05420162084918719
0.1980061451935998,-0.5688287511575048,-0.05800312739151415,-0.09811915647475396,-0.8725111649557269,-0.08731751506028963,-0.8565108236092858,0.08420843206427489,0,APP004055,0.04334017427398824
0.1980061451935998,0.2217475747339866,-0.05800312739151415,-0.09811915647475396,0.2217475747339866,-0.08731751506028963,0.5904081593270396,0.08420843206427489,0,APP008118,0.030292382522712033
-0.065651348229771,0.2217475747339866,0.8325034873269265,-0.09811915647475396,0.2217475747339866,-0.08731751506028963,0.02149148489970721,0.3774829969715081,0,APP002081,0.03052133866757444
-1.0113351309460183,-1.910002676996926,-0.7645733282836001,-0.09811915647475396,-0.513258900002694,-0.6827730105067226,0.02149148489970721,-1.527679097450456,0,APP005728,0.23499225101078594
0.7128170914866491,0.2217475747339866,-0.29843817581578497,0.428529803805432,0.2217475747339866,0.5789806192848379,0.02149148489970721,0.08420843206427489,0,APP000342,0.01889181720207367
0.1980061451935998,0.2217475747339866,-0.29843817581578497,0.5867174592629567,0.2217475747339866,-0.08731751506028963,0.5904081593270396,-0.09486472069567248,0,APP001347,0.024463836449831418
-0.065651348229771,0.2217475747339866,-0.05800312739151415,-0.09811915647475396,0.2217475747339866,-0.08731751506028963,0.02149148489970721,-0.09486472069567248,1,APP008895,0.037004229377386705
0.1980061451935998,0.2217475747339866,-0.05800312739151415,-0.09811915647475396,0.2217475747339866,0.5789806192848379,0.02149148489970721,0.08420843206427489,0,APP005008,0.030292382522712033
0.7128170914866491,0.2217475747339866,0.3825716911634094,-0.09811915647475396,0.2217475747339866,-0.08731751506028963,-0.022769130482054166,-0.09486472069567248,0,APP001728,0.0253985961957803
0.1980061451935998,0.2217475747339866,0.3825716911634094,0.428529803805432,0.2217475747339866,-0.08731751506028963,0.02149148489970721,0.08420843206427489,0,APP003217,0.02428872699607574
0.7128170914866491,0.2217475747339866,0.3825716911634094,0.5867174592629567,0.2217475747339866,0.5789806192848379,0.5904081593270396,0.08420843206427489,0,APP001419,0.0176683536199148
0.1980061451935998,-0.5688287511575048,-0.05800312739151415,-0.09811915647475396,-1.197437410579879,0.5789806192848379,-0.022769130482054166,0.3774829969715081,1,APP002188,0.038489488681447075
-0.065651348229771,0.2217475747339866,0.3825716911634094,0.5867174592629567,0.2217475747339866,0.5789806192848379,0.5904081593270396,0.3774829969715081,0,APP002994,0.02289694860171144
0.1980061451935998,-0.8003405521422314,-0.05800312739151415,-0.09811915647475396,-0.513258900002694,-0.08731751506028963,0.02149148489970721,0.08420843206427489,0,APP007552,0.04808476644282122
-0.065651348229771,0.2217475747339866,0.3825716911634094,0.428529803805432,0.2217475747339866,-0.08731751506028963,0.02149148489970721,0.08420843206427489,0,APP003675,0.027608468030901005
0.7128170914866491,0.2217475747339866,0.8325034873269265,0.5867174592629567,0.2217475747339866,-0.08731751506028963,0.02149148489970721,0.3774829969715081,0,APP001599,0.01564390502463836
0.7128170914866491,0.2217475747339866,0.8325034873269265,0.428529803805432,0.2217475747339866,0.5789806192848379,0.5904081593270396,0.3774829969715081,0,APP001867,0.01672957096901055
-0.065651348229771,0.2217475747339866,-0.29843817581578497,0.428529803805432,0.2217475747339866,-0.08731751506028963,0.02149148489970721,0.08420843206427489,0,APP003476,0.027608468030901005
0.7128170914866491,0.2217475747339866,0.3825716911634094,0.5867174592629567,0.2217475747339866,0.5789806192848379,0.02149148489970721,0.08420843206427489,0,APP007592,0.0176683536199148
0.7128170914866491,0.2217475747339866,-0.05800312739151415,0.5867174592629567,0.2217475747339866,0.5789806192848379,0.02149148489970721,0.08420843206427489,0,APP004632,0.0176683536199148
-0.065651348229771,0.2217475747339866,-0.05800312739151415,-0.09811915647475396,0.2217475747339866,-0.6827730105067226,0.02149148489970721,0.08420843206427489,0,APP003356,0.03440375934941001
-0.35013955019267534,-0.8003405521422314,-0.05800312739151415,-0.8721886363285156,-0.513258900002694,-0.08731751506028963,-0.022769130482054166,0.08420843206427489,0,APP007791,0.08483815072727934
-0.065651348229771,0.2217475747339866,-0.7645733282836001,0.428529803805432,0.2217475747339866,-0.08731751506028963,-0.022769130482054166,0.08420843206427489,0,APP001946,0.027608468030901005
0.7128170914866491,0.2217475747339866,0.3825716911634094,0.428529803805432,0.2217475747339866,0.5789806192848379,-0.022769130482054166,0.08420843206427489,0,APP007239,0.01889181720207367
-0.065651348229771,-0.5688287511575048,-0.29843817581578497,-0.8721886363285156,-1.197437410579879,0.5789806192848379,-0.022769130482054166,0.08420843206427489,0,APP001961,0.0672875262614069
-0.065651348229771,0.2217475747339866,0.3825716911634094,-0.09811915647475396,0.2217475747339866,0.5789806192848379,0.02149148489970721,0.08420843206427489,0,APP008513,0.03440375934941001
0.1980061451935998,-0.5688287511575048,-0.29843817581578497,0.5867174592629567,-0.513258900002694,-0.08731751506028963,0.02149148489970721,0.3774829969715081,0,APP000397,0.02893401895248365
-1.0113351309460183,0.2217475747339866,-0.05800312739151415,-0.09811915647475396,0.2217475747339866,-0.08731751506028963,-0.8565108236092858,-0.09486472069567248,0,APP004256,0.05801498052620836
0.1980061451935998,0.2217475747339866,0.3825716911634094,-0.09811915647475396,0.2217475747339866,0.5789806192848379,0.02149148489970721,0.08420843206427489,0,APP008585,0.030292382522712033
0.1980061451935998,0.2217475747339866,-0.7645733282836001,-0.09811915647475396,0.2217475747339866,-0.6827730105067226,-0.022769130482054166,-0.09486472069567248,0,APP001094,0.03259257627661918
-0.35013955019267534,0.2217475747339866,-0.7645733282836001,0.5867174592629567,0.2217475747339866,-0.08731751506028963,0.02149148489970721,0.08509771624915914,0,APP000051,0.029646912134968225
0.7128170914866491,0.2217475747339866,0.8325034873269265,0.5867174592629567,0.2217475747339866,0.5789806192848379,0.5904081593270396,0.08420843206427489,0,APP000258,0.0176683536199148
0.1980061451935998,0.2217475747339866,-0.7645733282836001,0.428529803805432,0.2217475747339866,0.5789806192848379,0.5904081593270396,0.08420843206427489,0,APP004198,0.02428872699607574
0.7128170914866491,0.2217475747339866,0.3825716911634094,0.5867174592629567,0.2217475747339866,-0.08731751506028963,0.02149148489970721,0.3774829969715081,0,APP002380,0.01564390502463836
-0.35013955019267534,0.2217475747339866,-0.05800312739151415,0.428529803805432,0.2217475747339866,-0.08731751506028963,0.02149148489970721,0.08420843206427489,0,APP003948,0.031684610046371506
0.7128170914866491,0.2217475747339866,0.3825716911634094,0.428529803805432,0.2217475747339866,0.5789806192848379,0.02149148489970721,0.3774829969715081,0,APP000650,0.01672957096901055
0.7128170914866491,0.2217475747339866,0.3825716911634094,-0.09811915647475396,0.2217475747339866,-0.6827730105067226,0.02149148489970721,-0.09486472069567248,0,APP003752,0.0253985961957803
-0.065651348229771,0.2217475747339866,-0.05800312739151415,-0.09811915647475396,0.2217475747339866,0.5789806192848379,0.5904081593270396,0.08420843206427489,0,APP006708,0.03440375934941001
-0.065651348229771,0.2217475747339866,0.3825716911634094,0.5867174592629567,0.2217475747339866,0.5789806192848379,0.5904081593270396,0.08420843206427489,0,APP007266,0.025835365521542593
-0.065651348229771,0.2217475747339866,-0.05800312739151415,0.5867174592629567,0.2217475747339866,-0.08731751506028963,0.02149148489970721,0.08420843206427489,0,APP003599,0.025835365521542593
0.7128170914866491,0.2217475747339866,-0.05800312739151415,0.5867174592629567,0.2217475747339866,0.5789806192848379,0.02149148489970721,0.08420843206427489,0,APP002706,0.0176683536199148
0.1980061451935998,-0.8003405521422314,-0.29843817581578497,-0.8721886363285156,-0.8725111649557269,-0.08731751506028963,-0.022769130482054166,0.08509771624915914,0,APP002764,0.06585609858780034
-0.35013955019267534,-0.5688287511575048,-0.7645733282836001,-0.09811915647475396,-1.197437410579879,-0.08731751506028963,0.02149148489970721,-0.09486472069567248,0,APP002529,0.06034826488812025
-0.35013955019267534,-0.5688287511575048,-0.29843817581578497,-0.09811915647475396,-0.513258900002694,-0.08731751506028963,0.02149148489970721,-0.09486472069567248,0,APP006999,0.06034826488812025
-0.065651348229771,0.2217475747339866,-0.05800312739151415,-0.09811915647475396,0.2217475747339866,-0.08731751506028963,-0.022769130482054166,0.08420843206427489,0,APP008785,0.03440375934941001
0.7128170914866491,0.2217475747339866,0.3825716911634094,-0.09811915647475396,0.2217475747339866,-0.08731751506028963,-0.022769130482054166,0.08420843206427489,0,APP000545,0.02359372923339286
0.7128170914866491,0.2217475747339866,0.8325034873269265,0.5867174592629567,0.2217475747339866,0.5789806192848379,0.02149148489970721,0.3774829969715081,0,APP004041,0.01564390502463836
-0.065651348229771,0.2217475747339866,0.8325034873269265,0.5867174592629567,0.2217475747339866,0.5789806192848379,0.02149148489970721,0.08420843206427489,0,APP002334,0.025835365521542593
0.7128170914866491,0.2217475747339866,-0.7645733282836001,0.5867174592629567,0.2217475747339866,0.5789806192848379,-0.022769130482054166,0.3774829969715081,0,APP000331,0.01564390502463836
-0.35013955019267534,-0.5688287511575048,-0.29843817581578497,-0.8721886363285156,-0.9834263428289417,-0.08731751506028963,0.02149148489970721,0.08509771624915914,0,APP002646,0.07673289156497146
0.1980061451935998,0.2217475747339866,-0.05800312739151415,-0.09811915647475396,0.2217475747339866,-0.6827730105067226,0.02149148489970721,-1.527679097450456,0,APP006797,0.05808905485776677
0.7128170914866491,0.2217475747339866,0.3825716911634094,0.428529803805432,0.2217475747339866,-0.08731751506028963,0.02149148489970721,0.08420843206427489,0,APP001079,0.01889181720207367
-0.065651348229771,-0.5688287511575048,-0.29843817581578497,-0.09811915647475396,-0.8725111649557269,-0.08731751506028963,-0.022769130482054166,0.08420843206427489,0,APP004199,0.04913271166067861
-1.0113351309460183,-1.910002676996926,-0.05800312739151415,-0.09811915647475396,-0.513258900002694,-0.08731751506028963,0.02149148489970721,0.08509771624915914,0,APP006132,0.13460126802474623
-0.065651348229771,0.2217475747339866,-0.29843817581578497,0.5867174592629567,0.2217475747339866,-0.08731751506028963,0.02149148489970721,0.08420843206427489,0,APP006104,0.025835365521542593
0.1980061451935998,0.2217475747339866,-0.05800312739151415,-0.09811915647475396,0.2217475747339866,-0.08731751506028963,0.02149148489970721,0.08420843206427489,0,APP000898,0.030292382522712033
-1.0113351309460183,0.2217475747339866,-0.05800312739151415,0.5867174592629567,0.2217475747339866,-0.08731751506028963,0.02149148489970721,0.08420843206427489,0,APP000305,0.04077301338994351
0.7128170914866491,0.2217475747339866,0.3825716911634094,0.428529803805432,0.2217475747339866,0.5789806192848379,0.5904081593270396,0.08420843206427489,0,APP002582,0.01889181720207367
-0.35013955019267534,0.2217475747339866,-0.29843817581578497,0.5867174592629567,0.2217475747339866,0.5789806192848379,0.02149148489970721,0.08420843206427489,0,APP000585,0.0296577092053339
-0.35013955019267534,0.2217475747339866,-0.29843817581578497,-0.09811915647475396,0.2217475747339866,-0.08731751506028963,0.02149148489970721,0.08420843206427489,0,APP002245,0.03944247030090972
0.7128170914866491,0.2217475747339866,-0.05800312739151415,0.428529803805432,0.2217475747339866,-0.08731751506028963,0.02149148489970721,-0.09486472069567248,0,APP005491,0.02034449296474017
0.7128170914866491,0.2217475747339866,-0.05800312739151415,0.428529803805432,0.2217475747339866,-0.08731751506028963,0.02149148489970721,-0.09486472069567248,1,APP008720,0.02034449296474017
-0.35013955019267534,0.2217475747339866,-0.05800312739151415,0.428529803805432,0.2217475747339866,0.5789806192848379,0.02149148489970721,0.08420843206427489,0,APP002267,0.031684610046371506
0.7128170914866491,0.2217475747339866,-0.05800312739151415,-0.09811915647475396,0.2217475747339866,0.5789806192848379,0.02149148489970721,0.08420843206427489,0,APP002056,0.02359372923339286
0.7128170914866491,0.2217475747339866,0.8325034873269265,0.5867174592629567,0.2217475747339866,0.5789806192848379,0.02149148489970721,0.08420843206427489,0,APP000884,0.0176683536199148
-0.065651348229771,-0.5688287511575048,-0.7645733282836001,-0.8721886363285156,-0.8725111649557269,-0.6827730105067226,-0.8565108236092858,0.08509771624915914,0,APP006856,0.06726397946395882
0.7128170914866491,0.2217475747339866,-0.05800312739151415,-0.09811915647475396,0.2217475747339866,-0.08731751506028963,0.5904081593270396,-0.09486472069567248,0,APP001136,0.0253985961957803
0.7128170914866491,0.2217475747339866,-0.05800312739151415,0.5867174592629567,0.2217475747339866,-0.6827730105067226,0.02149148489970721,-0.09486472069567248,0,APP008532,0.019028776483465123
0.1980061451935998,-0.5688287511575048,-0.29843817581578497,-0.09811915647475396,-0.9834263428289417,-0.08731751506028963,-0.022769130482054166,-0.09486472069567248,0,APP002940,0.04658353216584163
-0.065651348229771,-0.5688287511575048,0.3825716911634094,0.5867174592629567,-0.9834263428289417,-0.08731751506028963,-0.022769130482054166,0.08509771624915914,0,APP008573,0.03702333507297832
-1.0113351309460183,-0.8003405521422314,-0.05800312739151415,-0.09811915647475396,-1.197437410579879,0.5789806192848379,-0.022769130482054166,0.08420843206427489,0,APP002248,0.08453523198230492
-1.0113351309460183,-0.5688287511575048,-0.7645733282836001,-0.8721886363285156,-1.197437410579879,-0.6827730105067226,-0.022769130482054166,-1.527679097450456,0,APP000493,0.1858463943699003
-0.065651348229771,-1.910002676996926,-0.29843817581578497,-0.09811915647475396,-0.9834263428289417,-0.08731751506028963,-0.022769130482054166,0.08420843206427489,0,APP007096,0.08848887412467198
0.7128170914866491,0.2217475747339866,-0.05800312739151415,-0.09811915647475396,0.2217475747339866,0.5789806192848379,0.5904081593270396,0.08420843206427489,0,APP006050,0.02359372923339286
0.7128170914866491,0.2217475747339866,0.8325034873269265,0.428529803805432,0.2217475747339866,0.5789806192848379,0.02149148489970721,0.3774829969715081,0,APP001221,0.01672957096901055
-0.35013955019267534,0.2217475747339866,-0.29843817581578497,-0.09811915647475396,0.2217475747339866,-0.08731751506028963,0.02149148489970721,0.08420843206427489,0,APP005087,0.03944247030090972
0.7128170914866491,0.2217475747339866,0.8325034873269265,0.428529803805432,0.2217475747339866,-0.08731751506028963,0.5904081593270396,0.08420843206427489,0,APP000995,0.01889181720207367
-0.35013955019267534,-0.8003405521422314,-0.7645733282836001,-0.8721886363285156,-1.197437410579879,-0.08731751506028963,-0.8565108236092858,0.08420843206427489,0,APP008557,0.08483815072727934
0.7128170914866491,0.2217475747339866,-0.29843817581578497,0.5867174592629567,0.2217475747339866,-0.08731751506028963,0.02149148489970721,0.3774829969715081,0,APP008099,0.01564390502463836
0.7128170914866491,0.2217475747339866,0.8325034873269265,0.428529803805432,0.2217475747339866,-0.08731751506028963,0.5904081593270396,-0.09486472069567248,0,APP002011,0.02034449296474017
0.1980061451935998,0.2217475747339866,-0.05800312739151415,0.428529803805432,0.2217475747339866,-0.08731751506028963,-0.022769130482054166,0.08420843206427489,0,APP005703,0.02428872699607574
0.7128170914866491,0.2217475747339866,0.3825716911634094,0.5867174592629567,0.2217475747339866,0.5789806192848379,0.02149148489970721,0.08420843206427489,0,APP003558,0.0176683536199148
-0.065651348229771,0.2217475747339866,0.3825716911634094,0.5867174592629567,0.2217475747339866,0.5789806192848379,0.5904081593270396,0.08420843206427489,0,APP004173,0.025835365521542593
-1.0113351309460183,-0.5688287511575048,0.3825716911634094,-0.8721886363285156,-0.513258900002694,-0.6827730105067226,-0.022769130482054166,0.3774829969715081,0,APP006490,0.0926965359430471
-0.065651348229771,0.2217475747339866,0.3825716911634094,-0.09811915647475396,0.2217475747339866,-0.08731751506028963,-0.022769130482054166,0.08420843206427489,0,APP006727,0.03440375934941001
-0.065651348229771,0.2217475747339866,0.3825716911634094,0.428529803805432,0.2217475747339866,0.5789806192848379,0.02149148489970721,0.08420843206427489,0,APP003776,0.027608468030901005
0.1980061451935998,-0.5688287511575048,-0.29843817581578497,-0.09811915647475396,-0.8725111649557269,0.5789806192848379,-0.022769130482054166,0.08420843206427489,0,APP006613,0.04334017427398824
0.7128170914866491,0.2217475747339866,-0.05800312739151415,0.5867174592629567,0.2217475747339866,0.5789806192848379,0.02149148489970721,0.08420843206427489,0,APP004205,0.0176683536199148
-0.065651348229771,0.2217475747339866,0.8325034873269265,0.428529803805432,0.2217475747339866,0.5789806192848379,0.02149148489970721,0.08420843206427489,0,APP006725,0.027608468030901005
0.7128170914866491,0.2217475747339866,0.8325034873269265,0.428529803805432,0.2217475747339866,0.5789806192848379,0.02149148489970721,0.08420843206427489,0,APP006024,0.01889181720207367
-0.35013955019267534,0.2217475747339866,0.3825716911634094,-0.09811915647475396,0.2217475747339866,-0.08731751506028963,0.02149148489970721,-0.09486472069567248,0,APP006882,0.042407073740724076
-0.065651348229771,-0.5688287511575048,-0.29843817581578497,-0.09811915647475396,-0.8725111649557269,-0.08731751506028963,0.02149148489970721,0.08509771624915914,0,APP000176,0.049115183466189545
0.7128170914866491,0.2217475747339866,-0.29843817581578497,-0.09811915647475396,0.2217475747339866,-0.08731751506028963,0.02149148489970721,0.08420843206427489,0,APP000074,0.02359372923339286
0.1980061451935998,0.2217475747339866,-0.29843817581578497,-0.09811915647475396,0.2217475747339866,-0.08731751506028963,0.02149148489970721,0.08509771624915914,0,APP004899,0.03028136160620495
-1.0113351309460183,0.2217475747339866,-0.7645733282836001,-0.8721886363285156,0.2217475747339866,-0.6827730105067226,-0.8565108236092858,-0.09486472069567248,0,APP007846,0.07917854807375183
0.7128170914866491,0.2217475747339866,0.3825716911634094,0.428529803805432,0.2217475747339866,-0.08731751506028963,0.02149148489970721,0.08420843206427489,0,APP003882,0.01889181720207367
-0.065651348229771,0.2217475747339866,-0.29843817581578497,-0.8721886363285156,0.2217475747339866,0.5789806192848379,0.02149148489970721,0.3774829969715081,0,APP006033,0.042103654249744674
0.7128170914866491,0.2217475747339866,0.8325034873269265,-0.09811915647475396,0.2217475747339866,-0.08731751506028963,0.5904081593270396,0.08420843206427489,0,APP005288,0.02359372923339286
-0.065651348229771,0.2217475747339866,0.8325034873269265,-0.09811915647475396,0.2217475747339866,-0.08731751506028963,0.02149148489970721,0.08420843206427489,0,APP007468,0.03440375934941001
0.1980061451935998,0.2217475747339866,0.3825716911634094,-0.8721886363285156,0.2217475747339866,-0.08731751506028963,0.02149148489970721,0.3774829969715081,0,APP004464,0.037107473034896754
0.7128170914866491,0.2217475747339866,-0.05800312739151415,0.5867174592629567,0.2217475747339866,-0.08731751506028963,0.02149148489970721,0.08509771624915914,0,APP005801,0.01766184190117446
-1.0113351309460183,0.2217475747339866,-0.05800312739151415,-0.8721886363285156,0.2217475747339866,-0.08731751506028963,-0.8565108236092858,-0.09486472069567248,0,APP004064,0.07917854807375183
0.7128170914866491,0.2217475747339866,-0.29843817581578497,0.428529803805432,0.2217475747339866,0.5789806192848379,0.02149148489970721,0.08420843206427489,0,APP001398,0.01889181720207367
0.1980061451935998,0.2217475747339866,0.3825716911634094,0.5867174592629567,0.2217475747339866,0.5789806192848379,0.02149148489970721,0.08420843206427489,0,APP000136,0.02272384630511342
0.7128170914866491,0.2217475747339866,0.3825716911634094,0.428529803805432,0.2217475747339866,-0.08731751506028963,0.02149148489970721,0.3774829969715081,0,APP002912,0.01672957096901055
0.1980061451935998,0.2217475747339866,-0.29843817581578497,0.5867174592629567,0.2217475747339866,-0.08731751506028963,0.5904081593270396,0.08420843206427489,0,APP002891,0.02272384630511342
0.1980061451935998,-0.5688287511575048,-0.7645733282836001,-0.09811915647475396,-0.8725111649557269,-0.08731751506028963,-0.8565108236092858,-0.09486472069567248,0,APP004570,0.04658353216584163
-0.065651348229771,0.2217475747339866,-0.05800312739151415,0.5867174592629567,0.2217475747339866,-0.08731751506028963,0.02149148489970721,-0.09486472069567248,0,APP002173,0.02780682905467762
-0.065651348229771,0.2217475747339866,0.8325034873269265,0.428529803805432,0.2217475747339866,-0.08731751506028963,0.5904081593270396,-0.09486472069567248,0,APP005977,0.029711108117363834
0.7128170914866491,0.2217475747339866,0.8325034873269265,0.5867174592629567,0.2217475747339866,-0.08731751506028963,0.02149148489970721,0.08420843206427489,0,APP008813,0.0176683536199148
0.7128170914866491,0.2217475747339866,-0.05800312739151415,-0.09811915647475396,0.2217475747339866,0.5789806192848379,0.02149148489970721,0.08420843206427489,0,APP008409,0.02359372923339286
0.1980061451935998,0.2217475747339866,0.3825716911634094,0.5867174592629567,0.2217475747339866,-0.08731751506028963,0.02149148489970721,-0.09486472069567248,0,APP004950,0.024463836449831418
-0.065651348229771,0.2217475747339866,-0.29843817581578497,-0.09811915647475396,0.2217475747339866,-0.08731751506028963,-0.022769130482054166,-0.09486472069567248,1,APP002296,0.037004229377386705
0.7128170914866491,0.2217475747339866,-0.05800312739151415,0.5867174592629567,0.2217475747339866,-0.08731751506028963,0.5904081593270396,0.08509771624915914,0,APP000120,0.01766184190117446
0.7128170914866491,0.2217475747339866,0.3825716911634094,-0.09811915647475396,0.2217475747339866,-0.08731751506028963,0.5904081593270396,0.08420843206427489,0,APP003351,0.02359372923339286
0.1980061451935998,0.2217475747339866,-0.05800312739151415,-0.09811915647475396,0.2217475747339866,0.5789806192848379,0.5904081593270396,0.08420843206427489,0,APP001833,0.030292382522712033
-0.065651348229771,0.2217475747339866,0.3825716911634094,0.428529803805432,0.2217475747339866,-0.08731751506028963,0.02149148489970721,0.08420843206427489,0,APP006477,0.027608468030901005
-0.065651348229771,0.2217475747339866,-0.05800312739151415,0.5867174592629567,0.2217475747339866,0.5789806192848379,0.02149148489970721,0.08420843206427489,0,APP006107,0.025835365521542593
0.7128170914866491,0.2217475747339866,-0.05800312739151415,-0.09811915647475396,0.2217475747339866,-0.08731751506028963,0.5904081593270396,0.3774829969715081,0,APP000811,0.020904796424193146
0.1980061451935998,0.2217475747339866,0.3825716911634094,-0.09811915647475396,0.2217475747339866,0.5789806192848379,0.02149148489970721,0.08420843206427489,0,APP002054,0.030292382522712033
0.7128170914866491,0.2217475747339866,-0.05800312739151415,0.428529803805432,0.2217475747339866,0.5789806192848379,0.02149148489970721,0.3774829969715081,0,APP002280,0.01672957096901055
-0.35013955019267534,0.2217475747339866,0.3825716911634094,-0.8721886363285156,0.2217475747339866,-0.08731751506028963,0.5904081593270396,0.08420843206427489,0,APP005604,0.05422086078018935
-1.0113351309460183,-0.5688287511575048,-0.05800312739151415,-0.09811915647475396,-0.513258900002694,-0.08731751506028963,-0.022769130482054166,0.08420843206427489,0,APP003809,0.07648299616356238
-0.065651348229771,0.2217475747339866,0.8325034873269265,-0.09811915647475396,0.2217475747339866,0.5789806192848379,0.5904081593270396,0.08420843206427489,0,APP007210,0.03440375934941001
0.1980061451935998,0.2217475747339866,-0.7645733282836001,-0.09811915647475396,0.2217475747339866,-0.6827730105067226,0.02149148489970721,0.08420843206427489,0,APP006700,0.030292382522712033
-1.0113351309460183,-0.8003405521422314,-0.05800312739151415,-0.8721886363285156,-1.197437410579879,-0.6827730105067226,-0.022769130482054166,0.08420843206427489,0,APP007366,0.11420038121343451
0.7128170914866491,0.2217475747339866,0.3825716911634094,0.5867174592629567,0.2217475747339866,0.5789806192848379,0.5904081593270396,0.08420843206427489,0,APP004274,0.0176683536199148
-0.35013955019267534,-0.5688287511575048,-0.29843817581578497,-0.09811915647475396,-0.9834263428289417,-0.08731751506028963,-0.8565108236092858,0.08509771624915914,0,APP000979,0.05618313669498817
0.1980061451935998,0.2217475747339866,0.3825716911634094,0.5867174592629567,0.2217475747339866,0.5789806192848379,0.02149148489970721,0.08420843206427489,0,APP004202,0.02272384630511342
0.7128170914866491,0.2217475747339866,-0.05800312739151415,0.5867174592629567,0.2217475747339866,-0.08731751506028963,0.02149148489970721,0.08420843206427489,0,APP001291,0.0176683536199148
0.7128170914866491,0.2217475747339866,-0.05800312739151415,0.428529803805432,0.2217475747339866,-0.08731751506028963,0.5904081593270396,0.3774829969715081,0,APP003785,0.01672957096901055
0.7128170914866491,0.2217475747339866,0.8325034873269265,0.428529803805432,0.2217475747339866,0.5789806192848379,0.5904081593270396,0.08420843206427489,0,APP008528,0.01889181720207367
0.1980061451935998,0.2217475747339866,-0.7645733282836001,-0.09811915647475396,0.2217475747339866,-0.08731751506028963,0.02149148489970721,0.3774829969715081,0,APP003845,0.026861018938613507
0.7128170914866491,0.2217475747339866,-0.05800312739151415,0.5867174592629567,0.2217475747339866,-0.08731751506028963,0.02149148489970721,0.08420843206427489,0,APP006654,0.0176683536199148
0.7128170914866491,-0.5688287511575048,-0.29843817581578497,-0.09811915647475396,-0.8725111649557269,-0.08731751506028963,0.02149148489970721,0.08420843206427489,0,APP003116,0.033856959401558216
0.7128170914866491,0.2217475747339866,-0.05800312739151415,-0.8721886363285156,0.2217475747339866,-0.08731751506028963,0.02149148489970721,0.08509771624915914,0,APP006497,0.03262379023070027
0.1980061451935998,0.2217475747339866,-0.05800312739151415,-0.09811915647475396,0.2217475747339866,0.5789806192848379,0.02149148489970721,0.08420843206427489,0,APP006180,0.030292382522712033
0.1980061451935998,0.2217475747339866,-0.7645733282836001,0.5867174592629567,0.2217475747339866,0.5789806192848379,0.02149148489970721,0.08420843206427489,0,APP002649,0.02272384630511342
0.7128170914866491,0.2217475747339866,0.8325034873269265,0.428529803805432,0.2217475747339866,0.5789806192848379,0.5904081593270396,0.3774829969715081,0,APP007150,0.01672957096901055
-0.065651348229771,0.2217475747339866,-0.05800312739151415,-0.09811915647475396,0.2217475747339866,-0.08731751506028963,0.02149148489970721,0.3774829969715081,0,APP006358,0.03052133866757444
-0.065651348229771,0.2217475747339866,0.3825716911634094,0.5867174592629567,0.2217475747339866,-0.08731751506028963,0.5904081593270396,-0.09486472069567248,0,APP001551,0.02780682905467762
0.1980061451935998,0.2217475747339866,-0.29843817581578497,0.5867174592629567,0.2217475747339866,-0.08731751506028963,-0.8565108236092858,0.3774829969715081,0,APP007983,0.020132008318873924
-1.0113351309460183,-1.910002676996926,-0.05800312739151415,-0.09811915647475396,-0.8725111649557269,-0.08731751506028963,-0.022769130482054166,0.08509771624915914,0,APP006633,0.13460126802474623
-0.065651348229771,0.2217475747339866,-0.29843817581578497,-0.09811915647475396,0.2217475747339866,0.5789806192848379,-0.022769130482054166,0.3774829969715081,0,APP007085,0.03052133866757444
0.7128170914866491,0.2217475747339866,-0.7645733282836001,0.5867174592629567,0.2217475747339866,-0.08731751506028963,0.02149148489970721,0.08420843206427489,0,APP003741,0.0176683536199148
-0.065651348229771,0.2217475747339866,-0.29843817581578497,0.428529803805432,0.2217475747339866,-0.08731751506028963,0.5904081593270396,0.08420843206427489,0,APP007963,0.027608468030901005
-0.35013955019267534,0.2217475747339866,0.3825716911634094,-0.09811915647475396,0.2217475747339866,-0.08731751506028963,0.02149148489970721,0.08509771624915914,0,APP003273,0.0394282557726393
0.7128170914866491,0.2217475747339866,-0.05800312739151415,0.428529803805432,0.2217475747339866,-0.08731751506028963,0.5904081593270396,0.08420843206427489,1,APP007553,0.01889181720207367
-1.0113351309460183,-0.8003405521422314,-0.7645733282836001,-0.8721886363285156,-0.513258900002694,-0.08731751506028963,-0.8565108236092858,0.08509771624915914,0,APP008539,0.11416242698321287
-1.0113351309460183,0.2217475747339866,-0.05800312739151415,0.5867174592629567,0.2217475747339866,-0.08731751506028963,0.5904081593270396,0.08509771624915914,0,APP006164,0.040758339698625266
-0.065651348229771,0.2217475747339866,-0.29843817581578497,-0.09811915647475396,0.2217475747339866,-0.6827730105067226,0.5904081593270396,0.08420843206427489,0,APP004244,0.03440375934941001
-0.35013955019267534,0.2217475747339866,-0.7645733282836001,0.5867174592629567,0.2217475747339866,-0.08731751506028963,0.02149148489970721,0.08509771624915914,0,APP001738,0.029646912134968225
-0.35013955019267534,0.2217475747339866,0.3825716911634094,0.428529803805432,0.2217475747339866,0.5789806192848379,0.02149148489970721,0.3774829969715081,0,APP003704,0.028100112110231962
0.7128170914866491,0.2217475747339866,0.3825716911634094,-0.09811915647475396,0.2217475747339866,-0.08731751506028963,-0.022769130482054166,0.08420843206427489,0,APP003370,0.02359372923339286
-1.0113351309460183,-0.8003405521422314,-0.29843817581578497,-0.09811915647475396,-1.197437410579879,-0.08731751506028963,-0.022769130482054166,0.08509771624915914,0,APP005167,0.08450619632279699
-1.0113351309460183,0.2217475747339866,-0.29843817581578497,-0.8721886363285156,0.2217475747339866,0.5789806192848379,-0.022769130482054166,0.08420843206427489,0,APP008570,0.07384154130962636
-0.35013955019267534,0.2217475747339866,-0.05800312739151415,-0.8721886363285156,0.2217475747339866,-0.08731751506028963,0.02149148489970721,0.08420843206427489,0,APP006417,0.05422086078018935
0.1980061451935998,0.2217475747339866,-0.05800312739151415,0.428529803805432,0.2217475747339866,-0.08731751506028963,0.02149148489970721,0.08420843206427489,1,APP002111,0.02428872699607574
0.1980061451935998,0.2217475747339866,0.3825716911634094,-0.09811915647475396,0.2217475747339866,0.5789806192848379,0.02149148489970721,0.08420843206427489,0,APP006501,0.030292382522712033
0.7128170914866491,0.2217475747339866,0.3825716911634094,0.5867174592629567,0.2217475747339866,0.5789806192848379,0.02149148489970721,0.08420843206427489,0,APP003212,0.0176683536199148
-0.065651348229771,0.2217475747339866,0.8325034873269265,0.428529803805432,0.2217475747339866,0.5789806192848379,0.02149148489970721,0.08420843206427489,0,APP000297,0.027608468030901005
-0.35013955019267534,0.2217475747339866,0.3825716911634094,0.5867174592629567,0.2217475747339866,-0.6827730105067226,0.02149148489970721,-0.09486472069567248,0,APP001663,0.03191129619574281
-0.065651348229771,0.2217475747339866,-0.05800312739151415,0.5867174592629567,0.2217475747339866,-0.08731751506028963,0.02149148489970721,0.08509771624915914,1,APP001430,0.025825922962349028
-0.35013955019267534,0.2217475747339866,0.3825716911634094,-0.09811915647475396,0.2217475747339866,-0.6827730105067226,-0.022769130482054166,-0.09486472069567248,0,APP006515,0.042407073740724076
0.7128170914866491,0.2217475747339866,0.8325034873269265,0.428529803805432,0.2217475747339866,0.5789806192848379,0.02149148489970721,0.08420843206427489,1,APP005082,0.01889181720207367
0.7128170914866491,0.2217475747339866,0.8325034873269265,-0.09811915647475396,0.2217475747339866,0.5789806192848379,0.02149148489970721,0.08420843206427489,0,APP005966,0.02359372923339286
0.7128170914866491,0.2217475747339866,-0.05800312739151415,0.428529803805432,0.2217475747339866,0.5789806192848379,0.02149148489970721,0.08420843206427489,0,APP001435,0.01889181720207367
-0.35013955019267534,0.2217475747339866,-0.05800312739151415,-0.09811915647475396,0.2217475747339866,-0.08731751506028963,0.02149148489970721,0.3774829969715081,0,APP003612,0.035012055071022154
-0.065651348229771,0.2217475747339866,-0.05800312739151415,0.5867174592629567,0.2217475747339866,-0.08731751506028963,0.5904081593270396,0.08420843206427489,0,APP008448,0.025835365521542593
-0.065651348229771,0.2217475747339866,-0.05800312739151415,0.5867174592629567,0.2217475747339866,-0.08731751506028963,0.5904081593270396,0.08420843206427489,0,APP002559,0.025835365521542593
-0.065651348229771,0.2217475747339866,0.8325034873269265,0.428529803805432,0.2217475747339866,0.5789806192848379,0.02149148489970721,0.08420843206427489,0,APP003171,0.027608468030901005
0.7128170914866491,0.2217475747339866,0.3825716911634094,0.428529803805432,0.2217475747339866,-0.08731751506028963,-0.022769130482054166,0.3774829969715081,0,APP000150,0.01672957096901055
0.1980061451935998,0.2217475747339866,-0.05800312739151415,-0.8721886363285156,0.2217475747339866,0.5789806192848379,0.5904081593270396,0.3774829969715081,0,APP003826,0.037107473034896754
0.7128170914866491,0.2217475747339866,0.3825716911634094,0.5867174592629567,0.2217475747339866,-0.08731751506028963,0.5904081593270396,0.3774829969715081,0,APP005459,0.01564390502463836
-0.35013955019267534,0.2217475747339866,-0.29843817581578497,-0.09811915647475396,0.2217475747339866,-0.08731751506028963,0.5904081593270396,0.08420843206427489,0,APP002574,0.03944247030090972
0.1980061451935998,0.2217475747339866,-0.05800312739151415,0.5867174592629567,0.2217475747339866,-0.08731751506028963,0.02149148489970721,0.3774829969715081,0,APP007792,0.020132008318873924
-0.35013955019267534,-1.910002676996926,-0.7645733282836001,-0.09811915647475396,-1.197437410579879,-0.6827730105067226,-0.8565108236092858,-1.527679097450456,1,APP000159,0.1809161344844887
0.7128170914866491,0.2217475747339866,0.3825716911634094,-0.09811915647475396,0.2217475747339866,0.5789806192848379,0.02149148489970721,0.3774829969715081,0,APP002610,0.020904796424193146
-0.065651348229771,0.2217475747339866,-0.05800312739151415,-0.09811915647475396,0.2217475747339866,-0.08731751506028963,-0.022769130482054166,0.08420843206427489,0,APP003731,0.03440375934941001
0.1980061451935998,0.2217475747339866,0.8325034873269265,-0.09811915647475396,0.2217475747339866,-0.08731751506028963,0.02149148489970721,0.3774829969715081,0,APP000327,0.026861018938613507
-1.0113351309460183,-1.910002676996926,-0.7645733282836001,-0.8721886363285156,-0.9834263428289417,-0.6827730105067226,-0.8565108236092858,-1.527679097450456,0,APP004879,0.30014529727952793
0.7128170914866491,0.2217475747339866,0.8325034873269265,0.428529803805432,0.2217475747339866,0.5789806192848379,0.5904081593270396,0.08420843206427489,0,APP003896,0.01889181720207367
0.1980061451935998,0.2217475747339866,0.3825716911634094,0.428529803805432,0.2217475747339866,0.5789806192848379,0.02149148489970721,0.3774829969715081,0,APP001980,0.021522332527870086
-0.35013955019267534,0.2217475747339866,-0.05800312739151415,-0.8721886363285156,0.2217475747339866,-0.08731751506028963,0.02149148489970721,-0.09486472069567248,0,APP006216,0.058228912647221596
-0.065651348229771,0.2217475747339866,-0.29843817581578497,-0.09811915647475396,0.2217475747339866,-0.08731751506028963,-0.8565108236092858,0.3774829969715081,0,APP000669,0.03052133866757444
-0.065651348229771,0.2217475747339866,0.3825716911634094,0.5867174592629567,0.2217475747339866,0.5789806192848379,0.02149148489970721,0.08420843206427489,0,APP002455,0.025835365521542593
-0.065651348229771,0.2217475747339866,-0.05800312739151415,-0.09811915647475396,0.2217475747339866,-0.08731751506028963,0.02149148489970721,-0.09486472069567248,0,APP000375,0.037004229377386705
-0.35013955019267534,-0.8003405521422314,-0.7645733282836001,-0.8721886363285156,-0.8725111649557269,-0.08731751506028963,-0.8565108236092858,-0.09486472069567248,0,APP004989,0.09089195348387312
0.1980061451935998,0.2217475747339866,-0.29843817581578497,-0.09811915647475396,0.2217475747339866,-0.08731751506028963,0.02149148489970721,0.08509771624915914,0,APP001421,0.03028136160620495
0.1980061451935998,0.2217475747339866,-0.05800312739151415,0.5867174592629567,0.2217475747339866,0.5789806192848379,0.02149148489970721,0.08420843206427489,0,APP002937,0.02272384630511342
0.7128170914866491,0.2217475747339866,-0.29843817581578497,0.428529803805432,0.2217475747339866,-0.08731751506028963,0.02149148489970721,0.08509771624915914,0,APP002383,0.018884863241121562
-0.065651348229771,0.2217475747339866,0.3825716911634094,0.428529803805432,0.2217475747339866,-0.08731751506028963,0.02149148489970721,0.3774829969715081,0,APP004279,0.024473451480688066
-0.065651348229771,0.2217475747339866,-0.05800312739151415,0.428529803805432,0.2217475747339866,-0.08731751506028963,0.02149148489970721,0.08420843206427489,0,APP002624,0.027608468030901005
0.7128170914866491,0.2217475747339866,-0.29843817581578497,-0.09811915647475396,0.2217475747339866,-0.08731751506028963,0.5904081593270396,-0.09486472069567248,0,APP003152,0.0253985961957803
0.7128170914866491,0.2217475747339866,0.3825716911634094,0.428529803805432,0.2217475747339866,-0.08731751506028963,0.02149148489970721,0.08509771624915914,0,APP006299,0.018884863241121562
-0.065651348229771,0.2217475747339866,0.8325034873269265,0.5867174592629567,0.2217475747339866,0.5789806192848379,0.02149148489970721,0.08420843206427489,0,APP001241,0.025835365521542593
0.7128170914866491,0.2217475747339866,0.3825716911634094,0.428529803805432,0.2217475747339866,0.5789806192848379,0.5904081593270396,0.08420843206427489,1,APP005334,0.01889181720207367
0.7128170914866491,0.2217475747339866,0.8325034873269265,0.5867174592629567,0.2217475747339866,0.5789806192848379,0.02149148489970721,0.08420843206427489,0,APP008207,0.0176683536199148
0.7128170914866491,0.2217475747339866,0.3825716911634094,-0.09811915647475396,0.2217475747339866,-0.08731751506028963,0.5904081593270396,0.08420843206427489,0,APP006762,0.02359372923339286
0.1980061451935998,0.2217475747339866,-0.05800312739151415,-0.09811915647475396,0.2217475747339866,-0.08731751506028963,0.02149148489970721,0.08509771624915914,0,APP006298,0.03028136160620495
-0.35013955019267534,0.2217475747339866,-0.05800312739151415,0.5867174592629567,0.2217475747339866,-0.08731751506028963,0.5904081593270396,0.08420843206427489,1,APP000665,0.0296577092053339
0.7128170914866491,0.2217475747339866,-0.05800312739151415,0.5867174592629567,0.2217475747339866,-0.08731751506028963,0.02149148489970721,0.08420843206427489,0,APP004488,0.0176683536199148
0.7128170914866491,0.2217475747339866,0.3825716911634094,0.428529803805432,0.2217475747339866,-0.08731751506028963,0.5904081593270396,0.08420843206427489,0,APP005658,0.01889181720207367
0.1980061451935998,0.2217475747339866,0.3825716911634094,-0.8721886363285156,0.2217475747339866,0.5789806192848379,0.02149148489970721,0.3774829969715081,0,APP007949,0.037107473034896754
-0.35013955019267534,0.2217475747339866,-0.7645733282836001,-0.8721886363285156,0.2217475747339866,-0.08731751506028963,-0.8565108236092858,0.08420843206427489,1,APP007818,0.05422086078018935
-1.0113351309460183,0.2217475747339866,-0.05800312739151415,-0.09811915647475396,0.2217475747339866,0.5789806192848379,0.02149148489970721,0.08420843206427489,1,APP005287,0.05402080951084046
-0.065651348229771,0.2217475747339866,-0.05800312739151415,0.5867174592629567,0.2217475747339866,-0.08731751506028963,0.02149148489970721,0.3774829969715081,0,APP008097,0.02289694860171144
-0.35013955019267534,0.2217475747339866,0.3825716911634094,-0.09811915647475396,0.2217475747339866,-0.08731751506028963,-0.022769130482054166,0.08420843206427489,0,APP006294,0.03944247030090972
-0.35013955019267534,0.2217475747339866,0.3825716911634094,0.428529803805432,0.2217475747339866,-0.08731751506028963,0.02149148489970721,-0.09486472069567248,0,APP001416,0.0340868038233671
0.7128170914866491,0.2217475747339866,-0.29843817581578497,0.5867174592629567,0.2217475747339866,0.5789806192848379,0.02149148489970721,0.08420843206427489,0,APP004319,0.0176683536199148
0.1980061451935998,-0.5688287511575048,-0.29843817581578497,-0.09811915647475396,-0.9834263428289417,-0.08731751506028963,0.02149148489970721,0.08420843206427489,0,APP008235,0.04334017427398824
0.7128170914866491,0.2217475747339866,0.3825716911634094,-0.09811915647475396,0.2217475747339866,-0.08731751506028963,-0.022769130482054166,-0.09486472069567248,0,APP007276,0.0253985961957803
0.7128170914866491,0.2217475747339866,0.8325034873269265,0.5867174592629567,0.2217475747339866,-0.08731751506028963,0.5904081593270396,0.08420843206427489,0,APP008338,0.0176683536199148
-0.065651348229771,0.2217475747339866,-0.7645733282836001,-0.09811915647475396,0.2217475747339866,0.5789806192848379,0.5904081593270396,0.08420843206427489,0,APP000931,0.03440375934941001
-0.35013955019267534,0.2217475747339866,-0.05800312739151415,0.5867174592629567,0.2217475747339866,0.5789806192848379,-0.022769130482054166,0.08420843206427489,0,APP003554,0.0296577092053339
-0.35013955019267534,0.2217475747339866,-0.05800312739151415,-0.8721886363285156,0.2217475747339866,-0.08731751506028963,-0.022769130482054166,0.08509771624915914,0,APP000766,0.05420162084918719
-0.35013955019267534,0.2217475747339866,-0.7645733282836001,-0.09811915647475396,0.2217475747339866,0.5789806192848379,0.02149148489970721,0.08420843206427489,0,APP008003,0.03944247030090972
-0.065651348229771,0.2217475747339866,-0.29843817581578497,0.5867174592629567,0.2217475747339866,-0.08731751506028963,0.5904081593270396,0.3774829969715081,0,APP000463,0.02289694860171144
-0.065651348229771,0.2217475747339866,-0.29843817581578497,-0.09811915647475396,0.2217475747339866,-0.6827730105067226,-0.022769130482054166,0.08509771624915914,0,APP006053,0.03439129568892732
-0.065651348229771,0.2217475747339866,0.3825716911634094,-0.09811915647475396,0.2217475747339866,0.5789806192848379,0.5904081593270396,0.08420843206427489,0,APP000143,0.03440375934941001
-0.35013955019267534,0.2217475747339866,-0.29843817581578497,-0.8721886363285156,0.2217475747339866,-0.08731751506028963,0.02149148489970721,0.08420843206427489,0,APP005974,0.05422086078018935
0.7128170914866491,0.2217475747339866,0.8325034873269265,0.5867174592629567,0.2217475747339866,0.5789806192848379,0.02149148489970721,0.3774829969715081,0,APP000757,0.01564390502463836
-1.0113351309460183,-1.910002676996926,-0.7645733282836001,-0.8721886363285156,-0.8725111649557269,-0.6827730105067226,-0.8565108236092858,-1.527679097450456,1,APP001977,0.30014529727952793
0.7128170914866491,0.2217475747339866,0.3825716911634094,0.428529803805432,0.2217475747339866,0.5789806192848379,0.5904081593270396,0.08420843206427489,0,APP004634,0.01889181720207367
-0.065651348229771,0.2217475747339866,0.3825716911634094,-0.09811915647475396,0.2217475747339866,-0.08731751506028963,0.02149148489970721,-0.09486472069567248,0,APP000450,0.037004229377386705
-0.35013955019267534,0.2217475747339866,-0.05800312739151415,0.5867174592629567,0.2217475747339866,0.5789806192848379,0.5904081593270396,0.3774829969715081,0,APP008225,0.026296288551937438
-0.065651348229771,0.2217475747339866,-0.05800312739151415,0.428529803805432,0.2217475747339866,0.5789806192848379,0.5904081593270396,0.08420843206427489,0,APP002894,0.027608468030901005
0.1980061451935998,-0.5688287511575048,-0.29843817581578497,-0.09811915647475396,-0.513258900002694,-0.6827730105067226,-0.8565108236092858,-1.527679097450456,0,APP006870,0.08209603880917955
-0.065651348229771,0.2217475747339866,0.8325034873269265,0.5867174592629567,0.2217475747339866,0.5789806192848379,0.02149148489970721,0.08420843206427489,0,APP000484,0.025835365521542593
0.1980061451935998,0.2217475747339866,0.3825716911634094,0.5867174592629567,0.2217475747339866,-0.08731751506028963,0.02149148489970721,0.08420843206427489,0,APP007361,0.02272384630511342
0.1980061451935998,-1.910002676996926,-0.05800312739151415,-0.09811915647475396,-0.513258900002694,-0.08731751506028963,0.5904081593270396,-0.09486472069567248,0,APP008317,0.0840783109567996
0.1980061451935998,0.2217475747339866,-0.05800312739151415,0.428529803805432,0.2217475747339866,-0.08731751506028963,0.02149148489970721,0.3774829969715081,0,APP005041,0.021522332527870086
0.7128170914866491,0.2217475747339866,0.3825716911634094,-0.09811915647475396,0.2217475747339866,0.5789806192848379,0.5904081593270396,0.08420843206427489,0,APP003593,0.02359372923339286
0.1980061451935998,0.2217475747339866,-0.05800312739151415,-0.09811915647475396,0.2217475747339866,-0.08731751506028963,-0.022769130482054166,0.3774829969715081,0,APP002398,0.026861018938613507
-0.065651348229771,0.2217475747339866,0.3825716911634094,0.428529803805432,0.2217475747339866,0.5789806192848379,0.02149148489970721,0.08420843206427489,0,APP000183,0.027608468030901005
-0.065651348229771,-0.5688287511575048,-0.05800312739151415,-0.09811915647475396,-1.197437410579879,-0.08731751506028963,0.02149148489970721,0.08420843206427489,0,APP002817,0.04913271166067861
0.7128170914866491,0.2217475747339866,0.8325034873269265,0.428529803805432,0.2217475747339866,0.5789806192848379,0.02149148489970721,0.08420843206427489,0,APP003654,0.01889181720207367
0.7128170914866491,0.2217475747339866,0.8325034873269265,0.428529803805432,0.2217475747339866,-0.6827730105067226,0.02149148489970721,0.3774829969715081,0,APP005326,0.01672957096901055
-1.0113351309460183,-0.5688287511575048,0.3825716911634094,-0.09811915647475396,-0.9834263428289417,-0.08731751506028963,-0.8565108236092858,0.08420843206427489,0,APP000077,0.07648299616356238
-1.0113351309460183,0.2217475747339866,-0.7645733282836001,-0.09811915647475396,0.2217475747339866,-0.6827730105067226,-0.8565108236092858,0.08420843206427489,0,APP004314,0.05402080951084046
-0.065651348229771,0.2217475747339866,-0.05800312739151415,0.5867174592629567,0.2217475747339866,-0.08731751506028963,0.02149148489970721,-0.09486472069567248,0,APP006089,0.02780682905467762
-0.35013955019267534,0.2217475747339866,-0.05800312739151415,-0.09811915647475396,0.2217475747339866,-0.08731751506028963,-0.022769130482054166,-0.09486472069567248,0,APP007440,0.042407073740724076
0.7128170914866491,0.2217475747339866,-0.05800312739151415,-0.09811915647475396,0.2217475747339866,-0.08731751506028963,0.02149148489970721,0.08420843206427489,0,APP005024,0.02359372923339286
-0.065651348229771,0.2217475747339866,-0.05800312739151415,0.5867174592629567,0.2217475747339866,-0.08731751506028963,0.02149148489970721,-0.09486472069567248,0,APP007719,0.02780682905467762
-1.0113351309460183,0.2217475747339866,-0.29843817581578497,-0.8721886363285156,0.2217475747339866,-0.6827730105067226,0.02149148489970721,0.08509771624915914,0,APP005574,0.07381588249321112
0.7128170914866491,0.2217475747339866,-0.05800312739151415,-0.09811915647475396,0.2217475747339866,0.5789806192848379,0.02149148489970721,0.08420843206427489,0,APP003168,0.02359372923339286
0.7128170914866491,0.2217475747339866,0.8325034873269265,0.428529803805432,0.2217475747339866,0.5789806192848379,0.02149148489970721,0.08420843206427489,0,APP007572,0.01889181720207367
0.7128170914866491,0.2217475747339866,-0.05800312739151415,0.428529803805432,0.2217475747339866,0.5789806192848379,0.02149148489970721,0.08420843206427489,0,APP001855,0.01889181720207367
0.1980061451935998,0.2217475747339866,-0.29843817581578497,-0.8721886363285156,0.2217475747339866,0.5789806192848379,0.02149148489970721,0.08420843206427489,0,APP005098,0.041791558609494746
0.7128170914866491,0.2217475747339866,-0.05800312739151415,0.428529803805432,0.2217475747339866,0.5789806192848379,0.5904081593270396,0.08420843206427489,0,APP000552,0.01889181720207367
0.1980061451935998,0.2217475747339866,-0.05800312739151415,-0.09811915647475396,0.2217475747339866,-0.08731751506028963,-0.022769130482054166,-0.09486472069567248,0,APP005174,0.03259257627661918
0.7128170914866491,0.2217475747339866,-0.05800312739151415,-0.09811915647475396,0.2217475747339866,0.5789806192848379,0.02149148489970721,0.08420843206427489,0,APP005878,0.02359372923339286
0.1980061451935998,0.2217475747339866,-0.29843817581578497,0.5867174592629567,0.2217475747339866,0.5789806192848379,-0.022769130482054166,0.08420843206427489,0,APP008990,0.02272384630511342
0.1980061451935998,-0.5688287511575048,-0.7645733282836001,0.428529803805432,-1.197437410579879,-0.08731751506028963,-0.8565108236092858,0.08420843206427489,0,APP000503,0.03484349142942677
-0.35013955019267534,0.2217475747339866,0.3825716911634094,-0.09811915647475396,0.2217475747339866,-0.08731751506028963,0.5904081593270396,0.08420843206427489,0,APP008007,0.03944247030090972
-1.0113351309460183,-0.5688287511575048,-0.05800312739151415,-0.8721886363285156,-1.197437410579879,-0.08731751506028963,-0.022769130482054166,0.3774829969715081,0,APP002633,0.0926965359430471
-0.065651348229771,0.2217475747339866,-0.29843817581578497,-0.09811915647475396,0.2217475747339866,-0.08731751506028963,0.5904081593270396,0.08420843206427489,0,APP003850,0.03440375934941001
-0.065651348229771,0.2217475747339866,-0.29843817581578497,-0.8721886363285156,0.2217475747339866,-0.08731751506028963,0.02149148489970721,0.08420843206427489,0,APP002730,0.04738737154686286
0.7128170914866491,0.2217475747339866,0.8325034873269265,0.5867174592629567,0.2217475747339866,-0.08731751506028963,0.02149148489970721,-0.09486472069567248,0,APP004725,0.019028776483465123
0.7128170914866491,0.2217475747339866,0.8325034873269265,0.428529803805432,0.2217475747339866,0.5789806192848379,0.02149148489970721,0.08420843206427489,0,APP004077,0.01889181720207367
-1.0113351309460183,0.2217475747339866,-0.29843817581578497,-0.8721886363285156,0.2217475747339866,-0.08731751506028963,-0.8565108236092858,0.08420843206427489,0,APP002484,0.07384154130962636
-0.35013955019267534,0.2217475747339866,-0.05800312739151415,-0.09811915647475396,0.2217475747339866,0.5789806192848379,0.02149148489970721,0.08420843206427489,0,APP004367,0.03944247030090972
-0.065651348229771,0.2217475747339866,0.3825716911634094,0.5867174592629567,0.2217475747339866,0.5789806192848379,0.02149148489970721,0.08420843206427489,0,APP002362,0.025835365521542593
-0.065651348229771,0.2217475747339866,-0.7645733282836001,0.428529803805432,0.2217475747339866,-0.08731751506028963,0.02149148489970721,-0.09486472069567248,0,APP002213,0.029711108117363834
0.1980061451935998,0.2217475747339866,-0.7645733282836001,0.5867174592629567,0.2217475747339866,-0.08731751506028963,0.02149148489970721,-0.09486472069567248,0,APP002195,0.024463836449831418
-0.35013955019267534,-0.5688287511575048,-0.05800312739151415,-0.09811915647475396,-1.197437410579879,-0.08731751506028963,-0.022769130482054166,0.08509771624915914,0,APP007816,0.05618313669498817
0.1980061451935998,0.2217475747339866,-0.05800312739151415,-0.09811915647475396,0.2217475747339866,0.5789806192848379,-0.022769130482054166,0.08420843206427489,0,APP004215,0.030292382522712033
0.1980061451935998,0.2217475747339866,0.3825716911634094,-0.09811915647475396,0.2217475747339866,-0.08731751506028963,0.5904081593270396,-0.09486472069567248,0,APP000939,0.03259257627661918
0.7128170914866491,0.2217475747339866,0.8325034873269265,0.5867174592629567,0.2217475747339866,0.5789806192848379,0.02149148489970721,0.08420843206427489,0,APP003768,0.0176683536199148
-0.065651348229771,0.2217475747339866,0.3825716911634094,0.5867174592629567,0.2217475747339866,0.5789806192848379,0.02149148489970721,0.08420843206427489,0,APP001721,0.025835365521542593
-0.065651348229771,0.2217475747339866,0.8325034873269265,-0.09811915647475396,0.2217475747339866,-0.08731751506028963,0.02149148489970721,0.08420843206427489,0,APP003446,0.03440375934941001
-1.0113351309460183,0.2217475747339866,-0.29843817581578497,-0.8721886363285156,0.2217475747339866,-0.08731751506028963,0.02149148489970721,0.08420843206427489,0,APP002993,0.07384154130962636
0.7128170914866491,0.2217475747339866,0.3825716911634094,0.5867174592629567,0.2217475747339866,-0.08731751506028963,0.02149148489970721,0.08420843206427489,0,APP006573,0.0176683536199148
0.7128170914866491,0.2217475747339866,0.8325034873269265,0.428529803805432,0.2217475747339866,-0.08731751506028963,0.02149148489970721,-0.09486472069567248,0,APP004073,0.02034449296474017
-1.0113351309460183,0.2217475747339866,-0.05800312739151415,-0.8721886363285156,0.2217475747339866,-0.08731751506028963,0.02149148489970721,0.08509771624915914,0,APP002413,0.07381588249321112
-0.065651348229771,0.2217475747339866,-0.05800312739151415,0.5867174592629567,0.2217475747339866,0.5789806192848379,0.5904081593270396,0.08420843206427489,0,APP003658,0.025835365521542593
-0.065651348229771,0.2217475747339866,-0.29843817581578497,-0.09811915647475396,0.2217475747339866,-0.08731751506028963,0.02149148489970721,0.08420843206427489,0,APP006841,0.03440375934941001
0.7128170914866491,0.2217475747339866,-0.05800312739151415,0.5867174592629567,0.2217475747339866,0.5789806192848379,0.02149148489970721,0.3774829969715081,0,APP004955,0.01564390502463836
0.1980061451935998,0.2217475747339866,-0.05800312739151415,-0.09811915647475396,0.2217475747339866,-0.08731751506028963,0.02149148489970721,-0.09486472069567248,0,APP007981,0.03259257627661918
-0.065651348229771,0.2217475747339866,0.3825716911634094,0.5867174592629567,0.2217475747339866,-0.08731751506028963,0.02149148489970721,-0.09486472069567248,0,APP003798,0.02780682905467762
0.7128170914866491,0.2217475747339866,0.8325034873269265,0.428529803805432,0.2217475747339866,-0.08731751506028963,0.02149148489970721,0.3774829969715081,0,APP002363,0.01672957096901055
0.7128170914866491,0.2217475747339866,-0.29843817581578497,-0.09811915647475396,0.2217475747339866,0.5789806192848379,0.02149148489970721,0.08420843206427489,0,APP003982,0.02359372923339286
0.1980061451935998,0.2217475747339866,0.8325034873269265,-0.8721886363285156,0.2217475747339866,-0.08731751506028963,0.02149148489970721,0.08420843206427489,0,APP004646,0.041791558609494746
0.7128170914866491,0.2217475747339866,0.8325034873269265,0.428529803805432,0.2217475747339866,0.5789806192848379,0.02149148489970721,0.08420843206427489,0,APP002052,0.01889181720207367
0.7128170914866491,0.2217475747339866,0.3825716911634094,0.5867174592629567,0.2217475747339866,-0.08731751506028963,0.02149148489970721,-0.09486472069567248,0,APP001884,0.019028776483465123
-0.35013955019267534,0.2217475747339866,-0.05800312739151415,0.428529803805432,0.2217475747339866,-0.08731751506028963,-0.022769130482054166,0.08420843206427489,0,APP007810,0.031684610046371506
0.1980061451935998,-0.5688287511575048,-0.7645733282836001,-0.09811915647475396,-0.9834263428289417,-0.08731751506028963,-0.022769130482054166,0.08420843206427489,0,APP002887,0.04334017427398824
-1.0113351309460183,-0.5688287511575048,-0.29843817581578497,-0.8721886363285156,-0.513258900002694,-0.08731751506028963,0.02149148489970721,-0.09486472069567248,0,APP007301,0.11087540540922053
0.1980061451935998,-0.5688287511575048,-0.7645733282836001,-0.09811915647475396,-1.197437410579879,-0.08731751506028963,0.02149148489970721,0.08420843206427489,0,APP006144,0.04334017427398824
0.7128170914866491,0.2217475747339866,0.3825716911634094,0.5867174592629567,0.2217475747339866,-0.08731751506028963,0.02149148489970721,0.08420843206427489,0,APP004649,0.0176683536199148
-0.065651348229771,0.2217475747339866,0.8325034873269265,0.5867174592629567,0.2217475747339866,-0.08731751506028963,0.02149148489970721,0.08420843206427489,0,APP000345,0.025835365521542593
0.1980061451935998,0.2217475747339866,-0.05800312739151415,-0.09811915647475396,0.2217475747339866,-0.6827730105067226,0.02149148489970721,-1.527679097450456,0,APP002478,0.05808905485776677
0.7128170914866491,0.2217475747339866,-0.05800312739151415,-0.09811915647475396,0.2217475747339866,0.5789806192848379,0.02149148489970721,0.08420843206427489,0,APP002863,0.02359372923339286
-1.0113351309460183,0.2217475747339866,-0.05800312739151415,-0.09811915647475396,0.2217475747339866,-0.08731751506028963,0.02149148489970721,0.08420843206427489,0,APP002277,0.05402080951084046
-0.065651348229771,0.2217475747339866,-0.29843817581578497,0.5867174592629567,0.2217475747339866,-0.08731751506028963,0.5904081593270396,0.08420843206427489,0,APP008339,0.025835365521542593
-0.35013955019267534,0.2217475747339866,-0.05800312739151415,-0.09811915647475396,0.2217475747339866,-0.08731751506028963,-0.8565108236092858,0.08509771624915914,0,APP001225,0.0394282557726393
-0.35013955019267534,-0.8003405521422314,-0.29843817581578497,-0.09811915647475396,-0.9834263428289417,-0.6827730105067226,0.02149148489970721,0.08509771624915914,0,APP007684,0.06224221572973242
-0.35013955019267534,0.2217475747339866,-0.29843817581578497,-0.09811915647475396,0.2217475747339866,-0.08731751506028963,0.02149148489970721,-0.09486472069567248,0,APP005156,0.042407073740724076
0.7128170914866491,0.2217475747339866,0.8325034873269265,0.5867174592629567,0.2217475747339866,-0.08731751506028963,0.02149148489970721,0.08420843206427489,0,APP005509,0.0176683536199148
0.7128170914866491,0.2217475747339866,0.8325034873269265,0.428529803805432,0.2217475747339866,0.5789806192848379,0.5904081593270396,0.08420843206427489,0,APP003710,0.01889181720207367
0.7128170914866491,0.2217475747339866,0.8325034873269265,0.428529803805432,0.2217475747339866,0.5789806192848379,0.5904081593270396,0.08420843206427489,0,APP004190,0.01889181720207367
0.1980061451935998,0.2217475747339866,-0.05800312739151415,0.5867174592629567,0.2217475747339866,-0.6827730105067226,-0.022769130482054166,0.08509771624915914,0,APP005114,0.02271551445622887
0.1980061451935998,-0.5688287511575048,-0.05800312739151415,0.5867174592629567,-0.8725111649557269,-0.08731751506028963,0.02149148489970721,0.08420843206427489,0,APP002063,0.03262132105118561
-0.35013955019267534,0.2217475747339866,-0.29843817581578497,-0.09811915647475396,0.2217475747339866,-0.08731751506028963,0.02149148489970721,0.08509771624915914,0,APP005119,0.0394282557726393
-0.065651348229771,0.2217475747339866,0.3825716911634094,-0.09811915647475396,0.2217475747339866,-0.08731751506028963,-0.022769130482054166,0.08420843206427489,0,APP001506,0.03440375934941001
-0.065651348229771,0.2217475747339866,-0.29843817581578497,-0.09811915647475396,0.2217475747339866,-0.08731751506028963,0.5904081593270396,0.08509771624915914,0,APP004760,0.03439129568892732
0.1980061451935998,-0.5688287511575048,-0.7645733282836001,-0.8721886363285156,-1.197437410579879,-0.6827730105067226,-0.022769130482054166,0.08509771624915914,0,APP008440,0.05946752895211999
0.7128170914866491,0.2217475747339866,0.8325034873269265,0.5867174592629567,0.2217475747339866,-0.08731751506028963,0.5904081593270396,0.3774829969715081,0,APP007676,0.01564390502463836
-0.065651348229771,0.2217475747339866,0.3825716911634094,-0.09811915647475396,0.2217475747339866,0.5789806192848379,0.02149148489970721,0.08420843206427489,0,APP008559,0.03440375934941001
-0.35013955019267534,0.2217475747339866,-0.05800312739151415,0.5867174592629567,0.2217475747339866,-0.08731751506028963,-0.022769130482054166,-0.09486472069567248,0,APP006537,0.03191129619574281
-0.35013955019267534,0.2217475747339866,0.3825716911634094,0.5867174592629567,0.2217475747339866,0.5789806192848379,0.02149148489970721,0.08420843206427489,0,APP007415,0.0296577092053339
0.1980061451935998,-0.5688287511575048,-0.7645733282836001,-0.8721886363285156,-0.8725111649557269,-0.08731751506028963,-0.022769130482054166,0.3774829969715081,0,APP001231,0.05293048963191215
0.7128170914866491,0.2217475747339866,-0.05800312739151415,0.5867174592629567,0.2217475747339866,0.5789806192848379,0.02149148489970721,0.08420843206427489,0,APP001289,0.0176683536199148
0.7128170914866491,0.2217475747339866,0.8325034873269265,-0.09811915647475396,0.2217475747339866,-0.08731751506028963,0.02149148489970721,0.08420843206427489,0,APP001407,0.02359372923339286
0.1980061451935998,0.2217475747339866,-0.05800312739151415,-0.09811915647475396,0.2217475747339866,-0.08731751506028963,0.02149148489970721,0.08420843206427489,0,APP008188,0.030292382522712033
0.7128170914866491,0.2217475747339866,0.3825716911634094,-0.09811915647475396,0.2217475747339866,0.5789806192848379,0.02149148489970721,0.08420843206427489,0,APP001619,0.02359372923339286
-1.0113351309460183,0.2217475747339866,-0.05800312739151415,-0.09811915647475396,0.2217475747339866,-0.08731751506028963,-0.8565108236092858,0.08420843206427489,1,APP004277,0.05402080951084046
0.7128170914866491,0.2217475747339866,0.3825716911634094,0.428529803805432,0.2217475747339866,-0.08731751506028963,0.02149148489970721,0.08420843206427489,0,APP002224,0.01889181720207367
0.7128170914866491,0.2217475747339866,0.3825716911634094,0.428529803805432,0.2217475747339866,0.5789806192848379,0.02149148489970721,0.08420843206427489,0,APP003719,0.01889181720207367
0.1980061451935998,0.2217475747339866,-0.05800312739151415,0.5867174592629567,0.2217475747339866,0.5789806192848379,0.5904081593270396,0.08420843206427489,0,APP003185,0.02272384630511342
-0.065651348229771,0.2217475747339866,0.3825716911634094,0.5867174592629567,0.2217475747339866,-0.08731751506028963,0.5904081593270396,0.08420843206427489,0,APP000361,0.025835365521542593
-0.065651348229771,0.2217475747339866,-0.05800312739151415,-0.09811915647475396,0.2217475747339866,-0.08731751506028963,0.02149148489970721,0.08420843206427489,0,APP000360,0.03440375934941001
0.1980061451935998,0.2217475747339866,-0.7645733282836001,-0.09811915647475396,0.2217475747339866,0.5789806192848379,-0.8565108236092858,0.3774829969715081,0,APP008713,0.026861018938613507
0.7128170914866491,0.2217475747339866,-0.05800312739151415,-0.09811915647475396,0.2217475747339866,-0.6827730105067226,0.5904081593270396,-0.09486472069567248,0,APP002293,0.0253985961957803
-1.0113351309460183,0.2217475747339866,-0.7645733282836001,-0.8721886363285156,0.2217475747339866,-0.08731751506028963,0.02149148489970721,0.08420843206427489,0,APP005560,0.07384154130962636
-1.0113351309460183,0.2217475747339866,-0.7645733282836001,-0.09811915647475396,0.2217475747339866,0.5789806192848379,-0.022769130482054166,0.3774829969715081,0,APP004683,0.04803475569565855
-1.0113351309460183,0.2217475747339866,-0.7645733282836001,-0.8721886363285156,0.2217475747339866,-0.08731751506028963,0.02149148489970721,0.08509771624915914,0,APP000047,0.07381588249321112
0.7128170914866491,0.2217475747339866,-0.05800312739151415,0.428529803805432,0.2217475747339866,0.5789806192848379,0.02149148489970721,0.08420843206427489,0,APP007728,0.01889181720207367
0.1980061451935998,0.2217475747339866,-0.29843817581578497,0.5867174592629567,0.2217475747339866,-0.08731751506028963,-0.022769130482054166,0.3774829969715081,0,APP008370,0.020132008318873924
-0.065651348229771,-0.8003405521422314,0.3825716911634094,0.5867174592629567,-1.197437410579879,-0.08731751506028963,-0.022769130482054166,0.08420843206427489,0,APP006853,0.04112090921444931
-0.35013955019267534,0.2217475747339866,-0.05800312739151415,-0.09811915647475396,0.2217475747339866,-0.6827730105067226,0.02149148489970721,-0.09486472069567248,0,APP008845,0.042407073740724076
0.7128170914866491,0.2217475747339866,0.3825716911634094,0.5867174592629567,0.2217475747339866,0.5789806192848379,-0.022769130482054166,0.08420843206427489,0,APP004642,0.0176683536199148
0.7128170914866491,0.2217475747339866,-0.29843817581578497,0.5867174592629567,0.2217475747339866,-0.6827730105067226,0.02149148489970721,0.08420843206427489,0,APP007570,0.0176683536199148
0.7128170914866491,0.2217475747339866,-0.05800312739151415,0.5867174592629567,0.2217475747339866,-0.08731751506028963,-0.022769130482054166,0.3774829969715081,0,APP006266,0.01564390502463836
-1.0113351309460183,0.2217475747339866,-0.05800312739151415,-0.8721886363285156,0.2217475747339866,-0.08731751506028963,0.02149148489970721,0.08420843206427489,0,APP001901,0.07384154130962636
-1.0113351309460183,-0.5688287511575048,-0.05800312739151415,-0.8721886363285156,-0.8725111649557269,-0.08731751506028963,-0.022769130482054166,0.08420843206427489,0,APP001885,0.10364235537066266
-0.065651348229771,0.2217475747339866,-0.05800312739151415,0.428529803805432,0.2217475747339866,-0.08731751506028963,-0.022769130482054166,-0.09486472069567248,0,APP002434,0.029711108117363834
-0.065651348229771,0.2217475747339866,-0.05800312739151415,0.428529803805432,0.2217475747339866,-0.08731751506028963,0.02149148489970721,-0.09486472069567248,0,APP005726,0.029711108117363834
0.7128170914866491,0.2217475747339866,0.8325034873269265,0.428529803805432,0.2217475747339866,0.5789806192848379,0.5904081593270396,0.08420843206427489,0,APP000502,0.01889181720207367
-0.35013955019267534,-0.5688287511575048,-0.05800312739151415,-0.09811915647475396,-1.197437410579879,-0.08731751506028963,-0.022769130482054166,0.3774829969715081,0,APP001151,0.04998794932890245
0.7128170914866491,0.2217475747339866,0.3825716911634094,0.428529803805432,0.2217475747339866,-0.08731751506028963,0.02149148489970721,-0.09486472069567248,0,APP000522,0.02034449296474017
-0.065651348229771,0.2217475747339866,-0.29843817581578497,-0.09811915647475396,0.2217475747339866,-0.08731751506028963,0.02149148489970721,0.08420843206427489,0,APP000214,0.03440375934941001
-0.065651348229771,0.2217475747339866,0.3825716911634094,-0.09811915647475396,0.2217475747339866,0.5789806192848379,0.5904081593270396,0.08420843206427489,0,APP002836,0.03440375934941001
-0.065651348229771,0.2217475747339866,0.3825716911634094,0.428529803805432,0.2217475747339866,0.5789806192848379,0.02149148489970721,0.08420843206427489,0,APP000714,0.027608468030901005
-1.0113351309460183,-0.5688287511575048,-0.29843817581578497,-0.09811915647475396,-0.513258900002694,-0.08731751506028963,0.02149148489970721,0.08420843206427489,0,APP004270,0.07648299616356238
-0.065651348229771,0.2217475747339866,-0.05800312739151415,0.5867174592629567,0.2217475747339866,-0.08731751506028963,0.5904081593270396,0.08420843206427489,0,APP003086,0.025835365521542593
0.7128170914866491,0.2217475747339866,0.8325034873269265,0.5867174592629567,0.2217475747339866,0.5789806192848379,0.02149148489970721,0.08420843206427489,0,APP004386,0.0176683536199148
-0.065651348229771,0.2217475747339866,0.3825716911634094,0.5867174592629567,0.2217475747339866,0.5789806192848379,0.02149148489970721,0.08420843206427489,0,APP003608,0.025835365521542593
0.7128170914866491,0.2217475747339866,0.8325034873269265,-0.09811915647475396,0.2217475747339866,-0.08731751506028963,0.02149148489970721,0.08420843206427489,0,APP005151,0.02359372923339286
0.7128170914866491,0.2217475747339866,-0.05800312739151415,0.428529803805432,0.2217475747339866,0.5789806192848379,0.5904081593270396,0.08420843206427489,0,APP008500,0.01889181720207367
0.7128170914866491,0.2217475747339866,0.8325034873269265,-0.09811915647475396,0.2217475747339866,0.5789806192848379,-0.022769130482054166,0.08420843206427489,0,APP001788,0.02359372923339286
0.1980061451935998,-0.5688287511575048,-0.29843817581578497,-0.8721886363285156,-0.9834263428289417,-0.08731751506028963,-0.022769130482054166,0.08420843206427489,0,APP006230,0.05948852055003558
-0.35013955019267534,-0.8003405521422314,0.8325034873269265,-0.09811915647475396,-1.197437410579879,-0.08731751506028963,-0.022769130482054166,0.3774829969715081,0,APP008750,0.05541813751474063
-1.0113351309460183,-0.8003405521422314,-0.7645733282836001,-0.8721886363285156,-0.513258900002694,-0.08731751506028963,-0.022769130482054166,0.08509771624915914,0,APP000673,0.11416242698321287
0.7128170914866491,0.2217475747339866,-0.05800312739151415,-0.09811915647475396,0.2217475747339866,0.5789806192848379,0.02149148489970721,0.08420843206427489,0,APP001417,0.02359372923339286
-0.065651348229771,-0.8003405521422314,0.3825716911634094,-0.8721886363285156,-0.9834263428289417,-0.08731751506028963,-0.022769130482054166,0.08420843206427489,0,APP000919,0.07444969499018878
0.7128170914866491,0.2217475747339866,-0.05800312739151415,0.428529803805432,0.2217475747339866,0.5789806192848379,0.5904081593270396,0.08420843206427489,0,APP002710,0.01889181720207367
0.7128170914866491,0.2217475747339866,0.3825716911634094,0.428529803805432,0.2217475747339866,0.5789806192848379,-0.022769130482054166,0.08420843206427489,0,APP008639,0.01889181720207367
0.7128170914866491,0.2217475747339866,0.3825716911634094,0.428529803805432,0.2217475747339866,-0.08731751506028963,-0.022769130482054166,0.08509771624915914,0,APP003062,0.018884863241121562
-0.065651348229771,0.2217475747339866,0.3825716911634094,-0.09811915647475396,0.2217475747339866,-0.08731751506028963,-0.022769130482054166,0.3774829969715081,0,APP007867,0.03052133866757444
-0.35013955019267534,0.2217475747339866,0.3825716911634094,-0.8721886363285156,0.2217475747339866,-0.6827730105067226,-0.022769130482054166,0.08509771624915914,0,APP008589,0.05420162084918719
0.1980061451935998,0.2217475747339866,0.3825716911634094,0.428529803805432,0.2217475747339866,0.5789806192848379,0.5904081593270396,0.08420843206427489,0,APP000240,0.02428872699607574
-0.35013955019267534,-0.8003405521422314,-0.29843817581578497,-0.8721886363285156,-0.9834263428289417,-0.08731751506028963,-0.8565108236092858,0.08420843206427489,0,APP000163,0.08483815072727934
-0.065651348229771,0.2217475747339866,-0.29843817581578497,-0.8721886363285156,0.2217475747339866,0.5789806192848379,-0.022769130482054166,0.08420843206427489,0,APP006246,0.04738737154686286
-0.065651348229771,0.2217475747339866,-0.7645733282836001,-0.09811915647475396,0.2217475747339866,-0.6827730105067226,0.02149148489970721,0.08509771624915914,0,APP002125,0.03439129568892732
0.1980061451935998,0.2217475747339866,-0.05800312739151415,0.5867174592629567,0.2217475747339866,0.5789806192848379,0.5904081593270396,0.08420843206427489,0,APP008134,0.02272384630511342
-0.35013955019267534,0.2217475747339866,-0.05800312739151415,0.5867174592629567,0.2217475747339866,0.5789806192848379,0.02149148489970721,0.08420843206427489,0,APP001919,0.0296577092053339
-1.0113351309460183,-0.8003405521422314,-0.7645733282836001,-0.8721886363285156,-1.197437410579879,-0.08731751506028963,-0.022769130482054166,0.08509771624915914,0,APP000002,0.11416242698321287
-1.0113351309460183,0.2217475747339866,0.3825716911634094,-0.8721886363285156,0.2217475747339866,-0.6827730105067226,-0.8565108236092858,0.08420843206427489,0,APP008375,0.07384154130962636
-0.35013955019267534,-0.5688287511575048,-0.29843817581578497,-0.8721886363285156,-1.197437410579879,-0.6827730105067226,0.02149148489970721,0.08509771624915914,0,APP004028,0.07673289156497146
-1.0113351309460183,-0.8003405521422314,-0.7645733282836001,-0.8721886363285156,-0.8725111649557269,-0.6827730105067226,0.02149148489970721,0.08509771624915914,1,APP008549,0.11416242698321287
0.7128170914866491,0.2217475747339866,0.8325034873269265,-0.09811915647475396,0.2217475747339866,-0.08731751506028963,0.02149148489970721,-0.09486472069567248,0,APP005942,0.0253985961957803
0.7128170914866491,0.2217475747339866,-0.05800312739151415,0.428529803805432,0.2217475747339866,-0.08731751506028963,0.02149148489970721,0.3774829969715081,0,APP004264,0.01672957096901055
0.1980061451935998,0.2217475747339866,-0.29843817581578497,-0.09811915647475396,0.2217475747339866,0.5789806192848379,-0.8565108236092858,0.08420843206427489,0,APP006750,0.030292382522712033
-0.35013955019267534,0.2217475747339866,-0.05800312739151415,0.5867174592629567,0.2217475747339866,-0.08731751506028963,-0.022769130482054166,0.3774829969715081,0,APP001527,0.026296288551937438
0.7128170914866491,0.2217475747339866,0.8325034873269265,0.428529803805432,0.2217475747339866,-0.08731751506028963,0.5904081593270396,0.08420843206427489,0,APP005342,0.01889181720207367
-0.065651348229771,0.2217475747339866,-0.05800312739151415,-0.09811915647475396,0.2217475747339866,-0.6827730105067226,0.02149148489970721,-0.09486472069567248,0,APP000407,0.037004229377386705
0.7128170914866491,0.2217475747339866,0.8325034873269265,0.428529803805432,0.2217475747339866,0.5789806192848379,0.02149148489970721,0.3774829969715081,0,APP001942,0.01672957096901055
-0.35013955019267534,0.2217475747339866,-0.7645733282836001,0.5867174592629567,0.2217475747339866,-0.08731751506028963,0.02149148489970721,0.08509771624915914,0,APP002409,0.029646912134968225
0.7128170914866491,0.2217475747339866,0.3825716911634094,-0.09811915647475396,0.2217475747339866,-0.08731751506028963,0.02149148489970721,0.08420843206427489,0,APP004254,0.02359372923339286
0.7128170914866491,0.2217475747339866,0.3825716911634094,0.428529803805432,0.2217475747339866,-0.08731751506028963,0.5904081593270396,0.08420843206427489,0,APP002470,0.01889181720207367
-0.35013955019267534,0.2217475747339866,-0.05800312739151415,-0.8721886363285156,0.2217475747339866,-0.6827730105067226,0.02149148489970721,0.08509771624915914,0,APP006378,0.05420162084918719
0.1980061451935998,0.2217475747339866,0.3825716911634094,-0.09811915647475396,0.2217475747339866,0.5789806192848379,0.5904081593270396,0.08420843206427489,0,APP006813,0.030292382522712033
0.7128170914866491,0.2217475747339866,-0.05800312739151415,0.5867174592629567,0.2217475747339866,-0.08731751506028963,0.02149148489970721,0.3774829969715081,0,APP003879,0.01564390502463836
-0.065651348229771,0.2217475747339866,-0.05800312739151415,-0.09811915647475396,0.2217475747339866,-0.08731751506028963,0.02149148489970721,0.08420843206427489,0,APP003634,0.03440375934941001
0.7128170914866491,0.2217475747339866,0.8325034873269265,0.428529803805432,0.2217475747339866,0.5789806192848379,-0.022769130482054166,0.08420843206427489,0,APP001853,0.01889181720207367
-0.35013955019267534,0.2217475747339866,0.3825716911634094,-0.09811915647475396,0.2217475747339866,0.5789806192848379,0.02149148489970721,0.08420843206427489,0,APP007632,0.03944247030090972
-0.065651348229771,0.2217475747339866,0.3825716911634094,-0.09811915647475396,0.2217475747339866,0.5789806192848379,0.5904081593270396,0.3774829969715081,0,APP004382,0.03052133866757444
-0.065651348229771,0.2217475747339866,-0.05800312739151415,-0.09811915647475396,0.2217475747339866,-0.08731751506028963,0.5904081593270396,-0.09486472069567248,0,APP000830,0.037004229377386705
0.7128170914866491,0.2217475747339866,0.8325034873269265,0.428529803805432,0.2217475747339866,0.5789806192848379,-0.022769130482054166,0.08420843206427489,0,APP008487,0.01889181720207367
0.7128170914866491,0.2217475747339866,0.3825716911634094,-0.09811915647475396,0.2217475747339866,-0.08731751506028963,0.02149148489970721,0.08420843206427489,0,APP007259,0.02359372923339286
-0.065651348229771,0.2217475747339866,0.3825716911634094,0.5867174592629567,0.2217475747339866,0.5789806192848379,0.02149148489970721,0.08420843206427489,0,APP001739,0.025835365521542593
0.1980061451935998,-0.5688287511575048,-0.05800312739151415,-0.8721886363285156,-0.513258900002694,-0.08731751506028963,-0.022769130482054166,0.08420843206427489,0,APP000094,0.05948852055003558
-1.0113351309460183,0.2217475747339866,-0.05800312739151415,-0.09811915647475396,0.2217475747339866,-0.08731751506028963,-0.8565108236092858,-0.09486472069567248,0,APP007321,0.05801498052620836
-0.065651348229771,0.2217475747339866,-0.05800312739151415,-0.09811915647475396,0.2217475747339866,-0.6827730105067226,-0.022769130482054166,-0.09486472069567248,0,APP000191,0.037004229377386705
0.1980061451935998,0.2217475747339866,-0.29843817581578497,-0.09811915647475396,0.2217475747339866,-0.08731751506028963,0.02149148489970721,0.08509771624915914,0,APP003173,0.03028136160620495
0.1980061451935998,-0.5688287511575048,-0.05800312739151415,-0.8721886363285156,-0.8725111649557269,-0.08731751506028963,0.02149148489970721,0.08420843206427489,0,APP006102,0.05948852055003558
0.7128170914866491,0.2217475747339866,0.8325034873269265,0.5867174592629567,0.2217475747339866,-0.6827730105067226,0.5904081593270396,0.08509771624915914,0,APP003594,0.01766184190117446
-1.0113351309460183,-1.910002676996926,-0.7645733282836001,-0.8721886363285156,-0.8725111649557269,-0.08731751506028963,-0.022769130482054166,-0.09486472069567248,0,APP003118,0.1898157559860381
0.7128170914866491,0.2217475747339866,0.3825716911634094,0.428529803805432,0.2217475747339866,-0.08731751506028963,-0.022769130482054166,-0.09486472069567248,0,APP000076,0.02034449296474017
0.7128170914866491,0.2217475747339866,0.3825716911634094,0.5867174592629567,0.2217475747339866,-0.08731751506028963,0.5904081593270396,0.08420843206427489,0,APP002446,0.0176683536199148
0.7128170914866491,0.2217475747339866,0.3825716911634094,0.428529803805432,0.2217475747339866,-0.08731751506028963,0.02149148489970721,0.08420843206427489,0,APP006156,0.01889181720207367
0.1980061451935998,0.2217475747339866,0.3825716911634094,-0.09811915647475396,0.2217475747339866,0.5789806192848379,0.02149148489970721,0.08420843206427489,0,APP006954,0.030292382522712033
-0.065651348229771,0.2217475747339866,-0.05800312739151415,-0.09811915647475396,0.2217475747339866,-0.08731751506028963,0.5904081593270396,0.08420843206427489,0,APP005616,0.03440375934941001
0.7128170914866491,0.2217475747339866,-0.05800312739151415,-0.09811915647475396,0.2217475747339866,-0.6827730105067226,0.5904081593270396,-1.527679097450456,0,APP002732,0.04553225199499575
-0.065651348229771,0.2217475747339866,-0.29843817581578497,-0.09811915647475396,0.2217475747339866,-0.08731751506028963,-0.022769130482054166,0.08420843206427489,0,APP003936,0.03440375934941001
0.7128170914866491,0.2217475747339866,-0.05800312739151415,0.5867174592629567,0.2217475747339866,-0.08731751506028963,-0.022769130482054166,0.08420843206427489,0,APP008905,0.0176683536199148
0.7128170914866491,0.2217475747339866,0.8325034873269265,0.428529803805432,0.2217475747339866,0.5789806192848379,0.02149148489970721,0.08420843206427489,0,APP004609,0.01889181720207367
-0.065651348229771,0.2217475747339866,-0.29843817581578497,0.5867174592629567,0.2217475747339866,0.5789806192848379,0.02149148489970721,0.08420843206427489,0,APP001380,0.025835365521542593
-0.065651348229771,0.2217475747339866,-0.7645733282836001,-0.09811915647475396,0.2217475747339866,-0.08731751506028963,0.02149148489970721,0.3774829969715081,1,APP007412,0.03052133866757444
-1.0113351309460183,0.2217475747339866,-0.7645733282836001,-0.09811915647475396,0.2217475747339866,-0.08731751506028963,-0.022769130482054166,-0.09486472069567248,0,APP003990,0.05801498052620836
-0.065651348229771,0.2217475747339866,-0.05800312739151415,0.5867174592629567,0.2217475747339866,-0.08731751506028963,0.02149148489970721,-0.09486472069567248,0,APP000168,0.02780682905467762
-0.35013955019267534,0.2217475747339866,-0.05800312739151415,0.5867174592629567,0.2217475747339866,-0.6827730105067226,-0.8565108236092858,0.08420843206427489,0,APP003898,0.0296577092053339
-0.065651348229771,0.2217475747339866,-0.05800312739151415,0.5867174592629567,0.2217475747339866,0.5789806192848379,-0.022769130482054166,0.3774829969715081,0,APP007539,0.02289694860171144
0.7128170914866491,0.2217475747339866,0.3825716911634094,0.428529803805432,0.2217475747339866,-0.08731751506028963,0.02149148489970721,0.08420843206427489,0,APP006888,0.01889181720207367
0.7128170914866491,0.2217475747339866,0.3825716911634094,-0.8721886363285156,0.2217475747339866,-0.08731751506028963,0.02149148489970721,0.08420843206427489,0,APP005449,0.03263563498364616
0.1980061451935998,0.2217475747339866,-0.29843817581578497,0.5867174592629567,0.2217475747339866,-0.08731751506028963,-0.022769130482054166,0.08420843206427489,0,APP007898,0.02272384630511342
-0.35013955019267534,0.2217475747339866,-0.7645733282836001,-0.09811915647475396,0.2217475747339866,-0.08731751506028963,-0.022769130482054166,0.08509771624915914,0,APP005688,0.0394282557726393
0.7128170914866491,0.2217475747339866,0.8325034873269265,0.428529803805432,0.2217475747339866,0.5789806192848379,0.02149148489970721,0.08420843206427489,0,APP001266,0.01889181720207367
-0.065651348229771,0.2217475747339866,0.8325034873269265,-0.09811915647475396,0.2217475747339866,-0.08731751506028963,0.5904081593270396,-0.09486472069567248,0,APP000185,0.037004229377386705
-0.35013955019267534,-1.910002676996926,-0.7645733282836001,-0.09811915647475396,-0.8725111649557269,-0.08731751506028963,0.02149148489970721,-0.09486472069567248,0,APP002595,0.10767099945403824
-0.065651348229771,0.2217475747339866,0.8325034873269265,0.5867174592629567,0.2217475747339866,-0.08731751506028963,0.5904081593270396,0.08509771624915914,0,APP000265,0.025825922962349028
0.1980061451935998,0.2217475747339866,-0.05800312739151415,0.5867174592629567,0.2217475747339866,0.5789806192848379,-0.022769130482054166,0.08420843206427489,0,APP003714,0.02272384630511342
0.7128170914866491,0.2217475747339866,0.3825716911634094,0.5867174592629567,0.2217475747339866,-0.08731751506028963,0.02149148489970721,0.08509771624915914,0,APP001224,0.01766184190117446
0.7128170914866491,0.2217475747339866,-0.05800312739151415,-0.09811915647475396,0.2217475747339866,-0.08731751506028963,0.02149148489970721,0.08509771624915914,0,APP002533,0.02358508613350342
-0.065651348229771,-0.8003405521422314,-0.05800312739151415,-0.8721886363285156,-1.197437410579879,-0.08731751506028963,0.02149148489970721,0.08420843206427489,0,APP000739,0.07444969499018878
-0.065651348229771,0.2217475747339866,0.8325034873269265,0.5867174592629567,0.2217475747339866,0.5789806192848379,0.5904081593270396,0.08420843206427489,0,APP002094,0.025835365521542593
-0.065651348229771,0.2217475747339866,-0.05800312739151415,-0.09811915647475396,0.2217475747339866,-0.08731751506028963,0.02149148489970721,0.08420843206427489,0,APP001863,0.03440375934941001
0.7128170914866491,0.2217475747339866,0.3825716911634094,0.428529803805432,0.2217475747339866,0.5789806192848379,0.5904081593270396,0.08420843206427489,0,APP000050,0.01889181720207367
-0.35013955019267534,0.2217475747339866,-0.29843817581578497,-0.09811915647475396,0.2217475747339866,-0.6827730105067226,0.02149148489970721,0.08509771624915914,0,APP002929,0.0394282557726393
-0.065651348229771,-0.5688287511575048,-0.05800312739151415,-0.09811915647475396,-0.8725111649557269,0.5789806192848379,0.5904081593270396,0.3774829969715081,0,APP006947,0.04366330785177514
0.1980061451935998,0.2217475747339866,-0.05800312739151415,0.5867174592629567,0.2217475747339866,-0.08731751506028963,-0.022769130482054166,0.08420843206427489,0,APP000607,0.02272384630511342
-0.065651348229771,0.2217475747339866,0.3825716911634094,0.5867174592629567,0.2217475747339866,0.5789806192848379,0.02149148489970721,0.3774829969715081,0,APP006260,0.02289694860171144
0.1980061451935998,0.2217475747339866,0.3825716911634094,-0.09811915647475396,0.2217475747339866,0.5789806192848379,0.5904081593270396,0.08420843206427489,0,APP007869,0.030292382522712033
-0.065651348229771,0.2217475747339866,-0.29843817581578497,0.5867174592629567,0.2217475747339866,0.5789806192848379,0.02149148489970721,0.08420843206427489,0,APP005129,0.025835365521542593
0.1980061451935998,0.2217475747339866,-0.05800312739151415,0.5867174592629567,0.2217475747339866,-0.08731751506028963,-0.022769130482054166,0.08420843206427489,0,APP008844,0.02272384630511342
0.7128170914866491,0.2217475747339866,0.8325034873269265,0.5867174592629567,0.2217475747339866,0.5789806192848379,0.5904081593270396,0.08420843206427489,0,APP007193,0.0176683536199148
0.1980061451935998,0.2217475747339866,-0.29843817581578497,-0.09811915647475396,0.2217475747339866,0.5789806192848379,0.5904081593270396,0.08420843206427489,0,APP004581,0.030292382522712033
0.1980061451935998,-0.8003405521422314,-0.7645733282836001,-0.09811915647475396,-0.513258900002694,0.5789806192848379,-0.8565108236092858,0.08420843206427489,0,APP006619,0.04808476644282122
0.7128170914866491,0.2217475747339866,0.3825716911634094,0.428529803805432,0.2217475747339866,0.5789806192848379,0.02149148489970721,0.08420843206427489,0,APP005822,0.01889181720207367
0.7128170914866491,0.2217475747339866,0.3825716911634094,0.5867174592629567,0.2217475747339866,0.5789806192848379,0.02149148489970721,0.08420843206427489,0,APP006076,0.0176683536199148
-0.065651348229771,0.2217475747339866,0.3825716911634094,0.5867174592629567,0.2217475747339866,0.5789806192848379,-0.022769130482054166,0.3774829969715081,0,APP003450,0.02289694860171144
0.7128170914866491,0.2217475747339866,0.8325034873269265,0.428529803805432,0.2217475747339866,0.5789806192848379,0.5904081593270396,0.08420843206427489,0,APP005032,0.01889181720207367
0.7128170914866491,0.2217475747339866,0.8325034873269265,0.428529803805432,0.2217475747339866,-0.08731751506028963,0.02149148489970721,0.08420843206427489,0,APP001784,0.01889181720207367
0.7128170914866491,0.2217475747339866,-0.05800312739151415,-0.09811915647475396,0.2217475747339866,-0.08731751506028963,0.02149148489970721,0.3774829969715081,0,APP008816,0.020904796424193146
0.7128170914866491,0.2217475747339866,-0.05800312739151415,0.428529803805432,0.2217475747339866,0.5789806192848379,0.02149148489970721,0.08420843206427489,0,APP002425,0.01889181720207367
0.7128170914866491,0.2217475747339866,0.8325034873269265,0.428529803805432,0.2217475747339866,0.5789806192848379,0.02149148489970721,0.08420843206427489,0,APP003001,0.01889181720207367
0.7128170914866491,0.2217475747339866,-0.05800312739151415,-0.09811915647475396,0.2217475747339866,-0.08731751506028963,0.02149148489970721,0.08420843206427489,0,APP004473,0.02359372923339286
-0.065651348229771,0.2217475747339866,-0.05800312739151415,0.5867174592629567,0.2217475747339866,-0.08731751506028963,0.5904081593270396,0.08420843206427489,0,APP002197,0.025835365521542593
-0.065651348229771,0.2217475747339866,-0.29843817581578497,-0.09811915647475396,0.2217475747339866,-0.08731751506028963,0.5904081593270396,0.08420843206427489,0,APP002875,0.03440375934941001
0.7128170914866491,0.2217475747339866,-0.05800312739151415,0.428529803805432,0.2217475747339866,-0.08731751506028963,0.5904081593270396,0.08509771624915914,0,APP006713,0.018884863241121562
-1.0113351309460183,0.2217475747339866,-0.29843817581578497,-0.09811915647475396,0.2217475747339866,-0.6827730105067226,-0.022769130482054166,-1.527679097450456,0,APP004223,0.10131606728868468
-0.065651348229771,0.2217475747339866,-0.29843817581578497,0.5867174592629567,0.2217475747339866,-0.08731751506028963,0.02149148489970721,0.08420843206427489,0,APP000994,0.025835365521542593
-0.065651348229771,0.2217475747339866,-0.29843817581578497,-0.09811915647475396,0.2217475747339866,-0.6827730105067226,0.02149148489970721,-0.09486472069567248,0,APP000244,0.037004229377386705
-0.35013955019267534,0.2217475747339866,0.3825716911634094,-0.09811915647475396,0.2217475747339866,-0.08731751506028963,-0.022769130482054166,0.08420843206427489,0,APP003104,0.03944247030090972
0.7128170914866491,0.2217475747339866,0.3825716911634094,-0.09811915647475396,0.2217475747339866,-0.6827730105067226,0.02149148489970721,0.08509771624915914,0,APP000633,0.02358508613350342
0.1980061451935998,0.2217475747339866,-0.29843817581578497,-0.09811915647475396,0.2217475747339866,-0.08731751506028963,0.02149148489970721,-0.09486472069567248,0,APP001003,0.03259257627661918
0.1980061451935998,0.2217475747339866,-0.05800312739151415,-0.09811915647475396,0.2217475747339866,-0.08731751506028963,0.02149148489970721,0.08420843206427489,0,APP003771,0.030292382522712033
-0.065651348229771,0.2217475747339866,0.3825716911634094,0.5867174592629567,0.2217475747339866,0.5789806192848379,0.02149148489970721,0.08420843206427489,0,APP004178,0.025835365521542593
-0.065651348229771,0.2217475747339866,-0.05800312739151415,-0.09811915647475396,0.2217475747339866,-0.08731751506028963,0.02149148489970721,-0.09486472069567248,0,APP004843,0.037004229377386705
0.7128170914866491,0.2217475747339866,0.3825716911634094,-0.09811915647475396,0.2217475747339866,0.5789806192848379,0.02149148489970721,0.08420843206427489,0,APP006550,0.02359372923339286
0.7128170914866491,0.2217475747339866,0.3825716911634094,0.5867174592629567,0.2217475747339866,0.5789806192848379,0.02149148489970721,0.08420843206427489,0,APP002025,0.0176683536199148
0.7128170914866491,0.2217475747339866,0.3825716911634094,0.428529803805432,0.2217475747339866,0.5789806192848379,0.02149148489970721,0.3774829969715081,0,APP002693,0.01672957096901055
0.7128170914866491,0.2217475747339866,-0.05800312739151415,0.5867174592629567,0.2217475747339866,0.5789806192848379,0.02149148489970721,0.3774829969715081,0,APP002044,0.01564390502463836
0.7128170914866491,0.2217475747339866,0.3825716911634094,0.428529803805432,0.2217475747339866,0.5789806192848379,0.02149148489970721,0.08420843206427489,0,APP004300,0.01889181720207367
-1.0113351309460183,-0.5688287511575048,-0.05800312739151415,-0.8721886363285156,-0.9834263428289417,-0.6827730105067226,0.02149148489970721,-1.527679097450456,1,APP002371,0.1858463943699003
-0.065651348229771,0.2217475747339866,-0.05800312739151415,0.5867174592629567,0.2217475747339866,-0.6827730105067226,0.5904081593270396,-0.09486472069567248,0,APP005820,0.02780682905467762
-1.0113351309460183,-0.8003405521422314,-0.29843817581578497,-0.8721886363285156,-0.513258900002694,-0.6827730105067226,-0.8565108236092858,0.08509771624915914,0,APP004992,0.11416242698321287
0.7128170914866491,0.2217475747339866,0.3825716911634094,0.5867174592629567,0.2217475747339866,-0.08731751506028963,0.02149148489970721,0.08420843206427489,0,APP000682,0.0176683536199148
-0.35013955019267534,0.2217475747339866,-0.29843817581578497,0.5867174592629567,0.2217475747339866,-0.08731751506028963,-0.022769130482054166,-0.09486472069567248,0,APP008227,0.03191129619574281
-0.065651348229771,0.2217475747339866,-0.05800312739151415,0.5867174592629567,0.2217475747339866,-0.08731751506028963,0.02149148489970721,0.3774829969715081,0,APP005244,0.02289694860171144
0.1980061451935998,0.2217475747339866,0.3825716911634094,-0.8721886363285156,0.2217475747339866,-0.6827730105067226,0.5904081593270396,-1.527679097450456,0,APP005605,0.07927737017818365
-0.065651348229771,0.2217475747339866,0.3825716911634094,0.428529803805432,0.2217475747339866,0.5789806192848379,-0.8565108236092858,0.08420843206427489,0,APP007995,0.027608468030901005
0.7128170914866491,0.2217475747339866,0.8325034873269265,0.428529803805432,0.2217475747339866,0.5789806192848379,0.5904081593270396,0.08420843206427489,0,APP007075,0.01889181720207367
-0.35013955019267534,-1.910002676996926,-0.29843817581578497,-0.09811915647475396,-0.513258900002694,-0.08731751506028963,0.02149148489970721,0.08509771624915914,0,APP006830,0.10058937963309535
0.7128170914866491,0.2217475747339866,0.8325034873269265,-0.09811915647475396,0.2217475747339866,0.5789806192848379,0.02149148489970721,0.08420843206427489,0,APP006382,0.02359372923339286
0.7128170914866491,0.2217475747339866,-0.05800312739151415,-0.09811915647475396,0.2217475747339866,-0.08731751506028963,0.5904081593270396,-0.09486472069567248,0,APP006626,0.0253985961957803
0.7128170914866491,0.2217475747339866,0.8325034873269265,0.5867174592629567,0.2217475747339866,0.5789806192848379,0.02149148489970721,0.08420843206427489,0,APP000558,0.0176683536199148
0.1980061451935998,0.2217475747339866,-0.05800312739151415,-0.8721886363285156,0.2217475747339866,-0.08731751506028963,0.02149148489970721,0.08420843206427489,0,APP005033,0.041791558609494746
0.7128170914866491,0.2217475747339866,-0.05800312739151415,0.5867174592629567,0.2217475747339866,-0.08731751506028963,-0.022769130482054166,0.3774829969715081,0,APP001268,0.01564390502463836
-0.35013955019267534,0.2217475747339866,-0.7645733282836001,-0.09811915647475396,0.2217475747339866,-0.08731751506028963,-0.022769130482054166,0.08420843206427489,0,APP000162,0.03944247030090972
0.7128170914866491,0.2217475747339866,-0.05800312739151415,-0.8721886363285156,0.2217475747339866,0.5789806192848379,0.02149148489970721,0.08420843206427489,0,APP008093,0.03263563498364616
-1.0113351309460183,-0.5688287511575048,-0.7645733282836001,-0.09811915647475396,-0.9834263428289417,-0.08731751506028963,-0.022769130482054166,-0.09486472069567248,0,APP000181,0.08199401603011996
-0.35013955019267534,0.2217475747339866,-0.05800312739151415,-0.09811915647475396,0.2217475747339866,-0.6827730105067226,0.02149148489970721,-0.09486472069567248,0,APP004187,0.042407073740724076
-0.065651348229771,0.2217475747339866,0.3825716911634094,0.5867174592629567,0.2217475747339866,-0.08731751506028963,0.02149148489970721,0.3774829969715081,0,APP008112,0.02289694860171144
-0.065651348229771,0.2217475747339866,-0.05800312739151415,-0.09811915647475396,0.2217475747339866,-0.08731751506028963,0.5904081593270396,0.08420843206427489,0,APP008808,0.03440375934941001
-1.0113351309460183,-0.5688287511575048,-0.29843817581578497,-0.8721886363285156,-0.8725111649557269,-0.08731751506028963,-0.8565108236092858,0.08420843206427489,1,APP008890,0.10364235537066266
-1.0113351309460183,0.2217475747339866,-0.29843817581578497,-0.8721886363285156,0.2217475747339866,-0.08731751506028963,0.02149148489970721,0.08420843206427489,1,APP000021,0.07384154130962636
-0.065651348229771,0.2217475747339866,-0.05800312739151415,-0.09811915647475396,0.2217475747339866,-0.08731751506028963,0.02149148489970721,0.3774829969715081,0,APP003979,0.03052133866757444
0.7128170914866491,0.2217475747339866,0.3825716911634094,0.428529803805432,0.2217475747339866,-0.08731751506028963,-0.022769130482054166,-0.09486472069567248,0,APP007299,0.02034449296474017
0.7128170914866491,0.2217475747339866,0.8325034873269265,0.428529803805432,0.2217475747339866,0.5789806192848379,0.02149148489970721,0.08420843206427489,0,APP006766,0.01889181720207367
0.7128170914866491,0.2217475747339866,-0.05800312739151415,0.428529803805432,0.2217475747339866,0.5789806192848379,-0.022769130482054166,0.08420843206427489,0,APP006672,0.01889181720207367
0.7128170914866491,0.2217475747339866,0.3825716911634094,0.428529803805432,0.2217475747339866,-0.08731751506028963,0.02149148489970721,0.08420843206427489,0,APP004706,0.01889181720207367
0.7128170914866491,0.2217475747339866,0.8325034873269265,0.5867174592629567,0.2217475747339866,0.5789806192848379,0.5904081593270396,0.08420843206427489,0,APP003085,0.0176683536199148
0.7128170914866491,0.2217475747339866,-0.05800312739151415,-0.09811915647475396,0.2217475747339866,-0.08731751506028963,0.02149148489970721,0.08420843206427489,0,APP001749,0.02359372923339286
-0.35013955019267534,-0.8003405521422314,-0.7645733282836001,-0.09811915647475396,-0.9834263428289417,-0.6827730105067226,-0.8565108236092858,0.08420843206427489,0,APP002545,0.06226412193146435
-0.065651348229771,0.2217475747339866,0.3825716911634094,0.428529803805432,0.2217475747339866,-0.08731751506028963,-0.022769130482054166,0.3774829969715081,0,APP001785,0.024473451480688066
-0.065651348229771,0.2217475747339866,-0.05800312739151415,0.5867174592629567,0.2217475747339866,-0.08731751506028963,-0.8565108236092858,0.3774829969715081,0,APP001394,0.02289694860171144
0.7128170914866491,0.2217475747339866,0.8325034873269265,0.428529803805432,0.2217475747339866,-0.08731751506028963,0.02149148489970721,0.3774829969715081,0,APP000440,0.01672957096901055
0.1980061451935998,0.2217475747339866,0.3825716911634094,-0.09811915647475396,0.2217475747339866,0.5789806192848379,0.5904081593270396,0.08420843206427489,0,APP000290,0.030292382522712033
-0.35013955019267534,0.2217475747339866,-0.05800312739151415,-0.09811915647475396,0.2217475747339866,0.5789806192848379,-0.022769130482054166,0.08420843206427489,0,APP005708,0.03944247030090972
-0.065651348229771,0.2217475747339866,0.8325034873269265,-0.8721886363285156,0.2217475747339866,0.5789806192848379,0.02149148489970721,0.08420843206427489,0,APP006363,0.04738737154686286
-0.065651348229771,0.2217475747339866,0.3825716911634094,0.428529803805432,0.2217475747339866,-0.08731751506028963,0.02149148489970721,0.08420843206427489,0,APP004271,0.027608468030901005
-0.065651348229771,0.2217475747339866,0.3825716911634094,-0.09811915647475396,0.2217475747339866,-0.08731751506028963,0.02149148489970721,-0.09486472069567248,0,APP001651,0.037004229377386705
0.7128170914866491,0.2217475747339866,0.8325034873269265,0.428529803805432,0.2217475747339866,-0.08731751506028963,0.02149148489970721,0.08420843206427489,0,APP002515,0.01889181720207367
-0.065651348229771,0.2217475747339866,-0.29843817581578497,-0.8721886363285156,0.2217475747339866,-0.08731751506028963,0.02149148489970721,0.08420843206427489,0,APP007755,0.04738737154686286
-1.0113351309460183,-0.5688287511575048,-0.29843817581578497,-0.8721886363285156,-0.9834263428289417,-0.08731751506028963,-0.8565108236092858,0.08509771624915914,0,APP000880,0.10360749965329094
0.7128170914866491,0.2217475747339866,0.3825716911634094,0.428529803805432,0.2217475747339866,0.5789806192848379,0.02149148489970721,0.08420843206427489,0,APP007251,0.01889181720207367
0.1980061451935998,0.2217475747339866,-0.29843817581578497,-0.09811915647475396,0.2217475747339866,-0.08731751506028963,0.02149148489970721,0.08420843206427489,0,APP002163,0.030292382522712033
0.7128170914866491,0.2217475747339866,0.8325034873269265,0.5867174592629567,0.2217475747339866,-0.08731751506028963,0.5904081593270396,0.08420843206427489,0,APP003697,0.0176683536199148
0.7128170914866491,0.2217475747339866,0.3825716911634094,0.428529803805432,0.2217475747339866,0.5789806192848379,0.02149148489970721,0.08420843206427489,0,APP000716,0.01889181720207367
-0.065651348229771,0.2217475747339866,-0.05800312739151415,-0.09811915647475396,0.2217475747339866,-0.08731751506028963,0.02149148489970721,0.08420843206427489,0,APP007642,0.03440375934941001
0.7128170914866491,0.2217475747339866,0.3825716911634094,-0.09811915647475396,0.2217475747339866,-0.6827730105067226,0.02149148489970721,-0.09486472069567248,0,APP008797,0.0253985961957803
-0.065651348229771,0.2217475747339866,-0.05800312739151415,0.5867174592629567,0.2217475747339866,0.5789806192848379,0.02149148489970721,0.08420843206427489,0,APP002689,0.025835365521542593
0.7128170914866491,0.2217475747339866,-0.7645733282836001,-0.8721886363285156,0.2217475747339866,-0.08731751506028963,-0.022769130482054166,0.08420843206427489,0,APP006315,0.03263563498364616
0.7128170914866491,-0.5688287511575048,-0.7645733282836001,-0.09811915647475396,-0.8725111649557269,-0.6827730105067226,0.02149148489970721,-0.09486472069567248,0,APP008566,0.036417657373663474
-0.065651348229771,0.2217475747339866,0.8325034873269265,0.428529803805432,0.2217475747339866,-0.08731751506028963,0.02149148489970721,0.08420843206427489,0,APP006593,0.027608468030901005
0.7128170914866491,0.2217475747339866,0.3825716911634094,-0.09811915647475396,0.2217475747339866,-0.08731751506028963,0.5904081593270396,0.3774829969715081,0,APP007442,0.020904796424193146
0.7128170914866491,0.2217475747339866,0.8325034873269265,-0.09811915647475396,0.2217475747339866,0.5789806192848379,0.5904081593270396,0.08420843206427489,0,APP006411,0.02359372923339286
-0.065651348229771,0.2217475747339866,-0.7645733282836001,-0.8721886363285156,0.2217475747339866,-0.6827730105067226,0.5904081593270396,0.08509771624915914,0,APP001371,0.047370434986555306
-0.065651348229771,0.2217475747339866,-0.05800312739151415,0.5867174592629567,0.2217475747339866,-0.08731751506028963,-0.022769130482054166,-0.09486472069567248,0,APP006644,0.02780682905467762
0.7128170914866491,0.2217475747339866,0.8325034873269265,0.5867174592629567,0.2217475747339866,0.5789806192848379,0.02149148489970721,0.3774829969715081,0,APP003105,0.01564390502463836
-0.065651348229771,0.2217475747339866,-0.29843817581578497,0.5867174592629567,0.2217475747339866,-0.08731751506028963,-0.022769130482054166,-0.09486472069567248,1,APP005934,0.02780682905467762
0.7128170914866491,0.2217475747339866,0.8325034873269265,0.428529803805432,0.2217475747339866,-0.08731751506028963,-0.022769130482054166,0.08420843206427489,0,APP001811,0.01889181720207367
0.7128170914866491,0.2217475747339866,0.3825716911634094,0.5867174592629567,0.2217475747339866,-0.08731751506028963,0.02149148489970721,0.08420843206427489,0,APP003002,0.0176683536199148
0.1980061451935998,0.2217475747339866,0.3825716911634094,-0.09811915647475396,0.2217475747339866,0.5789806192848379,0.02149148489970721,0.08420843206427489,0,APP007149,0.030292382522712033
-1.0113351309460183,-1.910002676996926,-0.7645733282836001,-0.8721886363285156,-0.513258900002694,-0.6827730105067226,-0.8565108236092858,-1.527679097450456,0,APP002200,0.30014529727952793
0.7128170914866491,0.2217475747339866,0.3825716911634094,0.5867174592629567,0.2217475747339866,-0.08731751506028963,-0.022769130482054166,0.08420843206427489,0,APP005093,0.0176683536199148
0.7128170914866491,0.2217475747339866,0.8325034873269265,0.428529803805432,0.2217475747339866,0.5789806192848379,0.5904081593270396,0.08420843206427489,0,APP006698,0.01889181720207367
0.7128170914866491,0.2217475747339866,0.3825716911634094,-0.09811915647475396,0.2217475747339866,0.5789806192848379,0.02149148489970721,0.08420843206427489,0,APP008237,0.02359372923339286
-0.065651348229771,0.2217475747339866,-0.29843817581578497,-0.09811915647475396,0.2217475747339866,-0.08731751506028963,0.02149148489970721,-0.09486472069567248,0,APP002039,0.037004229377386705
-1.0113351309460183,0.2217475747339866,-0.7645733282836001,-0.09811915647475396,0.2217475747339866,0.5789806192848379,-0.022769130482054166,0.08420843206427489,0,APP005349,0.05402080951084046
0.1980061451935998,0.2217475747339866,-0.05800312739151415,0.5867174592629567,0.2217475747339866,-0.08731751506028963,-0.022769130482054166,0.08420843206427489,0,APP005999,0.02272384630511342
-0.35013955019267534,0.2217475747339866,-0.05800312739151415,-0.8721886363285156,0.2217475747339866,-0.6827730105067226,-0.022769130482054166,-1.527679097450456,0,APP003536,0.10167243926100993
0.1980061451935998,0.2217475747339866,-0.05800312739151415,-0.09811915647475396,0.2217475747339866,-0.08731751506028963,0.02149148489970721,0.08420843206427489,0,APP001616,0.030292382522712033
0.7128170914866491,0.2217475747339866,-0.05800312739151415,0.428529803805432,0.2217475747339866,-0.08731751506028963,0.02149148489970721,-0.09486472069567248,0,APP003197,0.02034449296474017
0.7128170914866491,0.2217475747339866,0.8325034873269265,0.5867174592629567,0.2217475747339866,-0.08731751506028963,0.02149148489970721,0.08420843206427489,0,APP000149,0.0176683536199148
-0.35013955019267534,0.2217475747339866,-0.29843817581578497,-0.09811915647475396,0.2217475747339866,-0.08731751506028963,0.5904081593270396,0.08420843206427489,0,APP008944,0.03944247030090972
-0.065651348229771,0.2217475747339866,-0.05800312739151415,-0.8721886363285156,0.2217475747339866,0.5789806192848379,0.02149148489970721,0.08420843206427489,0,APP005717,0.04738737154686286
0.1980061451935998,-0.5688287511575048,-0.05800312739151415,-0.09811915647475396,-0.513258900002694,-0.08731751506028963,-0.022769130482054166,-0.09486472069567248,0,APP006293,0.04658353216584163
-0.065651348229771,0.2217475747339866,-0.05800312739151415,0.428529803805432,0.2217475747339866,0.5789806192848379,0.02149148489970721,0.08420843206427489,0,APP000594,0.027608468030901005
-0.065651348229771,-0.5688287511575048,-0.05800312739151415,-0.09811915647475396,-1.197437410579879,-0.08731751506028963,0.02149148489970721,0.08420843206427489,0,APP008736,0.04913271166067861
-1.0113351309460183,0.2217475747339866,-0.7645733282836001,-0.09811915647475396,0.2217475747339866,-0.08731751506028963,-0.8565108236092858,0.08509771624915914,0,APP003581,0.05400163651359411
-0.065651348229771,0.2217475747339866,-0.05800312739151415,-0.09811915647475396,0.2217475747339866,-0.08731751506028963,0.5904081593270396,-0.09486472069567248,0,APP008459,0.037004229377386705
0.7128170914866491,0.2217475747339866,0.3825716911634094,-0.09811915647475396,0.2217475747339866,-0.08731751506028963,0.02149148489970721,0.08420843206427489,0,APP007227,0.02359372923339286
-0.065651348229771,0.2217475747339866,-0.05800312739151415,0.428529803805432,0.2217475747339866,0.5789806192848379,0.02149148489970721,0.08420843206427489,0,APP002109,0.027608468030901005
0.7128170914866491,0.2217475747339866,0.3825716911634094,0.5867174592629567,0.2217475747339866,0.5789806192848379,0.5904081593270396,0.08420843206427489,0,APP007781,0.0176683536199148
-0.065651348229771,0.2217475747339866,0.3825716911634094,0.5867174592629567,0.2217475747339866,0.5789806192848379,0.02149148489970721,0.08420843206427489,0,APP007598,0.025835365521542593
-1.0113351309460183,-0.5688287511575048,-0.29843817581578497,-0.8721886363285156,-1.197437410579879,-0.08731751506028963,-0.8565108236092858,0.08509771624915914,1,APP008070,0.10360749965329094
-0.35013955019267534,0.2217475747339866,-0.29843817581578497,-0.09811915647475396,0.2217475747339866,-0.08731751506028963,-0.8565108236092858,0.08420843206427489,1,APP006083,0.03944247030090972
-0.065651348229771,0.2217475747339866,-0.29843817581578497,-0.09811915647475396,0.2217475747339866,0.5789806192848379,0.02149148489970721,0.08420843206427489,0,APP001381,0.03440375934941001
-0.065651348229771,0.2217475747339866,-0.05800312739151415,0.428529803805432,0.2217475747339866,-0.08731751506028963,0.02149148489970721,0.08420843206427489,1,APP008867,0.027608468030901005
-0.35013955019267534,-0.5688287511575048,-0.05800312739151415,-0.09811915647475396,-0.8725111649557269,-0.6827730105067226,0.02149148489970721,0.08420843206427489,0,APP001669,0.056203038206527424
0.1980061451935998,0.2217475747339866,-0.29843817581578497,-0.09811915647475396,0.2217475747339866,0.5789806192848379,-0.8565108236092858,0.08420843206427489,0,APP008085,0.030292382522712033
-0.065651348229771,-0.5688287511575048,-0.29843817581578497,0.5867174592629567,-0.8725111649557269,-0.08731751506028963,0.02149148489970721,0.08420843206427489,1,APP004573,0.03703671601755304
0.1980061451935998,0.2217475747339866,-0.05800312739151415,-0.09811915647475396,0.2217475747339866,-0.08731751506028963,0.02149148489970721,0.08509771624915914,0,APP003495,0.03028136160620495
-0.065651348229771,0.2217475747339866,0.3825716911634094,0.5867174592629567,0.2217475747339866,-0.08731751506028963,0.02149148489970721,0.08420843206427489,0,APP001281,0.025835365521542593
-0.065651348229771,0.2217475747339866,0.8325034873269265,0.5867174592629567,0.2217475747339866,-0.08731751506028963,0.02149148489970721,0.3774829969715081,0,APP001995,0.02289694860171144
-0.065651348229771,0.2217475747339866,0.8325034873269265,0.5867174592629567,0.2217475747339866,0.5789806192848379,0.02149148489970721,0.08420843206427489,0,APP001192,0.025835365521542593
-0.065651348229771,0.2217475747339866,-0.29843817581578497,-0.09811915647475396,0.2217475747339866,-0.08731751506028963,0.02149148489970721,0.08420843206427489,0,APP008421,0.03440375934941001
-0.065651348229771,0.2217475747339866,-0.05800312739151415,-0.8721886363285156,0.2217475747339866,-0.08731751506028963,0.5904081593270396,-0.09486472069567248,0,APP004558,0.05091748095967704
0.7128170914866491,0.2217475747339866,0.8325034873269265,0.5867174592629567,0.2217475747339866,-0.08731751506028963,0.02149148489970721,0.08509771624915914,0,APP003068,0.01766184190117446
-0.065651348229771,0.2217475747339866,-0.29843817581578497,0.428529803805432,0.2217475747339866,-0.6827730105067226,0.5904081593270396,-0.09486472069567248,0,APP001016,0.029711108117363834
-0.35013955019267534,-0.5688287511575048,-0.7645733282836001,-0.8721886363285156,-0.9834263428289417,-0.08731751506028963,0.5904081593270396,-0.09486472069567248,0,APP006988,0.08228864724435386
0.7128170914866491,0.2217475747339866,0.3825716911634094,0.5867174592629567,0.2217475747339866,-0.08731751506028963,0.02149148489970721,-0.09486472069567248,0,APP004337,0.019028776483465123
0.1980061451935998,0.2217475747339866,-0.29843817581578497,0.428529803805432,0.2217475747339866,-0.08731751506028963,-0.8565108236092858,0.08420843206427489,1,APP003178,0.02428872699607574
0.7128170914866491,0.2217475747339866,0.3825716911634094,0.428529803805432,0.2217475747339866,0.5789806192848379,0.02149148489970721,0.08420843206427489,0,APP003838,0.01889181720207367
-0.35013955019267534,-0.5688287511575048,-0.29843817581578497,0.5867174592629567,-0.9834263428289417,-0.6827730105067226,-0.8565108236092858,-1.527679097450456,0,APP001772,0.08046606054087684
0.7128170914866491,0.2217475747339866,0.8325034873269265,0.428529803805432,0.2217475747339866,0.5789806192848379,0.02149148489970721,0.3774829969715081,0,APP003828,0.01672957096901055
0.1980061451935998,0.2217475747339866,0.3825716911634094,-0.09811915647475396,0.2217475747339866,-0.6827730105067226,0.02149148489970721,0.08509771624915914,0,APP001457,0.03028136160620495
-0.35013955019267534,0.2217475747339866,-0.29843817581578497,-0.09811915647475396,0.2217475747339866,-0.08731751506028963,0.02149148489970721,0.08420843206427489,0,APP003662,0.03944247030090972
-0.065651348229771,0.2217475747339866,0.3825716911634094,0.428529803805432,0.2217475747339866,-0.08731751506028963,0.02149148489970721,0.3774829969715081,1,APP005725,0.024473451480688066
0.7128170914866491,0.2217475747339866,0.8325034873269265,-0.09811915647475396,0.2217475747339866,0.5789806192848379,-0.022769130482054166,0.08420843206427489,0,APP007127,0.02359372923339286
0.7128170914866491,0.2217475747339866,-0.7645733282836001,0.428529803805432,0.2217475747339866,-0.08731751506028963,-0.022769130482054166,0.08420843206427489,1,APP001880,0.01889181720207367
-0.065651348229771,-0.8003405521422314,0.3825716911634094,0.5867174592629567,-0.9834263428289417,-0.6827730105067226,-0.022769130482054166,-0.09486472069567248,0,APP007871,0.04420586285922401
0.7128170914866491,0.2217475747339866,0.8325034873269265,-0.09811915647475396,0.2217475747339866,-0.08731751506028963,0.02149148489970721,0.08420843206427489,0,APP001375,0.02359372923339286
-1.0113351309460183,-1.910002676996926,-0.7645733282836001,-0.8721886363285156,-0.9834263428289417,-0.6827730105067226,-0.8565108236092858,-1.527679097450456,1,APP002129,0.30014529727952793
0.1980061451935998,0.2217475747339866,-0.05800312739151415,0.5867174592629567,0.2217475747339866,0.5789806192848379,0.5904081593270396,0.08420843206427489,0,APP006208,0.02272384630511342
-0.065651348229771,0.2217475747339866,0.8325034873269265,0.428529803805432,0.2217475747339866,-0.08731751506028963,-0.022769130482054166,0.08420843206427489,0,APP002825,0.027608468030901005
-0.065651348229771,0.2217475747339866,0.3825716911634094,0.428529803805432,0.2217475747339866,-0.08731751506028963,0.5904081593270396,0.08420843206427489,0,APP000207,0.027608468030901005
-0.065651348229771,0.2217475747339866,-0.29843817581578497,-0.09811915647475396,0.2217475747339866,-0.08731751506028963,0.5904081593270396,0.08420843206427489,1,APP001300,0.03440375934941001
0.7128170914866491,0.2217475747339866,-0.05800312739151415,-0.09811915647475396,0.2217475747339866,-0.6827730105067226,0.02149148489970721,0.08420843206427489,0,APP001798,0.02359372923339286
0.7128170914866491,0.2217475747339866,0.3825716911634094,-0.09811915647475396,0.2217475747339866,-0.08731751506028963,0.02149148489970721,0.08420843206427489,0,APP007599,0.02359372923339286
0.7128170914866491,0.2217475747339866,0.8325034873269265,0.428529803805432,0.2217475747339866,-0.08731751506028963,0.5904081593270396,0.08420843206427489,0,APP006195,0.01889181720207367
-1.0113351309460183,-0.8003405521422314,-0.29843817581578497,-0.8721886363285156,-0.513258900002694,-0.6827730105067226,-0.8565108236092858,0.08509771624915914,0,APP002354,0.11416242698321287
0.7128170914866491,0.2217475747339866,0.3825716911634094,0.428529803805432,0.2217475747339866,-0.08731751506028963,0.02149148489970721,0.08420843206427489,0,APP004703,0.01889181720207367
0.7128170914866491,0.2217475747339866,0.3825716911634094,0.428529803805432,0.2217475747339866,0.5789806192848379,0.02149148489970721,0.08420843206427489,0,APP001800,0.01889181720207367
-0.065651348229771,0.2217475747339866,-0.05800312739151415,-0.09811915647475396,0.2217475747339866,-0.08731751506028963,0.5904081593270396,0.08420843206427489,0,APP007635,0.03440375934941001
-0.065651348229771,0.2217475747339866,0.3825716911634094,0.428529803805432,0.2217475747339866,-0.08731751506028963,0.02149148489970721,0.08420843206427489,0,APP003397,0.027608468030901005
0.7128170914866491,0.2217475747339866,0.8325034873269265,0.428529803805432,0.2217475747339866,-0.08731751506028963,0.02149148489970721,0.08420843206427489,0,APP003837,0.01889181720207367
-0.065651348229771,0.2217475747339866,0.3825716911634094,0.428529803805432,0.2217475747339866,0.5789806192848379,0.02149148489970721,0.08420843206427489,0,APP002028,0.027608468030901005
0.1980061451935998,0.2217475747339866,0.3825716911634094,0.5867174592629567,0.2217475747339866,-0.6827730105067226,0.02149148489970721,0.08509771624915914,0,APP002012,0.02271551445622887
0.7128170914866491,0.2217475747339866,-0.29843817581578497,-0.09811915647475396,0.2217475747339866,-0.08731751506028963,0.02149148489970721,0.08420843206427489,0,APP001791,0.02359372923339286
-0.065651348229771,0.2217475747339866,-0.05800312739151415,-0.09811915647475396,0.2217475747339866,0.5789806192848379,0.02149148489970721,0.3774829969715081,0,APP002569,0.03052133866757444
0.7128170914866491,0.2217475747339866,0.3825716911634094,0.428529803805432,0.2217475747339866,-0.6827730105067226,0.02149148489970721,0.08509771624915914,0,APP007542,0.018884863241121562
0.7128170914866491,0.2217475747339866,0.3825716911634094,0.428529803805432,0.2217475747339866,0.5789806192848379,0.02149148489970721,0.08420843206427489,0,APP002976,0.01889181720207367
-0.065651348229771,0.2217475747339866,0.8325034873269265,-0.8721886363285156,0.2217475747339866,-0.08731751506028963,-0.8565108236092858,0.08509771624915914,0,APP008742,0.047370434986555306
0.7128170914866491,0.2217475747339866,0.3825716911634094,0.428529803805432,0.2217475747339866,-0.08731751506028963,0.02149148489970721,0.3774829969715081,0,APP004841,0.01672957096901055
0.7128170914866491,0.2217475747339866,0.8325034873269265,0.428529803805432,0.2217475747339866,-0.08731751506028963,0.02149148489970721,0.08420843206427489,0,APP005567,0.01889181720207367
0.1980061451935998,0.2217475747339866,-0.05800312739151415,0.5867174592629567,0.2217475747339866,-0.08731751506028963,0.02149148489970721,0.3774829969715081,1,APP001481,0.020132008318873924
-1.0113351309460183,-0.8003405521422314,-0.7645733282836001,-0.09811915647475396,-0.513258900002694,-0.6827730105067226,-0.022769130482054166,-1.527679097450456,0,APP000625,0.154191370109197
-0.35013955019267534,0.2217475747339866,-0.7645733282836001,0.5867174592629567,0.2217475747339866,0.5789806192848379,0.02149148489970721,0.08420843206427489,0,APP003452,0.0296577092053339
-0.065651348229771,0.2217475747339866,0.8325034873269265,0.5867174592629567,0.2217475747339866,-0.08731751506028963,0.02149148489970721,0.08420843206427489,0,APP003493,0.025835365521542593
0.1980061451935998,-0.5688287511575048,-0.29843817581578497,-0.8721886363285156,-0.8725111649557269,-0.08731751506028963,-0.8565108236092858,0.08420843206427489,0,APP007982,0.05948852055003558
-1.0113351309460183,-0.8003405521422314,-0.7645733282836001,-0.09811915647475396,-0.9834263428289417,-0.08731751506028963,-0.022769130482054166,0.3774829969715081,0,APP000101,0.07543751436300848
-0.065651348229771,0.2217475747339866,-0.05800312739151415,0.5867174592629567,0.2217475747339866,0.5789806192848379,0.5904081593270396,0.08420843206427489,0,APP008908,0.025835365521542593
-1.0113351309460183,-0.5688287511575048,-0.05800312739151415,-0.09811915647475396,-0.513258900002694,-0.6827730105067226,-0.022769130482054166,-0.09486472069567248,0,APP005191,0.08199401603011996
-0.065651348229771,0.2217475747339866,0.3825716911634094,0.428529803805432,0.2217475747339866,-0.08731751506028963,-0.022769130482054166,-0.09486472069567248,0,APP006926,0.029711108117363834
0.7128170914866491,-0.5688287511575048,0.3825716911634094,-0.09811915647475396,-0.8725111649557269,-0.08731751506028963,0.02149148489970721,-0.09486472069567248,0,APP006222,0.036417657373663474
0.1980061451935998,0.2217475747339866,-0.7645733282836001,-0.09811915647475396,0.2217475747339866,0.5789806192848379,-0.022769130482054166,0.08420843206427489,0,APP006387,0.030292382522712033
-1.0113351309460183,0.2217475747339866,-0.05800312739151415,-0.8721886363285156,0.2217475747339866,-0.6827730105067226,-0.022769130482054166,-1.527679097450456,0,APP004741,0.13599516551899613
0.7128170914866491,0.2217475747339866,-0.05800312739151415,-0.09811915647475396,0.2217475747339866,-0.08731751506028963,0.02149148489970721,-0.09486472069567248,0,APP006932,0.0253985961957803
0.7128170914866491,0.2217475747339866,0.8325034873269265,0.428529803805432,0.2217475747339866,-0.08731751506028963,0.5904081593270396,0.08420843206427489,0,APP003645,0.01889181720207367
0.7128170914866491,0.2217475747339866,0.3825716911634094,-0.09811915647475396,0.2217475747339866,0.5789806192848379,-0.8565108236092858,0.08420843206427489,0,APP003999,0.02359372923339286
-0.065651348229771,0.2217475747339866,-0.29843817581578497,-0.09811915647475396,0.2217475747339866,-0.08731751506028963,0.02149148489970721,-0.09486472069567248,0,APP008517,0.037004229377386705
0.7128170914866491,0.2217475747339866,-0.05800312739151415,-0.09811915647475396,0.2217475747339866,0.5789806192848379,-0.022769130482054166,0.08420843206427489,0,APP008548,0.02359372923339286
-0.065651348229771,0.2217475747339866,0.3825716911634094,-0.09811915647475396,0.2217475747339866,-0.08731751506028963,0.02149148489970721,0.08420843206427489,0,APP004672,0.03440375934941001
0.7128170914866491,0.2217475747339866,0.8325034873269265,0.428529803805432,0.2217475747339866,0.5789806192848379,0.02149148489970721,0.08420843206427489,0,APP006287,0.01889181720207367
-1.0113351309460183,-0.5688287511575048,-0.7645733282836001,-0.8721886363285156,-0.9834263428289417,-0.08731751506028963,0.02149148489970721,0.08509771624915914,0,APP005824,0.10360749965329094
-1.0113351309460183,0.2217475747339866,-0.7645733282836001,-0.09811915647475396,0.2217475747339866,-0.08731751506028963,-0.022769130482054166,0.08420843206427489,0,APP004197,0.05402080951084046
-0.065651348229771,0.2217475747339866,-0.29843817581578497,-0.09811915647475396,0.2217475747339866,-0.08731751506028963,0.02149148489970721,0.08420843206427489,0,APP001508,0.03440375934941001
-0.065651348229771,0.2217475747339866,0.3825716911634094,0.5867174592629567,0.2217475747339866,-0.08731751506028963,0.02149148489970721,0.08509771624915914,0,APP004851,0.025825922962349028
-1.0113351309460183,0.2217475747339866,-0.7645733282836001,-0.8721886363285156,0.2217475747339866,-0.6827730105067226,-0.8565108236092858,-1.527679097450456,0,APP005147,0.13599516551899613
0.7128170914866491,0.2217475747339866,-0.05800312739151415,0.428529803805432,0.2217475747339866,0.5789806192848379,-0.022769130482054166,0.3774829969715081,0,APP003965,0.01672957096901055
0.1980061451935998,0.2217475747339866,-0.05800312739151415,-0.09811915647475396,0.2217475747339866,0.5789806192848379,-0.022769130482054166,0.08420843206427489,0,APP003237,0.030292382522712033
0.1980061451935998,0.2217475747339866,0.8325034873269265,0.428529803805432,0.2217475747339866,-0.08731751506028963,-0.022769130482054166,0.08420843206427489,0,APP002927,0.02428872699607574
-0.065651348229771,0.2217475747339866,0.3825716911634094,-0.8721886363285156,0.2217475747339866,0.5789806192848379,0.02149148489970721,0.08420843206427489,1,APP008512,0.04738737154686286
-1.0113351309460183,-0.5688287511575048,-0.29843817581578497,-0.09811915647475396,-0.513258900002694,-0.08731751506028963,-0.022769130482054166,-0.09486472069567248,0,APP005333,0.08199401603011996
-0.35013955019267534,-0.5688287511575048,0.8325034873269265,-0.09811915647475396,-0.8725111649557269,-0.08731751506028963,0.02149148489970721,0.3774829969715081,1,APP002696,0.04998794932890245
0.1980061451935998,0.2217475747339866,0.8325034873269265,0.428529803805432,0.2217475747339866,-0.08731751506028963,0.02149148489970721,0.08420843206427489,0,APP000399,0.02428872699607574
0.7128170914866491,0.2217475747339866,-0.29843817581578497,0.428529803805432,0.2217475747339866,-0.08731751506028963,0.5904081593270396,0.08420843206427489,0,APP003079,0.01889181720207367
-0.065651348229771,0.2217475747339866,0.3825716911634094,0.428529803805432,0.2217475747339866,-0.6827730105067226,0.02149148489970721,0.08509771624915914,0,APP006857,0.027598395780540387
-1.0113351309460183,-1.910002676996926,-0.7645733282836001,-0.8721886363285156,-0.8725111649557269,-0.08731751506028963,-0.8565108236092858,0.08420843206427489,0,APP006473,0.1784666307242043
-0.065651348229771,0.2217475747339866,0.3825716911634094,0.5867174592629567,0.2217475747339866,0.5789806192848379,-0.022769130482054166,0.08420843206427489,0,APP008791,0.025835365521542593
-0.065651348229771,0.2217475747339866,0.3825716911634094,0.5867174592629567,0.2217475747339866,-0.08731751506028963,-0.022769130482054166,0.3774829969715081,0,APP003473,0.02289694860171144
0.7128170914866491,0.2217475747339866,0.8325034873269265,0.5867174592629567,0.2217475747339866,0.5789806192848379,0.02149148489970721,0.08420843206427489,0,APP002717,0.0176683536199148
0.7128170914866491,0.2217475747339866,-0.05800312739151415,0.5867174592629567,0.2217475747339866,-0.08731751506028963,0.02149148489970721,-0.09486472069567248,1,APP000580,0.019028776483465123
-0.35013955019267534,0.2217475747339866,-0.05800312739151415,-0.09811915647475396,0.2217475747339866,-0.08731751506028963,0.5904081593270396,0.08420843206427489,0,APP002168,0.03944247030090972
-0.35013955019267534,0.2217475747339866,-0.05800312739151415,0.5867174592629567,0.2217475747339866,-0.08731751506028963,0.02149148489970721,0.08420843206427489,0,APP001043,0.0296577092053339
-0.35013955019267534,0.2217475747339866,0.3825716911634094,-0.09811915647475396,0.2217475747339866,-0.08731751506028963,-0.8565108236092858,0.3774829969715081,0,APP003076,0.035012055071022154
0.1980061451935998,0.2217475747339866,-0.05800312739151415,0.5867174592629567,0.2217475747339866,-0.08731751506028963,0.5904081593270396,0.08420843206427489,0,APP006918,0.02272384630511342
0.7128170914866491,0.2217475747339866,-0.05800312739151415,-0.09811915647475396,0.2217475747339866,0.5789806192848379,-0.022769130482054166,0.08420843206427489,0,APP007820,0.02359372923339286
-0.35013955019267534,0.2217475747339866,0.3825716911634094,-0.09811915647475396,0.2217475747339866,-0.08731751506028963,0.02149148489970721,0.08509771624915914,0,APP005195,0.0394282557726393
0.7128170914866491,0.2217475747339866,0.3825716911634094,-0.09811915647475396,0.2217475747339866,-0.08731751506028963,0.02149148489970721,-0.09486472069567248,0,APP000799,0.0253985961957803
-1.0113351309460183,0.2217475747339866,-0.29843817581578497,-0.8721886363285156,0.2217475747339866,-0.08731751506028963,0.02149148489970721,0.08420843206427489,0,APP006364,0.07384154130962636
-0.35013955019267534,-0.8003405521422314,-0.29843817581578497,-0.09811915647475396,-0.513258900002694,-0.08731751506028963,-0.8565108236092858,0.08420843206427489,0,APP005680,0.06226412193146435
0.1980061451935998,-0.5688287511575048,-0.29843817581578497,-0.09811915647475396,-0.513258900002694,-0.08731751506028963,-0.022769130482054166,0.3774829969715081,0,APP000572,0.038489488681447075
0.1980061451935998,0.2217475747339866,0.3825716911634094,0.5867174592629567,0.2217475747339866,0.5789806192848379,0.02149148489970721,0.08420843206427489,0,APP006313,0.02272384630511342
-0.065651348229771,0.2217475747339866,-0.29843817581578497,-0.8721886363285156,0.2217475747339866,-0.08731751506028963,0.02149148489970721,0.08420843206427489,0,APP007049,0.04738737154686286
-0.065651348229771,0.2217475747339866,0.8325034873269265,-0.09811915647475396,0.2217475747339866,0.5789806192848379,0.02149148489970721,0.08420843206427489,0,APP006747,0.03440375934941001
-0.35013955019267534,0.2217475747339866,-0.29843817581578497,0.5867174592629567,0.2217475747339866,-0.08731751506028963,-0.022769130482054166,0.3774829969715081,0,APP008677,0.026296288551937438
-0.065651348229771,0.2217475747339866,0.3825716911634094,-0.09811915647475396,0.2217475747339866,0.5789806192848379,-0.022769130482054166,0.08420843206427489,0,APP006482,0.03440375934941001
-0.065651348229771,0.2217475747339866,-0.05800312739151415,-0.09811915647475396,0.2217475747339866,0.5789806192848379,0.02149148489970721,0.08420843206427489,0,APP001639,0.03440375934941001
-0.065651348229771,0.2217475747339866,-0.29843817581578497,-0.09811915647475396,0.2217475747339866,0.5789806192848379,0.02149148489970721,0.08420843206427489,0,APP005735,0.03440375934941001
0.1980061451935998,0.2217475747339866,-0.29843817581578497,0.5867174592629567,0.2217475747339866,-0.6827730105067226,0.02149148489970721,0.08420843206427489,0,APP008289,0.02272384630511342
0.1980061451935998,0.2217475747339866,-0.05800312739151415,0.428529803805432,0.2217475747339866,-0.08731751506028963,-0.022769130482054166,-0.09486472069567248,0,APP004921,0.026145336091308227
-0.35013955019267534,0.2217475747339866,-0.7645733282836001,0.5867174592629567,0.2217475747339866,-0.08731751506028963,0.5904081593270396,0.08420843206427489,0,APP004809,0.0296577092053339
-1.0113351309460183,-1.910002676996926,-0.29843817581578497,-0.8721886363285156,-0.9834263428289417,-0.6827730105067226,-0.022769130482054166,-1.527679097450456,0,APP001318,0.30014529727952793
0.7128170914866491,0.2217475747339866,0.8325034873269265,0.5867174592629567,0.2217475747339866,-0.08731751506028963,0.02149148489970721,0.08420843206427489,0,APP003261,0.0176683536199148
-0.35013955019267534,0.2217475747339866,-0.29843817581578497,-0.09811915647475396,0.2217475747339866,0.5789806192848379,0.02149148489970721,0.08420843206427489,0,APP007715,0.03944247030090972
-0.065651348229771,0.2217475747339866,0.3825716911634094,0.5867174592629567,0.2217475747339866,-0.08731751506028963,0.5904081593270396,0.08509771624915914,0,APP008381,0.025825922962349028
0.7128170914866491,0.2217475747339866,0.8325034873269265,-0.09811915647475396,0.2217475747339866,-0.08731751506028963,0.02149148489970721,0.08420843206427489,0,APP002254,0.02359372923339286
-1.0113351309460183,-0.8003405521422314,-0.29843817581578497,-0.8721886363285156,-0.9834263428289417,-0.08731751506028963,-0.8565108236092858,0.3774829969715081,0,APP005044,0.10226673084309319
0.1980061451935998,0.2217475747339866,0.3825716911634094,-0.09811915647475396,0.2217475747339866,-0.08731751506028963,-0.022769130482054166,0.08509771624915914,0,APP004789,0.03028136160620495
0.7128170914866491,0.2217475747339866,0.3825716911634094,-0.09811915647475396,0.2217475747339866,-0.08731751506028963,-0.8565108236092858,0.3774829969715081,0,APP006149,0.020904796424193146
0.7128170914866491,0.2217475747339866,0.3825716911634094,0.5867174592629567,0.2217475747339866,-0.08731751506028963,0.02149148489970721,-0.09486472069567248,0,APP004088,0.019028776483465123
-1.0113351309460183,-1.910002676996926,-0.7645733282836001,-0.09811915647475396,-0.9834263428289417,-0.08731751506028963,-0.022769130482054166,-0.09486472069567248,0,APP008891,0.14369481252828722
-0.065651348229771,0.2217475747339866,0.8325034873269265,0.5867174592629567,0.2217475747339866,-0.08731751506028963,0.5904081593270396,0.08420843206427489,0,APP001200,0.025835365521542593
0.7128170914866491,0.2217475747339866,0.3825716911634094,0.428529803805432,0.2217475747339866,0.5789806192848379,0.02149148489970721,0.08420843206427489,0,APP003260,0.01889181720207367
0.7128170914866491,0.2217475747339866,-0.7645733282836001,-0.09811915647475396,0.2217475747339866,0.5789806192848379,0.5904081593270396,0.08420843206427489,0,APP001069,0.02359372923339286
0.7128170914866491,0.2217475747339866,-0.05800312739151415,0.428529803805432,0.2217475747339866,-0.08731751506028963,0.02149148489970721,0.08420843206427489,0,APP004985,0.01889181720207367
0.7128170914866491,0.2217475747339866,0.3825716911634094,0.5867174592629567,0.2217475747339866,0.5789806192848379,0.02149148489970721,0.08420843206427489,0,APP008579,0.0176683536199148
0.7128170914866491,0.2217475747339866,-0.05800312739151415,0.5867174592629567,0.2217475747339866,-0.08731751506028963,0.5904081593270396,-0.09486472069567248,0,APP006344,0.019028776483465123
-0.35013955019267534,0.2217475747339866,0.8325034873269265,0.5867174592629567,0.2217475747339866,-0.08731751506028963,0.02149148489970721,0.08509771624915914,0,APP006722,0.029646912134968225
-1.0113351309460183,-0.5688287511575048,-0.7645733282836001,0.5867174592629567,-0.9834263428289417,-0.6827730105067226,-0.022769130482054166,0.08420843206427489,0,APP001868,0.0580648006591802
-0.35013955019267534,0.2217475747339866,-0.29843817581578497,0.5867174592629567,0.2217475747339866,0.5789806192848379,0.02149148489970721,0.08420843206427489,0,APP005318,0.0296577092053339
0.7128170914866491,0.2217475747339866,-0.05800312739151415,0.428529803805432,0.2217475747339866,0.5789806192848379,0.5904081593270396,0.08420843206427489,0,APP002113,0.01889181720207367
-0.35013955019267534,0.2217475747339866,-0.05800312739151415,-0.09811915647475396,0.2217475747339866,-0.08731751506028963,0.5904081593270396,0.3774829969715081,0,APP007935,0.035012055071022154
0.1980061451935998,0.2217475747339866,0.3825716911634094,0.5867174592629567,0.2217475747339866,-0.08731751506028963,0.02149148489970721,0.08420843206427489,0,APP005814,0.02272384630511342
0.7128170914866491,0.2217475747339866,0.8325034873269265,0.428529803805432,0.2217475747339866,-0.08731751506028963,0.02149148489970721,0.3774829969715081,0,APP000927,0.01672957096901055
0.7128170914866491,0.2217475747339866,0.8325034873269265,0.428529803805432,0.2217475747339866,0.5789806192848379,0.5904081593270396,0.08420843206427489,0,APP001209,0.01889181720207367
-0.065651348229771,0.2217475747339866,-0.29843817581578497,-0.09811915647475396,0.2217475747339866,-0.08731751506028963,0.5904081593270396,0.3774829969715081,0,APP001130,0.03052133866757444
0.7128170914866491,0.2217475747339866,-0.05800312739151415,0.428529803805432,0.2217475747339866,-0.08731751506028963,0.02149148489970721,0.08420843206427489,0,APP003199,0.01889181720207367
-1.0113351309460183,0.2217475747339866,-0.05800312739151415,-0.09811915647475396,0.2217475747339866,-0.08731751506028963,0.02149148489970721,0.08420843206427489,0,APP004325,0.05402080951084046
0.7128170914866491,0.2217475747339866,-0.05800312739151415,0.428529803805432,0.2217475747339866,-0.08731751506028963,0.5904081593270396,-0.09486472069567248,0,APP007713,0.02034449296474017
-0.065651348229771,0.2217475747339866,0.3825716911634094,0.428529803805432,0.2217475747339866,-0.08731751506028963,0.5904081593270396,0.3774829969715081,0,APP007842,0.024473451480688066
0.7128170914866491,0.2217475747339866,0.3825716911634094,0.428529803805432,0.2217475747339866,0.5789806192848379,0.02149148489970721,0.08420843206427489,1,APP003299,0.01889181720207367
0.7128170914866491,0.2217475747339866,0.8325034873269265,0.5867174592629567,0.2217475747339866,-0.08731751506028963,0.02149148489970721,0.3774829969715081,0,APP002368,0.01564390502463836
0.7128170914866491,0.2217475747339866,-0.05800312739151415,0.5867174592629567,0.2217475747339866,0.5789806192848379,0.02149148489970721,0.08420843206427489,0,APP005648,0.0176683536199148
-0.065651348229771,0.2217475747339866,0.3825716911634094,0.5867174592629567,0.2217475747339866,0.5789806192848379,-0.022769130482054166,0.08420843206427489,0,APP001008,0.025835365521542593
-0.35013955019267534,0.2217475747339866,-0.29843817581578497,0.5867174592629567,0.2217475747339866,-0.08731751506028963,0.02149148489970721,0.08420843206427489,0,APP004716,0.0296577092053339
-0.35013955019267534,-0.5688287511575048,-0.29843817581578497,-0.8721886363285156,-0.9834263428289417,-0.6827730105067226,-0.022769130482054166,0.08509771624915914,0,APP007334,0.07673289156497146
0.1980061451935998,-0.8003405521422314,-0.05800312739151415,-0.09811915647475396,-0.513258900002694,-0.08731751506028963,-0.8565108236092858,0.08420843206427489,0,APP004440,0.04808476644282122
0.7128170914866491,0.2217475747339866,0.8325034873269265,0.5867174592629567,0.2217475747339866,-0.08731751506028963,0.5904081593270396,0.08420843206427489,0,APP005682,0.0176683536199148
0.7128170914866491,0.2217475747339866,0.3825716911634094,0.5867174592629567,0.2217475747339866,0.5789806192848379,0.02149148489970721,0.08420843206427489,0,APP002739,0.0176683536199148
-1.0113351309460183,0.2217475747339866,-0.05800312739151415,0.5867174592629567,0.2217475747339866,-0.08731751506028963,0.02149148489970721,0.08420843206427489,0,APP003477,0.04077301338994351
0.7128170914866491,0.2217475747339866,0.3825716911634094,0.428529803805432,0.2217475747339866,0.5789806192848379,0.02149148489970721,0.08420843206427489,0,APP001081,0.01889181720207367
-0.35013955019267534,0.2217475747339866,-0.05800312739151415,0.5867174592629567,0.2217475747339866,-0.08731751506028963,0.02149148489970721,0.3774829969715081,0,APP006199,0.026296288551937438
0.7128170914866491,0.2217475747339866,-0.29843817581578497,-0.09811915647475396,0.2217475747339866,-0.08731751506028963,0.02149148489970721,0.3774829969715081,0,APP003968,0.020904796424193146
0.7128170914866491,0.2217475747339866,0.8325034873269265,0.428529803805432,0.2217475747339866,-0.08731751506028963,0.02149148489970721,0.08420843206427489,0,APP005670,0.01889181720207367
-0.065651348229771,-0.5688287511575048,-0.7645733282836001,-0.09811915647475396,-0.8725111649557269,-0.08731751506028963,-0.022769130482054166,-0.09486472069567248,0,APP007868,0.052785635192994465
0.7128170914866491,0.2217475747339866,-0.05800312739151415,0.428529803805432,0.2217475747339866,0.5789806192848379,0.02149148489970721,0.08420843206427489,0,APP002047,0.01889181720207367
0.7128170914866491,0.2217475747339866,0.8325034873269265,0.428529803805432,0.2217475747339866,0.5789806192848379,-0.022769130482054166,0.08420843206427489,0,APP002332,0.01889181720207367
0.7128170914866491,0.2217475747339866,0.3825716911634094,0.5867174592629567,0.2217475747339866,-0.08731751506028963,0.02149148489970721,0.08509771624915914,0,APP005372,0.01766184190117446
-0.35013955019267534,-0.5688287511575048,-0.7645733282836001,-0.09811915647475396,-1.197437410579879,-0.08731751506028963,0.02149148489970721,-0.09486472069567248,0,APP005693,0.06034826488812025
-0.35013955019267534,0.2217475747339866,0.3825716911634094,0.428529803805432,0.2217475747339866,0.5789806192848379,0.5904081593270396,0.08420843206427489,0,APP007394,0.031684610046371506
-1.0113351309460183,-0.8003405521422314,-0.7645733282836001,-0.8721886363285156,-0.8725111649557269,-0.6827730105067226,-0.8565108236092858,0.08509771624915914,0,APP005194,0.11416242698321287
0.7128170914866491,0.2217475747339866,0.8325034873269265,0.428529803805432,0.2217475747339866,0.5789806192848379,0.02149148489970721,0.3774829969715081,0,APP007058,0.01672957096901055
-0.065651348229771,0.2217475747339866,0.8325034873269265,-0.8721886363285156,0.2217475747339866,0.5789806192848379,0.02149148489970721,0.08420843206427489,0,APP002206,0.04738737154686286
-0.35013955019267534,0.2217475747339866,-0.7645733282836001,-0.8721886363285156,0.2217475747339866,-0.08731751506028963,0.02149148489970721,-0.09486472069567248,0,APP008390,0.058228912647221596
-0.065651348229771,0.2217475747339866,0.3825716911634094,0.428529803805432,0.2217475747339866,0.5789806192848379,-0.022769130482054166,0.08420843206427489,0,APP002838,0.027608468030901005
-0.065651348229771,0.2217475747339866,0.3825716911634094,-0.09811915647475396,0.2217475747339866,0.5789806192848379,0.02149148489970721,0.08420843206427489,0,APP007194,0.03440375934941001
-0.35013955019267534,0.2217475747339866,-0.7645733282836001,-0.09811915647475396,0.2217475747339866,-0.08731751506028963,0.02149148489970721,0.08420843206427489,0,APP007022,0.03944247030090972
-0.065651348229771,0.2217475747339866,-0.05800312739151415,0.428529803805432,0.2217475747339866,0.5789806192848379,0.02149148489970721,0.08420843206427489,0,APP001405,0.027608468030901005
-0.065651348229771,0.2217475747339866,-0.29843817581578497,-0.8721886363285156,0.2217475747339866,-0.08731751506028963,0.02149148489970721,0.3774829969715081,0,APP002428,0.042103654249744674
-1.0113351309460183,0.2217475747339866,-0.7645733282836001,-0.8721886363285156,0.2217475747339866,-0.08731751506028963,-0.8565108236092858,0.08420843206427489,0,APP001157,0.07384154130962636
0.7128170914866491,0.2217475747339866,-0.7645733282836001,0.428529803805432,0.2217475747339866,-0.08731751506028963,0.02149148489970721,-0.09486472069567248,0,APP003749,0.02034449296474017
0.7128170914866491,0.2217475747339866,-0.05800312739151415,0.428529803805432,0.2217475747339866,0.5789806192848379,0.02149148489970721,0.3774829969715081,0,APP000842,0.01672957096901055
0.7128170914866491,0.2217475747339866,0.3825716911634094,0.5867174592629567,0.2217475747339866,-0.08731751506028963,0.02149148489970721,0.08420843206427489,0,APP002009,0.0176683536199148
0.7128170914866491,0.2217475747339866,0.8325034873269265,0.428529803805432,0.2217475747339866,-0.08731751506028963,0.5904081593270396,-0.09486472069567248,0,APP000034,0.02034449296474017
-0.35013955019267534,-0.5688287511575048,-0.29843817581578497,-0.8721886363285156,-0.9834263428289417,0.5789806192848379,-0.022769130482054166,0.08420843206427489,0,APP006213,0.07675948031534482
0.7128170914866491,0.2217475747339866,-0.05800312739151415,0.5867174592629567,0.2217475747339866,0.5789806192848379,0.02149148489970721,0.08420843206427489,0,APP007503,0.0176683536199148
0.7128170914866491,0.2217475747339866,0.8325034873269265,0.428529803805432,0.2217475747339866,0.5789806192848379,0.5904081593270396,0.08420843206427489,0,APP000426,0.01889181720207367
0.7128170914866491,0.2217475747339866,-0.29843817581578497,0.428529803805432,0.2217475747339866,-0.08731751506028963,0.5904081593270396,0.08420843206427489,0,APP008744,0.01889181720207367
-0.35013955019267534,-1.910002676996926,-0.7645733282836001,-0.8721886363285156,-0.9834263428289417,0.5789806192848379,-0.8565108236092858,0.3774829969715081,0,APP006931,0.12128229420881802
-0.065651348229771,0.2217475747339866,0.3825716911634094,0.5867174592629567,0.2217475747339866,-0.08731751506028963,0.02149148489970721,0.08420843206427489,1,APP005276,0.025835365521542593
0.7128170914866491,0.2217475747339866,-0.05800312739151415,0.428529803805432,0.2217475747339866,0.5789806192848379,0.02149148489970721,0.3774829969715081,0,APP000359,0.01672957096901055
0.1980061451935998,-0.5688287511575048,-0.05800312739151415,-0.8721886363285156,-1.197437410579879,0.5789806192848379,0.02149148489970721,0.08420843206427489,0,APP003043,0.05948852055003558
0.7128170914866491,0.2217475747339866,0.3825716911634094,0.5867174592629567,0.2217475747339866,0.5789806192848379,0.02149148489970721,0.3774829969715081,0,APP007263,0.01564390502463836
0.7128170914866491,0.2217475747339866,0.8325034873269265,0.428529803805432,0.2217475747339866,0.5789806192848379,0.02149148489970721,0.08420843206427489,0,APP001573,0.01889181720207367
-0.065651348229771,0.2217475747339866,0.8325034873269265,0.5867174592629567,0.2217475747339866,0.5789806192848379,0.5904081593270396,0.08420843206427489,0,APP006781,0.025835365521542593
-0.065651348229771,0.2217475747339866,-0.29843817581578497,-0.09811915647475396,0.2217475747339866,0.5789806192848379,0.02149148489970721,0.08420843206427489,0,APP003374,0.03440375934941001
0.7128170914866491,0.2217475747339866,-0.05800312739151415,-0.09811915647475396,0.2217475747339866,0.5789806192848379,-0.022769130482054166,0.08420843206427489,0,APP007187,0.02359372923339286
0.7128170914866491,0.2217475747339866,-0.05800312739151415,0.5867174592629567,0.2217475747339866,0.5789806192848379,0.02149148489970721,0.08420843206427489,1,APP006385,0.0176683536199148
0.1980061451935998,0.2217475747339866,-0.7645733282836001,-0.8721886363285156,0.2217475747339866,-0.08731751506028963,0.5904081593270396,0.08420843206427489,0,APP001834,0.041791558609494746
0.1980061451935998,0.2217475747339866,0.3825716911634094,-0.09811915647475396,0.2217475747339866,-0.08731751506028963,0.02149148489970721,0.08420843206427489,0,APP008968,0.030292382522712033
0.7128170914866491,0.2217475747339866,0.3825716911634094,0.428529803805432,0.2217475747339866,-0.08731751506028963,0.02149148489970721,0.08420843206427489,0,APP002115,0.01889181720207367
0.7128170914866491,0.2217475747339866,-0.29843817581578497,0.5867174592629567,0.2217475747339866,-0.08731751506028963,0.02149148489970721,0.08420843206427489,0,APP005199,0.0176683536199148
0.7128170914866491,0.2217475747339866,-0.29843817581578497,0.428529803805432,0.2217475747339866,-0.08731751506028963,0.5904081593270396,0.08509771624915914,0,APP004753,0.018884863241121562
-0.065651348229771,0.2217475747339866,-0.05800312739151415,0.428529803805432,0.2217475747339866,-0.6827730105067226,0.02149148489970721,-0.09486472069567248,0,APP007228,0.029711108117363834
0.7128170914866491,0.2217475747339866,0.8325034873269265,0.428529803805432,0.2217475747339866,0.5789806192848379,-0.022769130482054166,0.08420843206427489,0,APP001611,0.01889181720207367
-0.065651348229771,0.2217475747339866,0.3825716911634094,0.5867174592629567,0.2217475747339866,-0.08731751506028963,0.5904081593270396,0.3774829969715081,0,APP007195,0.02289694860171144
0.1980061451935998,0.2217475747339866,0.3825716911634094,0.5867174592629567,0.2217475747339866,-0.08731751506028963,0.02149148489970721,0.3774829969715081,0,APP005002,0.020132008318873924
0.1980061451935998,0.2217475747339866,0.3825716911634094,-0.09811915647475396,0.2217475747339866,-0.08731751506028963,0.02149148489970721,0.08420843206427489,0,APP005047,0.030292382522712033
0.7128170914866491,0.2217475747339866,0.3825716911634094,0.5867174592629567,0.2217475747339866,0.5789806192848379,-0.022769130482054166,0.3774829969715081,0,APP003138,0.01564390502463836
0.7128170914866491,0.2217475747339866,-0.29843817581578497,0.428529803805432,0.2217475747339866,-0.08731751506028963,0.02149148489970721,-0.09486472069567248,0,APP000813,0.02034449296474017
-0.065651348229771,0.2217475747339866,-0.29843817581578497,0.5867174592629567,0.2217475747339866,-0.08731751506028963,-0.022769130482054166,-0.09486472069567248,0,APP001142,0.02780682905467762
-0.065651348229771,0.2217475747339866,-0.29843817581578497,0.5867174592629567,0.2217475747339866,-0.08731751506028963,0.5904081593270396,0.08420843206427489,0,APP007768,0.025835365521542593
-0.065651348229771,0.2217475747339866,-0.05800312739151415,-0.09811915647475396,0.2217475747339866,-0.08731751506028963,0.02149148489970721,0.08420843206427489,0,APP000354,0.03440375934941001
-0.065651348229771,0.2217475747339866,-0.29843817581578497,0.5867174592629567,0.2217475747339866,0.5789806192848379,0.02149148489970721,0.08420843206427489,0,APP002167,0.025835365521542593
0.1980061451935998,0.2217475747339866,-0.29843817581578497,-0.09811915647475396,0.2217475747339866,-0.08731751506028963,-0.022769130482054166,0.08420843206427489,0,APP002756,0.030292382522712033
0.7128170914866491,0.2217475747339866,-0.05800312739151415,-0.8721886363285156,0.2217475747339866,-0.08731751506028963,-0.022769130482054166,0.08420843206427489,0,APP000814,0.03263563498364616
-0.35013955019267534,0.2217475747339866,-0.7645733282836001,0.5867174592629567,0.2217475747339866,-0.6827730105067226,-0.022769130482054166,-1.527679097450456,0,APP006674,0.056906173846091264
0.1980061451935998,-0.5688287511575048,-0.7645733282836001,-0.8721886363285156,-0.9834263428289417,-0.08731751506028963,0.02149148489970721,0.08420843206427489,0,APP002139,0.05948852055003558
0.7128170914866491,0.2217475747339866,0.8325034873269265,0.428529803805432,0.2217475747339866,0.5789806192848379,0.5904081593270396,0.08420843206427489,0,APP003515,0.01889181720207367
0.7128170914866491,0.2217475747339866,0.8325034873269265,0.428529803805432,0.2217475747339866,-0.08731751506028963,0.02149148489970721,0.3774829969715081,0,APP000363,0.01672957096901055
0.1980061451935998,0.2217475747339866,0.3825716911634094,0.5867174592629567,0.2217475747339866,0.5789806192848379,-0.022769130482054166,0.08420843206427489,0,APP006904,0.02272384630511342
-0.065651348229771,0.2217475747339866,0.3825716911634094,-0.09811915647475396,0.2217475747339866,-0.08731751506028963,-0.022769130482054166,0.08420843206427489,1,APP004305,0.03440375934941001
0.7128170914866491,0.2217475747339866,0.3825716911634094,0.428529803805432,0.2217475747339866,0.5789806192848379,0.02149148489970721,0.08420843206427489,0,APP007945,0.01889181720207367
-0.35013955019267534,0.2217475747339866,-0.29843817581578497,-0.09811915647475396,0.2217475747339866,-0.08731751506028963,0.02149148489970721,0.08509771624915914,0,APP002865,0.0394282557726393
-0.35013955019267534,0.2217475747339866,-0.05800312739151415,-0.09811915647475396,0.2217475747339866,-0.08731751506028963,0.02149148489970721,0.3774829969715081,0,APP000189,0.035012055071022154
-0.35013955019267534,0.2217475747339866,-0.29843817581578497,-0.8721886363285156,0.2217475747339866,-0.08731751506028963,-0.022769130482054166,0.08509771624915914,0,APP002655,0.05420162084918719
0.7128170914866491,0.2217475747339866,0.3825716911634094,-0.09811915647475396,0.2217475747339866,-0.08731751506028963,0.02149148489970721,-0.09486472069567248,0,APP006685,0.0253985961957803
-0.065651348229771,0.2217475747339866,-0.29843817581578497,0.5867174592629567,0.2217475747339866,0.5789806192848379,0.02149148489970721,0.08420843206427489,0,APP001585,0.025835365521542593
-0.065651348229771,0.2217475747339866,0.8325034873269265,0.5867174592629567,0.2217475747339866,-0.08731751506028963,-0.022769130482054166,-0.09486472069567248,0,APP002318,0.02780682905467762
0.1980061451935998,-0.5688287511575048,0.3825716911634094,0.5867174592629567,-0.513258900002694,-0.08731751506028963,-0.8565108236092858,0.08509771624915914,0,APP000630,0.032609481318203244
-1.0113351309460183,-0.5688287511575048,-0.7645733282836001,-0.8721886363285156,-0.8725111649557269,-0.08731751506028963,-0.8565108236092858,0.08420843206427489,0,APP007398,0.10364235537066266
0.7128170914866491,0.2217475747339866,0.3825716911634094,0.428529803805432,0.2217475747339866,-0.6827730105067226,0.02149148489970721,0.08509771624915914,0,APP008556,0.018884863241121562
-1.0113351309460183,-0.8003405521422314,-0.7645733282836001,-0.8721886363285156,-1.197437410579879,-0.6827730105067226,-0.8565108236092858,-1.527679097450456,0,APP007074,0.20288311899526615
0.7128170914866491,0.2217475747339866,0.3825716911634094,0.428529803805432,0.2217475747339866,-0.08731751506028963,0.5904081593270396,-0.09486472069567248,0,APP008306,0.02034449296474017
0.7128170914866491,0.2217475747339866,0.3825716911634094,-0.09811915647475396,0.2217475747339866,0.5789806192848379,0.02149148489970721,0.08420843206427489,0,APP006454,0.02359372923339286
-1.0113351309460183,-0.5688287511575048,-0.7645733282836001,-0.8721886363285156,-0.8725111649557269,-0.6827730105067226,-0.8565108236092858,-1.527679097450456,1,APP004497,0.1858463943699003
0.7128170914866491,0.2217475747339866,0.3825716911634094,-0.09811915647475396,0.2217475747339866,-0.08731751506028963,0.02149148489970721,0.08420843206427489,0,APP008633,0.02359372923339286
-0.065651348229771,0.2217475747339866,0.8325034873269265,-0.09811915647475396,0.2217475747339866,-0.08731751506028963,0.02149148489970721,0.08420843206427489,0,APP000686,0.03440375934941001
0.7128170914866491,0.2217475747339866,-0.05800312739151415,0.5867174592629567,0.2217475747339866,-0.08731751506028963,0.5904081593270396,0.08509771624915914,0,APP006502,0.01766184190117446
0.1980061451935998,0.2217475747339866,0.3825716911634094,-0.09811915647475396,0.2217475747339866,-0.08731751506028963,0.02149148489970721,0.08420843206427489,0,APP001335,0.030292382522712033
-0.065651348229771,0.2217475747339866,-0.29843817581578497,0.5867174592629567,0.2217475747339866,0.5789806192848379,0.5904081593270396,0.08420843206427489,0,APP001129,0.025835365521542593
0.7128170914866491,0.2217475747339866,-0.29843817581578497,0.428529803805432,0.2217475747339866,0.5789806192848379,0.02149148489970721,0.08420843206427489,0,APP005978,0.01889181720207367
-0.065651348229771,0.2217475747339866,0.8325034873269265,0.428529803805432,0.2217475747339866,-0.08731751506028963,0.02149148489970721,0.3774829969715081,0,APP001087,0.024473451480688066
-0.35013955019267534,-0.5688287511575048,-0.29843817581578497,-0.09811915647475396,-0.9834263428289417,-0.08731751506028963,0.02149148489970721,0.08509771624915914,0,APP003682,0.05618313669498817
-0.065651348229771,0.2217475747339866,0.3825716911634094,0.428529803805432,0.2217475747339866,0.5789806192848379,0.02149148489970721,0.08420843206427489,1,APP007135,0.027608468030901005
0.1980061451935998,0.2217475747339866,-0.05800312739151415,-0.09811915647475396,0.2217475747339866,-0.08731751506028963,-0.022769130482054166,0.08420843206427489,0,APP002464,0.030292382522712033
0.7128170914866491,-0.8003405521422314,-0.29843817581578497,-0.09811915647475396,-0.8725111649557269,-0.08731751506028963,0.02149148489970721,0.08420843206427489,0,APP008899,0.0376042004347497
0.1980061451935998,0.2217475747339866,-0.7645733282836001,-0.09811915647475396,0.2217475747339866,-0.08731751506028963,0.02149148489970721,0.08509771624915914,0,APP001773,0.03028136160620495
-0.065651348229771,0.2217475747339866,-0.29843817581578497,0.5867174592629567,0.2217475747339866,0.5789806192848379,0.5904081593270396,0.08420843206427489,0,APP007637,0.025835365521542593
0.7128170914866491,0.2217475747339866,-0.29843817581578497,-0.09811915647475396,0.2217475747339866,0.5789806192848379,0.02149148489970721,0.08420843206427489,0,APP003341,0.02359372923339286
0.7128170914866491,0.2217475747339866,0.8325034873269265,0.428529803805432,0.2217475747339866,0.5789806192848379,0.5904081593270396,0.08420843206427489,0,APP003541,0.01889181720207367
0.7128170914866491,0.2217475747339866,0.8325034873269265,0.428529803805432,0.2217475747339866,-0.08731751506028963,0.02149148489970721,0.3774829969715081,0,APP001135,0.01672957096901055
0.7128170914866491,0.2217475747339866,0.8325034873269265,0.428529803805432,0.2217475747339866,0.5789806192848379,0.02149148489970721,0.08420843206427489,0,APP000519,0.01889181720207367
0.7128170914866491,0.2217475747339866,-0.05800312739151415,-0.09811915647475396,0.2217475747339866,0.5789806192848379,0.5904081593270396,0.08420843206427489,1,APP005074,0.02359372923339286
0.7128170914866491,0.2217475747339866,0.3825716911634094,0.428529803805432,0.2217475747339866,-0.08731751506028963,0.5904081593270396,-0.09486472069567248,0,APP007070,0.02034449296474017
0.1980061451935998,0.2217475747339866,-0.05800312739151415,-0.09811915647475396,0.2217475747339866,-0.08731751506028963,0.02149148489970721,0.08420843206427489,0,APP002788,0.030292382522712033
0.7128170914866491,0.2217475747339866,0.8325034873269265,0.428529803805432,0.2217475747339866,-0.08731751506028963,-0.022769130482054166,0.3774829969715081,0,APP007941,0.01672957096901055
0.7128170914866491,0.2217475747339866,0.3825716911634094,0.5867174592629567,0.2217475747339866,-0.08731751506028963,0.02149148489970721,0.08420843206427489,0,APP002271,0.0176683536199148
-0.35013955019267534,0.2217475747339866,0.3825716911634094,0.5867174592629567,0.2217475747339866,-0.08731751506028963,0.02149148489970721,0.3774829969715081,0,APP006533,0.026296288551937438
-0.065651348229771,0.2217475747339866,-0.05800312739151415,-0.09811915647475396,0.2217475747339866,-0.08731751506028963,0.02149148489970721,-0.09486472069567248,0,APP003937,0.037004229377386705
0.7128170914866491,0.2217475747339866,0.8325034873269265,0.428529803805432,0.2217475747339866,0.5789806192848379,0.02149148489970721,0.08420843206427489,0,APP004996,0.01889181720207367
0.7128170914866491,0.2217475747339866,0.3825716911634094,0.428529803805432,0.2217475747339866,-0.08731751506028963,0.02149148489970721,0.08420843206427489,0,APP001366,0.01889181720207367
0.1980061451935998,0.2217475747339866,-0.7645733282836001,0.5867174592629567,0.2217475747339866,-0.08731751506028963,0.02149148489970721,0.08420843206427489,0,APP008144,0.02272384630511342
0.7128170914866491,0.2217475747339866,0.8325034873269265,0.5867174592629567,0.2217475747339866,0.5789806192848379,0.5904081593270396,0.08420843206427489,0,APP000083,0.0176683536199148
-0.065651348229771,0.2217475747339866,-0.05800312739151415,-0.8721886363285156,0.2217475747339866,-0.08731751506028963,-0.022769130482054166,0.08420843206427489,0,APP005633,0.04738737154686286
0.7128170914866491,0.2217475747339866,0.3825716911634094,0.5867174592629567,0.2217475747339866,-0.08731751506028963,0.5904081593270396,0.08509771624915914,0,APP000905,0.01766184190117446
0.1980061451935998,0.2217475747339866,-0.7645733282836001,-0.09811915647475396,0.2217475747339866,-0.6827730105067226,-0.022769130482054166,0.08420843206427489,0,APP005284,0.030292382522712033
0.7128170914866491,0.2217475747339866,0.8325034873269265,0.428529803805432,0.2217475747339866,0.5789806192848379,0.02149148489970721,0.08420843206427489,0,APP008807,0.01889181720207367
-0.065651348229771,0.2217475747339866,0.3825716911634094,0.5867174592629567,0.2217475747339866,-0.08731751506028963,-0.022769130482054166,-0.09486472069567248,0,APP003926,0.02780682905467762
-0.065651348229771,0.2217475747339866,-0.05800312739151415,0.428529803805432,0.2217475747339866,-0.08731751506028963,0.02149148489970721,-0.09486472069567248,0,APP008215,0.029711108117363834
0.1980061451935998,-0.8003405521422314,-0.05800312739151415,0.5867174592629567,-0.513258900002694,-0.08731751506028963,0.02149148489970721,0.08420843206427489,0,APP005048,0.0362369327377193
-0.35013955019267534,0.2217475747339866,-0.7645733282836001,0.5867174592629567,0.2217475747339866,-0.08731751506028963,-0.022769130482054166,0.08420843206427489,0,APP007786,0.0296577092053339
-0.065651348229771,0.2217475747339866,0.8325034873269265,0.5867174592629567,0.2217475747339866,0.5789806192848379,0.02149148489970721,0.08420843206427489,0,APP008718,0.025835365521542593
-0.35013955019267534,0.2217475747339866,-0.05800312739151415,0.428529803805432,0.2217475747339866,-0.08731751506028963,0.02149148489970721,0.3774829969715081,0,APP002002,0.028100112110231962
0.1980061451935998,0.2217475747339866,-0.29843817581578497,-0.09811915647475396,0.2217475747339866,0.5789806192848379,-0.022769130482054166,0.08420843206427489,0,APP002532,0.030292382522712033
-0.35013955019267534,0.2217475747339866,-0.29843817581578497,0.5867174592629567,0.2217475747339866,-0.08731751506028963,-0.8565108236092858,0.08420843206427489,0,APP002845,0.0296577092053339
-1.0113351309460183,-1.910002676996926,-0.7645733282836001,-0.8721886363285156,-0.513258900002694,-0.6827730105067226,0.02149148489970721,-1.527679097450456,1,APP006394,0.30014529727952793
0.7128170914866491,0.2217475747339866,-0.05800312739151415,-0.09811915647475396,0.2217475747339866,-0.08731751506028963,0.5904081593270396,0.08420843206427489,0,APP006973,0.02359372923339286
0.7128170914866491,0.2217475747339866,-0.05800312739151415,0.428529803805432,0.2217475747339866,-0.08731751506028963,0.02149148489970721,0.08420843206427489,0,APP004393,0.01889181720207367
0.1980061451935998,0.2217475747339866,-0.7645733282836001,-0.09811915647475396,0.2217475747339866,-0.08731751506028963,-0.8565108236092858,-0.09486472069567248,0,APP008411,0.03259257627661918
-0.065651348229771,0.2217475747339866,-0.29843817581578497,-0.09811915647475396,0.2217475747339866,-0.6827730105067226,0.5904081593270396,0.3774829969715081,0,APP006986,0.03052133866757444
-1.0113351309460183,-0.5688287511575048,-0.05800312739151415,-0.8721886363285156,-0.9834263428289417,-0.08731751506028963,0.02149148489970721,0.08420843206427489,0,APP000534,0.10364235537066266
0.7128170914866491,0.2217475747339866,-0.05800312739151415,0.428529803805432,0.2217475747339866,0.5789806192848379,0.02149148489970721,0.08420843206427489,0,APP001732,0.01889181720207367
0.7128170914866491,0.2217475747339866,-0.05800312739151415,0.5867174592629567,0.2217475747339866,-0.08731751506028963,0.5904081593270396,0.08420843206427489,0,APP007824,0.0176683536199148
0.7128170914866491,0.2217475747339866,0.3825716911634094,0.5867174592629567,0.2217475747339866,-0.08731751506028963,0.5904081593270396,0.08420843206427489,0,APP002550,0.0176683536199148
0.7128170914866491,0.2217475747339866,-0.05800312739151415,0.5867174592629567,0.2217475747339866,-0.08731751506028963,0.02149148489970721,0.3774829969715081,0,APP002747,0.01564390502463836
0.7128170914866491,0.2217475747339866,-0.05800312739151415,0.428529803805432,0.2217475747339866,0.5789806192848379,-0.022769130482054166,0.08420843206427489,0,APP007645,0.01889181720207367
-0.065651348229771,0.2217475747339866,-0.05800312739151415,-0.8721886363285156,0.2217475747339866,0.5789806192848379,-0.022769130482054166,0.08420843206427489,0,APP001013,0.04738737154686286
0.7128170914866491,0.2217475747339866,0.3825716911634094,-0.09811915647475396,0.2217475747339866,0.5789806192848379,0.02149148489970721,0.08420843206427489,0,APP000571,0.02359372923339286
-1.0113351309460183,-0.5688287511575048,-0.29843817581578497,-0.8721886363285156,-0.513258900002694,-0.08731751506028963,-0.8565108236092858,0.3774829969715081,0,APP003666,0.0926965359430471
0.1980061451935998,0.2217475747339866,-0.29843817581578497,-0.09811915647475396,0.2217475747339866,-0.08731751506028963,-0.022769130482054166,0.08420843206427489,0,APP002901,0.030292382522712033
0.1980061451935998,0.2217475747339866,-0.29843817581578497,-0.8721886363285156,0.2217475747339866,-0.6827730105067226,0.02149148489970721,-1.527679097450456,0,APP006458,0.07927737017818365
0.7128170914866491,0.2217475747339866,-0.29843817581578497,0.5867174592629567,0.2217475747339866,-0.08731751506028963,0.02149148489970721,0.08509771624915914,1,APP002196,0.01766184190117446
-0.065651348229771,0.2217475747339866,-0.29843817581578497,-0.09811915647475396,0.2217475747339866,-0.08731751506028963,-0.022769130482054166,0.08420843206427489,0,APP001208,0.03440375934941001
0.1980061451935998,-0.5688287511575048,-0.29843817581578497,-0.8721886363285156,-1.197437410579879,-0.08731751506028963,0.02149148489970721,-0.09486472069567248,0,APP003312,0.06385967040400453
-0.35013955019267534,0.2217475747339866,-0.05800312739151415,-0.09811915647475396,0.2217475747339866,-0.08731751506028963,0.02149148489970721,0.3774829969715081,0,APP006027,0.035012055071022154
-0.35013955019267534,-0.5688287511575048,0.3825716911634094,-0.09811915647475396,-0.9834263428289417,0.5789806192848379,0.02149148489970721,0.08420843206427489,0,APP007477,0.056203038206527424
0.1980061451935998,0.2217475747339866,0.8325034873269265,0.428529803805432,0.2217475747339866,0.5789806192848379,0.02149148489970721,0.08420843206427489,0,APP000987,0.02428872699607574
0.7128170914866491,0.2217475747339866,0.8325034873269265,0.428529803805432,0.2217475747339866,-0.08731751506028963,0.02149148489970721,0.08420843206427489,0,APP002882,0.01889181720207367
0.7128170914866491,0.2217475747339866,0.8325034873269265,0.428529803805432,0.2217475747339866,-0.08731751506028963,0.02149148489970721,-0.09486472069567248,0,APP004081,0.02034449296474017
-0.065651348229771,0.2217475747339866,-0.05800312739151415,-0.8721886363285156,0.2217475747339866,-0.6827730105067226,0.5904081593270396,-0.09486472069567248,0,APP001883,0.05091748095967704
0.7128170914866491,0.2217475747339866,0.3825716911634094,0.428529803805432,0.2217475747339866,-0.08731751506028963,0.02149148489970721,0.08420843206427489,0,APP004410,0.01889181720207367
0.7128170914866491,0.2217475747339866,0.8325034873269265,0.428529803805432,0.2217475747339866,0.5789806192848379,0.5904081593270396,0.08420843206427489,0,APP008581,0.01889181720207367
-0.065651348229771,0.2217475747339866,-0.29843817581578497,0.5867174592629567,0.2217475747339866,-0.08731751506028963,-0.022769130482054166,-0.09486472069567248,0,APP002975,0.02780682905467762
0.1980061451935998,0.2217475747339866,-0.29843817581578497,-0.8721886363285156,0.2217475747339866,-0.08731751506028963,0.02149148489970721,-0.09486472069567248,0,APP007055,0.04492446817750301
0.1980061451935998,0.2217475747339866,-0.29843817581578497,0.5867174592629567,0.2217475747339866,-0.08731751506028963,0.02149148489970721,0.08420843206427489,0,APP007307,0.02272384630511342
-0.065651348229771,0.2217475747339866,0.3825716911634094,0.428529803805432,0.2217475747339866,0.5789806192848379,0.02149148489970721,0.08420843206427489,0,APP004366,0.027608468030901005
-0.065651348229771,0.2217475747339866,-0.05800312739151415,-0.09811915647475396,0.2217475747339866,-0.08731751506028963,-0.022769130482054166,0.08420843206427489,0,APP006380,0.03440375934941001
-0.065651348229771,0.2217475747339866,-0.29843817581578497,-0.09811915647475396,0.2217475747339866,-0.08731751506028963,-0.022769130482054166,0.08420843206427489,0,APP000556,0.03440375934941001
-0.065651348229771,0.2217475747339866,-0.05800312739151415,-0.09811915647475396,0.2217475747339866,-0.08731751506028963,-0.022769130482054166,0.3774829969715081,0,APP006384,0.03052133866757444
-0.065651348229771,0.2217475747339866,0.3825716911634094,-0.8721886363285156,0.2217475747339866,-0.08731751506028963,0.02149148489970721,0.08420843206427489,0,APP004282,0.04738737154686286
0.7128170914866491,0.2217475747339866,-0.29843817581578497,-0.09811915647475396,0.2217475747339866,0.5789806192848379,0.5904081593270396,0.08420843206427489,0,APP007401,0.02359372923339286
0.1980061451935998,0.2217475747339866,-0.05800312739151415,-0.09811915647475396,0.2217475747339866,-0.08731751506028963,0.02149148489970721,0.08420843206427489,0,APP005145,0.030292382522712033
-0.065651348229771,0.2217475747339866,-0.29843817581578497,-0.09811915647475396,0.2217475747339866,0.5789806192848379,0.02149148489970721,0.3774829969715081,0,APP007138,0.03052133866757444
0.7128170914866491,0.2217475747339866,0.8325034873269265,0.5867174592629567,0.2217475747339866,-0.08731751506028963,0.02149148489970721,-0.09486472069567248,0,APP003447,0.019028776483465123
-0.065651348229771,0.2217475747339866,-0.05800312739151415,0.5867174592629567,0.2217475747339866,-0.6827730105067226,0.02149148489970721,0.08420843206427489,0,APP002463,0.025835365521542593
0.1980061451935998,0.2217475747339866,0.3825716911634094,-0.8721886363285156,0.2217475747339866,-0.08731751506028963,-0.022769130482054166,-0.09486472069567248,0,APP001503,0.04492446817750301
-0.065651348229771,0.2217475747339866,0.8325034873269265,0.5867174592629567,0.2217475747339866,0.5789806192848379,0.5904081593270396,0.08420843206427489,0,APP008789,0.025835365521542593
0.7128170914866491,0.2217475747339866,0.8325034873269265,0.428529803805432,0.2217475747339866,0.5789806192848379,0.02149148489970721,0.08420843206427489,0,APP003730,0.01889181720207367
-0.065651348229771,0.2217475747339866,0.8325034873269265,-0.09811915647475396,0.2217475747339866,0.5789806192848379,0.5904081593270396,0.3774829969715081,0,APP008287,0.03052133866757444
-0.065651348229771,0.2217475747339866,-0.05800312739151415,0.428529803805432,0.2217475747339866,-0.08731751506028963,0.02149148489970721,0.08420843206427489,0,APP000303,0.027608468030901005
0.7128170914866491,0.2217475747339866,-0.05800312739151415,0.5867174592629567,0.2217475747339866,0.5789806192848379,0.5904081593270396,0.08420843206427489,0,APP007139,0.0176683536199148
0.7128170914866491,0.2217475747339866,0.3825716911634094,0.5867174592629567,0.2217475747339866,-0.08731751506028963,0.02149148489970721,0.3774829969715081,0,APP005692,0.01564390502463836
0.7128170914866491,0.2217475747339866,0.3825716911634094,0.428529803805432,0.2217475747339866,0.5789806192848379,0.02149148489970721,0.08420843206427489,0,APP003835,0.01889181720207367
-0.065651348229771,0.2217475747339866,0.3825716911634094,0.428529803805432,0.2217475747339866,-0.08731751506028963,0.02149148489970721,0.08420843206427489,0,APP002840,0.027608468030901005
-0.065651348229771,0.2217475747339866,0.3825716911634094,0.5867174592629567,0.2217475747339866,0.5789806192848379,0.02149148489970721,0.08420843206427489,0,APP002841,0.025835365521542593
0.7128170914866491,0.2217475747339866,0.3825716911634094,0.428529803805432,0.2217475747339866,-0.08731751506028963,0.5904081593270396,-0.09486472069567248,0,APP005551,0.02034449296474017
-0.065651348229771,0.2217475747339866,0.3825716911634094,-0.09811915647475396,0.2217475747339866,-0.08731751506028963,0.02149148489970721,0.08420843206427489,0,APP002786,0.03440375934941001
0.1980061451935998,0.2217475747339866,-0.05800312739151415,-0.09811915647475396,0.2217475747339866,-0.6827730105067226,0.02149148489970721,-1.527679097450456,0,APP006404,0.05808905485776677
-0.35013955019267534,0.2217475747339866,0.8325034873269265,0.428529803805432,0.2217475747339866,0.5789806192848379,0.5904081593270396,0.08420843206427489,0,APP006810,0.031684610046371506
0.7128170914866491,0.2217475747339866,-0.7645733282836001,0.5867174592629567,0.2217475747339866,-0.08731751506028963,0.5904081593270396,0.08420843206427489,0,APP008274,0.0176683536199148
-0.065651348229771,0.2217475747339866,-0.7645733282836001,-0.8721886363285156,0.2217475747339866,-0.08731751506028963,0.02149148489970721,0.08420843206427489,0,APP005140,0.04738737154686286
0.7128170914866491,0.2217475747339866,0.8325034873269265,0.428529803805432,0.2217475747339866,0.5789806192848379,0.02149148489970721,0.3774829969715081,0,APP000422,0.01672957096901055
0.7128170914866491,0.2217475747339866,0.3825716911634094,0.428529803805432,0.2217475747339866,-0.08731751506028963,0.5904081593270396,-0.09486472069567248,0,APP003575,0.02034449296474017
-0.065651348229771,0.2217475747339866,0.3825716911634094,-0.09811915647475396,0.2217475747339866,-0.6827730105067226,0.02149148489970721,-0.09486472069567248,0,APP003394,0.037004229377386705
-1.0113351309460183,-0.5688287511575048,-0.29843817581578497,-0.09811915647475396,-0.513258900002694,-0.08731751506028963,-0.022769130482054166,0.08509771624915914,0,APP007588,0.07645649525351572
-1.0113351309460183,0.2217475747339866,-0.7645733282836001,-0.09811915647475396,0.2217475747339866,-0.08731751506028963,0.02149148489970721,-0.09486472069567248,0,APP008328,0.05801498052620836
-0.35013955019267534,-0.5688287511575048,-0.7645733282836001,-0.09811915647475396,-0.9834263428289417,-0.08731751506028963,0.02149148489970721,0.08509771624915914,0,APP000670,0.05618313669498817
-0.065651348229771,0.2217475747339866,0.3825716911634094,0.428529803805432,0.2217475747339866,0.5789806192848379,-0.022769130482054166,0.08420843206427489,0,APP004106,0.027608468030901005
0.7128170914866491,0.2217475747339866,0.8325034873269265,0.428529803805432,0.2217475747339866,0.5789806192848379,0.02149148489970721,0.08420843206427489,0,APP000379,0.01889181720207367
0.7128170914866491,0.2217475747339866,0.3825716911634094,0.428529803805432,0.2217475747339866,0.5789806192848379,0.02149148489970721,0.08420843206427489,0,APP008810,0.01889181720207367
0.7128170914866491,0.2217475747339866,0.3825716911634094,0.428529803805432,0.2217475747339866,-0.08731751506028963,0.02149148489970721,0.08420843206427489,0,APP005012,0.01889181720207367
-0.065651348229771,0.2217475747339866,0.3825716911634094,-0.09811915647475396,0.2217475747339866,-0.08731751506028963,0.02149148489970721,0.08420843206427489,0,APP000126,0.03440375934941001
0.7128170914866491,0.2217475747339866,0.8325034873269265,0.428529803805432,0.2217475747339866,0.5789806192848379,0.5904081593270396,0.08420843206427489,0,APP005730,0.01889181720207367
0.7128170914866491,0.2217475747339866,0.8325034873269265,0.428529803805432,0.2217475747339866,-0.08731751506028963,0.02149148489970721,0.08420843206427489,0,APP004582,0.01889181720207367
0.7128170914866491,0.2217475747339866,-0.05800312739151415,0.428529803805432,0.2217475747339866,-0.08731751506028963,0.02149148489970721,0.08420843206427489,0,APP004026,0.01889181720207367
0.7128170914866491,0.2217475747339866,0.8325034873269265,0.5867174592629567,0.2217475747339866,0.5789806192848379,0.02149148489970721,0.08420843206427489,0,APP007270,0.0176683536199148
-0.065651348229771,0.2217475747339866,-0.05800312739151415,0.5867174592629567,0.2217475747339866,-0.08731751506028963,0.02149148489970721,0.08420843206427489,0,APP004838,0.025835365521542593
-0.35013955019267534,0.2217475747339866,-0.7645733282836001,-0.09811915647475396,0.2217475747339866,-0.08731751506028963,0.02149148489970721,0.08420843206427489,0,APP007555,0.03944247030090972
0.7128170914866491,0.2217475747339866,0.8325034873269265,0.428529803805432,0.2217475747339866,0.5789806192848379,0.02149148489970721,0.08420843206427489,0,APP003601,0.01889181720207367
0.1980061451935998,0.2217475747339866,-0.29843817581578497,0.5867174592629567,0.2217475747339866,-0.08731751506028963,0.02149148489970721,0.08420843206427489,0,APP005581,0.02272384630511342
0.7128170914866491,0.2217475747339866,0.3825716911634094,-0.09811915647475396,0.2217475747339866,0.5789806192848379,0.5904081593270396,0.08420843206427489,0,APP006655,0.02359372923339286
0.7128170914866491,0.2217475747339866,0.3825716911634094,0.5867174592629567,0.2217475747339866,-0.08731751506028963,0.5904081593270396,0.3774829969715081,0,APP008270,0.01564390502463836
-1.0113351309460183,-0.8003405521422314,-0.05800312739151415,-0.8721886363285156,-0.513258900002694,-0.6827730105067226,0.02149148489970721,-1.527679097450456,0,APP005992,0.20288311899526615
0.7128170914866491,0.2217475747339866,-0.29843817581578497,-0.09811915647475396,0.2217475747339866,0.5789806192848379,0.02149148489970721,0.08420843206427489,0,APP006541,0.02359372923339286
-0.35013955019267534,0.2217475747339866,0.8325034873269265,-0.09811915647475396,0.2217475747339866,-0.08731751506028963,0.02149148489970721,0.08509771624915914,0,APP005297,0.0394282557726393
0.7128170914866491,0.2217475747339866,0.3825716911634094,-0.09811915647475396,0.2217475747339866,-0.08731751506028963,-0.022769130482054166,0.08420843206427489,0,APP005226,0.02359372923339286
-1.0113351309460183,0.2217475747339866,-0.05800312739151415,-0.09811915647475396,0.2217475747339866,-0.08731751506028963,0.02149148489970721,0.08509771624915914,0,APP004368,0.05400163651359411
-0.065651348229771,0.2217475747339866,0.8325034873269265,0.428529803805432,0.2217475747339866,-0.08731751506028963,0.02149148489970721,0.08420843206427489,0,APP005135,0.027608468030901005
-0.065651348229771,0.2217475747339866,0.3825716911634094,0.428529803805432,0.2217475747339866,-0.08731751506028963,-0.022769130482054166,0.08420843206427489,0,APP008874,0.027608468030901005
0.7128170914866491,0.2217475747339866,0.3825716911634094,0.5867174592629567,0.2217475747339866,-0.08731751506028963,0.02149148489970721,-0.09486472069567248,0,APP002922,0.019028776483465123
0.7128170914866491,0.2217475747339866,0.3825716911634094,0.428529803805432,0.2217475747339866,0.5789806192848379,0.02149148489970721,0.08420843206427489,0,APP005222,0.01889181720207367
-1.0113351309460183,0.2217475747339866,-0.29843817581578497,-0.09811915647475396,0.2217475747339866,-0.08731751506028963,-0.022769130482054166,0.08420843206427489,0,APP007617,0.05402080951084046
-0.35013955019267534,0.2217475747339866,0.8325034873269265,0.428529803805432,0.2217475747339866,-0.08731751506028963,0.02149148489970721,0.3774829969715081,0,APP005322,0.028100112110231962
-0.065651348229771,0.2217475747339866,-0.05800312739151415,-0.8721886363285156,0.2217475747339866,0.5789806192848379,-0.022769130482054166,0.08420843206427489,0,APP001403,0.04738737154686286
0.7128170914866491,0.2217475747339866,0.3825716911634094,0.428529803805432,0.2217475747339866,0.5789806192848379,0.02149148489970721,0.08420843206427489,0,APP007345,0.01889181720207367
-0.35013955019267534,0.2217475747339866,-0.05800312739151415,0.428529803805432,0.2217475747339866,0.5789806192848379,-0.022769130482054166,0.08420843206427489,0,APP006159,0.031684610046371506
-0.35013955019267534,0.2217475747339866,0.3825716911634094,-0.09811915647475396,0.2217475747339866,-0.08731751506028963,-0.022769130482054166,0.3774829969715081,0,APP007749,0.035012055071022154
-1.0113351309460183,-0.5688287511575048,-0.7645733282836001,-0.8721886363285156,-0.513258900002694,-0.6827730105067226,-0.8565108236092858,-1.527679097450456,0,APP006764,0.1858463943699003
0.1980061451935998,-0.5688287511575048,0.3825716911634094,0.5867174592629567,-1.197437410579879,-0.08731751506028963,0.02149148489970721,0.08420843206427489,0,APP000736,0.03262132105118561
0.7128170914866491,0.2217475747339866,-0.05800312739151415,0.428529803805432,0.2217475747339866,0.5789806192848379,-0.022769130482054166,0.08420843206427489,0,APP002451,0.01889181720207367
-0.065651348229771,-0.5688287511575048,0.3825716911634094,-0.09811915647475396,-0.513258900002694,-0.08731751506028963,0.02149148489970721,0.08509771624915914,0,APP002192,0.049115183466189545
-0.065651348229771,0.2217475747339866,-0.29843817581578497,0.5867174592629567,0.2217475747339866,0.5789806192848379,0.02149148489970721,0.08420843206427489,0,APP001128,0.025835365521542593
-0.065651348229771,0.2217475747339866,-0.05800312739151415,0.428529803805432,0.2217475747339866,-0.08731751506028963,0.02149148489970721,0.08420843206427489,0,APP003972,0.027608468030901005
0.1980061451935998,0.2217475747339866,0.3825716911634094,0.5867174592629567,0.2217475747339866,-0.08731751506028963,0.02149148489970721,0.08420843206427489,0,APP005831,0.02272384630511342
0.7128170914866491,0.2217475747339866,-0.29843817581578497,0.428529803805432,0.2217475747339866,-0.08731751506028963,0.02149148489970721,0.08420843206427489,0,APP002844,0.01889181720207367
0.1980061451935998,0.2217475747339866,-0.05800312739151415,-0.09811915647475396,0.2217475747339866,-0.08731751506028963,-0.8565108236092858,-0.09486472069567248,0,APP005426,0.03259257627661918
0.7128170914866491,0.2217475747339866,0.3825716911634094,0.428529803805432,0.2217475747339866,-0.08731751506028963,0.02149148489970721,-0.09486472069567248,0,APP001720,0.02034449296474017
-0.35013955019267534,0.2217475747339866,0.3825716911634094,0.428529803805432,0.2217475747339866,-0.08731751506028963,0.02149148489970721,0.08420843206427489,0,APP008629,0.031684610046371506
0.1980061451935998,0.2217475747339866,-0.05800312739151415,-0.09811915647475396,0.2217475747339866,-0.08731751506028963,0.02149148489970721,0.3774829969715081,0,APP001516,0.026861018938613507
-0.35013955019267534,-0.5688287511575048,-0.05800312739151415,-0.8721886363285156,-1.197437410579879,-0.08731751506028963,-0.022769130482054166,0.3774829969715081,0,APP007105,0.06843603476718518
0.7128170914866491,0.2217475747339866,-0.05800312739151415,0.428529803805432,0.2217475747339866,0.5789806192848379,-0.022769130482054166,0.08420843206427489,0,APP008961,0.01889181720207367
0.7128170914866491,0.2217475747339866,0.8325034873269265,0.428529803805432,0.2217475747339866,-0.08731751506028963,-0.022769130482054166,0.08420843206427489,0,APP007278,0.01889181720207367
0.7128170914866491,0.2217475747339866,0.8325034873269265,0.428529803805432,0.2217475747339866,0.5789806192848379,0.02149148489970721,0.08420843206427489,0,APP007622,0.01889181720207367
0.1980061451935998,0.2217475747339866,-0.7645733282836001,0.5867174592629567,0.2217475747339866,-0.08731751506028963,-0.022769130482054166,0.3774829969715081,0,APP001105,0.020132008318873924
-1.0113351309460183,-1.910002676996926,-0.05800312739151415,-0.8721886363285156,-0.8725111649557269,-0.08731751506028963,-0.022769130482054166,0.08420843206427489,1,APP005161,0.1784666307242043
-0.065651348229771,0.2217475747339866,0.3825716911634094,-0.09811915647475396,0.2217475747339866,-0.08731751506028963,0.02149148489970721,0.3774829969715081,0,APP004042,0.03052133866757444
0.7128170914866491,0.2217475747339866,-0.05800312739151415,-0.09811915647475396,0.2217475747339866,-0.08731751506028963,0.02149148489970721,0.08420843206427489,0,APP006605,0.02359372923339286
-0.065651348229771,0.2217475747339866,-0.29843817581578497,0.428529803805432,0.2217475747339866,0.5789806192848379,0.02149148489970721,0.08420843206427489,0,APP007338,0.027608468030901005
-0.065651348229771,0.2217475747339866,0.3825716911634094,0.5867174592629567,0.2217475747339866,-0.08731751506028963,0.5904081593270396,0.08509771624915914,0,APP003917,0.025825922962349028
-0.065651348229771,0.2217475747339866,0.3825716911634094,0.5867174592629567,0.2217475747339866,-0.08731751506028963,0.02149148489970721,0.08420843206427489,0,APP006201,0.025835365521542593
0.7128170914866491,0.2217475747339866,-0.05800312739151415,0.428529803805432,0.2217475747339866,0.5789806192848379,0.5904081593270396,0.08420843206427489,0,APP000230,0.01889181720207367
0.7128170914866491,0.2217475747339866,0.8325034873269265,0.428529803805432,0.2217475747339866,-0.08731751506028963,0.02149148489970721,0.08420843206427489,0,APP003221,0.01889181720207367
-0.065651348229771,0.2217475747339866,0.8325034873269265,0.5867174592629567,0.2217475747339866,0.5789806192848379,0.02149148489970721,0.08420843206427489,0,APP002898,0.025835365521542593
0.7128170914866491,0.2217475747339866,0.8325034873269265,0.5867174592629567,0.2217475747339866,0.5789806192848379,0.5904081593270396,0.08420843206427489,0,APP007660,0.0176683536199148
0.7128170914866491,0.2217475747339866,0.8325034873269265,-0.09811915647475396,0.2217475747339866,-0.08731751506028963,-0.022769130482054166,0.08420843206427489,0,APP001567,0.02359372923339286
0.7128170914866491,0.2217475747339866,-0.05800312739151415,0.5867174592629567,0.2217475747339866,-0.08731751506028963,0.02149148489970721,0.08420843206427489,0,APP000726,0.0176683536199148
-0.35013955019267534,0.2217475747339866,-0.29843817581578497,-0.09811915647475396,0.2217475747339866,-0.08731751506028963,-0.022769130482054166,0.08420843206427489,0,APP001277,0.03944247030090972
0.7128170914866491,0.2217475747339866,0.3825716911634094,0.428529803805432,0.2217475747339866,0.5789806192848379,0.02149148489970721,0.08420843206427489,0,APP001400,0.01889181720207367
0.1980061451935998,0.2217475747339866,-0.05800312739151415,0.5867174592629567,0.2217475747339866,0.5789806192848379,-0.022769130482054166,0.08420843206427489,0,APP008951,0.02272384630511342
0.7128170914866491,0.2217475747339866,0.3825716911634094,0.5867174592629567,0.2217475747339866,0.5789806192848379,0.02149148489970721,0.08420843206427489,0,APP007739,0.0176683536199148
0.7128170914866491,0.2217475747339866,0.3825716911634094,0.428529803805432,0.2217475747339866,0.5789806192848379,0.02149148489970721,0.08420843206427489,1,APP001744,0.01889181720207367
-1.0113351309460183,0.2217475747339866,-0.05800312739151415,0.5867174592629567,0.2217475747339866,-0.6827730105067226,-0.8565108236092858,0.08509771624915914,0,APP005720,0.040758339698625266
0.7128170914866491,0.2217475747339866,0.8325034873269265,0.428529803805432,0.2217475747339866,-0.08731751506028963,0.02149148489970721,0.08420843206427489,0,APP001104,0.01889181720207367
0.7128170914866491,0.2217475747339866,0.3825716911634094,0.428529803805432,0.2217475747339866,0.5789806192848379,0.02149148489970721,0.08420843206427489,0,APP005989,0.01889181720207367
-1.0113351309460183,-1.910002676996926,0.3825716911634094,-0.09811915647475396,-0.8725111649557269,-0.08731751506028963,-0.8565108236092858,0.08420843206427489,0,APP000423,0.13464498448322876
-0.35013955019267534,-1.910002676996926,-0.29843817581578497,-0.8721886363285156,-0.9834263428289417,-0.6827730105067226,-0.8565108236092858,0.08420843206427489,0,APP001751,0.13510096478964387
-0.35013955019267534,0.2217475747339866,0.3825716911634094,0.5867174592629567,0.2217475747339866,0.5789806192848379,0.5904081593270396,0.3774829969715081,0,APP006902,0.026296288551937438
-0.065651348229771,0.2217475747339866,-0.05800312739151415,-0.09811915647475396,0.2217475747339866,0.5789806192848379,0.02149148489970721,0.08420843206427489,0,APP004417,0.03440375934941001
0.7128170914866491,0.2217475747339866,0.8325034873269265,0.428529803805432,0.2217475747339866,0.5789806192848379,0.02149148489970721,0.08420843206427489,0,APP008254,0.01889181720207367
-0.065651348229771,0.2217475747339866,0.3825716911634094,-0.09811915647475396,0.2217475747339866,-0.08731751506028963,-0.022769130482054166,0.08420843206427489,0,APP004517,0.03440375934941001
0.7128170914866491,0.2217475747339866,0.8325034873269265,0.5867174592629567,0.2217475747339866,-0.08731751506028963,0.5904081593270396,0.08420843206427489,0,APP003699,0.0176683536199148
0.1980061451935998,0.2217475747339866,-0.05800312739151415,-0.09811915647475396,0.2217475747339866,-0.08731751506028963,-0.022769130482054166,-0.09486472069567248,1,APP002778,0.03259257627661918
0.7128170914866491,0.2217475747339866,0.3825716911634094,0.5867174592629567,0.2217475747339866,-0.6827730105067226,0.02149148489970721,0.08420843206427489,0,APP003773,0.0176683536199148
0.7128170914866491,0.2217475747339866,0.8325034873269265,0.428529803805432,0.2217475747339866,-0.08731751506028963,-0.022769130482054166,0.08420843206427489,0,APP006396,0.01889181720207367
0.7128170914866491,0.2217475747339866,-0.05800312739151415,0.428529803805432,0.2217475747339866,0.5789806192848379,0.02149148489970721,0.08420843206427489,0,APP006486,0.01889181720207367
0.1980061451935998,0.2217475747339866,0.3825716911634094,0.5867174592629567,0.2217475747339866,-0.08731751506028963,0.02149148489970721,0.08420843206427489,0,APP002097,0.02272384630511342
-0.065651348229771,0.2217475747339866,-0.29843817581578497,0.5867174592629567,0.2217475747339866,0.5789806192848379,0.02149148489970721,0.3774829969715081,0,APP002268,0.02289694860171144
0.7128170914866491,0.2217475747339866,-0.05800312739151415,0.5867174592629567,0.2217475747339866,0.5789806192848379,0.02149148489970721,0.08420843206427489,0,APP005456,0.0176683536199148
0.7128170914866491,0.2217475747339866,0.8325034873269265,0.428529803805432,0.2217475747339866,-0.08731751506028963,0.5904081593270396,0.08420843206427489,0,APP004250,0.01889181720207367
0.7128170914866491,0.2217475747339866,-0.29843817581578497,0.5867174592629567,0.2217475747339866,-0.08731751506028963,0.02149148489970721,-0.09486472069567248,0,APP004044,0.019028776483465123
0.7128170914866491,0.2217475747339866,0.8325034873269265,0.5867174592629567,0.2217475747339866,0.5789806192848379,0.02149148489970721,0.08420843206427489,0,APP001063,0.0176683536199148
0.7128170914866491,0.2217475747339866,0.3825716911634094,-0.09811915647475396,0.2217475747339866,0.5789806192848379,0.02149148489970721,0.08420843206427489,0,APP007705,0.02359372923339286
0.1980061451935998,0.2217475747339866,-0.05800312739151415,-0.09811915647475396,0.2217475747339866,-0.08731751506028963,-0.022769130482054166,0.08420843206427489,0,APP004894,0.030292382522712033
-0.35013955019267534,0.2217475747339866,-0.29843817581578497,-0.09811915647475396,0.2217475747339866,0.5789806192848379,0.5904081593270396,0.08420843206427489,0,APP001373,0.03944247030090972
-0.065651348229771,0.2217475747339866,0.3825716911634094,0.5867174592629567,0.2217475747339866,-0.08731751506028963,-0.022769130482054166,0.08420843206427489,0,APP008418,0.025835365521542593
-0.35013955019267534,0.2217475747339866,-0.05800312739151415,-0.09811915647475396,0.2217475747339866,-0.08731751506028963,-0.022769130482054166,-0.09486472069567248,0,APP001383,0.042407073740724076
0.7128170914866491,0.2217475747339866,-0.05800312739151415,-0.09811915647475396,0.2217475747339866,-0.08731751506028963,-0.022769130482054166,0.08420843206427489,0,APP004914,0.02359372923339286
0.1980061451935998,0.2217475747339866,0.3825716911634094,-0.09811915647475396,0.2217475747339866,-0.08731751506028963,0.02149148489970721,-0.09486472069567248,1,APP007183,0.03259257627661918
0.7128170914866491,0.2217475747339866,0.8325034873269265,0.428529803805432,0.2217475747339866,-0.08731751506028963,0.5904081593270396,0.08420843206427489,0,APP000717,0.01889181720207367
0.7128170914866491,0.2217475747339866,0.3825716911634094,0.428529803805432,0.2217475747339866,0.5789806192848379,0.5904081593270396,0.08420843206427489,0,APP002724,0.01889181720207367
0.1980061451935998,0.2217475747339866,-0.05800312739151415,-0.8721886363285156,0.2217475747339866,-0.08731751506028963,-0.022769130482054166,-0.09486472069567248,0,APP002450,0.04492446817750301
-1.0113351309460183,0.2217475747339866,-0.29843817581578497,-0.09811915647475396,0.2217475747339866,-0.08731751506028963,-0.8565108236092858,0.08420843206427489,0,APP005042,0.05402080951084046
-0.065651348229771,0.2217475747339866,0.3825716911634094,0.5867174592629567,0.2217475747339866,-0.08731751506028963,0.5904081593270396,0.08420843206427489,0,APP006571,0.025835365521542593
0.7128170914866491,0.2217475747339866,-0.05800312739151415,-0.09811915647475396,0.2217475747339866,-0.6827730105067226,0.5904081593270396,-1.527679097450456,0,APP005078,0.04553225199499575
-1.0113351309460183,0.2217475747339866,-0.05800312739151415,0.5867174592629567,0.2217475747339866,0.5789806192848379,0.02149148489970721,0.08420843206427489,0,APP006420,0.04077301338994351
-1.0113351309460183,0.2217475747339866,-0.05800312739151415,-0.09811915647475396,0.2217475747339866,0.5789806192848379,-0.022769130482054166,0.08420843206427489,0,APP007966,0.05402080951084046
-0.065651348229771,0.2217475747339866,-0.05800312739151415,0.428529803805432,0.2217475747339866,0.5789806192848379,0.02149148489970721,0.3774829969715081,0,APP008122,0.024473451480688066
-1.0113351309460183,0.2217475747339866,-0.05800312739151415,0.5867174592629567,0.2217475747339866,-0.08731751506028963,0.02149148489970721,0.08420843206427489,0,APP007215,0.04077301338994351
-0.065651348229771,0.2217475747339866,-0.29843817581578497,-0.09811915647475396,0.2217475747339866,-0.08731751506028963,0.5904081593270396,0.08420843206427489,0,APP008429,0.03440375934941001
-0.35013955019267534,-0.5688287511575048,-0.7645733282836001,-0.8721886363285156,-0.513258900002694,-0.6827730105067226,-0.8565108236092858,-1.527679097450456,0,APP004177,0.14099527624198485
-0.065651348229771,0.2217475747339866,0.3825716911634094,0.5867174592629567,0.2217475747339866,-0.08731751506028963,0.5904081593270396,0.08420843206427489,0,APP007221,0.025835365521542593
0.7128170914866491,0.2217475747339866,-0.05800312739151415,-0.09811915647475396,0.2217475747339866,-0.08731751506028963,0.02149148489970721,0.08420843206427489,0,APP008154,0.02359372923339286
0.7128170914866491,0.2217475747339866,0.3825716911634094,0.428529803805432,0.2217475747339866,0.5789806192848379,0.5904081593270396,0.08420843206427489,0,APP008372,0.01889181720207367
0.7128170914866491,0.2217475747339866,0.3825716911634094,0.428529803805432,0.2217475747339866,-0.08731751506028963,0.02149148489970721,0.3774829969715081,0,APP000977,0.01672957096901055
0.7128170914866491,0.2217475747339866,0.8325034873269265,-0.09811915647475396,0.2217475747339866,-0.6827730105067226,0.02149148489970721,0.3774829969715081,0,APP004116,0.020904796424193146
0.7128170914866491,0.2217475747339866,-0.29843817581578497,0.428529803805432,0.2217475747339866,-0.08731751506028963,-0.022769130482054166,0.08509771624915914,0,APP000109,0.018884863241121562
0.7128170914866491,0.2217475747339866,0.3825716911634094,0.5867174592629567,0.2217475747339866,-0.08731751506028963,0.02149148489970721,0.08420843206427489,0,APP001011,0.0176683536199148
-0.35013955019267534,0.2217475747339866,0.3825716911634094,-0.09811915647475396,0.2217475747339866,-0.08731751506028963,0.02149148489970721,0.08420843206427489,0,APP003597,0.03944247030090972
0.1980061451935998,-0.5688287511575048,-0.7645733282836001,-0.09811915647475396,-0.8725111649557269,0.5789806192848379,0.02149148489970721,0.08420843206427489,0,APP001694,0.04334017427398824
-0.35013955019267534,0.2217475747339866,-0.29843817581578497,-0.09811915647475396,0.2217475747339866,-0.08731751506028963,0.02149148489970721,0.3774829969715081,0,APP007214,0.035012055071022154
-1.0113351309460183,0.2217475747339866,0.3825716911634094,-0.8721886363285156,0.2217475747339866,-0.08731751506028963,0.5904081593270396,0.08420843206427489,0,APP006413,0.07384154130962636
0.1980061451935998,0.2217475747339866,-0.7645733282836001,-0.09811915647475396,0.2217475747339866,-0.6827730105067226,0.02149148489970721,-1.527679097450456,0,APP004983,0.05808905485776677
0.1980061451935998,0.2217475747339866,0.3825716911634094,-0.09811915647475396,0.2217475747339866,-0.08731751506028963,0.02149148489970721,0.08420843206427489,0,APP006101,0.030292382522712033
0.1980061451935998,0.2217475747339866,0.8325034873269265,-0.09811915647475396,0.2217475747339866,-0.08731751506028963,-0.022769130482054166,0.08420843206427489,0,APP002949,0.030292382522712033
-0.065651348229771,0.2217475747339866,-0.05800312739151415,-0.09811915647475396,0.2217475747339866,-0.08731751506028963,0.5904081593270396,0.08420843206427489,1,APP006606,0.03440375934941001
-0.35013955019267534,0.2217475747339866,0.3825716911634094,-0.09811915647475396,0.2217475747339866,-0.6827730105067226,0.02149148489970721,0.08509771624915914,0,APP005346,0.0394282557726393
0.7128170914866491,0.2217475747339866,-0.05800312739151415,-0.09811915647475396,0.2217475747339866,-0.08731751506028963,0.02149148489970721,0.08420843206427489,0,APP002798,0.02359372923339286
0.7128170914866491,0.2217475747339866,0.8325034873269265,0.5867174592629567,0.2217475747339866,-0.08731751506028963,-0.022769130482054166,-0.09486472069567248,0,APP004346,0.019028776483465123
-0.065651348229771,0.2217475747339866,-0.29843817581578497,-0.09811915647475396,0.2217475747339866,-0.08731751506028963,0.5904081593270396,0.08420843206427489,0,APP004079,0.03440375934941001
-1.0113351309460183,0.2217475747339866,-0.7645733282836001,-0.8721886363285156,0.2217475747339866,-0.08731751506028963,-0.8565108236092858,0.08420843206427489,0,APP006406,0.07384154130962636
0.7128170914866491,0.2217475747339866,-0.29843817581578497,0.5867174592629567,0.2217475747339866,-0.08731751506028963,0.02149148489970721,0.3774829969715081,0,APP006566,0.01564390502463836
0.7128170914866491,0.2217475747339866,0.8325034873269265,0.428529803805432,0.2217475747339866,-0.08731751506028963,0.02149148489970721,-0.09486472069567248,0,APP007218,0.02034449296474017
0.1980061451935998,-0.5688287511575048,-0.05800312739151415,-0.8721886363285156,-0.513258900002694,-0.08731751506028963,-0.022769130482054166,0.08420843206427489,0,APP005669,0.05948852055003558
0.7128170914866491,0.2217475747339866,0.8325034873269265,0.5867174592629567,0.2217475747339866,0.5789806192848379,0.02149148489970721,0.08420843206427489,0,APP000907,0.0176683536199148
-0.065651348229771,0.2217475747339866,-0.29843817581578497,-0.09811915647475396,0.2217475747339866,-0.08731751506028963,0.02149148489970721,0.3774829969715081,0,APP004758,0.03052133866757444
-0.065651348229771,0.2217475747339866,-0.29843817581578497,0.5867174592629567,0.2217475747339866,0.5789806192848379,-0.022769130482054166,0.3774829969715081,0,APP001566,0.02289694860171144
-0.35013955019267534,0.2217475747339866,-0.29843817581578497,-0.8721886363285156,0.2217475747339866,-0.08731751506028963,-0.8565108236092858,0.08509771624915914,0,APP003860,0.05420162084918719
0.7128170914866491,0.2217475747339866,0.8325034873269265,0.428529803805432,0.2217475747339866,0.5789806192848379,0.5904081593270396,0.08420843206427489,0,APP000679,0.01889181720207367
0.1980061451935998,0.2217475747339866,0.3825716911634094,-0.09811915647475396,0.2217475747339866,-0.08731751506028963,0.5904081593270396,0.08420843206427489,0,APP001999,0.030292382522712033
-0.35013955019267534,0.2217475747339866,-0.29843817581578497,-0.09811915647475396,0.2217475747339866,0.5789806192848379,-0.8565108236092858,0.08420843206427489,0,APP000925,0.03944247030090972
0.7128170914866491,0.2217475747339866,0.3825716911634094,0.5867174592629567,0.2217475747339866,0.5789806192848379,0.02149148489970721,0.08420843206427489,0,APP007571,0.0176683536199148
0.7128170914866491,0.2217475747339866,-0.29843817581578497,-0.09811915647475396,0.2217475747339866,0.5789806192848379,0.02149148489970721,0.3774829969715081,0,APP001045,0.020904796424193146
-0.065651348229771,-0.5688287511575048,-0.29843817581578497,-0.09811915647475396,-0.8725111649557269,0.5789806192848379,-0.022769130482054166,0.08420843206427489,0,APP003027,0.04913271166067861
-0.065651348229771,0.2217475747339866,-0.05800312739151415,0.5867174592629567,0.2217475747339866,-0.08731751506028963,-0.022769130482054166,0.08420843206427489,0,APP003403,0.025835365521542593
0.7128170914866491,0.2217475747339866,0.8325034873269265,0.428529803805432,0.2217475747339866,-0.08731751506028963,0.02149148489970721,0.08420843206427489,0,APP008069,0.01889181720207367
0.7128170914866491,0.2217475747339866,0.3825716911634094,-0.09811915647475396,0.2217475747339866,0.5789806192848379,-0.022769130482054166,0.08420843206427489,0,APP001051,0.02359372923339286
0.7128170914866491,0.2217475747339866,-0.05800312739151415,0.5867174592629567,0.2217475747339866,0.5789806192848379,0.02149148489970721,0.08420843206427489,0,APP008389,0.0176683536199148
0.7128170914866491,0.2217475747339866,0.8325034873269265,0.428529803805432,0.2217475747339866,0.5789806192848379,0.02149148489970721,0.08420843206427489,0,APP005920,0.01889181720207367
-0.065651348229771,0.2217475747339866,0.3825716911634094,0.5867174592629567,0.2217475747339866,-0.08731751506028963,0.02149148489970721,0.3774829969715081,0,APP006046,0.02289694860171144
-0.065651348229771,0.2217475747339866,-0.05800312739151415,0.5867174592629567,0.2217475747339866,-0.08731751506028963,0.02149148489970721,0.3774829969715081,0,APP003651,0.02289694860171144
-0.35013955019267534,0.2217475747339866,-0.29843817581578497,-0.09811915647475396,0.2217475747339866,-0.08731751506028963,-0.8565108236092858,-0.09486472069567248,0,APP007506,0.042407073740724076
-0.065651348229771,0.2217475747339866,-0.05800312739151415,0.428529803805432,0.2217475747339866,-0.08731751506028963,0.02149148489970721,0.08420843206427489,0,APP006388,0.027608468030901005
0.7128170914866491,0.2217475747339866,-0.05800312739151415,-0.09811915647475396,0.2217475747339866,0.5789806192848379,0.02149148489970721,0.08420843206427489,0,APP002382,0.02359372923339286
0.7128170914866491,0.2217475747339866,-0.05800312739151415,-0.09811915647475396,0.2217475747339866,-0.08731751506028963,0.02149148489970721,0.08420843206427489,0,APP001915,0.02359372923339286
0.7128170914866491,0.2217475747339866,0.3825716911634094,-0.09811915647475396,0.2217475747339866,0.5789806192848379,0.5904081593270396,0.08420843206427489,0,APP000374,0.02359372923339286
0.7128170914866491,0.2217475747339866,-0.05800312739151415,0.428529803805432,0.2217475747339866,-0.08731751506028963,-0.022769130482054166,0.3774829969715081,0,APP008221,0.01672957096901055
0.7128170914866491,0.2217475747339866,-0.05800312739151415,-0.09811915647475396,0.2217475747339866,-0.08731751506028963,0.02149148489970721,0.3774829969715081,0,APP004420,0.020904796424193146
0.7128170914866491,0.2217475747339866,0.8325034873269265,0.428529803805432,0.2217475747339866,-0.08731751506028963,0.02149148489970721,0.08420843206427489,0,APP002122,0.01889181720207367
-0.35013955019267534,0.2217475747339866,0.8325034873269265,-0.09811915647475396,0.2217475747339866,0.5789806192848379,0.02149148489970721,0.08420843206427489,0,APP006128,0.03944247030090972
-0.35013955019267534,0.2217475747339866,-0.05800312739151415,-0.09811915647475396,0.2217475747339866,-0.08731751506028963,-0.8565108236092858,0.3774829969715081,0,APP007726,0.035012055071022154
0.7128170914866491,0.2217475747339866,-0.05800312739151415,-0.09811915647475396,0.2217475747339866,-0.08731751506028963,0.02149148489970721,0.08420843206427489,0,APP005216,0.02359372923339286
0.7128170914866491,0.2217475747339866,0.3825716911634094,-0.09811915647475396,0.2217475747339866,-0.08731751506028963,0.5904081593270396,0.08509771624915914,0,APP002648,0.02358508613350342
-0.065651348229771,0.2217475747339866,-0.05800312739151415,0.5867174592629567,0.2217475747339866,-0.08731751506028963,0.5904081593270396,0.08420843206427489,0,APP003588,0.025835365521542593
0.7128170914866491,0.2217475747339866,-0.29843817581578497,0.428529803805432,0.2217475747339866,0.5789806192848379,0.5904081593270396,0.08420843206427489,0,APP004443,0.01889181720207367
-0.065651348229771,0.2217475747339866,0.8325034873269265,0.5867174592629567,0.2217475747339866,0.5789806192848379,0.5904081593270396,0.08420843206427489,0,APP002179,0.025835365521542593
0.7128170914866491,0.2217475747339866,0.8325034873269265,0.5867174592629567,0.2217475747339866,-0.08731751506028963,0.02149148489970721,0.08420843206427489,0,APP002138,0.0176683536199148
-0.35013955019267534,-0.8003405521422314,-0.05800312739151415,-0.09811915647475396,-0.513258900002694,-0.08731751506028963,-0.022769130482054166,-0.09486472069567248,0,APP000417,0.0668247290536577
-0.065651348229771,0.2217475747339866,-0.29843817581578497,-0.09811915647475396,0.2217475747339866,-0.08731751506028963,-0.022769130482054166,0.08420843206427489,0,APP005849,0.03440375934941001
-0.35013955019267534,0.2217475747339866,-0.05800312739151415,-0.09811915647475396,0.2217475747339866,0.5789806192848379,0.02149148489970721,0.3774829969715081,0,APP002337,0.035012055071022154
0.7128170914866491,0.2217475747339866,0.3825716911634094,-0.09811915647475396,0.2217475747339866,-0.08731751506028963,0.02149148489970721,0.08420843206427489,0,APP008497,0.02359372923339286
0.7128170914866491,0.2217475747339866,0.8325034873269265,0.5867174592629567,0.2217475747339866,-0.08731751506028963,0.02149148489970721,0.3774829969715081,0,APP001755,0.01564390502463836
-0.065651348229771,0.2217475747339866,-0.05800312739151415,0.428529803805432,0.2217475747339866,0.5789806192848379,0.5904081593270396,0.08420843206427489,0,APP002677,0.027608468030901005
0.1980061451935998,-0.5688287511575048,-0.29843817581578497,-0.8721886363285156,-0.513258900002694,-0.08731751506028963,-0.022769130482054166,0.08420843206427489,0,APP001953,0.05948852055003558
-0.065651348229771,-0.5688287511575048,-0.7645733282836001,-0.8721886363285156,-0.513258900002694,-0.08731751506028963,0.02149148489970721,0.08420843206427489,0,APP008728,0.0672875262614069
0.7128170914866491,0.2217475747339866,-0.05800312739151415,-0.09811915647475396,0.2217475747339866,-0.6827730105067226,0.02149148489970721,0.08509771624915914,0,APP007757,0.02358508613350342
0.7128170914866491,0.2217475747339866,0.3825716911634094,0.428529803805432,0.2217475747339866,-0.08731751506028963,0.02149148489970721,0.3774829969715081,0,APP002150,0.01672957096901055
-0.065651348229771,0.2217475747339866,-0.29843817581578497,0.428529803805432,0.2217475747339866,0.5789806192848379,0.02149148489970721,0.08420843206427489,0,APP000996,0.027608468030901005
0.1980061451935998,0.2217475747339866,0.3825716911634094,0.5867174592629567,0.2217475747339866,0.5789806192848379,0.02149148489970721,0.08420843206427489,0,APP006936,0.02272384630511342
0.7128170914866491,0.2217475747339866,0.8325034873269265,0.5867174592629567,0.2217475747339866,-0.08731751506028963,0.02149148489970721,0.3774829969715081,0,APP007392,0.01564390502463836
-1.0113351309460183,-0.5688287511575048,0.8325034873269265,0.5867174592629567,-0.8725111649557269,-0.6827730105067226,-0.022769130482054166,0.08509771624915914,0,APP005335,0.05804428044148421
-0.065651348229771,0.2217475747339866,-0.05800312739151415,-0.09811915647475396,0.2217475747339866,-0.08731751506028963,0.02149148489970721,0.08420843206427489,0,APP003587,0.03440375934941001
0.7128170914866491,0.2217475747339866,0.8325034873269265,0.428529803805432,0.2217475747339866,-0.08731751506028963,0.02149148489970721,0.08420843206427489,0,APP004146,0.01889181720207367
-0.35013955019267534,-1.910002676996926,-0.05800312739151415,-0.09811915647475396,-0.513258900002694,-0.08731751506028963,-0.022769130482054166,0.3774829969715081,0,APP002985,0.08996435656359267
-0.065651348229771,0.2217475747339866,-0.29843817581578497,-0.09811915647475396,0.2217475747339866,0.5789806192848379,-0.022769130482054166,0.08420843206427489,0,APP003480,0.03440375934941001
-0.35013955019267534,0.2217475747339866,0.3825716911634094,0.5867174592629567,0.2217475747339866,-0.08731751506028963,0.02149148489970721,0.08420843206427489,0,APP000144,0.0296577092053339
-0.065651348229771,0.2217475747339866,-0.05800312739151415,-0.09811915647475396,0.2217475747339866,0.5789806192848379,0.02149148489970721,0.3774829969715081,0,APP005759,0.03052133866757444
-0.065651348229771,0.2217475747339866,-0.05800312739151415,0.5867174592629567,0.2217475747339866,-0.08731751506028963,0.02149148489970721,0.08420843206427489,0,APP002886,0.025835365521542593
0.1980061451935998,0.2217475747339866,0.3825716911634094,0.5867174592629567,0.2217475747339866,-0.08731751506028963,0.02149148489970721,-0.09486472069567248,0,APP005035,0.024463836449831418
-0.35013955019267534,-0.5688287511575048,-0.29843817581578497,-0.09811915647475396,-0.8725111649557269,-0.08731751506028963,-0.8565108236092858,0.08509771624915914,0,APP002630,0.05618313669498817
0.1980061451935998,0.2217475747339866,-0.05800312739151415,-0.09811915647475396,0.2217475747339866,-0.08731751506028963,-0.022769130482054166,0.3774829969715081,0,APP008182,0.026861018938613507
-0.35013955019267534,-0.8003405521422314,-0.29843817581578497,0.5867174592629567,-1.197437410579879,-0.08731751506028963,-0.022769130482054166,0.08420843206427489,0,APP005131,0.047095419140696315
-0.065651348229771,0.2217475747339866,-0.05800312739151415,0.428529803805432,0.2217475747339866,0.5789806192848379,0.02149148489970721,0.08420843206427489,0,APP003350,0.027608468030901005
-1.0113351309460183,0.2217475747339866,0.3825716911634094,-0.09811915647475396,0.2217475747339866,-0.6827730105067226,0.02149148489970721,0.08509771624915914,0,APP004103,0.05400163651359411
0.7128170914866491,0.2217475747339866,0.8325034873269265,0.428529803805432,0.2217475747339866,-0.08731751506028963,0.5904081593270396,0.08420843206427489,0,APP007010,0.01889181720207367
0.7128170914866491,0.2217475747339866,0.8325034873269265,0.428529803805432,0.2217475747339866,0.5789806192848379,0.02149148489970721,0.08420843206427489,0,APP006379,0.01889181720207367
0.1980061451935998,0.2217475747339866,-0.05800312739151415,-0.09811915647475396,0.2217475747339866,0.5789806192848379,-0.022769130482054166,0.08420843206427489,0,APP005451,0.030292382522712033
-0.065651348229771,0.2217475747339866,-0.29843817581578497,-0.09811915647475396,0.2217475747339866,-0.08731751506028963,0.02149148489970721,-0.09486472069567248,0,APP000097,0.037004229377386705
-0.065651348229771,0.2217475747339866,0.3825716911634094,0.5867174592629567,0.2217475747339866,0.5789806192848379,0.02149148489970721,0.08420843206427489,1,APP006366,0.025835365521542593
-1.0113351309460183,0.2217475747339866,-0.05800312739151415,-0.09811915647475396,0.2217475747339866,-0.6827730105067226,0.02149148489970721,0.08509771624915914,0,APP006508,0.05400163651359411
-0.065651348229771,0.2217475747339866,-0.7645733282836001,-0.09811915647475396,0.2217475747339866,0.5789806192848379,0.02149148489970721,0.08420843206427489,0,APP008771,0.03440375934941001
0.7128170914866491,0.2217475747339866,0.8325034873269265,0.428529803805432,0.2217475747339866,0.5789806192848379,0.02149148489970721,0.08420843206427489,0,APP005460,0.01889181720207367
0.7128170914866491,0.2217475747339866,-0.05800312739151415,-0.09811915647475396,0.2217475747339866,0.5789806192848379,0.5904081593270396,0.08420843206427489,0,APP002252,0.02359372923339286
0.7128170914866491,0.2217475747339866,-0.05800312739151415,0.428529803805432,0.2217475747339866,0.5789806192848379,0.02149148489970721,0.08420843206427489,0,APP001206,0.01889181720207367
0.7128170914866491,0.2217475747339866,0.3825716911634094,0.428529803805432,0.2217475747339866,-0.08731751506028963,0.02149148489970721,0.08420843206427489,0,APP006648,0.01889181720207367
0.1980061451935998,-0.5688287511575048,-0.05800312739151415,0.5867174592629567,-0.8725111649557269,-0.6827730105067226,0.02149148489970721,0.08509771624915914,0,APP000419,0.032609481318203244
0.1980061451935998,0.2217475747339866,-0.29843817581578497,-0.09811915647475396,0.2217475747339866,-0.08731751506028963,-0.8565108236092858,0.3774829969715081,0,APP006860,0.026861018938613507
0.1980061451935998,0.2217475747339866,-0.05800312739151415,0.5867174592629567,0.2217475747339866,-0.08731751506028963,-0.8565108236092858,0.08420843206427489,0,APP008166,0.02272384630511342
0.7128170914866491,0.2217475747339866,-0.05800312739151415,0.5867174592629567,0.2217475747339866,-0.08731751506028963,0.5904081593270396,0.08420843206427489,0,APP001210,0.0176683536199148
0.7128170914866491,0.2217475747339866,0.8325034873269265,0.428529803805432,0.2217475747339866,0.5789806192848379,0.02149148489970721,0.08420843206427489,0,APP006124,0.01889181720207367
-0.065651348229771,0.2217475747339866,-0.05800312739151415,-0.09811915647475396,0.2217475747339866,-0.08731751506028963,0.02149148489970721,0.3774829969715081,0,APP000277,0.03052133866757444
0.7128170914866491,0.2217475747339866,0.3825716911634094,0.428529803805432,0.2217475747339866,-0.08731751506028963,0.02149148489970721,0.08420843206427489,0,APP001944,0.01889181720207367
0.1980061451935998,0.2217475747339866,-0.29843817581578497,0.5867174592629567,0.2217475747339866,-0.08731751506028963,-0.022769130482054166,-0.09486472069567248,0,APP003353,0.024463836449831418
-0.35013955019267534,-0.8003405521422314,-0.05800312739151415,-0.8721886363285156,-1.197437410579879,-0.08731751506028963,-0.022769130482054166,-0.09486472069567248,0,APP001835,0.09089195348387312
-0.35013955019267534,0.2217475747339866,0.3825716911634094,-0.09811915647475396,0.2217475747339866,-0.08731751506028963,0.02149148489970721,-0.09486472069567248,0,APP007289,0.042407073740724076
-0.065651348229771,0.2217475747339866,0.8325034873269265,0.5867174592629567,0.2217475747339866,0.5789806192848379,0.5904081593270396,0.08420843206427489,0,APP002381,0.025835365521542593
-1.0113351309460183,0.2217475747339866,0.3825716911634094,0.428529803805432,0.2217475747339866,0.5789806192848379,0.02149148489970721,0.08420843206427489,0,APP007490,0.04352549403948881
-0.065651348229771,-0.5688287511575048,-0.7645733282836001,-0.09811915647475396,-0.513258900002694,-0.08731751506028963,0.02149148489970721,-0.09486472069567248,0,APP000752,0.052785635192994465
0.7128170914866491,0.2217475747339866,-0.05800312739151415,0.5867174592629567,0.2217475747339866,-0.08731751506028963,0.02149148489970721,0.08420843206427489,0,APP004235,0.0176683536199148
-0.065651348229771,0.2217475747339866,0.3825716911634094,0.428529803805432,0.2217475747339866,0.5789806192848379,0.02149148489970721,0.08420843206427489,0,APP003195,0.027608468030901005
0.1980061451935998,0.2217475747339866,-0.29843817581578497,0.5867174592629567,0.2217475747339866,-0.08731751506028963,0.02149148489970721,0.3774829969715081,0,APP004139,0.020132008318873924
0.1980061451935998,-0.5688287511575048,-0.7645733282836001,-0.09811915647475396,-0.9834263428289417,-0.08731751506028963,0.5904081593270396,0.08420843206427489,0,APP003668,0.04334017427398824
-0.35013955019267534,0.2217475747339866,-0.7645733282836001,-0.09811915647475396,0.2217475747339866,-0.08731751506028963,0.02149148489970721,0.3774829969715081,0,APP002316,0.035012055071022154
0.1980061451935998,0.2217475747339866,0.3825716911634094,-0.09811915647475396,0.2217475747339866,-0.08731751506028963,0.5904081593270396,0.08420843206427489,0,APP008842,0.030292382522712033
-0.065651348229771,0.2217475747339866,-0.05800312739151415,-0.8721886363285156,0.2217475747339866,-0.08731751506028963,0.02149148489970721,0.3774829969715081,0,APP001020,0.042103654249744674
-0.065651348229771,0.2217475747339866,0.8325034873269265,0.5867174592629567,0.2217475747339866,0.5789806192848379,0.5904081593270396,0.08420843206427489,0,APP001793,0.025835365521542593
0.7128170914866491,0.2217475747339866,-0.05800312739151415,0.428529803805432,0.2217475747339866,0.5789806192848379,0.5904081593270396,0.08420843206427489,0,APP002634,0.01889181720207367
0.7128170914866491,-0.5688287511575048,-0.29843817581578497,-0.09811915647475396,-0.9834263428289417,0.5789806192848379,-0.8565108236092858,0.08420843206427489,0,APP002023,0.033856959401558216
0.7128170914866491,0.2217475747339866,-0.05800312739151415,-0.09811915647475396,0.2217475747339866,-0.08731751506028963,0.02149148489970721,-0.09486472069567248,0,APP006855,0.0253985961957803
-0.065651348229771,0.2217475747339866,-0.29843817581578497,0.428529803805432,0.2217475747339866,-0.08731751506028963,-0.022769130482054166,0.08420843206427489,0,APP005301,0.027608468030901005
0.7128170914866491,0.2217475747339866,0.3825716911634094,-0.09811915647475396,0.2217475747339866,-0.08731751506028963,0.02149148489970721,0.08420843206427489,0,APP000852,0.02359372923339286
0.7128170914866491,0.2217475747339866,0.8325034873269265,-0.09811915647475396,0.2217475747339866,-0.08731751506028963,0.02149148489970721,0.08420843206427489,0,APP004738,0.02359372923339286
-1.0113351309460183,0.2217475747339866,-0.7645733282836001,0.5867174592629567,0.2217475747339866,-0.08731751506028963,-0.022769130482054166,0.08509771624915914,0,APP008577,0.040758339698625266
-0.35013955019267534,0.2217475747339866,-0.29843817581578497,0.5867174592629567,0.2217475747339866,-0.08731751506028963,0.02149148489970721,0.08420843206427489,0,APP001359,0.0296577092053339
0.1980061451935998,0.2217475747339866,-0.05800312739151415,-0.09811915647475396,0.2217475747339866,-0.08731751506028963,-0.8565108236092858,-0.09486472069567248,0,APP008483,0.03259257627661918
0.7128170914866491,0.2217475747339866,0.8325034873269265,0.5867174592629567,0.2217475747339866,0.5789806192848379,0.5904081593270396,0.08420843206427489,0,APP004322,0.0176683536199148
-0.065651348229771,0.2217475747339866,-0.29843817581578497,-0.09811915647475396,0.2217475747339866,0.5789806192848379,-0.022769130482054166,0.08420843206427489,0,APP000339,0.03440375934941001
-0.35013955019267534,-0.5688287511575048,-0.05800312739151415,0.5867174592629567,-0.8725111649557269,-0.08731751506028963,0.02149148489970721,0.08420843206427489,0,APP008210,0.04244409457057185
-0.065651348229771,0.2217475747339866,-0.05800312739151415,-0.09811915647475396,0.2217475747339866,-0.08731751506028963,0.02149148489970721,-0.09486472069567248,0,APP003840,0.037004229377386705
-0.35013955019267534,0.2217475747339866,-0.05800312739151415,0.428529803805432,0.2217475747339866,-0.08731751506028963,0.02149148489970721,-0.09486472069567248,0,APP003747,0.0340868038233671
0.7128170914866491,0.2217475747339866,0.8325034873269265,0.5867174592629567,0.2217475747339866,-0.08731751506028963,0.5904081593270396,0.3774829969715081,0,APP005716,0.01564390502463836
-0.065651348229771,0.2217475747339866,0.3825716911634094,0.428529803805432,0.2217475747339866,0.5789806192848379,0.02149148489970721,0.08420843206427489,0,APP007990,0.027608468030901005
-0.35013955019267534,0.2217475747339866,0.8325034873269265,-0.09811915647475396,0.2217475747339866,0.5789806192848379,0.02149148489970721,0.08420843206427489,0,APP004670,0.03944247030090972
-0.35013955019267534,-0.5688287511575048,-0.7645733282836001,-0.09811915647475396,-0.9834263428289417,-0.08731751506028963,-0.022769130482054166,-0.09486472069567248,0,APP005705,0.06034826488812025
0.7128170914866491,0.2217475747339866,0.8325034873269265,0.428529803805432,0.2217475747339866,0.5789806192848379,0.02149148489970721,0.08420843206427489,0,APP002556,0.01889181720207367
0.7128170914866491,0.2217475747339866,0.8325034873269265,0.428529803805432,0.2217475747339866,0.5789806192848379,0.02149148489970721,0.08420843206427489,0,APP004541,0.01889181720207367
-0.35013955019267534,-0.5688287511575048,-0.29843817581578497,-0.09811915647475396,-1.197437410579879,0.5789806192848379,-0.022769130482054166,0.08420843206427489,0,APP008894,0.056203038206527424
-0.35013955019267534,0.2217475747339866,-0.29843817581578497,0.5867174592629567,0.2217475747339866,-0.08731751506028963,-0.8565108236092858,0.3774829969715081,0,APP005928,0.026296288551937438
0.1980061451935998,0.2217475747339866,-0.05800312739151415,-0.8721886363285156,0.2217475747339866,-0.08731751506028963,-0.8565108236092858,0.08420843206427489,0,APP004447,0.041791558609494746
-0.35013955019267534,0.2217475747339866,0.3825716911634094,-0.09811915647475396,0.2217475747339866,-0.08731751506028963,0.02149148489970721,0.08420843206427489,0,APP003615,0.03944247030090972
-1.0113351309460183,0.2217475747339866,-0.7645733282836001,-0.09811915647475396,0.2217475747339866,-0.6827730105067226,-0.8565108236092858,0.3774829969715081,0,APP008855,0.04803475569565855
0.1980061451935998,0.2217475747339866,-0.29843817581578497,-0.09811915647475396,0.2217475747339866,-0.6827730105067226,0.02149148489970721,0.08509771624915914,0,APP002601,0.03028136160620495
0.7128170914866491,0.2217475747339866,-0.05800312739151415,0.428529803805432,0.2217475747339866,0.5789806192848379,0.5904081593270396,0.08420843206427489,0,APP001212,0.01889181720207367
0.7128170914866491,0.2217475747339866,0.8325034873269265,0.5867174592629567,0.2217475747339866,-0.08731751506028963,0.5904081593270396,0.08420843206427489,0,APP002715,0.0176683536199148
0.1980061451935998,0.2217475747339866,-0.05800312739151415,-0.09811915647475396,0.2217475747339866,-0.08731751506028963,-0.022769130482054166,-0.09486472069567248,0,APP006362,0.03259257627661918
0.7128170914866491,0.2217475747339866,0.3825716911634094,0.428529803805432,0.2217475747339866,-0.08731751506028963,0.02149148489970721,0.08420843206427489,0,APP008435,0.01889181720207367
0.7128170914866491,0.2217475747339866,-0.05800312739151415,0.428529803805432,0.2217475747339866,-0.08731751506028963,0.02149148489970721,0.08420843206427489,0,APP007830,0.01889181720207367
0.7128170914866491,0.2217475747339866,-0.29843817581578497,0.428529803805432,0.2217475747339866,-0.08731751506028963,0.5904081593270396,-0.09486472069567248,0,APP002408,0.02034449296474017
-0.065651348229771,0.2217475747339866,-0.05800312739151415,-0.09811915647475396,0.2217475747339866,-0.08731751506028963,0.5904081593270396,0.08420843206427489,0,APP008212,0.03440375934941001
-1.0113351309460183,0.2217475747339866,-0.29843817581578497,-0.09811915647475396,0.2217475747339866,-0.08731751506028963,0.02149148489970721,0.08420843206427489,0,APP000611,0.05402080951084046
-0.065651348229771,0.2217475747339866,0.3825716911634094,0.5867174592629567,0.2217475747339866,-0.08731751506028963,0.02149148489970721,0.08420843206427489,0,APP003372,0.025835365521542593
0.7128170914866491,0.2217475747339866,0.3825716911634094,0.5867174592629567,0.2217475747339866,-0.08731751506028963,0.02149148489970721,0.08420843206427489,0,APP007367,0.0176683536199148
-0.065651348229771,0.2217475747339866,0.8325034873269265,-0.09811915647475396,0.2217475747339866,-0.08731751506028963,0.5904081593270396,0.08420843206427489,0,APP001716,0.03440375934941001
0.1980061451935998,0.2217475747339866,-0.05800312739151415,0.5867174592629567,0.2217475747339866,-0.08731751506028963,0.02149148489970721,0.08420843206427489,0,APP006966,0.02272384630511342
-0.065651348229771,0.2217475747339866,-0.29843817581578497,-0.09811915647475396,0.2217475747339866,-0.08731751506028963,0.5904081593270396,0.08420843206427489,0,APP004727,0.03440375934941001
0.7128170914866491,0.2217475747339866,0.8325034873269265,0.428529803805432,0.2217475747339866,0.5789806192848379,0.5904081593270396,0.08420843206427489,0,APP008189,0.01889181720207367
0.7128170914866491,0.2217475747339866,0.8325034873269265,-0.09811915647475396,0.2217475747339866,0.5789806192848379,0.02149148489970721,0.3774829969715081,0,APP004002,0.020904796424193146
-0.065651348229771,0.2217475747339866,0.3825716911634094,-0.09811915647475396,0.2217475747339866,0.5789806192848379,0.02149148489970721,0.08420843206427489,0,APP005916,0.03440375934941001
0.7128170914866491,0.2217475747339866,-0.05800312739151415,-0.09811915647475396,0.2217475747339866,-0.08731751506028963,0.02149148489970721,0.08420843206427489,0,APP005080,0.02359372923339286
0.7128170914866491,0.2217475747339866,0.3825716911634094,0.428529803805432,0.2217475747339866,-0.08731751506028963,0.5904081593270396,0.08420843206427489,0,APP003264,0.01889181720207367
-0.065651348229771,0.2217475747339866,0.8325034873269265,0.428529803805432,0.2217475747339866,0.5789806192848379,0.02149148489970721,0.08420843206427489,0,APP004378,0.027608468030901005
0.1980061451935998,0.2217475747339866,0.3825716911634094,0.428529803805432,0.2217475747339866,-0.08731751506028963,0.02149148489970721,0.08420843206427489,0,APP008302,0.02428872699607574
-1.0113351309460183,-0.5688287511575048,-0.29843817581578497,-0.8721886363285156,-0.9834263428289417,-0.08731751506028963,-0.022769130482054166,0.08509771624915914,0,APP005079,0.10360749965329094
-0.35013955019267534,0.2217475747339866,-0.7645733282836001,-0.8721886363285156,0.2217475747339866,-0.08731751506028963,-0.022769130482054166,0.08420843206427489,0,APP000478,0.05422086078018935
-0.065651348229771,0.2217475747339866,0.3825716911634094,-0.09811915647475396,0.2217475747339866,0.5789806192848379,0.5904081593270396,0.08420843206427489,0,APP000486,0.03440375934941001
-0.35013955019267534,0.2217475747339866,-0.7645733282836001,-0.8721886363285156,0.2217475747339866,-0.08731751506028963,-0.022769130482054166,0.08509771624915914,0,APP008708,0.05420162084918719
0.7128170914866491,0.2217475747339866,-0.05800312739151415,0.5867174592629567,0.2217475747339866,-0.08731751506028963,0.5904081593270396,-0.09486472069567248,0,APP002923,0.019028776483465123
-0.35013955019267534,0.2217475747339866,0.3825716911634094,-0.09811915647475396,0.2217475747339866,0.5789806192848379,-0.022769130482054166,0.08420843206427489,0,APP003516,0.03944247030090972
-0.065651348229771,0.2217475747339866,-0.05800312739151415,-0.09811915647475396,0.2217475747339866,-0.08731751506028963,0.02149148489970721,-0.09486472069567248,0,APP000923,0.037004229377386705
0.7128170914866491,0.2217475747339866,0.3825716911634094,0.5867174592629567,0.2217475747339866,-0.08731751506028963,0.02149148489970721,0.08420843206427489,0,APP003605,0.0176683536199148
-0.35013955019267534,0.2217475747339866,0.3825716911634094,-0.8721886363285156,0.2217475747339866,0.5789806192848379,0.02149148489970721,0.08420843206427489,0,APP001745,0.05422086078018935
0.7128170914866491,0.2217475747339866,0.8325034873269265,0.428529803805432,0.2217475747339866,0.5789806192848379,0.02149148489970721,0.08420843206427489,0,APP001832,0.01889181720207367
0.7128170914866491,0.2217475747339866,0.3825716911634094,0.428529803805432,0.2217475747339866,-0.08731751506028963,-0.022769130482054166,0.08420843206427489,0,APP002153,0.01889181720207367
0.7128170914866491,0.2217475747339866,0.3825716911634094,0.5867174592629567,0.2217475747339866,-0.08731751506028963,0.02149148489970721,0.08420843206427489,0,APP004053,0.0176683536199148
-0.065651348229771,0.2217475747339866,-0.05800312739151415,0.5867174592629567,0.2217475747339866,0.5789806192848379,0.02149148489970721,0.3774829969715081,0,APP008164,0.02289694860171144
-0.065651348229771,0.2217475747339866,-0.05800312739151415,0.5867174592629567,0.2217475747339866,-0.08731751506028963,0.5904081593270396,0.08509771624915914,0,APP002507,0.025825922962349028
-1.0113351309460183,0.2217475747339866,-0.7645733282836001,-0.09811915647475396,0.2217475747339866,-0.08731751506028963,-0.022769130482054166,0.08420843206427489,0,APP003669,0.05402080951084046
-0.065651348229771,0.2217475747339866,-0.05800312739151415,0.428529803805432,0.2217475747339866,-0.08731751506028963,-0.022769130482054166,-0.09486472069567248,0,APP001411,0.029711108117363834
-0.065651348229771,0.2217475747339866,-0.29843817581578497,-0.09811915647475396,0.2217475747339866,0.5789806192848379,0.02149148489970721,0.08420843206427489,0,APP000271,0.03440375934941001
0.7128170914866491,0.2217475747339866,0.3825716911634094,-0.09811915647475396,0.2217475747339866,-0.08731751506028963,0.02149148489970721,0.3774829969715081,0,APP003191,0.020904796424193146
0.7128170914866491,0.2217475747339866,0.8325034873269265,0.428529803805432,0.2217475747339866,-0.08731751506028963,0.02149148489970721,-0.09486472069567248,0,APP005245,0.02034449296474017
-0.35013955019267534,0.2217475747339866,-0.05800312739151415,-0.8721886363285156,0.2217475747339866,-0.08731751506028963,0.02149148489970721,0.08420843206427489,0,APP008393,0.05422086078018935
0.7128170914866491,0.2217475747339866,0.8325034873269265,0.428529803805432,0.2217475747339866,-0.08731751506028963,0.02149148489970721,-0.09486472069567248,0,APP003360,0.02034449296474017
-0.065651348229771,0.2217475747339866,-0.29843817581578497,0.5867174592629567,0.2217475747339866,-0.6827730105067226,0.02149148489970721,-0.09486472069567248,0,APP006618,0.02780682905467762
0.1980061451935998,0.2217475747339866,-0.29843817581578497,0.5867174592629567,0.2217475747339866,-0.08731751506028963,0.02149148489970721,0.08420843206427489,0,APP008587,0.02272384630511342
0.7128170914866491,0.2217475747339866,0.8325034873269265,0.428529803805432,0.2217475747339866,0.5789806192848379,0.02149148489970721,0.08420843206427489,0,APP000897,0.01889181720207367
0.7128170914866491,0.2217475747339866,0.8325034873269265,0.428529803805432,0.2217475747339866,-0.08731751506028963,0.5904081593270396,0.08420843206427489,0,APP004881,0.01889181720207367
-0.35013955019267534,-0.5688287511575048,-0.05800312739151415,-0.8721886363285156,-0.9834263428289417,-0.08731751506028963,0.02149148489970721,0.08420843206427489,1,APP005096,0.07675948031534482
-0.065651348229771,0.2217475747339866,0.8325034873269265,-0.09811915647475396,0.2217475747339866,-0.6827730105067226,0.02149148489970721,-0.09486472069567248,0,APP003822,0.037004229377386705
-0.065651348229771,0.2217475747339866,0.3825716911634094,0.5867174592629567,0.2217475747339866,0.5789806192848379,0.02149148489970721,0.08420843206427489,0,APP006666,0.025835365521542593
-0.065651348229771,0.2217475747339866,-0.29843817581578497,0.5867174592629567,0.2217475747339866,-0.08731751506028963,0.5904081593270396,0.3774829969715081,0,APP004968,0.02289694860171144
-1.0113351309460183,0.2217475747339866,-0.05800312739151415,-0.09811915647475396,0.2217475747339866,0.5789806192848379,0.02149148489970721,0.08420843206427489,0,APP002578,0.05402080951084046
0.7128170914866491,0.2217475747339866,-0.05800312739151415,-0.09811915647475396,0.2217475747339866,-0.08731751506028963,0.02149148489970721,0.08420843206427489,0,APP004397,0.02359372923339286
-0.35013955019267534,0.2217475747339866,-0.05800312739151415,-0.09811915647475396,0.2217475747339866,-0.08731751506028963,-0.022769130482054166,0.08509771624915914,0,APP004645,0.0394282557726393
0.7128170914866491,0.2217475747339866,0.3825716911634094,0.5867174592629567,0.2217475747339866,0.5789806192848379,0.02149148489970721,0.08420843206427489,0,APP006455,0.0176683536199148
0.1980061451935998,0.2217475747339866,0.8325034873269265,-0.09811915647475396,0.2217475747339866,-0.08731751506028963,0.02149148489970721,0.08420843206427489,0,APP001480,0.030292382522712033
-0.065651348229771,0.2217475747339866,-0.29843817581578497,-0.09811915647475396,0.2217475747339866,-0.6827730105067226,0.5904081593270396,0.08509771624915914,0,APP008689,0.03439129568892732
-1.0113351309460183,-0.8003405521422314,-0.05800312739151415,0.5867174592629567,-0.9834263428289417,-0.08731751506028963,-0.022769130482054166,0.08509771624915914,0,APP001816,0.06429040259265778
0.7128170914866491,0.2217475747339866,-0.29843817581578497,-0.09811915647475396,0.2217475747339866,0.5789806192848379,0.02149148489970721,0.08420843206427489,0,APP007081,0.02359372923339286
-0.065651348229771,0.2217475747339866,0.3825716911634094,0.5867174592629567,0.2217475747339866,-0.6827730105067226,0.02149148489970721,0.08509771624915914,0,APP005315,0.025825922962349028
-0.065651348229771,0.2217475747339866,0.3825716911634094,-0.09811915647475396,0.2217475747339866,-0.08731751506028963,-0.022769130482054166,0.08420843206427489,0,APP002282,0.03440375934941001
0.7128170914866491,0.2217475747339866,-0.05800312739151415,-0.09811915647475396,0.2217475747339866,-0.08731751506028963,0.02149148489970721,0.08420843206427489,0,APP005220,0.02359372923339286
-0.065651348229771,0.2217475747339866,0.3825716911634094,-0.09811915647475396,0.2217475747339866,-0.08731751506028963,0.02149148489970721,-0.09486472069567248,0,APP002026,0.037004229377386705
0.7128170914866491,0.2217475747339866,-0.05800312739151415,0.428529803805432,0.2217475747339866,0.5789806192848379,0.02149148489970721,0.08420843206427489,0,APP001877,0.01889181720207367
0.7128170914866491,0.2217475747339866,-0.05800312739151415,0.5867174592629567,0.2217475747339866,0.5789806192848379,-0.022769130482054166,0.08420843206427489,0,APP004310,0.0176683536199148
-1.0113351309460183,-1.910002676996926,-0.7645733282836001,-0.8721886363285156,-0.8725111649557269,-0.08731751506028963,-0.8565108236092858,0.08420843206427489,0,APP008027,0.1784666307242043
0.1980061451935998,-0.5688287511575048,-0.7645733282836001,0.5867174592629567,-0.8725111649557269,-0.08731751506028963,-0.022769130482054166,0.3774829969715081,0,APP000700,0.02893401895248365
0.7128170914866491,0.2217475747339866,0.8325034873269265,0.428529803805432,0.2217475747339866,0.5789806192848379,0.5904081593270396,0.08420843206427489,0,APP007199,0.01889181720207367
-0.065651348229771,0.2217475747339866,-0.29843817581578497,-0.8721886363285156,0.2217475747339866,0.5789806192848379,0.5904081593270396,0.08420843206427489,0,APP000103,0.04738737154686286
-1.0113351309460183,0.2217475747339866,-0.05800312739151415,0.428529803805432,0.2217475747339866,-0.08731751506028963,-0.022769130482054166,0.3774829969715081,0,APP002695,0.03865490530286164
0.7128170914866491,0.2217475747339866,0.8325034873269265,0.428529803805432,0.2217475747339866,-0.08731751506028963,0.02149148489970721,0.08420843206427489,0,APP008531,0.01889181720207367
-1.0113351309460183,-1.910002676996926,-0.29843817581578497,-0.8721886363285156,-0.8725111649557269,-0.6827730105067226,-0.022769130482054166,-1.527679097450456,1,APP008913,0.30014529727952793
-0.065651348229771,0.2217475747339866,-0.05800312739151415,0.5867174592629567,0.2217475747339866,0.5789806192848379,0.02149148489970721,0.08420843206427489,0,APP002936,0.025835365521542593
0.1980061451935998,0.2217475747339866,0.3825716911634094,0.5867174592629567,0.2217475747339866,-0.08731751506028963,0.02149148489970721,0.3774829969715081,0,APP002307,0.020132008318873924
-0.065651348229771,0.2217475747339866,0.8325034873269265,-0.09811915647475396,0.2217475747339866,-0.08731751506028963,0.02149148489970721,-0.09486472069567248,0,APP000583,0.037004229377386705
0.7128170914866491,0.2217475747339866,0.3825716911634094,0.5867174592629567,0.2217475747339866,0.5789806192848379,0.02149148489970721,0.08420843206427489,0,APP005279,0.0176683536199148
-0.065651348229771,0.2217475747339866,0.8325034873269265,0.5867174592629567,0.2217475747339866,0.5789806192848379,0.02149148489970721,0.08420843206427489,0,APP006357,0.025835365521542593
0.7128170914866491,0.2217475747339866,0.3825716911634094,0.5867174592629567,0.2217475747339866,-0.08731751506028963,0.02149148489970721,0.3774829969715081,0,APP007337,0.01564390502463836
-0.065651348229771,0.2217475747339866,-0.29843817581578497,0.428529803805432,0.2217475747339866,-0.08731751506028963,0.02149148489970721,-0.09486472069567248,0,APP003232,0.029711108117363834
-0.065651348229771,0.2217475747339866,0.3825716911634094,0.5867174592629567,0.2217475747339866,-0.08731751506028963,-0.022769130482054166,0.08420843206427489,0,APP002242,0.025835365521542593
0.7128170914866491,0.2217475747339866,0.3825716911634094,0.5867174592629567,0.2217475747339866,-0.08731751506028963,0.02149148489970721,0.3774829969715081,0,APP008638,0.01564390502463836
0.7128170914866491,0.2217475747339866,0.8325034873269265,-0.09811915647475396,0.2217475747339866,-0.08731751506028963,0.02149148489970721,0.08420843206427489,0,APP001453,0.02359372923339286
-0.065651348229771,0.2217475747339866,-0.29843817581578497,-0.09811915647475396,0.2217475747339866,-0.08731751506028963,-0.8565108236092858,0.08420843206427489,0,APP003687,0.03440375934941001
0.1980061451935998,0.2217475747339866,0.3825716911634094,-0.09811915647475396,0.2217475747339866,-0.08731751506028963,-0.022769130482054166,-0.09486472069567248,0,APP002487,0.03259257627661918
0.1980061451935998,0.2217475747339866,-0.29843817581578497,-0.8721886363285156,0.2217475747339866,-0.08731751506028963,0.5904081593270396,0.08420843206427489,1,APP007800,0.041791558609494746
-0.35013955019267534,0.2217475747339866,-0.7645733282836001,-0.09811915647475396,0.2217475747339866,-0.08731751506028963,-0.022769130482054166,0.08420843206427489,0,APP007208,0.03944247030090972
0.7128170914866491,0.2217475747339866,0.3825716911634094,0.5867174592629567,0.2217475747339866,0.5789806192848379,0.02149148489970721,0.08420843206427489,0,APP002444,0.0176683536199148
-0.35013955019267534,-0.5688287511575048,-0.7645733282836001,-0.8721886363285156,-0.8725111649557269,-0.08731751506028963,0.02149148489970721,0.08420843206427489,0,APP007115,0.07675948031534482
-0.065651348229771,0.2217475747339866,-0.29843817581578497,-0.09811915647475396,0.2217475747339866,-0.08731751506028963,0.02149148489970721,0.08420843206427489,0,APP000913,0.03440375934941001
-0.35013955019267534,0.2217475747339866,-0.05800312739151415,0.5867174592629567,0.2217475747339866,0.5789806192848379,0.02149148489970721,0.08420843206427489,0,APP007828,0.0296577092053339
0.7128170914866491,0.2217475747339866,0.3825716911634094,0.428529803805432,0.2217475747339866,-0.08731751506028963,0.5904081593270396,0.08420843206427489,0,APP006831,0.01889181720207367
0.1980061451935998,0.2217475747339866,-0.05800312739151415,-0.09811915647475396,0.2217475747339866,-0.08731751506028963,0.5904081593270396,0.08420843206427489,0,APP004316,0.030292382522712033
-0.35013955019267534,-0.5688287511575048,-0.05800312739151415,-0.09811915647475396,-0.9834263428289417,-0.08731751506028963,0.02149148489970721,-0.09486472069567248,0,APP004118,0.06034826488812025
0.1980061451935998,0.2217475747339866,0.3825716911634094,0.5867174592629567,0.2217475747339866,-0.6827730105067226,0.02149148489970721,0.08509771624915914,0,APP004873,0.02271551445622887
0.7128170914866491,0.2217475747339866,-0.29843817581578497,0.5867174592629567,0.2217475747339866,0.5789806192848379,0.02149148489970721,0.08420843206427489,0,APP005967,0.0176683536199148
0.1980061451935998,-0.8003405521422314,-0.7645733282836001,-0.09811915647475396,-0.8725111649557269,-0.08731751506028963,-0.8565108236092858,0.3774829969715081,0,APP007252,0.04272677694461195
-0.065651348229771,0.2217475747339866,-0.05800312739151415,-0.09811915647475396,0.2217475747339866,-0.08731751506028963,0.02149148489970721,0.3774829969715081,0,APP007090,0.03052133866757444
-0.065651348229771,0.2217475747339866,-0.05800312739151415,-0.09811915647475396,0.2217475747339866,-0.08731751506028963,0.02149148489970721,0.08509771624915914,0,APP004688,0.03439129568892732
0.7128170914866491,0.2217475747339866,0.8325034873269265,0.428529803805432,0.2217475747339866,0.5789806192848379,-0.022769130482054166,0.08420843206427489,0,APP007683,0.01889181720207367
-0.065651348229771,0.2217475747339866,-0.29843817581578497,0.5867174592629567,0.2217475747339866,0.5789806192848379,0.02149148489970721,0.08420843206427489,0,APP000886,0.025835365521542593
-0.35013955019267534,0.2217475747339866,0.3825716911634094,-0.09811915647475396,0.2217475747339866,-0.6827730105067226,0.02149148489970721,-0.09486472069567248,0,APP000587,0.042407073740724076
0.7128170914866491,0.2217475747339866,0.3825716911634094,-0.09811915647475396,0.2217475747339866,-0.08731751506028963,0.02149148489970721,0.3774829969715081,0,APP006342,0.020904796424193146
-0.35013955019267534,-0.5688287511575048,-0.29843817581578497,-0.09811915647475396,-0.8725111649557269,-0.6827730105067226,-0.022769130482054166,-0.09486472069567248,0,APP001482,0.06034826488812025
-0.35013955019267534,-1.910002676996926,-0.7645733282836001,-0.8721886363285156,-0.8725111649557269,-0.08731751506028963,-0.8565108236092858,0.08420843206427489,1,APP004969,0.13510096478964387
-0.35013955019267534,0.2217475747339866,0.8325034873269265,-0.09811915647475396,0.2217475747339866,-0.08731751506028963,-0.022769130482054166,0.08420843206427489,1,APP008384,0.03944247030090972
-0.065651348229771,0.2217475747339866,-0.05800312739151415,-0.09811915647475396,0.2217475747339866,-0.08731751506028963,0.02149148489970721,-0.09486472069567248,0,APP002811,0.037004229377386705
0.7128170914866491,0.2217475747339866,-0.29843817581578497,0.428529803805432,0.2217475747339866,-0.08731751506028963,0.02149148489970721,0.3774829969715081,0,APP000142,0.01672957096901055
-0.065651348229771,-0.5688287511575048,-0.05800312739151415,-0.09811915647475396,-1.197437410579879,-0.08731751506028963,0.02149148489970721,-0.09486472069567248,0,APP001889,0.052785635192994465
0.1980061451935998,0.2217475747339866,-0.05800312739151415,0.428529803805432,0.2217475747339866,-0.08731751506028963,0.02149148489970721,0.08420843206427489,0,APP005575,0.02428872699607574
-0.065651348229771,0.2217475747339866,-0.05800312739151415,0.428529803805432,0.2217475747339866,0.5789806192848379,0.5904081593270396,0.08420843206427489,0,APP001671,0.027608468030901005
-0.065651348229771,0.2217475747339866,-0.05800312739151415,-0.09811915647475396,0.2217475747339866,-0.6827730105067226,0.02149148489970721,0.08420843206427489,0,APP006526,0.03440375934941001
0.1980061451935998,-0.5688287511575048,-0.29843817581578497,-0.09811915647475396,-1.197437410579879,-0.08731751506028963,0.02149148489970721,0.08420843206427489,0,APP004018,0.04334017427398824
0.7128170914866491,0.2217475747339866,0.8325034873269265,0.428529803805432,0.2217475747339866,0.5789806192848379,0.02149148489970721,0.08420843206427489,0,APP006609,0.01889181720207367
-0.35013955019267534,0.2217475747339866,-0.29843817581578497,-0.09811915647475396,0.2217475747339866,-0.08731751506028963,0.02149148489970721,0.3774829969715081,0,APP004516,0.035012055071022154
-1.0113351309460183,0.2217475747339866,-0.29843817581578497,0.5867174592629567,0.2217475747339866,-0.08731751506028963,-0.022769130482054166,0.08420843206427489,0,APP001370,0.04077301338994351
0.1980061451935998,-0.5688287511575048,-0.7645733282836001,-0.09811915647475396,-0.513258900002694,-0.6827730105067226,-0.8565108236092858,0.08509771624915914,0,APP003010,0.04332461842249205
0.1980061451935998,0.2217475747339866,0.3825716911634094,-0.09811915647475396,0.2217475747339866,0.5789806192848379,0.5904081593270396,0.08420843206427489,0,APP008171,0.030292382522712033
-0.065651348229771,0.2217475747339866,-0.05800312739151415,0.428529803805432,0.2217475747339866,-0.08731751506028963,0.02149148489970721,0.08420843206427489,0,APP001084,0.027608468030901005
-0.065651348229771,0.2217475747339866,-0.05800312739151415,0.5867174592629567,0.2217475747339866,0.5789806192848379,0.02149148489970721,0.08420843206427489,0,APP005304,0.025835365521542593
-0.065651348229771,0.2217475747339866,0.3825716911634094,-0.09811915647475396,0.2217475747339866,0.5789806192848379,0.02149148489970721,0.08420843206427489,0,APP000067,0.03440375934941001
0.7128170914866491,0.2217475747339866,0.8325034873269265,0.428529803805432,0.2217475747339866,0.5789806192848379,0.02149148489970721,0.08420843206427489,0,APP001001,0.01889181720207367
-0.35013955019267534,0.2217475747339866,-0.29843817581578497,-0.8721886363285156,0.2217475747339866,-0.08731751506028963,-0.8565108236092858,0.08509771624915914,0,APP006190,0.05420162084918719
0.7128170914866491,0.2217475747339866,0.3825716911634094,-0.09811915647475396,0.2217475747339866,0.5789806192848379,0.02149148489970721,0.3774829969715081,0,APP001511,0.020904796424193146
0.1980061451935998,0.2217475747339866,-0.05800312739151415,0.5867174592629567,0.2217475747339866,-0.08731751506028963,0.02149148489970721,0.08420843206427489,0,APP000438,0.02272384630511342
0.7128170914866491,0.2217475747339866,-0.05800312739151415,-0.09811915647475396,0.2217475747339866,0.5789806192848379,0.02149148489970721,0.08420843206427489,1,APP001525,0.02359372923339286
0.7128170914866491,0.2217475747339866,0.8325034873269265,0.428529803805432,0.2217475747339866,0.5789806192848379,-0.022769130482054166,0.3774829969715081,0,APP003318,0.01672957096901055
0.7128170914866491,0.2217475747339866,-0.05800312739151415,0.428529803805432,0.2217475747339866,-0.08731751506028963,0.5904081593270396,0.3774829969715081,0,APP007850,0.01672957096901055
0.7128170914866491,0.2217475747339866,-0.05800312739151415,0.428529803805432,0.2217475747339866,-0.08731751506028963,0.5904081593270396,0.08420843206427489,0,APP008301,0.01889181720207367
-0.065651348229771,0.2217475747339866,-0.05800312739151415,0.5867174592629567,0.2217475747339866,-0.08731751506028963,0.02149148489970721,0.08420843206427489,0,APP007785,0.025835365521542593
-0.065651348229771,-0.5688287511575048,0.3825716911634094,-0.8721886363285156,-0.8725111649557269,-0.08731751506028963,0.02149148489970721,0.3774829969715081,0,APP006224,0.059924510536631274
-0.065651348229771,0.2217475747339866,0.3825716911634094,0.5867174592629567,0.2217475747339866,-0.08731751506028963,0.02149148489970721,0.08420843206427489,0,APP000454,0.025835365521542593
0.7128170914866491,0.2217475747339866,0.3825716911634094,0.428529803805432,0.2217475747339866,0.5789806192848379,0.02149148489970721,0.08420843206427489,0,APP004654,0.01889181720207367
0.7128170914866491,0.2217475747339866,-0.05800312739151415,0.5867174592629567,0.2217475747339866,-0.08731751506028963,-0.022769130482054166,0.08420843206427489,0,APP000750,0.0176683536199148
-0.065651348229771,0.2217475747339866,-0.29843817581578497,-0.09811915647475396,0.2217475747339866,0.5789806192848379,0.02149148489970721,0.08420843206427489,0,APP001319,0.03440375934941001
0.7128170914866491,0.2217475747339866,0.8325034873269265,-0.09811915647475396,0.2217475747339866,0.5789806192848379,-0.022769130482054166,0.08420843206427489,0,APP002442,0.02359372923339286
-0.065651348229771,0.2217475747339866,-0.05800312739151415,-0.09811915647475396,0.2217475747339866,-0.6827730105067226,0.5904081593270396,0.08509771624915914,0,APP004241,0.03439129568892732
-1.0113351309460183,0.2217475747339866,-0.05800312739151415,-0.09811915647475396,0.2217475747339866,-0.6827730105067226,-0.022769130482054166,0.08509771624915914,0,APP007708,0.05400163651359411
0.7128170914866491,0.2217475747339866,-0.29843817581578497,-0.09811915647475396,0.2217475747339866,-0.08731751506028963,0.02149148489970721,0.08420843206427489,0,APP006701,0.02359372923339286
0.7128170914866491,0.2217475747339866,0.8325034873269265,0.428529803805432,0.2217475747339866,-0.08731751506028963,0.02149148489970721,0.08420843206427489,0,APP001765,0.01889181720207367
-0.065651348229771,-0.5688287511575048,-0.05800312739151415,0.5867174592629567,-1.197437410579879,-0.6827730105067226,-0.022769130482054166,-1.527679097450456,1,APP000204,0.07057168451989326
0.1980061451935998,-0.8003405521422314,0.3825716911634094,-0.09811915647475396,-0.9834263428289417,-0.08731751506028963,0.02149148489970721,0.08509771624915914,0,APP007357,0.048067593205970725
0.7128170914866491,0.2217475747339866,0.3825716911634094,-0.09811915647475396,0.2217475747339866,-0.08731751506028963,0.02149148489970721,0.3774829969715081,0,APP002694,0.020904796424193146
-0.35013955019267534,0.2217475747339866,-0.29843817581578497,0.428529803805432,0.2217475747339866,-0.08731751506028963,0.02149148489970721,-0.09486472069567248,0,APP008697,0.0340868038233671
0.7128170914866491,0.2217475747339866,0.8325034873269265,-0.09811915647475396,0.2217475747339866,-0.08731751506028963,0.02149148489970721,0.08420843206427489,0,APP005437,0.02359372923339286
-0.065651348229771,0.2217475747339866,-0.05800312739151415,0.5867174592629567,0.2217475747339866,-0.08731751506028963,0.02149148489970721,0.08420843206427489,0,APP005317,0.025835365521542593
-1.0113351309460183,-1.910002676996926,-0.29843817581578497,-0.09811915647475396,-1.197437410579879,-0.6827730105067226,-0.8565108236092858,-1.527679097450456,0,APP005733,0.23499225101078594
0.7128170914866491,0.2217475747339866,0.3825716911634094,0.428529803805432,0.2217475747339866,-0.08731751506028963,0.02149148489970721,-0.09486472069567248,0,APP003065,0.02034449296474017
0.7128170914866491,0.2217475747339866,0.3825716911634094,0.5867174592629567,0.2217475747339866,-0.08731751506028963,0.02149148489970721,0.3774829969715081,0,APP007902,0.01564390502463836
0.7128170914866491,0.2217475747339866,0.3825716911634094,0.428529803805432,0.2217475747339866,0.5789806192848379,-0.022769130482054166,0.08420843206427489,0,APP000372,0.01889181720207367
0.1980061451935998,0.2217475747339866,0.3825716911634094,-0.09811915647475396,0.2217475747339866,-0.08731751506028963,-0.8565108236092858,0.08420843206427489,0,APP002365,0.030292382522712033
-0.35013955019267534,-0.5688287511575048,-0.05800312739151415,-0.09811915647475396,-0.8725111649557269,-0.6827730105067226,-0.022769130482054166,-0.09486472069567248,0,APP008484,0.06034826488812025
-0.35013955019267534,0.2217475747339866,-0.29843817581578497,0.5867174592629567,0.2217475747339866,0.5789806192848379,0.02149148489970721,0.08420843206427489,1,APP006040,0.0296577092053339
0.7128170914866491,0.2217475747339866,0.8325034873269265,0.428529803805432,0.2217475747339866,-0.08731751506028963,0.02149148489970721,0.08420843206427489,0,APP004150,0.01889181720207367
-1.0113351309460183,-0.5688287511575048,-0.7645733282836001,-0.8721886363285156,-0.8725111649557269,-0.6827730105067226,-0.8565108236092858,-1.527679097450456,0,APP005793,0.1858463943699003
-0.065651348229771,0.2217475747339866,-0.05800312739151415,0.428529803805432,0.2217475747339866,0.5789806192848379,0.5904081593270396,0.08420843206427489,0,APP006752,0.027608468030901005
-0.065651348229771,0.2217475747339866,-0.7645733282836001,0.428529803805432,0.2217475747339866,0.5789806192848379,0.5904081593270396,0.08420843206427489,0,APP002312,0.027608468030901005
0.7128170914866491,0.2217475747339866,-0.05800312739151415,0.428529803805432,0.2217475747339866,0.5789806192848379,0.02149148489970721,0.08420843206427489,0,APP001163,0.01889181720207367
0.7128170914866491,0.2217475747339866,0.3825716911634094,0.5867174592629567,0.2217475747339866,0.5789806192848379,0.02149148489970721,0.3774829969715081,1,APP004372,0.01564390502463836
0.7128170914866491,0.2217475747339866,0.8325034873269265,-0.8721886363285156,0.2217475747339866,-0.08731751506028963,0.02149148489970721,0.3774829969715081,0,APP003781,0.028946763344909022
0.7128170914866491,0.2217475747339866,-0.29843817581578497,-0.09811915647475396,0.2217475747339866,-0.08731751506028963,0.5904081593270396,-0.09486472069567248,0,APP003215,0.0253985961957803
0.7128170914866491,0.2217475747339866,-0.29843817581578497,-0.09811915647475396,0.2217475747339866,-0.08731751506028963,-0.022769130482054166,0.3774829969715081,0,APP006078,0.020904796424193146
-1.0113351309460183,0.2217475747339866,-0.29843817581578497,-0.8721886363285156,0.2217475747339866,-0.08731751506028963,-0.8565108236092858,0.08509771624915914,0,APP003753,0.07381588249321112
-0.065651348229771,0.2217475747339866,0.3825716911634094,0.5867174592629567,0.2217475747339866,0.5789806192848379,0.02149148489970721,0.3774829969715081,0,APP002726,0.02289694860171144
0.7128170914866491,0.2217475747339866,0.3825716911634094,0.428529803805432,0.2217475747339866,0.5789806192848379,0.02149148489970721,0.08420843206427489,0,APP001178,0.01889181720207367
0.1980061451935998,-0.5688287511575048,-0.29843817581578497,-0.09811915647475396,-0.9834263428289417,-0.6827730105067226,-0.8565108236092858,-1.527679097450456,0,APP007012,0.08209603880917955
-0.065651348229771,0.2217475747339866,0.3825716911634094,-0.09811915647475396,0.2217475747339866,-0.08731751506028963,0.02149148489970721,0.08420843206427489,0,APP002369,0.03440375934941001
0.7128170914866491,0.2217475747339866,0.8325034873269265,0.428529803805432,0.2217475747339866,0.5789806192848379,0.02149148489970721,0.08420843206427489,0,APP006730,0.01889181720207367
-1.0113351309460183,0.2217475747339866,0.8325034873269265,0.5867174592629567,0.2217475747339866,-0.08731751506028963,0.02149148489970721,0.08420843206427489,0,APP002571,0.04077301338994351
-0.35013955019267534,-0.5688287511575048,-0.7645733282836001,-0.8721886363285156,-1.197437410579879,-0.6827730105067226,-0.022769130482054166,0.08420843206427489,0,APP007273,0.07675948031534482
-0.065651348229771,0.2217475747339866,0.3825716911634094,0.5867174592629567,0.2217475747339866,-0.08731751506028963,0.5904081593270396,0.08420843206427489,0,APP000641,0.025835365521542593
0.7128170914866491,0.2217475747339866,0.8325034873269265,0.428529803805432,0.2217475747339866,0.5789806192848379,0.02149148489970721,0.08420843206427489,0,APP006627,0.01889181720207367
0.1980061451935998,0.2217475747339866,-0.05800312739151415,0.5867174592629567,0.2217475747339866,-0.08731751506028963,0.02149148489970721,0.08509771624915914,0,APP002006,0.02271551445622887
0.1980061451935998,0.2217475747339866,-0.05800312739151415,0.5867174592629567,0.2217475747339866,0.5789806192848379,0.02149148489970721,0.08420843206427489,0,APP001900,0.02272384630511342
0.7128170914866491,0.2217475747339866,0.8325034873269265,0.428529803805432,0.2217475747339866,0.5789806192848379,-0.022769130482054166,0.08420843206427489,0,APP004986,0.01889181720207367
-0.35013955019267534,0.2217475747339866,-0.05800312739151415,-0.09811915647475396,0.2217475747339866,-0.08731751506028963,-0.8565108236092858,0.08509771624915914,0,APP002338,0.0394282557726393
-1.0113351309460183,-0.5688287511575048,-0.7645733282836001,-0.09811915647475396,-1.197437410579879,-0.6827730105067226,0.02149148489970721,-1.527679097450456,0,APP006927,0.14052263422460923
-0.065651348229771,0.2217475747339866,-0.29843817581578497,-0.09811915647475396,0.2217475747339866,-0.08731751506028963,0.02149148489970721,-0.09486472069567248,0,APP006192,0.037004229377386705
0.1980061451935998,0.2217475747339866,-0.05800312739151415,0.428529803805432,0.2217475747339866,-0.08731751506028963,0.02149148489970721,0.08420843206427489,0,APP006284,0.02428872699607574
-0.065651348229771,-0.8003405521422314,-0.29843817581578497,0.5867174592629567,-0.9834263428289417,-0.08731751506028963,-0.8565108236092858,0.08420843206427489,0,APP004183,0.04112090921444931
0.7128170914866491,0.2217475747339866,0.8325034873269265,0.428529803805432,0.2217475747339866,0.5789806192848379,0.02149148489970721,0.08420843206427489,0,APP007160,0.01889181720207367
0.1980061451935998,0.2217475747339866,-0.05800312739151415,-0.09811915647475396,0.2217475747339866,-0.08731751506028963,0.02149148489970721,0.08420843206427489,0,APP002278,0.030292382522712033
-0.065651348229771,0.2217475747339866,0.8325034873269265,0.428529803805432,0.2217475747339866,-0.08731751506028963,0.5904081593270396,0.08420843206427489,0,APP004155,0.027608468030901005
0.7128170914866491,0.2217475747339866,0.8325034873269265,0.428529803805432,0.2217475747339866,-0.08731751506028963,0.02149148489970721,-0.09486472069567248,0,APP006182,0.02034449296474017
0.7128170914866491,0.2217475747339866,0.3825716911634094,0.428529803805432,0.2217475747339866,-0.08731751506028963,0.02149148489970721,0.08420843206427489,0,APP004141,0.01889181720207367
-0.065651348229771,0.2217475747339866,-0.29843817581578497,0.5867174592629567,0.2217475747339866,-0.08731751506028963,-0.022769130482054166,0.3774829969715081,0,APP000165,0.02289694860171144
0.1980061451935998,0.2217475747339866,-0.29843817581578497,-0.09811915647475396,0.2217475747339866,0.5789806192848379,0.02149148489970721,0.08420843206427489,0,APP006186,0.030292382522712033
0.7128170914866491,0.2217475747339866,-0.05800312739151415,0.428529803805432,0.2217475747339866,0.5789806192848379,0.02149148489970721,0.08420843206427489,0,APP008137,0.01889181720207367
0.7128170914866491,0.2217475747339866,0.8325034873269265,0.5867174592629567,0.2217475747339866,0.5789806192848379,-0.022769130482054166,0.3774829969715081,0,APP007857,0.01564390502463836
-1.0113351309460183,0.2217475747339866,-0.7645733282836001,-0.09811915647475396,0.2217475747339866,-0.08731751506028963,0.02149148489970721,0.08509771624915914,0,APP008275,0.05400163651359411
-0.35013955019267534,-0.5688287511575048,-0.7645733282836001,0.5867174592629567,-0.8725111649557269,-0.6827730105067226,-0.022769130482054166,-1.527679097450456,0,APP008994,0.08046606054087684
0.1980061451935998,0.2217475747339866,-0.7645733282836001,-0.09811915647475396,0.2217475747339866,-0.6827730105067226,0.02149148489970721,0.08509771624915914,0,APP001848,0.03028136160620495
-0.35013955019267534,-0.5688287511575048,-0.29843817581578497,-0.09811915647475396,-1.197437410579879,-0.08731751506028963,-0.8565108236092858,0.08509771624915914,0,APP008430,0.05618313669498817
-1.0113351309460183,-0.5688287511575048,-0.29843817581578497,-0.8721886363285156,-1.197437410579879,-0.08731751506028963,0.02149148489970721,-0.09486472069567248,0,APP008803,0.11087540540922053
-0.065651348229771,0.2217475747339866,-0.05800312739151415,0.428529803805432,0.2217475747339866,-0.6827730105067226,0.02149148489970721,0.08509771624915914,0,APP002087,0.027598395780540387
-0.35013955019267534,-0.5688287511575048,-0.05800312739151415,-0.8721886363285156,-0.8725111649557269,0.5789806192848379,-0.022769130482054166,0.3774829969715081,0,APP004726,0.06843603476718518
-0.065651348229771,0.2217475747339866,-0.05800312739151415,-0.09811915647475396,0.2217475747339866,-0.08731751506028963,0.5904081593270396,0.08420843206427489,0,APP000461,0.03440375934941001
-0.065651348229771,0.2217475747339866,-0.05800312739151415,-0.09811915647475396,0.2217475747339866,-0.08731751506028963,0.5904081593270396,0.08420843206427489,0,APP000278,0.03440375934941001
-0.065651348229771,0.2217475747339866,0.3825716911634094,-0.09811915647475396,0.2217475747339866,-0.08731751506028963,0.02149148489970721,-0.09486472069567248,0,APP003665,0.037004229377386705
0.7128170914866491,0.2217475747339866,0.8325034873269265,0.428529803805432,0.2217475747339866,0.5789806192848379,0.5904081593270396,0.08420843206427489,0,APP004579,0.01889181720207367
0.7128170914866491,0.2217475747339866,0.8325034873269265,0.428529803805432,0.2217475747339866,0.5789806192848379,0.02149148489970721,0.08420843206427489,0,APP000780,0.01889181720207367
0.7128170914866491,0.2217475747339866,0.8325034873269265,0.5867174592629567,0.2217475747339866,0.5789806192848379,0.02149148489970721,0.08420843206427489,0,APP003176,0.0176683536199148
-0.065651348229771,0.2217475747339866,0.3825716911634094,0.5867174592629567,0.2217475747339866,-0.08731751506028963,0.02149148489970721,-0.09486472069567248,0,APP007073,0.02780682905467762
0.1980061451935998,0.2217475747339866,0.3825716911634094,-0.09811915647475396,0.2217475747339866,-0.08731751506028963,0.02149148489970721,0.3774829969715081,0,APP005405,0.026861018938613507
-0.35013955019267534,0.2217475747339866,-0.7645733282836001,0.5867174592629567,0.2217475747339866,0.5789806192848379,0.02149148489970721,0.08420843206427489,0,APP006735,0.0296577092053339
-0.065651348229771,0.2217475747339866,0.8325034873269265,0.5867174592629567,0.2217475747339866,-0.08731751506028963,0.02149148489970721,0.08509771624915914,0,APP008033,0.025825922962349028
-0.35013955019267534,-0.8003405521422314,-0.29843817581578497,-0.8721886363285156,-0.513258900002694,-0.08731751506028963,0.5904081593270396,-0.09486472069567248,0,APP000899,0.09089195348387312
0.7128170914866491,0.2217475747339866,0.8325034873269265,0.428529803805432,0.2217475747339866,0.5789806192848379,0.02149148489970721,0.08420843206427489,0,APP008011,0.01889181720207367
0.1980061451935998,-0.8003405521422314,-0.29843817581578497,-0.8721886363285156,-0.513258900002694,-0.08731751506028963,-0.8565108236092858,-0.09486472069567248,0,APP002818,0.07068462478185548
-0.065651348229771,0.2217475747339866,-0.05800312739151415,-0.09811915647475396,0.2217475747339866,0.5789806192848379,-0.022769130482054166,0.08420843206427489,0,APP001964,0.03440375934941001
0.7128170914866491,0.2217475747339866,-0.05800312739151415,0.428529803805432,0.2217475747339866,-0.08731751506028963,-0.022769130482054166,0.08420843206427489,0,APP008590,0.01889181720207367
0.7128170914866491,0.2217475747339866,0.8325034873269265,-0.09811915647475396,0.2217475747339866,0.5789806192848379,0.02149148489970721,0.08420843206427489,0,APP001252,0.02359372923339286
0.7128170914866491,0.2217475747339866,-0.29843817581578497,0.5867174592629567,0.2217475747339866,-0.08731751506028963,-0.022769130482054166,-0.09486472069567248,0,APP005623,0.019028776483465123
-0.35013955019267534,-0.5688287511575048,-0.29843817581578497,-0.8721886363285156,-0.513258900002694,-0.08731751506028963,0.5904081593270396,0.08420843206427489,0,APP000660,0.07675948031534482
-0.065651348229771,0.2217475747339866,-0.05800312739151415,-0.09811915647475396,0.2217475747339866,0.5789806192848379,0.5904081593270396,0.08420843206427489,0,APP001042,0.03440375934941001
-0.35013955019267534,0.2217475747339866,-0.7645733282836001,0.5867174592629567,0.2217475747339866,-0.08731751506028963,-0.022769130482054166,-0.09486472069567248,0,APP007280,0.03191129619574281
0.7128170914866491,0.2217475747339866,-0.29843817581578497,-0.09811915647475396,0.2217475747339866,-0.08731751506028963,0.02149148489970721,0.08420843206427489,0,APP003342,0.02359372923339286
0.7128170914866491,0.2217475747339866,0.3825716911634094,-0.09811915647475396,0.2217475747339866,-0.08731751506028963,0.02149148489970721,0.08420843206427489,0,APP003859,0.02359372923339286
0.1980061451935998,0.2217475747339866,-0.7645733282836001,-0.8721886363285156,0.2217475747339866,-0.08731751506028963,-0.8565108236092858,0.08420843206427489,0,APP007861,0.041791558609494746
-0.065651348229771,0.2217475747339866,0.3825716911634094,-0.09811915647475396,0.2217475747339866,-0.08731751506028963,-0.022769130482054166,-0.09486472069567248,0,APP007459,0.037004229377386705
0.1980061451935998,0.2217475747339866,0.3825716911634094,0.5867174592629567,0.2217475747339866,-0.08731751506028963,0.5904081593270396,0.08420843206427489,0,APP002699,0.02272384630511342
0.1980061451935998,-0.5688287511575048,-0.7645733282836001,-0.09811915647475396,-0.9834263428289417,-0.08731751506028963,-0.022769130482054166,0.08509771624915914,0,APP007783,0.04332461842249205
0.7128170914866491,0.2217475747339866,0.3825716911634094,-0.09811915647475396,0.2217475747339866,-0.08731751506028963,0.02149148489970721,0.08420843206427489,0,APP007997,0.02359372923339286
0.7128170914866491,0.2217475747339866,0.3825716911634094,0.428529803805432,0.2217475747339866,-0.08731751506028963,0.02149148489970721,0.08420843206427489,0,APP003782,0.01889181720207367
0.7128170914866491,0.2217475747339866,0.8325034873269265,0.5867174592629567,0.2217475747339866,0.5789806192848379,-0.022769130482054166,0.08420843206427489,0,APP002378,0.0176683536199148
-0.35013955019267534,0.2217475747339866,-0.05800312739151415,-0.09811915647475396,0.2217475747339866,-0.08731751506028963,0.02149148489970721,0.3774829969715081,0,APP003120,0.035012055071022154
0.1980061451935998,0.2217475747339866,-0.05800312739151415,-0.09811915647475396,0.2217475747339866,-0.6827730105067226,0.02149148489970721,-0.09486472069567248,1,APP004160,0.03259257627661918
-0.35013955019267534,0.2217475747339866,-0.05800312739151415,-0.09811915647475396,0.2217475747339866,0.5789806192848379,-0.022769130482054166,0.08420843206427489,0,APP007329,0.03944247030090972
0.7128170914866491,0.2217475747339866,-0.7645733282836001,0.5867174592629567,0.2217475747339866,-0.08731751506028963,0.02149148489970721,0.3774829969715081,0,APP007126,0.01564390502463836
-0.065651348229771,0.2217475747339866,0.3825716911634094,0.5867174592629567,0.2217475747339866,0.5789806192848379,0.5904081593270396,0.08420843206427489,0,APP001357,0.025835365521542593
-0.065651348229771,-0.5688287511575048,-0.05800312739151415,0.5867174592629567,-0.513258900002694,-0.08731751506028963,-0.022769130482054166,0.08420843206427489,0,APP004692,0.03703671601755304
-1.0113351309460183,0.2217475747339866,-0.05800312739151415,0.5867174592629567,0.2217475747339866,0.5789806192848379,-0.022769130482054166,0.08420843206427489,0,APP003034,0.04077301338994351
0.1980061451935998,0.2217475747339866,0.3825716911634094,-0.09811915647475396,0.2217475747339866,-0.08731751506028963,0.02149148489970721,0.08420843206427489,0,APP000574,0.030292382522712033
-0.35013955019267534,0.2217475747339866,-0.05800312739151415,-0.09811915647475396,0.2217475747339866,-0.08731751506028963,0.5904081593270396,0.08420843206427489,0,APP001957,0.03944247030090972
0.7128170914866491,0.2217475747339866,0.8325034873269265,0.428529803805432,0.2217475747339866,-0.08731751506028963,0.02149148489970721,0.08420843206427489,0,APP006875,0.01889181720207367
-0.065651348229771,0.2217475747339866,0.8325034873269265,0.428529803805432,0.2217475747339866,0.5789806192848379,0.02149148489970721,0.08420843206427489,0,APP000955,0.027608468030901005
0.7128170914866491,0.2217475747339866,0.3825716911634094,0.428529803805432,0.2217475747339866,-0.08731751506028963,0.5904081593270396,0.3774829969715081,0,APP007701,0.01672957096901055
0.7128170914866491,0.2217475747339866,0.3825716911634094,0.428529803805432,0.2217475747339866,-0.08731751506028963,0.02149148489970721,0.08420843206427489,0,APP006016,0.01889181720207367
0.7128170914866491,0.2217475747339866,-0.29843817581578497,0.5867174592629567,0.2217475747339866,-0.08731751506028963,0.02149148489970721,0.3774829969715081,0,APP007838,0.01564390502463836
0.7128170914866491,0.2217475747339866,-0.05800312739151415,0.428529803805432,0.2217475747339866,-0.08731751506028963,0.02149148489970721,0.08420843206427489,0,APP002741,0.01889181720207367
-0.35013955019267534,0.2217475747339866,-0.05800312739151415,-0.09811915647475396,0.2217475747339866,-0.08731751506028963,-0.8565108236092858,0.3774829969715081,0,APP002769,0.035012055071022154
-0.065651348229771,0.2217475747339866,-0.05800312739151415,-0.09811915647475396,0.2217475747339866,-0.08731751506028963,0.02149148489970721,0.08509771624915914,0,APP005258,0.03439129568892732
-0.065651348229771,0.2217475747339866,0.3825716911634094,-0.09811915647475396,0.2217475747339866,-0.08731751506028963,-0.022769130482054166,0.3774829969715081,0,APP006739,0.03052133866757444
0.1980061451935998,-1.910002676996926,-0.7645733282836001,-0.09811915647475396,-0.9834263428289417,-0.08731751506028963,0.02149148489970721,0.08420843206427489,1,APP002255,0.07843917055604661
-0.065651348229771,0.2217475747339866,0.8325034873269265,0.428529803805432,0.2217475747339866,0.5789806192848379,0.02149148489970721,0.08420843206427489,0,APP007712,0.027608468030901005
0.1980061451935998,0.2217475747339866,-0.05800312739151415,-0.09811915647475396,0.2217475747339866,-0.08731751506028963,0.02149148489970721,0.08420843206427489,0,APP002071,0.030292382522712033
-0.065651348229771,0.2217475747339866,0.3825716911634094,0.428529803805432,0.2217475747339866,0.5789806192848379,0.5904081593270396,0.08420843206427489,0,APP005247,0.027608468030901005
-0.35013955019267534,0.2217475747339866,0.8325034873269265,-0.09811915647475396,0.2217475747339866,-0.08731751506028963,-0.022769130482054166,0.08509771624915914,0,APP007690,0.0394282557726393
-0.35013955019267534,0.2217475747339866,0.3825716911634094,-0.09811915647475396,0.2217475747339866,-0.08731751506028963,-0.022769130482054166,0.08509771624915914,0,APP003951,0.0394282557726393
0.7128170914866491,0.2217475747339866,-0.05800312739151415,0.5867174592629567,0.2217475747339866,-0.08731751506028963,0.5904081593270396,-0.09486472069567248,0,APP003975,0.019028776483465123
0.7128170914866491,0.2217475747339866,0.8325034873269265,0.428529803805432,0.2217475747339866,-0.08731751506028963,0.5904081593270396,0.08420843206427489,0,APP000652,0.01889181720207367
0.7128170914866491,0.2217475747339866,-0.05800312739151415,0.428529803805432,0.2217475747339866,0.5789806192848379,0.02149148489970721,0.3774829969715081,0,APP006846,0.01672957096901055
0.7128170914866491,-0.5688287511575048,-0.29843817581578497,-0.8721886363285156,-0.8725111649557269,-0.6827730105067226,0.02149148489970721,-1.527679097450456,0,APP005392,0.08808254307720897
-0.065651348229771,0.2217475747339866,-0.7645733282836001,-0.09811915647475396,0.2217475747339866,0.5789806192848379,-0.022769130482054166,0.08420843206427489,0,APP001234,0.03440375934941001
0.7128170914866491,0.2217475747339866,-0.05800312739151415,0.428529803805432,0.2217475747339866,-0.08731751506028963,0.02149148489970721,0.08420843206427489,0,APP003186,0.01889181720207367
-0.065651348229771,0.2217475747339866,0.8325034873269265,0.5867174592629567,0.2217475747339866,-0.08731751506028963,0.02149148489970721,0.08420843206427489,0,APP006361,0.025835365521542593
0.7128170914866491,0.2217475747339866,-0.05800312739151415,-0.09811915647475396,0.2217475747339866,-0.08731751506028963,0.5904081593270396,-0.09486472069567248,0,APP000479,0.0253985961957803
0.7128170914866491,0.2217475747339866,-0.05800312739151415,-0.09811915647475396,0.2217475747339866,0.5789806192848379,0.5904081593270396,0.08420843206427489,0,APP006910,0.02359372923339286
0.7128170914866491,0.2217475747339866,-0.7645733282836001,-0.8721886363285156,0.2217475747339866,-0.08731751506028963,-0.8565108236092858,0.08420843206427489,0,APP006732,0.03263563498364616
0.7128170914866491,0.2217475747339866,0.8325034873269265,0.5867174592629567,0.2217475747339866,0.5789806192848379,0.02149148489970721,0.08420843206427489,0,APP002414,0.0176683536199148
0.7128170914866491,0.2217475747339866,0.8325034873269265,0.428529803805432,0.2217475747339866,0.5789806192848379,0.02149148489970721,0.08420843206427489,0,APP008829,0.01889181720207367
0.7128170914866491,0.2217475747339866,-0.29843817581578497,0.5867174592629567,0.2217475747339866,-0.08731751506028963,0.02149148489970721,0.3774829969715081,0,APP002144,0.01564390502463836
0.1980061451935998,0.2217475747339866,0.8325034873269265,0.428529803805432,0.2217475747339866,0.5789806192848379,0.02149148489970721,0.08420843206427489,0,APP007336,0.02428872699607574
0.7128170914866491,0.2217475747339866,0.8325034873269265,0.5867174592629567,0.2217475747339866,0.5789806192848379,0.5904081593270396,0.08420843206427489,0,APP008116,0.0176683536199148
0.7128170914866491,0.2217475747339866,-0.05800312739151415,-0.09811915647475396,0.2217475747339866,0.5789806192848379,-0.022769130482054166,0.08420843206427489,0,APP003310,0.02359372923339286
-0.065651348229771,0.2217475747339866,-0.29843817581578497,0.428529803805432,0.2217475747339866,-0.08731751506028963,0.02149148489970721,0.3774829969715081,0,APP004450,0.024473451480688066
-0.065651348229771,0.2217475747339866,-0.05800312739151415,-0.8721886363285156,0.2217475747339866,-0.08731751506028963,0.02149148489970721,0.08420843206427489,1,APP007953,0.04738737154686286
-0.065651348229771,0.2217475747339866,0.3825716911634094,0.5867174592629567,0.2217475747339866,-0.08731751506028963,0.02149148489970721,0.08420843206427489,0,APP001249,0.025835365521542593
0.7128170914866491,0.2217475747339866,0.8325034873269265,0.5867174592629567,0.2217475747339866,-0.08731751506028963,0.5904081593270396,-0.09486472069567248,0,APP000116,0.019028776483465123
-1.0113351309460183,0.2217475747339866,-0.29843817581578497,-0.8721886363285156,0.2217475747339866,-0.08731751506028963,-0.8565108236092858,-0.09486472069567248,0,APP007134,0.07917854807375183
-0.065651348229771,0.2217475747339866,0.8325034873269265,0.428529803805432,0.2217475747339866,-0.08731751506028963,0.5904081593270396,0.3774829969715081,0,APP002440,0.024473451480688066
-0.065651348229771,0.2217475747339866,0.8325034873269265,0.428529803805432,0.2217475747339866,0.5789806192848379,-0.022769130482054166,0.08420843206427489,0,APP006263,0.027608468030901005
-0.35013955019267534,0.2217475747339866,0.3825716911634094,0.5867174592629567,0.2217475747339866,-0.6827730105067226,0.02149148489970721,0.08420843206427489,0,APP008862,0.0296577092053339
-0.35013955019267534,0.2217475747339866,-0.29843817581578497,-0.09811915647475396,0.2217475747339866,-0.08731751506028963,0.5904081593270396,0.08420843206427489,1,APP006569,0.03944247030090972
-1.0113351309460183,0.2217475747339866,-0.7645733282836001,-0.8721886363285156,0.2217475747339866,-0.6827730105067226,-0.8565108236092858,0.08509771624915914,0,APP001544,0.07381588249321112
-0.065651348229771,0.2217475747339866,0.8325034873269265,0.428529803805432,0.2217475747339866,-0.08731751506028963,0.5904081593270396,0.3774829969715081,0,APP003528,0.024473451480688066
-0.35013955019267534,0.2217475747339866,0.3825716911634094,-0.09811915647475396,0.2217475747339866,-0.08731751506028963,0.02149148489970721,0.08509771624915914,0,APP003854,0.0394282557726393
-0.35013955019267534,0.2217475747339866,-0.29843817581578497,0.5867174592629567,0.2217475747339866,-0.08731751506028963,0.5904081593270396,0.08420843206427489,0,APP001804,0.0296577092053339
0.7128170914866491,0.2217475747339866,0.3825716911634094,0.428529803805432,0.2217475747339866,0.5789806192848379,0.02149148489970721,0.3774829969715081,0,APP002214,0.01672957096901055
0.7128170914866491,0.2217475747339866,0.8325034873269265,0.428529803805432,0.2217475747339866,0.5789806192848379,0.02149148489970721,0.08420843206427489,0,APP006529,0.01889181720207367
0.7128170914866491,0.2217475747339866,0.3825716911634094,0.5867174592629567,0.2217475747339866,-0.08731751506028963,0.02149148489970721,0.08420843206427489,0,APP008902,0.0176683536199148
0.7128170914866491,0.2217475747339866,0.3825716911634094,-0.09811915647475396,0.2217475747339866,0.5789806192848379,0.5904081593270396,0.3774829969715081,0,APP005060,0.020904796424193146
0.7128170914866491,0.2217475747339866,0.3825716911634094,-0.09811915647475396,0.2217475747339866,-0.08731751506028963,0.5904081593270396,-0.09486472069567248,0,APP006113,0.0253985961957803
0.7128170914866491,0.2217475747339866,-0.05800312739151415,0.428529803805432,0.2217475747339866,0.5789806192848379,0.02149148489970721,0.08420843206427489,0,APP005379,0.01889181720207367
0.7128170914866491,0.2217475747339866,0.3825716911634094,0.428529803805432,0.2217475747339866,-0.08731751506028963,-0.022769130482054166,0.08420843206427489,0,APP007034,0.01889181720207367
0.7128170914866491,0.2217475747339866,0.8325034873269265,0.5867174592629567,0.2217475747339866,-0.08731751506028963,0.5904081593270396,0.08420843206427489,0,APP000140,0.0176683536199148
0.7128170914866491,0.2217475747339866,0.8325034873269265,0.428529803805432,0.2217475747339866,0.5789806192848379,0.5904081593270396,0.3774829969715081,0,APP003290,0.01672957096901055
0.7128170914866491,0.2217475747339866,0.3825716911634094,0.5867174592629567,0.2217475747339866,0.5789806192848379,0.02149148489970721,0.08420843206427489,0,APP000474,0.0176683536199148
0.7128170914866491,0.2217475747339866,0.3825716911634094,0.5867174592629567,0.2217475747339866,-0.08731751506028963,-0.022769130482054166,0.08509771624915914,0,APP001074,0.01766184190117446
-0.065651348229771,0.2217475747339866,0.8325034873269265,0.428529803805432,0.2217475747339866,-0.08731751506028963,0.02149148489970721,0.08420843206427489,1,APP008300,0.027608468030901005
0.1980061451935998,0.2217475747339866,-0.05800312739151415,-0.09811915647475396,0.2217475747339866,0.5789806192848379,0.02149148489970721,0.08420843206427489,0,APP001125,0.030292382522712033
0.7128170914866491,0.2217475747339866,0.3825716911634094,0.428529803805432,0.2217475747339866,0.5789806192848379,0.02149148489970721,0.08420843206427489,0,APP007319,0.01889181720207367
0.7128170914866491,0.2217475747339866,0.8325034873269265,0.428529803805432,0.2217475747339866,0.5789806192848379,0.02149148489970721,0.08420843206427489,0,APP001778,0.01889181720207367
0.7128170914866491,0.2217475747339866,0.3825716911634094,0.428529803805432,0.2217475747339866,-0.08731751506028963,0.5904081593270396,-0.09486472069567248,0,APP006082,0.02034449296474017
0.1980061451935998,0.2217475747339866,-0.05800312739151415,0.5867174592629567,0.2217475747339866,0.5789806192848379,-0.022769130482054166,0.3774829969715081,0,APP000958,0.020132008318873924
0.7128170914866491,0.2217475747339866,0.8325034873269265,0.428529803805432,0.2217475747339866,0.5789806192848379,0.02149148489970721,0.08420843206427489,1,APP005677,0.01889181720207367
0.7128170914866491,0.2217475747339866,-0.05800312739151415,0.428529803805432,0.2217475747339866,0.5789806192848379,-0.022769130482054166,0.08420843206427489,0,APP008119,0.01889181720207367
0.7128170914866491,0.2217475747339866,0.8325034873269265,0.428529803805432,0.2217475747339866,0.5789806192848379,-0.022769130482054166,0.08420843206427489,0,APP005672,0.01889181720207367
-0.065651348229771,0.2217475747339866,-0.05800312739151415,-0.09811915647475396,0.2217475747339866,-0.08731751506028963,0.5904081593270396,0.08509771624915914,0,APP000831,0.03439129568892732
0.7128170914866491,0.2217475747339866,0.8325034873269265,0.428529803805432,0.2217475747339866,0.5789806192848379,0.5904081593270396,0.08420843206427489,1,APP002827,0.01889181720207367
-0.065651348229771,-0.8003405521422314,-0.05800312739151415,-0.8721886363285156,-1.197437410579879,-0.6827730105067226,0.5904081593270396,0.08509771624915914,1,APP005430,0.0744238418310849
0.7128170914866491,0.2217475747339866,-0.05800312739151415,0.5867174592629567,0.2217475747339866,0.5789806192848379,0.02149148489970721,0.08420843206427489,0,APP004781,0.0176683536199148
-0.35013955019267534,-0.5688287511575048,-0.05800312739151415,-0.09811915647475396,-0.9834263428289417,-0.08731751506028963,-0.8565108236092858,-0.09486472069567248,0,APP007354,0.06034826488812025
0.7128170914866491,0.2217475747339866,-0.05800312739151415,0.428529803805432,0.2217475747339866,0.5789806192848379,0.02149148489970721,0.08420843206427489,0,APP007219,0.01889181720207367
-0.35013955019267534,0.2217475747339866,-0.05800312739151415,-0.09811915647475396,0.2217475747339866,-0.08731751506028963,0.02149148489970721,0.08420843206427489,0,APP002037,0.03944247030090972
0.1980061451935998,0.2217475747339866,0.3825716911634094,-0.8721886363285156,0.2217475747339866,-0.6827730105067226,-0.022769130482054166,-1.527679097450456,0,APP002116,0.07927737017818365
0.7128170914866491,0.2217475747339866,-0.29843817581578497,0.428529803805432,0.2217475747339866,-0.08731751506028963,0.02149148489970721,0.08420843206427489,0,APP006393,0.01889181720207367
0.1980061451935998,0.2217475747339866,0.3825716911634094,-0.09811915647475396,0.2217475747339866,0.5789806192848379,0.02149148489970721,0.3774829969715081,0,APP008920,0.026861018938613507
-0.065651348229771,0.2217475747339866,-0.05800312739151415,0.5867174592629567,0.2217475747339866,0.5789806192848379,0.5904081593270396,0.08420843206427489,0,APP004049,0.025835365521542593
-0.065651348229771,0.2217475747339866,0.8325034873269265,-0.09811915647475396,0.2217475747339866,-0.08731751506028963,-0.022769130482054166,0.08420843206427489,0,APP008861,0.03440375934941001
-0.35013955019267534,-0.5688287511575048,-0.05800312739151415,-0.8721886363285156,-0.8725111649557269,-0.08731751506028963,0.02149148489970721,0.3774829969715081,0,APP001620,0.06843603476718518
0.1980061451935998,0.2217475747339866,-0.7645733282836001,-0.09811915647475396,0.2217475747339866,0.5789806192848379,-0.8565108236092858,0.08420843206427489,0,APP002854,0.030292382522712033
-0.065651348229771,0.2217475747339866,-0.05800312739151415,0.428529803805432,0.2217475747339866,-0.08731751506028963,0.02149148489970721,0.3774829969715081,0,APP002205,0.024473451480688066
-1.0113351309460183,0.2217475747339866,0.3825716911634094,0.428529803805432,0.2217475747339866,-0.08731751506028963,-0.022769130482054166,0.08420843206427489,0,APP002621,0.04352549403948881
-0.065651348229771,0.2217475747339866,-0.29843817581578497,0.5867174592629567,0.2217475747339866,-0.08731751506028963,0.02149148489970721,0.08420843206427489,0,APP002291,0.025835365521542593
0.1980061451935998,0.2217475747339866,0.3825716911634094,0.5867174592629567,0.2217475747339866,-0.08731751506028963,0.02149148489970721,0.08420843206427489,0,APP008575,0.02272384630511342
-0.065651348229771,0.2217475747339866,0.8325034873269265,-0.09811915647475396,0.2217475747339866,-0.08731751506028963,0.02149148489970721,0.3774829969715081,0,APP006874,0.03052133866757444
0.7128170914866491,0.2217475747339866,0.8325034873269265,0.5867174592629567,0.2217475747339866,-0.08731751506028963,-0.022769130482054166,0.08420843206427489,0,APP005312,0.0176683536199148
-0.35013955019267534,0.2217475747339866,0.8325034873269265,-0.8721886363285156,0.2217475747339866,-0.08731751506028963,0.02149148489970721,0.08509771624915914,0,APP001992,0.05420162084918719
0.7128170914866491,0.2217475747339866,0.8325034873269265,-0.09811915647475396,0.2217475747339866,-0.08731751506028963,0.02149148489970721,0.08509771624915914,0,APP003500,0.02358508613350342
-0.065651348229771,0.2217475747339866,-0.05800312739151415,-0.09811915647475396,0.2217475747339866,-0.08731751506028963,0.5904081593270396,0.08420843206427489,0,APP000719,0.03440375934941001
0.7128170914866491,0.2217475747339866,0.3825716911634094,0.5867174592629567,0.2217475747339866,-0.08731751506028963,0.5904081593270396,0.3774829969715081,0,APP002400,0.01564390502463836
0.7128170914866491,0.2217475747339866,0.3825716911634094,0.5867174592629567,0.2217475747339866,-0.08731751506028963,-0.022769130482054166,0.08420843206427489,0,APP002650,0.0176683536199148
-1.0113351309460183,-0.5688287511575048,-0.29843817581578497,-0.09811915647475396,-0.8725111649557269,-0.08731751506028963,-0.022769130482054166,0.08420843206427489,0,APP000070,0.07648299616356238
0.7128170914866491,0.2217475747339866,-0.05800312739151415,-0.09811915647475396,0.2217475747339866,0.5789806192848379,0.02149148489970721,0.08420843206427489,0,APP002367,0.02359372923339286
-0.065651348229771,0.2217475747339866,-0.29843817581578497,-0.09811915647475396,0.2217475747339866,-0.08731751506028963,-0.022769130482054166,0.08420843206427489,0,APP008663,0.03440375934941001
0.7128170914866491,0.2217475747339866,0.8325034873269265,0.428529803805432,0.2217475747339866,-0.08731751506028963,0.02149148489970721,0.3774829969715081,0,APP005296,0.01672957096901055
-0.065651348229771,0.2217475747339866,0.3825716911634094,-0.09811915647475396,0.2217475747339866,-0.08731751506028963,0.02149148489970721,0.08420843206427489,0,APP005133,0.03440375934941001
-0.065651348229771,0.2217475747339866,0.3825716911634094,0.5867174592629567,0.2217475747339866,-0.08731751506028963,0.5904081593270396,-0.09486472069567248,0,APP004008,0.02780682905467762
0.7128170914866491,0.2217475747339866,0.3825716911634094,-0.09811915647475396,0.2217475747339866,0.5789806192848379,0.02149148489970721,0.3774829969715081,0,APP004461,0.020904796424193146
-0.065651348229771,0.2217475747339866,-0.05800312739151415,-0.09811915647475396,0.2217475747339866,-0.08731751506028963,0.02149148489970721,0.08420843206427489,0,APP003918,0.03440375934941001
0.7128170914866491,0.2217475747339866,-0.05800312739151415,0.5867174592629567,0.2217475747339866,0.5789806192848379,0.02149148489970721,0.08420843206427489,0,APP005543,0.0176683536199148
-1.0113351309460183,0.2217475747339866,0.8325034873269265,-0.09811915647475396,0.2217475747339866,-0.08731751506028963,0.02149148489970721,0.08509771624915914,0,APP002566,0.05400163651359411
0.1980061451935998,0.2217475747339866,-0.05800312739151415,-0.09811915647475396,0.2217475747339866,-0.08731751506028963,0.02149148489970721,0.3774829969715081,0,APP004798,0.026861018938613507
-0.35013955019267534,-0.8003405521422314,0.3825716911634094,-0.09811915647475396,-0.513258900002694,-0.6827730105067226,0.02149148489970721,-0.09486472069567248,0,APP005353,0.0668247290536577
0.7128170914866491,0.2217475747339866,0.3825716911634094,0.5867174592629567,0.2217475747339866,0.5789806192848379,0.5904081593270396,0.08420843206427489,0,APP000608,0.0176683536199148
-0.065651348229771,0.2217475747339866,0.3825716911634094,-0.09811915647475396,0.2217475747339866,0.5789806192848379,0.02149148489970721,0.08420843206427489,0,APP003923,0.03440375934941001
-0.35013955019267534,0.2217475747339866,-0.05800312739151415,0.5867174592629567,0.2217475747339866,-0.08731751506028963,-0.8565108236092858,0.08420843206427489,0,APP003135,0.0296577092053339
-1.0113351309460183,-1.910002676996926,-0.7645733282836001,-0.8721886363285156,-0.9834263428289417,-0.6827730105067226,-0.8565108236092858,-1.527679097450456,1,APP007382,0.30014529727952793
-1.0113351309460183,0.2217475747339866,-0.05800312739151415,-0.09811915647475396,0.2217475747339866,-0.6827730105067226,0.02149148489970721,-0.09486472069567248,0,APP002703,0.05801498052620836
0.7128170914866491,0.2217475747339866,-0.29843817581578497,-0.09811915647475396,0.2217475747339866,-0.08731751506028963,0.02149148489970721,0.08420843206427489,0,APP003517,0.02359372923339286
0.7128170914866491,0.2217475747339866,-0.05800312739151415,0.5867174592629567,0.2217475747339866,0.5789806192848379,0.5904081593270396,0.08420843206427489,0,APP002784,0.0176683536199148
0.7128170914866491,0.2217475747339866,0.8325034873269265,0.428529803805432,0.2217475747339866,-0.08731751506028963,0.02149148489970721,0.08420843206427489,0,APP006594,0.01889181720207367
-0.065651348229771,0.2217475747339866,-0.05800312739151415,0.5867174592629567,0.2217475747339866,0.5789806192848379,0.02149148489970721,0.3774829969715081,0,APP004722,0.02289694860171144
-0.065651348229771,0.2217475747339866,0.3825716911634094,0.5867174592629567,0.2217475747339866,-0.08731751506028963,0.02149148489970721,0.3774829969715081,0,APP006587,0.02289694860171144
-0.35013955019267534,0.2217475747339866,-0.05800312739151415,0.5867174592629567,0.2217475747339866,-0.08731751506028963,0.02149148489970721,0.3774829969715081,0,APP004653,0.026296288551937438
0.7128170914866491,0.2217475747339866,0.3825716911634094,-0.09811915647475396,0.2217475747339866,0.5789806192848379,-0.022769130482054166,0.08420843206427489,0,APP003289,0.02359372923339286
0.7128170914866491,-0.5688287511575048,-0.05800312739151415,-0.09811915647475396,-0.9834263428289417,0.5789806192848379,-0.022769130482054166,0.08420843206427489,0,APP004480,0.033856959401558216
-0.065651348229771,0.2217475747339866,0.3825716911634094,0.5867174592629567,0.2217475747339866,-0.08731751506028963,0.02149148489970721,0.08420843206427489,0,APP003334,0.025835365521542593
0.7128170914866491,0.2217475747339866,-0.29843817581578497,-0.8721886363285156,0.2217475747339866,0.5789806192848379,0.02149148489970721,0.08420843206427489,0,APP000642,0.03263563498364616
-0.065651348229771,0.2217475747339866,0.3825716911634094,-0.09811915647475396,0.2217475747339866,-0.6827730105067226,0.02149148489970721,-0.09486472069567248,1,APP004895,0.037004229377386705
0.1980061451935998,0.2217475747339866,-0.05800312739151415,0.5867174592629567,0.2217475747339866,0.5789806192848379,0.02149148489970721,0.08420843206427489,0,APP003825,0.02272384630511342
0.7128170914866491,0.2217475747339866,-0.05800312739151415,0.428529803805432,0.2217475747339866,0.5789806192848379,0.02149148489970721,0.08420843206427489,0,APP001943,0.01889181720207367
-1.0113351309460183,-0.8003405521422314,-0.7645733282836001,-0.8721886363285156,-0.8725111649557269,-0.6827730105067226,0.02149148489970721,-1.527679097450456,0,APP002327,0.20288311899526615
0.7128170914866491,0.2217475747339866,0.8325034873269265,0.428529803805432,0.2217475747339866,0.5789806192848379,-0.022769130482054166,0.08420843206427489,0,APP002622,0.01889181720207367
-0.065651348229771,0.2217475747339866,-0.05800312739151415,0.5867174592629567,0.2217475747339866,-0.08731751506028963,0.5904081593270396,-0.09486472069567248,0,APP008048,0.02780682905467762
0.7128170914866491,0.2217475747339866,0.8325034873269265,0.428529803805432,0.2217475747339866,-0.08731751506028963,0.5904081593270396,0.08420843206427489,0,APP000072,0.01889181720207367
0.1980061451935998,0.2217475747339866,0.3825716911634094,-0.09811915647475396,0.2217475747339866,-0.08731751506028963,-0.022769130482054166,0.3774829969715081,0,APP006435,0.026861018938613507
-0.065651348229771,0.2217475747339866,0.8325034873269265,-0.09811915647475396,0.2217475747339866,0.5789806192848379,0.02149148489970721,0.08420843206427489,0,APP005142,0.03440375934941001
0.7128170914866491,0.2217475747339866,-0.7645733282836001,0.5867174592629567,0.2217475747339866,-0.08731751506028963,0.02149148489970721,0.08420843206427489,0,APP004556,0.0176683536199148
-0.065651348229771,0.2217475747339866,-0.05800312739151415,-0.09811915647475396,0.2217475747339866,0.5789806192848379,0.5904081593270396,0.08420843206427489,0,APP005081,0.03440375934941001
-1.0113351309460183,-0.8003405521422314,-0.7645733282836001,-0.8721886363285156,-0.513258900002694,0.5789806192848379,-0.022769130482054166,0.08420843206427489,0,APP004304,0.11420038121343451
-1.0113351309460183,0.2217475747339866,-0.05800312739151415,-0.09811915647475396,0.2217475747339866,-0.08731751506028963,-0.022769130482054166,0.08420843206427489,0,APP005963,0.05402080951084046
0.1980061451935998,0.2217475747339866,0.3825716911634094,0.428529803805432,0.2217475747339866,-0.6827730105067226,0.5904081593270396,-0.09486472069567248,0,APP002417,0.026145336091308227
-0.35013955019267534,-0.5688287511575048,-0.29843817581578497,-0.09811915647475396,-0.8725111649557269,-0.08731751506028963,-0.8565108236092858,-0.09486472069567248,0,APP004784,0.06034826488812025
0.7128170914866491,0.2217475747339866,-0.29843817581578497,-0.8721886363285156,0.2217475747339866,-0.08731751506028963,0.02149148489970721,0.08420843206427489,0,APP000843,0.03263563498364616
0.7128170914866491,0.2217475747339866,0.3825716911634094,0.5867174592629567,0.2217475747339866,0.5789806192848379,0.02149148489970721,0.08420843206427489,0,APP001328,0.0176683536199148
0.7128170914866491,0.2217475747339866,0.3825716911634094,0.5867174592629567,0.2217475747339866,-0.08731751506028963,0.5904081593270396,0.08420843206427489,0,APP003660,0.0176683536199148
-0.065651348229771,0.2217475747339866,0.3825716911634094,-0.8721886363285156,0.2217475747339866,0.5789806192848379,0.5904081593270396,0.3774829969715081,0,APP002194,0.042103654249744674
-0.065651348229771,0.2217475747339866,-0.05800312739151415,0.5867174592629567,0.2217475747339866,-0.08731751506028963,0.02149148489970721,0.08420843206427489,0,APP002958,0.025835365521542593
-0.065651348229771,0.2217475747339866,-0.29843817581578497,0.5867174592629567,0.2217475747339866,-0.08731751506028963,0.02149148489970721,0.3774829969715081,0,APP006039,0.02289694860171144
0.1980061451935998,0.2217475747339866,0.8325034873269265,0.428529803805432,0.2217475747339866,-0.08731751506028963,0.5904081593270396,0.08420843206427489,0,APP002813,0.02428872699607574
0.1980061451935998,0.2217475747339866,-0.05800312739151415,0.428529803805432,0.2217475747339866,-0.08731751506028963,0.02149148489970721,0.3774829969715081,0,APP008668,0.021522332527870086
0.7128170914866491,0.2217475747339866,0.3825716911634094,0.5867174592629567,0.2217475747339866,0.5789806192848379,0.02149148489970721,0.08420843206427489,0,APP004871,0.0176683536199148
0.7128170914866491,0.2217475747339866,-0.29843817581578497,0.428529803805432,0.2217475747339866,0.5789806192848379,0.02149148489970721,0.08420843206427489,0,APP000197,0.01889181720207367
-0.065651348229771,0.2217475747339866,0.8325034873269265,0.428529803805432,0.2217475747339866,0.5789806192848379,0.02149148489970721,0.08420843206427489,0,APP004258,0.027608468030901005
-1.0113351309460183,0.2217475747339866,0.3825716911634094,-0.8721886363285156,0.2217475747339866,-0.6827730105067226,-0.022769130482054166,-0.09486472069567248,0,APP004585,0.07917854807375183
-0.35013955019267534,0.2217475747339866,-0.05800312739151415,-0.09811915647475396,0.2217475747339866,-0.08731751506028963,-0.022769130482054166,0.08420843206427489,0,APP003297,0.03944247030090972
-0.065651348229771,0.2217475747339866,-0.7645733282836001,0.428529803805432,0.2217475747339866,-0.08731751506028963,0.5904081593270396,0.08420843206427489,0,APP008147,0.027608468030901005
-1.0113351309460183,0.2217475747339866,-0.7645733282836001,-0.8721886363285156,0.2217475747339866,-0.08731751506028963,-0.8565108236092858,0.3774829969715081,0,APP003292,0.06581194895872637
0.7128170914866491,0.2217475747339866,0.8325034873269265,-0.09811915647475396,0.2217475747339866,0.5789806192848379,0.02149148489970721,0.08420843206427489,0,APP004730,0.02359372923339286
0.7128170914866491,0.2217475747339866,0.3825716911634094,0.5867174592629567,0.2217475747339866,0.5789806192848379,0.02149148489970721,0.08420843206427489,0,APP007479,0.0176683536199148
0.7128170914866491,0.2217475747339866,0.8325034873269265,0.428529803805432,0.2217475747339866,-0.08731751506028963,0.02149148489970721,0.3774829969715081,0,APP004371,0.01672957096901055
-0.35013955019267534,0.2217475747339866,-0.29843817581578497,0.5867174592629567,0.2217475747339866,-0.08731751506028963,0.5904081593270396,-0.09486472069567248,0,APP002554,0.03191129619574281
-0.065651348229771,0.2217475747339866,-0.05800312739151415,-0.09811915647475396,0.2217475747339866,0.5789806192848379,0.5904081593270396,0.08420843206427489,0,APP001044,0.03440375934941001
0.7128170914866491,0.2217475747339866,-0.05800312739151415,0.5867174592629567,0.2217475747339866,-0.08731751506028963,0.02149148489970721,0.3774829969715081,0,APP007465,0.01564390502463836
-0.065651348229771,0.2217475747339866,-0.29843817581578497,0.428529803805432,0.2217475747339866,-0.08731751506028963,0.02149148489970721,0.08420843206427489,0,APP008601,0.027608468030901005
0.7128170914866491,0.2217475747339866,0.8325034873269265,0.5867174592629567,0.2217475747339866,0.5789806192848379,0.5904081593270396,0.08420843206427489,0,APP000920,0.0176683536199148
-0.065651348229771,0.2217475747339866,-0.29843817581578497,-0.09811915647475396,0.2217475747339866,-0.08731751506028963,-0.022769130482054166,-0.09486472069567248,0,APP003233,0.037004229377386705
-0.065651348229771,0.2217475747339866,-0.05800312739151415,-0.09811915647475396,0.2217475747339866,0.5789806192848379,-0.022769130482054166,0.3774829969715081,0,APP000268,0.03052133866757444
0.1980061451935998,0.2217475747339866,0.3825716911634094,0.5867174592629567,0.2217475747339866,0.5789806192848379,-0.022769130482054166,0.08420843206427489,0,APP001171,0.02272384630511342
-0.065651348229771,0.2217475747339866,0.8325034873269265,-0.09811915647475396,0.2217475747339866,-0.08731751506028963,0.5904081593270396,0.08420843206427489,0,APP000974,0.03440375934941001
0.7128170914866491,0.2217475747339866,-0.05800312739151415,-0.09811915647475396,0.2217475747339866,-0.6827730105067226,0.5904081593270396,0.08509771624915914,0,APP001550,0.02358508613350342
0.7128170914866491,0.2217475747339866,0.3825716911634094,0.428529803805432,0.2217475747339866,-0.08731751506028963,0.02149148489970721,0.3774829969715081,0,APP002860,0.01672957096901055
0.7128170914866491,0.2217475747339866,-0.05800312739151415,0.5867174592629567,0.2217475747339866,-0.08731751506028963,0.02149148489970721,0.08420843206427489,0,APP008025,0.0176683536199148
-0.35013955019267534,0.2217475747339866,-0.7645733282836001,-0.8721886363285156,0.2217475747339866,-0.08731751506028963,0.02149148489970721,-0.09486472069567248,0,APP008366,0.058228912647221596
0.7128170914866491,0.2217475747339866,0.3825716911634094,0.428529803805432,0.2217475747339866,0.5789806192848379,0.5904081593270396,0.08420843206427489,0,APP001515,0.01889181720207367
-0.35013955019267534,0.2217475747339866,-0.05800312739151415,-0.8721886363285156,0.2217475747339866,0.5789806192848379,-0.022769130482054166,0.08420843206427489,0,APP000520,0.05422086078018935
0.1980061451935998,0.2217475747339866,0.3825716911634094,0.5867174592629567,0.2217475747339866,0.5789806192848379,0.02149148489970721,0.08420843206427489,0,APP000131,0.02272384630511342
0.7128170914866491,0.2217475747339866,-0.05800312739151415,-0.09811915647475396,0.2217475747339866,0.5789806192848379,0.02149148489970721,0.08420843206427489,0,APP008719,0.02359372923339286
0.7128170914866491,0.2217475747339866,-0.05800312739151415,0.5867174592629567,0.2217475747339866,-0.08731751506028963,0.02149148489970721,-0.09486472069567248,0,APP008967,0.019028776483465123
0.1980061451935998,0.2217475747339866,-0.29843817581578497,-0.09811915647475396,0.2217475747339866,-0.08731751506028963,-0.022769130482054166,0.08509771624915914,0,APP006142,0.03028136160620495
-0.35013955019267534,0.2217475747339866,-0.29843817581578497,0.5867174592629567,0.2217475747339866,-0.08731751506028963,-0.022769130482054166,0.08420843206427489,1,APP005842,0.0296577092053339
0.7128170914866491,0.2217475747339866,0.3825716911634094,-0.09811915647475396,0.2217475747339866,0.5789806192848379,-0.8565108236092858,0.08420843206427489,0,APP002916,0.02359372923339286
-0.065651348229771,0.2217475747339866,0.8325034873269265,-0.09811915647475396,0.2217475747339866,0.5789806192848379,0.02149148489970721,0.3774829969715081,0,APP003125,0.03052133866757444
0.7128170914866491,0.2217475747339866,0.3825716911634094,-0.09811915647475396,0.2217475747339866,-0.08731751506028963,0.02149148489970721,0.08420843206427489,0,APP005552,0.02359372923339286
0.7128170914866491,0.2217475747339866,0.3825716911634094,0.428529803805432,0.2217475747339866,-0.08731751506028963,0.02149148489970721,0.08420843206427489,0,APP008088,0.01889181720207367
0.7128170914866491,0.2217475747339866,0.3825716911634094,-0.09811915647475396,0.2217475747339866,0.5789806192848379,0.02149148489970721,0.08420843206427489,0,APP001594,0.02359372923339286
0.7128170914866491,0.2217475747339866,0.8325034873269265,0.428529803805432,0.2217475747339866,-0.08731751506028963,0.02149148489970721,0.08420843206427489,0,APP002734,0.01889181720207367
-0.065651348229771,0.2217475747339866,0.3825716911634094,-0.09811915647475396,0.2217475747339866,-0.08731751506028963,0.02149148489970721,0.08420843206427489,1,APP003184,0.03440375934941001
-1.0113351309460183,0.2217475747339866,-0.29843817581578497,-0.09811915647475396,0.2217475747339866,-0.6827730105067226,-0.8565108236092858,-1.527679097450456,0,APP008063,0.10131606728868468
0.1980061451935998,0.2217475747339866,0.3825716911634094,0.5867174592629567,0.2217475747339866,-0.08731751506028963,0.02149148489970721,0.08420843206427489,0,APP001279,0.02272384630511342
0.7128170914866491,0.2217475747339866,0.3825716911634094,0.428529803805432,0.2217475747339866,-0.08731751506028963,0.02149148489970721,-0.09486472069567248,0,APP008351,0.02034449296474017
-0.35013955019267534,0.2217475747339866,-0.05800312739151415,-0.09811915647475396,0.2217475747339866,0.5789806192848379,0.02149148489970721,0.08420843206427489,0,APP005108,0.03944247030090972
0.7128170914866491,0.2217475747339866,0.3825716911634094,-0.09811915647475396,0.2217475747339866,-0.08731751506028963,0.02149148489970721,-0.09486472069567248,0,APP004502,0.0253985961957803
-0.065651348229771,0.2217475747339866,-0.29843817581578497,0.5867174592629567,0.2217475747339866,-0.08731751506028963,0.5904081593270396,0.08420843206427489,0,APP007872,0.025835365521542593
-0.065651348229771,0.2217475747339866,-0.05800312739151415,-0.09811915647475396,0.2217475747339866,-0.08731751506028963,0.02149148489970721,0.08420843206427489,0,APP002872,0.03440375934941001
0.1980061451935998,0.2217475747339866,-0.7645733282836001,-0.09811915647475396,0.2217475747339866,-0.08731751506028963,0.02149148489970721,0.08509771624915914,0,APP007790,0.03028136160620495
0.7128170914866491,0.2217475747339866,0.8325034873269265,0.428529803805432,0.2217475747339866,-0.08731751506028963,0.5904081593270396,-0.09486472069567248,0,APP001345,0.02034449296474017
0.7128170914866491,0.2217475747339866,0.3825716911634094,0.428529803805432,0.2217475747339866,-0.08731751506028963,0.5904081593270396,0.08420843206427489,0,APP004868,0.01889181720207367
-1.0113351309460183,-0.5688287511575048,-0.29843817581578497,-0.09811915647475396,-0.8725111649557269,-0.08731751506028963,0.02149148489970721,-0.09486472069567248,0,APP000129,0.08199401603011996
-1.0113351309460183,-1.910002676996926,-0.7645733282836001,-0.09811915647475396,-0.8725111649557269,-0.08731751506028963,-0.022769130482054166,-0.09486472069567248,0,APP004063,0.14369481252828722
-0.35013955019267534,0.2217475747339866,-0.29843817581578497,-0.09811915647475396,0.2217475747339866,-0.6827730105067226,-0.8565108236092858,0.08509771624915914,0,APP004694,0.0394282557726393
0.7128170914866491,0.2217475747339866,0.3825716911634094,0.428529803805432,0.2217475747339866,0.5789806192848379,-0.022769130482054166,0.08420843206427489,0,APP006834,0.01889181720207367
-0.065651348229771,0.2217475747339866,0.3825716911634094,0.5867174592629567,0.2217475747339866,-0.08731751506028963,-0.8565108236092858,-0.09486472069567248,0,APP008010,0.02780682905467762
0.7128170914866491,0.2217475747339866,0.3825716911634094,-0.09811915647475396,0.2217475747339866,-0.6827730105067226,-0.8565108236092858,0.08509771624915914,0,APP001922,0.02358508613350342
0.7128170914866491,0.2217475747339866,0.3825716911634094,-0.09811915647475396,0.2217475747339866,-0.08731751506028963,0.02149148489970721,0.08509771624915914,0,APP006833,0.02358508613350342
0.7128170914866491,0.2217475747339866,0.3825716911634094,-0.09811915647475396,0.2217475747339866,-0.08731751506028963,0.5904081593270396,0.08420843206427489,0,APP008213,0.02359372923339286
0.7128170914866491,0.2217475747339866,-0.29843817581578497,0.5867174592629567,0.2217475747339866,-0.08731751506028963,0.02149148489970721,-0.09486472069567248,0,APP008268,0.019028776483465123
0.7128170914866491,0.2217475747339866,0.8325034873269265,0.5867174592629567,0.2217475747339866,0.5789806192848379,0.5904081593270396,0.08420843206427489,0,APP005298,0.0176683536199148
-0.065651348229771,0.2217475747339866,-0.7645733282836001,-0.09811915647475396,0.2217475747339866,-0.08731751506028963,0.02149148489970721,0.3774829969715081,0,APP002479,0.03052133866757444
0.7128170914866491,0.2217475747339866,-0.05800312739151415,-0.09811915647475396,0.2217475747339866,-0.08731751506028963,0.5904081593270396,-0.09486472069567248,0,APP001761,0.0253985961957803
-0.065651348229771,0.2217475747339866,-0.05800312739151415,-0.09811915647475396,0.2217475747339866,-0.08731751506028963,0.02149148489970721,-0.09486472069567248,0,APP000542,0.037004229377386705
-0.065651348229771,0.2217475747339866,-0.29843817581578497,0.5867174592629567,0.2217475747339866,-0.08731751506028963,0.02149148489970721,0.3774829969715081,0,APP005385,0.02289694860171144
-0.35013955019267534,0.2217475747339866,-0.05800312739151415,0.5867174592629567,0.2217475747339866,-0.08731751506028963,-0.8565108236092858,0.08420843206427489,0,APP008029,0.0296577092053339
0.7128170914866491,0.2217475747339866,-0.05800312739151415,-0.09811915647475396,0.2217475747339866,-0.08731751506028963,0.02149148489970721,-0.09486472069567248,0,APP004404,0.0253985961957803
0.1980061451935998,0.2217475747339866,-0.05800312739151415,0.5867174592629567,0.2217475747339866,-0.08731751506028963,0.5904081593270396,0.08509771624915914,0,APP008914,0.02271551445622887
0.1980061451935998,0.2217475747339866,-0.05800312739151415,-0.09811915647475396,0.2217475747339866,0.5789806192848379,0.02149148489970721,0.08420843206427489,0,APP005256,0.030292382522712033
-0.065651348229771,0.2217475747339866,-0.05800312739151415,-0.8721886363285156,0.2217475747339866,-0.6827730105067226,-0.022769130482054166,-0.09486472069567248,0,APP004232,0.05091748095967704
0.7128170914866491,-0.5688287511575048,-0.29843817581578497,0.5867174592629567,-0.9834263428289417,-0.08731751506028963,0.02149148489970721,0.3774829969715081,0,APP006231,0.02252876645303827
0.7128170914866491,0.2217475747339866,0.8325034873269265,-0.09811915647475396,0.2217475747339866,0.5789806192848379,0.02149148489970721,0.3774829969715081,0,APP006714,0.020904796424193146
-0.065651348229771,0.2217475747339866,0.3825716911634094,0.5867174592629567,0.2217475747339866,-0.08731751506028963,0.5904081593270396,0.08420843206427489,0,APP005495,0.025835365521542593
-0.065651348229771,0.2217475747339866,0.3825716911634094,-0.8721886363285156,0.2217475747339866,-0.6827730105067226,0.02149148489970721,0.08509771624915914,0,APP002375,0.047370434986555306
-1.0113351309460183,0.2217475747339866,0.3825716911634094,0.5867174592629567,0.2217475747339866,-0.08731751506028963,-0.8565108236092858,-0.09486472069567248,0,APP000055,0.04383306044636257
0.1980061451935998,0.2217475747339866,-0.29843817581578497,-0.09811915647475396,0.2217475747339866,0.5789806192848379,0.02149148489970721,0.08420843206427489,0,APP003155,0.030292382522712033
0.7128170914866491,0.2217475747339866,-0.05800312739151415,0.5867174592629567,0.2217475747339866,0.5789806192848379,-0.022769130482054166,0.08420843206427489,0,APP001046,0.0176683536199148
0.1980061451935998,0.2217475747339866,-0.05800312739151415,-0.8721886363285156,0.2217475747339866,-0.08731751506028963,0.02149148489970721,-0.09486472069567248,0,APP003760,0.04492446817750301
0.1980061451935998,0.2217475747339866,-0.05800312739151415,-0.09811915647475396,0.2217475747339866,0.5789806192848379,-0.022769130482054166,0.08420843206427489,0,APP006689,0.030292382522712033
0.7128170914866491,0.2217475747339866,0.8325034873269265,0.428529803805432,0.2217475747339866,-0.08731751506028963,0.5904081593270396,0.08420843206427489,0,APP001333,0.01889181720207367
0.7128170914866491,0.2217475747339866,0.8325034873269265,-0.09811915647475396,0.2217475747339866,-0.08731751506028963,-0.022769130482054166,0.3774829969715081,0,APP004717,0.020904796424193146
-0.065651348229771,0.2217475747339866,0.3825716911634094,0.5867174592629567,0.2217475747339866,-0.08731751506028963,0.02149148489970721,0.3774829969715081,0,APP001715,0.02289694860171144
-0.35013955019267534,-0.5688287511575048,-0.7645733282836001,-0.8721886363285156,-0.9834263428289417,-0.08731751506028963,-0.8565108236092858,0.08420843206427489,0,APP000695,0.07675948031534482
-0.065651348229771,0.2217475747339866,-0.29843817581578497,-0.8721886363285156,0.2217475747339866,0.5789806192848379,0.5904081593270396,0.08420843206427489,0,APP006776,0.04738737154686286
0.1980061451935998,0.2217475747339866,-0.7645733282836001,-0.09811915647475396,0.2217475747339866,-0.6827730105067226,0.02149148489970721,0.3774829969715081,0,APP003453,0.026861018938613507
0.7128170914866491,0.2217475747339866,0.3825716911634094,0.5867174592629567,0.2217475747339866,-0.08731751506028963,0.5904081593270396,0.08420843206427489,0,APP002176,0.0176683536199148
0.1980061451935998,0.2217475747339866,-0.05800312739151415,0.5867174592629567,0.2217475747339866,-0.08731751506028963,0.5904081593270396,0.08420843206427489,0,APP007692,0.02272384630511342
0.7128170914866491,0.2217475747339866,0.3825716911634094,0.428529803805432,0.2217475747339866,-0.08731751506028963,0.5904081593270396,0.08420843206427489,0,APP001477,0.01889181720207367
0.7128170914866491,0.2217475747339866,0.8325034873269265,0.428529803805432,0.2217475747339866,0.5789806192848379,0.02149148489970721,0.08420843206427489,0,APP008244,0.01889181720207367
0.1980061451935998,0.2217475747339866,0.8325034873269265,-0.09811915647475396,0.2217475747339866,0.5789806192848379,0.02149148489970721,0.08420843206427489,0,APP004875,0.030292382522712033
-0.35013955019267534,0.2217475747339866,-0.29843817581578497,-0.8721886363285156,0.2217475747339866,-0.6827730105067226,-0.022769130482054166,-1.527679097450456,0,APP006869,0.10167243926100993
-0.35013955019267534,-0.8003405521422314,-0.05800312739151415,-0.09811915647475396,-0.8725111649557269,0.5789806192848379,-0.8565108236092858,0.08420843206427489,0,APP003980,0.06226412193146435
0.7128170914866491,0.2217475747339866,0.3825716911634094,0.428529803805432,0.2217475747339866,0.5789806192848379,0.02149148489970721,0.08420843206427489,0,APP003935,0.01889181720207367
0.1980061451935998,0.2217475747339866,-0.7645733282836001,0.5867174592629567,0.2217475747339866,0.5789806192848379,0.02149148489970721,0.3774829969715081,0,APP008013,0.020132008318873924
-1.0113351309460183,-0.5688287511575048,-0.7645733282836001,-0.09811915647475396,-0.8725111649557269,-0.6827730105067226,-0.8565108236092858,-0.09486472069567248,0,APP000408,0.08199401603011996
-0.35013955019267534,0.2217475747339866,-0.29843817581578497,-0.8721886363285156,0.2217475747339866,-0.08731751506028963,0.02149148489970721,0.08509771624915914,0,APP007312,0.05420162084918719
0.7128170914866491,0.2217475747339866,0.3825716911634094,0.428529803805432,0.2217475747339866,-0.08731751506028963,0.5904081593270396,0.08420843206427489,0,APP001484,0.01889181720207367
0.7128170914866491,0.2217475747339866,0.3825716911634094,-0.09811915647475396,0.2217475747339866,-0.08731751506028963,0.02149148489970721,0.3774829969715081,0,APP002402,0.020904796424193146
-0.065651348229771,0.2217475747339866,0.3825716911634094,0.5867174592629567,0.2217475747339866,-0.08731751506028963,0.02149148489970721,-0.09486472069567248,0,APP006806,0.02780682905467762
0.1980061451935998,0.2217475747339866,-0.05800312739151415,0.5867174592629567,0.2217475747339866,-0.08731751506028963,-0.022769130482054166,0.08509771624915914,0,APP004978,0.02271551445622887
-1.0113351309460183,0.2217475747339866,-0.05800312739151415,-0.8721886363285156,0.2217475747339866,0.5789806192848379,-0.022769130482054166,0.08420843206427489,0,APP002702,0.07384154130962636
-0.35013955019267534,-0.8003405521422314,-0.7645733282836001,-0.09811915647475396,-0.8725111649557269,-0.08731751506028963,-0.022769130482054166,-0.09486472069567248,0,APP004627,0.0668247290536577
0.7128170914866491,0.2217475747339866,-0.05800312739151415,0.428529803805432,0.2217475747339866,0.5789806192848379,0.02149148489970721,0.08420843206427489,0,APP005881,0.01889181720207367
-0.35013955019267534,0.2217475747339866,-0.7645733282836001,-0.09811915647475396,0.2217475747339866,-0.08731751506028963,0.02149148489970721,0.3774829969715081,0,APP004863,0.035012055071022154
0.7128170914866491,0.2217475747339866,0.8325034873269265,0.428529803805432,0.2217475747339866,-0.08731751506028963,-0.022769130482054166,0.08420843206427489,0,APP002504,0.01889181720207367
0.7128170914866491,0.2217475747339866,-0.29843817581578497,0.428529803805432,0.2217475747339866,0.5789806192848379,0.02149148489970721,0.08420843206427489,0,APP005424,0.01889181720207367
-0.065651348229771,0.2217475747339866,-0.05800312739151415,-0.8721886363285156,0.2217475747339866,-0.6827730105067226,0.02149148489970721,-0.09486472069567248,0,APP006679,0.05091748095967704
0.7128170914866491,0.2217475747339866,0.8325034873269265,0.428529803805432,0.2217475747339866,-0.08731751506028963,-0.022769130482054166,0.08420843206427489,0,APP006259,0.01889181720207367
-0.35013955019267534,-0.5688287511575048,-0.05800312739151415,0.5867174592629567,-0.9834263428289417,-0.08731751506028963,0.02149148489970721,0.08509771624915914,0,APP001949,0.042428846079659834
-0.065651348229771,0.2217475747339866,0.3825716911634094,0.5867174592629567,0.2217475747339866,0.5789806192848379,0.02149148489970721,0.08420843206427489,0,APP001183,0.025835365521542593
0.7128170914866491,0.2217475747339866,-0.29843817581578497,0.428529803805432,0.2217475747339866,0.5789806192848379,0.5904081593270396,0.3774829969715081,0,APP002181,0.01672957096901055
0.7128170914866491,0.2217475747339866,0.8325034873269265,0.428529803805432,0.2217475747339866,-0.08731751506028963,0.02149148489970721,0.08420843206427489,0,APP005043,0.01889181720207367
0.7128170914866491,0.2217475747339866,0.3825716911634094,0.428529803805432,0.2217475747339866,0.5789806192848379,0.5904081593270396,0.08420843206427489,0,APP000737,0.01889181720207367
-0.065651348229771,0.2217475747339866,-0.05800312739151415,-0.8721886363285156,0.2217475747339866,-0.6827730105067226,0.02149148489970721,0.08420843206427489,0,APP001746,0.04738737154686286
-0.35013955019267534,0.2217475747339866,-0.05800312739151415,-0.09811915647475396,0.2217475747339866,-0.08731751506028963,0.02149148489970721,0.08420843206427489,0,APP008348,0.03944247030090972
-0.065651348229771,0.2217475747339866,0.3825716911634094,-0.09811915647475396,0.2217475747339866,0.5789806192848379,0.5904081593270396,0.08420843206427489,0,APP007537,0.03440375934941001
0.7128170914866491,0.2217475747339866,-0.05800312739151415,0.5867174592629567,0.2217475747339866,0.5789806192848379,0.02149148489970721,0.08420843206427489,0,APP003384,0.0176683536199148
0.7128170914866491,0.2217475747339866,0.8325034873269265,0.428529803805432,0.2217475747339866,-0.08731751506028963,0.02149148489970721,0.3774829969715081,0,APP001538,0.01672957096901055
-0.065651348229771,0.2217475747339866,-0.05800312739151415,-0.09811915647475396,0.2217475747339866,0.5789806192848379,0.02149148489970721,0.08420843206427489,0,APP000896,0.03440375934941001
0.7128170914866491,0.2217475747339866,-0.29843817581578497,0.5867174592629567,0.2217475747339866,-0.08731751506028963,0.02149148489970721,0.3774829969715081,0,APP005433,0.01564390502463836
-0.065651348229771,0.2217475747339866,0.3825716911634094,-0.09811915647475396,0.2217475747339866,-0.08731751506028963,0.02149148489970721,0.08420843206427489,0,APP006175,0.03440375934941001
-1.0113351309460183,0.2217475747339866,-0.29843817581578497,-0.8721886363285156,0.2217475747339866,-0.08731751506028963,0.02149148489970721,0.08420843206427489,0,APP002662,0.07384154130962636
0.1980061451935998,0.2217475747339866,-0.7645733282836001,-0.09811915647475396,0.2217475747339866,0.5789806192848379,0.02149148489970721,0.08420843206427489,0,APP008670,0.030292382522712033
0.7128170914866491,0.2217475747339866,-0.05800312739151415,0.5867174592629567,0.2217475747339866,0.5789806192848379,0.02149148489970721,0.08420843206427489,0,APP000099,0.0176683536199148
0.7128170914866491,0.2217475747339866,0.8325034873269265,0.5867174592629567,0.2217475747339866,0.5789806192848379,0.02149148489970721,0.08420843206427489,0,APP001994,0.0176683536199148
0.7128170914866491,0.2217475747339866,0.3825716911634094,-0.09811915647475396,0.2217475747339866,-0.08731751506028963,-0.022769130482054166,0.3774829969715081,0,APP002356,0.020904796424193146
0.1980061451935998,0.2217475747339866,0.3825716911634094,0.428529803805432,0.2217475747339866,-0.08731751506028963,-0.022769130482054166,0.08420843206427489,0,APP006897,0.02428872699607574
0.7128170914866491,0.2217475747339866,0.3825716911634094,0.5867174592629567,0.2217475747339866,-0.08731751506028963,0.5904081593270396,0.08420843206427489,0,APP007165,0.0176683536199148
-0.065651348229771,0.2217475747339866,-0.05800312739151415,0.428529803805432,0.2217475747339866,0.5789806192848379,-0.022769130482054166,0.08420843206427489,0,APP001313,0.027608468030901005
0.7128170914866491,0.2217475747339866,0.8325034873269265,0.428529803805432,0.2217475747339866,0.5789806192848379,-0.022769130482054166,0.08420843206427489,0,APP000228,0.01889181720207367
-1.0113351309460183,0.2217475747339866,-0.7645733282836001,-0.09811915647475396,0.2217475747339866,-0.08731751506028963,0.5904081593270396,0.3774829969715081,1,APP004525,0.04803475569565855
-1.0113351309460183,-1.910002676996926,-0.29843817581578497,-0.8721886363285156,-1.197437410579879,-0.08731751506028963,0.02149148489970721,0.08420843206427489,0,APP007640,0.1784666307242043
0.7128170914866491,0.2217475747339866,-0.05800312739151415,0.5867174592629567,0.2217475747339866,0.5789806192848379,0.02149148489970721,0.08420843206427489,0,APP003656,0.0176683536199148
0.1980061451935998,0.2217475747339866,-0.7645733282836001,-0.09811915647475396,0.2217475747339866,-0.08731751506028963,0.02149148489970721,0.3774829969715081,0,APP008282,0.026861018938613507
0.1980061451935998,0.2217475747339866,-0.05800312739151415,-0.8721886363285156,0.2217475747339866,0.5789806192848379,0.5904081593270396,0.08420843206427489,0,APP001817,0.041791558609494746
0.7128170914866491,0.2217475747339866,0.8325034873269265,0.428529803805432,0.2217475747339866,-0.08731751506028963,0.02149148489970721,0.08420843206427489,0,APP008343,0.01889181720207367
-0.065651348229771,0.2217475747339866,-0.29843817581578497,-0.09811915647475396,0.2217475747339866,-0.08731751506028963,0.02149148489970721,0.08509771624915914,0,APP002276,0.03439129568892732
0.7128170914866491,0.2217475747339866,-0.05800312739151415,0.5867174592629567,0.2217475747339866,-0.08731751506028963,0.02149148489970721,0.08420843206427489,0,APP005890,0.0176683536199148
-0.065651348229771,0.2217475747339866,0.8325034873269265,-0.09811915647475396,0.2217475747339866,-0.08731751506028963,0.02149148489970721,0.08420843206427489,0,APP005951,0.03440375934941001
0.7128170914866491,0.2217475747339866,0.8325034873269265,0.428529803805432,0.2217475747339866,-0.08731751506028963,0.02149148489970721,0.08420843206427489,0,APP005086,0.01889181720207367
-0.065651348229771,0.2217475747339866,-0.29843817581578497,0.5867174592629567,0.2217475747339866,0.5789806192848379,0.02149148489970721,0.08420843206427489,0,APP000793,0.025835365521542593
-1.0113351309460183,-0.5688287511575048,0.3825716911634094,-0.09811915647475396,-1.197437410579879,-0.08731751506028963,-0.8565108236092858,0.08420843206427489,0,APP000171,0.07648299616356238
0.7128170914866491,0.2217475747339866,0.3825716911634094,0.428529803805432,0.2217475747339866,0.5789806192848379,0.5904081593270396,0.3774829969715081,0,APP000437,0.01672957096901055
0.7128170914866491,-0.5688287511575048,-0.29843817581578497,-0.09811915647475396,-0.513258900002694,-0.08731751506028963,0.5904081593270396,0.08420843206427489,0,APP007774,0.033856959401558216
-0.35013955019267534,0.2217475747339866,-0.05800312739151415,-0.8721886363285156,0.2217475747339866,0.5789806192848379,0.02149148489970721,0.08420843206427489,0,APP002140,0.05422086078018935
-0.065651348229771,0.2217475747339866,0.3825716911634094,-0.09811915647475396,0.2217475747339866,0.5789806192848379,0.02149148489970721,0.08420843206427489,0,APP005396,0.03440375934941001
-0.065651348229771,0.2217475747339866,-0.05800312739151415,-0.09811915647475396,0.2217475747339866,-0.08731751506028963,0.02149148489970721,0.08420843206427489,0,APP006884,0.03440375934941001
-0.065651348229771,0.2217475747339866,-0.05800312739151415,-0.8721886363285156,0.2217475747339866,-0.08731751506028963,-0.8565108236092858,0.08420843206427489,0,APP004762,0.04738737154686286
-1.0113351309460183,0.2217475747339866,-0.7645733282836001,0.5867174592629567,0.2217475747339866,-0.08731751506028963,-0.022769130482054166,0.08420843206427489,0,APP003887,0.04077301338994351
-0.065651348229771,0.2217475747339866,0.3825716911634094,0.5867174592629567,0.2217475747339866,0.5789806192848379,0.02149148489970721,0.08420843206427489,0,APP005432,0.025835365521542593
-0.065651348229771,0.2217475747339866,0.3825716911634094,0.428529803805432,0.2217475747339866,0.5789806192848379,0.02149148489970721,0.08420843206427489,0,APP008564,0.027608468030901005
-0.35013955019267534,0.2217475747339866,-0.05800312739151415,-0.09811915647475396,0.2217475747339866,-0.08731751506028963,0.02149148489970721,0.08420843206427489,0,APP000589,0.03944247030090972
-1.0113351309460183,-0.5688287511575048,-0.29843817581578497,-0.09811915647475396,-0.8725111649557269,0.5789806192848379,0.02149148489970721,0.08420843206427489,0,APP001814,0.07648299616356238
-0.35013955019267534,0.2217475747339866,-0.29843817581578497,-0.09811915647475396,0.2217475747339866,-0.6827730105067226,-0.022769130482054166,-0.09486472069567248,0,APP006029,0.042407073740724076
0.7128170914866491,0.2217475747339866,-0.05800312739151415,0.428529803805432,0.2217475747339866,0.5789806192848379,0.5904081593270396,0.08420843206427489,0,APP007112,0.01889181720207367
0.1980061451935998,0.2217475747339866,-0.29843817581578497,-0.09811915647475396,0.2217475747339866,-0.08731751506028963,0.02149148489970721,0.3774829969715081,0,APP001518,0.026861018938613507
0.7128170914866491,0.2217475747339866,-0.05800312739151415,0.428529803805432,0.2217475747339866,-0.08731751506028963,0.02149148489970721,0.08420843206427489,0,APP004675,0.01889181720207367
0.7128170914866491,0.2217475747339866,-0.05800312739151415,-0.09811915647475396,0.2217475747339866,-0.08731751506028963,0.02149148489970721,0.3774829969715081,0,APP001837,0.020904796424193146
-0.065651348229771,0.2217475747339866,0.3825716911634094,-0.09811915647475396,0.2217475747339866,0.5789806192848379,-0.022769130482054166,0.08420843206427489,0,APP003861,0.03440375934941001
0.1980061451935998,0.2217475747339866,-0.29843817581578497,-0.09811915647475396,0.2217475747339866,-0.08731751506028963,0.02149148489970721,0.3774829969715081,0,APP004383,0.026861018938613507
0.7128170914866491,0.2217475747339866,-0.05800312739151415,-0.09811915647475396,0.2217475747339866,-0.08731751506028963,0.02149148489970721,-0.09486472069567248,0,APP008158,0.0253985961957803
0.1980061451935998,0.2217475747339866,0.3825716911634094,0.5867174592629567,0.2217475747339866,-0.08731751506028963,0.02149148489970721,0.08420843206427489,0,APP004318,0.02272384630511342
-1.0113351309460183,-0.8003405521422314,-0.29843817581578497,-0.8721886363285156,-0.513258900002694,-0.08731751506028963,0.02149148489970721,0.08420843206427489,0,APP008114,0.11420038121343451
0.7128170914866491,0.2217475747339866,0.3825716911634094,0.428529803805432,0.2217475747339866,-0.6827730105067226,0.02149148489970721,0.08509771624915914,0,APP007456,0.018884863241121562
-0.065651348229771,0.2217475747339866,0.3825716911634094,0.5867174592629567,0.2217475747339866,-0.08731751506028963,0.02149148489970721,0.08420843206427489,0,APP007547,0.025835365521542593
0.1980061451935998,0.2217475747339866,-0.29843817581578497,-0.09811915647475396,0.2217475747339866,-0.08731751506028963,-0.022769130482054166,0.08420843206427489,0,APP008456,0.030292382522712033
-0.35013955019267534,0.2217475747339866,-0.29843817581578497,-0.8721886363285156,0.2217475747339866,-0.08731751506028963,-0.022769130482054166,0.08420843206427489,0,APP002957,0.05422086078018935
0.7128170914866491,0.2217475747339866,0.3825716911634094,0.5867174592629567,0.2217475747339866,-0.08731751506028963,0.02149148489970721,0.08420843206427489,0,APP004230,0.0176683536199148
-0.065651348229771,0.2217475747339866,-0.05800312739151415,0.428529803805432,0.2217475747339866,-0.08731751506028963,0.02149148489970721,-0.09486472069567248,0,APP004709,0.029711108117363834
-0.065651348229771,0.2217475747339866,-0.29843817581578497,-0.8721886363285156,0.2217475747339866,-0.08731751506028963,0.02149148489970721,0.08420843206427489,0,APP008501,0.04738737154686286
-0.065651348229771,0.2217475747339866,-0.29843817581578497,-0.09811915647475396,0.2217475747339866,-0.08731751506028963,-0.022769130482054166,0.08420843206427489,0,APP003275,0.03440375934941001
0.7128170914866491,0.2217475747339866,0.8325034873269265,0.428529803805432,0.2217475747339866,-0.08731751506028963,0.02149148489970721,0.08420843206427489,0,APP004200,0.01889181720207367
0.1980061451935998,0.2217475747339866,-0.05800312739151415,0.5867174592629567,0.2217475747339866,-0.08731751506028963,-0.8565108236092858,0.08420843206427489,0,APP006500,0.02272384630511342
0.7128170914866491,0.2217475747339866,0.8325034873269265,0.428529803805432,0.2217475747339866,0.5789806192848379,0.02149148489970721,0.08420843206427489,0,APP002007,0.01889181720207367
0.7128170914866491,0.2217475747339866,-0.05800312739151415,0.5867174592629567,0.2217475747339866,0.5789806192848379,-0.022769130482054166,0.08420843206427489,0,APP003420,0.0176683536199148
-0.065651348229771,0.2217475747339866,0.3825716911634094,-0.09811915647475396,0.2217475747339866,0.5789806192848379,0.5904081593270396,0.08420843206427489,0,APP007691,0.03440375934941001
-0.065651348229771,0.2217475747339866,-0.05800312739151415,0.5867174592629567,0.2217475747339866,-0.08731751506028963,0.02149148489970721,0.08509771624915914,0,APP005937,0.025825922962349028
0.1980061451935998,0.2217475747339866,-0.05800312739151415,0.5867174592629567,0.2217475747339866,-0.08731751506028963,-0.022769130482054166,0.08420843206427489,0,APP004942,0.02272384630511342
0.7128170914866491,0.2217475747339866,-0.05800312739151415,0.428529803805432,0.2217475747339866,0.5789806192848379,0.02149148489970721,0.08420843206427489,0,APP003092,0.01889181720207367
-0.35013955019267534,0.2217475747339866,-0.05800312739151415,0.428529803805432,0.2217475747339866,-0.08731751506028963,0.02149148489970721,0.08420843206427489,0,APP004630,0.031684610046371506
-0.065651348229771,0.2217475747339866,0.3825716911634094,0.428529803805432,0.2217475747339866,-0.08731751506028963,0.5904081593270396,0.08420843206427489,0,APP008779,0.027608468030901005
0.7128170914866491,0.2217475747339866,0.8325034873269265,-0.09811915647475396,0.2217475747339866,0.5789806192848379,0.02149148489970721,0.08420843206427489,0,APP004462,0.02359372923339286
0.7128170914866491,0.2217475747339866,0.3825716911634094,0.5867174592629567,0.2217475747339866,-0.08731751506028963,0.02149148489970721,0.08420843206427489,0,APP004495,0.0176683536199148
-0.065651348229771,0.2217475747339866,-0.05800312739151415,-0.09811915647475396,0.2217475747339866,-0.08731751506028963,0.5904081593270396,0.3774829969715081,0,APP000025,0.03052133866757444
-0.35013955019267534,0.2217475747339866,-0.05800312739151415,-0.09811915647475396,0.2217475747339866,-0.08731751506028963,0.02149148489970721,0.08420843206427489,0,APP007461,0.03944247030090972
-0.065651348229771,0.2217475747339866,0.3825716911634094,0.5867174592629567,0.2217475747339866,-0.08731751506028963,0.02149148489970721,-0.09486472069567248,0,APP005587,0.02780682905467762
0.7128170914866491,0.2217475747339866,-0.05800312739151415,0.428529803805432,0.2217475747339866,0.5789806192848379,0.5904081593270396,0.08420843206427489,0,APP005000,0.01889181720207367
0.7128170914866491,0.2217475747339866,0.3825716911634094,0.428529803805432,0.2217475747339866,0.5789806192848379,0.02149148489970721,0.08420843206427489,0,APP001972,0.01889181720207367
-0.35013955019267534,-0.5688287511575048,-0.05800312739151415,-0.09811915647475396,-0.8725111649557269,-0.6827730105067226,-0.8565108236092858,-0.09486472069567248,0,APP005775,0.06034826488812025
0.7128170914866491,0.2217475747339866,-0.05800312739151415,-0.09811915647475396,0.2217475747339866,-0.08731751506028963,-0.022769130482054166,0.08420843206427489,0,APP008106,0.02359372923339286
0.1980061451935998,0.2217475747339866,-0.05800312739151415,-0.09811915647475396,0.2217475747339866,0.5789806192848379,0.5904081593270396,0.08420843206427489,0,APP003511,0.030292382522712033
0.7128170914866491,0.2217475747339866,0.3825716911634094,-0.09811915647475396,0.2217475747339866,-0.08731751506028963,0.02149148489970721,-0.09486472069567248,0,APP005445,0.0253985961957803
0.7128170914866491,0.2217475747339866,-0.05800312739151415,0.5867174592629567,0.2217475747339866,0.5789806192848379,-0.022769130482054166,0.3774829969715081,0,APP000081,0.01564390502463836
-0.065651348229771,0.2217475747339866,0.3825716911634094,0.5867174592629567,0.2217475747339866,0.5789806192848379,0.5904081593270396,0.08420843206427489,0,APP005023,0.025835365521542593
-0.35013955019267534,-0.5688287511575048,-0.29843817581578497,-0.8721886363285156,-1.197437410579879,-0.08731751506028963,-0.8565108236092858,0.08420843206427489,0,APP002253,0.07675948031534482
0.7128170914866491,0.2217475747339866,-0.29843817581578497,0.5867174592629567,0.2217475747339866,0.5789806192848379,-0.022769130482054166,0.3774829969715081,0,APP001156,0.01564390502463836
-1.0113351309460183,0.2217475747339866,-0.05800312739151415,-0.09811915647475396,0.2217475747339866,-0.08731751506028963,0.02149148489970721,0.3774829969715081,0,APP002120,0.04803475569565855
0.7128170914866491,0.2217475747339866,-0.05800312739151415,-0.09811915647475396,0.2217475747339866,-0.08731751506028963,0.02149148489970721,0.08509771624915914,0,APP004962,0.02358508613350342
0.7128170914866491,0.2217475747339866,0.8325034873269265,-0.09811915647475396,0.2217475747339866,-0.08731751506028963,-0.022769130482054166,0.3774829969715081,0,APP000740,0.020904796424193146
-0.065651348229771,-0.5688287511575048,-0.29843817581578497,-0.09811915647475396,-0.513258900002694,-0.08731751506028963,0.02149148489970721,-0.09486472069567248,0,APP004017,0.052785635192994465
-0.065651348229771,0.2217475747339866,0.8325034873269265,0.428529803805432,0.2217475747339866,-0.08731751506028963,0.02149148489970721,0.08420843206427489,0,APP006850,0.027608468030901005
-0.065651348229771,0.2217475747339866,-0.29843817581578497,0.428529803805432,0.2217475747339866,-0.08731751506028963,0.5904081593270396,0.3774829969715081,0,APP000155,0.024473451480688066
-0.065651348229771,-0.5688287511575048,-0.7645733282836001,-0.8721886363285156,-1.197437410579879,-0.08731751506028963,-0.022769130482054166,0.08420843206427489,0,APP003638,0.0672875262614069
0.7128170914866491,0.2217475747339866,0.3825716911634094,0.5867174592629567,0.2217475747339866,0.5789806192848379,0.5904081593270396,0.08420843206427489,0,APP002218,0.0176683536199148
0.7128170914866491,0.2217475747339866,0.3825716911634094,-0.09811915647475396,0.2217475747339866,0.5789806192848379,0.02149148489970721,0.08420843206427489,0,APP002537,0.02359372923339286
-0.065651348229771,0.2217475747339866,-0.05800312739151415,-0.09811915647475396,0.2217475747339866,0.5789806192848379,-0.022769130482054166,0.3774829969715081,0,APP007681,0.03052133866757444
0.7128170914866491,0.2217475747339866,0.8325034873269265,0.5867174592629567,0.2217475747339866,0.5789806192848379,-0.022769130482054166,0.08420843206427489,0,APP003927,0.0176683536199148
0.7128170914866491,0.2217475747339866,0.8325034873269265,0.428529803805432,0.2217475747339866,0.5789806192848379,0.02149148489970721,0.08420843206427489,0,APP005164,0.01889181720207367
0.7128170914866491,0.2217475747339866,-0.29843817581578497,0.428529803805432,0.2217475747339866,0.5789806192848379,0.02149148489970721,0.08420843206427489,0,APP000425,0.01889181720207367
0.1980061451935998,0.2217475747339866,-0.29843817581578497,-0.09811915647475396,0.2217475747339866,-0.08731751506028963,0.02149148489970721,-0.09486472069567248,0,APP008691,0.03259257627661918
-0.065651348229771,0.2217475747339866,0.3825716911634094,-0.09811915647475396,0.2217475747339866,0.5789806192848379,0.02149148489970721,0.08420843206427489,0,APP005252,0.03440375934941001
-1.0113351309460183,-0.8003405521422314,-0.29843817581578497,-0.09811915647475396,-1.197437410579879,-0.08731751506028963,-0.8565108236092858,0.08420843206427489,0,APP004829,0.08453523198230492
0.7128170914866491,0.2217475747339866,0.3825716911634094,-0.09811915647475396,0.2217475747339866,-0.08731751506028963,0.02149148489970721,0.3774829969715081,0,APP005787,0.020904796424193146
0.7128170914866491,0.2217475747339866,-0.05800312739151415,0.5867174592629567,0.2217475747339866,0.5789806192848379,-0.022769130482054166,0.08420843206427489,0,APP000794,0.0176683536199148
-0.065651348229771,0.2217475747339866,0.3825716911634094,0.5867174592629567,0.2217475747339866,-0.08731751506028963,0.02149148489970721,0.08420843206427489,0,APP002212,0.025835365521542593
0.1980061451935998,0.2217475747339866,0.8325034873269265,0.5867174592629567,0.2217475747339866,-0.08731751506028963,0.02149148489970721,0.08420843206427489,0,APP006492,0.02272384630511342
0.1980061451935998,-0.5688287511575048,-0.29843817581578497,-0.09811915647475396,-0.8725111649557269,-0.6827730105067226,-0.8565108236092858,-0.09486472069567248,1,APP001854,0.04658353216584163
0.1980061451935998,0.2217475747339866,-0.29843817581578497,-0.09811915647475396,0.2217475747339866,0.5789806192848379,0.02149148489970721,0.08420843206427489,0,APP005516,0.030292382522712033
-0.065651348229771,0.2217475747339866,-0.05800312739151415,-0.09811915647475396,0.2217475747339866,-0.08731751506028963,-0.8565108236092858,0.08420843206427489,0,APP007209,0.03440375934941001
-0.065651348229771,0.2217475747339866,-0.29843817581578497,-0.09811915647475396,0.2217475747339866,-0.08731751506028963,0.02149148489970721,0.08420843206427489,0,APP003129,0.03440375934941001
-1.0113351309460183,0.2217475747339866,-0.29843817581578497,-0.8721886363285156,0.2217475747339866,-0.08731751506028963,-0.8565108236092858,-0.09486472069567248,0,APP000427,0.07917854807375183
0.7128170914866491,0.2217475747339866,-0.05800312739151415,0.428529803805432,0.2217475747339866,0.5789806192848379,0.5904081593270396,0.08420843206427489,0,APP000455,0.01889181720207367
0.7128170914866491,0.2217475747339866,0.3825716911634094,0.5867174592629567,0.2217475747339866,0.5789806192848379,0.5904081593270396,0.08420843206427489,0,APP000294,0.0176683536199148
0.7128170914866491,0.2217475747339866,0.3825716911634094,0.5867174592629567,0.2217475747339866,-0.08731751506028963,0.02149148489970721,0.08420843206427489,0,APP006431,0.0176683536199148
-0.065651348229771,0.2217475747339866,0.3825716911634094,-0.8721886363285156,0.2217475747339866,-0.08731751506028963,0.02149148489970721,0.08420843206427489,0,APP002527,0.04738737154686286
-0.065651348229771,-0.5688287511575048,-0.29843817581578497,-0.09811915647475396,-0.9834263428289417,0.5789806192848379,-0.022769130482054166,0.08420843206427489,0,APP002297,0.04913271166067861
-0.065651348229771,0.2217475747339866,0.3825716911634094,-0.09811915647475396,0.2217475747339866,-0.08731751506028963,0.02149148489970721,0.08420843206427489,0,APP004308,0.03440375934941001
0.1980061451935998,0.2217475747339866,0.8325034873269265,-0.09811915647475396,0.2217475747339866,-0.08731751506028963,0.02149148489970721,0.08420843206427489,0,APP001670,0.030292382522712033
-1.0113351309460183,-1.910002676996926,-0.29843817581578497,-0.8721886363285156,-1.197437410579879,-0.08731751506028963,-0.022769130482054166,0.08420843206427489,1,APP008536,0.1784666307242043
-1.0113351309460183,-0.8003405521422314,-0.7645733282836001,-0.8721886363285156,-1.197437410579879,-0.08731751506028963,0.02149148489970721,0.08509771624915914,0,APP000164,0.11416242698321287
-0.065651348229771,0.2217475747339866,-0.29843817581578497,-0.09811915647475396,0.2217475747339866,0.5789806192848379,0.5904081593270396,0.08420843206427489,0,APP006465,0.03440375934941001
0.7128170914866491,0.2217475747339866,0.3825716911634094,0.5867174592629567,0.2217475747339866,-0.08731751506028963,0.5904081593270396,0.08420843206427489,0,APP005566,0.0176683536199148
-0.065651348229771,0.2217475747339866,-0.29843817581578497,0.5867174592629567,0.2217475747339866,-0.08731751506028963,0.02149148489970721,0.08420843206427489,0,APP006123,0.025835365521542593
-0.35013955019267534,0.2217475747339866,0.3825716911634094,0.5867174592629567,0.2217475747339866,-0.08731751506028963,-0.8565108236092858,0.08420843206427489,0,APP008252,0.0296577092053339
-0.065651348229771,0.2217475747339866,-0.05800312739151415,0.5867174592629567,0.2217475747339866,-0.08731751506028963,0.02149148489970721,0.3774829969715081,0,APP005788,0.02289694860171144
-0.065651348229771,0.2217475747339866,-0.29843817581578497,-0.09811915647475396,0.2217475747339866,-0.08731751506028963,0.5904081593270396,0.08420843206427489,0,APP007993,0.03440375934941001
0.1980061451935998,0.2217475747339866,-0.05800312739151415,0.5867174592629567,0.2217475747339866,-0.08731751506028963,0.02149148489970721,-0.09486472069567248,0,APP003755,0.024463836449831418
0.7128170914866491,0.2217475747339866,-0.05800312739151415,0.5867174592629567,0.2217475747339866,-0.08731751506028963,0.5904081593270396,0.08420843206427489,0,APP007878,0.0176683536199148
-0.35013955019267534,-0.5688287511575048,-0.7645733282836001,-0.09811915647475396,-0.8725111649557269,-0.6827730105067226,-0.8565108236092858,-0.09486472069567248,0,APP000473,0.06034826488812025
-0.065651348229771,0.2217475747339866,-0.05800312739151415,-0.8721886363285156,0.2217475747339866,-0.08731751506028963,0.02149148489970721,0.08420843206427489,0,APP007036,0.04738737154686286
0.1980061451935998,0.2217475747339866,-0.05800312739151415,-0.09811915647475396,0.2217475747339866,0.5789806192848379,0.02149148489970721,0.08420843206427489,0,APP008847,0.030292382522712033
0.7128170914866491,0.2217475747339866,-0.05800312739151415,0.428529803805432,0.2217475747339866,-0.08731751506028963,0.02149148489970721,-0.09486472069567248,0,APP000677,0.02034449296474017
0.7128170914866491,0.2217475747339866,0.8325034873269265,0.428529803805432,0.2217475747339866,-0.08731751506028963,0.02149148489970721,0.08420843206427489,0,APP006517,0.01889181720207367
-1.0113351309460183,-0.5688287511575048,-0.29843817581578497,-0.09811915647475396,-0.8725111649557269,-0.08731751506028963,-0.8565108236092858,0.08509771624915914,0,APP004248,0.07645649525351572
0.7128170914866491,0.2217475747339866,-0.05800312739151415,0.428529803805432,0.2217475747339866,0.5789806192848379,0.5904081593270396,0.08420843206427489,0,APP007189,0.01889181720207367
0.7128170914866491,0.2217475747339866,0.3825716911634094,0.5867174592629567,0.2217475747339866,0.5789806192848379,0.02149148489970721,0.08420843206427489,0,APP008001,0.0176683536199148
-0.065651348229771,0.2217475747339866,-0.05800312739151415,0.5867174592629567,0.2217475747339866,-0.08731751506028963,0.5904081593270396,-0.09486472069567248,0,APP002606,0.02780682905467762
0.7128170914866491,0.2217475747339866,-0.05800312739151415,-0.09811915647475396,0.2217475747339866,0.5789806192848379,0.5904081593270396,0.08420843206427489,0,APP000969,0.02359372923339286
-1.0113351309460183,-0.8003405521422314,-0.29843817581578497,-0.8721886363285156,-0.9834263428289417,-0.08731751506028963,-0.022769130482054166,-0.09486472069567248,1,APP007285,0.1220699159480573
-0.35013955019267534,-0.5688287511575048,-0.29843817581578497,-0.09811915647475396,-0.8725111649557269,-0.08731751506028963,-0.022769130482054166,0.3774829969715081,0,APP007543,0.04998794932890245
0.7128170914866491,0.2217475747339866,0.3825716911634094,0.428529803805432,0.2217475747339866,0.5789806192848379,0.5904081593270396,0.08420843206427489,0,APP007486,0.01889181720207367
-0.065651348229771,0.2217475747339866,-0.29843817581578497,-0.09811915647475396,0.2217475747339866,-0.08731751506028963,0.5904081593270396,0.08420843206427489,0,APP006524,0.03440375934941001
-0.35013955019267534,-0.5688287511575048,-0.05800312739151415,-0.09811915647475396,-0.513258900002694,-0.08731751506028963,0.02149148489970721,0.08420843206427489,1,APP007310,0.056203038206527424
0.7128170914866491,0.2217475747339866,0.3825716911634094,0.5867174592629567,0.2217475747339866,0.5789806192848379,0.02149148489970721,0.3774829969715081,0,APP006861,0.01564390502463836
0.7128170914866491,0.2217475747339866,0.8325034873269265,0.5867174592629567,0.2217475747339866,0.5789806192848379,0.5904081593270396,0.08420843206427489,0,APP004083,0.0176683536199148
0.7128170914866491,0.2217475747339866,0.3825716911634094,0.5867174592629567,0.2217475747339866,-0.08731751506028963,0.02149148489970721,0.08420843206427489,0,APP007242,0.0176683536199148
-0.065651348229771,0.2217475747339866,0.3825716911634094,0.5867174592629567,0.2217475747339866,-0.08731751506028963,0.02149148489970721,0.08420843206427489,0,APP001876,0.025835365521542593
-1.0113351309460183,0.2217475747339866,-0.05800312739151415,-0.8721886363285156,0.2217475747339866,-0.08731751506028963,0.5904081593270396,0.08509771624915914,0,APP005766,0.07381588249321112
-0.065651348229771,0.2217475747339866,0.3825716911634094,-0.09811915647475396,0.2217475747339866,0.5789806192848379,0.02149148489970721,0.08420843206427489,0,APP007697,0.03440375934941001
-0.065651348229771,0.2217475747339866,-0.29843817581578497,-0.09811915647475396,0.2217475747339866,-0.08731751506028963,-0.022769130482054166,0.08420843206427489,0,APP001678,0.03440375934941001
-1.0113351309460183,0.2217475747339866,-0.29843817581578497,-0.09811915647475396,0.2217475747339866,-0.08731751506028963,-0.022769130482054166,0.08420843206427489,0,APP001329,0.05402080951084046
0.7128170914866491,0.2217475747339866,0.3825716911634094,-0.09811915647475396,0.2217475747339866,-0.6827730105067226,0.02149148489970721,-0.09486472069567248,0,APP004990,0.0253985961957803
0.7128170914866491,0.2217475747339866,-0.29843817581578497,0.5867174592629567,0.2217475747339866,0.5789806192848379,-0.022769130482054166,0.08420843206427489,0,APP006720,0.0176683536199148
0.1980061451935998,0.2217475747339866,-0.29843817581578497,-0.09811915647475396,0.2217475747339866,-0.08731751506028963,0.02149148489970721,0.08420843206427489,0,APP000052,0.030292382522712033
0.7128170914866491,0.2217475747339866,0.3825716911634094,0.5867174592629567,0.2217475747339866,0.5789806192848379,0.5904081593270396,0.08420843206427489,0,APP005121,0.0176683536199148
0.1980061451935998,0.2217475747339866,-0.7645733282836001,-0.09811915647475396,0.2217475747339866,-0.6827730105067226,-0.8565108236092858,0.3774829969715081,0,APP007406,0.026861018938613507
0.1980061451935998,-0.8003405521422314,-0.29843817581578497,-0.8721886363285156,-0.9834263428289417,-0.08731751506028963,-0.022769130482054166,0.08420843206427489,0,APP002996,0.06587918734480276
0.7128170914866491,0.2217475747339866,-0.05800312739151415,0.5867174592629567,0.2217475747339866,-0.08731751506028963,0.02149148489970721,0.08420843206427489,0,APP005198,0.0176683536199148
-1.0113351309460183,-0.5688287511575048,-0.7645733282836001,-0.8721886363285156,-0.8725111649557269,-0.08731751506028963,0.02149148489970721,0.08420843206427489,0,APP005275,0.10364235537066266
-0.065651348229771,0.2217475747339866,0.3825716911634094,0.5867174592629567,0.2217475747339866,-0.08731751506028963,0.02149148489970721,0.08509771624915914,0,APP001655,0.025825922962349028
0.7128170914866491,0.2217475747339866,0.3825716911634094,0.5867174592629567,0.2217475747339866,-0.6827730105067226,0.5904081593270396,-0.09486472069567248,0,APP000093,0.019028776483465123
-0.065651348229771,0.2217475747339866,-0.05800312739151415,0.5867174592629567,0.2217475747339866,0.5789806192848379,-0.022769130482054166,0.3774829969715081,0,APP008544,0.02289694860171144
0.1980061451935998,0.2217475747339866,-0.29843817581578497,-0.09811915647475396,0.2217475747339866,-0.08731751506028963,-0.022769130482054166,0.08420843206427489,0,APP004701,0.030292382522712033
-0.35013955019267534,0.2217475747339866,-0.05800312739151415,-0.09811915647475396,0.2217475747339866,0.5789806192848379,0.02149148489970721,0.08420843206427489,0,APP005497,0.03944247030090972
-0.065651348229771,0.2217475747339866,-0.29843817581578497,0.5867174592629567,0.2217475747339866,-0.08731751506028963,0.02149148489970721,0.08420843206427489,0,APP001102,0.025835365521542593
-1.0113351309460183,0.2217475747339866,-0.29843817581578497,-0.09811915647475396,0.2217475747339866,-0.08731751506028963,-0.022769130482054166,0.08509771624915914,0,APP003863,0.05400163651359411
0.7128170914866491,0.2217475747339866,0.3825716911634094,0.5867174592629567,0.2217475747339866,0.5789806192848379,-0.022769130482054166,0.08420843206427489,0,APP003817,0.0176683536199148
-1.0113351309460183,-0.5688287511575048,-0.7645733282836001,-0.09811915647475396,-0.8725111649557269,-0.08731751506028963,-0.022769130482054166,0.3774829969715081,0,APP007628,0.06818731701954446
0.7128170914866491,0.2217475747339866,0.3825716911634094,-0.09811915647475396,0.2217475747339866,-0.08731751506028963,0.5904081593270396,0.08420843206427489,0,APP004400,0.02359372923339286
0.7128170914866491,0.2217475747339866,0.3825716911634094,0.5867174592629567,0.2217475747339866,-0.08731751506028963,0.5904081593270396,0.08420843206427489,0,APP000490,0.0176683536199148
0.7128170914866491,0.2217475747339866,0.8325034873269265,0.428529803805432,0.2217475747339866,0.5789806192848379,0.02149148489970721,0.3774829969715081,0,APP006429,0.01672957096901055
0.7128170914866491,0.2217475747339866,0.8325034873269265,0.5867174592629567,0.2217475747339866,0.5789806192848379,0.02149148489970721,0.08420843206427489,0,APP001064,0.0176683536199148
0.1980061451935998,0.2217475747339866,0.3825716911634094,0.428529803805432,0.2217475747339866,-0.08731751506028963,0.02149148489970721,0.08420843206427489,0,APP000833,0.02428872699607574
-0.065651348229771,0.2217475747339866,0.8325034873269265,-0.09811915647475396,0.2217475747339866,-0.6827730105067226,0.5904081593270396,0.08509771624915914,0,APP000058,0.03439129568892732
0.7128170914866491,0.2217475747339866,-0.29843817581578497,-0.09811915647475396,0.2217475747339866,0.5789806192848379,0.02149148489970721,0.08420843206427489,0,APP004280,0.02359372923339286
-1.0113351309460183,-0.5688287511575048,-0.29843817581578497,-0.8721886363285156,-0.9834263428289417,-0.08731751506028963,-0.8565108236092858,-0.09486472069567248,0,APP002485,0.11087540540922053
0.7128170914866491,0.2217475747339866,0.8325034873269265,0.428529803805432,0.2217475747339866,0.5789806192848379,0.02149148489970721,0.08420843206427489,0,APP001675,0.01889181720207367
-0.065651348229771,0.2217475747339866,-0.05800312739151415,-0.09811915647475396,0.2217475747339866,-0.08731751506028963,0.02149148489970721,0.3774829969715081,0,APP003664,0.03052133866757444
0.7128170914866491,0.2217475747339866,0.8325034873269265,0.5867174592629567,0.2217475747339866,0.5789806192848379,0.5904081593270396,0.3774829969715081,0,APP005484,0.01564390502463836
0.7128170914866491,0.2217475747339866,0.3825716911634094,-0.09811915647475396,0.2217475747339866,-0.08731751506028963,0.5904081593270396,0.08420843206427489,0,APP008139,0.02359372923339286
0.7128170914866491,0.2217475747339866,-0.05800312739151415,-0.09811915647475396,0.2217475747339866,0.5789806192848379,0.5904081593270396,0.08420843206427489,0,APP004351,0.02359372923339286
-0.065651348229771,0.2217475747339866,-0.29843817581578497,0.5867174592629567,0.2217475747339866,-0.08731751506028963,0.02149148489970721,0.08420843206427489,0,APP007431,0.025835365521542593
-0.065651348229771,0.2217475747339866,0.3825716911634094,-0.09811915647475396,0.2217475747339866,0.5789806192848379,0.02149148489970721,0.08420843206427489,0,APP003344,0.03440375934941001
0.7128170914866491,0.2217475747339866,0.8325034873269265,-0.09811915647475396,0.2217475747339866,-0.08731751506028963,0.02149148489970721,0.08420843206427489,0,APP001841,0.02359372923339286
0.7128170914866491,0.2217475747339866,0.8325034873269265,0.428529803805432,0.2217475747339866,0.5789806192848379,-0.022769130482054166,0.08420843206427489,0,APP006214,0.01889181720207367
-0.065651348229771,0.2217475747339866,-0.05800312739151415,0.428529803805432,0.2217475747339866,-0.08731751506028963,-0.8565108236092858,0.08420843206427489,0,APP000792,0.027608468030901005
-0.065651348229771,0.2217475747339866,-0.05800312739151415,0.428529803805432,0.2217475747339866,-0.08731751506028963,0.02149148489970721,0.08509771624915914,0,APP004054,0.027598395780540387
0.1980061451935998,0.2217475747339866,0.3825716911634094,0.5867174592629567,0.2217475747339866,-0.08731751506028963,-0.022769130482054166,0.08509771624915914,0,APP007069,0.02271551445622887
-0.065651348229771,0.2217475747339866,0.3825716911634094,0.428529803805432,0.2217475747339866,0.5789806192848379,0.5904081593270396,0.08420843206427489,0,APP006583,0.027608468030901005
0.1980061451935998,0.2217475747339866,-0.29843817581578497,-0.09811915647475396,0.2217475747339866,0.5789806192848379,-0.022769130482054166,0.08420843206427489,0,APP003720,0.030292382522712033
-1.0113351309460183,-0.8003405521422314,-0.29843817581578497,-0.09811915647475396,-0.8725111649557269,-0.6827730105067226,0.02149148489970721,-0.09486472069567248,0,APP008537,0.09056955852277224
0.7128170914866491,0.2217475747339866,-0.05800312739151415,0.428529803805432,0.2217475747339866,0.5789806192848379,0.02149148489970721,0.08420843206427489,0,APP002228,0.01889181720207367
0.7128170914866491,0.2217475747339866,-0.05800312739151415,0.428529803805432,0.2217475747339866,-0.08731751506028963,0.5904081593270396,0.08420843206427489,0,APP007952,0.01889181720207367
0.7128170914866491,0.2217475747339866,0.8325034873269265,-0.09811915647475396,0.2217475747339866,0.5789806192848379,0.02149148489970721,0.08420843206427489,0,APP003987,0.02359372923339286
-0.065651348229771,0.2217475747339866,-0.05800312739151415,0.5867174592629567,0.2217475747339866,-0.08731751506028963,-0.022769130482054166,-0.09486472069567248,0,APP004266,0.02780682905467762
-0.065651348229771,0.2217475747339866,0.8325034873269265,0.428529803805432,0.2217475747339866,0.5789806192848379,-0.022769130482054166,0.08420843206427489,0,APP001282,0.027608468030901005
-1.0113351309460183,0.2217475747339866,-0.05800312739151415,-0.8721886363285156,0.2217475747339866,-0.6827730105067226,-0.022769130482054166,-0.09486472069567248,0,APP001302,0.07917854807375183
0.7128170914866491,0.2217475747339866,-0.7645733282836001,0.5867174592629567,0.2217475747339866,0.5789806192848379,0.02149148489970721,0.08420843206427489,0,APP002433,0.0176683536199148
-1.0113351309460183,-0.8003405521422314,-0.05800312739151415,-0.09811915647475396,-0.513258900002694,-0.08731751506028963,0.02149148489970721,0.08420843206427489,0,APP002123,0.08453523198230492
0.7128170914866491,0.2217475747339866,0.8325034873269265,0.428529803805432,0.2217475747339866,0.5789806192848379,0.02149148489970721,0.08420843206427489,0,APP003347,0.01889181720207367
0.7128170914866491,0.2217475747339866,-0.05800312739151415,-0.09811915647475396,0.2217475747339866,-0.08731751506028963,0.02149148489970721,-0.09486472069567248,0,APP005064,0.0253985961957803
-0.065651348229771,0.2217475747339866,-0.29843817581578497,-0.09811915647475396,0.2217475747339866,0.5789806192848379,-0.022769130482054166,0.08420843206427489,0,APP000704,0.03440375934941001
-0.065651348229771,0.2217475747339866,-0.29843817581578497,-0.09811915647475396,0.2217475747339866,-0.6827730105067226,0.5904081593270396,0.08509771624915914,0,APP008652,0.03439129568892732
-0.065651348229771,0.2217475747339866,0.3825716911634094,0.428529803805432,0.2217475747339866,0.5789806192848379,0.02149148489970721,0.08420843206427489,0,APP004926,0.027608468030901005
-1.0113351309460183,-0.5688287511575048,-0.05800312739151415,-0.09811915647475396,-0.513258900002694,-0.08731751506028963,-0.022769130482054166,0.08509771624915914,0,APP000694,0.07645649525351572
0.7128170914866491,0.2217475747339866,0.3825716911634094,-0.09811915647475396,0.2217475747339866,-0.08731751506028963,0.02149148489970721,0.3774829969715081,0,APP000624,0.020904796424193146
0.7128170914866491,0.2217475747339866,0.8325034873269265,0.5867174592629567,0.2217475747339866,0.5789806192848379,0.02149148489970721,0.08420843206427489,0,APP001794,0.0176683536199148
0.7128170914866491,0.2217475747339866,0.8325034873269265,0.428529803805432,0.2217475747339866,-0.08731751506028963,0.02149148489970721,0.08420843206427489,0,APP008490,0.01889181720207367
0.7128170914866491,0.2217475747339866,0.8325034873269265,0.428529803805432,0.2217475747339866,-0.6827730105067226,0.5904081593270396,0.08509771624915914,0,APP007767,0.018884863241121562
0.1980061451935998,0.2217475747339866,0.3825716911634094,0.5867174592629567,0.2217475747339866,0.5789806192848379,0.02149148489970721,0.08420843206427489,0,APP003526,0.02272384630511342
-1.0113351309460183,-0.5688287511575048,-0.29843817581578497,-0.8721886363285156,-0.8725111649557269,-0.08731751506028963,0.5904081593270396,0.3774829969715081,0,APP007579,0.0926965359430471
0.1980061451935998,0.2217475747339866,-0.29843817581578497,0.5867174592629567,0.2217475747339866,-0.08731751506028963,0.02149148489970721,0.08420843206427489,0,APP008584,0.02272384630511342
0.7128170914866491,0.2217475747339866,0.3825716911634094,0.428529803805432,0.2217475747339866,-0.08731751506028963,0.02149148489970721,0.08420843206427489,0,APP005844,0.01889181720207367
-0.065651348229771,0.2217475747339866,-0.05800312739151415,0.5867174592629567,0.2217475747339866,-0.6827730105067226,-0.022769130482054166,0.08509771624915914,0,APP006513,0.025825922962349028
0.7128170914866491,0.2217475747339866,0.3825716911634094,0.428529803805432,0.2217475747339866,-0.08731751506028963,0.5904081593270396,0.08420843206427489,0,APP000337,0.01889181720207367
-0.065651348229771,0.2217475747339866,-0.05800312739151415,-0.09811915647475396,0.2217475747339866,0.5789806192848379,0.02149148489970721,0.08420843206427489,0,APP006365,0.03440375934941001
-0.065651348229771,0.2217475747339866,0.3825716911634094,0.5867174592629567,0.2217475747339866,-0.08731751506028963,0.5904081593270396,0.08509771624915914,0,APP003182,0.025825922962349028
0.1980061451935998,0.2217475747339866,-0.05800312739151415,0.5867174592629567,0.2217475747339866,-0.08731751506028963,0.02149148489970721,-0.09486472069567248,0,APP003277,0.024463836449831418
0.1980061451935998,0.2217475747339866,0.8325034873269265,0.428529803805432,0.2217475747339866,-0.08731751506028963,0.5904081593270396,0.08509771624915914,0,APP002473,0.02427983562837761
0.1980061451935998,0.2217475747339866,0.8325034873269265,-0.09811915647475396,0.2217475747339866,-0.08731751506028963,0.02149148489970721,-0.09486472069567248,0,APP005691,0.03259257627661918
-1.0113351309460183,-1.910002676996926,-0.05800312739151415,-0.09811915647475396,-0.8725111649557269,-0.08731751506028963,0.02149148489970721,-0.09486472069567248,0,APP001382,0.14369481252828722
0.1980061451935998,0.2217475747339866,-0.05800312739151415,-0.09811915647475396,0.2217475747339866,-0.08731751506028963,-0.022769130482054166,0.3774829969715081,0,APP005872,0.026861018938613507
0.7128170914866491,0.2217475747339866,-0.05800312739151415,-0.8721886363285156,0.2217475747339866,0.5789806192848379,0.5904081593270396,0.08420843206427489,0,APP003098,0.03263563498364616
-1.0113351309460183,-0.8003405521422314,-0.7645733282836001,-0.8721886363285156,-0.9834263428289417,-0.08731751506028963,-0.8565108236092858,-1.527679097450456,0,APP006849,0.20288311899526615
-0.35013955019267534,0.2217475747339866,-0.05800312739151415,-0.8721886363285156,0.2217475747339866,-0.08731751506028963,-0.022769130482054166,0.08420843206427489,0,APP006536,0.05422086078018935
0.7128170914866491,0.2217475747339866,-0.29843817581578497,0.5867174592629567,0.2217475747339866,-0.08731751506028963,0.5904081593270396,0.08420843206427489,0,APP000596,0.0176683536199148
0.7128170914866491,0.2217475747339866,0.8325034873269265,0.5867174592629567,0.2217475747339866,0.5789806192848379,0.02149148489970721,0.08420843206427489,0,APP006919,0.0176683536199148
-0.065651348229771,0.2217475747339866,0.8325034873269265,-0.09811915647475396,0.2217475747339866,-0.08731751506028963,0.02149148489970721,0.08420843206427489,0,APP007759,0.03440375934941001
-0.35013955019267534,0.2217475747339866,-0.7645733282836001,-0.09811915647475396,0.2217475747339866,-0.08731751506028963,0.02149148489970721,0.08420843206427489,0,APP008764,0.03944247030090972
-0.065651348229771,0.2217475747339866,-0.7645733282836001,-0.09811915647475396,0.2217475747339866,-0.08731751506028963,0.02149148489970721,-0.09486472069567248,0,APP000223,0.037004229377386705
0.7128170914866491,0.2217475747339866,-0.29843817581578497,0.5867174592629567,0.2217475747339866,0.5789806192848379,0.02149148489970721,0.08420843206427489,0,APP003865,0.0176683536199148
-0.35013955019267534,0.2217475747339866,-0.05800312739151415,-0.09811915647475396,0.2217475747339866,-0.08731751506028963,-0.8565108236092858,-0.09486472069567248,1,APP002514,0.042407073740724076
-0.065651348229771,0.2217475747339866,0.3825716911634094,-0.09811915647475396,0.2217475747339866,0.5789806192848379,0.5904081593270396,0.08420843206427489,0,APP006322,0.03440375934941001
-0.065651348229771,0.2217475747339866,0.3825716911634094,-0.09811915647475396,0.2217475747339866,-0.6827730105067226,-0.022769130482054166,-0.09486472069567248,0,APP008801,0.037004229377386705
-0.065651348229771,0.2217475747339866,0.3825716911634094,0.5867174592629567,0.2217475747339866,-0.6827730105067226,0.02149148489970721,0.08509771624915914,0,APP008653,0.025825922962349028
-0.065651348229771,0.2217475747339866,0.8325034873269265,0.428529803805432,0.2217475747339866,-0.08731751506028963,-0.022769130482054166,-0.09486472069567248,0,APP006991,0.029711108117363834
-0.35013955019267534,0.2217475747339866,-0.29843817581578497,-0.09811915647475396,0.2217475747339866,-0.08731751506028963,-0.8565108236092858,-0.09486472069567248,0,APP004669,0.042407073740724076
0.7128170914866491,0.2217475747339866,0.3825716911634094,0.5867174592629567,0.2217475747339866,0.5789806192848379,-0.022769130482054166,0.08420843206427489,0,APP006805,0.0176683536199148
-0.065651348229771,0.2217475747339866,-0.05800312739151415,-0.09811915647475396,0.2217475747339866,-0.08731751506028963,0.02149148489970721,0.08509771624915914,0,APP000561,0.03439129568892732
0.7128170914866491,0.2217475747339866,-0.29843817581578497,0.5867174592629567,0.2217475747339866,0.5789806192848379,0.02149148489970721,0.08420843206427489,0,APP007360,0.0176683536199148
0.7128170914866491,0.2217475747339866,0.3825716911634094,0.428529803805432,0.2217475747339866,0.5789806192848379,0.02149148489970721,0.08420843206427489,0,APP005821,0.01889181720207367
-0.065651348229771,0.2217475747339866,0.3825716911634094,0.5867174592629567,0.2217475747339866,-0.08731751506028963,0.5904081593270396,0.08420843206427489,0,APP000569,0.025835365521542593
-0.065651348229771,0.2217475747339866,0.3825716911634094,0.5867174592629567,0.2217475747339866,-0.08731751506028963,0.02149148489970721,0.08420843206427489,0,APP005354,0.025835365521542593
0.7128170914866491,0.2217475747339866,0.8325034873269265,0.428529803805432,0.2217475747339866,0.5789806192848379,-0.022769130482054166,0.08420843206427489,0,APP000178,0.01889181720207367
0.7128170914866491,0.2217475747339866,0.3825716911634094,-0.09811915647475396,0.2217475747339866,0.5789806192848379,0.5904081593270396,0.08420843206427489,0,APP000747,0.02359372923339286
-0.065651348229771,0.2217475747339866,-0.05800312739151415,0.5867174592629567,0.2217475747339866,0.5789806192848379,0.02149148489970721,0.08420843206427489,0,APP007819,0.025835365521542593
0.7128170914866491,0.2217475747339866,0.8325034873269265,0.428529803805432,0.2217475747339866,0.5789806192848379,0.02149148489970721,0.08420843206427489,0,APP003590,0.01889181720207367
-0.35013955019267534,-0.8003405521422314,-0.05800312739151415,-0.8721886363285156,-0.8725111649557269,0.5789806192848379,0.02149148489970721,0.08420843206427489,0,APP001954,0.08483815072727934
0.7128170914866491,0.2217475747339866,-0.05800312739151415,0.428529803805432,0.2217475747339866,0.5789806192848379,0.02149148489970721,0.08420843206427489,0,APP003520,0.01889181720207367
-1.0113351309460183,0.2217475747339866,-0.05800312739151415,-0.8721886363285156,0.2217475747339866,-0.08731751506028963,-0.022769130482054166,-0.09486472069567248,0,APP003909,0.07917854807375183
0.1980061451935998,-1.910002676996926,0.3825716911634094,-0.09811915647475396,-0.9834263428289417,-0.08731751506028963,-0.8565108236092858,-0.09486472069567248,0,APP007120,0.0840783109567996
0.7128170914866491,0.2217475747339866,0.8325034873269265,0.428529803805432,0.2217475747339866,-0.08731751506028963,0.5904081593270396,0.08420843206427489,0,APP005058,0.01889181720207367
-0.35013955019267534,0.2217475747339866,-0.29843817581578497,0.5867174592629567,0.2217475747339866,0.5789806192848379,0.5904081593270396,0.08420843206427489,0,APP003011,0.0296577092053339
0.7128170914866491,0.2217475747339866,-0.05800312739151415,-0.09811915647475396,0.2217475747339866,0.5789806192848379,-0.022769130482054166,0.08420843206427489,0,APP002643,0.02359372923339286
-0.35013955019267534,0.2217475747339866,-0.29843817581578497,-0.8721886363285156,0.2217475747339866,-0.08731751506028963,0.02149148489970721,0.08420843206427489,0,APP007710,0.05422086078018935
0.7128170914866491,0.2217475747339866,0.8325034873269265,0.428529803805432,0.2217475747339866,-0.08731751506028963,-0.8565108236092858,0.08509771624915914,0,APP002239,0.018884863241121562
0.1980061451935998,0.2217475747339866,-0.05800312739151415,-0.09811915647475396,0.2217475747339866,-0.08731751506028963,0.02149148489970721,0.08420843206427489,0,APP004166,0.030292382522712033
0.7128170914866491,0.2217475747339866,0.3825716911634094,0.5867174592629567,0.2217475747339866,-0.08731751506028963,0.02149148489970721,0.08420843206427489,0,APP006138,0.0176683536199148
-0.065651348229771,0.2217475747339866,-0.05800312739151415,0.428529803805432,0.2217475747339866,-0.6827730105067226,0.02149148489970721,-0.09486472069567248,0,APP005899,0.029711108117363834
0.7128170914866491,0.2217475747339866,-0.29843817581578497,-0.09811915647475396,0.2217475747339866,-0.08731751506028963,0.02149148489970721,0.08420843206427489,0,APP000175,0.02359372923339286
-1.0113351309460183,-0.5688287511575048,-0.05800312739151415,-0.8721886363285156,-0.9834263428289417,-0.08731751506028963,-0.8565108236092858,0.3774829969715081,0,APP003099,0.0926965359430471
-0.065651348229771,0.2217475747339866,0.3825716911634094,-0.09811915647475396,0.2217475747339866,0.5789806192848379,0.02149148489970721,0.08420843206427489,0,APP007429,0.03440375934941001
-0.065651348229771,0.2217475747339866,-0.29843817581578497,-0.09811915647475396,0.2217475747339866,-0.08731751506028963,-0.022769130482054166,0.08420843206427489,0,APP003748,0.03440375934941001
0.1980061451935998,-0.5688287511575048,-0.05800312739151415,0.5867174592629567,-0.8725111649557269,-0.08731751506028963,-0.022769130482054166,0.08420843206427489,0,APP004442,0.03262132105118561
-0.065651348229771,0.2217475747339866,-0.05800312739151415,0.5867174592629567,0.2217475747339866,-0.08731751506028963,0.02149148489970721,0.08420843206427489,0,APP000242,0.025835365521542593
-0.35013955019267534,-0.8003405521422314,0.3825716911634094,-0.8721886363285156,-0.8725111649557269,-0.6827730105067226,-0.022769130482054166,-0.09486472069567248,0,APP006839,0.09089195348387312
0.7128170914866491,0.2217475747339866,0.3825716911634094,-0.09811915647475396,0.2217475747339866,-0.08731751506028963,0.5904081593270396,0.08509771624915914,0,APP004125,0.02358508613350342
-0.35013955019267534,0.2217475747339866,-0.05800312739151415,-0.09811915647475396,0.2217475747339866,-0.08731751506028963,0.5904081593270396,0.08509771624915914,0,APP008192,0.0394282557726393
0.7128170914866491,0.2217475747339866,0.8325034873269265,0.5867174592629567,0.2217475747339866,0.5789806192848379,-0.022769130482054166,0.3774829969715081,0,APP002709,0.01564390502463836
-0.35013955019267534,0.2217475747339866,-0.05800312739151415,0.428529803805432,0.2217475747339866,-0.08731751506028963,0.5904081593270396,-0.09486472069567248,0,APP004860,0.0340868038233671
-0.35013955019267534,0.2217475747339866,-0.05800312739151415,-0.09811915647475396,0.2217475747339866,-0.08731751506028963,0.02149148489970721,0.08420843206427489,0,APP007498,0.03944247030090972
0.7128170914866491,0.2217475747339866,0.3825716911634094,-0.09811915647475396,0.2217475747339866,0.5789806192848379,0.02149148489970721,0.3774829969715081,0,APP004911,0.020904796424193146
-0.065651348229771,0.2217475747339866,0.8325034873269265,0.5867174592629567,0.2217475747339866,0.5789806192848379,0.5904081593270396,0.08420843206427489,0,APP001677,0.025835365521542593
-0.35013955019267534,0.2217475747339866,0.3825716911634094,-0.8721886363285156,0.2217475747339866,-0.08731751506028963,0.5904081593270396,0.08509771624915914,0,APP004288,0.05420162084918719
-0.065651348229771,0.2217475747339866,0.3825716911634094,0.5867174592629567,0.2217475747339866,-0.08731751506028963,0.02149148489970721,-0.09486472069567248,0,APP007688,0.02780682905467762
-0.065651348229771,0.2217475747339866,-0.29843817581578497,-0.09811915647475396,0.2217475747339866,-0.6827730105067226,0.5904081593270396,0.3774829969715081,0,APP007048,0.03052133866757444
-0.065651348229771,0.2217475747339866,0.3825716911634094,0.428529803805432,0.2217475747339866,-0.08731751506028963,0.02149148489970721,0.08420843206427489,0,APP002500,0.027608468030901005
0.1980061451935998,0.2217475747339866,0.3825716911634094,0.5867174592629567,0.2217475747339866,-0.6827730105067226,0.02149148489970721,0.08509771624915914,0,APP005834,0.02271551445622887
0.7128170914866491,0.2217475747339866,-0.7645733282836001,0.428529803805432,0.2217475747339866,-0.08731751506028963,0.02149148489970721,0.08420843206427489,0,APP007841,0.01889181720207367
-0.065651348229771,0.2217475747339866,-0.05800312739151415,-0.09811915647475396,0.2217475747339866,0.5789806192848379,-0.022769130482054166,0.08420843206427489,0,APP007608,0.03440375934941001
-0.065651348229771,0.2217475747339866,0.8325034873269265,-0.09811915647475396,0.2217475747339866,0.5789806192848379,0.02149148489970721,0.08420843206427489,0,APP001870,0.03440375934941001
0.7128170914866491,0.2217475747339866,0.3825716911634094,0.5867174592629567,0.2217475747339866,0.5789806192848379,0.02149148489970721,0.08420843206427489,0,APP008993,0.0176683536199148
0.7128170914866491,0.2217475747339866,0.8325034873269265,0.5867174592629567,0.2217475747339866,-0.08731751506028963,0.02149148489970721,0.08420843206427489,0,APP000124,0.0176683536199148
0.7128170914866491,0.2217475747339866,0.8325034873269265,0.428529803805432,0.2217475747339866,-0.08731751506028963,0.02149148489970721,-0.09486472069567248,0,APP001029,0.02034449296474017
0.7128170914866491,0.2217475747339866,0.8325034873269265,0.428529803805432,0.2217475747339866,0.5789806192848379,0.5904081593270396,0.08420843206427489,0,APP000300,0.01889181720207367
-0.065651348229771,0.2217475747339866,0.8325034873269265,-0.8721886363285156,0.2217475747339866,-0.08731751506028963,0.02149148489970721,0.08420843206427489,0,APP003303,0.04738737154686286
0.7128170914866491,0.2217475747339866,-0.29843817581578497,0.5867174592629567,0.2217475747339866,0.5789806192848379,0.5904081593270396,0.08420843206427489,0,APP006916,0.0176683536199148
0.7128170914866491,0.2217475747339866,0.3825716911634094,0.5867174592629567,0.2217475747339866,-0.08731751506028963,0.02149148489970721,0.3774829969715081,0,APP001283,0.01564390502463836
0.7128170914866491,0.2217475747339866,-0.05800312739151415,0.5867174592629567,0.2217475747339866,0.5789806192848379,-0.022769130482054166,0.08420843206427489,0,APP000326,0.0176683536199148
0.1980061451935998,0.2217475747339866,-0.05800312739151415,-0.8721886363285156,0.2217475747339866,-0.6827730105067226,-0.8565108236092858,0.08420843206427489,0,APP000863,0.041791558609494746
0.1980061451935998,0.2217475747339866,-0.29843817581578497,-0.09811915647475396,0.2217475747339866,-0.08731751506028963,0.02149148489970721,0.3774829969715081,0,APP002612,0.026861018938613507
0.7128170914866491,0.2217475747339866,0.3825716911634094,0.428529803805432,0.2217475747339866,0.5789806192848379,-0.022769130482054166,0.08420843206427489,0,APP008776,0.01889181720207367
0.1980061451935998,-0.5688287511575048,-0.29843817581578497,-0.8721886363285156,-0.8725111649557269,-0.6827730105067226,-0.8565108236092858,-1.527679097450456,0,APP003733,0.11100901890374708
0.7128170914866491,0.2217475747339866,-0.05800312739151415,0.5867174592629567,0.2217475747339866,0.5789806192848379,-0.022769130482054166,0.08420843206427489,0,APP005960,0.0176683536199148
-0.065651348229771,0.2217475747339866,-0.05800312739151415,-0.09811915647475396,0.2217475747339866,-0.08731751506028963,0.02149148489970721,0.08420843206427489,1,APP004700,0.03440375934941001
0.7128170914866491,0.2217475747339866,0.8325034873269265,0.428529803805432,0.2217475747339866,0.5789806192848379,0.5904081593270396,0.08420843206427489,0,APP005423,0.01889181720207367
-0.065651348229771,0.2217475747339866,-0.29843817581578497,0.428529803805432,0.2217475747339866,-0.08731751506028963,0.02149148489970721,0.3774829969715081,0,APP007994,0.024473451480688066
-1.0113351309460183,0.2217475747339866,-0.05800312739151415,0.5867174592629567,0.2217475747339866,-0.08731751506028963,-0.022769130482054166,-0.09486472069567248,0,APP005004,0.04383306044636257
-0.35013955019267534,0.2217475747339866,-0.7645733282836001,-0.8721886363285156,0.2217475747339866,-0.08731751506028963,-0.8565108236092858,0.08509771624915914,0,APP001902,0.05420162084918719
0.1980061451935998,0.2217475747339866,-0.29843817581578497,-0.09811915647475396,0.2217475747339866,-0.08731751506028963,0.5904081593270396,-0.09486472069567248,0,APP002654,0.03259257627661918
0.7128170914866491,0.2217475747339866,0.3825716911634094,0.5867174592629567,0.2217475747339866,0.5789806192848379,0.02149148489970721,0.08420843206427489,0,APP000701,0.0176683536199148
0.7128170914866491,0.2217475747339866,0.3825716911634094,0.5867174592629567,0.2217475747339866,-0.08731751506028963,0.02149148489970721,0.3774829969715081,0,APP001450,0.01564390502463836
0.7128170914866491,0.2217475747339866,0.3825716911634094,0.5867174592629567,0.2217475747339866,0.5789806192848379,0.5904081593270396,0.08420843206427489,0,APP002812,0.0176683536199148
0.7128170914866491,0.2217475747339866,0.3825716911634094,-0.09811915647475396,0.2217475747339866,-0.6827730105067226,0.02149148489970721,0.08420843206427489,0,APP001941,0.02359372923339286
-0.065651348229771,0.2217475747339866,-0.05800312739151415,-0.8721886363285156,0.2217475747339866,-0.08731751506028963,-0.022769130482054166,0.08509771624915914,0,APP002652,0.047370434986555306
-0.35013955019267534,0.2217475747339866,-0.05800312739151415,-0.09811915647475396,0.2217475747339866,-0.08731751506028963,0.02149148489970721,0.08420843206427489,0,APP000161,0.03944247030090972
0.7128170914866491,0.2217475747339866,0.3825716911634094,0.5867174592629567,0.2217475747339866,-0.08731751506028963,0.02149148489970721,0.08420843206427489,0,APP004836,0.0176683536199148
0.7128170914866491,0.2217475747339866,-0.7645733282836001,-0.09811915647475396,0.2217475747339866,-0.08731751506028963,-0.022769130482054166,0.08420843206427489,1,APP008450,0.02359372923339286
-0.065651348229771,0.2217475747339866,0.3825716911634094,0.5867174592629567,0.2217475747339866,0.5789806192848379,0.5904081593270396,0.08420843206427489,0,APP001331,0.025835365521542593
0.7128170914866491,0.2217475747339866,0.3825716911634094,0.428529803805432,0.2217475747339866,0.5789806192848379,-0.022769130482054166,0.08420843206427489,0,APP008038,0.01889181720207367
0.1980061451935998,0.2217475747339866,-0.29843817581578497,0.5867174592629567,0.2217475747339866,-0.08731751506028963,0.02149148489970721,0.08420843206427489,0,APP008690,0.02272384630511342
-0.065651348229771,0.2217475747339866,0.3825716911634094,0.428529803805432,0.2217475747339866,-0.08731751506028963,0.5904081593270396,0.08420843206427489,0,APP000218,0.027608468030901005
-1.0113351309460183,-1.910002676996926,-0.05800312739151415,-0.8721886363285156,-1.197437410579879,-0.6827730105067226,-0.8565108236092858,-1.527679097450456,0,APP004356,0.30014529727952793
0.1980061451935998,0.2217475747339866,0.3825716911634094,-0.09811915647475396,0.2217475747339866,-0.08731751506028963,0.02149148489970721,0.08420843206427489,0,APP007860,0.030292382522712033
-0.065651348229771,0.2217475747339866,0.3825716911634094,0.428529803805432,0.2217475747339866,-0.6827730105067226,0.02149148489970721,-0.09486472069567248,0,APP003038,0.029711108117363834
-0.35013955019267534,0.2217475747339866,0.8325034873269265,-0.8721886363285156,0.2217475747339866,-0.08731751506028963,-0.8565108236092858,0.08420843206427489,0,APP007247,0.05422086078018935
0.7128170914866491,0.2217475747339866,-0.05800312739151415,0.5867174592629567,0.2217475747339866,-0.08731751506028963,0.02149148489970721,0.08420843206427489,0,APP006896,0.0176683536199148
-0.065651348229771,0.2217475747339866,0.3825716911634094,0.5867174592629567,0.2217475747339866,-0.08731751506028963,0.02149148489970721,0.08420843206427489,1,APP007863,0.025835365521542593
0.7128170914866491,0.2217475747339866,0.8325034873269265,0.428529803805432,0.2217475747339866,-0.08731751506028963,0.5904081593270396,0.3774829969715081,0,APP001235,0.01672957096901055
-0.065651348229771,0.2217475747339866,-0.05800312739151415,0.5867174592629567,0.2217475747339866,-0.08731751506028963,0.5904081593270396,0.08420843206427489,0,APP005139,0.025835365521542593
-0.065651348229771,-0.8003405521422314,0.3825716911634094,0.5867174592629567,-0.8725111649557269,-0.08731751506028963,0.02149148489970721,-0.09486472069567248,0,APP008295,0.04420586285922401
-0.35013955019267534,0.2217475747339866,-0.29843817581578497,0.5867174592629567,0.2217475747339866,-0.08731751506028963,-0.022769130482054166,-0.09486472069567248,0,APP000027,0.03191129619574281
0.1980061451935998,0.2217475747339866,-0.05800312739151415,0.5867174592629567,0.2217475747339866,0.5789806192848379,0.02149148489970721,0.08420843206427489,0,APP005408,0.02272384630511342
0.7128170914866491,0.2217475747339866,-0.05800312739151415,0.5867174592629567,0.2217475747339866,-0.08731751506028963,0.02149148489970721,0.08420843206427489,0,APP004445,0.0176683536199148
0.7128170914866491,0.2217475747339866,0.3825716911634094,-0.09811915647475396,0.2217475747339866,-0.08731751506028963,0.5904081593270396,0.08509771624915914,0,APP000513,0.02358508613350342
-1.0113351309460183,-0.8003405521422314,-0.7645733282836001,-0.09811915647475396,-1.197437410579879,-0.08731751506028963,0.02149148489970721,0.3774829969715081,0,APP000910,0.07543751436300848
0.7128170914866491,0.2217475747339866,0.8325034873269265,0.428529803805432,0.2217475747339866,0.5789806192848379,0.02149148489970721,0.08420843206427489,0,APP005189,0.01889181720207367
0.1980061451935998,0.2217475747339866,-0.29843817581578497,-0.09811915647475396,0.2217475747339866,0.5789806192848379,0.02149148489970721,0.08420843206427489,0,APP002386,0.030292382522712033
-1.0113351309460183,-1.910002676996926,-0.7645733282836001,-0.8721886363285156,-1.197437410579879,-0.6827730105067226,-0.022769130482054166,-1.527679097450456,0,APP004196,0.30014529727952793
0.7128170914866491,0.2217475747339866,0.8325034873269265,0.5867174592629567,0.2217475747339866,0.5789806192848379,0.02149148489970721,0.08420843206427489,0,APP003499,0.0176683536199148
-0.065651348229771,0.2217475747339866,-0.05800312739151415,-0.09811915647475396,0.2217475747339866,-0.08731751506028963,-0.022769130482054166,0.08420843206427489,0,APP006424,0.03440375934941001
0.1980061451935998,0.2217475747339866,0.3825716911634094,-0.09811915647475396,0.2217475747339866,-0.08731751506028963,-0.8565108236092858,-0.09486472069567248,0,APP000703,0.03259257627661918
-0.065651348229771,0.2217475747339866,0.3825716911634094,0.5867174592629567,0.2217475747339866,0.5789806192848379,0.02149148489970721,0.08420843206427489,0,APP008723,0.025835365521542593
-0.065651348229771,0.2217475747339866,0.3825716911634094,0.5867174592629567,0.2217475747339866,0.5789806192848379,0.5904081593270396,0.08420843206427489,0,APP005855,0.025835365521542593
-0.35013955019267534,0.2217475747339866,-0.29843817581578497,-0.8721886363285156,0.2217475747339866,0.5789806192848379,0.02149148489970721,0.08420843206427489,0,APP003819,0.05422086078018935
-0.35013955019267534,-0.5688287511575048,-0.29843817581578497,-0.8721886363285156,-0.8725111649557269,-0.6827730105067226,0.02149148489970721,-0.09486472069567248,0,APP001563,0.08228864724435386
-0.065651348229771,0.2217475747339866,0.3825716911634094,-0.09811915647475396,0.2217475747339866,-0.08731751506028963,0.02149148489970721,0.08420843206427489,0,APP001406,0.03440375934941001
0.7128170914866491,0.2217475747339866,-0.05800312739151415,0.5867174592629567,0.2217475747339866,-0.08731751506028963,0.5904081593270396,0.08420843206427489,0,APP004108,0.0176683536199148
0.7128170914866491,0.2217475747339866,0.3825716911634094,0.5867174592629567,0.2217475747339866,0.5789806192848379,0.5904081593270396,0.08420843206427489,0,APP005180,0.0176683536199148
0.7128170914866491,0.2217475747339866,0.3825716911634094,0.428529803805432,0.2217475747339866,0.5789806192848379,0.5904081593270396,0.3774829969715081,0,APP003463,0.01672957096901055
0.7128170914866491,0.2217475747339866,0.8325034873269265,0.428529803805432,0.2217475747339866,-0.08731751506028963,0.02149148489970721,0.3774829969715081,0,APP004403,0.01672957096901055
0.7128170914866491,0.2217475747339866,-0.05800312739151415,0.428529803805432,0.2217475747339866,0.5789806192848379,0.5904081593270396,0.08420843206427489,0,APP000868,0.01889181720207367
-0.35013955019267534,0.2217475747339866,0.8325034873269265,0.5867174592629567,0.2217475747339866,-0.08731751506028963,0.5904081593270396,0.08420843206427489,0,APP005947,0.0296577092053339
0.1980061451935998,0.2217475747339866,-0.29843817581578497,0.5867174592629567,0.2217475747339866,-0.6827730105067226,0.02149148489970721,0.08509771624915914,0,APP004682,0.02271551445622887
-0.065651348229771,0.2217475747339866,0.3825716911634094,-0.09811915647475396,0.2217475747339866,-0.08731751506028963,-0.8565108236092858,0.3774829969715081,0,APP002220,0.03052133866757444
0.7128170914866491,0.2217475747339866,-0.05800312739151415,0.428529803805432,0.2217475747339866,0.5789806192848379,0.02149148489970721,0.08420843206427489,0,APP006737,0.01889181720207367
-1.0113351309460183,0.2217475747339866,-0.29843817581578497,-0.09811915647475396,0.2217475747339866,-0.08731751506028963,0.02149148489970721,0.3774829969715081,0,APP003973,0.04803475569565855
-1.0113351309460183,-0.5688287511575048,-0.7645733282836001,-0.8721886363285156,-0.8725111649557269,-0.6827730105067226,-0.8565108236092858,0.08509771624915914,0,APP000458,0.10360749965329094
-0.35013955019267534,-0.5688287511575048,-0.7645733282836001,-0.09811915647475396,-0.513258900002694,-0.6827730105067226,-0.8565108236092858,0.3774829969715081,0,APP003957,0.04998794932890245
0.7128170914866491,0.2217475747339866,-0.05800312739151415,0.428529803805432,0.2217475747339866,0.5789806192848379,-0.022769130482054166,0.08420843206427489,0,APP008196,0.01889181720207367
0.7128170914866491,0.2217475747339866,-0.05800312739151415,0.428529803805432,0.2217475747339866,0.5789806192848379,-0.022769130482054166,0.08420843206427489,0,APP000970,0.01889181720207367
-0.35013955019267534,0.2217475747339866,-0.7645733282836001,-0.8721886363285156,0.2217475747339866,-0.08731751506028963,-0.022769130482054166,-0.09486472069567248,0,APP006203,0.058228912647221596
0.7128170914866491,0.2217475747339866,0.3825716911634094,0.428529803805432,0.2217475747339866,-0.08731751506028963,0.02149148489970721,-0.09486472069567248,0,APP006441,0.02034449296474017
0.7128170914866491,0.2217475747339866,-0.05800312739151415,-0.09811915647475396,0.2217475747339866,-0.08731751506028963,0.02149148489970721,0.08420843206427489,0,APP005840,0.02359372923339286
0.1980061451935998,-0.8003405521422314,-0.7645733282836001,-0.09811915647475396,-0.8725111649557269,-0.6827730105067226,-0.022769130482054166,-0.09486472069567248,0,APP003327,0.05166401052064578
0.7128170914866491,0.2217475747339866,-0.05800312739151415,-0.09811915647475396,0.2217475747339866,0.5789806192848379,0.02149148489970721,0.08420843206427489,0,APP001588,0.02359372923339286
-0.065651348229771,0.2217475747339866,-0.05800312739151415,-0.09811915647475396,0.2217475747339866,-0.08731751506028963,0.02149148489970721,-0.09486472069567248,0,APP005481,0.037004229377386705
0.7128170914866491,0.2217475747339866,-0.05800312739151415,0.5867174592629567,0.2217475747339866,-0.08731751506028963,0.02149148489970721,-0.09486472069567248,0,APP006767,0.019028776483465123
-1.0113351309460183,0.2217475747339866,-0.7645733282836001,-0.8721886363285156,0.2217475747339866,-0.08731751506028963,-0.8565108236092858,0.08509771624915914,0,APP005829,0.07381588249321112
0.7128170914866491,0.2217475747339866,-0.05800312739151415,0.5867174592629567,0.2217475747339866,-0.08731751506028963,0.5904081593270396,0.08420843206427489,0,APP001577,0.0176683536199148
-0.065651348229771,0.2217475747339866,0.3825716911634094,0.428529803805432,0.2217475747339866,0.5789806192848379,0.5904081593270396,0.08420843206427489,0,APP003913,0.027608468030901005
-0.065651348229771,0.2217475747339866,-0.29843817581578497,-0.09811915647475396,0.2217475747339866,-0.08731751506028963,-0.8565108236092858,0.3774829969715081,0,APP000504,0.03052133866757444
0.1980061451935998,0.2217475747339866,-0.29843817581578497,-0.09811915647475396,0.2217475747339866,0.5789806192848379,-0.8565108236092858,0.08420843206427489,0,APP008002,0.030292382522712033
-0.35013955019267534,-0.5688287511575048,-0.05800312739151415,-0.09811915647475396,-0.8725111649557269,-0.08731751506028963,-0.022769130482054166,0.08509771624915914,0,APP004110,0.05618313669498817
0.1980061451935998,0.2217475747339866,0.8325034873269265,0.5867174592629567,0.2217475747339866,-0.08731751506028963,0.02149148489970721,-0.09486472069567248,0,APP001117,0.024463836449831418
0.7128170914866491,0.2217475747339866,0.3825716911634094,0.428529803805432,0.2217475747339866,0.5789806192848379,0.5904081593270396,0.08420843206427489,0,APP000675,0.01889181720207367
-0.35013955019267534,-0.5688287511575048,-0.05800312739151415,-0.8721886363285156,-0.8725111649557269,-0.08731751506028963,-0.022769130482054166,-0.09486472069567248,0,APP001546,0.08228864724435386
0.7128170914866491,0.2217475747339866,0.8325034873269265,0.5867174592629567,0.2217475747339866,-0.08731751506028963,0.02149148489970721,0.3774829969715081,0,APP000259,0.01564390502463836
0.7128170914866491,0.2217475747339866,0.8325034873269265,0.428529803805432,0.2217475747339866,0.5789806192848379,0.5904081593270396,0.08420843206427489,0,APP006059,0.01889181720207367
0.1980061451935998,0.2217475747339866,-0.05800312739151415,0.5867174592629567,0.2217475747339866,-0.08731751506028963,0.5904081593270396,0.08420843206427489,1,APP001222,0.02272384630511342
0.7128170914866491,0.2217475747339866,0.8325034873269265,0.5867174592629567,0.2217475747339866,0.5789806192848379,0.5904081593270396,0.08420843206427489,0,APP008198,0.0176683536199148
-0.35013955019267534,0.2217475747339866,0.3825716911634094,0.428529803805432,0.2217475747339866,-0.08731751506028963,-0.8565108236092858,-0.09486472069567248,0,APP008658,0.0340868038233671
0.7128170914866491,0.2217475747339866,-0.29843817581578497,0.5867174592629567,0.2217475747339866,0.5789806192848379,0.02149148489970721,0.08420843206427489,0,APP007474,0.0176683536199148
-1.0113351309460183,0.2217475747339866,-0.7645733282836001,-0.8721886363285156,0.2217475747339866,-0.08731751506028963,-0.8565108236092858,0.08420843206427489,0,APP008896,0.07384154130962636
-1.0113351309460183,-0.5688287511575048,0.3825716911634094,-0.8721886363285156,-0.8725111649557269,-0.08731751506028963,-0.8565108236092858,0.3774829969715081,0,APP007254,0.0926965359430471
-0.065651348229771,0.2217475747339866,-0.05800312739151415,0.5867174592629567,0.2217475747339866,-0.08731751506028963,-0.022769130482054166,-0.09486472069567248,0,APP001799,0.02780682905467762
0.7128170914866491,0.2217475747339866,-0.05800312739151415,-0.09811915647475396,0.2217475747339866,-0.6827730105067226,0.02149148489970721,0.08509771624915914,0,APP005107,0.02358508613350342
0.7128170914866491,0.2217475747339866,0.3825716911634094,0.5867174592629567,0.2217475747339866,0.5789806192848379,0.02149148489970721,0.08420843206427489,0,APP006772,0.0176683536199148
0.7128170914866491,0.2217475747339866,0.8325034873269265,-0.09811915647475396,0.2217475747339866,0.5789806192848379,0.02149148489970721,0.08420843206427489,0,APP000079,0.02359372923339286
-1.0113351309460183,0.2217475747339866,-0.7645733282836001,-0.8721886363285156,0.2217475747339866,-0.6827730105067226,-0.022769130482054166,-1.527679097450456,0,APP002754,0.13599516551899613
-0.065651348229771,-0.5688287511575048,-0.7645733282836001,-0.09811915647475396,-0.513258900002694,0.5789806192848379,0.02149148489970721,0.08420843206427489,0,APP008701,0.04913271166067861
-0.35013955019267534,0.2217475747339866,0.3825716911634094,-0.09811915647475396,0.2217475747339866,-0.08731751506028963,-0.022769130482054166,0.08420843206427489,0,APP007887,0.03944247030090972
0.1980061451935998,0.2217475747339866,-0.05800312739151415,-0.09811915647475396,0.2217475747339866,-0.08731751506028963,-0.022769130482054166,0.08420843206427489,0,APP000509,0.030292382522712033
-0.35013955019267534,-0.5688287511575048,-0.29843817581578497,-0.8721886363285156,-0.9834263428289417,-0.08731751506028963,-0.022769130482054166,-0.09486472069567248,0,APP005632,0.08228864724435386
0.7128170914866491,0.2217475747339866,-0.05800312739151415,-0.09811915647475396,0.2217475747339866,-0.6827730105067226,0.02149148489970721,0.08509771624915914,0,APP005251,0.02358508613350342
0.7128170914866491,0.2217475747339866,0.8325034873269265,0.428529803805432,0.2217475747339866,-0.08731751506028963,0.5904081593270396,0.08420843206427489,0,APP000314,0.01889181720207367
-0.065651348229771,0.2217475747339866,-0.7645733282836001,-0.8721886363285156,0.2217475747339866,-0.08731751506028963,-0.022769130482054166,0.3774829969715081,0,APP000202,0.042103654249744674
-0.35013955019267534,-0.5688287511575048,-0.29843817581578497,-0.8721886363285156,-0.8725111649557269,-0.08731751506028963,0.02149148489970721,0.08509771624915914,0,APP006575,0.07673289156497146
0.7128170914866491,0.2217475747339866,0.8325034873269265,0.428529803805432,0.2217475747339866,0.5789806192848379,0.02149148489970721,0.08420843206427489,0,APP004563,0.01889181720207367
0.7128170914866491,0.2217475747339866,0.8325034873269265,0.428529803805432,0.2217475747339866,-0.08731751506028963,0.02149148489970721,0.08420843206427489,0,APP002184,0.01889181720207367
0.7128170914866491,0.2217475747339866,0.3825716911634094,-0.8721886363285156,0.2217475747339866,-0.08731751506028963,0.5904081593270396,0.08420843206427489,0,APP006560,0.03263563498364616
0.7128170914866491,0.2217475747339866,0.3825716911634094,-0.09811915647475396,0.2217475747339866,0.5789806192848379,0.5904081593270396,0.3774829969715081,0,APP003328,0.020904796424193146
-0.35013955019267534,0.2217475747339866,-0.29843817581578497,-0.09811915647475396,0.2217475747339866,-0.08731751506028963,0.02149148489970721,0.3774829969715081,0,APP002528,0.035012055071022154
-1.0113351309460183,0.2217475747339866,-0.29843817581578497,0.5867174592629567,0.2217475747339866,-0.08731751506028963,-0.022769130482054166,-0.09486472069567248,0,APP006054,0.04383306044636257
0.1980061451935998,0.2217475747339866,0.3825716911634094,-0.09811915647475396,0.2217475747339866,-0.08731751506028963,-0.8565108236092858,0.3774829969715081,0,APP004772,0.026861018938613507
-0.065651348229771,0.2217475747339866,0.3825716911634094,-0.09811915647475396,0.2217475747339866,-0.08731751506028963,0.02149148489970721,0.08420843206427489,0,APP003427,0.03440375934941001
-1.0113351309460183,0.2217475747339866,-0.7645733282836001,-0.8721886363285156,0.2217475747339866,-0.6827730105067226,-0.022769130482054166,-1.527679097450456,0,APP004416,0.13599516551899613
-0.065651348229771,0.2217475747339866,0.3825716911634094,-0.09811915647475396,0.2217475747339866,0.5789806192848379,0.02149148489970721,0.08420843206427489,0,APP005650,0.03440375934941001
-0.065651348229771,0.2217475747339866,-0.05800312739151415,0.428529803805432,0.2217475747339866,0.5789806192848379,0.02149148489970721,0.08420843206427489,0,APP003508,0.027608468030901005
-0.065651348229771,0.2217475747339866,0.3825716911634094,-0.09811915647475396,0.2217475747339866,-0.6827730105067226,0.02149148489970721,-1.527679097450456,0,APP007528,0.06571740909030746
-0.065651348229771,0.2217475747339866,0.8325034873269265,0.428529803805432,0.2217475747339866,0.5789806192848379,0.02149148489970721,0.08420843206427489,0,APP001343,0.027608468030901005
0.7128170914866491,0.2217475747339866,0.3825716911634094,0.5867174592629567,0.2217475747339866,-0.08731751506028963,0.02149148489970721,0.3774829969715081,0,APP000725,0.01564390502463836
-0.065651348229771,0.2217475747339866,0.8325034873269265,0.5867174592629567,0.2217475747339866,0.5789806192848379,0.02149148489970721,0.3774829969715081,0,APP006809,0.02289694860171144
-0.065651348229771,-0.5688287511575048,-0.7645733282836001,-0.09811915647475396,-0.9834263428289417,-0.6827730105067226,-0.022769130482054166,0.08509771624915914,0,APP000631,0.049115183466189545
0.1980061451935998,0.2217475747339866,0.3825716911634094,0.5867174592629567,0.2217475747339866,-0.08731751506028963,-0.8565108236092858,0.08420843206427489,0,APP001385,0.02272384630511342
-0.065651348229771,0.2217475747339866,-0.05800312739151415,-0.09811915647475396,0.2217475747339866,-0.08731751506028963,0.02149148489970721,0.08420843206427489,0,APP001152,0.03440375934941001
-1.0113351309460183,-0.8003405521422314,-0.7645733282836001,-0.09811915647475396,-0.9834263428289417,-0.08731751506028963,-0.022769130482054166,0.08420843206427489,0,APP007550,0.08453523198230492
0.1980061451935998,0.2217475747339866,-0.29843817581578497,-0.8721886363285156,0.2217475747339866,-0.08731751506028963,0.5904081593270396,0.08420843206427489,0,APP007560,0.041791558609494746
0.1980061451935998,0.2217475747339866,-0.29843817581578497,-0.09811915647475396,0.2217475747339866,-0.08731751506028963,0.5904081593270396,0.08420843206427489,0,APP006990,0.030292382522712033
0.1980061451935998,0.2217475747339866,-0.7645733282836001,-0.09811915647475396,0.2217475747339866,-0.08731751506028963,0.02149148489970721,0.08420843206427489,1,APP003925,0.030292382522712033
-0.35013955019267534,0.2217475747339866,0.3825716911634094,-0.09811915647475396,0.2217475747339866,-0.08731751506028963,0.5904081593270396,0.08420843206427489,0,APP002360,0.03944247030090972
0.1980061451935998,0.2217475747339866,-0.29843817581578497,-0.8721886363285156,0.2217475747339866,0.5789806192848379,0.02149148489970721,0.3774829969715081,0,APP008612,0.037107473034896754
-0.065651348229771,0.2217475747339866,0.3825716911634094,0.5867174592629567,0.2217475747339866,-0.08731751506028963,0.02149148489970721,0.08509771624915914,0,APP006668,0.025825922962349028
-0.35013955019267534,0.2217475747339866,-0.7645733282836001,-0.8721886363285156,0.2217475747339866,-0.6827730105067226,-0.022769130482054166,-1.527679097450456,0,APP000123,0.10167243926100993
-1.0113351309460183,0.2217475747339866,-0.05800312739151415,-0.09811915647475396,0.2217475747339866,0.5789806192848379,0.5904081593270396,0.08420843206427489,0,APP002867,0.05402080951084046
0.1980061451935998,0.2217475747339866,-0.05800312739151415,-0.09811915647475396,0.2217475747339866,-0.08731751506028963,-0.022769130482054166,0.3774829969715081,0,APP005503,0.026861018938613507
0.7128170914866491,0.2217475747339866,-0.05800312739151415,0.428529803805432,0.2217475747339866,0.5789806192848379,-0.022769130482054166,0.08420843206427489,0,APP008367,0.01889181720207367
0.7128170914866491,0.2217475747339866,0.3825716911634094,0.5867174592629567,0.2217475747339866,-0.08731751506028963,0.02149148489970721,0.08420843206427489,0,APP004408,0.0176683536199148
-0.065651348229771,0.2217475747339866,-0.7645733282836001,0.5867174592629567,0.2217475747339866,-0.08731751506028963,0.02149148489970721,0.3774829969715081,0,APP002021,0.02289694860171144
0.7128170914866491,0.2217475747339866,-0.05800312739151415,-0.09811915647475396,0.2217475747339866,-0.08731751506028963,0.02149148489970721,0.08420843206427489,0,APP007855,0.02359372923339286
-0.065651348229771,-0.8003405521422314,-0.29843817581578497,-0.09811915647475396,-0.513258900002694,-0.6827730105067226,0.02149148489970721,-1.527679097450456,0,APP001429,0.10212554798406322
-0.065651348229771,0.2217475747339866,-0.7645733282836001,-0.8721886363285156,0.2217475747339866,-0.08731751506028963,0.5904081593270396,-0.09486472069567248,0,APP001323,0.05091748095967704
-1.0113351309460183,0.2217475747339866,-0.7645733282836001,-0.8721886363285156,0.2217475747339866,-0.08731751506028963,-0.8565108236092858,0.08420843206427489,0,APP003679,0.07384154130962636
-0.065651348229771,0.2217475747339866,0.3825716911634094,0.428529803805432,0.2217475747339866,-0.08731751506028963,0.02149148489970721,0.08509771624915914,0,APP001144,0.027598395780540387
0.7128170914866491,0.2217475747339866,-0.05800312739151415,-0.8721886363285156,0.2217475747339866,-0.08731751506028963,-0.022769130482054166,0.08509771624915914,0,APP003916,0.03262379023070027
-0.065651348229771,-0.8003405521422314,0.3825716911634094,-0.09811915647475396,-1.197437410579879,-0.08731751506028963,0.5904081593270396,0.08420843206427489,0,APP003712,0.0544753227247272
0.1980061451935998,0.2217475747339866,-0.29843817581578497,-0.8721886363285156,0.2217475747339866,-0.08731751506028963,-0.022769130482054166,0.08420843206427489,0,APP002954,0.041791558609494746
0.7128170914866491,0.2217475747339866,0.3825716911634094,0.5867174592629567,0.2217475747339866,-0.08731751506028963,0.5904081593270396,0.3774829969715081,0,APP007751,0.01564390502463836
-0.065651348229771,0.2217475747339866,0.3825716911634094,-0.09811915647475396,0.2217475747339866,0.5789806192848379,0.02149148489970721,0.3774829969715081,0,APP006543,0.03052133866757444
0.7128170914866491,0.2217475747339866,0.8325034873269265,0.428529803805432,0.2217475747339866,0.5789806192848379,0.5904081593270396,0.08420843206427489,0,APP008161,0.01889181720207367
0.7128170914866491,0.2217475747339866,0.8325034873269265,0.5867174592629567,0.2217475747339866,0.5789806192848379,0.02149148489970721,0.3774829969715081,0,APP002082,0.01564390502463836
0.7128170914866491,0.2217475747339866,0.3825716911634094,0.428529803805432,0.2217475747339866,0.5789806192848379,0.5904081593270396,0.08420843206427489,0,APP002350,0.01889181720207367
0.7128170914866491,0.2217475747339866,0.8325034873269265,0.5867174592629567,0.2217475747339866,-0.08731751506028963,0.02149148489970721,0.08420843206427489,0,APP001120,0.0176683536199148
0.7128170914866491,0.2217475747339866,0.8325034873269265,-0.09811915647475396,0.2217475747339866,-0.08731751506028963,0.5904081593270396,-0.09486472069567248,0,APP006558,0.0253985961957803
-0.065651348229771,0.2217475747339866,-0.29843817581578497,-0.09811915647475396,0.2217475747339866,-0.08731751506028963,0.02149148489970721,0.08420843206427489,0,APP001065,0.03440375934941001
0.7128170914866491,0.2217475747339866,-0.7645733282836001,0.5867174592629567,0.2217475747339866,-0.08731751506028963,0.5904081593270396,0.3774829969715081,0,APP006602,0.01564390502463836
-0.065651348229771,0.2217475747339866,-0.05800312739151415,-0.09811915647475396,0.2217475747339866,-0.08731751506028963,0.02149148489970721,0.08420843206427489,0,APP003659,0.03440375934941001
0.7128170914866491,0.2217475747339866,0.3825716911634094,0.5867174592629567,0.2217475747339866,-0.08731751506028963,-0.022769130482054166,0.08420843206427489,0,APP004153,0.0176683536199148
-0.065651348229771,0.2217475747339866,0.3825716911634094,0.428529803805432,0.2217475747339866,-0.08731751506028963,-0.022769130482054166,0.08420843206427489,0,APP000937,0.027608468030901005
0.1980061451935998,0.2217475747339866,-0.05800312739151415,-0.8721886363285156,0.2217475747339866,-0.08731751506028963,0.02149148489970721,0.3774829969715081,0,APP003564,0.037107473034896754
0.7128170914866491,0.2217475747339866,-0.05800312739151415,0.5867174592629567,0.2217475747339866,-0.08731751506028963,0.02149148489970721,0.08420843206427489,0,APP001517,0.0176683536199148
-1.0113351309460183,-0.5688287511575048,-0.7645733282836001,-0.8721886363285156,-1.197437410579879,0.5789806192848379,-0.022769130482054166,0.08420843206427489,0,APP001683,0.10364235537066266
0.1980061451935998,0.2217475747339866,-0.29843817581578497,-0.09811915647475396,0.2217475747339866,-0.08731751506028963,-0.8565108236092858,-0.09486472069567248,0,APP008298,0.03259257627661918
-0.35013955019267534,0.2217475747339866,0.3825716911634094,0.5867174592629567,0.2217475747339866,0.5789806192848379,0.02149148489970721,0.08420843206427489,0,APP008509,0.0296577092053339
-0.065651348229771,0.2217475747339866,-0.05800312739151415,-0.09811915647475396,0.2217475747339866,-0.08731751506028963,0.5904081593270396,-0.09486472069567248,0,APP004093,0.037004229377386705
-0.065651348229771,0.2217475747339866,-0.05800312739151415,-0.09811915647475396,0.2217475747339866,0.5789806192848379,0.02149148489970721,0.08420843206427489,0,APP005593,0.03440375934941001
0.7128170914866491,0.2217475747339866,0.8325034873269265,0.428529803805432,0.2217475747339866,0.5789806192848379,0.02149148489970721,0.08420843206427489,0,APP002859,0.01889181720207367
0.1980061451935998,0.2217475747339866,0.3825716911634094,0.5867174592629567,0.2217475747339866,-0.08731751506028963,0.02149148489970721,0.08509771624915914,0,APP005923,0.02271551445622887
0.7128170914866491,0.2217475747339866,-0.05800312739151415,0.5867174592629567,0.2217475747339866,0.5789806192848379,0.02149148489970721,0.08420843206427489,0,APP000410,0.0176683536199148
-1.0113351309460183,-0.5688287511575048,-0.29843817581578497,-0.09811915647475396,-0.8725111649557269,-0.08731751506028963,-0.022769130482054166,0.3774829969715081,0,APP003345,0.06818731701954446
-1.0113351309460183,-0.5688287511575048,-0.7645733282836001,-0.8721886363285156,-0.8725111649557269,-0.08731751506028963,-0.8565108236092858,-0.09486472069567248,0,APP005253,0.11087540540922053
0.7128170914866491,0.2217475747339866,0.3825716911634094,0.428529803805432,0.2217475747339866,-0.08731751506028963,0.02149148489970721,0.08420843206427489,0,APP007050,0.01889181720207367
0.1980061451935998,-0.5688287511575048,-0.05800312739151415,-0.8721886363285156,-1.197437410579879,-0.08731751506028963,0.02149148489970721,0.08509771624915914,1,APP007226,0.05946752895211999
-0.35013955019267534,0.2217475747339866,-0.29843817581578497,-0.8721886363285156,0.2217475747339866,-0.08731751506028963,-0.022769130482054166,0.08509771624915914,0,APP008942,0.05420162084918719
-0.065651348229771,0.2217475747339866,-0.05800312739151415,-0.09811915647475396,0.2217475747339866,0.5789806192848379,0.02149148489970721,0.08420843206427489,0,APP007453,0.03440375934941001
0.7128170914866491,0.2217475747339866,0.3825716911634094,0.5867174592629567,0.2217475747339866,-0.08731751506028963,0.5904081593270396,0.3774829969715081,0,APP007485,0.01564390502463836
-0.065651348229771,0.2217475747339866,-0.05800312739151415,0.5867174592629567,0.2217475747339866,-0.08731751506028963,0.02149148489970721,0.08420843206427489,0,APP003281,0.025835365521542593
-0.35013955019267534,0.2217475747339866,0.3825716911634094,0.5867174592629567,0.2217475747339866,-0.08731751506028963,0.5904081593270396,0.3774829969715081,0,APP003540,0.026296288551937438
0.7128170914866491,0.2217475747339866,-0.05800312739151415,0.428529803805432,0.2217475747339866,-0.08731751506028963,-0.022769130482054166,-0.09486472069567248,0,APP000284,0.02034449296474017
-1.0113351309460183,-1.910002676996926,0.3825716911634094,0.5867174592629567,-0.513258900002694,-0.08731751506028963,-0.022769130482054166,0.08509771624915914,0,APP006258,0.10375982290084548
-0.35013955019267534,0.2217475747339866,0.3825716911634094,-0.09811915647475396,0.2217475747339866,-0.08731751506028963,0.5904081593270396,0.08420843206427489,0,APP004553,0.03944247030090972
-0.35013955019267534,-0.8003405521422314,-0.7645733282836001,-0.8721886363285156,-0.8725111649557269,-0.6827730105067226,-0.8565108236092858,-1.527679097450456,0,APP002075,0.15470171121476634
0.7128170914866491,0.2217475747339866,-0.05800312739151415,-0.09811915647475396,0.2217475747339866,0.5789806192848379,-0.022769130482054166,0.3774829969715081,0,APP001842,0.020904796424193146
0.7128170914866491,0.2217475747339866,0.3825716911634094,0.5867174592629567,0.2217475747339866,-0.08731751506028963,0.02149148489970721,-0.09486472069567248,0,APP002672,0.019028776483465123
-0.065651348229771,0.2217475747339866,0.3825716911634094,-0.09811915647475396,0.2217475747339866,-0.6827730105067226,0.02149148489970721,0.08420843206427489,1,APP000640,0.03440375934941001
-0.35013955019267534,0.2217475747339866,-0.05800312739151415,-0.09811915647475396,0.2217475747339866,0.5789806192848379,-0.022769130482054166,0.08420843206427489,1,APP008794,0.03944247030090972
0.7128170914866491,0.2217475747339866,0.8325034873269265,0.428529803805432,0.2217475747339866,0.5789806192848379,0.5904081593270396,0.08420843206427489,0,APP001815,0.01889181720207367
0.7128170914866491,0.2217475747339866,-0.05800312739151415,0.5867174592629567,0.2217475747339866,0.5789806192848379,0.02149148489970721,0.08420843206427489,0,APP005646,0.0176683536199148
0.7128170914866491,0.2217475747339866,0.8325034873269265,0.428529803805432,0.2217475747339866,0.5789806192848379,0.02149148489970721,0.08420843206427489,0,APP008529,0.01889181720207367
-1.0113351309460183,-1.910002676996926,-0.7645733282836001,-0.8721886363285156,-1.197437410579879,-0.6827730105067226,-0.8565108236092858,-1.527679097450456,0,APP007375,0.30014529727952793
0.7128170914866491,0.2217475747339866,0.3825716911634094,0.428529803805432,0.2217475747339866,-0.08731751506028963,0.02149148489970721,0.08509771624915914,0,APP008174,0.018884863241121562
0.1980061451935998,0.2217475747339866,0.3825716911634094,-0.09811915647475396,0.2217475747339866,-0.6827730105067226,0.02149148489970721,-0.09486472069567248,0,APP002793,0.03259257627661918
-0.065651348229771,0.2217475747339866,-0.05800312739151415,-0.09811915647475396,0.2217475747339866,-0.08731751506028963,0.02149148489970721,0.08509771624915914,0,APP007439,0.03439129568892732
0.7128170914866491,0.2217475747339866,0.3825716911634094,0.5867174592629567,0.2217475747339866,-0.08731751506028963,0.02149148489970721,0.08420843206427489,0,APP005362,0.0176683536199148
0.7128170914866491,0.2217475747339866,-0.05800312739151415,0.5867174592629567,0.2217475747339866,-0.08731751506028963,0.5904081593270396,0.08420843206427489,0,APP008505,0.0176683536199148
-1.0113351309460183,-0.8003405521422314,-0.29843817581578497,-0.8721886363285156,-0.513258900002694,-0.6827730105067226,0.02149148489970721,-1.527679097450456,1,APP007472,0.20288311899526615
-0.065651348229771,-0.5688287511575048,0.3825716911634094,-0.09811915647475396,-0.8725111649557269,-0.08731751506028963,0.5904081593270396,-0.09486472069567248,0,APP001058,0.052785635192994465
0.7128170914866491,0.2217475747339866,0.3825716911634094,-0.09811915647475396,0.2217475747339866,-0.08731751506028963,0.5904081593270396,0.08420843206427489,0,APP006026,0.02359372923339286
0.1980061451935998,0.2217475747339866,-0.05800312739151415,0.5867174592629567,0.2217475747339866,-0.6827730105067226,0.5904081593270396,-0.09486472069567248,0,APP001649,0.024463836449831418
0.7128170914866491,0.2217475747339866,-0.05800312739151415,0.5867174592629567,0.2217475747339866,-0.08731751506028963,0.5904081593270396,-0.09486472069567248,0,APP007926,0.019028776483465123
0.7128170914866491,0.2217475747339866,0.3825716911634094,0.5867174592629567,0.2217475747339866,-0.08731751506028963,0.02149148489970721,0.08420843206427489,0,APP001149,0.0176683536199148
0.7128170914866491,0.2217475747339866,0.3825716911634094,-0.09811915647475396,0.2217475747339866,0.5789806192848379,0.5904081593270396,0.08420843206427489,0,APP004687,0.02359372923339286
0.1980061451935998,0.2217475747339866,-0.29843817581578497,-0.09811915647475396,0.2217475747339866,0.5789806192848379,-0.022769130482054166,0.08420843206427489,0,APP001610,0.030292382522712033
0.1980061451935998,0.2217475747339866,-0.05800312739151415,0.5867174592629567,0.2217475747339866,-0.08731751506028963,0.02149148489970721,0.08509771624915914,0,APP006067,0.02271551445622887
0.7128170914866491,0.2217475747339866,0.3825716911634094,0.428529803805432,0.2217475747339866,0.5789806192848379,0.5904081593270396,0.08420843206427489,0,APP004954,0.01889181720207367
0.7128170914866491,0.2217475747339866,0.8325034873269265,0.428529803805432,0.2217475747339866,0.5789806192848379,0.02149148489970721,0.08420843206427489,0,APP007699,0.01889181720207367
0.7128170914866491,0.2217475747339866,0.3825716911634094,-0.09811915647475396,0.2217475747339866,0.5789806192848379,0.02149148489970721,0.08420843206427489,1,APP003902,0.02359372923339286
-0.065651348229771,0.2217475747339866,0.3825716911634094,0.428529803805432,0.2217475747339866,-0.08731751506028963,0.5904081593270396,0.08420843206427489,0,APP001688,0.027608468030901005
-0.065651348229771,0.2217475747339866,0.8325034873269265,-0.09811915647475396,0.2217475747339866,0.5789806192848379,0.02149148489970721,0.3774829969715081,0,APP005715,0.03052133866757444
0.7128170914866491,0.2217475747339866,0.3825716911634094,0.428529803805432,0.2217475747339866,0.5789806192848379,0.02149148489970721,0.08420843206427489,0,APP003251,0.01889181720207367
0.1980061451935998,0.2217475747339866,-0.29843817581578497,0.428529803805432,0.2217475747339866,0.5789806192848379,0.02149148489970721,0.08420843206427489,0,APP007142,0.02428872699607574
0.7128170914866491,0.2217475747339866,0.8325034873269265,0.5867174592629567,0.2217475747339866,-0.08731751506028963,0.02149148489970721,0.08420843206427489,0,APP006171,0.0176683536199148
-0.065651348229771,0.2217475747339866,0.3825716911634094,0.428529803805432,0.2217475747339866,0.5789806192848379,0.5904081593270396,0.08420843206427489,0,APP004944,0.027608468030901005
0.7128170914866491,0.2217475747339866,-0.29843817581578497,-0.09811915647475396,0.2217475747339866,-0.08731751506028963,0.5904081593270396,0.08420843206427489,0,APP001771,0.02359372923339286
0.1980061451935998,0.2217475747339866,-0.29843817581578497,-0.8721886363285156,0.2217475747339866,-0.08731751506028963,0.02149148489970721,0.08420843206427489,0,APP004975,0.041791558609494746
0.7128170914866491,0.2217475747339866,0.3825716911634094,0.428529803805432,0.2217475747339866,-0.6827730105067226,-0.022769130482054166,0.08420843206427489,0,APP005314,0.01889181720207367
-0.065651348229771,0.2217475747339866,-0.05800312739151415,-0.09811915647475396,0.2217475747339866,0.5789806192848379,0.02149148489970721,0.08420843206427489,0,APP007911,0.03440375934941001
0.7128170914866491,0.2217475747339866,0.8325034873269265,0.5867174592629567,0.2217475747339866,-0.08731751506028963,0.02149148489970721,0.3774829969715081,0,APP008714,0.01564390502463836
-1.0113351309460183,0.2217475747339866,0.3825716911634094,-0.09811915647475396,0.2217475747339866,-0.08731751506028963,0.02149148489970721,0.3774829969715081,0,APP001998,0.04803475569565855
0.7128170914866491,0.2217475747339866,0.8325034873269265,0.5867174592629567,0.2217475747339866,-0.08731751506028963,0.02149148489970721,0.08420843206427489,0,APP007162,0.0176683536199148
0.1980061451935998,0.2217475747339866,-0.05800312739151415,0.428529803805432,0.2217475747339866,-0.08731751506028963,0.02149148489970721,0.08509771624915914,0,APP008226,0.02427983562837761
-0.065651348229771,0.2217475747339866,0.3825716911634094,0.428529803805432,0.2217475747339866,-0.6827730105067226,0.5904081593270396,0.08509771624915914,0,APP002042,0.027598395780540387
-0.065651348229771,0.2217475747339866,-0.05800312739151415,0.5867174592629567,0.2217475747339866,0.5789806192848379,0.5904081593270396,0.08420843206427489,0,APP001711,0.025835365521542593
0.7128170914866491,0.2217475747339866,0.3825716911634094,0.428529803805432,0.2217475747339866,-0.08731751506028963,0.5904081593270396,0.08420843206427489,0,APP005505,0.01889181720207367
0.7128170914866491,0.2217475747339866,0.3825716911634094,-0.09811915647475396,0.2217475747339866,-0.08731751506028963,0.02149148489970721,-0.09486472069567248,0,APP003650,0.0253985961957803
-0.35013955019267534,0.2217475747339866,0.3825716911634094,-0.8721886363285156,0.2217475747339866,-0.08731751506028963,0.02149148489970721,0.08420843206427489,0,APP008128,0.05422086078018935
0.7128170914866491,0.2217475747339866,0.3825716911634094,0.5867174592629567,0.2217475747339866,-0.08731751506028963,0.5904081593270396,0.08420843206427489,0,APP008077,0.0176683536199148
-0.065651348229771,0.2217475747339866,0.3825716911634094,-0.09811915647475396,0.2217475747339866,-0.08731751506028963,0.02149148489970721,0.08509771624915914,0,APP006122,0.03439129568892732
-0.35013955019267534,-0.5688287511575048,0.3825716911634094,0.5867174592629567,-0.9834263428289417,-0.08731751506028963,-0.022769130482054166,0.08509771624915914,0,APP000312,0.042428846079659834
0.1980061451935998,-0.5688287511575048,-0.05800312739151415,-0.09811915647475396,-0.9834263428289417,-0.08731751506028963,-0.022769130482054166,0.3774829969715081,0,APP008947,0.038489488681447075
-1.0113351309460183,-0.5688287511575048,-0.7645733282836001,-0.8721886363285156,-0.9834263428289417,-0.08731751506028963,0.02149148489970721,0.08509771624915914,0,APP001199,0.10360749965329094
-0.35013955019267534,0.2217475747339866,-0.29843817581578497,-0.09811915647475396,0.2217475747339866,-0.6827730105067226,-0.022769130482054166,-1.527679097450456,1,APP006694,0.07498610963248908
-0.065651348229771,0.2217475747339866,-0.29843817581578497,-0.09811915647475396,0.2217475747339866,-0.08731751506028963,0.02149148489970721,-0.09486472069567248,0,APP004011,0.037004229377386705
0.7128170914866491,0.2217475747339866,0.3825716911634094,-0.09811915647475396,0.2217475747339866,0.5789806192848379,0.5904081593270396,0.08420843206427489,0,APP001604,0.02359372923339286
0.7128170914866491,0.2217475747339866,0.3825716911634094,-0.09811915647475396,0.2217475747339866,-0.08731751506028963,0.5904081593270396,0.08420843206427489,0,APP002024,0.02359372923339286
0.7128170914866491,0.2217475747339866,-0.05800312739151415,0.428529803805432,0.2217475747339866,-0.08731751506028963,0.5904081593270396,-0.09486472069567248,0,APP007383,0.02034449296474017
-1.0113351309460183,-0.8003405521422314,-0.05800312739151415,-0.8721886363285156,-1.197437410579879,-0.6827730105067226,-0.022769130482054166,-1.527679097450456,0,APP008062,0.20288311899526615
0.7128170914866491,0.2217475747339866,0.3825716911634094,0.428529803805432,0.2217475747339866,-0.08731751506028963,0.02149148489970721,0.08420843206427489,0,APP006920,0.01889181720207367
-1.0113351309460183,-0.5688287511575048,-0.29843817581578497,-0.8721886363285156,-0.9834263428289417,-0.08731751506028963,-0.8565108236092858,0.08420843206427489,0,APP003637,0.10364235537066266
0.1980061451935998,-0.5688287511575048,-0.7645733282836001,-0.09811915647475396,-0.9834263428289417,-0.08731751506028963,0.02149148489970721,0.08420843206427489,0,APP001852,0.04334017427398824
-0.065651348229771,0.2217475747339866,0.3825716911634094,0.5867174592629567,0.2217475747339866,-0.08731751506028963,-0.022769130482054166,0.08420843206427489,0,APP000605,0.025835365521542593
0.1980061451935998,0.2217475747339866,-0.7645733282836001,-0.09811915647475396,0.2217475747339866,0.5789806192848379,0.02149148489970721,0.08420843206427489,0,APP004733,0.030292382522712033
-1.0113351309460183,-0.8003405521422314,-0.7645733282836001,-0.09811915647475396,-0.513258900002694,-0.08731751506028963,0.02149148489970721,0.08420843206427489,0,APP005664,0.08453523198230492
0.7128170914866491,0.2217475747339866,-0.29843817581578497,0.5867174592629567,0.2217475747339866,0.5789806192848379,0.02149148489970721,0.3774829969715081,0,APP008368,0.01564390502463836
0.7128170914866491,0.2217475747339866,0.8325034873269265,0.428529803805432,0.2217475747339866,0.5789806192848379,0.02149148489970721,0.08420843206427489,0,APP000373,0.01889181720207367
0.7128170914866491,0.2217475747339866,0.8325034873269265,0.428529803805432,0.2217475747339866,0.5789806192848379,0.02149148489970721,0.08420843206427489,0,APP004970,0.01889181720207367
-0.065651348229771,0.2217475747339866,-0.05800312739151415,-0.09811915647475396,0.2217475747339866,-0.6827730105067226,0.02149148489970721,-0.09486472069567248,0,APP002669,0.037004229377386705
-0.065651348229771,0.2217475747339866,0.3825716911634094,-0.09811915647475396,0.2217475747339866,-0.08731751506028963,0.02149148489970721,0.3774829969715081,0,APP004695,0.03052133866757444
-1.0113351309460183,-0.8003405521422314,-0.7645733282836001,-0.09811915647475396,-0.9834263428289417,-0.08731751506028963,-0.8565108236092858,0.08509771624915914,0,APP004095,0.08450619632279699
-0.065651348229771,0.2217475747339866,0.3825716911634094,0.5867174592629567,0.2217475747339866,-0.08731751506028963,0.02149148489970721,0.3774829969715081,0,APP003794,0.02289694860171144
-1.0113351309460183,-1.910002676996926,-0.7645733282836001,-0.8721886363285156,-1.197437410579879,-0.08731751506028963,-0.8565108236092858,0.08509771624915914,0,APP006462,0.17841161968489894
0.1980061451935998,0.2217475747339866,-0.05800312739151415,-0.09811915647475396,0.2217475747339866,-0.08731751506028963,-0.022769130482054166,0.08420843206427489,0,APP003081,0.030292382522712033
-0.35013955019267534,0.2217475747339866,-0.05800312739151415,0.428529803805432,0.2217475747339866,-0.08731751506028963,0.02149148489970721,0.08420843206427489,0,APP000784,0.031684610046371506
0.1980061451935998,0.2217475747339866,-0.29843817581578497,-0.8721886363285156,0.2217475747339866,-0.08731751506028963,0.02149148489970721,0.08509771624915914,0,APP008261,0.041776534321242086
-0.35013955019267534,0.2217475747339866,0.8325034873269265,0.428529803805432,0.2217475747339866,-0.08731751506028963,-0.022769130482054166,-0.09486472069567248,0,APP006115,0.0340868038233671
0.7128170914866491,0.2217475747339866,-0.05800312739151415,-0.09811915647475396,0.2217475747339866,-0.08731751506028963,0.02149148489970721,0.08420843206427489,0,APP004278,0.02359372923339286
0.1980061451935998,0.2217475747339866,-0.05800312739151415,-0.09811915647475396,0.2217475747339866,-0.08731751506028963,-0.022769130482054166,0.08420843206427489,0,APP001734,0.030292382522712033
0.7128170914866491,0.2217475747339866,0.8325034873269265,0.5867174592629567,0.2217475747339866,-0.6827730105067226,0.02149148489970721,0.08509771624915914,0,APP002546,0.01766184190117446
-0.065651348229771,0.2217475747339866,-0.05800312739151415,-0.09811915647475396,0.2217475747339866,-0.08731751506028963,0.02149148489970721,0.08509771624915914,0,APP004804,0.03439129568892732
0.7128170914866491,0.2217475747339866,0.8325034873269265,0.428529803805432,0.2217475747339866,0.5789806192848379,0.02149148489970721,0.08420843206427489,0,APP001913,0.01889181720207367
-1.0113351309460183,-0.8003405521422314,-0.05800312739151415,-0.09811915647475396,-0.9834263428289417,-0.08731751506028963,0.02149148489970721,0.08509771624915914,0,APP001875,0.08450619632279699
-0.065651348229771,0.2217475747339866,0.8325034873269265,0.5867174592629567,0.2217475747339866,-0.08731751506028963,0.02149148489970721,-0.09486472069567248,0,APP001077,0.02780682905467762
-1.0113351309460183,0.2217475747339866,-0.05800312739151415,-0.09811915647475396,0.2217475747339866,0.5789806192848379,0.5904081593270396,0.08420843206427489,0,APP003981,0.05402080951084046
-0.35013955019267534,-0.5688287511575048,-0.7645733282836001,0.5867174592629567,-0.9834263428289417,0.5789806192848379,0.02149148489970721,0.08420843206427489,0,APP004290,0.04244409457057185
-0.35013955019267534,0.2217475747339866,-0.7645733282836001,-0.09811915647475396,0.2217475747339866,-0.08731751506028963,0.02149148489970721,0.08420843206427489,0,APP008452,0.03944247030090972
-0.065651348229771,0.2217475747339866,0.3825716911634094,0.5867174592629567,0.2217475747339866,-0.08731751506028963,0.02149148489970721,0.08509771624915914,0,APP008768,0.025825922962349028
-1.0113351309460183,-0.8003405521422314,-0.29843817581578497,-0.8721886363285156,-0.8725111649557269,-0.6827730105067226,-0.8565108236092858,-1.527679097450456,0,APP005811,0.20288311899526615
0.1980061451935998,-0.5688287511575048,-0.7645733282836001,0.5867174592629567,-0.8725111649557269,-0.08731751506028963,-0.022769130482054166,-0.09486472069567248,0,APP005980,0.03509195862505323
-0.065651348229771,0.2217475747339866,-0.05800312739151415,0.5867174592629567,0.2217475747339866,-0.08731751506028963,0.02149148489970721,0.08420843206427489,1,APP002389,0.025835365521542593
0.1980061451935998,0.2217475747339866,-0.29843817581578497,-0.09811915647475396,0.2217475747339866,-0.08731751506028963,-0.8565108236092858,0.08420843206427489,0,APP008352,0.030292382522712033
0.7128170914866491,0.2217475747339866,-0.05800312739151415,0.5867174592629567,0.2217475747339866,0.5789806192848379,0.5904081593270396,0.08420843206427489,0,APP001111,0.0176683536199148
0.1980061451935998,0.2217475747339866,0.3825716911634094,-0.09811915647475396,0.2217475747339866,0.5789806192848379,0.02149148489970721,0.08420843206427489,0,APP002605,0.030292382522712033
-0.065651348229771,0.2217475747339866,-0.29843817581578497,-0.09811915647475396,0.2217475747339866,0.5789806192848379,0.02149148489970721,0.08420843206427489,0,APP008308,0.03440375934941001
0.7128170914866491,0.2217475747339866,0.3825716911634094,-0.09811915647475396,0.2217475747339866,0.5789806192848379,-0.022769130482054166,0.08420843206427489,0,APP005011,0.02359372923339286
-0.065651348229771,-0.5688287511575048,-0.05800312739151415,0.5867174592629567,-0.8725111649557269,-0.08731751506028963,-0.8565108236092858,-0.09486472069567248,0,APP004952,0.0398279939568842
0.7128170914866491,0.2217475747339866,0.8325034873269265,0.428529803805432,0.2217475747339866,0.5789806192848379,0.5904081593270396,0.08420843206427489,0,APP002945,0.01889181720207367
0.7128170914866491,0.2217475747339866,0.8325034873269265,0.5867174592629567,0.2217475747339866,-0.6827730105067226,-0.022769130482054166,0.08509771624915914,0,APP006241,0.01766184190117446
-1.0113351309460183,0.2217475747339866,-0.7645733282836001,-0.09811915647475396,0.2217475747339866,-0.08731751506028963,0.5904081593270396,-0.09486472069567248,0,APP005303,0.05801498052620836
0.7128170914866491,0.2217475747339866,0.3825716911634094,-0.09811915647475396,0.2217475747339866,0.5789806192848379,0.02149148489970721,0.08420843206427489,0,APP004818,0.02359372923339286
-0.35013955019267534,0.2217475747339866,-0.05800312739151415,-0.09811915647475396,0.2217475747339866,-0.08731751506028963,0.02149148489970721,-0.09486472069567248,0,APP008941,0.042407073740724076
0.7128170914866491,0.2217475747339866,0.8325034873269265,-0.09811915647475396,0.2217475747339866,0.5789806192848379,0.02149148489970721,0.08420843206427489,0,APP004771,0.02359372923339286
-1.0113351309460183,0.2217475747339866,-0.7645733282836001,0.428529803805432,0.2217475747339866,-0.6827730105067226,0.02149148489970721,-0.09486472069567248,0,APP000343,0.04678204213457859
-0.065651348229771,0.2217475747339866,-0.05800312739151415,-0.09811915647475396,0.2217475747339866,-0.08731751506028963,-0.022769130482054166,-0.09486472069567248,0,APP003903,0.037004229377386705
0.7128170914866491,0.2217475747339866,0.8325034873269265,0.428529803805432,0.2217475747339866,-0.08731751506028963,0.02149148489970721,0.08420843206427489,0,APP000133,0.01889181720207367
0.7128170914866491,0.2217475747339866,0.8325034873269265,0.428529803805432,0.2217475747339866,-0.08731751506028963,0.5904081593270396,-0.09486472069567248,0,APP002631,0.02034449296474017
-0.065651348229771,0.2217475747339866,0.3825716911634094,-0.09811915647475396,0.2217475747339866,0.5789806192848379,0.5904081593270396,0.3774829969715081,0,APP002193,0.03052133866757444
0.1980061451935998,0.2217475747339866,-0.29843817581578497,-0.8721886363285156,0.2217475747339866,-0.08731751506028963,0.02149148489970721,0.08509771624915914,0,APP001914,0.041776534321242086
0.7128170914866491,0.2217475747339866,-0.05800312739151415,0.428529803805432,0.2217475747339866,-0.08731751506028963,0.5904081593270396,0.08420843206427489,0,APP004819,0.01889181720207367
-1.0113351309460183,-0.5688287511575048,0.3825716911634094,-0.09811915647475396,-0.9834263428289417,-0.08731751506028963,-0.022769130482054166,-0.09486472069567248,0,APP007921,0.08199401603011996
0.7128170914866491,0.2217475747339866,0.3825716911634094,0.428529803805432,0.2217475747339866,0.5789806192848379,-0.022769130482054166,0.08420843206427489,0,APP006485,0.01889181720207367
0.7128170914866491,0.2217475747339866,-0.05800312739151415,0.5867174592629567,0.2217475747339866,0.5789806192848379,0.02149148489970721,0.08420843206427489,0,APP000467,0.0176683536199148
-0.065651348229771,0.2217475747339866,-0.05800312739151415,-0.09811915647475396,0.2217475747339866,-0.08731751506028963,-0.022769130482054166,0.08509771624915914,0,APP005540,0.03439129568892732
0.7128170914866491,0.2217475747339866,0.8325034873269265,0.428529803805432,0.2217475747339866,-0.08731751506028963,0.02149148489970721,-0.09486472069567248,0,APP005591,0.02034449296474017
0.7128170914866491,0.2217475747339866,0.3825716911634094,-0.09811915647475396,0.2217475747339866,-0.08731751506028963,-0.022769130482054166,0.08420843206427489,0,APP000127,0.02359372923339286
-0.065651348229771,0.2217475747339866,0.8325034873269265,0.428529803805432,0.2217475747339866,-0.08731751506028963,0.02149148489970721,0.08420843206427489,0,APP005742,0.027608468030901005
0.7128170914866491,0.2217475747339866,-0.05800312739151415,0.5867174592629567,0.2217475747339866,-0.08731751506028963,0.02149148489970721,0.08420843206427489,0,APP004777,0.0176683536199148
0.1980061451935998,0.2217475747339866,-0.05800312739151415,0.428529803805432,0.2217475747339866,-0.6827730105067226,-0.022769130482054166,-1.527679097450456,0,APP000365,0.04684248730381584
-0.065651348229771,0.2217475747339866,0.3825716911634094,0.5867174592629567,0.2217475747339866,0.5789806192848379,0.5904081593270396,0.3774829969715081,0,APP000508,0.02289694860171144
0.1980061451935998,0.2217475747339866,0.3825716911634094,0.5867174592629567,0.2217475747339866,0.5789806192848379,-0.022769130482054166,0.08420843206427489,0,APP002988,0.02272384630511342
0.1980061451935998,0.2217475747339866,-0.05800312739151415,0.5867174592629567,0.2217475747339866,-0.08731751506028963,0.02149148489970721,0.08420843206427489,0,APP000801,0.02272384630511342
0.7128170914866491,0.2217475747339866,-0.29843817581578497,-0.09811915647475396,0.2217475747339866,-0.08731751506028963,0.02149148489970721,0.08420843206427489,0,APP008486,0.02359372923339286
-0.35013955019267534,0.2217475747339866,-0.29843817581578497,-0.09811915647475396,0.2217475747339866,-0.6827730105067226,0.02149148489970721,-1.527679097450456,0,APP006959,0.07498610963248908
0.7128170914866491,0.2217475747339866,0.8325034873269265,0.428529803805432,0.2217475747339866,0.5789806192848379,0.02149148489970721,0.3774829969715081,1,APP004182,0.01672957096901055
-0.065651348229771,0.2217475747339866,-0.29843817581578497,0.428529803805432,0.2217475747339866,-0.08731751506028963,0.5904081593270396,0.08509771624915914,0,APP006408,0.027598395780540387
-0.35013955019267534,0.2217475747339866,-0.05800312739151415,-0.8721886363285156,0.2217475747339866,-0.08731751506028963,0.02149148489970721,0.08420843206427489,0,APP002347,0.05422086078018935
0.7128170914866491,0.2217475747339866,0.3825716911634094,-0.8721886363285156,0.2217475747339866,0.5789806192848379,0.02149148489970721,0.08420843206427489,0,APP007182,0.03263563498364616
-0.065651348229771,0.2217475747339866,0.3825716911634094,-0.09811915647475396,0.2217475747339866,-0.08731751506028963,0.02149148489970721,0.08420843206427489,0,APP004307,0.03440375934941001
0.7128170914866491,-0.5688287511575048,-0.7645733282836001,-0.09811915647475396,-0.513258900002694,0.5789806192848379,0.02149148489970721,0.08420843206427489,0,APP002106,0.033856959401558216
0.7128170914866491,0.2217475747339866,-0.05800312739151415,-0.09811915647475396,0.2217475747339866,0.5789806192848379,0.02149148489970721,0.08420843206427489,0,APP000887,0.02359372923339286
-0.065651348229771,0.2217475747339866,-0.29843817581578497,-0.8721886363285156,0.2217475747339866,0.5789806192848379,-0.022769130482054166,0.3774829969715081,0,APP003444,0.042103654249744674
0.1980061451935998,0.2217475747339866,-0.05800312739151415,-0.8721886363285156,0.2217475747339866,-0.6827730105067226,0.02149148489970721,0.3774829969715081,0,APP001158,0.037107473034896754
-0.065651348229771,0.2217475747339866,0.3825716911634094,-0.09811915647475396,0.2217475747339866,-0.08731751506028963,0.02149148489970721,0.08420843206427489,0,APP002847,0.03440375934941001
-0.35013955019267534,-0.8003405521422314,-0.7645733282836001,-0.8721886363285156,-0.9834263428289417,-0.08731751506028963,-0.022769130482054166,0.08509771624915914,1,APP001118,0.08480902066178503
0.1980061451935998,-0.8003405521422314,-0.29843817581578497,-0.8721886363285156,-0.513258900002694,-0.08731751506028963,0.02149148489970721,0.08509771624915914,0,APP001072,0.06585609858780034
-0.065651348229771,0.2217475747339866,-0.05800312739151415,-0.09811915647475396,0.2217475747339866,-0.08731751506028963,0.02149148489970721,0.3774829969715081,0,APP001245,0.03052133866757444
-0.35013955019267534,-0.5688287511575048,-0.7645733282836001,0.5867174592629567,-0.8725111649557269,-0.08731751506028963,-0.022769130482054166,0.08420843206427489,0,APP004540,0.04244409457057185
0.7128170914866491,0.2217475747339866,-0.29843817581578497,0.5867174592629567,0.2217475747339866,0.5789806192848379,0.02149148489970721,0.08420843206427489,0,APP006202,0.0176683536199148
0.7128170914866491,0.2217475747339866,0.8325034873269265,0.428529803805432,0.2217475747339866,0.5789806192848379,0.02149148489970721,0.08420843206427489,0,APP004381,0.01889181720207367
-0.35013955019267534,-0.8003405521422314,-0.7645733282836001,-0.8721886363285156,-0.513258900002694,-0.08731751506028963,-0.022769130482054166,0.3774829969715081,0,APP001070,0.07571052896072324
-1.0113351309460183,-0.5688287511575048,-0.29843817581578497,-0.8721886363285156,-0.513258900002694,-0.08731751506028963,0.02149148489970721,-0.09486472069567248,0,APP004869,0.11087540540922053
0.7128170914866491,0.2217475747339866,0.8325034873269265,0.428529803805432,0.2217475747339866,0.5789806192848379,0.5904081593270396,0.08420843206427489,0,APP003459,0.01889181720207367
-0.065651348229771,0.2217475747339866,-0.05800312739151415,0.5867174592629567,0.2217475747339866,-0.08731751506028963,0.02149148489970721,0.08420843206427489,0,APP002170,0.025835365521542593
0.7128170914866491,0.2217475747339866,0.3825716911634094,-0.09811915647475396,0.2217475747339866,-0.08731751506028963,0.02149148489970721,-0.09486472069567248,0,APP000433,0.0253985961957803
0.1980061451935998,-0.5688287511575048,-0.29843817581578497,-0.8721886363285156,-0.9834263428289417,-0.08731751506028963,0.02149148489970721,0.08420843206427489,0,APP003739,0.05948852055003558
-0.35013955019267534,0.2217475747339866,-0.05800312739151415,-0.09811915647475396,0.2217475747339866,-0.08731751506028963,0.02149148489970721,-0.09486472069567248,0,APP006176,0.042407073740724076
-0.065651348229771,0.2217475747339866,-0.05800312739151415,0.5867174592629567,0.2217475747339866,0.5789806192848379,0.02149148489970721,0.08420843206427489,0,APP008777,0.025835365521542593
-0.065651348229771,0.2217475747339866,0.8325034873269265,0.5867174592629567,0.2217475747339866,-0.08731751506028963,0.02149148489970721,-0.09486472069567248,0,APP000316,0.02780682905467762
0.7128170914866491,0.2217475747339866,0.3825716911634094,0.428529803805432,0.2217475747339866,-0.08731751506028963,-0.022769130482054166,0.08420843206427489,0,APP004453,0.01889181720207367
-0.065651348229771,0.2217475747339866,-0.05800312739151415,-0.09811915647475396,0.2217475747339866,0.5789806192848379,0.02149148489970721,0.08420843206427489,0,APP008686,0.03440375934941001
0.7128170914866491,0.2217475747339866,0.8325034873269265,0.428529803805432,0.2217475747339866,-0.08731751506028963,-0.022769130482054166,-0.09486472069567248,0,APP003150,0.02034449296474017
0.7128170914866491,0.2217475747339866,-0.7645733282836001,0.5867174592629567,0.2217475747339866,0.5789806192848379,0.02149148489970721,0.08420843206427489,0,APP002959,0.0176683536199148
0.7128170914866491,0.2217475747339866,0.3825716911634094,0.5867174592629567,0.2217475747339866,-0.08731751506028963,0.02149148489970721,0.08420843206427489,0,APP004193,0.0176683536199148
-1.0113351309460183,0.2217475747339866,-0.29843817581578497,-0.8721886363285156,0.2217475747339866,-0.08731751506028963,-0.022769130482054166,0.08420843206427489,0,APP005507,0.07384154130962636
-0.065651348229771,0.2217475747339866,0.3825716911634094,-0.09811915647475396,0.2217475747339866,-0.08731751506028963,0.02149148489970721,0.08420843206427489,0,APP003096,0.03440375934941001
0.1980061451935998,0.2217475747339866,-0.05800312739151415,-0.09811915647475396,0.2217475747339866,0.5789806192848379,0.02149148489970721,0.08420843206427489,0,APP003652,0.030292382522712033
0.7128170914866491,-0.5688287511575048,0.3825716911634094,-0.8721886363285156,-0.9834263428289417,0.5789806192848379,0.02149148489970721,0.08420843206427489,0,APP000566,0.04664418340035469
0.1980061451935998,0.2217475747339866,0.3825716911634094,-0.09811915647475396,0.2217475747339866,-0.08731751506028963,0.02149148489970721,-0.09486472069567248,1,APP006354,0.03259257627661918
-0.065651348229771,0.2217475747339866,0.3825716911634094,-0.09811915647475396,0.2217475747339866,0.5789806192848379,0.02149148489970721,0.08420843206427489,0,APP000130,0.03440375934941001
0.7128170914866491,0.2217475747339866,-0.05800312739151415,0.5867174592629567,0.2217475747339866,0.5789806192848379,0.02149148489970721,0.08420843206427489,0,APP001705,0.0176683536199148
0.7128170914866491,-0.8003405521422314,-0.29843817581578497,0.5867174592629567,-0.513258900002694,-0.08731751506028963,-0.022769130482054166,0.3774829969715081,0,APP005789,0.025054733063889743
-1.0113351309460183,-1.910002676996926,-0.29843817581578497,-0.09811915647475396,-0.8725111649557269,0.5789806192848379,-0.8565108236092858,0.08420843206427489,0,APP000786,0.13464498448322876
0.7128170914866491,0.2217475747339866,-0.05800312739151415,-0.09811915647475396,0.2217475747339866,0.5789806192848379,0.02149148489970721,0.08420843206427489,0,APP002256,0.02359372923339286
-0.065651348229771,0.2217475747339866,-0.05800312739151415,0.5867174592629567,0.2217475747339866,0.5789806192848379,0.5904081593270396,0.08420843206427489,0,APP005689,0.025835365521542593
0.1980061451935998,0.2217475747339866,0.3825716911634094,0.5867174592629567,0.2217475747339866,0.5789806192848379,0.5904081593270396,0.08420843206427489,0,APP002942,0.02272384630511342
-0.35013955019267534,0.2217475747339866,-0.29843817581578497,-0.8721886363285156,0.2217475747339866,-0.08731751506028963,-0.022769130482054166,-0.09486472069567248,0,APP005469,0.058228912647221596
0.7128170914866491,0.2217475747339866,-0.05800312739151415,-0.09811915647475396,0.2217475747339866,0.5789806192848379,0.5904081593270396,0.08420843206427489,0,APP006632,0.02359372923339286
-0.065651348229771,-0.5688287511575048,-0.7645733282836001,-0.8721886363285156,-0.513258900002694,0.5789806192848379,-0.8565108236092858,0.08420843206427489,0,APP008786,0.0672875262614069
-0.065651348229771,0.2217475747339866,0.8325034873269265,0.5867174592629567,0.2217475747339866,-0.08731751506028963,0.5904081593270396,0.08420843206427489,0,APP008084,0.025835365521542593
-0.065651348229771,0.2217475747339866,-0.05800312739151415,0.428529803805432,0.2217475747339866,-0.08731751506028963,0.5904081593270396,0.08420843206427489,0,APP002199,0.027608468030901005
0.7128170914866491,0.2217475747339866,-0.29843817581578497,0.5867174592629567,0.2217475747339866,-0.08731751506028963,-0.022769130482054166,0.08420843206427489,0,APP005546,0.0176683536199148
-0.065651348229771,0.2217475747339866,-0.05800312739151415,-0.09811915647475396,0.2217475747339866,-0.08731751506028963,0.5904081593270396,-0.09486472069567248,0,APP006989,0.037004229377386705
-0.35013955019267534,0.2217475747339866,-0.05800312739151415,-0.09811915647475396,0.2217475747339866,-0.6827730105067226,-0.022769130482054166,-0.09486472069567248,0,APP007663,0.042407073740724076
0.1980061451935998,0.2217475747339866,0.3825716911634094,-0.8721886363285156,0.2217475747339866,0.5789806192848379,0.02149148489970721,0.08420843206427489,0,APP005373,0.041791558609494746
-0.065651348229771,0.2217475747339866,-0.05800312739151415,0.428529803805432,0.2217475747339866,-0.08731751506028963,0.02149148489970721,0.08420843206427489,0,APP005153,0.027608468030901005
0.1980061451935998,0.2217475747339866,0.8325034873269265,0.5867174592629567,0.2217475747339866,0.5789806192848379,0.5904081593270396,0.08420843206427489,0,APP002770,0.02272384630511342
-0.35013955019267534,-0.5688287511575048,-0.29843817581578497,-0.09811915647475396,-0.513258900002694,-0.6827730105067226,-0.022769130482054166,0.08420843206427489,0,APP004961,0.056203038206527424
-0.065651348229771,0.2217475747339866,0.8325034873269265,0.5867174592629567,0.2217475747339866,0.5789806192848379,-0.022769130482054166,0.08420843206427489,0,APP008037,0.025835365521542593
-0.35013955019267534,0.2217475747339866,0.3825716911634094,-0.09811915647475396,0.2217475747339866,0.5789806192848379,-0.8565108236092858,0.3774829969715081,0,APP001346,0.035012055071022154
-0.35013955019267534,-0.5688287511575048,-0.7645733282836001,-0.09811915647475396,-0.9834263428289417,-0.08731751506028963,-0.8565108236092858,0.08420843206427489,0,APP008997,0.056203038206527424
-0.065651348229771,0.2217475747339866,0.3825716911634094,0.428529803805432,0.2217475747339866,0.5789806192848379,0.02149148489970721,0.08420843206427489,0,APP000985,0.027608468030901005
-0.065651348229771,0.2217475747339866,0.8325034873269265,0.428529803805432,0.2217475747339866,-0.08731751506028963,0.02149148489970721,0.08420843206427489,0,APP005835,0.027608468030901005
0.7128170914866491,0.2217475747339866,-0.05800312739151415,-0.09811915647475396,0.2217475747339866,-0.6827730105067226,0.5904081593270396,0.3774829969715081,0,APP007519,0.020904796424193146
0.7128170914866491,0.2217475747339866,-0.29843817581578497,0.428529803805432,0.2217475747339866,-0.08731751506028963,0.02149148489970721,0.08509771624915914,0,APP000760,0.018884863241121562
0.7128170914866491,0.2217475747339866,0.3825716911634094,-0.09811915647475396,0.2217475747339866,-0.08731751506028963,0.02149148489970721,-0.09486472069567248,0,APP006440,0.0253985961957803
0.7128170914866491,0.2217475747339866,-0.05800312739151415,0.5867174592629567,0.2217475747339866,0.5789806192848379,0.5904081593270396,0.08420843206427489,0,APP007951,0.0176683536199148
0.7128170914866491,0.2217475747339866,-0.05800312739151415,0.5867174592629567,0.2217475747339866,0.5789806192848379,-0.022769130482054166,0.08420843206427489,0,APP003646,0.0176683536199148
0.1980061451935998,0.2217475747339866,-0.29843817581578497,-0.09811915647475396,0.2217475747339866,-0.08731751506028963,0.02149148489970721,0.08420843206427489,0,APP008357,0.030292382522712033
-0.065651348229771,0.2217475747339866,-0.05800312739151415,-0.09811915647475396,0.2217475747339866,0.5789806192848379,0.02149148489970721,0.08420843206427489,0,APP002982,0.03440375934941001
-0.065651348229771,0.2217475747339866,0.8325034873269265,-0.09811915647475396,0.2217475747339866,-0.08731751506028963,0.02149148489970721,0.08420843206427489,0,APP006114,0.03440375934941001
-0.065651348229771,0.2217475747339866,-0.29843817581578497,0.5867174592629567,0.2217475747339866,-0.6827730105067226,0.02149148489970721,0.08420843206427489,0,APP000137,0.025835365521542593
0.1980061451935998,0.2217475747339866,-0.7645733282836001,0.5867174592629567,0.2217475747339866,-0.08731751506028963,0.02149148489970721,0.08509771624915914,0,APP003631,0.02271551445622887
-0.065651348229771,0.2217475747339866,-0.05800312739151415,-0.09811915647475396,0.2217475747339866,0.5789806192848379,-0.022769130482054166,0.08420843206427489,0,APP007761,0.03440375934941001
-0.065651348229771,0.2217475747339866,-0.05800312739151415,-0.09811915647475396,0.2217475747339866,-0.08731751506028963,-0.022769130482054166,0.08420843206427489,0,APP000976,0.03440375934941001
0.7128170914866491,0.2217475747339866,-0.29843817581578497,0.428529803805432,0.2217475747339866,0.5789806192848379,-0.022769130482054166,0.08420843206427489,0,APP001314,0.01889181720207367
-0.065651348229771,0.2217475747339866,-0.29843817581578497,0.428529803805432,0.2217475747339866,0.5789806192848379,-0.022769130482054166,0.08420843206427489,0,APP000862,0.027608468030901005
0.7128170914866491,0.2217475747339866,0.8325034873269265,0.428529803805432,0.2217475747339866,0.5789806192848379,0.5904081593270396,0.08420843206427489,0,APP004948,0.01889181720207367
0.7128170914866491,0.2217475747339866,-0.05800312739151415,0.428529803805432,0.2217475747339866,-0.08731751506028963,0.02149148489970721,0.08420843206427489,0,APP000819,0.01889181720207367
0.7128170914866491,0.2217475747339866,0.3825716911634094,0.428529803805432,0.2217475747339866,0.5789806192848379,0.02149148489970721,0.08420843206427489,0,APP006565,0.01889181720207367
0.1980061451935998,0.2217475747339866,0.3825716911634094,0.5867174592629567,0.2217475747339866,0.5789806192848379,0.02149148489970721,0.08420843206427489,0,APP002266,0.02272384630511342
-0.065651348229771,0.2217475747339866,-0.29843817581578497,-0.8721886363285156,0.2217475747339866,0.5789806192848379,0.02149148489970721,0.08420843206427489,0,APP004201,0.04738737154686286
0.1980061451935998,0.2217475747339866,-0.05800312739151415,-0.09811915647475396,0.2217475747339866,-0.08731751506028963,0.5904081593270396,0.3774829969715081,0,APP000864,0.026861018938613507
-1.0113351309460183,0.2217475747339866,-0.05800312739151415,-0.09811915647475396,0.2217475747339866,-0.08731751506028963,-0.022769130482054166,0.3774829969715081,0,APP005569,0.04803475569565855
0.7128170914866491,0.2217475747339866,0.8325034873269265,-0.8721886363285156,0.2217475747339866,0.5789806192848379,-0.022769130482054166,0.08420843206427489,0,APP003078,0.03263563498364616
0.7128170914866491,0.2217475747339866,0.3825716911634094,-0.09811915647475396,0.2217475747339866,0.5789806192848379,0.5904081593270396,0.08420843206427489,0,APP006112,0.02359372923339286
-0.065651348229771,0.2217475747339866,-0.05800312739151415,-0.09811915647475396,0.2217475747339866,-0.08731751506028963,0.02149148489970721,0.08420843206427489,0,APP007216,0.03440375934941001
-0.065651348229771,0.2217475747339866,-0.05800312739151415,0.5867174592629567,0.2217475747339866,0.5789806192848379,0.02149148489970721,0.08420843206427489,0,APP007812,0.025835365521542593
-0.065651348229771,0.2217475747339866,0.3825716911634094,0.428529803805432,0.2217475747339866,-0.6827730105067226,-0.022769130482054166,0.08509771624915914,0,APP007829,0.027598395780540387
0.7128170914866491,0.2217475747339866,0.3825716911634094,0.5867174592629567,0.2217475747339866,-0.08731751506028963,0.02149148489970721,0.08420843206427489,0,APP000296,0.0176683536199148
0.1980061451935998,0.2217475747339866,-0.7645733282836001,-0.09811915647475396,0.2217475747339866,-0.08731751506028963,0.02149148489970721,0.08420843206427489,0,APP003021,0.030292382522712033
-1.0113351309460183,-0.5688287511575048,-0.29843817581578497,-0.09811915647475396,-0.9834263428289417,-0.08731751506028963,-0.022769130482054166,0.08509771624915914,0,APP007780,0.07645649525351572
-0.065651348229771,0.2217475747339866,-0.05800312739151415,-0.09811915647475396,0.2217475747339866,0.5789806192848379,0.02149148489970721,0.08420843206427489,0,APP006426,0.03440375934941001
0.7128170914866491,0.2217475747339866,0.8325034873269265,0.428529803805432,0.2217475747339866,0.5789806192848379,0.02149148489970721,0.08420843206427489,0,APP003853,0.01889181720207367
0.7128170914866491,0.2217475747339866,-0.05800312739151415,0.428529803805432,0.2217475747339866,0.5789806192848379,0.02149148489970721,0.08420843206427489,0,APP004038,0.01889181720207367
0.1980061451935998,0.2217475747339866,0.8325034873269265,-0.09811915647475396,0.2217475747339866,-0.08731751506028963,0.5904081593270396,0.08420843206427489,0,APP001440,0.030292382522712033
0.7128170914866491,0.2217475747339866,0.3825716911634094,0.5867174592629567,0.2217475747339866,-0.08731751506028963,0.5904081593270396,0.3774829969715081,0,APP001553,0.01564390502463836
-0.065651348229771,0.2217475747339866,-0.05800312739151415,-0.09811915647475396,0.2217475747339866,-0.08731751506028963,0.02149148489970721,-0.09486472069567248,0,APP001757,0.037004229377386705
0.1980061451935998,0.2217475747339866,0.3825716911634094,0.5867174592629567,0.2217475747339866,-0.08731751506028963,-0.022769130482054166,0.08420843206427489,0,APP007496,0.02272384630511342
-1.0113351309460183,0.2217475747339866,-0.05800312739151415,-0.8721886363285156,0.2217475747339866,-0.08731751506028963,-0.8565108236092858,0.08420843206427489,0,APP005910,0.07384154130962636
0.7128170914866491,0.2217475747339866,0.3825716911634094,0.428529803805432,0.2217475747339866,0.5789806192848379,0.02149148489970721,0.08420843206427489,0,APP001041,0.01889181720207367
0.7128170914866491,0.2217475747339866,0.3825716911634094,0.428529803805432,0.2217475747339866,-0.6827730105067226,0.02149148489970721,-0.09486472069567248,0,APP004785,0.02034449296474017
0.1980061451935998,-0.5688287511575048,-0.05800312739151415,-0.09811915647475396,-0.8725111649557269,-0.08731751506028963,0.02149148489970721,0.08420843206427489,0,APP006071,0.04334017427398824
0.7128170914866491,0.2217475747339866,0.3825716911634094,0.5867174592629567,0.2217475747339866,-0.08731751506028963,0.02149148489970721,0.08420843206427489,0,APP008981,0.0176683536199148
0.1980061451935998,0.2217475747339866,-0.05800312739151415,0.5867174592629567,0.2217475747339866,-0.08731751506028963,-0.8565108236092858,0.08420843206427489,0,APP003113,0.02272384630511342
0.1980061451935998,-0.5688287511575048,0.8325034873269265,-0.09811915647475396,-1.197437410579879,0.5789806192848379,0.02149148489970721,0.08420843206427489,0,APP002915,0.04334017427398824
-0.065651348229771,0.2217475747339866,-0.05800312739151415,-0.09811915647475396,0.2217475747339866,0.5789806192848379,0.02149148489970721,0.08420843206427489,0,APP003954,0.03440375934941001
-0.065651348229771,0.2217475747339866,0.8325034873269265,-0.09811915647475396,0.2217475747339866,-0.08731751506028963,0.5904081593270396,0.3774829969715081,0,APP007913,0.03052133866757444
-1.0113351309460183,0.2217475747339866,0.3825716911634094,-0.09811915647475396,0.2217475747339866,-0.08731751506028963,0.02149148489970721,0.3774829969715081,0,APP000383,0.04803475569565855
0.7128170914866491,0.2217475747339866,-0.05800312739151415,0.428529803805432,0.2217475747339866,0.5789806192848379,0.02149148489970721,0.08420843206427489,0,APP008762,0.01889181720207367
-0.065651348229771,0.2217475747339866,-0.05800312739151415,0.428529803805432,0.2217475747339866,0.5789806192848379,0.02149148489970721,0.08420843206427489,1,APP008935,0.027608468030901005
0.1980061451935998,0.2217475747339866,0.8325034873269265,-0.8721886363285156,0.2217475747339866,-0.08731751506028963,0.02149148489970721,0.08509771624915914,0,APP004924,0.041776534321242086
0.7128170914866491,0.2217475747339866,0.8325034873269265,0.428529803805432,0.2217475747339866,-0.08731751506028963,0.5904081593270396,0.08420843206427489,0,APP003628,0.01889181720207367
0.7128170914866491,0.2217475747339866,0.8325034873269265,0.5867174592629567,0.2217475747339866,-0.08731751506028963,0.02149148489970721,-0.09486472069567248,0,APP002257,0.019028776483465123
0.7128170914866491,0.2217475747339866,0.3825716911634094,0.5867174592629567,0.2217475747339866,0.5789806192848379,-0.022769130482054166,0.08420843206427489,0,APP000446,0.0176683536199148
0.1980061451935998,0.2217475747339866,-0.05800312739151415,-0.09811915647475396,0.2217475747339866,0.5789806192848379,0.02149148489970721,0.08420843206427489,0,APP002066,0.030292382522712033
-0.065651348229771,0.2217475747339866,0.3825716911634094,-0.8721886363285156,0.2217475747339866,-0.08731751506028963,0.02149148489970721,0.08420843206427489,0,APP004285,0.04738737154686286
-0.065651348229771,0.2217475747339866,-0.05800312739151415,0.428529803805432,0.2217475747339866,0.5789806192848379,0.02149148489970721,0.3774829969715081,0,APP007703,0.024473451480688066
0.7128170914866491,0.2217475747339866,0.3825716911634094,-0.8721886363285156,0.2217475747339866,-0.08731751506028963,0.02149148489970721,0.08509771624915914,0,APP008678,0.03262379023070027
-1.0113351309460183,-0.8003405521422314,-0.7645733282836001,-0.09811915647475396,-0.8725111649557269,-0.6827730105067226,-0.022769130482054166,0.08509771624915914,0,APP004664,0.08450619632279699
-0.35013955019267534,0.2217475747339866,0.3825716911634094,0.5867174592629567,0.2217475747339866,0.5789806192848379,-0.022769130482054166,0.3774829969715081,0,APP005627,0.026296288551937438
0.1980061451935998,0.2217475747339866,-0.05800312739151415,0.5867174592629567,0.2217475747339866,-0.08731751506028963,0.02149148489970721,0.3774829969715081,0,APP002147,0.020132008318873924
-0.065651348229771,0.2217475747339866,0.3825716911634094,0.428529803805432,0.2217475747339866,-0.08731751506028963,0.5904081593270396,0.3774829969715081,0,APP005681,0.024473451480688066
0.1980061451935998,0.2217475747339866,-0.05800312739151415,-0.8721886363285156,0.2217475747339866,-0.6827730105067226,-0.8565108236092858,-1.527679097450456,0,APP003107,0.07927737017818365
-0.35013955019267534,0.2217475747339866,-0.29843817581578497,-0.09811915647475396,0.2217475747339866,-0.08731751506028963,0.02149148489970721,0.08420843206427489,0,APP008272,0.03944247030090972
0.7128170914866491,0.2217475747339866,0.3825716911634094,0.5867174592629567,0.2217475747339866,-0.08731751506028963,0.5904081593270396,0.08420843206427489,0,APP004903,0.0176683536199148
0.7128170914866491,0.2217475747339866,-0.7645733282836001,0.428529803805432,0.2217475747339866,0.5789806192848379,0.02149148489970721,0.08420843206427489,0,APP008955,0.01889181720207367
0.7128170914866491,0.2217475747339866,0.8325034873269265,0.428529803805432,0.2217475747339866,0.5789806192848379,0.02149148489970721,0.08420843206427489,0,APP006576,0.01889181720207367
-0.065651348229771,0.2217475747339866,-0.05800312739151415,-0.09811915647475396,0.2217475747339866,-0.08731751506028963,-0.8565108236092858,-0.09486472069567248,0,APP002921,0.037004229377386705
0.7128170914866491,0.2217475747339866,0.3825716911634094,0.428529803805432,0.2217475747339866,-0.08731751506028963,0.5904081593270396,0.08509771624915914,0,APP001896,0.018884863241121562
0.1980061451935998,0.2217475747339866,0.3825716911634094,0.428529803805432,0.2217475747339866,0.5789806192848379,0.5904081593270396,0.3774829969715081,0,APP005310,0.021522332527870086
-0.065651348229771,0.2217475747339866,0.8325034873269265,-0.09811915647475396,0.2217475747339866,-0.08731751506028963,0.02149148489970721,0.08420843206427489,0,APP006570,0.03440375934941001
0.1980061451935998,0.2217475747339866,-0.05800312739151415,0.5867174592629567,0.2217475747339866,-0.08731751506028963,0.5904081593270396,0.08420843206427489,0,APP006372,0.02272384630511342
0.7128170914866491,0.2217475747339866,-0.7645733282836001,0.428529803805432,0.2217475747339866,-0.08731751506028963,-0.022769130482054166,0.08420843206427489,0,APP007750,0.01889181720207367
0.7128170914866491,0.2217475747339866,-0.29843817581578497,0.5867174592629567,0.2217475747339866,-0.08731751506028963,0.02149148489970721,0.08420843206427489,1,APP003875,0.0176683536199148
-0.35013955019267534,0.2217475747339866,0.8325034873269265,0.5867174592629567,0.2217475747339866,-0.08731751506028963,0.02149148489970721,0.08509771624915914,0,APP001873,0.029646912134968225
-1.0113351309460183,0.2217475747339866,0.3825716911634094,-0.8721886363285156,0.2217475747339866,-0.08731751506028963,-0.8565108236092858,0.08509771624915914,0,APP002308,0.07381588249321112
-0.065651348229771,0.2217475747339866,-0.05800312739151415,0.5867174592629567,0.2217475747339866,0.5789806192848379,0.5904081593270396,0.08420843206427489,0,APP005289,0.025835365521542593
-0.065651348229771,0.2217475747339866,0.3825716911634094,0.5867174592629567,0.2217475747339866,0.5789806192848379,0.02149148489970721,0.08420843206427489,0,APP003562,0.025835365521542593
0.7128170914866491,0.2217475747339866,-0.29843817581578497,-0.8721886363285156,0.2217475747339866,-0.08731751506028963,0.02149148489970721,-0.09486472069567248,1,APP002265,0.035107317307305486
0.7128170914866491,0.2217475747339866,0.8325034873269265,0.428529803805432,0.2217475747339866,-0.08731751506028963,0.02149148489970721,0.08420843206427489,0,APP001820,0.01889181720207367
-1.0113351309460183,0.2217475747339866,-0.7645733282836001,-0.8721886363285156,0.2217475747339866,-0.6827730105067226,-0.8565108236092858,0.08509771624915914,0,APP007745,0.07381588249321112
0.7128170914866491,0.2217475747339866,0.3825716911634094,0.5867174592629567,0.2217475747339866,-0.08731751506028963,0.5904081593270396,0.08509771624915914,0,APP003952,0.01766184190117446
-0.35013955019267534,0.2217475747339866,-0.29843817581578497,-0.09811915647475396,0.2217475747339866,0.5789806192848379,-0.022769130482054166,0.08420843206427489,0,APP007793,0.03944247030090972
-1.0113351309460183,0.2217475747339866,0.8325034873269265,0.5867174592629567,0.2217475747339866,-0.08731751506028963,-0.022769130482054166,0.08420843206427489,0,APP002600,0.04077301338994351
-0.35013955019267534,0.2217475747339866,-0.29843817581578497,0.428529803805432,0.2217475747339866,-0.08731751506028963,0.02149148489970721,0.08420843206427489,0,APP000148,0.031684610046371506
0.7128170914866491,0.2217475747339866,0.8325034873269265,0.5867174592629567,0.2217475747339866,-0.08731751506028963,0.02149148489970721,0.08420843206427489,0,APP001971,0.0176683536199148
0.1980061451935998,0.2217475747339866,0.3825716911634094,0.5867174592629567,0.2217475747339866,-0.08731751506028963,0.02149148489970721,-0.09486472069567248,0,APP003939,0.024463836449831418
-0.065651348229771,0.2217475747339866,-0.29843817581578497,-0.09811915647475396,0.2217475747339866,0.5789806192848379,0.02149148489970721,0.3774829969715081,0,APP008443,0.03052133866757444
-0.065651348229771,0.2217475747339866,0.3825716911634094,0.5867174592629567,0.2217475747339866,-0.08731751506028963,0.5904081593270396,0.08420843206427489,0,APP001004,0.025835365521542593
0.1980061451935998,0.2217475747339866,-0.05800312739151415,0.5867174592629567,0.2217475747339866,-0.08731751506028963,-0.022769130482054166,0.3774829969715081,0,APP005525,0.020132008318873924
0.7128170914866491,0.2217475747339866,-0.05800312739151415,0.5867174592629567,0.2217475747339866,-0.08731751506028963,0.02149148489970721,-0.09486472069567248,0,APP001758,0.019028776483465123
-0.065651348229771,0.2217475747339866,-0.29843817581578497,0.428529803805432,0.2217475747339866,-0.08731751506028963,0.5904081593270396,0.08420843206427489,0,APP003570,0.027608468030901005
-0.35013955019267534,-0.5688287511575048,-0.29843817581578497,-0.09811915647475396,-1.197437410579879,-0.08731751506028963,0.5904081593270396,0.08509771624915914,0,APP002509,0.05618313669498817
-1.0113351309460183,-1.910002676996926,-0.7645733282836001,-0.8721886363285156,-0.8725111649557269,-0.08731751506028963,-0.8565108236092858,-0.09486472069567248,0,APP007814,0.1898157559860381
-1.0113351309460183,-0.5688287511575048,-0.29843817581578497,-0.09811915647475396,-0.513258900002694,0.5789806192848379,0.02149148489970721,0.08420843206427489,0,APP001432,0.07648299616356238
0.7128170914866491,0.2217475747339866,0.3825716911634094,0.428529803805432,0.2217475747339866,-0.08731751506028963,0.02149148489970721,0.08420843206427489,0,APP004620,0.01889181720207367
0.7128170914866491,0.2217475747339866,0.3825716911634094,0.5867174592629567,0.2217475747339866,0.5789806192848379,0.02149148489970721,0.3774829969715081,0,APP007711,0.01564390502463836
-0.065651348229771,0.2217475747339866,-0.05800312739151415,0.5867174592629567,0.2217475747339866,-0.08731751506028963,0.02149148489970721,0.3774829969715081,0,APP003962,0.02289694860171144
-0.065651348229771,0.2217475747339866,0.8325034873269265,0.428529803805432,0.2217475747339866,0.5789806192848379,0.5904081593270396,0.08420843206427489,0,APP003468,0.027608468030901005
0.1980061451935998,0.2217475747339866,0.8325034873269265,0.428529803805432,0.2217475747339866,-0.08731751506028963,0.02149148489970721,0.08420843206427489,0,APP003200,0.02428872699607574
0.1980061451935998,0.2217475747339866,-0.05800312739151415,-0.8721886363285156,0.2217475747339866,0.5789806192848379,-0.022769130482054166,0.08420843206427489,0,APP005827,0.041791558609494746
0.7128170914866491,0.2217475747339866,-0.05800312739151415,0.428529803805432,0.2217475747339866,0.5789806192848379,0.5904081593270396,0.08420843206427489,0,APP004331,0.01889181720207367
-0.065651348229771,0.2217475747339866,-0.29843817581578497,0.428529803805432,0.2217475747339866,-0.08731751506028963,0.02149148489970721,0.3774829969715081,1,APP004594,0.024473451480688066
0.7128170914866491,0.2217475747339866,-0.05800312739151415,-0.09811915647475396,0.2217475747339866,-0.08731751506028963,0.02149148489970721,0.08420843206427489,0,APP004144,0.02359372923339286
-0.065651348229771,0.2217475747339866,-0.05800312739151415,0.5867174592629567,0.2217475747339866,-0.08731751506028963,0.02149148489970721,0.3774829969715081,0,APP001549,0.02289694860171144
-0.35013955019267534,0.2217475747339866,-0.7645733282836001,-0.8721886363285156,0.2217475747339866,-0.08731751506028963,-0.8565108236092858,0.08509771624915914,0,APP002799,0.05420162084918719
0.7128170914866491,0.2217475747339866,0.8325034873269265,0.428529803805432,0.2217475747339866,0.5789806192848379,0.5904081593270396,0.08420843206427489,0,APP004667,0.01889181720207367
0.7128170914866491,0.2217475747339866,-0.05800312739151415,0.5867174592629567,0.2217475747339866,-0.08731751506028963,0.5904081593270396,0.08420843206427489,0,APP004039,0.0176683536199148
-1.0113351309460183,0.2217475747339866,-0.29843817581578497,-0.09811915647475396,0.2217475747339866,-0.08731751506028963,0.02149148489970721,0.3774829969715081,0,APP001699,0.04803475569565855
0.7128170914866491,0.2217475747339866,-0.05800312739151415,0.5867174592629567,0.2217475747339866,-0.08731751506028963,0.02149148489970721,0.08420843206427489,0,APP005029,0.0176683536199148
0.7128170914866491,0.2217475747339866,0.3825716911634094,0.5867174592629567,0.2217475747339866,-0.08731751506028963,-0.022769130482054166,0.08509771624915914,0,APP002795,0.01766184190117446
0.7128170914866491,0.2217475747339866,-0.05800312739151415,0.5867174592629567,0.2217475747339866,0.5789806192848379,0.02149148489970721,0.3774829969715081,0,APP000928,0.01564390502463836
0.7128170914866491,0.2217475747339866,0.3825716911634094,0.5867174592629567,0.2217475747339866,0.5789806192848379,-0.022769130482054166,0.3774829969715081,0,APP008928,0.01564390502463836
0.1980061451935998,-0.5688287511575048,-0.29843817581578497,-0.8721886363285156,-0.8725111649557269,0.5789806192848379,0.02149148489970721,0.08420843206427489,0,APP007602,0.05948852055003558
-0.065651348229771,-0.5688287511575048,0.3825716911634094,-0.09811915647475396,-0.8725111649557269,-0.08731751506028963,0.02149148489970721,-0.09486472069567248,0,APP000708,0.052785635192994465
0.1980061451935998,-0.8003405521422314,0.8325034873269265,-0.09811915647475396,-0.8725111649557269,-0.08731751506028963,-0.022769130482054166,0.08509771624915914,0,APP005401,0.048067593205970725
-0.35013955019267534,0.2217475747339866,-0.05800312739151415,-0.09811915647475396,0.2217475747339866,-0.08731751506028963,-0.022769130482054166,0.08420843206427489,1,APP006152,0.03944247030090972
0.7128170914866491,0.2217475747339866,0.3825716911634094,0.428529803805432,0.2217475747339866,-0.08731751506028963,0.5904081593270396,0.08420843206427489,0,APP007736,0.01889181720207367
0.7128170914866491,0.2217475747339866,0.8325034873269265,-0.09811915647475396,0.2217475747339866,-0.08731751506028963,0.02149148489970721,-0.09486472069567248,0,APP006251,0.0253985961957803
0.7128170914866491,0.2217475747339866,0.3825716911634094,-0.09811915647475396,0.2217475747339866,0.5789806192848379,0.02149148489970721,0.08420843206427489,0,APP007631,0.02359372923339286
-0.065651348229771,0.2217475747339866,0.8325034873269265,0.428529803805432,0.2217475747339866,-0.08731751506028963,0.02149148489970721,0.08420843206427489,0,APP007500,0.027608468030901005
-0.35013955019267534,-0.8003405521422314,0.3825716911634094,-0.8721886363285156,-0.513258900002694,-0.6827730105067226,-0.8565108236092858,0.08509771624915914,0,APP002131,0.08480902066178503
0.7128170914866491,0.2217475747339866,0.8325034873269265,0.428529803805432,0.2217475747339866,0.5789806192848379,0.5904081593270396,0.08420843206427489,0,APP008111,0.01889181720207367
-0.065651348229771,0.2217475747339866,0.3825716911634094,0.5867174592629567,0.2217475747339866,-0.08731751506028963,0.02149148489970721,0.08420843206427489,0,APP006789,0.025835365521542593
0.1980061451935998,0.2217475747339866,-0.05800312739151415,-0.09811915647475396,0.2217475747339866,-0.08731751506028963,0.02149148489970721,0.3774829969715081,0,APP003456,0.026861018938613507
-0.35013955019267534,0.2217475747339866,0.3825716911634094,-0.09811915647475396,0.2217475747339866,0.5789806192848379,0.02149148489970721,0.08420843206427489,0,APP003201,0.03944247030090972
0.7128170914866491,0.2217475747339866,0.3825716911634094,0.428529803805432,0.2217475747339866,-0.08731751506028963,0.02149148489970721,0.08420843206427489,0,APP001174,0.01889181720207367
0.7128170914866491,0.2217475747339866,0.8325034873269265,-0.09811915647475396,0.2217475747339866,-0.08731751506028963,0.02149148489970721,0.08420843206427489,0,APP006273,0.02359372923339286
0.1980061451935998,0.2217475747339866,-0.29843817581578497,-0.8721886363285156,0.2217475747339866,0.5789806192848379,0.02149148489970721,0.08420843206427489,0,APP008400,0.041791558609494746
0.1980061451935998,0.2217475747339866,0.3825716911634094,0.428529803805432,0.2217475747339866,-0.08731751506028963,0.02149148489970721,0.08420843206427489,0,APP000366,0.02428872699607574
-1.0113351309460183,0.2217475747339866,-0.7645733282836001,-0.09811915647475396,0.2217475747339866,-0.08731751506028963,0.02149148489970721,0.08420843206427489,0,APP006651,0.05402080951084046
0.1980061451935998,0.2217475747339866,-0.05800312739151415,0.5867174592629567,0.2217475747339866,-0.08731751506028963,0.02149148489970721,0.08420843206427489,0,APP008378,0.02272384630511342
0.1980061451935998,0.2217475747339866,-0.05800312739151415,-0.8721886363285156,0.2217475747339866,-0.08731751506028963,-0.022769130482054166,0.3774829969715081,0,APP004437,0.037107473034896754
0.1980061451935998,0.2217475747339866,-0.29843817581578497,0.5867174592629567,0.2217475747339866,-0.6827730105067226,-0.8565108236092858,-1.527679097450456,0,APP001822,0.04388987079577521
-0.065651348229771,0.2217475747339866,-0.29843817581578497,-0.8721886363285156,0.2217475747339866,-0.08731751506028963,-0.8565108236092858,-0.09486472069567248,0,APP008312,0.05091748095967704
-0.35013955019267534,0.2217475747339866,-0.7645733282836001,-0.8721886363285156,0.2217475747339866,-0.08731751506028963,0.02149148489970721,0.08420843206427489,0,APP003931,0.05422086078018935
0.7128170914866491,0.2217475747339866,0.8325034873269265,-0.09811915647475396,0.2217475747339866,0.5789806192848379,0.02149148489970721,0.08420843206427489,0,APP004174,0.02359372923339286
-0.065651348229771,0.2217475747339866,-0.05800312739151415,0.5867174592629567,0.2217475747339866,-0.08731751506028963,0.02149148489970721,-0.09486472069567248,0,APP007117,0.02780682905467762
-0.065651348229771,0.2217475747339866,-0.05800312739151415,-0.8721886363285156,0.2217475747339866,-0.08731751506028963,-0.8565108236092858,0.3774829969715081,0,APP003743,0.042103654249744674
-0.065651348229771,0.2217475747339866,0.3825716911634094,-0.09811915647475396,0.2217475747339866,-0.08731751506028963,0.02149148489970721,0.3774829969715081,0,APP004339,0.03052133866757444
0.7128170914866491,0.2217475747339866,0.3825716911634094,-0.09811915647475396,0.2217475747339866,0.5789806192848379,-0.022769130482054166,0.08420843206427489,0,APP007894,0.02359372923339286
0.1980061451935998,-0.5688287511575048,-0.7645733282836001,-0.09811915647475396,-0.9834263428289417,-0.08731751506028963,-0.022769130482054166,0.3774829969715081,0,APP006148,0.038489488681447075
-0.35013955019267534,0.2217475747339866,0.3825716911634094,-0.09811915647475396,0.2217475747339866,-0.08731751506028963,0.02149148489970721,0.08509771624915914,0,APP006262,0.0394282557726393
0.7128170914866491,0.2217475747339866,0.8325034873269265,0.5867174592629567,0.2217475747339866,0.5789806192848379,0.02149148489970721,0.08420843206427489,0,APP003325,0.0176683536199148
-0.065651348229771,0.2217475747339866,-0.05800312739151415,0.428529803805432,0.2217475747339866,-0.6827730105067226,0.02149148489970721,0.08420843206427489,0,APP006220,0.027608468030901005
0.7128170914866491,0.2217475747339866,-0.05800312739151415,0.5867174592629567,0.2217475747339866,-0.08731751506028963,-0.022769130482054166,-0.09486472069567248,0,APP008852,0.019028776483465123
0.1980061451935998,0.2217475747339866,-0.05800312739151415,0.5867174592629567,0.2217475747339866,0.5789806192848379,-0.022769130482054166,0.08420843206427489,0,APP001545,0.02272384630511342
-0.35013955019267534,0.2217475747339866,-0.29843817581578497,-0.09811915647475396,0.2217475747339866,-0.08731751506028963,-0.022769130482054166,-0.09486472069567248,0,APP008092,0.042407073740724076
-0.065651348229771,0.2217475747339866,0.3825716911634094,0.5867174592629567,0.2217475747339866,0.5789806192848379,0.5904081593270396,0.08420843206427489,0,APP006578,0.025835365521542593
-0.065651348229771,0.2217475747339866,-0.7645733282836001,-0.8721886363285156,0.2217475747339866,-0.08731751506028963,0.02149148489970721,0.08420843206427489,0,APP001308,0.04738737154686286
0.1980061451935998,0.2217475747339866,-0.05800312739151415,-0.09811915647475396,0.2217475747339866,-0.08731751506028963,0.02149148489970721,0.08420843206427489,0,APP004822,0.030292382522712033
-0.35013955019267534,0.2217475747339866,-0.05800312739151415,-0.09811915647475396,0.2217475747339866,0.5789806192848379,0.02149148489970721,0.08420843206427489,0,APP002461,0.03944247030090972
-0.065651348229771,0.2217475747339866,-0.29843817581578497,0.5867174592629567,0.2217475747339866,-0.08731751506028963,0.02149148489970721,0.08420843206427489,0,APP000209,0.025835365521542593
-0.35013955019267534,-0.5688287511575048,-0.29843817581578497,-0.8721886363285156,-0.513258900002694,-0.08731751506028963,0.5904081593270396,-0.09486472069567248,0,APP006106,0.08228864724435386
0.7128170914866491,0.2217475747339866,-0.05800312739151415,-0.8721886363285156,0.2217475747339866,-0.08731751506028963,0.02149148489970721,0.3774829969715081,0,APP005457,0.028946763344909022
-0.065651348229771,-0.5688287511575048,-0.7645733282836001,-0.09811915647475396,-0.9834263428289417,-0.08731751506028963,0.02149148489970721,0.08509771624915914,1,APP003051,0.049115183466189545
-0.065651348229771,0.2217475747339866,-0.29843817581578497,0.5867174592629567,0.2217475747339866,-0.08731751506028963,0.5904081593270396,0.08420843206427489,0,APP004225,0.025835365521542593
0.7128170914866491,0.2217475747339866,0.3825716911634094,-0.09811915647475396,0.2217475747339866,-0.08731751506028963,0.02149148489970721,0.08420843206427489,0,APP005510,0.02359372923339286
0.7128170914866491,0.2217475747339866,0.8325034873269265,0.428529803805432,0.2217475747339866,0.5789806192848379,-0.022769130482054166,0.08420843206427489,0,APP002651,0.01889181720207367
-0.065651348229771,0.2217475747339866,0.3825716911634094,0.5867174592629567,0.2217475747339866,-0.08731751506028963,0.5904081593270396,0.08420843206427489,0,APP001124,0.025835365521542593
0.7128170914866491,0.2217475747339866,-0.05800312739151415,-0.09811915647475396,0.2217475747339866,-0.08731751506028963,0.02149148489970721,0.08420843206427489,0,APP008824,0.02359372923339286
-1.0113351309460183,-1.910002676996926,-0.7645733282836001,-0.09811915647475396,-0.9834263428289417,-0.08731751506028963,-0.022769130482054166,0.08509771624915914,0,APP004674,0.13460126802474623
-0.065651348229771,0.2217475747339866,0.3825716911634094,0.428529803805432,0.2217475747339866,0.5789806192848379,0.02149148489970721,0.08420843206427489,0,APP001215,0.027608468030901005
0.7128170914866491,0.2217475747339866,0.8325034873269265,-0.09811915647475396,0.2217475747339866,0.5789806192848379,0.02149148489970721,0.08420843206427489,0,APP007107,0.02359372923339286
-0.35013955019267534,0.2217475747339866,-0.29843817581578497,0.5867174592629567,0.2217475747339866,-0.08731751506028963,0.02149148489970721,0.08420843206427489,0,APP008938,0.0296577092053339
-0.065651348229771,0.2217475747339866,0.3825716911634094,0.5867174592629567,0.2217475747339866,-0.6827730105067226,0.02149148489970721,-0.09486472069567248,0,APP008715,0.02780682905467762
-0.065651348229771,0.2217475747339866,0.3825716911634094,-0.8721886363285156,0.2217475747339866,-0.08731751506028963,0.02149148489970721,0.08420843206427489,0,APP006279,0.04738737154686286
0.7128170914866491,0.2217475747339866,0.8325034873269265,0.428529803805432,0.2217475747339866,0.5789806192848379,0.5904081593270396,0.08420843206427489,0,APP007802,0.01889181720207367
-0.065651348229771,0.2217475747339866,0.3825716911634094,-0.09811915647475396,0.2217475747339866,-0.6827730105067226,0.02149148489970721,0.08509771624915914,0,APP000698,0.03439129568892732
-0.065651348229771,0.2217475747339866,-0.05800312739151415,0.5867174592629567,0.2217475747339866,-0.08731751506028963,0.02149148489970721,0.08420843206427489,0,APP003066,0.025835365521542593
0.7128170914866491,0.2217475747339866,0.8325034873269265,-0.09811915647475396,0.2217475747339866,-0.08731751506028963,-0.022769130482054166,-0.09486472069567248,0,APP006643,0.0253985961957803
0.7128170914866491,0.2217475747339866,-0.05800312739151415,-0.09811915647475396,0.2217475747339866,0.5789806192848379,0.5904081593270396,0.08420843206427489,0,APP001106,0.02359372923339286
-0.35013955019267534,-0.5688287511575048,-0.7645733282836001,-0.09811915647475396,-0.9834263428289417,-0.08731751506028963,0.02149148489970721,0.08420843206427489,0,APP002107,0.056203038206527424
-0.35013955019267534,-0.5688287511575048,-0.29843817581578497,0.5867174592629567,-0.8725111649557269,-0.08731751506028963,0.02149148489970721,0.08420843206427489,0,APP000754,0.04244409457057185
-0.065651348229771,0.2217475747339866,-0.7645733282836001,0.428529803805432,0.2217475747339866,-0.6827730105067226,0.02149148489970721,0.08420843206427489,0,APP003905,0.027608468030901005
-0.35013955019267534,0.2217475747339866,-0.29843817581578497,-0.09811915647475396,0.2217475747339866,-0.08731751506028963,0.02149148489970721,-0.09486472069567248,0,APP002343,0.042407073740724076
0.7128170914866491,0.2217475747339866,0.3825716911634094,0.428529803805432,0.2217475747339866,0.5789806192848379,0.5904081593270396,0.08420843206427489,0,APP007794,0.01889181720207367
0.7128170914866491,0.2217475747339866,0.3825716911634094,0.5867174592629567,0.2217475747339866,-0.08731751506028963,-0.022769130482054166,0.3774829969715081,0,APP007405,0.01564390502463836
0.7128170914866491,0.2217475747339866,0.3825716911634094,0.5867174592629567,0.2217475747339866,0.5789806192848379,0.5904081593270396,0.08420843206427489,0,APP000623,0.0176683536199148
0.7128170914866491,0.2217475747339866,0.3825716911634094,-0.09811915647475396,0.2217475747339866,0.5789806192848379,0.5904081593270396,0.08420843206427489,0,APP001188,0.02359372923339286
-0.065651348229771,0.2217475747339866,0.3825716911634094,-0.09811915647475396,0.2217475747339866,0.5789806192848379,0.02149148489970721,0.08420843206427489,0,APP000753,0.03440375934941001
0.7128170914866491,0.2217475747339866,0.3825716911634094,0.428529803805432,0.2217475747339866,0.5789806192848379,0.02149148489970721,0.08420843206427489,0,APP000279,0.01889181720207367
-1.0113351309460183,0.2217475747339866,-0.05800312739151415,-0.8721886363285156,0.2217475747339866,-0.08731751506028963,-0.8565108236092858,0.08420843206427489,1,APP001169,0.07384154130962636
-0.35013955019267534,0.2217475747339866,-0.05800312739151415,-0.09811915647475396,0.2217475747339866,-0.08731751506028963,-0.022769130482054166,0.08420843206427489,0,APP002868,0.03944247030090972
-0.35013955019267534,0.2217475747339866,0.3825716911634094,0.5867174592629567,0.2217475747339866,-0.6827730105067226,0.02149148489970721,-0.09486472069567248,0,APP002878,0.03191129619574281
0.7128170914866491,0.2217475747339866,0.8325034873269265,0.5867174592629567,0.2217475747339866,0.5789806192848379,0.02149148489970721,0.08420843206427489,0,APP006969,0.0176683536199148
-0.35013955019267534,0.2217475747339866,-0.29843817581578497,-0.8721886363285156,0.2217475747339866,-0.08731751506028963,0.02149148489970721,0.08420843206427489,0,APP008441,0.05422086078018935
0.7128170914866491,0.2217475747339866,0.3825716911634094,-0.09811915647475396,0.2217475747339866,-0.08731751506028963,0.5904081593270396,0.08509771624915914,0,APP008100,0.02358508613350342
-1.0113351309460183,0.2217475747339866,0.3825716911634094,-0.09811915647475396,0.2217475747339866,-0.08731751506028963,0.02149148489970721,0.08420843206427489,0,APP000809,0.05402080951084046
-0.065651348229771,-0.8003405521422314,-0.29843817581578497,-0.09811915647475396,-1.197437410579879,-0.08731751506028963,0.02149148489970721,0.08509771624915914,0,APP006822,0.054455997698459935
0.1980061451935998,0.2217475747339866,0.8325034873269265,0.428529803805432,0.2217475747339866,-0.08731751506028963,0.5904081593270396,0.08420843206427489,0,APP002008,0.02428872699607574
-0.065651348229771,0.2217475747339866,0.3825716911634094,0.428529803805432,0.2217475747339866,0.5789806192848379,0.5904081593270396,0.08420843206427489,0,APP006438,0.027608468030901005
-0.065651348229771,0.2217475747339866,-0.05800312739151415,-0.09811915647475396,0.2217475747339866,-0.08731751506028963,0.02149148489970721,0.08509771624915914,0,APP002321,0.03439129568892732
-0.35013955019267534,-0.5688287511575048,-0.05800312739151415,-0.09811915647475396,-0.9834263428289417,-0.6827730105067226,-0.022769130482054166,0.3774829969715081,0,APP006964,0.04998794932890245
-0.065651348229771,0.2217475747339866,-0.05800312739151415,-0.09811915647475396,0.2217475747339866,-0.08731751506028963,0.02149148489970721,0.3774829969715081,0,APP006084,0.03052133866757444
0.7128170914866491,0.2217475747339866,0.8325034873269265,0.5867174592629567,0.2217475747339866,-0.08731751506028963,-0.022769130482054166,0.08420843206427489,0,APP003052,0.0176683536199148
-1.0113351309460183,-0.5688287511575048,-0.05800312739151415,-0.09811915647475396,-0.513258900002694,-0.08731751506028963,-0.022769130482054166,0.08509771624915914,0,APP006261,0.07645649525351572
-0.35013955019267534,-0.5688287511575048,-0.29843817581578497,-0.09811915647475396,-0.8725111649557269,-0.08731751506028963,0.02149148489970721,0.08509771624915914,0,APP006419,0.05618313669498817
-1.0113351309460183,-0.5688287511575048,-0.05800312739151415,-0.8721886363285156,-1.197437410579879,-0.6827730105067226,-0.022769130482054166,0.08420843206427489,0,APP001936,0.10364235537066266
0.1980061451935998,0.2217475747339866,-0.29843817581578497,-0.09811915647475396,0.2217475747339866,-0.08731751506028963,0.02149148489970721,0.08509771624915914,0,APP007159,0.03028136160620495
-1.0113351309460183,-0.8003405521422314,-0.7645733282836001,-0.8721886363285156,-0.8725111649557269,-0.6827730105067226,-0.8565108236092858,-0.09486472069567248,0,APP000233,0.1220699159480573
-0.35013955019267534,0.2217475747339866,-0.29843817581578497,-0.8721886363285156,0.2217475747339866,-0.08731751506028963,0.02149148489970721,-0.09486472069567248,0,APP002295,0.058228912647221596
-0.35013955019267534,0.2217475747339866,-0.29843817581578497,-0.09811915647475396,0.2217475747339866,-0.6827730105067226,-0.8565108236092858,0.08509771624915914,0,APP007469,0.0394282557726393
-0.065651348229771,0.2217475747339866,0.3825716911634094,0.428529803805432,0.2217475747339866,-0.08731751506028963,0.5904081593270396,0.08420843206427489,0,APP007057,0.027608468030901005
-1.0113351309460183,-0.8003405521422314,0.3825716911634094,-0.09811915647475396,-0.9834263428289417,-0.08731751506028963,-0.022769130482054166,-0.09486472069567248,0,APP006596,0.09056955852277224
0.7128170914866491,0.2217475747339866,-0.05800312739151415,0.5867174592629567,0.2217475747339866,-0.08731751506028963,-0.8565108236092858,0.3774829969715081,0,APP001088,0.01564390502463836
-0.065651348229771,0.2217475747339866,-0.29843817581578497,0.5867174592629567,0.2217475747339866,-0.08731751506028963,-0.022769130482054166,0.08420843206427489,0,APP005249,0.025835365521542593
-0.065651348229771,0.2217475747339866,-0.05800312739151415,-0.09811915647475396,0.2217475747339866,0.5789806192848379,0.02149148489970721,0.08420843206427489,0,APP008888,0.03440375934941001
-0.065651348229771,0.2217475747339866,0.8325034873269265,-0.09811915647475396,0.2217475747339866,-0.08731751506028963,0.02149148489970721,0.08420843206427489,0,APP008080,0.03440375934941001
-0.065651348229771,0.2217475747339866,0.8325034873269265,-0.09811915647475396,0.2217475747339866,0.5789806192848379,-0.022769130482054166,0.3774829969715081,0,APP002431,0.03052133866757444
-1.0113351309460183,0.2217475747339866,-0.05800312739151415,-0.09811915647475396,0.2217475747339866,-0.08731751506028963,0.02149148489970721,0.08420843206427489,0,APP000941,0.05402080951084046
0.7128170914866491,0.2217475747339866,0.3825716911634094,0.428529803805432,0.2217475747339866,-0.08731751506028963,0.5904081593270396,0.08420843206427489,0,APP000655,0.01889181720207367
-0.35013955019267534,-0.5688287511575048,-0.29843817581578497,-0.09811915647475396,-0.513258900002694,0.5789806192848379,0.5904081593270396,0.08420843206427489,0,APP001668,0.056203038206527424
0.7128170914866491,0.2217475747339866,0.8325034873269265,0.5867174592629567,0.2217475747339866,-0.08731751506028963,-0.8565108236092858,0.08420843206427489,0,APP001805,0.0176683536199148
0.1980061451935998,0.2217475747339866,-0.29843817581578497,-0.8721886363285156,0.2217475747339866,-0.08731751506028963,0.02149148489970721,0.08420843206427489,0,APP000298,0.041791558609494746
0.1980061451935998,0.2217475747339866,-0.05800312739151415,0.5867174592629567,0.2217475747339866,-0.08731751506028963,-0.8565108236092858,0.08509771624915914,0,APP006331,0.02271551445622887
0.1980061451935998,0.2217475747339866,-0.05800312739151415,-0.09811915647475396,0.2217475747339866,-0.6827730105067226,-0.022769130482054166,-1.527679097450456,0,APP007848,0.05808905485776677
0.7128170914866491,0.2217475747339866,0.8325034873269265,0.5867174592629567,0.2217475747339866,0.5789806192848379,0.02149148489970721,0.08420843206427489,0,APP002773,0.0176683536199148
-0.065651348229771,0.2217475747339866,-0.05800312739151415,-0.09811915647475396,0.2217475747339866,-0.08731751506028963,0.02149148489970721,0.08420843206427489,0,APP008649,0.03440375934941001
-0.065651348229771,0.2217475747339866,-0.05800312739151415,0.428529803805432,0.2217475747339866,-0.08731751506028963,0.02149148489970721,0.08509771624915914,0,APP007638,0.027598395780540387
0.7128170914866491,0.2217475747339866,0.3825716911634094,-0.8721886363285156,0.2217475747339866,-0.08731751506028963,0.02149148489970721,-0.09486472069567248,0,APP002558,0.035107317307305486
-0.065651348229771,0.2217475747339866,0.3825716911634094,0.5867174592629567,0.2217475747339866,-0.08731751506028963,0.02149148489970721,0.3774829969715081,0,APP002020,0.02289694860171144
0.7128170914866491,0.2217475747339866,0.3825716911634094,0.428529803805432,0.2217475747339866,-0.08731751506028963,0.02149148489970721,-0.09486472069567248,0,APP007661,0.02034449296474017
-0.065651348229771,0.2217475747339866,0.3825716911634094,0.5867174592629567,0.2217475747339866,-0.08731751506028963,0.02149148489970721,0.08420843206427489,0,APP003603,0.025835365521542593
-0.35013955019267534,0.2217475747339866,-0.05800312739151415,0.5867174592629567,0.2217475747339866,-0.08731751506028963,0.02149148489970721,-0.09486472069567248,0,APP006374,0.03191129619574281
0.7128170914866491,0.2217475747339866,0.8325034873269265,0.428529803805432,0.2217475747339866,0.5789806192848379,-0.022769130482054166,0.3774829969715081,0,APP006063,0.01672957096901055
0.7128170914866491,0.2217475747339866,0.8325034873269265,0.428529803805432,0.2217475747339866,-0.08731751506028963,0.02149148489970721,0.08420843206427489,0,APP002935,0.01889181720207367
-0.065651348229771,0.2217475747339866,-0.05800312739151415,-0.09811915647475396,0.2217475747339866,-0.08731751506028963,-0.022769130482054166,0.08420843206427489,0,APP001284,0.03440375934941001
0.7128170914866491,0.2217475747339866,0.8325034873269265,-0.09811915647475396,0.2217475747339866,0.5789806192848379,0.02149148489970721,0.3774829969715081,0,APP003538,0.020904796424193146
-0.35013955019267534,-0.8003405521422314,-0.7645733282836001,-0.8721886363285156,-0.513258900002694,-0.08731751506028963,-0.8565108236092858,-0.09486472069567248,0,APP007707,0.09089195348387312
-0.065651348229771,0.2217475747339866,-0.7645733282836001,-0.09811915647475396,0.2217475747339866,0.5789806192848379,-0.022769130482054166,0.08420843206427489,0,APP005049,0.03440375934941001
-0.35013955019267534,0.2217475747339866,0.3825716911634094,-0.09811915647475396,0.2217475747339866,0.5789806192848379,-0.022769130482054166,0.08420843206427489,0,APP008933,0.03944247030090972
-0.065651348229771,0.2217475747339866,0.8325034873269265,0.428529803805432,0.2217475747339866,-0.6827730105067226,0.02149148489970721,-0.09486472069567248,0,APP002983,0.029711108117363834
-0.35013955019267534,0.2217475747339866,0.3825716911634094,-0.09811915647475396,0.2217475747339866,-0.08731751506028963,0.02149148489970721,0.08509771624915914,0,APP001983,0.0394282557726393
0.7128170914866491,0.2217475747339866,0.8325034873269265,0.5867174592629567,0.2217475747339866,0.5789806192848379,0.02149148489970721,0.08420843206427489,0,APP004677,0.0176683536199148
0.1980061451935998,0.2217475747339866,-0.05800312739151415,-0.09811915647475396,0.2217475747339866,-0.6827730105067226,-0.8565108236092858,-1.527679097450456,0,APP004444,0.05808905485776677
-0.065651348229771,0.2217475747339866,0.3825716911634094,-0.09811915647475396,0.2217475747339866,-0.08731751506028963,0.02149148489970721,-0.09486472069567248,0,APP006198,0.037004229377386705
0.1980061451935998,0.2217475747339866,-0.05800312739151415,-0.8721886363285156,0.2217475747339866,-0.08731751506028963,0.02149148489970721,0.08420843206427489,0,APP007919,0.041791558609494746
-0.065651348229771,0.2217475747339866,-0.29843817581578497,-0.09811915647475396,0.2217475747339866,-0.08731751506028963,0.02149148489970721,0.08420843206427489,0,APP007151,0.03440375934941001
-0.35013955019267534,0.2217475747339866,-0.29843817581578497,0.428529803805432,0.2217475747339866,-0.08731751506028963,-0.022769130482054166,0.08420843206427489,0,APP003906,0.031684610046371506
-0.065651348229771,0.2217475747339866,0.3825716911634094,-0.09811915647475396,0.2217475747339866,-0.08731751506028963,0.02149148489970721,0.08420843206427489,0,APP003042,0.03440375934941001
-0.065651348229771,-0.5688287511575048,-0.05800312739151415,-0.8721886363285156,-1.197437410579879,-0.08731751506028963,0.02149148489970721,0.08509771624915914,0,APP003583,0.06726397946395882
0.7128170914866491,0.2217475747339866,0.8325034873269265,0.428529803805432,0.2217475747339866,0.5789806192848379,-0.022769130482054166,0.08420843206427489,0,APP002031,0.01889181720207367
-0.065651348229771,0.2217475747339866,0.8325034873269265,-0.09811915647475396,0.2217475747339866,-0.08731751506028963,0.02149148489970721,0.08420843206427489,0,APP005390,0.03440375934941001
-0.065651348229771,-0.5688287511575048,-0.29843817581578497,-0.09811915647475396,-0.8725111649557269,0.5789806192848379,-0.022769130482054166,0.3774829969715081,0,APP001781,0.04366330785177514
-0.065651348229771,0.2217475747339866,-0.29843817581578497,0.428529803805432,0.2217475747339866,0.5789806192848379,0.02149148489970721,0.08420843206427489,0,APP006835,0.027608468030901005
-0.065651348229771,0.2217475747339866,0.8325034873269265,0.428529803805432,0.2217475747339866,-0.08731751506028963,0.02149148489970721,0.08420843206427489,0,APP005257,0.027608468030901005
-0.065651348229771,0.2217475747339866,0.3825716911634094,0.428529803805432,0.2217475747339866,-0.08731751506028963,0.5904081593270396,0.3774829969715081,0,APP007275,0.024473451480688066
-0.065651348229771,0.2217475747339866,-0.05800312739151415,-0.8721886363285156,0.2217475747339866,-0.6827730105067226,-0.022769130482054166,-1.527679097450456,0,APP003784,0.08942404397860715
0.7128170914866491,0.2217475747339866,0.8325034873269265,0.5867174592629567,0.2217475747339866,-0.08731751506028963,0.02149148489970721,0.08420843206427489,0,APP007627,0.0176683536199148
-1.0113351309460183,0.2217475747339866,-0.29843817581578497,-0.8721886363285156,0.2217475747339866,-0.08731751506028963,0.5904081593270396,0.08509771624915914,0,APP005599,0.07381588249321112
-0.065651348229771,0.2217475747339866,0.3825716911634094,0.428529803805432,0.2217475747339866,0.5789806192848379,0.5904081593270396,0.3774829969715081,0,APP002036,0.024473451480688066
-0.065651348229771,0.2217475747339866,-0.05800312739151415,0.428529803805432,0.2217475747339866,-0.08731751506028963,0.02149148489970721,0.3774829969715081,0,APP008731,0.024473451480688066
-0.065651348229771,0.2217475747339866,-0.29843817581578497,0.428529803805432,0.2217475747339866,0.5789806192848379,0.02149148489970721,0.08420843206427489,0,APP006391,0.027608468030901005
0.7128170914866491,0.2217475747339866,-0.05800312739151415,0.5867174592629567,0.2217475747339866,-0.08731751506028963,-0.022769130482054166,0.3774829969715081,0,APP003429,0.01564390502463836
-0.065651348229771,0.2217475747339866,0.3825716911634094,-0.09811915647475396,0.2217475747339866,0.5789806192848379,-0.022769130482054166,0.08420843206427489,0,APP002602,0.03440375934941001
0.7128170914866491,0.2217475747339866,-0.29843817581578497,0.5867174592629567,0.2217475747339866,-0.08731751506028963,0.02149148489970721,0.08420843206427489,0,APP008200,0.0176683536199148
-0.065651348229771,0.2217475747339866,-0.05800312739151415,0.5867174592629567,0.2217475747339866,-0.08731751506028963,-0.022769130482054166,0.3774829969715081,0,APP007011,0.02289694860171144
-1.0113351309460183,-0.5688287511575048,-0.7645733282836001,-0.09811915647475396,-0.8725111649557269,-0.08731751506028963,-0.022769130482054166,0.08420843206427489,1,APP005089,0.07648299616356238
0.7128170914866491,0.2217475747339866,-0.05800312739151415,-0.09811915647475396,0.2217475747339866,-0.08731751506028963,0.5904081593270396,0.08420843206427489,0,APP003841,0.02359372923339286
-0.065651348229771,0.2217475747339866,-0.7645733282836001,0.5867174592629567,0.2217475747339866,-0.08731751506028963,0.5904081593270396,0.08420843206427489,0,APP003163,0.025835365521542593
-0.35013955019267534,0.2217475747339866,-0.29843817581578497,-0.09811915647475396,0.2217475747339866,-0.6827730105067226,-0.8565108236092858,0.08509771624915914,0,APP008530,0.0394282557726393
-0.065651348229771,0.2217475747339866,0.8325034873269265,0.5867174592629567,0.2217475747339866,0.5789806192848379,0.02149148489970721,0.08420843206427489,0,APP008788,0.025835365521542593
-0.065651348229771,0.2217475747339866,-0.29843817581578497,-0.09811915647475396,0.2217475747339866,-0.6827730105067226,0.5904081593270396,0.08509771624915914,0,APP001177,0.03439129568892732
-0.065651348229771,0.2217475747339866,-0.29843817581578497,-0.09811915647475396,0.2217475747339866,-0.6827730105067226,-0.022769130482054166,-0.09486472069567248,0,APP005193,0.037004229377386705
0.7128170914866491,0.2217475747339866,-0.05800312739151415,-0.09811915647475396,0.2217475747339866,0.5789806192848379,0.02149148489970721,0.08420843206427489,0,APP003788,0.02359372923339286
-0.35013955019267534,0.2217475747339866,-0.29843817581578497,0.5867174592629567,0.2217475747339866,-0.08731751506028963,0.02149148489970721,0.08420843206427489,0,APP001258,0.0296577092053339
0.7128170914866491,0.2217475747339866,0.3825716911634094,-0.09811915647475396,0.2217475747339866,0.5789806192848379,0.5904081593270396,0.08420843206427489,0,APP000256,0.02359372923339286
0.7128170914866491,0.2217475747339866,0.3825716911634094,-0.09811915647475396,0.2217475747339866,0.5789806192848379,0.5904081593270396,0.08420843206427489,0,APP000785,0.02359372923339286
0.1980061451935998,0.2217475747339866,-0.29843817581578497,-0.09811915647475396,0.2217475747339866,-0.6827730105067226,0.02149148489970721,0.08509771624915914,0,APP003610,0.03028136160620495
0.7128170914866491,0.2217475747339866,0.3825716911634094,-0.09811915647475396,0.2217475747339866,-0.08731751506028963,0.02149148489970721,-0.09486472069567248,0,APP005508,0.0253985961957803
-0.065651348229771,0.2217475747339866,0.8325034873269265,-0.09811915647475396,0.2217475747339866,-0.08731751506028963,0.5904081593270396,0.08509771624915914,0,APP000325,0.03439129568892732
0.7128170914866491,0.2217475747339866,-0.29843817581578497,0.428529803805432,0.2217475747339866,0.5789806192848379,0.02149148489970721,0.08420843206427489,0,APP004219,0.01889181720207367
-0.065651348229771,0.2217475747339866,-0.29843817581578497,-0.09811915647475396,0.2217475747339866,0.5789806192848379,0.02149148489970721,0.08420843206427489,0,APP007849,0.03440375934941001
-0.065651348229771,0.2217475747339866,-0.29843817581578497,0.5867174592629567,0.2217475747339866,0.5789806192848379,-0.022769130482054166,0.08420843206427489,0,APP003649,0.025835365521542593
-0.065651348229771,0.2217475747339866,-0.05800312739151415,-0.09811915647475396,0.2217475747339866,-0.08731751506028963,0.5904081593270396,0.08420843206427489,0,APP007235,0.03440375934941001
0.7128170914866491,0.2217475747339866,0.8325034873269265,0.428529803805432,0.2217475747339866,0.5789806192848379,0.02149148489970721,0.08420843206427489,0,APP007355,0.01889181720207367
0.1980061451935998,0.2217475747339866,-0.05800312739151415,-0.09811915647475396,0.2217475747339866,-0.08731751506028963,0.5904081593270396,0.08509771624915914,0,APP008316,0.03028136160620495
-1.0113351309460183,0.2217475747339866,-0.05800312739151415,-0.09811915647475396,0.2217475747339866,-0.08731751506028963,0.02149148489970721,0.08420843206427489,0,APP005813,0.05402080951084046
0.1980061451935998,0.2217475747339866,-0.29843817581578497,-0.8721886363285156,0.2217475747339866,0.5789806192848379,-0.022769130482054166,0.08420843206427489,0,APP007335,0.041791558609494746
-0.35013955019267534,0.2217475747339866,-0.29843817581578497,-0.09811915647475396,0.2217475747339866,-0.08731751506028963,0.02149148489970721,0.08509771624915914,0,APP000535,0.0394282557726393
-1.0113351309460183,-1.910002676996926,-0.7645733282836001,-0.8721886363285156,-0.513258900002694,-0.08731751506028963,-0.8565108236092858,0.08420843206427489,0,APP004764,0.1784666307242043
-0.35013955019267534,-0.5688287511575048,0.3825716911634094,-0.09811915647475396,-1.197437410579879,-0.08731751506028963,0.02149148489970721,0.08420843206427489,0,APP000270,0.056203038206527424
-0.065651348229771,0.2217475747339866,-0.29843817581578497,0.428529803805432,0.2217475747339866,0.5789806192848379,0.5904081593270396,0.08420843206427489,1,APP003188,0.027608468030901005
-0.065651348229771,0.2217475747339866,-0.05800312739151415,-0.8721886363285156,0.2217475747339866,-0.08731751506028963,-0.022769130482054166,-0.09486472069567248,0,APP008740,0.05091748095967704
-0.065651348229771,0.2217475747339866,-0.05800312739151415,-0.09811915647475396,0.2217475747339866,-0.08731751506028963,0.02149148489970721,0.3774829969715081,0,APP005204,0.03052133866757444
-0.065651348229771,0.2217475747339866,-0.05800312739151415,0.5867174592629567,0.2217475747339866,-0.08731751506028963,0.02149148489970721,0.08420843206427489,0,APP008664,0.025835365521542593
-1.0113351309460183,-0.8003405521422314,-0.7645733282836001,-0.8721886363285156,-0.9834263428289417,-0.08731751506028963,-0.8565108236092858,0.08509771624915914,0,APP003139,0.11416242698321287
0.1980061451935998,0.2217475747339866,-0.05800312739151415,0.5867174592629567,0.2217475747339866,-0.08731751506028963,0.02149148489970721,0.3774829969715081,0,APP004765,0.020132008318873924
0.7128170914866491,0.2217475747339866,-0.05800312739151415,0.5867174592629567,0.2217475747339866,-0.08731751506028963,-0.022769130482054166,0.08420843206427489,0,APP007695,0.0176683536199148
-0.35013955019267534,-0.8003405521422314,-0.29843817581578497,-0.8721886363285156,-0.8725111649557269,-0.08731751506028963,-0.022769130482054166,0.08420843206427489,0,APP002704,0.08483815072727934
0.7128170914866491,0.2217475747339866,-0.05800312739151415,-0.09811915647475396,0.2217475747339866,-0.08731751506028963,0.02149148489970721,0.08420843206427489,0,APP005403,0.02359372923339286
0.7128170914866491,0.2217475747339866,-0.05800312739151415,0.5867174592629567,0.2217475747339866,-0.08731751506028963,0.02149148489970721,0.08420843206427489,0,APP003611,0.0176683536199148
-1.0113351309460183,0.2217475747339866,-0.7645733282836001,-0.09811915647475396,0.2217475747339866,0.5789806192848379,0.02149148489970721,0.08420843206427489,0,APP002524,0.05402080951084046
-1.0113351309460183,-0.5688287511575048,-0.7645733282836001,-0.09811915647475396,-0.8725111649557269,-0.08731751506028963,0.02149148489970721,0.3774829969715081,0,APP006509,0.06818731701954446
0.1980061451935998,0.2217475747339866,-0.29843817581578497,0.5867174592629567,0.2217475747339866,-0.08731751506028963,0.5904081593270396,0.08509771624915914,0,APP007657,0.02271551445622887
-0.065651348229771,0.2217475747339866,-0.7645733282836001,0.5867174592629567,0.2217475747339866,-0.08731751506028963,-0.022769130482054166,0.08509771624915914,0,APP005641,0.025825922962349028
0.7128170914866491,0.2217475747339866,0.8325034873269265,0.428529803805432,0.2217475747339866,0.5789806192848379,0.02149148489970721,0.08420843206427489,0,APP008387,0.01889181720207367
0.1980061451935998,0.2217475747339866,-0.05800312739151415,-0.09811915647475396,0.2217475747339866,0.5789806192848379,0.02149148489970721,0.08420843206427489,0,APP003770,0.030292382522712033
0.1980061451935998,0.2217475747339866,-0.05800312739151415,0.5867174592629567,0.2217475747339866,0.5789806192848379,0.02149148489970721,0.08420843206427489,0,APP006775,0.02272384630511342
0.7128170914866491,0.2217475747339866,0.8325034873269265,0.428529803805432,0.2217475747339866,-0.08731751506028963,0.02149148489970721,0.08420843206427489,0,APP004135,0.01889181720207367
-0.35013955019267534,0.2217475747339866,-0.7645733282836001,-0.09811915647475396,0.2217475747339866,0.5789806192848379,-0.8565108236092858,0.3774829969715081,0,APP003367,0.035012055071022154
-0.065651348229771,0.2217475747339866,-0.05800312739151415,0.428529803805432,0.2217475747339866,-0.08731751506028963,0.5904081593270396,0.3774829969715081,0,APP000016,0.024473451480688066
0.7128170914866491,0.2217475747339866,0.8325034873269265,0.428529803805432,0.2217475747339866,-0.08731751506028963,0.02149148489970721,0.3774829969715081,0,APP008464,0.01672957096901055
-0.065651348229771,0.2217475747339866,0.3825716911634094,0.428529803805432,0.2217475747339866,0.5789806192848379,0.5904081593270396,0.08420843206427489,0,APP001839,0.027608468030901005
-1.0113351309460183,0.2217475747339866,-0.29843817581578497,-0.8721886363285156,0.2217475747339866,-0.08731751506028963,-0.8565108236092858,0.08420843206427489,0,APP004604,0.07384154130962636
-0.35013955019267534,-0.8003405521422314,-0.7645733282836001,-0.8721886363285156,-0.8725111649557269,-0.08731751506028963,0.02149148489970721,0.08420843206427489,0,APP006091,0.08483815072727934
-0.065651348229771,0.2217475747339866,0.8325034873269265,0.5867174592629567,0.2217475747339866,-0.6827730105067226,0.02149148489970721,-0.09486472069567248,0,APP002306,0.02780682905467762
-0.065651348229771,0.2217475747339866,-0.05800312739151415,0.5867174592629567,0.2217475747339866,-0.08731751506028963,0.5904081593270396,0.08420843206427489,0,APP003725,0.025835365521542593
0.7128170914866491,0.2217475747339866,-0.05800312739151415,-0.09811915647475396,0.2217475747339866,-0.08731751506028963,0.02149148489970721,0.08420843206427489,0,APP008948,0.02359372923339286
0.7128170914866491,0.2217475747339866,0.3825716911634094,0.428529803805432,0.2217475747339866,0.5789806192848379,0.02149148489970721,0.3774829969715081,0,APP003064,0.01672957096901055
0.7128170914866491,0.2217475747339866,0.3825716911634094,0.5867174592629567,0.2217475747339866,-0.08731751506028963,0.02149148489970721,0.08420843206427489,0,APP001227,0.0176683536199148
-1.0113351309460183,-0.8003405521422314,-0.29843817581578497,-0.8721886363285156,-0.9834263428289417,-0.08731751506028963,-0.8565108236092858,0.08509771624915914,0,APP005806,0.11416242698321287
-0.35013955019267534,0.2217475747339866,-0.29843817581578497,-0.09811915647475396,0.2217475747339866,-0.08731751506028963,-0.022769130482054166,0.08420843206427489,1,APP007706,0.03944247030090972
-0.065651348229771,0.2217475747339866,-0.29843817581578497,0.428529803805432,0.2217475747339866,0.5789806192848379,0.02149148489970721,0.08420843206427489,0,APP000990,0.027608468030901005
-0.35013955019267534,-0.5688287511575048,-0.29843817581578497,-0.09811915647475396,-0.8725111649557269,0.5789806192848379,0.02149148489970721,0.08420843206427489,0,APP004574,0.056203038206527424
0.7128170914866491,0.2217475747339866,-0.05800312739151415,-0.09811915647475396,0.2217475747339866,0.5789806192848379,0.02149148489970721,0.08420843206427489,0,APP005228,0.02359372923339286
0.7128170914866491,0.2217475747339866,0.8325034873269265,0.428529803805432,0.2217475747339866,0.5789806192848379,-0.022769130482054166,0.08420843206427489,0,APP007975,0.01889181720207367
0.7128170914866491,0.2217475747339866,0.8325034873269265,0.5867174592629567,0.2217475747339866,0.5789806192848379,0.02149148489970721,0.08420843206427489,0,APP006743,0.0176683536199148
-1.0113351309460183,-0.5688287511575048,-0.05800312739151415,-0.09811915647475396,-0.8725111649557269,-0.6827730105067226,-0.022769130482054166,0.08509771624915914,0,APP002340,0.07645649525351572
0.7128170914866491,0.2217475747339866,0.8325034873269265,0.5867174592629567,0.2217475747339866,0.5789806192848379,0.02149148489970721,0.08420843206427489,0,APP001513,0.0176683536199148
-1.0113351309460183,0.2217475747339866,-0.05800312739151415,-0.09811915647475396,0.2217475747339866,-0.08731751506028963,0.02149148489970721,0.08420843206427489,0,APP000413,0.05402080951084046
-1.0113351309460183,-1.910002676996926,-0.7645733282836001,-0.09811915647475396,-0.8725111649557269,-0.08731751506028963,0.02149148489970721,0.08509771624915914,0,APP007679,0.13460126802474623
0.7128170914866491,0.2217475747339866,0.8325034873269265,0.428529803805432,0.2217475747339866,-0.08731751506028963,0.02149148489970721,0.08420843206427489,0,APP007381,0.01889181720207367
0.7128170914866491,0.2217475747339866,0.3825716911634094,0.5867174592629567,0.2217475747339866,0.5789806192848379,0.02149148489970721,0.08420843206427489,0,APP003797,0.0176683536199148
-0.065651348229771,0.2217475747339866,-0.29843817581578497,-0.09811915647475396,0.2217475747339866,-0.08731751506028963,-0.8565108236092858,0.08509771624915914,0,APP005211,0.03439129568892732
-0.065651348229771,0.2217475747339866,-0.05800312739151415,-0.09811915647475396,0.2217475747339866,-0.08731751506028963,-0.022769130482054166,0.3774829969715081,0,APP008693,0.03052133866757444
-0.065651348229771,0.2217475747339866,0.3825716911634094,-0.09811915647475396,0.2217475747339866,-0.08731751506028963,0.02149148489970721,0.08509771624915914,0,APP001267,0.03439129568892732
0.7128170914866491,0.2217475747339866,-0.05800312739151415,0.5867174592629567,0.2217475747339866,-0.08731751506028963,0.02149148489970721,0.3774829969715081,0,APP008507,0.01564390502463836
-0.35013955019267534,0.2217475747339866,0.3825716911634094,0.5867174592629567,0.2217475747339866,-0.08731751506028963,0.02149148489970721,0.3774829969715081,0,APP003164,0.026296288551937438
0.7128170914866491,0.2217475747339866,0.3825716911634094,0.428529803805432,0.2217475747339866,-0.08731751506028963,0.5904081593270396,0.08420843206427489,0,APP008377,0.01889181720207367
0.1980061451935998,0.2217475747339866,-0.05800312739151415,0.5867174592629567,0.2217475747339866,-0.08731751506028963,-0.022769130482054166,0.08509771624915914,0,APP003309,0.02271551445622887
-0.35013955019267534,0.2217475747339866,-0.05800312739151415,0.5867174592629567,0.2217475747339866,-0.08731751506028963,0.02149148489970721,0.08509771624915914,0,APP005718,0.029646912134968225
0.7128170914866491,0.2217475747339866,-0.29843817581578497,0.5867174592629567,0.2217475747339866,-0.08731751506028963,0.02149148489970721,0.08420843206427489,0,APP006534,0.0176683536199148
0.7128170914866491,0.2217475747339866,0.3825716911634094,-0.09811915647475396,0.2217475747339866,-0.6827730105067226,0.5904081593270396,0.08509771624915914,0,APP005316,0.02358508613350342
0.7128170914866491,0.2217475747339866,-0.05800312739151415,0.428529803805432,0.2217475747339866,0.5789806192848379,0.5904081593270396,0.08420843206427489,0,APP001059,0.01889181720207367
-0.35013955019267534,-0.8003405521422314,-0.05800312739151415,-0.09811915647475396,-0.8725111649557269,-0.08731751506028963,-0.022769130482054166,0.3774829969715081,0,APP001735,0.05541813751474063
-1.0113351309460183,-0.8003405521422314,-0.29843817581578497,-0.8721886363285156,-0.8725111649557269,-0.08731751506028963,0.5904081593270396,-0.09486472069567248,0,APP000028,0.1220699159480573
0.7128170914866491,0.2217475747339866,-0.05800312739151415,0.428529803805432,0.2217475747339866,-0.08731751506028963,0.02149148489970721,0.08420843206427489,1,APP007563,0.01889181720207367
-1.0113351309460183,-0.5688287511575048,-0.29843817581578497,-0.8721886363285156,-0.9834263428289417,-0.6827730105067226,-0.8565108236092858,0.08420843206427489,0,APP001768,0.10364235537066266
0.7128170914866491,0.2217475747339866,0.3825716911634094,0.428529803805432,0.2217475747339866,-0.08731751506028963,0.02149148489970721,0.3774829969715081,0,APP006785,0.01672957096901055
0.7128170914866491,0.2217475747339866,-0.29843817581578497,0.5867174592629567,0.2217475747339866,0.5789806192848379,0.02149148489970721,0.08420843206427489,0,APP006862,0.0176683536199148
0.7128170914866491,0.2217475747339866,0.8325034873269265,0.428529803805432,0.2217475747339866,-0.08731751506028963,0.02149148489970721,0.3774829969715081,0,APP005099,0.01672957096901055
0.7128170914866491,0.2217475747339866,0.3825716911634094,0.5867174592629567,0.2217475747339866,-0.08731751506028963,0.02149148489970721,-0.09486472069567248,0,APP004398,0.019028776483465123
-0.35013955019267534,-0.5688287511575048,-0.7645733282836001,-0.8721886363285156,-0.8725111649557269,-0.08731751506028963,-0.022769130482054166,0.3774829969715081,0,APP007436,0.06843603476718518
0.7128170914866491,0.2217475747339866,0.8325034873269265,0.5867174592629567,0.2217475747339866,-0.6827730105067226,0.02149148489970721,-0.09486472069567248,0,APP005485,0.019028776483465123
-0.065651348229771,0.2217475747339866,-0.05800312739151415,-0.09811915647475396,0.2217475747339866,-0.08731751506028963,0.5904081593270396,0.08420843206427489,0,APP003911,0.03440375934941001
0.7128170914866491,0.2217475747339866,0.3825716911634094,0.5867174592629567,0.2217475747339866,0.5789806192848379,0.02149148489970721,0.08420843206427489,0,APP002701,0.0176683536199148
0.1980061451935998,0.2217475747339866,-0.29843817581578497,-0.09811915647475396,0.2217475747339866,-0.08731751506028963,-0.022769130482054166,0.08420843206427489,0,APP000429,0.030292382522712033
-0.35013955019267534,0.2217475747339866,-0.05800312739151415,0.5867174592629567,0.2217475747339866,0.5789806192848379,0.5904081593270396,0.08420843206427489,0,APP007940,0.0296577092053339
-0.065651348229771,0.2217475747339866,0.3825716911634094,0.428529803805432,0.2217475747339866,0.5789806192848379,-0.022769130482054166,0.08420843206427489,0,APP007038,0.027608468030901005
0.7128170914866491,0.2217475747339866,-0.29843817581578497,0.428529803805432,0.2217475747339866,-0.08731751506028963,0.5904081593270396,0.08420843206427489,0,APP004519,0.01889181720207367
-0.35013955019267534,0.2217475747339866,0.3825716911634094,0.5867174592629567,0.2217475747339866,-0.08731751506028963,0.5904081593270396,0.3774829969715081,0,APP004138,0.026296288551937438
0.7128170914866491,0.2217475747339866,-0.29843817581578497,-0.09811915647475396,0.2217475747339866,-0.08731751506028963,0.02149148489970721,0.08509771624915914,0,APP000489,0.02358508613350342
0.7128170914866491,0.2217475747339866,-0.29843817581578497,0.5867174592629567,0.2217475747339866,-0.08731751506028963,0.02149148489970721,0.08420843206427489,0,APP006359,0.0176683536199148
0.7128170914866491,0.2217475747339866,-0.05800312739151415,-0.09811915647475396,0.2217475747339866,-0.08731751506028963,-0.8565108236092858,0.08420843206427489,0,APP004960,0.02359372923339286
-0.35013955019267534,0.2217475747339866,0.3825716911634094,-0.09811915647475396,0.2217475747339866,0.5789806192848379,0.02149148489970721,0.08420843206427489,0,APP008838,0.03944247030090972
0.7128170914866491,0.2217475747339866,0.3825716911634094,-0.09811915647475396,0.2217475747339866,0.5789806192848379,0.02149148489970721,0.08420843206427489,0,APP002472,0.02359372923339286
-0.065651348229771,0.2217475747339866,-0.29843817581578497,0.428529803805432,0.2217475747339866,0.5789806192848379,0.5904081593270396,0.08420843206427489,0,APP000170,0.027608468030901005
-0.065651348229771,0.2217475747339866,-0.05800312739151415,-0.09811915647475396,0.2217475747339866,-0.08731751506028963,0.02149148489970721,0.08420843206427489,1,APP001436,0.03440375934941001
0.7128170914866491,0.2217475747339866,-0.05800312739151415,-0.09811915647475396,0.2217475747339866,-0.08731751506028963,0.02149148489970721,0.08509771624915914,0,APP000521,0.02358508613350342
0.7128170914866491,0.2217475747339866,0.8325034873269265,0.5867174592629567,0.2217475747339866,-0.08731751506028963,0.02149148489970721,0.3774829969715081,0,APP008596,0.01564390502463836
0.7128170914866491,0.2217475747339866,-0.05800312739151415,0.428529803805432,0.2217475747339866,-0.6827730105067226,0.5904081593270396,0.08509771624915914,0,APP005615,0.018884863241121562
0.7128170914866491,0.2217475747339866,0.8325034873269265,0.428529803805432,0.2217475747339866,-0.08731751506028963,0.5904081593270396,0.08509771624915914,0,APP007243,0.018884863241121562
0.7128170914866491,0.2217475747339866,0.8325034873269265,-0.09811915647475396,0.2217475747339866,0.5789806192848379,0.5904081593270396,0.08420843206427489,0,APP001991,0.02359372923339286
0.7128170914866491,0.2217475747339866,0.8325034873269265,0.5867174592629567,0.2217475747339866,-0.08731751506028963,0.5904081593270396,-0.09486472069567248,0,APP000382,0.019028776483465123
0.1980061451935998,0.2217475747339866,0.8325034873269265,0.5867174592629567,0.2217475747339866,-0.6827730105067226,0.02149148489970721,-0.09486472069567248,0,APP000668,0.024463836449831418
0.7128170914866491,0.2217475747339866,0.3825716911634094,0.5867174592629567,0.2217475747339866,0.5789806192848379,0.02149148489970721,0.08420843206427489,0,APP008863,0.0176683536199148
0.7128170914866491,0.2217475747339866,0.3825716911634094,0.428529803805432,0.2217475747339866,-0.08731751506028963,-0.022769130482054166,0.08420843206427489,0,APP006326,0.01889181720207367
0.7128170914866491,0.2217475747339866,-0.05800312739151415,-0.09811915647475396,0.2217475747339866,-0.08731751506028963,0.5904081593270396,0.08420843206427489,0,APP003170,0.02359372923339286
-0.065651348229771,0.2217475747339866,0.8325034873269265,0.5867174592629567,0.2217475747339866,-0.08731751506028963,0.02149148489970721,0.3774829969715081,0,APP007441,0.02289694860171144
0.1980061451935998,0.2217475747339866,-0.05800312739151415,-0.09811915647475396,0.2217475747339866,-0.08731751506028963,0.02149148489970721,-0.09486472069567248,0,APP002330,0.03259257627661918
-0.065651348229771,0.2217475747339866,-0.29843817581578497,0.5867174592629567,0.2217475747339866,0.5789806192848379,0.5904081593270396,0.08420843206427489,0,APP000948,0.025835365521542593
0.7128170914866491,0.2217475747339866,0.3825716911634094,-0.8721886363285156,0.2217475747339866,-0.08731751506028963,-0.022769130482054166,0.08420843206427489,0,APP008883,0.03263563498364616
-0.065651348229771,0.2217475747339866,0.3825716911634094,-0.8721886363285156,0.2217475747339866,-0.08731751506028963,0.02149148489970721,0.08420843206427489,0,APP003820,0.04738737154686286
-1.0113351309460183,0.2217475747339866,0.3825716911634094,0.5867174592629567,0.2217475747339866,-0.6827730105067226,-0.8565108236092858,0.08509771624915914,0,APP007451,0.040758339698625266
0.7128170914866491,0.2217475747339866,0.8325034873269265,0.428529803805432,0.2217475747339866,-0.08731751506028963,-0.022769130482054166,0.08420843206427489,0,APP001858,0.01889181720207367
0.7128170914866491,0.2217475747339866,0.3825716911634094,-0.09811915647475396,0.2217475747339866,-0.08731751506028963,0.5904081593270396,-0.09486472069567248,0,APP002059,0.0253985961957803
-0.065651348229771,0.2217475747339866,-0.05800312739151415,0.5867174592629567,0.2217475747339866,-0.08731751506028963,0.5904081593270396,0.08509771624915914,0,APP007422,0.025825922962349028
0.7128170914866491,0.2217475747339866,0.8325034873269265,0.428529803805432,0.2217475747339866,0.5789806192848379,0.02149148489970721,0.08420843206427489,0,APP002221,0.01889181720207367
0.7128170914866491,0.2217475747339866,-0.29843817581578497,-0.09811915647475396,0.2217475747339866,-0.08731751506028963,0.02149148489970721,0.08509771624915914,0,APP003621,0.02358508613350342
-0.065651348229771,0.2217475747339866,0.8325034873269265,0.428529803805432,0.2217475747339866,0.5789806192848379,0.5904081593270396,0.08420843206427489,0,APP002989,0.027608468030901005
-0.065651348229771,0.2217475747339866,-0.05800312739151415,0.5867174592629567,0.2217475747339866,0.5789806192848379,0.02149148489970721,0.3774829969715081,0,APP002469,0.02289694860171144
-0.065651348229771,0.2217475747339866,-0.05800312739151415,0.5867174592629567,0.2217475747339866,-0.6827730105067226,0.02149148489970721,0.08509771624915914,0,APP004354,0.025825922962349028
-0.35013955019267534,0.2217475747339866,0.3825716911634094,0.428529803805432,0.2217475747339866,-0.08731751506028963,0.02149148489970721,0.3774829969715081,0,APP007447,0.028100112110231962
-1.0113351309460183,-0.8003405521422314,-0.7645733282836001,-0.8721886363285156,-0.8725111649557269,-0.6827730105067226,-0.8565108236092858,-1.527679097450456,1,APP008404,0.20288311899526615
-0.35013955019267534,0.2217475747339866,-0.29843817581578497,-0.8721886363285156,0.2217475747339866,-0.08731751506028963,-0.022769130482054166,0.08420843206427489,0,APP008499,0.05422086078018935
0.7128170914866491,0.2217475747339866,-0.05800312739151415,-0.09811915647475396,0.2217475747339866,-0.08731751506028963,0.5904081593270396,0.08420843206427489,0,APP004265,0.02359372923339286
-0.065651348229771,0.2217475747339866,0.8325034873269265,0.428529803805432,0.2217475747339866,0.5789806192848379,0.5904081593270396,0.08420843206427489,0,APP000850,0.027608468030901005
0.7128170914866491,0.2217475747339866,0.8325034873269265,0.5867174592629567,0.2217475747339866,-0.08731751506028963,0.02149148489970721,-0.09486472069567248,0,APP003904,0.019028776483465123
0.7128170914866491,0.2217475747339866,0.8325034873269265,0.5867174592629567,0.2217475747339866,-0.08731751506028963,0.02149148489970721,0.08420843206427489,0,APP004415,0.0176683536199148
-0.065651348229771,0.2217475747339866,-0.05800312739151415,0.428529803805432,0.2217475747339866,0.5789806192848379,0.02149148489970721,0.08420843206427489,0,APP007333,0.027608468030901005
-0.065651348229771,0.2217475747339866,0.8325034873269265,-0.09811915647475396,0.2217475747339866,0.5789806192848379,0.5904081593270396,0.08420843206427489,0,APP005685,0.03440375934941001
0.7128170914866491,0.2217475747339866,0.3825716911634094,-0.09811915647475396,0.2217475747339866,-0.08731751506028963,0.02149148489970721,0.08420843206427489,0,APP007685,0.02359372923339286
-0.065651348229771,0.2217475747339866,-0.05800312739151415,0.5867174592629567,0.2217475747339866,-0.08731751506028963,0.5904081593270396,0.08420843206427489,0,APP000516,0.025835365521542593
0.7128170914866491,0.2217475747339866,0.8325034873269265,0.428529803805432,0.2217475747339866,-0.08731751506028963,-0.022769130482054166,0.08420843206427489,0,APP008674,0.01889181720207367
-0.35013955019267534,0.2217475747339866,-0.29843817581578497,-0.8721886363285156,0.2217475747339866,-0.6827730105067226,0.02149148489970721,0.3774829969715081,0,APP005272,0.0482137690773625
0.7128170914866491,0.2217475747339866,-0.05800312739151415,0.5867174592629567,0.2217475747339866,-0.08731751506028963,0.02149148489970721,0.08420843206427489,0,APP000889,0.0176683536199148
-0.065651348229771,0.2217475747339866,0.3825716911634094,0.428529803805432,0.2217475747339866,-0.08731751506028963,0.5904081593270396,0.08420843206427489,0,APP007380,0.027608468030901005
0.1980061451935998,0.2217475747339866,-0.05800312739151415,-0.09811915647475396,0.2217475747339866,-0.08731751506028963,-0.022769130482054166,0.08420843206427489,0,APP006447,0.030292382522712033
0.7128170914866491,0.2217475747339866,-0.05800312739151415,0.428529803805432,0.2217475747339866,-0.08731751506028963,0.02149148489970721,0.3774829969715081,0,APP003534,0.01672957096901055
-0.065651348229771,0.2217475747339866,-0.29843817581578497,-0.09811915647475396,0.2217475747339866,-0.08731751506028963,0.5904081593270396,0.08420843206427489,0,APP006087,0.03440375934941001
-1.0113351309460183,0.2217475747339866,0.3825716911634094,-0.09811915647475396,0.2217475747339866,-0.08731751506028963,0.02149148489970721,0.08420843206427489,1,APP006018,0.05402080951084046
-0.065651348229771,0.2217475747339866,-0.05800312739151415,0.5867174592629567,0.2217475747339866,-0.08731751506028963,0.02149148489970721,0.08420843206427489,0,APP002033,0.025835365521542593
0.7128170914866491,0.2217475747339866,0.8325034873269265,0.428529803805432,0.2217475747339866,0.5789806192848379,0.02149148489970721,0.08420843206427489,0,APP005101,0.01889181720207367
0.7128170914866491,0.2217475747339866,0.8325034873269265,-0.09811915647475396,0.2217475747339866,0.5789806192848379,0.02149148489970721,0.08420843206427489,0,APP003252,0.02359372923339286
0.1980061451935998,0.2217475747339866,0.8325034873269265,0.5867174592629567,0.2217475747339866,-0.08731751506028963,0.02149148489970721,0.3774829969715081,0,APP001182,0.020132008318873924
-0.35013955019267534,0.2217475747339866,0.3825716911634094,0.5867174592629567,0.2217475747339866,-0.08731751506028963,0.5904081593270396,0.3774829969715081,0,APP006709,0.026296288551937438
0.7128170914866491,0.2217475747339866,-0.05800312739151415,-0.09811915647475396,0.2217475747339866,-0.08731751506028963,0.02149148489970721,0.3774829969715081,0,APP005325,0.020904796424193146
0.7128170914866491,0.2217475747339866,0.8325034873269265,0.5867174592629567,0.2217475747339866,-0.08731751506028963,0.02149148489970721,0.08420843206427489,0,APP002491,0.0176683536199148
0.7128170914866491,0.2217475747339866,-0.05800312739151415,-0.09811915647475396,0.2217475747339866,-0.08731751506028963,0.02149148489970721,0.08420843206427489,0,APP003901,0.02359372923339286
-1.0113351309460183,-0.5688287511575048,-0.29843817581578497,-0.09811915647475396,-0.513258900002694,-0.08731751506028963,-0.8565108236092858,0.08420843206427489,0,APP005501,0.07648299616356238
-0.065651348229771,0.2217475747339866,-0.29843817581578497,-0.09811915647475396,0.2217475747339866,0.5789806192848379,0.5904081593270396,0.08420843206427489,0,APP006133,0.03440375934941001
0.1980061451935998,0.2217475747339866,-0.05800312739151415,-0.09811915647475396,0.2217475747339866,-0.08731751506028963,0.5904081593270396,0.3774829969715081,0,APP002311,0.026861018938613507
-0.065651348229771,0.2217475747339866,0.3825716911634094,-0.09811915647475396,0.2217475747339866,-0.08731751506028963,0.02149148489970721,0.3774829969715081,0,APP008565,0.03052133866757444
0.1980061451935998,0.2217475747339866,-0.29843817581578497,-0.09811915647475396,0.2217475747339866,-0.08731751506028963,0.02149148489970721,0.08420843206427489,0,APP007411,0.030292382522712033
-0.35013955019267534,0.2217475747339866,-0.05800312739151415,-0.09811915647475396,0.2217475747339866,-0.08731751506028963,-0.022769130482054166,0.3774829969715081,0,APP002283,0.035012055071022154
0.1980061451935998,0.2217475747339866,0.8325034873269265,-0.09811915647475396,0.2217475747339866,-0.08731751506028963,0.02149148489970721,0.08420843206427489,0,APP006684,0.030292382522712033
0.7128170914866491,0.2217475747339866,-0.05800312739151415,0.428529803805432,0.2217475747339866,-0.08731751506028963,0.02149148489970721,-0.09486472069567248,0,APP005269,0.02034449296474017
0.7128170914866491,0.2217475747339866,0.8325034873269265,0.428529803805432,0.2217475747339866,0.5789806192848379,0.5904081593270396,0.08420843206427489,0,APP000773,0.01889181720207367
0.7128170914866491,0.2217475747339866,0.8325034873269265,0.428529803805432,0.2217475747339866,0.5789806192848379,0.02149148489970721,0.08420843206427489,0,APP008628,0.01889181720207367
-0.35013955019267534,0.2217475747339866,-0.29843817581578497,-0.09811915647475396,0.2217475747339866,-0.08731751506028963,-0.022769130482054166,0.08420843206427489,0,APP005738,0.03944247030090972
-1.0113351309460183,-0.8003405521422314,-0.05800312739151415,0.5867174592629567,-1.197437410579879,0.5789806192848379,-0.022769130482054166,0.08420843206427489,0,APP007573,0.06431298021768043
-0.065651348229771,0.2217475747339866,0.3825716911634094,-0.09811915647475396,0.2217475747339866,-0.08731751506028963,-0.022769130482054166,0.08420843206427489,0,APP008290,0.03440375934941001
-0.065651348229771,-0.5688287511575048,-0.7645733282836001,-0.09811915647475396,-0.513258900002694,-0.08731751506028963,-0.022769130482054166,0.3774829969715081,0,APP005969,0.04366330785177514
-0.065651348229771,0.2217475747339866,-0.05800312739151415,-0.09811915647475396,0.2217475747339866,0.5789806192848379,0.02149148489970721,0.08420843206427489,0,APP003250,0.03440375934941001
-1.0113351309460183,0.2217475747339866,-0.7645733282836001,-0.09811915647475396,0.2217475747339866,0.5789806192848379,-0.8565108236092858,0.3774829969715081,1,APP005170,0.04803475569565855
0.1980061451935998,0.2217475747339866,0.3825716911634094,-0.09811915647475396,0.2217475747339866,-0.6827730105067226,0.02149148489970721,0.08509771624915914,0,APP007124,0.03028136160620495
0.1980061451935998,0.2217475747339866,-0.05800312739151415,-0.09811915647475396,0.2217475747339866,-0.08731751506028963,0.02149148489970721,0.08420843206427489,0,APP008259,0.030292382522712033
-0.065651348229771,0.2217475747339866,-0.05800312739151415,-0.09811915647475396,0.2217475747339866,-0.08731751506028963,0.02149148489970721,0.08420843206427489,0,APP007293,0.03440375934941001
-0.065651348229771,0.2217475747339866,-0.05800312739151415,-0.8721886363285156,0.2217475747339866,0.5789806192848379,0.02149148489970721,0.08420843206427489,0,APP005471,0.04738737154686286
0.7128170914866491,0.2217475747339866,0.8325034873269265,0.5867174592629567,0.2217475747339866,-0.08731751506028963,0.5904081593270396,0.08420843206427489,0,APP008193,0.0176683536199148
0.7128170914866491,0.2217475747339866,0.8325034873269265,0.428529803805432,0.2217475747339866,-0.08731751506028963,-0.022769130482054166,0.08420843206427489,0,APP006726,0.01889181720207367
0.7128170914866491,0.2217475747339866,0.3825716911634094,0.428529803805432,0.2217475747339866,0.5789806192848379,0.5904081593270396,0.08420843206427489,0,APP004471,0.01889181720207367
0.7128170914866491,0.2217475747339866,0.8325034873269265,0.428529803805432,0.2217475747339866,0.5789806192848379,0.02149148489970721,0.08420843206427489,0,APP006469,0.01889181720207367
-0.065651348229771,0.2217475747339866,0.3825716911634094,-0.09811915647475396,0.2217475747339866,-0.08731751506028963,0.02149148489970721,0.08420843206427489,0,APP000320,0.03440375934941001
0.7128170914866491,0.2217475747339866,-0.05800312739151415,0.428529803805432,0.2217475747339866,-0.08731751506028963,0.5904081593270396,0.08420843206427489,0,APP007271,0.01889181720207367
0.7128170914866491,0.2217475747339866,-0.29843817581578497,-0.09811915647475396,0.2217475747339866,-0.08731751506028963,0.02149148489970721,0.08509771624915914,0,APP006527,0.02358508613350342
0.7128170914866491,0.2217475747339866,-0.29843817581578497,0.5867174592629567,0.2217475747339866,-0.08731751506028963,0.5904081593270396,0.08420843206427489,0,APP007376,0.0176683536199148
0.7128170914866491,0.2217475747339866,0.8325034873269265,-0.09811915647475396,0.2217475747339866,0.5789806192848379,0.02149148489970721,0.08420843206427489,0,APP005690,0.02359372923339286
-0.065651348229771,0.2217475747339866,-0.05800312739151415,0.428529803805432,0.2217475747339866,0.5789806192848379,0.02149148489970721,0.08420843206427489,0,APP000791,0.027608468030901005
0.7128170914866491,0.2217475747339866,0.3825716911634094,0.428529803805432,0.2217475747339866,0.5789806192848379,0.02149148489970721,0.08420843206427489,0,APP003012,0.01889181720207367
0.7128170914866491,0.2217475747339866,-0.05800312739151415,-0.8721886363285156,0.2217475747339866,-0.08731751506028963,0.02149148489970721,0.3774829969715081,1,APP008491,0.028946763344909022
-0.065651348229771,0.2217475747339866,0.8325034873269265,0.428529803805432,0.2217475747339866,0.5789806192848379,0.5904081593270396,0.3774829969715081,0,APP002711,0.024473451480688066
-0.065651348229771,0.2217475747339866,-0.29843817581578497,-0.8721886363285156,0.2217475747339866,-0.08731751506028963,-0.022769130482054166,0.3774829969715081,0,APP006004,0.042103654249744674
0.1980061451935998,0.2217475747339866,0.3825716911634094,0.5867174592629567,0.2217475747339866,-0.08731751506028963,0.5904081593270396,0.08420843206427489,0,APP004678,0.02272384630511342
-0.35013955019267534,0.2217475747339866,0.3825716911634094,-0.09811915647475396,0.2217475747339866,0.5789806192848379,0.5904081593270396,0.08420843206427489,0,APP000459,0.03944247030090972
0.1980061451935998,0.2217475747339866,-0.05800312739151415,-0.8721886363285156,0.2217475747339866,-0.08731751506028963,-0.8565108236092858,0.08420843206427489,0,APP002871,0.041791558609494746
-0.35013955019267534,0.2217475747339866,-0.05800312739151415,-0.8721886363285156,0.2217475747339866,-0.08731751506028963,0.02149148489970721,0.08420843206427489,0,APP001434,0.05422086078018935
0.1980061451935998,0.2217475747339866,0.8325034873269265,0.5867174592629567,0.2217475747339866,-0.08731751506028963,-0.022769130482054166,-0.09486472069567248,0,APP006118,0.024463836449831418
-0.35013955019267534,-0.8003405521422314,-0.29843817581578497,-0.8721886363285156,-0.513258900002694,-0.08731751506028963,0.02149148489970721,0.08420843206427489,0,APP003790,0.08483815072727934
-0.35013955019267534,0.2217475747339866,0.3825716911634094,0.428529803805432,0.2217475747339866,-0.08731751506028963,0.02149148489970721,0.3774829969715081,0,APP008314,0.028100112110231962
-0.065651348229771,0.2217475747339866,0.3825716911634094,0.5867174592629567,0.2217475747339866,-0.08731751506028963,0.02149148489970721,-0.09486472069567248,0,APP001190,0.02780682905467762
-0.065651348229771,0.2217475747339866,0.3825716911634094,0.5867174592629567,0.2217475747339866,0.5789806192848379,-0.022769130482054166,0.08420843206427489,0,APP001005,0.025835365521542593
-0.35013955019267534,0.2217475747339866,-0.05800312739151415,-0.09811915647475396,0.2217475747339866,0.5789806192848379,0.02149148489970721,0.08420843206427489,0,APP007741,0.03944247030090972
-0.065651348229771,0.2217475747339866,-0.05800312739151415,0.5867174592629567,0.2217475747339866,0.5789806192848379,0.02149148489970721,0.08420843206427489,0,APP008839,0.025835365521542593
0.7128170914866491,0.2217475747339866,-0.05800312739151415,0.5867174592629567,0.2217475747339866,-0.08731751506028963,0.02149148489970721,-0.09486472069567248,0,APP008247,0.019028776483465123
-0.35013955019267534,0.2217475747339866,-0.29843817581578497,-0.8721886363285156,0.2217475747339866,-0.08731751506028963,0.02149148489970721,0.08420843206427489,0,APP007178,0.05422086078018935
-0.065651348229771,0.2217475747339866,0.3825716911634094,0.5867174592629567,0.2217475747339866,0.5789806192848379,0.02149148489970721,0.3774829969715081,0,APP005825,0.02289694860171144
-0.065651348229771,0.2217475747339866,-0.29843817581578497,0.5867174592629567,0.2217475747339866,-0.08731751506028963,0.02149148489970721,0.08420843206427489,0,APP008506,0.025835365521542593
0.7128170914866491,0.2217475747339866,-0.7645733282836001,-0.09811915647475396,0.2217475747339866,-0.08731751506028963,0.02149148489970721,0.08420843206427489,0,APP007044,0.02359372923339286
0.7128170914866491,0.2217475747339866,0.8325034873269265,0.428529803805432,0.2217475747339866,0.5789806192848379,0.02149148489970721,0.3774829969715081,0,APP005324,0.01672957096901055
-0.35013955019267534,-0.8003405521422314,-0.29843817581578497,-0.8721886363285156,-0.9834263428289417,-0.08731751506028963,-0.8565108236092858,-0.09486472069567248,0,APP004971,0.09089195348387312
-0.065651348229771,0.2217475747339866,-0.05800312739151415,-0.8721886363285156,0.2217475747339866,0.5789806192848379,0.02149148489970721,0.08420843206427489,0,APP005995,0.04738737154686286
-0.065651348229771,0.2217475747339866,-0.05800312739151415,0.5867174592629567,0.2217475747339866,-0.08731751506028963,0.02149148489970721,0.08420843206427489,0,APP002424,0.025835365521542593
-0.065651348229771,0.2217475747339866,0.8325034873269265,0.428529803805432,0.2217475747339866,-0.08731751506028963,0.5904081593270396,-0.09486472069567248,0,APP000822,0.029711108117363834
0.7128170914866491,0.2217475747339866,0.3825716911634094,-0.09811915647475396,0.2217475747339866,-0.08731751506028963,0.02149148489970721,0.3774829969715081,0,APP003550,0.020904796424193146
-0.065651348229771,0.2217475747339866,0.8325034873269265,0.5867174592629567,0.2217475747339866,-0.08731751506028963,0.02149148489970721,0.08420843206427489,0,APP008054,0.025835365521542593
-0.065651348229771,0.2217475747339866,0.8325034873269265,0.428529803805432,0.2217475747339866,-0.08731751506028963,0.02149148489970721,-0.09486472069567248,0,APP007961,0.029711108117363834
0.7128170914866491,0.2217475747339866,-0.05800312739151415,0.428529803805432,0.2217475747339866,-0.08731751506028963,0.02149148489970721,0.3774829969715081,0,APP008849,0.01672957096901055
0.7128170914866491,0.2217475747339866,-0.29843817581578497,0.428529803805432,0.2217475747339866,0.5789806192848379,0.02149148489970721,0.3774829969715081,0,APP008884,0.01672957096901055
-0.065651348229771,0.2217475747339866,-0.05800312739151415,-0.09811915647475396,0.2217475747339866,-0.08731751506028963,0.02149148489970721,-0.09486472069567248,0,APP008170,0.037004229377386705
0.7128170914866491,0.2217475747339866,0.8325034873269265,0.428529803805432,0.2217475747339866,-0.08731751506028963,0.02149148489970721,0.3774829969715081,0,APP006913,0.01672957096901055
0.1980061451935998,0.2217475747339866,-0.29843817581578497,0.5867174592629567,0.2217475747339866,-0.08731751506028963,0.5904081593270396,0.08420843206427489,0,APP007371,0.02272384630511342
-0.065651348229771,0.2217475747339866,-0.29843817581578497,0.428529803805432,0.2217475747339866,0.5789806192848379,0.02149148489970721,0.08420843206427489,0,APP006049,0.027608468030901005
0.7128170914866491,0.2217475747339866,0.3825716911634094,-0.09811915647475396,0.2217475747339866,0.5789806192848379,0.5904081593270396,0.08420843206427489,0,APP007095,0.02359372923339286
0.7128170914866491,0.2217475747339866,-0.05800312739151415,-0.09811915647475396,0.2217475747339866,-0.08731751506028963,-0.022769130482054166,0.08420843206427489,0,APP004607,0.02359372923339286
0.1980061451935998,0.2217475747339866,-0.05800312739151415,0.428529803805432,0.2217475747339866,-0.08731751506028963,0.02149148489970721,0.08420843206427489,0,APP002862,0.02428872699607574
0.7128170914866491,0.2217475747339866,0.8325034873269265,-0.09811915647475396,0.2217475747339866,0.5789806192848379,0.5904081593270396,0.08420843206427489,0,APP006807,0.02359372923339286
-0.065651348229771,0.2217475747339866,-0.29843817581578497,0.428529803805432,0.2217475747339866,0.5789806192848379,0.5904081593270396,0.08420843206427489,0,APP001851,0.027608468030901005
-0.35013955019267534,0.2217475747339866,-0.29843817581578497,-0.8721886363285156,0.2217475747339866,-0.08731751506028963,0.02149148489970721,0.08420843206427489,0,APP004105,0.05422086078018935
0.7128170914866491,0.2217475747339866,-0.05800312739151415,0.428529803805432,0.2217475747339866,-0.08731751506028963,0.02149148489970721,0.08420843206427489,0,APP004227,0.01889181720207367
0.1980061451935998,0.2217475747339866,-0.7645733282836001,-0.09811915647475396,0.2217475747339866,-0.08731751506028963,0.02149148489970721,0.08420843206427489,0,APP000512,0.030292382522712033
0.7128170914866491,0.2217475747339866,0.3825716911634094,0.428529803805432,0.2217475747339866,-0.08731751506028963,0.5904081593270396,0.08420843206427489,0,APP006696,0.01889181720207367
0.1980061451935998,0.2217475747339866,-0.7645733282836001,0.5867174592629567,0.2217475747339866,-0.08731751506028963,0.5904081593270396,-0.09486472069567248,0,APP001636,0.024463836449831418
0.7128170914866491,0.2217475747339866,0.3825716911634094,0.5867174592629567,0.2217475747339866,-0.08731751506028963,-0.022769130482054166,0.08420843206427489,0,APP007445,0.0176683536199148
0.7128170914866491,0.2217475747339866,0.8325034873269265,-0.09811915647475396,0.2217475747339866,-0.08731751506028963,0.02149148489970721,0.08420843206427489,0,APP001774,0.02359372923339286
-0.065651348229771,0.2217475747339866,-0.05800312739151415,0.5867174592629567,0.2217475747339866,-0.08731751506028963,0.5904081593270396,0.08509771624915914,0,APP002673,0.025825922962349028
0.1980061451935998,0.2217475747339866,-0.05800312739151415,0.428529803805432,0.2217475747339866,-0.08731751506028963,-0.022769130482054166,0.08420843206427489,0,APP003307,0.02428872699607574
-1.0113351309460183,0.2217475747339866,-0.7645733282836001,-0.8721886363285156,0.2217475747339866,-0.08731751506028963,-0.8565108236092858,0.08509771624915914,1,APP008167,0.07381588249321112
-0.35013955019267534,-0.8003405521422314,-0.05800312739151415,-0.09811915647475396,-0.8725111649557269,-0.08731751506028963,0.02149148489970721,0.08420843206427489,0,APP003667,0.06226412193146435
0.7128170914866491,0.2217475747339866,0.3825716911634094,0.428529803805432,0.2217475747339866,0.5789806192848379,0.5904081593270396,0.08420843206427489,0,APP007372,0.01889181720207367
0.7128170914866491,0.2217475747339866,-0.29843817581578497,0.5867174592629567,0.2217475747339866,-0.08731751506028963,0.5904081593270396,0.08420843206427489,0,APP008641,0.0176683536199148
0.7128170914866491,0.2217475747339866,0.3825716911634094,-0.8721886363285156,0.2217475747339866,-0.08731751506028963,-0.022769130482054166,0.3774829969715081,0,APP007576,0.028946763344909022
0.7128170914866491,0.2217475747339866,0.3825716911634094,0.428529803805432,0.2217475747339866,-0.08731751506028963,0.02149148489970721,-0.09486472069567248,0,APP006635,0.02034449296474017
0.7128170914866491,0.2217475747339866,0.3825716911634094,0.428529803805432,0.2217475747339866,0.5789806192848379,0.5904081593270396,0.08420843206427489,0,APP002531,0.01889181720207367
-1.0113351309460183,0.2217475747339866,-0.05800312739151415,-0.09811915647475396,0.2217475747339866,-0.08731751506028963,0.02149148489970721,-0.09486472069567248,0,APP007591,0.05801498052620836
0.7128170914866491,0.2217475747339866,0.3825716911634094,0.428529803805432,0.2217475747339866,0.5789806192848379,0.02149148489970721,0.08420843206427489,0,APP006589,0.01889181720207367
-0.065651348229771,0.2217475747339866,-0.29843817581578497,0.5867174592629567,0.2217475747339866,-0.08731751506028963,0.02149148489970721,0.08420843206427489,0,APP003930,0.025835365521542593
-0.35013955019267534,0.2217475747339866,-0.29843817581578497,-0.09811915647475396,0.2217475747339866,-0.08731751506028963,-0.8565108236092858,0.3774829969715081,0,APP006568,0.035012055071022154
-0.065651348229771,0.2217475747339866,-0.05800312739151415,-0.09811915647475396,0.2217475747339866,-0.08731751506028963,0.02149148489970721,-0.09486472069567248,0,APP001997,0.037004229377386705
-0.065651348229771,0.2217475747339866,-0.29843817581578497,-0.09811915647475396,0.2217475747339866,-0.08731751506028963,0.02149148489970721,0.08420843206427489,0,APP005152,0.03440375934941001
-0.35013955019267534,0.2217475747339866,-0.05800312739151415,-0.8721886363285156,0.2217475747339866,-0.08731751506028963,0.5904081593270396,0.08420843206427489,0,APP004728,0.05422086078018935
0.1980061451935998,-0.8003405521422314,-0.29843817581578497,-0.09811915647475396,-1.197437410579879,0.5789806192848379,0.02149148489970721,0.08420843206427489,0,APP004597,0.04808476644282122
-0.35013955019267534,-0.8003405521422314,-0.05800312739151415,-0.09811915647475396,-0.9834263428289417,-0.08731751506028963,-0.8565108236092858,0.08420843206427489,0,APP001956,0.06226412193146435
0.1980061451935998,0.2217475747339866,-0.7645733282836001,-0.09811915647475396,0.2217475747339866,-0.08731751506028963,-0.022769130482054166,0.3774829969715081,0,APP002208,0.026861018938613507
-0.065651348229771,0.2217475747339866,-0.05800312739151415,0.428529803805432,0.2217475747339866,-0.08731751506028963,0.5904081593270396,0.08420843206427489,0,APP008066,0.027608468030901005
0.7128170914866491,0.2217475747339866,0.8325034873269265,0.428529803805432,0.2217475747339866,0.5789806192848379,0.5904081593270396,0.08420843206427489,0,APP007473,0.01889181720207367
0.7128170914866491,0.2217475747339866,0.8325034873269265,-0.09811915647475396,0.2217475747339866,0.5789806192848379,0.5904081593270396,0.08420843206427489,0,APP000713,0.02359372923339286
0.1980061451935998,0.2217475747339866,0.3825716911634094,0.5867174592629567,0.2217475747339866,-0.08731751506028963,0.02149148489970721,0.08420843206427489,0,APP003089,0.02272384630511342
0.7128170914866491,0.2217475747339866,-0.05800312739151415,0.5867174592629567,0.2217475747339866,0.5789806192848379,0.5904081593270396,0.08420843206427489,0,APP003050,0.0176683536199148
0.7128170914866491,0.2217475747339866,0.3825716911634094,0.428529803805432,0.2217475747339866,0.5789806192848379,0.5904081593270396,0.08420843206427489,0,APP003494,0.01889181720207367
0.7128170914866491,0.2217475747339866,-0.05800312739151415,0.428529803805432,0.2217475747339866,-0.08731751506028963,-0.022769130482054166,0.3774829969715081,0,APP006664,0.01672957096901055
-1.0113351309460183,-0.8003405521422314,-0.05800312739151415,-0.09811915647475396,-0.9834263428289417,-0.08731751506028963,0.02149148489970721,0.08420843206427489,0,APP005579,0.08453523198230492
0.1980061451935998,0.2217475747339866,-0.05800312739151415,-0.09811915647475396,0.2217475747339866,-0.08731751506028963,-0.022769130482054166,0.08420843206427489,0,APP002716,0.030292382522712033
0.7128170914866491,0.2217475747339866,0.8325034873269265,0.5867174592629567,0.2217475747339866,0.5789806192848379,0.02149148489970721,0.08420843206427489,0,APP003331,0.0176683536199148
-1.0113351309460183,-0.5688287511575048,-0.05800312739151415,-0.09811915647475396,-0.513258900002694,-0.08731751506028963,-0.022769130482054166,0.08420843206427489,1,APP003512,0.07648299616356238
0.7128170914866491,0.2217475747339866,0.3825716911634094,-0.09811915647475396,0.2217475747339866,-0.08731751506028963,0.5904081593270396,-0.09486472069567248,0,APP002544,0.0253985961957803
-0.065651348229771,0.2217475747339866,0.8325034873269265,0.428529803805432,0.2217475747339866,-0.08731751506028963,0.5904081593270396,0.08420843206427489,0,APP004673,0.027608468030901005
0.7128170914866491,0.2217475747339866,0.3825716911634094,-0.09811915647475396,0.2217475747339866,-0.08731751506028963,0.02149148489970721,0.08420843206427489,0,APP008769,0.02359372923339286
-0.065651348229771,0.2217475747339866,-0.05800312739151415,0.5867174592629567,0.2217475747339866,0.5789806192848379,0.02149148489970721,0.08420843206427489,0,APP004602,0.025835365521542593
-1.0113351309460183,0.2217475747339866,0.3825716911634094,-0.09811915647475396,0.2217475747339866,-0.08731751506028963,0.02149148489970721,0.08420843206427489,0,APP000807,0.05402080951084046
-0.065651348229771,0.2217475747339866,-0.7645733282836001,-0.09811915647475396,0.2217475747339866,-0.08731751506028963,0.02149148489970721,-0.09486472069567248,0,APP002223,0.037004229377386705
-0.065651348229771,0.2217475747339866,-0.29843817581578497,0.5867174592629567,0.2217475747339866,-0.08731751506028963,0.02149148489970721,0.08509771624915914,0,APP005263,0.025825922962349028
0.7128170914866491,0.2217475747339866,0.8325034873269265,0.428529803805432,0.2217475747339866,0.5789806192848379,0.5904081593270396,0.08420843206427489,0,APP006217,0.01889181720207367
0.7128170914866491,0.2217475747339866,0.8325034873269265,0.428529803805432,0.2217475747339866,-0.08731751506028963,0.02149148489970721,-0.09486472069567248,0,APP008931,0.02034449296474017
-0.065651348229771,0.2217475747339866,-0.29843817581578497,0.428529803805432,0.2217475747339866,0.5789806192848379,0.02149148489970721,0.08420843206427489,0,APP003802,0.027608468030901005
0.7128170914866491,0.2217475747339866,0.8325034873269265,0.428529803805432,0.2217475747339866,-0.08731751506028963,0.5904081593270396,-0.09486472069567248,0,APP002666,0.02034449296474017
-0.065651348229771,0.2217475747339866,0.3825716911634094,0.5867174592629567,0.2217475747339866,-0.08731751506028963,0.02149148489970721,-0.09486472069567248,0,APP005265,0.02780682905467762
0.1980061451935998,0.2217475747339866,0.8325034873269265,0.5867174592629567,0.2217475747339866,0.5789806192848379,0.02149148489970721,0.08420843206427489,0,APP008734,0.02272384630511342
-1.0113351309460183,0.2217475747339866,-0.7645733282836001,-0.09811915647475396,0.2217475747339866,-0.08731751506028963,-0.022769130482054166,-0.09486472069567248,0,APP007078,0.05801498052620836
0.1980061451935998,-0.5688287511575048,0.3825716911634094,-0.8721886363285156,-0.8725111649557269,-0.6827730105067226,-0.022769130482054166,-0.09486472069567248,0,APP003266,0.06385967040400453
0.1980061451935998,0.2217475747339866,0.3825716911634094,0.5867174592629567,0.2217475747339866,-0.08731751506028963,-0.022769130482054166,0.08420843206427489,0,APP005463,0.02272384630511342
-0.35013955019267534,-0.8003405521422314,-0.7645733282836001,-0.09811915647475396,-0.513258900002694,-0.08731751506028963,-0.8565108236092858,0.08420843206427489,0,APP005970,0.06226412193146435
0.1980061451935998,0.2217475747339866,-0.05800312739151415,0.428529803805432,0.2217475747339866,0.5789806192848379,0.02149148489970721,0.08420843206427489,0,APP003488,0.02428872699607574
-0.35013955019267534,-0.5688287511575048,-0.05800312739151415,-0.8721886363285156,-0.513258900002694,-0.6827730105067226,-0.022769130482054166,-1.527679097450456,0,APP007666,0.14099527624198485
-0.065651348229771,-0.8003405521422314,-0.7645733282836001,-0.8721886363285156,-0.8725111649557269,-0.08731751506028963,-0.8565108236092858,-0.09486472069567248,0,APP002728,0.07982686840261626
0.1980061451935998,0.2217475747339866,-0.05800312739151415,0.5867174592629567,0.2217475747339866,-0.6827730105067226,-0.022769130482054166,0.08509771624915914,0,APP006591,0.02271551445622887
0.7128170914866491,0.2217475747339866,0.3825716911634094,0.428529803805432,0.2217475747339866,0.5789806192848379,-0.022769130482054166,0.08420843206427489,0,APP007508,0.01889181720207367
-0.065651348229771,0.2217475747339866,-0.05800312739151415,-0.09811915647475396,0.2217475747339866,-0.08731751506028963,-0.022769130482054166,0.08509771624915914,0,APP003873,0.03439129568892732
0.7128170914866491,0.2217475747339866,0.8325034873269265,0.428529803805432,0.2217475747339866,0.5789806192848379,0.5904081593270396,0.08420843206427489,0,APP000622,0.01889181720207367
-0.35013955019267534,0.2217475747339866,-0.29843817581578497,-0.8721886363285156,0.2217475747339866,-0.08731751506028963,0.02149148489970721,0.08509771624915914,0,APP001769,0.05420162084918719
0.7128170914866491,0.2217475747339866,0.3825716911634094,0.5867174592629567,0.2217475747339866,0.5789806192848379,0.02149148489970721,0.08420843206427489,0,APP000984,0.0176683536199148
0.7128170914866491,0.2217475747339866,-0.05800312739151415,-0.09811915647475396,0.2217475747339866,-0.08731751506028963,-0.022769130482054166,-0.09486472069567248,0,APP005219,0.0253985961957803
-0.065651348229771,0.2217475747339866,-0.05800312739151415,-0.09811915647475396,0.2217475747339866,-0.08731751506028963,0.5904081593270396,0.08420843206427489,0,APP004012,0.03440375934941001
0.7128170914866491,0.2217475747339866,0.3825716911634094,0.5867174592629567,0.2217475747339866,0.5789806192848379,-0.022769130482054166,0.08420843206427489,0,APP007972,0.0176683536199148
0.7128170914866491,0.2217475747339866,0.3825716911634094,0.5867174592629567,0.2217475747339866,0.5789806192848379,0.02149148489970721,0.08420843206427489,0,APP000281,0.0176683536199148
-0.065651348229771,0.2217475747339866,0.3825716911634094,-0.09811915647475396,0.2217475747339866,0.5789806192848379,0.02149148489970721,0.08420843206427489,0,APP007231,0.03440375934941001
-0.065651348229771,0.2217475747339866,-0.05800312739151415,-0.09811915647475396,0.2217475747339866,0.5789806192848379,-0.022769130482054166,0.08420843206427489,0,APP003080,0.03440375934941001
0.1980061451935998,0.2217475747339866,-0.05800312739151415,-0.09811915647475396,0.2217475747339866,-0.08731751506028963,0.5904081593270396,0.3774829969715081,0,APP008634,0.026861018938613507
-0.065651348229771,-0.5688287511575048,-0.29843817581578497,-0.09811915647475396,-0.8725111649557269,-0.08731751506028963,0.02149148489970721,0.08509771624915914,0,APP001244,0.049115183466189545
0.7128170914866491,0.2217475747339866,0.3825716911634094,-0.09811915647475396,0.2217475747339866,-0.08731751506028963,-0.022769130482054166,0.08420843206427489,0,APP008438,0.02359372923339286
0.7128170914866491,0.2217475747339866,0.8325034873269265,0.5867174592629567,0.2217475747339866,0.5789806192848379,0.5904081593270396,0.08420843206427489,0,APP001243,0.0176683536199148
-1.0113351309460183,0.2217475747339866,-0.05800312739151415,-0.09811915647475396,0.2217475747339866,-0.08731751506028963,0.02149148489970721,0.08509771624915914,0,APP005046,0.05400163651359411
-0.065651348229771,0.2217475747339866,-0.05800312739151415,0.5867174592629567,0.2217475747339866,0.5789806192848379,0.02149148489970721,0.3774829969715081,0,APP004474,0.02289694860171144
0.7128170914866491,0.2217475747339866,0.8325034873269265,0.428529803805432,0.2217475747339866,0.5789806192848379,0.02149148489970721,0.08420843206427489,0,APP007813,0.01889181720207367
-0.065651348229771,0.2217475747339866,-0.29843817581578497,-0.09811915647475396,0.2217475747339866,-0.08731751506028963,0.02149148489970721,0.08420843206427489,0,APP008204,0.03440375934941001
0.1980061451935998,0.2217475747339866,-0.05800312739151415,0.5867174592629567,0.2217475747339866,-0.08731751506028963,0.5904081593270396,0.08420843206427489,0,APP007544,0.02272384630511342
-1.0113351309460183,0.2217475747339866,-0.7645733282836001,-0.09811915647475396,0.2217475747339866,-0.08731751506028963,-0.022769130482054166,0.08420843206427489,0,APP000672,0.05402080951084046
-0.065651348229771,0.2217475747339866,0.3825716911634094,-0.09811915647475396,0.2217475747339866,0.5789806192848379,0.02149148489970721,0.08420843206427489,0,APP000962,0.03440375934941001
-0.065651348229771,0.2217475747339866,-0.05800312739151415,-0.09811915647475396,0.2217475747339866,0.5789806192848379,0.02149148489970721,0.08420843206427489,0,APP004429,0.03440375934941001
0.1980061451935998,-0.5688287511575048,-0.29843817581578497,-0.8721886363285156,-0.8725111649557269,0.5789806192848379,-0.022769130482054166,0.3774829969715081,0,APP004745,0.05293048963191215
0.7128170914866491,0.2217475747339866,0.3825716911634094,-0.09811915647475396,0.2217475747339866,-0.08731751506028963,0.02149148489970721,0.08420843206427489,1,APP003336,0.02359372923339286
-0.065651348229771,0.2217475747339866,-0.05800312739151415,-0.09811915647475396,0.2217475747339866,-0.08731751506028963,-0.8565108236092858,0.08420843206427489,0,APP007735,0.03440375934941001
0.7128170914866491,0.2217475747339866,-0.29843817581578497,-0.8721886363285156,0.2217475747339866,-0.08731751506028963,0.02149148489970721,0.08420843206427489,0,APP008818,0.03263563498364616
0.7128170914866491,0.2217475747339866,-0.05800312739151415,0.5867174592629567,0.2217475747339866,-0.08731751506028963,0.5904081593270396,0.08420843206427489,0,APP007655,0.0176683536199148
-0.065651348229771,0.2217475747339866,0.3825716911634094,0.428529803805432,0.2217475747339866,0.5789806192848379,-0.022769130482054166,0.08420843206427489,0,APP008582,0.027608468030901005
0.7128170914866491,0.2217475747339866,-0.7645733282836001,-0.09811915647475396,0.2217475747339866,0.5789806192848379,0.02149148489970721,0.08420843206427489,0,APP004941,0.02359372923339286
0.7128170914866491,0.2217475747339866,0.3825716911634094,0.5867174592629567,0.2217475747339866,0.5789806192848379,0.5904081593270396,0.08420843206427489,0,APP006628,0.0176683536199148
0.1980061451935998,-0.8003405521422314,-0.29843817581578497,-0.8721886363285156,-0.9834263428289417,-0.08731751506028963,-0.022769130482054166,-0.09486472069567248,0,APP005235,0.07068462478185548
0.1980061451935998,0.2217475747339866,0.8325034873269265,0.428529803805432,0.2217475747339866,-0.08731751506028963,0.5904081593270396,-0.09486472069567248,0,APP004885,0.026145336091308227
-0.065651348229771,0.2217475747339866,-0.05800312739151415,-0.09811915647475396,0.2217475747339866,-0.08731751506028963,0.02149148489970721,0.08420843206427489,0,APP005561,0.03440375934941001
0.1980061451935998,0.2217475747339866,-0.05800312739151415,-0.09811915647475396,0.2217475747339866,-0.08731751506028963,0.02149148489970721,0.08420843206427489,0,APP005697,0.030292382522712033
0.7128170914866491,0.2217475747339866,0.3825716911634094,-0.09811915647475396,0.2217475747339866,0.5789806192848379,0.02149148489970721,0.08420843206427489,0,APP002309,0.02359372923339286
-0.065651348229771,0.2217475747339866,0.3825716911634094,0.428529803805432,0.2217475747339866,0.5789806192848379,0.02149148489970721,0.08420843206427489,0,APP000245,0.027608468030901005
0.1980061451935998,-0.5688287511575048,-0.29843817581578497,-0.09811915647475396,-0.8725111649557269,-0.6827730105067226,-0.022769130482054166,-0.09486472069567248,0,APP005428,0.04658353216584163
0.1980061451935998,-0.8003405521422314,-0.29843817581578497,-0.09811915647475396,-0.9834263428289417,-0.08731751506028963,-0.022769130482054166,0.08509771624915914,0,APP001706,0.048067593205970725
-0.065651348229771,0.2217475747339866,-0.29843817581578497,0.5867174592629567,0.2217475747339866,0.5789806192848379,0.5904081593270396,0.08420843206427489,0,APP003295,0.025835365521542593
0.7128170914866491,0.2217475747339866,-0.05800312739151415,0.428529803805432,0.2217475747339866,-0.08731751506028963,0.5904081593270396,0.3774829969715081,0,APP008439,0.01672957096901055
-0.35013955019267534,0.2217475747339866,-0.7645733282836001,-0.8721886363285156,0.2217475747339866,-0.6827730105067226,-0.022769130482054166,-1.527679097450456,0,APP002740,0.10167243926100993
-0.35013955019267534,-0.5688287511575048,-0.05800312739151415,-0.09811915647475396,-0.9834263428289417,-0.08731751506028963,-0.022769130482054166,0.08420843206427489,0,APP004090,0.056203038206527424
-0.065651348229771,0.2217475747339866,0.8325034873269265,0.428529803805432,0.2217475747339866,0.5789806192848379,0.02149148489970721,0.08420843206427489,0,APP000832,0.027608468030901005
0.1980061451935998,-0.5688287511575048,-0.29843817581578497,-0.09811915647475396,-0.9834263428289417,-0.08731751506028963,-0.022769130482054166,0.08420843206427489,0,APP000216,0.04334017427398824
-0.065651348229771,0.2217475747339866,0.8325034873269265,0.5867174592629567,0.2217475747339866,-0.08731751506028963,0.02149148489970721,0.08420843206427489,0,APP008850,0.025835365521542593
0.7128170914866491,0.2217475747339866,0.8325034873269265,0.428529803805432,0.2217475747339866,-0.08731751506028963,0.02149148489970721,0.3774829969715081,0,APP000541,0.01672957096901055
-0.065651348229771,0.2217475747339866,-0.05800312739151415,0.5867174592629567,0.2217475747339866,-0.08731751506028963,0.5904081593270396,0.08420843206427489,0,APP002893,0.025835365521542593
0.7128170914866491,0.2217475747339866,0.3825716911634094,0.428529803805432,0.2217475747339866,0.5789806192848379,0.02149148489970721,0.08420843206427489,0,APP001153,0.01889181720207367
-0.35013955019267534,-0.5688287511575048,-0.7645733282836001,-0.09811915647475396,-0.513258900002694,-0.08731751506028963,0.02149148489970721,0.08420843206427489,0,APP002964,0.056203038206527424
0.1980061451935998,0.2217475747339866,-0.29843817581578497,0.428529803805432,0.2217475747339866,-0.08731751506028963,0.02149148489970721,0.3774829969715081,1,APP008906,0.021522332527870086
0.7128170914866491,0.2217475747339866,0.8325034873269265,0.428529803805432,0.2217475747339866,0.5789806192848379,0.02149148489970721,0.08420843206427489,0,APP004621,0.01889181720207367
-0.35013955019267534,-0.5688287511575048,-0.29843817581578497,0.5867174592629567,-0.9834263428289417,-0.08731751506028963,-0.8565108236092858,0.08420843206427489,0,APP005836,0.04244409457057185
-0.065651348229771,-1.910002676996926,-0.05800312739151415,-0.09811915647475396,-0.8725111649557269,-0.08731751506028963,0.02149148489970721,0.08420843206427489,0,APP002076,0.08848887412467198
0.1980061451935998,0.2217475747339866,-0.29843817581578497,0.5867174592629567,0.2217475747339866,-0.08731751506028963,0.02149148489970721,0.3774829969715081,0,APP005504,0.020132008318873924
-0.065651348229771,0.2217475747339866,-0.05800312739151415,0.5867174592629567,0.2217475747339866,-0.08731751506028963,-0.022769130482054166,0.08420843206427489,0,APP004509,0.025835365521542593
-0.065651348229771,0.2217475747339866,0.3825716911634094,-0.09811915647475396,0.2217475747339866,-0.6827730105067226,0.02149148489970721,0.08509771624915914,0,APP007017,0.03439129568892732
0.7128170914866491,0.2217475747339866,0.8325034873269265,0.428529803805432,0.2217475747339866,-0.08731751506028963,0.02149148489970721,0.08420843206427489,0,APP002300,0.01889181720207367
0.1980061451935998,0.2217475747339866,-0.7645733282836001,0.5867174592629567,0.2217475747339866,-0.08731751506028963,0.02149148489970721,0.08420843206427489,0,APP008396,0.02272384630511342
-1.0113351309460183,-0.5688287511575048,-0.7645733282836001,-0.8721886363285156,-0.513258900002694,-0.08731751506028963,-0.8565108236092858,0.08420843206427489,0,APP000321,0.10364235537066266
0.7128170914866491,0.2217475747339866,0.3825716911634094,-0.09811915647475396,0.2217475747339866,-0.08731751506028963,0.5904081593270396,0.08420843206427489,0,APP005784,0.02359372923339286
-0.065651348229771,0.2217475747339866,0.3825716911634094,0.5867174592629567,0.2217475747339866,-0.08731751506028963,0.5904081593270396,0.08420843206427489,0,APP004951,0.025835365521542593
-0.065651348229771,0.2217475747339866,0.8325034873269265,-0.09811915647475396,0.2217475747339866,0.5789806192848379,-0.022769130482054166,0.08420843206427489,0,APP004643,0.03440375934941001
-0.35013955019267534,0.2217475747339866,0.8325034873269265,-0.09811915647475396,0.2217475747339866,0.5789806192848379,0.02149148489970721,0.08420843206427489,0,APP008727,0.03944247030090972
0.7128170914866491,0.2217475747339866,-0.05800312739151415,0.5867174592629567,0.2217475747339866,0.5789806192848379,0.02149148489970721,0.08420843206427489,0,APP003670,0.0176683536199148
0.1980061451935998,0.2217475747339866,0.8325034873269265,0.5867174592629567,0.2217475747339866,0.5789806192848379,0.5904081593270396,0.08420843206427489,0,APP001871,0.02272384630511342
-0.065651348229771,0.2217475747339866,-0.29843817581578497,-0.09811915647475396,0.2217475747339866,-0.6827730105067226,-0.022769130482054166,-0.09486472069567248,0,APP000231,0.037004229377386705
0.1980061451935998,0.2217475747339866,0.3825716911634094,0.5867174592629567,0.2217475747339866,-0.08731751506028963,0.02149148489970721,0.08420843206427489,0,APP006289,0.02272384630511342
-0.065651348229771,0.2217475747339866,-0.29843817581578497,-0.09811915647475396,0.2217475747339866,0.5789806192848379,0.02149148489970721,0.08420843206427489,0,APP002339,0.03440375934941001
-1.0113351309460183,-0.5688287511575048,-0.29843817581578497,-0.8721886363285156,-0.513258900002694,-0.08731751506028963,-0.8565108236092858,0.3774829969715081,0,APP000381,0.0926965359430471
0.7128170914866491,0.2217475747339866,-0.7645733282836001,-0.09811915647475396,0.2217475747339866,-0.08731751506028963,0.5904081593270396,-0.09486472069567248,0,APP008872,0.0253985961957803
-0.35013955019267534,-0.5688287511575048,-0.29843817581578497,-0.09811915647475396,-1.197437410579879,-0.08731751506028963,-0.022769130482054166,-0.09486472069567248,0,APP008423,0.06034826488812025
0.7128170914866491,0.2217475747339866,0.3825716911634094,0.428529803805432,0.2217475747339866,-0.08731751506028963,0.02149148489970721,0.08420843206427489,0,APP007089,0.01889181720207367
0.7128170914866491,0.2217475747339866,0.3825716911634094,-0.09811915647475396,0.2217475747339866,-0.08731751506028963,0.02149148489970721,0.3774829969715081,0,APP001932,0.020904796424193146
-0.35013955019267534,0.2217475747339866,-0.05800312739151415,-0.09811915647475396,0.2217475747339866,-0.08731751506028963,-0.022769130482054166,0.08420843206427489,1,APP004056,0.03944247030090972
-0.35013955019267534,-0.5688287511575048,0.3825716911634094,-0.09811915647475396,-0.513258900002694,-0.08731751506028963,-0.022769130482054166,0.08509771624915914,0,APP002388,0.05618313669498817
-1.0113351309460183,-1.910002676996926,-0.29843817581578497,-0.09811915647475396,-0.8725111649557269,0.5789806192848379,-0.022769130482054166,0.08420843206427489,0,APP000908,0.13464498448322876
0.7128170914866491,0.2217475747339866,-0.29843817581578497,-0.09811915647475396,0.2217475747339866,-0.08731751506028963,0.02149148489970721,0.08420843206427489,0,APP002842,0.02359372923339286
-0.35013955019267534,0.2217475747339866,-0.05800312739151415,-0.09811915647475396,0.2217475747339866,0.5789806192848379,-0.022769130482054166,0.3774829969715081,0,APP006125,0.035012055071022154
-0.065651348229771,0.2217475747339866,-0.29843817581578497,-0.09811915647475396,0.2217475747339866,0.5789806192848379,0.02149148489970721,0.08420843206427489,0,APP005163,0.03440375934941001
-0.065651348229771,0.2217475747339866,0.8325034873269265,0.5867174592629567,0.2217475747339866,-0.08731751506028963,0.02149148489970721,0.08420843206427489,0,APP005286,0.025835365521542593
-0.065651348229771,0.2217475747339866,0.3825716911634094,0.428529803805432,0.2217475747339866,0.5789806192848379,0.02149148489970721,0.08420843206427489,0,APP002969,0.027608468030901005
0.7128170914866491,0.2217475747339866,0.8325034873269265,0.428529803805432,0.2217475747339866,-0.08731751506028963,-0.022769130482054166,0.08420843206427489,0,APP008356,0.01889181720207367
0.1980061451935998,0.2217475747339866,0.3825716911634094,-0.09811915647475396,0.2217475747339866,-0.08731751506028963,-0.8565108236092858,0.08420843206427489,0,APP000022,0.030292382522712033
0.1980061451935998,0.2217475747339866,0.3825716911634094,0.5867174592629567,0.2217475747339866,0.5789806192848379,0.02149148489970721,0.08420843206427489,0,APP008965,0.02272384630511342
-0.35013955019267534,-0.5688287511575048,0.3825716911634094,-0.09811915647475396,-0.8725111649557269,0.5789806192848379,-0.022769130482054166,0.3774829969715081,0,APP004296,0.04998794932890245
-0.065651348229771,0.2217475747339866,-0.29843817581578497,-0.09811915647475396,0.2217475747339866,0.5789806192848379,0.02149148489970721,0.08420843206427489,0,APP004629,0.03440375934941001
0.7128170914866491,0.2217475747339866,-0.05800312739151415,-0.09811915647475396,0.2217475747339866,-0.08731751506028963,0.02149148489970721,0.08420843206427489,0,APP003991,0.02359372923339286
-0.35013955019267534,0.2217475747339866,-0.05800312739151415,-0.8721886363285156,0.2217475747339866,-0.08731751506028963,-0.022769130482054166,0.08420843206427489,0,APP002752,0.05422086078018935
-0.35013955019267534,0.2217475747339866,-0.29843817581578497,-0.09811915647475396,0.2217475747339866,-0.08731751506028963,-0.022769130482054166,-0.09486472069567248,0,APP002658,0.042407073740724076
-0.065651348229771,0.2217475747339866,0.8325034873269265,-0.09811915647475396,0.2217475747339866,0.5789806192848379,0.02149148489970721,0.08420843206427489,0,APP000577,0.03440375934941001
0.7128170914866491,0.2217475747339866,0.3825716911634094,0.428529803805432,0.2217475747339866,-0.08731751506028963,0.02149148489970721,0.3774829969715081,0,APP000411,0.01672957096901055
-0.065651348229771,0.2217475747339866,-0.05800312739151415,-0.09811915647475396,0.2217475747339866,-0.08731751506028963,0.02149148489970721,0.3774829969715081,0,APP004292,0.03052133866757444
-0.065651348229771,0.2217475747339866,-0.05800312739151415,-0.09811915647475396,0.2217475747339866,-0.08731751506028963,0.02149148489970721,0.08509771624915914,0,APP005221,0.03439129568892732
0.1980061451935998,0.2217475747339866,-0.29843817581578497,-0.8721886363285156,0.2217475747339866,0.5789806192848379,0.02149148489970721,0.08420843206427489,0,APP002426,0.041791558609494746
0.1980061451935998,0.2217475747339866,-0.7645733282836001,-0.8721886363285156,0.2217475747339866,-0.08731751506028963,-0.022769130482054166,-0.09486472069567248,0,APP006028,0.04492446817750301
0.7128170914866491,0.2217475747339866,0.8325034873269265,-0.09811915647475396,0.2217475747339866,-0.08731751506028963,0.5904081593270396,0.3774829969715081,0,APP008974,0.020904796424193146
0.7128170914866491,0.2217475747339866,0.8325034873269265,0.428529803805432,0.2217475747339866,-0.08731751506028963,0.02149148489970721,0.08420843206427489,0,APP006168,0.01889181720207367
0.7128170914866491,0.2217475747339866,-0.05800312739151415,0.5867174592629567,0.2217475747339866,-0.08731751506028963,0.02149148489970721,0.08420843206427489,0,APP008540,0.0176683536199148
-0.065651348229771,0.2217475747339866,-0.29843817581578497,-0.09811915647475396,0.2217475747339866,-0.08731751506028963,-0.022769130482054166,0.3774829969715081,0,APP003944,0.03052133866757444
0.1980061451935998,0.2217475747339866,0.3825716911634094,0.5867174592629567,0.2217475747339866,0.5789806192848379,0.02149148489970721,0.08420843206427489,0,APP001019,0.02272384630511342
0.7128170914866491,0.2217475747339866,0.8325034873269265,0.5867174592629567,0.2217475747339866,0.5789806192848379,-0.022769130482054166,0.08420843206427489,0,APP004261,0.0176683536199148
0.1980061451935998,-1.910002676996926,-0.29843817581578497,-0.09811915647475396,-1.197437410579879,-0.08731751506028963,0.02149148489970721,0.3774829969715081,0,APP007977,0.06994738640835269
-0.065651348229771,0.2217475747339866,-0.05800312739151415,-0.09811915647475396,0.2217475747339866,-0.6827730105067226,0.02149148489970721,-0.09486472069567248,0,APP008304,0.037004229377386705
-0.35013955019267534,0.2217475747339866,-0.05800312739151415,-0.09811915647475396,0.2217475747339866,-0.08731751506028963,-0.022769130482054166,-0.09486472069567248,0,APP001640,0.042407073740724076
0.7128170914866491,0.2217475747339866,0.8325034873269265,0.5867174592629567,0.2217475747339866,-0.08731751506028963,0.5904081593270396,0.08420843206427489,0,APP008726,0.0176683536199148
-0.065651348229771,0.2217475747339866,-0.29843817581578497,0.5867174592629567,0.2217475747339866,-0.6827730105067226,0.5904081593270396,-0.09486472069567248,0,APP005055,0.02780682905467762
-0.065651348229771,0.2217475747339866,-0.05800312739151415,-0.8721886363285156,0.2217475747339866,-0.08731751506028963,0.02149148489970721,0.3774829969715081,0,APP006512,0.042103654249744674
-0.065651348229771,0.2217475747339866,0.3825716911634094,0.5867174592629567,0.2217475747339866,-0.08731751506028963,-0.022769130482054166,0.08420843206427489,0,APP007748,0.025835365521542593
-0.065651348229771,0.2217475747339866,-0.05800312739151415,-0.09811915647475396,0.2217475747339866,0.5789806192848379,0.5904081593270396,0.08420843206427489,0,APP003883,0.03440375934941001
0.7128170914866491,0.2217475747339866,-0.05800312739151415,0.428529803805432,0.2217475747339866,0.5789806192848379,0.5904081593270396,0.08420843206427489,0,APP006389,0.01889181720207367
0.7128170914866491,0.2217475747339866,0.3825716911634094,0.5867174592629567,0.2217475747339866,-0.08731751506028963,-0.022769130482054166,-0.09486472069567248,0,APP006172,0.019028776483465123
0.7128170914866491,0.2217475747339866,0.8325034873269265,0.428529803805432,0.2217475747339866,0.5789806192848379,-0.022769130482054166,0.08420843206427489,0,APP005629,0.01889181720207367
0.1980061451935998,0.2217475747339866,-0.05800312739151415,-0.09811915647475396,0.2217475747339866,-0.08731751506028963,-0.8565108236092858,0.3774829969715081,0,APP008685,0.026861018938613507
0.7128170914866491,0.2217475747339866,-0.05800312739151415,0.5867174592629567,0.2217475747339866,0.5789806192848379,0.5904081593270396,0.08420843206427489,0,APP008451,0.0176683536199148
-0.35013955019267534,0.2217475747339866,-0.05800312739151415,-0.09811915647475396,0.2217475747339866,-0.08731751506028963,0.02149148489970721,0.08509771624915914,0,APP008273,0.0394282557726393
0.7128170914866491,0.2217475747339866,0.8325034873269265,-0.8721886363285156,0.2217475747339866,-0.08731751506028963,0.5904081593270396,0.08420843206427489,0,APP000973,0.03263563498364616
-0.065651348229771,0.2217475747339866,-0.29843817581578497,0.428529803805432,0.2217475747339866,-0.08731751506028963,0.02149148489970721,0.08509771624915914,0,APP001492,0.027598395780540387
0.7128170914866491,0.2217475747339866,0.3825716911634094,0.5867174592629567,0.2217475747339866,-0.08731751506028963,0.02149148489970721,0.08509771624915914,0,APP001601,0.01766184190117446
0.7128170914866491,0.2217475747339866,0.8325034873269265,0.428529803805432,0.2217475747339866,-0.08731751506028963,0.5904081593270396,-0.09486472069567248,0,APP002086,0.02034449296474017
-0.065651348229771,0.2217475747339866,0.3825716911634094,-0.09811915647475396,0.2217475747339866,-0.08731751506028963,0.02149148489970721,0.08420843206427489,0,APP004754,0.03440375934941001
0.1980061451935998,0.2217475747339866,-0.29843817581578497,-0.09811915647475396,0.2217475747339866,0.5789806192848379,-0.022769130482054166,0.08420843206427489,0,APP001018,0.030292382522712033
0.7128170914866491,0.2217475747339866,0.3825716911634094,-0.09811915647475396,0.2217475747339866,-0.08731751506028963,-0.022769130482054166,0.08509771624915914,0,APP005783,0.02358508613350342
0.7128170914866491,0.2217475747339866,0.3825716911634094,0.428529803805432,0.2217475747339866,-0.08731751506028963,0.02149148489970721,-0.09486472069567248,0,APP000019,0.02034449296474017
0.1980061451935998,0.2217475747339866,-0.05800312739151415,0.5867174592629567,0.2217475747339866,0.5789806192848379,0.02149148489970721,0.08420843206427489,0,APP006453,0.02272384630511342
0.1980061451935998,0.2217475747339866,-0.05800312739151415,0.5867174592629567,0.2217475747339866,0.5789806192848379,0.02149148489970721,0.08420843206427489,0,APP005411,0.02272384630511342
0.7128170914866491,0.2217475747339866,0.3825716911634094,0.5867174592629567,0.2217475747339866,-0.08731751506028963,0.02149148489970721,0.08509771624915914,0,APP003525,0.01766184190117446
0.7128170914866491,0.2217475747339866,-0.05800312739151415,0.428529803805432,0.2217475747339866,0.5789806192848379,0.5904081593270396,0.08420843206427489,0,APP000269,0.01889181720207367
-0.065651348229771,-0.5688287511575048,-0.7645733282836001,-0.09811915647475396,-0.8725111649557269,0.5789806192848379,0.02149148489970721,0.08420843206427489,0,APP004639,0.04913271166067861
0.1980061451935998,0.2217475747339866,-0.05800312739151415,-0.09811915647475396,0.2217475747339866,-0.08731751506028963,0.02149148489970721,-0.09486472069567248,0,APP007650,0.03259257627661918
-0.065651348229771,0.2217475747339866,-0.05800312739151415,-0.8721886363285156,0.2217475747339866,-0.08731751506028963,-0.022769130482054166,0.08420843206427489,0,APP006178,0.04738737154686286
-0.065651348229771,0.2217475747339866,-0.05800312739151415,-0.09811915647475396,0.2217475747339866,0.5789806192848379,0.02149148489970721,0.08420843206427489,0,APP004283,0.03440375934941001
-0.065651348229771,0.2217475747339866,0.3825716911634094,0.5867174592629567,0.2217475747339866,-0.08731751506028963,0.02149148489970721,0.08420843206427489,0,APP001645,0.025835365521542593
-0.35013955019267534,0.2217475747339866,0.3825716911634094,-0.09811915647475396,0.2217475747339866,-0.6827730105067226,0.02149148489970721,0.08509771624915914,0,APP004213,0.0394282557726393
-0.35013955019267534,0.2217475747339866,0.3825716911634094,0.428529803805432,0.2217475747339866,-0.08731751506028963,-0.022769130482054166,0.08420843206427489,0,APP004814,0.031684610046371506
0.7128170914866491,0.2217475747339866,0.8325034873269265,0.5867174592629567,0.2217475747339866,-0.08731751506028963,0.5904081593270396,0.08420843206427489,0,APP007313,0.0176683536199148
0.7128170914866491,0.2217475747339866,-0.29843817581578497,0.5867174592629567,0.2217475747339866,0.5789806192848379,0.5904081593270396,0.08420843206427489,0,APP002374,0.0176683536199148
0.7128170914866491,-0.5688287511575048,0.3825716911634094,-0.09811915647475396,-0.9834263428289417,0.5789806192848379,-0.022769130482054166,0.08420843206427489,0,APP005948,0.033856959401558216
0.7128170914866491,0.2217475747339866,-0.05800312739151415,0.5867174592629567,0.2217475747339866,-0.08731751506028963,0.02149148489970721,0.08420843206427489,0,APP002681,0.0176683536199148
-1.0113351309460183,-1.910002676996926,-0.7645733282836001,-0.8721886363285156,-0.513258900002694,-0.6827730105067226,-0.8565108236092858,-1.527679097450456,0,APP000651,0.30014529727952793
-0.065651348229771,0.2217475747339866,-0.05800312739151415,0.5867174592629567,0.2217475747339866,0.5789806192848379,0.5904081593270396,0.3774829969715081,0,APP002960,0.02289694860171144
0.7128170914866491,0.2217475747339866,0.3825716911634094,0.5867174592629567,0.2217475747339866,-0.08731751506028963,0.5904081593270396,0.08420843206427489,0,APP006693,0.0176683536199148
0.7128170914866491,0.2217475747339866,0.3825716911634094,0.428529803805432,0.2217475747339866,-0.6827730105067226,0.5904081593270396,0.08420843206427489,0,APP001672,0.01889181720207367
0.7128170914866491,0.2217475747339866,-0.29843817581578497,-0.09811915647475396,0.2217475747339866,-0.6827730105067226,0.5904081593270396,0.08509771624915914,0,APP000488,0.02358508613350342
-0.065651348229771,0.2217475747339866,-0.05800312739151415,0.5867174592629567,0.2217475747339866,0.5789806192848379,0.5904081593270396,0.08420843206427489,0,APP006530,0.025835365521542593
-0.065651348229771,0.2217475747339866,-0.05800312739151415,-0.8721886363285156,0.2217475747339866,0.5789806192848379,-0.022769130482054166,0.08420843206427489,0,APP008074,0.04738737154686286
0.7128170914866491,0.2217475747339866,0.3825716911634094,0.5867174592629567,0.2217475747339866,-0.08731751506028963,-0.022769130482054166,0.08420843206427489,0,APP003791,0.0176683536199148
0.1980061451935998,0.2217475747339866,0.3825716911634094,-0.09811915647475396,0.2217475747339866,-0.08731751506028963,0.02149148489970721,0.08420843206427489,0,APP000212,0.030292382522712033
0.7128170914866491,0.2217475747339866,-0.05800312739151415,0.5867174592629567,0.2217475747339866,0.5789806192848379,0.02149148489970721,0.08420843206427489,0,APP004714,0.0176683536199148
-1.0113351309460183,-0.5688287511575048,-0.29843817581578497,-0.09811915647475396,-0.513258900002694,-0.08731751506028963,0.02149148489970721,0.08509771624915914,0,APP006791,0.07645649525351572
-0.065651348229771,0.2217475747339866,-0.05800312739151415,-0.09811915647475396,0.2217475747339866,0.5789806192848379,0.02149148489970721,0.08420843206427489,0,APP000890,0.03440375934941001
-1.0113351309460183,-1.910002676996926,-0.7645733282836001,-0.8721886363285156,-0.9834263428289417,-0.6827730105067226,-0.8565108236092858,-1.527679097450456,0,APP000029,0.30014529727952793
0.1980061451935998,0.2217475747339866,-0.05800312739151415,-0.09811915647475396,0.2217475747339866,-0.08731751506028963,-0.022769130482054166,0.3774829969715081,0,APP001607,0.026861018938613507
0.1980061451935998,0.2217475747339866,0.3825716911634094,0.5867174592629567,0.2217475747339866,-0.08731751506028963,0.02149148489970721,0.08420843206427489,0,APP000135,0.02272384630511342
-0.065651348229771,-0.5688287511575048,-0.7645733282836001,-0.09811915647475396,-0.513258900002694,-0.08731751506028963,0.02149148489970721,0.3774829969715081,0,APP006127,0.04366330785177514
0.7128170914866491,0.2217475747339866,-0.05800312739151415,0.5867174592629567,0.2217475747339866,-0.08731751506028963,0.02149148489970721,0.3774829969715081,0,APP006760,0.01564390502463836
-0.065651348229771,0.2217475747339866,-0.05800312739151415,0.5867174592629567,0.2217475747339866,-0.08731751506028963,0.02149148489970721,0.08420843206427489,0,APP000023,0.025835365521542593
-0.35013955019267534,0.2217475747339866,0.3825716911634094,-0.09811915647475396,0.2217475747339866,0.5789806192848379,0.5904081593270396,0.3774829969715081,0,APP000436,0.035012055071022154
-0.35013955019267534,0.2217475747339866,-0.29843817581578497,-0.09811915647475396,0.2217475747339866,-0.08731751506028963,0.02149148489970721,-0.09486472069567248,0,APP003683,0.042407073740724076
0.7128170914866491,0.2217475747339866,0.8325034873269265,-0.09811915647475396,0.2217475747339866,-0.08731751506028963,0.02149148489970721,-0.09486472069567248,0,APP008239,0.0253985961957803
0.7128170914866491,0.2217475747339866,-0.05800312739151415,0.5867174592629567,0.2217475747339866,-0.08731751506028963,0.02149148489970721,-0.09486472069567248,0,APP003072,0.019028776483465123
-0.065651348229771,0.2217475747339866,0.8325034873269265,0.428529803805432,0.2217475747339866,0.5789806192848379,0.02149148489970721,0.08420843206427489,0,APP002180,0.027608468030901005
-0.065651348229771,0.2217475747339866,-0.05800312739151415,-0.09811915647475396,0.2217475747339866,-0.08731751506028963,-0.8565108236092858,0.08420843206427489,0,APP003465,0.03440375934941001
0.7128170914866491,0.2217475747339866,0.8325034873269265,0.5867174592629567,0.2217475747339866,0.5789806192848379,0.02149148489970721,0.08420843206427489,0,APP008627,0.0176683536199148
0.7128170914866491,0.2217475747339866,0.8325034873269265,0.428529803805432,0.2217475747339866,-0.08731751506028963,0.02149148489970721,0.08420843206427489,0,APP004186,0.01889181720207367
0.1980061451935998,0.2217475747339866,-0.05800312739151415,0.5867174592629567,0.2217475747339866,-0.6827730105067226,0.02149148489970721,-0.09486472069567248,0,APP002981,0.024463836449831418
0.1980061451935998,0.2217475747339866,-0.05800312739151415,-0.09811915647475396,0.2217475747339866,-0.08731751506028963,0.02149148489970721,0.08420843206427489,0,APP000861,0.030292382522712033
0.7128170914866491,0.2217475747339866,0.8325034873269265,0.5867174592629567,0.2217475747339866,0.5789806192848379,0.02149148489970721,0.08420843206427489,0,APP003799,0.0176683536199148
0.7128170914866491,0.2217475747339866,0.3825716911634094,0.428529803805432,0.2217475747339866,0.5789806192848379,0.5904081593270396,0.08420843206427489,0,APP008822,0.01889181720207367
-1.0113351309460183,-0.8003405521422314,-0.29843817581578497,-0.09811915647475396,-1.197437410579879,0.5789806192848379,0.02149148489970721,0.08420843206427489,0,APP001528,0.08453523198230492
-0.065651348229771,-0.8003405521422314,-0.05800312739151415,-0.09811915647475396,-0.8725111649557269,-0.08731751506028963,-0.8565108236092858,-0.09486472069567248,1,APP007020,0.05850102114160319
-0.065651348229771,0.2217475747339866,0.3825716911634094,0.428529803805432,0.2217475747339866,0.5789806192848379,0.5904081593270396,0.08420843206427489,0,APP007665,0.027608468030901005
0.7128170914866491,0.2217475747339866,0.8325034873269265,0.5867174592629567,0.2217475747339866,0.5789806192848379,0.02149148489970721,0.08420843206427489,0,APP003288,0.0176683536199148
-1.0113351309460183,-0.5688287511575048,-0.29843817581578497,-0.09811915647475396,-0.513258900002694,-0.6827730105067226,-0.022769130482054166,-1.527679097450456,0,APP004047,0.14052263422460923
0.7128170914866491,0.2217475747339866,-0.05800312739151415,0.428529803805432,0.2217475747339866,-0.08731751506028963,0.02149148489970721,0.08420843206427489,0,APP008321,0.01889181720207367
0.7128170914866491,0.2217475747339866,0.8325034873269265,0.428529803805432,0.2217475747339866,0.5789806192848379,0.02149148489970721,0.08420843206427489,0,APP007164,0.01889181720207367
-0.35013955019267534,0.2217475747339866,0.8325034873269265,-0.09811915647475396,0.2217475747339866,-0.08731751506028963,0.02149148489970721,0.3774829969715081,0,APP004767,0.035012055071022154
0.7128170914866491,0.2217475747339866,0.8325034873269265,0.428529803805432,0.2217475747339866,-0.08731751506028963,0.02149148489970721,0.08420843206427489,0,APP003600,0.01889181720207367
0.7128170914866491,0.2217475747339866,0.3825716911634094,0.428529803805432,0.2217475747339866,-0.08731751506028963,0.5904081593270396,0.08420843206427489,0,APP001500,0.01889181720207367
-1.0113351309460183,-0.8003405521422314,-0.29843817581578497,-0.8721886363285156,-0.8725111649557269,-0.6827730105067226,-0.8565108236092858,0.3774829969715081,0,APP001292,0.10226673084309319
0.7128170914866491,0.2217475747339866,0.3825716911634094,-0.09811915647475396,0.2217475747339866,-0.08731751506028963,0.5904081593270396,0.08420843206427489,0,APP005414,0.02359372923339286
0.7128170914866491,0.2217475747339866,0.8325034873269265,0.428529803805432,0.2217475747339866,-0.08731751506028963,0.5904081593270396,0.08420843206427489,0,APP001519,0.01889181720207367
-0.065651348229771,0.2217475747339866,-0.05800312739151415,0.428529803805432,0.2217475747339866,-0.08731751506028963,0.02149148489970721,-0.09486472069567248,0,APP000836,0.029711108117363834
0.7128170914866491,0.2217475747339866,0.8325034873269265,0.428529803805432,0.2217475747339866,-0.08731751506028963,0.02149148489970721,0.08420843206427489,0,APP006003,0.01889181720207367
0.7128170914866491,0.2217475747339866,-0.05800312739151415,0.428529803805432,0.2217475747339866,-0.08731751506028963,0.02149148489970721,0.08509771624915914,0,APP002092,0.018884863241121562
0.7128170914866491,0.2217475747339866,0.3825716911634094,-0.09811915647475396,0.2217475747339866,-0.08731751506028963,0.5904081593270396,-0.09486472069567248,0,APP002101,0.0253985961957803
0.7128170914866491,0.2217475747339866,-0.05800312739151415,-0.09811915647475396,0.2217475747339866,-0.08731751506028963,0.02149148489970721,-0.09486472069567248,0,APP008859,0.0253985961957803
0.7128170914866491,0.2217475747339866,-0.05800312739151415,-0.09811915647475396,0.2217475747339866,-0.08731751506028963,0.5904081593270396,0.08420843206427489,0,APP002984,0.02359372923339286
-1.0113351309460183,-0.8003405521422314,-0.05800312739151415,-0.09811915647475396,-1.197437410579879,-0.6827730105067226,-0.8565108236092858,0.08509771624915914,1,APP000323,0.08450619632279699
-0.065651348229771,0.2217475747339866,-0.05800312739151415,-0.09811915647475396,0.2217475747339866,-0.08731751506028963,0.02149148489970721,-0.09486472069567248,0,APP000273,0.037004229377386705
0.7128170914866491,0.2217475747339866,0.3825716911634094,0.5867174592629567,0.2217475747339866,0.5789806192848379,0.5904081593270396,0.08420843206427489,0,APP000476,0.0176683536199148
0.1980061451935998,0.2217475747339866,-0.05800312739151415,0.5867174592629567,0.2217475747339866,-0.08731751506028963,0.02149148489970721,0.08420843206427489,0,APP002910,0.02272384630511342
-0.35013955019267534,-0.5688287511575048,-0.29843817581578497,-0.09811915647475396,-0.9834263428289417,-0.08731751506028963,0.02149148489970721,0.08509771624915914,0,APP002353,0.05618313669498817
-0.35013955019267534,0.2217475747339866,-0.29843817581578497,0.5867174592629567,0.2217475747339866,-0.08731751506028963,-0.8565108236092858,-0.09486472069567248,1,APP003963,0.03191129619574281
-0.35013955019267534,0.2217475747339866,-0.29843817581578497,-0.09811915647475396,0.2217475747339866,-0.08731751506028963,-0.8565108236092858,0.08420843206427489,0,APP008365,0.03944247030090972
-1.0113351309460183,-0.8003405521422314,-0.7645733282836001,-0.09811915647475396,-0.8725111649557269,-0.6827730105067226,-0.8565108236092858,-1.527679097450456,0,APP006582,0.154191370109197
-0.065651348229771,0.2217475747339866,-0.29843817581578497,-0.09811915647475396,0.2217475747339866,-0.08731751506028963,0.5904081593270396,0.08420843206427489,0,APP004268,0.03440375934941001
-0.065651348229771,0.2217475747339866,0.8325034873269265,0.428529803805432,0.2217475747339866,0.5789806192848379,0.02149148489970721,0.08420843206427489,0,APP007286,0.027608468030901005
0.7128170914866491,0.2217475747339866,0.8325034873269265,0.5867174592629567,0.2217475747339866,0.5789806192848379,0.5904081593270396,0.08420843206427489,0,APP008707,0.0176683536199148
-0.35013955019267534,0.2217475747339866,0.3825716911634094,0.5867174592629567,0.2217475747339866,-0.08731751506028963,0.02149148489970721,0.08420843206427489,0,APP001255,0.0296577092053339
-0.065651348229771,0.2217475747339866,0.3825716911634094,-0.09811915647475396,0.2217475747339866,0.5789806192848379,0.02149148489970721,0.3774829969715081,0,APP004545,0.03052133866757444
-0.065651348229771,0.2217475747339866,-0.29843817581578497,0.5867174592629567,0.2217475747339866,-0.08731751506028963,0.02149148489970721,-0.09486472069567248,0,APP000711,0.02780682905467762
-0.065651348229771,0.2217475747339866,0.8325034873269265,0.5867174592629567,0.2217475747339866,0.5789806192848379,0.02149148489970721,0.08420843206427489,0,APP000145,0.025835365521542593
-0.065651348229771,0.2217475747339866,-0.29843817581578497,0.5867174592629567,0.2217475747339866,0.5789806192848379,0.02149148489970721,0.08420843206427489,0,APP003240,0.025835365521542593
0.7128170914866491,0.2217475747339866,0.3825716911634094,0.428529803805432,0.2217475747339866,-0.08731751506028963,0.02149148489970721,0.08420843206427489,0,APP003375,0.01889181720207367
0.1980061451935998,0.2217475747339866,0.3825716911634094,-0.8721886363285156,0.2217475747339866,-0.6827730105067226,0.02149148489970721,0.08420843206427489,1,APP007281,0.041791558609494746
0.7128170914866491,0.2217475747339866,0.8325034873269265,0.428529803805432,0.2217475747339866,0.5789806192848379,0.5904081593270396,0.08420843206427489,0,APP004163,0.01889181720207367
-0.35013955019267534,-0.5688287511575048,-0.29843817581578497,-0.8721886363285156,-1.197437410579879,-0.08731751506028963,0.02149148489970721,0.08509771624915914,0,APP004705,0.07673289156497146
-0.065651348229771,0.2217475747339866,-0.29843817581578497,-0.8721886363285156,0.2217475747339866,0.5789806192848379,0.5904081593270396,0.08420843206427489,0,APP005489,0.04738737154686286
-0.065651348229771,0.2217475747339866,-0.05800312739151415,0.428529803805432,0.2217475747339866,-0.08731751506028963,0.5904081593270396,0.08509771624915914,0,APP000718,0.027598395780540387
-0.065651348229771,0.2217475747339866,0.3825716911634094,0.428529803805432,0.2217475747339866,0.5789806192848379,0.5904081593270396,0.08420843206427489,0,APP001310,0.027608468030901005
-1.0113351309460183,-0.8003405521422314,-0.7645733282836001,-0.8721886363285156,-0.9834263428289417,-0.6827730105067226,0.02149148489970721,-1.527679097450456,0,APP005077,0.20288311899526615
0.7128170914866491,0.2217475747339866,0.3825716911634094,0.5867174592629567,0.2217475747339866,-0.08731751506028963,0.02149148489970721,0.08420843206427489,0,APP008113,0.0176683536199148
0.7128170914866491,0.2217475747339866,-0.05800312739151415,-0.09811915647475396,0.2217475747339866,-0.08731751506028963,0.02149148489970721,0.3774829969715081,0,APP003804,0.020904796424193146
0.7128170914866491,0.2217475747339866,-0.05800312739151415,0.428529803805432,0.2217475747339866,-0.08731751506028963,0.5904081593270396,0.08420843206427489,0,APP003821,0.01889181720207367
0.1980061451935998,0.2217475747339866,0.3825716911634094,0.5867174592629567,0.2217475747339866,-0.08731751506028963,-0.022769130482054166,0.08420843206427489,0,APP006185,0.02272384630511342
-0.065651348229771,0.2217475747339866,-0.29843817581578497,-0.09811915647475396,0.2217475747339866,-0.08731751506028963,0.02149148489970721,-0.09486472069567248,0,APP003032,0.037004229377386705
-0.065651348229771,0.2217475747339866,0.8325034873269265,0.428529803805432,0.2217475747339866,-0.08731751506028963,0.02149148489970721,-0.09486472069567248,0,APP005846,0.029711108117363834
-0.35013955019267534,0.2217475747339866,0.3825716911634094,-0.09811915647475396,0.2217475747339866,-0.08731751506028963,0.02149148489970721,-0.09486472069567248,0,APP003311,0.042407073740724076
-0.065651348229771,0.2217475747339866,0.8325034873269265,0.428529803805432,0.2217475747339866,-0.08731751506028963,0.02149148489970721,0.08420843206427489,0,APP006369,0.027608468030901005
0.7128170914866491,0.2217475747339866,-0.05800312739151415,0.428529803805432,0.2217475747339866,0.5789806192848379,0.02149148489970721,0.08420843206427489,0,APP004075,0.01889181720207367
0.7128170914866491,0.2217475747339866,-0.05800312739151415,0.5867174592629567,0.2217475747339866,0.5789806192848379,0.02149148489970721,0.08420843206427489,0,APP007332,0.0176683536199148
0.1980061451935998,0.2217475747339866,-0.29843817581578497,-0.09811915647475396,0.2217475747339866,-0.08731751506028963,-0.022769130482054166,0.08420843206427489,0,APP001053,0.030292382522712033
-0.065651348229771,0.2217475747339866,-0.05800312739151415,-0.09811915647475396,0.2217475747339866,-0.6827730105067226,0.02149148489970721,-0.09486472069567248,0,APP008716,0.037004229377386705
-1.0113351309460183,0.2217475747339866,-0.7645733282836001,-0.8721886363285156,0.2217475747339866,-0.08731751506028963,0.02149148489970721,-0.09486472069567248,0,APP000114,0.07917854807375183
-1.0113351309460183,0.2217475747339866,-0.29843817581578497,-0.09811915647475396,0.2217475747339866,-0.08731751506028963,0.02149148489970721,-0.09486472069567248,0,APP005906,0.05801498052620836
-0.065651348229771,0.2217475747339866,0.8325034873269265,-0.09811915647475396,0.2217475747339866,-0.08731751506028963,0.02149148489970721,0.08420843206427489,0,APP005684,0.03440375934941001
0.1980061451935998,0.2217475747339866,-0.29843817581578497,-0.09811915647475396,0.2217475747339866,0.5789806192848379,0.02149148489970721,0.08420843206427489,0,APP006268,0.030292382522712033
0.7128170914866491,0.2217475747339866,0.3825716911634094,0.5867174592629567,0.2217475747339866,-0.08731751506028963,0.02149148489970721,0.08420843206427489,0,APP000336,0.0176683536199148
-0.35013955019267534,-0.8003405521422314,-0.7645733282836001,-0.09811915647475396,-0.8725111649557269,-0.08731751506028963,-0.8565108236092858,0.08420843206427489,0,APP001060,0.06226412193146435
-1.0113351309460183,0.2217475747339866,0.3825716911634094,-0.09811915647475396,0.2217475747339866,-0.08731751506028963,-0.022769130482054166,0.08420843206427489,0,APP002068,0.05402080951084046
-1.0113351309460183,-0.5688287511575048,0.3825716911634094,-0.09811915647475396,-0.513258900002694,-0.6827730105067226,0.02149148489970721,-1.527679097450456,0,APP003174,0.14052263422460923
-0.065651348229771,0.2217475747339866,0.8325034873269265,0.428529803805432,0.2217475747339866,-0.08731751506028963,0.5904081593270396,-0.09486472069567248,0,APP003648,0.029711108117363834
0.7128170914866491,0.2217475747339866,0.3825716911634094,-0.09811915647475396,0.2217475747339866,0.5789806192848379,0.02149148489970721,0.08420843206427489,0,APP008521,0.02359372923339286
0.7128170914866491,0.2217475747339866,-0.29843817581578497,-0.09811915647475396,0.2217475747339866,0.5789806192848379,-0.022769130482054166,0.08420843206427489,0,APP005425,0.02359372923339286
0.7128170914866491,0.2217475747339866,-0.29843817581578497,0.428529803805432,0.2217475747339866,0.5789806192848379,-0.022769130482054166,0.3774829969715081,0,APP002038,0.01672957096901055
0.7128170914866491,0.2217475747339866,0.3825716911634094,-0.09811915647475396,0.2217475747339866,0.5789806192848379,0.5904081593270396,0.08420843206427489,1,APP006117,0.02359372923339286
0.7128170914866491,0.2217475747339866,0.3825716911634094,0.428529803805432,0.2217475747339866,-0.08731751506028963,0.02149148489970721,0.3774829969715081,0,APP008624,0.01672957096901055
0.7128170914866491,0.2217475747339866,-0.29843817581578497,0.428529803805432,0.2217475747339866,-0.08731751506028963,0.02149148489970721,0.08420843206427489,0,APP003210,0.01889181720207367
-0.065651348229771,0.2217475747339866,0.8325034873269265,-0.09811915647475396,0.2217475747339866,-0.08731751506028963,0.5904081593270396,-0.09486472069567248,0,APP004799,0.037004229377386705
0.7128170914866491,0.2217475747339866,0.8325034873269265,0.428529803805432,0.2217475747339866,-0.08731751506028963,0.02149148489970721,0.08420843206427489,0,APP006955,0.01889181720207367
-0.065651348229771,-0.5688287511575048,-0.29843817581578497,-0.09811915647475396,-0.8725111649557269,-0.6827730105067226,-0.022769130482054166,-0.09486472069567248,0,APP001967,0.052785635192994465
-1.0113351309460183,0.2217475747339866,0.8325034873269265,0.5867174592629567,0.2217475747339866,-0.08731751506028963,0.02149148489970721,-0.09486472069567248,0,APP004439,0.04383306044636257
0.7128170914866491,0.2217475747339866,0.3825716911634094,0.5867174592629567,0.2217475747339866,-0.08731751506028963,0.02149148489970721,0.08420843206427489,0,APP002322,0.0176683536199148
0.7128170914866491,0.2217475747339866,-0.05800312739151415,0.5867174592629567,0.2217475747339866,-0.08731751506028963,0.5904081593270396,0.08420843206427489,0,APP006450,0.0176683536199148
-0.065651348229771,0.2217475747339866,-0.7645733282836001,-0.8721886363285156,0.2217475747339866,-0.08731751506028963,0.02149148489970721,0.08509771624915914,0,APP007004,0.047370434986555306
-0.065651348229771,0.2217475747339866,-0.05800312739151415,-0.09811915647475396,0.2217475747339866,-0.08731751506028963,0.02149148489970721,0.08420843206427489,0,APP007770,0.03440375934941001
0.1980061451935998,0.2217475747339866,0.8325034873269265,-0.8721886363285156,0.2217475747339866,-0.08731751506028963,0.02149148489970721,0.08420843206427489,0,APP006748,0.041791558609494746
0.7128170914866491,0.2217475747339866,0.8325034873269265,0.428529803805432,0.2217475747339866,0.5789806192848379,-0.8565108236092858,0.08420843206427489,0,APP003117,0.01889181720207367
-0.065651348229771,0.2217475747339866,-0.29843817581578497,0.5867174592629567,0.2217475747339866,-0.08731751506028963,0.02149148489970721,0.08420843206427489,0,APP000599,0.025835365521542593
0.7128170914866491,0.2217475747339866,0.3825716911634094,0.428529803805432,0.2217475747339866,-0.08731751506028963,0.02149148489970721,0.08420843206427489,0,APP005203,0.01889181720207367
0.7128170914866491,0.2217475747339866,-0.05800312739151415,0.5867174592629567,0.2217475747339866,-0.6827730105067226,0.02149148489970721,0.08509771624915914,0,APP006360,0.01766184190117446
-0.065651348229771,0.2217475747339866,-0.29843817581578497,0.428529803805432,0.2217475747339866,0.5789806192848379,0.02149148489970721,0.08420843206427489,0,APP007170,0.027608468030901005
-0.065651348229771,0.2217475747339866,-0.05800312739151415,-0.09811915647475396,0.2217475747339866,-0.08731751506028963,0.02149148489970721,0.08509771624915914,0,APP000044,0.03439129568892732
-0.065651348229771,0.2217475747339866,0.3825716911634094,0.428529803805432,0.2217475747339866,0.5789806192848379,0.02149148489970721,0.08420843206427489,0,APP004373,0.027608468030901005
-0.065651348229771,0.2217475747339866,0.8325034873269265,0.5867174592629567,0.2217475747339866,0.5789806192848379,0.02149148489970721,0.08420843206427489,0,APP008281,0.025835365521542593
0.7128170914866491,0.2217475747339866,-0.05800312739151415,-0.09811915647475396,0.2217475747339866,-0.08731751506028963,0.02149148489970721,0.08420843206427489,0,APP008117,0.02359372923339286
0.7128170914866491,0.2217475747339866,0.8325034873269265,0.428529803805432,0.2217475747339866,-0.08731751506028963,0.02149148489970721,0.08420843206427489,0,APP003736,0.01889181720207367
0.1980061451935998,0.2217475747339866,0.3825716911634094,0.5867174592629567,0.2217475747339866,-0.08731751506028963,0.02149148489970721,0.08420843206427489,0,APP002614,0.02272384630511342
-1.0113351309460183,-1.910002676996926,-0.05800312739151415,-0.8721886363285156,-0.8725111649557269,-0.08731751506028963,0.02149148489970721,0.08420843206427489,0,APP001970,0.1784666307242043
0.7128170914866491,0.2217475747339866,0.3825716911634094,0.5867174592629567,0.2217475747339866,-0.08731751506028963,0.02149148489970721,0.08420843206427489,0,APP006137,0.0176683536199148
-0.065651348229771,0.2217475747339866,-0.05800312739151415,-0.09811915647475396,0.2217475747339866,-0.6827730105067226,0.02149148489970721,0.08509771624915914,0,APP006838,0.03439129568892732
-0.065651348229771,0.2217475747339866,0.3825716911634094,-0.09811915647475396,0.2217475747339866,-0.08731751506028963,0.5904081593270396,-0.09486472069567248,0,APP001981,0.037004229377386705
-0.065651348229771,0.2217475747339866,-0.05800312739151415,0.5867174592629567,0.2217475747339866,0.5789806192848379,0.02149148489970721,0.08420843206427489,0,APP000828,0.025835365521542593
-0.065651348229771,0.2217475747339866,-0.7645733282836001,-0.8721886363285156,0.2217475747339866,-0.08731751506028963,-0.022769130482054166,0.08420843206427489,0,APP004874,0.04738737154686286
-1.0113351309460183,0.2217475747339866,-0.29843817581578497,-0.09811915647475396,0.2217475747339866,-0.08731751506028963,-0.022769130482054166,-0.09486472069567248,0,APP005828,0.05801498052620836
-0.065651348229771,0.2217475747339866,0.3825716911634094,0.428529803805432,0.2217475747339866,-0.08731751506028963,0.02149148489970721,0.08420843206427489,0,APP004352,0.027608468030901005
0.7128170914866491,0.2217475747339866,-0.29843817581578497,-0.09811915647475396,0.2217475747339866,-0.6827730105067226,-0.022769130482054166,-0.09486472069567248,0,APP001007,0.0253985961957803
-0.35013955019267534,0.2217475747339866,-0.7645733282836001,-0.09811915647475396,0.2217475747339866,-0.6827730105067226,0.02149148489970721,0.08420843206427489,0,APP001982,0.03944247030090972
0.1980061451935998,0.2217475747339866,0.3825716911634094,0.5867174592629567,0.2217475747339866,-0.08731751506028963,0.5904081593270396,0.08420843206427489,0,APP008180,0.02272384630511342
0.7128170914866491,0.2217475747339866,0.3825716911634094,0.428529803805432,0.2217475747339866,-0.08731751506028963,0.02149148489970721,0.08420843206427489,0,APP004350,0.01889181720207367
-0.065651348229771,0.2217475747339866,0.3825716911634094,0.5867174592629567,0.2217475747339866,-0.08731751506028963,0.02149148489970721,0.3774829969715081,0,APP007197,0.02289694860171144
0.1980061451935998,0.2217475747339866,0.8325034873269265,0.428529803805432,0.2217475747339866,-0.08731751506028963,0.5904081593270396,0.08509771624915914,0,APP000929,0.02427983562837761
0.1980061451935998,0.2217475747339866,-0.29843817581578497,0.5867174592629567,0.2217475747339866,0.5789806192848379,0.02149148489970721,0.08420843206427489,0,APP004123,0.02272384630511342
-0.065651348229771,0.2217475747339866,-0.05800312739151415,-0.09811915647475396,0.2217475747339866,0.5789806192848379,0.02149148489970721,0.08420843206427489,0,APP000942,0.03440375934941001
-0.065651348229771,0.2217475747339866,-0.05800312739151415,-0.09811915647475396,0.2217475747339866,-0.6827730105067226,0.02149148489970721,-1.527679097450456,0,APP003436,0.06571740909030746
-0.35013955019267534,-0.5688287511575048,-0.29843817581578497,-0.09811915647475396,-0.8725111649557269,-0.08731751506028963,-0.8565108236092858,-0.09486472069567248,0,APP003497,0.06034826488812025
-1.0113351309460183,-0.5688287511575048,-0.29843817581578497,-0.8721886363285156,-0.9834263428289417,-0.6827730105067226,-0.022769130482054166,-1.527679097450456,1,APP002043,0.1858463943699003
-0.065651348229771,0.2217475747339866,0.8325034873269265,0.428529803805432,0.2217475747339866,-0.08731751506028963,-0.022769130482054166,0.08420843206427489,0,APP000692,0.027608468030901005
-0.065651348229771,0.2217475747339866,-0.05800312739151415,0.5867174592629567,0.2217475747339866,-0.08731751506028963,0.02149148489970721,0.08420843206427489,0,APP005410,0.025835365521542593
0.7128170914866491,0.2217475747339866,-0.05800312739151415,-0.09811915647475396,0.2217475747339866,0.5789806192848379,-0.022769130482054166,0.08420843206427489,0,APP000662,0.02359372923339286
0.1980061451935998,0.2217475747339866,-0.05800312739151415,0.5867174592629567,0.2217475747339866,0.5789806192848379,0.5904081593270396,0.08420843206427489,0,APP007032,0.02272384630511342
0.7128170914866491,0.2217475747339866,-0.05800312739151415,0.428529803805432,0.2217475747339866,0.5789806192848379,0.02149148489970721,0.08420843206427489,0,APP008553,0.01889181720207367
-0.35013955019267534,0.2217475747339866,-0.29843817581578497,0.5867174592629567,0.2217475747339866,0.5789806192848379,-0.022769130482054166,0.08420843206427489,0,APP006001,0.0296577092053339
-1.0113351309460183,0.2217475747339866,-0.29843817581578497,-0.09811915647475396,0.2217475747339866,0.5789806192848379,-0.022769130482054166,0.08420843206427489,0,APP005037,0.05402080951084046
-0.065651348229771,0.2217475747339866,-0.05800312739151415,-0.8721886363285156,0.2217475747339866,-0.08731751506028963,0.02149148489970721,0.08420843206427489,0,APP004571,0.04738737154686286
-0.065651348229771,0.2217475747339866,-0.05800312739151415,-0.09811915647475396,0.2217475747339866,-0.08731751506028963,0.02149148489970721,-0.09486472069567248,0,APP004940,0.037004229377386705
0.7128170914866491,0.2217475747339866,0.8325034873269265,0.428529803805432,0.2217475747339866,0.5789806192848379,0.02149148489970721,0.08420843206427489,0,APP006031,0.01889181720207367
-0.35013955019267534,0.2217475747339866,0.3825716911634094,-0.09811915647475396,0.2217475747339866,-0.6827730105067226,-0.022769130482054166,0.08420843206427489,0,APP007716,0.03944247030090972
-0.35013955019267534,0.2217475747339866,0.3825716911634094,-0.09811915647475396,0.2217475747339866,-0.08731751506028963,0.02149148489970721,0.08420843206427489,0,APP004997,0.03944247030090972
0.7128170914866491,0.2217475747339866,-0.29843817581578497,0.5867174592629567,0.2217475747339866,-0.08731751506028963,0.5904081593270396,0.08420843206427489,0,APP007481,0.0176683536199148
0.7128170914866491,0.2217475747339866,0.8325034873269265,0.428529803805432,0.2217475747339866,0.5789806192848379,-0.022769130482054166,0.08420843206427489,0,APP006829,0.01889181720207367
-0.065651348229771,0.2217475747339866,0.8325034873269265,0.5867174592629567,0.2217475747339866,0.5789806192848379,0.02149148489970721,0.08420843206427489,0,APP004752,0.025835365521542593
0.7128170914866491,0.2217475747339866,0.8325034873269265,0.428529803805432,0.2217475747339866,0.5789806192848379,0.02149148489970721,0.08420843206427489,0,APP001426,0.01889181720207367
-0.35013955019267534,-1.910002676996926,-0.7645733282836001,-0.09811915647475396,-0.513258900002694,-0.08731751506028963,-0.022769130482054166,0.08420843206427489,0,APP000220,0.10062333396981506
0.7128170914866491,0.2217475747339866,0.8325034873269265,0.5867174592629567,0.2217475747339866,-0.08731751506028963,0.02149148489970721,0.08420843206427489,1,APP001460,0.0176683536199148
-0.065651348229771,0.2217475747339866,-0.05800312739151415,0.5867174592629567,0.2217475747339866,-0.08731751506028963,0.02149148489970721,0.08509771624915914,0,APP008588,0.025825922962349028
0.1980061451935998,0.2217475747339866,-0.05800312739151415,-0.09811915647475396,0.2217475747339866,-0.08731751506028963,0.02149148489970721,0.08420843206427489,0,APP001413,0.030292382522712033
-1.0113351309460183,0.2217475747339866,0.8325034873269265,-0.8721886363285156,0.2217475747339866,-0.08731751506028963,-0.022769130482054166,0.08420843206427489,0,APP000893,0.07384154130962636
0.7128170914866491,0.2217475747339866,0.3825716911634094,-0.09811915647475396,0.2217475747339866,0.5789806192848379,0.02149148489970721,0.3774829969715081,0,APP000723,0.020904796424193146
-0.065651348229771,0.2217475747339866,-0.05800312739151415,-0.09811915647475396,0.2217475747339866,-0.08731751506028963,0.02149148489970721,0.3774829969715081,0,APP003130,0.03052133866757444
-0.065651348229771,0.2217475747339866,0.8325034873269265,-0.09811915647475396,0.2217475747339866,-0.08731751506028963,0.02149148489970721,0.08420843206427489,1,APP006979,0.03440375934941001
0.7128170914866491,0.2217475747339866,-0.05800312739151415,-0.09811915647475396,0.2217475747339866,-0.08731751506028963,-0.8565108236092858,0.08420843206427489,0,APP004000,0.02359372923339286
-0.065651348229771,0.2217475747339866,0.3825716911634094,0.5867174592629567,0.2217475747339866,-0.08731751506028963,0.02149148489970721,-0.09486472069567248,0,APP003929,0.02780682905467762
-1.0113351309460183,-0.5688287511575048,-0.7645733282836001,-0.09811915647475396,-0.9834263428289417,-0.6827730105067226,-0.022769130482054166,-1.527679097450456,0,APP007743,0.14052263422460923
-1.0113351309460183,-0.5688287511575048,-0.05800312739151415,-0.09811915647475396,-0.513258900002694,-0.08731751506028963,-0.8565108236092858,0.08420843206427489,0,APP002497,0.07648299616356238
0.1980061451935998,0.2217475747339866,-0.05800312739151415,-0.09811915647475396,0.2217475747339866,0.5789806192848379,0.5904081593270396,0.08420843206427489,1,APP000141,0.030292382522712033
0.1980061451935998,0.2217475747339866,0.3825716911634094,0.5867174592629567,0.2217475747339866,-0.08731751506028963,-0.022769130482054166,-0.09486472069567248,0,APP007545,0.024463836449831418
0.7128170914866491,0.2217475747339866,0.8325034873269265,0.428529803805432,0.2217475747339866,0.5789806192848379,0.02149148489970721,0.08420843206427489,0,APP007933,0.01889181720207367
-1.0113351309460183,-1.910002676996926,-0.7645733282836001,-0.8721886363285156,-1.197437410579879,0.5789806192848379,0.5904081593270396,0.08420843206427489,0,APP004892,0.1784666307242043
-0.35013955019267534,0.2217475747339866,-0.29843817581578497,-0.09811915647475396,0.2217475747339866,-0.08731751506028963,-0.022769130482054166,0.08420843206427489,0,APP003609,0.03944247030090972
0.7128170914866491,0.2217475747339866,-0.05800312739151415,0.428529803805432,0.2217475747339866,0.5789806192848379,0.02149148489970721,0.08420843206427489,0,APP002577,0.01889181720207367
0.1980061451935998,0.2217475747339866,-0.29843817581578497,-0.09811915647475396,0.2217475747339866,-0.08731751506028963,0.02149148489970721,0.08420843206427489,0,APP004376,0.030292382522712033
0.7128170914866491,0.2217475747339866,0.3825716911634094,-0.8721886363285156,0.2217475747339866,0.5789806192848379,0.02149148489970721,0.08420843206427489,0,APP002465,0.03263563498364616
-0.065651348229771,0.2217475747339866,-0.05800312739151415,-0.09811915647475396,0.2217475747339866,0.5789806192848379,-0.022769130482054166,0.08420843206427489,0,APP005797,0.03440375934941001
0.7128170914866491,0.2217475747339866,-0.05800312739151415,-0.09811915647475396,0.2217475747339866,0.5789806192848379,0.02149148489970721,0.08420843206427489,0,APP002157,0.02359372923339286
-0.065651348229771,0.2217475747339866,0.3825716911634094,-0.09811915647475396,0.2217475747339866,0.5789806192848379,0.02149148489970721,0.08420843206427489,0,APP005282,0.03440375934941001
-0.065651348229771,0.2217475747339866,-0.7645733282836001,-0.09811915647475396,0.2217475747339866,-0.08731751506028963,-0.022769130482054166,-0.09486472069567248,0,APP003938,0.037004229377386705
-1.0113351309460183,0.2217475747339866,-0.05800312739151415,-0.09811915647475396,0.2217475747339866,-0.08731751506028963,0.02149148489970721,0.08420843206427489,0,APP004395,0.05402080951084046
0.7128170914866491,0.2217475747339866,0.8325034873269265,-0.09811915647475396,0.2217475747339866,0.5789806192848379,0.02149148489970721,0.08420843206427489,0,APP000166,0.02359372923339286
0.7128170914866491,0.2217475747339866,0.3825716911634094,0.428529803805432,0.2217475747339866,0.5789806192848379,0.02149148489970721,0.3774829969715081,0,APP008068,0.01672957096901055
-1.0113351309460183,-0.8003405521422314,-0.7645733282836001,-0.8721886363285156,-1.197437410579879,-0.6827730105067226,-0.022769130482054166,-1.527679097450456,0,APP008999,0.20288311899526615
-0.065651348229771,-0.5688287511575048,-0.05800312739151415,-0.09811915647475396,-0.513258900002694,0.5789806192848379,0.02149148489970721,0.08420843206427489,0,APP008645,0.04913271166067861
0.7128170914866491,0.2217475747339866,0.8325034873269265,0.428529803805432,0.2217475747339866,0.5789806192848379,0.02149148489970721,0.08420843206427489,0,APP003693,0.01889181720207367
-0.065651348229771,0.2217475747339866,-0.05800312739151415,0.428529803805432,0.2217475747339866,0.5789806192848379,0.5904081593270396,0.3774829969715081,0,APP002720,0.024473451480688066
-0.065651348229771,0.2217475747339866,0.3825716911634094,-0.09811915647475396,0.2217475747339866,-0.08731751506028963,-0.022769130482054166,0.08420843206427489,0,APP001680,0.03440375934941001
0.7128170914866491,0.2217475747339866,0.3825716911634094,0.428529803805432,0.2217475747339866,0.5789806192848379,0.5904081593270396,0.3774829969715081,0,APP004401,0.01672957096901055
-0.065651348229771,0.2217475747339866,0.8325034873269265,0.5867174592629567,0.2217475747339866,0.5789806192848379,0.5904081593270396,0.08420843206427489,0,APP002513,0.025835365521542593
-0.065651348229771,0.2217475747339866,0.3825716911634094,0.5867174592629567,0.2217475747339866,-0.08731751506028963,0.5904081593270396,0.08509771624915914,0,APP002617,0.025825922962349028
0.1980061451935998,0.2217475747339866,-0.05800312739151415,0.428529803805432,0.2217475747339866,0.5789806192848379,0.5904081593270396,0.08420843206427489,0,APP001025,0.02428872699607574
-0.065651348229771,0.2217475747339866,-0.05800312739151415,0.5867174592629567,0.2217475747339866,0.5789806192848379,0.02149148489970721,0.08420843206427489,0,APP003156,0.025835365521542593
0.7128170914866491,0.2217475747339866,-0.05800312739151415,0.5867174592629567,0.2217475747339866,0.5789806192848379,0.5904081593270396,0.3774829969715081,0,APP008376,0.01564390502463836
0.7128170914866491,0.2217475747339866,0.8325034873269265,0.428529803805432,0.2217475747339866,0.5789806192848379,0.02149148489970721,0.08420843206427489,0,APP003814,0.01889181720207367
0.1980061451935998,0.2217475747339866,-0.05800312739151415,-0.09811915647475396,0.2217475747339866,0.5789806192848379,-0.022769130482054166,0.08420843206427489,0,APP006446,0.030292382522712033
0.7128170914866491,0.2217475747339866,0.8325034873269265,0.5867174592629567,0.2217475747339866,0.5789806192848379,0.02149148489970721,0.08420843206427489,0,APP004549,0.0176683536199148
0.7128170914866491,0.2217475747339866,-0.05800312739151415,0.5867174592629567,0.2217475747339866,-0.08731751506028963,0.5904081593270396,0.3774829969715081,0,APP004269,0.01564390502463836
0.7128170914866491,0.2217475747339866,-0.05800312739151415,0.428529803805432,0.2217475747339866,0.5789806192848379,0.02149148489970721,0.08420843206427489,0,APP006062,0.01889181720207367
-1.0113351309460183,0.2217475747339866,-0.05800312739151415,-0.09811915647475396,0.2217475747339866,-0.08731751506028963,-0.022769130482054166,0.08420843206427489,0,APP005777,0.05402080951084046
-0.065651348229771,0.2217475747339866,-0.7645733282836001,-0.09811915647475396,0.2217475747339866,-0.08731751506028963,0.02149148489970721,-0.09486472069567248,1,APP003560,0.037004229377386705
-0.065651348229771,0.2217475747339866,-0.05800312739151415,-0.09811915647475396,0.2217475747339866,0.5789806192848379,0.5904081593270396,0.3774829969715081,0,APP006233,0.03052133866757444
-0.065651348229771,0.2217475747339866,-0.05800312739151415,-0.09811915647475396,0.2217475747339866,-0.08731751506028963,0.02149148489970721,0.3774829969715081,0,APP002561,0.03052133866757444
-0.065651348229771,0.2217475747339866,-0.29843817581578497,0.5867174592629567,0.2217475747339866,0.5789806192848379,0.02149148489970721,0.08420843206427489,0,APP002366,0.025835365521542593
-0.35013955019267534,0.2217475747339866,-0.29843817581578497,-0.8721886363285156,0.2217475747339866,-0.08731751506028963,-0.022769130482054166,0.08420843206427489,0,APP006547,0.05422086078018935
0.1980061451935998,0.2217475747339866,0.8325034873269265,0.5867174592629567,0.2217475747339866,-0.08731751506028963,0.5904081593270396,0.08420843206427489,0,APP006367,0.02272384630511342
0.7128170914866491,0.2217475747339866,-0.05800312739151415,0.5867174592629567,0.2217475747339866,-0.08731751506028963,0.5904081593270396,0.08509771624915914,0,APP003717,0.01766184190117446
-0.065651348229771,0.2217475747339866,-0.29843817581578497,-0.09811915647475396,0.2217475747339866,-0.08731751506028963,0.02149148489970721,0.3774829969715081,0,APP008445,0.03052133866757444
-0.35013955019267534,0.2217475747339866,0.8325034873269265,-0.09811915647475396,0.2217475747339866,-0.6827730105067226,0.02149148489970721,0.08509771624915914,0,APP002591,0.0394282557726393
-0.35013955019267534,0.2217475747339866,-0.05800312739151415,-0.09811915647475396,0.2217475747339866,0.5789806192848379,0.02149148489970721,0.08420843206427489,0,APP008005,0.03944247030090972
-0.065651348229771,0.2217475747339866,-0.05800312739151415,0.5867174592629567,0.2217475747339866,-0.08731751506028963,0.5904081593270396,0.08420843206427489,0,APP006395,0.025835365521542593
-1.0113351309460183,0.2217475747339866,-0.7645733282836001,-0.09811915647475396,0.2217475747339866,-0.08731751506028963,0.02149148489970721,-0.09486472069567248,0,APP005976,0.05801498052620836
0.7128170914866491,0.2217475747339866,-0.29843817581578497,0.428529803805432,0.2217475747339866,-0.6827730105067226,0.02149148489970721,0.08509771624915914,0,APP008594,0.018884863241121562
-0.065651348229771,0.2217475747339866,-0.29843817581578497,-0.8721886363285156,0.2217475747339866,-0.6827730105067226,-0.022769130482054166,-1.527679097450456,0,APP008305,0.08942404397860715
-0.065651348229771,0.2217475747339866,0.8325034873269265,0.5867174592629567,0.2217475747339866,-0.08731751506028963,0.02149148489970721,0.08420843206427489,0,APP002713,0.025835365521542593
-0.35013955019267534,0.2217475747339866,-0.29843817581578497,-0.09811915647475396,0.2217475747339866,-0.08731751506028963,-0.022769130482054166,-0.09486472069567248,0,APP004858,0.042407073740724076
0.1980061451935998,0.2217475747339866,-0.05800312739151415,0.5867174592629567,0.2217475747339866,0.5789806192848379,0.5904081593270396,0.08420843206427489,0,APP001686,0.02272384630511342
-0.065651348229771,0.2217475747339866,-0.05800312739151415,0.5867174592629567,0.2217475747339866,-0.08731751506028963,0.02149148489970721,0.08420843206427489,0,APP007636,0.025835365521542593
-0.065651348229771,0.2217475747339866,0.8325034873269265,-0.09811915647475396,0.2217475747339866,-0.08731751506028963,0.5904081593270396,0.3774829969715081,0,APP008485,0.03052133866757444
-0.065651348229771,0.2217475747339866,-0.05800312739151415,-0.8721886363285156,0.2217475747339866,-0.08731751506028963,-0.022769130482054166,0.08420843206427489,0,APP008642,0.04738737154686286
0.1980061451935998,0.2217475747339866,-0.29843817581578497,-0.8721886363285156,0.2217475747339866,0.5789806192848379,0.02149148489970721,0.08420843206427489,0,APP004565,0.041791558609494746
0.7128170914866491,0.2217475747339866,0.8325034873269265,0.5867174592629567,0.2217475747339866,-0.08731751506028963,0.02149148489970721,-0.09486472069567248,0,APP004003,0.019028776483465123
-0.065651348229771,0.2217475747339866,-0.05800312739151415,-0.09811915647475396,0.2217475747339866,-0.6827730105067226,0.02149148489970721,-0.09486472069567248,0,APP002692,0.037004229377386705
0.7128170914866491,0.2217475747339866,-0.05800312739151415,0.5867174592629567,0.2217475747339866,-0.08731751506028963,0.5904081593270396,0.08420843206427489,0,APP006409,0.0176683536199148
0.7128170914866491,0.2217475747339866,0.3825716911634094,0.5867174592629567,0.2217475747339866,-0.08731751506028963,0.02149148489970721,-0.09486472069567248,0,APP002665,0.019028776483465123
0.7128170914866491,0.2217475747339866,0.8325034873269265,0.428529803805432,0.2217475747339866,-0.08731751506028963,0.02149148489970721,0.3774829969715081,0,APP000762,0.01672957096901055
0.1980061451935998,0.2217475747339866,0.3825716911634094,-0.09811915647475396,0.2217475747339866,0.5789806192848379,0.5904081593270396,0.08420843206427489,0,APP004835,0.030292382522712033
-0.065651348229771,0.2217475747339866,-0.29843817581578497,-0.09811915647475396,0.2217475747339866,-0.08731751506028963,-0.8565108236092858,0.08420843206427489,0,APP002229,0.03440375934941001
0.7128170914866491,0.2217475747339866,0.3825716911634094,0.428529803805432,0.2217475747339866,-0.08731751506028963,-0.022769130482054166,0.08420843206427489,0,APP005926,0.01889181720207367
0.7128170914866491,0.2217475747339866,-0.05800312739151415,0.5867174592629567,0.2217475747339866,0.5789806192848379,-0.022769130482054166,0.08420843206427489,0,APP004811,0.0176683536199148
-0.065651348229771,0.2217475747339866,0.8325034873269265,-0.09811915647475396,0.2217475747339866,0.5789806192848379,0.5904081593270396,0.08420843206427489,0,APP000154,0.03440375934941001
0.7128170914866491,0.2217475747339866,0.8325034873269265,0.428529803805432,0.2217475747339866,0.5789806192848379,0.02149148489970721,0.08420843206427489,0,APP002458,0.01889181720207367
0.1980061451935998,0.2217475747339866,-0.05800312739151415,0.5867174592629567,0.2217475747339866,-0.6827730105067226,0.5904081593270396,-0.09486472069567248,0,APP004027,0.024463836449831418
0.7128170914866491,0.2217475747339866,0.3825716911634094,0.428529803805432,0.2217475747339866,-0.08731751506028963,-0.022769130482054166,0.08509771624915914,0,APP008523,0.018884863241121562
-0.35013955019267534,0.2217475747339866,-0.29843817581578497,-0.09811915647475396,0.2217475747339866,-0.08731751506028963,-0.022769130482054166,0.08420843206427489,0,APP005214,0.03944247030090972
-0.065651348229771,0.2217475747339866,0.8325034873269265,-0.09811915647475396,0.2217475747339866,-0.08731751506028963,-0.8565108236092858,0.3774829969715081,0,APP004340,0.03052133866757444
0.1980061451935998,-0.8003405521422314,-0.29843817581578497,0.5867174592629567,-1.197437410579879,-0.08731751506028963,-0.022769130482054166,-0.09486472069567248,0,APP004419,0.03897037419852688
-1.0113351309460183,0.2217475747339866,-0.05800312739151415,0.5867174592629567,0.2217475747339866,0.5789806192848379,0.02149148489970721,0.08420843206427489,0,APP002134,0.04077301338994351
0.7128170914866491,0.2217475747339866,0.8325034873269265,0.5867174592629567,0.2217475747339866,-0.6827730105067226,0.02149148489970721,0.08509771624915914,0,APP007079,0.01766184190117446
0.7128170914866491,0.2217475747339866,0.8325034873269265,0.5867174592629567,0.2217475747339866,-0.08731751506028963,-0.022769130482054166,0.08509771624915914,0,APP002261,0.01766184190117446
0.7128170914866491,0.2217475747339866,0.8325034873269265,0.428529803805432,0.2217475747339866,-0.6827730105067226,0.5904081593270396,-0.09486472069567248,0,APP000576,0.02034449296474017
-0.065651348229771,0.2217475747339866,-0.05800312739151415,0.5867174592629567,0.2217475747339866,-0.08731751506028963,0.02149148489970721,0.08509771624915914,0,APP008133,0.025825922962349028
-0.35013955019267534,0.2217475747339866,-0.29843817581578497,-0.8721886363285156,0.2217475747339866,-0.6827730105067226,-0.022769130482054166,-0.09486472069567248,0,APP007746,0.058228912647221596
0.7128170914866491,0.2217475747339866,0.3825716911634094,-0.09811915647475396,0.2217475747339866,-0.08731751506028963,0.5904081593270396,0.08420843206427489,0,APP003440,0.02359372923339286
-0.065651348229771,0.2217475747339866,0.8325034873269265,0.428529803805432,0.2217475747339866,-0.08731751506028963,0.02149148489970721,0.3774829969715081,0,APP006407,0.024473451480688066
-0.065651348229771,0.2217475747339866,-0.29843817581578497,-0.09811915647475396,0.2217475747339866,-0.08731751506028963,-0.022769130482054166,0.08420843206427489,0,APP001389,0.03440375934941001
-0.065651348229771,0.2217475747339866,0.3825716911634094,-0.09811915647475396,0.2217475747339866,-0.08731751506028963,0.02149148489970721,0.08420843206427489,0,APP000761,0.03440375934941001
0.1980061451935998,-0.5688287511575048,-0.05800312739151415,-0.09811915647475396,-0.9834263428289417,-0.08731751506028963,0.02149148489970721,0.08420843206427489,0,APP005407,0.04334017427398824
0.7128170914866491,0.2217475747339866,-0.05800312739151415,-0.09811915647475396,0.2217475747339866,-0.08731751506028963,0.02149148489970721,-0.09486472069567248,0,APP005818,0.0253985961957803
-0.065651348229771,0.2217475747339866,0.3825716911634094,0.5867174592629567,0.2217475747339866,-0.08731751506028963,0.02149148489970721,0.08420843206427489,0,APP001139,0.025835365521542593
-0.065651348229771,0.2217475747339866,-0.05800312739151415,-0.09811915647475396,0.2217475747339866,-0.08731751506028963,0.02149148489970721,0.08420843206427489,1,APP007840,0.03440375934941001
-0.065651348229771,0.2217475747339866,-0.29843817581578497,0.5867174592629567,0.2217475747339866,0.5789806192848379,0.02149148489970721,0.08420843206427489,0,APP004411,0.025835365521542593
-0.065651348229771,0.2217475747339866,0.3825716911634094,-0.09811915647475396,0.2217475747339866,0.5789806192848379,0.5904081593270396,0.3774829969715081,0,APP003095,0.03052133866757444
0.7128170914866491,0.2217475747339866,-0.29843817581578497,0.5867174592629567,0.2217475747339866,-0.08731751506028963,0.02149148489970721,0.08420843206427489,0,APP006981,0.0176683536199148
-0.35013955019267534,0.2217475747339866,0.3825716911634094,0.5867174592629567,0.2217475747339866,0.5789806192848379,0.02149148489970721,0.08420843206427489,0,APP005502,0.0296577092053339
-0.35013955019267534,-0.5688287511575048,-0.05800312739151415,-0.8721886363285156,-0.8725111649557269,-0.08731751506028963,0.02149148489970721,-0.09486472069567248,0,APP006456,0.08228864724435386
-0.065651348229771,0.2217475747339866,0.3825716911634094,-0.09811915647475396,0.2217475747339866,-0.08731751506028963,-0.022769130482054166,-0.09486472069567248,0,APP004102,0.037004229377386705
-0.065651348229771,0.2217475747339866,0.8325034873269265,-0.09811915647475396,0.2217475747339866,-0.08731751506028963,0.02149148489970721,0.3774829969715081,0,APP008297,0.03052133866757444
0.7128170914866491,-0.5688287511575048,-0.7645733282836001,0.5867174592629567,-0.513258900002694,-0.08731751506028963,-0.022769130482054166,0.3774829969715081,0,APP008643,0.02252876645303827
0.1980061451935998,0.2217475747339866,-0.05800312739151415,-0.8721886363285156,0.2217475747339866,-0.08731751506028963,0.02149148489970721,-0.09486472069567248,0,APP001605,0.04492446817750301
-0.35013955019267534,0.2217475747339866,-0.05800312739151415,-0.09811915647475396,0.2217475747339866,-0.08731751506028963,0.02149148489970721,0.08420843206427489,0,APP004387,0.03944247030090972
0.7128170914866491,0.2217475747339866,-0.05800312739151415,-0.09811915647475396,0.2217475747339866,0.5789806192848379,0.02149148489970721,0.08420843206427489,0,APP003722,0.02359372923339286
-0.065651348229771,0.2217475747339866,-0.29843817581578497,-0.09811915647475396,0.2217475747339866,0.5789806192848379,0.5904081593270396,0.08420843206427489,0,APP007042,0.03440375934941001
-0.065651348229771,0.2217475747339866,0.3825716911634094,-0.09811915647475396,0.2217475747339866,-0.08731751506028963,-0.022769130482054166,0.08420843206427489,0,APP000472,0.03440375934941001
-1.0113351309460183,0.2217475747339866,-0.29843817581578497,-0.8721886363285156,0.2217475747339866,0.5789806192848379,0.02149148489970721,0.08420843206427489,0,APP008767,0.07384154130962636
-1.0113351309460183,-0.5688287511575048,-0.7645733282836001,-0.8721886363285156,-0.513258900002694,-0.6827730105067226,-0.8565108236092858,-1.527679097450456,0,APP001275,0.1858463943699003
-1.0113351309460183,-1.910002676996926,-0.7645733282836001,-0.8721886363285156,-0.513258900002694,-0.6827730105067226,-0.022769130482054166,0.08509771624915914,1,APP008208,0.17841161968489894
0.1980061451935998,0.2217475747339866,-0.05800312739151415,-0.09811915647475396,0.2217475747339866,-0.6827730105067226,0.02149148489970721,-1.527679097450456,0,APP004294,0.05808905485776677
-1.0113351309460183,-0.5688287511575048,0.3825716911634094,-0.8721886363285156,-0.8725111649557269,-0.6827730105067226,-0.022769130482054166,-1.527679097450456,0,APP002961,0.1858463943699003
0.7128170914866491,0.2217475747339866,0.8325034873269265,0.428529803805432,0.2217475747339866,-0.6827730105067226,0.5904081593270396,-0.09486472069567248,0,APP006131,0.02034449296474017
0.7128170914866491,0.2217475747339866,-0.05800312739151415,-0.09811915647475396,0.2217475747339866,0.5789806192848379,0.02149148489970721,0.3774829969715081,0,APP003061,0.020904796424193146
0.7128170914866491,0.2217475747339866,0.8325034873269265,0.428529803805432,0.2217475747339866,0.5789806192848379,0.02149148489970721,0.08420843206427489,0,APP007971,0.01889181720207367
0.1980061451935998,-1.910002676996926,-0.05800312739151415,-0.8721886363285156,-0.9834263428289417,-0.08731751506028963,-0.8565108236092858,0.08420843206427489,0,APP004766,0.10621328293155968
-0.065651348229771,0.2217475747339866,0.3825716911634094,-0.09811915647475396,0.2217475747339866,0.5789806192848379,0.02149148489970721,0.08420843206427489,0,APP003144,0.03440375934941001
0.7128170914866491,0.2217475747339866,0.3825716911634094,-0.09811915647475396,0.2217475747339866,0.5789806192848379,-0.022769130482054166,0.3774829969715081,0,APP001821,0.020904796424193146
0.7128170914866491,0.2217475747339866,0.8325034873269265,0.5867174592629567,0.2217475747339866,-0.08731751506028963,-0.022769130482054166,0.3774829969715081,0,APP000110,0.01564390502463836
-0.065651348229771,0.2217475747339866,0.3825716911634094,-0.09811915647475396,0.2217475747339866,-0.08731751506028963,0.02149148489970721,0.08420843206427489,1,APP007979,0.03440375934941001
-0.065651348229771,0.2217475747339866,-0.05800312739151415,0.5867174592629567,0.2217475747339866,0.5789806192848379,-0.022769130482054166,0.08420843206427489,0,APP003871,0.025835365521542593
0.7128170914866491,0.2217475747339866,0.3825716911634094,0.5867174592629567,0.2217475747339866,0.5789806192848379,-0.022769130482054166,0.08420843206427489,0,APP000894,0.0176683536199148
0.1980061451935998,0.2217475747339866,-0.29843817581578497,-0.8721886363285156,0.2217475747339866,0.5789806192848379,0.02149148489970721,0.08420843206427489,0,APP000705,0.041791558609494746
0.7128170914866491,0.2217475747339866,-0.05800312739151415,0.428529803805432,0.2217475747339866,-0.08731751506028963,0.02149148489970721,0.08420843206427489,0,APP003169,0.01889181720207367
0.7128170914866491,0.2217475747339866,0.3825716911634094,0.5867174592629567,0.2217475747339866,0.5789806192848379,0.02149148489970721,0.08420843206427489,0,APP007203,0.0176683536199148
-0.065651348229771,0.2217475747339866,0.3825716911634094,-0.09811915647475396,0.2217475747339866,-0.08731751506028963,-0.022769130482054166,0.08420843206427489,0,APP007882,0.03440375934941001
-1.0113351309460183,-0.5688287511575048,-0.29843817581578497,-0.09811915647475396,-0.513258900002694,-0.08731751506028963,-0.8565108236092858,0.08420843206427489,0,APP008190,0.07648299616356238
0.7128170914866491,0.2217475747339866,-0.29843817581578497,0.428529803805432,0.2217475747339866,-0.08731751506028963,0.02149148489970721,0.08420843206427489,0,APP005912,0.01889181720207367
0.1980061451935998,-0.5688287511575048,-0.05800312739151415,-0.09811915647475396,-0.513258900002694,-0.08731751506028963,0.5904081593270396,0.08420843206427489,0,APP005776,0.04334017427398824
0.7128170914866491,0.2217475747339866,0.8325034873269265,0.428529803805432,0.2217475747339866,0.5789806192848379,-0.022769130482054166,0.08420843206427489,0,APP008972,0.01889181720207367
0.7128170914866491,0.2217475747339866,0.8325034873269265,0.428529803805432,0.2217475747339866,-0.08731751506028963,0.5904081593270396,-0.09486472069567248,0,APP003332,0.02034449296474017
-1.0113351309460183,-0.5688287511575048,-0.05800312739151415,-0.09811915647475396,-1.197437410579879,0.5789806192848379,-0.8565108236092858,0.08420843206427489,0,APP008230,0.07648299616356238
0.7128170914866491,0.2217475747339866,-0.05800312739151415,0.428529803805432,0.2217475747339866,-0.08731751506028963,0.5904081593270396,0.3774829969715081,0,APP004994,0.01672957096901055
-1.0113351309460183,0.2217475747339866,-0.05800312739151415,-0.09811915647475396,0.2217475747339866,0.5789806192848379,0.02149148489970721,0.3774829969715081,0,APP006163,0.04803475569565855
0.1980061451935998,0.2217475747339866,0.8325034873269265,-0.09811915647475396,0.2217475747339866,-0.08731751506028963,0.02149148489970721,0.3774829969715081,0,APP007521,0.026861018938613507
0.7128170914866491,0.2217475747339866,-0.29843817581578497,-0.09811915647475396,0.2217475747339866,-0.08731751506028963,0.5904081593270396,0.08420843206427489,1,APP002511,0.02359372923339286
-0.065651348229771,0.2217475747339866,0.8325034873269265,0.428529803805432,0.2217475747339866,0.5789806192848379,0.5904081593270396,0.08420843206427489,0,APP008946,0.027608468030901005
-1.0113351309460183,-0.5688287511575048,-0.29843817581578497,-0.8721886363285156,-0.8725111649557269,-0.08731751506028963,0.02149148489970721,0.08509771624915914,0,APP004521,0.10360749965329094
-0.065651348229771,0.2217475747339866,-0.05800312739151415,-0.09811915647475396,0.2217475747339866,-0.08731751506028963,0.02149148489970721,0.08420843206427489,0,APP004657,0.03440375934941001
-0.065651348229771,0.2217475747339866,0.3825716911634094,0.5867174592629567,0.2217475747339866,-0.08731751506028963,0.02149148489970721,0.08509771624915914,0,APP005237,0.025825922962349028
-0.065651348229771,0.2217475747339866,0.3825716911634094,0.5867174592629567,0.2217475747339866,-0.08731751506028963,0.02149148489970721,0.3774829969715081,0,APP005186,0.02289694860171144
0.7128170914866491,0.2217475747339866,0.3825716911634094,-0.09811915647475396,0.2217475747339866,-0.08731751506028963,0.5904081593270396,0.08509771624915914,0,APP005991,0.02358508613350342
0.7128170914866491,0.2217475747339866,0.8325034873269265,0.5867174592629567,0.2217475747339866,-0.08731751506028963,0.5904081593270396,0.08420843206427489,0,APP006952,0.0176683536199148
-0.065651348229771,0.2217475747339866,-0.29843817581578497,-0.09811915647475396,0.2217475747339866,0.5789806192848379,0.5904081593270396,0.08420843206427489,0,APP004170,0.03440375934941001
-0.065651348229771,0.2217475747339866,0.8325034873269265,0.428529803805432,0.2217475747339866,-0.08731751506028963,0.5904081593270396,0.08420843206427489,0,APP007113,0.027608468030901005
-0.065651348229771,0.2217475747339866,-0.29843817581578497,-0.09811915647475396,0.2217475747339866,-0.08731751506028963,0.02149148489970721,0.08420843206427489,0,APP007562,0.03440375934941001
-1.0113351309460183,-0.8003405521422314,-0.05800312739151415,-0.8721886363285156,-0.8725111649557269,-0.08731751506028963,-0.8565108236092858,-0.09486472069567248,0,APP005636,0.1220699159480573
0.1980061451935998,-0.5688287511575048,0.3825716911634094,-0.09811915647475396,-0.9834263428289417,-0.08731751506028963,0.02149148489970721,0.08420843206427489,0,APP005900,0.04334017427398824
0.7128170914866491,0.2217475747339866,-0.29843817581578497,-0.09811915647475396,0.2217475747339866,-0.08731751506028963,0.5904081593270396,-0.09486472069567248,0,APP006415,0.0253985961957803
-0.065651348229771,0.2217475747339866,-0.29843817581578497,-0.09811915647475396,0.2217475747339866,-0.08731751506028963,0.02149148489970721,-0.09486472069567248,0,APP007507,0.037004229377386705
-0.065651348229771,0.2217475747339866,-0.7645733282836001,0.5867174592629567,0.2217475747339866,0.5789806192848379,0.02149148489970721,0.3774829969715081,0,APP008926,0.02289694860171144
-0.065651348229771,0.2217475747339866,0.3825716911634094,0.428529803805432,0.2217475747339866,-0.08731751506028963,0.5904081593270396,-0.09486472069567248,0,APP005358,0.029711108117363834
-0.35013955019267534,0.2217475747339866,-0.29843817581578497,0.5867174592629567,0.2217475747339866,0.5789806192848379,0.02149148489970721,0.08420843206427489,0,APP005398,0.0296577092053339
0.7128170914866491,0.2217475747339866,0.3825716911634094,-0.09811915647475396,0.2217475747339866,-0.08731751506028963,0.02149148489970721,0.3774829969715081,0,APP005264,0.020904796424193146
-0.065651348229771,0.2217475747339866,-0.05800312739151415,-0.09811915647475396,0.2217475747339866,-0.08731751506028963,0.02149148489970721,0.3774829969715081,0,APP003830,0.03052133866757444
-1.0113351309460183,0.2217475747339866,0.3825716911634094,0.5867174592629567,0.2217475747339866,-0.08731751506028963,-0.8565108236092858,0.08420843206427489,0,APP006403,0.04077301338994351
0.1980061451935998,0.2217475747339866,-0.05800312739151415,0.5867174592629567,0.2217475747339866,0.5789806192848379,0.02149148489970721,0.08420843206427489,0,APP002029,0.02272384630511342
-0.065651348229771,0.2217475747339866,0.8325034873269265,0.428529803805432,0.2217475747339866,-0.08731751506028963,0.5904081593270396,0.08509771624915914,0,APP002873,0.027598395780540387
-0.065651348229771,0.2217475747339866,0.3825716911634094,-0.09811915647475396,0.2217475747339866,-0.08731751506028963,0.5904081593270396,0.3774829969715081,0,APP007374,0.03052133866757444
0.7128170914866491,0.2217475747339866,-0.29843817581578497,-0.09811915647475396,0.2217475747339866,-0.08731751506028963,0.02149148489970721,-0.09486472069567248,0,APP005016,0.0253985961957803
0.7128170914866491,0.2217475747339866,0.8325034873269265,0.428529803805432,0.2217475747339866,-0.6827730105067226,0.5904081593270396,0.08509771624915914,0,APP007101,0.018884863241121562
-1.0113351309460183,0.2217475747339866,-0.29843817581578497,0.5867174592629567,0.2217475747339866,-0.08731751506028963,0.5904081593270396,0.08420843206427489,0,APP005384,0.04077301338994351
0.1980061451935998,0.2217475747339866,0.3825716911634094,0.428529803805432,0.2217475747339866,-0.08731751506028963,0.5904081593270396,0.08420843206427489,0,APP004787,0.02428872699607574
0.7128170914866491,0.2217475747339866,-0.29843817581578497,0.5867174592629567,0.2217475747339866,-0.08731751506028963,-0.022769130482054166,0.08509771624915914,0,APP004336,0.01766184190117446
0.1980061451935998,0.2217475747339866,-0.7645733282836001,-0.09811915647475396,0.2217475747339866,0.5789806192848379,0.02149148489970721,0.3774829969715081,0,APP005395,0.026861018938613507
0.7128170914866491,0.2217475747339866,-0.05800312739151415,-0.09811915647475396,0.2217475747339866,-0.08731751506028963,0.02149148489970721,0.08509771624915914,0,APP004513,0.02358508613350342
-0.065651348229771,0.2217475747339866,0.3825716911634094,-0.09811915647475396,0.2217475747339866,-0.08731751506028963,0.02149148489970721,0.3774829969715081,1,APP008071,0.03052133866757444
-0.065651348229771,0.2217475747339866,-0.29843817581578497,-0.09811915647475396,0.2217475747339866,-0.08731751506028963,-0.8565108236092858,0.08509771624915914,0,APP002430,0.03439129568892732
-0.35013955019267534,-1.910002676996926,-0.29843817581578497,-0.09811915647475396,-0.8725111649557269,-0.6827730105067226,-0.8565108236092858,0.08509771624915914,0,APP003141,0.10058937963309535
0.7128170914866491,0.2217475747339866,-0.05800312739151415,-0.09811915647475396,0.2217475747339866,-0.6827730105067226,0.02149148489970721,0.08509771624915914,0,APP002232,0.02358508613350342
0.7128170914866491,0.2217475747339866,0.8325034873269265,0.5867174592629567,0.2217475747339866,-0.08731751506028963,0.5904081593270396,0.08420843206427489,0,APP007311,0.0176683536199148
-0.35013955019267534,-1.910002676996926,-0.29843817581578497,-0.09811915647475396,-0.513258900002694,-0.6827730105067226,-0.8565108236092858,-1.527679097450456,0,APP005639,0.1809161344844887
0.1980061451935998,-1.910002676996926,-0.7645733282836001,-0.8721886363285156,-0.8725111649557269,-0.08731751506028963,0.02149148489970721,0.08420843206427489,0,APP003535,0.10621328293155968
-1.0113351309460183,-1.910002676996926,-0.7645733282836001,-0.8721886363285156,-0.8725111649557269,-0.6827730105067226,0.02149148489970721,-1.527679097450456,0,APP000205,0.30014529727952793
-1.0113351309460183,0.2217475747339866,-0.29843817581578497,0.5867174592629567,0.2217475747339866,-0.08731751506028963,0.5904081593270396,-0.09486472069567248,0,APP006243,0.04383306044636257
-0.065651348229771,0.2217475747339866,0.8325034873269265,-0.09811915647475396,0.2217475747339866,-0.08731751506028963,0.5904081593270396,0.08420843206427489,0,APP000756,0.03440375934941001
-0.35013955019267534,0.2217475747339866,0.3825716911634094,-0.09811915647475396,0.2217475747339866,-0.08731751506028963,0.5904081593270396,-0.09486472069567248,0,APP001966,0.042407073740724076
-0.065651348229771,0.2217475747339866,-0.05800312739151415,-0.09811915647475396,0.2217475747339866,-0.08731751506028963,0.02149148489970721,0.08509771624915914,0,APP006703,0.03439129568892732
0.7128170914866491,0.2217475747339866,0.3825716911634094,-0.09811915647475396,0.2217475747339866,-0.08731751506028963,0.02149148489970721,-0.09486472069567248,0,APP002675,0.0253985961957803
0.7128170914866491,0.2217475747339866,-0.05800312739151415,0.428529803805432,0.2217475747339866,0.5789806192848379,0.5904081593270396,0.08420843206427489,0,APP008332,0.01889181720207367
-0.35013955019267534,0.2217475747339866,-0.7645733282836001,-0.8721886363285156,0.2217475747339866,-0.08731751506028963,-0.022769130482054166,0.08420843206427489,0,APP002328,0.05422086078018935
-0.065651348229771,0.2217475747339866,-0.29843817581578497,-0.8721886363285156,0.2217475747339866,-0.6827730105067226,0.02149148489970721,-1.527679097450456,0,APP000210,0.08942404397860715
0.1980061451935998,0.2217475747339866,0.8325034873269265,0.5867174592629567,0.2217475747339866,-0.08731751506028963,-0.022769130482054166,0.08420843206427489,0,APP008987,0.02272384630511342
-0.35013955019267534,0.2217475747339866,0.8325034873269265,-0.09811915647475396,0.2217475747339866,0.5789806192848379,0.02149148489970721,0.08420843206427489,0,APP008583,0.03944247030090972
0.1980061451935998,0.2217475747339866,-0.29843817581578497,-0.09811915647475396,0.2217475747339866,0.5789806192848379,0.02149148489970721,0.08420843206427489,0,APP000817,0.030292382522712033
0.7128170914866491,0.2217475747339866,-0.05800312739151415,0.428529803805432,0.2217475747339866,-0.08731751506028963,0.02149148489970721,0.08420843206427489,0,APP006507,0.01889181720207367
-0.065651348229771,0.2217475747339866,-0.29843817581578497,0.5867174592629567,0.2217475747339866,-0.08731751506028963,0.5904081593270396,0.3774829969715081,0,APP005233,0.02289694860171144
-0.065651348229771,0.2217475747339866,0.8325034873269265,0.5867174592629567,0.2217475747339866,0.5789806192848379,0.02149148489970721,0.08420843206427489,0,APP007630,0.025835365521542593
0.7128170914866491,0.2217475747339866,-0.29843817581578497,-0.09811915647475396,0.2217475747339866,0.5789806192848379,0.02149148489970721,0.08420843206427489,0,APP006056,0.02359372923339286
-0.065651348229771,0.2217475747339866,-0.05800312739151415,-0.09811915647475396,0.2217475747339866,-0.6827730105067226,0.02149148489970721,-1.527679097450456,0,APP006412,0.06571740909030746
-0.065651348229771,0.2217475747339866,0.3825716911634094,0.5867174592629567,0.2217475747339866,-0.08731751506028963,0.02149148489970721,0.08420843206427489,0,APP002736,0.025835365521542593
0.7128170914866491,0.2217475747339866,-0.05800312739151415,-0.09811915647475396,0.2217475747339866,0.5789806192848379,0.02149148489970721,0.08420843206427489,0,APP001951,0.02359372923339286
0.7128170914866491,0.2217475747339866,-0.29843817581578497,0.5867174592629567,0.2217475747339866,0.5789806192848379,0.02149148489970721,0.08420843206427489,0,APP008503,0.0176683536199148
-0.065651348229771,0.2217475747339866,-0.29843817581578497,-0.8721886363285156,0.2217475747339866,-0.08731751506028963,0.02149148489970721,0.08509771624915914,0,APP003625,0.047370434986555306
-0.35013955019267534,0.2217475747339866,-0.7645733282836001,-0.8721886363285156,0.2217475747339866,-0.6827730105067226,0.02149148489970721,0.08509771624915914,0,APP004949,0.05420162084918719
0.7128170914866491,0.2217475747339866,0.8325034873269265,0.428529803805432,0.2217475747339866,0.5789806192848379,0.02149148489970721,0.08420843206427489,0,APP006642,0.01889181720207367
0.7128170914866491,0.2217475747339866,-0.05800312739151415,-0.09811915647475396,0.2217475747339866,-0.08731751506028963,0.5904081593270396,0.08420843206427489,0,APP005200,0.02359372923339286
0.7128170914866491,0.2217475747339866,0.8325034873269265,0.428529803805432,0.2217475747339866,0.5789806192848379,0.02149148489970721,0.08420843206427489,0,APP007220,0.01889181720207367
0.1980061451935998,0.2217475747339866,-0.05800312739151415,-0.09811915647475396,0.2217475747339866,-0.08731751506028963,0.02149148489970721,0.08420843206427489,0,APP006756,0.030292382522712033
-0.35013955019267534,-0.5688287511575048,-0.7645733282836001,-0.8721886363285156,-0.8725111649557269,-0.6827730105067226,-0.022769130482054166,-1.527679097450456,0,APP005095,0.14099527624198485
-0.35013955019267534,0.2217475747339866,-0.7645733282836001,-0.09811915647475396,0.2217475747339866,-0.6827730105067226,0.02149148489970721,-1.527679097450456,0,APP002448,0.07498610963248908
-0.35013955019267534,-0.5688287511575048,-0.29843817581578497,-0.8721886363285156,-1.197437410579879,-0.6827730105067226,-0.022769130482054166,0.08509771624915914,0,APP004142,0.07673289156497146
-0.065651348229771,0.2217475747339866,-0.7645733282836001,-0.09811915647475396,0.2217475747339866,-0.08731751506028963,0.5904081593270396,0.3774829969715081,0,APP007390,0.03052133866757444
0.1980061451935998,-0.8003405521422314,-0.05800312739151415,-0.8721886363285156,-0.9834263428289417,-0.08731751506028963,0.02149148489970721,0.08420843206427489,0,APP004965,0.06587918734480276
-1.0113351309460183,-1.910002676996926,-0.7645733282836001,-0.8721886363285156,-0.513258900002694,-0.08731751506028963,-0.8565108236092858,0.3774829969715081,0,APP008659,0.16103822610108146
0.7128170914866491,0.2217475747339866,-0.29843817581578497,-0.8721886363285156,0.2217475747339866,0.5789806192848379,0.02149148489970721,0.08420843206427489,0,APP003461,0.03263563498364616
-0.35013955019267534,-0.8003405521422314,-0.05800312739151415,0.5867174592629567,-0.8725111649557269,-0.08731751506028963,0.5904081593270396,0.08420843206427489,0,APP008597,0.047095419140696315
-1.0113351309460183,0.2217475747339866,-0.29843817581578497,-0.8721886363285156,0.2217475747339866,-0.6827730105067226,-0.8565108236092858,0.08509771624915914,0,APP002551,0.07381588249321112
0.7128170914866491,0.2217475747339866,0.8325034873269265,0.428529803805432,0.2217475747339866,-0.08731751506028963,0.02149148489970721,0.08420843206427489,0,APP000693,0.01889181720207367
-0.065651348229771,0.2217475747339866,0.8325034873269265,0.5867174592629567,0.2217475747339866,-0.08731751506028963,-0.022769130482054166,-0.09486472069567248,0,APP003209,0.02780682905467762
0.7128170914866491,0.2217475747339866,0.8325034873269265,0.428529803805432,0.2217475747339866,0.5789806192848379,0.02149148489970721,0.08420843206427489,0,APP006481,0.01889181720207367
-1.0113351309460183,0.2217475747339866,-0.7645733282836001,-0.8721886363285156,0.2217475747339866,-0.08731751506028963,-0.8565108236092858,0.08509771624915914,0,APP007475,0.07381588249321112
0.7128170914866491,0.2217475747339866,0.3825716911634094,0.5867174592629567,0.2217475747339866,0.5789806192848379,0.02149148489970721,0.08420843206427489,0,APP008447,0.0176683536199148
-0.065651348229771,0.2217475747339866,0.8325034873269265,-0.09811915647475396,0.2217475747339866,-0.08731751506028963,-0.022769130482054166,0.08420843206427489,0,APP000275,0.03440375934941001
0.1980061451935998,0.2217475747339866,-0.29843817581578497,-0.09811915647475396,0.2217475747339866,-0.08731751506028963,0.5904081593270396,-0.09486472069567248,0,APP006878,0.03259257627661918
0.1980061451935998,0.2217475747339866,-0.05800312739151415,-0.09811915647475396,0.2217475747339866,-0.6827730105067226,-0.022769130482054166,0.08420843206427489,0,APP000014,0.030292382522712033
-1.0113351309460183,-0.8003405521422314,-0.05800312739151415,-0.09811915647475396,-0.513258900002694,-0.08731751506028963,-0.8565108236092858,0.08509771624915914,0,APP004623,0.08450619632279699
-0.065651348229771,0.2217475747339866,0.3825716911634094,-0.8721886363285156,0.2217475747339866,0.5789806192848379,-0.022769130482054166,0.08420843206427489,0,APP003337,0.04738737154686286
-0.065651348229771,0.2217475747339866,0.3825716911634094,-0.09811915647475396,0.2217475747339866,0.5789806192848379,-0.022769130482054166,0.08420843206427489,0,APP006843,0.03440375934941001
0.1980061451935998,0.2217475747339866,-0.05800312739151415,-0.09811915647475396,0.2217475747339866,0.5789806192848379,0.02149148489970721,0.08420843206427489,0,APP004189,0.030292382522712033
-0.065651348229771,0.2217475747339866,0.8325034873269265,-0.8721886363285156,0.2217475747339866,-0.08731751506028963,0.02149148489970721,0.08420843206427489,1,APP005113,0.04738737154686286
0.7128170914866491,0.2217475747339866,0.3825716911634094,0.428529803805432,0.2217475747339866,0.5789806192848379,0.5904081593270396,0.3774829969715081,0,APP005883,0.01672957096901055
-0.065651348229771,0.2217475747339866,0.3825716911634094,0.5867174592629567,0.2217475747339866,0.5789806192848379,0.02149148489970721,0.08420843206427489,0,APP005412,0.025835365521542593
0.7128170914866491,0.2217475747339866,0.3825716911634094,0.428529803805432,0.2217475747339866,0.5789806192848379,0.02149148489970721,0.08420843206427489,0,APP003358,0.01889181720207367
-0.065651348229771,0.2217475747339866,-0.29843817581578497,0.428529803805432,0.2217475747339866,-0.08731751506028963,0.5904081593270396,0.08420843206427489,0,APP006055,0.027608468030901005
0.7128170914866491,0.2217475747339866,0.3825716911634094,0.428529803805432,0.2217475747339866,-0.08731751506028963,0.5904081593270396,0.08420843206427489,0,APP001644,0.01889181720207367
0.1980061451935998,0.2217475747339866,-0.05800312739151415,-0.8721886363285156,0.2217475747339866,-0.6827730105067226,0.02149148489970721,-0.09486472069567248,0,APP001332,0.04492446817750301
-0.065651348229771,0.2217475747339866,-0.29843817581578497,-0.09811915647475396,0.2217475747339866,-0.08731751506028963,0.02149148489970721,-0.09486472069567248,0,APP005305,0.037004229377386705
0.1980061451935998,0.2217475747339866,0.3825716911634094,-0.09811915647475396,0.2217475747339866,0.5789806192848379,0.5904081593270396,0.08420843206427489,0,APP008153,0.030292382522712033
-0.35013955019267534,0.2217475747339866,-0.29843817581578497,-0.09811915647475396,0.2217475747339866,-0.08731751506028963,-0.8565108236092858,0.08509771624915914,0,APP001126,0.0394282557726393
0.7128170914866491,0.2217475747339866,0.3825716911634094,0.428529803805432,0.2217475747339866,-0.08731751506028963,0.02149148489970721,0.08420843206427489,0,APP006105,0.01889181720207367
-0.065651348229771,0.2217475747339866,-0.29843817581578497,-0.09811915647475396,0.2217475747339866,0.5789806192848379,-0.022769130482054166,0.08420843206427489,0,APP008253,0.03440375934941001
-0.065651348229771,0.2217475747339866,0.3825716911634094,0.5867174592629567,0.2217475747339866,0.5789806192848379,0.02149148489970721,0.3774829969715081,0,APP006572,0.02289694860171144
-0.35013955019267534,0.2217475747339866,0.3825716911634094,0.5867174592629567,0.2217475747339866,0.5789806192848379,0.02149148489970721,0.08420843206427489,0,APP006343,0.0296577092053339
-0.065651348229771,0.2217475747339866,-0.05800312739151415,-0.09811915647475396,0.2217475747339866,-0.6827730105067226,0.02149148489970721,0.08509771624915914,0,APP007356,0.03439129568892732
0.7128170914866491,0.2217475747339866,0.3825716911634094,0.5867174592629567,0.2217475747339866,-0.08731751506028963,0.5904081593270396,0.08420843206427489,0,APP005069,0.0176683536199148
0.7128170914866491,0.2217475747339866,-0.29843817581578497,0.5867174592629567,0.2217475747339866,0.5789806192848379,0.02149148489970721,0.3774829969715081,0,APP008527,0.01564390502463836
0.7128170914866491,0.2217475747339866,0.3825716911634094,-0.09811915647475396,0.2217475747339866,0.5789806192848379,0.5904081593270396,0.08420843206427489,0,APP004389,0.02359372923339286
-0.065651348229771,0.2217475747339866,0.3825716911634094,-0.8721886363285156,0.2217475747339866,0.5789806192848379,-0.022769130482054166,0.08420843206427489,0,APP005938,0.04738737154686286
-0.065651348229771,0.2217475747339866,0.3825716911634094,-0.09811915647475396,0.2217475747339866,-0.08731751506028963,-0.022769130482054166,-0.09486472069567248,0,APP006859,0.037004229377386705
0.1980061451935998,0.2217475747339866,0.8325034873269265,0.5867174592629567,0.2217475747339866,0.5789806192848379,-0.022769130482054166,0.08420843206427489,0,APP005893,0.02272384630511342
-0.065651348229771,0.2217475747339866,-0.29843817581578497,0.5867174592629567,0.2217475747339866,-0.08731751506028963,0.5904081593270396,0.3774829969715081,0,APP001829,0.02289694860171144
-0.065651348229771,0.2217475747339866,0.3825716911634094,0.428529803805432,0.2217475747339866,-0.08731751506028963,0.02149148489970721,0.08420843206427489,0,APP008780,0.027608468030901005
0.7128170914866491,0.2217475747339866,-0.05800312739151415,0.428529803805432,0.2217475747339866,-0.08731751506028963,0.02149148489970721,0.08420843206427489,0,APP000252,0.01889181720207367
-0.065651348229771,0.2217475747339866,-0.05800312739151415,0.5867174592629567,0.2217475747339866,0.5789806192848379,0.02149148489970721,0.08420843206427489,0,APP001297,0.025835365521542593
-0.35013955019267534,0.2217475747339866,-0.29843817581578497,0.428529803805432,0.2217475747339866,-0.08731751506028963,0.02149148489970721,-0.09486472069567248,0,APP002427,0.0340868038233671
0.7128170914866491,0.2217475747339866,-0.05800312739151415,0.5867174592629567,0.2217475747339866,-0.08731751506028963,0.02149148489970721,0.3774829969715081,0,APP006992,0.01564390502463836
0.7128170914866491,0.2217475747339866,0.8325034873269265,0.5867174592629567,0.2217475747339866,-0.08731751506028963,0.02149148489970721,0.3774829969715081,0,APP006646,0.01564390502463836
0.7128170914866491,0.2217475747339866,0.8325034873269265,-0.09811915647475396,0.2217475747339866,0.5789806192848379,-0.022769130482054166,0.08420843206427489,0,APP004671,0.02359372923339286
0.1980061451935998,0.2217475747339866,0.3825716911634094,0.5867174592629567,0.2217475747339866,-0.08731751506028963,0.02149148489970721,0.3774829969715081,0,APP004463,0.020132008318873924
-0.065651348229771,0.2217475747339866,0.3825716911634094,0.5867174592629567,0.2217475747339866,0.5789806192848379,0.5904081593270396,0.08420843206427489,0,APP000042,0.025835365521542593
-0.065651348229771,0.2217475747339866,-0.7645733282836001,-0.09811915647475396,0.2217475747339866,0.5789806192848379,-0.022769130482054166,0.3774829969715081,0,APP002348,0.03052133866757444
0.7128170914866491,0.2217475747339866,-0.05800312739151415,0.428529803805432,0.2217475747339866,0.5789806192848379,0.5904081593270396,0.08420843206427489,0,APP000982,0.01889181720207367
0.7128170914866491,0.2217475747339866,0.8325034873269265,0.428529803805432,0.2217475747339866,-0.08731751506028963,0.5904081593270396,0.08420843206427489,0,APP002454,0.01889181720207367
0.7128170914866491,0.2217475747339866,-0.7645733282836001,0.428529803805432,0.2217475747339866,-0.08731751506028963,0.5904081593270396,0.3774829969715081,0,APP001017,0.01672957096901055
-0.35013955019267534,0.2217475747339866,-0.05800312739151415,0.5867174592629567,0.2217475747339866,-0.08731751506028963,-0.022769130482054166,-0.09486472069567248,0,APP005882,0.03191129619574281
-0.065651348229771,0.2217475747339866,-0.05800312739151415,-0.09811915647475396,0.2217475747339866,0.5789806192848379,0.5904081593270396,0.08420843206427489,0,APP006449,0.03440375934941001
0.7128170914866491,0.2217475747339866,0.3825716911634094,0.428529803805432,0.2217475747339866,-0.08731751506028963,0.02149148489970721,0.3774829969715081,0,APP003532,0.01672957096901055
-1.0113351309460183,0.2217475747339866,-0.05800312739151415,-0.8721886363285156,0.2217475747339866,-0.08731751506028963,0.02149148489970721,0.08509771624915914,0,APP008543,0.07381588249321112
-1.0113351309460183,-0.5688287511575048,-0.7645733282836001,-0.8721886363285156,-0.8725111649557269,-0.08731751506028963,-0.8565108236092858,0.08420843206427489,0,APP001584,0.10364235537066266
0.7128170914866491,0.2217475747339866,0.8325034873269265,0.428529803805432,0.2217475747339866,0.5789806192848379,0.02149148489970721,0.08420843206427489,0,APP008977,0.01889181720207367
0.7128170914866491,0.2217475747339866,0.3825716911634094,-0.09811915647475396,0.2217475747339866,-0.08731751506028963,0.02149148489970721,0.08420843206427489,0,APP000282,0.02359372923339286
-0.35013955019267534,0.2217475747339866,-0.05800312739151415,-0.09811915647475396,0.2217475747339866,-0.08731751506028963,0.02149148489970721,0.08420843206427489,0,APP002674,0.03944247030090972
-1.0113351309460183,0.2217475747339866,-0.29843817581578497,-0.8721886363285156,0.2217475747339866,-0.6827730105067226,-0.022769130482054166,-1.527679097450456,0,APP003339,0.13599516551899613
-0.065651348229771,0.2217475747339866,-0.05800312739151415,-0.09811915647475396,0.2217475747339866,-0.08731751506028963,0.5904081593270396,0.3774829969715081,0,APP003046,0.03052133866757444
0.1980061451935998,0.2217475747339866,0.3825716911634094,0.428529803805432,0.2217475747339866,-0.08731751506028963,0.02149148489970721,0.3774829969715081,0,APP000615,0.021522332527870086
-0.35013955019267534,0.2217475747339866,-0.29843817581578497,-0.8721886363285156,0.2217475747339866,-0.08731751506028963,-0.022769130482054166,0.08420843206427489,0,APP002493,0.05422086078018935
0.7128170914866491,0.2217475747339866,0.8325034873269265,0.428529803805432,0.2217475747339866,-0.08731751506028963,0.5904081593270396,-0.09486472069567248,0,APP006682,0.02034449296474017
-0.065651348229771,0.2217475747339866,-0.05800312739151415,-0.09811915647475396,0.2217475747339866,-0.08731751506028963,-0.8565108236092858,0.08420843206427489,0,APP003836,0.03440375934941001
0.7128170914866491,0.2217475747339866,0.8325034873269265,0.428529803805432,0.2217475747339866,0.5789806192848379,0.02149148489970721,0.08420843206427489,0,APP006746,0.01889181720207367
-1.0113351309460183,0.2217475747339866,-0.7645733282836001,-0.8721886363285156,0.2217475747339866,-0.08731751506028963,-0.022769130482054166,0.3774829969715081,0,APP007606,0.06581194895872637
-0.35013955019267534,0.2217475747339866,-0.7645733282836001,-0.09811915647475396,0.2217475747339866,-0.08731751506028963,0.02149148489970721,0.3774829969715081,0,APP005473,0.035012055071022154
-0.35013955019267534,0.2217475747339866,-0.05800312739151415,-0.09811915647475396,0.2217475747339866,-0.6827730105067226,-0.022769130482054166,0.08509771624915914,0,APP000802,0.0394282557726393
-0.065651348229771,0.2217475747339866,-0.29843817581578497,-0.8721886363285156,0.2217475747339866,0.5789806192848379,0.02149148489970721,0.08420843206427489,0,APP006965,0.04738737154686286
-0.065651348229771,0.2217475747339866,0.3825716911634094,0.5867174592629567,0.2217475747339866,-0.08731751506028963,0.5904081593270396,0.08420843206427489,0,APP000261,0.025835365521542593
0.1980061451935998,0.2217475747339866,-0.05800312739151415,0.428529803805432,0.2217475747339866,-0.08731751506028963,0.02149148489970721,0.08420843206427489,0,APP007730,0.02428872699607574
0.7128170914866491,0.2217475747339866,0.8325034873269265,0.428529803805432,0.2217475747339866,-0.08731751506028963,-0.022769130482054166,0.3774829969715081,0,APP007582,0.01672957096901055
0.7128170914866491,0.2217475747339866,-0.29843817581578497,0.5867174592629567,0.2217475747339866,0.5789806192848379,0.02149148489970721,0.08420843206427489,0,APP000581,0.0176683536199148
-0.35013955019267534,-0.8003405521422314,-0.7645733282836001,-0.8721886363285156,-0.8725111649557269,-0.6827730105067226,0.02149148489970721,-0.09486472069567248,0,APP007211,0.09089195348387312
-0.065651348229771,0.2217475747339866,-0.29843817581578497,-0.09811915647475396,0.2217475747339866,-0.08731751506028963,-0.8565108236092858,0.08509771624915914,0,APP001795,0.03439129568892732
0.7128170914866491,0.2217475747339866,0.8325034873269265,-0.8721886363285156,0.2217475747339866,-0.08731751506028963,0.02149148489970721,0.08420843206427489,0,APP002850,0.03263563498364616
-1.0113351309460183,-0.5688287511575048,-0.7645733282836001,-0.8721886363285156,-0.513258900002694,-0.6827730105067226,-0.022769130482054166,-1.527679097450456,1,APP000992,0.1858463943699003
0.7128170914866491,0.2217475747339866,0.3825716911634094,0.428529803805432,0.2217475747339866,-0.08731751506028963,0.5904081593270396,0.3774829969715081,0,APP003483,0.01672957096901055
-0.065651348229771,0.2217475747339866,-0.05800312739151415,-0.09811915647475396,0.2217475747339866,-0.08731751506028963,0.5904081593270396,0.08420843206427489,0,APP003435,0.03440375934941001
0.7128170914866491,0.2217475747339866,-0.7645733282836001,-0.09811915647475396,0.2217475747339866,-0.08731751506028963,0.02149148489970721,0.3774829969715081,0,APP008615,0.020904796424193146
-0.065651348229771,0.2217475747339866,-0.05800312739151415,0.428529803805432,0.2217475747339866,0.5789806192848379,0.02149148489970721,0.08420843206427489,0,APP004169,0.027608468030901005
0.1980061451935998,0.2217475747339866,-0.05800312739151415,0.428529803805432,0.2217475747339866,-0.08731751506028963,0.02149148489970721,0.08420843206427489,0,APP007615,0.02428872699607574
0.7128170914866491,0.2217475747339866,-0.7645733282836001,-0.09811915647475396,0.2217475747339866,-0.6827730105067226,0.02149148489970721,0.08509771624915914,0,APP002787,0.02358508613350342
-0.065651348229771,0.2217475747339866,-0.05800312739151415,0.5867174592629567,0.2217475747339866,0.5789806192848379,0.02149148489970721,0.08420843206427489,0,APP001704,0.025835365521542593
0.1980061451935998,0.2217475747339866,-0.05800312739151415,-0.09811915647475396,0.2217475747339866,0.5789806192848379,-0.022769130482054166,0.08420843206427489,0,APP001927,0.030292382522712033
-0.065651348229771,0.2217475747339866,-0.29843817581578497,-0.09811915647475396,0.2217475747339866,-0.08731751506028963,0.5904081593270396,0.08420843206427489,0,APP003121,0.03440375934941001
0.1980061451935998,0.2217475747339866,-0.29843817581578497,0.428529803805432,0.2217475747339866,-0.08731751506028963,0.02149148489970721,0.08420843206427489,0,APP008383,0.02428872699607574
0.7128170914866491,0.2217475747339866,0.8325034873269265,0.428529803805432,0.2217475747339866,0.5789806192848379,0.02149148489970721,0.08420843206427489,0,APP004115,0.01889181720207367
0.7128170914866491,0.2217475747339866,-0.05800312739151415,-0.09811915647475396,0.2217475747339866,-0.6827730105067226,-0.022769130482054166,-0.09486472069567248,0,APP005439,0.0253985961957803
-0.065651348229771,0.2217475747339866,0.8325034873269265,0.428529803805432,0.2217475747339866,-0.08731751506028963,0.02149148489970721,-0.09486472069567248,0,APP000251,0.029711108117363834
-0.065651348229771,0.2217475747339866,0.8325034873269265,0.5867174592629567,0.2217475747339866,-0.08731751506028963,0.5904081593270396,0.08420843206427489,0,APP001924,0.025835365521542593
0.7128170914866491,0.2217475747339866,0.3825716911634094,0.428529803805432,0.2217475747339866,-0.6827730105067226,-0.022769130482054166,0.08420843206427489,0,APP008885,0.01889181720207367
0.7128170914866491,0.2217475747339866,0.8325034873269265,0.5867174592629567,0.2217475747339866,0.5789806192848379,-0.022769130482054166,0.08420843206427489,0,APP006467,0.0176683536199148
-0.065651348229771,0.2217475747339866,0.3825716911634094,-0.09811915647475396,0.2217475747339866,-0.08731751506028963,-0.022769130482054166,0.08420843206427489,0,APP003839,0.03440375934941001
0.7128170914866491,0.2217475747339866,0.3825716911634094,0.428529803805432,0.2217475747339866,-0.08731751506028963,0.02149148489970721,0.08420843206427489,0,APP007054,0.01889181720207367
0.7128170914866491,0.2217475747339866,0.3825716911634094,-0.09811915647475396,0.2217475747339866,-0.08731751506028963,-0.022769130482054166,0.08420843206427489,0,APP006135,0.02359372923339286
-0.35013955019267534,-0.5688287511575048,-0.29843817581578497,-0.09811915647475396,-0.8725111649557269,0.5789806192848379,-0.022769130482054166,0.08420843206427489,1,APP004846,0.056203038206527424
0.7128170914866491,0.2217475747339866,0.3825716911634094,0.428529803805432,0.2217475747339866,0.5789806192848379,0.5904081593270396,0.08420843206427489,0,APP008952,0.01889181720207367
-0.065651348229771,0.2217475747339866,-0.29843817581578497,-0.09811915647475396,0.2217475747339866,0.5789806192848379,0.5904081593270396,0.08420843206427489,0,APP008412,0.03440375934941001
-0.35013955019267534,0.2217475747339866,-0.05800312739151415,-0.09811915647475396,0.2217475747339866,0.5789806192848379,-0.8565108236092858,0.08420843206427489,0,APP001921,0.03944247030090972
-0.065651348229771,0.2217475747339866,-0.05800312739151415,-0.09811915647475396,0.2217475747339866,-0.08731751506028963,0.5904081593270396,0.08420843206427489,0,APP001846,0.03440375934941001
0.7128170914866491,0.2217475747339866,0.3825716911634094,0.5867174592629567,0.2217475747339866,-0.6827730105067226,0.02149148489970721,-0.09486472069567248,0,APP000507,0.019028776483465123
0.7128170914866491,0.2217475747339866,-0.7645733282836001,0.5867174592629567,0.2217475747339866,-0.6827730105067226,-0.022769130482054166,-0.09486472069567248,0,APP003490,0.019028776483465123
0.7128170914866491,0.2217475747339866,0.3825716911634094,0.5867174592629567,0.2217475747339866,0.5789806192848379,0.02149148489970721,0.08420843206427489,0,APP008385,0.0176683536199148
0.1980061451935998,0.2217475747339866,-0.29843817581578497,0.5867174592629567,0.2217475747339866,-0.08731751506028963,-0.022769130482054166,0.08420843206427489,0,APP004066,0.02272384630511342
0.1980061451935998,0.2217475747339866,0.3825716911634094,0.5867174592629567,0.2217475747339866,0.5789806192848379,0.02149148489970721,0.08420843206427489,0,APP003513,0.02272384630511342
-0.065651348229771,0.2217475747339866,-0.05800312739151415,-0.09811915647475396,0.2217475747339866,-0.08731751506028963,0.5904081593270396,-0.09486472069567248,0,APP003709,0.037004229377386705
0.7128170914866491,0.2217475747339866,0.3825716911634094,0.428529803805432,0.2217475747339866,0.5789806192848379,0.5904081593270396,0.08420843206427489,0,APP005025,0.01889181720207367
-0.065651348229771,0.2217475747339866,-0.7645733282836001,-0.09811915647475396,0.2217475747339866,-0.08731751506028963,-0.022769130482054166,0.08420843206427489,0,APP008050,0.03440375934941001
-0.065651348229771,0.2217475747339866,-0.7645733282836001,-0.8721886363285156,0.2217475747339866,-0.08731751506028963,-0.022769130482054166,-0.09486472069567248,0,APP006903,0.05091748095967704
-0.065651348229771,-0.5688287511575048,-0.05800312739151415,-0.8721886363285156,-0.9834263428289417,-0.6827730105067226,-0.022769130482054166,-0.09486472069567248,0,APP007232,0.07218775366373671
0.7128170914866491,0.2217475747339866,0.8325034873269265,-0.09811915647475396,0.2217475747339866,-0.08731751506028963,0.02149148489970721,0.08420843206427489,0,APP008319,0.02359372923339286
0.1980061451935998,-0.5688287511575048,-0.29843817581578497,0.5867174592629567,-1.197437410579879,-0.08731751506028963,0.02149148489970721,0.08509771624915914,0,APP000295,0.032609481318203244
0.7128170914866491,0.2217475747339866,0.3825716911634094,0.5867174592629567,0.2217475747339866,0.5789806192848379,0.02149148489970721,0.08420843206427489,0,APP000935,0.0176683536199148
-1.0113351309460183,-0.8003405521422314,-0.29843817581578497,-0.8721886363285156,-0.513258900002694,-0.6827730105067226,-0.022769130482054166,-1.527679097450456,1,APP002897,0.20288311899526615
-0.065651348229771,0.2217475747339866,0.3825716911634094,0.5867174592629567,0.2217475747339866,0.5789806192848379,-0.022769130482054166,0.08420843206427489,0,APP008607,0.025835365521542593
0.7128170914866491,0.2217475747339866,-0.05800312739151415,0.428529803805432,0.2217475747339866,0.5789806192848379,0.02149148489970721,0.08420843206427489,0,APP001736,0.01889181720207367
0.7128170914866491,0.2217475747339866,0.3825716911634094,0.5867174592629567,0.2217475747339866,-0.08731751506028963,0.02149148489970721,0.08420843206427489,0,APP000193,0.0176683536199148
-0.065651348229771,0.2217475747339866,0.3825716911634094,-0.8721886363285156,0.2217475747339866,-0.08731751506028963,-0.022769130482054166,0.08420843206427489,1,APP001422,0.04738737154686286
-1.0113351309460183,-1.910002676996926,-0.7645733282836001,-0.09811915647475396,-0.8725111649557269,-0.6827730105067226,-0.8565108236092858,0.08509771624915914,0,APP000943,0.13460126802474623
0.1980061451935998,0.2217475747339866,-0.29843817581578497,-0.09811915647475396,0.2217475747339866,0.5789806192848379,0.5904081593270396,0.08420843206427489,0,APP007326,0.030292382522712033
0.7128170914866491,0.2217475747339866,0.8325034873269265,0.5867174592629567,0.2217475747339866,-0.08731751506028963,0.02149148489970721,0.08420843206427489,0,APP005915,0.0176683536199148
-0.065651348229771,0.2217475747339866,-0.05800312739151415,-0.09811915647475396,0.2217475747339866,-0.08731751506028963,-0.022769130482054166,-0.09486472069567248,0,APP004119,0.037004229377386705
-0.065651348229771,0.2217475747339866,-0.7645733282836001,-0.8721886363285156,0.2217475747339866,-0.6827730105067226,0.02149148489970721,-1.527679097450456,0,APP001349,0.08942404397860715
-0.35013955019267534,-0.5688287511575048,-0.05800312739151415,0.5867174592629567,-0.8725111649557269,-0.08731751506028963,0.02149148489970721,0.08509771624915914,0,APP000904,0.042428846079659834
0.7128170914866491,0.2217475747339866,-0.29843817581578497,-0.09811915647475396,0.2217475747339866,0.5789806192848379,0.02149148489970721,0.08420843206427489,0,APP004121,0.02359372923339286
0.7128170914866491,0.2217475747339866,0.3825716911634094,0.428529803805432,0.2217475747339866,-0.08731751506028963,0.5904081593270396,0.08420843206427489,0,APP006519,0.01889181720207367
0.7128170914866491,0.2217475747339866,-0.29843817581578497,-0.09811915647475396,0.2217475747339866,0.5789806192848379,-0.022769130482054166,0.3774829969715081,0,APP003386,0.020904796424193146
0.7128170914866491,0.2217475747339866,0.8325034873269265,0.5867174592629567,0.2217475747339866,0.5789806192848379,0.02149148489970721,0.3774829969715081,0,APP008021,0.01564390502463836
0.7128170914866491,0.2217475747339866,0.3825716911634094,0.5867174592629567,0.2217475747339866,-0.08731751506028963,0.5904081593270396,0.3774829969715081,0,APP006181,0.01564390502463836
0.7128170914866491,0.2217475747339866,-0.7645733282836001,-0.09811915647475396,0.2217475747339866,-0.08731751506028963,0.02149148489970721,0.08420843206427489,0,APP005487,0.02359372923339286
-0.065651348229771,-0.8003405521422314,-0.7645733282836001,-0.09811915647475396,-1.197437410579879,-0.6827730105067226,0.02149148489970721,-0.09486472069567248,1,APP001108,0.05850102114160319
-0.065651348229771,0.2217475747339866,-0.05800312739151415,0.5867174592629567,0.2217475747339866,-0.08731751506028963,-0.022769130482054166,0.08420843206427489,0,APP002826,0.025835365521542593
0.7128170914866491,0.2217475747339866,-0.29843817581578497,-0.09811915647475396,0.2217475747339866,0.5789806192848379,0.02149148489970721,0.3774829969715081,0,APP005611,0.020904796424193146
0.7128170914866491,0.2217475747339866,0.8325034873269265,-0.09811915647475396,0.2217475747339866,-0.08731751506028963,0.5904081593270396,0.08420843206427489,0,APP000549,0.02359372923339286
0.1980061451935998,0.2217475747339866,0.3825716911634094,-0.09811915647475396,0.2217475747339866,0.5789806192848379,0.02149148489970721,0.08420843206427489,0,APP001904,0.030292382522712033
-0.065651348229771,0.2217475747339866,-0.05800312739151415,-0.09811915647475396,0.2217475747339866,-0.08731751506028963,0.02149148489970721,0.08420843206427489,0,APP008276,0.03440375934941001
0.7128170914866491,0.2217475747339866,-0.05800312739151415,0.428529803805432,0.2217475747339866,-0.08731751506028963,-0.022769130482054166,0.08420843206427489,0,APP005097,0.01889181720207367
0.7128170914866491,0.2217475747339866,-0.29843817581578497,0.428529803805432,0.2217475747339866,-0.08731751506028963,0.5904081593270396,-0.09486472069567248,0,APP005707,0.02034449296474017
0.1980061451935998,-0.5688287511575048,-0.05800312739151415,0.5867174592629567,-0.513258900002694,-0.08731751506028963,0.02149148489970721,0.08420843206427489,0,APP002235,0.03262132105118561
-1.0113351309460183,-0.5688287511575048,0.3825716911634094,-0.09811915647475396,-1.197437410579879,-0.6827730105067226,-0.8565108236092858,0.08509771624915914,0,APP001806,0.07645649525351572
-1.0113351309460183,0.2217475747339866,-0.05800312739151415,-0.09811915647475396,0.2217475747339866,-0.6827730105067226,-0.8565108236092858,-1.527679097450456,0,APP008623,0.10131606728868468
-0.065651348229771,0.2217475747339866,-0.05800312739151415,-0.09811915647475396,0.2217475747339866,-0.08731751506028963,0.5904081593270396,0.3774829969715081,0,APP000015,0.03052133866757444
0.7128170914866491,0.2217475747339866,-0.05800312739151415,0.428529803805432,0.2217475747339866,-0.08731751506028963,-0.022769130482054166,0.08420843206427489,0,APP003969,0.01889181720207367
0.7128170914866491,0.2217475747339866,-0.7645733282836001,0.5867174592629567,0.2217475747339866,-0.6827730105067226,0.02149148489970721,0.08509771624915914,0,APP004569,0.01766184190117446
0.1980061451935998,0.2217475747339866,0.3825716911634094,0.428529803805432,0.2217475747339866,-0.08731751506028963,0.02149148489970721,0.08420843206427489,0,APP008478,0.02428872699607574
-0.065651348229771,0.2217475747339866,0.8325034873269265,0.428529803805432,0.2217475747339866,-0.08731751506028963,0.02149148489970721,0.3774829969715081,0,APP007026,0.024473451480688066
-0.065651348229771,0.2217475747339866,0.8325034873269265,-0.09811915647475396,0.2217475747339866,-0.08731751506028963,-0.022769130482054166,0.08420843206427489,0,APP003424,0.03440375934941001
0.1980061451935998,0.2217475747339866,-0.05800312739151415,0.5867174592629567,0.2217475747339866,0.5789806192848379,0.5904081593270396,0.08420843206427489,0,APP001576,0.02272384630511342
0.1980061451935998,-0.5688287511575048,-0.05800312739151415,-0.09811915647475396,-0.513258900002694,-0.6827730105067226,-0.8565108236092858,0.08509771624915914,0,APP006274,0.04332461842249205
-0.065651348229771,0.2217475747339866,0.3825716911634094,0.428529803805432,0.2217475747339866,-0.08731751506028963,0.02149148489970721,0.08420843206427489,0,APP006058,0.027608468030901005
-0.35013955019267534,-0.5688287511575048,0.3825716911634094,-0.09811915647475396,-0.513258900002694,-0.08731751506028963,0.02149148489970721,0.08420843206427489,0,APP008162,0.056203038206527424
0.7128170914866491,0.2217475747339866,0.8325034873269265,0.428529803805432,0.2217475747339866,0.5789806192848379,0.02149148489970721,0.08420843206427489,0,APP006968,0.01889181720207367
0.7128170914866491,0.2217475747339866,-0.29843817581578497,0.428529803805432,0.2217475747339866,0.5789806192848379,0.5904081593270396,0.08420843206427489,0,APP003486,0.01889181720207367
-0.065651348229771,0.2217475747339866,0.8325034873269265,0.5867174592629567,0.2217475747339866,0.5789806192848379,0.02149148489970721,0.08420843206427489,0,APP003243,0.025835365521542593
0.1980061451935998,0.2217475747339866,-0.05800312739151415,-0.09811915647475396,0.2217475747339866,-0.08731751506028963,0.5904081593270396,0.3774829969715081,0,APP007303,0.026861018938613507
0.7128170914866491,0.2217475747339866,0.8325034873269265,-0.09811915647475396,0.2217475747339866,0.5789806192848379,0.02149148489970721,0.08420843206427489,0,APP007128,0.02359372923339286
0.1980061451935998,0.2217475747339866,-0.05800312739151415,0.5867174592629567,0.2217475747339866,-0.08731751506028963,0.02149148489970721,0.3774829969715081,0,APP000949,0.020132008318873924
-1.0113351309460183,0.2217475747339866,-0.05800312739151415,-0.8721886363285156,0.2217475747339866,-0.6827730105067226,0.02149148489970721,-0.09486472069567248,0,APP004147,0.07917854807375183
0.7128170914866491,0.2217475747339866,0.3825716911634094,-0.09811915647475396,0.2217475747339866,0.5789806192848379,0.5904081593270396,0.08420843206427489,0,APP006498,0.02359372923339286
0.7128170914866491,0.2217475747339866,0.8325034873269265,-0.09811915647475396,0.2217475747339866,-0.08731751506028963,0.02149148489970721,0.08420843206427489,0,APP004221,0.02359372923339286
0.7128170914866491,0.2217475747339866,0.8325034873269265,0.428529803805432,0.2217475747339866,-0.08731751506028963,0.02149148489970721,0.08420843206427489,0,APP003419,0.01889181720207367
0.7128170914866491,0.2217475747339866,0.8325034873269265,0.428529803805432,0.2217475747339866,0.5789806192848379,0.02149148489970721,0.08420843206427489,0,APP004905,0.01889181720207367
0.7128170914866491,0.2217475747339866,0.3825716911634094,-0.09811915647475396,0.2217475747339866,-0.6827730105067226,0.02149148489970721,-0.09486472069567248,0,APP003985,0.0253985961957803
0.7128170914866491,0.2217475747339866,0.3825716911634094,0.5867174592629567,0.2217475747339866,0.5789806192848379,0.02149148489970721,0.08420843206427489,0,APP006042,0.0176683536199148
-0.065651348229771,0.2217475747339866,-0.29843817581578497,0.5867174592629567,0.2217475747339866,-0.08731751506028963,-0.022769130482054166,0.08420843206427489,0,APP001637,0.025835365521542593
-0.065651348229771,0.2217475747339866,-0.29843817581578497,0.5867174592629567,0.2217475747339866,0.5789806192848379,0.02149148489970721,0.08420843206427489,0,APP003127,0.025835365521542593
-0.065651348229771,0.2217475747339866,0.3825716911634094,-0.09811915647475396,0.2217475747339866,-0.08731751506028963,-0.022769130482054166,0.08420843206427489,0,APP005148,0.03440375934941001
0.7128170914866491,0.2217475747339866,-0.05800312739151415,-0.09811915647475396,0.2217475747339866,0.5789806192848379,0.02149148489970721,0.08420843206427489,0,APP003222,0.02359372923339286
-0.065651348229771,0.2217475747339866,-0.29843817581578497,0.5867174592629567,0.2217475747339866,0.5789806192848379,0.02149148489970721,0.08420843206427489,0,APP000396,0.025835365521542593
0.1980061451935998,0.2217475747339866,0.3825716911634094,0.428529803805432,0.2217475747339866,0.5789806192848379,0.02149148489970721,0.08420843206427489,0,APP000606,0.02428872699607574
-1.0113351309460183,0.2217475747339866,-0.7645733282836001,-0.8721886363285156,0.2217475747339866,-0.6827730105067226,-0.022769130482054166,-1.527679097450456,0,APP008030,0.13599516551899613
-0.065651348229771,0.2217475747339866,-0.29843817581578497,-0.09811915647475396,0.2217475747339866,0.5789806192848379,0.02149148489970721,0.08420843206427489,0,APP007121,0.03440375934941001
-0.065651348229771,0.2217475747339866,0.3825716911634094,0.5867174592629567,0.2217475747339866,0.5789806192848379,0.02149148489970721,0.08420843206427489,0,APP002911,0.025835365521542593
-1.0113351309460183,-0.5688287511575048,-0.05800312739151415,-0.8721886363285156,-1.197437410579879,-0.08731751506028963,0.02149148489970721,0.3774829969715081,0,APP001952,0.0926965359430471
-0.35013955019267534,0.2217475747339866,-0.29843817581578497,-0.8721886363285156,0.2217475747339866,-0.6827730105067226,-0.022769130482054166,0.08509771624915914,0,APP006783,0.05420162084918719
-1.0113351309460183,0.2217475747339866,-0.29843817581578497,-0.09811915647475396,0.2217475747339866,0.5789806192848379,0.02149148489970721,0.08420843206427489,0,APP000388,0.05402080951084046
0.1980061451935998,0.2217475747339866,-0.29843817581578497,0.428529803805432,0.2217475747339866,-0.08731751506028963,0.02149148489970721,0.08509771624915914,0,APP002333,0.02427983562837761
0.7128170914866491,0.2217475747339866,0.3825716911634094,0.5867174592629567,0.2217475747339866,-0.6827730105067226,0.02149148489970721,0.08420843206427489,0,APP003041,0.0176683536199148
-0.35013955019267534,0.2217475747339866,-0.05800312739151415,-0.09811915647475396,0.2217475747339866,-0.6827730105067226,-0.8565108236092858,0.08420843206427489,0,APP007153,0.03944247030090972
-1.0113351309460183,0.2217475747339866,0.8325034873269265,-0.8721886363285156,0.2217475747339866,-0.08731751506028963,0.5904081593270396,0.3774829969715081,0,APP008979,0.06581194895872637
0.7128170914866491,0.2217475747339866,0.8325034873269265,0.428529803805432,0.2217475747339866,0.5789806192848379,0.02149148489970721,0.08420843206427489,0,APP005921,0.01889181720207367
-0.065651348229771,0.2217475747339866,-0.05800312739151415,0.5867174592629567,0.2217475747339866,-0.08731751506028963,-0.022769130482054166,-0.09486472069567248,0,APP003775,0.02780682905467762
-0.065651348229771,0.2217475747339866,-0.29843817581578497,-0.09811915647475396,0.2217475747339866,-0.08731751506028963,-0.022769130482054166,0.08420843206427489,0,APP001033,0.03440375934941001
0.7128170914866491,0.2217475747339866,-0.29843817581578497,0.428529803805432,0.2217475747339866,-0.08731751506028963,0.5904081593270396,0.08420843206427489,0,APP006077,0.01889181720207367
-0.35013955019267534,0.2217475747339866,-0.29843817581578497,0.5867174592629567,0.2217475747339866,-0.08731751506028963,0.02149148489970721,-0.09486472069567248,0,APP000158,0.03191129619574281
-0.065651348229771,0.2217475747339866,-0.05800312739151415,0.5867174592629567,0.2217475747339866,-0.08731751506028963,-0.022769130482054166,0.08420843206427489,0,APP005911,0.025835365521542593
-1.0113351309460183,-0.5688287511575048,-0.29843817581578497,-0.8721886363285156,-0.9834263428289417,-0.08731751506028963,-0.022769130482054166,0.08509771624915914,1,APP001583,0.10360749965329094
-0.065651348229771,0.2217475747339866,-0.05800312739151415,0.5867174592629567,0.2217475747339866,-0.08731751506028963,0.02149148489970721,-0.09486472069567248,0,APP000020,0.02780682905467762
-0.065651348229771,0.2217475747339866,-0.29843817581578497,-0.09811915647475396,0.2217475747339866,0.5789806192848379,-0.8565108236092858,0.08420843206427489,0,APP007171,0.03440375934941001
-0.35013955019267534,0.2217475747339866,-0.05800312739151415,-0.09811915647475396,0.2217475747339866,-0.6827730105067226,-0.022769130482054166,-0.09486472069567248,0,APP005635,0.042407073740724076
0.1980061451935998,0.2217475747339866,-0.05800312739151415,-0.09811915647475396,0.2217475747339866,-0.08731751506028963,0.02149148489970721,0.08420843206427489,0,APP007294,0.030292382522712033
0.1980061451935998,0.2217475747339866,0.8325034873269265,-0.8721886363285156,0.2217475747339866,-0.08731751506028963,0.02149148489970721,0.08420843206427489,0,APP006549,0.041791558609494746
0.7128170914866491,0.2217475747339866,-0.05800312739151415,0.5867174592629567,0.2217475747339866,-0.08731751506028963,0.02149148489970721,0.08420843206427489,0,APP006155,0.0176683536199148
-0.35013955019267534,0.2217475747339866,0.8325034873269265,0.5867174592629567,0.2217475747339866,-0.08731751506028963,0.02149148489970721,-0.09486472069567248,0,APP001006,0.03191129619574281
-1.0113351309460183,-0.8003405521422314,-0.7645733282836001,-0.8721886363285156,-0.513258900002694,-0.08731751506028963,-0.022769130482054166,0.08420843206427489,0,APP008709,0.11420038121343451
-1.0113351309460183,-0.5688287511575048,-0.05800312739151415,-0.09811915647475396,-0.513258900002694,-0.08731751506028963,0.5904081593270396,0.08420843206427489,0,APP008045,0.07648299616356238
0.7128170914866491,-0.5688287511575048,-0.05800312739151415,-0.8721886363285156,-0.8725111649557269,-0.08731751506028963,0.02149148489970721,0.3774829969715081,0,APP004679,0.04143972722007254
0.7128170914866491,0.2217475747339866,0.8325034873269265,0.5867174592629567,0.2217475747339866,0.5789806192848379,0.5904081593270396,0.08420843206427489,0,APP005183,0.0176683536199148
-0.065651348229771,0.2217475747339866,0.3825716911634094,0.5867174592629567,0.2217475747339866,-0.08731751506028963,-0.022769130482054166,0.08420843206427489,0,APP002540,0.025835365521542593
-0.35013955019267534,0.2217475747339866,-0.05800312739151415,0.5867174592629567,0.2217475747339866,-0.08731751506028963,0.02149148489970721,0.3774829969715081,0,APP004334,0.026296288551937438
0.7128170914866491,0.2217475747339866,0.8325034873269265,-0.09811915647475396,0.2217475747339866,0.5789806192848379,0.5904081593270396,0.08420843206427489,0,APP000448,0.02359372923339286
0.7128170914866491,0.2217475747339866,0.8325034873269265,0.428529803805432,0.2217475747339866,-0.08731751506028963,0.5904081593270396,0.3774829969715081,0,APP004414,0.01672957096901055
0.7128170914866491,0.2217475747339866,-0.05800312739151415,-0.09811915647475396,0.2217475747339866,-0.08731751506028963,-0.022769130482054166,-0.09486472069567248,0,APP007668,0.0253985961957803
-0.065651348229771,0.2217475747339866,-0.05800312739151415,0.428529803805432,0.2217475747339866,-0.08731751506028963,0.02149148489970721,0.08420843206427489,0,APP008614,0.027608468030901005
0.7128170914866491,0.2217475747339866,-0.29843817581578497,0.5867174592629567,0.2217475747339866,-0.08731751506028963,0.02149148489970721,0.08420843206427489,0,APP004886,0.0176683536199148
-1.0113351309460183,0.2217475747339866,-0.05800312739151415,-0.09811915647475396,0.2217475747339866,0.5789806192848379,-0.022769130482054166,0.08420843206427489,0,APP008756,0.05402080951084046
0.7128170914866491,0.2217475747339866,0.3825716911634094,0.5867174592629567,0.2217475747339866,-0.08731751506028963,0.02149148489970721,-0.09486472069567248,0,APP006177,0.019028776483465123
0.1980061451935998,0.2217475747339866,-0.29843817581578497,0.428529803805432,0.2217475747339866,-0.08731751506028963,0.02149148489970721,0.3774829969715081,0,APP007843,0.021522332527870086
-0.35013955019267534,0.2217475747339866,-0.05800312739151415,-0.09811915647475396,0.2217475747339866,-0.08731751506028963,-0.8565108236092858,0.08420843206427489,0,APP000867,0.03944247030090972
0.1980061451935998,0.2217475747339866,-0.05800312739151415,0.5867174592629567,0.2217475747339866,-0.08731751506028963,0.5904081593270396,0.08420843206427489,0,APP000112,0.02272384630511342
0.7128170914866491,0.2217475747339866,0.8325034873269265,0.428529803805432,0.2217475747339866,-0.08731751506028963,-0.022769130482054166,-0.09486472069567248,0,APP006704,0.02034449296474017
-1.0113351309460183,-0.8003405521422314,-0.05800312739151415,-0.09811915647475396,-0.9834263428289417,-0.08731751506028963,0.02149148489970721,0.08420843206427489,0,APP001198,0.08453523198230492
-0.35013955019267534,-0.5688287511575048,-0.7645733282836001,-0.09811915647475396,-0.8725111649557269,-0.08731751506028963,-0.022769130482054166,-0.09486472069567248,0,APP005917,0.06034826488812025
0.7128170914866491,0.2217475747339866,-0.05800312739151415,0.5867174592629567,0.2217475747339866,-0.08731751506028963,-0.022769130482054166,0.3774829969715081,0,APP000078,0.01564390502463836
-0.065651348229771,0.2217475747339866,-0.05800312739151415,-0.09811915647475396,0.2217475747339866,0.5789806192848379,0.5904081593270396,0.08420843206427489,0,APP002156,0.03440375934941001
0.7128170914866491,0.2217475747339866,-0.05800312739151415,-0.09811915647475396,0.2217475747339866,-0.08731751506028963,-0.022769130482054166,0.08420843206427489,0,APP006314,0.02359372923339286
-0.065651348229771,0.2217475747339866,-0.05800312739151415,-0.09811915647475396,0.2217475747339866,-0.6827730105067226,0.02149148489970721,-1.527679097450456,0,APP008550,0.06571740909030746
-0.065651348229771,0.2217475747339866,-0.05800312739151415,0.5867174592629567,0.2217475747339866,-0.08731751506028963,-0.022769130482054166,0.08420843206427489,0,APP005790,0.025835365521542593
0.7128170914866491,0.2217475747339866,0.3825716911634094,-0.09811915647475396,0.2217475747339866,-0.08731751506028963,-0.8565108236092858,0.08420843206427489,0,APP006160,0.02359372923339286
-0.35013955019267534,-0.5688287511575048,-0.05800312739151415,-0.09811915647475396,-1.197437410579879,-0.08731751506028963,-0.022769130482054166,0.08420843206427489,0,APP003313,0.056203038206527424
-0.35013955019267534,-0.8003405521422314,-0.29843817581578497,-0.8721886363285156,-0.9834263428289417,-0.08731751506028963,-0.022769130482054166,-0.09486472069567248,0,APP006803,0.09089195348387312
0.7128170914866491,0.2217475747339866,0.8325034873269265,0.428529803805432,0.2217475747339866,0.5789806192848379,0.5904081593270396,0.08420843206427489,0,APP005935,0.01889181720207367
0.7128170914866491,0.2217475747339866,-0.29843817581578497,0.5867174592629567,0.2217475747339866,-0.08731751506028963,0.5904081593270396,0.08420843206427489,0,APP004927,0.0176683536199148
0.7128170914866491,0.2217475747339866,-0.05800312739151415,0.428529803805432,0.2217475747339866,-0.08731751506028963,0.02149148489970721,0.3774829969715081,0,APP000102,0.01672957096901055
0.7128170914866491,0.2217475747339866,0.3825716911634094,0.428529803805432,0.2217475747339866,0.5789806192848379,0.02149148489970721,0.08420843206427489,0,APP000106,0.01889181720207367
-1.0113351309460183,-0.5688287511575048,-0.29843817581578497,-0.09811915647475396,-0.8725111649557269,-0.6827730105067226,-0.022769130482054166,-1.527679097450456,0,APP005982,0.14052263422460923
0.1980061451935998,0.2217475747339866,-0.05800312739151415,0.5867174592629567,0.2217475747339866,-0.08731751506028963,0.02149148489970721,0.08509771624915914,0,APP000035,0.02271551445622887
-0.065651348229771,0.2217475747339866,-0.29843817581578497,0.5867174592629567,0.2217475747339866,0.5789806192848379,0.02149148489970721,0.08420843206427489,0,APP008995,0.025835365521542593
-0.065651348229771,0.2217475747339866,0.3825716911634094,-0.09811915647475396,0.2217475747339866,-0.6827730105067226,0.02149148489970721,0.08509771624915914,0,APP003834,0.03439129568892732
0.1980061451935998,0.2217475747339866,-0.05800312739151415,-0.09811915647475396,0.2217475747339866,0.5789806192848379,0.5904081593270396,0.08420843206427489,0,APP005753,0.030292382522712033
0.7128170914866491,0.2217475747339866,-0.05800312739151415,-0.09811915647475396,0.2217475747339866,-0.08731751506028963,0.02149148489970721,0.08420843206427489,0,APP002477,0.02359372923339286
-0.35013955019267534,-1.910002676996926,-0.7645733282836001,-0.09811915647475396,-0.8725111649557269,-0.08731751506028963,-0.022769130482054166,0.08420843206427489,0,APP003454,0.10062333396981506
0.1980061451935998,0.2217475747339866,-0.05800312739151415,-0.09811915647475396,0.2217475747339866,-0.08731751506028963,0.02149148489970721,0.08509771624915914,0,APP005320,0.03028136160620495
0.7128170914866491,0.2217475747339866,0.3825716911634094,-0.09811915647475396,0.2217475747339866,-0.08731751506028963,0.02149148489970721,0.08420843206427489,0,APP006907,0.02359372923339286
0.7128170914866491,0.2217475747339866,0.8325034873269265,0.5867174592629567,0.2217475747339866,0.5789806192848379,0.02149148489970721,0.3774829969715081,0,APP001014,0.01564390502463836
-0.065651348229771,0.2217475747339866,-0.7645733282836001,-0.09811915647475396,0.2217475747339866,-0.08731751506028963,-0.022769130482054166,0.08420843206427489,0,APP000709,0.03440375934941001
0.7128170914866491,0.2217475747339866,-0.29843817581578497,-0.09811915647475396,0.2217475747339866,-0.08731751506028963,-0.022769130482054166,0.08420843206427489,0,APP002095,0.02359372923339286
0.7128170914866491,0.2217475747339866,0.3825716911634094,0.428529803805432,0.2217475747339866,-0.08731751506028963,0.5904081593270396,0.08420843206427489,0,APP004839,0.01889181720207367
-0.065651348229771,0.2217475747339866,0.3825716911634094,0.5867174592629567,0.2217475747339866,-0.08731751506028963,-0.022769130482054166,0.08420843206427489,0,APP004206,0.025835365521542593
0.7128170914866491,0.2217475747339866,0.3825716911634094,0.5867174592629567,0.2217475747339866,-0.08731751506028963,-0.022769130482054166,0.3774829969715081,0,APP002030,0.01564390502463836
0.7128170914866491,0.2217475747339866,0.8325034873269265,0.428529803805432,0.2217475747339866,-0.08731751506028963,0.5904081593270396,0.08420843206427489,0,APP002045,0.01889181720207367
0.7128170914866491,0.2217475747339866,0.8325034873269265,0.428529803805432,0.2217475747339866,-0.08731751506028963,-0.022769130482054166,0.3774829969715081,0,APP004151,0.01672957096901055
0.7128170914866491,0.2217475747339866,-0.29843817581578497,0.5867174592629567,0.2217475747339866,0.5789806192848379,0.02149148489970721,0.08420843206427489,0,APP008143,0.0176683536199148
-0.065651348229771,0.2217475747339866,0.3825716911634094,-0.8721886363285156,0.2217475747339866,0.5789806192848379,0.02149148489970721,0.08420843206427489,0,APP002941,0.04738737154686286
0.1980061451935998,0.2217475747339866,-0.29843817581578497,0.428529803805432,0.2217475747339866,-0.08731751506028963,0.02149148489970721,0.08420843206427489,0,APP004076,0.02428872699607574
0.7128170914866491,0.2217475747339866,0.3825716911634094,0.428529803805432,0.2217475747339866,0.5789806192848379,0.5904081593270396,0.08420843206427489,0,APP001256,0.01889181720207367
-0.065651348229771,0.2217475747339866,-0.05800312739151415,-0.09811915647475396,0.2217475747339866,-0.08731751506028963,-0.022769130482054166,0.08509771624915914,0,APP000274,0.03439129568892732
-0.065651348229771,0.2217475747339866,-0.29843817581578497,-0.09811915647475396,0.2217475747339866,-0.08731751506028963,-0.022769130482054166,0.08420843206427489,0,APP008925,0.03440375934941001
-1.0113351309460183,0.2217475747339866,0.3825716911634094,-0.8721886363285156,0.2217475747339866,0.5789806192848379,0.02149148489970721,0.08420843206427489,0,APP001115,0.07384154130962636
0.7128170914866491,0.2217475747339866,0.8325034873269265,0.428529803805432,0.2217475747339866,0.5789806192848379,0.02149148489970721,0.08420843206427489,0,APP008044,0.01889181720207367
-1.0113351309460183,0.2217475747339866,0.8325034873269265,-0.09811915647475396,0.2217475747339866,-0.08731751506028963,-0.022769130482054166,-0.09486472069567248,0,APP006949,0.05801498052620836
0.7128170914866491,0.2217475747339866,-0.29843817581578497,0.428529803805432,0.2217475747339866,0.5789806192848379,0.02149148489970721,0.08420843206427489,0,APP007858,0.01889181720207367
-0.065651348229771,0.2217475747339866,0.3825716911634094,0.428529803805432,0.2217475747339866,-0.08731751506028963,0.5904081593270396,0.08420843206427489,0,APP007974,0.027608468030901005
0.1980061451935998,-0.8003405521422314,-0.29843817581578497,-0.8721886363285156,-1.197437410579879,-0.08731751506028963,-0.022769130482054166,0.08509771624915914,0,APP003228,0.06585609858780034
-0.065651348229771,0.2217475747339866,0.3825716911634094,-0.09811915647475396,0.2217475747339866,0.5789806192848379,0.02149148489970721,0.08420843206427489,0,APP001974,0.03440375934941001
0.7128170914866491,0.2217475747339866,0.8325034873269265,0.428529803805432,0.2217475747339866,-0.08731751506028963,0.5904081593270396,0.08420843206427489,0,APP003090,0.01889181720207367
0.7128170914866491,0.2217475747339866,-0.29843817581578497,-0.09811915647475396,0.2217475747339866,-0.08731751506028963,-0.022769130482054166,0.3774829969715081,0,APP005323,0.020904796424193146
0.7128170914866491,0.2217475747339866,0.3825716911634094,-0.09811915647475396,0.2217475747339866,-0.08731751506028963,0.5904081593270396,0.3774829969715081,0,APP004544,0.020904796424193146
0.1980061451935998,0.2217475747339866,-0.05800312739151415,0.5867174592629567,0.2217475747339866,-0.08731751506028963,0.02149148489970721,0.08420843206427489,0,APP005592,0.02272384630511342
0.1980061451935998,0.2217475747339866,-0.29843817581578497,-0.09811915647475396,0.2217475747339866,-0.08731751506028963,-0.022769130482054166,-0.09486472069567248,0,APP007957,0.03259257627661918
0.7128170914866491,0.2217475747339866,0.8325034873269265,0.428529803805432,0.2217475747339866,0.5789806192848379,0.02149148489970721,0.08420843206427489,0,APP004638,0.01889181720207367
-0.35013955019267534,-0.5688287511575048,-0.05800312739151415,0.428529803805432,-0.8725111649557269,-0.08731751506028963,0.02149148489970721,0.08420843206427489,0,APP002679,0.04530405758110234
-0.35013955019267534,0.2217475747339866,-0.05800312739151415,0.428529803805432,0.2217475747339866,0.5789806192848379,0.5904081593270396,0.08420843206427489,0,APP004561,0.031684610046371506
0.1980061451935998,0.2217475747339866,-0.05800312739151415,-0.09811915647475396,0.2217475747339866,-0.08731751506028963,0.02149148489970721,0.3774829969715081,0,APP004220,0.026861018938613507
-0.065651348229771,0.2217475747339866,-0.05800312739151415,0.5867174592629567,0.2217475747339866,0.5789806192848379,0.02149148489970721,0.3774829969715081,0,APP000045,0.02289694860171144
-0.065651348229771,0.2217475747339866,0.3825716911634094,-0.09811915647475396,0.2217475747339866,-0.08731751506028963,0.02149148489970721,0.08420843206427489,0,APP005020,0.03440375934941001
-1.0113351309460183,-0.5688287511575048,-0.7645733282836001,-0.8721886363285156,-0.513258900002694,-0.6827730105067226,-0.022769130482054166,-1.527679097450456,0,APP001213,0.1858463943699003
0.1980061451935998,0.2217475747339866,0.8325034873269265,0.5867174592629567,0.2217475747339866,-0.08731751506028963,0.02149148489970721,0.08420843206427489,0,APP000777,0.02272384630511342
-0.35013955019267534,-0.5688287511575048,-0.05800312739151415,-0.8721886363285156,-1.197437410579879,-0.08731751506028963,-0.8565108236092858,0.08420843206427489,0,APP006399,0.07675948031534482
-0.35013955019267534,0.2217475747339866,0.3825716911634094,-0.09811915647475396,0.2217475747339866,-0.08731751506028963,0.5904081593270396,0.08420843206427489,0,APP001542,0.03944247030090972
0.7128170914866491,0.2217475747339866,-0.05800312739151415,0.428529803805432,0.2217475747339866,-0.08731751506028963,0.5904081593270396,0.08420843206427489,0,APP007815,0.01889181720207367
0.1980061451935998,0.2217475747339866,-0.7645733282836001,0.5867174592629567,0.2217475747339866,-0.08731751506028963,-0.022769130482054166,0.08420843206427489,0,APP008172,0.02272384630511342
0.7128170914866491,0.2217475747339866,0.3825716911634094,0.5867174592629567,0.2217475747339866,0.5789806192848379,0.5904081593270396,0.08420843206427489,0,APP002623,0.0176683536199148
-0.065651348229771,0.2217475747339866,0.8325034873269265,-0.09811915647475396,0.2217475747339866,0.5789806192848379,0.02149148489970721,0.08420843206427489,0,APP006943,0.03440375934941001
0.7128170914866491,0.2217475747339866,0.3825716911634094,0.5867174592629567,0.2217475747339866,0.5789806192848379,0.02149148489970721,0.08420843206427489,0,APP002475,0.0176683536199148
0.7128170914866491,0.2217475747339866,0.8325034873269265,0.5867174592629567,0.2217475747339866,-0.08731751506028963,0.02149148489970721,0.08420843206427489,0,APP000684,0.0176683536199148
-0.35013955019267534,-0.5688287511575048,-0.29843817581578497,0.5867174592629567,-0.9834263428289417,-0.08731751506028963,0.02149148489970721,0.08509771624915914,0,APP004469,0.042428846079659834
-0.065651348229771,0.2217475747339866,0.3825716911634094,0.5867174592629567,0.2217475747339866,0.5789806192848379,-0.022769130482054166,0.08420843206427489,0,APP006000,0.025835365521542593
0.1980061451935998,0.2217475747339866,-0.05800312739151415,-0.09811915647475396,0.2217475747339866,-0.08731751506028963,0.02149148489970721,0.08420843206427489,0,APP008817,0.030292382522712033
0.7128170914866491,0.2217475747339866,0.8325034873269265,0.428529803805432,0.2217475747339866,-0.08731751506028963,0.02149148489970721,0.08420843206427489,0,APP004113,0.01889181720207367
0.7128170914866491,0.2217475747339866,0.8325034873269265,0.5867174592629567,0.2217475747339866,-0.08731751506028963,0.02149148489970721,-0.09486472069567248,0,APP008457,0.019028776483465123
-0.065651348229771,0.2217475747339866,-0.7645733282836001,0.5867174592629567,0.2217475747339866,-0.08731751506028963,-0.022769130482054166,-0.09486472069567248,0,APP007873,0.02780682905467762
0.7128170914866491,0.2217475747339866,-0.05800312739151415,-0.8721886363285156,0.2217475747339866,0.5789806192848379,0.02149148489970721,0.08420843206427489,0,APP001690,0.03263563498364616
-0.065651348229771,-0.8003405521422314,0.3825716911634094,-0.09811915647475396,-0.8725111649557269,-0.6827730105067226,0.02149148489970721,-0.09486472069567248,0,APP005429,0.05850102114160319
-0.065651348229771,0.2217475747339866,-0.05800312739151415,-0.8721886363285156,0.2217475747339866,-0.6827730105067226,-0.022769130482054166,0.08420843206427489,0,APP001384,0.04738737154686286
-0.065651348229771,0.2217475747339866,-0.7645733282836001,-0.09811915647475396,0.2217475747339866,-0.08731751506028963,0.02149148489970721,0.3774829969715081,0,APP000789,0.03052133866757444
-0.065651348229771,0.2217475747339866,-0.05800312739151415,0.5867174592629567,0.2217475747339866,-0.08731751506028963,0.02149148489970721,0.08420843206427489,0,APP003025,0.025835365521542593
-0.065651348229771,0.2217475747339866,-0.05800312739151415,0.428529803805432,0.2217475747339866,-0.08731751506028963,0.5904081593270396,0.3774829969715081,0,APP004872,0.024473451480688066
-0.065651348229771,0.2217475747339866,0.8325034873269265,0.5867174592629567,0.2217475747339866,0.5789806192848379,-0.022769130482054166,0.08420843206427489,0,APP006847,0.025835365521542593
-0.065651348229771,0.2217475747339866,0.3825716911634094,-0.09811915647475396,0.2217475747339866,-0.08731751506028963,-0.022769130482054166,0.08420843206427489,0,APP000593,0.03440375934941001
-0.065651348229771,0.2217475747339866,0.3825716911634094,-0.09811915647475396,0.2217475747339866,0.5789806192848379,0.02149148489970721,0.08420843206427489,0,APP000073,0.03440375934941001
-0.065651348229771,0.2217475747339866,0.3825716911634094,0.428529803805432,0.2217475747339866,-0.08731751506028963,0.02149148489970721,0.08420843206427489,0,APP005957,0.027608468030901005
-0.065651348229771,0.2217475747339866,-0.29843817581578497,-0.09811915647475396,0.2217475747339866,0.5789806192848379,-0.022769130482054166,0.08420843206427489,0,APP002938,0.03440375934941001
-0.065651348229771,0.2217475747339866,-0.7645733282836001,0.5867174592629567,0.2217475747339866,-0.08731751506028963,0.02149148489970721,-0.09486472069567248,0,APP000523,0.02780682905467762
-0.065651348229771,0.2217475747339866,-0.29843817581578497,-0.09811915647475396,0.2217475747339866,-0.08731751506028963,-0.022769130482054166,0.3774829969715081,0,APP002931,0.03052133866757444
0.7128170914866491,0.2217475747339866,0.3825716911634094,0.5867174592629567,0.2217475747339866,-0.08731751506028963,0.5904081593270396,0.3774829969715081,0,APP005625,0.01564390502463836
-0.065651348229771,0.2217475747339866,0.3825716911634094,-0.09811915647475396,0.2217475747339866,-0.6827730105067226,0.02149148489970721,0.08420843206427489,0,APP008898,0.03440375934941001
0.7128170914866491,0.2217475747339866,0.8325034873269265,0.428529803805432,0.2217475747339866,0.5789806192848379,0.5904081593270396,0.3774829969715081,0,APP001520,0.01672957096901055
-0.065651348229771,0.2217475747339866,-0.05800312739151415,0.5867174592629567,0.2217475747339866,0.5789806192848379,-0.022769130482054166,0.08420843206427489,0,APP002925,0.025835365521542593
-0.065651348229771,0.2217475747339866,0.3825716911634094,0.428529803805432,0.2217475747339866,0.5789806192848379,0.02149148489970721,0.08420843206427489,0,APP007404,0.027608468030901005
-0.35013955019267534,0.2217475747339866,-0.05800312739151415,-0.09811915647475396,0.2217475747339866,-0.08731751506028963,-0.022769130482054166,-0.09486472069567248,0,APP001881,0.042407073740724076
0.7128170914866491,0.2217475747339866,-0.29843817581578497,-0.09811915647475396,0.2217475747339866,-0.08731751506028963,0.02149148489970721,-0.09486472069567248,0,APP008661,0.0253985961957803
0.7128170914866491,0.2217475747339866,0.3825716911634094,0.5867174592629567,0.2217475747339866,-0.08731751506028963,0.02149148489970721,0.3774829969715081,0,APP007181,0.01564390502463836
0.1980061451935998,0.2217475747339866,-0.29843817581578497,-0.09811915647475396,0.2217475747339866,-0.6827730105067226,-0.022769130482054166,-0.09486472069567248,0,APP008311,0.03259257627661918
0.7128170914866491,0.2217475747339866,-0.05800312739151415,-0.09811915647475396,0.2217475747339866,-0.08731751506028963,0.02149148489970721,0.08509771624915914,0,APP002502,0.02358508613350342
-0.065651348229771,0.2217475747339866,-0.29843817581578497,-0.09811915647475396,0.2217475747339866,-0.08731751506028963,0.5904081593270396,-0.09486472069567248,0,APP007084,0.037004229377386705
-1.0113351309460183,0.2217475747339866,0.3825716911634094,-0.09811915647475396,0.2217475747339866,-0.08731751506028963,0.02149148489970721,-0.09486472069567248,1,APP007021,0.05801498052620836
-0.065651348229771,0.2217475747339866,0.3825716911634094,0.5867174592629567,0.2217475747339866,0.5789806192848379,0.02149148489970721,0.08420843206427489,0,APP004370,0.025835365521542593
0.7128170914866491,0.2217475747339866,0.3825716911634094,0.428529803805432,0.2217475747339866,-0.08731751506028963,0.5904081593270396,0.08420843206427489,0,APP001850,0.01889181720207367
0.1980061451935998,0.2217475747339866,-0.05800312739151415,-0.09811915647475396,0.2217475747339866,-0.08731751506028963,-0.8565108236092858,-0.09486472069567248,0,APP006445,0.03259257627661918
-0.35013955019267534,-0.5688287511575048,-0.05800312739151415,-0.09811915647475396,-0.8725111649557269,-0.08731751506028963,0.02149148489970721,-0.09486472069567248,0,APP007671,0.06034826488812025
0.1980061451935998,0.2217475747339866,0.3825716911634094,0.5867174592629567,0.2217475747339866,0.5789806192848379,0.5904081593270396,0.08420843206427489,0,APP002688,0.02272384630511342
0.7128170914866491,0.2217475747339866,0.3825716911634094,-0.09811915647475396,0.2217475747339866,-0.08731751506028963,0.02149148489970721,0.08420843206427489,0,APP005494,0.02359372923339286
-0.35013955019267534,-0.5688287511575048,-0.7645733282836001,-0.8721886363285156,-0.9834263428289417,-0.08731751506028963,-0.022769130482054166,-0.09486472069567248,0,APP003716,0.08228864724435386
0.7128170914866491,0.2217475747339866,0.3825716911634094,0.428529803805432,0.2217475747339866,0.5789806192848379,0.02149148489970721,0.08420843206427489,0,APP000846,0.01889181720207367
0.7128170914866491,0.2217475747339866,0.3825716911634094,-0.09811915647475396,0.2217475747339866,-0.08731751506028963,-0.022769130482054166,0.08509771624915914,0,APP006873,0.02358508613350342
0.1980061451935998,0.2217475747339866,0.3825716911634094,-0.09811915647475396,0.2217475747339866,-0.08731751506028963,0.02149148489970721,0.3774829969715081,0,APP008292,0.026861018938613507
0.7128170914866491,0.2217475747339866,-0.29843817581578497,0.5867174592629567,0.2217475747339866,-0.08731751506028963,0.02149148489970721,0.08420843206427489,0,APP005687,0.0176683536199148
0.7128170914866491,0.2217475747339866,0.3825716911634094,0.5867174592629567,0.2217475747339866,-0.08731751506028963,0.02149148489970721,0.08420843206427489,0,APP007623,0.0176683536199148
-0.35013955019267534,-0.5688287511575048,-0.29843817581578497,0.5867174592629567,-0.9834263428289417,-0.6827730105067226,0.02149148489970721,-0.09486472069567248,0,APP006938,0.045623592453545865
-0.065651348229771,0.2217475747339866,0.3825716911634094,0.428529803805432,0.2217475747339866,-0.08731751506028963,0.02149148489970721,0.3774829969715081,0,APP006625,0.024473451480688066
0.7128170914866491,0.2217475747339866,0.3825716911634094,0.428529803805432,0.2217475747339866,0.5789806192848379,-0.022769130482054166,0.08420843206427489,0,APP007575,0.01889181720207367
0.1980061451935998,0.2217475747339866,-0.05800312739151415,0.5867174592629567,0.2217475747339866,-0.08731751506028963,0.02149148489970721,0.08420843206427489,0,APP008766,0.02272384630511342
0.7128170914866491,0.2217475747339866,0.3825716911634094,0.5867174592629567,0.2217475747339866,-0.08731751506028963,0.5904081593270396,0.3774829969715081,0,APP004953,0.01564390502463836
0.7128170914866491,0.2217475747339866,0.3825716911634094,0.5867174592629567,0.2217475747339866,0.5789806192848379,0.5904081593270396,0.08420843206427489,0,APP005231,0.0176683536199148
0.7128170914866491,0.2217475747339866,0.8325034873269265,0.5867174592629567,0.2217475747339866,0.5789806192848379,0.02149148489970721,0.08420843206427489,0,APP002661,0.0176683536199148
-0.065651348229771,0.2217475747339866,0.8325034873269265,0.5867174592629567,0.2217475747339866,-0.08731751506028963,0.02149148489970721,-0.09486472069567248,0,APP003474,0.02780682905467762
0.1980061451935998,-0.5688287511575048,-0.7645733282836001,0.5867174592629567,-0.9834263428289417,-0.08731751506028963,0.02149148489970721,-0.09486472069567248,0,APP008675,0.03509195862505323
-1.0113351309460183,0.2217475747339866,-0.29843817581578497,-0.8721886363285156,0.2217475747339866,-0.6827730105067226,-0.022769130482054166,-1.527679097450456,0,APP008617,0.13599516551899613
-0.35013955019267534,0.2217475747339866,0.3825716911634094,-0.09811915647475396,0.2217475747339866,-0.08731751506028963,0.02149148489970721,-0.09486472069567248,0,APP004943,0.042407073740724076
0.1980061451935998,0.2217475747339866,0.3825716911634094,0.428529803805432,0.2217475747339866,0.5789806192848379,0.5904081593270396,0.08420843206427489,0,APP001317,0.02428872699607574
-0.065651348229771,0.2217475747339866,-0.05800312739151415,-0.09811915647475396,0.2217475747339866,-0.08731751506028963,0.5904081593270396,0.3774829969715081,0,APP007659,0.03052133866757444
0.7128170914866491,0.2217475747339866,0.3825716911634094,-0.8721886363285156,0.2217475747339866,-0.08731751506028963,0.5904081593270396,-0.09486472069567248,0,APP000825,0.035107317307305486
-1.0113351309460183,-0.8003405521422314,-0.7645733282836001,-0.09811915647475396,-0.513258900002694,-0.08731751506028963,-0.8565108236092858,-0.09486472069567248,0,APP007487,0.09056955852277224
-1.0113351309460183,0.2217475747339866,-0.7645733282836001,0.5867174592629567,0.2217475747339866,-0.6827730105067226,-0.022769130482054166,-0.09486472069567248,0,APP006586,0.04383306044636257
0.7128170914866491,0.2217475747339866,0.3825716911634094,0.5867174592629567,0.2217475747339866,0.5789806192848379,0.5904081593270396,0.08420843206427489,0,APP003606,0.0176683536199148
0.1980061451935998,0.2217475747339866,0.3825716911634094,-0.09811915647475396,0.2217475747339866,-0.6827730105067226,-0.8565108236092858,-0.09486472069567248,0,APP008880,0.03259257627661918
0.1980061451935998,0.2217475747339866,-0.05800312739151415,0.5867174592629567,0.2217475747339866,0.5789806192848379,0.5904081593270396,0.08420843206427489,0,APP008746,0.02272384630511342
-0.35013955019267534,0.2217475747339866,-0.7645733282836001,-0.8721886363285156,0.2217475747339866,-0.08731751506028963,-0.022769130482054166,-0.09486472069567248,0,APP002474,0.058228912647221596
-1.0113351309460183,0.2217475747339866,-0.7645733282836001,-0.8721886363285156,0.2217475747339866,-0.08731751506028963,-0.8565108236092858,-0.09486472069567248,0,APP008752,0.07917854807375183
-1.0113351309460183,-0.5688287511575048,-0.29843817581578497,-0.8721886363285156,-0.8725111649557269,-0.6827730105067226,-0.022769130482054166,-1.527679097450456,0,APP007978,0.1858463943699003
-0.35013955019267534,-0.5688287511575048,-0.05800312739151415,-0.8721886363285156,-1.197437410579879,-0.6827730105067226,-0.022769130482054166,-1.527679097450456,0,APP004510,0.14099527624198485
-0.065651348229771,0.2217475747339866,0.8325034873269265,0.428529803805432,0.2217475747339866,-0.08731751506028963,0.02149148489970721,0.08420843206427489,0,APP008687,0.027608468030901005
-0.065651348229771,0.2217475747339866,-0.05800312739151415,0.428529803805432,0.2217475747339866,0.5789806192848379,0.02149148489970721,0.08420843206427489,0,APP005141,0.027608468030901005
0.7128170914866491,0.2217475747339866,0.3825716911634094,0.5867174592629567,0.2217475747339866,-0.08731751506028963,0.5904081593270396,0.08420843206427489,0,APP008737,0.0176683536199148
0.7128170914866491,0.2217475747339866,0.3825716911634094,-0.09811915647475396,0.2217475747339866,-0.08731751506028963,0.5904081593270396,0.08420843206427489,0,APP001908,0.02359372923339286
-0.065651348229771,0.2217475747339866,-0.29843817581578497,-0.09811915647475396,0.2217475747339866,-0.08731751506028963,-0.022769130482054166,0.08420843206427489,0,APP004207,0.03440375934941001
-0.35013955019267534,-1.910002676996926,-0.05800312739151415,-0.8721886363285156,-1.197437410579879,-0.08731751506028963,-0.8565108236092858,0.3774829969715081,1,APP001165,0.12128229420881802
0.7128170914866491,0.2217475747339866,-0.05800312739151415,0.5867174592629567,0.2217475747339866,-0.08731751506028963,-0.022769130482054166,0.08420843206427489,0,APP001742,0.0176683536199148
0.1980061451935998,0.2217475747339866,-0.05800312739151415,0.5867174592629567,0.2217475747339866,-0.6827730105067226,0.02149148489970721,0.08420843206427489,0,APP000724,0.02272384630511342
0.7128170914866491,0.2217475747339866,0.3825716911634094,0.428529803805432,0.2217475747339866,0.5789806192848379,0.02149148489970721,0.08420843206427489,0,APP007892,0.01889181720207367
0.7128170914866491,0.2217475747339866,0.3825716911634094,0.5867174592629567,0.2217475747339866,-0.08731751506028963,0.02149148489970721,0.3774829969715081,0,APP007102,0.01564390502463836
-0.35013955019267534,0.2217475747339866,-0.29843817581578497,0.428529803805432,0.2217475747339866,-0.08731751506028963,0.02149148489970721,0.08420843206427489,0,APP001569,0.031684610046371506
0.1980061451935998,0.2217475747339866,-0.29843817581578497,-0.09811915647475396,0.2217475747339866,0.5789806192848379,0.02149148489970721,0.08420843206427489,0,APP004923,0.030292382522712033
-0.065651348229771,0.2217475747339866,-0.7645733282836001,-0.09811915647475396,0.2217475747339866,-0.08731751506028963,0.5904081593270396,0.08420843206427489,0,APP001988,0.03440375934941001
0.1980061451935998,0.2217475747339866,-0.29843817581578497,-0.09811915647475396,0.2217475747339866,-0.6827730105067226,0.5904081593270396,-1.527679097450456,0,APP008034,0.05808905485776677
0.7128170914866491,0.2217475747339866,0.8325034873269265,0.428529803805432,0.2217475747339866,-0.08731751506028963,0.5904081593270396,0.08420843206427489,0,APP000873,0.01889181720207367
0.7128170914866491,0.2217475747339866,0.3825716911634094,-0.09811915647475396,0.2217475747339866,-0.6827730105067226,0.5904081593270396,0.08420843206427489,0,APP002607,0.02359372923339286
0.7128170914866491,0.2217475747339866,0.8325034873269265,0.5867174592629567,0.2217475747339866,-0.08731751506028963,0.02149148489970721,-0.09486472069567248,0,APP000241,0.019028776483465123
-0.065651348229771,0.2217475747339866,0.3825716911634094,0.5867174592629567,0.2217475747339866,-0.08731751506028963,0.5904081593270396,-0.09486472069567248,0,APP005767,0.02780682905467762
-0.065651348229771,0.2217475747339866,-0.05800312739151415,-0.09811915647475396,0.2217475747339866,-0.08731751506028963,0.02149148489970721,-0.09486472069567248,0,APP003187,0.037004229377386705
0.1980061451935998,0.2217475747339866,-0.29843817581578497,-0.09811915647475396,0.2217475747339866,-0.08731751506028963,0.02149148489970721,0.3774829969715081,0,APP008795,0.026861018938613507
-0.065651348229771,0.2217475747339866,-0.05800312739151415,-0.09811915647475396,0.2217475747339866,-0.08731751506028963,0.02149148489970721,0.3774829969715081,0,APP001931,0.03052133866757444
-0.35013955019267534,0.2217475747339866,-0.05800312739151415,-0.8721886363285156,0.2217475747339866,-0.08731751506028963,-0.022769130482054166,-0.09486472069567248,0,APP000267,0.058228912647221596
-1.0113351309460183,0.2217475747339866,-0.7645733282836001,-0.8721886363285156,0.2217475747339866,-0.08731751506028963,-0.022769130482054166,0.08420843206427489,0,APP002175,0.07384154130962636
-0.35013955019267534,0.2217475747339866,-0.05800312739151415,-0.09811915647475396,0.2217475747339866,-0.08731751506028963,-0.8565108236092858,0.08420843206427489,0,APP007876,0.03944247030090972
-0.065651348229771,0.2217475747339866,-0.29843817581578497,-0.09811915647475396,0.2217475747339866,-0.08731751506028963,0.02149148489970721,0.3774829969715081,0,APP008408,0.03052133866757444
0.7128170914866491,0.2217475747339866,-0.05800312739151415,0.5867174592629567,0.2217475747339866,-0.08731751506028963,-0.022769130482054166,0.3774829969715081,0,APP005851,0.01564390502463836
0.7128170914866491,0.2217475747339866,-0.05800312739151415,0.428529803805432,0.2217475747339866,-0.08731751506028963,0.02149148489970721,0.08420843206427489,0,APP000495,0.01889181720207367
0.7128170914866491,0.2217475747339866,0.8325034873269265,0.5867174592629567,0.2217475747339866,-0.08731751506028963,0.02149148489970721,-0.09486472069567248,0,APP001293,0.019028776483465123
0.7128170914866491,0.2217475747339866,0.8325034873269265,-0.09811915647475396,0.2217475747339866,-0.08731751506028963,0.02149148489970721,0.08420843206427489,0,APP000215,0.02359372923339286
-1.0113351309460183,-0.8003405521422314,-0.05800312739151415,-0.8721886363285156,-0.8725111649557269,-0.08731751506028963,-0.022769130482054166,0.08420843206427489,0,APP001790,0.11420038121343451
0.7128170914866491,0.2217475747339866,-0.7645733282836001,-0.09811915647475396,0.2217475747339866,0.5789806192848379,0.02149148489970721,0.08420843206427489,0,APP000772,0.02359372923339286
0.7128170914866491,0.2217475747339866,0.8325034873269265,0.5867174592629567,0.2217475747339866,-0.08731751506028963,0.02149148489970721,0.3774829969715081,0,APP001090,0.01564390502463836
-0.35013955019267534,0.2217475747339866,-0.29843817581578497,-0.09811915647475396,0.2217475747339866,-0.08731751506028963,0.02149148489970721,-0.09486472069567248,1,APP007763,0.042407073740724076
-0.065651348229771,0.2217475747339866,-0.05800312739151415,0.5867174592629567,0.2217475747339866,0.5789806192848379,0.02149148489970721,0.08420843206427489,0,APP001825,0.025835365521542593
-0.065651348229771,0.2217475747339866,-0.05800312739151415,-0.09811915647475396,0.2217475747339866,-0.08731751506028963,-0.022769130482054166,0.08420843206427489,0,APP003410,0.03440375934941001
-0.35013955019267534,-0.5688287511575048,-0.29843817581578497,-0.09811915647475396,-0.9834263428289417,-0.08731751506028963,-0.022769130482054166,-0.09486472069567248,0,APP006556,0.06034826488812025
0.1980061451935998,0.2217475747339866,-0.05800312739151415,-0.09811915647475396,0.2217475747339866,-0.08731751506028963,-0.8565108236092858,0.3774829969715081,0,APP005404,0.026861018938613507
-0.065651348229771,0.2217475747339866,-0.05800312739151415,0.5867174592629567,0.2217475747339866,0.5789806192848379,-0.022769130482054166,0.08420843206427489,0,APP004490,0.025835365521542593
0.7128170914866491,0.2217475747339866,-0.05800312739151415,-0.09811915647475396,0.2217475747339866,-0.08731751506028963,0.5904081593270396,0.08420843206427489,0,APP006520,0.02359372923339286
0.1980061451935998,0.2217475747339866,-0.29843817581578497,-0.09811915647475396,0.2217475747339866,-0.08731751506028963,0.02149148489970721,0.08509771624915914,0,APP007238,0.03028136160620495
-0.35013955019267534,0.2217475747339866,-0.7645733282836001,-0.09811915647475396,0.2217475747339866,0.5789806192848379,-0.8565108236092858,0.08420843206427489,0,APP008294,0.03944247030090972
0.7128170914866491,-0.5688287511575048,-0.05800312739151415,-0.09811915647475396,-0.8725111649557269,-0.08731751506028963,-0.022769130482054166,-0.09486472069567248,0,APP000729,0.036417657373663474
0.1980061451935998,-0.5688287511575048,-0.29843817581578497,0.5867174592629567,-0.513258900002694,-0.08731751506028963,0.02149148489970721,0.08509771624915914,0,APP007144,0.032609481318203244
-0.065651348229771,-0.8003405521422314,-0.05800312739151415,-0.09811915647475396,-1.197437410579879,-0.08731751506028963,0.02149148489970721,-0.09486472069567248,0,APP003489,0.05850102114160319
-0.35013955019267534,-0.5688287511575048,-0.7645733282836001,-0.8721886363285156,-0.513258900002694,-0.08731751506028963,-0.022769130482054166,-0.09486472069567248,0,APP007535,0.08228864724435386
0.7128170914866491,0.2217475747339866,0.3825716911634094,0.5867174592629567,0.2217475747339866,0.5789806192848379,0.5904081593270396,0.08420843206427489,0,APP000537,0.0176683536199148
0.1980061451935998,0.2217475747339866,0.8325034873269265,-0.09811915647475396,0.2217475747339866,-0.08731751506028963,0.02149148489970721,-0.09486472069567248,0,APP001378,0.03259257627661918
-1.0113351309460183,0.2217475747339866,-0.29843817581578497,0.5867174592629567,0.2217475747339866,0.5789806192848379,0.02149148489970721,0.08420843206427489,0,APP008654,0.04077301338994351
-0.35013955019267534,0.2217475747339866,-0.05800312739151415,-0.09811915647475396,0.2217475747339866,-0.08731751506028963,-0.022769130482054166,0.08420843206427489,0,APP006061,0.03944247030090972
-0.065651348229771,0.2217475747339866,0.3825716911634094,-0.09811915647475396,0.2217475747339866,-0.08731751506028963,0.02149148489970721,0.08420843206427489,0,APP006638,0.03440375934941001
-0.065651348229771,-0.5688287511575048,-0.29843817581578497,-0.09811915647475396,-0.513258900002694,-0.6827730105067226,0.02149148489970721,-0.09486472069567248,0,APP007541,0.052785635192994465
0.7128170914866491,0.2217475747339866,-0.05800312739151415,-0.09811915647475396,0.2217475747339866,0.5789806192848379,0.02149148489970721,0.3774829969715081,0,APP003630,0.020904796424193146
0.1980061451935998,-0.5688287511575048,-0.7645733282836001,-0.8721886363285156,-0.8725111649557269,-0.08731751506028963,0.02149148489970721,0.08420843206427489,0,APP000575,0.05948852055003558
-0.065651348229771,0.2217475747339866,0.8325034873269265,0.428529803805432,0.2217475747339866,0.5789806192848379,0.02149148489970721,0.08420843206427489,0,APP004025,0.027608468030901005
0.7128170914866491,0.2217475747339866,-0.29843817581578497,-0.09811915647475396,0.2217475747339866,-0.08731751506028963,0.5904081593270396,0.08420843206427489,0,APP005280,0.02359372923339286
0.7128170914866491,0.2217475747339866,0.8325034873269265,0.5867174592629567,0.2217475747339866,-0.08731751506028963,0.02149148489970721,0.08420843206427489,0,APP003114,0.0176683536199148
-0.35013955019267534,0.2217475747339866,-0.29843817581578497,-0.09811915647475396,0.2217475747339866,-0.08731751506028963,0.02149148489970721,0.08420843206427489,0,APP004332,0.03944247030090972
0.7128170914866491,0.2217475747339866,0.8325034873269265,0.428529803805432,0.2217475747339866,0.5789806192848379,0.5904081593270396,0.08420843206427489,0,APP006692,0.01889181720207367
-0.065651348229771,-1.910002676996926,-0.7645733282836001,-0.8721886363285156,-0.9834263428289417,-0.08731751506028963,-0.8565108236092858,-0.09486472069567248,1,APP008679,0.1275344678928132
0.7128170914866491,0.2217475747339866,0.8325034873269265,0.428529803805432,0.2217475747339866,-0.08731751506028963,0.02149148489970721,0.3774829969715081,0,APP004794,0.01672957096901055
-1.0113351309460183,-0.8003405521422314,-0.29843817581578497,-0.8721886363285156,-0.9834263428289417,-0.6827730105067226,-0.8565108236092858,-1.527679097450456,0,APP007014,0.20288311899526615
-0.065651348229771,0.2217475747339866,0.3825716911634094,0.428529803805432,0.2217475747339866,0.5789806192848379,0.02149148489970721,0.08420843206427489,0,APP000528,0.027608468030901005
-0.065651348229771,0.2217475747339866,-0.05800312739151415,0.5867174592629567,0.2217475747339866,-0.08731751506028963,0.02149148489970721,0.08420843206427489,0,APP004245,0.025835365521542593
0.7128170914866491,0.2217475747339866,-0.29843817581578497,0.428529803805432,0.2217475747339866,0.5789806192848379,0.5904081593270396,0.08420843206427489,0,APP003029,0.01889181720207367
-1.0113351309460183,-0.5688287511575048,-0.7645733282836001,-0.09811915647475396,-0.8725111649557269,-0.08731751506028963,-0.022769130482054166,0.08509771624915914,0,APP008255,0.07645649525351572
0.7128170914866491,0.2217475747339866,-0.05800312739151415,-0.09811915647475396,0.2217475747339866,-0.08731751506028963,0.02149148489970721,-0.09486472069567248,0,APP002186,0.0253985961957803
0.1980061451935998,0.2217475747339866,-0.05800312739151415,-0.09811915647475396,0.2217475747339866,-0.08731751506028963,0.02149148489970721,0.08509771624915914,0,APP007400,0.03028136160620495
-0.065651348229771,0.2217475747339866,0.3825716911634094,-0.09811915647475396,0.2217475747339866,-0.08731751506028963,0.02149148489970721,0.08420843206427489,0,APP000875,0.03440375934941001
-0.065651348229771,0.2217475747339866,-0.05800312739151415,0.428529803805432,0.2217475747339866,0.5789806192848379,0.5904081593270396,0.08420843206427489,0,APP001719,0.027608468030901005
0.7128170914866491,0.2217475747339866,0.8325034873269265,0.428529803805432,0.2217475747339866,0.5789806192848379,-0.022769130482054166,0.08420843206427489,0,APP002310,0.01889181720207367
0.7128170914866491,0.2217475747339866,0.8325034873269265,0.428529803805432,0.2217475747339866,0.5789806192848379,0.02149148489970721,0.08420843206427489,0,APP002172,0.01889181720207367
-1.0113351309460183,0.2217475747339866,-0.7645733282836001,-0.09811915647475396,0.2217475747339866,-0.08731751506028963,-0.022769130482054166,0.08420843206427489,0,APP008827,0.05402080951084046
-0.065651348229771,0.2217475747339866,0.8325034873269265,-0.09811915647475396,0.2217475747339866,-0.08731751506028963,0.02149148489970721,0.08509771624915914,0,APP002946,0.03439129568892732
0.7128170914866491,0.2217475747339866,-0.29843817581578497,0.5867174592629567,0.2217475747339866,0.5789806192848379,0.02149148489970721,0.08420843206427489,0,APP003319,0.0176683536199148
-1.0113351309460183,-0.8003405521422314,-0.7645733282836001,-0.8721886363285156,-0.8725111649557269,0.5789806192848379,-0.8565108236092858,0.08420843206427489,0,APP004855,0.11420038121343451
-0.065651348229771,0.2217475747339866,0.3825716911634094,0.5867174592629567,0.2217475747339866,0.5789806192848379,-0.022769130482054166,0.08420843206427489,0,APP005918,0.025835365521542593
0.7128170914866491,0.2217475747339866,0.3825716911634094,-0.09811915647475396,0.2217475747339866,0.5789806192848379,0.02149148489970721,0.08420843206427489,0,APP007796,0.02359372923339286
-0.065651348229771,0.2217475747339866,-0.05800312739151415,0.5867174592629567,0.2217475747339866,-0.08731751506028963,0.02149148489970721,0.08420843206427489,0,APP003881,0.025835365521542593
-1.0113351309460183,0.2217475747339866,0.3825716911634094,-0.8721886363285156,0.2217475747339866,-0.08731751506028963,-0.022769130482054166,-0.09486472069567248,0,APP004359,0.07917854807375183
0.1980061451935998,0.2217475747339866,-0.05800312739151415,-0.8721886363285156,0.2217475747339866,-0.08731751506028963,-0.022769130482054166,0.08420843206427489,0,APP000403,0.041791558609494746
0.7128170914866491,0.2217475747339866,-0.05800312739151415,0.5867174592629567,0.2217475747339866,0.5789806192848379,0.5904081593270396,0.3774829969715081,0,APP008729,0.01564390502463836
-0.065651348229771,0.2217475747339866,0.3825716911634094,-0.09811915647475396,0.2217475747339866,-0.08731751506028963,0.02149148489970721,0.08420843206427489,0,APP006844,0.03440375934941001
-0.35013955019267534,0.2217475747339866,-0.05800312739151415,-0.09811915647475396,0.2217475747339866,-0.08731751506028963,-0.022769130482054166,-0.09486472069567248,0,APP003462,0.042407073740724076
0.1980061451935998,0.2217475747339866,-0.7645733282836001,-0.09811915647475396,0.2217475747339866,-0.08731751506028963,-0.8565108236092858,0.08420843206427489,0,APP007129,0.030292382522712033
0.7128170914866491,0.2217475747339866,-0.05800312739151415,0.5867174592629567,0.2217475747339866,-0.08731751506028963,-0.022769130482054166,0.08509771624915914,0,APP004763,0.01766184190117446
0.7128170914866491,0.2217475747339866,-0.05800312739151415,-0.09811915647475396,0.2217475747339866,-0.08731751506028963,0.02149148489970721,0.3774829969715081,0,APP004916,0.020904796424193146
-0.065651348229771,0.2217475747339866,-0.05800312739151415,0.5867174592629567,0.2217475747339866,-0.08731751506028963,-0.022769130482054166,0.08420843206427489,0,APP006321,0.025835365521542593
0.7128170914866491,0.2217475747339866,-0.05800312739151415,0.428529803805432,0.2217475747339866,0.5789806192848379,0.5904081593270396,0.08420843206427489,0,APP000442,0.01889181720207367
-0.065651348229771,0.2217475747339866,-0.29843817581578497,-0.09811915647475396,0.2217475747339866,0.5789806192848379,-0.022769130482054166,0.08420843206427489,0,APP004590,0.03440375934941001
-0.065651348229771,0.2217475747339866,-0.29843817581578497,-0.09811915647475396,0.2217475747339866,-0.08731751506028963,-0.022769130482054166,0.08509771624915914,0,APP001112,0.03439129568892732
-1.0113351309460183,0.2217475747339866,-0.29843817581578497,-0.09811915647475396,0.2217475747339866,-0.08731751506028963,-0.8565108236092858,0.3774829969715081,0,APP008918,0.04803475569565855
-0.065651348229771,0.2217475747339866,0.3825716911634094,0.5867174592629567,0.2217475747339866,-0.08731751506028963,-0.022769130482054166,0.08420843206427489,0,APP004467,0.025835365521542593
-0.35013955019267534,0.2217475747339866,-0.29843817581578497,0.5867174592629567,0.2217475747339866,-0.08731751506028963,0.5904081593270396,0.3774829969715081,0,APP001348,0.026296288551937438
0.1980061451935998,0.2217475747339866,-0.05800312739151415,0.428529803805432,0.2217475747339866,-0.08731751506028963,0.5904081593270396,0.08420843206427489,0,APP007001,0.02428872699607574
-0.065651348229771,0.2217475747339866,0.3825716911634094,-0.09811915647475396,0.2217475747339866,-0.08731751506028963,0.5904081593270396,0.08420843206427489,0,APP006325,0.03440375934941001
0.7128170914866491,0.2217475747339866,0.8325034873269265,0.5867174592629567,0.2217475747339866,-0.08731751506028963,0.5904081593270396,0.3774829969715081,0,APP006659,0.01564390502463836
0.1980061451935998,0.2217475747339866,-0.05800312739151415,0.5867174592629567,0.2217475747339866,0.5789806192848379,0.5904081593270396,0.08420843206427489,0,APP007305,0.02272384630511342
0.7128170914866491,0.2217475747339866,0.8325034873269265,0.5867174592629567,0.2217475747339866,-0.08731751506028963,0.5904081593270396,0.08420843206427489,0,APP005896,0.0176683536199148
0.7128170914866491,0.2217475747339866,0.3825716911634094,0.5867174592629567,0.2217475747339866,-0.08731751506028963,0.02149148489970721,0.08420843206427489,0,APP005870,0.0176683536199148
0.7128170914866491,0.2217475747339866,0.8325034873269265,0.5867174592629567,0.2217475747339866,-0.08731751506028963,0.02149148489970721,-0.09486472069567248,0,APP007268,0.019028776483465123
0.7128170914866491,0.2217475747339866,-0.05800312739151415,0.5867174592629567,0.2217475747339866,-0.08731751506028963,0.02149148489970721,0.08420843206427489,0,APP008012,0.0176683536199148
0.7128170914866491,0.2217475747339866,0.3825716911634094,-0.09811915647475396,0.2217475747339866,-0.08731751506028963,0.02149148489970721,0.08420843206427489,0,APP003691,0.02359372923339286
0.7128170914866491,0.2217475747339866,0.3825716911634094,0.5867174592629567,0.2217475747339866,0.5789806192848379,0.5904081593270396,0.08420843206427489,0,APP008320,0.0176683536199148
0.7128170914866491,0.2217475747339866,-0.05800312739151415,0.5867174592629567,0.2217475747339866,-0.08731751506028963,0.5904081593270396,0.08420843206427489,0,APP003202,0.0176683536199148
-0.065651348229771,0.2217475747339866,0.8325034873269265,0.5867174592629567,0.2217475747339866,0.5789806192848379,0.02149148489970721,0.08420843206427489,0,APP003864,0.025835365521542593
-0.35013955019267534,0.2217475747339866,-0.05800312739151415,0.5867174592629567,0.2217475747339866,-0.6827730105067226,0.02149148489970721,0.08509771624915914,0,APP008841,0.029646912134968225
-0.065651348229771,0.2217475747339866,0.8325034873269265,0.5867174592629567,0.2217475747339866,0.5789806192848379,0.5904081593270396,0.08420843206427489,0,APP007351,0.025835365521542593
-0.065651348229771,0.2217475747339866,0.3825716911634094,-0.09811915647475396,0.2217475747339866,0.5789806192848379,-0.022769130482054166,0.08420843206427489,0,APP006108,0.03440375934941001
0.1980061451935998,0.2217475747339866,-0.05800312739151415,-0.09811915647475396,0.2217475747339866,-0.08731751506028963,-0.022769130482054166,0.08420843206427489,0,APP001010,0.030292382522712033
-0.35013955019267534,-0.5688287511575048,0.3825716911634094,-0.09811915647475396,-1.197437410579879,-0.08731751506028963,-0.8565108236092858,0.08420843206427489,0,APP000767,0.056203038206527424
0.1980061451935998,0.2217475747339866,-0.29843817581578497,-0.8721886363285156,0.2217475747339866,0.5789806192848379,-0.022769130482054166,0.08420843206427489,0,APP006157,0.041791558609494746
0.7128170914866491,0.2217475747339866,-0.05800312739151415,-0.09811915647475396,0.2217475747339866,0.5789806192848379,0.02149148489970721,0.3774829969715081,0,APP008236,0.020904796424193146
0.7128170914866491,0.2217475747339866,-0.05800312739151415,-0.09811915647475396,0.2217475747339866,-0.08731751506028963,-0.022769130482054166,0.08420843206427489,0,APP004406,0.02359372923339286
0.7128170914866491,0.2217475747339866,0.3825716911634094,0.5867174592629567,0.2217475747339866,-0.08731751506028963,0.5904081593270396,0.08420843206427489,0,APP002932,0.0176683536199148
-0.35013955019267534,0.2217475747339866,0.3825716911634094,-0.09811915647475396,0.2217475747339866,0.5789806192848379,0.5904081593270396,0.08420843206427489,0,APP001109,0.03944247030090972
0.7128170914866491,0.2217475747339866,-0.05800312739151415,0.5867174592629567,0.2217475747339866,-0.08731751506028963,0.02149148489970721,0.08420843206427489,0,APP002174,0.0176683536199148
-0.065651348229771,0.2217475747339866,-0.05800312739151415,0.5867174592629567,0.2217475747339866,0.5789806192848379,0.5904081593270396,0.3774829969715081,0,APP002616,0.02289694860171144
-0.065651348229771,0.2217475747339866,0.8325034873269265,0.5867174592629567,0.2217475747339866,0.5789806192848379,0.02149148489970721,0.08420843206427489,0,APP005417,0.025835365521542593
-0.065651348229771,0.2217475747339866,0.8325034873269265,-0.09811915647475396,0.2217475747339866,0.5789806192848379,-0.022769130482054166,0.08420843206427489,0,APP008470,0.03440375934941001
0.7128170914866491,0.2217475747339866,0.3825716911634094,0.5867174592629567,0.2217475747339866,0.5789806192848379,0.5904081593270396,0.08420843206427489,0,APP005010,0.0176683536199148
0.7128170914866491,0.2217475747339866,-0.05800312739151415,-0.09811915647475396,0.2217475747339866,0.5789806192848379,0.02149148489970721,0.08420843206427489,0,APP004947,0.02359372923339286
0.7128170914866491,0.2217475747339866,0.8325034873269265,0.428529803805432,0.2217475747339866,-0.08731751506028963,0.5904081593270396,0.3774829969715081,0,APP004980,0.01672957096901055
0.7128170914866491,0.2217475747339866,-0.29843817581578497,-0.09811915647475396,0.2217475747339866,-0.08731751506028963,0.02149148489970721,0.3774829969715081,0,APP002668,0.020904796424193146
0.1980061451935998,0.2217475747339866,-0.29843817581578497,-0.8721886363285156,0.2217475747339866,-0.6827730105067226,0.02149148489970721,-0.09486472069567248,0,APP001674,0.04492446817750301
-0.065651348229771,0.2217475747339866,-0.05800312739151415,0.428529803805432,0.2217475747339866,0.5789806192848379,0.5904081593270396,0.08420843206427489,0,APP002344,0.027608468030901005
0.7128170914866491,0.2217475747339866,0.3825716911634094,0.5867174592629567,0.2217475747339866,0.5789806192848379,0.02149148489970721,0.08420843206427489,0,APP003484,0.0176683536199148
0.1980061451935998,0.2217475747339866,-0.05800312739151415,-0.09811915647475396,0.2217475747339866,-0.08731751506028963,0.02149148489970721,0.08420843206427489,0,APP004592,0.030292382522712033
-0.065651348229771,0.2217475747339866,0.8325034873269265,-0.09811915647475396,0.2217475747339866,-0.08731751506028963,0.02149148489970721,0.08420843206427489,1,APP008655,0.03440375934941001
-0.065651348229771,0.2217475747339866,-0.05800312739151415,-0.09811915647475396,0.2217475747339866,-0.08731751506028963,0.5904081593270396,0.3774829969715081,0,APP001458,0.03052133866757444
0.7128170914866491,0.2217475747339866,0.8325034873269265,0.428529803805432,0.2217475747339866,0.5789806192848379,0.02149148489970721,0.08420843206427489,0,APP002707,0.01889181720207367
-0.35013955019267534,0.2217475747339866,-0.05800312739151415,-0.09811915647475396,0.2217475747339866,-0.08731751506028963,-0.022769130482054166,0.3774829969715081,0,APP005146,0.035012055071022154
-0.065651348229771,0.2217475747339866,-0.05800312739151415,0.5867174592629567,0.2217475747339866,0.5789806192848379,0.02149148489970721,0.08420843206427489,0,APP003091,0.025835365521542593
0.7128170914866491,0.2217475747339866,0.8325034873269265,0.5867174592629567,0.2217475747339866,0.5789806192848379,0.02149148489970721,0.08420843206427489,0,APP006459,0.0176683536199148
0.1980061451935998,0.2217475747339866,-0.05800312739151415,-0.09811915647475396,0.2217475747339866,-0.08731751506028963,0.02149148489970721,0.08509771624915914,0,APP005531,0.03028136160620495
-1.0113351309460183,-0.5688287511575048,-0.29843817581578497,-0.09811915647475396,-0.8725111649557269,-0.08731751506028963,-0.8565108236092858,0.3774829969715081,0,APP005765,0.06818731701954446
0.1980061451935998,0.2217475747339866,-0.05800312739151415,0.5867174592629567,0.2217475747339866,-0.6827730105067226,0.5904081593270396,0.08509771624915914,0,APP006484,0.02271551445622887
-0.065651348229771,-0.5688287511575048,-0.05800312739151415,-0.09811915647475396,-0.513258900002694,-0.08731751506028963,-0.8565108236092858,0.08420843206427489,0,APP003455,0.04913271166067861
-1.0113351309460183,-0.5688287511575048,-0.05800312739151415,-0.09811915647475396,-0.9834263428289417,-0.08731751506028963,-0.022769130482054166,0.08420843206427489,0,APP004427,0.07648299616356238
-0.065651348229771,0.2217475747339866,-0.05800312739151415,0.5867174592629567,0.2217475747339866,0.5789806192848379,-0.022769130482054166,0.08420843206427489,0,APP008402,0.025835365521542593
0.7128170914866491,0.2217475747339866,-0.29843817581578497,-0.09811915647475396,0.2217475747339866,0.5789806192848379,0.02149148489970721,0.08420843206427489,0,APP006290,0.02359372923339286
0.1980061451935998,0.2217475747339866,-0.05800312739151415,-0.8721886363285156,0.2217475747339866,-0.08731751506028963,-0.022769130482054166,0.08420843206427489,0,APP002907,0.041791558609494746
0.7128170914866491,0.2217475747339866,0.8325034873269265,0.5867174592629567,0.2217475747339866,-0.08731751506028963,0.5904081593270396,0.08420843206427489,0,APP007884,0.0176683536199148
-0.065651348229771,0.2217475747339866,-0.7645733282836001,-0.09811915647475396,0.2217475747339866,-0.08731751506028963,0.02149148489970721,0.08420843206427489,0,APP007885,0.03440375934941001
0.1980061451935998,0.2217475747339866,-0.29843817581578497,-0.09811915647475396,0.2217475747339866,0.5789806192848379,-0.022769130482054166,0.08420843206427489,0,APP004616,0.030292382522712033
-0.065651348229771,0.2217475747339866,-0.29843817581578497,0.5867174592629567,0.2217475747339866,-0.08731751506028963,-0.022769130482054166,0.3774829969715081,0,APP007618,0.02289694860171144
0.7128170914866491,0.2217475747339866,-0.05800312739151415,0.5867174592629567,0.2217475747339866,0.5789806192848379,0.02149148489970721,0.08420843206427489,0,APP003338,0.0176683536199148
0.7128170914866491,0.2217475747339866,0.3825716911634094,0.5867174592629567,0.2217475747339866,0.5789806192848379,0.02149148489970721,0.08420843206427489,0,APP000733,0.0176683536199148
-0.35013955019267534,-0.8003405521422314,-0.7645733282836001,-0.8721886363285156,-1.197437410579879,-0.6827730105067226,-0.8565108236092858,-1.527679097450456,0,APP003415,0.15470171121476634
0.7128170914866491,0.2217475747339866,0.8325034873269265,0.428529803805432,0.2217475747339866,-0.08731751506028963,0.5904081593270396,0.08420843206427489,0,APP004203,0.01889181720207367
0.7128170914866491,0.2217475747339866,0.8325034873269265,0.5867174592629567,0.2217475747339866,0.5789806192848379,0.02149148489970721,0.08420843206427489,0,APP007744,0.0176683536199148
0.7128170914866491,0.2217475747339866,-0.05800312739151415,0.5867174592629567,0.2217475747339866,-0.08731751506028963,0.02149148489970721,0.08420843206427489,0,APP001475,0.0176683536199148
-1.0113351309460183,0.2217475747339866,-0.7645733282836001,-0.8721886363285156,0.2217475747339866,-0.6827730105067226,0.02149148489970721,-1.527679097450456,1,APP005359,0.13599516551899613
0.7128170914866491,0.2217475747339866,0.8325034873269265,0.428529803805432,0.2217475747339866,0.5789806192848379,0.02149148489970721,0.08420843206427489,0,APP002603,0.01889181720207367
0.1980061451935998,0.2217475747339866,-0.05800312739151415,-0.09811915647475396,0.2217475747339866,0.5789806192848379,0.5904081593270396,0.08420843206427489,0,APP002562,0.030292382522712033
0.7128170914866491,0.2217475747339866,0.8325034873269265,0.428529803805432,0.2217475747339866,0.5789806192848379,0.02149148489970721,0.08420843206427489,0,APP006167,0.01889181720207367
-0.065651348229771,0.2217475747339866,-0.7645733282836001,0.5867174592629567,0.2217475747339866,-0.6827730105067226,0.5904081593270396,-0.09486472069567248,0,APP002034,0.02780682905467762
-0.35013955019267534,0.2217475747339866,0.3825716911634094,-0.09811915647475396,0.2217475747339866,-0.6827730105067226,0.02149148489970721,0.08509771624915914,0,APP005192,0.0394282557726393
0.1980061451935998,-0.5688287511575048,-0.29843817581578497,-0.8721886363285156,-0.513258900002694,-0.08731751506028963,-0.022769130482054166,0.08509771624915914,0,APP006494,0.05946752895211999
0.7128170914866491,0.2217475747339866,0.8325034873269265,0.428529803805432,0.2217475747339866,0.5789806192848379,0.02149148489970721,0.08420843206427489,0,APP008271,0.01889181720207367
-0.065651348229771,0.2217475747339866,0.3825716911634094,-0.09811915647475396,0.2217475747339866,-0.08731751506028963,0.5904081593270396,0.08420843206427489,0,APP003855,0.03440375934941001
0.7128170914866491,0.2217475747339866,0.8325034873269265,-0.09811915647475396,0.2217475747339866,0.5789806192848379,0.5904081593270396,0.08420843206427489,0,APP004743,0.02359372923339286
