application_id,bureau_credit_score,enquiries_last_6m,active_credit_accounts,defaults_on_file,months_since_last_delinquency,total_existing_debt,credit_utilization_pct,credit_file_age_months
APP000001,698,1,7,0,,8216.04,7.7,136
APP000002,490,4,5,2,11.0,40969.56,100.0,20
APP000003,736,0,3,0,,14073.68,57.4,91
APP000004,609,2,1,0,,26592.83,39.6,98
APP000005,636,2,3,1,15.0,24384.48,50.8,41
APP000006,675,2,4,0,,17081.66,38.0,98
APP000007,755,3,5,0,,1382.82,59.4,137
APP000008,805,1,3,0,,9168.84,42.8,69
APP000009,625,2,6,1,31.0,14937.5,70.5,140
APP000010,783,1,4,0,,0.0,35.7,175
APP000011,656,6,3,0,,38880.42,74.7,3
APP000012,648,1,1,0,,30430.8,48.4,111
APP000013,637,3,1,0,,19674.87,75.7,199
APP000014,642,3,4,0,,20716.01,48.7,164
APP000015,685,0,4,0,,29189.25,49.9,110
APP000016,704,0,2,0,,0.0,43.8,36
APP000017,692,2,3,0,,0.0,53.7,119
APP000018,631,0,3,0,,12539.39,58.8,60
APP000019,737,1,4,0,,3770.27,32.0,33
APP000020,691,2,2,0,,10624.26,48.2,64
APP000021,528,2,0,0,,49004.16,73.7,112
APP000022,670,6,2,0,,29777.91,27.9,78
APP000023,671,1,2,0,,14590.11,49.2,25
APP000024,705,4,2,0,,7557.38,75.2,126
APP000025,695,0,5,0,,15122.7,43.0,61
APP000026,719,0,1,0,,0.0,17.6,157
APP000027,610,4,1,0,,7868.82,76.9,121
APP000028,548,0,6,2,71.0,37782.57,79.4,145
APP000029,455,7,3,4,22.0,60321.73,100.0,32
APP000030,626,2,2,2,6.0,25475.83,74.3,203
APP000031,675,4,2,0,,8555.04,75.4,112
APP000032,585,1,0,0,,19499.67,38.9,103
APP000033,651,1,1,1,2.0,19902.13,43.9,134
APP000034,813,0,7,0,,1637.84,0.0,28
APP000035,650,2,4,0,,11990.5,59.0,136
APP000036,716,3,1,2,1.0,19918.87,79.6,95
APP000037,701,1,1,0,,25259.29,10.3,112
APP000038,680,1,3,0,,24607.27,32.7,90
APP000039,500,9,1,2,1.0,34748.44,73.5,115
APP000040,692,4,4,0,,15538.59,71.3,55
APP000041,778,1,1,0,,21732.13,31.6,112
APP000042,697,0,3,0,,12506.02,34.5,59
APP000043,836,1,8,0,,0.0,0.0,113
APP000044,689,2,2,0,,18279.0,52.2,129
APP000045,708,1,0,0,,12931.72,50.9,107
APP000046,604,1,4,0,,14305.4,41.7,57
APP000047,495,2,2,0,,35077.36,84.4,55
APP000048,585,5,1,2,7.0,55445.07,100.0,136
APP000049,574,1,3,0,,7553.65,31.3,115
APP000050,833,0,3,0,,0.0,33.9,3
APP000051,606,1,4,0,,13540.34,83.4,62
APP000052,669,1,4,0,,25986.85,79.5,127
APP000053,640,6,7,0,,16432.29,40.4,162
APP000054,666,3,3,0,,26550.91,65.0,22
APP000055,536,5,3,0,,5934.53,36.3,166
APP000056,710,3,1,0,,16944.04,80.4,120
APP000057,669,1,1,1,2.0,34145.04,63.1,86
APP000058,713,0,1,0,,17803.8,11.6,57
APP000059,715,3,5,0,,28065.12,47.5,103
APP000060,701,2,3,0,,30377.44,67.1,124
APP000061,766,2,4,0,,0.0,38.0,79
APP000062,762,0,6,0,,10697.23,88.7,104
APP000063,742,1,1,0,,18737.72,49.3,98
APP000064,594,1,2,0,,37181.98,58.6,78
APP000065,634,1,1,0,,3532.42,81.6,109
APP000066,660,4,1,0,,3187.53,46.4,114
APP000067,705,1,4,0,,26100.93,36.7,93
APP000068,696,0,7,0,,21105.57,39.0,153
APP000069,706,5,1,0,,9790.35,15.5,3
APP000070,577,3,2,1,67.0,27661.67,79.3,112
APP000071,812,2,9,0,,0.0,17.0,22
APP000072,900,0,5,0,,0.0,0.0,117
APP000073,677,1,3,0,,29339.41,40.0,60
APP000074,745,2,6,0,,17722.81,68.9,108
APP000075,701,1,1,0,,28360.09,44.0,104
APP000076,794,3,2,0,,1263.84,30.0,78
APP000077,570,6,0,1,17.0,22971.73,39.5,30
APP000078,745,3,2,0,,9769.35,46.1,114
APP000079,776,1,2,0,,15913.85,16.9,89
APP000080,729,1,4,0,,10345.34,30.6,165
APP000081,740,3,3,0,,10127.42,44.5,167
APP000082,703,0,5,0,,27502.23,42.8,117
APP000083,758,0,7,0,,13491.73,0.0,143
APP000084,444,4,3,2,13.0,31036.77,100.0,3
APP000085,773,2,3,0,,18401.33,21.0,78
APP000086,858,2,6,0,,4315.94,54.1,140
APP000087,655,2,7,1,8.0,18799.18,43.5,223
APP000088,649,8,1,3,22.0,35286.64,66.9,90
APP000089,853,1,8,0,,25576.75,9.4,87
APP000090,816,3,7,0,,0.0,0.0,47
APP000091,839,2,5,0,,15042.7,33.6,4
APP000092,642,0,2,0,,19062.96,26.3,25
APP000093,781,0,10,0,,6236.57,24.0,88
APP000094,662,4,3,1,1.0,32253.09,57.0,53
APP000095,647,0,2,0,,22447.67,34.6,125
APP000096,709,2,6,0,,0.0,39.5,69
APP000097,707,1,3,0,,15648.96,78.6,86
APP000098,699,6,2,0,,37096.42,100.0,3
APP000099,751,1,2,0,,13416.96,56.8,100
APP000100,718,1,4,0,,3988.56,0.0,64
APP000101,522,3,1,2,19.0,24574.21,100.0,101
APP000102,759,2,3,0,,0.0,50.0,132
APP000103,714,0,3,0,,37376.11,62.0,192
APP000104,753,3,4,0,,6315.75,70.4,35
APP000105,656,3,0,3,1.0,32289.37,95.7,160
APP000106,823,1,0,0,,0.0,36.7,68
APP000107,647,0,1,0,,30753.36,13.9,157
APP000108,752,2,3,0,,949.6,63.3,79
APP000109,742,4,7,0,,0.0,76.5,83
APP000110,818,3,1,0,,13228.64,0.0,143
APP000111,742,1,8,0,,0.0,22.1,44
APP000112,670,0,6,0,,10605.94,51.4,36
APP000113,648,3,6,0,,13699.49,82.2,34
APP000114,526,2,1,0,,31033.95,87.2,19
APP000115,744,2,3,0,,822.9,4.0,175
APP000116,784,0,7,0,,6656.28,8.9,117
APP000117,873,0,8,0,,0.0,15.3,53
APP000118,703,4,4,0,,10440.94,47.8,69
APP000119,774,0,7,0,,509.24,5.3,115
APP000120,753,0,1,0,,10780.12,51.4,113
APP000121,679,0,3,0,,0.0,31.0,49
APP000122,677,0,0,0,,15185.23,0.0,88
APP000123,630,4,2,0,,35515.68,85.3,92
APP000124,834,1,3,0,,13581.65,7.1,3
APP000125,779,1,5,0,,2021.74,37.9,180
APP000126,691,1,3,0,,17353.75,21.4,101
APP000127,732,3,4,0,,15538.83,36.4,171
APP000128,619,4,1,0,,24517.09,35.7,69
APP000129,562,2,3,1,49.0,17636.21,70.6,103
APP000130,689,2,3,0,,18419.3,36.4,112
APP000131,655,1,4,0,,14809.84,21.2,101
APP000132,650,3,2,0,,10383.37,31.1,119
APP000133,830,1,4,0,,0.0,7.1,116
APP000134,586,2,1,0,,32170.2,100.0,142
APP000135,661,1,6,0,,7627.31,30.2,109
APP000136,645,1,3,0,,10513.19,39.9,70
APP000137,680,2,3,0,,8040.58,71.6,39
APP000138,799,0,3,0,,1213.47,44.7,94
APP000139,640,3,7,0,,27296.7,60.8,87
APP000140,818,0,3,0,,10732.69,0.0,175
APP000141,650,0,1,0,,17103.31,43.5,93
APP000142,752,1,4,0,,1982.82,67.4,138
APP000143,691,0,3,0,,18437.11,29.1,98
APP000144,619,1,2,0,,12951.5,24.9,136
APP000145,703,2,3,0,,11332.25,13.0,34
APP000146,724,1,5,0,,0.0,0.0,78
APP000147,733,0,2,0,,23774.2,81.5,118
APP000148,605,1,4,0,,0.0,77.6,3
APP000149,808,1,5,0,,7308.12,19.3,118
APP000150,749,3,2,0,,0.0,37.2,72
APP000151,770,2,6,0,,1935.66,40.2,149
APP000152,549,2,1,1,20.0,40424.5,98.0,149
APP000153,705,2,3,0,,11946.9,90.0,126
APP000154,721,0,4,0,,28385.26,14.0,132
APP000155,711,0,2,0,,2944.94,69.1,94
APP000156,654,4,2,3,2.0,23017.63,51.5,128
APP000157,733,3,4,0,,16407.55,18.9,47
APP000158,623,1,4,0,,12472.94,64.2,174
APP000159,597,6,3,3,9.0,29403.17,100.0,80
APP000160,537,6,2,3,3.0,29852.09,88.1,55
APP000161,605,2,4,0,,18238.83,48.8,161
APP000162,607,4,5,0,,21591.35,84.3,72
APP000163,593,6,0,2,16.0,39555.71,68.0,103
APP000164,577,2,4,2,10.0,41913.37,97.9,100
APP000165,708,4,2,0,,12034.63,73.3,3
APP000166,784,1,2,0,,20644.97,9.2,90
APP000167,556,4,3,0,,27927.66,42.9,121
APP000168,729,2,5,0,,6948.74,48.9,38
APP000169,634,1,6,0,,4869.57,80.6,145
APP000170,720,0,5,0,,2209.25,61.2,63
APP000171,572,5,4,1,9.0,27096.84,34.9,103
APP000172,652,1,6,0,,10398.52,2.4,54
APP000173,659,3,1,0,,34510.27,42.1,131
APP000174,674,3,5,0,,8538.63,38.0,113
APP000175,823,1,0,0,,23953.63,64.1,113
APP000176,677,2,2,1,69.0,22438.22,63.0,139
APP000177,659,5,2,0,,15222.1,10.9,159
APP000178,823,3,4,0,,0.0,4.8,128
APP000179,702,0,6,0,,32482.63,27.7,87
APP000180,754,1,3,0,,4008.54,22.3,100
APP000181,576,3,5,1,22.0,29594.57,99.2,126
APP000182,642,1,6,0,,27314.1,75.3,91
APP000183,715,1,1,0,,3492.07,36.9,172
APP000184,629,1,3,0,,25643.94,0.0,101
APP000185,713,0,6,0,,18354.12,18.2,78
APP000186,727,5,2,0,,20707.6,40.6,89
APP000187,729,2,8,0,,6466.48,36.8,139
APP000188,608,7,1,0,,27991.55,96.8,108
APP000189,595,1,2,0,,23917.19,44.5,30
APP000190,636,3,2,0,,34161.07,30.7,10
APP000191,705,3,1,0,,19882.92,42.1,141
APP000192,830,1,4,0,,22209.75,82.3,119
APP000193,841,1,3,0,,5471.39,26.2,166
APP000194,659,0,1,0,,23654.68,30.4,105
APP000195,732,2,5,0,,0.0,17.2,117
APP000196,659,5,6,0,,25967.85,37.0,88
APP000197,734,2,3,0,,31.12,71.3,154
APP000198,569,3,1,0,,13756.78,64.8,153
APP000199,610,0,2,0,,13961.71,44.1,74
APP000200,586,2,3,0,,17132.85,70.1,64
APP000201,586,6,5,2,24.0,31230.82,89.7,110
APP000202,671,4,2,0,,30959.55,100.0,96
APP000203,489,5,2,3,12.0,52638.68,68.0,73
APP000204,710,3,5,1,11.0,9895.86,58.0,102
APP000205,509,2,3,3,120.0,38056.44,99.1,146
APP000206,666,2,3,0,,31754.66,66.0,112
APP000207,705,0,4,0,,4147.36,22.3,116
APP000208,761,2,1,0,,8216.84,53.6,155
APP000209,702,2,4,0,,14784.32,65.9,115
APP000210,692,1,4,0,,42479.34,74.8,78
APP000211,685,3,4,0,,25974.72,70.6,136
APP000212,651,1,5,0,,15715.5,28.5,29
APP000213,697,2,8,1,4.0,5250.55,84.0,176
APP000214,691,1,2,0,,22305.59,71.6,136
APP000215,846,2,5,0,,26593.0,8.9,107
APP000216,652,3,3,1,16.0,17039.26,63.6,131
APP000217,701,2,3,0,,17698.49,29.5,71
APP000218,703,0,5,0,,0.0,23.2,22
APP000219,698,2,3,0,,16372.56,39.3,158
APP000220,613,3,2,3,2.0,16764.14,99.1,79
APP000221,632,2,4,0,,0.0,68.6,148
APP000222,743,1,5,0,,16571.0,18.9,147
APP000223,703,2,2,0,,28155.31,100.0,29
APP000224,773,2,6,0,,3848.59,57.3,88
APP000225,807,2,3,0,,8035.12,0.0,108
APP000226,850,2,3,0,,16968.07,43.6,121
APP000227,655,2,4,0,,29067.6,41.2,106
APP000228,794,3,1,0,,3947.55,17.4,174
APP000229,586,2,5,0,,21255.35,40.5,57
APP000230,791,0,5,0,,2239.37,40.4,86
APP000231,720,4,3,0,,25330.72,67.4,74
APP000232,798,1,5,0,,11702.42,0.0,73
APP000233,564,5,4,2,30.0,31484.48,90.4,173
APP000234,753,0,3,0,,22458.41,34.6,70
APP000235,845,0,7,0,,13576.89,4.5,107
APP000236,669,2,4,0,,7685.17,67.0,39
APP000237,897,1,4,0,,10123.84,44.8,70
APP000238,614,3,5,0,,28641.83,84.2,94
APP000239,732,1,2,0,,0.0,31.4,122
APP000240,645,0,1,0,,2062.61,39.0,54
APP000241,804,2,2,0,,13256.19,0.0,102
APP000242,721,1,3,0,,12678.28,51.0,116
APP000243,572,11,5,2,1.0,20769.55,86.5,54
APP000244,696,1,3,0,,23174.93,68.4,38
APP000245,687,1,4,0,,0.0,25.8,180
APP000246,643,2,2,1,33.0,37539.55,32.0,164
APP000247,678,1,2,0,,15485.14,59.0,101
APP000248,757,0,4,0,,6455.03,38.9,191
APP000249,811,1,2,0,,16028.72,68.1,124
APP000250,730,0,6,0,,14513.95,39.7,103
APP000251,686,1,4,0,,3603.82,14.4,3
APP000252,755,1,4,0,,0.0,41.5,84
APP000253,603,2,1,0,,14692.97,38.4,131
APP000254,701,6,3,0,,16592.81,89.0,106
APP000255,790,2,7,0,,0.0,34.7,117
APP000256,773,0,3,0,,21375.31,38.2,4
APP000257,626,0,3,0,,29495.91,49.3,157
APP000258,731,0,6,0,,14462.63,13.5,148
APP000259,736,1,3,0,,7396.57,16.6,127
APP000260,735,0,5,0,,19796.09,32.6,117
APP000261,692,0,3,0,,14868.75,23.5,112
APP000262,562,8,3,1,14.0,25354.12,85.0,77
APP000263,712,0,3,0,,32939.75,47.6,218
APP000264,618,2,3,0,,38014.27,54.4,49
APP000265,696,0,8,0,,8563.44,7.4,48
APP000266,762,0,4,0,,6173.48,6.8,156
APP000267,607,3,3,0,,37526.02,54.1,27
APP000268,730,3,2,0,,26295.92,55.4,7
APP000269,734,0,2,0,,3160.81,43.5,96
APP000270,614,1,0,1,11.0,16237.82,21.4,75
APP000271,671,1,2,0,,22906.15,62.5,67
APP000272,605,1,4,1,9.0,20699.99,77.6,92
APP000273,712,1,3,0,,24956.94,55.9,21
APP000274,674,3,7,0,,16637.53,58.8,66
APP000275,690,3,2,0,,23914.79,0.0,104
APP000276,616,4,4,1,2.0,17418.24,71.0,56
APP000277,729,2,7,0,,17759.17,41.2,87
APP000278,724,0,2,0,,16771.53,50.5,129
APP000279,890,2,5,0,,0.0,33.1,52
APP000280,707,5,1,1,31.0,25531.15,39.9,120
APP000281,866,1,2,0,,11028.28,26.3,112
APP000282,760,1,5,0,,21061.21,23.6,104
APP000283,715,5,4,0,,27245.12,63.1,109
APP000284,797,3,4,0,,0.0,43.8,65
APP000285,568,5,3,0,,36314.93,68.5,117
APP000286,685,3,4,0,,6353.98,32.0,119
APP000287,709,4,3,0,,36743.86,70.5,129
APP000288,730,1,6,0,,21492.5,27.6,16
APP000289,734,4,3,0,,5646.37,64.3,116
APP000290,668,0,6,0,,25712.76,24.6,26
APP000291,713,1,7,0,,11981.27,11.2,141
APP000292,680,1,6,0,,15660.56,34.6,43
APP000293,770,0,0,0,,0.0,63.7,209
APP000294,735,0,5,0,,13446.67,30.2,84
APP000295,654,1,4,1,8.0,5479.99,66.7,165
APP000296,812,1,3,0,,12819.45,24.4,92
APP000297,729,2,5,0,,736.51,17.9,108
APP000298,661,2,4,0,,34987.65,61.0,50
APP000299,655,6,4,0,,32463.14,58.9,3
APP000300,801,0,5,0,,0.0,9.7,46
APP000301,796,0,2,0,,10907.73,8.1,87
APP000302,697,1,4,2,10.0,19151.47,51.5,46
APP000303,717,2,4,0,,0.0,58.4,96
APP000304,612,1,5,5,12.0,36810.47,28.3,149
APP000305,531,2,3,0,,14055.45,49.6,159
APP000306,586,4,2,1,4.0,14261.48,81.0,112
APP000307,553,5,1,1,18.0,24728.35,68.6,178
APP000308,803,1,3,0,,1838.39,19.5,191
APP000309,700,1,1,0,,12459.81,29.4,24
APP000310,646,4,3,0,,19466.38,86.3,73
APP000311,816,0,4,0,,21250.24,18.9,41
APP000312,623,3,3,1,23.0,14162.53,39.7,68
APP000313,757,0,3,0,,9982.35,7.0,241
APP000314,746,0,3,0,,4819.0,1.5,135
APP000315,784,0,4,0,,15426.55,21.2,27
APP000316,698,1,2,0,,8058.81,13.4,167
APP000317,678,1,4,0,,6479.03,41.4,51
APP000318,781,0,5,0,,7621.68,36.3,208
APP000319,683,1,4,0,,9001.72,35.8,119
APP000320,724,1,4,0,,20081.69,27.1,43
APP000321,506,5,2,1,4.0,63516.38,99.1,63
APP000322,763,5,5,0,,29015.84,6.1,49
APP000323,481,5,5,2,10.0,27758.31,56.2,110
APP000324,752,2,3,0,,416.93,61.4,90
APP000325,713,0,4,0,,27983.97,14.3,41
APP000326,858,3,4,0,,14859.91,40.7,49
APP000327,660,1,4,0,,15669.85,12.8,48
APP000328,588,3,4,0,,33447.07,72.6,88
APP000329,695,2,4,0,,12940.74,24.8,170
APP000330,695,1,7,0,,0.0,57.0,102
APP000331,790,3,0,0,,11774.2,80.6,23
APP000332,603,3,2,1,3.0,22113.33,62.6,123
APP000333,811,1,5,0,,37723.48,70.8,120
APP000334,592,6,2,3,14.0,41511.94,80.9,97
APP000335,617,4,6,2,9.0,33844.79,100.0,81
APP000336,801,2,1,0,,6885.33,30.4,29
APP000337,784,0,3,0,,0.0,23.8,138
APP000338,751,2,1,0,,8463.53,40.8,29
APP000339,727,3,3,0,,18209.43,66.8,30
APP000340,615,1,5,0,,19018.78,65.8,138
APP000341,627,2,4,0,,34488.78,27.2,83
APP000342,771,2,5,0,,3628.28,79.4,77
APP000343,567,1,6,0,,3.49,84.5,186
APP000344,514,1,5,1,2.0,39207.34,68.1,88
APP000345,683,1,2,0,,11311.21,16.8,109
APP000346,527,3,3,0,,9154.41,27.8,199
APP000347,728,1,5,0,,0.0,34.1,3
APP000348,666,3,5,0,,28189.87,84.2,161
APP000349,574,5,2,0,,14279.75,85.6,94
APP000350,846,1,3,0,,7342.46,40.2,84
APP000351,662,1,0,0,,31911.71,50.2,79
APP000352,703,0,6,0,,10073.2,46.3,105
APP000353,709,1,3,0,,4146.0,100.0,83
APP000354,708,2,3,0,,26180.67,58.7,111
APP000355,633,4,3,0,,25621.14,79.3,75
APP000356,755,0,3,0,,10877.5,56.7,77
APP000357,785,1,5,0,,12172.38,38.1,63
APP000358,565,3,2,1,120.0,35616.38,100.0,127
APP000359,769,1,4,0,,1350.96,48.2,78
APP000360,684,1,2,0,,18957.0,59.9,62
APP000361,705,0,4,0,,11105.09,38.9,74
APP000362,736,3,7,0,,6364.27,34.6,85
APP000363,796,1,7,0,,365.77,0.0,141
APP000364,777,0,3,0,,12578.52,10.4,55
APP000365,636,3,2,0,,3100.72,54.5,76
APP000366,635,1,4,0,,2798.75,28.1,86
APP000367,833,1,7,0,,14797.36,25.5,132
APP000368,638,3,2,0,,16052.48,84.0,121
APP000369,852,0,9,0,,2857.06,17.6,86
APP000370,823,1,4,0,,727.4,41.3,50
APP000371,794,1,3,0,,11365.51,79.0,23
APP000372,820,3,5,0,,0.0,24.7,29
APP000373,823,1,4,0,,0.0,9.7,81
APP000374,880,0,1,0,,22298.73,30.6,118
APP000375,720,1,1,0,,22699.6,44.7,82
APP000376,675,1,5,0,,23696.65,21.6,104
APP000377,845,0,2,0,,13359.11,19.4,48
APP000378,644,5,7,2,9.0,13589.79,71.8,102
APP000379,825,1,9,0,,1268.59,0.0,35
APP000380,784,2,3,0,,3087.09,43.3,34
APP000381,566,9,4,1,1.0,30383.51,61.1,96
APP000382,750,0,3,0,,12981.56,16.4,184
APP000383,572,2,1,0,,17730.79,35.4,132
APP000384,722,2,6,0,,12910.26,53.5,137
APP000385,697,0,2,0,,20589.37,39.2,141
APP000386,626,0,3,0,,18520.1,37.3,96
APP000387,773,3,4,0,,17298.59,6.8,81
APP000388,566,1,3,0,,26275.78,72.7,114
APP000389,698,2,4,0,,22745.8,40.6,107
APP000390,639,4,4,0,,24439.15,80.4,147
APP000391,634,3,0,1,41.0,13335.25,88.3,75
APP000392,798,1,5,0,,0.0,0.0,126
APP000393,900,3,5,0,,0.0,0.0,89
APP000394,706,1,6,0,,0.0,27.7,116
APP000395,793,1,7,0,,0.0,20.0,182
APP000396,680,1,4,0,,10942.15,73.0,65
APP000397,644,2,5,1,4.0,9249.8,80.0,112
APP000398,643,7,5,1,68.0,18526.96,63.9,151
APP000399,668,1,1,0,,0.0,10.1,36
APP000400,740,0,6,0,,9915.24,31.4,131
APP000401,817,0,4,0,,16626.38,0.0,90
APP000402,665,1,3,0,,29921.11,71.2,99
APP000403,641,3,1,0,,30141.72,41.2,133
APP000404,779,2,8,0,,0.0,12.8,87
APP000405,639,3,0,0,,18761.75,59.1,77
APP000406,441,2,0,2,13.0,37527.83,95.0,86
APP000407,702,2,3,0,,29192.58,48.7,30
APP000408,504,7,2,1,81.0,28990.73,87.2,168
APP000409,772,2,1,0,,6284.4,35.9,132
APP000410,889,2,2,0,,12070.08,42.8,62
APP000411,755,1,2,0,,0.0,31.6,100
APP000412,614,2,1,0,,16707.59,48.3,59
APP000413,568,1,0,0,,24019.34,50.2,143
APP000414,624,4,6,2,34.0,15885.83,54.8,137
APP000415,637,0,6,0,,5735.0,71.4,39
APP000416,684,1,4,0,,0.0,20.0,85
APP000417,607,4,2,2,4.0,22095.73,56.5,81
APP000418,624,1,2,0,,21394.03,53.2,97
APP000419,655,1,2,1,68.0,12159.52,52.9,55
APP000420,495,9,3,5,39.0,48699.26,100.0,38
APP000421,605,2,0,1,40.0,28830.36,42.5,97
APP000422,871,1,10,0,,0.0,0.0,26
APP000423,550,6,5,3,38.0,28212.77,38.4,109
APP000424,731,1,6,0,,11010.72,28.2,126
APP000425,757,2,2,0,,4214.1,71.4,27
APP000426,894,0,3,0,,0.0,0.0,118
APP000427,515,5,1,0,,38533.75,79.9,117
APP000428,644,3,2,2,1.0,33040.92,43.1,128
APP000429,639,4,3,0,,23911.83,64.7,168
APP000430,789,1,2,0,,14541.22,40.9,67
APP000431,637,3,0,0,,15115.44,70.4,114
APP000432,669,1,2,0,,29913.75,53.4,69
APP000433,741,1,5,0,,16844.2,36.9,149
APP000434,611,6,3,1,4.0,19760.14,65.7,72
APP000435,653,4,3,1,11.0,31594.12,55.0,145
APP000436,601,0,7,0,,19677.29,32.6,142
APP000437,770,0,1,0,,2948.9,28.6,123
APP000438,657,2,2,0,,14780.19,52.5,3
APP000439,704,2,3,0,,19611.37,31.9,95
APP000440,798,1,3,0,,3049.88,11.3,167
APP000441,705,1,6,0,,34057.08,27.4,31
APP000442,758,0,5,0,,0.0,53.0,115
APP000443,627,2,6,0,,4421.34,42.6,3
APP000444,730,2,5,0,,19084.11,33.4,129
APP000445,742,0,2,0,,16615.48,0.0,127
APP000446,776,3,6,0,,7740.57,23.5,96
APP000447,625,0,1,0,,17236.16,36.9,152
APP000448,756,0,6,0,,18879.31,19.4,72
APP000449,803,0,5,0,,0.0,44.3,72
APP000450,723,1,6,0,,18387.84,34.1,84
APP000451,661,1,2,0,,22368.5,97.7,85
APP000452,673,0,3,0,,25077.11,71.8,131
APP000453,590,2,3,0,,25115.75,40.3,145
APP000454,700,2,6,0,,6381.38,38.7,44
APP000455,850,0,1,0,,0.0,40.5,58
APP000456,652,4,4,1,6.0,6927.91,71.5,83
APP000457,746,0,10,0,,8446.6,78.4,84
APP000458,403,10,1,1,31.0,34364.91,99.5,137
APP000459,628,0,3,0,,17692.56,24.9,127
APP000460,738,1,4,0,,26529.47,41.0,96
APP000461,730,0,2,0,,25292.14,43.9,119
APP000462,786,2,4,0,,0.0,0.0,80
APP000463,681,0,4,0,,6425.93,67.4,42
APP000464,577,4,3,1,18.0,32479.1,55.0,69
APP000465,545,2,1,0,,37209.41,52.5,74
APP000466,613,3,3,1,46.0,25620.31,66.9,39
APP000467,765,2,4,0,,6012.76,49.5,68
APP000468,727,0,3,0,,20070.46,34.5,50
APP000469,717,0,5,0,,16516.52,52.1,83
APP000470,723,4,2,0,,25595.52,46.6,133
APP000471,793,2,7,0,,10030.11,57.2,148
APP000472,683,3,4,0,,19368.86,22.7,205
APP000473,599,5,3,1,28.0,29417.81,94.7,88
APP000474,824,1,1,0,,11980.38,28.2,99
APP000475,655,2,1,0,,19930.46,42.4,110
APP000476,742,0,6,0,,7209.58,21.4,83
APP000477,686,1,4,0,,15543.74,47.4,91
APP000478,588,3,2,0,,34030.32,90.2,126
APP000479,793,0,3,0,,17022.42,48.3,48
APP000480,792,0,4,0,,12358.59,31.9,138
APP000481,575,1,3,1,36.0,27154.54,39.4,49
APP000482,395,5,3,4,49.0,28131.42,94.9,146
APP000483,692,5,1,1,72.0,22979.85,56.5,116
APP000484,719,2,3,0,,9367.86,13.0,19
APP000485,609,2,5,0,,9584.0,39.3,29
APP000486,687,0,3,0,,27655.37,31.2,143
APP000487,651,6,4,0,,15594.18,47.4,114
APP000488,742,0,7,0,,23896.64,77.1,147
APP000489,732,2,1,0,,21341.73,72.8,112
APP000490,846,0,5,0,,8900.65,34.3,26
APP000491,502,7,1,2,13.0,41909.32,79.0,83
APP000492,691,3,4,0,,2548.01,66.3,57
APP000493,505,4,3,1,12.0,54230.98,82.3,29
APP000494,736,1,2,0,,38781.65,54.0,126
APP000495,805,1,8,0,,0.0,45.0,72
APP000496,585,3,4,0,,35941.71,71.9,23
APP000497,769,1,0,0,,11651.62,7.9,67
APP000498,762,1,5,0,,0.0,23.5,113
APP000499,575,4,2,1,58.0,19831.38,25.5,76
APP000500,680,4,5,0,,1527.58,41.5,92
APP000501,641,2,4,0,,14179.87,49.6,178
APP000502,771,0,6,0,,0.0,7.3,120
APP000503,659,7,3,1,11.0,2185.23,89.3,54
APP000504,671,6,1,0,,24928.34,63.0,76
APP000505,814,0,6,0,,0.0,59.6,145
APP000506,831,0,1,0,,0.0,62.9,58
APP000507,830,1,2,0,,5976.16,27.3,24
APP000508,719,0,4,0,,10243.99,23.6,130
APP000509,647,4,1,0,,20940.79,47.9,18
APP000510,745,2,3,0,,14275.85,33.8,3
APP000511,775,1,4,0,,6810.9,11.2,123
APP000512,670,2,1,0,,21475.11,90.5,122
APP000513,813,0,4,0,,17118.04,23.7,152
APP000514,711,0,4,0,,15063.93,22.6,86
APP000515,733,0,1,0,,2091.12,48.5,71
APP000516,718,0,1,0,,5692.36,58.3,80
APP000517,826,1,4,0,,3920.02,37.9,123
APP000518,644,0,2,0,,33836.57,24.2,140
APP000519,833,1,2,0,,0.0,8.4,100
APP000520,623,3,3,0,,30847.29,42.9,68
APP000521,799,2,4,0,,19470.94,43.4,125
APP000522,780,1,5,0,,4162.83,23.5,3
APP000523,723,2,4,0,,9700.01,83.2,201
APP000524,844,4,5,0,,1576.18,1.6,146
APP000525,592,0,3,0,,19598.98,26.8,105
APP000526,869,0,4,0,,781.87,34.9,120
APP000527,774,2,4,0,,14853.64,23.7,159
APP000528,687,1,4,0,,3518.99,22.9,70
APP000529,700,5,3,0,,23676.8,14.4,156
APP000530,805,0,5,0,,15004.63,16.0,141
APP000531,652,3,1,0,,8277.75,37.2,3
APP000532,723,3,1,0,,6474.66,73.0,40
APP000533,671,2,2,0,,20282.53,70.8,55
APP000534,567,2,3,1,18.0,32020.91,55.0,117
APP000535,607,1,3,0,,17875.47,74.6,89
APP000536,744,0,9,0,,24590.78,56.9,52
APP000537,812,0,6,0,,11722.15,20.3,152
APP000538,737,1,3,0,,8413.47,43.2,150
APP000539,786,1,9,0,,3140.39,65.0,138
APP000540,813,5,7,0,,10679.83,37.1,138
APP000541,796,1,4,0,,2846.63,0.4,189
APP000542,706,1,3,0,,21245.85,47.0,170
APP000543,647,1,3,0,,16231.9,2.9,111
APP000544,729,1,1,0,,19068.2,81.4,69
APP000545,783,3,2,0,,22073.38,23.1,89
APP000546,754,0,4,0,,10581.36,5.7,96
APP000547,750,2,2,0,,0.0,39.1,101
APP000548,784,3,3,0,,8723.96,49.0,79
APP000549,753,0,1,0,,15351.74,11.5,59
APP000550,780,1,4,0,,19860.88,26.2,187
APP000551,643,0,6,0,,30776.91,27.9,144
APP000552,734,0,1,0,,3728.16,51.8,115
APP000553,732,2,6,0,,10693.19,5.8,74
APP000554,814,4,2,0,,11850.21,29.2,138
APP000555,617,3,5,0,,7125.32,33.4,127
APP000556,684,3,2,0,,23146.44,64.9,20
APP000557,558,3,3,2,15.0,24365.42,83.5,115
APP000558,742,1,6,0,,7736.29,3.8,55
APP000559,646,2,5,1,22.0,26852.9,76.1,95
APP000560,753,3,2,0,,9038.88,74.5,99
APP000561,713,2,0,0,,25567.54,43.9,164
APP000562,769,0,4,0,,17581.03,0.0,127
APP000563,557,1,2,3,9.0,32464.17,95.2,127
APP000564,685,4,2,0,,25208.28,71.8,118
APP000565,768,1,5,0,,7489.32,32.0,177
APP000566,735,2,2,1,14.0,34825.82,39.3,105
APP000567,868,1,3,0,,0.0,33.0,51
APP000568,592,4,1,0,,18394.45,42.6,152
APP000569,711,0,3,0,,13224.49,40.0,134
APP000570,680,5,2,0,,27554.46,54.2,101
APP000571,796,1,3,0,,21674.9,35.2,128
APP000572,653,3,1,1,6.0,29893.34,68.0,65
APP000573,489,2,8,0,,14111.71,34.4,132
APP000574,657,1,2,0,,24195.28,28.1,42
APP000575,645,1,2,1,38.0,31803.06,100.0,53
APP000576,772,0,4,0,,0.0,9.4,83
APP000577,701,1,3,0,,16683.58,16.6,126
APP000578,512,1,1,2,110.0,51702.06,95.1,54
APP000579,735,1,3,0,,16071.06,42.5,125
APP000580,833,1,4,0,,5514.23,57.2,97
APP000581,781,1,0,0,,8544.37,61.0,69
APP000582,676,3,4,0,,15361.47,22.4,3
APP000583,691,1,2,0,,21306.98,7.8,186
APP000584,771,1,5,0,,0.0,7.6,84
APP000585,601,2,3,0,,5947.69,60.2,80
APP000586,808,3,0,0,,17727.36,10.9,47
APP000587,624,1,3,0,,21363.2,28.8,52
APP000588,707,3,3,0,,16117.65,46.1,46
APP000589,624,1,4,0,,21950.95,49.3,55
APP000590,742,1,2,0,,14626.71,44.7,157
APP000591,815,0,4,0,,0.0,31.5,98
APP000592,740,1,1,0,,11658.09,28.8,90
APP000593,722,4,3,0,,23624.86,24.4,124
APP000594,702,1,5,0,,0.0,55.5,144
APP000595,675,1,3,0,,15094.5,35.9,121
APP000596,846,0,3,0,,5652.83,60.4,145
APP000597,627,0,1,0,,33228.55,30.5,142
APP000598,693,1,3,0,,18425.36,32.6,162
APP000599,710,1,1,0,,5602.07,61.8,113
APP000600,727,0,3,0,,15117.49,39.5,155
APP000601,703,3,1,1,86.0,25134.47,59.4,160
APP000602,703,1,5,0,,20895.91,57.6,145
APP000603,590,0,1,0,,26842.59,53.7,24
APP000604,617,1,4,0,,17996.25,85.5,181
APP000605,697,4,3,0,,6799.36,23.1,113
APP000606,653,2,3,0,,0.0,32.8,90
APP000607,646,3,2,0,,8012.61,45.4,160
APP000608,869,0,4,0,,6819.73,26.8,114
APP000609,842,0,4,0,,5036.44,32.5,115
APP000610,640,1,2,0,,955.77,37.1,49
APP000611,404,2,5,0,,18448.94,70.1,23
APP000612,683,2,2,0,,26430.46,25.0,146
APP000613,713,2,4,0,,9388.38,16.4,91
APP000614,639,0,2,1,36.0,14744.23,45.1,185
APP000615,653,1,2,0,,1829.33,32.5,175
APP000616,715,2,4,0,,13501.04,36.7,3
APP000617,691,1,5,0,,25607.86,92.4,129
APP000618,798,2,0,0,,24798.1,56.4,122
APP000619,756,1,4,0,,0.0,46.8,165
APP000620,787,0,3,0,,9731.47,67.7,120
APP000621,734,1,5,0,,0.0,14.4,82
APP000622,900,0,7,0,,0.0,16.4,159
APP000623,741,0,3,0,,7701.8,25.2,110
APP000624,770,2,5,0,,27900.84,31.6,76
APP000625,554,4,0,2,1.0,27540.32,93.5,97
APP000626,752,0,3,0,,4374.44,0.0,86
APP000627,575,2,5,3,14.0,26590.34,75.8,75
APP000628,707,1,3,0,,0.0,29.0,32
APP000629,663,0,2,0,,19748.31,20.6,126
APP000630,653,5,4,1,1.0,14163.82,23.0,120
APP000631,692,3,1,1,13.0,18519.59,87.1,189
APP000632,501,5,5,3,4.0,30018.37,81.8,96
APP000633,742,1,4,0,,28297.62,31.2,107
APP000634,530,2,5,0,,16460.18,57.1,139
APP000635,731,0,3,0,,10040.48,0.0,145
APP000636,810,0,3,0,,0.0,26.2,133
APP000637,739,2,2,0,,28474.19,49.1,88
APP000638,702,3,3,0,,37650.85,77.0,32
APP000639,818,0,3,0,,12866.63,22.4,107
APP000640,701,2,2,0,,28135.92,36.4,181
APP000641,717,0,4,0,,9059.95,36.5,112
APP000642,732,1,3,0,,33504.38,78.0,54
APP000643,592,5,5,0,,13509.47,54.8,30
APP000644,704,3,1,0,,11685.67,40.8,58
APP000645,705,3,4,0,,11952.56,20.9,124
APP000646,728,1,4,0,,18723.04,55.7,187
APP000647,770,1,1,0,,0.0,31.1,60
APP000648,759,5,6,0,,14829.94,76.9,53
APP000649,811,1,0,0,,12229.13,35.4,82
APP000650,900,2,1,0,,1305.75,27.1,104
APP000651,473,5,5,6,1.0,42073.82,100.0,60
APP000652,735,0,2,0,,0.0,16.9,104
APP000653,561,5,4,1,12.0,21420.53,68.1,36
APP000654,718,2,1,0,,3712.92,38.0,70
APP000655,900,0,5,0,,0.0,36.3,136
APP000656,730,1,5,0,,3903.71,51.8,110
APP000657,858,0,4,0,,8849.38,33.0,35
APP000658,712,0,3,0,,10617.73,32.2,201
APP000659,680,0,4,0,,0.0,15.6,47
APP000660,584,0,1,1,1.0,38506.96,79.8,104
APP000661,660,1,5,0,,12749.94,31.4,135
APP000662,827,3,3,0,,25483.3,41.7,102
APP000663,702,2,4,0,,4367.57,55.3,184
APP000664,694,1,5,0,,14834.84,61.9,99
APP000665,608,0,2,0,,14535.7,49.0,57
APP000666,664,2,5,0,,16780.99,53.0,45
APP000667,640,1,2,0,,17072.6,29.4,53
APP000668,631,2,1,0,,9826.75,9.1,56
APP000669,694,5,6,0,,21163.48,71.9,34
APP000670,600,1,2,1,20.0,23052.6,89.8,92
APP000671,720,1,5,0,,16649.55,25.3,152
APP000672,527,3,2,0,,23847.79,100.0,59
APP000673,498,4,2,2,1.0,32908.91,100.0,127
APP000674,840,2,3,0,,24606.47,58.8,89
APP000675,746,0,6,0,,0.0,30.2,99
APP000676,736,1,6,0,,10276.0,14.1,114
APP000677,861,1,5,0,,0.0,40.2,74
APP000678,618,3,4,0,,13519.61,52.7,81
APP000679,808,0,4,0,,0.0,19.6,159
APP000680,586,2,3,2,1.0,30437.43,92.5,93
APP000681,881,1,2,0,,0.0,0.0,53
APP000682,778,1,2,0,,13788.19,23.2,116
APP000683,786,2,0,0,,30.43,46.0,35
APP000684,805,1,3,0,,8093.39,17.3,75
APP000685,790,2,4,0,,10882.43,30.7,142
APP000686,693,1,3,0,,15600.21,4.5,140
APP000687,792,1,5,0,,18856.46,21.8,118
APP000688,846,0,6,0,,6282.84,11.1,125
APP000689,565,1,7,0,,27809.3,61.3,109
APP000690,648,5,4,0,,4106.26,34.1,108
APP000691,751,2,1,0,,5355.8,39.7,81
APP000692,722,3,1,0,,1623.35,0.5,100
APP000693,841,1,7,0,,0.0,19.6,130
APP000694,488,3,3,1,2.0,18403.39,51.1,127
APP000695,596,5,1,1,24.0,42469.62,90.8,69
APP000696,706,1,4,0,,13229.97,46.1,98
APP000697,712,4,1,0,,16292.79,56.6,32
APP000698,678,1,3,0,,28589.32,22.4,60
APP000699,742,1,3,0,,38129.6,41.4,116
APP000700,657,3,5,1,70.0,10906.36,89.4,97
APP000701,857,2,1,0,,6764.95,38.1,82
APP000702,726,1,7,0,,10767.44,0.3,84
APP000703,640,8,6,0,,28122.5,33.4,62
APP000704,684,4,1,0,,26051.33,77.6,141
APP000705,655,2,2,0,,32923.0,73.7,104
APP000706,761,1,6,0,,18028.7,40.6,115
APP000707,900,1,11,0,,0.0,11.2,96
APP000708,713,1,5,1,28.0,25261.5,25.3,39
APP000709,686,3,4,0,,25523.96,81.0,89
APP000710,900,1,9,0,,0.0,0.0,104
APP000711,720,1,4,0,,8281.33,66.0,134
APP000712,762,1,5,0,,0.0,46.1,75
APP000713,799,0,2,0,,16034.15,0.0,92
APP000714,685,1,1,0,,4198.92,21.4,48
APP000715,809,1,10,0,,0.0,41.0,135
APP000716,850,1,7,0,,0.0,28.7,8
APP000717,847,0,2,0,,0.0,0.0,92
APP000718,727,0,3,0,,4690.73,46.5,101
APP000719,685,0,4,0,,25809.96,55.0,98
APP000720,824,0,4,0,,0.0,38.9,185
APP000721,768,1,5,0,,18560.51,30.0,114
APP000722,850,0,1,0,,7484.07,32.5,41
APP000723,733,2,6,0,,27352.69,35.8,96
APP000724,666,2,1,0,,12545.08,56.3,106
APP000725,806,1,4,0,,8178.77,32.1,138
APP000726,795,1,6,0,,7199.79,50.8,80
APP000727,686,1,5,0,,8053.27,66.5,102
APP000728,527,6,2,1,29.0,28399.1,81.7,66
APP000729,760,3,1,1,33.0,21515.11,55.1,97
APP000730,639,0,1,0,,21877.98,5.4,97
APP000731,726,1,3,0,,0.0,23.8,89
APP000732,784,0,6,0,,8284.05,48.4,25
APP000733,752,2,5,0,,6107.4,24.5,80
APP000734,697,0,8,0,,12489.96,85.6,28
APP000735,827,2,2,0,,7926.49,72.6,48
APP000736,661,1,0,1,7.0,11131.43,28.0,116
APP000737,745,0,5,0,,0.0,37.5,142
APP000738,743,0,4,0,,16558.64,0.0,166
APP000739,675,2,3,2,12.0,36236.51,52.1,119
APP000740,810,3,5,0,,24249.33,15.1,177
APP000741,695,3,1,0,,15237.84,71.3,158
APP000742,752,0,6,0,,9428.9,66.1,129
APP000743,646,5,1,2,1.0,13621.75,80.8,139
APP000744,761,1,4,0,,13710.97,55.7,82
APP000745,692,0,1,0,,32506.09,29.3,133
APP000746,729,1,0,0,,28684.08,23.1,83
APP000747,780,0,8,0,,16149.44,39.1,3
APP000748,633,4,3,0,,24679.99,13.6,93
APP000749,635,2,1,0,,14652.93,49.0,3
APP000750,816,3,5,0,,11935.62,41.1,48
APP000751,819,0,4,0,,20175.76,32.4,49
APP000752,675,2,3,1,6.0,20777.53,88.0,49
APP000753,700,1,2,0,,15746.29,28.4,95
APP000754,601,2,2,1,66.0,11673.66,70.3,116
APP000755,558,1,3,4,9.0,33645.26,86.8,34
APP000756,695,0,1,0,,24645.54,5.8,210
APP000757,863,2,4,0,,10892.22,1.5,77
APP000758,764,1,2,0,,0.0,0.0,130
APP000759,757,4,4,0,,2897.35,0.9,79
APP000760,787,1,1,0,,515.64,79.6,168
APP000761,726,1,1,0,,20122.4,34.9,106
APP000762,809,1,1,0,,1544.23,0.0,106
APP000763,612,2,1,0,,16415.0,55.6,124
APP000764,638,0,2,0,,28985.28,83.9,106
APP000765,631,4,5,0,,18985.5,85.8,154
APP000766,604,3,1,0,,40835.96,54.6,130
APP000767,595,7,5,1,10.0,26543.48,40.0,152
APP000768,760,3,8,0,,0.0,19.5,142
APP000769,711,0,3,0,,16144.85,29.1,68
APP000770,699,1,3,1,53.0,8415.35,73.8,227
APP000771,829,0,3,0,,8902.96,20.4,217
APP000772,801,1,8,0,,21497.76,100.0,113
APP000773,835,0,5,0,,0.0,0.0,142
APP000774,649,2,1,0,,10791.87,15.1,124
APP000775,705,0,2,0,,23172.25,50.0,16
APP000776,572,4,3,0,,37150.36,46.7,141
APP000777,651,1,4,0,,9882.19,17.8,103
APP000778,718,1,2,0,,10946.11,34.7,110
APP000779,851,1,5,0,,0.0,18.8,96
APP000780,784,1,1,0,,0.0,16.6,123
APP000781,729,0,5,0,,10714.46,38.1,106
APP000782,737,2,5,0,,2209.47,32.1,151
APP000783,689,2,2,0,,10613.07,98.7,128
APP000784,616,1,2,0,,0.0,40.2,107
APP000785,818,0,4,0,,27897.36,32.1,102
APP000786,573,6,3,3,52.0,29051.54,63.1,152
APP000787,526,2,2,3,26.0,34025.57,44.4,71
APP000788,586,8,2,1,11.0,23410.58,68.4,116
APP000789,706,2,5,0,,24787.35,80.9,121
APP000790,576,6,6,1,6.0,37497.93,96.1,54
APP000791,715,2,4,0,,3153.86,49.1,152
APP000792,675,5,2,0,,3954.03,54.4,136
APP000793,717,2,5,0,,8620.64,69.0,101
APP000794,746,3,4,0,,13408.82,46.8,108
APP000795,718,1,4,0,,13319.96,64.8,136
APP000796,576,1,4,0,,24182.9,85.8,11
APP000797,644,1,6,0,,3905.45,41.7,17
APP000798,653,4,3,0,,9617.42,33.0,74
APP000799,779,1,3,0,,25303.64,37.9,125
APP000800,837,3,2,0,,0.0,50.4,74
APP000801,654,2,3,0,,9396.14,50.8,3
APP000802,589,4,4,0,,23215.06,50.7,175
APP000803,686,4,3,0,,23814.29,47.3,63
APP000804,685,2,4,0,,13058.33,31.5,144
APP000805,701,0,8,0,,0.0,6.5,19
APP000806,533,3,0,0,,26078.16,42.6,95
APP000807,580,2,3,0,,19828.79,37.7,129
APP000808,570,2,1,0,,24069.12,43.2,79
APP000809,579,2,3,0,,17327.34,22.0,124
APP000810,828,0,6,0,,6063.4,26.1,116
APP000811,753,0,3,0,,22839.46,49.4,144
APP000812,564,7,3,2,26.0,48734.25,73.9,133
APP000813,754,2,3,0,,3393.19,63.9,27
APP000814,737,3,3,0,,31099.91,59.8,133
APP000815,662,1,1,0,,26990.61,7.1,69
APP000816,717,1,5,0,,12928.09,18.2,80
APP000817,656,2,5,0,,22924.15,79.1,58
APP000818,590,3,1,0,,22026.0,45.2,128
APP000819,850,1,2,0,,0.0,50.1,155
APP000820,824,2,14,0,,0.0,13.9,84
APP000821,841,0,2,0,,15459.84,0.0,67
APP000822,718,0,3,0,,3628.01,0.0,94
APP000823,738,2,4,0,,3078.83,16.2,63
APP000824,728,2,3,0,,1160.22,57.1,123
APP000825,771,0,4,0,,30658.51,35.6,200
APP000826,732,3,2,0,,12910.73,60.1,80
APP000827,793,0,4,0,,0.0,59.4,141
APP000828,673,2,4,0,,5575.93,47.9,146
APP000829,687,6,1,0,,17028.15,31.5,120
APP000830,695,0,3,0,,19492.31,48.4,65
APP000831,689,0,1,0,,16212.29,52.5,40
APP000832,724,2,5,0,,0.0,0.0,42
APP000833,636,1,1,0,,3313.69,29.1,22
APP000834,557,2,5,0,,26716.54,72.4,111
APP000835,589,0,1,1,20.0,301.01,54.5,119
APP000836,718,1,6,0,,0.0,52.0,91
APP000837,718,3,3,0,,0.0,39.5,95
APP000838,704,1,1,0,,16655.19,42.5,68
APP000839,776,2,5,0,,12247.45,24.1,172
APP000840,786,0,4,0,,19442.07,54.1,57
APP000841,741,1,4,0,,1737.4,35.1,112
APP000842,815,1,7,0,,3076.33,44.5,12
APP000843,731,1,4,0,,35593.28,76.9,120
APP000844,719,1,6,0,,23106.42,29.8,135
APP000845,736,3,5,0,,1116.71,24.1,106
APP000846,737,1,2,0,,0.0,24.8,71
APP000847,645,1,2,0,,21171.85,41.7,156
APP000848,674,1,2,0,,20033.33,51.8,137
APP000849,769,1,5,0,,5896.66,37.7,41
APP000850,701,0,1,0,,2466.13,17.3,90
APP000851,655,4,5,0,,19018.97,47.2,80
APP000852,784,2,6,0,,16069.42,35.2,100
APP000853,654,0,2,0,,26767.41,34.9,99
APP000854,761,3,7,0,,7346.02,0.2,110
APP000855,632,2,4,0,,13840.51,66.7,158
APP000856,766,2,2,0,,297.92,23.7,21
APP000857,672,2,2,0,,17861.24,73.2,102
APP000858,676,1,4,0,,9411.39,8.1,60
APP000859,749,0,2,0,,16388.17,35.5,65
APP000860,722,0,5,0,,11800.28,30.3,104
APP000861,661,2,4,0,,18576.5,43.5,85
APP000862,724,3,10,0,,15.31,64.4,115
APP000863,649,6,1,0,,32462.72,43.4,90
APP000864,651,0,4,0,,16971.29,53.0,108
APP000865,868,1,6,0,,0.0,58.0,121
APP000866,645,1,3,0,,28921.32,79.2,89
APP000867,584,5,2,0,,26191.78,44.8,93
APP000868,754,0,3,0,,0.0,50.7,77
APP000869,812,1,5,0,,0.0,19.2,105
APP000870,786,0,6,0,,20693.44,24.9,128
APP000871,593,5,6,0,,6275.74,54.5,96
APP000872,653,1,4,0,,9560.42,65.4,68
APP000873,851,0,6,0,,0.0,8.4,37
APP000874,767,0,4,0,,283.31,38.8,43
APP000875,707,2,1,0,,16327.0,37.0,198
APP000876,718,1,3,0,,2191.22,46.0,161
APP000877,642,3,3,0,,20888.88,64.8,92
APP000878,834,1,6,0,,8661.04,27.9,133
APP000879,524,5,2,1,14.0,33590.23,70.7,168
APP000880,526,5,0,1,19.0,36394.64,76.4,75
APP000881,858,0,5,0,,19929.61,35.5,183
APP000882,619,7,5,1,6.0,15014.15,87.1,63
APP000883,770,1,1,0,,24750.62,19.9,73
APP000884,825,1,5,0,,9812.11,0.0,122
APP000885,714,0,3,0,,28326.77,53.9,74
APP000886,713,1,2,0,,6658.66,70.3,125
APP000887,731,2,8,0,,15507.11,52.6,65
APP000888,873,1,2,0,,4791.89,23.7,93
APP000889,746,1,3,0,,5329.11,49.2,71
APP000890,699,1,6,0,,18248.7,48.8,130
APP000891,740,2,2,0,,18502.97,47.0,39
APP000892,629,2,3,0,,1018.84,8.7,114
APP000893,485,3,1,0,,30840.21,12.1,123
APP000894,734,3,3,0,,6994.96,26.7,150
APP000895,756,1,4,0,,27040.75,41.2,103
APP000896,688,1,4,0,,15731.64,43.0,44
APP000897,848,1,10,0,,0.0,14.0,116
APP000898,668,2,1,0,,27901.53,43.5,141
APP000899,609,0,3,2,6.0,40735.66,75.3,162
APP000900,676,2,5,0,,4026.58,19.5,94
APP000901,766,2,4,0,,9059.77,4.6,143
APP000902,712,0,3,0,,7555.29,57.2,50
APP000903,482,3,7,0,,49876.21,100.0,41
APP000904,600,2,7,1,46.0,8101.77,46.4,124
APP000905,788,0,3,0,,10148.12,31.0,119
APP000906,753,0,1,0,,22228.61,54.7,80
APP000907,845,1,4,0,,7150.96,14.4,103
APP000908,550,3,2,4,30.0,21506.36,70.7,34
APP000909,767,4,5,0,,9072.2,30.1,3
APP000910,484,1,6,2,9.0,25467.62,93.3,146
APP000911,658,5,1,0,,19788.84,100.0,56
APP000912,731,1,2,0,,4555.05,23.6,98
APP000913,681,2,3,0,,26695.64,79.0,134
APP000914,697,0,3,0,,8945.6,38.1,127
APP000915,709,0,1,0,,8184.83,36.4,103
APP000916,552,2,0,0,,0.0,93.1,104
APP000917,860,2,7,0,,0.0,52.0,107
APP000918,727,1,3,0,,15895.04,37.4,89
APP000919,686,3,2,2,14.0,41036.56,26.9,69
APP000920,799,0,3,0,,10211.32,0.0,64
APP000921,726,0,2,0,,7224.37,17.7,168
APP000922,616,6,5,0,,30811.66,54.4,46
APP000923,674,1,3,0,,21604.51,40.3,3
APP000924,782,3,1,0,,0.0,0.0,14
APP000925,612,5,2,0,,17672.56,64.4,54
APP000926,661,1,1,0,,33051.42,29.9,92
APP000927,900,1,7,0,,2396.41,2.4,208
APP000928,815,2,1,0,,12868.55,42.4,147
APP000929,664,0,2,0,,0.0,8.4,94
APP000930,715,3,1,0,,21980.83,44.2,44
APP000931,692,0,6,0,,18911.24,100.0,59
APP000932,635,3,2,0,,12844.94,44.9,106
APP000933,830,2,6,0,,0.0,64.6,88
APP000934,695,1,1,0,,7224.66,72.8,129
APP000935,782,1,6,0,,9234.7,29.8,94
APP000936,583,1,3,0,,36474.79,89.8,54
APP000937,706,4,5,0,,0.0,20.1,94
APP000938,747,0,4,0,,24794.87,17.2,113
APP000939,634,0,2,0,,26846.82,35.5,14
APP000940,631,9,3,0,,37204.08,79.9,3
APP000941,576,2,1,0,,16100.48,52.3,91
APP000942,715,2,7,0,,22484.01,41.1,155
APP000943,471,5,7,3,26.0,23300.91,92.2,128
APP000944,773,1,2,0,,4267.17,49.6,120
APP000945,718,0,4,0,,21040.42,35.1,63
APP000946,823,2,7,0,,0.0,42.3,95
APP000947,610,1,1,0,,13402.24,64.3,131
APP000948,696,0,5,0,,10044.48,60.7,134
APP000949,670,1,3,0,,5309.69,44.0,65
APP000950,585,3,4,0,,18506.74,59.2,158
APP000951,707,1,6,0,,4698.9,67.5,86
APP000952,653,3,4,0,,15451.46,65.0,72
APP000953,685,0,3,0,,28571.77,79.8,48
APP000954,812,3,3,0,,12481.79,18.8,151
APP000955,719,2,3,0,,4924.48,19.6,136
APP000956,750,3,7,0,,24775.44,21.7,82
APP000957,776,4,5,0,,23178.77,21.2,51
APP000958,656,3,2,0,,12529.06,47.7,28
APP000959,589,4,5,1,17.0,22770.11,72.6,151
APP000960,549,7,3,1,18.0,42297.58,83.2,3
APP000961,847,1,8,0,,6295.69,0.0,136
APP000962,715,2,1,0,,18372.42,30.8,85
APP000963,630,0,2,0,,0.0,43.9,107
APP000964,588,4,2,0,,7646.9,48.8,59
APP000965,658,0,7,0,,11048.43,19.6,132
APP000966,765,3,6,0,,3894.28,50.5,138
APP000967,779,2,2,0,,0.0,27.8,95
APP000968,724,5,8,0,,11053.87,31.8,83
APP000969,742,0,7,0,,17240.48,47.1,29
APP000970,767,3,4,0,,0.0,42.8,98
APP000971,793,0,5,0,,0.0,55.9,71
APP000972,679,0,1,0,,5867.94,18.8,110
APP000973,760,0,4,0,,35794.81,14.3,167
APP000974,721,0,2,0,,23475.35,19.5,81
APP000975,711,1,3,0,,10189.01,69.0,162
APP000976,694,3,0,0,,16578.41,57.3,3
APP000977,771,2,8,0,,0.0,36.2,72
APP000978,756,1,4,0,,25246.59,21.7,138
APP000979,604,7,3,1,18.0,24573.95,68.2,173
APP000980,709,1,4,0,,2462.4,79.2,154
APP000981,647,1,2,0,,15389.92,45.5,135
APP000982,781,0,3,0,,0.0,58.8,3
APP000983,812,0,3,0,,7380.09,49.6,75
APP000984,844,2,4,0,,9858.05,36.8,104
APP000985,703,2,1,0,,3967.93,36.5,77
APP000986,792,1,2,0,,20714.84,41.1,32
APP000987,669,1,7,0,,2073.63,0.0,45
APP000988,685,6,0,1,33.0,10626.45,41.3,45
APP000989,707,2,6,0,,9203.52,39.7,126
APP000990,703,1,4,0,,0.0,68.8,100
APP000991,613,0,4,0,,27231.92,41.6,135
APP000992,556,4,4,1,1.0,31879.62,84.3,86
APP000993,687,2,5,0,,21098.09,28.6,89
APP000994,691,2,3,0,,5490.81,64.5,126
APP000995,750,0,2,0,,0.0,16.2,99
APP000996,682,1,1,0,,3101.68,61.5,111
APP000997,785,2,1,0,,5127.34,29.2,29
APP000998,692,3,4,0,,13399.17,51.4,179
APP000999,722,2,1,0,,7490.91,10.3,88
APP001000,611,3,2,0,,18700.65,56.0,171
APP001001,759,2,2,0,,484.85,1.1,21
APP001002,698,1,2,0,,13514.0,39.4,146
APP001003,637,2,2,0,,28753.33,65.3,60
APP001004,729,0,3,0,,8892.18,21.5,12
APP001005,703,3,5,0,,6088.28,35.5,10
APP001006,612,1,3,0,,5080.95,10.2,81
APP001007,762,3,2,0,,22521.24,73.0,74
APP001008,681,3,1,0,,11392.2,39.7,19
APP001009,789,3,5,1,7.0,26251.08,51.4,85
APP001010,669,3,2,0,,16787.64,52.5,128
APP001011,806,1,3,0,,12054.12,35.2,113
APP001012,733,0,5,0,,10185.91,0.2,70
APP001013,686,3,5,0,,30622.71,53.7,135
APP001014,773,1,3,0,,6330.58,2.3,203
APP001015,736,1,5,0,,15970.78,25.4,85
APP001016,697,0,4,0,,1128.92,76.2,131
APP001017,802,0,7,0,,2802.07,93.0,130
APP001018,645,3,5,0,,15724.67,68.0,41
APP001019,646,1,5,0,,12331.64,34.2,82
APP001020,678,2,5,0,,30877.95,41.4,104
APP001021,548,2,3,0,,24020.78,40.2,152
APP001022,671,2,2,0,,13240.49,74.2,141
APP001023,717,0,6,0,,28018.21,51.7,108
APP001024,762,0,2,0,,17123.85,47.4,108
APP001025,646,0,3,0,,35.01,45.6,137
APP001026,579,4,5,3,2.0,36923.92,100.0,33
APP001027,628,1,3,0,,11072.09,57.5,150
APP001028,657,5,6,1,1.0,47245.4,53.4,93
APP001029,787,1,5,0,,0.0,0.0,150
APP001030,608,3,2,0,,32230.15,71.9,71
APP001031,855,0,5,0,,20630.86,35.1,67
APP001032,618,1,2,0,,23773.71,20.9,55
APP001033,688,3,2,0,,17408.01,60.7,83
APP001034,688,2,5,0,,23606.99,71.6,93
APP001035,795,3,4,0,,5377.54,0.0,61
APP001036,693,0,5,0,,5140.99,63.7,64
APP001037,489,5,2,1,49.0,37670.46,65.0,100
APP001038,746,2,9,0,,17800.47,39.1,128
APP001039,752,2,3,0,,30645.87,54.8,148
APP001040,642,0,4,0,,16542.85,34.1,129
APP001041,786,2,3,0,,0.0,21.6,155
APP001042,706,0,7,0,,28030.91,53.6,96
APP001043,625,2,3,0,,12251.93,57.2,184
APP001044,707,0,5,0,,18758.17,46.9,19
APP001045,833,1,2,0,,20444.86,61.4,66
APP001046,782,3,2,0,,6717.12,43.4,140
APP001047,774,1,4,0,,6006.71,40.1,81
APP001048,896,0,6,0,,0.0,0.0,44
APP001049,664,2,2,0,,17996.67,67.3,125
APP001050,830,1,1,0,,2160.41,47.3,3
APP001051,732,3,2,0,,17714.38,29.2,29
APP001052,728,0,3,0,,0.0,52.9,118
APP001053,662,3,3,0,,16623.2,66.1,145
APP001054,893,2,5,0,,4464.58,17.1,106
APP001055,822,0,2,0,,15674.43,73.2,101
APP001056,614,4,2,1,1.0,38302.89,100.0,133
APP001057,663,0,3,0,,0.0,12.9,16
APP001058,688,0,0,1,27.0,22142.93,36.8,64
APP001059,839,0,8,0,,3660.75,58.7,26
APP001060,593,7,2,2,63.0,20093.39,86.3,157
APP001061,703,0,1,0,,10879.23,15.1,40
APP001062,698,0,1,0,,15515.84,49.5,120
APP001063,733,2,2,0,,9715.56,4.1,192
APP001064,774,1,2,0,,14090.03,20.0,160
APP001065,696,1,5,0,,17396.42,60.3,15
APP001066,837,0,3,0,,0.0,17.1,3
APP001067,626,8,2,0,,29354.92,35.0,92
APP001068,664,1,5,0,,8372.48,72.4,167
APP001069,782,0,5,0,,15607.11,82.0,91
APP001070,599,3,0,2,1.0,35740.6,83.8,91
APP001071,569,7,2,0,,25090.78,52.7,137
APP001072,658,2,3,2,5.0,34744.44,74.8,111
APP001073,512,6,2,3,3.0,20643.83,46.9,118
APP001074,854,3,3,0,,10949.96,33.7,100
APP001075,666,2,4,1,17.0,33750.03,96.7,15
APP001076,440,3,3,1,28.0,34559.32,32.2,55
APP001077,727,2,0,0,,14534.56,12.7,83
APP001078,718,0,1,0,,31177.34,23.8,113
APP001079,809,1,3,0,,0.0,32.0,128
APP001080,629,4,2,0,,30826.02,62.6,37
APP001081,770,1,3,0,,0.0,29.1,137
APP001082,547,6,3,1,2.0,32585.11,94.4,151
APP001083,610,2,3,1,13.0,36013.55,66.8,36
APP001084,720,2,5,0,,0.0,49.5,154
APP001085,752,1,0,0,,5112.23,0.0,186
APP001086,753,1,4,0,,27977.28,52.7,161
APP001087,729,1,4,0,,2263.56,11.1,84
APP001088,768,5,4,0,,7734.11,42.6,63
APP001089,715,0,4,0,,13525.81,49.7,50
APP001090,754,1,1,0,,7219.1,19.0,130
APP001091,729,0,5,0,,13719.39,19.8,87
APP001092,634,1,2,0,,15657.86,27.8,133
APP001093,636,1,2,0,,27719.54,24.3,39
APP001094,650,3,2,0,,19015.96,80.2,82
APP001095,747,3,4,0,,3643.52,0.0,92
APP001096,601,6,3,2,13.0,28761.77,75.1,84
APP001097,698,1,1,0,,19784.98,72.1,99
APP001098,567,1,1,1,4.0,40133.95,75.3,85
APP001099,642,1,5,0,,8582.94,82.1,128
APP001100,654,1,2,0,,19537.17,72.1,112
APP001101,615,11,1,0,,37948.88,71.7,60
APP001102,720,1,2,0,,13939.38,73.9,190
APP001103,610,1,5,0,,14906.0,58.3,63
APP001104,790,1,4,0,,1313.96,14.0,161
APP001105,639,4,1,0,,5564.9,100.0,74
APP001106,742,0,1,0,,21390.38,44.2,88
APP001107,775,0,3,0,,8967.83,64.0,105
APP001108,692,2,2,2,7.0,27302.37,97.8,107
APP001109,616,0,5,0,,29414.03,21.2,138
APP001110,788,2,2,0,,13564.96,23.7,127
APP001111,738,0,3,0,,12731.78,44.4,68
APP001112,712,3,7,0,,20569.09,61.8,127
APP001113,622,3,0,0,,15864.01,24.6,130
APP001114,685,3,0,0,,9689.99,83.4,112
APP001115,575,2,2,0,,32349.19,37.1,125
APP001116,515,3,2,0,,24835.14,58.6,126
APP001117,670,2,2,0,,14166.4,13.3,128
APP001118,615,4,3,2,20.0,31842.9,81.5,71
APP001119,575,5,3,1,4.0,33582.29,84.9,83
APP001120,748,2,6,0,,7562.78,8.7,3
APP001121,740,1,6,0,,22178.05,34.1,81
APP001122,683,2,3,0,,2241.82,79.9,140
APP001123,836,1,1,0,,0.0,57.7,59
APP001124,715,0,4,0,,6006.82,37.7,143
APP001125,667,1,3,0,,16105.49,53.8,3
APP001126,581,6,3,0,,15113.81,78.1,199
APP001127,722,1,2,0,,8170.31,37.0,80
APP001128,709,1,4,0,,12356.25,73.3,122
APP001129,680,0,3,0,,6649.97,72.1,142
APP001130,707,0,4,0,,26921.54,68.4,165
APP001131,623,4,2,0,,28575.87,75.4,173
APP001132,507,3,1,0,,28016.46,53.7,73
APP001133,745,2,1,0,,3292.04,43.3,119
APP001134,544,2,3,0,,17906.84,63.3,3
APP001135,802,1,3,0,,0.0,8.6,197
APP001136,749,0,5,0,,19695.48,42.2,152
APP001137,586,5,5,1,2.0,15740.26,63.2,120
APP001138,750,1,1,0,,12326.92,59.4,151
APP001139,730,1,1,0,,13449.81,31.0,81
APP001140,542,3,4,0,,25723.57,48.3,19
APP001141,693,0,2,0,,12902.24,39.8,15
APP001142,723,3,3,0,,6012.6,66.5,128
APP001143,784,2,1,0,,17982.72,34.0,72
APP001144,673,1,1,0,,0.0,35.5,229
APP001145,805,2,4,0,,14547.68,32.7,200
APP001146,688,4,7,0,,0.0,42.5,190
APP001147,682,5,3,1,34.0,28106.52,37.7,91
APP001148,822,2,3,0,,3409.06,60.8,89
APP001149,801,1,2,0,,7485.8,21.1,65
APP001150,712,0,1,0,,5505.43,71.0,85
APP001151,620,3,1,1,11.0,19293.3,52.2,108
APP001152,705,1,2,0,,18753.15,57.5,44
APP001153,806,1,2,0,,0.0,27.6,95
APP001154,653,0,4,0,,12137.84,8.5,90
APP001155,714,2,7,0,,10406.32,80.6,100
APP001156,743,3,3,0,,8890.77,78.4,121
APP001157,552,7,4,0,,38496.28,90.9,67
APP001158,665,2,2,0,,33514.06,57.5,175
APP001159,735,1,2,0,,12452.25,20.4,100
APP001160,713,3,5,0,,4422.89,60.6,118
APP001161,658,1,2,0,,33999.76,22.1,136
APP001162,656,2,4,0,,25986.47,51.6,63
APP001163,861,1,6,0,,0.0,44.8,125
APP001164,660,3,4,0,,7443.72,76.0,31
APP001165,591,5,1,3,10.0,48007.44,59.1,51
APP001166,798,3,3,0,,0.0,0.0,122
APP001167,799,1,3,0,,0.0,32.0,74
APP001168,792,2,2,0,,13185.55,71.9,82
APP001169,518,6,2,0,,41151.76,55.5,199
APP001170,638,5,3,1,39.0,28034.94,58.9,101
APP001171,669,4,4,0,,9392.69,21.6,163
APP001172,653,3,3,0,,7181.93,48.3,108
APP001173,702,2,3,0,,23128.45,81.4,112
APP001174,800,1,4,0,,1062.67,27.8,12
APP001175,601,1,8,0,,10885.91,72.0,129
APP001176,505,1,4,0,,52036.42,98.4,70
APP001177,682,0,3,0,,25181.39,78.4,121
APP001178,800,1,3,0,,0.0,27.6,61
APP001179,656,1,1,0,,13954.45,90.3,146
APP001180,589,2,1,0,,39524.26,76.7,87
APP001181,779,1,7,0,,16008.81,0.0,168
APP001182,669,1,3,0,,7628.81,19.0,126
APP001183,720,2,5,0,,10906.43,31.3,118
APP001184,786,3,2,0,,1840.09,33.0,66
APP001185,793,1,5,0,,6862.5,41.1,3
APP001186,794,1,10,0,,14412.18,37.5,46
APP001187,619,1,1,0,,24720.54,84.1,79
APP001188,737,0,2,0,,28690.43,37.8,28
APP001189,728,1,5,0,,6088.91,44.1,120
APP001190,715,2,2,0,,13519.7,28.6,215
APP001191,689,1,3,0,,4586.9,31.0,76
APP001192,685,1,12,0,,9948.12,18.8,118
APP001193,715,3,4,0,,0.0,31.3,56
APP001194,685,0,4,0,,34228.91,55.8,59
APP001195,539,8,1,3,6.0,36064.36,81.2,35
APP001196,666,1,1,0,,11818.36,25.5,38
APP001197,660,2,1,0,,17609.89,43.2,175
APP001198,567,1,5,2,15.0,29513.5,49.9,53
APP001199,477,2,5,1,13.0,39473.84,100.0,62
APP001200,716,0,2,0,,6647.09,12.2,103
APP001201,736,0,2,0,,16927.0,42.1,16
APP001202,675,2,4,0,,10798.73,31.3,96
APP001203,652,1,6,0,,7933.8,36.3,173
APP001204,663,1,2,0,,33190.11,74.0,68
APP001205,705,2,1,0,,11660.75,29.0,125
APP001206,771,1,4,0,,0.0,56.2,124
APP001207,640,3,1,0,,39268.31,50.4,65
APP001208,728,3,2,0,,24693.12,74.2,101
APP001209,804,0,10,0,,0.0,16.6,85
APP001210,778,0,2,0,,13187.8,57.2,92
APP001211,672,3,4,0,,35939.56,71.8,175
APP001212,845,0,4,0,,4335.1,40.3,56
APP001213,561,3,2,1,1.0,48430.84,87.6,70
APP001214,723,2,4,0,,21530.14,43.6,118
APP001215,688,1,3,0,,3735.88,23.5,180
APP001216,665,4,5,2,37.0,20853.63,61.3,99
APP001217,662,0,2,0,,13132.78,24.9,88
APP001218,670,2,1,0,,23307.94,31.5,27
APP001219,511,7,4,3,44.0,32077.48,86.8,145
APP001220,692,0,2,0,,28156.02,6.9,123
APP001221,849,1,6,0,,259.21,2.0,121
APP001222,660,0,5,0,,9949.19,45.4,128
APP001223,775,3,5,0,,18572.77,11.0,93
APP001224,737,2,3,0,,10715.06,25.3,29
APP001225,588,5,3,0,,23414.15,55.9,53
APP001226,726,1,4,0,,0.0,45.5,18
APP001227,787,1,4,0,,5359.05,33.9,73
APP001228,533,2,4,1,4.0,30233.36,100.0,83
APP001229,553,9,2,1,3.0,39705.69,71.4,35
APP001230,533,4,3,0,,17119.81,71.0,198
APP001231,646,3,2,1,42.0,34100.92,82.9,101
APP001232,534,1,1,3,13.0,17512.78,58.4,113
APP001233,562,4,3,1,2.0,9148.99,29.9,116
APP001234,691,3,2,0,,25353.87,92.8,149
APP001235,897,0,5,0,,0.0,0.0,153
APP001236,593,3,5,0,,46507.7,74.3,138
APP001237,676,3,1,0,,6837.25,36.2,47
APP001238,665,2,8,0,,12692.82,30.4,70
APP001239,680,3,3,0,,12063.28,60.6,62
APP001240,644,1,3,0,,22830.54,68.8,127
APP001241,719,2,3,0,,13176.15,3.5,101
APP001242,900,2,7,0,,0.0,9.6,176
APP001243,809,0,6,0,,7493.16,0.0,17
APP001244,684,2,4,1,43.0,26145.25,73.7,72
APP001245,691,1,3,0,,18974.68,41.1,115
APP001246,694,2,6,0,,8983.3,73.7,74
APP001247,781,1,5,0,,0.0,51.6,30
APP001248,591,2,3,0,,13025.24,47.1,100
APP001249,729,1,5,0,,14223.58,35.0,115
APP001250,631,2,3,0,,31106.67,59.0,125
APP001251,487,8,1,1,22.0,41632.07,77.4,190
APP001252,849,1,4,0,,18170.88,14.0,106
APP001253,722,4,1,0,,16323.47,65.2,186
APP001254,644,0,3,0,,18339.76,68.3,129
APP001255,617,2,5,0,,14468.45,39.1,179
APP001256,737,0,6,0,,4744.87,24.1,114
APP001257,621,3,3,0,,37938.74,100.0,168
APP001258,601,2,4,0,,9038.16,69.1,184
APP001259,650,0,1,0,,21052.83,100.0,112
APP001260,763,2,1,0,,0.0,0.0,159
APP001261,776,0,5,0,,21068.21,32.0,132
APP001262,690,1,4,0,,18375.32,42.9,136
APP001263,687,2,9,1,1.0,13870.0,49.4,100
APP001264,689,1,5,0,,12622.32,51.7,175
APP001265,824,0,2,0,,0.0,5.6,49
APP001266,816,1,4,0,,1629.27,13.8,102
APP001267,675,2,5,0,,21056.26,27.3,124
APP001268,745,4,3,0,,13821.52,42.7,120
APP001269,648,2,3,0,,15229.2,2.8,187
APP001270,729,0,2,0,,37203.38,54.7,168
APP001271,760,1,6,0,,12692.06,73.7,100
APP001272,623,1,6,0,,32421.13,59.6,135
APP001273,446,2,2,6,8.0,59638.64,82.8,98
APP001274,853,1,5,0,,16056.81,9.1,166
APP001275,503,5,2,1,1.0,53087.35,83.2,123
APP001276,670,1,4,0,,11876.49,16.5,118
APP001277,604,3,4,0,,15821.79,64.9,74
APP001278,776,1,5,0,,7036.33,16.8,102
APP001279,666,2,3,0,,8714.44,23.3,47
APP001280,724,0,4,0,,31274.85,39.6,123
APP001281,681,2,2,0,,14503.59,35.5,165
APP001282,719,3,6,0,,0.0,17.5,113
APP001283,734,2,4,0,,8302.86,39.6,48
APP001284,727,4,1,0,,22432.08,50.8,114
APP001285,788,0,4,0,,14489.52,32.8,53
APP001286,771,0,4,0,,13231.0,42.3,89
APP001287,835,2,3,0,,20559.54,35.2,112
APP001288,744,0,2,0,,15835.18,22.4,123
APP001289,793,1,5,0,,9373.64,59.7,190
APP001290,723,1,4,0,,18982.15,46.3,153
APP001291,820,1,5,0,,11316.35,54.8,124
APP001292,525,7,3,2,39.0,37128.43,74.0,83
APP001293,742,2,5,0,,6445.92,2.3,24
APP001294,714,2,1,0,,29219.94,100.0,81
APP001295,780,0,3,0,,0.0,7.0,100
APP001296,669,2,3,0,,18779.28,79.0,108
APP001297,730,1,5,0,,6492.83,53.4,76
APP001298,837,1,3,0,,0.0,12.3,114
APP001299,579,0,2,0,,17817.02,42.1,69
APP001300,713,0,4,0,,20120.94,75.7,68
APP001301,861,2,7,0,,0.0,15.6,9
APP001302,571,3,6,0,,32497.64,40.7,69
APP001303,675,1,3,0,,11410.81,18.0,150
APP001304,745,1,5,0,,20239.95,26.2,43
APP001305,746,0,4,0,,0.0,21.1,128
APP001306,866,1,4,0,,0.0,33.4,35
APP001307,623,1,4,3,59.0,17854.71,74.6,147
APP001308,703,2,4,0,,31707.01,98.6,37
APP001309,747,0,5,0,,2848.69,22.2,70
APP001310,693,0,3,0,,3928.76,35.8,94
APP001311,754,0,2,0,,21500.12,34.8,77
APP001312,862,1,7,0,,0.0,5.2,11
APP001313,716,3,2,0,,0.0,44.8,70
APP001314,754,3,6,0,,2776.56,61.3,148
APP001315,572,6,3,2,94.0,22701.73,68.4,74
APP001316,774,0,4,0,,0.0,1.2,110
APP001317,659,0,1,0,,601.7,37.3,68
APP001318,538,4,4,4,15.0,32264.42,71.7,9
APP001319,678,2,3,0,,16075.06,73.9,64
APP001320,843,1,4,0,,28306.86,34.1,51
APP001321,828,2,9,0,,4356.7,32.1,71
APP001322,900,1,5,0,,20673.12,8.3,97
APP001323,698,0,5,0,,35099.89,92.7,135
APP001324,608,0,4,0,,15534.26,61.5,111
APP001325,710,3,1,0,,12968.59,7.9,55
APP001326,571,0,3,0,,11727.93,29.0,131
APP001327,689,2,8,0,,19887.95,35.1,150
APP001328,770,1,4,0,,13738.58,33.1,109
APP001329,482,4,3,0,,20610.91,70.5,133
APP001330,883,1,4,0,,13342.44,59.7,79
APP001331,684,0,6,0,,9979.97,38.6,184
APP001332,648,1,2,0,,35483.51,48.7,135
APP001333,827,0,2,0,,0.0,12.5,196
APP001334,661,2,5,0,,18505.94,45.9,190
APP001335,652,2,1,0,,17031.5,29.0,63
APP001336,813,0,8,0,,8991.49,25.3,112
APP001337,830,0,4,0,,1983.71,19.6,127
APP001338,742,0,3,0,,9497.87,39.0,126
APP001339,773,2,4,0,,6364.94,32.5,101
APP001340,672,2,3,0,,8098.25,41.8,88
APP001341,545,4,3,1,12.0,9062.66,68.6,57
APP001342,869,2,6,0,,7452.75,40.1,83
APP001343,730,1,3,0,,0.0,19.8,47
APP001344,714,1,2,0,,0.0,52.8,84
APP001345,784,0,7,0,,0.0,0.0,132
APP001346,628,5,1,0,,16892.55,26.8,52
APP001347,640,0,2,0,,7942.25,76.9,78
APP001348,623,0,2,0,,9443.95,70.3,112
APP001349,671,1,1,0,,35499.97,94.5,37
APP001350,881,0,4,0,,10306.06,29.6,30
APP001351,676,1,2,0,,6662.56,17.0,120
APP001352,557,4,3,2,34.0,18272.45,43.2,124
APP001353,691,0,0,0,,14421.63,27.0,96
APP001354,580,6,3,3,29.0,30128.02,88.0,114
APP001355,706,1,1,0,,19237.43,95.6,98
APP001356,766,2,4,0,,3167.87,17.5,38
APP001357,675,0,6,0,,13550.55,33.1,114
APP001358,819,0,4,0,,2016.42,8.5,110
APP001359,583,1,5,0,,8591.03,68.4,129
APP001360,627,3,2,0,,3033.07,59.1,263
APP001361,656,2,4,0,,7766.08,61.9,143
APP001362,527,9,2,2,22.0,24313.44,62.1,72
APP001363,829,0,4,0,,12734.69,50.5,39
APP001364,624,2,1,1,2.0,23350.09,66.3,87
APP001365,669,0,5,0,,1878.28,50.4,79
APP001366,830,1,8,0,,695.1,38.4,51
APP001367,585,4,5,2,56.0,14852.22,92.4,133
APP001368,652,5,5,0,,21571.15,66.0,140
APP001369,749,2,5,0,,2542.87,12.1,125
APP001370,515,4,3,0,,12955.11,73.1,131
APP001371,688,0,4,0,,31425.23,91.5,75
APP001372,441,7,2,3,19.0,28113.35,64.8,105
APP001373,617,0,5,0,,23469.21,64.5,106
APP001374,900,0,6,0,,0.0,5.8,99
APP001375,876,1,2,0,,16055.95,19.7,12
APP001376,837,1,5,0,,16856.36,39.1,23
APP001377,651,2,2,0,,25980.07,38.6,53
APP001378,669,1,6,0,,23360.85,13.6,57
APP001379,730,0,3,0,,0.0,40.4,144
APP001380,684,2,4,0,,5239.29,62.1,35
APP001381,672,2,2,0,,25286.32,68.3,104
APP001382,567,2,1,3,46.0,23172.45,46.5,10
APP001383,620,3,2,0,,16230.8,40.1,117
APP001384,711,3,3,0,,34521.54,56.0,109
APP001385,647,6,1,0,,14583.58,30.7,94
APP001386,714,0,6,0,,0.0,53.7,180
APP001387,779,3,6,0,,15134.82,34.1,131
APP001388,717,1,1,0,,7970.6,45.6,71
APP001389,713,3,3,0,,19277.98,72.0,109
APP001390,600,3,5,3,9.0,34713.87,60.6,110
APP001391,661,0,2,1,64.0,18916.95,49.6,84
APP001392,695,1,2,0,,17930.96,46.0,127
APP001393,702,1,4,0,,21132.8,56.9,114
APP001394,695,5,6,0,,9355.58,50.6,69
APP001395,770,2,4,0,,9113.45,74.3,176
APP001396,811,2,4,0,,3166.01,20.0,117
APP001397,680,6,5,2,3.0,20434.92,81.8,26
APP001398,753,2,3,0,,0.0,64.2,100
APP001399,612,3,2,1,3.0,15893.32,80.9,78
APP001400,833,1,1,0,,1852.91,37.5,3
APP001401,595,2,1,1,27.0,25926.19,100.0,134
APP001402,855,0,7,0,,0.0,40.6,125
APP001403,693,3,6,0,,40731.36,49.4,69
APP001404,770,1,6,0,,0.0,9.0,48
APP001405,716,2,4,0,,4164.87,47.9,89
APP001406,687,2,1,0,,15660.76,33.3,3
APP001407,734,1,5,0,,25058.33,17.9,85
APP001408,449,3,6,1,26.0,34641.5,100.0,88
APP001409,653,4,1,0,,25792.21,23.5,95
APP001410,775,3,3,0,,33672.36,29.2,123
APP001411,672,3,5,0,,0.0,52.8,107
APP001412,748,1,7,0,,21356.41,48.2,50
APP001413,659,1,4,0,,24339.59,40.2,130
APP001414,523,2,4,1,1.0,14324.07,53.5,127
APP001415,713,0,5,0,,15015.14,62.8,119
APP001416,595,1,6,0,,1191.8,32.0,55
APP001417,758,2,3,0,,25654.16,43.0,83
APP001418,738,0,3,0,,17882.54,54.7,97
APP001419,836,0,8,0,,7256.36,23.5,89
APP001420,635,6,4,0,,29205.05,62.8,79
APP001421,644,1,3,0,,23311.75,79.6,26
APP001422,701,4,4,0,,35557.08,38.9,122
APP001423,809,0,2,0,,9411.71,32.5,126
APP001424,614,8,1,0,,11185.94,61.3,94
APP001425,751,2,5,0,,7589.03,23.2,41
APP001426,772,2,0,0,,976.37,7.1,134
APP001427,632,0,3,0,,33825.34,82.9,179
APP001428,656,4,4,2,9.0,16679.03,100.0,126
APP001429,723,2,0,2,5.0,26686.44,60.3,90
APP001430,703,1,6,0,,10830.68,46.3,10
APP001431,749,3,2,0,,4410.24,87.1,110
APP001432,542,1,2,1,1.0,26620.96,68.0,135
APP001433,742,2,4,0,,7862.43,56.1,82
APP001434,596,1,2,0,,33398.35,49.3,153
APP001435,867,1,3,0,,3315.0,45.5,87
APP001436,677,1,1,0,,21753.79,41.0,163
APP001437,666,0,2,0,,12681.19,76.8,11
APP001438,726,1,2,0,,13656.13,75.3,101
APP001439,610,3,3,1,59.0,21103.74,67.1,137
APP001440,651,0,3,0,,16017.29,16.7,67
APP001441,646,0,5,1,45.0,44306.08,62.7,120
APP001442,738,0,5,0,,18967.4,17.9,149
APP001443,797,2,3,0,,14829.15,64.2,78
APP001444,460,9,4,4,44.0,37240.74,90.0,135
APP001445,687,4,2,1,9.0,21855.78,48.1,54
APP001446,743,2,5,1,18.0,41063.73,68.6,108
APP001447,730,3,2,0,,12487.56,22.1,70
APP001448,701,0,5,0,,18558.22,44.3,62
APP001449,727,1,1,0,,19270.78,36.8,185
APP001450,789,1,1,0,,5990.28,35.6,55
APP001451,625,0,1,1,11.0,29588.65,43.5,110
APP001452,587,3,2,0,,21283.01,89.5,120
APP001453,735,1,7,0,,15437.76,12.2,110
APP001454,683,1,6,0,,12111.86,47.1,136
APP001455,691,2,3,0,,12862.81,90.1,120
APP001456,731,6,6,0,,19637.65,47.9,91
APP001457,641,2,1,0,,29299.37,30.5,99
APP001458,682,0,4,0,,16086.74,59.4,123
APP001459,607,2,9,0,,13019.91,32.9,77
APP001460,765,1,7,0,,14500.0,0.0,122
APP001461,671,4,7,0,,28246.62,62.1,146
APP001462,757,1,2,0,,0.0,19.7,153
APP001463,708,3,5,0,,10237.41,31.9,57
APP001464,707,1,2,0,,7700.54,59.2,71
APP001465,824,1,3,0,,8368.37,37.0,145
APP001466,583,6,4,1,2.0,43279.41,70.9,70
APP001467,614,0,2,1,77.0,10180.61,49.2,39
APP001468,721,1,3,0,,12451.8,50.4,141
APP001469,866,1,1,0,,0.0,9.0,85
APP001470,791,0,10,0,,21318.98,16.3,117
APP001471,757,0,1,0,,3090.04,37.7,41
APP001472,726,2,2,0,,14035.44,76.8,147
APP001473,583,1,1,0,,0.0,47.9,105
APP001474,752,2,2,0,,0.0,33.0,95
APP001475,753,1,3,0,,14436.27,46.8,167
APP001476,609,1,1,0,,0.0,32.5,118
APP001477,840,0,4,0,,0.0,33.0,102
APP001478,603,1,1,0,,28985.05,68.3,82
APP001479,769,1,1,0,,6019.85,55.4,128
APP001480,650,1,4,0,,22580.71,6.3,107
APP001481,636,1,2,0,,13810.67,57.6,191
APP001482,598,3,1,1,56.0,20353.27,75.3,85
APP001483,780,1,2,0,,1093.98,52.2,77
APP001484,837,0,4,0,,2401.46,22.0,60
APP001485,582,6,4,0,,26985.52,68.4,7
APP001486,745,2,3,0,,4125.64,46.8,116
APP001487,728,1,4,0,,36289.34,51.0,3
APP001488,745,2,3,0,,14901.28,13.1,152
APP001489,639,0,4,0,,22209.98,44.9,49
APP001490,658,1,5,0,,0.0,36.4,99
APP001491,750,2,4,0,,234.34,39.2,33
APP001492,690,1,3,0,,1131.42,67.2,111
APP001493,666,0,2,0,,26866.14,9.5,67
APP001494,762,2,0,0,,800.37,56.3,118
APP001495,617,2,4,0,,16786.57,34.2,63
APP001496,724,1,5,0,,14805.55,46.0,182
APP001497,633,2,5,0,,9392.18,55.1,151
APP001498,598,1,1,0,,19165.46,28.7,94
APP001499,650,1,1,0,,25647.51,47.2,139
APP001500,810,0,4,0,,0.0,25.3,129
APP001501,880,0,4,0,,0.0,60.9,81
APP001502,663,0,4,0,,31026.66,22.4,219
APP001503,651,3,3,0,,31057.98,20.2,32
APP001504,804,1,4,0,,14031.4,19.0,85
APP001505,692,2,1,0,,16513.36,56.2,43
APP001506,691,3,5,0,,17315.04,31.7,40
APP001507,645,2,4,0,,11462.29,37.8,53
APP001508,727,2,3,0,,21231.26,63.3,58
APP001509,725,0,1,0,,21230.09,51.7,143
APP001510,676,0,3,0,,7486.37,83.2,75
APP001511,745,1,3,0,,21510.07,35.9,143
APP001512,687,1,3,0,,3217.19,40.4,104
APP001513,811,2,2,0,,7146.33,3.3,135
APP001514,612,4,3,0,,28515.25,47.1,108
APP001515,856,0,7,0,,0.0,27.9,96
APP001516,667,1,2,0,,17095.9,55.2,75
APP001517,806,1,2,0,,11007.44,47.8,129
APP001518,656,2,0,0,,21531.64,74.6,207
APP001519,775,0,4,0,,0.0,0.0,113
APP001520,830,0,5,0,,0.0,0.0,120
APP001521,571,1,1,0,,23834.26,42.4,240
APP001522,811,2,6,0,,6059.3,5.8,47
APP001523,703,2,3,1,20.0,29071.68,52.0,3
APP001524,777,0,4,0,,0.0,0.0,193
APP001525,769,1,3,0,,20191.0,48.8,131
APP001526,726,1,3,0,,11967.37,61.5,50
APP001527,597,3,3,0,,9728.3,54.5,173
APP001528,508,2,2,2,9.0,27376.96,64.9,82
APP001529,771,0,4,0,,16860.21,64.3,146
APP001530,686,0,5,0,,15123.71,44.1,98
APP001531,608,2,3,1,5.0,11202.63,45.5,140
APP001532,636,3,3,0,,23702.87,62.8,70
APP001533,747,1,4,0,,8646.67,35.9,131
APP001534,677,1,3,0,,0.0,0.0,95
APP001535,871,0,4,0,,556.97,3.1,33
APP001536,867,0,5,0,,0.0,29.9,88
APP001537,663,4,6,0,,14892.7,62.9,72
APP001538,804,2,4,0,,0.0,0.0,119
APP001539,710,2,3,0,,0.0,48.1,73
APP001540,692,1,2,0,,16682.77,48.7,117
APP001541,699,0,2,0,,6505.58,15.0,48
APP001542,626,0,0,0,,18479.73,20.4,125
APP001543,828,1,6,0,,0.0,0.0,72
APP001544,468,9,2,0,,40896.67,89.5,71
APP001545,634,3,5,0,,6342.28,56.4,116
APP001546,599,4,1,1,43.0,31329.54,52.7,85
APP001547,686,2,3,0,,33621.0,21.3,59
APP001548,544,1,3,0,,22023.09,67.1,66
APP001549,713,1,9,0,,7807.87,47.3,95
APP001550,768,0,2,0,,15518.55,40.1,94
APP001551,702,0,4,0,,8675.79,22.5,75
APP001552,550,3,1,2,1.0,28938.81,95.1,33
APP001553,778,0,8,0,,10363.82,30.4,67
APP001554,814,1,4,0,,5068.32,16.9,77
APP001555,499,7,1,0,,36329.89,40.7,88
APP001556,796,2,3,0,,6216.54,54.7,59
APP001557,760,4,1,0,,28368.29,60.7,18
APP001558,661,2,0,0,,9309.07,69.9,173
APP001559,803,1,4,0,,19027.07,28.5,124
APP001560,624,1,4,1,6.0,22615.63,45.7,72
APP001561,735,1,4,0,,0.0,49.8,11
APP001562,755,2,3,0,,7225.9,42.0,119
APP001563,613,2,4,1,40.0,39548.09,70.2,110
APP001564,768,1,4,0,,14651.96,46.8,84
APP001565,748,2,2,0,,870.09,46.5,117
APP001566,679,3,6,0,,13460.37,66.5,162
APP001567,767,3,0,0,,15527.7,8.8,36
APP001568,525,2,8,1,8.0,25636.83,64.3,120
APP001569,610,2,4,0,,1018.24,64.9,88
APP001570,682,2,9,3,30.0,24967.61,46.7,48
APP001571,634,1,3,0,,18724.78,33.7,68
APP001572,671,0,4,0,,16666.29,0.0,82
APP001573,737,1,3,0,,3362.96,4.1,137
APP001574,742,0,3,0,,0.0,17.2,175
APP001575,618,0,5,0,,22120.92,29.4,146
APP001576,664,0,5,0,,7742.34,58.6,3
APP001577,738,0,5,0,,13701.15,47.5,74
APP001578,681,1,4,0,,24559.21,25.3,57
APP001579,601,7,2,0,,30663.81,84.3,85
APP001580,737,2,4,0,,15384.51,24.7,3
APP001581,641,0,6,0,,11451.59,42.0,144
APP001582,693,2,2,0,,23478.73,78.7,88
APP001583,563,4,4,1,20.0,46673.45,76.2,36
APP001584,432,5,0,1,48.0,44873.23,90.0,76
APP001585,678,1,3,0,,10750.73,67.6,109
APP001586,736,2,3,0,,6671.79,24.6,106
APP001587,686,1,4,0,,18451.41,28.1,124
APP001588,732,2,5,0,,17709.26,57.1,69
APP001589,792,1,8,0,,0.0,27.7,77
APP001590,681,1,5,0,,8048.41,42.2,149
APP001591,529,2,5,0,,28746.41,79.4,177
APP001592,616,4,2,0,,7770.71,86.2,164
APP001593,897,1,3,0,,0.0,34.4,16
APP001594,778,1,6,0,,18153.28,21.2,46
APP001595,661,2,7,0,,0.0,25.6,109
APP001596,663,0,6,0,,4313.5,35.5,70
APP001597,765,2,6,0,,3.51,49.3,5
APP001598,661,0,8,0,,0.0,16.1,120
APP001599,794,1,8,0,,6367.11,7.0,53
APP001600,508,4,1,2,37.0,43985.05,85.0,62
APP001601,805,1,6,0,,5900.87,35.1,38
APP001602,532,3,3,0,,10067.12,46.9,152
APP001603,686,3,3,0,,41884.64,84.8,139
APP001604,737,0,2,0,,18407.36,38.8,13
APP001605,651,2,3,0,,36007.84,56.0,88
APP001606,639,3,5,0,,28446.28,66.2,75
APP001607,649,4,6,0,,18712.83,50.6,97
APP001608,617,1,3,1,17.0,18525.35,63.1,153
APP001609,613,4,4,0,,10233.08,28.6,78
APP001610,652,4,3,0,,19591.83,80.0,126
APP001611,858,3,6,0,,676.34,0.0,49
APP001612,585,1,2,0,,36927.46,47.4,91
APP001613,727,0,1,0,,17581.09,56.6,103
APP001614,595,1,6,0,,19433.27,61.3,119
APP001615,868,2,2,0,,11515.44,24.2,142
APP001616,666,1,1,0,,16258.95,55.9,102
APP001617,659,4,2,3,37.0,38706.37,78.5,143
APP001618,629,2,2,0,,15713.15,70.5,114
APP001619,826,1,5,0,,21758.29,35.7,139
APP001620,591,2,2,1,33.0,38200.29,59.1,89
APP001621,777,2,5,0,,4935.5,9.5,109
APP001622,825,1,4,0,,0.0,6.4,40
APP001623,831,1,6,0,,0.0,2.0,80
APP001624,810,1,0,0,,0.0,5.3,101
APP001625,708,4,3,0,,25130.64,35.9,109
APP001626,837,1,4,0,,18327.3,63.1,97
APP001627,775,1,2,0,,522.48,29.8,103
APP001628,686,1,4,0,,12251.19,39.0,34
APP001629,858,3,3,0,,3734.1,0.0,41
APP001630,565,4,8,0,,39461.11,100.0,119
APP001631,723,0,3,0,,21697.55,0.0,36
APP001632,557,0,4,2,54.0,34448.38,48.1,76
APP001633,603,3,1,1,32.0,10013.73,90.0,131
APP001634,598,0,1,2,2.0,26088.33,86.1,142
APP001635,669,2,3,1,1.0,3109.08,32.6,68
APP001636,631,0,3,0,,11574.78,100.0,103
APP001637,714,3,1,0,,13210.99,72.7,107
APP001638,836,0,7,0,,19886.77,42.8,30
APP001639,729,2,3,0,,27429.46,52.4,85
APP001640,616,3,0,0,,16140.96,55.3,143
APP001641,730,2,7,0,,0.0,0.0,93
APP001642,723,1,1,0,,1849.45,66.3,40
APP001643,717,1,4,0,,15167.92,53.9,114
APP001644,782,0,2,0,,0.0,38.1,89
APP001645,694,2,3,0,,11860.44,33.2,111
APP001646,831,1,6,0,,1093.61,14.8,61
APP001647,648,1,6,0,,17596.14,47.1,48
APP001648,864,2,1,0,,15762.49,0.0,35
APP001649,667,0,6,0,,10309.98,60.0,51
APP001650,717,2,3,0,,10379.16,30.7,136
APP001651,686,1,4,0,,18774.52,34.0,127
APP001652,701,1,3,0,,16274.56,40.7,121
APP001653,620,1,6,0,,1990.02,36.8,3
APP001654,718,1,6,0,,16278.19,44.3,70
APP001655,681,2,4,0,,12307.46,21.3,209
APP001656,594,3,2,0,,20126.16,64.5,75
APP001657,733,0,4,0,,9361.55,19.5,81
APP001658,613,1,1,2,8.0,27045.77,39.1,53
APP001659,608,3,4,0,,23212.97,38.7,160
APP001660,755,0,8,0,,0.0,19.3,72
APP001661,645,0,3,0,,13773.82,15.1,159
APP001662,781,2,4,0,,0.0,0.0,192
APP001663,600,1,2,0,,10696.5,33.3,48
APP001664,779,1,1,0,,10390.76,7.1,226
APP001665,635,2,3,2,43.0,23536.74,57.8,3
APP001666,684,2,2,0,,31170.71,49.0,95
APP001667,544,4,3,0,,31324.12,68.6,172
APP001668,582,0,2,1,1.0,16915.14,63.3,3
APP001669,625,1,3,1,49.0,24090.93,53.1,110
APP001670,642,1,5,0,,15468.25,13.8,126
APP001671,695,0,1,0,,0.0,59.0,36
APP001672,731,0,5,0,,0.0,28.2,97
APP001673,817,0,9,0,,0.0,15.3,75
APP001674,656,1,3,0,,30117.49,60.8,121
APP001675,809,1,2,0,,4121.95,0.0,136
APP001676,661,4,1,0,,23464.34,53.4,110
APP001677,696,0,5,0,,6142.71,11.7,76
APP001678,719,3,1,0,,24389.59,60.3,104
APP001679,699,3,0,0,,28640.39,61.6,137
APP001680,711,4,2,0,,25398.88,22.4,123
APP001681,637,1,3,0,,33706.55,49.8,77
APP001682,761,1,3,0,,7425.68,73.2,85
APP001683,562,4,7,1,12.0,40300.04,86.9,60
APP001684,781,2,1,0,,4534.27,76.4,170
APP001685,779,1,6,0,,13485.25,25.4,51
APP001686,652,0,8,0,,9628.59,57.2,3
APP001687,730,3,2,0,,19116.94,59.7,109
APP001688,700,0,3,0,,4350.0,23.0,26
APP001689,679,0,1,0,,6116.27,35.3,60
APP001690,749,1,3,0,,31139.56,59.5,30
APP001691,753,2,2,0,,12532.99,66.9,80
APP001692,691,5,2,0,,8333.83,61.2,10
APP001693,832,2,5,0,,0.0,47.4,54
APP001694,637,2,1,1,37.0,19908.57,87.7,46
APP001695,566,1,4,0,,30451.28,76.6,135
APP001696,824,1,3,0,,13989.56,60.4,148
APP001697,759,0,3,0,,15892.6,23.1,48
APP001698,708,1,4,2,33.0,14876.98,50.1,97
APP001699,575,1,1,0,,19913.45,66.9,42
APP001700,800,1,6,0,,7495.95,20.6,127
APP001701,607,6,3,2,48.0,25339.26,64.4,93
APP001702,637,0,2,0,,18499.61,53.1,190
APP001703,656,3,4,0,,23236.95,83.2,77
APP001704,693,1,3,0,,13572.42,55.5,86
APP001705,752,1,2,0,,13091.12,44.2,41
APP001706,642,4,1,2,16.0,26616.33,76.6,135
APP001707,610,4,7,0,,26004.11,51.4,129
APP001708,781,3,0,0,,19183.7,0.0,27
APP001709,710,2,3,0,,11938.91,34.5,108
APP001710,695,2,2,0,,8295.96,62.9,131
APP001711,686,0,1,0,,10877.94,51.2,29
APP001712,764,1,4,0,,0.0,0.0,71
APP001713,599,2,4,0,,0.0,31.7,49
APP001714,689,0,7,0,,13386.21,74.3,71
APP001715,698,2,2,0,,13715.85,38.9,40
APP001716,710,0,2,0,,16643.45,16.5,85
APP001717,661,0,4,0,,10345.88,55.1,34
APP001718,648,1,0,0,,1211.03,48.7,155
APP001719,697,0,3,0,,0.0,42.0,162
APP001720,889,1,5,0,,0.0,29.8,75
APP001721,703,1,3,0,,7988.64,31.1,153
APP001722,845,1,5,0,,6960.35,85.6,3
APP001723,670,4,4,0,,24820.56,52.0,74
APP001724,688,3,2,0,,19612.89,41.8,96
APP001725,675,0,3,0,,22665.06,46.4,153
APP001726,786,2,7,0,,0.0,34.3,30
APP001727,680,3,5,0,,395.85,54.0,13
APP001728,843,3,3,0,,22867.22,22.2,82
APP001729,630,6,4,0,,0.0,64.9,110
APP001730,860,1,4,0,,4413.61,50.9,62
APP001731,705,2,2,0,,27151.75,14.3,89
APP001732,767,2,3,0,,2477.21,42.8,63
APP001733,570,4,2,1,1.0,46348.72,57.3,99
APP001734,650,4,5,0,,19239.32,58.8,82
APP001735,608,4,3,2,30.0,18166.72,50.0,90
APP001736,785,2,2,0,,0.0,57.4,30
APP001737,848,1,5,0,,0.0,11.3,56
APP001738,590,2,2,0,,11403.08,91.2,127
APP001739,693,2,4,0,,6575.77,28.6,70
APP001740,549,2,2,2,4.0,29521.18,71.7,64
APP001741,710,1,4,0,,14927.34,41.2,85
APP001742,767,3,1,0,,9942.92,40.4,61
APP001743,452,1,3,2,1.0,21123.6,49.0,45
APP001744,742,2,4,0,,1828.31,20.8,43
APP001745,612,2,3,0,,35655.71,21.3,115
APP001746,690,1,4,0,,35576.66,53.3,38
APP001747,783,1,2,0,,10052.75,3.2,111
APP001748,643,4,1,1,32.0,36658.81,84.8,42
APP001749,791,1,3,0,,29525.44,51.8,104
APP001750,786,2,5,0,,23637.68,45.2,98
APP001751,595,6,2,4,24.0,35095.37,64.7,46
APP001752,693,4,4,0,,10412.11,23.7,160
APP001753,689,2,4,0,,11295.07,39.7,42
APP001754,557,3,3,0,,30370.92,93.3,105
APP001755,795,1,2,0,,14891.89,18.5,76
APP001756,673,2,2,1,7.0,22710.79,53.2,166
APP001757,692,1,2,0,,17078.58,53.8,48
APP001758,765,1,5,0,,13002.27,53.1,200
APP001759,724,2,2,0,,12862.11,33.8,116
APP001760,744,1,8,0,,18914.37,50.0,97
APP001761,747,0,4,0,,16576.3,53.0,59
APP001762,862,4,6,0,,246.7,0.0,107
APP001763,689,3,5,0,,17892.78,69.0,118
APP001764,558,2,6,1,120.0,31425.62,65.1,134
APP001765,900,1,6,0,,0.0,1.9,176
APP001766,711,3,4,0,,0.0,35.8,90
APP001767,900,0,7,0,,4486.16,0.0,57
APP001768,543,7,4,1,20.0,49402.29,75.3,44
APP001769,597,1,4,0,,31268.88,69.9,94
APP001770,771,1,2,0,,22051.55,5.2,86
APP001771,731,0,3,0,,22987.19,63.1,144
APP001772,614,6,2,1,20.0,12430.26,72.2,68
APP001773,634,2,3,0,,22536.42,83.9,118
APP001774,796,1,4,0,,18095.17,15.5,98
APP001775,723,1,7,0,,13169.15,6.9,124
APP001776,637,3,3,0,,10125.19,81.5,148
APP001777,774,1,5,0,,0.0,0.0,30
APP001778,900,1,9,0,,0.0,9.2,62
APP001779,737,1,3,0,,10844.54,60.3,97
APP001780,816,4,2,0,,10509.85,71.9,97
APP001781,673,4,3,1,33.0,22523.32,65.8,104
APP001782,790,0,2,0,,8044.61,46.2,95
APP001783,752,1,6,0,,14208.19,2.0,83
APP001784,732,1,5,0,,722.37,9.5,137
APP001785,693,3,4,0,,2443.61,33.3,104
APP001786,556,4,0,0,,33320.53,56.2,124
APP001787,638,0,5,0,,7173.16,6.9,92
APP001788,844,4,0,0,,24341.06,0.0,57
APP001789,708,0,5,0,,20465.64,58.0,27
APP001790,511,3,7,2,32.0,36613.95,59.8,71
APP001791,834,1,5,0,,16925.25,66.0,99
APP001792,741,2,3,0,,1058.47,46.9,120
APP001793,674,0,2,0,,13144.87,0.0,162
APP001794,826,2,5,0,,9059.5,10.2,207
APP001795,704,6,4,0,,16145.92,72.9,84
APP001796,612,3,4,0,,22083.59,46.7,132
APP001797,695,1,6,0,,29586.41,53.9,54
APP001798,759,1,4,0,,22536.15,52.0,123
APP001799,683,3,4,0,,9952.01,42.0,130
APP001800,758,2,6,0,,410.26,30.3,81
APP001801,726,1,1,0,,17932.88,23.9,27
APP001802,714,1,3,0,,11930.26,8.1,161
APP001803,779,0,0,0,,27715.6,60.0,115
APP001804,628,0,2,0,,12025.3,68.0,165
APP001805,777,5,4,0,,11863.58,15.4,71
APP001806,547,5,3,1,11.0,19053.46,37.2,153
APP001807,708,3,1,0,,29399.45,38.1,89
APP001808,606,3,2,2,12.0,37410.08,60.4,127
APP001809,704,5,2,0,,29266.59,50.7,67
APP001810,693,4,1,0,,14577.96,16.1,105
APP001811,900,3,13,0,,0.0,0.0,139
APP001812,702,1,1,0,,26970.68,32.0,97
APP001813,766,6,6,0,,16537.91,70.7,153
APP001814,547,2,3,1,59.0,26688.84,77.3,109
APP001815,900,0,7,0,,0.0,0.0,120
APP001816,527,3,3,2,24.0,14928.66,43.7,84
APP001817,640,0,1,0,,43639.57,50.5,3
APP001818,623,4,3,0,,31311.96,85.6,113
APP001819,603,2,5,0,,52130.87,63.9,157
APP001820,900,1,3,0,,0.0,0.0,183
APP001821,748,3,2,0,,27439.28,26.6,88
APP001822,641,5,1,0,,11167.19,66.3,11
APP001823,684,0,5,0,,0.0,52.4,68
APP001824,666,7,5,1,3.0,6726.15,94.5,42
APP001825,723,2,2,0,,12157.11,55.3,71
APP001826,719,2,4,0,,2108.95,51.9,29
APP001827,667,1,4,0,,5643.15,35.9,74
APP001828,710,5,1,0,,38975.48,83.1,141
APP001829,699,0,6,0,,9182.78,61.5,162
APP001830,584,3,3,0,,26126.93,50.1,24
APP001831,758,2,4,0,,0.0,79.1,160
APP001832,825,2,1,0,,2942.68,0.0,60
APP001833,647,0,3,0,,27187.04,49.5,104
APP001834,664,0,1,0,,30214.8,92.9,70
APP001835,583,3,1,2,8.0,35142.14,54.1,120
APP001836,818,3,4,0,,0.0,65.8,139
APP001837,782,1,2,0,,26825.34,55.4,15
APP001838,781,3,4,0,,9474.13,36.3,108
APP001839,693,0,1,0,,3769.56,21.9,145
APP001840,716,0,3,0,,4794.7,43.6,3
APP001841,739,1,3,0,,24804.51,1.7,86
APP001842,768,4,0,0,,19141.71,46.8,144
APP001843,591,4,1,1,11.0,31345.84,67.3,67
APP001844,797,1,1,0,,31811.77,90.0,64
APP001845,613,2,3,1,20.0,16319.25,55.6,104
APP001846,693,0,1,0,,19987.32,51.8,131
APP001847,755,1,2,0,,9690.56,47.4,107
APP001848,641,1,9,0,,26722.44,82.8,52
APP001849,730,1,5,0,,13213.04,34.1,73
APP001850,770,0,3,0,,4784.41,20.8,118
APP001851,718,0,3,0,,2441.7,67.7,137
APP001852,635,2,1,1,15.0,25028.14,84.8,85
APP001853,830,3,8,0,,0.0,20.0,61
APP001854,664,5,1,1,74.0,24552.52,64.0,104
APP001855,766,1,3,0,,0.0,50.1,139
APP001856,700,4,3,0,,12494.7,10.3,141
APP001857,547,2,3,3,13.0,26410.99,72.9,62
APP001858,791,3,3,0,,0.0,14.5,170
APP001859,707,0,4,0,,17341.52,37.1,115
APP001860,735,2,4,0,,5443.45,18.8,83
APP001861,605,2,2,1,29.0,19051.39,54.1,124
APP001862,634,0,1,0,,4901.17,33.6,115
APP001863,703,2,3,0,,29322.93,45.8,70
APP001864,642,0,2,0,,4176.93,37.4,41
APP001865,691,1,4,0,,0.0,39.0,53
APP001866,587,4,3,0,,26496.31,38.7,53
APP001867,731,0,2,0,,3.86,14.4,6
APP001868,541,3,2,1,20.0,11287.83,83.7,3
APP001869,798,1,3,0,,5260.56,38.6,116
APP001870,728,2,3,0,,19204.54,9.3,161
APP001871,668,0,2,0,,10423.88,2.6,50
APP001872,490,3,2,3,10.0,40058.33,66.0,117
APP001873,628,1,4,0,,13920.48,15.4,90
APP001874,496,6,1,0,,52084.62,100.0,107
APP001875,549,2,4,2,19.0,25795.7,40.7,60
APP001876,722,2,1,0,,13594.58,39.1,92
APP001877,801,1,7,0,,0.0,55.9,71
APP001878,695,3,4,0,,15940.64,56.3,199
APP001879,753,1,4,0,,10712.55,39.8,107
APP001880,767,3,4,0,,4150.09,88.4,85
APP001881,586,4,8,0,,20382.63,52.3,29
APP001882,736,4,5,0,,0.0,40.1,87
APP001883,675,0,1,0,,36016.48,55.2,116
APP001884,819,1,5,0,,5213.71,25.4,103
APP001885,506,4,1,1,28.0,31138.38,59.5,4
APP001886,661,2,7,0,,12425.96,29.4,93
APP001887,715,3,8,0,,0.0,7.5,39
APP001888,660,4,1,0,,28668.68,67.2,114
APP001889,695,1,6,1,11.0,28111.71,45.9,110
APP001890,671,4,3,0,,33517.78,67.1,90
APP001891,749,0,4,0,,2515.88,56.0,64
APP001892,492,5,6,2,26.0,25828.84,100.0,106
APP001893,658,1,5,0,,2039.65,45.5,47
APP001894,735,2,2,0,,13176.21,30.1,68
APP001895,742,1,2,0,,7124.92,6.2,68
APP001896,790,0,5,0,,3417.5,26.6,84
APP001897,776,2,7,0,,15726.0,0.0,3
APP001898,599,2,4,0,,13871.61,44.5,145
APP001899,820,5,5,0,,12804.97,39.3,144
APP001900,664,2,4,0,,8610.12,46.0,63
APP001901,570,2,2,0,,41750.68,55.4,180
APP001902,583,5,4,0,,33662.28,93.6,62
APP001903,698,1,4,0,,25963.44,42.7,109
APP001904,663,2,2,0,,15582.12,34.3,102
APP001905,743,1,3,0,,7347.88,82.2,152
APP001906,687,3,0,0,,20742.54,77.1,70
APP001907,629,1,5,0,,16053.38,40.4,137
APP001908,755,0,3,0,,15837.96,39.9,80
APP001909,601,2,1,0,,26284.09,100.0,133
APP001910,640,4,1,0,,27338.97,74.8,108
APP001911,659,6,2,0,,24145.61,71.1,91
APP001912,656,3,3,0,,6382.59,19.7,76
APP001913,846,2,10,0,,4225.24,1.0,114
APP001914,644,2,0,0,,33466.34,72.5,19
APP001915,774,1,2,0,,19669.13,49.6,21
APP001916,764,1,4,0,,3977.79,75.1,3
APP001917,775,1,6,0,,702.87,28.5,114
APP001918,783,1,3,0,,1987.36,32.2,157
APP001919,607,2,5,0,,8597.66,42.6,55
APP001920,605,3,3,0,,16475.99,60.8,67
APP001921,598,5,0,0,,28941.2,59.4,44
APP001922,770,8,4,0,,23283.43,36.7,34
APP001923,802,2,4,0,,0.0,0.0,65
APP001924,676,0,2,0,,7369.16,9.4,83
APP001925,773,1,5,0,,5752.13,0.0,35
APP001926,605,2,0,0,,18957.73,59.1,106
APP001927,662,4,3,0,,24272.4,43.4,77
APP001928,672,1,3,0,,4658.74,17.0,126
APP001929,808,2,1,0,,7107.39,46.3,107
APP001930,591,2,3,0,,19652.09,78.6,98
APP001931,695,2,5,0,,23847.2,43.0,77
APP001932,733,1,1,0,,19900.36,39.9,157
APP001933,596,2,1,0,,20155.89,46.0,65
APP001934,778,5,8,0,,13042.16,15.2,177
APP001935,639,3,2,0,,10073.52,80.8,91
APP001936,561,4,6,1,10.0,38072.99,57.9,153
APP001937,468,6,3,0,,13749.35,31.8,60
APP001938,759,0,1,0,,1228.33,24.1,129
APP001939,630,0,2,0,,21534.05,36.5,3
APP001940,708,0,6,0,,23912.3,74.7,133
APP001941,741,2,3,0,,22071.3,21.3,90
APP001942,864,2,6,0,,0.0,0.0,91
APP001943,771,1,5,0,,3621.33,40.8,208
APP001944,878,2,4,0,,0.0,31.5,3
APP001945,555,5,1,3,1.0,46001.54,98.1,116
APP001946,719,3,2,0,,3699.42,96.9,47
APP001947,586,4,2,1,1.0,20279.77,42.7,93
APP001948,694,1,1,0,,25302.92,29.5,117
APP001949,616,1,1,1,17.0,10435.06,44.3,39
APP001950,627,2,2,1,1.0,20497.11,51.4,113
APP001951,732,1,2,0,,27236.01,58.5,105
APP001952,535,2,1,1,7.0,42479.91,57.2,3
APP001953,669,3,2,1,1.0,38336.94,72.4,21
APP001954,627,2,2,2,45.0,35577.63,52.1,180
APP001955,631,3,3,0,,29261.42,52.0,107
APP001956,610,7,2,2,21.0,22586.47,59.8,176
APP001957,626,0,10,0,,16733.47,45.7,108
APP001958,783,1,2,0,,4080.52,53.6,118
APP001959,769,3,4,0,,25572.25,65.5,83
APP001960,759,1,7,0,,0.0,21.3,100
APP001961,705,4,3,1,10.0,31487.01,62.2,38
APP001962,652,2,2,0,,16165.54,56.1,121
APP001963,900,3,8,0,,10303.9,10.8,97
APP001964,689,3,4,0,,17153.17,45.2,78
APP001965,783,1,3,0,,11683.91,0.0,165
APP001966,609,0,4,0,,20697.72,34.8,159
APP001967,675,4,1,1,57.0,26502.71,65.4,90
APP001968,735,2,4,0,,3930.82,0.0,4
APP001969,677,1,1,0,,3851.7,0.0,136
APP001970,542,1,2,4,25.0,37556.93,58.3,175
APP001971,900,1,4,0,,6743.93,0.0,139
APP001972,900,1,6,0,,0.0,25.0,97
APP001973,639,0,6,0,,24765.93,23.8,136
APP001974,706,1,4,0,,23744.31,35.2,7
APP001975,729,0,4,0,,0.0,40.7,102
APP001976,590,4,1,1,19.0,28742.18,36.4,25
APP001977,469,8,0,4,28.0,47345.14,100.0,93
APP001978,835,2,3,0,,6856.31,8.4,89
APP001979,545,8,2,0,,31337.38,29.7,40
APP001980,631,1,4,0,,0.0,29.3,124
APP001981,717,0,3,0,,27380.24,29.1,60
APP001982,599,2,2,0,,18997.02,89.0,39
APP001983,599,2,3,0,,28958.5,38.2,111
APP001984,569,7,4,0,,8191.02,40.9,208
APP001985,821,2,1,0,,18261.11,36.6,137
APP001986,788,4,7,0,,33848.19,69.5,43
APP001987,645,2,4,0,,24111.49,76.2,52
APP001988,691,0,3,0,,21688.21,80.1,48
APP001989,668,2,6,0,,9045.94,80.8,86
APP001990,769,0,3,0,,17757.69,0.0,106
APP001991,781,0,3,0,,19365.06,0.0,132
APP001992,601,1,2,0,,34048.02,0.0,52
APP001993,650,4,3,0,,28156.79,61.6,69
APP001994,762,2,4,0,,14948.2,12.3,102
APP001995,713,1,4,0,,9357.15,0.0,60
APP001996,687,2,3,0,,24024.99,33.5,86
APP001997,694,2,1,0,,15394.15,45.2,134
APP001998,571,1,6,0,,24017.47,27.4,83
APP001999,641,0,3,0,,19130.09,26.5,49
APP002000,765,1,7,0,,0.0,16.6,92
APP002001,784,0,4,0,,14855.09,0.0,104
APP002002,619,2,2,0,,3622.08,56.3,143
APP002003,900,1,5,0,,0.0,0.9,98
APP002004,705,3,4,0,,26566.04,31.3,166
APP002005,744,3,3,0,,21211.37,0.0,102
APP002006,666,1,3,0,,6826.68,59.8,91
APP002007,872,2,7,0,,0.0,15.3,186
APP002008,647,0,1,0,,854.94,0.0,121
APP002009,828,1,4,0,,10047.59,32.0,126
APP002010,630,1,1,0,,30457.74,31.0,122
APP002011,840,0,4,0,,0.0,0.0,224
APP002012,664,1,1,0,,7004.0,21.1,85
APP002013,660,1,2,0,,12087.29,23.0,70
APP002014,628,1,3,0,,20251.43,42.6,101
APP002015,814,1,2,0,,12184.7,11.3,120
APP002016,665,4,4,1,18.0,26026.0,69.5,165
APP002017,672,1,6,0,,0.0,65.2,114
APP002018,854,2,6,0,,0.0,0.0,61
APP002019,678,3,0,0,,11702.46,42.3,100
APP002020,716,1,5,0,,8616.35,26.9,106
APP002021,679,2,2,0,,8797.6,100.0,59
APP002022,698,5,6,0,,33599.43,78.5,177
APP002023,745,7,4,1,23.0,26810.8,78.2,58
APP002024,754,0,2,0,,22858.02,36.0,204
APP002025,752,1,2,0,,11019.17,26.9,51
APP002026,729,1,5,0,,15712.81,37.2,128
APP002027,633,5,2,1,5.0,17123.27,78.3,79
APP002028,725,1,1,0,,0.0,21.4,98
APP002029,639,1,1,0,,14272.05,55.3,67
APP002030,757,4,3,0,,11731.75,32.4,102
APP002031,835,3,7,0,,0.0,19.4,81
APP002032,650,2,0,0,,0.0,36.3,109
APP002033,715,1,3,0,,12089.8,57.8,66
APP002034,678,0,2,0,,14435.61,80.9,98
APP002035,712,2,3,0,,1483.74,9.9,191
APP002036,693,0,3,0,,2611.74,29.0,182
APP002037,613,2,2,0,,18333.34,41.9,68
APP002038,756,4,3,0,,0.0,68.4,207
APP002039,685,2,2,0,,21435.98,74.2,114
APP002040,792,0,2,0,,18310.14,59.2,171
APP002041,680,1,4,0,,11162.82,28.2,39
APP002042,678,0,5,0,,0.0,23.9,93
APP002043,528,3,1,1,22.0,47426.85,66.9,70
APP002044,763,2,2,0,,14126.0,41.0,104
APP002045,794,0,3,0,,0.0,6.5,69
APP002046,654,2,6,0,,40974.81,42.6,151
APP002047,808,2,12,0,,0.0,55.2,131
APP002048,656,7,0,4,53.0,36215.01,85.5,25
APP002049,702,1,4,0,,9665.15,23.5,3
APP002050,626,3,2,0,,20681.89,48.2,119
APP002051,620,3,4,0,,23991.61,61.3,90
APP002052,797,1,6,0,,0.0,0.0,164
APP002053,695,3,5,0,,9996.09,57.4,131
APP002054,662,1,7,0,,25800.03,32.0,125
APP002055,709,2,3,0,,7837.66,56.1,20
APP002056,783,1,1,0,,28804.7,54.0,177
APP002057,649,4,4,1,37.0,8041.24,24.6,118
APP002058,563,6,4,1,5.0,8420.92,58.1,50
APP002059,733,0,3,0,,19375.57,31.1,52
APP002060,732,1,3,0,,14879.37,16.8,92
APP002061,620,1,4,0,,0.0,43.7,159
APP002062,747,1,2,0,,11546.73,23.5,117
APP002063,638,1,0,1,39.0,7590.89,48.4,124
APP002064,670,0,1,0,,33769.87,28.1,108
APP002065,614,2,2,1,10.0,27401.27,83.6,3
APP002066,659,2,2,0,,26533.7,53.9,15
APP002067,702,0,5,0,,741.17,48.4,3
APP002068,570,3,7,0,,24830.18,33.0,130
APP002069,631,2,4,0,,5787.24,55.1,128
APP002070,653,1,5,0,,0.0,16.6,141
APP002071,658,1,2,0,,16141.52,56.9,71
APP002072,662,2,6,0,,20050.28,20.1,45
APP002073,575,0,2,1,13.0,19396.59,55.4,90
APP002074,609,3,6,2,35.0,16162.93,47.9,123
APP002075,588,6,2,2,120.0,40668.11,83.6,93
APP002076,701,2,1,3,47.0,25033.85,57.7,124
APP002077,531,0,3,0,,7862.01,71.8,106
APP002078,625,9,4,3,5.0,16037.9,89.7,98
APP002079,788,0,1,0,,736.51,0.0,26
APP002080,771,0,8,0,,19158.4,17.6,110
APP002081,716,2,3,0,,15440.74,12.0,107
APP002082,763,1,4,0,,9172.64,14.8,128
APP002083,684,2,0,0,,7179.67,36.2,53
APP002084,601,4,1,0,,22014.1,72.1,113
APP002085,776,1,2,0,,15816.28,50.6,104
APP002086,820,0,5,0,,0.0,17.9,52
APP002087,711,2,3,0,,4945.11,49.7,94
APP002088,696,2,2,0,,11072.23,49.5,85
APP002089,822,4,1,0,,0.0,10.2,78
APP002090,674,1,3,0,,18900.45,32.8,91
APP002091,693,4,3,0,,13428.7,57.7,74
APP002092,734,2,3,0,,582.07,47.0,57
APP002093,664,1,3,0,,23694.89,0.0,114
APP002094,690,0,4,0,,6551.28,3.5,66
APP002095,754,3,3,0,,29129.48,69.8,112
APP002096,779,0,4,0,,10059.52,22.9,208
APP002097,667,2,3,0,,10870.06,24.9,150
APP002098,648,2,1,0,,14490.9,78.5,88
APP002099,783,0,6,0,,5331.53,43.1,63
APP002100,706,1,3,0,,22005.66,33.2,68
APP002101,749,0,2,0,,19058.71,31.9,112
APP002102,634,2,3,0,,19451.95,43.7,36
APP002103,612,3,3,1,16.0,28530.79,100.0,94
APP002104,732,1,3,0,,0.0,40.1,76
APP002105,610,4,3,0,,28147.67,54.9,130
APP002106,734,1,2,1,6.0,23767.02,80.6,93
APP002107,600,1,4,1,20.0,27210.42,88.6,34
APP002108,716,1,3,0,,29484.55,45.9,5
APP002109,675,2,7,0,,3026.55,53.1,152
APP002110,710,2,3,0,,26598.82,8.7,38
APP002111,650,2,5,0,,0.0,49.0,71
APP002112,720,1,4,0,,680.65,9.4,190
APP002113,806,0,3,0,,2058.92,59.8,38
APP002114,605,1,3,0,,20649.4,55.2,137
APP002115,792,2,3,0,,4764.48,35.3,136
APP002116,658,4,2,0,,32472.79,21.3,39
APP002117,672,1,1,0,,20376.15,70.0,117
APP002118,660,4,4,0,,10490.41,56.3,36
APP002119,794,1,6,0,,12988.69,40.1,90
APP002120,564,2,3,0,,16322.02,53.0,52
APP002121,754,0,0,0,,1149.06,16.4,131
APP002122,784,2,10,0,,2918.91,14.9,173
APP002123,546,2,2,2,1.0,27802.31,53.1,3
APP002124,709,2,3,0,,5640.56,28.7,60
APP002125,672,2,3,0,,19113.86,91.9,180
APP002126,671,4,4,1,12.0,33445.95,74.6,52
APP002127,702,2,3,0,,23069.44,62.7,94
APP002128,722,1,7,0,,6310.38,62.8,158
APP002129,443,6,1,4,18.0,42557.98,100.0,70
APP002130,534,1,3,2,25.0,34418.66,64.3,83
APP002131,607,5,1,2,1.0,36220.54,32.2,41
APP002132,871,2,3,0,,1104.96,37.8,122
APP002133,588,3,6,0,,45481.24,65.4,70
APP002134,554,1,5,0,,9540.16,57.2,92
APP002135,667,1,4,0,,32590.36,61.9,90
APP002136,708,0,5,0,,10393.01,59.3,74
APP002137,639,1,5,0,,0.0,32.8,129
APP002138,775,1,4,0,,7246.7,7.3,93
APP002139,634,2,3,1,14.0,30600.52,80.1,3
APP002140,621,1,1,0,,37499.87,40.4,66
APP002141,892,1,4,0,,0.0,46.6,88
APP002142,776,1,4,0,,2554.01,49.3,107
APP002143,589,1,2,0,,24362.23,51.6,172
APP002144,900,1,6,0,,11359.95,61.1,52
APP002145,682,1,4,1,8.0,16007.59,69.7,134
APP002146,730,1,1,0,,4809.79,19.9,87
APP002147,652,1,4,0,,7491.08,41.8,76
APP002148,665,4,2,0,,27270.6,60.0,54
APP002149,638,4,0,0,,19076.22,25.5,86
APP002150,803,2,3,0,,469.07,30.2,194
APP002151,773,1,3,0,,8817.54,60.0,86
APP002152,829,0,6,0,,15290.84,0.0,57
APP002153,756,3,3,0,,0.0,34.6,16
APP002154,802,1,1,0,,0.0,13.8,144
APP002155,736,3,4,0,,6081.36,35.5,85
APP002156,678,0,5,0,,18153.08,47.0,100
APP002157,741,1,2,0,,27560.2,50.8,103
APP002158,851,2,2,0,,534.23,36.0,159
APP002159,623,1,1,0,,26100.87,48.0,77
APP002160,511,5,1,1,17.0,49897.13,90.0,134
APP002161,805,3,3,0,,5070.95,51.1,55
APP002162,628,1,3,0,,14403.2,40.1,79
APP002163,639,2,3,0,,27868.3,65.9,220
APP002164,648,0,0,0,,25599.43,39.5,70
APP002165,715,2,4,0,,16392.69,32.8,80
APP002166,643,3,2,0,,26364.34,24.8,67
APP002167,723,1,6,0,,11964.96,72.7,75
APP002168,617,0,0,0,,22573.29,53.0,124
APP002169,692,2,5,0,,6641.87,71.5,63
APP002170,726,1,0,0,,12019.44,51.9,107
APP002171,900,3,3,0,,10942.84,27.1,70
APP002172,866,1,5,0,,0.0,0.0,3
APP002173,716,1,1,0,,8668.2,41.0,105
APP002174,752,1,4,0,,14984.29,49.4,100
APP002175,520,3,3,0,,31039.72,95.0,179
APP002176,760,0,2,0,,12728.57,21.7,164
APP002177,633,2,2,0,,23140.29,100.0,152
APP002178,649,3,1,2,51.0,6446.99,84.9,105
APP002179,702,0,2,0,,11279.97,0.0,59
APP002180,679,2,1,0,,0.0,13.2,105
APP002181,773,0,6,0,,0.0,64.1,48
APP002182,667,4,4,0,,19827.48,81.7,116
APP002183,786,0,1,0,,15057.35,5.1,58
APP002184,817,1,8,0,,0.0,19.2,20
APP002185,707,1,2,0,,4527.99,3.0,152
APP002186,772,1,4,0,,26386.3,45.2,136
APP002187,735,2,4,0,,5799.49,0.0,153
APP002188,650,4,0,1,12.0,29699.4,48.2,71
APP002189,732,1,1,0,,11778.81,50.9,95
APP002190,759,2,2,0,,11054.21,24.9,129
APP002191,739,0,1,0,,6313.72,48.5,139
APP002192,729,2,1,1,3.0,29343.05,34.1,134
APP002193,696,0,9,0,,17011.98,23.3,67
APP002194,716,0,2,0,,31043.16,24.2,118
APP002195,665,1,1,0,,11154.2,92.5,65
APP002196,775,1,5,0,,12445.59,73.8,125
APP002197,672,0,1,0,,11785.11,57.2,95
APP002198,502,2,3,0,,19263.42,81.1,96
APP002199,729,0,3,0,,32.35,57.8,141
APP002200,447,6,1,6,6.0,38879.17,100.0,164
APP002201,717,1,3,0,,7167.7,32.7,47
APP002202,560,4,3,0,,38278.34,93.9,3
APP002203,861,1,2,0,,0.0,42.2,64
APP002204,728,0,3,0,,26838.12,57.0,94
APP002205,718,1,7,0,,546.14,46.6,144
APP002206,673,2,2,0,,50826.01,12.2,7
APP002207,892,2,4,0,,5442.81,0.0,100
APP002208,642,3,5,0,,22166.75,82.1,84
APP002209,597,4,3,3,25.0,23672.03,97.7,3
APP002210,805,2,2,0,,14531.72,52.0,113
APP002211,719,2,8,0,,13166.67,52.0,138
APP002212,699,1,2,0,,6428.31,39.4,142
APP002213,719,1,2,0,,766.58,95.0,155
APP002214,747,2,0,0,,4193.84,20.7,94
APP002215,761,5,0,0,,10915.15,33.6,25
APP002216,662,2,1,0,,20364.64,45.0,163
APP002217,647,1,1,0,,18819.61,60.5,127
APP002218,784,0,2,0,,10460.97,31.0,91
APP002219,610,4,6,1,15.0,29223.65,61.9,170
APP002220,687,5,2,0,,29730.37,33.7,142
APP002221,785,1,5,0,,0.0,0.2,49
APP002222,792,2,1,0,,11826.96,80.3,132
APP002223,730,1,2,0,,21389.87,89.4,103
APP002224,828,2,8,0,,0.0,25.3,95
APP002225,523,3,4,0,,28392.56,74.5,82
APP002226,661,2,2,0,,18491.51,28.6,136
APP002227,531,3,2,1,1.0,33657.28,34.2,36
APP002228,761,2,4,0,,0.0,45.7,126
APP002229,707,5,4,0,,22929.36,67.3,28
APP002230,591,3,3,0,,23738.84,10.4,137
APP002231,794,1,9,0,,0.0,2.1,72
APP002232,766,2,3,0,,22799.44,41.1,112
APP002233,739,1,3,0,,11383.52,49.8,110
APP002234,664,1,3,0,,13703.39,25.9,134
APP002235,667,2,1,1,3.0,14643.03,53.3,49
APP002236,647,1,2,0,,3687.37,100.0,62
APP002237,623,3,4,0,,29072.92,62.3,104
APP002238,652,1,2,0,,12465.07,33.7,65
APP002239,772,5,8,0,,3279.21,18.0,141
APP002240,539,3,3,0,,22097.48,77.0,129
APP002241,561,5,1,2,21.0,24769.21,85.6,107
APP002242,713,3,2,0,,12612.28,38.1,80
APP002243,721,1,8,0,,29645.95,27.9,156
APP002244,591,5,2,1,3.0,26461.83,59.3,143
APP002245,615,2,5,0,,17761.79,67.3,86
APP002246,678,0,5,0,,20005.76,57.1,59
APP002247,689,4,4,0,,26573.85,28.1,146
APP002248,577,4,4,2,10.0,25141.23,42.3,136
APP002249,769,0,4,0,,0.0,57.4,127
APP002250,773,0,2,0,,16575.82,0.0,74
APP002251,665,4,4,0,,4075.48,20.5,159
APP002252,829,0,4,0,,15314.09,48.9,52
APP002253,610,5,3,1,10.0,35467.63,61.9,144
APP002254,759,2,4,0,,24185.1,14.0,147
APP002255,633,1,2,3,14.0,22855.71,90.0,30
APP002256,766,1,4,0,,20872.65,43.3,79
APP002257,734,2,2,0,,8610.46,0.9,53
APP002258,738,2,3,0,,26108.8,62.4,91
APP002259,502,6,3,2,23.0,36464.89,93.9,113
APP002260,527,4,4,2,11.0,39837.11,76.8,72
APP002261,777,3,4,0,,5299.87,3.3,50
APP002262,465,6,3,4,12.0,45076.54,100.0,152
APP002263,714,1,2,0,,26251.74,21.2,44
APP002264,789,2,4,0,,6267.87,4.9,74
APP002265,739,2,2,0,,46725.23,72.4,114
APP002266,644,1,6,0,,6319.86,21.6,76
APP002267,609,2,2,0,,283.93,41.1,114
APP002268,685,2,2,0,,8221.05,66.6,123
APP002269,758,2,4,0,,0.0,7.6,72
APP002270,649,1,2,0,,43523.65,25.4,46
APP002271,772,1,3,0,,8928.3,22.6,108
APP002272,699,3,4,0,,16212.59,28.7,80
APP002273,643,6,0,0,,30703.65,51.4,141
APP002274,735,0,8,0,,19574.51,57.2,68
APP002275,589,1,1,0,,25156.6,60.4,157
APP002276,728,1,1,0,,21448.48,63.7,115
APP002277,533,1,5,0,,26088.69,44.5,129
APP002278,642,1,2,0,,19082.82,43.5,79
APP002279,729,1,2,0,,11509.79,22.0,169
APP002280,845,1,2,0,,0.0,43.7,77
APP002281,668,0,4,1,10.0,34129.78,67.5,87
APP002282,683,4,2,0,,18833.04,38.1,44
APP002283,616,3,5,0,,23008.18,56.9,43
APP002284,572,3,3,3,4.0,42581.3,97.1,105
APP002285,609,4,1,2,15.0,31684.64,64.4,62
APP002286,616,4,3,2,16.0,22390.67,45.5,142
APP002287,579,1,4,0,,20434.95,64.8,122
APP002288,625,2,1,1,20.0,20355.82,58.3,127
APP002289,540,0,2,0,,32136.05,64.7,62
APP002290,688,1,4,0,,8836.36,22.6,88
APP002291,719,1,3,0,,6564.06,64.0,92
APP002292,491,2,0,1,5.0,42325.22,68.4,95
APP002293,772,0,4,0,,17694.64,52.7,117
APP002294,614,2,0,0,,16716.24,90.7,91
APP002295,626,1,1,0,,31493.06,65.5,72
APP002296,717,4,2,0,,27587.52,60.1,143
APP002297,710,3,5,1,20.0,28818.46,74.9,56
APP002298,820,1,4,0,,0.0,52.9,81
APP002299,697,2,5,0,,0.0,64.3,123
APP002300,812,1,4,0,,0.0,0.0,112
APP002301,679,4,2,0,,27083.83,28.8,73
APP002302,598,6,2,2,39.0,32389.29,64.2,170
APP002303,481,6,7,0,,23237.75,100.0,133
APP002304,756,4,5,0,,0.0,31.9,62
APP002305,727,1,3,0,,14693.2,77.8,78
APP002306,678,1,2,0,,8917.21,13.3,104
APP002307,646,1,3,0,,12859.77,37.5,130
APP002308,542,7,4,0,,39699.35,35.2,123
APP002309,788,2,1,0,,28679.19,33.5,126
APP002310,846,3,3,0,,0.0,15.1,141
APP002311,636,0,2,0,,22723.65,52.0,48
APP002312,695,0,3,0,,4151.5,99.3,3
APP002313,749,1,0,0,,10572.17,50.1,87
APP002314,686,0,5,0,,24083.37,74.9,82
APP002315,715,3,3,0,,0.0,64.2,90
APP002316,600,2,1,0,,21349.62,80.4,92
APP002317,691,2,3,0,,18185.2,64.2,197
APP002318,699,3,2,0,,5486.57,12.6,89
APP002319,792,1,2,0,,0.0,48.4,17
APP002320,701,2,5,0,,0.0,54.1,3
APP002321,698,2,0,0,,20966.11,51.4,152
APP002322,769,1,2,0,,10925.07,37.6,96
APP002323,529,2,3,1,16.0,23767.43,61.2,84
APP002324,690,1,0,0,,25500.92,28.8,138
APP002325,851,3,8,0,,0.0,11.0,73
APP002326,550,1,2,0,,26473.85,52.0,62
APP002327,560,2,2,2,27.0,34594.4,85.5,105
APP002328,602,4,4,0,,38277.52,87.0,20
APP002329,651,1,3,0,,0.0,46.6,108
APP002330,643,1,4,0,,16347.13,59.9,73
APP002331,771,2,2,0,,12005.59,24.1,94
APP002332,866,3,2,0,,0.0,0.8,5
APP002333,636,1,6,0,,4004.4,64.8,212
APP002334,727,2,6,0,,9941.35,0.0,94
APP002335,758,1,2,0,,22805.06,43.8,153
APP002336,865,0,4,0,,0.0,18.9,75
APP002337,613,2,2,0,,23086.81,55.3,65
APP002338,605,5,0,0,,26118.9,55.9,108
APP002339,726,1,3,0,,19970.35,66.1,84
APP002340,544,3,3,1,68.0,16755.06,40.6,105
APP002341,580,1,6,0,,28127.04,60.7,56
APP002342,692,3,7,0,,21605.08,88.2,142
APP002343,604,2,5,0,,27666.65,80.0,30
APP002344,690,0,3,0,,0.0,58.9,78
APP002345,708,1,3,0,,23162.21,57.1,151
APP002346,697,1,2,0,,2540.77,67.4,137
APP002347,593,2,3,0,,37287.9,47.1,105
APP002348,712,3,2,0,,23160.61,82.9,206
APP002349,696,0,2,0,,22027.19,62.6,73
APP002350,845,0,5,0,,3485.26,28.9,35
APP002351,667,2,5,0,,15789.17,44.5,77
APP002352,660,0,1,0,,5610.28,89.5,159
APP002353,621,2,3,1,16.0,17200.28,65.9,154
APP002354,560,9,1,2,1.0,35314.92,60.1,121
APP002355,658,1,3,0,,21433.02,62.8,17
APP002356,803,4,3,0,,20474.22,24.4,88
APP002357,750,1,5,0,,2695.23,8.1,27
APP002358,608,1,5,0,,24369.16,58.1,133
APP002359,759,1,2,0,,19215.13,39.4,145
APP002360,592,0,4,0,,20792.52,32.2,3
APP002361,682,1,3,0,,15190.75,13.9,92
APP002362,709,2,2,0,,11199.9,39.7,85
APP002363,779,1,4,0,,2422.64,13.5,3
APP002364,580,6,2,0,,31471.98,42.1,116
APP002365,633,5,5,0,,17811.53,38.7,140
APP002366,730,1,2,0,,12542.32,73.8,89
APP002367,804,2,3,0,,17766.95,48.2,54
APP002368,790,1,3,0,,9264.84,12.6,132
APP002369,707,1,0,0,,17176.29,38.2,115
APP002370,709,3,3,0,,598.22,52.7,187
APP002371,520,2,7,1,13.0,45942.26,58.5,178
APP002372,594,5,3,0,,33576.98,70.1,148
APP002373,660,1,2,0,,12229.28,28.5,87
APP002374,738,0,5,0,,11678.99,68.0,124
APP002375,712,1,4,0,,41120.13,24.0,27
APP002376,675,4,1,0,,19914.31,65.4,136
APP002377,682,4,3,0,,16257.08,21.1,131
APP002378,791,3,5,0,,6716.78,0.0,127
APP002379,692,6,2,0,,6954.16,42.6,112
APP002380,738,1,3,0,,11651.76,33.1,59
APP002381,690,0,5,0,,13634.09,0.0,122
APP002382,756,2,4,0,,16513.51,43.6,69
APP002383,740,1,5,0,,0.0,78.0,151
APP002384,720,1,1,0,,21605.74,37.4,189
APP002385,497,3,3,3,4.0,35176.15,56.2,110
APP002386,664,2,0,0,,17164.59,75.1,100
APP002387,778,1,3,0,,3726.7,38.1,150
APP002388,607,3,1,1,2.0,24844.39,35.9,66
APP002389,703,2,2,0,,5517.73,57.8,71
APP002390,791,0,8,0,,0.0,0.0,149
APP002391,765,0,4,0,,8597.87,28.7,20
APP002392,817,0,5,0,,2290.0,49.7,103
APP002393,838,1,5,0,,0.0,28.7,96
APP002394,853,0,5,0,,10190.75,11.0,80
APP002395,755,1,2,0,,21267.85,0.0,77
APP002396,634,1,2,2,1.0,24084.86,88.4,106
APP002397,766,2,6,0,,11062.6,64.3,93
APP002398,652,4,6,0,,29079.08,58.4,213
APP002399,732,4,5,0,,21934.94,37.7,81
APP002400,799,0,2,0,,7973.08,26.5,103
APP002401,679,2,1,0,,9778.24,62.0,83
APP002402,763,1,3,0,,18304.74,21.3,63
APP002403,859,0,4,0,,6752.04,6.3,40
APP002404,812,0,3,0,,2932.75,4.7,97
APP002405,730,1,1,0,,17000.87,46.9,140
APP002406,701,2,1,0,,9607.43,13.3,144
APP002407,704,1,3,0,,10933.58,74.5,129
APP002408,828,0,3,0,,814.43,65.7,123
APP002409,623,2,2,0,,8547.23,84.8,180
APP002410,782,1,4,0,,13458.84,48.2,58
APP002411,673,1,1,0,,22070.5,36.2,74
APP002412,801,0,3,0,,12305.01,28.0,60
APP002413,446,1,5,0,,35561.32,53.3,175
APP002414,816,2,1,0,,6819.7,16.8,145
APP002415,673,1,8,0,,8548.51,42.1,72
APP002416,668,2,3,0,,4599.12,52.0,39
APP002417,670,0,9,0,,3543.34,39.1,174
APP002418,638,3,5,1,57.0,36253.16,97.6,48
APP002419,531,2,3,1,13.0,38665.57,67.6,92
APP002420,751,0,2,0,,12944.43,66.1,157
APP002421,599,5,4,0,,12712.74,43.1,80
APP002422,636,0,2,0,,20726.72,60.1,19
APP002423,586,5,0,0,,22746.71,58.9,129
APP002424,701,1,5,0,,13629.14,41.6,80
APP002425,786,2,3,0,,0.0,41.9,30
APP002426,642,2,1,0,,31443.94,60.7,75
APP002427,621,2,5,0,,0.0,70.4,80
APP002428,695,2,4,0,,44854.29,76.6,11
APP002429,702,0,3,0,,18801.14,81.1,63
APP002430,677,6,1,0,,25681.89,69.2,92
APP002431,681,4,1,0,,20637.33,3.0,184
APP002432,452,6,2,3,8.0,34419.66,100.0,56
APP002433,754,1,1,0,,10609.57,82.5,129
APP002434,709,3,1,0,,2448.96,57.4,55
APP002435,717,2,4,0,,8981.75,45.8,75
APP002436,809,1,5,0,,8230.07,0.0,175
APP002437,780,1,4,0,,22341.21,34.7,40
APP002438,685,3,4,1,15.0,26467.6,49.3,31
APP002439,786,4,4,0,,0.0,30.4,134
APP002440,711,0,1,0,,4811.41,18.6,95
APP002441,690,1,4,0,,13653.18,57.9,52
APP002442,806,3,7,0,,19973.67,13.1,159
APP002443,733,0,3,0,,16793.86,57.7,81
APP002444,812,1,6,0,,8188.11,20.8,41
APP002445,669,1,4,0,,2840.31,25.6,135
APP002446,737,0,3,0,,5428.77,23.9,3
APP002447,608,3,7,0,,17888.13,62.5,82
APP002448,627,2,6,0,,16877.78,88.8,85
APP002449,505,10,4,2,30.0,36659.14,80.5,120
APP002450,670,3,1,0,,30646.71,41.5,44
APP002451,796,3,4,0,,3207.56,46.5,77
APP002452,647,3,2,0,,0.0,27.3,60
APP002453,770,2,3,0,,19773.04,29.8,110
APP002454,838,0,8,0,,0.0,18.1,161
APP002455,681,1,2,0,,7107.51,38.4,8
APP002456,583,5,4,0,,25679.47,97.1,105
APP002457,681,2,3,0,,21694.23,26.3,123
APP002458,842,1,5,0,,1226.11,15.6,123
APP002459,501,2,4,1,29.0,24228.65,81.4,117
APP002460,824,1,7,0,,3820.97,16.7,83
APP002461,589,2,1,0,,25009.32,55.0,143
APP002462,772,0,7,0,,0.0,4.9,113
APP002463,689,1,1,0,,9155.2,41.2,41
APP002464,665,3,4,0,,26260.67,59.7,56
APP002465,747,2,5,0,,33563.61,38.5,41
APP002466,689,0,1,0,,3629.93,18.4,116
APP002467,828,2,2,0,,21704.72,55.2,93
APP002468,726,0,3,0,,16878.93,80.0,3
APP002469,717,2,2,0,,7377.77,40.2,107
APP002470,772,0,10,0,,0.0,29.9,139
APP002471,508,4,3,5,3.0,26847.95,67.7,106
APP002472,848,1,3,0,,29691.68,34.6,18
APP002473,665,0,3,0,,0.0,10.7,73
APP002474,617,3,4,0,,31447.2,92.8,59
APP002475,833,1,4,0,,13632.97,27.0,105
APP002476,878,0,6,0,,0.0,0.0,196
APP002477,739,1,3,0,,17807.82,46.3,153
APP002478,631,1,3,0,,18718.39,58.0,83
APP002479,721,1,1,0,,18753.18,87.3,87
APP002480,698,3,4,2,7.0,39174.06,53.2,102
APP002481,539,3,2,2,27.0,19684.49,73.8,27
APP002482,716,2,3,0,,10003.47,74.1,118
APP002483,822,2,5,0,,17388.05,0.0,136
APP002484,534,6,1,0,,34887.12,62.6,26
APP002485,468,7,3,1,14.0,42691.5,68.0,57
APP002486,613,2,1,0,,13995.45,66.8,105
APP002487,656,4,1,0,,24477.97,39.9,67
APP002488,731,2,4,0,,13015.37,20.8,49
APP002489,648,1,4,0,,11097.83,0.0,61
APP002490,624,0,2,0,,20737.65,100.0,104
APP002491,768,2,2,0,,7257.28,18.6,36
APP002492,720,4,6,0,,18847.43,75.4,127
APP002493,606,3,1,0,,30073.11,61.5,158
APP002494,786,1,1,0,,0.0,33.9,82
APP002495,733,3,5,0,,0.0,52.5,115
APP002496,751,1,9,0,,0.0,57.6,80
APP002497,535,5,3,1,2.0,27822.54,46.0,175
APP002498,703,2,2,0,,30848.99,25.1,64
APP002499,654,0,2,0,,7024.87,18.4,9
APP002500,726,1,4,0,,4534.21,26.7,41
APP002501,673,4,2,0,,19364.78,41.1,67
APP002502,754,1,4,0,,18292.92,55.4,119
APP002503,687,1,5,0,,9377.61,57.6,154
APP002504,735,3,4,0,,53.53,0.0,133
APP002505,780,2,6,0,,15389.37,31.9,121
APP002506,752,0,0,0,,13528.59,45.3,132
APP002507,702,0,6,0,,6834.08,52.8,170
APP002508,645,7,4,0,,29689.2,15.2,88
APP002509,612,0,0,1,10.0,22831.71,77.4,64
APP002510,627,0,3,0,,22193.39,52.2,31
APP002511,735,0,1,0,,22506.39,64.7,43
APP002512,747,1,3,0,,17771.71,30.8,64
APP002513,687,0,2,0,,7912.04,14.9,93
APP002514,590,7,4,0,,24932.56,50.3,52
APP002515,741,2,4,0,,2929.31,0.0,40
APP002516,642,1,2,0,,7705.62,38.9,169
APP002517,893,2,4,0,,0.0,0.0,99
APP002518,702,0,4,0,,13769.43,65.2,85
APP002519,752,3,6,1,31.0,33894.49,90.0,141
APP002520,760,3,7,0,,1766.89,28.8,87
APP002521,590,3,1,0,,42400.1,94.3,94
APP002522,705,2,2,0,,22983.28,66.6,60
APP002523,674,2,2,0,,28875.84,42.9,105
APP002524,543,1,1,0,,28349.96,88.0,76
APP002525,565,6,4,1,10.0,27984.14,58.8,61
APP002526,634,2,3,0,,9335.75,83.6,189
APP002527,679,2,4,0,,48615.62,32.2,41
APP002528,621,2,1,0,,25154.51,65.8,79
APP002529,629,2,4,1,10.0,26345.69,90.3,3
APP002530,729,1,0,0,,7353.24,47.7,84
APP002531,814,0,8,0,,0.0,34.0,125
APP002532,663,3,5,0,,20260.55,74.0,191
APP002533,738,2,5,0,,16336.04,55.3,223
APP002534,676,0,2,0,,3810.92,35.1,115
APP002535,763,2,4,0,,11571.3,58.3,77
APP002536,626,0,0,0,,24876.22,49.2,92
APP002537,769,2,3,0,,16199.08,39.2,65
APP002538,537,6,3,1,49.0,42526.3,71.9,42
APP002539,600,2,5,0,,25437.3,28.9,67
APP002540,693,3,3,0,,7592.75,35.3,107
APP002541,640,1,7,0,,18216.66,57.9,13
APP002542,737,5,4,0,,31866.95,46.5,76
APP002543,635,0,3,0,,8558.04,90.2,142
APP002544,804,0,3,0,,19391.7,37.3,30
APP002545,612,6,2,2,24.0,29702.24,86.5,145
APP002546,829,1,4,0,,10520.53,8.4,112
APP002547,688,1,1,0,,18821.45,25.3,115
APP002548,603,1,3,0,,24035.88,13.2,46
APP002549,701,2,6,0,,6648.96,23.9,148
APP002550,734,0,4,0,,14828.44,34.9,175
APP002551,571,10,7,0,,43680.56,67.3,30
APP002552,840,1,5,0,,17445.2,51.0,6
APP002553,664,0,4,0,,21656.95,54.5,96
APP002554,630,0,3,0,,8152.6,69.6,113
APP002555,834,1,6,0,,0.0,11.8,127
APP002556,879,2,2,0,,0.0,17.9,80
APP002557,660,1,4,0,,27340.32,43.9,155
APP002558,733,1,2,0,,37586.48,38.7,47
APP002559,723,0,3,0,,6930.41,54.7,32
APP002560,660,5,2,1,12.0,38529.76,52.5,180
APP002561,674,2,3,0,,23162.45,56.8,52
APP002562,662,0,2,0,,24346.93,53.8,19
APP002563,612,7,4,0,,20872.62,68.5,15
APP002564,744,2,1,0,,0.0,44.7,68
APP002565,662,0,10,0,,7380.49,54.3,112
APP002566,563,1,3,0,,22728.2,14.1,86
APP002567,811,0,4,0,,12305.08,59.5,92
APP002568,704,1,5,0,,16996.01,44.5,35
APP002569,689,1,4,0,,19715.5,53.2,78
APP002570,716,0,4,0,,0.0,85.0,36
APP002571,580,1,4,0,,14440.55,16.1,95
APP002572,744,1,2,1,9.0,8810.35,56.0,59
APP002573,700,0,6,0,,6941.65,13.7,41
APP002574,617,0,1,0,,22405.64,64.2,3
APP002575,615,0,0,0,,29265.06,13.8,3
APP002576,684,4,4,0,,13476.55,48.0,118
APP002577,743,1,2,0,,4698.59,47.6,84
APP002578,548,2,5,0,,16953.55,44.6,174
APP002579,765,0,4,0,,18217.76,28.2,131
APP002580,763,3,4,0,,0.0,27.5,81
APP002581,738,2,7,0,,2263.72,75.2,85
APP002582,787,0,4,0,,0.0,39.6,94
APP002583,785,2,3,0,,1702.27,41.0,119
APP002584,724,2,0,0,,26113.41,51.9,54
APP002585,634,5,2,0,,30839.0,83.4,69
APP002586,780,1,3,0,,0.0,33.4,14
APP002587,765,0,5,0,,0.0,17.9,134
APP002588,675,1,4,0,,27695.49,66.2,69
APP002589,763,1,5,0,,9319.53,54.8,118
APP002590,720,4,3,1,57.0,20601.24,45.6,32
APP002591,608,1,2,0,,21748.79,20.0,132
APP002592,738,0,3,0,,30442.53,8.0,62
APP002593,677,4,4,0,,25238.94,91.2,68
APP002594,664,2,3,0,,5744.98,62.8,40
APP002595,584,2,2,3,40.0,19994.62,98.7,172
APP002596,727,4,4,0,,14733.99,92.3,54
APP002597,713,2,2,1,3.0,32953.93,83.3,82
APP002598,577,8,2,2,43.0,28867.09,27.6,62
APP002599,672,1,3,0,,0.0,41.0,80
APP002600,550,3,4,0,,14329.59,11.5,62
APP002601,661,1,2,0,,27471.47,64.7,89
APP002602,720,4,3,0,,15780.8,30.6,93
APP002603,760,1,5,0,,0.0,4.7,135
APP002604,704,2,4,0,,20316.78,61.3,84
APP002605,653,2,3,0,,20686.38,29.5,119
APP002606,724,0,1,0,,12420.0,49.1,37
APP002607,732,0,6,0,,16449.72,30.3,3
APP002608,747,0,6,0,,11823.35,20.6,53
APP002609,550,6,6,2,45.0,35280.18,70.4,96
APP002610,736,2,2,0,,15211.07,21.2,102
APP002611,601,2,5,0,,30210.11,44.9,103
APP002612,639,2,4,0,,28205.16,73.5,149
APP002613,509,6,3,1,10.0,25551.29,100.0,106
APP002614,659,1,1,0,,7069.04,29.3,150
APP002615,835,0,4,0,,5855.31,24.8,135
APP002616,708,0,4,0,,9031.91,59.1,80
APP002617,705,0,4,0,,13928.87,34.7,95
APP002618,646,3,1,0,,6616.34,34.7,38
APP002619,776,0,4,0,,4424.14,55.8,105
APP002620,735,1,3,0,,3906.38,39.5,112
APP002621,576,3,3,0,,4714.88,31.5,3
APP002622,863,3,7,0,,0.0,0.0,82
APP002623,754,0,4,0,,12832.82,38.8,135
APP002624,672,2,5,0,,0.0,49.8,3
APP002625,681,4,3,0,,8601.44,43.7,155
APP002626,640,3,2,0,,9805.36,72.4,119
APP002627,691,0,4,0,,6435.64,39.2,76
APP002628,786,3,4,0,,8210.92,19.5,73
APP002629,890,3,6,0,,0.0,24.8,176
APP002630,599,9,1,1,27.0,23305.94,69.4,45
APP002631,847,0,4,0,,3324.71,17.8,103
APP002632,609,3,3,0,,24428.93,66.2,39
APP002633,579,4,5,1,9.0,43950.5,56.6,75
APP002634,777,0,4,0,,4487.09,43.3,95
APP002635,630,0,6,0,,1875.98,21.2,122
APP002636,678,2,5,0,,24479.98,46.7,126
APP002637,634,2,3,0,,9569.99,55.2,99
APP002638,710,2,6,0,,6226.87,46.4,125
APP002639,663,2,4,0,,10589.34,24.9,89
APP002640,814,0,5,0,,18580.1,59.1,117
APP002641,741,2,2,0,,4539.48,39.6,42
APP002642,783,3,6,0,,21096.82,37.6,105
APP002643,814,3,5,0,,18694.3,50.7,156
APP002644,853,1,12,0,,0.0,20.0,108
APP002645,648,3,5,0,,8687.31,57.8,128
APP002646,620,2,2,1,18.0,35075.02,62.4,78
APP002647,698,1,5,0,,9620.63,27.8,77
APP002648,740,0,2,0,,19441.12,38.9,138
APP002649,660,1,1,0,,13804.71,89.9,132
APP002650,798,3,3,0,,8809.68,24.9,125
APP002651,889,3,5,0,,0.0,6.8,109
APP002652,693,3,2,0,,31421.76,50.4,105
APP002653,720,1,2,0,,21720.13,47.3,146
APP002654,657,0,3,0,,16340.33,72.1,97
APP002655,583,4,2,0,,35160.41,63.6,85
APP002656,900,2,3,0,,0.0,22.3,133
APP002657,597,1,2,0,,10705.88,66.3,80
APP002658,619,4,4,0,,28508.47,74.8,58
APP002659,674,3,5,0,,30574.0,22.4,137
APP002660,740,0,5,0,,2899.7,15.9,83
APP002661,736,1,2,0,,8594.13,16.0,133
APP002662,513,1,2,0,,33170.63,60.7,142
APP002663,672,3,3,0,,29326.43,41.7,145
APP002664,619,2,2,1,7.0,12629.54,51.0,113
APP002665,741,1,3,0,,8802.93,28.9,175
APP002666,833,0,5,0,,0.0,0.0,151
APP002667,606,1,3,0,,3305.51,28.6,3
APP002668,778,1,7,0,,20791.34,62.2,119
APP002669,710,1,4,0,,16213.48,50.4,88
APP002670,711,0,2,0,,21200.58,32.3,61
APP002671,686,0,3,0,,38375.01,64.4,116
APP002672,746,2,2,0,,13450.18,25.9,86
APP002673,701,0,2,0,,7046.04,44.4,129
APP002674,611,2,3,0,,15125.22,55.9,3
APP002675,761,1,4,0,,17274.37,35.5,110
APP002676,706,2,2,0,,28424.12,34.7,211
APP002677,695,0,3,0,,1453.86,46.1,138
APP002678,543,2,3,2,13.0,28233.09,63.5,3
APP002679,595,1,2,1,37.0,0.0,43.5,118
APP002680,662,0,2,0,,9007.88,47.6,173
APP002681,733,1,3,0,,13503.07,53.3,141
APP002682,822,0,3,0,,15011.28,36.7,111
APP002683,605,3,5,1,31.0,25804.07,47.2,113
APP002684,741,0,3,0,,20615.98,47.6,91
APP002685,690,0,4,0,,0.0,30.6,65
APP002686,659,1,6,0,,0.0,60.2,136
APP002687,647,0,0,0,,21332.74,11.3,61
APP002688,662,0,2,0,,9601.07,39.3,105
APP002689,716,1,4,0,,7218.83,43.4,181
APP002690,681,3,5,0,,6462.93,46.3,109
APP002691,663,1,3,0,,27724.41,80.5,80
APP002692,721,2,3,0,,17153.31,59.0,50
APP002693,834,1,5,0,,1051.34,21.3,128
APP002694,772,2,8,0,,18426.65,22.2,127
APP002695,576,4,1,0,,0.0,44.7,3
APP002696,621,1,1,1,38.0,15831.91,1.4,57
APP002697,748,1,6,0,,0.0,30.1,48
APP002698,654,1,2,0,,25297.24,16.2,128
APP002699,653,0,3,0,,12246.3,32.2,104
APP002700,645,4,3,0,,11343.85,45.5,65
APP002701,788,2,4,0,,6020.13,25.6,138
APP002702,539,4,4,0,,31178.78,57.8,127
APP002703,572,1,1,0,,27299.01,50.5,50
APP002704,602,3,4,2,33.0,36368.28,62.6,128
APP002705,754,2,3,0,,12213.42,36.6,39
APP002706,740,2,5,0,,5157.17,58.2,119
APP002707,800,1,3,0,,4866.2,4.4,114
APP002708,731,3,4,0,,0.0,10.8,82
APP002709,781,3,3,0,,10859.38,7.6,146
APP002710,746,0,4,0,,0.0,57.0,168
APP002711,691,0,3,0,,0.0,11.6,82
APP002712,828,1,3,0,,11030.96,22.2,73
APP002713,675,2,1,0,,12763.09,10.5,166
APP002714,512,4,5,0,,25432.97,78.3,80
APP002715,788,0,3,0,,10583.72,0.0,96
APP002716,657,3,9,0,,20806.76,41.3,48
APP002717,900,1,4,0,,10444.19,11.2,79
APP002718,664,1,4,1,1.0,19614.85,55.6,167
APP002719,633,3,5,1,27.0,25108.66,95.8,169
APP002720,716,0,5,0,,1219.44,53.8,140
APP002721,735,6,3,0,,41467.69,3.1,138
APP002722,621,2,1,0,,12101.83,52.3,107
APP002723,807,0,6,0,,0.0,32.7,65
APP002724,817,0,2,0,,0.0,24.1,24
APP002725,693,0,7,0,,3975.21,43.9,98
APP002726,718,2,3,0,,10573.81,24.8,44
APP002727,669,0,3,0,,11169.56,39.6,165
APP002728,674,5,3,2,29.0,33470.11,81.7,150
APP002729,856,1,1,0,,640.39,41.4,127
APP002730,712,2,2,0,,30271.51,73.4,148
APP002731,707,1,1,0,,26563.87,41.4,8
APP002732,743,0,3,0,,23844.52,46.5,127
APP002733,711,3,2,0,,23898.08,63.7,88
APP002734,734,1,7,0,,114.21,13.8,83
APP002735,661,0,4,0,,6770.82,11.2,145
APP002736,710,1,5,0,,14046.96,34.7,37
APP002737,656,2,1,0,,25560.17,91.1,178
APP002738,816,0,5,0,,0.0,13.3,100
APP002739,818,2,1,0,,11942.07,37.3,52
APP002740,584,3,2,0,,30942.18,92.9,78
APP002741,870,1,6,0,,0.0,51.8,100
APP002742,831,0,5,0,,1503.83,7.4,3
APP002743,698,3,2,0,,20104.13,61.8,178
APP002744,892,0,0,0,,0.0,12.1,75
APP002745,830,1,7,0,,0.0,16.0,67
APP002746,829,5,5,0,,8405.17,36.1,63
APP002747,804,1,4,0,,7228.75,45.4,90
APP002748,712,3,7,0,,6760.35,45.7,136
APP002749,751,2,1,0,,8681.56,64.5,129
APP002750,783,5,3,0,,13241.64,53.7,123
APP002751,791,2,5,0,,0.0,11.0,101
APP002752,583,3,3,0,,46078.57,53.7,140
APP002753,642,0,2,0,,495.68,39.9,79
APP002754,537,3,2,0,,39522.96,86.6,177
APP002755,662,1,7,0,,2235.09,50.0,89
APP002756,664,3,1,0,,24472.12,65.3,85
APP002757,698,2,7,0,,14588.05,6.3,89
APP002758,546,1,5,0,,16177.26,65.6,92
APP002759,610,5,3,0,,30764.45,100.0,173
APP002760,675,4,4,0,,8021.78,25.8,90
APP002761,675,1,3,0,,8209.27,45.7,49
APP002762,762,0,3,0,,0.0,0.0,46
APP002763,731,0,6,0,,6074.74,48.4,202
APP002764,658,4,5,2,38.0,31432.72,72.3,65
APP002765,661,1,7,0,,0.0,50.3,127
APP002766,644,3,3,0,,22011.83,62.4,50
APP002767,736,1,6,0,,4731.77,28.3,179
APP002768,822,0,4,0,,19247.25,29.5,208
APP002769,621,8,4,0,,26704.81,52.5,82
APP002770,657,0,2,0,,10396.17,15.3,53
APP002771,564,6,1,3,8.0,36476.37,97.6,180
APP002772,622,0,2,0,,18239.59,70.2,3
APP002773,758,1,6,0,,14438.76,19.4,104
APP002774,734,4,6,0,,1312.28,32.0,150
APP002775,736,1,1,0,,32216.94,67.6,61
APP002776,789,1,7,0,,0.0,22.4,129
APP002777,752,3,1,0,,26536.14,37.1,161
APP002778,657,3,4,0,,16062.68,54.7,95
APP002779,816,1,3,0,,0.0,22.3,14
APP002780,784,0,2,0,,20850.25,29.7,96
APP002781,748,5,5,0,,0.0,70.5,115
APP002782,650,4,3,0,,9769.2,69.7,162
APP002783,605,0,4,0,,12753.05,57.6,201
APP002784,819,0,0,0,,13555.39,44.8,111
APP002785,715,2,5,0,,103.93,27.3,52
APP002786,728,2,4,0,,22126.62,30.6,120
APP002787,777,1,10,0,,23646.06,88.5,89
APP002788,659,2,3,0,,26365.61,49.3,102
APP002789,626,2,4,1,15.0,26173.51,44.1,54
APP002790,829,1,4,0,,13253.74,43.6,161
APP002791,719,3,1,0,,29934.23,39.7,87
APP002792,875,0,3,0,,0.0,12.0,149
APP002793,657,1,5,0,,19654.7,31.1,93
APP002794,900,1,5,0,,0.0,2.9,126
APP002795,751,3,4,0,,14933.24,38.2,94
APP002796,739,0,5,0,,2079.66,56.6,161
APP002797,666,1,5,0,,6242.67,49.8,54
APP002798,756,1,4,0,,20093.92,51.8,139
APP002799,598,6,0,0,,32979.97,88.2,131
APP002800,632,4,1,0,,28458.48,70.7,124
APP002801,823,0,8,0,,0.0,16.6,55
APP002802,739,0,0,0,,6332.07,84.0,153
APP002803,764,2,5,0,,29202.78,0.0,84
APP002804,739,2,5,0,,0.0,33.4,120
APP002805,682,2,1,0,,8133.35,38.4,108
APP002806,792,0,1,0,,12504.53,22.2,76
APP002807,573,2,1,1,27.0,28415.54,100.0,159
APP002808,628,1,5,0,,21232.95,31.9,54
APP002809,672,4,1,0,,27002.53,46.2,128
APP002810,695,1,5,0,,19011.12,26.9,164
APP002811,705,2,4,0,,22868.99,56.4,161
APP002812,739,0,4,0,,13213.08,36.5,84
APP002813,655,0,6,0,,0.0,8.9,101
APP002814,543,4,4,1,39.0,24197.02,73.1,179
APP002815,484,10,2,3,24.0,44531.6,74.2,110
APP002816,521,9,6,4,13.0,28228.0,70.3,134
APP002817,691,2,1,1,11.0,21520.05,48.0,53
APP002818,651,8,1,2,3.0,30736.51,75.2,45
APP002819,512,0,0,2,11.0,48692.45,64.6,71
APP002820,559,3,2,1,13.0,21302.67,10.3,66
APP002821,635,6,4,0,,49159.26,57.0,42
APP002822,840,1,6,0,,3709.57,27.0,69
APP002823,755,0,6,0,,16277.77,30.8,90
APP002824,791,0,3,0,,0.0,27.5,115
APP002825,712,4,8,0,,0.0,0.0,31
APP002826,673,4,4,0,,9034.6,43.4,118
APP002827,768,0,1,0,,3398.21,0.0,132
APP002828,508,3,2,0,,36666.18,76.1,117
APP002829,785,1,2,0,,5172.3,10.8,49
APP002830,842,0,0,0,,9252.41,26.8,40
APP002831,692,3,4,0,,17528.67,47.5,101
APP002832,625,1,1,0,,26592.65,56.6,3
APP002833,692,0,4,0,,8798.02,69.5,38
APP002834,674,1,4,0,,19703.91,48.1,81
APP002835,803,2,4,0,,7565.52,13.2,87
APP002836,726,0,1,0,,16242.1,21.0,64
APP002837,581,2,5,0,,14001.37,32.7,108
APP002838,705,3,4,0,,3535.46,37.7,54
APP002839,593,2,4,0,,21484.54,19.4,104
APP002840,717,2,3,0,,0.0,35.3,63
APP002841,704,2,5,0,,9193.82,23.7,20
APP002842,735,1,8,0,,15628.16,68.8,95
APP002843,623,5,1,0,,36081.24,76.1,108
APP002844,751,1,3,0,,4959.44,60.3,164
APP002845,610,5,3,0,,13161.05,73.9,65
APP002846,817,3,4,0,,12120.41,38.3,81
APP002847,690,1,2,0,,21871.08,23.3,112
APP002848,806,1,1,0,,12197.17,30.6,3
APP002849,566,5,2,1,12.0,35648.06,64.9,55
APP002850,790,2,3,0,,33123.03,19.1,137
APP002851,757,2,2,0,,2883.4,51.0,86
APP002852,652,0,3,0,,13603.64,29.2,62
APP002853,623,5,4,2,33.0,34687.15,88.9,26
APP002854,664,5,5,0,,19464.31,82.5,37
APP002855,529,3,4,1,8.0,23151.19,75.8,109
APP002856,712,3,2,0,,26226.05,42.4,124
APP002857,631,2,2,0,,21755.76,33.3,98
APP002858,770,1,4,0,,9673.81,52.8,97
APP002859,793,2,4,0,,0.0,18.4,131
APP002860,817,1,3,0,,0.0,34.5,21
APP002861,655,0,2,0,,7417.97,61.0,97
APP002862,665,1,4,0,,4626.02,40.9,127
APP002863,850,1,1,0,,26497.97,45.7,78
APP002864,761,1,5,0,,9038.55,20.2,9
APP002865,593,2,5,0,,22923.84,71.5,22
APP002866,592,6,1,1,15.0,30193.93,86.7,127
APP002867,561,0,4,0,,22932.88,42.8,168
APP002868,620,3,5,0,,24239.49,54.3,124
APP002869,767,2,4,0,,18342.77,33.0,116
APP002870,693,2,4,0,,21319.17,31.0,91
APP002871,631,8,5,0,,34755.36,52.3,121
APP002872,687,1,3,0,,23623.41,40.8,92
APP002873,672,0,1,0,,3418.61,0.0,164
APP002874,746,2,4,0,,20876.83,45.9,72
APP002875,678,0,3,0,,18915.68,73.4,110
APP002876,768,1,7,0,,9123.14,25.0,25
APP002877,695,2,2,0,,3049.29,71.4,120
APP002878,623,1,0,0,,10566.17,36.8,130
APP002879,689,2,2,0,,0.0,48.8,88
APP002880,795,0,4,0,,0.0,37.0,3
APP002881,730,5,6,0,,1822.57,29.3,139
APP002882,870,1,4,0,,0.0,0.0,3
APP002883,740,1,3,0,,0.0,25.7,78
APP002884,719,1,4,0,,0.0,32.2,3
APP002885,630,5,3,0,,22407.28,52.0,105
APP002886,694,2,3,0,,8897.86,48.3,86
APP002887,638,4,6,1,15.0,19698.26,89.0,45
APP002888,673,2,3,0,,0.0,30.3,102
APP002889,711,3,3,0,,6564.04,25.0,75
APP002890,588,5,6,0,,28785.28,23.3,146
APP002891,635,0,1,0,,12520.98,67.2,151
APP002892,611,6,1,1,101.0,8192.97,81.0,89
APP002893,691,0,5,0,,13404.86,52.5,77
APP002894,689,0,2,0,,0.0,46.7,93
APP002895,571,6,1,3,75.0,21480.28,49.0,82
APP002896,722,0,2,0,,34780.88,10.9,107
APP002897,576,3,6,2,5.0,46277.13,77.9,79
APP002898,723,1,3,0,,6336.5,18.7,93
APP002899,713,0,7,0,,6052.13,66.4,71
APP002900,833,0,6,0,,7234.6,0.0,80
APP002901,663,3,3,0,,24444.42,70.2,132
APP002902,850,2,3,0,,0.0,0.0,127
APP002903,652,2,2,0,,28006.19,76.9,116
APP002904,713,2,3,1,24.0,42048.91,81.4,3
APP002905,814,4,6,0,,604.05,31.9,148
APP002906,710,1,5,0,,45.0,17.0,101
APP002907,632,3,2,0,,35796.92,45.8,42
APP002908,688,0,2,0,,12947.28,29.0,109
APP002909,698,0,5,0,,5249.97,51.5,122
APP002910,653,2,3,0,,14787.72,43.8,126
APP002911,678,2,4,0,,9980.85,32.4,84
APP002912,804,1,4,0,,0.0,29.7,39
APP002913,790,1,5,0,,7369.27,45.2,98
APP002914,706,1,6,0,,2922.94,25.9,69
APP002915,658,2,2,1,8.0,22234.39,19.1,90
APP002916,854,5,1,0,,21160.39,21.5,93
APP002917,599,2,1,0,,33465.96,70.0,6
APP002918,685,2,4,0,,8014.69,41.2,54
APP002919,842,5,3,0,,2787.25,10.3,112
APP002920,645,0,4,0,,10279.41,45.5,55
APP002921,712,7,0,0,,20247.96,47.1,131
APP002922,773,1,5,0,,13257.73,39.6,46
APP002923,737,0,4,0,,8671.21,46.3,120
APP002924,629,2,3,0,,4877.36,76.3,132
APP002925,682,3,1,0,,8032.95,53.9,125
APP002926,779,0,8,0,,0.0,14.7,98
APP002927,652,3,7,0,,444.01,7.9,112
APP002928,638,3,2,1,2.0,12438.63,96.4,149
APP002929,618,1,3,0,,16805.17,63.8,25
APP002930,690,0,6,0,,0.0,23.2,120
APP002931,712,3,2,0,,17478.54,77.7,95
APP002932,792,0,3,0,,14331.86,31.1,90
APP002933,793,0,1,0,,0.0,33.0,190
APP002934,819,0,7,0,,0.0,25.7,100
APP002935,821,1,4,0,,0.0,5.1,75
APP002936,728,1,6,0,,7948.4,46.5,145
APP002937,668,2,1,0,,12017.89,41.0,93
APP002938,716,3,4,0,,22749.92,69.9,95
APP002939,752,0,5,0,,11251.34,53.2,131
APP002940,656,3,4,1,16.0,18887.38,66.6,71
APP002941,685,2,2,0,,32256.45,35.4,162
APP002942,640,0,1,0,,11605.11,21.4,47
APP002943,688,3,1,0,,13311.49,34.5,97
APP002944,625,3,0,0,,14700.22,68.7,105
APP002945,832,0,8,0,,0.0,16.8,139
APP002946,716,1,4,0,,15218.16,14.7,73
APP002947,725,1,3,0,,1542.36,54.7,95
APP002948,842,0,1,0,,3526.28,9.9,137
APP002949,643,3,4,0,,21604.57,12.1,129
APP002950,652,1,3,0,,13540.68,50.7,63
APP002951,593,2,3,1,19.0,29814.18,82.0,132
APP002952,766,2,3,0,,20965.79,43.5,56
APP002953,637,1,5,0,,15357.51,16.4,94
APP002954,631,4,6,0,,32784.12,69.7,52
APP002955,712,0,5,0,,13984.19,32.7,138
APP002956,759,5,1,0,,18151.13,59.2,20
APP002957,586,4,2,0,,34905.46,70.7,109
APP002958,674,2,3,0,,8464.18,58.8,99
APP002959,731,1,2,0,,14675.28,81.2,114
APP002960,694,0,3,0,,6871.46,48.5,208
APP002961,493,3,8,1,59.0,42099.32,37.8,3
APP002962,695,1,2,0,,9930.03,59.2,114
APP002963,700,2,1,0,,11387.08,55.9,148
APP002964,630,2,6,1,1.0,24182.98,90.7,65
APP002965,779,0,4,0,,0.0,59.2,146
APP002966,681,0,2,0,,0.0,53.6,102
APP002967,699,2,4,0,,10471.13,38.6,149
APP002968,732,1,5,0,,19846.22,37.7,46
APP002969,719,1,3,0,,4310.39,32.8,109
APP002970,692,0,4,0,,20930.69,9.0,61
APP002971,714,1,2,0,,32558.47,41.0,90
APP002972,809,0,0,0,,3126.22,55.5,19
APP002973,714,0,6,0,,23242.48,30.4,114
APP002974,590,1,0,0,,17751.22,46.8,59
APP002975,726,4,1,0,,13644.89,67.8,60
APP002976,887,1,2,0,,0.0,35.0,69
APP002977,697,2,3,0,,8997.73,44.1,180
APP002978,752,3,3,0,,9908.62,36.3,66
APP002979,520,3,8,2,23.0,31117.93,97.2,102
APP002980,695,2,1,0,,28137.25,64.9,80
APP002981,661,1,2,0,,9805.21,44.2,95
APP002982,676,2,2,0,,25951.62,41.6,128
APP002983,722,1,4,0,,0.0,18.9,189
APP002984,755,0,3,0,,22790.69,56.5,83
APP002985,604,3,4,3,4.0,22747.86,55.7,88
APP002986,616,6,5,0,,36798.52,72.4,98
APP002987,693,2,5,0,,0.0,42.2,119
APP002988,639,3,4,0,,14987.64,38.6,128
APP002989,727,0,5,0,,409.92,10.7,150
APP002990,698,1,6,0,,22013.9,0.7,3
APP002991,733,0,2,0,,4785.67,40.5,152
APP002992,840,0,6,0,,2229.28,12.3,113
APP002993,534,1,2,0,,37935.52,69.2,128
APP002994,692,0,5,0,,11783.61,20.6,115
APP002995,718,1,7,0,,11474.24,70.5,196
APP002996,640,3,2,2,13.0,39980.86,73.8,42
APP002997,532,3,5,2,3.0,32086.7,50.7,60
APP002998,755,1,3,0,,11291.66,28.0,82
APP002999,787,0,2,0,,0.0,13.0,115
APP003000,796,0,4,0,,7708.21,0.0,68
APP003001,740,1,3,0,,1071.18,10.2,46
APP003002,746,1,2,0,,10329.54,39.6,43
APP003003,859,3,4,0,,608.86,36.1,5
APP003004,732,2,2,0,,29420.01,54.2,98
APP003005,845,2,6,0,,6647.28,2.3,70
APP003006,774,1,4,0,,19030.71,74.6,87
APP003007,577,2,2,0,,20832.68,64.3,106
APP003008,674,3,4,0,,25955.97,14.7,50
APP003009,740,0,6,0,,9472.89,35.7,82
APP003010,644,5,5,1,5.0,28464.56,87.2,91
APP003011,581,0,5,0,,10483.61,69.6,144
APP003012,755,2,6,0,,4482.6,32.0,79
APP003013,613,2,7,0,,18066.76,42.1,42
APP003014,815,1,7,0,,15146.36,12.8,175
APP003015,737,4,7,0,,7649.34,14.5,97
APP003016,835,1,4,0,,12657.9,54.0,73
APP003017,759,0,1,0,,19438.49,12.0,83
APP003018,635,0,4,1,10.0,28855.99,77.0,102
APP003019,717,2,6,0,,7820.92,32.1,43
APP003020,672,0,2,0,,1153.87,67.7,79
APP003021,648,1,1,0,,24851.44,85.2,61
APP003022,766,1,3,0,,5681.2,7.1,76
APP003023,728,8,0,1,30.0,21751.78,79.8,190
APP003024,837,1,3,0,,0.0,44.9,102
APP003025,675,1,3,0,,5644.4,56.5,53
APP003026,849,2,3,0,,21790.51,8.6,135
APP003027,698,3,1,1,27.0,29359.76,77.3,148
APP003028,706,1,3,0,,24825.88,26.8,193
APP003029,838,0,5,0,,4673.86,66.2,174
APP003030,687,1,3,0,,29177.94,65.1,82
APP003031,746,0,2,0,,10989.73,54.1,137
APP003032,725,1,3,0,,20637.04,79.2,105
APP003033,760,1,2,0,,14349.83,49.9,86
APP003034,537,3,3,0,,6455.56,45.7,134
APP003035,655,1,4,0,,23953.61,55.0,112
APP003036,726,3,2,0,,0.0,36.9,38
APP003037,792,4,10,0,,0.0,1.7,55
APP003038,713,1,4,0,,0.0,27.7,83
APP003039,577,3,1,4,2.0,22389.41,89.4,130
APP003040,693,1,7,0,,21304.12,46.8,73
APP003041,734,1,6,0,,6125.83,28.5,86
APP003042,679,1,1,0,,27513.35,29.4,196
APP003043,657,1,3,1,9.0,33872.75,49.8,121
APP003044,546,4,5,1,6.0,33589.85,85.4,165
APP003045,881,1,1,0,,5519.64,22.0,28
APP003046,715,0,2,0,,23229.73,49.3,127
APP003047,662,0,4,0,,5138.72,52.1,113
APP003048,671,0,3,0,,24541.58,68.6,128
APP003049,527,7,4,2,67.0,55946.17,100.0,156
APP003050,875,0,5,0,,10029.0,52.7,162
APP003051,697,1,2,1,21.0,22423.98,100.0,35
APP003052,757,3,6,0,,6837.26,19.5,114
APP003053,569,3,2,0,,31353.3,96.8,31
APP003054,818,1,3,0,,0.0,25.5,117
APP003055,711,1,4,0,,14844.21,0.0,160
APP003056,805,0,4,0,,19973.74,33.5,124
APP003057,656,5,2,1,30.0,35043.13,50.5,115
APP003058,685,3,2,0,,7309.44,29.9,86
APP003059,790,1,5,0,,17911.02,32.0,67
APP003060,662,2,2,0,,22548.51,24.9,43
APP003061,781,1,2,0,,17012.2,42.8,29
APP003062,790,3,5,0,,0.0,34.1,147
APP003063,667,0,5,0,,4419.78,33.7,109
APP003064,855,1,2,0,,0.0,38.0,30
APP003065,735,1,3,0,,2982.65,33.5,88
APP003066,674,1,4,0,,6543.42,54.5,64
APP003067,697,1,2,0,,0.0,14.4,148
APP003068,819,2,4,0,,8199.09,0.0,22
APP003069,720,1,6,0,,14669.0,18.8,123
APP003070,685,0,3,0,,18754.42,43.1,88
APP003071,620,7,3,1,6.0,11401.35,54.9,26
APP003072,780,2,4,0,,9861.88,55.8,40
APP003073,748,1,4,0,,14782.49,39.2,82
APP003074,687,2,4,0,,5653.48,46.0,126
APP003075,652,1,2,0,,14992.1,61.0,119
APP003076,608,8,7,0,,26901.25,27.6,79
APP003077,660,2,3,0,,17164.81,61.3,146
APP003078,747,3,3,0,,34135.35,11.0,128
APP003079,767,0,4,0,,0.0,63.3,96
APP003080,696,4,2,0,,25806.97,51.0,177
APP003081,640,4,5,0,,19122.94,53.4,131
APP003082,737,0,3,0,,3483.02,47.2,63
APP003083,754,0,9,0,,0.0,15.3,71
APP003084,671,3,1,0,,22849.23,42.1,121
APP003085,810,0,5,0,,11904.64,7.7,184
APP003086,678,0,3,0,,14034.4,40.6,99
APP003087,594,5,5,0,,23570.5,46.8,83
APP003088,831,1,5,0,,9003.23,12.4,125
APP003089,647,1,4,0,,13722.34,22.7,52
APP003090,847,0,5,0,,1184.68,14.2,40
APP003091,686,1,6,0,,7254.92,42.0,103
APP003092,760,1,1,0,,0.0,44.0,21
APP003093,511,5,4,2,62.0,32003.11,88.0,85
APP003094,897,2,10,0,,0.0,24.9,154
APP003095,724,0,0,0,,16463.91,39.0,74
APP003096,691,1,5,0,,29338.33,36.4,48
APP003097,716,1,3,0,,17471.62,21.8,103
APP003098,757,0,6,0,,30287.47,52.1,86
APP003099,493,8,5,1,14.0,39383.59,55.3,135
APP003100,700,5,4,0,,24887.2,27.5,123
APP003101,689,0,2,0,,17706.72,65.8,89
APP003102,535,2,6,1,41.0,34281.45,61.7,102
APP003103,588,4,3,1,33.0,15552.42,39.9,55
APP003104,604,3,4,0,,20480.84,38.9,75
APP003105,824,1,3,0,,6225.72,8.7,192
APP003106,672,4,4,0,,20295.58,62.9,112
APP003107,647,6,2,0,,34803.83,40.8,109
APP003108,643,1,2,0,,19174.82,49.0,139
APP003109,729,0,5,0,,34634.17,47.1,103
APP003110,508,7,2,2,65.0,37215.77,70.7,180
APP003111,789,2,3,0,,0.0,25.1,99
APP003112,684,2,5,0,,12976.28,17.0,80
APP003113,649,6,5,0,,10678.88,45.5,104
APP003114,751,1,3,0,,13078.65,15.8,133
APP003115,718,5,1,0,,11427.12,12.6,125
APP003116,734,2,0,1,120.0,18161.45,78.6,3
APP003117,813,5,6,0,,0.0,10.6,157
APP003118,578,3,5,4,30.0,37021.88,100.0,71
APP003119,683,0,6,0,,4943.16,50.0,80
APP003120,591,2,3,0,,22224.13,47.5,116
APP003121,696,0,4,0,,18942.3,60.4,3
APP003122,631,2,3,1,62.0,9925.51,83.4,82
APP003123,689,0,1,0,,35161.46,43.2,36
APP003124,670,0,4,0,,1671.59,60.2,33
APP003125,683,1,1,0,,27487.73,0.0,11
APP003126,694,2,1,0,,12711.2,52.0,87
APP003127,727,2,3,0,,8772.19,67.0,145
APP003128,686,1,3,0,,16289.85,5.6,34
APP003129,698,2,3,0,,21397.15,63.6,82
APP003130,699,1,4,0,,22610.3,53.8,102
APP003131,702,0,2,0,,11192.21,42.7,173
APP003132,704,1,1,0,,18619.46,39.0,111
APP003133,634,5,3,0,,27522.25,69.3,19
APP003134,798,2,5,0,,13311.95,68.0,32
APP003135,599,6,4,0,,14681.82,51.3,93
APP003136,641,3,2,0,,7191.49,25.0,109
APP003137,900,0,9,0,,0.0,12.4,95
APP003138,799,3,6,0,,14561.49,24.8,89
APP003139,561,5,4,2,14.0,46956.85,93.8,25
APP003140,594,2,1,2,3.0,18028.59,46.0,81
APP003141,585,6,5,3,89.0,24430.72,73.4,79
APP003142,581,1,0,2,33.0,29167.84,92.6,163
APP003143,797,0,4,0,,0.0,15.0,102
APP003144,691,2,2,0,,23330.27,32.8,98
APP003145,673,2,3,0,,0.0,53.4,81
APP003146,704,1,2,0,,5947.28,24.5,115
APP003147,771,0,6,0,,17206.58,0.0,103
APP003148,695,0,2,0,,7770.21,36.7,113
APP003149,562,3,3,0,,45748.37,80.7,158
APP003150,861,4,6,0,,3634.85,19.8,195
APP003151,723,3,6,0,,20197.04,56.6,108
APP003152,839,0,2,0,,26607.98,69.1,94
APP003153,720,1,6,0,,21937.04,15.3,63
APP003154,849,1,4,0,,4269.29,65.8,109
APP003155,648,1,4,0,,23104.94,65.2,105
APP003156,722,2,0,0,,9342.99,58.2,41
APP003157,661,0,2,0,,30545.48,35.8,101
APP003158,583,3,4,0,,32382.55,50.8,140
APP003159,572,0,2,0,,7155.64,75.3,44
APP003160,733,3,6,0,,7193.21,53.4,31
APP003161,500,6,4,2,61.0,37845.02,100.0,113
APP003162,656,1,4,0,,14112.79,36.7,100
APP003163,697,0,2,0,,13113.0,100.0,167
APP003164,586,2,3,0,,8357.41,39.8,66
APP003165,759,1,9,0,,7125.53,30.9,21
APP003166,572,3,3,2,7.0,15378.43,24.4,81
APP003167,547,3,1,2,49.0,54787.81,85.7,97
APP003168,750,1,3,0,,25216.63,41.0,88
APP003169,752,1,4,0,,2200.29,47.7,115
APP003170,775,0,1,0,,24121.66,53.8,131
APP003171,724,2,3,0,,2676.98,16.0,147
APP003172,621,1,5,0,,15363.72,69.0,103
APP003173,657,1,5,0,,15624.79,63.0,4
APP003174,580,2,2,1,6.0,29641.32,31.1,121
APP003175,728,0,3,0,,0.0,37.7,122
APP003176,835,1,8,0,,6094.62,3.6,87
APP003177,782,1,0,0,,1668.07,24.3,117
APP003178,666,5,1,0,,0.0,62.5,63
APP003179,640,1,7,0,,11271.34,45.0,100
APP003180,724,0,3,0,,11793.55,32.7,196
APP003181,668,0,3,0,,18214.03,44.5,88
APP003182,698,0,4,0,,10979.24,35.8,155
APP003183,660,0,1,0,,26559.94,81.1,156
APP003184,724,2,4,0,,18363.36,36.2,22
APP003185,658,0,5,0,,13078.62,43.0,80
APP003186,770,2,4,0,,3734.03,50.6,129
APP003187,679,2,5,0,,22698.52,40.8,67
APP003188,673,0,4,0,,1883.11,61.2,106
APP003189,701,2,4,0,,27021.81,57.1,53
APP003190,727,1,1,0,,19998.35,56.5,67
APP003191,762,1,6,0,,21980.83,29.6,187
APP003192,670,3,2,0,,25528.61,53.5,44
APP003193,582,4,3,0,,21276.94,0.0,115
APP003194,660,0,5,0,,8756.05,35.1,102
APP003195,692,1,6,0,,2297.65,38.9,164
APP003196,807,1,4,0,,0.0,24.3,23
APP003197,758,1,1,0,,4824.14,43.8,178
APP003198,696,2,2,0,,4860.01,56.6,125
APP003199,784,2,4,0,,1790.74,59.7,82
APP003200,644,1,6,0,,2503.9,8.7,65
APP003201,605,1,1,0,,25568.97,30.4,131
APP003202,781,0,1,0,,6637.11,43.9,120
APP003203,634,2,1,0,,23310.86,27.3,54
APP003204,725,2,2,0,,25973.89,33.5,148
APP003205,524,5,3,2,41.0,38740.7,44.9,39
APP003206,814,1,2,0,,10099.85,43.6,92
APP003207,647,4,2,0,,30563.24,65.3,199
APP003208,676,4,5,0,,18394.12,98.6,57
APP003209,680,3,3,0,,10011.95,12.7,121
APP003210,764,1,2,0,,0.0,79.3,148
APP003211,806,1,1,0,,15451.05,24.8,124
APP003212,852,1,2,0,,10135.32,34.2,48
APP003213,458,7,3,4,13.0,52427.6,69.3,172
APP003214,660,4,2,2,15.0,36619.45,37.4,148
APP003215,740,0,2,0,,18925.73,63.3,160
APP003216,684,3,4,0,,31586.73,40.0,56
APP003217,654,1,3,0,,0.0,34.8,124
APP003218,563,2,4,1,33.0,34146.45,57.4,96
APP003219,666,2,4,0,,0.0,38.3,86
APP003220,531,4,1,0,,15859.26,83.4,53
APP003221,810,1,8,0,,0.0,15.2,198
APP003222,799,1,1,0,,16123.84,56.8,75
APP003223,649,2,3,0,,0.0,67.7,79
APP003224,666,1,3,0,,19745.82,11.8,110
APP003225,644,1,1,0,,24677.33,54.7,59
APP003226,628,3,3,0,,19930.05,60.3,146
APP003227,524,3,4,3,6.0,44598.04,70.6,41
APP003228,665,4,5,2,12.0,32716.59,64.9,98
APP003229,611,3,1,0,,23307.24,37.9,48
APP003230,688,0,6,0,,16905.78,52.2,10
APP003231,792,0,3,0,,5125.41,45.6,120
APP003232,697,1,5,0,,1152.03,60.9,121
APP003233,685,4,6,0,,20075.08,66.6,167
APP003234,693,1,3,0,,4694.91,44.9,90
APP003235,676,2,5,0,,10861.7,49.4,77
APP003236,685,0,2,0,,11249.84,56.6,153
APP003237,651,4,4,0,,28631.32,50.7,74
APP003238,591,5,4,0,,14367.96,71.3,108
APP003239,795,1,3,0,,0.0,23.4,115
APP003240,686,1,2,0,,10604.43,65.5,43
APP003241,618,1,4,0,,18041.28,8.6,30
APP003242,694,0,4,0,,0.0,5.1,93
APP003243,720,1,6,0,,13013.01,4.7,55
APP003244,699,3,5,0,,16886.72,23.5,96
APP003245,689,0,3,0,,2825.82,49.9,120
APP003246,666,2,4,0,,2325.4,50.5,71
APP003247,686,2,2,0,,29302.68,63.9,126
APP003248,594,2,2,0,,16286.61,100.0,163
APP003249,615,1,3,0,,29897.87,11.0,16
APP003250,720,2,4,0,,19973.55,49.8,121
APP003251,767,1,7,0,,0.0,32.5,107
APP003252,799,2,1,0,,18569.42,17.4,176
APP003253,666,1,2,0,,26169.11,32.2,150
APP003254,653,0,5,0,,15873.34,19.4,73
APP003255,494,4,3,3,50.0,27515.99,91.3,166
APP003256,640,2,0,0,,16659.77,83.1,154
APP003257,693,1,3,0,,20414.9,38.5,133
APP003258,721,0,4,0,,12027.06,28.8,80
APP003259,838,3,3,0,,16917.33,50.2,87
APP003260,764,2,6,0,,0.0,39.3,3
APP003261,765,1,2,0,,5935.17,19.8,32
APP003262,790,3,4,0,,11870.98,18.1,22
APP003263,825,0,4,0,,564.69,12.4,148
APP003264,764,0,5,0,,0.0,33.9,89
APP003265,691,2,6,0,,12096.91,49.5,74
APP003266,650,3,3,1,27.0,34999.8,36.2,85
APP003267,758,1,1,0,,5430.67,19.1,34
APP003268,764,2,5,0,,0.0,0.0,119
APP003269,671,2,9,0,,3096.52,32.5,63
APP003270,614,2,3,0,,7557.61,20.6,51
APP003271,859,1,5,0,,0.0,23.6,187
APP003272,699,1,4,0,,2217.32,46.5,145
APP003273,591,1,2,0,,24582.28,34.2,67
APP003274,769,2,3,0,,0.0,50.2,71
APP003275,709,3,2,0,,27335.93,63.9,81
APP003276,680,2,6,0,,5536.72,50.7,46
APP003277,633,1,2,0,,10227.95,45.3,65
APP003278,795,1,7,0,,28752.41,62.2,161
APP003279,690,1,4,0,,2584.8,31.6,72
APP003280,831,2,3,0,,7852.72,19.8,195
APP003281,718,1,4,0,,9833.88,58.5,221
APP003282,617,3,0,0,,27911.91,51.0,121
APP003283,685,1,6,0,,19177.87,17.7,50
APP003284,682,0,8,0,,0.0,40.2,62
APP003285,732,1,3,0,,17862.57,73.1,66
APP003286,724,1,6,0,,15703.31,41.6,65
APP003287,695,0,7,0,,9966.97,60.2,97
APP003288,790,1,2,0,,13999.15,6.4,82
APP003289,761,3,2,0,,21195.22,35.1,92
APP003290,871,0,3,0,,0.0,0.0,63
APP003291,781,0,4,0,,10272.91,18.4,47
APP003292,568,9,3,0,,37715.81,91.3,22
APP003293,740,1,4,0,,4318.03,73.2,117
APP003294,492,5,3,2,17.0,35898.79,61.4,131
APP003295,680,0,3,0,,11411.26,61.5,69
APP003296,676,0,4,0,,12141.35,64.3,149
APP003297,611,3,4,0,,16771.88,54.0,80
APP003298,643,2,3,0,,39208.92,35.7,106
APP003299,782,2,4,0,,0.0,29.2,203
APP003300,749,2,5,0,,15405.46,21.0,6
APP003301,691,1,2,0,,10108.74,42.2,115
APP003302,638,0,4,0,,10976.81,34.0,143
APP003303,714,1,2,0,,33176.04,3.3,138
APP003304,814,2,3,0,,17008.47,49.7,115
APP003305,640,0,1,0,,14840.32,70.2,164
APP003306,586,6,3,0,,17903.05,41.0,56
APP003307,670,3,4,0,,0.0,57.2,36
APP003308,648,1,4,0,,26327.58,51.7,70
APP003309,651,4,3,0,,9357.45,59.2,85
APP003310,757,4,2,0,,17348.86,51.0,35
APP003311,597,1,3,0,,17262.37,37.3,111
APP003312,670,2,2,1,7.0,34046.89,63.3,20
APP003313,599,4,4,1,8.0,28994.01,46.9,32
APP003314,782,1,2,0,,0.0,35.8,76
APP003315,519,4,3,1,8.0,51209.2,75.1,104
APP003316,679,2,1,0,,12355.72,23.1,71
APP003317,832,1,1,0,,7045.73,54.1,53
APP003318,789,3,8,0,,0.0,14.1,152
APP003319,733,1,5,0,,11127.66,70.6,58
APP003320,674,2,1,0,,29040.96,55.3,119
APP003321,609,1,6,1,12.0,25840.17,87.6,55
APP003322,582,5,5,2,7.0,35927.24,100.0,147
APP003323,629,2,4,1,11.0,26550.22,60.9,141
APP003324,807,1,0,0,,14791.65,28.5,18
APP003325,821,2,2,0,,14855.9,0.0,64
APP003326,874,1,5,0,,8221.31,27.4,144
APP003327,636,4,5,2,46.0,28442.96,89.6,142
APP003328,737,0,4,0,,16999.2,33.4,188
APP003329,766,2,4,0,,10021.56,37.4,99
APP003330,679,1,3,1,26.0,38243.73,30.2,115
APP003331,858,2,4,0,,12337.61,9.4,3
APP003332,893,0,5,0,,1287.34,10.4,86
APP003333,733,1,2,0,,17997.4,25.5,3
APP003334,703,2,7,0,,13680.8,22.9,97
APP003335,730,2,5,0,,12228.49,53.7,98
APP003336,748,1,2,0,,18494.39,38.9,69
APP003337,683,3,4,0,,45898.47,33.1,33
APP003338,817,1,1,0,,14683.58,40.3,69
APP003339,527,4,1,0,,31789.21,73.9,128
APP003340,857,2,7,0,,0.0,17.7,95
APP003341,744,1,4,0,,23744.06,69.3,40
APP003342,775,2,4,0,,17787.7,71.7,172
APP003343,724,2,3,0,,18239.26,39.2,102
APP003344,698,2,2,0,,18424.99,38.4,131
APP003345,565,4,2,1,69.0,28843.35,69.1,136
APP003346,653,8,3,5,4.0,21233.89,77.0,82
APP003347,795,2,6,0,,0.0,0.0,14
APP003348,687,0,3,0,,21498.83,52.7,21
APP003349,705,2,2,0,,14116.51,45.6,133
APP003350,709,1,4,0,,0.0,44.4,144
APP003351,807,0,0,0,,18562.2,32.4,92
APP003352,697,3,5,0,,13532.61,45.6,193
APP003353,655,4,4,0,,5886.03,66.9,98
APP003354,706,0,4,0,,0.0,0.0,55
APP003355,751,0,5,0,,4711.71,43.5,46
APP003356,680,2,3,0,,15633.39,54.0,82
APP003357,706,2,0,0,,17251.03,24.9,96
APP003358,803,1,8,0,,1780.34,39.9,8
APP003359,774,2,4,0,,3376.44,0.0,195
APP003360,873,1,4,0,,0.0,0.0,91
APP003361,735,3,2,0,,14029.2,44.7,48
APP003362,674,1,5,0,,10973.34,62.3,116
APP003363,615,3,3,0,,26752.56,36.1,25
APP003364,785,5,5,0,,9964.11,0.0,103
APP003365,573,8,2,0,,30825.4,58.1,66
APP003366,619,0,5,0,,22053.57,29.2,47
APP003367,607,5,4,0,,28438.8,96.7,45
APP003368,522,2,3,0,,15556.75,51.0,112
APP003369,609,1,3,0,,24246.23,42.6,146
APP003370,769,3,3,0,,24016.27,35.5,99
APP003371,781,0,2,0,,4051.12,70.7,135
APP003372,671,2,3,0,,8509.03,28.2,3
APP003373,594,1,1,1,1.0,23339.15,83.1,82
APP003374,707,2,3,0,,18120.12,80.0,90
APP003375,744,1,5,0,,0.0,20.1,23
APP003376,691,1,7,0,,11720.28,24.1,123
APP003377,642,1,3,1,9.0,19101.97,67.2,68
APP003378,764,2,3,0,,0.0,32.8,13
APP003379,656,2,1,0,,11884.69,63.8,141
APP003380,783,4,4,0,,20639.18,45.1,43
APP003381,636,2,3,0,,12098.59,48.5,73
APP003382,721,4,2,0,,23487.51,43.6,158
APP003383,748,2,0,0,,5082.48,19.7,15
APP003384,835,1,5,0,,12955.98,40.4,128
APP003385,688,1,0,0,,10428.61,68.1,82
APP003386,752,3,3,0,,25205.25,74.3,8
APP003387,716,1,5,0,,11077.07,4.7,126
APP003388,662,4,4,0,,12788.1,78.7,186
APP003389,617,4,0,1,11.0,28882.75,60.5,17
APP003390,610,3,5,0,,28216.36,73.7,113
APP003391,667,0,3,0,,16699.7,46.2,152
APP003392,671,1,1,0,,3653.72,11.6,102
APP003393,711,0,11,0,,10733.93,23.7,86
APP003394,721,1,3,0,,18174.26,38.4,137
APP003395,708,0,2,0,,21311.55,32.9,110
APP003396,778,1,6,0,,22922.8,29.9,99
APP003397,690,2,3,0,,2069.98,25.0,3
APP003398,767,0,4,0,,0.0,37.4,81
APP003399,777,2,1,0,,0.0,39.5,65
APP003400,735,1,3,0,,8489.42,16.9,49
APP003401,758,1,3,0,,0.0,49.8,163
APP003402,727,0,7,0,,6886.08,33.5,76
APP003403,679,4,2,0,,6522.88,52.8,159
APP003404,733,2,3,0,,0.0,50.7,12
APP003405,755,1,2,0,,11650.38,36.2,146
APP003406,784,3,5,0,,7805.28,45.1,123
APP003407,729,3,3,0,,13152.38,93.7,113
APP003408,739,1,5,0,,2958.55,39.3,85
APP003409,889,4,6,0,,2727.07,29.3,97
APP003410,683,3,3,0,,21514.44,56.0,148
APP003411,712,1,6,0,,24039.33,60.5,69
APP003412,803,0,7,0,,2777.02,31.5,80
APP003413,775,0,6,0,,0.0,31.9,100
APP003414,633,2,3,0,,16461.41,35.5,79
APP003415,616,7,3,2,9.0,44016.39,100.0,99
APP003416,810,2,4,0,,0.0,0.0,141
APP003417,783,3,1,0,,0.0,55.3,87
APP003418,706,1,2,0,,16612.47,13.8,78
APP003419,739,1,4,0,,0.0,16.2,86
APP003420,778,3,5,0,,8474.68,43.4,45
APP003421,776,0,6,0,,1788.56,4.6,93
APP003422,689,3,5,0,,9776.4,59.7,105
APP003423,751,1,3,0,,24946.68,46.6,141
APP003424,718,3,4,0,,21435.29,16.0,140
APP003425,732,1,3,0,,12628.99,68.2,143
APP003426,786,2,3,0,,16207.56,22.8,68
APP003427,672,1,3,0,,22713.25,24.3,26
APP003428,542,5,0,2,22.0,45631.91,88.4,106
APP003429,735,3,4,0,,11004.42,46.7,144
APP003430,736,0,5,0,,63.05,41.5,77
APP003431,705,3,1,0,,8411.67,47.6,119
APP003432,840,1,10,0,,12610.71,34.3,51
APP003433,580,9,4,1,12.0,26608.36,61.2,67
APP003434,648,2,5,0,,15335.68,66.5,155
APP003435,716,0,4,0,,16259.77,52.1,170
APP003436,689,2,3,0,,19396.43,43.6,104
APP003437,657,3,4,0,,18146.61,17.8,150
APP003438,655,0,5,0,,3015.79,15.6,107
APP003439,755,0,1,0,,15264.19,33.4,48
APP003440,762,0,5,0,,16067.2,23.2,3
APP003441,823,1,4,0,,0.0,27.0,120
APP003442,794,1,4,0,,13010.62,37.5,64
APP003443,611,0,3,0,,6286.1,38.3,99
APP003444,690,3,2,0,,35904.78,70.7,109
APP003445,617,1,1,1,14.0,13352.81,95.2,86
APP003446,722,1,3,0,,23118.33,10.9,152
APP003447,796,1,5,0,,6068.09,11.4,71
APP003448,804,2,3,0,,18360.93,40.4,59
APP003449,773,4,3,0,,0.0,58.6,30
APP003450,685,3,4,0,,8553.36,27.5,119
APP003451,683,1,4,0,,9355.68,38.8,89
APP003452,624,2,4,0,,11360.89,80.3,129
APP003453,668,2,3,0,,16976.77,83.1,168
APP003454,599,4,4,3,68.0,25369.55,84.4,81
APP003455,685,7,4,1,3.0,23151.88,49.5,155
APP003456,650,2,4,0,,19800.7,54.6,108
APP003457,734,4,3,0,,14729.56,45.3,117
APP003458,670,2,3,0,,28513.97,67.2,63
APP003459,900,0,7,0,,0.0,2.6,70
APP003460,759,0,10,0,,0.0,12.0,107
APP003461,801,1,4,0,,31745.78,62.3,145
APP003462,629,4,2,0,,19933.59,55.0,79
APP003463,745,0,3,0,,0.0,20.1,20
APP003464,668,3,2,0,,19652.04,46.6,87
APP003465,721,6,2,0,,21491.15,51.8,82
APP003466,687,0,1,0,,0.0,43.2,81
APP003467,829,0,6,0,,0.0,19.8,21
APP003468,688,0,3,0,,1980.71,15.3,131
APP003469,597,0,2,0,,1446.46,22.1,134
APP003470,639,1,5,0,,28134.97,61.5,62
APP003471,737,2,0,0,,9210.51,22.2,54
APP003472,708,2,3,0,,0.0,33.3,51
APP003473,701,3,2,0,,10177.35,34.3,56
APP003474,684,1,4,0,,11887.22,0.0,43
APP003475,709,2,1,0,,18067.11,72.2,46
APP003476,729,1,5,0,,0.0,69.7,150
APP003477,562,2,5,0,,12001.95,42.4,91
APP003478,499,8,5,0,,31231.02,87.3,130
APP003479,644,5,5,5,46.0,25905.34,38.1,139
APP003480,675,4,4,0,,20580.92,73.1,168
APP003481,692,0,3,0,,17820.31,44.4,71
APP003482,615,2,3,0,,25794.53,52.4,81
APP003483,755,0,8,0,,0.0,20.6,79
APP003484,736,1,4,0,,9091.5,29.2,204
APP003485,531,3,2,2,43.0,30494.17,95.4,101
APP003486,765,0,1,0,,1399.32,64.4,71
APP003487,711,1,3,0,,8674.41,49.4,91
APP003488,642,2,1,0,,1580.26,51.0,130
APP003489,685,2,2,2,10.0,19156.72,44.0,107
APP003490,732,4,1,0,,14842.78,98.4,163
APP003491,574,7,0,2,13.0,30861.56,100.0,97
APP003492,719,1,8,0,,16663.64,57.5,63
APP003493,707,1,3,0,,14269.3,0.5,77
APP003494,743,0,3,0,,0.0,36.6,49
APP003495,649,1,2,0,,19450.36,58.8,55
APP003496,846,0,7,0,,1125.58,77.8,153
APP003497,581,5,5,1,27.0,17765.93,64.5,120
APP003498,695,1,2,0,,13566.37,35.7,172
APP003499,749,2,5,0,,11768.99,19.0,138
APP003500,792,2,6,0,,15219.63,2.8,3
APP003501,745,1,9,0,,9516.99,22.6,83
APP003502,900,1,7,0,,0.0,0.0,91
APP003503,837,0,2,0,,11816.17,5.0,89
APP003504,639,3,5,0,,30746.46,57.7,77
APP003505,777,0,2,0,,4983.34,43.3,131
APP003506,544,4,1,0,,42934.52,77.0,155
APP003507,619,5,2,1,38.0,26992.06,65.8,48
APP003508,707,2,4,0,,4467.39,55.8,92
APP003509,731,0,4,0,,14247.59,36.2,111
APP003510,730,1,5,0,,20151.38,9.1,143
APP003511,661,0,2,0,,22445.8,53.5,3
APP003512,539,4,4,1,1.0,26209.8,54.5,92
APP003513,635,1,5,0,,8124.19,37.9,141
APP003514,750,5,1,0,,18827.09,60.4,108
APP003515,801,0,9,0,,0.0,0.0,71
APP003516,624,3,7,0,,17703.71,38.9,46
APP003517,758,2,2,0,,20112.34,65.5,110
APP003518,673,1,1,2,42.0,15017.88,70.3,157
APP003519,760,2,4,0,,13855.74,13.8,126
APP003520,900,1,2,0,,0.0,47.1,22
APP003521,642,5,4,0,,9008.38,29.0,133
APP003522,634,7,6,0,,21492.82,47.7,87
APP003523,700,1,0,0,,11329.47,53.6,43
APP003524,659,1,1,1,24.0,17925.69,60.2,51
APP003525,749,1,4,0,,12917.03,22.0,155
APP003526,661,1,4,0,,10018.28,35.5,82
APP003527,636,2,2,3,5.0,34999.11,43.9,49
APP003528,729,0,6,0,,0.0,0.0,27
APP003529,608,2,3,0,,30931.29,55.7,133
APP003530,693,2,1,0,,17910.7,36.1,159
APP003531,568,2,4,0,,22165.57,67.7,112
APP003532,771,1,3,0,,1916.76,36.1,52
APP003533,608,3,2,0,,8705.35,76.7,93
APP003534,768,1,3,0,,0.0,52.0,133
APP003535,651,2,2,3,93.0,31590.99,81.2,102
APP003536,591,3,3,0,,57218.39,58.0,129
APP003537,487,6,4,3,17.0,45477.22,100.0,75
APP003538,767,1,4,0,,21829.71,9.6,98
APP003539,579,0,4,1,64.0,11964.36,57.6,57
APP003540,608,0,3,0,,7456.01,23.4,133
APP003541,900,0,7,0,,0.0,0.0,72
APP003542,716,1,0,0,,13344.01,21.4,174
APP003543,684,3,6,0,,15751.9,62.4,99
APP003544,731,1,3,0,,6493.17,29.3,88
APP003545,765,1,5,0,,10576.02,37.8,83
APP003546,704,3,2,0,,3186.45,11.0,77
APP003547,641,1,4,0,,13799.78,25.6,106
APP003548,703,1,3,0,,0.0,48.4,158
APP003549,632,3,0,2,30.0,39362.67,100.0,78
APP003550,782,1,4,0,,17666.01,34.8,89
APP003551,683,2,4,0,,16597.96,42.8,84
APP003552,722,1,2,0,,7217.76,7.0,80
APP003553,661,2,3,0,,33622.15,44.4,3
APP003554,630,3,3,0,,8175.14,56.3,62
APP003555,572,3,4,2,6.0,31603.35,65.5,126
APP003556,722,2,5,0,,0.0,18.7,147
APP003557,720,2,1,0,,13643.02,66.0,48
APP003558,780,2,2,0,,13753.02,35.3,46
APP003559,644,2,1,0,,24267.29,55.7,132
APP003560,721,2,0,0,,26189.78,83.8,101
APP003561,672,2,5,0,,15608.15,26.1,125
APP003562,674,1,3,0,,10491.21,36.9,51
APP003563,767,2,4,0,,26876.65,28.4,119
APP003564,666,1,5,0,,30859.27,55.3,43
APP003565,596,3,1,0,,16548.35,77.9,22
APP003566,587,9,3,0,,37681.69,82.6,183
APP003567,704,1,3,0,,34932.33,29.4,107
APP003568,585,4,2,1,2.0,17576.48,32.0,56
APP003569,730,2,2,0,,6603.91,43.4,139
APP003570,676,0,2,0,,2117.84,70.9,59
APP003571,727,2,2,0,,16176.12,32.5,72
APP003572,744,3,4,0,,0.0,9.4,70
APP003573,773,3,1,0,,10390.83,50.9,149
APP003574,900,1,3,0,,2084.68,0.0,165
APP003575,796,0,1,0,,0.0,35.2,105
APP003576,766,3,2,0,,0.0,39.2,50
APP003577,585,0,1,0,,994.31,66.4,129
APP003578,821,1,7,0,,14688.71,39.0,80
APP003579,646,1,6,2,1.0,18858.16,65.9,81
APP003580,579,2,2,0,,16028.11,63.3,57
APP003581,538,5,4,0,,22506.15,80.6,143
APP003582,672,2,1,1,13.0,29826.7,84.9,145
APP003583,689,2,4,1,10.0,30126.38,58.5,76
APP003584,608,3,4,0,,12009.71,90.8,79
APP003585,677,0,3,1,57.0,34299.11,55.4,3
APP003586,470,14,4,4,21.0,44835.38,100.0,149
APP003587,713,1,3,0,,15977.79,43.5,73
APP003588,710,0,4,0,,11856.98,50.0,40
APP003589,515,9,6,2,3.0,36057.72,100.0,113
APP003590,792,1,7,0,,0.0,0.0,131
APP003591,714,4,4,0,,10222.82,41.7,80
APP003592,682,1,7,0,,3906.14,57.5,126
APP003593,760,0,4,0,,24279.71,22.1,155
APP003594,745,0,3,0,,11095.3,0.0,41
APP003595,820,1,3,0,,0.0,25.4,71
APP003596,672,3,3,0,,31924.62,71.7,95
APP003597,588,1,5,0,,23482.84,32.4,102
APP003598,615,1,3,1,3.0,32204.08,63.8,85
APP003599,703,1,1,0,,8214.82,52.6,87
APP003600,796,1,7,0,,0.0,12.5,92
APP003601,819,1,6,0,,0.0,18.1,29
APP003602,688,5,2,0,,18520.77,70.9,120
APP003603,722,2,1,0,,11089.94,37.8,146
APP003604,776,1,7,0,,5168.17,9.3,71
APP003605,755,1,4,0,,14589.99,37.4,91
APP003606,900,0,7,0,,10135.45,36.3,53
APP003607,699,2,8,0,,0.0,0.0,140
APP003608,730,1,6,0,,8335.21,25.5,72
APP003609,608,3,0,0,,18891.57,61.9,194
APP003610,640,1,2,0,,28983.14,79.1,86
APP003611,733,2,3,0,,6316.2,51.9,78
APP003612,619,1,3,0,,28482.94,48.1,147
APP003613,587,8,2,1,1.0,21763.3,95.8,159
APP003614,659,0,3,0,,30898.18,0.0,24
APP003615,627,1,5,0,,21437.24,29.2,61
APP003616,700,4,2,1,35.0,16785.12,67.8,136
APP003617,900,1,8,0,,2782.34,24.3,57
APP003618,891,0,2,0,,0.0,0.0,3
APP003619,672,5,8,2,46.0,23482.77,61.8,157
APP003620,690,0,2,0,,3600.04,68.2,24
APP003621,751,2,2,0,,19893.16,61.5,119
APP003622,732,4,4,0,,21538.34,60.5,37
APP003623,708,6,2,0,,10309.64,32.5,61
APP003624,643,4,1,1,12.0,21310.33,86.6,99
APP003625,678,2,0,0,,30451.51,74.7,131
APP003626,718,1,3,0,,7649.4,40.1,86
APP003627,597,0,4,0,,21692.3,15.8,145
APP003628,900,0,5,0,,3642.37,0.0,59
APP003629,727,1,2,0,,17179.17,40.5,68
APP003630,766,1,3,0,,18203.83,41.0,38
APP003631,644,1,2,0,,11179.62,86.8,124
APP003632,544,2,7,0,,27344.76,9.0,77
APP003633,678,2,2,0,,22366.35,72.7,131
APP003634,723,1,1,0,,18563.0,49.7,119
APP003635,426,3,4,1,4.0,39954.55,100.0,119
APP003636,859,3,4,0,,0.0,32.8,52
APP003637,564,6,1,1,14.0,45410.78,78.9,108
APP003638,672,4,1,1,10.0,34624.08,83.0,98
APP003639,580,1,2,0,,25240.65,40.6,58
APP003640,769,2,4,0,,0.0,6.2,88
APP003641,618,4,0,1,25.0,25675.47,80.3,115
APP003642,846,1,4,0,,3365.73,22.1,83
APP003643,581,1,2,0,,12737.45,53.0,165
APP003644,641,6,4,0,,33249.33,94.2,43
APP003645,793,0,10,0,,0.0,0.0,62
APP003646,772,3,2,0,,7403.85,52.4,152
APP003647,698,0,1,0,,33761.59,31.0,172
APP003648,726,0,2,0,,4516.06,14.1,166
APP003649,709,3,2,0,,5279.16,61.3,67
APP003650,761,1,3,0,,20895.97,36.0,105
APP003651,691,1,3,0,,10363.41,47.5,27
APP003652,637,2,2,0,,24212.6,49.8,102
APP003653,501,2,1,1,24.0,28789.49,47.0,199
APP003654,853,2,4,0,,4756.9,2.1,85
APP003655,722,0,4,0,,2761.5,24.3,117
APP003656,756,1,3,0,,13534.29,53.6,3
APP003657,573,0,1,0,,28273.8,67.7,3
APP003658,675,0,6,0,,14686.51,40.7,157
APP003659,682,1,0,0,,23745.83,55.3,38
APP003660,748,0,3,0,,13944.43,40.0,111
APP003661,589,6,5,1,23.0,31390.07,56.3,52
APP003662,627,2,3,0,,26439.7,68.6,166
APP003663,900,0,2,0,,504.32,0.0,81
APP003664,695,1,0,0,,17300.43,43.3,112
APP003665,726,2,6,0,,28262.89,28.9,73
APP003666,508,6,3,1,1.0,36739.05,68.1,202
APP003667,611,2,4,2,88.0,28838.96,40.4,18
APP003668,659,0,3,1,23.0,26638.27,80.4,51
APP003669,554,3,2,0,,19534.36,84.9,122
APP003670,814,2,3,0,,5456.64,44.5,75
APP003671,695,1,3,0,,12421.87,44.5,3
APP003672,601,3,4,0,,1084.22,77.3,64
APP003673,706,0,2,0,,7465.41,49.9,157
APP003674,779,3,4,0,,0.0,74.3,48
APP003675,725,1,1,0,,703.51,27.4,90
APP003676,644,3,0,0,,22139.82,28.5,135
APP003677,848,2,9,0,,6899.42,28.1,88
APP003678,705,0,4,0,,11864.33,44.5,137
APP003679,513,5,4,0,,42097.38,94.7,142
APP003680,832,2,4,0,,16504.71,44.6,67
APP003681,681,3,4,0,,11023.32,92.8,114
APP003682,596,2,4,1,13.0,24690.46,68.6,164
APP003683,604,2,5,0,,20683.4,68.8,149
APP003684,691,3,3,0,,17501.94,47.3,35
APP003685,618,2,1,0,,7390.18,0.2,107
APP003686,697,0,1,0,,21834.37,59.2,104
APP003687,683,6,0,0,,28568.89,69.7,149
APP003688,595,3,4,1,37.0,32933.97,100.0,80
APP003689,655,0,4,0,,3596.77,7.2,114
APP003690,609,2,1,0,,26095.91,35.1,116
APP003691,791,1,4,0,,22159.62,38.6,86
APP003692,746,0,2,0,,0.0,50.5,212
APP003693,745,2,3,0,,0.0,18.5,181
APP003694,804,0,3,0,,3579.92,14.0,67
APP003695,569,1,2,0,,41210.54,59.4,87
APP003696,608,1,5,0,,29933.96,25.0,102
APP003697,748,0,2,0,,5162.87,2.0,138
APP003698,744,1,8,0,,6255.13,23.2,45
APP003699,770,0,3,0,,10118.94,0.0,197
APP003700,581,2,7,0,,25289.09,57.1,127
APP003701,766,2,4,0,,8314.18,5.8,154
APP003702,720,2,3,0,,0.0,8.1,116
APP003703,695,1,6,0,,9374.17,17.4,39
APP003704,596,2,3,0,,97.01,20.3,103
APP003705,835,0,1,0,,643.37,2.1,81
APP003706,559,3,2,0,,27279.42,39.9,70
APP003707,744,3,2,0,,11633.38,61.9,38
APP003708,669,0,2,0,,21426.0,32.9,149
APP003709,674,0,4,0,,19019.75,42.7,104
APP003710,900,0,5,0,,0.0,13.6,60
APP003711,774,1,2,0,,15160.51,56.5,63
APP003712,672,0,5,2,9.0,29729.49,22.8,30
APP003713,612,2,2,0,,9640.7,36.9,62
APP003714,664,4,1,0,,10168.01,47.7,91
APP003715,716,3,5,0,,6095.56,0.0,149
APP003716,600,3,2,1,20.0,37350.78,100.0,90
APP003717,732,0,6,0,,14899.37,48.0,117
APP003718,644,5,0,1,8.0,14979.88,45.0,149
APP003719,846,1,4,0,,0.0,26.4,140
APP003720,661,4,4,0,,22765.94,63.8,63
APP003721,796,0,4,0,,1155.4,0.0,80
APP003722,743,1,4,0,,23632.41,41.8,100
APP003723,612,0,5,0,,8530.27,88.9,141
APP003724,831,1,4,0,,1474.58,31.2,65
APP003725,727,0,4,0,,12955.91,48.5,92
APP003726,573,4,2,1,3.0,11078.25,86.7,163
APP003727,694,1,4,1,13.0,39184.44,64.8,145
APP003728,670,1,0,1,12.0,28270.7,50.4,129
APP003729,513,2,5,0,,32031.97,29.6,94
APP003730,900,1,9,0,,0.0,0.0,77
APP003731,712,3,4,0,,29348.71,51.6,118
APP003732,753,0,3,0,,17037.96,0.0,218
APP003733,649,7,1,1,62.0,38093.41,75.3,104
APP003734,749,0,3,0,,18652.82,44.7,3
APP003735,803,0,4,0,,17959.63,41.7,57
APP003736,740,2,6,0,,0.0,14.3,20
APP003737,699,0,3,0,,10618.92,31.1,160
APP003738,692,0,4,0,,24448.2,58.8,103
APP003739,643,1,1,1,20.0,41766.24,71.3,125
APP003740,773,3,1,0,,6724.21,45.5,114
APP003741,780,1,5,0,,10003.91,80.9,135
APP003742,441,5,3,3,31.0,48842.21,100.0,83
APP003743,694,7,4,0,,43703.14,45.5,103
APP003744,780,1,7,0,,0.0,51.7,87
APP003745,666,4,1,0,,9119.01,27.6,95
APP003746,576,3,7,0,,15529.33,51.4,129
APP003747,612,1,1,0,,2293.1,54.6,132
APP003748,724,3,2,0,,27604.14,65.2,65
APP003749,745,1,2,0,,0.0,87.0,19
APP003750,806,3,3,0,,19089.29,93.7,92
APP003751,648,0,3,0,,14640.69,65.8,211
APP003752,736,1,1,0,,16388.91,32.0,3
APP003753,557,5,1,0,,52609.51,73.8,129
APP003754,714,0,3,0,,23677.17,0.0,143
APP003755,668,1,0,0,,9054.69,42.9,122
APP003756,554,1,3,0,,22476.29,80.9,83
APP003757,720,1,3,0,,0.0,40.2,97
APP003758,592,0,2,0,,15313.89,51.2,114
APP003759,733,1,1,0,,10841.73,26.6,14
APP003760,652,2,0,0,,37957.62,54.1,85
APP003761,609,1,3,0,,9680.8,46.1,86
APP003762,715,1,4,0,,14833.82,81.2,141
APP003763,820,0,7,0,,11368.89,10.1,106
APP003764,569,0,3,0,,27831.02,86.1,5
APP003765,882,2,7,0,,8932.99,31.8,99
APP003766,618,1,6,0,,23680.64,54.4,25
APP003767,731,0,6,0,,8843.9,40.1,111
APP003768,856,1,2,0,,5940.75,6.3,80
APP003769,703,2,3,0,,8147.46,30.0,145
APP003770,666,2,7,0,,19890.59,54.4,121
APP003771,664,1,5,0,,23165.82,59.6,124
APP003772,771,0,4,0,,0.0,37.7,119
APP003773,857,1,7,0,,6085.47,27.5,72
APP003774,621,2,2,0,,7597.87,23.8,145
APP003775,719,3,3,0,,6503.41,49.0,61
APP003776,674,1,7,0,,2866.16,24.4,172
APP003777,660,0,3,0,,24578.68,39.8,105
APP003778,701,2,4,1,15.0,29814.64,67.2,35
APP003779,826,0,3,0,,3086.1,78.4,3
APP003780,775,1,5,0,,12494.1,38.1,74
APP003781,751,1,3,0,,33691.03,16.7,34
APP003782,784,1,3,0,,1450.64,35.9,173
APP003783,585,1,4,1,1.0,21195.37,27.7,55
APP003784,688,4,4,0,,33532.08,55.0,94
APP003785,875,0,6,0,,1941.64,52.9,169
APP003786,796,1,2,0,,9411.54,69.1,22
APP003787,722,2,3,0,,0.0,54.8,171
APP003788,879,1,6,0,,15115.34,57.1,125
APP003789,634,5,1,0,,17924.87,95.3,49
APP003790,629,2,3,2,1.0,39696.23,71.5,139
APP003791,768,4,4,0,,6736.61,21.5,152
APP003792,579,8,1,0,,37753.79,51.8,32
APP003793,645,2,1,1,6.0,32221.67,32.6,82
APP003794,704,2,5,0,,6143.92,34.9,122
APP003795,688,1,2,0,,15727.66,58.9,111
APP003796,843,1,6,0,,0.0,36.4,133
APP003797,767,1,8,0,,8997.16,27.1,110
APP003798,712,1,3,0,,14991.4,36.1,107
APP003799,767,1,3,0,,11919.31,7.5,132
APP003800,793,1,7,0,,0.0,38.4,49
APP003801,674,1,5,0,,13182.31,71.4,62
APP003802,696,1,5,0,,4030.15,63.2,135
APP003803,691,4,3,0,,14750.65,54.8,74
APP003804,740,2,5,0,,18232.12,57.9,83
APP003805,654,4,3,2,46.0,23154.63,39.6,126
APP003806,585,3,3,0,,37925.85,71.7,42
APP003807,774,4,3,0,,19529.91,45.3,105
APP003808,608,1,3,0,,24131.24,42.1,60
APP003809,507,3,3,1,1.0,21723.53,42.5,71
APP003810,714,3,6,0,,29486.31,40.6,119
APP003811,674,2,2,0,,10732.61,73.7,125
APP003812,618,1,2,0,,16678.91,22.3,80
APP003813,745,3,4,1,7.0,17497.07,86.8,129
APP003814,791,2,5,0,,0.0,0.0,50
APP003815,814,1,9,0,,9978.13,20.3,53
APP003816,608,2,5,0,,17592.46,79.7,141
APP003817,757,3,6,0,,7609.19,31.1,110
APP003818,685,3,0,0,,10169.19,52.6,62
APP003819,616,2,1,0,,36462.03,70.3,54
APP003820,698,2,3,0,,41247.52,39.5,88
APP003821,804,0,5,0,,298.88,40.7,90
APP003822,671,2,3,0,,21010.39,16.3,57
APP003823,788,1,3,0,,11248.26,21.4,3
APP003824,627,7,3,2,22.0,43711.36,56.9,103
APP003825,663,1,5,0,,10634.62,51.2,103
APP003826,660,0,5,0,,36833.1,44.1,42
APP003827,848,0,4,0,,9754.88,10.7,87
APP003828,739,2,2,0,,0.0,0.0,85
APP003829,685,3,2,0,,8233.12,16.7,9
APP003830,686,1,5,0,,17544.11,44.0,96
APP003831,711,2,4,0,,13217.89,35.6,94
APP003832,604,3,3,0,,26399.62,73.2,147
APP003833,715,1,5,0,,0.0,24.3,60
APP003834,686,1,8,0,,26257.22,37.6,143
APP003835,750,1,3,0,,1735.78,33.8,121
APP003836,704,5,2,0,,18439.56,59.7,141
APP003837,741,2,0,0,,3774.56,15.0,150
APP003838,838,1,2,0,,0.0,25.8,130
APP003839,720,3,4,0,,16038.62,25.4,107
APP003840,705,2,4,0,,23703.58,58.2,92
APP003841,738,0,4,0,,15725.69,52.7,58
APP003842,539,3,2,2,67.0,49248.43,36.2,90
APP003843,598,2,5,1,6.0,34710.94,51.6,195
APP003844,721,4,6,0,,27531.49,19.9,67
APP003845,663,2,4,0,,22458.04,84.6,25
APP003846,575,6,2,0,,27149.12,89.6,123
APP003847,782,1,4,0,,0.0,26.5,100
APP003848,708,2,1,0,,18846.39,47.0,159
APP003849,848,1,4,0,,2736.61,3.6,178
APP003850,721,0,4,0,,19179.94,60.7,141
APP003851,879,2,6,0,,0.0,18.2,184
APP003852,823,0,2,0,,4526.19,43.1,153
APP003853,802,1,4,0,,3925.33,1.1,75
APP003854,614,1,5,0,,18222.13,39.9,201
APP003855,694,0,2,0,,16068.67,34.4,56
APP003856,721,2,5,0,,0.0,31.4,90
APP003857,759,1,3,0,,21926.22,42.0,39
APP003858,741,1,7,0,,4736.6,54.5,15
APP003859,766,2,5,0,,15429.49,23.3,69
APP003860,604,5,2,0,,33786.31,72.8,132
APP003861,694,4,5,0,,22908.81,31.1,107
APP003862,684,0,4,0,,25492.29,61.7,189
APP003863,539,4,4,0,,23845.08,76.9,89
APP003864,720,1,3,0,,9003.55,17.0,73
APP003865,776,2,3,0,,5512.8,60.2,107
APP003866,593,3,3,0,,25264.74,62.0,105
APP003867,603,0,1,0,,29983.79,50.6,63
APP003868,698,4,3,0,,14300.22,59.6,78
APP003869,492,7,3,0,,19281.71,51.4,95
APP003870,752,1,5,0,,10086.51,16.3,127
APP003871,713,4,1,0,,9264.92,45.8,75
APP003872,707,2,2,0,,22497.17,79.9,35
APP003873,693,4,0,0,,28773.08,58.0,159
APP003874,737,0,2,0,,20696.97,70.9,138
APP003875,749,2,4,0,,14355.1,64.4,58
APP003876,770,0,6,0,,0.0,56.6,87
APP003877,711,2,4,0,,16355.64,43.5,168
APP003878,628,2,4,0,,24876.43,17.5,144
APP003879,750,2,2,0,,7286.77,43.7,58
APP003880,651,2,4,0,,0.0,48.0,144
APP003881,697,2,4,0,,14931.1,42.2,162
APP003882,770,1,6,0,,1236.38,39.4,65
APP003883,706,0,4,0,,26233.73,51.3,175
APP003884,664,2,2,0,,7571.83,71.6,87
APP003885,724,1,5,0,,4828.62,26.7,68
APP003886,791,1,6,0,,0.0,91.7,49
APP003887,570,3,1,0,,11400.3,93.2,98
APP003888,767,0,4,0,,0.0,59.0,34
APP003889,613,0,5,2,10.0,29560.77,51.8,63
APP003890,660,6,2,0,,36884.99,61.2,114
APP003891,798,0,2,0,,9329.55,0.0,102
APP003892,713,0,6,0,,9797.23,37.1,92
APP003893,741,1,5,0,,4285.08,36.5,55
APP003894,670,2,5,0,,16654.8,50.0,87
APP003895,554,6,6,1,34.0,41042.1,61.0,108
APP003896,822,0,5,0,,0.0,13.9,119
APP003897,692,2,7,0,,18280.1,57.5,137
APP003898,598,5,3,0,,7933.55,59.1,158
APP003899,731,0,1,0,,11663.7,25.9,105
APP003900,621,0,8,0,,22464.19,16.0,124
APP003901,810,1,4,0,,22281.45,42.9,60
APP003902,731,1,2,0,,15592.65,29.4,103
APP003903,683,3,4,0,,29401.92,53.6,128
APP003904,771,2,5,0,,10930.56,9.3,157
APP003905,726,2,0,0,,4566.53,86.8,38
APP003906,623,3,6,0,,0.0,64.2,86
APP003907,848,2,7,0,,0.0,15.8,50
APP003908,900,3,1,0,,9492.74,0.0,3
APP003909,559,3,3,0,,33386.6,48.7,140
APP003910,658,2,2,0,,24669.23,39.3,52
APP003911,726,0,2,0,,21009.49,47.1,77
APP003912,633,0,1,0,,31402.7,54.9,95
APP003913,709,0,6,0,,0.0,39.2,29
APP003914,714,1,2,0,,0.0,77.6,195
APP003915,639,4,7,0,,35505.16,49.9,157
APP003916,786,4,4,0,,35548.15,49.3,82
APP003917,695,0,3,0,,8815.59,22.7,112
APP003918,714,1,1,0,,23522.56,58.8,116
APP003919,644,0,4,0,,9690.79,72.2,114
APP003920,777,0,6,0,,4263.1,37.2,49
APP003921,593,3,4,0,,17974.0,37.0,117
APP003922,658,0,3,0,,24567.86,53.2,151
APP003923,678,1,1,0,,25943.35,23.8,212
APP003924,707,2,9,0,,6169.7,26.4,78
APP003925,646,1,5,0,,26373.39,100.0,84
APP003926,704,3,4,0,,13722.51,20.6,55
APP003927,773,3,8,0,,10003.67,6.6,39
APP003928,705,1,1,0,,7841.6,36.4,89
APP003929,727,2,2,0,,13802.15,33.7,3
APP003930,684,2,2,0,,10590.22,69.9,122
APP003931,595,1,3,0,,37431.61,93.0,101
APP003932,803,2,2,0,,2899.34,43.7,91
APP003933,676,1,2,0,,20808.83,74.7,92
APP003934,630,3,1,0,,27490.03,25.2,130
APP003935,769,1,5,0,,0.0,33.6,121
APP003936,711,4,7,0,,19057.46,69.3,75
APP003937,715,2,3,0,,24219.01,51.0,49
APP003938,708,4,5,0,,15351.76,81.0,57
APP003939,664,2,4,0,,5664.71,34.6,78
APP003940,598,5,5,0,,19827.27,65.3,109
APP003941,705,0,3,0,,14681.77,38.1,147
APP003942,731,1,6,0,,14195.88,22.9,130
APP003943,671,2,4,0,,9085.42,58.3,73
APP003944,724,4,2,0,,19321.83,62.8,149
APP003945,766,0,4,0,,13755.53,34.9,132
APP003946,736,3,5,0,,18538.94,42.4,87
APP003947,638,1,5,0,,29286.42,45.7,63
APP003948,623,2,7,0,,0.0,56.6,210
APP003949,695,0,2,0,,1553.15,34.3,56
APP003950,608,4,6,0,,28294.92,56.7,106
APP003951,612,4,1,0,,18455.64,26.7,103
APP003952,785,0,3,0,,6342.65,37.8,12
APP003953,768,1,4,0,,11973.02,38.2,139
APP003954,710,2,5,0,,15442.63,45.1,94
APP003955,715,0,3,0,,28185.32,79.3,114
APP003956,702,2,2,0,,18859.38,44.1,39
APP003957,584,5,4,1,3.0,27642.2,90.1,33
APP003958,678,5,2,3,18.0,13493.95,36.1,123
APP003959,861,1,5,0,,0.0,13.8,73
APP003960,701,2,2,0,,9667.25,37.8,77
APP003961,655,1,3,0,,2964.33,45.5,108
APP003962,713,1,3,0,,12014.84,40.1,169
APP003963,589,5,6,0,,8032.38,60.6,182
APP003964,738,4,6,1,23.0,27624.46,59.0,67
APP003965,771,4,7,0,,0.0,41.2,25
APP003966,725,2,4,0,,21671.77,70.5,161
APP003967,667,1,6,0,,33456.44,44.2,103
APP003968,812,2,2,0,,16151.01,64.4,116
APP003969,818,3,5,0,,0.0,48.4,44
APP003970,640,1,3,0,,15263.11,6.3,73
APP003971,640,3,6,0,,34148.97,88.5,109
APP003972,697,1,4,0,,0.0,50.7,102
APP003973,573,1,6,0,,28616.23,65.0,125
APP003974,634,2,3,0,,5733.51,36.9,150
APP003975,801,0,4,0,,8089.99,49.0,82
APP003976,755,0,2,0,,15409.74,69.3,112
APP003977,715,1,1,0,,17872.69,41.7,133
APP003978,669,0,2,0,,7691.75,34.6,91
APP003979,701,1,4,0,,15957.52,49.3,80
APP003980,602,5,4,2,40.0,24002.78,47.1,40
APP003981,549,0,3,0,,23237.22,52.9,96
APP003982,749,1,5,0,,26174.54,74.1,156
APP003983,524,7,2,1,18.0,48176.03,63.0,168
APP003984,591,4,3,0,,28742.17,61.7,155
APP003985,769,2,2,0,,16808.03,34.4,126
APP003986,622,3,1,2,28.0,13656.06,56.1,75
APP003987,769,1,3,0,,28122.06,6.5,33
APP003988,698,2,4,0,,15992.39,58.2,126
APP003989,763,1,3,0,,6192.58,21.4,134
APP003990,565,3,8,0,,20577.8,81.5,136
APP003991,747,1,2,0,,18675.6,40.1,71
APP003992,561,14,1,2,12.0,50942.49,88.6,96
APP003993,668,4,1,0,,17879.85,43.2,14
APP003994,657,1,7,0,,12030.36,18.7,74
APP003995,609,0,4,0,,37669.48,66.5,98
APP003996,777,3,3,0,,5285.42,33.2,111
APP003997,762,1,3,0,,0.0,9.8,64
APP003998,641,2,2,1,7.0,23718.82,85.3,3
APP003999,760,5,4,0,,16245.32,27.2,135
APP004000,748,5,6,0,,16543.66,53.7,111
APP004001,750,0,6,0,,5300.06,25.7,48
APP004002,772,1,7,0,,15692.65,0.0,165
APP004003,882,1,6,0,,11716.38,0.0,158
APP004004,571,6,1,0,,27994.27,75.7,118
APP004005,738,1,5,0,,0.0,41.2,10
APP004006,898,1,8,0,,0.0,15.9,84
APP004007,750,0,1,0,,0.0,8.0,165
APP004008,703,0,4,0,,8434.89,33.8,140
APP004009,828,0,2,0,,0.0,8.9,56
APP004010,683,0,0,0,,17208.02,69.9,83
APP004011,711,1,1,0,,18890.12,79.9,92
APP004012,721,0,4,0,,16490.27,40.9,12
APP004013,462,3,5,0,,33447.58,100.0,115
APP004014,719,1,4,0,,66.59,27.5,145
APP004015,576,5,4,1,16.0,36407.94,40.4,132
APP004016,900,1,6,0,,0.0,0.0,118
APP004017,709,1,0,1,5.0,23660.4,71.6,92
APP004018,670,1,5,1,9.0,23248.11,75.1,32
APP004019,624,3,6,2,2.0,22717.48,66.2,74
APP004020,648,0,1,0,,4276.15,23.5,109
APP004021,618,5,4,0,,0.0,46.2,20
APP004022,728,2,3,0,,23997.67,51.3,152
APP004023,801,1,2,0,,0.0,51.6,98
APP004024,900,0,5,0,,0.0,5.1,166
APP004025,689,1,5,0,,0.0,13.8,63
APP004026,763,2,3,0,,0.0,53.9,35
APP004027,663,0,4,0,,10663.96,46.7,51
APP004028,593,2,2,1,10.0,39898.77,73.4,82
APP004029,675,4,4,0,,12914.38,88.6,97
APP004030,872,1,6,0,,2740.69,28.6,131
APP004031,758,1,4,0,,16181.14,40.2,90
APP004032,704,3,3,0,,30785.56,54.5,167
APP004033,692,3,6,0,,16299.41,47.4,41
APP004034,583,4,1,0,,38212.73,72.2,179
APP004035,775,0,3,0,,30319.27,82.1,14
APP004036,707,1,3,0,,1268.37,27.1,53
APP004037,705,0,1,0,,11415.55,26.7,136
APP004038,779,1,5,0,,2664.95,57.9,220
APP004039,772,0,4,0,,9966.67,56.3,168
APP004040,608,4,3,1,6.0,15172.97,54.9,127
APP004041,900,1,8,0,,6154.36,0.0,29
APP004042,708,2,5,0,,15072.93,37.4,90
APP004043,659,2,3,0,,11631.19,59.6,120
APP004044,822,1,5,0,,12420.24,63.4,67
APP004045,749,1,3,0,,7632.9,16.8,126
APP004046,650,6,1,0,,14546.43,87.3,138
APP004047,503,4,2,1,6.0,27440.81,64.5,80
APP004048,599,2,6,0,,12823.73,43.3,102
APP004049,681,0,2,0,,10821.06,44.0,165
APP004050,664,1,1,0,,14032.61,23.5,12
APP004051,751,1,4,0,,6898.64,63.0,106
APP004052,726,1,6,0,,28669.48,31.1,115
APP004053,848,1,2,0,,11529.7,32.4,95
APP004054,703,1,3,0,,828.84,47.9,103
APP004055,665,8,3,1,47.0,18926.28,45.7,19
APP004056,603,3,2,0,,15931.59,56.9,157
APP004057,734,0,0,0,,3065.37,22.6,124
APP004058,791,1,3,0,,17900.69,22.5,137
APP004059,767,0,4,0,,11425.88,23.7,111
APP004060,637,3,2,0,,17374.33,73.9,161
APP004061,756,1,2,0,,886.67,49.7,135
APP004062,658,1,3,0,,22389.06,51.7,125
APP004063,409,4,5,3,30.0,26368.28,84.9,82
APP004064,563,8,3,0,,36499.81,44.4,53
APP004065,788,1,4,0,,3323.47,66.1,139
APP004066,639,4,2,0,,6828.45,63.1,68
APP004067,647,4,4,1,13.0,15151.5,88.9,127
APP004068,775,1,5,0,,9134.28,26.0,166
APP004069,599,1,2,1,4.0,18747.49,100.0,108
APP004070,714,1,3,0,,12383.07,59.0,132
APP004071,849,3,5,0,,0.0,27.2,69
APP004072,772,1,4,0,,0.0,29.1,9
APP004073,754,1,2,0,,0.0,11.2,103
APP004074,691,4,4,1,4.0,53420.23,91.0,104
APP004075,748,1,11,0,,1703.67,53.8,98
APP004076,647,2,3,0,,1616.72,60.3,127
APP004077,900,2,6,0,,0.0,0.8,113
APP004078,578,4,4,1,83.0,31633.16,62.2,73
APP004079,701,0,4,0,,21324.49,79.7,57
APP004080,662,0,5,0,,12341.17,45.2,175
APP004081,847,1,1,0,,0.0,17.6,111
APP004082,586,4,2,0,,5427.31,34.4,115
APP004083,796,0,3,0,,8603.4,16.8,38
APP004084,643,5,1,0,,17908.97,97.5,141
APP004085,692,3,2,0,,18439.61,65.8,156
APP004086,688,1,3,0,,22756.55,29.1,124
APP004087,661,0,7,2,25.0,18330.2,100.0,96
APP004088,865,1,6,0,,11663.63,35.6,146
APP004089,762,0,4,0,,7525.48,51.8,16
APP004090,607,3,4,1,20.0,22535.28,55.9,26
APP004091,785,0,4,0,,108.07,2.6,49
APP004092,743,1,6,0,,3748.37,7.6,57
APP004093,690,0,3,0,,18256.38,40.3,95
APP004094,761,1,2,0,,22791.22,8.6,98
APP004095,504,6,3,2,17.0,27269.51,92.3,128
APP004096,752,0,4,0,,29595.25,63.0,25
APP004097,641,2,4,1,1.0,49775.27,100.0,5
APP004098,670,4,8,0,,14947.89,69.0,54
APP004099,717,0,1,0,,9052.67,46.6,187
APP004100,680,1,2,0,,21876.48,36.1,178
APP004101,594,5,1,1,120.0,20083.76,79.6,90
APP004102,722,3,3,0,,23852.85,40.0,3
APP004103,547,1,3,0,,22044.93,38.1,106
APP004104,725,2,2,0,,16485.24,71.3,63
APP004105,595,1,3,0,,31798.9,73.3,56
APP004106,706,3,5,0,,0.0,37.0,18
APP004107,636,3,6,0,,8815.18,66.6,164
APP004108,744,0,3,0,,11089.7,41.6,74
APP004109,835,0,1,0,,9754.94,35.5,85
APP004110,604,3,3,1,65.0,23189.11,51.1,63
APP004111,727,2,4,0,,0.0,40.5,72
APP004112,534,4,4,1,55.0,35068.67,80.1,112
APP004113,751,1,3,0,,1378.89,6.4,112
APP004114,628,1,2,1,8.0,31865.22,64.5,90
APP004115,832,2,6,0,,3439.18,0.0,128
APP004116,731,1,8,0,,16168.79,0.0,32
APP004117,624,3,3,1,73.0,37845.4,52.1,29
APP004118,608,1,4,1,16.0,23067.84,54.0,61
APP004119,727,4,7,0,,26451.28,43.5,185
APP004120,727,1,7,0,,22253.23,25.8,52
APP004121,741,1,2,0,,15502.99,61.2,102
APP004122,662,2,6,0,,15474.75,57.3,3
APP004123,649,1,3,0,,11535.19,60.5,112
APP004124,575,5,4,1,37.0,20919.38,100.0,61
APP004125,736,0,4,0,,18742.18,30.6,121
APP004126,768,0,4,0,,12459.9,49.9,74
APP004127,555,3,3,0,,27727.44,80.4,37
APP004128,629,2,4,0,,16876.62,52.8,82
APP004129,707,1,0,0,,13681.52,43.7,93
APP004130,683,2,2,0,,13087.88,41.6,38
APP004131,703,0,3,0,,0.0,18.4,60
APP004132,617,0,3,0,,23749.04,41.3,91
APP004133,739,2,2,0,,18152.33,30.9,95
APP004134,645,2,4,0,,26948.29,73.9,83
APP004135,900,1,5,0,,0.0,0.0,95
APP004136,639,6,4,1,51.0,14777.99,81.4,127
APP004137,659,5,4,0,,44903.76,53.8,116
APP004138,609,0,5,0,,10937.65,29.3,25
APP004139,662,2,5,0,,14960.36,75.1,182
APP004140,808,1,5,0,,13577.77,23.3,32
APP004141,822,1,5,0,,4702.78,34.9,143
APP004142,598,4,2,1,12.0,40842.59,60.9,45
APP004143,740,0,4,0,,9686.6,91.4,39
APP004144,732,1,4,0,,15023.66,40.1,109
APP004145,815,2,4,0,,0.0,54.7,120
APP004146,800,2,3,0,,2542.44,15.4,137
APP004147,563,1,2,0,,39264.79,58.4,63
APP004148,823,1,5,0,,0.0,33.0,73
APP004149,838,3,4,0,,15906.45,32.1,4
APP004150,813,1,2,0,,0.0,0.0,3
APP004151,825,3,7,0,,0.0,0.0,104
APP004152,788,1,5,0,,11518.72,35.3,13
APP004153,900,3,6,0,,6817.03,25.0,169
APP004154,778,1,6,0,,0.0,18.2,58
APP004155,724,0,3,0,,3329.31,5.9,134
APP004156,607,2,5,1,42.0,21965.36,54.4,186
APP004157,720,1,1,0,,18805.01,72.7,10
APP004158,661,1,3,0,,5623.03,49.6,162
APP004159,680,1,1,0,,0.0,64.6,105
APP004160,669,1,5,0,,17886.0,54.3,139
APP004161,615,0,3,0,,5444.51,38.9,85
APP004162,788,1,2,0,,10733.89,58.5,51
APP004163,739,0,3,0,,0.0,13.8,202
APP004164,795,0,7,0,,2509.45,19.4,133
APP004165,798,0,5,0,,5039.6,20.5,63
APP004166,648,1,6,0,,20475.18,44.5,73
APP004167,725,0,3,0,,9185.55,27.7,139
APP004168,693,3,6,0,,15689.78,64.9,157
APP004169,672,1,3,0,,3147.85,44.6,150
APP004170,708,0,6,0,,17957.68,76.7,101
APP004171,698,4,1,0,,22617.23,37.2,115
APP004172,614,2,4,1,2.0,25743.59,93.6,55
APP004173,703,0,2,0,,7790.45,22.5,22
APP004174,790,1,2,0,,24426.74,0.0,115
APP004175,679,2,2,0,,16964.7,26.1,143
APP004176,770,1,4,0,,2536.89,43.2,97
APP004177,590,6,7,1,1.0,44427.77,88.7,3
APP004178,708,1,3,0,,10492.0,39.8,105
APP004179,535,3,6,0,,34903.73,77.9,42
APP004180,598,0,4,2,16.0,13127.93,84.4,93
APP004181,750,4,7,0,,20035.74,21.5,51
APP004182,873,1,8,0,,0.0,9.3,167
APP004183,675,6,2,2,17.0,8968.4,70.9,99
APP004184,753,3,3,0,,25933.84,59.8,204
APP004185,657,3,2,1,30.0,18179.98,35.2,82
APP004186,780,1,3,0,,0.0,17.0,88
APP004187,627,2,5,0,,22466.88,53.1,54
APP004188,685,0,1,0,,13770.13,55.3,93
APP004189,647,1,4,0,,19370.59,58.4,34
APP004190,807,0,3,0,,0.0,8.8,71
APP004191,562,3,3,0,,21014.36,36.7,31
APP004192,606,3,3,0,,31702.54,60.0,205
APP004193,748,2,5,0,,11080.91,30.0,97
APP004194,801,1,4,0,,11327.95,0.0,119
APP004195,601,0,4,0,,45080.45,84.6,55
APP004196,426,4,7,4,8.0,56340.79,100.0,92
APP004197,573,3,2,0,,24513.55,85.9,121
APP004198,670,0,1,0,,0.0,90.7,130
APP004199,680,4,3,1,31.0,21422.8,70.4,149
APP004200,757,1,7,0,,0.0,7.8,121
APP004201,678,1,2,0,,30820.35,61.9,105
APP004202,663,1,2,0,,9015.11,29.4,73
APP004203,900,0,6,0,,0.0,0.0,115
APP004204,602,5,2,1,38.0,15869.68,47.5,77
APP004205,749,1,7,0,,13317.42,54.5,4
APP004206,710,3,1,0,,11389.32,33.2,155
APP004207,701,4,4,0,,27593.03,73.2,49
APP004208,667,1,3,0,,3201.97,9.9,83
APP004209,615,3,2,0,,27086.28,100.0,23
APP004210,695,2,8,0,,9823.3,0.1,32
APP004211,539,9,2,1,21.0,38707.91,79.1,56
APP004212,873,0,7,0,,5296.53,14.9,227
APP004213,591,1,3,0,,27223.8,36.7,153
APP004214,900,2,8,0,,2606.45,0.0,34
APP004215,640,4,1,0,,21062.64,48.2,111
APP004216,647,2,7,0,,13034.47,52.8,53
APP004217,786,0,3,0,,0.0,68.9,140
APP004218,594,1,1,0,,32183.45,49.5,3
APP004219,765,2,1,0,,0.0,61.1,12
APP004220,656,2,1,0,,29638.8,51.5,137
APP004221,810,1,2,0,,27342.97,7.7,123
APP004222,602,1,2,1,7.0,39753.04,78.4,76
APP004223,546,3,2,0,,18451.4,72.5,14
APP004224,721,3,4,0,,1903.04,47.7,61
APP004225,675,0,2,0,,12763.71,69.5,109
APP004226,549,2,2,3,13.0,46669.57,45.0,125
APP004227,821,1,4,0,,0.0,42.8,172
APP004228,900,1,6,0,,0.0,0.0,160
APP004229,683,3,6,0,,23910.21,84.8,58
APP004230,788,2,5,0,,10021.66,28.0,93
APP004231,713,4,2,0,,10088.32,43.5,128
APP004232,708,3,2,0,,31393.08,57.4,128
APP004233,779,2,6,0,,0.0,23.9,153
APP004234,822,1,4,0,,4272.71,16.5,102
APP004235,774,2,8,0,,12956.4,45.9,58
APP004236,787,3,5,0,,4669.57,44.0,78
APP004237,530,1,4,1,3.0,23154.7,67.4,124
APP004238,726,2,5,0,,15463.95,32.9,106
APP004239,560,3,6,0,,21377.68,27.0,116
APP004240,648,2,4,1,17.0,25510.66,44.7,194
APP004241,692,0,1,0,,18407.52,48.3,85
APP004242,743,3,6,0,,12830.27,48.0,73
APP004243,773,3,1,0,,3836.6,47.8,180
APP004244,692,0,3,0,,23341.89,67.5,127
APP004245,720,2,5,0,,8733.6,42.8,106
APP004246,868,2,7,0,,11771.88,18.0,72
APP004247,835,1,5,0,,7910.2,10.8,137
APP004248,506,5,1,1,27.0,17130.64,69.0,121
APP004249,728,1,4,0,,9615.18,24.7,62
APP004250,788,0,3,0,,4738.91,11.1,3
APP004251,746,2,4,0,,0.0,0.0,47
APP004252,778,1,2,0,,13670.07,33.0,32
APP004253,697,3,3,0,,17642.71,48.2,70
APP004254,760,1,4,0,,17478.59,31.3,98
APP004255,809,1,6,0,,0.0,0.0,159
APP004256,552,5,2,0,,19319.31,57.8,94
APP004257,744,1,4,0,,15275.74,12.3,66
APP004258,724,2,4,0,,3678.71,17.2,186
APP004259,601,1,6,0,,22792.92,63.2,151
APP004260,669,2,4,0,,12917.03,47.0,37
APP004261,791,3,7,0,,7047.72,0.0,141
APP004262,575,2,2,1,22.0,28984.81,36.8,73
APP004263,819,0,7,0,,14091.28,11.3,134
APP004264,762,2,5,0,,0.0,53.5,79
APP004265,806,0,3,0,,21260.37,41.7,57
APP004266,681,3,5,0,,12850.05,41.9,206
APP004267,834,1,6,0,,5054.51,0.0,54
APP004268,685,0,2,0,,22349.27,78.2,77
APP004269,735,0,2,0,,13378.43,47.3,101
APP004270,540,2,4,1,5.0,24464.83,69.0,136
APP004271,679,2,5,0,,0.0,37.9,67
APP004272,707,1,2,0,,12984.83,46.3,3
APP004273,786,0,6,0,,19553.74,39.1,118
APP004274,802,0,2,0,,11995.05,33.1,83
APP004275,683,2,3,0,,18073.47,87.6,166
APP004276,570,4,0,0,,25743.04,70.8,62
APP004277,504,9,5,0,,28085.58,53.4,166
APP004278,735,2,4,0,,23443.9,45.3,73
APP004279,721,1,3,0,,0.0,29.7,103
APP004280,752,1,2,0,,23419.7,64.4,94
APP004281,768,1,7,0,,20840.16,0.0,151
APP004282,708,2,5,0,,35119.12,37.8,77
APP004283,723,1,0,0,,17946.2,52.3,119
APP004284,645,3,3,1,5.0,16046.12,60.6,66
APP004285,672,1,2,0,,30198.65,33.5,171
APP004286,700,1,0,0,,16381.59,41.9,133
APP004287,761,1,9,0,,1934.67,5.7,98
APP004288,627,0,3,0,,55886.98,38.3,143
APP004289,610,0,1,0,,27721.5,74.5,3
APP004290,628,1,2,1,21.0,7943.95,100.0,104
APP004291,655,1,1,0,,20458.85,66.8,60
APP004292,703,1,4,0,,24365.32,45.7,78
APP004293,725,1,2,0,,8160.73,62.5,127
APP004294,649,2,4,0,,18133.97,44.3,129
APP004295,729,4,1,0,,14184.03,55.9,67
APP004296,615,3,2,1,44.0,19120.3,39.2,105
APP004297,775,1,6,0,,397.4,57.6,138
APP004298,801,2,2,0,,19925.55,5.0,35
APP004299,666,2,2,0,,12452.27,45.3,72
APP004300,789,1,4,0,,0.0,31.8,172
APP004301,638,3,5,0,,18908.62,34.1,91
APP004302,848,0,3,0,,0.0,0.0,18
APP004303,672,1,4,0,,27161.58,64.3,91
APP004304,576,4,9,2,1.0,38352.1,81.0,48
APP004305,708,3,2,0,,27037.76,39.2,126
APP004306,634,1,2,0,,20416.11,56.9,88
APP004307,699,2,2,0,,26901.98,35.0,25
APP004308,688,1,3,0,,25845.83,27.9,110
APP004309,699,5,5,1,1.0,37249.76,74.5,44
APP004310,747,3,3,0,,10438.99,46.9,57
APP004311,721,1,5,0,,1633.01,22.4,58
APP004312,698,2,2,0,,14757.47,66.5,75
APP004313,635,4,5,0,,21399.95,30.5,73
APP004314,567,6,3,0,,22149.97,93.7,30
APP004315,807,3,4,0,,8920.51,39.2,68
APP004316,667,0,3,0,,19792.24,54.0,32
APP004317,739,1,4,0,,10607.01,14.4,85
APP004318,670,1,2,0,,13587.62,33.3,55
APP004319,748,2,3,0,,10096.47,65.7,38
APP004320,632,1,3,0,,13583.48,72.5,129
APP004321,855,0,2,0,,0.0,0.0,187
APP004322,733,0,6,0,,12204.04,14.8,186
APP004323,888,3,5,0,,3445.79,46.2,117
APP004324,830,4,1,0,,6469.21,29.1,46
APP004325,573,2,4,0,,25144.32,47.6,63
APP004326,657,4,3,0,,23769.37,63.6,52
APP004327,768,0,2,0,,10675.28,64.3,121
APP004328,687,0,6,0,,10875.96,42.5,62
APP004329,757,3,5,0,,11999.57,44.3,111
APP004330,575,5,3,0,,36383.84,80.6,139
APP004331,765,0,9,0,,0.0,56.8,32
APP004332,629,1,3,0,,20061.09,65.7,3
APP004333,740,2,2,0,,14182.22,49.2,139
APP004334,622,2,4,0,,8503.87,43.3,132
APP004335,581,4,3,0,,20817.24,89.9,116
APP004336,747,3,7,0,,12561.76,77.3,108
APP004337,842,1,2,0,,10710.82,33.0,119
APP004338,771,0,2,0,,21626.85,29.0,120
APP004339,682,2,3,0,,22843.06,25.8,109
APP004340,690,5,2,0,,21522.47,7.9,55
APP004341,754,0,1,0,,5403.41,0.0,117
APP004342,570,5,4,0,,15338.27,47.4,3
APP004343,726,1,6,0,,6371.2,21.3,60
APP004344,679,0,4,0,,7011.39,58.4,74
APP004345,712,1,5,0,,8995.05,51.6,116
APP004346,826,3,6,0,,14186.58,14.9,63
APP004347,531,5,4,1,48.0,21739.97,49.1,100
APP004348,535,7,0,1,8.0,35783.89,88.2,146
APP004349,856,0,2,0,,8660.11,41.4,112
APP004350,749,1,3,0,,0.0,34.4,82
APP004351,777,0,0,0,,23563.84,41.7,112
APP004352,720,1,5,0,,0.0,34.4,94
APP004353,876,1,3,0,,0.0,49.3,68
APP004354,706,1,0,0,,7590.63,44.1,12
APP004355,785,1,3,0,,18852.57,28.8,65
APP004356,540,6,6,3,11.0,34651.52,59.9,168
APP004357,545,2,5,2,37.0,22650.79,48.2,98
APP004358,532,6,6,3,8.0,43195.5,56.0,17
APP004359,564,3,1,0,,31211.86,36.9,165
APP004360,666,0,3,0,,33509.58,52.8,59
APP004361,608,2,2,0,,8769.54,82.6,3
APP004362,616,4,2,0,,21270.64,31.9,46
APP004363,815,1,4,0,,0.0,32.1,120
APP004364,639,0,2,0,,22887.28,47.1,76
APP004365,807,2,3,0,,16671.68,44.5,162
APP004366,708,2,5,0,,4840.05,36.8,138
APP004367,622,1,2,0,,20026.1,48.2,3
APP004368,569,2,2,0,,21781.28,57.8,3
APP004369,709,1,4,0,,4023.22,50.7,123
APP004370,711,2,1,0,,6306.55,34.7,84
APP004371,811,1,6,0,,0.0,5.3,103
APP004372,751,1,6,0,,10755.39,32.5,142
APP004373,678,2,4,0,,4938.42,39.8,129
APP004374,725,2,3,0,,28920.34,80.4,3
APP004375,663,2,2,2,17.0,28229.48,71.9,112
APP004376,636,1,2,0,,15831.52,61.7,74
APP004377,795,1,2,0,,12749.84,30.6,64
APP004378,709,1,1,0,,3051.74,4.5,7
APP004379,624,3,6,0,,16372.31,52.4,91
APP004380,634,4,4,0,,22449.02,60.6,112
APP004381,900,2,9,0,,0.0,0.0,116
APP004382,727,0,2,0,,18531.5,35.8,103
APP004383,654,2,0,0,,18311.2,78.2,71
APP004384,773,0,6,0,,14567.65,11.5,80
APP004385,642,1,3,0,,11535.78,25.9,54
APP004386,796,1,4,0,,6037.31,2.5,111
APP004387,619,2,3,0,,17359.23,58.5,40
APP004388,687,1,3,0,,3150.2,48.6,41
APP004389,750,0,3,0,,23591.32,25.3,180
APP004390,787,4,4,0,,6381.97,19.2,52
APP004391,696,1,2,1,27.0,26902.27,62.8,67
APP004392,716,1,1,0,,20445.41,56.0,39
APP004393,836,1,5,0,,0.0,57.7,146
APP004394,782,0,7,0,,27327.84,6.8,108
APP004395,558,1,2,0,,26993.9,47.9,41
APP004396,742,1,3,0,,7645.22,55.0,3
APP004397,758,1,6,0,,19041.29,40.2,104
APP004398,756,2,3,0,,7595.43,34.6,82
APP004399,672,5,4,0,,30245.96,100.0,92
APP004400,809,0,7,0,,20994.07,30.7,142
APP004401,826,0,9,0,,2768.87,21.4,132
APP004402,738,0,5,0,,25740.85,0.0,114
APP004403,807,1,2,0,,1571.1,1.6,106
APP004404,801,2,5,0,,15951.52,52.4,4
APP004405,695,1,3,0,,2461.88,22.6,163
APP004406,781,3,3,0,,16925.07,53.5,199
APP004407,548,4,1,1,1.0,35036.31,83.9,91
APP004408,803,1,9,0,,10811.53,23.2,109
APP004409,763,2,1,0,,19609.02,0.0,56
APP004410,786,2,2,0,,1263.29,21.6,132
APP004411,686,1,1,0,,13664.32,60.1,83
APP004412,707,0,5,0,,0.0,72.4,119
APP004413,739,1,1,0,,2064.79,15.4,166
APP004414,740,0,3,0,,0.0,7.1,114
APP004415,900,1,7,0,,7431.19,15.8,173
APP004416,569,4,2,0,,32602.46,93.3,120
APP004417,701,2,7,0,,28354.79,49.7,174
APP004418,822,2,3,0,,0.0,14.1,103
APP004419,631,4,4,2,10.0,13173.75,71.2,18
APP004420,767,1,6,0,,15141.69,59.7,35
APP004421,787,1,4,0,,23412.62,70.0,177
APP004422,698,3,5,0,,11141.26,32.8,65
APP004423,682,2,1,0,,16163.27,43.1,96
APP004424,724,2,5,0,,14931.14,58.9,101
APP004425,672,2,4,0,,7181.87,15.8,131
APP004426,775,2,2,0,,11964.55,8.1,117
APP004427,569,3,1,1,22.0,17782.63,47.0,61
APP004428,676,1,2,0,,15192.19,3.6,32
APP004429,700,1,3,0,,20387.77,55.4,42
APP004430,635,6,2,0,,30382.8,0.6,134
APP004431,589,1,4,0,,31701.13,79.3,76
APP004432,780,2,5,0,,5910.07,36.1,91
APP004433,544,8,4,2,4.0,37110.64,56.8,78
APP004434,610,3,5,1,10.0,30839.3,85.8,73
APP004435,619,4,1,0,,41748.82,21.9,80
APP004436,635,1,5,0,,13942.19,75.6,107
APP004437,647,3,3,0,,33990.98,56.0,94
APP004438,900,0,7,0,,0.0,7.3,12
APP004439,549,2,4,0,,14663.59,19.7,74
APP004440,644,5,3,2,2.0,20191.69,56.8,132
APP004441,685,1,4,0,,7670.0,60.1,156
APP004442,646,4,3,1,39.0,13928.54,54.1,3
APP004443,843,0,1,0,,0.0,62.4,31
APP004444,656,5,4,0,,26320.92,49.8,83
APP004445,735,2,5,0,,11447.38,56.9,27
APP004446,769,0,5,0,,5374.78,40.0,140
APP004447,657,7,4,0,,32111.93,41.0,6
APP004448,637,0,0,0,,1573.97,18.7,136
APP004449,615,1,3,0,,1517.26,48.5,93
APP004450,676,1,3,0,,45.32,77.0,66
APP004451,714,1,2,0,,5059.18,42.6,112
APP004452,789,1,1,0,,0.0,24.1,121
APP004453,784,4,5,0,,309.14,25.3,167
APP004454,896,1,4,0,,4910.74,31.5,56
APP004455,750,1,1,0,,10806.85,62.5,68
APP004456,807,1,2,0,,6697.43,32.4,126
APP004457,812,2,4,0,,16129.31,30.0,113
APP004458,615,3,0,3,8.0,25617.57,54.4,59
APP004459,606,1,3,0,,23620.53,52.1,134
APP004460,611,0,3,0,,22609.44,54.2,80
APP004461,731,2,3,0,,23317.55,32.5,56
APP004462,789,1,6,0,,17644.77,0.0,106
APP004463,635,2,2,0,,10589.07,30.3,154
APP004464,667,1,2,0,,32321.87,25.9,171
APP004465,773,5,5,0,,1100.86,55.4,80
APP004466,629,2,2,0,,26732.16,61.1,113
APP004467,729,3,4,0,,11392.38,36.8,89
APP004468,654,7,4,2,1.0,12044.7,23.9,3
APP004469,599,2,3,1,13.0,13217.7,61.8,68
APP004470,589,3,3,1,17.0,25899.95,80.5,75
APP004471,900,0,9,0,,0.0,27.5,98
APP004472,803,2,3,0,,2175.87,88.0,79
APP004473,865,1,6,0,,28189.91,46.8,129
APP004474,684,2,7,0,,10825.49,42.8,167
APP004475,787,3,7,0,,0.0,16.0,76
APP004476,804,2,3,0,,0.0,23.0,3
APP004477,726,0,2,0,,15787.06,40.8,108
APP004478,627,2,3,0,,20292.33,73.4,107
APP004479,588,3,1,0,,13574.54,88.4,116
APP004480,739,3,9,1,14.0,16735.25,47.1,139
APP004481,658,0,4,0,,22811.82,69.7,94
APP004482,664,1,4,0,,20104.54,78.2,85
APP004483,703,2,3,2,17.0,22260.19,52.2,77
APP004484,619,2,3,0,,34283.35,28.3,86
APP004485,693,2,4,0,,13645.0,77.7,166
APP004486,674,3,1,0,,10765.4,34.8,26
APP004487,613,1,2,0,,16540.69,100.0,77
APP004488,771,2,2,0,,8402.26,56.2,102
APP004489,693,0,8,1,1.0,28026.07,76.9,88
APP004490,729,3,5,0,,6788.64,51.3,94
APP004491,605,1,2,1,23.0,9542.71,70.9,165
APP004492,632,1,3,0,,7159.01,20.8,102
APP004493,752,2,9,0,,13303.89,71.6,67
APP004494,794,3,4,0,,0.0,58.0,28
APP004495,800,1,1,0,,13748.27,24.5,58
APP004496,758,2,4,0,,17109.15,36.8,198
APP004497,475,5,3,1,51.0,42207.56,86.8,66
APP004498,457,6,1,2,31.0,26042.7,100.0,106
APP004499,858,1,6,0,,0.0,35.5,117
APP004500,770,2,4,0,,6015.82,24.3,159
APP004501,551,2,1,0,,20667.82,18.6,148
APP004502,770,2,3,0,,15831.71,33.7,30
APP004503,662,0,8,0,,18848.07,86.1,108
APP004504,548,5,4,0,,31919.33,45.5,170
APP004505,645,7,6,1,37.0,33795.66,100.0,153
APP004506,745,1,6,0,,13658.51,29.5,83
APP004507,741,1,5,0,,19160.51,43.9,144
APP004508,738,1,5,0,,12333.08,38.7,119
APP004509,704,4,3,0,,10389.61,53.2,122
APP004510,584,3,2,1,11.0,38375.61,51.6,79
APP004511,668,4,3,0,,12431.86,61.8,150
APP004512,659,2,3,0,,26241.91,36.1,60
APP004513,778,2,1,0,,21200.32,41.8,83
APP004514,659,2,0,0,,30256.06,88.1,116
APP004515,633,5,4,0,,2719.33,51.6,3
APP004516,594,1,2,0,,21360.33,71.2,88
APP004517,719,4,4,0,,15646.26,33.0,96
APP004518,663,6,4,0,,20761.96,43.6,52
APP004519,839,0,3,0,,3911.48,73.2,148
APP004520,714,1,2,0,,0.0,2.7,114
APP004521,510,2,4,1,38.0,30208.38,75.4,129
APP004522,571,4,0,0,,23233.86,49.9,149
APP004523,741,1,6,0,,3692.6,9.5,121
APP004524,726,2,3,0,,17594.06,28.2,175
APP004525,567,0,6,0,,23845.58,84.9,126
APP004526,737,0,4,0,,6966.88,49.8,105
APP004527,806,2,2,0,,1521.53,62.9,157
APP004528,652,0,3,0,,20899.95,32.4,98
APP004529,709,6,6,2,15.0,24986.2,55.7,27
APP004530,744,1,3,0,,15210.58,54.6,75
APP004531,678,0,3,0,,7764.3,27.9,143
APP004532,708,1,1,0,,1004.49,43.8,3
APP004533,875,2,5,0,,29402.86,68.7,119
APP004534,743,1,0,0,,6112.77,25.1,123
APP004535,699,2,2,0,,35580.81,60.9,15
APP004536,606,1,4,0,,10135.39,24.8,87
APP004537,659,1,4,0,,19765.69,59.2,139
APP004538,714,0,4,0,,0.0,59.7,141
APP004539,737,1,1,0,,0.0,20.1,41
APP004540,614,3,3,1,81.0,10056.74,97.7,117
APP004541,838,2,2,0,,4127.3,2.1,127
APP004542,601,4,5,0,,24198.62,59.3,81
APP004543,565,7,1,2,16.0,25171.73,98.2,53
APP004544,736,0,5,0,,18814.7,30.9,147
APP004545,681,2,4,0,,19526.56,36.6,113
APP004546,660,6,4,1,41.0,21734.56,17.4,72
APP004547,704,1,3,1,4.0,27074.65,39.9,138
APP004548,608,2,2,3,46.0,22294.86,82.2,111
APP004549,816,1,12,0,,12183.05,0.0,63
APP004550,590,3,4,1,15.0,42113.12,35.3,20
APP004551,625,4,4,0,,25940.86,85.3,134
APP004552,815,2,5,0,,0.0,38.4,47
APP004553,626,0,5,0,,19234.76,38.6,58
APP004554,592,1,1,0,,41952.86,59.4,83
APP004555,873,1,3,0,,0.0,21.5,136
APP004556,779,1,4,0,,7921.68,82.2,126
APP004557,559,2,4,0,,7541.34,72.1,55
APP004558,695,0,4,0,,37499.8,42.9,168
APP004559,627,5,3,0,,32820.45,62.0,142
APP004560,523,4,1,1,1.0,32131.61,100.0,8
APP004561,610,0,4,0,,3804.03,55.6,49
APP004562,588,3,4,1,53.0,27416.79,39.8,168
APP004563,791,2,6,0,,0.0,0.0,116
APP004564,612,3,2,2,4.0,36543.54,31.9,98
APP004565,652,2,2,0,,48065.28,67.4,102
APP004566,643,0,2,0,,19073.41,42.2,158
APP004567,697,4,5,1,4.0,25259.57,69.6,96
APP004568,609,3,1,0,,13670.54,56.9,8
APP004569,757,1,1,0,,9307.17,85.5,81
APP004570,662,6,3,1,83.0,25182.21,100.0,87
APP004571,686,2,1,0,,31897.07,55.4,91
APP004572,711,1,1,0,,33672.02,64.0,74
APP004573,706,2,5,1,32.0,13740.01,73.7,86
APP004574,584,2,3,1,71.0,17242.4,60.4,116
APP004575,728,2,3,0,,4269.58,17.8,90
APP004576,851,2,3,0,,9332.88,11.5,119
APP004577,565,3,1,0,,28700.44,41.4,64
APP004578,716,0,1,0,,5161.32,16.2,4
APP004579,900,0,9,0,,0.0,0.7,143
APP004580,634,3,1,0,,30972.96,31.9,46
APP004581,647,0,4,0,,21066.01,61.4,128
APP004582,858,1,7,0,,0.0,8.7,110
APP004583,665,5,4,0,,22932.12,33.5,52
APP004584,700,0,4,0,,10522.6,56.7,133
APP004585,579,4,3,0,,39630.33,32.5,60
APP004586,782,3,1,0,,15435.8,67.7,103
APP004587,758,0,5,0,,0.0,59.4,65
APP004588,621,5,7,0,,23303.82,51.3,89
APP004589,799,1,4,0,,0.0,0.0,124
APP004590,695,3,3,0,,22247.78,65.4,139
APP004591,704,1,5,0,,10733.68,34.1,151
APP004592,653,2,1,0,,21014.18,46.1,39
APP004593,663,0,3,0,,7217.94,37.8,55
APP004594,712,2,0,0,,4534.58,65.0,128
APP004595,839,1,0,0,,24469.17,65.6,149
APP004596,652,1,3,0,,28766.47,12.4,36
APP004597,647,1,5,2,11.0,22457.98,66.4,89
APP004598,606,3,3,0,,16844.99,82.1,110
APP004599,763,2,4,0,,21818.17,56.2,118
APP004600,589,0,4,0,,8689.07,46.7,140
APP004601,680,2,3,2,9.0,10148.3,27.6,66
APP004602,671,2,3,0,,6622.98,53.9,104
APP004603,470,6,3,5,17.0,46598.64,97.5,60
APP004604,480,10,4,0,,36856.48,79.1,53
APP004605,608,1,1,0,,23545.0,36.8,99
APP004606,488,8,2,0,,34453.57,63.0,123
APP004607,738,3,2,0,,18438.43,56.1,81
APP004608,670,2,6,0,,15705.96,68.4,87
APP004609,900,2,6,0,,1402.47,11.0,15
APP004610,680,1,8,0,,9497.02,40.3,25
APP004611,777,1,4,0,,0.0,22.9,96
APP004612,570,4,2,2,2.0,24184.45,84.4,68
APP004613,660,4,12,0,,32546.3,74.4,175
APP004614,769,1,5,0,,26925.07,32.6,147
APP004615,493,6,3,0,,32000.66,70.3,195
APP004616,646,3,1,0,,15714.92,63.0,129
APP004617,588,2,5,0,,30633.47,65.6,124
APP004618,507,4,1,1,11.0,24025.44,40.9,146
APP004619,649,3,4,0,,2515.52,1.2,111
APP004620,736,2,4,0,,4062.98,33.7,15
APP004621,787,2,4,0,,0.0,7.1,63
APP004622,634,1,5,0,,22056.34,78.4,6
APP004623,571,5,2,2,1.0,28485.76,46.1,102
APP004624,642,2,5,2,23.0,32037.27,56.0,105
APP004625,891,0,1,0,,0.0,11.9,96
APP004626,808,1,7,0,,18870.81,45.9,113
APP004627,585,3,1,2,73.0,24801.77,82.2,63
APP004628,851,0,7,0,,2732.32,36.1,109
APP004629,710,2,3,0,,16934.46,77.0,113
APP004630,617,2,3,0,,0.0,55.7,39
APP004631,749,2,5,0,,11662.26,15.5,127
APP004632,785,1,8,0,,13536.36,40.2,98
APP004633,622,2,8,1,2.0,35154.13,53.9,90
APP004634,766,0,1,0,,0.0,20.3,144
APP004635,737,3,2,0,,12537.58,33.3,123
APP004636,755,2,3,0,,0.0,45.7,100
APP004637,746,4,5,0,,16361.33,60.1,58
APP004638,898,1,9,0,,0.0,0.0,138
APP004639,679,1,1,1,70.0,27989.02,84.6,77
APP004640,631,2,2,0,,0.0,78.6,179
APP004641,761,1,3,0,,21947.18,35.1,54
APP004642,847,3,5,0,,14376.08,39.3,76
APP004643,685,3,3,0,,17920.19,15.7,65
APP004644,651,2,8,0,,12900.17,73.2,106
APP004645,593,3,3,0,,23249.45,50.4,49
APP004646,658,2,3,0,,47581.22,17.5,118
APP004647,727,1,2,0,,14889.34,31.6,131
APP004648,689,2,5,0,,26181.93,57.7,194
APP004649,877,2,8,0,,10869.82,20.9,65
APP004650,697,2,2,0,,23669.34,72.3,21
APP004651,729,2,3,0,,20490.19,41.8,99
APP004652,685,2,3,0,,25435.12,29.9,3
APP004653,594,1,6,0,,13737.91,43.3,60
APP004654,844,2,1,0,,1661.21,27.6,129
APP004655,705,1,6,0,,17321.83,7.0,19
APP004656,608,1,4,0,,25580.9,51.3,120
APP004657,678,2,1,0,,18184.43,54.2,163
APP004658,691,2,4,0,,12557.88,23.4,38
APP004659,566,2,1,3,4.0,30862.19,83.9,124
APP004660,578,2,1,0,,36300.82,55.3,139
APP004661,757,0,2,0,,11241.18,22.2,73
APP004662,789,0,3,0,,22584.15,43.1,145
APP004663,633,2,3,0,,22399.9,56.0,104
APP004664,552,4,3,2,73.0,28504.58,100.0,88
APP004665,629,3,4,0,,14600.32,68.6,94
APP004666,674,3,0,2,25.0,26819.12,67.0,127
APP004667,768,0,7,0,,0.0,3.2,162
APP004668,707,2,5,1,1.0,26282.58,69.1,95
APP004669,613,7,2,0,,25109.74,64.1,102
APP004670,582,2,2,0,,16929.87,11.9,88
APP004671,859,3,7,0,,22295.62,5.0,122
APP004672,721,1,0,0,,19488.36,27.4,120
APP004673,713,0,4,0,,0.0,6.5,132
APP004674,546,4,3,3,20.0,21211.82,96.5,71
APP004675,734,2,1,0,,0.0,58.9,153
APP004676,665,5,1,0,,24190.99,73.2,98
APP004677,810,1,3,0,,5042.02,9.1,107
APP004678,650,0,2,0,,6653.16,26.1,68
APP004679,790,1,1,1,40.0,30263.53,44.4,92
APP004680,847,2,2,0,,8645.34,25.5,13
APP004681,716,1,5,0,,0.0,32.5,101
APP004682,666,1,1,0,,14263.19,76.6,160
APP004683,528,3,1,0,,19595.13,100.0,104
APP004684,635,3,2,0,,31942.55,43.5,104
APP004685,896,2,7,0,,1974.33,0.0,68
APP004686,626,6,2,1,8.0,20247.78,100.0,81
APP004687,773,0,6,0,,20115.92,24.3,98
APP004688,673,1,3,0,,27814.32,55.3,92
APP004689,668,1,6,0,,8297.54,54.4,105
APP004690,730,0,5,0,,0.0,23.7,170
APP004691,809,3,3,0,,13757.12,41.7,117
APP004692,695,4,4,1,6.0,9508.97,59.5,134
APP004693,841,3,6,0,,0.0,6.1,3
APP004694,606,7,5,0,,16164.82,68.5,161
APP004695,693,1,1,0,,20937.47,33.7,31
APP004696,753,0,4,0,,20341.48,29.3,149
APP004697,730,0,2,0,,15793.72,46.6,121
APP004698,647,0,4,1,66.0,12757.49,56.0,21
APP004699,816,2,5,0,,8118.83,0.0,3
APP004700,675,1,5,0,,17765.9,48.5,151
APP004701,666,4,1,0,,27013.62,60.8,113
APP004702,736,2,5,0,,12681.55,43.1,107
APP004703,797,1,4,0,,0.0,35.2,149
APP004704,817,3,6,0,,8534.57,43.5,10
APP004705,587,1,2,1,8.0,44456.19,65.1,112
APP004706,738,1,4,0,,0.0,21.8,159
APP004707,780,0,1,0,,7129.6,52.8,65
APP004708,707,2,4,0,,21473.95,67.6,29
APP004709,704,2,1,0,,4876.2,44.8,76
APP004710,637,0,6,0,,19784.06,24.6,79
APP004711,699,4,2,0,,24437.63,70.8,136
APP004712,695,2,1,2,45.0,0.0,53.0,77
APP004713,603,5,2,0,,20528.31,64.4,71
APP004714,822,2,4,0,,6410.75,50.2,53
APP004715,643,1,2,0,,23689.25,23.4,139
APP004716,582,1,3,0,,13545.18,65.2,170
APP004717,752,4,6,0,,15293.34,6.5,142
APP004718,739,3,3,0,,8318.28,45.6,166
APP004719,623,3,2,0,,16621.89,92.3,122
APP004720,688,1,1,1,4.0,22220.32,39.2,27
APP004721,714,4,3,0,,1225.36,33.1,77
APP004722,712,1,3,0,,13948.78,45.6,25
APP004723,790,3,7,0,,0.0,25.5,103
APP004724,696,4,2,0,,24253.94,34.7,78
APP004725,790,1,3,0,,12445.94,14.1,21
APP004726,581,3,2,1,26.0,33506.3,49.6,35
APP004727,682,0,1,0,,27692.26,73.3,99
APP004728,609,0,2,0,,37586.33,51.4,111
APP004729,537,8,2,0,,38222.68,100.0,3
APP004730,880,2,6,0,,17876.07,6.8,160
APP004731,674,1,4,0,,11424.81,69.5,130
APP004732,654,1,2,0,,7946.93,61.9,140
APP004733,669,1,3,0,,17058.33,85.4,227
APP004734,804,1,7,0,,153.26,66.8,89
APP004735,603,4,3,1,70.0,29473.59,79.0,61
APP004736,739,1,8,0,,0.0,29.9,91
APP004737,515,4,3,2,6.0,53239.62,83.4,36
APP004738,781,2,5,0,,22454.85,0.0,24
APP004739,727,1,5,0,,15332.24,71.4,96
APP004740,785,2,5,0,,0.0,72.0,86
APP004741,571,3,5,0,,52440.65,56.1,52
APP004742,568,5,0,1,3.0,48060.4,100.0,122
APP004743,811,0,3,0,,16383.73,0.0,136
APP004744,672,4,0,1,1.0,30492.86,27.2,141
APP004745,632,4,3,1,29.0,36474.96,70.0,149
APP004746,698,1,6,0,,8183.33,64.6,114
APP004747,836,0,7,0,,0.0,27.6,148
APP004748,694,1,6,0,,14304.94,55.4,39
APP004749,834,1,4,0,,11188.72,58.7,86
APP004750,734,3,2,0,,7120.94,1.9,3
APP004751,781,2,1,0,,17095.86,47.7,72
APP004752,672,1,4,0,,12972.8,1.8,158
APP004753,767,0,4,0,,0.0,74.4,53
APP004754,710,2,2,0,,21643.58,33.5,56
APP004755,742,3,0,0,,2851.95,0.0,170
APP004756,529,1,1,0,,9317.19,51.7,47
APP004757,687,2,1,0,,20907.37,55.5,129
APP004758,724,1,2,0,,25047.32,67.0,101
APP004759,645,1,6,0,,38192.3,49.7,130
APP004760,686,0,5,0,,15106.56,79.7,112
APP004761,735,2,3,0,,19299.58,25.1,87
APP004762,686,5,1,0,,42300.42,42.6,74
APP004763,801,3,6,0,,14689.23,53.0,94
APP004764,489,5,2,4,1.0,30319.5,85.4,56
APP004765,649,1,2,0,,8951.56,43.9,3
APP004766,648,6,0,3,20.0,35692.43,50.6,101
APP004767,628,1,3,0,,17163.26,14.5,35
APP004768,708,1,1,0,,16306.73,11.9,39
APP004769,708,1,1,0,,3384.5,46.1,83
APP004770,605,11,4,0,,34425.51,81.0,149
APP004771,741,1,5,0,,23488.34,2.1,82
APP004772,645,5,2,0,,19824.74,36.5,162
APP004773,725,0,4,0,,14536.41,21.9,90
APP004774,706,0,1,0,,21781.23,51.0,82
APP004775,670,3,2,0,,21899.29,43.3,185
APP004776,729,4,3,0,,24897.96,46.2,87
APP004777,743,2,1,0,,5572.63,45.1,108
APP004778,653,0,9,0,,6965.9,25.3,140
APP004779,766,1,6,0,,9701.78,15.0,34
APP004780,813,1,3,0,,11856.98,29.4,109
APP004781,842,2,4,0,,9025.64,47.8,112
APP004782,688,0,3,0,,12616.19,45.8,168
APP004783,803,1,1,0,,29294.82,8.3,32
APP004784,622,8,2,1,25.0,25469.3,79.6,49
APP004785,809,1,2,0,,3627.71,25.4,125
APP004786,707,4,2,0,,8234.87,49.5,114
APP004787,661,0,2,0,,0.0,38.9,98
APP004788,595,1,8,0,,19046.34,60.9,45
APP004789,636,3,2,0,,16089.95,26.7,167
APP004790,646,0,5,1,30.0,29228.0,45.3,130
APP004791,692,0,0,0,,14300.23,16.5,54
APP004792,663,1,2,0,,22852.35,71.0,53
APP004793,693,1,3,0,,6698.41,23.7,43
APP004794,824,1,7,0,,0.0,1.7,125
APP004795,846,3,6,0,,0.0,42.7,127
APP004796,580,4,3,1,33.0,10151.79,85.2,76
APP004797,672,3,5,0,,33405.39,37.6,34
APP004798,662,1,3,0,,20237.18,41.5,40
APP004799,728,0,3,0,,20264.8,0.0,49
APP004800,584,2,5,0,,46457.04,54.9,80
APP004801,645,5,3,0,,802.28,64.0,156
APP004802,645,6,4,0,,22819.17,71.5,74
APP004803,727,1,2,0,,17296.82,56.9,150
APP004804,677,2,2,0,,23277.1,48.7,163
APP004805,665,1,3,0,,15254.64,33.9,192
APP004806,694,1,3,1,82.0,16497.13,47.9,130
APP004807,700,3,4,1,60.0,16874.09,46.9,82
APP004808,643,3,3,0,,25938.36,91.1,54
APP004809,618,0,5,0,,8277.65,86.0,111
APP004810,741,2,7,0,,14388.12,34.9,63
APP004811,842,3,6,0,,7929.0,42.4,163
APP004812,593,1,2,2,5.0,28142.56,64.3,106
APP004813,677,3,4,0,,21569.2,46.4,183
APP004814,623,3,2,0,,0.0,38.7,23
APP004815,684,0,3,0,,2841.9,51.3,103
APP004816,604,4,5,0,,22354.35,89.3,114
APP004817,807,1,2,0,,7212.67,3.1,59
APP004818,790,1,1,0,,19915.44,40.0,98
APP004819,736,0,2,0,,2957.46,54.7,174
APP004820,594,1,4,0,,12868.84,68.3,102
APP004821,734,2,3,0,,5571.92,33.8,3
APP004822,645,1,1,0,,21135.84,57.5,84
APP004823,687,2,0,1,3.0,23961.82,73.4,180
APP004824,683,1,5,0,,3810.29,41.3,156
APP004825,592,4,4,1,7.0,31503.68,64.0,111
APP004826,780,1,3,0,,0.0,3.6,3
APP004827,744,3,2,0,,14123.44,23.8,131
APP004828,668,3,2,0,,6931.02,27.6,123
APP004829,569,9,3,2,12.0,21074.84,67.1,175
APP004830,822,2,5,0,,29779.15,46.6,70
APP004831,714,2,7,0,,14387.02,22.7,150
APP004832,628,2,1,0,,18643.84,51.1,157
APP004833,681,3,3,0,,18249.36,74.5,144
APP004834,630,1,5,0,,6572.6,57.8,125
APP004835,658,0,2,0,,15235.56,33.3,117
APP004836,771,1,5,0,,11419.92,39.9,200
APP004837,688,1,1,0,,14901.12,36.3,65
APP004838,691,1,3,0,,9206.67,50.3,141
APP004839,754,0,5,0,,3137.2,32.6,84
APP004840,667,3,2,0,,18807.0,18.7,68
APP004841,887,1,5,0,,3491.53,20.1,130
APP004842,731,0,3,0,,495.93,20.0,61
APP004843,699,1,0,0,,22352.16,48.5,155
APP004844,646,1,2,0,,18697.46,32.4,63
APP004845,807,0,6,0,,0.0,2.1,60
APP004846,617,3,2,1,57.0,24513.94,60.7,159
APP004847,695,2,2,0,,19345.2,46.1,27
APP004848,631,3,2,0,,11755.99,5.0,52
APP004849,548,4,2,0,,25838.72,66.3,130
APP004850,600,5,5,0,,36492.49,66.1,175
APP004851,692,1,3,0,,11047.07,23.0,22
APP004852,741,2,3,0,,16315.75,73.5,107
APP004853,624,1,2,0,,7212.31,53.5,115
APP004854,755,0,4,0,,3035.4,46.3,81
APP004855,493,7,3,2,105.0,47163.31,91.5,148
APP004856,672,2,4,0,,0.0,17.4,147
APP004857,717,1,4,0,,20313.11,66.6,151
APP004858,600,4,1,0,,17378.12,61.0,122
APP004859,643,0,0,1,5.0,19290.11,93.5,94
APP004860,598,0,4,0,,0.0,47.3,134
APP004861,728,0,2,0,,31222.56,32.3,87
APP004862,645,1,4,0,,8686.78,52.7,103
APP004863,613,2,1,0,,24624.02,100.0,162
APP004864,751,1,5,0,,3224.08,49.6,176
APP004865,696,3,4,0,,18369.24,100.0,73
APP004866,843,1,3,0,,4722.33,56.8,107
APP004867,651,0,5,0,,21808.18,85.8,3
APP004868,766,0,3,0,,4678.72,30.7,155
APP004869,501,2,5,1,1.0,33322.61,79.2,85
APP004870,705,1,4,0,,2338.53,56.6,151
APP004871,731,1,5,0,,8861.1,22.0,117
APP004872,679,0,3,0,,4904.09,41.4,3
APP004873,658,2,5,0,,9899.44,28.5,67
APP004874,672,4,2,0,,35605.24,100.0,95
APP004875,662,2,1,0,,24083.09,16.3,151
APP004876,581,0,4,0,,22626.39,44.9,129
APP004877,679,2,4,0,,1818.09,90.0,97
APP004878,671,3,4,0,,20586.76,46.1,111
APP004879,445,5,5,4,24.0,45399.73,99.2,61
APP004880,798,1,4,0,,3450.98,31.7,62
APP004881,813,0,6,0,,4462.04,0.0,117
APP004882,757,4,5,0,,7241.75,35.0,38
APP004883,786,6,3,0,,11975.46,23.5,124
APP004884,631,1,1,0,,17508.59,75.3,155
APP004885,665,0,0,0,,2328.09,16.0,168
APP004886,758,1,6,0,,8001.8,60.2,183
APP004887,700,1,5,0,,863.49,67.4,46
APP004888,690,1,2,0,,5389.29,26.4,39
APP004889,616,4,5,0,,28523.78,53.6,70
APP004890,763,1,1,0,,6788.0,21.4,200
APP004891,657,3,3,0,,41995.76,76.4,51
APP004892,456,0,3,3,7.0,34792.44,100.0,68
APP004893,714,2,5,0,,23363.07,36.7,92
APP004894,642,3,3,0,,27931.16,59.8,204
APP004895,696,1,2,0,,21541.03,36.5,85
APP004896,622,6,2,2,9.0,22977.17,57.4,62
APP004897,648,2,6,0,,2131.9,12.6,72
APP004898,779,1,5,0,,6386.46,57.2,146
APP004899,643,1,1,0,,21028.46,66.5,21
APP004900,594,3,1,0,,21785.96,93.5,128
APP004901,745,2,5,0,,6626.93,17.8,80
APP004902,735,2,2,0,,0.0,40.1,39
APP004903,788,0,4,0,,12786.35,36.8,99
APP004904,776,0,3,0,,17809.84,34.4,127
APP004905,777,1,8,0,,521.79,19.5,85
APP004906,794,1,3,0,,28233.93,57.1,149
APP004907,852,2,6,0,,0.0,46.9,66
APP004908,651,8,5,0,,24836.43,96.4,68
APP004909,734,2,5,0,,11149.15,41.3,153
APP004910,694,0,7,0,,1039.97,57.6,88
APP004911,790,1,4,0,,19390.51,28.9,138
APP004912,766,1,2,0,,4234.14,79.2,127
APP004913,586,4,3,0,,29818.81,40.3,145
APP004914,744,3,1,0,,27664.65,49.6,169
APP004915,691,4,0,0,,22472.23,84.7,155
APP004916,826,1,2,0,,23638.46,44.1,107
APP004917,666,4,3,0,,12636.08,51.1,65
APP004918,674,3,2,1,18.0,19055.7,57.9,43
APP004919,747,1,4,0,,9073.22,61.6,82
APP004920,721,2,4,0,,0.0,78.7,114
APP004921,649,3,5,0,,0.0,60.0,54
APP004922,854,0,8,0,,0.0,18.7,68
APP004923,652,2,6,0,,21160.08,71.5,74
APP004924,660,1,2,0,,30148.96,18.0,127
APP004925,731,3,5,0,,26381.5,68.7,125
APP004926,727,2,5,0,,0.0,36.5,207
APP004927,793,0,4,0,,14110.18,73.6,93
APP004928,755,2,2,0,,11640.04,66.6,92
APP004929,743,1,8,0,,0.0,37.8,64
APP004930,697,3,1,0,,18155.95,21.6,105
APP004931,682,2,1,0,,15063.07,0.0,152
APP004932,831,0,6,0,,4947.57,13.1,87
APP004933,725,1,4,0,,5613.68,64.3,152
APP004934,728,2,2,0,,29168.17,70.8,64
APP004935,744,0,0,0,,23356.07,44.5,12
APP004936,454,4,2,1,23.0,49107.2,100.0,81
APP004937,744,0,7,0,,2848.17,15.6,99
APP004938,800,0,3,0,,15314.91,62.7,93
APP004939,848,3,5,0,,29478.65,48.0,107
APP004940,674,2,1,0,,15322.17,48.6,64
APP004941,745,2,2,0,,26176.39,80.4,75
APP004942,633,3,1,0,,13747.65,52.9,96
APP004943,619,1,8,0,,24132.62,37.2,85
APP004944,702,0,5,0,,1462.31,24.5,161
APP004945,664,0,4,0,,10686.0,44.3,115
APP004946,777,4,1,0,,12563.77,22.0,157
APP004947,760,2,1,0,,23540.54,47.4,129
APP004948,868,0,7,0,,484.74,0.0,131
APP004949,603,2,3,0,,35557.6,96.7,124
APP004950,639,2,2,0,,12816.11,33.1,110
APP004951,701,0,3,0,,10205.85,36.3,59
APP004952,688,5,2,1,114.0,12940.84,43.5,130
APP004953,745,0,1,0,,13225.09,37.4,74
APP004954,736,0,4,0,,0.0,22.3,74
APP004955,803,2,3,0,,13926.55,45.1,82
APP004956,686,4,3,0,,20210.0,53.7,156
APP004957,604,1,6,0,,14483.87,39.8,83
APP004958,703,0,3,0,,15265.96,0.0,56
APP004959,684,2,5,0,,7259.75,73.2,121
APP004960,746,5,1,0,,22356.7,48.6,118
APP004961,608,3,3,1,2.0,23751.3,78.0,107
APP004962,824,1,5,0,,16783.61,41.2,175
APP004963,708,2,3,0,,0.0,26.9,158
APP004964,900,3,10,0,,950.51,24.6,59
APP004965,668,2,2,2,20.0,44975.19,44.9,67
APP004966,585,2,4,2,96.0,27066.32,48.9,100
APP004967,736,3,6,0,,25655.2,39.3,88
APP004968,723,0,7,0,,5574.32,73.7,58
APP004969,590,6,0,4,58.0,40087.29,90.9,91
APP004970,860,1,3,0,,0.0,15.5,83
APP004971,626,8,4,2,16.0,30903.26,78.1,119
APP004972,678,0,0,0,,22363.43,64.4,115
APP004973,698,2,3,0,,2574.76,69.5,170
APP004974,754,1,3,0,,489.45,58.7,51
APP004975,658,1,3,0,,48378.49,69.4,99
APP004976,596,2,5,1,15.0,19389.91,70.9,88
APP004977,814,0,6,0,,0.0,24.7,72
APP004978,652,3,4,0,,14051.67,51.3,128
APP004979,741,3,1,0,,5218.25,44.9,79
APP004980,815,0,5,0,,0.0,7.1,40
APP004981,654,2,4,0,,6493.09,24.8,3
APP004982,761,2,2,0,,3691.12,28.1,117
APP004983,666,1,1,0,,19174.47,97.0,63
APP004984,685,0,4,0,,0.0,26.5,118
APP004985,765,1,5,0,,0.0,56.5,134
APP004986,799,3,5,0,,0.0,0.0,158
APP004987,717,1,2,0,,15342.51,63.5,204
APP004988,900,2,9,0,,0.0,11.2,204
APP004989,581,5,0,2,45.0,32800.03,86.8,3
APP004990,810,1,2,0,,26031.65,27.1,99
APP004991,757,1,2,0,,0.0,41.5,82
APP004992,568,8,4,2,1.0,33480.93,75.5,148
APP004993,718,2,4,0,,9125.73,42.0,143
APP004994,798,0,3,0,,436.52,42.2,79
APP004995,579,0,3,1,120.0,19292.58,84.3,131
APP004996,759,2,6,0,,409.87,18.3,67
APP004997,615,1,3,0,,17341.34,37.9,106
APP004998,635,1,4,0,,27203.78,76.5,139
APP004999,712,0,5,0,,12470.84,19.8,90
APP005000,739,0,5,0,,2139.11,50.9,78
APP005001,831,1,10,0,,0.0,40.1,145
APP005002,635,1,5,0,,9908.68,36.2,188
APP005003,686,0,6,0,,11892.91,20.3,105
APP005004,559,3,3,0,,13171.68,54.9,84
APP005005,822,0,4,0,,10523.64,4.6,108
APP005006,802,2,4,0,,10416.58,23.9,73
APP005007,689,2,2,0,,12109.1,62.4,9
APP005008,643,2,6,0,,23577.3,53.5,113
APP005009,704,5,2,1,21.0,22751.65,89.4,66
APP005010,743,0,5,0,,5957.43,25.1,133
APP005011,792,3,1,0,,16554.07,29.4,69
APP005012,844,1,5,0,,3520.1,27.5,3
APP005013,594,4,3,0,,13958.55,83.5,14
APP005014,851,3,3,0,,0.0,0.0,122
APP005015,690,0,4,0,,21405.41,44.6,93
APP005016,758,1,1,0,,15624.5,74.5,37
APP005017,772,0,1,0,,0.0,41.6,117
APP005018,703,3,2,0,,22817.23,96.4,101
APP005019,658,4,3,1,18.0,30554.11,72.2,91
APP005020,704,2,3,0,,22160.3,39.6,28
APP005021,587,5,6,0,,33650.13,48.7,113
APP005022,800,3,6,0,,16432.2,10.6,101
APP005023,684,0,2,0,,13984.51,24.2,101
APP005024,751,1,1,0,,27773.07,55.4,109
APP005025,855,0,2,0,,0.0,25.9,87
APP005026,729,1,6,0,,14466.67,44.4,14
APP005027,690,0,4,0,,21569.43,54.5,183
APP005028,731,3,6,0,,6504.05,47.8,56
APP005029,806,2,4,0,,7095.09,44.5,170
APP005030,696,3,3,0,,11113.08,19.6,128
APP005031,670,6,3,0,,27542.49,100.0,61
APP005032,900,0,5,0,,0.0,4.9,89
APP005033,661,2,2,0,,30249.47,41.8,3
APP005034,513,0,1,0,,20663.74,35.4,87
APP005035,660,2,6,0,,11883.12,37.9,163
APP005036,837,1,5,0,,17432.66,58.8,139
APP005037,558,3,2,0,,23822.09,70.7,96
APP005038,713,4,1,0,,32339.07,55.4,127
APP005039,703,2,6,0,,12588.98,86.7,72
APP005040,592,4,1,2,88.0,16177.71,45.6,91
APP005041,667,2,4,0,,0.0,47.2,124
APP005042,533,5,0,0,,25972.85,74.4,41
APP005043,785,1,3,0,,0.0,0.0,94
APP005044,567,5,4,2,14.0,38695.45,79.6,68
APP005045,683,2,3,0,,22874.95,69.3,55
APP005046,530,2,3,0,,16445.36,42.5,114
APP005047,667,1,3,0,,22907.71,32.3,136
APP005048,650,2,2,2,2.0,14628.62,50.9,52
APP005049,694,3,6,0,,15518.14,83.5,86
APP005050,724,1,3,0,,11929.44,65.2,87
APP005051,711,3,4,0,,50092.48,65.7,83
APP005052,581,2,7,0,,23786.33,17.2,163
APP005053,845,3,5,0,,11007.15,17.4,71
APP005054,717,1,1,0,,20389.94,45.0,62
APP005055,709,0,0,0,,7528.64,69.5,113
APP005056,769,1,3,0,,12539.55,62.4,113
APP005057,884,0,5,0,,10953.83,47.2,25
APP005058,811,0,0,0,,1310.34,11.8,75
APP005059,681,1,5,0,,29410.74,20.1,99
APP005060,750,0,3,0,,26861.77,29.9,253
APP005061,582,3,3,0,,43049.41,90.5,120
APP005062,700,4,4,0,,17363.53,33.0,3
APP005063,740,2,2,0,,14850.77,32.1,90
APP005064,749,1,2,0,,20734.35,49.2,72
APP005065,850,1,2,0,,0.0,5.4,78
APP005066,890,1,5,0,,0.0,14.9,84
APP005067,560,4,4,3,7.0,32506.58,46.8,144
APP005068,614,4,5,0,,11447.31,45.0,52
APP005069,817,0,1,0,,11880.93,39.9,162
APP005070,671,3,2,0,,34120.71,100.0,143
APP005071,749,3,5,0,,16841.16,47.1,69
APP005072,620,2,3,0,,12546.92,69.6,3
APP005073,595,2,5,1,35.0,43516.16,73.8,104
APP005074,789,0,4,0,,19523.97,58.7,86
APP005075,651,0,2,0,,16878.85,7.2,152
APP005076,658,0,4,0,,11615.61,16.9,80
APP005077,380,2,0,2,17.0,54787.9,100.0,141
APP005078,823,0,7,0,,18665.17,43.9,150
APP005079,546,3,4,1,21.0,32087.77,64.7,127
APP005080,752,1,3,0,,17141.47,50.5,53
APP005081,710,0,6,0,,25258.59,41.1,83
APP005082,796,2,2,0,,0.0,19.2,80
APP005083,777,1,5,0,,0.0,0.0,89
APP005084,659,1,3,0,,18870.36,55.4,44
APP005085,539,2,5,2,2.0,24337.8,90.8,92
APP005086,809,2,10,0,,0.0,0.0,35
APP005087,612,2,7,0,,20912.24,64.5,31
APP005088,737,1,1,0,,7256.59,54.4,62
APP005089,575,4,4,1,25.0,26439.66,100.0,84
APP005090,791,1,1,0,,11930.57,11.6,108
APP005091,624,1,3,2,1.0,42354.62,95.0,162
APP005092,836,0,4,0,,0.0,48.5,97
APP005093,784,3,2,0,,5848.87,23.9,68
APP005094,851,4,5,0,,0.0,2.4,51
APP005095,604,4,2,1,77.0,39126.86,96.2,60
APP005096,605,2,3,1,23.0,33084.65,58.8,135
APP005097,803,3,3,0,,4829.08,43.6,79
APP005098,664,1,1,0,,31690.84,67.6,67
APP005099,832,1,1,0,,778.89,0.7,60
APP005100,816,1,4,0,,0.0,50.1,118
APP005101,875,1,3,0,,0.0,0.0,92
APP005102,638,1,3,0,,10516.27,46.3,107
APP005103,611,4,4,0,,14014.61,62.4,41
APP005104,786,2,3,0,,26750.75,39.7,13
APP005105,595,3,5,0,,15501.23,70.5,53
APP005106,628,0,4,0,,36729.2,41.7,97
APP005107,732,2,3,0,,17117.78,40.7,49
APP005108,609,2,3,0,,23670.75,44.9,25
APP005109,717,2,4,0,,0.0,35.8,26
APP005110,741,0,2,0,,19371.12,59.2,176
APP005111,668,1,1,0,,13014.71,54.7,203
APP005112,732,4,1,1,64.0,36885.46,56.8,158
APP005113,707,2,2,0,,30961.76,17.7,40
APP005114,634,4,4,0,,11565.16,50.3,164
APP005115,717,1,3,0,,32032.83,85.8,118
APP005116,485,4,4,1,16.0,47009.8,94.8,52
APP005117,727,2,2,0,,16464.57,51.8,75
APP005118,750,0,1,0,,11479.25,31.6,159
APP005119,598,1,2,0,,19411.39,76.1,118
APP005120,736,3,2,0,,13942.0,60.6,52
APP005121,883,0,2,0,,7291.52,32.3,112
APP005122,758,1,7,0,,24768.28,56.0,118
APP005123,705,1,3,0,,8259.32,66.4,124
APP005124,647,1,5,0,,26478.63,11.5,10
APP005125,644,2,2,0,,11793.45,56.1,26
APP005126,900,1,2,0,,11582.88,24.3,120
APP005127,635,3,2,0,,21888.24,57.8,95
APP005128,624,2,4,0,,23592.72,28.8,3
APP005129,683,2,1,0,,14273.49,67.2,3
APP005130,665,1,4,0,,29824.43,51.1,79
APP005131,591,4,4,2,7.0,14060.16,65.1,101
APP005132,782,1,8,0,,7185.22,16.0,199
APP005133,699,1,6,0,,17534.71,32.4,74
APP005134,525,2,4,2,17.0,37897.26,100.0,50
APP005135,723,1,7,0,,0.0,11.9,3
APP005136,453,3,3,2,11.0,19491.06,81.4,118
APP005137,709,1,2,0,,8217.57,35.3,109
APP005138,654,1,4,0,,6645.0,49.1,48
APP005139,715,0,5,0,,9194.65,46.1,67
APP005140,694,2,1,0,,32511.36,98.2,114
APP005141,722,2,3,0,,3396.82,46.8,65
APP005142,719,1,1,0,,21302.49,0.0,100
APP005143,572,2,1,0,,18868.72,45.7,78
APP005144,588,2,3,0,,19967.39,84.5,118
APP005145,643,1,3,0,,23888.63,56.1,76
APP005146,597,3,7,0,,22066.2,56.5,44
APP005147,566,7,5,0,,33815.41,100.0,77
APP005148,700,3,5,0,,16996.29,33.5,75
APP005149,588,3,6,0,,16444.57,100.0,140
APP005150,893,0,6,0,,13088.35,31.3,45
APP005151,762,1,2,0,,19246.13,9.5,55
APP005152,726,2,4,0,,17230.58,62.1,68
APP005153,688,1,4,0,,0.0,41.4,159
APP005154,709,3,3,0,,19673.15,57.8,145
APP005155,900,0,7,0,,1158.77,51.5,97
APP005156,607,1,4,0,,15283.26,67.0,122
APP005157,649,7,5,2,10.0,21857.21,18.1,38
APP005158,644,2,5,0,,15789.1,18.9,191
APP005159,702,2,5,0,,2083.84,2.1,48
APP005160,746,0,6,0,,0.0,4.4,119
APP005161,563,4,4,3,35.0,31223.08,59.0,43
APP005162,670,2,2,0,,27007.14,84.2,101
APP005163,686,1,2,0,,19752.06,61.2,133
APP005164,809,1,6,0,,2563.4,0.0,78
APP005165,691,1,3,1,1.0,0.0,48.5,80
APP005166,877,2,2,0,,2762.77,12.1,108
APP005167,580,4,7,2,9.0,15439.67,78.0,57
APP005168,658,0,3,1,15.0,32577.1,94.7,59
APP005169,704,1,8,0,,5837.9,26.4,117
APP005170,517,5,4,0,,23883.87,87.9,159
APP005171,744,0,4,0,,18882.78,29.8,61
APP005172,646,4,3,1,15.0,39844.6,96.8,135
APP005173,621,4,3,1,28.0,28754.36,38.1,151
APP005174,668,4,0,0,,17263.5,49.1,82
APP005175,554,9,1,1,21.0,24158.25,88.9,6
APP005176,851,1,5,0,,3486.0,49.1,208
APP005177,726,1,2,0,,0.0,23.7,91
APP005178,542,6,1,3,1.0,34246.7,80.1,3
APP005179,459,3,4,0,,27439.43,88.7,117
APP005180,845,0,4,0,,5287.03,36.3,92
APP005181,733,2,2,0,,19786.49,28.5,93
APP005182,830,0,3,0,,0.0,3.4,117
APP005183,768,0,10,0,,9554.47,10.6,126
APP005184,748,0,4,0,,27402.92,48.5,69
APP005185,746,1,3,0,,22244.85,28.5,88
APP005186,704,1,3,0,,6784.09,36.1,40
APP005187,680,3,4,0,,36844.94,81.6,197
APP005188,621,0,1,0,,20636.34,42.1,133
APP005189,900,1,7,0,,0.0,5.2,86
APP005190,702,6,1,1,19.0,19158.7,40.4,116
APP005191,521,3,6,1,1.0,25724.24,46.3,71
APP005192,586,2,6,0,,23532.27,37.1,153
APP005193,712,4,3,0,,16648.04,64.9,95
APP005194,475,6,2,2,33.0,52908.49,100.0,83
APP005195,598,2,1,0,,16406.03,23.5,139
APP005196,755,2,0,0,,0.0,35.4,186
APP005197,722,1,5,0,,17217.67,22.4,208
APP005198,773,1,2,0,,14005.47,41.6,71
APP005199,744,1,5,0,,11395.05,61.5,110
APP005200,775,0,4,0,,22610.95,49.3,57
APP005201,536,3,5,1,12.0,25865.05,100.0,117
APP005202,686,2,3,0,,23833.24,63.2,105
APP005203,747,1,6,0,,0.0,27.5,38
APP005204,715,1,4,0,,22576.74,43.3,93
APP005205,563,6,5,2,40.0,28189.62,73.4,128
APP005206,722,3,5,0,,30282.24,83.2,62
APP005207,505,9,1,1,47.0,38798.95,100.0,109
APP005208,803,1,6,0,,12902.22,39.9,3
APP005209,707,0,1,0,,9268.55,38.3,74
APP005210,646,2,2,0,,40285.86,45.6,78
APP005211,683,5,5,0,,16329.34,60.8,158
APP005212,782,1,3,0,,9560.85,24.5,80
APP005213,735,1,2,0,,14709.01,44.1,124
APP005214,630,3,5,0,,22244.92,63.0,105
APP005215,684,3,3,0,,14672.29,26.4,229
APP005216,743,2,2,0,,28337.62,54.7,100
APP005217,739,2,3,0,,7585.5,31.7,3
APP005218,607,5,3,0,,24074.46,62.2,103
APP005219,778,4,3,0,,24186.59,43.8,93
APP005220,741,2,1,0,,26365.18,46.8,98
APP005221,691,2,3,0,,16161.16,47.4,108
APP005222,780,2,5,0,,0.0,21.1,208
APP005223,666,1,5,0,,12852.44,54.0,84
APP005224,786,0,7,0,,1157.19,42.0,108
APP005225,721,2,2,0,,2275.98,0.0,73
APP005226,759,3,1,0,,27282.37,24.3,158
APP005227,710,1,5,0,,16408.44,53.6,146
APP005228,764,2,0,0,,16461.43,51.3,106
APP005229,536,4,0,3,3.0,24565.76,77.0,139
APP005230,630,4,3,0,,42210.77,50.9,64
APP005231,767,0,1,0,,12019.73,31.8,107
APP005232,776,2,1,0,,675.05,67.3,70
APP005233,698,0,6,0,,9776.93,63.8,88
APP005234,609,1,2,0,,29582.99,38.8,73
APP005235,632,4,6,2,21.0,33432.18,78.8,115
APP005236,588,4,6,1,90.0,30961.71,49.6,43
APP005237,717,2,6,0,,7727.91,35.4,86
APP005238,705,1,4,0,,24613.54,26.7,125
APP005239,631,1,5,0,,8581.37,100.0,26
APP005240,777,1,3,0,,6031.82,57.7,145
APP005241,739,0,3,0,,6690.94,33.7,155
APP005242,900,1,8,0,,0.0,13.0,137
APP005243,739,3,2,0,,2013.15,68.2,76
APP005244,689,2,2,0,,8144.87,52.5,32
APP005245,770,1,6,0,,0.0,4.9,117
APP005246,788,1,3,0,,20957.41,64.0,86
APP005247,712,0,3,0,,3066.62,24.4,171
APP005248,676,0,8,0,,16113.74,73.5,173
APP005249,679,3,7,0,,14790.95,64.1,73
APP005250,624,2,3,0,,9008.97,52.1,61
APP005251,743,1,4,0,,18957.09,43.6,80
APP005252,679,2,3,0,,27080.37,33.4,183
APP005253,512,5,3,1,61.0,37699.02,89.5,133
APP005254,499,4,2,2,20.0,31153.13,42.1,189
APP005255,884,0,3,0,,8970.96,40.7,128
APP005256,651,1,3,0,,28351.43,51.8,94
APP005257,692,1,4,0,,0.0,11.9,149
APP005258,712,2,0,0,,25680.85,51.4,105
APP005259,764,3,7,0,,13717.95,55.9,135
APP005260,701,0,4,0,,13339.43,41.1,3
APP005261,796,1,3,0,,0.0,0.0,184
APP005262,806,0,3,0,,11680.2,72.8,134
APP005263,727,1,3,0,,12355.52,75.7,131
APP005264,874,2,5,0,,21134.91,21.2,90
APP005265,722,1,9,0,,6778.49,32.1,85
APP005266,595,1,4,0,,19342.21,63.3,181
APP005267,589,3,1,1,1.0,21223.98,67.0,76
APP005268,893,0,6,0,,0.0,9.5,180
APP005269,843,2,3,0,,0.0,43.3,91
APP005270,789,1,1,0,,0.0,64.5,3
APP005271,805,0,4,0,,22128.98,21.7,162
APP005272,596,2,6,0,,30392.09,72.7,84
APP005273,768,1,4,0,,0.0,26.2,56
APP005274,701,1,1,0,,13920.77,36.8,130
APP005275,572,2,2,1,48.0,40112.73,89.9,150
APP005276,730,1,3,0,,14213.85,37.9,32
APP005277,808,1,2,0,,10658.65,29.9,197
APP005278,660,3,3,0,,15779.26,16.9,132
APP005279,755,1,7,0,,6941.97,29.4,114
APP005280,795,0,3,0,,18591.59,70.2,53
APP005281,463,2,5,0,,38190.92,93.9,70
APP005282,683,2,3,0,,18352.99,36.4,104
APP005283,776,0,2,0,,0.0,0.0,68
APP005284,638,3,5,0,,26280.66,89.7,49
APP005285,515,2,2,4,38.0,44057.65,66.3,26
APP005286,722,1,3,0,,14586.92,13.8,179
APP005287,548,2,5,0,,28455.6,48.9,150
APP005288,757,0,3,0,,16887.58,13.1,30
APP005289,697,0,4,0,,9453.97,57.4,112
APP005290,708,0,4,0,,10833.12,17.4,117
APP005291,784,0,2,0,,16703.79,0.0,3
APP005292,760,3,2,0,,15029.88,33.8,142
APP005293,652,3,6,0,,20044.68,42.8,109
APP005294,785,1,4,0,,8087.92,42.1,47
APP005295,635,1,7,0,,16653.15,36.3,3
APP005296,900,2,6,0,,2410.72,0.0,42
APP005297,630,1,6,0,,17037.46,15.5,3
APP005298,900,0,7,0,,5384.67,12.4,209
APP005299,713,2,4,0,,2394.19,19.8,146
APP005300,632,0,3,0,,4104.48,2.6,37
APP005301,681,4,3,0,,0.0,66.7,156
APP005302,645,0,3,0,,13512.55,49.1,71
APP005303,543,0,1,0,,18747.81,80.5,111
APP005304,676,1,2,0,,13690.19,53.9,27
APP005305,671,2,4,0,,27951.11,62.6,153
APP005306,769,1,4,0,,20159.87,48.0,114
APP005307,676,0,2,1,19.0,27265.19,47.5,111
APP005308,674,0,5,0,,2972.35,59.8,117
APP005309,779,3,1,0,,8933.51,48.3,159
APP005310,661,0,2,0,,0.0,36.4,168
APP005311,668,4,2,0,,27094.88,57.7,77
APP005312,772,4,3,0,,13351.98,11.3,8
APP005313,794,2,5,0,,0.0,34.9,36
APP005314,795,3,5,0,,0.0,32.9,91
APP005315,701,1,3,0,,8456.69,39.9,87
APP005316,769,0,5,0,,26695.63,34.5,47
APP005317,694,2,3,0,,13774.49,58.5,131
APP005318,602,1,3,0,,9360.77,68.2,137
APP005319,701,1,3,0,,3397.12,39.1,104
APP005320,665,2,5,0,,17411.19,59.4,83
APP005321,602,4,1,0,,2250.01,47.0,67
APP005322,592,2,1,0,,0.0,13.0,74
APP005323,826,3,3,0,,29514.45,68.4,38
APP005324,791,1,4,0,,0.0,0.0,116
APP005325,734,1,4,0,,24962.51,49.7,122
APP005326,859,1,6,0,,0.0,1.9,94
APP005327,565,3,5,1,28.0,27220.33,55.5,178
APP005328,694,3,2,0,,17209.98,52.6,64
APP005329,613,0,2,0,,8188.43,18.4,123
APP005330,717,1,6,0,,6894.03,82.3,130
APP005331,750,2,5,0,,20523.91,33.3,120
APP005332,768,0,4,0,,5409.47,54.0,43
APP005333,539,3,4,1,1.0,16630.52,72.1,6
APP005334,739,0,2,0,,0.0,33.8,42
APP005335,501,4,9,1,63.0,12675.92,7.7,121
APP005336,681,4,3,0,,22208.86,34.2,46
APP005337,767,0,4,0,,9573.33,5.2,74
APP005338,638,0,3,0,,31334.13,79.5,106
APP005339,605,7,5,0,,50082.81,95.1,127
APP005340,817,0,3,0,,0.0,13.8,34
APP005341,736,0,5,0,,5927.23,5.8,110
APP005342,777,0,4,0,,3077.95,0.0,53
APP005343,847,1,3,0,,33844.53,51.5,147
APP005344,831,0,3,0,,16383.24,23.2,62
APP005345,579,3,3,0,,13698.84,79.8,157
APP005346,626,1,5,0,,19111.86,32.4,70
APP005347,638,0,1,0,,3714.07,21.8,96
APP005348,861,2,7,0,,0.0,13.3,38
APP005349,544,4,4,0,,17663.4,94.8,170
APP005350,689,3,3,0,,26622.39,39.9,123
APP005351,668,2,6,0,,1304.08,40.2,6
APP005352,810,0,5,0,,0.0,11.2,38
APP005353,584,2,5,2,1.0,26537.75,29.1,89
APP005354,714,2,2,0,,9778.13,38.7,126
APP005355,603,1,2,0,,24131.8,62.5,3
APP005356,679,2,3,0,,24640.7,0.0,85
APP005357,695,2,8,0,,9573.52,43.7,58
APP005358,690,0,2,0,,0.0,22.0,3
APP005359,462,1,6,0,,51261.09,91.6,130
APP005360,670,2,4,0,,21035.7,48.8,3
APP005361,785,1,4,0,,0.0,29.3,91
APP005362,757,1,5,0,,6392.12,32.3,130
APP005363,857,2,5,0,,17197.39,49.7,76
APP005364,761,0,4,0,,12196.05,1.2,132
APP005365,732,2,7,0,,0.0,27.9,110
APP005366,734,0,5,0,,52.59,33.4,65
APP005367,689,2,7,0,,26291.36,31.8,26
APP005368,630,11,3,3,22.0,34405.99,83.6,162
APP005369,788,0,3,0,,13113.74,32.3,160
APP005370,726,1,3,0,,3633.35,32.3,123
APP005371,760,2,4,0,,14622.16,36.2,104
APP005372,769,1,0,0,,13139.18,40.0,155
APP005373,650,2,3,0,,31789.4,38.5,141
APP005374,743,0,5,0,,17005.31,30.6,130
APP005375,588,2,1,1,12.0,38313.36,51.0,164
APP005376,574,0,3,0,,6873.35,13.9,63
APP005377,645,0,4,0,,5275.21,40.6,106
APP005378,843,0,7,0,,0.0,25.4,158
APP005379,820,2,4,0,,3607.77,42.0,117
APP005380,704,1,1,0,,9180.22,69.3,90
APP005381,691,0,3,0,,1251.56,33.8,52
APP005382,626,1,1,0,,29323.3,46.3,97
APP005383,622,6,3,0,,20253.51,77.4,111
APP005384,567,0,3,0,,14766.22,69.9,61
APP005385,714,2,4,0,,8882.59,67.2,119
APP005386,692,4,7,0,,26051.99,38.1,59
APP005387,806,0,8,0,,0.0,0.0,73
APP005388,761,0,4,0,,0.0,0.0,91
APP005389,731,1,2,0,,0.0,24.4,64
APP005390,705,2,3,0,,18354.19,9.1,85
APP005391,849,1,3,0,,17157.38,38.6,50
APP005392,758,2,6,1,34.0,38324.04,67.7,91
APP005393,776,0,9,0,,0.0,51.8,104
APP005394,693,2,6,0,,13326.28,26.9,60
APP005395,643,2,5,0,,20153.69,89.3,182
APP005396,681,2,4,0,,19230.92,31.0,56
APP005397,506,1,6,0,,19955.48,88.6,97
APP005398,586,2,2,0,,11725.27,70.9,187
APP005399,606,5,2,4,8.0,38664.63,54.4,104
APP005400,833,1,5,0,,0.0,0.0,110
APP005401,668,3,3,2,48.0,24395.52,19.9,85
APP005402,678,4,3,0,,29713.28,56.0,112
APP005403,744,1,3,0,,21279.76,42.5,61
APP005404,636,6,2,0,,27779.74,51.9,119
APP005405,669,1,4,0,,20555.81,37.2,3
APP005406,772,0,7,0,,358.98,45.0,72
APP005407,645,2,7,1,18.0,19331.09,49.0,94
APP005408,666,1,6,0,,12728.68,49.4,42
APP005409,707,2,2,0,,8367.55,51.6,71
APP005410,721,1,6,0,,9538.25,59.1,138
APP005411,664,1,3,0,,7752.19,52.8,138
APP005412,690,2,3,0,,14486.03,30.8,75
APP005413,656,2,2,0,,37643.22,73.3,68
APP005414,757,0,2,0,,22309.19,23.3,138
APP005415,752,1,1,0,,15541.64,67.7,136
APP005416,661,0,0,0,,24535.33,56.0,109
APP005417,717,2,3,0,,10007.29,11.9,82
APP005418,625,5,1,1,10.0,30012.16,71.9,91
APP005419,762,0,3,0,,28823.64,68.7,66
APP005420,797,0,6,0,,0.0,35.1,163
APP005421,789,2,4,0,,23286.93,51.9,86
APP005422,647,3,1,1,9.0,21864.69,56.7,67
APP005423,773,0,2,0,,0.0,19.3,17
APP005424,817,1,4,0,,0.0,61.4,107
APP005425,766,3,2,0,,25430.73,62.0,130
APP005426,643,5,5,0,,16541.44,56.4,127
APP005427,716,1,2,0,,0.0,54.8,141
APP005428,652,4,2,1,31.0,26566.83,73.3,65
APP005429,676,2,1,2,51.0,23377.12,28.8,40
APP005430,696,0,2,2,8.0,36303.43,59.0,88
APP005431,682,2,4,0,,17525.88,33.0,89
APP005432,715,1,1,0,,12132.31,27.1,76
APP005433,752,1,2,0,,12803.41,60.9,3
APP005434,664,1,1,0,,34865.64,67.3,49
APP005435,774,2,6,0,,9711.31,0.0,56
APP005436,857,1,5,0,,10262.86,27.5,158
APP005437,773,2,7,0,,15991.9,16.6,112
APP005438,716,1,4,0,,9896.62,51.1,140
APP005439,853,3,11,0,,22747.84,41.5,3
APP005440,791,1,2,0,,5797.37,50.5,130
APP005441,697,0,2,0,,33590.99,56.2,81
APP005442,635,6,6,1,8.0,30560.03,44.4,136
APP005443,755,1,4,0,,10819.63,55.5,97
APP005444,812,0,1,0,,8432.28,31.2,115
APP005445,756,1,4,0,,19512.28,28.5,78
APP005446,730,1,3,0,,26537.24,35.2,124
APP005447,599,7,3,1,20.0,42285.7,69.6,54
APP005448,686,3,1,0,,16114.37,67.9,55
APP005449,778,1,3,0,,31366.01,21.1,93
APP005450,548,6,3,1,20.0,26077.11,100.0,90
APP005451,655,4,2,0,,20442.92,49.2,88
APP005452,682,0,0,0,,13795.34,45.5,68
APP005453,690,4,4,0,,20420.51,55.5,27
APP005454,619,2,2,0,,30400.78,84.8,98
APP005455,854,2,4,0,,18669.25,22.2,103
APP005456,834,1,1,0,,7381.15,42.5,172
APP005457,751,2,4,0,,41769.32,44.3,134
APP005458,791,1,5,0,,18133.88,35.9,74
APP005459,776,0,1,0,,10924.84,34.0,55
APP005460,759,2,2,0,,3524.32,13.0,98
APP005461,795,1,3,0,,15455.65,29.8,150
APP005462,806,3,6,0,,27345.42,52.6,83
APP005463,668,3,5,0,,5400.74,29.5,82
APP005464,716,0,4,0,,25466.76,44.2,187
APP005465,613,1,2,0,,28026.76,73.4,87
APP005466,571,2,4,0,,36580.16,56.3,132
APP005467,637,0,2,0,,3226.28,6.9,76
APP005468,641,0,5,0,,20233.69,74.0,150
APP005469,606,3,4,0,,30615.08,78.5,86
APP005470,640,1,1,0,,19499.98,72.1,67
APP005471,714,2,6,0,,32675.52,50.6,35
APP005472,696,1,3,0,,0.0,26.3,162
APP005473,622,2,5,0,,22962.68,94.2,120
APP005474,755,1,4,0,,14602.66,43.9,31
APP005475,646,2,4,0,,9127.85,48.0,69
APP005476,669,3,3,1,32.0,9490.92,75.7,57
APP005477,715,4,5,2,2.0,8317.35,69.1,164
APP005478,733,1,4,0,,16905.02,8.6,91
APP005479,771,2,5,0,,0.0,14.0,63
APP005480,679,1,7,1,21.0,22940.04,57.8,94
APP005481,706,1,4,0,,16506.13,40.7,166
APP005482,424,2,4,1,21.0,26030.75,78.2,108
APP005483,900,2,1,0,,0.0,9.2,76
APP005484,845,0,3,0,,6289.2,0.0,114
APP005485,809,1,3,0,,6993.97,16.4,33
APP005486,698,3,3,0,,6974.35,45.4,62
APP005487,733,1,4,0,,19088.97,83.7,46
APP005488,646,3,4,0,,29080.64,56.0,84
APP005489,705,0,1,0,,33197.43,71.3,68
APP005490,829,2,3,0,,5875.19,7.0,118
APP005491,807,1,5,0,,0.0,49.9,66
APP005492,804,0,6,0,,1026.64,19.2,134
APP005493,714,2,5,0,,17014.31,39.2,61
APP005494,745,2,3,0,,15609.15,36.1,138
APP005495,674,0,4,0,,5446.9,38.1,96
APP005496,723,0,6,0,,4476.12,56.9,28
APP005497,621,2,4,0,,20678.01,44.0,78
APP005498,703,2,3,0,,23729.54,68.4,140
APP005499,626,2,3,0,,43989.23,32.3,144
APP005500,821,1,6,0,,828.04,42.1,130
APP005501,570,9,2,1,5.0,25884.26,71.0,52
APP005502,599,1,5,0,,8446.15,38.9,153
APP005503,665,3,2,0,,16918.68,46.2,72
APP005504,642,2,0,0,,11925.84,63.9,80
APP005505,809,0,5,0,,0.0,36.1,158
APP005506,682,2,5,0,,17644.12,50.4,195
APP005507,578,3,5,0,,42054.19,73.0,73
APP005508,745,2,4,0,,23770.81,24.8,214
APP005509,754,1,5,0,,9274.7,0.0,160
APP005510,895,2,5,0,,15144.89,27.7,190
APP005511,747,2,5,0,,15961.88,54.0,129
APP005512,740,1,3,0,,24307.46,53.4,63
APP005513,750,3,3,0,,23390.38,97.5,152
APP005514,719,1,3,0,,24804.28,39.9,32
APP005515,706,1,3,0,,2028.72,43.7,81
APP005516,658,2,0,0,,21640.68,60.1,92
APP005517,791,2,3,0,,0.0,32.3,98
APP005518,772,1,3,0,,8783.79,55.3,116
APP005519,863,1,6,0,,18089.27,23.1,45
APP005520,796,2,4,0,,6977.23,7.9,36
APP005521,644,5,5,2,35.0,31431.9,77.0,28
APP005522,646,5,6,1,35.0,28777.86,58.8,41
APP005523,601,2,1,0,,13753.32,82.5,37
APP005524,578,6,3,0,,27431.95,62.2,47
APP005525,646,3,4,0,,13462.08,44.1,129
APP005526,638,1,5,0,,19130.76,62.6,127
APP005527,713,0,1,0,,0.0,65.6,114
APP005528,659,6,3,0,,36363.24,80.2,40
APP005529,708,0,6,0,,13519.39,18.4,79
APP005530,637,6,1,0,,3137.75,43.7,168
APP005531,655,2,4,0,,24152.29,45.7,67
APP005532,796,2,6,0,,12143.02,27.7,171
APP005533,746,2,4,0,,0.0,16.8,65
APP005534,700,6,1,0,,2679.19,72.9,78
APP005535,816,0,6,0,,0.0,24.6,105
APP005536,633,1,9,0,,16501.99,74.8,44
APP005537,758,2,3,0,,355.56,37.3,56
APP005538,759,0,2,0,,190.07,0.0,92
APP005539,655,1,3,0,,19713.45,7.1,163
APP005540,718,4,2,0,,24371.72,48.4,127
APP005541,678,2,6,0,,2402.12,22.5,60
APP005542,626,3,3,0,,20006.51,62.1,95
APP005543,763,2,2,0,,10449.27,51.2,105
APP005544,729,0,4,0,,16514.48,23.2,91
APP005545,692,6,3,0,,41115.79,100.0,133
APP005546,753,4,3,0,,7610.38,78.0,126
APP005547,774,1,2,0,,0.0,20.7,98
APP005548,593,1,5,0,,14741.21,45.2,131
APP005549,656,2,4,0,,7692.39,32.8,91
APP005550,607,1,1,1,7.0,16499.93,58.4,89
APP005551,781,0,5,0,,0.0,33.5,155
APP005552,769,1,2,0,,19777.26,37.9,96
APP005553,804,3,4,0,,5532.99,13.3,94
APP005554,655,0,4,0,,9999.69,62.6,59
APP005555,581,2,3,0,,5477.22,37.7,120
APP005556,739,0,2,0,,1450.6,41.8,169
APP005557,735,1,3,0,,0.0,0.0,91
APP005558,688,1,6,0,,5552.4,54.7,120
APP005559,825,0,5,0,,1275.63,27.0,134
APP005560,563,1,4,0,,34056.32,85.6,57
APP005561,702,1,5,0,,19575.13,48.8,98
APP005562,832,1,1,0,,11286.99,57.6,88
APP005563,769,0,7,0,,0.0,62.4,90
APP005564,793,0,7,0,,0.0,10.8,141
APP005565,789,0,5,0,,21863.06,55.1,58
APP005566,752,0,4,0,,5733.17,29.7,111
APP005567,817,1,3,0,,2053.08,0.0,178
APP005568,728,0,3,0,,11359.28,19.1,22
APP005569,577,3,1,0,,20558.77,46.2,59
APP005570,775,1,2,0,,20419.04,56.5,36
APP005571,723,0,2,0,,3774.5,40.2,3
APP005572,770,3,7,0,,18134.19,45.0,11
APP005573,622,1,3,0,,26471.65,64.6,101
APP005574,578,1,4,0,,39942.71,78.3,50
APP005575,668,1,6,0,,0.0,58.2,3
APP005576,664,1,5,0,,8409.39,22.6,55
APP005577,817,1,2,0,,20561.2,28.0,62
APP005578,638,3,2,0,,3231.76,47.9,42
APP005579,485,1,6,2,23.0,15728.2,59.9,27
APP005580,742,0,3,0,,773.87,60.6,78
APP005581,637,1,6,0,,9361.21,65.2,111
APP005582,717,2,5,3,30.0,24844.95,68.9,72
APP005583,784,4,4,0,,0.0,2.9,19
APP005584,686,2,5,0,,0.0,38.6,98
APP005585,900,1,9,0,,0.0,0.0,159
APP005586,643,1,3,0,,12737.42,50.6,123
APP005587,720,1,3,0,,5261.01,38.2,20
APP005588,684,1,3,0,,10132.72,32.6,58
APP005589,655,3,4,1,2.0,20996.04,100.0,155
APP005590,629,3,2,1,28.0,36434.59,89.9,158
APP005591,852,2,4,0,,156.35,0.4,98
APP005592,667,2,1,0,,9889.73,47.8,40
APP005593,672,2,1,0,,20883.25,43.6,108
APP005594,664,4,4,0,,12275.67,13.2,52
APP005595,574,2,3,0,,14539.16,31.6,104
APP005596,730,1,1,0,,20673.67,40.8,8
APP005597,815,1,3,0,,0.0,27.1,45
APP005598,613,2,3,0,,40897.97,71.5,67
APP005599,572,0,2,0,,35453.73,73.0,180
APP005600,714,0,7,0,,0.0,50.1,79
APP005601,810,2,2,0,,31338.28,54.6,115
APP005602,738,2,4,0,,13110.82,30.8,128
APP005603,791,2,4,0,,0.0,0.0,193
APP005604,620,0,3,0,,31581.68,37.7,57
APP005605,638,0,1,0,,34687.49,21.8,37
APP005606,581,3,3,2,51.0,26428.63,69.9,68
APP005607,730,2,2,1,1.0,17122.66,25.6,20
APP005608,635,0,6,0,,28643.2,48.4,119
APP005609,580,2,4,3,18.0,27747.66,62.7,153
APP005610,771,1,5,0,,5994.35,26.5,94
APP005611,749,1,6,0,,18206.61,60.8,85
APP005612,663,1,6,1,1.0,27740.04,75.4,139
APP005613,796,2,5,0,,0.0,0.0,130
APP005614,809,1,2,0,,2034.66,0.0,98
APP005615,802,0,5,0,,0.0,43.1,45
APP005616,678,0,4,0,,23770.31,43.4,97
APP005617,707,3,7,0,,9171.18,10.9,125
APP005618,712,0,2,0,,10276.54,40.5,163
APP005619,600,3,4,0,,47816.29,81.3,192
APP005620,778,1,3,0,,13520.3,29.3,54
APP005621,723,2,2,0,,8912.1,72.9,59
APP005622,569,0,4,1,14.0,8581.91,72.9,76
APP005623,801,3,5,0,,10687.88,60.2,55
APP005624,794,0,3,0,,6719.32,42.9,149
APP005625,780,0,3,0,,13700.95,28.6,146
APP005626,403,2,1,5,27.0,44297.48,69.4,157
APP005627,626,3,4,0,,13662.75,26.3,121
APP005628,672,1,4,0,,27714.18,36.0,95
APP005629,754,4,5,0,,0.0,12.9,86
APP005630,730,0,1,0,,26467.09,49.2,87
APP005631,807,1,5,0,,982.37,29.8,91
APP005632,617,3,5,1,15.0,32526.4,73.1,52
APP005633,687,3,2,0,,31145.0,42.5,121
APP005634,716,0,3,0,,18464.05,0.0,126
APP005635,591,3,4,0,,29239.45,50.5,36
APP005636,576,5,3,2,36.0,40752.77,53.7,184
APP005637,759,0,7,0,,6227.44,34.0,29
APP005638,745,2,5,0,,10406.89,65.8,141
APP005639,616,5,2,3,1.0,19326.41,78.2,88
APP005640,587,6,2,2,52.0,18835.05,26.6,148
APP005641,675,3,2,0,,5573.09,81.0,133
APP005642,575,4,7,0,,27101.74,58.8,73
APP005643,707,1,3,0,,10427.82,46.7,82
APP005644,775,2,2,0,,21563.02,63.2,85
APP005645,776,2,4,0,,0.0,65.3,78
APP005646,766,2,4,0,,11700.74,41.9,76
APP005647,511,5,4,1,18.0,34068.02,100.0,110
APP005648,817,1,1,0,,10571.39,56.2,77
APP005649,745,2,3,0,,0.0,0.0,36
APP005650,690,1,2,0,,17229.51,32.7,67
APP005651,650,4,5,0,,22006.19,12.4,149
APP005652,801,1,2,0,,15376.55,31.0,113
APP005653,638,6,5,1,1.0,29788.69,36.6,148
APP005654,786,0,4,0,,401.48,36.8,39
APP005655,678,0,5,0,,1875.15,46.9,60
APP005656,807,1,2,0,,15559.89,47.0,97
APP005657,584,2,4,2,22.0,16791.95,54.1,140
APP005658,774,0,7,0,,0.0,35.9,201
APP005659,738,2,6,0,,7796.54,20.2,9
APP005660,702,2,3,0,,28653.66,41.6,93
APP005661,740,1,0,0,,0.0,29.8,81
APP005662,711,1,4,0,,11169.64,42.1,79
APP005663,510,2,1,5,3.0,42381.65,100.0,148
APP005664,526,2,2,2,1.0,26110.2,96.2,52
APP005665,691,5,4,2,11.0,24075.61,78.2,19
APP005666,659,1,4,0,,5671.75,38.0,31
APP005667,624,2,3,0,,16443.21,37.5,31
APP005668,617,1,4,3,34.0,23282.04,78.8,59
APP005669,637,3,3,1,1.0,32614.86,50.5,89
APP005670,863,2,4,0,,1814.94,2.8,65
APP005671,788,1,1,0,,16040.42,22.6,184
APP005672,853,3,3,0,,2258.48,12.9,86
APP005673,650,2,3,0,,23867.87,23.4,53
APP005674,663,0,7,0,,0.0,30.3,89
APP005675,637,3,4,0,,23831.76,67.8,42
APP005676,814,3,3,0,,6350.86,30.1,80
APP005677,749,2,6,0,,0.0,18.3,53
APP005678,678,3,2,0,,32107.82,36.4,128
APP005679,493,4,2,1,41.0,23581.0,72.9,39
APP005680,595,5,2,2,1.0,26507.0,78.5,99
APP005681,699,0,2,0,,3521.02,24.7,91
APP005682,743,0,6,0,,6808.25,8.3,89
APP005683,680,0,5,0,,10124.29,58.4,83
APP005684,685,1,7,0,,23700.27,12.5,154
APP005685,673,0,3,0,,27117.96,6.4,62
APP005686,675,5,1,1,2.0,36647.93,91.2,100
APP005687,737,1,0,0,,9405.38,76.0,83
APP005688,600,4,1,0,,24418.03,85.8,79
APP005689,716,0,5,0,,13446.94,43.1,96
APP005690,761,2,1,0,,24203.29,17.4,64
APP005691,662,2,6,0,,15917.66,13.7,33
APP005692,860,1,2,0,,6116.84,33.4,42
APP005693,623,2,10,1,10.0,17545.82,94.3,92
APP005694,557,3,1,0,,21877.96,98.2,60
APP005695,726,1,3,0,,13447.7,19.1,49
APP005696,723,0,3,0,,6297.86,34.1,154
APP005697,657,1,6,0,,21940.74,50.4,163
APP005698,743,1,5,0,,2511.4,8.9,3
APP005699,874,3,6,0,,0.0,24.0,64
APP005700,775,1,5,0,,5828.69,49.5,65
APP005701,668,0,3,0,,29021.06,87.3,87
APP005702,697,0,2,0,,5376.93,27.6,166
APP005703,668,3,1,0,,4096.78,47.8,52
APP005704,502,3,4,0,,34073.52,57.1,154
APP005705,582,4,2,1,22.0,29698.21,100.0,75
APP005706,872,0,3,0,,3875.94,22.7,49
APP005707,765,0,2,0,,0.0,73.8,126
APP005708,625,3,3,0,,18490.33,51.6,134
APP005709,733,1,5,0,,12341.58,35.8,91
APP005710,725,0,1,1,42.0,14203.68,43.5,123
APP005711,681,1,4,0,,14841.96,37.1,168
APP005712,671,3,4,0,,26383.62,79.2,123
APP005713,619,1,4,0,,23127.73,88.8,85
APP005714,784,0,2,0,,10337.54,41.7,90
APP005715,730,1,4,0,,17266.15,17.0,239
APP005716,753,0,4,0,,12295.57,17.4,94
APP005717,720,1,2,0,,32166.79,51.0,51
APP005718,624,2,3,0,,9505.63,51.8,153
APP005719,705,2,3,0,,14340.26,38.6,129
APP005720,569,5,2,0,,12363.59,43.8,85
APP005721,616,0,3,0,,21321.57,41.9,130
APP005722,750,3,1,0,,9717.91,80.6,134
APP005723,818,2,6,0,,20585.25,50.6,163
APP005724,765,0,4,0,,11925.23,21.2,65
APP005725,713,1,4,0,,3422.73,37.3,144
APP005726,715,1,4,0,,3857.16,51.4,138
APP005727,669,0,2,0,,24214.18,74.7,93
APP005728,544,2,4,3,1.0,27501.25,88.0,54
APP005729,588,2,2,0,,9867.14,75.7,113
APP005730,763,0,5,0,,0.0,0.0,74
APP005731,642,2,6,0,,47588.73,37.9,65
APP005732,715,1,2,0,,15340.51,97.0,42
APP005733,574,8,3,3,12.0,22133.83,65.9,149
APP005734,663,0,2,0,,26950.87,67.5,193
APP005735,672,2,3,0,,21983.24,71.3,160
APP005736,659,4,4,0,,20304.58,69.8,126
APP005737,572,6,3,0,,31367.06,55.6,52
APP005738,602,3,2,0,,20420.91,67.0,3
APP005739,856,1,3,0,,3554.53,58.4,90
APP005740,738,2,5,0,,10976.37,78.1,102
APP005741,548,8,6,1,100.0,37234.14,86.8,122
APP005742,671,1,2,0,,711.65,12.8,87
APP005743,502,5,3,0,,45980.16,57.1,38
APP005744,776,3,3,0,,13501.47,58.9,69
APP005745,649,4,2,1,1.0,12481.0,33.3,54
APP005746,707,2,3,0,,6255.9,48.4,123
APP005747,700,0,1,0,,31795.5,62.4,55
APP005748,575,2,2,0,,29582.68,31.4,78
APP005749,803,0,4,0,,25082.84,16.9,74
APP005750,570,3,0,0,,24351.34,73.5,98
APP005751,778,1,3,0,,138.55,18.6,77
APP005752,711,1,4,0,,23883.74,24.7,93
APP005753,651,0,2,0,,21184.27,43.7,101
APP005754,547,3,6,0,,19697.25,59.7,156
APP005755,705,1,5,0,,26446.12,25.6,113
APP005756,769,2,9,0,,0.0,0.0,210
APP005757,711,4,4,0,,0.0,21.2,107
APP005758,699,4,1,0,,35954.6,95.8,159
APP005759,708,2,1,0,,28734.9,53.0,123
APP005760,719,1,4,0,,15194.67,20.0,98
APP005761,828,0,6,0,,24051.61,1.0,74
APP005762,623,2,4,0,,23618.25,38.8,166
APP005763,724,2,2,0,,14778.03,31.2,163
APP005764,771,2,3,0,,0.0,55.9,91
APP005765,563,6,5,1,26.0,22557.85,71.8,19
APP005766,515,0,2,0,,32065.52,54.1,192
APP005767,692,0,2,0,,7758.32,26.2,56
APP005768,823,2,3,0,,0.0,0.0,116
APP005769,518,5,3,1,46.0,37706.75,74.5,60
APP005770,600,2,1,0,,33100.64,64.2,36
APP005771,690,1,4,0,,10605.69,80.4,82
APP005772,726,1,2,0,,0.0,50.7,77
APP005773,528,2,1,2,12.0,26393.56,43.8,184
APP005774,709,2,1,0,,11761.27,38.2,112
APP005775,601,5,3,1,38.0,29849.78,53.7,77
APP005776,669,0,1,1,1.0,26024.76,41.7,85
APP005777,578,4,6,0,,15109.75,44.6,32
APP005778,725,2,3,0,,8260.96,71.8,14
APP005779,684,1,6,0,,22821.07,35.5,79
APP005780,698,1,4,0,,0.0,22.9,134
APP005781,775,1,1,0,,9719.6,43.8,149
APP005782,725,1,4,0,,11675.2,32.8,74
APP005783,764,3,2,0,,16767.59,30.4,175
APP005784,790,0,4,0,,18535.73,22.9,111
APP005785,746,1,0,0,,3817.96,60.5,116
APP005786,661,2,3,0,,11615.99,70.2,103
APP005787,743,2,2,0,,25362.18,25.7,66
APP005788,718,2,3,0,,12859.98,56.0,114
APP005789,740,3,1,2,3.0,11537.2,72.5,191
APP005790,671,3,2,0,,14736.1,40.1,55
APP005791,747,0,3,0,,1488.91,42.5,183
APP005792,857,0,3,0,,2149.84,21.2,115
APP005793,482,6,1,1,104.0,46790.24,100.0,38
APP005794,655,2,1,0,,16715.28,74.7,137
APP005795,634,0,3,0,,843.97,43.8,52
APP005796,697,3,2,0,,24308.35,83.3,177
APP005797,672,3,4,0,,22349.12,56.6,86
APP005798,763,2,2,0,,20081.39,35.8,166
APP005799,679,7,3,1,12.0,30686.42,30.1,103
APP005800,594,2,4,1,7.0,33173.38,61.6,129
APP005801,758,2,4,0,,5107.78,41.0,91
APP005802,767,2,4,0,,12737.78,16.5,103
APP005803,661,1,2,0,,11371.45,17.7,149
APP005804,712,1,2,0,,15982.11,35.7,121
APP005805,619,4,3,0,,22055.05,85.2,78
APP005806,550,6,4,2,19.0,46159.4,74.8,68
APP005807,733,4,4,3,61.0,17319.04,49.8,118
APP005808,853,1,2,0,,9459.43,17.7,79
APP005809,608,3,2,2,23.0,34729.75,99.2,100
APP005810,748,3,4,0,,30042.21,74.5,65
APP005811,487,6,2,2,26.0,33141.05,75.8,26
APP005812,551,4,4,1,1.0,47989.66,63.9,81
APP005813,532,2,2,0,,17263.68,49.1,14
APP005814,640,1,2,0,,7030.48,31.0,61
APP005815,692,1,0,0,,14833.18,47.6,110
APP005816,700,2,5,0,,13651.29,30.0,140
APP005817,645,6,4,2,19.0,30596.64,58.2,56
APP005818,808,1,4,0,,23079.01,45.4,120
APP005819,615,0,0,0,,23992.86,54.8,142
APP005820,722,0,4,0,,14701.15,43.1,38
APP005821,793,1,3,0,,0.0,33.0,156
APP005822,782,2,9,0,,0.0,38.9,118
APP005823,859,0,3,0,,4382.7,27.4,118
APP005824,574,2,3,1,14.0,43466.96,80.3,54
APP005825,703,1,0,0,,10250.02,29.2,107
APP005826,681,1,3,0,,6123.96,0.0,119
APP005827,670,4,1,0,,36898.99,47.8,83
APP005828,574,4,3,0,,25139.25,74.9,60
APP005829,559,5,4,0,,46628.96,89.3,96
APP005830,900,3,7,0,,11239.65,12.5,73
APP005831,668,1,6,0,,11222.52,20.9,58
APP005832,732,1,7,0,,0.0,23.1,74
APP005833,654,1,3,0,,17911.91,13.8,33
APP005834,647,1,0,0,,9273.79,26.6,134
APP005835,712,1,6,0,,4816.22,15.7,168
APP005836,614,5,3,1,22.0,7631.16,78.5,140
APP005837,583,2,3,1,79.0,17668.57,46.8,72
APP005838,626,2,2,0,,29388.97,69.0,73
APP005839,780,4,1,0,,14892.55,55.6,109
APP005840,739,2,1,0,,15660.59,56.3,115
APP005841,794,1,5,0,,10452.25,12.2,122
APP005842,613,3,5,0,,12478.11,62.3,157
APP005843,638,2,5,0,,15580.48,39.3,45
APP005844,872,1,4,0,,465.39,35.7,78
APP005845,696,0,3,0,,6973.39,55.1,200
APP005846,686,2,4,0,,0.0,0.0,68
APP005847,582,4,5,0,,23779.26,100.0,118
APP005848,764,1,6,0,,0.0,35.6,148
APP005849,680,4,3,0,,25175.58,70.2,36
APP005850,744,1,4,0,,0.0,38.9,111
APP005851,780,4,5,0,,7983.0,45.2,68
APP005852,701,1,0,0,,1663.53,32.8,123
APP005853,712,2,2,0,,0.0,36.9,23
APP005854,734,2,6,0,,0.0,49.0,34
APP005855,673,0,2,0,,10520.98,33.3,51
APP005856,727,3,6,0,,8770.31,13.2,148
APP005857,679,3,2,2,18.0,30821.37,100.0,105
APP005858,744,2,2,0,,26401.35,41.4,145
APP005859,731,1,7,0,,8994.16,27.4,75
APP005860,549,11,4,2,25.0,27213.7,77.5,96
APP005861,807,2,3,0,,8915.6,29.0,51
APP005862,810,1,8,0,,7108.55,26.9,110
APP005863,710,0,2,0,,9860.7,31.9,135
APP005864,740,5,4,0,,22996.08,81.3,107
APP005865,648,3,3,0,,11844.5,70.1,121
APP005866,718,3,5,0,,19663.65,43.0,137
APP005867,765,2,3,0,,24331.03,53.3,16
APP005868,729,2,4,0,,14628.17,9.9,157
APP005869,791,2,1,0,,12680.17,3.9,118
APP005870,771,1,5,0,,9920.82,33.4,210
APP005871,699,0,5,0,,2835.72,40.5,184
APP005872,649,3,5,0,,25051.02,58.1,114
APP005873,604,3,1,0,,30983.1,66.0,109
APP005874,596,3,3,1,15.0,31154.44,62.9,81
APP005875,693,2,3,0,,2075.39,60.2,151
APP005876,756,0,0,1,6.0,17342.89,59.4,87
APP005877,612,3,4,1,11.0,26590.43,76.8,76
APP005878,827,1,6,0,,23074.47,54.2,110
APP005879,620,2,1,1,39.0,44504.39,50.9,119
APP005880,683,0,2,0,,15183.93,11.0,105
APP005881,793,1,4,0,,3792.59,41.7,13
APP005882,604,4,3,0,,14053.41,57.2,121
APP005883,767,0,3,0,,741.52,34.3,132
APP005884,580,1,5,0,,11261.31,29.3,92
APP005885,689,2,3,0,,16489.99,24.8,140
APP005886,729,1,5,0,,0.0,24.6,124
APP005887,744,2,3,0,,11530.6,56.8,132
APP005888,798,1,3,0,,20915.18,25.6,118
APP005889,679,3,3,0,,8243.93,53.3,62
APP005890,743,1,4,0,,5562.27,41.9,49
APP005891,698,0,3,0,,5020.68,9.5,144
APP005892,599,0,3,1,25.0,4374.38,74.4,30
APP005893,634,3,3,0,,11265.19,18.8,112
APP005894,672,3,1,0,,13362.52,55.3,120
APP005895,758,0,9,0,,17883.67,0.0,98
APP005896,739,0,6,0,,5639.2,11.4,143
APP005897,751,3,6,0,,24833.54,33.5,145
APP005898,768,0,2,0,,0.0,34.8,161
APP005899,677,1,2,0,,1873.47,43.8,90
APP005900,655,1,6,1,15.0,15967.48,28.7,127
APP005901,725,0,2,0,,11745.1,50.8,87
APP005902,642,0,0,0,,5071.91,40.8,54
APP005903,634,6,8,0,,21985.57,44.8,28
APP005904,731,5,3,0,,37880.58,50.9,87
APP005905,810,0,3,0,,1753.61,31.2,150
APP005906,547,1,2,0,,29897.3,78.0,67
APP005907,551,0,2,0,,16296.93,58.3,101
APP005908,796,0,4,0,,12433.51,48.4,122
APP005909,631,2,1,0,,34601.71,40.0,230
APP005910,485,5,2,0,,30208.55,43.9,165
APP005911,695,3,3,0,,11758.97,44.7,88
APP005912,780,2,5,0,,0.0,72.8,125
APP005913,849,1,7,0,,6275.25,38.0,56
APP005914,845,2,5,0,,2915.13,27.0,44
APP005915,783,1,7,0,,8340.55,3.4,30
APP005916,715,1,2,0,,20809.59,22.8,90
APP005917,629,4,3,1,31.0,20779.19,80.6,121
APP005918,684,4,2,0,,12912.27,37.3,92
APP005919,751,2,2,0,,20056.62,24.2,133
APP005920,900,2,4,0,,0.0,8.3,118
APP005921,808,1,8,0,,0.0,0.0,86
APP005922,622,2,7,0,,7712.47,56.7,94
APP005923,653,1,4,0,,12636.57,37.5,83
APP005924,659,0,1,0,,17966.47,44.7,90
APP005925,623,6,4,0,,18980.0,58.7,129
APP005926,804,4,5,0,,0.0,25.0,36
APP005927,662,0,6,0,,14053.18,54.1,96
APP005928,583,5,2,0,,14582.2,67.4,61
APP005929,699,3,7,0,,0.0,26.2,44
APP005930,656,2,2,0,,16891.22,9.7,151
APP005931,699,0,3,0,,22985.44,40.0,100
APP005932,776,3,7,0,,0.0,45.9,119
APP005933,667,1,1,1,22.0,9600.05,62.6,144
APP005934,684,3,4,0,,13123.76,69.0,207
APP005935,834,0,3,0,,0.0,13.4,106
APP005936,642,5,3,0,,26574.38,41.4,71
APP005937,686,1,3,0,,8589.02,59.6,109
APP005938,703,3,6,0,,36310.52,27.1,63
APP005939,645,5,3,0,,14677.63,59.6,95
APP005940,672,6,7,0,,18260.33,58.8,111
APP005941,648,0,3,1,39.0,23387.22,58.4,23
APP005942,769,1,1,0,,26211.55,17.5,119
APP005943,728,2,2,0,,8244.89,81.6,146
APP005944,664,3,0,0,,9704.18,54.9,120
APP005945,742,1,3,0,,30781.06,66.4,118
APP005946,900,0,5,0,,0.0,24.1,118
APP005947,607,0,2,0,,5704.69,9.4,46
APP005948,753,4,1,1,20.0,20034.87,37.6,81
APP005949,748,0,5,0,,11806.85,38.3,83
APP005950,710,1,5,0,,27836.25,61.7,50
APP005951,672,2,6,0,,18582.31,9.4,100
APP005952,644,2,3,0,,36264.22,56.2,31
APP005953,900,0,5,0,,0.0,13.2,90
APP005954,817,1,2,0,,17179.93,45.9,86
APP005955,789,1,3,0,,0.0,51.8,85
APP005956,638,2,2,1,2.0,28568.1,81.7,157
APP005957,710,1,3,0,,2967.15,35.3,174
APP005958,765,0,2,0,,11546.32,72.7,3
APP005959,587,3,1,0,,19333.8,81.0,106
APP005960,814,3,4,0,,13488.95,44.5,29
APP005961,664,0,3,0,,17156.41,44.2,89
APP005962,630,2,3,0,,21689.38,14.1,32
APP005963,580,3,4,0,,24848.6,40.4,105
APP005964,508,11,5,4,53.0,26594.6,78.5,172
APP005965,581,2,6,2,8.0,15478.07,79.1,156
APP005966,821,1,4,0,,16354.72,10.0,119
APP005967,780,1,3,0,,13493.12,66.4,163
APP005968,620,6,0,1,9.0,44205.99,72.2,50
APP005969,681,3,2,1,3.0,21168.75,100.0,86
APP005970,602,7,3,2,4.0,20101.31,82.7,170
APP005971,709,3,2,0,,23175.54,24.1,89
APP005972,723,2,1,0,,28717.15,36.9,110
APP005973,857,0,4,0,,0.0,23.9,43
APP005974,601,2,5,0,,33869.94,72.0,71
APP005975,585,1,1,2,38.0,12388.34,65.1,5
APP005976,537,1,0,0,,22657.8,81.9,86
APP005977,696,0,1,0,,0.0,20.0,82
APP005978,783,2,5,0,,0.0,67.2,174
APP005979,684,1,6,0,,22315.04,51.0,178
APP005980,652,4,3,1,75.0,14842.58,80.5,26
APP005981,814,3,1,0,,0.0,0.0,155
APP005982,520,4,0,1,29.0,26129.44,75.4,97
APP005983,711,1,2,0,,2273.28,47.3,129
APP005984,588,0,5,0,,8011.7,44.5,74
APP005985,660,0,4,0,,7896.86,76.7,110
APP005986,739,1,3,0,,13348.41,38.0,3
APP005987,701,0,3,0,,11070.01,23.0,64
APP005988,805,2,2,0,,19295.77,35.8,187
APP005989,880,2,3,0,,1900.26,20.9,82
APP005990,628,2,1,1,63.0,23730.4,66.9,140
APP005991,755,0,2,0,,15497.16,36.4,123
APP005992,487,2,3,2,1.0,33307.38,59.3,194
APP005993,600,6,1,0,,27855.98,45.9,119
APP005994,695,0,6,0,,2054.09,21.0,198
APP005995,687,2,2,0,,32289.31,40.7,74
APP005996,684,0,6,0,,2113.24,35.6,38
APP005997,793,2,7,0,,0.0,0.0,15
APP005998,900,1,5,0,,0.0,2.1,149
APP005999,652,4,2,0,,10299.81,55.1,141
APP006000,687,4,5,0,,9404.01,25.4,82
APP006001,599,4,3,0,,13296.18,64.0,208
APP006002,757,4,5,0,,25545.12,0.0,63
APP006003,765,1,11,0,,0.0,6.7,90
APP006004,703,3,1,0,,40117.65,62.0,19
APP006005,825,2,1,0,,1609.34,43.0,89
APP006006,549,0,3,0,,19897.11,69.1,38
APP006007,593,6,4,0,,31855.2,52.2,66
APP006008,601,2,4,0,,9946.39,65.8,114
APP006009,662,4,4,0,,24780.99,90.7,112
APP006010,707,1,3,0,,14602.39,65.5,107
APP006011,656,1,3,0,,14372.3,48.8,51
APP006012,815,0,5,0,,16584.07,100.0,150
APP006013,640,1,1,0,,7306.91,68.1,101
APP006014,639,1,3,0,,4835.36,38.0,195
APP006015,829,0,6,0,,6991.07,62.8,65
APP006016,745,1,1,0,,2588.14,33.9,170
APP006017,824,2,5,0,,9973.51,32.8,87
APP006018,497,1,3,0,,16525.45,31.0,76
APP006019,675,1,2,0,,14043.88,60.6,51
APP006020,636,3,2,0,,15095.97,44.0,201
APP006021,844,3,4,0,,19995.38,39.3,114
APP006022,794,1,6,0,,3824.24,9.9,123
APP006023,661,0,3,0,,19113.81,32.4,100
APP006024,841,2,6,0,,0.0,0.0,131
APP006025,615,6,1,0,,21749.81,67.1,108
APP006026,737,0,2,0,,20589.36,32.5,95
APP006027,592,1,5,0,,18965.66,53.4,118
APP006028,660,4,4,0,,41430.27,94.6,141
APP006029,628,3,5,0,,20481.52,67.9,180
APP006030,735,0,1,0,,4995.49,54.9,119
APP006031,830,1,3,0,,1737.89,0.0,79
APP006032,599,5,7,1,4.0,26767.3,42.5,134
APP006033,713,1,5,0,,34829.36,63.5,109
APP006034,876,3,2,0,,0.0,29.3,95
APP006035,676,0,1,0,,30077.03,21.3,158
APP006036,553,1,4,0,,26573.44,50.9,22
APP006037,656,5,0,0,,25440.66,73.7,157
APP006038,900,2,4,0,,0.0,2.5,226
APP006039,692,1,2,0,,12175.17,72.3,21
APP006040,610,2,1,0,,5827.32,79.2,111
APP006041,673,6,2,0,,32648.88,100.0,3
APP006042,795,2,4,0,,12820.05,29.2,54
APP006043,611,2,4,0,,26617.62,35.8,76
APP006044,689,0,3,0,,6944.84,49.5,96
APP006045,702,7,2,1,2.0,34944.86,64.0,47
APP006046,686,1,2,0,,13165.38,35.4,99
APP006047,570,7,4,0,,43456.98,91.4,161
APP006048,706,1,2,0,,4008.98,48.2,110
APP006049,712,1,1,0,,0.0,69.4,86
APP006050,735,0,2,0,,25440.65,41.4,105
APP006051,734,0,3,0,,7099.28,22.0,58
APP006052,579,2,3,0,,12431.59,100.0,20
APP006053,681,3,2,0,,21676.14,68.3,171
APP006054,571,3,4,0,,8710.41,65.9,131
APP006055,702,0,5,0,,4718.99,63.8,63
APP006056,800,1,2,0,,17328.8,62.6,167
APP006057,791,1,0,0,,15166.99,46.3,92
APP006058,703,2,0,0,,0.0,34.3,111
APP006059,864,0,3,0,,4850.71,18.7,162
APP006060,552,1,2,0,,35625.64,46.8,147
APP006061,586,3,3,0,,27126.42,49.8,103
APP006062,732,1,5,0,,0.0,46.1,127
APP006063,882,3,5,0,,0.0,0.0,65
APP006064,706,0,3,0,,14439.4,33.7,146
APP006065,564,4,3,2,1.0,25495.21,64.6,3
APP006066,671,6,4,0,,27897.17,59.5,136
APP006067,654,1,4,0,,5146.63,57.1,134
APP006068,789,1,4,0,,12047.09,44.6,128
APP006069,725,1,4,0,,0.0,22.7,82
APP006070,747,1,4,0,,6587.44,24.5,89
APP006071,661,2,3,1,36.0,24264.6,44.7,50
APP006072,743,1,1,0,,13908.92,56.5,122
APP006073,734,6,3,1,7.0,16179.36,56.1,101
APP006074,737,0,6,0,,17727.32,12.2,83
APP006075,781,3,4,0,,2900.67,39.8,129
APP006076,762,1,6,0,,12245.15,35.7,206
APP006077,787,0,2,0,,0.0,75.0,132
APP006078,744,4,0,0,,24362.78,68.2,16
APP006079,601,1,7,0,,18656.75,62.9,79
APP006080,741,1,3,0,,11523.9,71.7,92
APP006081,553,4,5,3,9.0,31701.88,80.4,13
APP006082,784,0,0,0,,3614.96,37.6,154
APP006083,608,5,4,0,,19917.92,62.0,122
APP006084,723,1,3,0,,16000.41,55.1,31
APP006085,680,1,3,0,,16322.6,51.2,124
APP006086,696,2,4,0,,9999.76,31.9,131
APP006087,715,0,5,0,,18929.62,63.3,163
APP006088,713,1,1,0,,22995.48,32.6,44
APP006089,723,1,6,0,,14769.34,43.7,110
APP006090,701,2,2,0,,0.0,53.8,27
APP006091,598,1,1,2,57.0,31019.98,92.2,6
APP006092,900,0,3,0,,0.0,17.0,69
APP006093,692,0,1,0,,4366.97,0.2,33
APP006094,698,1,1,0,,23162.3,34.7,51
APP006095,777,1,9,0,,9149.32,29.3,127
APP006096,721,2,8,0,,16700.32,46.8,31
APP006097,734,1,6,0,,6919.06,22.6,43
APP006098,769,0,5,0,,0.0,39.2,77
APP006099,814,3,3,0,,4432.99,24.7,69
APP006100,564,6,5,1,28.0,21995.97,29.6,137
APP006101,667,2,2,0,,21383.2,37.0,106
APP006102,664,2,0,1,30.0,33120.15,50.6,68
APP006103,832,1,3,0,,1353.1,49.2,128
APP006104,716,2,1,0,,9559.75,78.2,57
APP006105,744,1,4,0,,0.0,23.8,53
APP006106,582,0,5,1,2.0,38147.77,79.9,143
APP006107,691,2,0,0,,13059.59,49.0,66
APP006108,697,3,3,0,,26008.98,33.5,59
APP006109,558,8,2,2,6.0,50539.24,99.9,90
APP006110,789,3,9,0,,6516.88,1.8,135
APP006111,894,3,5,0,,3908.4,26.2,76
APP006112,792,0,1,0,,17446.5,31.7,87
APP006113,792,0,3,0,,21983.22,23.7,60
APP006114,676,1,3,0,,25141.7,12.1,130
APP006115,622,3,2,0,,2543.81,19.8,106
APP006116,616,4,3,1,3.0,17801.01,91.9,66
APP006117,743,0,8,0,,16008.02,34.7,123
APP006118,640,4,3,0,,12330.95,0.0,105
APP006119,725,1,3,0,,0.0,41.1,98
APP006120,610,2,0,0,,15299.52,17.5,206
APP006121,784,0,5,0,,26524.79,67.4,100
APP006122,719,1,2,0,,23108.65,35.1,164
APP006123,692,1,3,0,,13061.5,62.6,106
APP006124,756,2,4,0,,0.0,6.5,36
APP006125,608,3,1,0,,20357.49,40.7,93
APP006126,822,1,3,0,,14492.37,57.0,150
APP006127,722,2,2,1,4.0,15231.81,100.0,43
APP006128,613,2,4,0,,22365.38,18.8,123
APP006129,622,2,1,0,,13689.07,68.6,74
APP006130,810,1,7,0,,14166.26,3.4,73
APP006131,802,0,5,0,,0.0,0.0,133
APP006132,485,2,1,3,5.0,28555.97,42.7,152
APP006133,724,0,2,0,,17480.0,74.0,148
APP006134,825,3,4,0,,29165.04,1.2,126
APP006135,776,4,2,0,,19550.98,31.9,178
APP006136,695,1,6,0,,11707.28,24.9,37
APP006137,764,1,8,0,,9745.8,33.6,3
APP006138,742,1,5,0,,14203.27,22.0,109
APP006139,838,0,2,0,,7944.49,9.9,141
APP006140,703,4,5,0,,20538.42,59.4,153
APP006141,749,3,4,0,,14845.6,67.0,55
APP006142,660,3,2,0,,22905.79,75.8,88
APP006143,773,0,2,0,,7759.34,86.3,98
APP006144,656,2,4,1,8.0,24656.86,83.7,138
APP006145,749,2,2,0,,23539.94,24.4,114
APP006146,719,0,3,0,,22619.08,88.4,19
APP006147,684,0,4,0,,1272.9,37.4,66
APP006148,648,4,3,1,24.0,28436.84,83.8,43
APP006149,744,5,4,0,,21991.07,26.7,157
APP006150,660,2,3,0,,3417.11,14.9,47
APP006151,742,2,3,0,,0.0,0.0,223
APP006152,599,3,4,0,,15552.29,59.9,167
APP006153,900,1,2,0,,14209.81,23.8,39
APP006154,522,6,3,1,10.0,41680.08,66.6,83
APP006155,818,1,5,0,,5654.86,47.6,38
APP006156,752,2,4,0,,2622.94,39.0,152
APP006157,632,3,2,0,,31674.74,75.3,86
APP006158,646,2,2,0,,10282.46,21.8,71
APP006159,583,3,2,0,,0.0,52.3,126
APP006160,745,5,2,0,,15883.42,27.5,69
APP006161,677,1,3,0,,22202.68,37.8,83
APP006162,531,4,4,2,20.0,31224.01,94.2,77
APP006163,575,1,3,0,,19018.29,43.6,136
APP006164,566,0,2,0,,12039.55,48.9,118
APP006165,654,3,4,0,,8934.25,35.3,106
APP006166,699,1,4,0,,7609.5,7.8,138
APP006167,816,1,6,0,,0.0,8.7,37
APP006168,817,2,4,0,,0.0,17.9,78
APP006169,666,3,1,0,,25245.58,83.0,129
APP006170,815,0,4,0,,0.0,28.6,101
APP006171,749,2,1,0,,13451.73,15.2,153
APP006172,768,3,3,0,,10777.76,35.0,57
APP006173,697,1,1,0,,29353.75,25.3,133
APP006174,793,3,4,0,,0.0,32.0,152
APP006175,679,1,5,0,,16734.6,33.1,62
APP006176,624,1,1,0,,26766.23,47.6,91
APP006177,836,1,8,0,,5371.09,38.0,75
APP006178,672,3,6,0,,31577.27,48.0,38
APP006179,706,3,9,0,,10971.08,13.4,35
APP006180,634,1,3,0,,25445.14,48.5,97
APP006181,767,0,2,0,,10463.16,23.9,48
APP006182,900,1,4,0,,1460.89,0.0,101
APP006183,576,2,1,0,,27463.36,49.9,67
APP006184,753,2,5,0,,0.0,11.7,169
APP006185,655,3,2,0,,14262.54,38.1,112
APP006186,638,1,1,0,,28666.84,78.1,73
APP006187,636,2,3,0,,42490.06,29.0,123
APP006188,724,2,2,0,,28819.01,61.8,39
APP006189,681,1,5,0,,27366.63,70.8,124
APP006190,613,8,4,0,,30117.86,60.1,71
APP006191,607,5,4,0,,33429.52,73.5,134
APP006192,717,1,3,0,,25250.91,73.1,41
APP006193,713,0,7,0,,6068.31,78.6,90
APP006194,693,3,2,0,,32816.19,88.5,176
APP006195,753,0,7,0,,3734.86,0.0,60
APP006196,732,1,6,0,,11043.77,35.7,143
APP006197,781,1,5,0,,10382.79,51.0,3
APP006198,703,2,1,0,,17108.33,21.9,28
APP006199,630,1,4,0,,5270.07,45.1,187
APP006200,470,9,2,1,13.0,35831.13,81.9,121
APP006201,729,2,1,0,,6337.4,27.6,148
APP006202,765,1,6,0,,11403.35,65.8,49
APP006203,582,3,2,0,,46810.09,89.4,153
APP006204,577,4,4,1,5.0,17302.99,64.3,16
APP006205,614,2,1,3,21.0,33281.9,54.3,126
APP006206,707,0,4,0,,12451.92,45.8,50
APP006207,732,0,2,0,,17618.21,51.6,82
APP006208,644,0,4,0,,6164.87,53.0,178
APP006209,596,5,2,5,24.0,31566.58,30.2,3
APP006210,709,1,2,0,,14342.4,20.5,33
APP006211,754,1,3,0,,3381.25,13.9,131
APP006212,669,2,0,0,,22759.73,67.2,207
APP006213,590,4,3,1,20.0,41222.69,78.6,103
APP006214,767,3,4,0,,0.0,0.0,159
APP006215,656,2,1,0,,24244.43,1.8,70
APP006216,596,2,2,0,,35376.07,54.0,116
APP006217,900,0,5,0,,0.0,0.0,79
APP006218,725,1,4,0,,31554.46,0.0,106
APP006219,726,0,2,0,,0.0,38.9,131
APP006220,719,2,4,0,,0.0,45.5,173
APP006221,642,5,1,0,,23847.34,66.3,137
APP006222,755,1,4,1,33.0,19040.19,38.9,29
APP006223,783,0,2,0,,13053.98,50.5,96
APP006224,698,2,1,1,36.0,33859.73,38.6,88
APP006225,651,4,1,0,,18044.27,25.7,98
APP006226,804,3,6,0,,0.0,42.8,81
APP006227,726,0,4,0,,10271.46,37.5,71
APP006228,658,1,3,0,,28539.59,14.1,46
APP006229,658,1,3,3,24.0,26443.99,60.9,98
APP006230,649,3,4,1,21.0,31110.21,60.2,73
APP006231,752,1,6,1,16.0,14700.04,69.3,118
APP006232,627,0,3,0,,14345.11,40.2,96
APP006233,684,0,6,0,,20938.7,46.6,149
APP006234,619,0,2,0,,15654.4,66.9,84
APP006235,584,0,4,0,,28724.11,82.6,124
APP006236,668,4,4,1,4.0,4893.07,64.8,133
APP006237,851,0,3,0,,9622.96,28.4,58
APP006238,572,6,3,0,,40652.06,100.0,132
APP006239,844,2,8,0,,942.85,16.3,77
APP006240,688,0,1,0,,21922.79,28.0,91
APP006241,747,4,4,0,,10888.31,10.2,73
APP006242,645,0,3,0,,1345.47,50.9,49
APP006243,565,0,4,0,,12238.25,71.8,130
APP006244,674,4,1,0,,27750.13,24.7,88
APP006245,738,8,1,0,,33985.81,68.3,148
APP006246,675,3,2,0,,33016.22,63.0,146
APP006247,789,1,4,0,,1228.86,48.9,84
APP006248,673,2,0,0,,0.0,68.1,82
APP006249,719,3,3,0,,30462.64,31.1,93
APP006250,739,3,2,0,,0.0,11.3,134
APP006251,750,1,3,0,,17578.63,0.0,80
APP006252,702,0,3,0,,17120.14,28.9,116
APP006253,690,2,1,0,,17598.25,81.4,3
APP006254,641,1,2,0,,22227.14,63.4,135
APP006255,810,0,2,0,,11503.36,44.3,32
APP006256,864,2,6,0,,0.0,6.5,108
APP006257,696,0,2,0,,5378.5,42.0,84
APP006258,566,3,3,3,1.0,5997.97,33.2,92
APP006259,869,3,3,0,,0.0,13.0,60
APP006260,711,1,4,0,,14470.91,28.5,40
APP006261,502,4,2,1,1.0,23824.24,47.0,53
APP006262,602,1,2,0,,21376.8,28.0,144
APP006263,684,3,3,0,,3693.63,9.7,63
APP006264,538,6,6,0,,20665.16,60.4,130
APP006265,776,0,5,0,,19262.14,0.0,134
APP006266,739,3,3,0,,7181.17,52.3,22
APP006267,652,2,2,0,,23222.82,48.0,64
APP006268,636,1,1,0,,24759.8,64.2,125
APP006269,691,2,2,0,,10378.4,21.1,6
APP006270,715,0,2,0,,0.0,42.9,215
APP006271,606,3,2,0,,34837.54,44.3,20
APP006272,629,4,5,2,73.0,28989.59,66.1,176
APP006273,746,2,3,0,,15879.04,16.6,3
APP006274,631,8,2,1,1.0,21214.08,51.5,96
APP006275,763,1,5,0,,14269.15,11.2,139
APP006276,789,1,3,0,,10909.36,82.6,100
APP006277,655,0,4,0,,20402.9,47.4,58
APP006278,760,1,7,0,,1495.02,0.0,105
APP006279,698,2,5,0,,32837.99,37.6,86
APP006280,724,1,8,0,,0.0,25.4,84
APP006281,706,1,2,0,,0.0,45.7,46
APP006282,647,2,3,1,6.0,17932.53,57.4,3
APP006283,701,1,0,0,,1515.01,51.6,83
APP006284,669,2,4,0,,0.0,40.3,80
APP006285,653,1,7,0,,39664.92,24.9,136
APP006286,852,3,5,0,,8388.31,52.5,118
APP006287,739,2,1,0,,0.0,0.9,155
APP006288,570,7,3,1,1.0,26880.37,46.5,117
APP006289,664,1,2,0,,7988.03,38.6,29
APP006290,757,2,2,0,,19634.18,72.9,95
APP006291,657,2,1,0,,21406.14,30.9,107
APP006292,542,6,6,0,,27672.4,65.2,69
APP006293,637,3,1,1,6.0,21650.04,56.0,118
APP006294,613,3,3,0,,15156.26,36.5,87
APP006295,800,1,4,0,,3441.35,41.1,6
APP006296,744,0,4,0,,10444.97,44.2,137
APP006297,655,0,4,0,,18245.36,58.5,216
APP006298,640,1,2,0,,16001.0,48.3,100
APP006299,751,1,5,0,,2927.71,37.7,105
APP006300,770,0,1,0,,12401.16,25.3,132
APP006301,643,3,1,0,,29893.39,32.6,110
APP006302,616,1,4,0,,13556.64,32.6,58
APP006303,735,0,2,0,,5765.24,7.5,134
APP006304,506,1,2,0,,18659.92,80.5,159
APP006305,648,4,3,3,43.0,15732.0,50.8,15
APP006306,572,2,0,0,,35472.46,100.0,99
APP006307,616,0,5,0,,18142.06,65.1,177
APP006308,630,5,3,0,,11532.83,67.1,101
APP006309,718,2,4,0,,6893.58,7.1,60
APP006310,776,3,1,0,,23264.83,40.5,7
APP006311,822,1,3,0,,1854.71,15.8,30
APP006312,715,0,1,0,,19438.72,34.8,148
APP006313,654,1,2,0,,7535.18,33.5,174
APP006314,751,3,1,0,,29028.73,44.2,39
APP006315,852,3,2,0,,31878.31,92.6,120
APP006316,567,0,3,1,38.0,43692.11,59.8,121
APP006317,774,2,4,0,,32729.06,7.0,3
APP006318,701,2,2,0,,20426.48,48.8,123
APP006319,640,2,2,1,16.0,28281.2,70.5,92
APP006320,693,3,2,0,,9114.83,75.7,92
APP006321,681,4,1,0,,8960.62,42.5,106
APP006322,696,0,2,0,,20875.32,32.9,29
APP006323,685,2,7,0,,7289.36,0.0,61
APP006324,695,3,2,0,,19302.4,38.9,118
APP006325,702,0,2,0,,21827.64,23.4,10
APP006326,870,4,4,0,,0.0,28.7,31
APP006327,764,2,0,0,,11600.77,32.2,88
APP006328,796,2,3,0,,12471.1,34.2,26
APP006329,730,3,5,0,,7196.94,0.0,105
APP006330,759,2,3,0,,0.0,14.9,120
APP006331,656,5,5,0,,9733.03,51.5,117
APP006332,672,2,2,0,,18120.25,50.5,45
APP006333,845,3,4,0,,4207.88,6.8,106
APP006334,537,4,1,2,32.0,23785.09,98.2,126
APP006335,684,1,4,0,,29896.33,34.4,68
APP006336,736,0,3,0,,20944.03,23.8,123
APP006337,658,2,7,0,,18177.94,39.3,139
APP006338,724,4,0,0,,16425.76,50.0,40
APP006339,735,0,1,0,,16246.36,45.3,117
APP006340,541,4,2,1,1.0,39767.27,100.0,3
APP006341,663,4,3,0,,13224.87,26.6,145
APP006342,736,1,5,0,,18041.23,35.7,107
APP006343,584,1,4,0,,8228.27,33.4,101
APP006344,815,0,4,0,,12649.35,46.9,52
APP006345,741,1,4,0,,4815.64,30.1,79
APP006346,645,1,4,0,,17472.85,56.5,94
APP006347,752,2,2,0,,16122.62,22.4,187
APP006348,701,1,1,1,1.0,22335.32,42.2,128
APP006349,694,0,2,0,,20367.57,100.0,110
APP006350,689,2,2,0,,19210.92,57.4,128
APP006351,725,2,4,0,,14675.05,38.0,105
APP006352,682,2,4,0,,5087.36,50.7,68
APP006353,709,2,2,0,,9553.18,55.0,139
APP006354,668,1,2,0,,23345.3,21.3,196
APP006355,876,2,4,0,,16869.98,26.5,95
APP006356,763,0,6,0,,9303.43,36.7,59
APP006357,693,2,3,0,,6017.92,3.7,129
APP006358,730,2,4,0,,23632.16,43.8,114
APP006359,838,2,3,0,,7435.83,66.0,66
APP006360,737,1,4,0,,5266.07,42.3,113
APP006361,685,2,4,0,,12822.0,13.4,152
APP006362,650,4,1,0,,19172.27,56.9,69
APP006363,709,2,5,0,,30370.14,15.8,102
APP006364,536,1,1,0,,35932.07,65.1,107
APP006365,702,2,2,0,,29212.95,49.5,85
APP006366,701,1,3,0,,11237.24,21.6,56
APP006367,665,0,4,0,,14659.45,16.4,99
APP006368,695,2,6,0,,2419.14,14.0,140
APP006369,707,1,3,0,,0.0,17.6,60
APP006370,826,2,6,0,,4643.78,14.9,87
APP006371,691,1,4,0,,4901.06,18.6,125
APP006372,660,0,3,0,,14327.08,49.0,3
APP006373,677,1,1,0,,22496.59,48.9,127
APP006374,622,1,5,0,,5015.17,40.4,112
APP006375,626,0,3,0,,19830.85,47.7,97
APP006376,824,1,9,0,,0.0,0.0,76
APP006377,693,0,4,0,,0.0,14.3,102
APP006378,607,2,1,0,,40908.49,41.0,93
APP006379,765,2,3,0,,0.0,0.0,40
APP006380,715,3,5,0,,24165.4,40.2,89
APP006381,517,2,5,0,,9334.38,85.2,112
APP006382,813,1,5,0,,18668.93,10.6,114
APP006383,674,0,8,0,,4636.57,31.1,93
APP006384,715,3,4,0,,25988.02,41.7,179
APP006385,822,1,6,0,,10961.22,44.1,118
APP006386,664,0,4,0,,0.0,46.2,134
APP006387,645,3,4,0,,21747.88,100.0,157
APP006388,719,2,4,0,,4393.16,51.0,17
APP006389,738,0,3,0,,0.0,50.3,112
APP006390,724,0,3,0,,17459.48,51.3,20
APP006391,719,1,5,0,,0.0,73.7,40
APP006392,647,3,1,0,,36753.91,76.6,52
APP006393,775,2,3,0,,667.06,63.7,57
APP006394,528,2,0,4,6.0,49938.15,100.0,97
APP006395,728,0,0,0,,11401.47,40.9,48
APP006396,820,4,3,0,,0.0,0.0,26
APP006397,754,0,2,0,,21386.25,53.1,120
APP006398,542,3,2,0,,27372.38,69.4,30
APP006399,627,5,1,1,11.0,30388.96,51.1,60
APP006400,838,2,5,0,,16177.41,7.1,149
APP006401,738,2,3,0,,25878.15,35.9,147
APP006402,748,1,2,0,,21435.99,12.9,92
APP006403,526,7,4,0,,11008.44,38.1,106
APP006404,658,2,3,0,,21073.32,44.8,125
APP006405,695,5,4,2,29.0,13441.8,71.6,98
APP006406,498,5,4,0,,32741.02,100.0,47
APP006407,730,2,5,0,,0.0,0.0,108
APP006408,697,0,4,0,,0.0,62.6,78
APP006409,784,0,3,0,,13359.16,42.5,111
APP006410,724,1,2,0,,12039.46,15.2,59
APP006411,846,0,3,0,,15183.24,3.0,100
APP006412,717,1,2,0,,21927.91,46.4,109
APP006413,558,0,2,0,,31382.29,29.0,141
APP006414,742,2,1,0,,12050.61,52.4,55
APP006415,776,0,2,0,,17555.43,69.9,77
APP006416,595,8,3,1,19.0,34002.71,85.0,243
APP006417,599,1,3,0,,34770.45,59.2,57
APP006418,753,0,4,0,,8478.59,9.6,3
APP006419,601,2,4,1,54.0,23906.74,72.7,60
APP006420,546,1,0,0,,14822.61,53.3,125
APP006421,636,3,3,0,,13858.71,44.0,86
APP006422,673,1,8,0,,17251.09,0.0,86
APP006423,626,0,7,0,,10277.07,19.1,63
APP006424,726,3,3,0,,18524.58,53.6,58
APP006425,806,2,3,0,,3325.61,0.9,162
APP006426,703,2,3,0,,15396.26,58.9,87
APP006427,719,2,3,0,,19528.95,41.9,101
APP006428,678,1,2,0,,30563.41,30.0,186
APP006429,759,2,7,0,,0.0,2.4,160
APP006430,727,2,3,1,70.0,29628.02,30.7,46
APP006431,736,1,1,0,,10387.82,39.0,165
APP006432,702,2,5,0,,165.59,41.3,65
APP006433,845,2,4,0,,0.0,0.0,3
APP006434,798,0,3,0,,0.0,41.8,156
APP006435,663,3,6,0,,24297.01,32.7,91
APP006436,864,1,4,0,,849.29,34.9,38
APP006437,794,0,4,0,,8113.75,52.2,55
APP006438,724,0,3,0,,1078.13,32.9,54
APP006439,772,1,8,0,,10980.66,29.3,141
APP006440,817,1,1,0,,17380.58,37.6,34
APP006441,751,2,2,0,,0.0,25.7,91
APP006442,714,0,4,0,,6552.43,49.0,57
APP006443,835,1,1,0,,0.0,58.8,43
APP006444,607,2,5,1,12.0,22112.04,58.4,116
APP006445,659,7,0,0,,29597.3,41.2,143
APP006446,663,4,5,0,,21895.1,40.3,80
APP006447,650,4,3,0,,19902.05,48.6,61
APP006448,755,1,2,0,,9225.3,11.6,36
APP006449,693,0,1,0,,19714.6,50.7,82
APP006450,762,0,5,0,,8711.76,43.2,79
APP006451,693,1,2,0,,12111.53,39.2,103
APP006452,689,1,1,0,,22814.19,23.6,113
APP006453,648,2,4,0,,14644.4,48.5,93
APP006454,789,2,3,0,,26007.66,28.1,102
APP006455,795,1,9,0,,6185.13,28.8,59
APP006456,619,1,6,1,27.0,39618.82,58.0,44
APP006457,565,5,2,1,17.0,55673.66,100.0,97
APP006458,645,2,6,0,,33834.31,63.9,121
APP006459,881,2,2,0,,7583.14,0.0,44
APP006460,782,0,3,0,,18918.91,38.7,99
APP006461,792,1,2,0,,10014.19,32.9,97
APP006462,580,5,1,3,9.0,43624.58,85.8,21
APP006463,581,2,2,0,,33695.23,55.0,216
APP006464,770,3,1,0,,30272.09,54.1,93
APP006465,719,0,3,0,,24614.87,64.9,68
APP006466,554,8,2,1,96.0,38510.35,92.1,106
APP006467,863,3,4,0,,7494.01,5.0,108
APP006468,718,1,0,0,,21193.62,48.9,52
APP006469,900,2,6,0,,0.0,7.5,159
APP006470,761,0,5,0,,6695.27,37.9,144
APP006471,671,1,4,0,,4454.13,31.4,78
APP006472,565,1,1,1,109.0,25414.12,90.3,60
APP006473,534,5,6,3,76.0,36285.2,82.2,100
APP006474,714,0,1,0,,6489.15,5.7,20
APP006475,776,1,7,0,,7391.89,39.9,79
APP006476,616,2,0,0,,17888.62,44.7,119
APP006477,690,1,1,0,,0.0,22.4,55
APP006478,566,0,3,0,,4398.15,54.1,128
APP006479,651,3,6,0,,13091.88,33.6,3
APP006480,607,5,2,1,7.0,12949.92,70.0,109
APP006481,777,2,5,0,,2654.96,10.1,31
APP006482,712,3,1,0,,16755.48,33.8,79
APP006483,803,1,0,0,,25473.58,56.9,201
APP006484,665,0,6,0,,8607.53,52.2,36
APP006485,773,4,4,0,,0.0,34.5,154
APP006486,732,2,4,0,,2656.14,52.5,138
APP006487,712,2,8,0,,4361.95,56.4,123
APP006488,771,0,3,0,,15224.13,50.9,108
APP006489,673,1,6,0,,11324.77,60.1,128
APP006490,541,3,3,1,1.0,40715.94,38.2,104
APP006491,834,0,2,0,,15915.03,24.6,65
APP006492,658,1,6,0,,6253.17,7.1,89
APP006493,614,1,3,0,,11313.49,33.8,98
APP006494,644,3,3,1,2.0,48898.0,68.5,110
APP006495,565,9,2,3,39.0,59548.35,90.6,3
APP006496,739,1,0,0,,0.0,64.2,135
APP006497,826,1,4,0,,32487.17,60.0,97
APP006498,753,0,5,0,,26685.92,24.6,61
APP006499,702,1,1,0,,20184.71,28.2,216
APP006500,641,10,3,0,,11258.96,51.5,35
APP006501,658,2,3,0,,16812.13,37.6,163
APP006502,784,0,0,0,,14387.11,41.0,10
APP006503,610,4,0,0,,23651.49,94.6,9
APP006504,733,1,3,0,,5115.79,21.4,73
APP006505,789,2,5,0,,5657.98,3.6,172
APP006506,743,3,2,0,,24266.79,68.6,91
APP006507,788,1,4,0,,0.0,46.5,135
APP006508,548,1,1,0,,19109.88,46.1,51
APP006509,566,2,1,1,32.0,21310.19,89.0,133
APP006510,743,1,2,0,,9512.15,41.6,131
APP006511,734,3,3,0,,6028.24,37.6,149
APP006512,690,2,2,0,,35068.44,40.3,211
APP006513,720,3,1,0,,12296.63,54.4,89
APP006514,590,3,3,0,,39721.84,77.5,71
APP006515,616,3,1,0,,25093.41,20.8,136
APP006516,623,3,2,0,,8364.73,19.0,55
APP006517,772,2,4,0,,1152.14,0.0,86
APP006518,762,0,5,0,,0.0,3.0,111
APP006519,784,0,1,0,,0.0,29.1,196
APP006520,740,0,4,0,,24486.35,43.5,66
APP006521,785,0,4,0,,14475.08,45.2,51
APP006522,754,1,1,0,,18233.94,40.4,52
APP006523,661,3,3,0,,25385.77,36.8,52
APP006524,690,0,4,0,,23837.6,61.1,182
APP006525,678,1,2,0,,26036.17,56.1,87
APP006526,721,1,2,0,,15565.81,41.4,3
APP006527,764,2,1,0,,16074.85,62.2,138
APP006528,724,1,4,0,,3068.61,30.4,98
APP006529,746,1,2,0,,0.0,9.8,188
APP006530,715,0,5,0,,9945.67,43.2,57
APP006531,538,3,2,3,30.0,42359.67,100.0,66
APP006532,854,1,5,0,,0.0,0.0,3
APP006533,608,1,0,0,,11398.38,37.7,107
APP006534,734,1,0,0,,11710.54,62.3,90
APP006535,473,5,2,5,2.0,33240.85,96.7,114
APP006536,600,4,0,0,,30142.36,48.8,36
APP006537,622,4,1,0,,12171.95,59.7,89
APP006538,554,0,8,0,,40788.26,84.1,95
APP006539,805,0,2,0,,5378.39,22.2,103
APP006540,514,6,5,4,58.0,41230.85,81.3,78
APP006541,733,1,7,0,,15634.21,65.7,40
APP006542,727,2,4,0,,2806.17,12.8,155
APP006543,672,1,1,0,,25142.88,30.7,141
APP006544,578,4,4,0,,26290.43,52.6,45
APP006545,731,3,5,0,,11481.4,39.9,97
APP006546,661,2,3,0,,14670.46,29.2,180
APP006547,596,3,3,0,,30437.94,60.4,54
APP006548,809,1,3,0,,3340.08,34.3,3
APP006549,637,1,3,0,,30655.92,14.1,90
APP006550,849,2,3,0,,23793.31,35.0,89
APP006551,725,4,3,0,,2422.48,48.5,109
APP006552,618,2,3,1,23.0,30117.49,51.3,70
APP006553,648,4,0,0,,20623.46,95.8,194
APP006554,613,2,2,0,,33235.93,29.7,35
APP006555,774,1,1,0,,16576.86,40.9,37
APP006556,600,4,6,1,20.0,15382.3,77.5,116
APP006557,855,2,5,0,,0.0,0.0,87
APP006558,808,0,3,0,,17490.64,15.1,120
APP006559,665,1,5,0,,15142.45,24.9,15
APP006560,757,0,3,0,,32110.48,36.7,33
APP006561,662,1,3,0,,20768.95,48.2,214
APP006562,750,1,2,0,,0.0,38.3,90
APP006563,742,1,3,0,,0.0,27.2,87
APP006564,664,3,2,0,,2469.59,48.0,174
APP006565,823,1,4,0,,0.0,22.9,63
APP006566,743,1,6,0,,12892.35,63.8,103
APP006567,530,2,0,2,1.0,17307.04,52.4,107
APP006568,610,5,3,0,,18257.06,63.8,123
APP006569,613,0,3,0,,19081.21,66.0,46
APP006570,696,2,1,0,,22806.46,9.7,121
APP006571,721,0,1,0,,13664.74,31.9,112
APP006572,696,1,1,0,,9719.81,28.8,153
APP006573,761,1,3,0,,9210.42,29.5,96
APP006574,573,1,6,0,,22794.68,72.3,198
APP006575,582,2,4,1,35.0,38759.15,70.5,93
APP006576,865,1,6,0,,4108.25,0.0,49
APP006577,613,2,2,0,,36857.19,59.2,75
APP006578,678,0,4,0,,10064.5,21.7,110
APP006579,888,2,5,0,,0.0,2.3,82
APP006580,726,0,1,0,,19451.71,22.1,76
APP006581,678,1,3,0,,0.0,42.6,124
APP006582,392,7,0,2,41.0,29524.98,100.0,91
APP006583,730,0,2,0,,0.0,33.3,119
APP006584,729,2,3,0,,23654.73,65.0,97
APP006585,748,3,5,0,,1733.73,8.0,76
APP006586,562,3,2,0,,9661.84,87.1,30
APP006587,682,1,3,0,,8845.48,39.0,163
APP006588,643,3,2,1,16.0,40167.57,51.9,95
APP006589,794,2,10,0,,0.0,26.3,134
APP006590,607,3,3,1,22.0,28546.83,72.2,50
APP006591,652,3,5,0,,7893.42,58.5,137
APP006592,622,3,2,1,5.0,22345.08,55.3,175
APP006593,724,1,4,0,,1896.79,11.3,103
APP006594,753,1,4,0,,0.0,15.2,79
APP006595,664,2,2,0,,0.0,85.7,64
APP006596,551,3,5,2,23.0,28783.86,38.6,73
APP006597,874,2,3,0,,5209.51,74.8,151
APP006598,762,1,1,0,,16418.96,65.0,121
APP006599,773,3,4,0,,27264.3,15.9,116
APP006600,647,3,1,0,,14532.33,50.2,54
APP006601,499,4,7,1,26.0,29252.67,87.6,68
APP006602,774,0,3,0,,12464.02,93.2,109
APP006603,580,3,3,0,,1406.17,73.1,61
APP006604,638,2,1,0,,14223.07,81.7,94
APP006605,743,1,4,0,,21892.74,58.5,69
APP006606,697,0,5,0,,18635.09,40.1,100
APP006607,732,0,4,0,,2997.6,66.6,152
APP006608,740,1,6,0,,0.0,44.4,150
APP006609,732,1,3,0,,0.0,13.2,125
APP006610,591,5,3,0,,35013.83,80.5,131
APP006611,725,1,7,0,,13720.72,46.8,30
APP006612,703,1,4,0,,28049.46,46.4,109
APP006613,632,3,5,1,33.0,17672.04,60.5,90
APP006614,797,2,2,0,,2735.89,23.8,72
APP006615,760,2,2,0,,4795.06,42.8,55
APP006616,585,3,3,2,15.0,28806.35,84.6,77
APP006617,708,2,2,0,,10094.26,41.4,82
APP006618,691,1,1,0,,8158.97,67.7,34
APP006619,654,6,4,2,5.0,17243.32,89.5,3
APP006620,776,5,3,0,,33264.69,47.3,128
APP006621,623,2,1,1,16.0,38986.04,65.6,59
APP006622,674,0,2,0,,30176.53,61.9,122
APP006623,569,2,3,0,,19215.38,45.7,80
APP006624,719,1,3,0,,15478.82,35.6,146
APP006625,721,2,11,0,,122.86,22.7,68
APP006626,765,0,7,0,,15473.26,56.4,91
APP006627,739,1,6,0,,0.0,10.2,119
APP006628,802,0,4,0,,12050.52,32.3,3
APP006629,598,1,1,0,,2605.36,41.2,47
APP006630,682,4,4,0,,13027.11,74.3,61
APP006631,775,2,2,0,,2566.47,26.5,82
APP006632,779,0,2,0,,23262.08,51.9,8
APP006633,535,3,4,4,36.0,26235.48,41.8,49
APP006634,881,3,7,0,,0.0,31.7,107
APP006635,848,1,7,0,,2159.04,32.8,145
APP006636,529,12,6,2,1.0,51241.92,63.2,99
APP006637,771,0,2,0,,21309.71,45.6,141
APP006638,706,1,3,0,,18105.72,36.2,192
APP006639,638,1,2,0,,14015.72,52.6,126
APP006640,893,0,9,0,,0.0,35.7,113
APP006641,578,2,6,2,3.0,44726.14,94.5,41
APP006642,825,1,7,0,,834.6,0.0,88
APP006643,794,3,3,0,,26294.6,11.1,136
APP006644,696,3,4,0,,13133.77,43.4,104
APP006645,581,1,1,0,,6694.5,54.4,124
APP006646,822,2,3,0,,6635.62,0.5,71
APP006647,663,0,5,0,,15354.79,67.4,128
APP006648,836,1,5,0,,0.0,34.6,74
APP006649,779,1,4,0,,24994.17,48.3,50
APP006650,759,0,4,0,,4868.44,22.8,89
APP006651,544,2,1,0,,19450.3,88.9,55
APP006652,627,4,3,1,30.0,23865.51,74.9,130
APP006653,753,2,6,0,,18434.36,44.4,141
APP006654,780,2,4,0,,13323.18,45.7,113
APP006655,751,0,4,0,,28296.21,33.3,70
APP006656,799,0,5,0,,11962.24,74.5,27
APP006657,757,1,5,0,,4868.45,31.4,125
APP006658,707,1,5,0,,16486.78,66.5,101
APP006659,807,0,5,0,,6969.37,12.6,90
APP006660,586,1,5,0,,26784.17,35.5,51
APP006661,600,4,5,0,,29034.31,60.5,164
APP006662,481,8,3,2,2.0,34048.11,100.0,175
APP006663,721,3,3,0,,19662.93,29.7,160
APP006664,739,3,0,0,,0.0,51.2,145
APP006665,679,2,6,0,,5821.97,15.5,109
APP006666,675,1,3,0,,5595.12,35.0,50
APP006667,759,5,3,0,,6588.44,22.1,102
APP006668,673,2,3,0,,14825.2,36.1,149
APP006669,633,2,1,0,,25257.81,57.3,66
APP006670,670,1,6,0,,17697.83,30.9,121
APP006671,731,0,5,0,,0.0,36.0,222
APP006672,763,3,7,0,,0.0,44.9,136
APP006673,633,3,4,0,,26522.3,38.4,118
APP006674,581,4,5,0,,9831.17,83.3,139
APP006675,776,2,4,0,,2095.46,60.3,59
APP006676,707,2,2,0,,4517.01,50.0,53
APP006677,542,4,1,2,3.0,30834.4,90.7,198
APP006678,672,1,3,0,,8879.67,32.3,94
APP006679,718,1,1,0,,30173.2,58.6,159
APP006680,843,2,7,0,,0.0,0.0,127
APP006681,693,3,8,0,,25284.85,0.0,132
APP006682,732,0,5,0,,0.0,12.1,65
APP006683,900,0,2,0,,0.0,0.0,153
APP006684,652,2,6,0,,17776.71,0.0,66
APP006685,809,2,7,0,,21470.33,25.9,72
APP006686,727,3,3,0,,22106.68,3.9,78
APP006687,736,1,0,0,,7481.32,49.6,87
APP006688,712,3,2,0,,6476.11,27.6,144
APP006689,652,3,3,0,,22064.78,48.2,120
APP006690,579,0,3,0,,0.0,25.3,55
APP006691,742,3,7,1,7.0,36675.38,80.7,82
APP006692,851,0,3,0,,0.0,10.0,214
APP006693,791,0,3,0,,13387.68,27.7,153
APP006694,588,4,2,0,,17101.04,73.2,116
APP006695,665,2,1,0,,13704.03,52.0,80
APP006696,795,0,2,0,,1546.94,38.3,121
APP006697,647,0,3,0,,18058.89,9.9,98
APP006698,885,0,5,0,,0.0,0.0,93
APP006699,674,1,3,0,,16626.35,46.0,127
APP006700,661,1,1,0,,20223.9,96.6,114
APP006701,777,1,4,0,,17258.64,60.8,39
APP006702,679,1,1,1,11.0,19219.99,99.9,98
APP006703,678,2,2,0,,16978.45,57.5,47
APP006704,848,3,5,0,,644.18,18.5,196
APP006705,723,2,4,0,,3996.99,72.8,98
APP006706,747,1,3,0,,16533.12,47.3,104
APP006707,600,4,6,0,,23250.39,55.1,53
APP006708,705,0,2,0,,20671.8,59.4,84
APP006709,623,0,3,0,,9667.55,32.9,65
APP006710,694,4,6,0,,25980.13,4.8,46
APP006711,632,5,2,1,20.0,21430.27,46.6,140
APP006712,650,3,2,0,,15569.17,67.0,112
APP006713,838,0,3,0,,0.0,59.5,153
APP006714,797,2,1,0,,15143.18,0.8,184
APP006715,631,2,4,0,,19826.76,32.0,128
APP006716,841,1,5,0,,1600.49,8.0,22
APP006717,814,0,3,0,,6724.44,56.4,123
APP006718,635,1,1,0,,25586.9,73.1,83
APP006719,608,4,1,0,,18366.27,64.3,100
APP006720,763,3,2,0,,14256.41,71.7,20
APP006721,590,3,1,1,10.0,11017.39,64.9,110
APP006722,590,1,1,0,,14054.73,19.7,160
APP006723,639,3,2,0,,21485.17,45.1,147
APP006724,724,0,2,0,,0.0,0.0,106
APP006725,676,1,1,0,,3308.05,0.0,84
APP006726,767,3,3,0,,2297.18,0.0,65
APP006727,703,3,2,0,,15717.29,32.5,98
APP006728,591,2,3,2,20.0,21874.83,18.5,73
APP006729,611,1,2,0,,19348.53,76.3,56
APP006730,749,1,2,0,,3852.63,18.1,37
APP006731,574,0,3,0,,0.0,18.1,116
APP006732,771,5,7,0,,34226.93,100.0,127
APP006733,837,0,5,0,,10239.62,21.0,24
APP006734,655,0,1,0,,14900.39,68.7,120
APP006735,609,1,3,0,,12088.12,82.4,138
APP006736,621,2,4,0,,22949.88,42.4,62
APP006737,828,1,3,0,,0.0,58.8,131
APP006738,717,2,2,0,,17758.58,35.9,3
APP006739,692,3,0,0,,15156.2,38.4,3
APP006740,601,4,3,0,,26866.77,70.2,60
APP006741,651,1,3,0,,21777.87,52.3,57
APP006742,768,2,3,0,,12266.1,38.0,60
APP006743,786,1,6,0,,6589.02,0.0,61
APP006744,722,4,5,0,,19207.57,66.4,138
APP006745,764,2,6,0,,5392.28,36.6,3
APP006746,853,1,5,0,,0.0,3.7,62
APP006747,712,2,3,0,,17139.97,12.5,114
APP006748,638,2,5,0,,32607.85,11.7,3
APP006749,682,2,2,0,,26605.45,60.5,126
APP006750,639,5,2,0,,21276.91,66.0,3
APP006751,668,2,3,0,,25427.24,60.2,52
APP006752,705,0,1,0,,2861.05,57.6,25
APP006753,803,3,2,0,,17135.67,51.1,88
APP006754,681,1,2,0,,14166.08,50.5,178
APP006755,560,6,2,0,,20717.87,73.2,36
APP006756,654,1,3,0,,26297.84,55.4,58
APP006757,806,1,4,0,,0.0,27.8,164
APP006758,754,4,3,0,,0.0,21.8,59
APP006759,640,1,4,0,,16237.2,53.4,51
APP006760,795,1,3,0,,12196.46,50.3,42
APP006761,735,2,8,0,,10425.86,19.1,62
APP006762,746,0,3,0,,26654.26,23.8,99
APP006763,880,0,6,0,,0.0,39.9,68
APP006764,479,7,4,1,1.0,48252.41,83.6,53
APP006765,788,3,2,0,,28428.73,54.5,11
APP006766,795,1,2,0,,0.0,0.0,65
APP006767,800,1,3,0,,13680.42,57.7,108
APP006768,693,1,3,0,,6420.14,8.6,134
APP006769,852,3,4,0,,0.0,11.1,117
APP006770,636,3,3,0,,13613.75,67.4,105
APP006771,641,3,4,1,4.0,30593.22,57.2,53
APP006772,767,1,3,0,,6387.67,30.8,109
APP006773,675,3,3,1,72.0,14616.32,70.5,189
APP006774,640,2,2,0,,18843.41,53.4,83
APP006775,646,1,1,0,,8782.95,45.9,75
APP006776,697,0,3,0,,31521.21,68.2,23
APP006777,841,0,6,0,,0.0,5.9,176
APP006778,817,0,6,0,,12957.81,74.7,133
APP006779,701,2,2,0,,18827.5,53.6,82
APP006780,641,3,0,1,27.0,42031.33,53.6,111
APP006781,680,0,2,0,,9177.98,8.3,91
APP006782,723,0,4,0,,16687.88,36.1,135
APP006783,605,3,1,0,,30340.01,63.1,142
APP006784,771,0,3,0,,1064.79,29.8,36
APP006785,833,2,2,0,,0.0,31.2,89
APP006786,564,5,4,1,21.0,25843.5,90.3,98
APP006787,806,4,3,0,,25293.13,41.2,42
APP006788,871,1,4,0,,0.0,27.1,155
APP006789,688,2,5,0,,10357.67,29.9,158
APP006790,791,1,7,0,,0.0,12.2,57
APP006791,529,1,1,1,1.0,28673.89,73.3,104
APP006792,694,1,1,0,,17152.37,67.5,167
APP006793,701,2,4,0,,32490.93,7.4,44
APP006794,725,3,5,0,,7701.54,0.0,133
APP006795,731,2,0,0,,20367.59,79.2,54
APP006796,612,5,2,0,,21192.9,43.4,144
APP006797,641,2,5,0,,20208.88,56.7,73
APP006798,634,0,3,0,,6590.94,58.8,89
APP006799,752,1,5,0,,14061.33,74.4,77
APP006800,594,5,3,0,,26147.67,28.7,111
APP006801,800,0,9,0,,24518.58,23.5,81
APP006802,549,2,3,0,,27568.56,34.4,3
APP006803,594,3,6,2,24.0,30954.35,74.3,21
APP006804,650,0,2,0,,16796.92,24.1,121
APP006805,787,4,3,0,,9517.98,23.1,126
APP006806,728,1,5,0,,14217.44,29.4,81
APP006807,888,0,4,0,,22417.78,0.0,240
APP006808,808,1,4,0,,3007.33,63.3,137
APP006809,728,1,4,0,,7643.66,0.0,188
APP006810,622,0,1,0,,4330.48,6.5,91
APP006811,803,1,1,0,,0.0,15.0,21
APP006812,751,1,5,0,,16687.95,21.8,116
APP006813,662,0,5,0,,15366.76,35.3,60
APP006814,799,2,7,0,,14557.41,19.0,3
APP006815,664,1,1,0,,20582.64,36.9,19
APP006816,713,4,1,0,,20204.7,31.1,103
APP006817,632,2,2,0,,15100.52,35.7,55
APP006818,822,0,6,0,,12985.76,46.4,40
APP006819,721,3,3,0,,19644.41,4.2,62
APP006820,676,2,4,0,,19981.65,53.4,118
APP006821,687,0,0,0,,26688.61,53.5,56
APP006822,693,1,1,2,10.0,25264.22,67.4,154
APP006823,790,1,3,0,,9591.83,28.9,151
APP006824,807,2,7,0,,12884.27,32.2,136
APP006825,661,2,1,1,11.0,11441.89,61.0,145
APP006826,742,2,4,0,,11801.99,59.6,23
APP006827,640,2,3,0,,12465.35,70.5,114
APP006828,804,1,5,0,,20237.39,17.8,142
APP006829,859,4,6,0,,3367.65,0.0,121
APP006830,606,1,2,3,4.0,28661.17,61.2,53
APP006831,754,0,3,0,,277.5,38.9,205
APP006832,618,0,2,0,,24602.57,66.3,132
APP006833,749,1,2,0,,21950.16,34.7,142
APP006834,831,3,5,0,,0.0,25.0,159
APP006835,710,1,2,0,,0.0,72.0,134
APP006836,592,1,3,0,,14393.19,27.0,173
APP006837,540,3,4,0,,18095.76,64.5,193
APP006838,686,1,3,0,,18269.99,52.3,128
APP006839,608,4,1,2,63.0,44589.83,37.5,158
APP006840,642,1,8,0,,18112.61,0.0,41
APP006841,708,2,5,0,,23281.44,65.4,32
APP006842,713,2,7,0,,19211.45,13.5,95
APP006843,716,3,4,0,,20370.28,36.0,158
APP006844,719,2,2,0,,23526.63,23.4,91
APP006845,602,1,5,0,,7679.19,57.6,115
APP006846,777,2,4,0,,0.0,42.4,39
APP006847,695,3,2,0,,12725.99,14.4,95
APP006848,749,2,4,0,,0.0,33.0,70
APP006849,580,6,4,2,15.0,34527.11,95.8,3
APP006850,727,2,6,0,,0.0,0.0,133
APP006851,847,2,6,0,,5393.57,8.1,81
APP006852,730,2,5,0,,19867.72,27.2,31
APP006853,684,3,3,2,11.0,12812.18,28.7,61
APP006854,648,3,3,1,16.0,49731.16,100.0,99
APP006855,867,2,4,0,,21255.17,41.1,132
APP006856,693,7,4,1,31.0,34929.51,88.1,67
APP006857,726,2,5,0,,4241.05,28.5,49
APP006858,758,1,3,0,,12215.49,62.7,121
APP006859,672,3,5,0,,17904.37,33.9,76
APP006860,640,5,0,0,,24538.72,76.1,81
APP006861,840,2,3,0,,10314.62,35.3,135
APP006862,748,2,2,0,,6582.5,64.3,114
APP006863,614,1,0,0,,30186.91,42.3,124
APP006864,685,2,2,0,,26923.71,51.6,93
APP006865,612,1,4,1,3.0,22605.22,47.2,126
APP006866,676,2,2,0,,3971.41,30.4,111
APP006867,725,2,1,0,,6546.85,38.1,144
APP006868,721,0,2,0,,0.0,48.4,70
APP006869,587,3,3,0,,31859.3,75.8,61
APP006870,658,6,2,1,6.0,26396.77,76.8,77
APP006871,792,0,4,0,,17046.72,41.4,93
APP006872,760,3,4,0,,0.0,3.7,71
APP006873,764,3,3,0,,16360.65,33.4,147
APP006874,714,1,0,0,,17593.46,17.8,46
APP006875,857,2,7,0,,0.0,9.3,188
APP006876,528,2,3,2,15.0,33342.31,100.0,146
APP006877,620,4,3,0,,33319.91,37.5,134
APP006878,637,0,5,0,,15835.73,63.9,49
APP006879,725,2,1,0,,14215.73,45.5,83
APP006880,686,3,3,1,3.0,28169.71,100.0,139
APP006881,740,4,2,0,,7205.71,52.7,126
APP006882,627,2,2,0,,24323.97,28.3,109
APP006883,692,1,4,0,,8314.95,37.6,121
APP006884,710,2,3,0,,24141.05,42.3,126
APP006885,708,4,3,0,,14159.41,42.3,163
APP006886,723,2,1,0,,4244.84,5.2,126
APP006887,764,0,2,0,,25609.28,16.1,119
APP006888,850,2,8,0,,0.0,27.6,120
APP006889,727,0,4,0,,9546.53,42.0,90
APP006890,892,1,2,0,,6257.17,1.5,148
APP006891,643,4,2,0,,26470.44,93.8,90
APP006892,817,3,11,0,,0.0,2.9,43
APP006893,565,8,3,0,,24330.95,25.3,40
APP006894,723,1,2,0,,3417.84,45.1,87
APP006895,762,2,6,0,,1594.82,18.5,51
APP006896,773,1,4,0,,8900.25,44.5,163
APP006897,664,3,5,0,,922.36,35.9,131
APP006898,679,3,3,0,,14760.22,59.1,42
APP006899,789,1,1,0,,0.0,0.0,162
APP006900,735,1,0,0,,21352.3,46.6,188
APP006901,518,5,5,3,9.0,18757.56,88.2,141
APP006902,624,0,2,0,,8252.94,31.4,96
APP006903,702,4,1,0,,38885.19,100.0,54
APP006904,637,4,1,0,,9402.0,35.4,3
APP006905,838,0,5,0,,0.0,38.6,51
APP006906,674,1,3,0,,27148.17,19.8,122
APP006907,742,1,0,0,,26690.96,37.3,128
APP006908,556,2,3,0,,23627.77,49.0,68
APP006909,706,2,6,0,,11070.08,0.0,68
APP006910,774,0,5,0,,16139.58,44.9,175
APP006911,721,0,5,0,,24108.44,30.1,181
APP006912,725,3,5,0,,17966.4,8.1,82
APP006913,737,2,4,0,,0.0,19.3,74
APP006914,790,3,4,0,,0.0,25.7,116
APP006915,686,0,4,0,,26145.85,28.6,200
APP006916,749,0,1,0,,6913.71,65.8,66
APP006917,746,0,3,0,,0.0,32.6,75
APP006918,641,0,5,0,,12704.31,44.5,135
APP006919,744,1,3,0,,10981.92,0.0,137
APP006920,787,2,4,0,,2825.12,32.6,144
APP006921,679,0,3,0,,17850.63,30.2,64
APP006922,723,3,2,0,,13696.24,32.4,97
APP006923,786,0,5,0,,0.0,0.0,153
APP006924,791,2,2,0,,20040.88,50.6,99
APP006925,743,1,9,0,,0.0,53.6,120
APP006926,724,3,1,0,,708.61,30.5,80
APP006927,562,2,3,1,12.0,28540.62,100.0,101
APP006928,806,2,5,0,,0.0,41.5,12
APP006929,844,2,8,0,,0.0,26.4,71
APP006930,708,0,3,0,,13141.02,51.9,141
APP006931,594,9,7,3,15.0,30384.66,100.0,137
APP006932,733,1,4,0,,17844.24,44.0,99
APP006933,728,0,4,0,,36918.94,47.4,50
APP006934,757,0,3,0,,23196.07,65.8,126
APP006935,704,3,2,0,,4334.2,13.6,171
APP006936,655,2,0,0,,13718.59,37.9,111
APP006937,706,1,6,0,,39683.4,57.4,40
APP006938,591,2,0,1,24.0,12771.07,60.3,180
APP006939,703,1,2,0,,15562.33,41.7,96
APP006940,633,4,4,0,,25544.64,89.9,3
APP006941,771,1,3,0,,867.68,40.0,62
APP006942,819,1,1,0,,21038.07,23.2,94
APP006943,704,1,3,0,,20665.39,13.0,3
APP006944,522,4,7,0,,36030.14,61.2,90
APP006945,747,1,4,0,,0.0,21.6,31
APP006946,696,3,0,0,,23216.21,51.4,96
APP006947,698,0,7,1,26.0,28072.03,56.9,127
APP006948,787,5,2,0,,16026.06,50.1,57
APP006949,560,4,2,0,,22338.59,10.5,69
APP006950,549,1,2,4,49.0,34472.47,69.0,156
APP006951,707,0,2,0,,13557.72,40.6,65
APP006952,785,0,4,0,,7715.03,0.0,90
APP006953,618,3,1,0,,31645.44,54.4,169
APP006954,654,1,4,0,,20967.16,27.2,134
APP006955,883,2,5,0,,0.0,0.0,13
APP006956,697,3,3,0,,34481.02,91.3,113
APP006957,759,0,2,0,,6159.87,27.7,52
APP006958,658,2,5,0,,15474.21,35.8,156
APP006959,629,2,1,0,,21684.12,68.2,15
APP006960,705,4,6,0,,0.0,70.1,9
APP006961,781,1,6,0,,20467.89,47.4,82
APP006962,820,0,3,0,,23483.84,39.8,34
APP006963,769,1,2,0,,9109.33,19.7,68
APP006964,590,4,1,1,24.0,28792.78,55.3,138
APP006965,724,2,2,0,,32664.13,75.4,145
APP006966,649,1,4,0,,14194.15,46.8,125
APP006967,543,2,2,0,,27877.53,54.2,66
APP006968,881,2,7,0,,0.0,0.0,73
APP006969,770,2,3,0,,14932.73,0.0,138
APP006970,730,2,5,0,,13876.08,44.1,54
APP006971,608,2,1,1,9.0,26070.82,68.4,162
APP006972,611,1,3,1,7.0,11795.2,82.9,97
APP006973,739,0,4,0,,18059.88,50.6,142
APP006974,705,0,3,0,,0.0,46.6,129
APP006975,681,0,4,0,,24713.42,96.8,127
APP006976,716,0,2,0,,10943.06,36.8,156
APP006977,727,1,4,0,,3480.38,28.7,75
APP006978,661,0,5,0,,15137.43,66.8,78
APP006979,698,1,6,0,,16479.25,10.2,105
APP006980,703,1,3,0,,21955.93,27.3,105
APP006981,862,2,6,0,,7374.45,65.0,104
APP006982,611,2,4,0,,14360.28,70.5,105
APP006983,820,2,6,0,,15065.74,16.6,128
APP006984,794,2,7,0,,0.0,0.6,26
APP006985,720,0,3,0,,19070.68,20.9,128
APP006986,715,0,2,0,,18393.94,61.3,111
APP006987,575,3,5,0,,39280.04,100.0,119
APP006988,586,0,1,1,13.0,30539.32,100.0,66
APP006989,720,0,7,0,,22737.31,50.2,82
APP006990,632,0,4,0,,22788.85,70.3,117
APP006991,709,3,4,0,,0.0,0.0,142
APP006992,828,1,2,0,,12401.31,52.0,141
APP006993,732,2,4,0,,14840.14,34.1,59
APP006994,597,1,1,0,,4603.19,69.4,91
APP006995,647,4,4,1,19.0,27166.22,57.2,75
APP006996,790,3,2,0,,0.0,12.6,146
APP006997,698,0,3,0,,16464.39,36.4,112
APP006998,675,3,2,0,,18801.99,34.8,60
APP006999,600,1,2,1,6.0,17047.82,64.3,44
APP007000,557,6,2,2,16.0,44252.78,54.0,15
APP007001,665,0,3,0,,0.0,42.6,68
APP007002,715,4,1,1,11.0,22110.35,75.1,151
APP007003,660,6,5,1,1.0,20287.57,99.6,101
APP007004,687,2,4,0,,33234.45,95.5,114
APP007005,620,4,1,1,47.0,35371.36,63.3,140
APP007006,786,0,2,0,,7646.9,25.4,3
APP007007,782,3,4,0,,0.0,60.7,92
APP007008,718,3,3,0,,22061.92,32.4,70
APP007009,721,0,0,0,,0.0,9.3,81
APP007010,802,0,1,0,,3392.1,0.3,79
APP007011,695,3,4,0,,12691.03,50.8,101
APP007012,663,8,4,1,16.0,23333.07,79.9,101
APP007013,698,3,0,0,,10389.73,60.5,114
APP007014,518,5,1,2,13.0,34665.12,60.3,16
APP007015,730,1,4,0,,5694.21,1.8,85
APP007016,682,3,3,0,,26662.82,27.0,80
APP007017,683,2,6,0,,16236.53,29.1,23
APP007018,569,4,2,2,24.0,30702.12,100.0,111
APP007019,631,2,7,1,25.0,33921.25,65.1,136
APP007020,680,7,3,2,115.0,24503.69,55.1,155
APP007021,520,2,6,0,,15822.87,37.9,99
APP007022,581,2,1,0,,26665.34,85.1,13
APP007023,730,2,3,0,,0.0,5.6,120
APP007024,711,2,3,0,,5815.05,22.4,91
APP007025,585,1,2,0,,4904.47,90.0,63
APP007026,682,1,3,0,,0.0,0.0,150
APP007027,579,0,7,1,42.0,37536.14,74.7,88
APP007028,810,1,6,0,,16693.66,1.6,75
APP007029,698,1,4,0,,17963.77,15.0,87
APP007030,706,3,3,0,,5303.65,31.3,136
APP007031,721,3,4,0,,21298.11,0.0,35
APP007032,635,0,2,0,,6234.91,58.5,110
APP007033,789,2,5,0,,5066.16,44.3,45
APP007034,749,3,6,0,,0.0,22.2,179
APP007035,628,1,3,0,,21394.69,52.0,42
APP007036,696,2,3,0,,41631.82,56.2,75
APP007037,795,2,2,0,,18571.86,21.5,100
APP007038,688,4,2,0,,3968.08,35.9,101
APP007039,748,1,1,0,,5938.9,27.5,28
APP007040,761,0,1,0,,743.79,28.3,43
APP007041,556,2,2,0,,36004.83,60.1,4
APP007042,714,0,4,0,,16844.55,62.3,126
APP007043,733,2,3,0,,19145.23,13.4,89
APP007044,763,1,3,0,,22509.46,88.8,112
APP007045,730,1,5,0,,6422.28,30.3,81
APP007046,644,4,2,0,,5386.55,39.8,93
APP007047,583,6,2,0,,36472.36,63.9,65
APP007048,705,0,4,0,,16608.22,61.0,158
APP007049,711,1,2,0,,31313.42,61.0,189
APP007050,790,1,3,0,,4361.89,35.3,27
APP007051,723,0,8,0,,12002.16,36.3,71
APP007052,709,2,2,2,4.0,23694.28,49.6,156
APP007053,518,3,0,1,19.0,32940.37,54.3,105
APP007054,789,2,7,0,,3686.96,37.3,130
APP007055,658,1,3,0,,36096.78,74.8,103
APP007056,677,1,3,0,,34032.02,46.2,91
APP007057,726,0,4,0,,0.0,35.9,93
APP007058,758,1,4,0,,0.0,16.8,228
APP007059,753,2,4,0,,10344.67,32.2,80
APP007060,683,3,4,0,,10914.71,60.7,127
APP007061,612,3,7,1,6.0,27961.75,33.2,131
APP007062,709,0,3,0,,16678.46,29.2,186
APP007063,710,0,4,0,,13217.29,72.1,30
APP007064,846,0,3,0,,7679.81,17.1,135
APP007065,723,2,2,0,,11876.66,88.5,132
APP007066,837,1,4,0,,0.0,2.1,181
APP007067,655,2,1,0,,28993.88,47.0,71
APP007068,784,0,4,0,,19699.62,0.0,120
APP007069,635,3,1,0,,14977.52,34.3,81
APP007070,900,0,4,0,,0.0,22.9,18
APP007071,683,0,5,0,,3632.68,58.4,74
APP007072,745,2,1,0,,4783.89,58.1,30
APP007073,680,2,3,0,,11517.82,27.8,208
APP007074,558,7,3,2,11.0,39418.12,100.0,70
APP007075,747,0,3,0,,69.31,18.0,90
APP007076,546,1,1,0,,28952.29,58.4,157
APP007077,753,1,1,0,,6826.49,48.3,106
APP007078,522,4,5,0,,15782.78,86.0,59
APP007079,802,2,3,0,,5136.16,14.6,51
APP007080,611,3,6,1,1.0,34134.34,66.1,70
APP007081,735,1,3,0,,22287.55,74.9,90
APP007082,622,4,6,1,14.0,13806.72,62.7,108
APP007083,660,0,5,0,,23903.75,11.9,180
APP007084,677,0,3,0,,23579.65,60.7,142
APP007085,727,3,4,0,,22383.35,64.7,22
APP007086,827,1,4,0,,17461.03,25.4,147
APP007087,585,4,4,0,,14191.61,65.2,90
APP007088,755,0,7,0,,32684.42,99.2,55
APP007089,880,1,4,0,,0.0,26.9,148
APP007090,725,1,2,0,,15820.25,51.1,132
APP007091,613,2,3,0,,25552.97,23.9,190
APP007092,626,5,5,1,11.0,16804.99,54.7,122
APP007093,670,4,3,0,,20692.29,34.0,32
APP007094,771,1,5,0,,26706.41,48.2,90
APP007095,794,0,4,0,,18942.85,35.1,198
APP007096,681,4,2,3,16.0,15234.88,74.3,101
APP007097,702,4,2,0,,20585.1,76.7,113
APP007098,779,1,3,0,,0.0,54.2,132
APP007099,555,0,0,0,,26344.87,76.4,146
APP007100,715,1,3,0,,5354.18,57.5,77
APP007101,754,0,3,0,,3400.11,4.5,73
APP007102,764,2,2,0,,13185.43,33.1,81
APP007103,805,2,2,0,,0.0,14.2,106
APP007104,636,0,3,0,,20342.47,72.0,67
APP007105,589,4,4,1,8.0,32132.08,42.5,124
APP007106,717,1,1,0,,23152.63,27.7,64
APP007107,806,2,2,0,,15020.97,16.0,127
APP007108,703,2,3,0,,27740.3,46.1,105
APP007109,623,2,3,0,,27639.96,67.6,58
APP007110,655,0,2,0,,5686.72,20.5,42
APP007111,685,2,1,0,,7468.62,94.4,102
APP007112,801,0,8,0,,3472.91,46.6,92
APP007113,725,0,5,0,,0.0,18.3,48
APP007114,683,2,3,0,,19508.77,23.1,115
APP007115,624,2,3,1,29.0,32466.07,100.0,162
APP007116,574,0,1,0,,11555.97,88.4,25
APP007117,717,2,3,0,,12828.62,42.5,100
APP007118,651,2,8,0,,12619.08,30.4,85
APP007119,770,1,4,0,,5890.3,31.5,70
APP007120,637,5,3,3,16.0,27364.2,36.7,33
APP007121,672,1,2,0,,17162.21,64.7,108
APP007122,889,2,3,0,,0.0,52.3,151
APP007123,741,2,3,0,,22348.44,68.8,99
APP007124,650,1,6,0,,17981.3,36.7,186
APP007125,611,1,4,0,,20882.35,58.7,52
APP007126,738,2,3,0,,14824.78,100.0,102
APP007127,873,3,3,0,,26598.35,1.2,120
APP007128,837,2,2,0,,15585.42,0.0,108
APP007129,657,5,2,0,,27543.9,93.9,99
APP007130,732,0,2,0,,20006.67,85.7,55
APP007131,671,0,3,0,,10618.7,67.1,129
APP007132,618,1,3,0,,18355.24,36.7,4
APP007133,652,4,3,0,,26780.44,74.5,111
APP007134,567,6,3,0,,42181.08,77.1,39
APP007135,704,1,4,0,,0.0,21.9,50
APP007136,763,0,1,0,,11632.22,47.0,115
APP007137,633,2,2,0,,10699.74,44.8,88
APP007138,709,1,4,0,,20457.65,76.7,121
APP007139,750,0,9,0,,12055.64,55.8,118
APP007140,710,0,2,0,,17014.5,60.1,121
APP007141,569,0,1,0,,29515.24,48.5,139
APP007142,668,1,1,0,,4850.39,75.2,113
APP007143,810,2,6,0,,18581.82,0.0,111
APP007144,670,2,4,1,1.0,13448.23,66.5,146
APP007145,763,2,3,0,,3339.76,43.5,10
APP007146,611,4,2,0,,16640.25,79.7,22
APP007147,679,1,3,0,,25539.05,73.6,120
APP007148,782,2,3,0,,17263.56,29.9,100
APP007149,660,1,1,0,,17486.78,29.6,112
APP007150,900,0,5,0,,0.0,0.8,36
APP007151,680,2,4,0,,26606.01,73.9,95
APP007152,733,3,6,0,,7390.62,57.9,6
APP007153,609,5,5,0,,24640.41,56.8,71
APP007154,671,2,3,0,,16900.96,43.6,73
APP007155,813,0,1,0,,15220.33,29.3,43
APP007156,569,6,8,1,15.0,36413.08,96.9,104
APP007157,672,1,0,1,1.0,27262.04,52.6,86
APP007158,609,2,5,0,,0.0,39.4,78
APP007159,660,1,1,0,,18540.37,72.2,92
APP007160,826,1,4,0,,817.25,0.0,100
APP007161,706,4,5,0,,8794.61,52.0,101
APP007162,838,1,2,0,,7417.18,0.0,62
APP007163,778,2,2,0,,20830.85,32.9,189
APP007164,755,1,3,0,,4608.0,12.8,70
APP007165,755,0,4,0,,13277.67,26.0,119
APP007166,724,0,4,0,,11788.76,47.2,139
APP007167,675,0,1,0,,11395.86,42.7,96
APP007168,609,1,3,0,,530.79,32.1,92
APP007169,783,0,4,0,,8533.85,7.8,153
APP007170,706,1,4,0,,0.0,78.8,155
APP007171,695,5,1,0,,28173.7,63.0,46
APP007172,677,1,4,0,,7537.72,28.8,17
APP007173,619,5,2,1,47.0,27185.28,60.5,3
APP007174,900,1,8,0,,0.0,19.1,86
APP007175,636,4,3,0,,15052.56,8.4,74
APP007176,681,1,2,0,,27664.41,44.3,42
APP007177,695,3,1,0,,50343.31,86.3,53
APP007178,606,1,4,0,,34276.86,76.2,105
APP007179,596,2,2,0,,16150.29,27.9,64
APP007180,813,3,4,0,,4542.23,19.4,106
APP007181,756,1,3,0,,5464.79,22.6,99
APP007182,793,1,1,0,,36206.3,38.9,102
APP007183,653,1,5,0,,18767.76,28.0,113
APP007184,598,4,2,2,38.0,23243.96,74.1,95
APP007185,676,4,1,1,40.0,26844.56,68.4,54
APP007186,619,2,1,0,,31349.72,64.9,242
APP007187,739,4,2,0,,24673.47,49.6,51
APP007188,712,0,2,0,,15447.58,41.4,210
APP007189,746,0,3,0,,0.0,44.0,86
APP007190,740,1,5,0,,23597.15,58.2,165
APP007191,628,2,0,0,,22137.17,87.4,82
APP007192,560,6,0,1,35.0,35452.87,40.4,205
APP007193,802,0,1,0,,7530.19,10.1,56
APP007194,692,1,3,0,,16814.02,39.1,94
APP007195,717,0,4,0,,11961.68,37.8,25
APP007196,530,1,3,0,,33819.33,57.3,116
APP007197,694,1,6,0,,13943.69,31.2,119
APP007198,772,1,5,0,,15785.71,57.3,96
APP007199,782,0,4,0,,4146.4,10.8,38
APP007200,589,3,1,0,,32813.31,58.1,105
APP007201,626,3,5,0,,38254.03,35.1,3
APP007202,785,0,4,0,,8639.28,66.7,43
APP007203,765,1,6,0,,8110.97,30.9,204
APP007204,754,3,1,0,,10969.17,43.6,120
APP007205,639,1,2,1,120.0,19732.97,63.2,90
APP007206,592,1,2,0,,28927.25,54.0,180
APP007207,727,1,3,0,,0.0,0.0,67
APP007208,602,3,4,0,,16206.84,97.4,117
APP007209,698,6,6,0,,28630.42,55.1,98
APP007210,701,0,6,0,,18915.99,18.7,120
APP007211,586,2,1,2,44.0,31188.27,87.4,77
APP007212,690,0,3,0,,18118.1,32.6,116
APP007213,661,2,2,0,,5584.44,19.9,95
APP007214,588,1,2,0,,15712.72,63.2,158
APP007215,539,2,6,0,,9910.27,53.3,109
APP007216,714,2,2,0,,17772.25,41.7,33
APP007217,855,0,3,0,,23769.89,25.3,129
APP007218,790,1,7,0,,0.0,16.1,81
APP007219,746,1,8,0,,0.0,41.7,81
APP007220,780,2,6,0,,2748.78,15.4,77
APP007221,730,0,6,0,,14013.5,23.7,109
APP007222,590,4,3,0,,20202.41,66.1,8
APP007223,729,1,3,0,,5859.65,7.5,98
APP007224,811,0,7,0,,4172.13,9.2,67
APP007225,665,1,4,0,,9180.34,34.6,67
APP007226,655,2,3,1,7.0,35305.8,57.0,99
APP007227,736,2,1,0,,26977.02,29.1,69
APP007228,701,2,4,0,,0.0,40.5,27
APP007229,730,2,2,0,,7828.64,39.8,134
APP007230,666,3,4,0,,25527.62,82.6,3
APP007231,720,1,6,0,,24588.16,35.0,108
APP007232,693,3,5,1,13.0,31894.23,47.2,15
APP007233,733,0,3,0,,26321.27,28.2,48
APP007234,739,2,4,0,,11759.56,32.8,90
APP007235,682,0,6,0,,20854.74,52.9,96
APP007236,693,2,3,0,,33439.4,27.6,89
APP007237,702,2,2,0,,14433.42,47.9,132
APP007238,634,1,2,0,,23037.58,71.4,76
APP007239,862,3,7,0,,0.0,35.8,58
APP007240,734,2,2,0,,0.0,35.2,99
APP007241,686,4,3,0,,19219.93,56.6,118
APP007242,760,1,3,0,,8177.47,27.4,170
APP007243,757,0,5,0,,0.0,16.6,55
APP007244,750,2,2,0,,0.0,74.2,62
APP007245,681,2,1,0,,31350.03,39.8,140
APP007246,814,2,1,0,,7069.24,27.8,16
APP007247,586,5,3,0,,36057.44,13.3,39
APP007248,766,1,3,0,,0.0,56.8,85
APP007249,721,2,0,0,,13607.4,49.2,121
APP007250,738,4,3,0,,18628.25,42.2,163
APP007251,834,1,8,0,,0.0,39.0,51
APP007252,634,5,4,2,48.0,16725.57,86.8,86
APP007253,662,2,1,0,,5580.46,45.7,118
APP007254,577,5,2,1,39.0,31620.96,37.2,137
APP007255,792,1,5,0,,3749.45,37.6,47
APP007256,743,5,1,0,,36889.62,75.5,162
APP007257,667,4,1,1,55.0,24861.74,100.0,19
APP007258,611,4,2,0,,24880.33,58.6,130
APP007259,736,1,5,0,,17228.16,39.7,211
APP007260,653,1,5,1,47.0,29310.03,52.7,170
APP007261,602,4,3,1,21.0,25344.92,38.6,47
APP007262,694,1,1,0,,11430.41,32.4,59
APP007263,744,2,6,0,,8223.1,35.6,133
APP007264,492,2,6,2,5.0,44558.56,53.1,88
APP007265,734,0,3,0,,0.0,46.9,21
APP007266,709,0,1,0,,13801.4,25.2,66
APP007267,661,1,4,0,,25498.5,35.6,58
APP007268,773,2,1,0,,14024.92,0.0,76
APP007269,696,2,2,0,,8430.28,62.2,198
APP007270,849,1,4,0,,14507.91,4.3,74
APP007271,900,0,5,0,,2723.69,43.3,49
APP007272,639,1,6,0,,3643.95,20.1,146
APP007273,618,4,4,1,9.0,38617.02,89.6,98
APP007274,825,2,4,0,,13021.13,69.2,71
APP007275,684,0,4,0,,0.0,36.0,114
APP007276,733,3,5,0,,27112.4,24.2,133
APP007277,756,0,3,0,,0.0,43.6,117
APP007278,844,3,8,0,,4425.87,0.0,146
APP007279,564,5,4,0,,20105.52,86.9,86
APP007280,607,3,6,0,,13860.5,91.4,85
APP007281,665,1,1,0,,34734.24,26.1,77
APP007282,726,1,3,0,,15947.18,19.3,3
APP007283,696,0,2,0,,13664.13,25.4,83
APP007284,698,1,4,0,,6687.24,40.2,100
APP007285,535,4,4,2,13.0,40915.78,79.0,64
APP007286,707,1,4,0,,0.0,0.0,53
APP007287,717,1,1,0,,41716.98,62.4,84
APP007288,613,5,3,1,2.0,21384.04,68.5,89
APP007289,602,2,3,0,,23552.85,21.1,142
APP007290,783,0,7,0,,12629.82,57.7,81
APP007291,718,2,2,0,,10375.86,56.5,169
APP007292,596,5,2,0,,41187.08,75.4,32
APP007293,697,2,1,0,,18190.75,55.1,36
APP007294,665,1,1,0,,20100.71,58.8,153
APP007295,708,1,7,0,,31711.52,69.9,134
APP007296,683,1,1,0,,14121.29,45.7,60
APP007297,677,0,4,0,,11993.87,20.5,140
APP007298,790,1,4,0,,15778.09,22.4,148
APP007299,736,4,1,0,,3760.2,28.3,43
APP007300,735,0,2,0,,10623.79,16.3,3
APP007301,569,2,3,1,2.0,42189.21,61.9,21
APP007302,651,2,0,0,,22143.61,42.1,91
APP007303,644,0,6,0,,20518.54,45.8,134
APP007304,700,1,2,0,,22390.86,79.9,182
APP007305,668,0,5,0,,6369.5,47.0,85
APP007306,715,1,9,0,,8746.6,56.2,125
APP007307,661,2,1,0,,10304.89,76.5,99
APP007308,715,0,0,0,,35903.66,46.5,3
APP007309,648,0,6,0,,13378.51,50.0,47
APP007310,626,2,0,1,1.0,26552.34,59.5,91
APP007311,749,0,8,0,,7165.3,0.0,63
APP007312,627,2,2,0,,42405.08,77.7,112
APP007313,767,0,3,0,,13070.13,9.1,108
APP007314,852,1,4,0,,0.0,25.5,89
APP007315,554,6,5,0,,27509.39,72.4,128
APP007316,494,4,2,4,15.0,49288.56,99.4,60
APP007317,706,2,3,0,,22690.61,46.1,95
APP007318,702,1,7,0,,6116.59,53.3,134
APP007319,792,1,2,0,,0.0,29.6,70
APP007320,614,3,1,0,,26956.93,68.3,106
APP007321,576,5,3,0,,28557.5,52.9,193
APP007322,803,1,5,0,,528.43,7.2,110
APP007323,646,0,2,0,,18287.73,30.9,58
APP007324,601,1,5,0,,20930.62,73.2,115
APP007325,667,2,4,1,36.0,21803.16,58.3,83
APP007326,634,0,1,0,,28340.94,77.1,130
APP007327,720,0,3,0,,10945.52,55.8,190
APP007328,701,2,4,0,,26479.49,59.9,76
APP007329,592,3,1,0,,15976.56,46.5,118
APP007330,650,1,2,0,,13435.8,38.7,95
APP007331,782,0,2,0,,21194.0,44.3,170
APP007332,757,1,4,0,,9774.17,42.2,55
APP007333,727,1,5,0,,3762.81,42.3,90
APP007334,581,3,5,1,21.0,39279.8,65.4,146
APP007335,633,4,1,0,,34603.87,71.1,102
APP007336,666,2,3,0,,3749.81,19.4,17
APP007337,782,2,5,0,,7567.0,25.3,30
APP007338,673,1,1,0,,4382.82,64.3,84
APP007339,858,1,6,0,,0.0,3.6,76
APP007340,759,1,4,0,,7647.48,72.1,56
APP007341,676,1,6,0,,7016.74,0.0,135
APP007342,544,6,1,0,,44707.77,76.5,69
APP007343,577,4,1,1,49.0,29774.07,31.3,85
APP007344,739,1,1,0,,19332.61,54.9,154
APP007345,880,1,2,0,,0.0,36.7,33
APP007346,750,3,4,0,,0.0,26.2,180
APP007347,661,2,2,0,,109.32,49.5,46
APP007348,710,2,3,0,,10791.14,64.6,44
APP007349,631,2,5,0,,12196.77,33.6,78
APP007350,639,1,6,0,,25335.24,29.7,81
APP007351,711,0,3,0,,7957.64,19.3,101
APP007352,545,6,1,0,,38062.3,59.9,64
APP007353,674,0,4,0,,22152.86,5.6,63
APP007354,609,5,3,1,22.0,24460.88,47.5,135
APP007355,786,1,7,0,,0.0,12.2,50
APP007356,699,1,2,0,,19994.33,41.9,173
APP007357,649,1,2,2,13.0,23519.15,32.0,114
APP007358,816,3,1,0,,14306.63,59.3,43
APP007359,791,0,4,0,,0.0,54.7,56
APP007360,749,1,2,0,,8967.31,61.8,16
APP007361,659,1,3,0,,7846.16,23.0,152
APP007362,709,1,3,0,,7138.17,60.0,55
APP007363,859,0,8,0,,278.98,32.7,89
APP007364,616,0,4,0,,16713.04,85.2,130
APP007365,779,2,3,0,,0.0,0.0,99
APP007366,517,3,5,2,10.0,37799.54,41.4,53
APP007367,868,2,1,0,,7588.44,34.3,167
APP007368,691,3,2,0,,617.13,73.1,102
APP007369,820,1,2,0,,17885.67,49.2,77
APP007370,563,5,2,1,8.0,17829.4,55.9,33
APP007371,660,0,2,0,,8642.18,62.2,118
APP007372,790,0,7,0,,0.0,35.4,75
APP007373,645,1,2,0,,7666.63,41.8,104
APP007374,695,0,9,0,,17260.2,37.5,84
APP007375,533,7,6,3,9.0,46689.19,100.0,76
APP007376,741,0,7,0,,9875.48,70.1,76
APP007377,763,1,10,0,,2073.11,19.8,45
APP007378,713,1,3,0,,34556.41,82.7,88
APP007379,632,1,3,2,11.0,19415.87,81.3,156
APP007380,723,0,5,0,,4828.15,38.8,124
APP007381,797,1,2,0,,0.0,3.9,3
APP007382,421,6,3,3,19.0,47476.65,100.0,89
APP007383,738,0,5,0,,3254.82,49.2,43
APP007384,772,1,3,0,,4738.74,70.4,74
APP007385,584,4,2,0,,23256.84,100.0,82
APP007386,666,2,4,0,,23315.16,48.5,130
APP007387,690,0,5,0,,7375.54,24.9,101
APP007388,675,0,1,0,,16091.81,62.9,86
APP007389,746,1,4,0,,10389.89,40.0,184
APP007390,715,0,2,0,,19527.34,89.1,167
APP007391,714,2,1,0,,21854.79,54.9,94
APP007392,793,2,5,0,,8367.51,18.6,154
APP007393,871,1,10,0,,20008.0,21.9,59
APP007394,614,0,0,0,,2144.05,38.5,18
APP007395,753,0,5,0,,4685.72,59.9,94
APP007396,727,2,4,0,,2697.39,81.3,130
APP007397,632,0,5,0,,10398.94,0.0,136
APP007398,475,7,1,1,51.0,32053.9,100.0,166
APP007399,900,1,3,0,,0.0,8.3,149
APP007400,669,1,3,0,,24348.38,52.7,54
APP007401,735,0,1,0,,22077.54,62.8,98
APP007402,704,0,1,0,,20569.95,49.0,133
APP007403,800,5,2,2,21.0,23807.78,60.6,69
APP007404,725,2,4,0,,0.0,30.4,77
APP007405,808,3,5,0,,12820.16,34.9,82
APP007406,660,5,0,0,,16618.69,93.4,65
APP007407,711,1,7,0,,6420.11,28.4,192
APP007408,674,7,2,1,53.0,33980.15,59.3,64
APP007409,697,1,5,0,,23713.75,13.4,60
APP007410,714,0,1,0,,17903.08,31.3,78
APP007411,648,1,4,0,,21798.38,75.9,44
APP007412,695,2,2,0,,21618.73,82.0,110
APP007413,693,1,3,0,,15024.87,68.4,17
APP007414,616,2,0,0,,16818.37,44.6,134
APP007415,608,2,4,0,,7896.37,20.9,134
APP007416,515,6,3,0,,37864.45,72.9,48
APP007417,692,4,3,0,,11049.77,31.0,84
APP007418,735,2,2,0,,8174.74,15.7,217
APP007419,509,6,3,0,,25874.87,85.0,142
APP007420,840,0,7,0,,0.0,1.4,103
APP007421,625,4,1,1,1.0,5863.62,18.4,74
APP007422,688,0,3,0,,9243.34,46.4,146
APP007423,696,2,2,0,,13544.22,39.4,83
APP007424,725,2,7,0,,17257.22,16.4,106
APP007425,619,2,6,0,,23174.05,51.2,88
APP007426,677,2,4,0,,5064.24,0.0,98
APP007427,698,0,5,1,11.0,21377.01,10.7,118
APP007428,544,5,4,1,51.0,32671.12,70.4,58
APP007429,692,2,2,0,,25167.63,23.4,98
APP007430,642,1,8,0,,7489.38,39.1,100
APP007431,705,1,7,0,,9116.35,61.7,75
APP007432,695,1,4,0,,22103.8,67.1,93
APP007433,683,0,3,0,,8651.05,20.7,154
APP007434,662,1,6,0,,16469.43,48.3,156
APP007435,693,1,3,0,,0.0,42.9,67
APP007436,583,4,1,1,66.0,40030.14,100.0,85
APP007437,624,0,1,0,,19668.65,16.6,49
APP007438,714,0,4,0,,16555.34,25.9,162
APP007439,687,1,4,0,,21520.42,57.8,114
APP007440,622,4,2,0,,20300.61,40.1,11
APP007441,685,2,6,0,,9559.98,17.4,47
APP007442,824,0,4,0,,15223.65,30.2,44
APP007443,856,0,5,0,,0.0,11.4,23
APP007444,529,5,1,1,1.0,39273.77,87.2,111
APP007445,811,3,4,0,,7278.94,22.7,88
APP007446,772,2,3,0,,4579.66,44.8,82
APP007447,600,2,2,0,,1481.63,31.8,88
APP007448,616,5,4,0,,0.0,10.5,113
APP007449,675,3,2,1,8.0,2244.04,84.1,51
APP007450,726,0,2,0,,18728.59,57.7,193
APP007451,565,6,3,0,,14857.97,22.7,81
APP007452,680,4,3,0,,0.0,37.8,92
APP007453,703,1,3,0,,29403.47,58.2,87
APP007454,682,1,3,0,,34456.07,50.6,160
APP007455,810,2,8,0,,0.0,0.0,65
APP007456,845,1,3,0,,0.0,23.7,3
APP007457,729,1,5,0,,0.0,33.1,61
APP007458,785,0,4,0,,1777.11,30.8,119
APP007459,701,4,3,0,,20287.88,26.5,3
APP007460,773,1,1,0,,15002.3,56.8,250
APP007461,614,2,6,0,,20299.79,47.4,117
APP007462,786,0,5,0,,2712.48,41.7,48
APP007463,861,1,5,0,,0.0,12.4,91
APP007464,723,2,1,0,,12284.89,31.8,206
APP007465,738,2,3,0,,5774.99,40.2,88
APP007466,724,2,3,0,,5876.67,42.2,131
APP007467,732,0,1,0,,11700.78,26.6,56
APP007468,728,1,5,0,,17324.37,19.6,83
APP007469,591,5,6,0,,18452.58,62.6,81
APP007470,840,1,4,0,,18844.85,23.5,122
APP007471,612,5,3,0,,37449.23,80.6,144
APP007472,436,2,1,2,5.0,36382.58,66.2,67
APP007473,818,0,6,0,,0.0,13.0,37
APP007474,735,1,3,0,,11866.03,68.5,68
APP007475,502,5,2,0,,36930.46,86.4,101
APP007476,791,0,1,0,,0.0,54.5,66
APP007477,613,1,2,1,18.0,29465.29,35.5,27
APP007478,605,8,3,2,31.0,24613.09,69.7,56
APP007479,755,1,5,0,,5233.65,32.7,154
APP007480,716,2,5,0,,0.0,22.1,69
APP007481,751,0,1,0,,10330.72,77.6,60
APP007482,723,0,1,0,,3026.17,27.5,14
APP007483,626,5,3,0,,30543.21,80.3,129
APP007484,770,2,1,0,,9407.63,42.8,176
APP007485,777,0,4,0,,9072.31,33.5,44
APP007486,900,0,5,0,,0.0,21.5,85
APP007487,552,6,6,2,3.0,24092.65,94.9,147
APP007488,589,1,5,0,,15450.85,32.8,65
APP007489,739,1,4,0,,12134.24,41.1,88
APP007490,575,1,6,0,,4795.33,33.9,32
APP007491,564,4,3,0,,42308.82,93.1,104
APP007492,697,4,1,0,,33874.85,52.3,213
APP007493,691,0,4,0,,4820.95,55.1,141
APP007494,645,1,1,0,,6711.62,57.9,60
APP007495,830,2,8,0,,0.0,5.5,135
APP007496,654,3,6,0,,6576.76,34.5,59
APP007497,685,3,3,0,,15441.8,5.8,164
APP007498,604,2,6,0,,23176.92,45.6,127
APP007499,635,2,1,2,21.0,11047.84,91.7,147
APP007500,713,1,6,0,,4615.0,15.6,72
APP007501,667,1,0,0,,24011.48,15.3,138
APP007502,818,1,6,0,,0.0,26.0,96
APP007503,759,1,3,0,,11396.2,49.9,117
APP007504,753,1,5,0,,20759.64,62.7,136
APP007505,716,1,2,0,,17936.53,93.9,69
APP007506,630,6,1,0,,23678.11,64.9,78
APP007507,694,2,3,0,,16553.06,72.0,53
APP007508,783,4,4,0,,0.0,28.6,106
APP007509,853,1,6,0,,0.0,34.6,128
APP007510,704,1,9,0,,10557.35,9.3,85
APP007511,724,2,7,0,,10252.24,51.6,130
APP007512,779,1,5,0,,15239.04,3.0,68
APP007513,831,2,6,0,,0.0,9.7,47
APP007514,827,1,6,0,,4638.57,64.6,57
APP007515,701,3,3,0,,30368.02,49.0,109
APP007516,674,1,3,0,,27518.34,62.1,65
APP007517,802,0,1,0,,27025.07,14.8,93
APP007518,523,3,0,0,,30180.05,74.7,3
APP007519,786,0,7,0,,18741.46,45.7,3
APP007520,714,2,1,0,,7280.85,31.8,36
APP007521,655,1,6,0,,20783.39,9.4,116
APP007522,628,3,4,0,,17467.91,35.7,133
APP007523,624,3,1,0,,33036.86,46.5,100
APP007524,621,3,4,0,,9270.01,16.9,103
APP007525,615,2,6,1,31.0,33759.19,74.4,131
APP007526,623,1,2,0,,19519.7,55.3,50
APP007527,708,1,4,0,,26250.34,64.5,40
APP007528,696,1,5,0,,21736.33,28.6,83
APP007529,672,1,0,0,,31388.74,40.5,133
APP007530,675,4,1,0,,32248.4,38.4,139
APP007531,624,1,4,0,,14637.76,48.2,95
APP007532,525,2,2,1,120.0,31776.09,62.7,35
APP007533,748,3,4,0,,19490.65,19.8,40
APP007534,621,1,5,0,,26733.31,65.3,119
APP007535,626,4,1,1,5.0,36364.33,100.0,15
APP007536,778,0,3,0,,10661.07,8.8,96
APP007537,672,0,4,0,,15548.63,31.7,124
APP007538,689,2,3,0,,3730.95,12.0,117
APP007539,728,3,6,0,,9827.61,41.7,75
APP007540,809,0,3,0,,0.0,25.3,133
APP007541,674,2,3,1,1.0,24822.62,66.0,31
APP007542,779,1,1,0,,0.0,37.3,153
APP007543,601,3,1,1,35.0,20584.13,60.8,115
APP007544,662,0,3,0,,14628.73,48.1,151
APP007545,663,3,4,0,,9366.72,20.9,169
APP007546,592,8,3,0,,14961.55,60.8,125
APP007547,688,2,3,0,,14078.68,39.4,148
APP007548,742,0,2,0,,0.0,36.6,45
APP007549,757,1,5,0,,24318.64,16.9,66
APP007550,488,3,1,2,20.0,27568.51,82.3,71
APP007551,667,10,5,4,64.0,30655.58,69.4,69
APP007552,650,2,1,2,2.0,22984.2,48.6,218
APP007553,761,0,6,0,,2340.64,59.2,129
APP007554,630,4,6,0,,23560.75,88.5,150
APP007555,600,2,4,0,,21241.92,90.1,3
APP007556,616,2,6,1,2.0,22423.66,51.6,92
APP007557,582,0,4,2,6.0,10152.18,61.1,140
APP007558,763,2,4,0,,11270.96,74.7,35
APP007559,630,2,2,0,,9444.92,47.5,110
APP007560,661,0,3,0,,37305.29,66.9,185
APP007561,813,1,2,0,,10804.32,29.2,121
APP007562,704,2,4,0,,29776.29,70.2,187
APP007563,817,2,4,0,,2323.08,43.3,150
APP007564,811,2,3,0,,0.0,13.1,133
APP007565,678,1,4,0,,19569.44,62.9,121
APP007566,762,0,3,0,,0.0,28.5,108
APP007567,633,4,1,1,1.0,19695.92,44.4,124
APP007568,696,1,5,0,,12062.91,53.3,165
APP007569,771,1,1,0,,5740.62,8.3,80
APP007570,748,1,2,0,,7757.99,74.1,156
APP007571,820,2,4,0,,11956.98,38.2,119
APP007572,882,2,5,0,,3358.59,15.7,177
APP007573,578,4,1,2,12.0,7577.04,59.2,77
APP007574,601,2,0,0,,24099.96,46.3,131
APP007575,768,4,2,0,,0.0,34.8,62
APP007576,742,3,2,0,,30813.48,30.8,62
APP007577,805,0,6,0,,15739.88,20.6,16
APP007578,676,0,1,0,,22573.16,49.5,72
APP007579,557,0,2,1,54.0,42032.34,64.7,84
APP007580,676,3,2,1,41.0,41892.66,81.6,175
APP007581,641,1,3,0,,22164.12,19.4,64
APP007582,833,4,2,0,,2216.89,17.6,90
APP007583,521,6,2,1,16.0,34659.38,70.0,156
APP007584,677,1,4,0,,15426.75,27.4,93
APP007585,735,0,2,0,,35938.97,32.0,169
APP007586,769,4,9,0,,6144.04,20.8,99
APP007587,808,0,7,0,,12707.62,49.2,111
APP007588,522,4,0,1,5.0,26239.53,67.3,142
APP007589,717,0,7,0,,4453.41,35.3,47
APP007590,736,3,2,0,,13098.51,53.4,115
APP007591,569,2,5,0,,17366.01,47.4,56
APP007592,838,2,3,0,,7278.69,34.7,147
APP007593,622,0,4,0,,13471.59,25.7,130
APP007594,662,3,2,1,30.0,24110.06,80.1,71
APP007595,664,3,2,0,,14931.03,29.7,136
APP007596,900,1,4,0,,0.0,21.3,209
APP007597,787,0,5,0,,30668.12,62.1,119
APP007598,728,1,3,0,,10215.11,34.5,88
APP007599,869,1,1,0,,15423.31,25.8,45
APP007600,605,5,4,1,2.0,24341.11,83.4,153
APP007601,613,4,3,0,,18668.05,39.5,23
APP007602,665,2,4,1,32.0,31048.13,71.3,72
APP007603,865,1,6,0,,0.0,10.2,7
APP007604,829,2,3,0,,21412.83,47.2,163
APP007605,733,4,3,0,,18489.2,37.1,4
APP007606,520,4,3,0,,33694.66,90.3,101
APP007607,715,2,2,0,,18022.76,45.2,73
APP007608,702,4,0,0,,21779.8,50.4,97
APP007609,583,3,1,0,,25675.08,87.7,138
APP007610,662,3,3,2,9.0,29209.98,71.2,156
APP007611,676,3,3,0,,33086.48,56.2,68
APP007612,618,2,1,0,,31235.73,79.6,179
APP007613,832,1,7,0,,8575.28,18.8,50
APP007614,588,4,3,0,,28614.39,48.2,154
APP007615,670,2,3,0,,0.0,49.0,94
APP007616,475,8,3,1,1.0,32822.68,86.3,155
APP007617,524,4,4,0,,21735.19,74.2,105
APP007618,728,3,6,0,,12201.0,74.2,99
APP007619,838,4,6,0,,6466.0,17.0,54
APP007620,651,1,1,0,,18777.74,67.3,119
APP007621,678,1,5,0,,16068.81,55.3,157
APP007622,758,1,4,0,,2758.13,13.0,75
APP007623,783,2,5,0,,14533.82,20.5,56
APP007624,787,0,5,0,,0.0,18.1,129
APP007625,622,2,3,0,,15242.29,39.1,151
APP007626,616,4,3,0,,19855.47,89.6,71
APP007627,779,2,3,0,,7810.06,0.0,48
APP007628,549,4,3,1,54.0,16683.89,81.0,92
APP007629,727,2,3,0,,8452.44,27.6,122
APP007630,711,2,3,0,,6153.28,0.0,137
APP007631,818,1,4,0,,17064.81,28.8,54
APP007632,607,2,0,0,,16983.72,39.2,139
APP007633,807,1,2,0,,17473.74,46.9,139
APP007634,581,4,1,1,31.0,11317.54,61.9,106
APP007635,725,0,2,0,,16936.14,43.3,133
APP007636,714,2,6,0,,12021.6,49.3,34
APP007637,711,0,4,0,,12862.51,61.1,86
APP007638,710,1,1,0,,0.0,54.1,156
APP007639,829,1,4,0,,23279.79,12.7,132
APP007640,518,2,4,3,7.0,39210.16,68.9,56
APP007641,592,2,1,0,,13603.08,70.1,106
APP007642,728,1,1,0,,24648.35,43.0,182
APP007643,656,6,3,1,16.0,28420.25,46.9,130
APP007644,756,2,5,0,,0.0,53.7,42
APP007645,873,4,5,0,,0.0,43.7,107
APP007646,518,6,2,0,,25778.76,77.1,137
APP007647,792,2,4,0,,10644.9,30.6,63
APP007648,724,3,3,0,,0.0,85.6,35
APP007649,580,6,2,0,,31315.92,65.3,82
APP007650,666,1,1,0,,21990.13,40.7,170
APP007651,636,3,2,2,5.0,36347.26,74.7,93
APP007652,759,1,2,0,,5472.57,56.4,188
APP007653,715,2,4,0,,12731.41,85.3,169
APP007654,712,3,6,0,,11090.7,91.1,110
APP007655,771,0,8,0,,7125.67,40.6,153
APP007656,709,2,5,0,,21155.23,17.0,193
APP007657,646,0,6,0,,7053.45,77.2,226
APP007658,650,4,3,0,,19433.82,41.8,54
APP007659,730,0,4,0,,26201.77,53.1,149
APP007660,806,0,2,0,,11686.08,19.6,46
APP007661,807,2,1,0,,2732.25,38.3,52
APP007662,773,2,3,0,,5937.31,40.8,59
APP007663,610,3,2,0,,29373.45,46.7,106
APP007664,737,0,5,0,,1324.43,50.3,189
APP007665,716,0,2,0,,3314.68,23.8,60
APP007666,581,4,4,1,1.0,42624.2,53.9,195
APP007667,602,6,4,0,,24584.36,90.2,143
APP007668,790,4,1,0,,15131.75,60.0,112
APP007669,700,2,2,0,,14240.74,41.7,137
APP007670,640,2,5,0,,27835.64,40.9,112
APP007671,604,2,3,1,54.0,23033.08,44.4,129
APP007672,720,2,4,0,,24049.0,0.0,72
APP007673,661,0,3,0,,2305.54,29.9,119
APP007674,774,1,3,0,,908.13,13.2,83
APP007675,858,2,4,0,,0.0,24.8,136
APP007676,791,0,4,0,,9099.55,0.0,81
APP007677,651,6,1,0,,31577.36,47.7,178
APP007678,537,3,5,2,35.0,29030.41,81.6,109
APP007679,487,1,2,3,29.0,25738.49,92.4,22
APP007680,746,2,2,0,,5807.73,18.2,98
APP007681,728,3,4,0,,20879.77,57.5,19
APP007682,753,2,5,0,,0.0,11.8,123
APP007683,748,3,2,0,,0.0,1.7,83
APP007684,592,2,4,2,17.0,22158.94,76.4,68
APP007685,767,2,5,0,,21294.17,32.5,149
APP007686,645,5,5,2,5.0,29240.72,41.1,199
APP007687,657,1,3,0,,22294.84,88.6,64
APP007688,700,2,3,0,,8627.59,35.5,159
APP007689,541,1,5,2,26.0,25357.67,75.0,184
APP007690,625,4,2,0,,19695.94,18.6,128
APP007691,682,0,3,0,,21473.26,31.2,49
APP007692,655,0,3,0,,13609.28,41.6,86
APP007693,628,3,4,0,,19176.66,22.4,101
APP007694,899,1,5,0,,0.0,7.9,125
APP007695,764,4,4,0,,13014.65,50.6,91
APP007696,736,0,4,0,,0.0,54.5,49
APP007697,707,2,5,0,,15927.18,28.4,124
APP007698,711,1,3,0,,31221.41,49.9,18
APP007699,900,1,4,0,,0.0,13.5,92
APP007700,735,1,0,0,,15283.42,38.5,107
APP007701,752,0,1,0,,1687.83,34.2,146
APP007702,712,3,2,0,,22835.54,24.8,76
APP007703,729,1,4,0,,3028.24,48.3,16
APP007704,723,3,1,0,,4284.64,40.4,54
APP007705,791,1,3,0,,19089.85,35.8,49
APP007706,594,3,2,0,,15567.07,73.7,144
APP007707,589,5,2,2,1.0,34222.88,91.8,128
APP007708,547,3,4,0,,18901.99,53.7,52
APP007709,806,1,3,0,,8294.58,8.2,118
APP007710,603,2,2,0,,32256.63,63.1,109
APP007711,813,2,1,0,,9525.35,30.6,123
APP007712,711,1,7,0,,0.0,18.1,66
APP007713,777,0,0,0,,544.31,52.4,179
APP007714,675,3,3,0,,22789.47,56.2,111
APP007715,616,2,7,0,,24535.91,75.0,103
APP007716,621,4,5,0,,18834.62,31.1,129
APP007717,869,3,7,0,,234.18,4.2,140
APP007718,826,2,6,0,,2646.1,43.7,161
APP007719,698,1,2,0,,6772.77,46.5,56
APP007720,627,0,2,0,,6041.36,37.8,74
APP007721,660,0,3,0,,5001.09,46.9,99
APP007722,685,1,4,0,,39105.17,60.2,85
APP007723,768,3,1,0,,9424.01,31.6,126
APP007724,800,0,3,0,,0.0,29.4,59
APP007725,780,1,8,0,,0.0,31.3,96
APP007726,625,8,3,0,,27983.75,48.2,123
APP007727,614,3,2,0,,27972.47,25.9,91
APP007728,800,2,3,0,,3577.73,56.5,19
APP007729,759,2,5,0,,18019.38,0.0,78
APP007730,657,1,10,0,,3201.16,46.0,123
APP007731,797,2,4,0,,0.0,52.7,44
APP007732,712,1,7,0,,21037.1,27.7,143
APP007733,585,3,6,0,,28230.89,37.5,49
APP007734,776,2,4,0,,3671.57,48.4,160
APP007735,726,7,4,0,,27223.2,58.5,115
APP007736,767,0,3,0,,0.0,35.2,136
APP007737,708,0,4,0,,8760.39,33.1,57
APP007738,803,0,3,0,,20222.93,48.5,138
APP007739,731,2,1,0,,11495.04,28.5,102
APP007740,815,0,2,0,,7599.51,56.4,52
APP007741,581,1,3,0,,15647.62,57.3,58
APP007742,599,2,3,0,,18678.16,33.1,160
APP007743,541,4,5,1,15.0,29204.95,86.3,51
APP007744,827,1,2,0,,8362.02,0.0,54
APP007745,519,7,1,0,,46465.45,100.0,114
APP007746,589,3,1,0,,32002.77,66.2,180
APP007747,677,2,5,0,,17813.11,10.0,119
APP007748,674,3,2,0,,7379.89,36.1,76
APP007749,616,4,4,0,,17061.27,39.9,68
APP007750,749,3,3,0,,3096.44,90.3,86
APP007751,732,0,1,0,,5331.22,26.2,128
APP007752,626,1,5,0,,2721.13,47.5,103
APP007753,658,1,3,0,,28133.08,49.7,42
APP007754,627,1,1,0,,3276.55,66.0,106
APP007755,677,2,2,0,,31917.65,60.6,109
APP007756,735,2,4,0,,11591.58,29.7,137
APP007757,757,2,2,0,,23386.27,41.6,35
APP007758,524,7,2,2,52.0,30535.19,70.3,3
APP007759,708,2,3,0,,25434.42,5.3,9
APP007760,646,5,4,0,,17469.94,61.9,127
APP007761,725,3,4,0,,16901.44,45.8,81
APP007762,697,1,4,0,,0.0,59.1,123
APP007763,618,1,0,0,,15905.26,69.3,53
APP007764,756,1,3,0,,26841.02,45.0,100
APP007765,677,1,4,0,,6784.5,65.6,32
APP007766,811,3,4,0,,1717.28,27.1,133
APP007767,846,0,4,0,,0.0,3.8,116
APP007768,725,0,2,0,,7359.75,69.9,132
APP007769,519,2,2,0,,7921.29,57.3,97
APP007770,710,2,0,0,,15939.13,53.7,227
APP007771,698,1,4,0,,12637.58,42.5,26
APP007772,718,1,5,0,,33501.9,39.2,73
APP007773,584,2,7,0,,4214.11,41.6,172
APP007774,755,0,3,1,4.0,18415.44,78.5,107
APP007775,734,2,5,0,,19437.49,38.9,90
APP007776,473,4,4,1,27.0,47813.17,69.0,27
APP007777,550,4,2,4,9.0,31117.53,76.9,30
APP007778,771,2,5,0,,12093.27,56.5,78
APP007779,793,3,3,0,,7359.95,58.6,164
APP007780,520,4,1,1,22.0,27619.99,67.6,162
APP007781,865,0,4,0,,8584.77,34.7,85
APP007782,716,1,4,0,,8481.82,75.6,153
APP007783,645,3,2,1,15.0,28403.08,89.9,34
APP007784,599,4,5,0,,23703.79,100.0,82
APP007785,675,1,4,0,,8726.33,49.8,84
APP007786,604,3,1,0,,11771.94,80.3,166
APP007787,898,3,5,0,,0.0,5.4,130
APP007788,611,1,5,0,,18162.33,52.2,90
APP007789,811,1,1,0,,11187.61,16.7,82
APP007790,646,2,3,0,,19139.37,100.0,122
APP007791,620,4,3,2,4.0,33310.04,42.5,104
APP007792,664,1,3,0,,13995.8,54.9,3
APP007793,609,4,3,0,,20889.02,76.7,131
APP007794,747,0,4,0,,0.0,24.0,78
APP007795,783,0,5,0,,16243.52,42.2,33
APP007796,783,2,4,0,,24593.99,25.7,14
APP007797,713,0,2,0,,22754.8,13.6,134
APP007798,741,3,5,0,,13255.25,41.4,88
APP007799,714,2,3,0,,9753.27,55.0,155
APP007800,666,0,6,0,,31755.71,61.2,65
APP007801,649,2,6,0,,11613.8,73.3,97
APP007802,866,0,6,0,,0.0,0.0,142
APP007803,755,2,1,0,,30207.64,38.1,40
APP007804,611,2,3,0,,29252.01,68.2,25
APP007805,594,0,2,0,,16108.36,79.4,3
APP007806,636,0,5,0,,5000.85,48.5,127
APP007807,748,0,4,0,,0.0,32.5,10
APP007808,796,2,4,0,,16430.67,28.0,79
APP007809,674,2,1,0,,23425.43,50.8,70
APP007810,622,3,4,0,,0.0,47.2,3
APP007811,757,2,5,0,,38351.66,35.9,81
APP007812,727,2,4,0,,5814.35,42.2,116
APP007813,803,2,6,0,,0.0,14.9,141
APP007814,530,6,0,3,36.0,41609.74,84.1,45
APP007815,817,0,8,0,,0.0,52.0,54
APP007816,612,4,5,1,9.0,27452.65,52.8,12
APP007817,717,1,3,0,,10438.95,42.5,117
APP007818,585,5,4,0,,32157.32,98.2,44
APP007819,672,2,2,0,,10543.76,43.4,163
APP007820,744,3,2,0,,17597.57,42.8,135
APP007821,654,4,4,0,,30431.41,50.6,133
APP007822,721,0,4,0,,9350.87,0.0,108
APP007823,675,2,3,0,,12975.51,56.1,123
APP007824,814,0,4,0,,10678.1,42.3,25
APP007825,624,3,1,0,,28101.01,30.9,132
APP007826,717,0,6,0,,17985.31,21.0,114
APP007827,730,1,3,0,,18158.99,42.9,96
APP007828,597,1,1,0,,5166.67,50.1,177
APP007829,725,3,4,0,,4514.84,38.4,96
APP007830,830,1,6,0,,0.0,43.5,110
APP007831,533,6,3,1,87.0,24493.13,82.6,143
APP007832,846,1,5,0,,8826.2,16.7,84
APP007833,553,5,3,0,,39168.27,72.6,63
APP007834,599,3,4,2,101.0,32566.36,71.6,112
APP007835,567,0,3,0,,4987.44,35.8,172
APP007836,803,4,3,0,,27091.47,19.0,73
APP007837,812,1,5,0,,0.0,32.9,55
APP007838,846,1,6,0,,5016.04,72.7,84
APP007839,702,0,7,0,,22245.6,47.6,122
APP007840,675,2,3,0,,23814.33,54.3,135
APP007841,764,2,4,0,,2063.35,84.3,76
APP007842,729,0,2,0,,2179.29,34.2,142
APP007843,662,2,1,0,,0.0,70.3,42
APP007844,566,4,3,1,23.0,28548.23,93.6,155
APP007845,678,2,3,0,,22002.77,57.4,45
APP007846,487,8,2,0,,47457.21,85.4,138
APP007847,792,0,3,0,,0.0,1.6,117
APP007848,634,3,2,0,,16885.07,51.4,138
APP007849,692,2,1,0,,20209.21,65.4,56
APP007850,844,0,5,0,,2025.19,40.5,47
APP007851,780,1,2,0,,4313.48,33.4,58
APP007852,794,1,4,0,,2371.09,6.6,71
APP007853,628,2,2,1,8.0,26727.73,71.0,151
APP007854,812,1,7,0,,0.0,0.0,87
APP007855,788,1,5,0,,25557.34,58.4,105
APP007856,622,1,3,0,,15204.23,72.5,127
APP007857,900,3,3,0,,11364.74,0.0,26
APP007858,767,2,3,0,,4381.41,65.7,64
APP007859,873,3,2,0,,0.0,31.7,145
APP007860,648,2,2,0,,18638.72,22.8,117
APP007861,651,6,2,0,,30877.61,84.6,99
APP007862,692,5,0,0,,37884.2,85.9,122
APP007863,674,1,3,0,,13825.92,31.5,126
APP007864,609,6,1,0,,34859.82,38.6,109
APP007865,755,1,2,0,,8445.6,28.7,98
APP007866,660,2,3,1,4.0,23018.95,53.9,82
APP007867,693,3,3,0,,16338.79,25.6,153
APP007868,696,3,3,1,43.0,29112.41,90.4,79
APP007869,638,0,4,0,,20042.45,39.8,229
APP007870,749,4,3,0,,2726.16,55.5,177
APP007871,672,3,1,2,23.0,9416.26,22.0,128
APP007872,729,0,6,0,,7227.16,66.3,133
APP007873,682,4,4,0,,13181.27,99.1,117
APP007874,709,2,1,0,,3092.6,50.4,98
APP007875,621,3,5,1,12.0,32710.24,94.3,55
APP007876,610,6,1,0,,28475.55,48.4,106
APP007877,454,5,3,2,2.0,37557.19,100.0,25
APP007878,770,0,4,0,,11731.77,46.2,111
APP007879,755,1,3,0,,0.0,0.0,106
APP007880,706,1,4,0,,2886.14,38.8,129
APP007881,618,3,5,0,,0.0,61.9,70
APP007882,712,4,2,0,,22441.59,38.9,111
APP007883,521,2,3,2,3.0,28833.82,31.0,84
APP007884,808,0,1,0,,5659.56,14.1,125
APP007885,691,1,5,0,,21007.62,82.4,118
APP007886,618,6,3,0,,41827.65,55.9,66
APP007887,582,4,3,0,,15063.76,29.9,148
APP007888,537,4,4,0,,10831.75,61.3,125
APP007889,572,4,3,0,,16033.7,59.3,121
APP007890,709,0,3,0,,13518.34,45.1,50
APP007891,674,6,2,0,,18128.61,57.9,95
APP007892,842,1,1,0,,0.0,25.3,181
APP007893,491,7,4,3,11.0,54027.93,100.0,60
APP007894,788,4,6,0,,16971.62,34.6,106
APP007895,681,1,0,0,,17868.87,89.3,66
APP007896,735,1,2,0,,17257.27,18.2,79
APP007897,610,4,3,0,,48196.91,92.4,32
APP007898,651,3,3,0,,7280.98,66.1,105
APP007899,611,2,4,0,,25049.02,47.9,127
APP007900,774,0,5,0,,5727.85,0.0,94
APP007901,693,1,5,0,,0.0,79.3,68
APP007902,736,2,4,0,,9231.17,24.1,56
APP007903,590,3,3,1,41.0,21199.73,54.1,45
APP007904,729,0,4,0,,3152.93,0.0,175
APP007905,752,1,1,0,,6669.91,22.2,97
APP007906,554,4,4,1,25.0,28780.7,45.6,12
APP007907,617,3,8,0,,15867.13,59.7,67
APP007908,625,1,4,0,,0.0,45.3,58
APP007909,696,2,3,0,,17434.03,34.4,116
APP007910,898,2,7,0,,0.0,0.0,66
APP007911,685,1,3,0,,19923.98,52.1,38
APP007912,805,3,7,0,,16875.31,51.5,15
APP007913,716,0,4,0,,17279.0,13.3,130
APP007914,702,2,1,1,7.0,36841.68,73.4,52
APP007915,815,2,5,0,,4806.77,32.4,110
APP007916,646,3,4,0,,12104.24,55.9,126
APP007917,743,0,6,0,,23285.77,9.3,80
APP007918,787,0,6,0,,0.0,0.0,69
APP007919,638,1,3,0,,30076.32,58.2,172
APP007920,552,3,5,0,,33468.29,72.8,42
APP007921,569,3,1,1,14.0,21763.79,39.5,94
APP007922,751,1,4,1,16.0,17371.49,50.2,94
APP007923,675,3,2,0,,18070.51,37.7,42
APP007924,642,3,3,2,4.0,29148.81,2.6,132
APP007925,680,1,2,0,,4769.95,0.0,118
APP007926,739,0,3,0,,9545.81,58.1,71
APP007927,757,1,3,0,,0.0,42.3,30
APP007928,768,2,2,0,,25963.66,48.1,242
APP007929,678,1,5,0,,9293.27,52.6,86
APP007930,630,4,5,0,,20139.87,38.8,59
APP007931,827,0,5,0,,0.0,46.5,73
APP007932,630,0,5,0,,17354.7,16.3,158
APP007933,795,1,4,0,,0.0,7.1,132
APP007934,635,3,3,3,62.0,30672.78,48.4,64
APP007935,626,0,2,0,,19768.26,59.6,81
APP007936,633,4,10,0,,0.0,61.6,123
APP007937,834,0,6,0,,0.0,45.2,107
APP007938,751,1,3,0,,0.0,17.6,23
APP007939,777,3,4,0,,0.0,0.0,73
APP007940,609,0,2,0,,6828.39,57.5,83
APP007941,900,4,6,0,,0.0,0.0,105
APP007942,878,1,5,0,,0.0,36.5,78
APP007943,769,2,1,0,,0.0,6.3,3
APP007944,561,4,4,0,,31750.69,93.1,3
APP007945,758,2,5,0,,0.0,25.6,55
APP007946,661,0,2,0,,19856.9,48.3,160
APP007947,770,3,4,0,,8687.22,14.4,68
APP007948,748,1,2,0,,23339.78,38.3,71
APP007949,668,1,6,0,,33313.36,33.9,57
APP007950,470,7,0,2,1.0,25473.6,86.6,49
APP007951,777,0,4,0,,7457.92,48.0,133
APP007952,764,0,2,0,,4590.23,50.2,201
APP007953,704,1,1,0,,31166.79,58.1,181
APP007954,502,1,4,0,,27903.7,43.0,14
APP007955,612,3,1,0,,26215.3,51.3,36
APP007956,688,0,3,0,,26711.43,86.2,117
APP007957,670,3,2,0,,16602.48,64.1,105
APP007958,775,3,4,0,,17714.92,76.9,57
APP007959,712,0,3,0,,8735.02,53.4,134
APP007960,629,1,9,1,21.0,30530.63,54.4,49
APP007961,720,1,5,0,,0.0,4.0,67
APP007962,638,0,5,0,,13098.44,22.0,15
APP007963,672,0,2,0,,0.0,76.7,77
APP007964,855,2,5,0,,7012.77,41.1,79
APP007965,686,7,0,0,,20078.41,78.9,59
APP007966,555,3,2,0,,20425.14,51.8,188
APP007967,652,5,4,1,26.0,37995.75,55.2,95
APP007968,638,1,2,0,,19478.21,57.9,153
APP007969,646,1,5,0,,15660.73,70.6,61
APP007970,663,4,6,0,,17026.51,49.5,130
APP007971,843,1,4,0,,0.0,10.0,39
APP007972,817,3,8,0,,8551.21,22.6,118
APP007973,658,0,1,0,,27718.95,37.9,91
APP007974,697,0,6,0,,0.0,21.3,87
APP007975,737,4,4,0,,4031.89,8.0,37
APP007976,658,2,1,0,,23710.65,50.9,127
APP007977,637,1,5,3,12.0,16406.19,78.7,131
APP007978,504,4,5,1,34.0,44433.49,70.3,96
APP007979,688,2,4,0,,28851.01,37.6,18
APP007980,790,0,4,0,,0.0,0.0,126
APP007981,664,1,2,0,,25896.8,48.6,58
APP007982,657,5,1,1,47.0,34190.23,68.4,95
APP007983,636,6,1,0,,11514.32,70.1,168
APP007984,582,0,1,0,,30246.1,75.9,96
APP007985,727,0,4,0,,18796.79,77.3,42
APP007986,518,1,2,0,,13730.57,36.0,205
APP007987,727,1,3,0,,14793.93,53.9,151
APP007988,583,3,4,0,,18423.48,57.6,91
APP007989,700,2,3,0,,36425.93,62.0,103
APP007990,724,2,2,0,,4813.49,38.3,51
APP007991,634,2,0,0,,13512.84,38.8,116
APP007992,720,1,1,0,,0.0,56.0,81
APP007993,716,0,4,0,,23981.73,72.8,202
APP007994,694,1,2,0,,4205.41,78.5,117
APP007995,681,5,1,0,,3497.95,37.7,164
APP007996,668,0,8,0,,29903.95,30.9,69
APP007997,779,2,2,0,,18718.68,31.6,86
APP007998,676,4,2,0,,17299.77,69.9,117
APP007999,822,5,3,0,,9165.52,32.0,167
APP008000,676,3,3,0,,31500.08,67.6,119
APP008001,734,1,3,0,,12532.77,28.1,67
APP008002,647,7,1,0,,28369.66,74.9,161
APP008003,621,1,3,0,,24154.7,84.2,55
APP008004,619,4,3,0,,7038.04,52.0,92
APP008005,604,1,0,0,,27636.56,45.9,85
APP008006,534,4,1,0,,29822.74,60.9,124
APP008007,609,0,2,0,,26116.95,35.9,42
APP008008,768,3,4,0,,6816.4,32.4,101
APP008009,729,2,4,0,,8990.96,14.1,79
APP008010,723,5,3,0,,9457.51,34.2,72
APP008011,866,2,11,0,,60.32,0.0,127
APP008012,731,1,2,0,,5400.21,46.2,154
APP008013,654,2,3,0,,14283.45,80.9,136
APP008014,647,3,5,0,,19429.31,62.0,65
APP008015,784,1,7,0,,0.0,12.5,134
APP008016,666,3,1,0,,17036.49,91.0,108
APP008017,569,2,5,0,,32604.02,63.1,139
APP008018,782,2,1,0,,19305.08,61.9,129
APP008019,747,1,6,0,,2999.0,39.7,99
APP008020,425,2,0,3,25.0,45623.9,90.2,94
APP008021,809,1,7,0,,14016.37,0.0,137
APP008022,771,1,4,0,,18129.02,20.8,119
APP008023,650,4,6,1,1.0,30222.32,84.7,99
APP008024,784,1,5,0,,18340.95,62.4,55
APP008025,818,1,1,0,,14437.68,51.1,13
APP008026,546,8,2,1,2.0,20542.74,100.0,103
APP008027,495,5,3,3,40.0,46071.96,92.7,38
APP008028,669,1,2,0,,20850.24,58.2,95
APP008029,584,5,3,0,,6967.73,43.2,154
APP008030,488,3,5,0,,39402.34,100.0,96
APP008031,578,1,4,0,,8150.14,65.0,122
APP008032,715,0,1,0,,26309.59,22.3,140
APP008033,715,1,1,0,,5445.87,14.7,100
APP008034,645,0,3,0,,29267.77,65.1,72
APP008035,705,3,1,0,,27639.3,68.9,76
APP008036,745,3,4,0,,27526.11,39.2,27
APP008037,685,3,4,0,,13065.28,12.7,122
APP008038,871,3,5,0,,0.0,28.4,162
APP008039,556,2,6,0,,21173.22,40.1,112
APP008040,656,3,3,1,45.0,30273.45,57.1,94
APP008041,694,1,4,0,,18446.95,66.3,81
APP008042,712,3,3,0,,18820.12,58.9,79
APP008043,788,1,9,0,,0.0,20.9,152
APP008044,781,1,6,0,,0.0,1.4,39
APP008045,556,0,6,1,4.0,22825.63,57.3,100
APP008046,470,7,3,6,29.0,27443.1,89.1,54
APP008047,603,0,2,3,52.0,19767.99,89.5,73
APP008048,722,0,4,0,,13874.54,44.9,150
APP008049,548,3,4,3,31.0,21062.67,84.3,141
APP008050,685,4,1,0,,25162.34,95.4,93
APP008051,769,0,3,0,,4321.72,10.8,111
APP008052,600,0,2,2,13.0,37458.1,25.4,78
APP008053,627,3,4,0,,12573.13,59.4,170
APP008054,725,1,4,0,,11513.9,0.0,59
APP008055,631,0,1,0,,22973.47,56.8,102
APP008056,726,2,4,0,,6803.11,67.6,107
APP008057,842,0,2,0,,5149.54,3.4,105
APP008058,571,5,4,0,,42061.72,48.8,75
APP008059,765,2,3,0,,6816.39,43.9,132
APP008060,608,1,1,0,,13391.2,55.8,65
APP008061,826,0,4,0,,9458.71,19.0,88
APP008062,564,4,3,2,10.0,42898.27,40.3,89
APP008063,516,5,4,0,,25080.1,67.8,124
APP008064,515,3,2,2,31.0,27044.54,100.0,121
APP008065,719,0,2,0,,11117.56,73.1,94
APP008066,725,0,2,0,,0.0,40.1,42
APP008067,636,2,2,0,,42654.24,40.2,35
APP008068,806,1,3,0,,215.33,34.5,43
APP008069,830,1,7,0,,0.0,5.7,64
APP008070,557,8,3,1,7.0,37404.1,77.5,142
APP008071,688,1,2,0,,19202.09,37.6,119
APP008072,600,6,2,1,37.0,26975.08,65.6,145
APP008073,781,2,4,0,,0.0,40.2,110
APP008074,719,3,5,0,,34611.25,55.7,49
APP008075,583,4,1,0,,36144.52,62.1,85
APP008076,721,1,6,0,,5570.16,36.8,115
APP008077,761,0,4,0,,11067.84,40.0,40
APP008078,520,1,1,4,29.0,31654.59,15.0,135
APP008079,698,1,1,0,,19859.31,40.5,71
APP008080,671,1,0,0,,25083.74,7.7,106
APP008081,779,2,4,0,,0.0,39.1,84
APP008082,683,3,1,0,,41439.28,66.3,111
APP008083,695,0,4,0,,21618.94,42.2,10
APP008084,683,0,1,0,,6480.39,9.8,64
APP008085,632,5,3,0,,20553.0,72.0,66
APP008086,704,1,3,0,,13030.15,33.8,86
APP008087,624,3,4,0,,34472.09,74.1,52
APP008088,771,1,5,0,,0.0,27.1,59
APP008089,578,2,3,0,,31505.79,8.8,113
APP008090,508,2,3,1,47.0,12230.58,76.6,114
APP008091,673,2,2,0,,4285.06,41.3,71
APP008092,603,3,4,0,,26237.42,60.1,95
APP008093,820,1,7,0,,31878.38,56.8,105
APP008094,808,0,6,0,,4802.53,46.5,141
APP008095,778,0,4,0,,9089.25,48.5,108
APP008096,708,1,3,0,,6669.98,34.3,46
APP008097,709,2,4,0,,14355.03,40.5,119
APP008098,723,0,4,0,,0.0,0.2,124
APP008099,772,1,1,0,,10337.49,71.6,127
APP008100,754,0,1,0,,15429.47,36.2,28
APP008101,824,1,2,0,,22064.82,22.8,135
APP008102,805,1,4,0,,12299.91,46.0,141
APP008103,791,0,1,0,,22091.09,35.3,149
APP008104,716,1,3,0,,11113.06,38.1,55
APP008105,821,2,2,0,,5602.71,0.0,3
APP008106,747,4,3,0,,19249.63,44.4,243
APP008107,754,3,2,0,,18630.38,92.7,193
APP008108,599,2,4,0,,9183.86,64.2,65
APP008109,661,3,3,0,,17829.65,52.9,95
APP008110,725,0,3,0,,11206.95,0.0,146
APP008111,770,0,6,0,,0.0,0.7,98
APP008112,696,1,8,0,,12363.95,38.2,155
APP008113,786,2,3,0,,7653.81,32.9,104
APP008114,438,2,4,2,5.0,52294.56,63.3,105
APP008115,622,4,4,0,,35016.73,31.2,106
APP008116,815,0,3,0,,6178.24,0.0,30
APP008117,755,1,6,0,,27857.65,40.4,80
APP008118,646,0,5,0,,18939.85,40.2,178
APP008119,815,3,3,0,,535.41,49.2,49
APP008120,663,0,2,0,,3870.52,46.4,121
APP008121,584,10,1,2,1.0,25796.59,80.4,104
APP008122,677,1,1,0,,3339.57,53.5,104
APP008123,677,2,3,0,,29838.08,64.3,40
APP008124,679,1,6,0,,31116.29,50.7,126
APP008125,596,4,3,0,,6149.2,82.2,60
APP008126,691,1,5,0,,11631.41,42.2,46
APP008127,670,2,2,0,,14131.16,51.7,110
APP008128,613,2,1,0,,32681.3,34.6,35
APP008129,741,1,8,0,,13014.67,61.7,118
APP008130,843,1,4,0,,0.0,5.9,87
APP008131,820,1,7,0,,0.0,14.5,73
APP008132,823,1,5,0,,0.0,4.8,175
APP008133,694,2,6,0,,12319.1,43.3,165
APP008134,670,0,2,0,,14973.5,57.9,114
APP008135,758,3,6,0,,0.0,9.6,92
APP008136,684,3,0,0,,9132.91,25.9,131
APP008137,820,1,6,0,,1768.93,48.4,202
APP008138,581,1,3,0,,15871.74,36.1,19
APP008139,791,0,3,0,,17417.93,25.9,127
APP008140,688,0,3,0,,2669.88,36.3,113
APP008141,750,0,4,0,,6990.19,56.6,155
APP008142,816,1,4,0,,7099.05,43.4,60
APP008143,822,1,12,0,,5040.58,61.9,165
APP008144,669,1,3,0,,11469.57,85.6,73
APP008145,884,5,4,0,,8.62,10.1,141
APP008146,770,3,3,0,,10402.08,50.8,113
APP008147,717,0,2,0,,0.0,94.2,152
APP008148,654,1,5,0,,2668.74,34.7,62
APP008149,588,4,2,1,7.0,31565.94,56.6,111
APP008150,578,3,1,0,,35226.59,42.5,58
APP008151,658,3,6,0,,5143.67,58.6,170
APP008152,717,1,3,1,7.0,10599.07,47.5,129
APP008153,657,0,3,0,,22764.47,30.9,3
APP008154,757,2,1,0,,25348.86,50.0,9
APP008155,714,3,4,0,,26142.82,36.5,88
APP008156,773,1,6,0,,15212.04,47.4,47
APP008157,693,2,4,1,12.0,15720.77,74.0,180
APP008158,755,2,3,0,,25446.64,54.0,90
APP008159,730,5,4,0,,28413.64,47.0,73
APP008160,668,0,3,0,,29116.66,27.9,56
APP008161,865,0,4,0,,0.0,17.9,60
APP008162,621,2,2,1,5.0,20902.21,35.9,95
APP008163,611,0,6,3,29.0,19448.95,98.7,78
APP008164,700,2,4,0,,14341.33,51.3,83
APP008165,575,1,4,1,30.0,28820.48,96.0,97
APP008166,654,5,8,0,,9283.02,53.4,179
APP008167,549,6,0,0,,43027.25,92.7,121
APP008168,642,0,3,0,,35886.18,32.7,75
APP008169,900,3,4,0,,912.74,0.0,76
APP008170,672,1,1,0,,17714.76,59.4,107
APP008171,647,0,3,0,,20416.86,27.0,25
APP008172,659,3,3,0,,11384.64,80.3,129
APP008173,810,1,9,0,,26340.27,1.8,90
APP008174,873,2,1,0,,4341.9,31.4,128
APP008175,782,1,6,0,,0.0,14.4,106
APP008176,664,3,5,0,,31885.22,75.5,104
APP008177,826,1,4,0,,0.0,0.0,44
APP008178,734,1,1,0,,8855.55,47.3,53
APP008179,815,3,4,0,,0.0,49.3,181
APP008180,649,0,3,0,,6098.73,23.2,168
APP008181,760,0,2,0,,8090.87,35.5,131
APP008182,668,3,2,0,,28308.97,54.4,93
APP008183,630,2,4,0,,9961.69,100.0,116
APP008184,637,5,2,1,27.0,27702.53,50.6,143
APP008185,638,3,2,0,,19045.06,44.9,145
APP008186,601,7,0,1,1.0,18113.19,73.8,113
APP008187,717,0,6,0,,706.63,21.8,46
APP008188,642,1,6,0,,23376.53,46.9,117
APP008189,841,0,11,0,,0.0,10.1,101
APP008190,567,5,7,1,3.0,19408.32,73.8,60
APP008191,685,2,3,0,,30505.66,61.4,203
APP008192,615,0,1,0,,17512.44,42.8,135
APP008193,733,0,3,0,,8273.49,10.1,143
APP008194,626,0,4,0,,14848.72,29.7,22
APP008195,641,0,2,0,,29219.02,86.4,53
APP008196,769,4,1,0,,0.0,56.4,105
APP008197,731,2,5,0,,18823.25,51.1,103
APP008198,813,0,10,0,,8103.98,7.0,99
APP008199,840,1,5,0,,11138.61,19.4,41
APP008200,769,1,3,0,,14948.47,69.6,153
APP008201,764,1,5,0,,19520.63,12.3,182
APP008202,688,1,5,0,,18283.98,52.1,96
APP008203,755,1,5,0,,13018.33,25.2,118
APP008204,687,1,3,0,,15312.31,61.6,130
APP008205,717,1,5,0,,3840.17,36.6,114
APP008206,679,2,2,0,,22770.32,66.6,174
APP008207,765,2,2,0,,10579.19,0.0,124
APP008208,539,3,5,4,1.0,37153.84,84.9,79
APP008209,695,3,1,0,,20069.57,87.3,153
APP008210,605,2,2,1,30.0,5888.34,47.9,108
APP008211,877,0,6,0,,0.0,0.0,29
APP008212,727,0,3,0,,25233.28,46.3,114
APP008213,795,0,3,0,,18139.63,27.2,63
APP008214,606,2,4,0,,27589.47,97.4,108
APP008215,722,1,1,0,,3773.82,53.5,74
APP008216,665,1,1,1,4.0,20833.3,64.9,62
APP008217,702,0,5,0,,21211.36,67.1,108
APP008218,803,4,3,0,,7229.21,53.7,84
APP008219,861,3,4,0,,7228.39,13.9,58
APP008220,783,4,6,0,,0.0,0.0,65
APP008221,738,3,5,0,,3034.87,42.5,122
APP008222,844,0,4,0,,0.0,33.3,43
APP008223,795,1,5,0,,10270.29,36.4,89
APP008224,711,1,4,0,,19945.44,22.9,85
APP008225,603,0,3,0,,10673.8,48.3,59
APP008226,659,2,1,0,,0.0,46.5,90
APP008227,613,3,5,0,,13340.85,78.0,135
APP008228,657,1,2,0,,27519.83,21.7,90
APP008229,704,0,6,0,,13557.44,40.9,50
APP008230,554,6,2,1,10.0,27968.63,56.1,91
APP008231,764,0,3,0,,1403.12,0.0,101
APP008232,710,1,2,0,,20784.47,30.4,121
APP008233,695,0,6,0,,0.0,27.5,58
APP008234,756,1,3,0,,20624.19,41.4,174
APP008235,638,2,4,1,14.0,18170.55,61.4,140
APP008236,811,1,4,0,,17758.34,52.8,110
APP008237,743,2,5,0,,29466.45,25.2,109
APP008238,677,4,2,2,35.0,23572.03,80.0,89
APP008239,758,2,8,0,,16655.34,0.0,54
APP008240,780,1,4,0,,22667.99,13.3,151
APP008241,712,1,4,0,,0.0,73.5,55
APP008242,756,2,3,0,,4028.23,33.2,116
APP008243,636,3,3,0,,25178.87,54.6,96
APP008244,857,2,4,0,,0.0,11.2,169
APP008245,571,8,4,1,14.0,9308.26,45.9,57
APP008246,713,1,1,0,,22194.94,19.6,103
APP008247,746,2,4,0,,6877.68,45.8,93
APP008248,813,2,7,0,,5825.06,27.5,64
APP008249,744,0,1,0,,6795.42,25.7,112
APP008250,690,3,3,0,,27002.13,41.6,120
APP008251,564,4,3,0,,2564.11,72.8,125
APP008252,605,5,4,0,,11602.54,23.9,172
APP008253,729,3,3,0,,16349.01,69.2,92
APP008254,900,2,9,0,,0.0,0.0,98
APP008255,527,3,5,1,27.0,22401.05,83.7,117
APP008256,798,3,4,0,,8749.25,38.8,3
APP008257,712,1,1,0,,18792.84,0.0,140
APP008258,660,1,4,0,,9490.48,69.6,29
APP008259,647,2,5,0,,28130.7,55.1,40
APP008260,701,4,4,0,,13462.41,17.5,92
APP008261,639,2,2,0,,31425.1,76.4,69
APP008262,706,2,4,0,,9133.93,56.7,150
APP008263,704,4,4,0,,23197.14,39.0,53
APP008264,678,2,5,0,,16945.83,96.8,58
APP008265,769,0,7,0,,5872.76,0.0,208
APP008266,623,0,6,0,,0.0,12.4,75
APP008267,596,3,4,0,,34134.94,76.5,73
APP008268,815,1,5,0,,12030.83,78.2,166
APP008269,813,2,7,0,,5293.44,22.4,172
APP008270,825,0,1,0,,7771.24,26.5,153
APP008271,881,1,4,0,,0.0,19.3,108
APP008272,615,2,5,0,,26020.38,71.6,46
APP008273,603,1,3,0,,19865.76,48.8,71
APP008274,753,0,2,0,,7590.17,83.7,113
APP008275,537,2,3,0,,17922.83,100.0,102
APP008276,701,2,0,0,,22821.69,41.0,57
APP008277,642,5,1,0,,16710.81,72.8,136
APP008278,835,1,9,0,,13567.29,13.8,117
APP008279,749,4,2,0,,655.87,17.6,155
APP008280,626,2,3,0,,18554.99,37.8,102
APP008281,712,1,7,0,,9181.9,1.2,121
APP008282,639,2,3,0,,17717.53,88.5,90
APP008283,610,1,5,0,,30810.77,53.4,166
APP008284,814,0,7,0,,4554.96,0.0,87
APP008285,568,3,1,0,,23073.82,58.4,154
APP008286,703,3,2,0,,21726.52,56.4,155
APP008287,711,0,7,0,,18403.63,0.0,125
APP008288,631,1,3,1,17.0,27629.37,47.5,93
APP008289,665,1,4,0,,6424.87,79.9,3
APP008290,692,4,3,0,,22499.46,28.8,108
APP008291,681,2,4,0,,22090.73,5.2,140
APP008292,654,1,1,0,,29362.86,39.3,125
APP008293,821,3,1,0,,4430.2,48.4,35
APP008294,611,5,3,0,,21301.84,90.0,61
APP008295,726,1,3,2,86.0,12483.67,22.9,85
APP008296,690,0,3,0,,16681.77,51.5,142
APP008297,681,2,1,0,,22681.43,10.8,52
APP008298,633,7,3,0,,25880.08,75.8,17
APP008299,729,4,4,0,,15675.35,38.4,171
APP008300,679,2,1,0,,0.0,0.0,151
APP008301,796,0,0,0,,0.0,58.0,127
APP008302,634,2,6,0,,4488.08,38.5,85
APP008303,789,1,4,0,,25296.03,27.1,117
APP008304,692,1,2,0,,27601.32,46.0,117
APP008305,717,3,3,0,,36010.21,72.3,87
APP008306,792,0,3,0,,4457.09,34.4,9
APP008307,595,4,6,0,,28362.47,68.9,110
APP008308,695,2,2,0,,19187.99,65.1,98
APP008309,613,2,4,0,,17553.48,71.5,83
APP008310,726,0,0,0,,12697.54,21.6,7
APP008311,658,4,6,0,,15102.15,69.1,17
APP008312,681,5,2,0,,34187.92,64.2,111
APP008313,756,1,5,0,,2735.74,2.8,63
APP008314,612,1,3,0,,0.0,25.0,36
APP008315,789,2,4,0,,22406.61,33.6,8
APP008316,641,0,0,0,,18712.98,57.5,73
APP008317,653,0,1,3,2.0,25987.27,57.4,32
APP008318,735,1,2,0,,0.0,71.8,200
APP008319,823,1,7,0,,15183.62,3.3,98
APP008320,898,0,4,0,,8680.52,26.5,44
APP008321,761,2,5,0,,852.44,49.9,159
APP008322,708,2,6,0,,8660.4,1.3,139
APP008323,687,1,4,0,,31867.62,57.5,207
APP008324,694,2,2,0,,33670.64,61.5,37
APP008325,791,2,7,0,,0.0,0.0,122
APP008326,656,3,2,0,,14444.08,49.7,59
APP008327,798,1,3,0,,0.0,63.5,123
APP008328,528,2,1,0,,16379.06,83.9,33
APP008329,784,0,6,0,,3066.76,27.3,132
APP008330,693,3,5,0,,0.0,54.3,78
APP008331,758,1,6,0,,8667.31,36.0,113
APP008332,768,0,1,0,,0.0,40.4,84
APP008333,542,5,4,0,,37049.6,91.8,126
APP008334,618,5,1,1,8.0,31061.28,43.1,45
APP008335,610,1,3,1,1.0,28861.26,49.4,96
APP008336,638,2,4,0,,6649.15,70.4,95
APP008337,744,3,1,0,,2960.77,62.5,58
APP008338,757,0,5,0,,14225.79,10.7,138
APP008339,725,0,4,0,,10448.7,68.9,91
APP008340,740,2,2,0,,28924.41,42.4,61
APP008341,684,6,4,1,7.0,36317.84,35.2,164
APP008342,787,2,7,0,,10118.08,11.7,46
APP008343,761,1,4,0,,0.0,0.0,117
APP008344,721,1,2,0,,881.87,40.8,130
APP008345,640,1,2,0,,19805.56,61.8,169
APP008346,668,2,4,0,,25247.4,71.7,140
APP008347,900,1,5,0,,750.88,0.0,42
APP008348,627,2,2,0,,21014.57,53.9,30
APP008349,889,2,4,0,,15880.05,81.8,3
APP008350,685,1,3,0,,13319.62,41.6,121
APP008351,733,1,3,0,,0.0,29.7,183
APP008352,657,5,3,0,,19307.51,71.5,89
APP008353,653,0,7,0,,14810.79,86.2,59
APP008354,900,1,7,0,,0.0,25.7,136
APP008355,669,7,2,0,,9545.74,35.3,150
APP008356,823,3,4,0,,0.0,0.0,148
APP008357,657,2,3,0,,26532.62,63.0,81
APP008358,695,2,3,1,72.0,20338.4,28.6,175
APP008359,900,3,10,0,,8889.45,14.0,52
APP008360,697,1,4,0,,12164.95,35.8,156
APP008361,570,4,4,1,8.0,24988.91,54.9,90
APP008362,711,2,3,0,,16605.71,19.9,4
APP008363,832,0,2,0,,24553.04,61.0,24
APP008364,719,1,4,0,,26648.64,47.0,41
APP008365,629,5,2,0,,26661.12,61.7,3
APP008366,618,2,4,0,,30868.12,82.1,93
APP008367,752,4,4,0,,2674.31,43.8,127
APP008368,747,2,3,0,,5089.96,63.9,150
APP008369,816,1,3,0,,0.0,14.6,77
APP008370,648,3,6,0,,13703.94,60.9,247
APP008371,769,1,4,0,,158.84,42.7,50
APP008372,799,0,3,0,,109.67,38.3,30
APP008373,505,3,2,2,47.0,32593.14,92.3,98
APP008374,728,2,4,0,,18575.51,100.0,69
APP008375,546,5,3,0,,33626.06,39.2,161
APP008376,740,0,6,0,,11563.62,47.8,166
APP008377,794,0,4,0,,0.0,38.3,117
APP008378,638,2,3,0,,10872.6,47.8,176
APP008379,708,1,7,0,,0.0,22.6,63
APP008380,682,2,3,0,,11768.23,62.4,128
APP008381,679,0,2,0,,5083.01,22.5,104
APP008382,688,2,5,0,,0.0,42.6,72
APP008383,649,2,1,0,,3434.37,67.8,123
APP008384,593,3,2,0,,17912.1,18.5,51
APP008385,875,1,5,0,,11851.44,27.7,41
APP008386,671,0,2,0,,26880.03,24.3,128
APP008387,807,2,3,0,,0.0,4.8,70
APP008388,722,0,4,0,,10965.06,42.3,93
APP008389,793,1,5,0,,12322.31,56.1,102
APP008390,599,2,2,0,,38755.84,97.0,81
APP008391,619,5,3,3,47.0,21816.94,71.8,114
APP008392,682,1,1,0,,17294.86,61.5,45
APP008393,603,2,3,0,,31706.66,54.6,44
APP008394,748,2,2,0,,4271.19,50.0,97
APP008395,781,1,2,0,,1212.19,26.8,146
APP008396,661,2,2,0,,8355.06,85.3,117
APP008397,812,0,6,0,,6816.15,55.3,56
APP008398,871,1,5,0,,0.0,50.4,56
APP008399,668,0,2,0,,15086.87,16.2,150
APP008400,658,2,7,0,,31993.03,77.9,86
APP008401,806,4,5,0,,0.0,27.1,61
APP008402,707,3,4,0,,7627.08,41.2,98
APP008403,703,0,2,0,,0.0,33.2,40
APP008404,504,5,1,2,28.0,31900.87,95.3,189
APP008405,753,1,2,0,,16995.85,14.7,128
APP008406,643,2,3,0,,16916.38,62.5,209
APP008407,719,1,4,0,,0.0,61.4,123
APP008408,679,2,4,0,,22275.22,63.1,137
APP008409,781,1,3,0,,16323.92,43.8,71
APP008410,664,2,3,0,,19259.45,100.0,221
APP008411,631,5,2,0,,21102.75,91.5,119
APP008412,719,0,5,0,,18078.82,78.0,79
APP008413,653,4,5,0,,15451.36,66.7,100
APP008414,750,1,4,0,,16684.7,32.7,127
APP008415,689,2,3,0,,10524.86,30.0,47
APP008416,731,2,4,0,,8965.13,26.8,51
APP008417,684,1,3,0,,14457.63,6.7,115
APP008418,725,3,4,0,,10282.21,20.2,73
APP008419,765,1,4,0,,7347.25,75.8,60
APP008420,561,1,1,0,,31940.0,7.5,101
APP008421,676,1,1,0,,24539.71,60.7,32
APP008422,900,4,7,0,,366.73,31.3,106
APP008423,617,3,1,1,12.0,24922.34,72.3,96
APP008424,827,0,1,0,,6395.47,11.5,3
APP008425,844,3,6,0,,19125.11,41.4,58
APP008426,610,1,3,0,,7942.8,28.7,3
APP008427,633,2,1,0,,29139.57,80.0,57
APP008428,650,2,3,0,,15499.98,62.2,125
APP008429,701,0,2,0,,17076.68,74.1,84
APP008430,611,5,0,1,11.0,21369.04,68.5,78
APP008431,645,2,0,0,,16254.36,46.8,109
APP008432,723,1,2,0,,34375.61,93.1,70
APP008433,595,6,1,1,80.0,24198.3,65.4,53
APP008434,616,1,1,0,,1607.04,35.5,127
APP008435,776,2,3,0,,3716.54,31.6,95
APP008436,598,6,4,2,14.0,9771.61,71.1,136
APP008437,647,5,5,0,,5767.69,13.8,151
APP008438,776,3,2,0,,17335.47,32.6,31
APP008439,749,0,2,0,,2190.19,55.8,76
APP008440,653,3,2,1,10.0,31584.02,83.0,65
APP008441,592,2,2,0,,30528.82,70.7,140
APP008442,586,2,2,0,,0.0,65.9,89
APP008443,726,2,4,0,,15622.53,70.6,3
APP008444,640,3,5,0,,23229.13,47.2,18
APP008445,722,2,0,0,,22777.99,70.4,111
APP008446,639,0,5,0,,22896.19,63.2,113
APP008447,768,1,2,0,,5553.63,27.8,111
APP008448,709,0,3,0,,5057.09,42.0,52
APP008449,617,4,0,1,4.0,19010.71,85.2,94
APP008450,744,4,2,0,,21517.84,81.3,33
APP008451,775,0,6,0,,10356.33,51.6,26
APP008452,615,2,1,0,,22078.0,82.3,108
APP008453,649,2,0,0,,16300.67,72.0,149
APP008454,686,1,5,0,,1359.1,39.0,26
APP008455,791,0,3,0,,6734.79,24.5,84
APP008456,643,3,3,0,,29728.32,67.2,7
APP008457,797,1,1,0,,10098.46,13.9,148
APP008458,694,1,8,0,,16134.07,40.1,110
APP008459,697,0,4,0,,21514.23,57.9,135
APP008460,796,3,2,0,,4567.11,68.3,86
APP008461,712,0,3,0,,19793.94,31.9,54
APP008462,672,2,2,0,,13636.64,56.6,29
APP008463,812,3,4,0,,0.0,0.0,92
APP008464,820,1,4,0,,0.0,4.8,129
APP008465,707,0,2,0,,20344.43,41.4,37
APP008466,709,0,1,0,,0.0,66.2,64
APP008467,660,2,2,0,,28543.25,75.8,108
APP008468,844,1,11,0,,0.0,0.0,90
APP008469,710,1,4,0,,0.0,15.2,136
APP008470,723,3,3,0,,16067.89,16.4,120
APP008471,900,1,3,0,,3085.57,1.1,89
APP008472,712,2,3,0,,16663.54,53.7,135
APP008473,702,4,1,0,,13426.32,48.5,107
APP008474,682,3,1,0,,15542.61,72.5,92
APP008475,671,3,1,0,,7085.71,100.0,63
APP008476,745,2,2,0,,7891.83,26.1,108
APP008477,657,2,4,0,,20180.17,43.7,39
APP008478,637,1,6,0,,2193.5,23.3,115
APP008479,793,2,6,0,,13940.41,14.8,27
APP008480,738,3,2,0,,10242.27,51.5,69
APP008481,646,4,1,1,38.0,33175.27,78.0,118
APP008482,561,0,0,0,,19651.73,41.6,79
APP008483,661,5,6,0,,22622.09,51.8,107
APP008484,593,4,2,1,47.0,23660.84,45.4,155
APP008485,695,0,5,0,,15461.27,3.7,56
APP008486,755,1,5,0,,22530.86,64.5,101
APP008487,802,3,5,0,,0.0,2.4,94
APP008488,730,1,2,0,,0.0,4.9,63
APP008489,584,5,0,3,75.0,31685.29,44.6,85
APP008490,895,2,6,0,,0.0,12.9,123
APP008491,774,2,1,0,,31971.87,52.3,75
APP008492,646,1,4,0,,26404.0,68.7,158
APP008493,714,0,8,0,,2783.67,17.6,76
APP008494,631,0,6,0,,4793.82,79.5,84
APP008495,673,1,3,0,,20659.12,40.2,65
APP008496,594,0,3,0,,18059.91,59.1,3
APP008497,779,2,5,0,,19883.15,30.9,54
APP008498,740,2,4,0,,22972.19,12.4,35
APP008499,612,4,3,0,,34663.3,68.9,109
APP008500,756,0,5,0,,0.0,51.8,32
APP008501,676,1,3,0,,30044.96,61.5,65
APP008502,768,0,4,0,,6691.66,19.7,126
APP008503,781,1,2,0,,12740.93,62.0,65
APP008504,882,1,4,0,,0.0,0.0,141
APP008505,815,0,2,0,,11919.46,52.6,132
APP008506,676,1,4,0,,14479.35,60.1,66
APP008507,741,1,7,0,,9512.32,44.7,170
APP008508,755,3,1,0,,17338.54,66.9,58
APP008509,630,1,1,0,,12168.97,23.0,3
APP008510,739,0,1,0,,11349.35,16.9,111
APP008511,602,5,4,1,12.0,36787.63,87.5,130
APP008512,713,2,3,0,,33704.37,21.4,117
APP008513,698,2,2,0,,29542.56,22.9,92
APP008514,748,1,1,0,,13464.85,22.5,5
APP008515,688,3,3,0,,25373.05,23.0,117
APP008516,756,0,5,0,,8840.86,37.3,151
APP008517,680,1,1,0,,18376.69,61.0,39
APP008518,681,1,7,0,,8519.04,26.5,92
APP008519,799,2,7,0,,6953.17,52.7,164
APP008520,643,0,0,0,,14770.87,24.8,48
APP008521,732,1,1,0,,15585.45,38.3,100
APP008522,744,0,3,0,,24279.39,58.0,3
APP008523,900,3,8,0,,4833.36,39.7,50
APP008524,754,1,0,0,,0.0,48.9,52
APP008525,775,0,4,0,,19575.29,19.4,87
APP008526,621,3,5,0,,21902.83,31.4,100
APP008527,747,1,5,0,,7256.99,65.7,152
APP008528,900,0,10,0,,0.0,13.1,133
APP008529,806,2,6,0,,1965.27,14.9,73
APP008530,626,5,6,0,,24247.77,64.4,135
APP008531,752,2,1,0,,2483.72,1.3,93
APP008532,794,1,5,0,,13354.96,56.5,67
APP008533,742,0,3,0,,21821.85,47.5,8
APP008534,636,5,0,2,13.0,18568.23,49.0,36
APP008535,783,1,2,0,,25895.88,23.2,120
APP008536,547,4,3,6,12.0,50097.19,63.4,109
APP008537,556,1,4,2,29.0,18428.63,60.8,44
APP008538,800,1,8,0,,0.0,16.6,82
APP008539,535,5,3,2,2.0,38066.82,88.0,122
APP008540,761,1,3,0,,13906.09,40.5,139
APP008541,714,2,2,0,,18288.55,45.3,48
APP008542,690,5,6,0,,28140.69,49.8,100
APP008543,548,2,1,0,,44961.57,55.0,81
APP008544,725,3,4,0,,5293.45,49.9,172
APP008545,789,3,7,0,,3569.71,27.3,84
APP008546,824,0,5,0,,2377.21,53.9,67
APP008547,838,2,3,0,,11134.09,70.3,124
APP008548,759,3,1,0,,21148.26,41.8,129
APP008549,556,1,2,2,39.0,37497.96,86.9,123
APP008550,728,1,2,0,,17545.31,53.3,114
APP008551,696,0,6,0,,29731.04,46.7,124
APP008552,552,5,4,1,15.0,39533.7,66.3,161
APP008553,767,2,7,0,,0.0,44.1,90
APP008554,585,1,3,2,15.0,36375.74,37.7,94
APP008555,664,0,3,0,,32044.85,53.9,125
APP008556,792,2,2,0,,2019.96,34.5,72
APP008557,618,7,3,2,8.0,36809.41,90.2,112
APP008558,629,0,6,0,,23741.95,30.6,107
APP008559,694,2,4,0,,15162.66,32.7,49
APP008560,660,1,3,0,,11717.8,31.7,182
APP008561,736,1,4,0,,6339.78,19.7,149
APP008562,635,2,2,0,,13032.49,41.3,99
APP008563,894,3,5,0,,14954.6,0.0,46
APP008564,705,2,5,0,,0.0,39.9,145
APP008565,682,1,1,0,,18684.24,28.2,130
APP008566,770,1,2,1,31.0,26534.94,92.3,134
APP008567,671,1,3,0,,417.2,40.4,104
APP008568,622,1,4,0,,21333.74,75.4,76
APP008569,602,2,4,0,,14738.71,51.0,91
APP008570,566,4,4,0,,30052.09,78.4,113
APP008571,708,3,2,1,46.0,25651.69,68.4,153
APP008572,595,0,2,0,,23965.28,43.1,120
APP008573,707,4,1,1,16.0,7383.92,27.7,127
APP008574,489,6,3,2,25.0,41620.5,58.9,77
APP008575,649,1,5,0,,10182.09,23.6,102
APP008576,718,2,0,0,,14775.1,41.9,105
APP008577,498,3,1,0,,10855.96,93.9,42
APP008578,655,1,4,0,,15099.88,45.7,122
APP008579,782,2,4,0,,10327.45,32.9,98
APP008580,753,0,2,0,,18821.64,49.8,64
APP008581,739,0,2,0,,2793.32,19.3,107
APP008582,691,3,1,0,,1967.37,29.2,106
APP008583,614,1,4,0,,26085.45,4.9,107
APP008584,658,2,1,0,,12971.43,60.5,137
APP008585,664,2,2,0,,28539.08,28.8,111
APP008586,701,1,4,0,,20706.78,32.2,71
APP008587,659,1,2,0,,14140.9,65.8,97
APP008588,725,1,7,0,,6904.26,45.9,58
APP008589,585,3,1,0,,34377.0,21.8,147
APP008590,825,3,7,0,,1982.98,46.6,159
APP008591,749,1,7,0,,6755.01,18.2,82
APP008592,798,2,5,0,,1889.27,45.7,176
APP008593,756,1,5,0,,3141.63,62.7,108
APP008594,778,2,3,0,,260.0,67.6,174
APP008595,576,9,3,2,1.0,46792.81,67.4,130
APP008596,766,2,6,0,,5895.72,12.5,88
APP008597,585,0,4,2,34.0,12348.91,50.9,3
APP008598,748,0,4,0,,8267.12,54.3,50
APP008599,725,1,4,0,,6485.95,43.1,178
APP008600,680,3,2,0,,16188.22,43.4,92
APP008601,729,1,2,0,,3936.57,66.1,97
APP008602,780,0,6,0,,12356.19,4.3,87
APP008603,692,2,3,0,,31515.85,86.3,3
APP008604,674,2,6,1,13.0,27653.03,38.5,50
APP008605,581,4,5,0,,21964.46,68.0,102
APP008606,705,3,2,0,,34924.75,53.0,100
APP008607,729,3,2,0,,9787.14,27.5,75
APP008608,625,4,2,1,10.0,14202.43,45.5,89
APP008609,761,2,1,0,,8917.13,21.4,133
APP008610,694,4,0,0,,10970.91,100.0,153
APP008611,747,0,7,0,,6449.87,55.0,103
APP008612,655,1,4,0,,32545.69,72.6,144
APP008613,669,1,2,0,,7357.07,35.9,99
APP008614,706,1,5,0,,0.0,46.1,230
APP008615,762,2,0,0,,18835.37,90.0,77
APP008616,773,0,2,0,,16245.43,29.0,83
APP008617,570,3,3,0,,45108.44,62.7,153
APP008618,623,3,4,1,10.0,17335.8,27.9,172
APP008619,626,3,3,0,,6762.28,55.1,161
APP008620,604,1,2,1,2.0,29706.56,72.6,61
APP008621,719,3,1,0,,10249.54,44.8,125
APP008622,716,0,3,1,59.0,25882.66,84.0,70
APP008623,575,11,6,0,,25316.2,55.2,76
APP008624,826,2,4,0,,3784.17,27.3,90
APP008625,629,4,1,0,,12501.73,51.8,125
APP008626,501,3,3,4,12.0,40037.44,100.0,85
APP008627,758,1,4,0,,8812.24,0.0,44
APP008628,732,2,4,0,,0.0,9.8,114
APP008629,591,2,1,0,,4114.73,28.8,39
APP008630,808,2,4,0,,4984.01,61.3,52
APP008631,900,0,5,0,,0.0,64.5,27
APP008632,679,3,3,1,39.0,31674.76,58.3,75
APP008633,799,1,1,0,,26237.1,33.7,25
APP008634,637,0,5,0,,15861.03,55.7,82
APP008635,798,1,3,0,,11299.34,57.1,98
APP008636,770,2,2,0,,16706.53,0.0,41
APP008637,734,5,4,0,,39173.41,76.9,170
APP008638,832,1,3,0,,6900.76,23.1,131
APP008639,802,3,2,0,,0.0,27.5,110
APP008640,500,3,7,0,,22823.88,87.6,75
APP008641,768,0,3,0,,13317.76,60.6,161
APP008642,692,4,2,0,,30015.6,42.5,112
APP008643,801,3,1,1,3.0,6847.65,100.0,62
APP008644,736,2,3,0,,0.0,0.0,86
APP008645,683,2,3,1,4.0,25062.68,45.6,131
APP008646,718,2,2,0,,25892.37,61.9,108
APP008647,672,2,5,1,16.0,30322.37,28.3,91
APP008648,751,2,7,0,,17210.98,38.5,67
APP008649,677,1,2,0,,20338.9,58.3,13
APP008650,695,3,2,1,14.0,16968.02,88.2,60
APP008651,764,2,4,0,,527.76,21.7,96
APP008652,720,0,4,0,,27449.35,64.7,119
APP008653,718,2,5,0,,14638.87,39.7,108
APP008654,576,1,1,0,,14720.88,79.1,207
APP008655,705,1,2,0,,17620.86,19.7,122
APP008656,560,5,1,2,1.0,29517.08,79.0,16
APP008657,832,0,3,0,,2504.05,8.9,121
APP008658,624,5,1,0,,3973.71,32.4,27
APP008659,529,5,3,3,1.0,45359.63,89.0,103
APP008660,752,2,3,0,,0.0,21.9,118
APP008661,731,1,1,0,,20267.95,62.9,90
APP008662,632,4,2,0,,30996.87,45.1,159
APP008663,704,4,6,0,,20515.49,65.1,103
APP008664,722,1,4,0,,10860.74,40.4,67
APP008665,563,5,3,4,61.0,41887.03,97.7,212
APP008666,702,1,4,0,,6525.48,55.5,101
APP008667,639,4,4,0,,27980.42,46.6,114
APP008668,659,1,5,0,,2501.67,47.4,110
APP008669,761,2,4,0,,11114.71,77.1,97
APP008670,670,2,2,0,,17397.38,100.0,171
APP008671,609,0,3,0,,19620.05,98.4,63
APP008672,651,3,8,0,,0.0,44.3,138
APP008673,627,2,1,0,,18975.55,56.6,180
APP008674,782,3,7,0,,0.0,12.7,37
APP008675,643,1,2,1,20.0,11818.28,93.8,118
APP008676,679,3,1,1,5.0,21086.85,71.4,100
APP008677,619,3,4,0,,11489.08,67.2,136
APP008678,747,1,2,0,,32423.08,36.6,140
APP008679,688,6,3,3,19.0,39665.74,100.0,81
APP008680,641,3,2,1,14.0,12024.84,59.9,143
APP008681,675,1,0,0,,22566.41,35.7,160
APP008682,614,0,3,0,,26202.07,81.5,49
APP008683,746,0,1,0,,0.0,32.3,96
APP008684,797,1,7,0,,0.0,32.8,90
APP008685,645,8,4,0,,22126.41,44.2,62
APP008686,693,1,4,0,,23422.71,44.0,105
APP008687,680,1,5,0,,0.0,7.4,104
APP008688,657,1,2,0,,13612.9,19.2,78
APP008689,678,0,4,0,,16373.99,66.9,101
APP008690,637,2,1,0,,9047.03,65.0,148
APP008691,649,1,1,0,,19201.29,75.5,82
APP008692,535,7,5,0,,27223.58,56.7,108
APP008693,722,3,6,0,,21232.34,54.6,89
APP008694,644,4,3,0,,28599.75,33.4,45
APP008695,842,2,3,0,,28754.7,100.0,44
APP008696,797,1,7,0,,1829.53,38.8,138
APP008697,629,1,6,0,,0.0,76.2,102
APP008698,605,2,3,1,3.0,36800.68,71.4,139
APP008699,670,1,5,0,,19132.17,57.8,76
APP008700,773,1,4,0,,14353.53,28.2,236
APP008701,678,1,1,1,5.0,29177.47,81.0,34
APP008702,587,4,4,1,12.0,34902.94,57.4,92
APP008703,639,2,3,0,,26920.04,77.2,116
APP008704,654,1,2,1,51.0,24814.14,87.5,85
APP008705,538,3,2,0,,20677.42,45.5,170
APP008706,753,1,3,0,,4214.47,16.3,154
APP008707,759,0,4,0,,5277.46,17.9,36
APP008708,614,3,2,0,,33269.84,82.9,17
APP008709,527,3,2,2,1.0,31744.87,83.7,56
APP008710,789,2,2,0,,15186.27,53.0,74
APP008711,606,5,4,2,60.0,33129.86,55.2,102
APP008712,695,1,1,0,,17592.64,89.4,131
APP008713,652,5,2,0,,17751.51,86.6,51
APP008714,803,2,3,0,,7627.4,12.2,145
APP008715,724,1,1,0,,12382.62,31.0,67
APP008716,727,2,3,0,,20632.41,49.4,126
APP008717,757,0,6,0,,20117.99,57.3,106
APP008718,706,1,3,0,,6022.4,6.8,89
APP008719,747,2,2,0,,23563.87,48.3,140
APP008720,755,2,8,0,,4249.6,48.8,27
APP008721,655,2,0,1,73.0,28043.19,77.0,99
APP008722,648,5,4,0,,40697.55,69.8,125
APP008723,716,1,1,0,,11880.95,27.5,73
APP008724,613,2,4,0,,26114.54,57.6,3
APP008725,614,1,5,0,,49847.7,92.8,89
APP008726,753,0,5,0,,13893.75,9.9,3
APP008727,627,2,1,0,,27274.76,8.6,103
APP008728,718,2,2,1,4.0,31879.19,95.3,150
APP008729,739,0,6,0,,10054.5,52.9,45
APP008730,771,1,2,0,,15963.05,13.1,146
APP008731,690,2,4,0,,2472.6,51.9,34
APP008732,725,1,3,0,,23458.97,73.8,102
APP008733,727,0,1,0,,16278.86,61.6,76
APP008734,637,1,3,0,,10373.54,12.2,141
APP008735,696,1,2,0,,16223.05,73.8,8
APP008736,706,1,2,1,9.0,21552.35,46.7,34
APP008737,733,0,3,0,,7676.85,27.5,158
APP008738,657,2,3,1,34.0,30596.9,66.2,24
APP008739,682,1,7,0,,14657.83,45.7,112
APP008740,723,3,1,0,,41633.65,51.8,108
APP008741,648,1,4,0,,19525.52,60.7,114
APP008742,722,5,5,0,,30609.4,12.4,107
APP008743,688,3,1,0,,14536.45,48.3,89
APP008744,766,0,2,0,,2738.08,65.3,86
APP008745,574,5,3,1,37.0,26552.86,54.2,102
APP008746,640,0,0,0,,6938.16,55.3,16
APP008747,776,1,1,0,,3354.87,54.8,30
APP008748,659,2,5,0,,29284.74,48.3,90
APP008749,695,3,3,0,,11332.64,35.7,134
APP008750,589,4,6,2,7.0,25082.06,16.7,73
APP008751,725,3,4,0,,30115.09,100.0,108
APP008752,539,6,0,0,,31937.77,86.1,36
APP008753,643,0,4,0,,22369.94,49.7,96
APP008754,600,2,4,0,,18798.88,82.0,104
APP008755,575,1,4,0,,13678.05,53.2,19
APP008756,571,4,2,0,,16266.25,45.5,18
APP008757,730,2,4,0,,4648.67,87.3,84
APP008758,568,4,4,2,11.0,41787.99,100.0,87
APP008759,715,4,2,1,30.0,20265.55,65.5,16
APP008760,564,3,3,1,21.0,28024.46,96.8,102
APP008761,796,1,4,0,,0.0,23.5,47
APP008762,835,1,3,0,,0.0,55.8,138
APP008763,733,0,5,0,,15432.98,4.3,83
APP008764,594,2,2,0,,21431.11,100.0,21
APP008765,696,4,3,0,,22362.97,70.6,108
APP008766,659,2,4,0,,13980.02,45.3,126
APP008767,531,1,4,0,,30610.17,79.9,127
APP008768,672,2,3,0,,8834.19,30.5,101
APP008769,792,1,3,0,,20618.5,28.1,81
APP008770,885,1,2,0,,294.87,0.0,80
APP008771,723,1,4,0,,23101.8,87.1,47
APP008772,618,3,1,0,,1941.05,64.9,51
APP008773,717,1,0,0,,17027.02,44.0,67
APP008774,900,0,0,0,,1196.34,15.6,126
APP008775,839,2,7,0,,0.0,0.0,64
APP008776,900,3,4,0,,0.0,22.6,93
APP008777,701,1,5,0,,13629.4,50.3,136
APP008778,729,1,3,0,,0.0,0.0,78
APP008779,681,0,1,0,,206.17,38.9,79
APP008780,725,2,3,0,,0.0,29.4,114
APP008781,653,1,1,0,,28416.11,60.9,78
APP008782,545,0,5,0,,13905.15,35.5,86
APP008783,763,1,4,0,,5750.97,67.3,33
APP008784,715,1,2,0,,3353.26,47.0,114
APP008785,702,3,2,0,,20928.44,47.0,45
APP008786,700,6,4,1,3.0,38717.88,93.2,72
APP008787,673,3,2,0,,19145.97,52.0,65
APP008788,708,1,7,0,,10093.01,19.3,96
APP008789,716,0,5,0,,14885.15,7.5,73
APP008790,682,2,4,0,,20604.6,51.5,157
APP008791,715,3,2,0,,7284.16,20.9,49
APP008792,654,2,4,0,,19243.25,38.8,163
APP008793,588,4,4,0,,30377.8,53.8,100
APP008794,611,4,1,0,,23304.51,49.9,103
APP008795,655,1,1,0,,29883.53,69.0,160
APP008796,768,1,4,0,,17420.7,0.0,36
APP008797,757,2,4,0,,16959.17,39.6,95
APP008798,703,1,2,0,,12543.78,68.0,121
APP008799,680,1,2,0,,28606.78,55.8,87
APP008800,859,0,4,0,,0.0,23.3,3
APP008801,706,3,4,0,,17233.23,31.9,84
APP008802,655,0,3,0,,10639.18,26.9,87
APP008803,539,2,2,1,9.0,41461.33,64.2,40
APP008804,626,5,0,0,,24724.98,61.5,111
APP008805,748,1,6,0,,8829.44,41.5,90
APP008806,710,2,2,1,13.0,24809.74,63.2,3
APP008807,803,1,4,0,,0.0,4.7,120
APP008808,677,0,3,0,,20205.94,50.8,122
APP008809,645,3,4,2,9.0,37477.9,43.3,124
APP008810,815,1,5,0,,0.0,21.7,108
APP008811,689,1,2,1,1.0,37403.47,31.9,79
APP008812,726,1,1,0,,14686.56,64.8,74
APP008813,785,2,5,0,,11667.74,0.0,37
APP008814,788,2,7,0,,8775.47,68.1,77
APP008815,774,4,5,0,,11328.93,18.3,45
APP008816,795,1,5,0,,26268.95,47.5,39
APP008817,664,1,5,0,,19425.36,49.4,91
APP008818,830,2,1,0,,31685.77,66.2,53
APP008819,763,0,2,0,,10215.12,31.8,51
APP008820,657,2,1,0,,27179.29,68.2,70
APP008821,655,3,3,1,8.0,12918.94,50.0,142
APP008822,851,0,4,0,,3152.12,36.8,123
APP008823,700,1,4,0,,5900.24,67.3,80
APP008824,885,1,3,0,,17983.97,41.9,112
APP008825,743,2,1,0,,23839.97,78.3,102
APP008826,900,1,3,0,,10136.51,0.0,70
APP008827,556,3,2,0,,19643.76,100.0,144
APP008828,609,1,2,0,,0.0,82.6,64
APP008829,861,1,3,0,,2346.43,5.9,108
APP008830,645,1,2,0,,16581.76,59.4,79
APP008831,772,1,6,0,,0.0,57.3,126
APP008832,726,4,2,0,,27183.57,45.3,138
APP008833,900,2,3,0,,0.0,59.4,111
APP008834,825,1,2,0,,0.0,0.2,108
APP008835,797,1,5,0,,3326.89,51.6,26
APP008836,794,1,3,0,,13388.81,34.2,48
APP008837,821,0,6,0,,0.0,70.2,131
APP008838,598,1,3,0,,16478.12,22.9,207
APP008839,694,1,9,0,,11361.15,42.9,61
APP008840,762,1,3,0,,3219.39,59.9,133
APP008841,602,2,4,0,,13710.3,46.3,66
APP008842,657,0,2,0,,28272.6,23.9,3
APP008843,632,2,3,0,,21526.99,69.8,115
APP008844,665,3,9,0,,8820.36,57.3,3
APP008845,618,1,7,0,,26487.8,47.8,91
APP008846,753,3,3,0,,33580.08,60.3,123
APP008847,636,2,2,0,,29322.28,45.8,110
APP008848,825,3,5,0,,1184.95,0.0,126
APP008849,900,1,1,0,,248.26,51.3,67
APP008850,688,2,3,0,,8681.75,17.9,92
APP008851,701,1,3,0,,16170.99,55.4,163
APP008852,731,3,3,0,,5751.45,41.0,76
APP008853,727,1,3,0,,0.0,22.6,85
APP008854,646,0,3,0,,20400.85,22.9,127
APP008855,460,5,3,0,,26364.82,100.0,142
APP008856,748,0,6,0,,20170.69,49.0,100
APP008857,605,1,2,1,42.0,17942.28,100.0,69
APP008858,717,3,4,0,,20523.24,82.5,159
APP008859,797,1,2,0,,15138.21,59.6,96
APP008860,743,1,4,0,,12736.79,0.0,182
APP008861,707,3,3,0,,17312.33,4.4,79
APP008862,610,1,4,0,,14556.15,33.5,69
APP008863,825,1,5,0,,11134.68,32.4,60
APP008864,827,2,4,0,,0.0,9.1,103
APP008865,776,1,1,0,,12662.28,16.9,151
APP008866,706,0,3,0,,0.0,76.6,79
APP008867,690,2,4,0,,0.0,56.5,8
APP008868,602,3,1,1,9.0,27686.35,74.9,109
APP008869,811,1,5,0,,4787.08,27.1,164
APP008870,675,1,2,0,,868.65,24.1,86
APP008871,646,4,4,0,,28848.8,60.1,73
APP008872,735,0,4,0,,21866.27,83.3,143
APP008873,863,4,9,0,,0.0,6.5,27
APP008874,725,3,2,0,,4863.93,36.7,121
APP008875,785,4,4,0,,8350.16,17.0,123
APP008876,719,0,2,0,,10996.9,28.3,92
APP008877,834,1,0,0,,0.0,13.1,112
APP008878,603,5,1,2,42.0,25058.39,56.6,151
APP008879,621,1,2,0,,23951.49,64.5,230
APP008880,664,5,6,0,,15085.76,27.5,37
APP008881,715,2,2,0,,16785.5,54.1,126
APP008882,695,3,3,0,,9822.94,41.4,106
APP008883,735,4,1,0,,31627.29,27.1,81
APP008884,760,1,5,0,,570.3,70.4,150
APP008885,741,3,5,0,,1443.55,30.5,125
APP008886,627,0,5,0,,28710.89,48.6,145
APP008887,625,5,1,0,,23016.93,61.9,70
APP008888,679,2,3,0,,24579.21,49.9,65
APP008889,700,0,6,0,,16658.8,87.2,123
APP008890,524,6,3,1,93.0,41524.03,64.9,150
APP008891,575,3,5,3,22.0,16967.22,82.8,100
APP008892,498,7,4,2,16.0,49483.22,65.8,38
APP008893,776,2,2,0,,32975.23,72.1,41
APP008894,591,4,3,1,12.0,22836.86,70.1,115
APP008895,686,1,5,0,,27515.1,55.6,27
APP008896,534,7,4,0,,33510.6,100.0,46
APP008897,798,2,0,0,,2252.09,21.6,69
APP008898,721,2,1,0,,20085.53,37.7,65
APP008899,760,2,5,2,75.0,25178.49,74.7,138
APP008900,582,0,5,0,,25831.15,51.2,80
APP008901,731,1,4,0,,5665.47,30.9,118
APP008902,765,2,1,0,,11248.84,22.3,142
APP008903,637,3,8,0,,29989.57,47.6,131
APP008904,768,2,5,0,,726.92,27.2,55
APP008905,830,3,3,0,,11039.61,40.3,109
APP008906,655,2,3,0,,3882.91,67.6,156
APP008907,685,0,2,0,,13229.12,27.8,139
APP008908,705,0,5,0,,13443.44,58.9,3
APP008909,735,0,4,0,,13930.11,58.0,116
APP008910,724,0,4,0,,18071.96,0.0,27
APP008911,612,3,2,0,,22595.36,38.8,106
APP008912,606,1,3,0,,24281.76,52.5,50
APP008913,489,4,2,3,64.0,36255.09,63.7,103
APP008914,642,0,4,0,,12851.78,49.7,91
APP008915,627,5,1,1,22.0,29205.65,62.2,114
APP008916,718,0,5,0,,11075.11,0.0,59
APP008917,606,4,3,0,,18121.67,61.8,55
APP008918,498,7,4,0,,20458.42,73.3,130
APP008919,715,2,1,0,,29437.68,50.8,115
APP008920,663,1,2,0,,26632.97,31.2,158
APP008921,780,4,3,0,,14520.9,74.2,35
APP008922,807,2,4,0,,16624.41,28.9,97
APP008923,794,1,3,0,,12359.28,42.9,151
APP008924,845,0,5,0,,10647.25,32.2,86
APP008925,699,3,3,0,,15524.18,68.9,137
APP008926,715,2,4,0,,12073.73,81.4,55
APP008927,578,4,2,0,,34543.66,34.8,43
APP008928,732,3,1,0,,8022.13,25.4,101
APP008929,680,1,2,0,,3235.49,23.7,131
APP008930,739,0,3,0,,13304.27,43.8,49
APP008931,780,2,4,0,,0.0,19.4,27
APP008932,721,2,4,0,,10988.55,8.7,24
APP008933,605,3,1,0,,26366.16,30.2,171
APP008934,794,0,2,0,,15662.11,79.5,70
APP008935,700,1,1,0,,0.0,57.6,77
APP008936,699,1,2,0,,17412.06,58.8,135
APP008937,684,5,3,0,,5115.75,63.7,167
APP008938,616,1,1,0,,11021.9,75.8,111
APP008939,613,3,3,1,25.0,37263.28,89.2,52
APP008940,710,2,3,0,,16225.9,23.7,37
APP008941,630,1,3,0,,29032.65,48.5,33
APP008942,595,3,2,0,,32896.23,79.3,3
APP008943,637,2,3,0,,21974.54,32.8,163
APP008944,628,0,7,0,,22274.72,67.2,29
APP008945,765,1,2,0,,3825.05,9.1,89
APP008946,725,0,2,0,,0.0,0.0,101
APP008947,655,3,1,1,23.0,20525.35,56.7,102
APP008948,790,1,3,0,,19926.96,42.1,153
APP008949,843,0,5,0,,0.0,0.0,73
APP008950,624,2,2,0,,30696.08,85.4,197
APP008951,662,3,6,0,,12759.92,44.2,112
APP008952,749,0,5,0,,1921.62,37.2,172
APP008953,757,7,0,0,,3660.68,58.5,65
APP008954,750,0,4,0,,9150.24,8.6,67
APP008955,734,2,2,0,,0.0,84.2,62
APP008956,604,7,0,1,44.0,51197.66,91.4,111
APP008957,782,1,6,0,,5671.08,55.3,42
APP008958,732,5,2,0,,43640.73,61.8,143
APP008959,771,2,4,0,,31626.91,54.6,139
APP008960,665,1,4,0,,20241.16,41.0,89
APP008961,861,3,7,0,,0.0,58.4,32
APP008962,758,1,3,0,,8051.06,36.2,109
APP008963,728,0,7,0,,981.12,19.8,121
APP008964,688,1,2,0,,12005.54,53.4,61
APP008965,659,1,3,0,,10925.08,25.4,95
APP008966,771,1,5,0,,0.0,14.3,24
APP008967,815,1,3,0,,6827.32,55.3,59
APP008968,638,1,5,0,,23548.36,31.3,3
APP008969,719,0,3,0,,0.0,26.3,170
APP008970,725,0,2,0,,19732.23,4.3,150
APP008971,519,6,2,1,42.0,35210.55,60.7,95
APP008972,842,3,10,0,,0.0,0.0,37
APP008973,758,2,5,0,,17704.94,46.0,105
APP008974,834,0,2,0,,22034.77,6.0,3
APP008975,747,2,3,0,,10431.73,44.5,80
APP008976,789,2,7,0,,9587.85,25.0,104
APP008977,814,2,2,0,,0.0,17.6,82
APP008978,790,1,2,0,,6105.07,19.0,178
APP008979,571,0,2,0,,42037.29,13.7,30
APP008980,713,2,3,0,,29175.08,31.3,138
APP008981,735,2,4,0,,6596.78,30.6,17
APP008982,722,1,2,0,,24335.6,36.6,131
APP008983,669,1,3,0,,19761.14,45.4,136
APP008984,740,1,2,0,,20078.26,50.2,87
APP008985,559,5,6,0,,30619.99,79.7,138
APP008986,759,1,7,0,,0.0,15.4,80
APP008987,655,4,1,0,,7632.3,6.5,72
APP008988,747,2,5,0,,15771.24,15.8,146
APP008989,808,1,3,0,,0.0,24.5,58
APP008990,660,3,3,0,,12484.49,75.2,171
APP008991,651,4,0,1,26.0,23528.8,54.2,175
APP008992,660,1,3,0,,21670.34,32.2,112
APP008993,738,1,1,0,,13290.01,39.2,137
APP008994,614,3,4,1,38.0,13971.16,100.0,41
APP008995,703,1,10,0,,9945.62,76.4,69
APP008996,697,3,10,0,,0.0,12.4,72
APP008997,593,6,1,1,15.0,28866.4,87.4,78
APP008998,564,3,1,0,,20220.67,80.0,41
APP008999,572,4,5,2,8.0,33120.75,100.0,75
APP009000,606,2,3,0,,28689.64,3.8,55
