app_id,customer_id,application_date,product,requested_amount,approved_amount,term_months,employment_status,annual_income,bureau_score,dpd_m1,dpd_m2,dpd_m3,dpd_m4,dpd_m5,dpd_m6,default_flag,age
APP-0001,CUS-0944,2025-01-03,Personal Loan,26500,13200.0,48.0,Full-time,91300.0,721,0,0,0,0,0,0,0,23
APP-0002,CUS-0557,2024-05-26,Personal Loan,47500,47500.0,24.0,Full-time,81800.0,809,0,0,0,0,0,0,0,47
APP-0003,CUS-0440,2024-11-12,Credit Card,8000,5600.0,,Casual,47700.0,685,0,0,0,30,60,90,1,67
APP-0004,CUS-0513,2024-08-27,Credit Card,5000,4000.0,,Full-time,49500.0,799,0,0,30,60,90,120,1,42
APP-0005,CUS-0353,2024-04-24,Personal Loan,28000,28000.0,12.0,Unemployed,30500.0,654,0,0,0,0,0,0,0,27
APP-0006,CUS-0659,2023-01-15,Credit Card,8000,8000.0,,Full-time,58600.0,789,0,0,0,0,0,0,0,22
APP-0007,CUS-0765,2024-02-12,Credit Card,2000,2000.0,,Unemployed,91200.0,591,0,0,0,0,0,0,0,42
APP-0008,CUS-0675,2025-03-03,Credit Card,8000,8000.0,,Self-employed,97200.0,698,0,0,30,0,0,0,0,49
APP-0009,CUS-0595,2023-07-17,Personal Loan,40000,32000.0,48.0,Self-employed,79700.0,585,0,0,0,0,0,0,0,42
APP-0010,CUS-0288,2023-08-19,Credit Card,5000,4500.0,,Part-time,89400.0,741,0,0,0,0,0,0,0,35
APP-0011,CUS-0091,2025-03-27,Personal Loan,6500,6500.0,36.0,Retired,46000.0,733,0,0,0,0,0,0,0,34
APP-0012,CUS-0696,2024-05-19,Personal Loan,17500,17500.0,60.0,Full-time,48700.0,596,0,0,0,0,0,0,0,52
APP-0013,CUS-0769,2024-07-14,Personal Loan,31000,27900.0,48.0,Self-employed,106900.0,614,0,0,0,0,0,0,0,69
APP-0014,CUS-0336,2023-11-19,Personal Loan,27000,27000.0,12.0,Retired,75000.0,642,0,0,0,0,0,0,0,58
APP-0015,CUS-0850,2023-09-03,Personal Loan,30000,24000.0,24.0,Part-time,41800.0,548,0,0,0,0,0,0,0,48
APP-0016,CUS-0570,2023-11-09,Credit Card,2000,1600.0,,Casual,76800.0,598,0,0,0,0,0,0,0,57
APP-0017,CUS-0817,2025-05-31,Credit Card,2000,1600.0,,Full-time,89600.0,604,0,30,60,0,0,0,0,44
APP-0018,CUS-0958,2024-01-03,Personal Loan,7000,3500.0,36.0,Full-time,84600.0,752,0,30,0,0,0,0,0,60
APP-0019,CUS-0414,2024-05-27,Credit Card,8000,8000.0,,Part-time,63800.0,806,0,0,0,0,0,0,0,22
APP-0020,CUS-0088,2023-01-04,Personal Loan,47500,47500.0,24.0,Full-time,47600.0,641,0,0,0,30,60,0,0,47
APP-0021,CUS-0621,2025-02-20,Personal Loan,41500,41500.0,12.0,Full-time,73100.0,656,0,0,30,60,90,120,1,45
APP-0022,CUS-0120,2024-01-26,Credit Card,5000,4500.0,,Retired,134400.0,701,0,0,0,0,30,60,0,41
APP-0023,CUS-0839,2024-11-17,Credit Card,10000,10000.0,,Self-employed,65000.0,634,0,0,0,0,0,30,0,35
APP-0024,CUS-0712,2023-08-30,Personal Loan,39000,39000.0,24.0,Full-time,44300.0,656,0,0,0,0,0,0,0,32
APP-0025,CUS-0363,2024-08-02,Personal Loan,5000,3500.0,36.0,Part-time,71100.0,757,0,0,0,0,0,0,0,23
APP-0026,CUS-0959,2023-11-22,Credit Card,5000,4500.0,,Part-time,34000.0,702,0,0,0,0,0,0,0,25
APP-0027,CUS-0563,2023-10-16,Credit Card,15000,13500.0,,Unemployed,67500.0,674,0,0,0,0,0,0,0,32
APP-0028,CUS-0858,2023-05-29,Credit Card,10000,8000.0,,Part-time,52700.0,630,0,30,60,90,120,150,1,32
APP-0029,CUS-0100,2024-10-01,Credit Card,15000,7500.0,,Casual,95000.0,814,0,0,0,0,0,0,0,21
APP-0030,CUS-0465,2023-11-02,Credit Card,10000,9000.0,,Self-employed,63600.0,626,0,0,0,0,0,0,0,40
APP-0031,CUS-0790,2023-04-19,Credit Card,8000,7200.0,,Full-time,99200.0,692,0,0,0,0,0,0,0,42
APP-0032,CUS-0754,2024-09-29,Credit Card,15000,15000.0,,Part-time,178300.0,589,30,60,90,120,150,180,1,21
APP-0033,CUS-0985,2024-09-23,Credit Card,2000,1000.0,,Retired,54700.0,628,0,0,0,0,0,0,0,54
APP-0034,CUS-0423,2025-06-15,Credit Card,25000,20000.0,,Self-employed,40900.0,690,0,0,0,0,0,0,0,50
APP-0035,CUS-0382,2025-03-15,Credit Card,15000,12000.0,,Retired,75100.0,646,0,0,0,30,0,0,0,48
APP-0036,CUS-0050,2023-06-29,Credit Card,25000,22500.0,,Full-time,58100.0,729,0,30,60,90,120,150,1,50
APP-0037,CUS-0885,2023-02-16,Credit Card,2000,2000.0,,Self-employed,64700.0,687,0,30,60,90,120,150,1,57
APP-0038,CUS-0079,2025-02-28,Personal Loan,5000,4000.0,48.0,Full-time,45600.0,557,0,0,0,0,0,0,0,53
APP-0039,CUS-0812,2025-06-01,Personal Loan,35000,35000.0,48.0,Retired,78600.0,474,30,60,90,120,150,180,1,32
APP-0040,CUS-0771,2024-07-14,Credit Card,5000,4000.0,,Self-employed,62500.0,771,0,0,0,0,0,0,0,61
APP-0041,CUS-0925,2024-07-11,Credit Card,10000,10000.0,,Full-time,22000.0,629,0,0,0,0,0,0,0,51
APP-0042,CUS-0847,2023-04-03,Credit Card,5000,2500.0,,Part-time,54200.0,814,0,0,0,0,0,0,0,24
APP-0043,CUS-0401,2024-05-15,Personal Loan,11000,7700.0,24.0,Full-time,70800.0,683,0,0,0,0,0,30,0,66
APP-0044,CUS-0448,2023-01-14,Credit Card,15000,13500.0,,Retired,105100.0,613,0,0,0,0,0,0,0,64
APP-0045,CUS-0017,2024-12-02,Credit Card,25000,25000.0,,Part-time,46200.0,731,0,0,0,0,0,0,0,57
APP-0046,CUS-0229,2025-03-16,Personal Loan,30000,15000.0,12.0,Full-time,41600.0,657,0,30,60,0,0,0,0,36
APP-0047,CUS-0968,2023-01-21,Personal Loan,6500,3200.0,12.0,Part-time,103700.0,682,0,0,0,0,0,0,0,63
APP-0048,CUS-0789,2023-08-02,Personal Loan,24000,24000.0,12.0,Full-time,45500.0,598,0,0,0,0,0,0,0,31
APP-0049,CUS-0806,2025-06-17,Credit Card,10000,10000.0,,Full-time,63500.0,739,0,0,0,0,0,0,0,52
APP-0050,CUS-0518,2023-04-07,Credit Card,25000,22500.0,,Full-time,75500.0,780,30,0,0,0,0,0,0,26
APP-0051,CUS-0194,2024-12-23,Credit Card,15000,10500.0,,Full-time,85400.0,634,0,0,0,0,0,0,0,23
APP-0052,CUS-0685,2024-08-20,Credit Card,10000,10000.0,,Full-time,60700.0,842,30,60,0,0,0,0,0,53
APP-0053,CUS-0118,2024-08-12,Personal Loan,19500,9800.0,24.0,Full-time,35900.0,630,0,0,0,0,0,0,0,32
APP-0054,CUS-0780,2024-10-05,Credit Card,25000,25000.0,,Full-time,97100.0,704,0,0,0,0,0,0,0,70
APP-0055,CUS-0766,2023-09-14,Credit Card,25000,20000.0,,Full-time,49400.0,534,0,0,0,0,0,0,0,29
APP-0056,CUS-0130,2025-03-26,Credit Card,10000,5000.0,,Full-time,47400.0,508,0,0,0,0,0,0,0,59
APP-0057,CUS-0133,2024-03-17,Credit Card,2000,2000.0,,Full-time,154600.0,870,0,0,0,0,0,0,0,58
APP-0058,CUS-0782,2024-03-31,Credit Card,10000,5000.0,,Full-time,91200.0,809,0,0,0,0,0,0,0,35
APP-0059,CUS-0737,2024-11-11,Credit Card,10000,10000.0,,Full-time,36800.0,784,0,0,0,0,0,0,0,69
APP-0060,CUS-0214,2023-10-12,Personal Loan,17000,15300.0,60.0,Casual,48300.0,529,0,0,0,0,0,0,0,45
APP-0061,CUS-0297,2023-02-19,Credit Card,15000,15000.0,,Retired,53900.0,702,0,30,0,0,0,0,0,54
APP-0062,CUS-0359,2023-10-17,Personal Loan,42000,42000.0,48.0,Self-employed,42600.0,719,0,0,0,30,60,90,1,50
APP-0063,CUS-0651,2024-08-03,Credit Card,5000,3500.0,,Full-time,24700.0,688,0,0,0,0,0,0,0,64
APP-0064,CUS-0149,2023-07-06,Credit Card,15000,15000.0,,Self-employed,88000.0,708,0,0,0,0,0,0,0,54
APP-0065,CUS-0182,2024-12-06,Credit Card,2000,1000.0,,Self-employed,86900.0,599,0,0,0,0,0,0,0,53
APP-0066,CUS-0352,2024-08-01,Credit Card,25000,12500.0,,Self-employed,67700.0,667,0,0,0,0,0,0,0,25
APP-0067,CUS-0994,2024-09-04,Personal Loan,40000,36000.0,12.0,Casual,50100.0,579,0,30,60,90,120,150,1,41
APP-0068,CUS-0890,2025-05-08,Credit Card,8000,7200.0,,Full-time,66700.0,650,30,0,0,0,0,0,0,55
APP-0069,CUS-0508,2023-08-05,Credit Card,10000,10000.0,,Full-time,81400.0,715,30,60,90,120,150,180,1,63
APP-0070,CUS-0058,2023-03-19,Personal Loan,9500,9500.0,12.0,Full-time,37100.0,611,0,30,60,90,120,150,1,43
APP-0071,CUS-0882,2023-11-10,Personal Loan,6000,3000.0,24.0,Full-time,51700.0,656,0,0,30,0,0,0,0,59
APP-0072,CUS-0241,2023-12-19,Credit Card,5000,3500.0,,Part-time,46500.0,642,0,0,0,0,0,0,0,21
APP-0073,CUS-0876,2023-01-11,Credit Card,8000,8000.0,,Full-time,83600.0,682,0,0,30,60,90,120,1,47
APP-0074,CUS-0914,2023-11-17,Credit Card,8000,7200.0,,Unemployed,68300.0,764,0,30,0,0,0,0,0,66
APP-0075,CUS-0225,2025-06-24,Credit Card,8000,4000.0,,Casual,32900.0,702,0,0,0,0,0,0,0,49
APP-0076,CUS-0283,2023-03-15,Credit Card,25000,25000.0,,Self-employed,45300.0,717,0,0,0,0,0,0,0,59
APP-0077,CUS-0175,2025-04-27,Credit Card,10000,8000.0,,Full-time,137800.0,552,30,0,0,0,0,0,0,38
APP-0078,CUS-0861,2024-06-25,Personal Loan,22500,11200.0,36.0,Casual,38400.0,648,0,0,0,0,0,0,0,21
APP-0079,CUS-0628,2025-05-02,Credit Card,15000,15000.0,,Self-employed,64800.0,755,0,0,0,30,60,0,0,33
APP-0080,CUS-0358,2025-06-14,Personal Loan,29000,20300.0,24.0,Full-time,45000.0,604,0,0,0,0,0,0,0,60
APP-0081,CUS-0461,2024-06-15,Credit Card,10000,9000.0,,Full-time,108100.0,642,0,0,0,0,0,0,0,66
APP-0082,CUS-0649,2023-09-10,Credit Card,15000,15000.0,,Full-time,58600.0,594,0,0,0,0,0,0,0,51
APP-0083,CUS-0552,2024-12-20,Credit Card,10000,8000.0,,Part-time,49200.0,801,30,0,0,0,0,0,0,56
APP-0084,CUS-0976,2024-10-24,Personal Loan,31000,15500.0,12.0,Full-time,34900.0,640,0,0,30,60,90,120,1,56
APP-0085,CUS-0551,2024-05-29,Personal Loan,15000,12000.0,12.0,Full-time,53800.0,615,0,0,0,0,0,0,0,41
APP-0086,CUS-0930,2025-03-31,Credit Card,25000,22500.0,,Casual,88800.0,736,0,0,0,0,0,0,0,29
APP-0087,CUS-0663,2025-04-04,Credit Card,8000,8000.0,,Retired,82600.0,780,30,60,0,0,0,0,0,46
APP-0088,CUS-0333,2023-09-04,Credit Card,10000,10000.0,,Full-time,32500.0,725,0,0,0,0,0,0,0,68
APP-0089,CUS-0730,2023-05-09,Personal Loan,8500,6800.0,48.0,Retired,124900.0,769,0,0,0,0,0,0,0,58
APP-0090,CUS-0573,2025-04-17,Credit Card,5000,2500.0,,Full-time,53800.0,700,0,0,0,0,0,0,0,53
APP-0091,CUS-0107,2023-01-25,Personal Loan,46500,46500.0,24.0,Casual,36900.0,669,0,0,0,0,0,0,0,26
APP-0092,CUS-0980,2024-11-12,Credit Card,2000,2000.0,,Full-time,64000.0,641,0,0,0,0,0,0,0,41
APP-0093,CUS-0807,2024-10-27,Personal Loan,22500,15700.0,60.0,Part-time,45100.0,635,0,0,0,0,0,0,0,70
APP-0094,CUS-0665,2024-08-11,Credit Card,15000,12000.0,,Full-time,46000.0,627,0,0,0,0,0,0,0,60
APP-0095,CUS-0205,2024-03-15,Personal Loan,34000,30600.0,48.0,Full-time,44900.0,714,0,0,0,0,0,0,0,27
APP-0096,CUS-0604,2023-06-26,Credit Card,15000,10500.0,,Full-time,57800.0,671,30,60,90,120,150,180,1,24
APP-0097,CUS-0828,2024-05-16,Credit Card,15000,7500.0,,Unemployed,47700.0,689,0,0,0,0,0,0,0,59
APP-0098,CUS-0393,2023-09-10,Credit Card,15000,15000.0,,Full-time,27200.0,735,0,0,0,0,0,0,0,54
APP-0099,CUS-0505,2025-02-23,Personal Loan,12500,12500.0,60.0,Unemployed,76800.0,676,0,0,0,0,0,0,0,34
APP-0100,CUS-0018,2023-04-03,Credit Card,10000,5000.0,,Part-time,47200.0,558,0,0,0,30,0,0,0,36
APP-0101,CUS-0301,2023-12-04,Credit Card,2000,2000.0,,Retired,105200.0,610,0,0,0,0,30,0,0,36
APP-0102,CUS-0046,2025-03-27,Personal Loan,41500,37400.0,12.0,Full-time,77300.0,580,0,0,0,0,0,0,0,56
APP-0103,CUS-0312,2024-07-31,Credit Card,2000,1400.0,,Unemployed,80300.0,509,30,60,90,120,150,180,1,70
APP-0104,CUS-0533,2025-01-06,Credit Card,15000,15000.0,,Full-time,65500.0,690,0,0,0,0,0,0,0,45
APP-0105,CUS-0887,2023-05-09,Credit Card,15000,12000.0,,Full-time,110100.0,573,30,0,0,0,0,0,0,52
APP-0106,CUS-0702,2023-03-20,Personal Loan,24500,22000.0,12.0,Full-time,51700.0,565,0,0,30,60,0,0,0,65
APP-0107,CUS-0451,2024-03-28,Personal Loan,39500,31600.0,24.0,Full-time,37900.0,584,0,0,0,30,0,0,0,53
APP-0108,CUS-0824,2024-04-28,Credit Card,10000,10000.0,,Full-time,70700.0,759,0,0,0,0,0,0,0,33
APP-0109,CUS-0345,2025-01-18,Credit Card,5000,4000.0,,Casual,17000.0,653,0,0,0,0,0,0,0,67
APP-0110,CUS-0496,2023-07-14,Credit Card,5000,2500.0,,Full-time,50700.0,770,0,0,0,0,0,0,0,62
APP-0111,CUS-0904,2024-05-29,Credit Card,15000,10500.0,,Retired,66500.0,673,0,0,0,0,0,0,0,61
APP-0112,CUS-0370,2024-11-28,Credit Card,10000,8000.0,,Full-time,49600.0,641,0,0,0,0,0,0,0,67
APP-0113,CUS-0962,2024-02-24,Credit Card,2000,2000.0,,Retired,108000.0,731,0,0,30,0,0,0,0,56
APP-0114,CUS-0276,2024-06-06,Credit Card,10000,10000.0,,Full-time,83400.0,734,0,0,0,0,0,30,0,29
APP-0115,CUS-0037,2025-05-09,Personal Loan,34000,34000.0,24.0,Full-time,63400.0,691,0,0,30,60,90,120,1,34
APP-0116,CUS-0509,2025-05-11,Credit Card,10000,7000.0,,Full-time,49900.0,587,0,0,0,0,0,0,0,42
APP-0117,CUS-0114,2025-05-10,Credit Card,8000,6400.0,,Full-time,100100.0,639,0,0,0,0,0,0,0,37
APP-0118,CUS-0003,2024-10-24,Credit Card,5000,3500.0,,Full-time,43900.0,574,0,0,0,0,0,0,0,66
APP-0119,CUS-0189,2024-06-29,Credit Card,2000,2000.0,,Self-employed,49600.0,657,30,0,0,0,0,0,0,62
APP-0120,CUS-0657,2023-04-02,Personal Loan,42000,33600.0,48.0,Full-time,85100.0,689,0,0,0,0,0,0,0,54
APP-0121,CUS-0064,2023-11-13,Credit Card,15000,15000.0,,Full-time,79300.0,814,0,0,0,0,0,0,0,26
APP-0122,CUS-0299,2023-12-06,Credit Card,10000,10000.0,,Full-time,154900.0,807,0,0,0,0,0,0,0,64
APP-0123,CUS-0928,2024-12-08,Personal Loan,46500,46500.0,24.0,Self-employed,54400.0,741,0,0,0,0,0,0,0,65
APP-0124,CUS-0468,2024-06-08,Credit Card,2000,2000.0,,Full-time,25100.0,766,0,0,0,0,0,0,0,24
APP-0125,CUS-0426,2023-08-03,Credit Card,10000,5000.0,,Part-time,81700.0,701,0,0,0,0,0,0,0,69
APP-0126,CUS-0569,2025-04-10,Personal Loan,29500,20600.0,60.0,Self-employed,107900.0,900,0,0,0,0,0,0,0,62
APP-0127,CUS-0344,2023-03-12,Credit Card,5000,5000.0,,Full-time,55700.0,818,0,0,0,0,0,0,0,68
APP-0128,CUS-0877,2023-12-04,Personal Loan,12500,6200.0,60.0,Full-time,124000.0,900,0,0,0,0,0,0,0,63
APP-0129,CUS-0185,2024-06-20,Credit Card,10000,10000.0,,Full-time,137500.0,715,0,0,0,0,0,0,0,58
APP-0130,CUS-0437,2023-06-21,Credit Card,15000,15000.0,,Retired,44100.0,717,0,0,0,0,0,0,0,62
APP-0131,CUS-0979,2023-04-18,Credit Card,25000,25000.0,,Full-time,48000.0,775,0,0,0,0,0,0,0,61
APP-0132,CUS-0706,2023-09-16,Credit Card,8000,8000.0,,Self-employed,33600.0,697,30,0,0,0,0,0,0,23
APP-0133,CUS-0253,2023-07-25,Personal Loan,23000,20700.0,60.0,Full-time,77300.0,708,0,0,0,0,0,30,0,38
APP-0134,CUS-0568,2023-08-15,Personal Loan,7000,7000.0,48.0,Full-time,83900.0,591,0,0,0,0,0,0,0,24
APP-0135,CUS-0795,2023-10-15,Credit Card,10000,5000.0,,Self-employed,79600.0,765,0,0,0,0,0,0,0,64
APP-0136,CUS-0838,2023-05-21,Personal Loan,47000,47000.0,24.0,Part-time,33900.0,692,0,0,0,0,0,0,0,62
APP-0137,CUS-0946,2024-03-28,Credit Card,2000,1600.0,,Full-time,42100.0,753,0,0,0,0,0,0,0,59
APP-0138,CUS-0609,2023-11-10,Credit Card,2000,1000.0,,Casual,30900.0,660,0,0,0,0,0,0,0,20
APP-0139,CUS-0254,2024-01-22,Credit Card,25000,25000.0,,Full-time,28400.0,520,0,0,0,0,0,0,0,29
APP-0140,CUS-0758,2023-08-15,Personal Loan,37500,33800.0,24.0,Retired,32100.0,725,0,0,0,0,0,0,0,62
APP-0141,CUS-0033,2024-10-14,Personal Loan,22000,11000.0,48.0,Part-time,28800.0,785,0,0,30,0,0,0,0,44
APP-0142,CUS-0131,2024-04-10,Personal Loan,25000,20000.0,60.0,Retired,55100.0,565,0,30,60,90,120,150,1,32
APP-0143,CUS-0881,2024-05-24,Personal Loan,35000,28000.0,36.0,Part-time,73000.0,593,0,0,0,0,0,0,0,65
APP-0144,CUS-0575,2025-03-25,Credit Card,8000,6400.0,,Part-time,80200.0,653,0,0,0,0,0,0,0,62
APP-0145,CUS-0252,2024-11-05,Credit Card,5000,5000.0,,Self-employed,59400.0,658,0,0,0,0,30,0,0,26
APP-0146,CUS-0158,2025-05-19,Credit Card,8000,8000.0,,Part-time,43900.0,527,0,0,0,0,0,0,0,40
APP-0147,CUS-0424,2023-02-16,Credit Card,15000,15000.0,,Full-time,59700.0,838,0,0,0,0,0,30,0,64
APP-0148,CUS-0900,2023-05-26,Personal Loan,18000,18000.0,36.0,Part-time,78100.0,771,0,0,0,0,0,0,0,60
APP-0149,CUS-0721,2025-01-14,Credit Card,8000,6400.0,,Full-time,52300.0,625,0,0,0,30,0,0,0,65
APP-0150,CUS-0024,2024-06-02,Personal Loan,42500,42500.0,60.0,Part-time,61400.0,517,0,0,0,0,0,0,0,60
APP-0151,CUS-0267,2025-06-19,Personal Loan,37000,29600.0,48.0,Unemployed,52000.0,713,0,30,60,0,0,0,0,29
APP-0152,CUS-0672,2024-09-05,Personal Loan,39000,35100.0,36.0,Part-time,47000.0,859,0,0,0,0,0,0,0,47
APP-0153,CUS-0249,2025-01-30,Personal Loan,14000,7000.0,12.0,Self-employed,60900.0,755,0,0,0,0,0,0,0,64
APP-0154,CUS-0474,2023-05-19,Credit Card,10000,8000.0,,Full-time,35700.0,784,30,60,0,0,0,0,0,21
APP-0155,CUS-0153,2023-03-11,Credit Card,2000,1000.0,,Full-time,97600.0,595,30,60,90,120,150,180,1,60
APP-0156,CUS-0410,2024-04-29,Personal Loan,31000,15500.0,48.0,Full-time,29000.0,701,30,60,0,0,0,0,0,37
APP-0157,CUS-0652,2024-05-03,Credit Card,5000,5000.0,,Full-time,74200.0,545,0,0,0,0,0,0,0,51
APP-0158,CUS-0187,2023-07-02,Personal Loan,22000,11000.0,48.0,Full-time,31900.0,858,0,0,0,0,0,0,0,63
APP-0159,CUS-0445,2025-03-10,Credit Card,10000,9000.0,,Full-time,120700.0,731,0,0,0,0,0,0,0,41
APP-0160,CUS-0381,2023-11-28,Personal Loan,49000,34300.0,60.0,Full-time,89600.0,491,0,0,30,60,90,120,1,50
APP-0161,CUS-0988,2024-01-26,Credit Card,5000,5000.0,,Casual,41100.0,514,0,0,0,0,0,0,0,41
APP-0162,CUS-0901,2023-10-23,Personal Loan,22500,22500.0,12.0,Casual,48600.0,723,0,0,0,0,0,0,0,30
APP-0163,CUS-0218,2024-04-04,Personal Loan,25500,25500.0,36.0,Self-employed,35500.0,692,0,0,0,0,0,0,0,52
APP-0164,CUS-0749,2025-01-12,Credit Card,25000,25000.0,,Self-employed,58300.0,652,0,0,0,0,0,0,0,44
APP-0165,CUS-0705,2024-02-16,Personal Loan,28000,28000.0,48.0,Self-employed,72500.0,735,0,0,0,0,30,0,0,46
APP-0166,CUS-0005,2023-08-02,Personal Loan,30000,24000.0,36.0,Casual,195800.0,861,0,0,0,0,0,0,0,40
APP-0167,CUS-0174,2024-08-31,Personal Loan,24000,24000.0,36.0,Full-time,31800.0,713,0,0,0,0,0,0,0,70
APP-0168,CUS-0011,2024-05-07,Credit Card,8000,8000.0,,Full-time,106400.0,518,0,0,0,0,0,0,0,46
APP-0169,CUS-0851,2023-06-23,Credit Card,2000,2000.0,,Full-time,45700.0,666,0,30,60,90,120,150,1,50
APP-0170,CUS-0199,2024-06-17,Credit Card,25000,17500.0,,Full-time,68000.0,562,0,0,0,0,0,0,0,66
APP-0171,CUS-0613,2023-07-30,Credit Card,10000,9000.0,,Self-employed,90000.0,608,0,0,30,60,90,120,1,36
APP-0172,CUS-0802,2023-10-28,Personal Loan,31000,21700.0,24.0,Full-time,77000.0,709,0,0,0,0,0,0,0,28
APP-0173,CUS-0159,2023-05-07,Personal Loan,9000,9000.0,60.0,Self-employed,72800.0,664,0,0,0,0,0,30,0,61
APP-0174,CUS-0589,2025-04-26,Personal Loan,22500,22500.0,36.0,Full-time,54700.0,584,0,0,0,0,0,0,0,26
APP-0175,CUS-0718,2024-10-12,Credit Card,2000,2000.0,,Full-time,59600.0,677,0,0,0,0,0,0,0,22
APP-0176,CUS-0248,2023-10-30,Credit Card,8000,5600.0,,Self-employed,64300.0,606,30,60,90,120,150,180,1,31
APP-0177,CUS-0591,2024-06-16,Personal Loan,41000,32800.0,48.0,Casual,104300.0,727,0,0,0,0,0,0,0,41
APP-0178,CUS-0374,2023-10-25,Personal Loan,30000,30000.0,36.0,Unemployed,30300.0,658,0,0,0,0,0,0,0,63
APP-0179,CUS-0348,2025-05-16,Credit Card,5000,5000.0,,Part-time,47700.0,715,30,60,0,0,0,0,0,46
APP-0180,CUS-0999,2024-09-22,Credit Card,25000,25000.0,,Retired,33600.0,655,0,0,0,30,0,0,0,32
APP-0181,CUS-0684,2023-02-09,Credit Card,25000,20000.0,,Part-time,38300.0,747,0,0,0,0,0,0,0,20
APP-0182,CUS-0788,2024-03-20,Personal Loan,42500,21200.0,12.0,Full-time,41400.0,667,0,0,0,0,0,0,0,43
APP-0183,CUS-0512,2024-01-01,Credit Card,2000,1400.0,,Full-time,99500.0,678,0,0,0,0,0,0,0,69
APP-0184,CUS-0186,2024-10-22,Personal Loan,36500,29200.0,36.0,Casual,161600.0,628,0,0,0,0,0,0,0,52
APP-0185,CUS-0630,2025-06-05,Personal Loan,39000,39000.0,60.0,Retired,112100.0,692,0,0,0,0,0,0,0,67
APP-0186,CUS-0184,2023-05-20,Credit Card,2000,1400.0,,Self-employed,34600.0,520,0,0,0,0,0,0,0,34
APP-0187,CUS-0369,2023-05-26,Personal Loan,46500,23200.0,48.0,Retired,62000.0,900,0,0,0,0,0,0,0,45
APP-0188,CUS-0865,2023-05-15,Credit Card,15000,7500.0,,Part-time,35400.0,618,0,0,0,0,0,0,0,35
APP-0189,CUS-0255,2025-05-07,Personal Loan,8500,6000.0,60.0,Full-time,73600.0,688,0,0,0,0,0,0,0,29
APP-0190,CUS-1000,2024-11-01,Credit Card,5000,5000.0,,Part-time,107800.0,636,30,60,0,0,0,0,0,61
APP-0191,CUS-0040,2024-03-03,Personal Loan,17000,17000.0,24.0,Retired,78600.0,635,0,0,0,0,0,0,0,47
APP-0192,CUS-0327,2023-12-20,Credit Card,10000,7000.0,,Full-time,89600.0,715,0,0,0,0,0,0,0,33
APP-0193,CUS-0012,2024-06-16,Personal Loan,23000,23000.0,12.0,Full-time,55900.0,633,0,0,0,0,0,0,0,47
APP-0194,CUS-0813,2025-02-19,Credit Card,25000,25000.0,,Full-time,24100.0,640,0,0,0,0,0,30,0,68
APP-0195,CUS-0585,2023-02-24,Credit Card,15000,10500.0,,Part-time,23900.0,555,0,0,0,30,60,90,1,49
APP-0196,CUS-0341,2023-08-01,Personal Loan,33500,33500.0,24.0,Self-employed,57200.0,596,0,0,0,0,0,0,0,37
APP-0197,CUS-0093,2024-08-15,Credit Card,5000,5000.0,,Retired,78100.0,574,0,0,0,0,0,0,0,27
APP-0198,CUS-0204,2023-08-07,Personal Loan,39500,39500.0,12.0,Casual,107800.0,841,0,0,0,0,0,0,0,53
APP-0199,CUS-0431,2025-06-01,Personal Loan,49000,49000.0,48.0,Self-employed,51000.0,559,0,0,0,0,0,0,0,34
APP-0200,CUS-0947,2025-02-25,Personal Loan,24000,24000.0,60.0,Self-employed,62000.0,582,0,0,0,0,0,0,0,37
APP-0201,CUS-0392,2025-01-13,Personal Loan,20000,16000.0,36.0,Self-employed,67400.0,696,0,0,0,0,0,0,0,29
APP-0202,CUS-0558,2023-11-26,Personal Loan,12500,10000.0,48.0,Part-time,97900.0,807,0,0,0,0,0,0,0,58
APP-0203,CUS-0284,2023-03-10,Personal Loan,20500,14300.0,12.0,Retired,58000.0,526,0,0,30,60,0,0,0,32
APP-0204,CUS-0083,2023-04-11,Credit Card,15000,12000.0,,Retired,36100.0,539,0,0,0,0,0,0,0,68
APP-0205,CUS-0709,2024-05-17,Personal Loan,47000,42300.0,48.0,Full-time,98800.0,690,0,0,0,0,0,0,0,57
APP-0206,CUS-0600,2023-07-20,Personal Loan,40500,28400.0,60.0,Full-time,72400.0,709,0,0,0,0,0,0,0,35
APP-0207,CUS-0484,2024-11-21,Personal Loan,23500,16400.0,24.0,Unemployed,71400.0,551,0,0,0,0,0,0,0,32
APP-0208,CUS-0662,2024-12-02,Credit Card,25000,25000.0,,Casual,33200.0,517,0,0,0,0,0,0,0,30
APP-0209,CUS-0830,2023-07-31,Personal Loan,36000,36000.0,36.0,Full-time,59700.0,592,0,0,0,0,0,0,0,61
APP-0210,CUS-0411,2023-08-30,Credit Card,25000,17500.0,,Retired,27000.0,746,0,0,30,60,0,0,0,25
APP-0211,CUS-0560,2025-04-28,Credit Card,2000,2000.0,,Full-time,23700.0,675,0,30,60,90,120,150,1,51
APP-0212,CUS-0165,2024-05-21,Credit Card,25000,25000.0,,Part-time,53600.0,746,0,0,0,30,60,0,0,34
APP-0213,CUS-0546,2023-03-07,Personal Loan,25000,25000.0,60.0,Full-time,49000.0,669,30,60,90,120,150,180,1,52
APP-0214,CUS-0537,2025-01-30,Credit Card,5000,5000.0,,Full-time,77800.0,676,0,0,0,0,0,0,0,67
APP-0215,CUS-0729,2025-01-17,Personal Loan,37500,37500.0,36.0,Full-time,116600.0,734,0,0,0,0,0,0,0,61
APP-0216,CUS-0244,2024-07-10,Credit Card,5000,4000.0,,Full-time,58900.0,668,0,0,0,30,0,0,0,44
APP-0217,CUS-0781,2023-07-24,Credit Card,10000,10000.0,,Full-time,136800.0,700,0,0,0,0,0,0,0,30
APP-0218,CUS-0042,2024-11-16,Personal Loan,41000,41000.0,48.0,Full-time,45600.0,596,0,30,60,90,120,150,1,62
APP-0219,CUS-0324,2024-01-04,Credit Card,25000,25000.0,,Part-time,85200.0,624,0,0,0,0,0,0,0,27
APP-0220,CUS-0106,2025-06-08,Credit Card,10000,5000.0,,Full-time,33300.0,721,0,0,0,0,0,0,0,23
APP-0221,CUS-0603,2025-02-20,Personal Loan,22000,15400.0,48.0,Self-employed,63500.0,657,0,0,0,0,0,0,0,23
APP-0222,CUS-0128,2023-09-30,Credit Card,5000,5000.0,,Retired,51700.0,611,0,0,0,0,30,0,0,28
APP-0223,CUS-0894,2025-03-19,Personal Loan,6500,6500.0,36.0,Retired,54400.0,737,0,0,30,60,0,0,0,45
APP-0224,CUS-0922,2025-03-09,Credit Card,2000,2000.0,,Casual,78600.0,727,0,0,0,0,0,0,0,47
APP-0225,CUS-0820,2023-08-12,Personal Loan,46500,41800.0,60.0,Self-employed,25000.0,678,0,0,0,0,0,0,0,65
APP-0226,CUS-0103,2024-05-17,Credit Card,5000,2500.0,,Full-time,63200.0,610,0,0,0,0,0,0,0,34
APP-0227,CUS-0319,2024-10-20,Personal Loan,17500,12200.0,12.0,Unemployed,41100.0,759,0,0,0,0,0,0,0,57
APP-0228,CUS-0920,2023-07-03,Credit Card,15000,7500.0,,Part-time,63200.0,900,0,0,0,0,0,0,0,38
APP-0229,CUS-0210,2025-02-16,Personal Loan,49000,44100.0,48.0,Part-time,71800.0,604,0,0,30,60,0,0,0,55
APP-0230,CUS-0841,2023-05-01,Credit Card,15000,15000.0,,Casual,50400.0,539,0,30,60,90,120,150,1,48
APP-0231,CUS-0972,2024-10-19,Credit Card,25000,25000.0,,Full-time,50400.0,608,0,0,0,0,0,0,0,53
APP-0232,CUS-0264,2023-10-26,Personal Loan,36500,36500.0,48.0,Full-time,35100.0,594,0,0,0,0,0,0,0,26
APP-0233,CUS-0329,2025-05-18,Credit Card,10000,10000.0,,Full-time,77100.0,564,0,0,0,0,30,60,0,28
APP-0234,CUS-0168,2023-05-06,Personal Loan,32000,28800.0,48.0,Retired,43900.0,572,0,0,0,0,0,0,0,66
APP-0235,CUS-0529,2023-11-11,Personal Loan,49500,49500.0,60.0,Full-time,73500.0,754,0,0,0,0,30,0,0,50
APP-0236,CUS-0521,2024-12-04,Credit Card,10000,10000.0,,Full-time,31000.0,755,0,30,0,0,0,0,0,40
APP-0237,CUS-0125,2023-12-15,Credit Card,5000,4000.0,,Unemployed,112600.0,811,0,0,0,0,0,0,0,28
APP-0238,CUS-0457,2024-05-22,Personal Loan,23500,23500.0,12.0,Part-time,37300.0,745,0,0,0,0,0,0,0,43
APP-0239,CUS-0844,2023-09-08,Personal Loan,15500,7800.0,12.0,Self-employed,102100.0,635,0,0,0,0,0,0,0,63
APP-0240,CUS-0282,2023-02-10,Credit Card,8000,5600.0,,Self-employed,48700.0,776,0,0,0,0,0,0,0,36
APP-0241,CUS-0391,2023-01-16,Credit Card,2000,2000.0,,Casual,77000.0,623,0,0,0,0,0,0,0,22
APP-0242,CUS-0076,2025-03-11,Personal Loan,10500,7300.0,36.0,Full-time,56000.0,647,0,0,30,60,90,120,1,32
APP-0243,CUS-0690,2025-01-03,Credit Card,15000,12000.0,,Full-time,81900.0,572,0,0,0,0,0,0,0,56
APP-0244,CUS-0583,2024-06-26,Personal Loan,5500,5500.0,60.0,Full-time,60000.0,788,0,0,0,0,0,0,0,47
APP-0245,CUS-0310,2024-09-09,Credit Card,5000,4000.0,,Part-time,107600.0,769,30,0,0,0,0,0,0,40
APP-0246,CUS-0170,2024-02-08,Personal Loan,11000,11000.0,48.0,Full-time,81600.0,636,0,0,0,0,0,0,0,22
APP-0247,CUS-0385,2024-04-27,Personal Loan,35500,35500.0,60.0,Full-time,82000.0,650,0,0,30,60,90,120,1,67
APP-0248,CUS-0755,2023-05-09,Credit Card,8000,8000.0,,Retired,129400.0,681,0,0,0,0,0,0,0,27
APP-0249,CUS-0845,2023-03-29,Personal Loan,45500,45500.0,60.0,Retired,43400.0,696,0,0,0,0,0,0,0,36
APP-0250,CUS-0970,2024-03-04,Credit Card,5000,4000.0,,Self-employed,109200.0,754,0,0,0,0,0,30,0,66
APP-0251,CUS-0599,2025-06-20,Credit Card,25000,25000.0,,Full-time,61900.0,684,0,30,60,90,120,150,1,27
APP-0252,CUS-0768,2025-04-15,Credit Card,8000,8000.0,,Retired,30200.0,714,0,30,60,90,120,150,1,39
APP-0253,CUS-0826,2024-05-02,Personal Loan,47000,42300.0,60.0,Full-time,74700.0,543,0,0,0,30,60,90,1,63
APP-0254,CUS-0854,2024-06-16,Credit Card,25000,12500.0,,Retired,54500.0,650,0,0,0,0,0,0,0,35
APP-0255,CUS-0172,2025-01-22,Personal Loan,8500,6000.0,60.0,Casual,130500.0,516,30,0,0,0,0,0,0,66
APP-0256,CUS-0404,2024-02-23,Credit Card,10000,10000.0,,Unemployed,47700.0,838,30,0,0,0,0,0,0,34
APP-0257,CUS-0126,2023-12-11,Credit Card,15000,15000.0,,Unemployed,61200.0,803,0,0,0,0,0,0,0,25
APP-0258,CUS-0232,2024-07-07,Credit Card,2000,1800.0,,Part-time,66700.0,742,0,0,0,0,0,0,0,50
APP-0259,CUS-0230,2024-04-12,Credit Card,10000,9000.0,,Full-time,24800.0,777,0,0,30,60,0,0,0,61
APP-0260,CUS-0171,2024-05-16,Credit Card,8000,6400.0,,Retired,75700.0,858,0,0,0,30,0,0,0,37
APP-0261,CUS-0260,2023-01-31,Credit Card,10000,10000.0,,Full-time,37800.0,762,0,0,0,0,0,0,0,56
APP-0262,CUS-0682,2024-07-22,Credit Card,8000,4000.0,,Full-time,114600.0,534,0,0,0,30,60,90,1,25
APP-0263,CUS-0753,2023-12-24,Credit Card,25000,25000.0,,Part-time,129200.0,659,0,0,0,0,0,0,0,62
APP-0264,CUS-0519,2023-07-01,Personal Loan,11500,9200.0,36.0,Full-time,59600.0,466,0,0,0,0,0,0,0,63
APP-0265,CUS-0587,2024-12-16,Credit Card,15000,13500.0,,Full-time,28800.0,604,0,0,0,0,0,30,0,54
APP-0266,CUS-0676,2023-05-16,Personal Loan,24500,17200.0,48.0,Full-time,65100.0,565,0,0,0,0,0,0,0,51
APP-0267,CUS-0977,2023-06-16,Credit Card,25000,25000.0,,Full-time,64900.0,677,0,0,0,0,0,30,0,31
APP-0268,CUS-0990,2023-01-12,Credit Card,25000,22500.0,,Retired,83500.0,712,0,0,0,0,0,0,0,44
APP-0269,CUS-0515,2024-10-25,Credit Card,5000,3500.0,,Retired,52200.0,594,0,0,0,0,0,0,0,23
APP-0270,CUS-0584,2025-01-27,Credit Card,2000,2000.0,,Unemployed,34600.0,652,0,0,0,0,0,0,0,49
APP-0271,CUS-0317,2023-12-21,Personal Loan,5500,5000.0,12.0,Casual,56100.0,702,0,0,0,0,0,0,0,46
APP-0272,CUS-0645,2023-01-03,Credit Card,10000,10000.0,,Casual,39100.0,663,0,0,0,0,0,0,0,55
APP-0273,CUS-0964,2024-02-21,Credit Card,2000,2000.0,,Full-time,135600.0,661,0,30,60,90,120,150,1,33
APP-0274,CUS-0647,2023-08-22,Credit Card,5000,4000.0,,Retired,43200.0,461,0,0,0,30,60,90,1,68
APP-0275,CUS-0691,2023-07-31,Personal Loan,49000,49000.0,12.0,Full-time,44300.0,637,0,0,0,0,0,0,0,31
APP-0276,CUS-0746,2024-06-17,Personal Loan,11500,10400.0,60.0,Full-time,58600.0,748,0,0,0,0,0,30,0,39
APP-0277,CUS-0967,2024-10-12,Personal Loan,8000,4000.0,36.0,Full-time,33800.0,700,0,0,0,0,0,0,0,36
APP-0278,CUS-0335,2024-03-31,Personal Loan,8500,6000.0,24.0,Full-time,48700.0,544,0,0,0,0,0,0,0,22
APP-0279,CUS-0233,2023-10-31,Credit Card,10000,8000.0,,Full-time,56200.0,652,0,0,0,0,0,0,0,38
APP-0280,CUS-0192,2025-04-01,Personal Loan,34000,30600.0,24.0,Casual,47800.0,701,0,0,0,0,0,0,0,45
APP-0281,CUS-0983,2024-05-08,Credit Card,15000,7500.0,,Full-time,53300.0,589,0,0,0,0,0,0,0,32
APP-0282,CUS-0761,2023-07-14,Personal Loan,29000,29000.0,60.0,Casual,106200.0,738,0,0,0,30,60,90,1,54
APP-0283,CUS-0799,2025-01-09,Credit Card,10000,10000.0,,Part-time,73100.0,605,0,0,0,0,0,0,0,70
APP-0284,CUS-0797,2023-04-14,Personal Loan,16000,14400.0,48.0,Casual,32300.0,647,30,60,90,120,150,180,1,68
APP-0285,CUS-0482,2025-03-02,Credit Card,25000,22500.0,,Casual,49100.0,667,0,0,0,0,0,0,0,51
APP-0286,CUS-0154,2023-05-27,Credit Card,15000,13500.0,,Self-employed,84500.0,877,0,0,0,0,0,0,0,51
APP-0287,CUS-0458,2024-05-31,Personal Loan,42000,33600.0,12.0,Full-time,44300.0,648,0,0,0,0,0,0,0,55
APP-0288,CUS-0694,2024-03-29,Personal Loan,20500,20500.0,60.0,Part-time,62200.0,625,0,0,0,0,0,0,0,62
APP-0289,CUS-0989,2025-05-26,Credit Card,25000,25000.0,,Full-time,59100.0,741,0,0,0,0,0,0,0,65
APP-0290,CUS-0710,2023-09-23,Credit Card,10000,10000.0,,Part-time,76400.0,634,0,0,0,0,30,60,0,40
APP-0291,CUS-0805,2023-04-07,Credit Card,8000,6400.0,,Full-time,55100.0,694,0,0,30,60,90,120,1,56
APP-0292,CUS-0955,2024-02-19,Personal Loan,21000,16800.0,48.0,Unemployed,56100.0,474,30,60,90,120,150,180,1,51
APP-0293,CUS-0052,2023-10-13,Personal Loan,23500,11800.0,36.0,Retired,40300.0,704,0,0,0,0,0,0,0,38
APP-0294,CUS-0873,2024-09-18,Credit Card,2000,1600.0,,Full-time,70700.0,675,30,60,90,120,150,180,1,70
APP-0295,CUS-0262,2023-02-26,Credit Card,2000,2000.0,,Full-time,39000.0,561,0,0,0,0,0,0,0,41
APP-0296,CUS-0234,2023-10-20,Credit Card,10000,10000.0,,Full-time,133200.0,799,0,0,0,0,0,0,0,49
APP-0297,CUS-0527,2025-03-24,Personal Loan,23500,11800.0,24.0,Part-time,59300.0,655,0,0,0,0,0,0,0,57
APP-0298,CUS-0896,2024-08-28,Credit Card,15000,10500.0,,Full-time,54000.0,659,0,0,0,0,0,30,0,56
APP-0299,CUS-0499,2023-04-22,Credit Card,25000,25000.0,,Full-time,86100.0,558,0,0,0,0,0,0,0,54
APP-0300,CUS-0625,2023-01-18,Personal Loan,43500,39200.0,24.0,Part-time,57600.0,530,0,0,0,0,0,0,0,58
APP-0301,CUS-0412,2024-04-26,Personal Loan,24500,24500.0,12.0,Full-time,62400.0,626,0,0,0,0,0,0,0,58
APP-0302,CUS-0197,2024-05-12,Personal Loan,27500,27500.0,36.0,Full-time,58400.0,540,0,0,0,0,0,0,0,54
APP-0303,CUS-0731,2023-06-24,Credit Card,8000,4000.0,,Full-time,42900.0,721,0,0,0,30,0,0,0,27
APP-0304,CUS-0642,2025-04-06,Credit Card,2000,2000.0,,Part-time,39100.0,755,0,0,0,0,0,0,0,25
APP-0305,CUS-0732,2023-01-25,Credit Card,10000,9000.0,,Full-time,43400.0,619,0,0,0,0,0,0,0,41
APP-0306,CUS-0063,2025-05-01,Personal Loan,47000,32900.0,48.0,Self-employed,100900.0,532,0,0,0,0,0,0,0,44
APP-0307,CUS-0081,2023-01-06,Personal Loan,9000,6300.0,48.0,Full-time,44800.0,641,0,0,0,30,60,90,1,50
APP-0308,CUS-0321,2024-06-04,Credit Card,10000,5000.0,,Full-time,49700.0,581,0,0,0,0,0,0,0,45
APP-0309,CUS-0150,2025-06-08,Credit Card,15000,12000.0,,Casual,48700.0,692,0,30,60,0,0,0,0,28
APP-0310,CUS-0804,2025-06-14,Personal Loan,43000,30100.0,60.0,Retired,82600.0,693,0,0,0,0,0,0,0,34
APP-0311,CUS-0443,2025-05-21,Credit Card,8000,8000.0,,Full-time,149200.0,638,0,0,0,0,0,0,0,57
APP-0312,CUS-0809,2023-08-03,Personal Loan,15500,15500.0,12.0,Full-time,39100.0,683,0,0,0,0,0,0,0,60
APP-0313,CUS-0688,2024-10-13,Personal Loan,6500,5200.0,24.0,Unemployed,77100.0,770,30,60,0,0,0,0,0,38
APP-0314,CUS-0176,2023-09-29,Personal Loan,49000,39200.0,36.0,Self-employed,63300.0,830,30,0,0,0,0,0,0,37
APP-0315,CUS-0608,2023-10-11,Personal Loan,46500,32500.0,24.0,Full-time,52100.0,630,0,0,0,30,0,0,0,34
APP-0316,CUS-0306,2024-02-13,Credit Card,10000,9000.0,,Full-time,75600.0,741,0,0,0,0,0,30,0,37
APP-0317,CUS-0724,2024-01-26,Credit Card,15000,15000.0,,Self-employed,33300.0,655,0,0,0,30,0,0,0,31
APP-0318,CUS-0221,2024-04-08,Credit Card,10000,5000.0,,Full-time,87900.0,581,0,30,60,90,120,150,1,64
APP-0319,CUS-0843,2023-04-08,Credit Card,2000,1600.0,,Full-time,66300.0,792,0,0,0,0,0,0,0,50
APP-0320,CUS-0074,2025-01-16,Personal Loan,16000,16000.0,48.0,Part-time,37800.0,712,0,0,0,0,0,0,0,32
APP-0321,CUS-0921,2023-11-14,Personal Loan,45500,45500.0,48.0,Part-time,124800.0,689,0,0,0,0,0,0,0,49
APP-0322,CUS-0045,2024-02-12,Personal Loan,9000,6300.0,24.0,Part-time,88600.0,708,0,0,0,0,0,0,0,33
APP-0323,CUS-0774,2024-12-06,Personal Loan,25000,20000.0,24.0,Self-employed,102300.0,662,0,0,0,0,0,0,0,43
APP-0324,CUS-0403,2023-02-13,Credit Card,25000,22500.0,,Retired,30600.0,582,0,0,0,0,0,0,0,54
APP-0325,CUS-0871,2024-07-09,Credit Card,25000,25000.0,,Full-time,52800.0,836,0,0,0,0,0,0,0,55
APP-0326,CUS-0723,2024-09-29,Credit Card,25000,17500.0,,Full-time,47100.0,757,0,0,0,0,0,0,0,59
APP-0327,CUS-0629,2025-02-08,Credit Card,5000,4000.0,,Self-employed,79900.0,700,0,0,0,30,60,90,1,36
APP-0328,CUS-0998,2023-07-22,Personal Loan,19000,15200.0,60.0,Full-time,111800.0,763,0,0,0,0,0,0,0,51
APP-0329,CUS-0417,2023-05-17,Personal Loan,17500,17500.0,36.0,Retired,24900.0,792,0,0,0,0,0,0,0,51
APP-0330,CUS-0852,2025-03-14,Credit Card,15000,15000.0,,Casual,60400.0,658,0,30,60,90,120,150,1,32
APP-0331,CUS-0422,2024-04-12,Credit Card,10000,7000.0,,Self-employed,56500.0,729,0,0,0,0,0,0,0,35
APP-0332,CUS-0777,2023-07-13,Personal Loan,23000,18400.0,48.0,Part-time,94900.0,647,0,0,30,60,0,0,0,40
APP-0333,CUS-0767,2025-01-31,Personal Loan,22000,11000.0,48.0,Full-time,58800.0,734,0,30,0,0,0,0,0,63
APP-0334,CUS-0511,2023-09-27,Personal Loan,7000,6300.0,36.0,Casual,33300.0,653,0,0,0,0,0,0,0,24
APP-0335,CUS-0200,2023-09-06,Credit Card,25000,20000.0,,Full-time,54700.0,895,0,0,30,60,90,120,1,22
APP-0336,CUS-0135,2023-05-06,Credit Card,10000,10000.0,,Full-time,37200.0,644,30,60,0,0,0,0,0,40
APP-0337,CUS-0300,2024-09-07,Credit Card,10000,9000.0,,Full-time,41900.0,723,0,0,0,0,0,0,0,66
APP-0338,CUS-0142,2023-10-03,Personal Loan,5500,5500.0,36.0,Full-time,61000.0,718,0,0,0,0,0,0,0,54
APP-0339,CUS-0387,2024-10-05,Credit Card,25000,25000.0,,Full-time,48000.0,646,0,0,0,0,0,0,0,35
APP-0340,CUS-0330,2024-07-01,Credit Card,10000,10000.0,,Full-time,68100.0,761,0,0,0,30,60,0,0,27
APP-0341,CUS-0236,2024-07-26,Credit Card,5000,5000.0,,Self-employed,29800.0,669,0,0,0,0,0,0,0,47
APP-0342,CUS-0697,2023-09-01,Credit Card,5000,4500.0,,Unemployed,174300.0,639,0,0,0,0,0,0,0,20
APP-0343,CUS-0178,2023-12-27,Credit Card,25000,25000.0,,Unemployed,107000.0,676,30,0,0,0,0,0,0,56
APP-0344,CUS-0098,2023-02-14,Personal Loan,34000,30600.0,36.0,Part-time,83300.0,609,0,0,0,0,0,0,0,61
APP-0345,CUS-0948,2023-11-09,Personal Loan,26000,18200.0,36.0,Part-time,33000.0,784,0,0,0,0,0,0,0,37
APP-0346,CUS-0912,2024-06-18,Credit Card,10000,10000.0,,Full-time,22200.0,733,0,30,0,0,0,0,0,41
APP-0347,CUS-0027,2025-05-31,Credit Card,8000,8000.0,,Full-time,40200.0,765,0,0,0,0,0,0,0,29
APP-0348,CUS-0315,2024-10-31,Credit Card,5000,5000.0,,Self-employed,53800.0,555,0,0,0,0,0,0,0,40
APP-0349,CUS-0954,2023-05-09,Personal Loan,25500,25500.0,60.0,Part-time,167200.0,701,0,0,0,0,0,0,0,49
APP-0350,CUS-0602,2023-04-10,Credit Card,8000,6400.0,,Part-time,109200.0,607,0,30,60,90,120,150,1,69
APP-0351,CUS-0956,2025-05-28,Credit Card,25000,22500.0,,Self-employed,47000.0,684,0,0,0,0,30,0,0,42
APP-0352,CUS-0905,2024-01-22,Personal Loan,32500,29200.0,60.0,Self-employed,104400.0,791,30,0,0,0,0,0,0,26
APP-0353,CUS-0226,2023-12-08,Personal Loan,49500,34600.0,48.0,Casual,105100.0,699,0,0,0,0,0,0,0,62
APP-0354,CUS-0220,2023-03-04,Credit Card,8000,5600.0,,Full-time,60300.0,660,0,0,0,0,0,0,0,44
APP-0355,CUS-0137,2023-02-28,Personal Loan,12000,12000.0,36.0,Part-time,104800.0,777,0,0,0,0,0,0,0,20
APP-0356,CUS-0941,2023-01-16,Credit Card,25000,25000.0,,Self-employed,69700.0,767,0,30,60,0,0,0,0,43
APP-0357,CUS-0544,2024-01-01,Credit Card,10000,9000.0,,Self-employed,44300.0,843,0,0,0,0,0,0,0,22
APP-0358,CUS-0383,2023-12-08,Personal Loan,28000,28000.0,36.0,Retired,34900.0,509,0,0,0,0,0,30,0,27
APP-0359,CUS-0325,2024-03-24,Personal Loan,25000,22500.0,24.0,Part-time,56600.0,706,0,0,0,0,0,30,0,24
APP-0360,CUS-0487,2023-09-19,Credit Card,8000,5600.0,,Part-time,94800.0,639,0,0,0,0,0,0,0,40
APP-0361,CUS-0971,2024-03-03,Personal Loan,32000,25600.0,36.0,Full-time,32100.0,598,0,0,0,0,0,0,0,22
APP-0362,CUS-0190,2025-03-08,Personal Loan,49500,49500.0,36.0,Part-time,28500.0,687,0,0,30,0,0,0,0,27
APP-0363,CUS-0669,2025-01-08,Credit Card,2000,1600.0,,Part-time,77100.0,572,0,0,0,0,0,0,0,69
APP-0364,CUS-0442,2023-01-13,Personal Loan,38500,38500.0,12.0,Retired,17200.0,475,0,0,0,0,0,0,0,62
APP-0365,CUS-0827,2023-02-13,Personal Loan,6000,6000.0,60.0,Retired,138500.0,595,30,60,90,120,150,180,1,63
APP-0366,CUS-0277,2024-08-11,Credit Card,2000,2000.0,,Full-time,48900.0,653,30,60,90,120,150,180,1,60
APP-0367,CUS-0590,2024-01-08,Credit Card,2000,1800.0,,Full-time,83900.0,844,0,0,0,0,0,0,0,54
APP-0368,CUS-0402,2024-10-30,Personal Loan,9000,8100.0,36.0,Full-time,140900.0,611,0,0,0,0,0,0,0,50
APP-0369,CUS-0926,2023-02-19,Personal Loan,13000,13000.0,48.0,Self-employed,30700.0,571,0,0,0,0,0,0,0,57
APP-0370,CUS-0567,2024-01-15,Credit Card,2000,2000.0,,Full-time,36900.0,498,30,0,0,0,0,0,0,58
APP-0371,CUS-0903,2025-03-05,Personal Loan,32500,32500.0,60.0,Self-employed,168000.0,645,0,0,0,0,0,0,0,66
APP-0372,CUS-0013,2024-04-01,Credit Card,10000,5000.0,,Part-time,52500.0,655,30,60,0,0,0,0,0,42
APP-0373,CUS-0090,2024-12-17,Credit Card,5000,5000.0,,Retired,56500.0,690,0,0,0,0,0,0,0,38
APP-0374,CUS-0031,2023-08-14,Credit Card,15000,15000.0,,Full-time,66500.0,546,0,0,0,0,0,0,0,43
APP-0375,CUS-0077,2023-03-18,Personal Loan,9500,7600.0,36.0,Full-time,97400.0,608,0,30,60,0,0,0,0,66
APP-0376,CUS-0156,2023-08-18,Credit Card,10000,10000.0,,Full-time,110200.0,472,0,0,0,0,0,0,0,57
APP-0377,CUS-0716,2024-09-30,Personal Loan,39500,39500.0,48.0,Part-time,63000.0,691,0,0,0,0,0,0,0,64
APP-0378,CUS-0984,2023-02-18,Personal Loan,30500,24400.0,24.0,Self-employed,51300.0,535,0,30,60,90,120,150,1,43
APP-0379,CUS-0084,2023-07-14,Credit Card,25000,25000.0,,Part-time,58900.0,429,0,0,0,30,60,90,1,62
APP-0380,CUS-0044,2025-04-05,Credit Card,5000,5000.0,,Part-time,68800.0,781,0,0,0,0,0,0,0,52
APP-0381,CUS-0996,2024-04-12,Credit Card,8000,8000.0,,Retired,109400.0,722,0,0,0,0,0,0,0,34
APP-0382,CUS-0269,2023-01-27,Credit Card,10000,10000.0,,Self-employed,63700.0,708,0,0,0,0,0,0,0,52
APP-0383,CUS-0891,2024-06-15,Personal Loan,17000,13600.0,60.0,Full-time,138300.0,708,0,0,30,0,0,0,0,27
APP-0384,CUS-0129,2023-05-05,Credit Card,25000,25000.0,,Retired,40300.0,583,0,0,30,60,0,0,0,28
APP-0385,CUS-0242,2025-03-12,Credit Card,5000,4000.0,,Casual,76500.0,773,0,0,0,0,0,0,0,47
APP-0386,CUS-0394,2024-10-21,Personal Loan,12500,12500.0,12.0,Full-time,134300.0,582,0,30,60,90,120,150,1,58
APP-0387,CUS-0023,2025-03-02,Credit Card,10000,10000.0,,Full-time,108300.0,848,0,0,0,0,0,0,0,39
APP-0388,CUS-0757,2024-02-21,Credit Card,15000,12000.0,,Casual,69800.0,697,0,0,0,0,0,0,0,40
APP-0389,CUS-0504,2023-03-02,Credit Card,25000,25000.0,,Part-time,39900.0,510,0,0,0,0,0,0,0,66
APP-0390,CUS-0564,2024-04-11,Credit Card,10000,10000.0,,Part-time,43100.0,755,0,0,0,0,0,0,0,22
APP-0391,CUS-0793,2024-04-29,Credit Card,15000,13500.0,,Full-time,55700.0,854,0,30,0,0,0,0,0,38
APP-0392,CUS-0736,2023-09-26,Personal Loan,21500,17200.0,60.0,Self-employed,69100.0,653,30,60,0,0,0,0,0,33
APP-0393,CUS-0856,2023-08-08,Credit Card,5000,4500.0,,Self-employed,53400.0,772,0,0,0,0,0,0,0,34
APP-0394,CUS-0800,2023-05-27,Credit Card,10000,10000.0,,Full-time,30600.0,657,0,0,0,0,0,0,0,61
APP-0395,CUS-0436,2025-06-01,Personal Loan,8000,4000.0,48.0,Full-time,42600.0,620,0,0,0,0,0,0,0,31
APP-0396,CUS-0273,2024-12-28,Credit Card,2000,1600.0,,Unemployed,76000.0,444,0,0,0,30,60,90,1,61
APP-0397,CUS-0899,2023-06-02,Personal Loan,19500,15600.0,12.0,Unemployed,87900.0,788,0,0,0,0,0,0,0,31
APP-0398,CUS-0464,2023-04-23,Personal Loan,27000,13500.0,60.0,Full-time,31400.0,636,0,0,0,0,0,0,0,33
APP-0399,CUS-0579,2025-03-07,Personal Loan,14500,10200.0,24.0,Part-time,50600.0,711,0,0,30,60,90,120,1,34
APP-0400,CUS-0764,2023-09-27,Credit Card,15000,10500.0,,Full-time,27700.0,574,0,30,60,0,0,0,0,57
APP-0401,CUS-0453,2023-10-05,Credit Card,10000,10000.0,,Full-time,46200.0,595,0,0,0,0,0,0,0,59
APP-0402,CUS-0772,2024-11-15,Personal Loan,15000,7500.0,36.0,Part-time,305600.0,777,0,0,0,30,0,0,0,69
APP-0403,CUS-0145,2023-05-07,Personal Loan,36500,18200.0,60.0,Casual,61700.0,642,0,0,0,0,0,0,0,34
APP-0404,CUS-0815,2023-09-29,Personal Loan,14500,13000.0,24.0,Full-time,51100.0,640,0,0,0,30,0,0,0,50
APP-0405,CUS-0617,2023-08-12,Credit Card,2000,1600.0,,Full-time,45700.0,563,0,0,0,0,0,0,0,68
APP-0406,CUS-0307,2025-05-16,Personal Loan,30500,30500.0,36.0,Self-employed,34300.0,695,0,0,30,0,0,0,0,23
APP-0407,CUS-0237,2024-12-21,Personal Loan,27500,27500.0,60.0,Casual,25500.0,747,0,0,30,60,90,120,1,35
APP-0408,CUS-0525,2023-06-09,Credit Card,2000,2000.0,,Full-time,58700.0,635,0,0,0,0,0,0,0,53
APP-0409,CUS-0880,2024-02-25,Personal Loan,17500,15800.0,60.0,Full-time,52700.0,660,0,0,0,0,0,0,0,64
APP-0410,CUS-0360,2024-04-25,Personal Loan,17500,12200.0,60.0,Full-time,118200.0,567,0,30,60,90,120,150,1,65
APP-0411,CUS-0637,2023-06-17,Credit Card,5000,2500.0,,Retired,28200.0,803,0,0,0,0,0,0,0,31
APP-0412,CUS-0966,2024-05-05,Credit Card,5000,5000.0,,Self-employed,73200.0,621,0,0,0,0,0,0,0,24
APP-0413,CUS-0166,2025-05-31,Credit Card,25000,22500.0,,Full-time,111000.0,663,0,0,0,0,0,0,0,51
APP-0414,CUS-0408,2024-03-31,Credit Card,25000,20000.0,,Part-time,24300.0,828,0,0,0,0,0,0,0,25
APP-0415,CUS-0707,2023-03-31,Personal Loan,21500,21500.0,48.0,Full-time,81000.0,656,0,0,0,0,0,0,0,46
APP-0416,CUS-0427,2024-12-06,Credit Card,8000,8000.0,,Retired,28500.0,537,0,0,0,0,30,0,0,45
APP-0417,CUS-0974,2024-03-29,Personal Loan,29000,14500.0,24.0,Retired,76100.0,593,0,0,0,0,0,0,0,66
APP-0418,CUS-0796,2023-02-11,Personal Loan,7000,3500.0,24.0,Full-time,118100.0,644,0,0,0,0,0,0,0,57
APP-0419,CUS-0577,2023-09-21,Credit Card,2000,1400.0,,Full-time,59800.0,837,0,0,0,0,30,0,0,23
APP-0420,CUS-0433,2024-05-12,Credit Card,25000,25000.0,,Full-time,68300.0,697,0,0,0,0,0,0,0,41
APP-0421,CUS-0981,2024-01-12,Personal Loan,44000,44000.0,12.0,Full-time,43500.0,657,0,0,0,0,0,0,0,59
APP-0422,CUS-0347,2024-12-20,Personal Loan,49500,49500.0,12.0,Casual,68400.0,752,0,0,0,0,0,0,0,35
APP-0423,CUS-0526,2024-08-28,Credit Card,25000,22500.0,,Full-time,100800.0,795,0,0,0,0,0,0,0,40
APP-0424,CUS-0179,2023-02-16,Personal Loan,12500,12500.0,60.0,Full-time,55000.0,608,0,0,0,0,0,0,0,62
APP-0425,CUS-0444,2024-12-08,Credit Card,10000,10000.0,,Full-time,56200.0,806,0,0,0,0,0,0,0,41
APP-0426,CUS-0463,2024-05-12,Credit Card,5000,4500.0,,Casual,71700.0,755,0,0,0,0,0,0,0,62
APP-0427,CUS-0961,2024-06-06,Personal Loan,33500,26800.0,60.0,Casual,87400.0,718,0,0,0,0,0,0,0,57
APP-0428,CUS-0338,2024-02-06,Credit Card,10000,5000.0,,Full-time,28200.0,463,30,60,90,120,150,180,1,28
APP-0429,CUS-0245,2023-12-15,Personal Loan,7500,7500.0,36.0,Part-time,61600.0,695,0,0,0,0,0,0,0,63
APP-0430,CUS-0097,2024-01-04,Credit Card,10000,9000.0,,Part-time,43700.0,803,0,0,0,0,0,0,0,31
APP-0431,CUS-0643,2024-01-20,Personal Loan,39500,31600.0,48.0,Part-time,75300.0,652,0,0,0,0,0,0,0,60
APP-0432,CUS-0531,2024-05-04,Personal Loan,22000,15400.0,24.0,Casual,96500.0,886,0,0,0,0,0,0,0,32
APP-0433,CUS-0597,2023-07-03,Credit Card,2000,2000.0,,Self-employed,69100.0,684,0,0,0,0,0,0,0,67
APP-0434,CUS-0973,2024-07-23,Personal Loan,15000,13500.0,36.0,Full-time,108500.0,585,0,0,0,0,0,0,0,24
APP-0435,CUS-0235,2024-10-23,Personal Loan,9000,9000.0,60.0,Self-employed,38000.0,731,0,0,30,0,0,0,0,35
APP-0436,CUS-0432,2024-10-02,Credit Card,25000,25000.0,,Full-time,49600.0,704,0,0,0,0,0,0,0,59
APP-0437,CUS-0240,2024-09-23,Personal Loan,28500,28500.0,24.0,Full-time,38000.0,753,0,0,0,0,0,0,0,37
APP-0438,CUS-0346,2025-03-29,Credit Card,10000,8000.0,,Casual,61500.0,657,0,0,0,0,0,0,0,58
APP-0439,CUS-0066,2023-12-27,Credit Card,15000,13500.0,,Full-time,62600.0,795,0,0,0,0,0,30,0,21
APP-0440,CUS-0386,2024-08-21,Credit Card,5000,4000.0,,Part-time,54700.0,627,0,0,0,0,0,0,0,38
APP-0441,CUS-0626,2025-04-25,Credit Card,15000,13500.0,,Full-time,34300.0,689,0,0,0,0,0,0,0,38
APP-0442,CUS-0937,2025-06-29,Personal Loan,33000,26400.0,12.0,Full-time,57800.0,565,0,0,0,0,0,0,0,56
APP-0443,CUS-0634,2024-03-20,Credit Card,15000,12000.0,,Part-time,49000.0,605,0,0,0,30,60,90,1,52
APP-0444,CUS-0322,2024-08-28,Credit Card,8000,8000.0,,Casual,79100.0,696,0,0,0,0,0,0,0,56
APP-0445,CUS-0741,2024-10-03,Credit Card,15000,15000.0,,Full-time,52900.0,618,0,0,0,0,0,0,0,68
APP-0446,CUS-0823,2023-09-03,Personal Loan,28000,28000.0,60.0,Casual,102300.0,637,30,0,0,0,0,0,0,50
APP-0447,CUS-0293,2024-05-11,Personal Loan,10500,5200.0,36.0,Full-time,66600.0,659,0,0,0,0,0,0,0,30
APP-0448,CUS-0038,2023-05-15,Personal Loan,22500,22500.0,12.0,Self-employed,25500.0,701,30,0,0,0,0,0,0,49
APP-0449,CUS-0689,2024-06-02,Personal Loan,37000,18500.0,36.0,Full-time,55300.0,747,0,0,0,0,0,0,0,35
APP-0450,CUS-0667,2023-03-06,Credit Card,2000,2000.0,,Full-time,31000.0,747,0,0,0,0,0,0,0,45
APP-0451,CUS-0429,2023-09-29,Personal Loan,44500,31100.0,48.0,Full-time,93500.0,771,0,0,0,0,0,0,0,67
APP-0452,CUS-0798,2023-09-02,Credit Card,2000,2000.0,,Part-time,115900.0,696,0,0,0,0,0,0,0,54
APP-0453,CUS-0215,2024-10-19,Personal Loan,11500,11500.0,36.0,Full-time,59200.0,628,0,0,0,0,0,0,0,58
APP-0454,CUS-0862,2023-04-19,Credit Card,5000,5000.0,,Part-time,73500.0,534,0,0,0,0,0,0,0,24
APP-0455,CUS-0361,2024-07-27,Credit Card,2000,2000.0,,Full-time,30800.0,646,0,0,0,0,0,0,0,37
APP-0456,CUS-0592,2024-09-14,Personal Loan,46000,41400.0,48.0,Full-time,21300.0,606,30,60,90,120,150,180,1,37
APP-0457,CUS-0251,2023-09-10,Credit Card,5000,4000.0,,Retired,46400.0,513,0,0,0,30,60,90,1,30
APP-0458,CUS-0183,2024-09-20,Credit Card,8000,4000.0,,Retired,53300.0,828,0,0,0,30,60,0,0,44
APP-0459,CUS-0222,2024-07-18,Credit Card,10000,9000.0,,Full-time,29800.0,511,0,0,30,60,90,120,1,25
APP-0460,CUS-0030,2024-07-11,Personal Loan,38500,30800.0,24.0,Retired,62500.0,710,0,0,0,0,0,0,0,24
APP-0461,CUS-0258,2023-03-28,Credit Card,10000,8000.0,,Part-time,69200.0,728,0,0,0,30,60,0,0,55
APP-0462,CUS-0524,2023-12-15,Personal Loan,24500,22000.0,24.0,Casual,80600.0,657,0,0,0,0,0,0,0,24
APP-0463,CUS-0471,2023-10-26,Credit Card,2000,1000.0,,Retired,122300.0,900,0,0,0,0,0,0,0,69
APP-0464,CUS-0717,2024-02-27,Personal Loan,40500,28400.0,48.0,Full-time,87000.0,680,0,0,0,30,0,0,0,56
APP-0465,CUS-0953,2025-03-05,Credit Card,8000,8000.0,,Full-time,50600.0,608,0,0,30,0,0,0,0,38
APP-0466,CUS-0635,2023-08-25,Credit Card,10000,9000.0,,Retired,62900.0,838,0,0,0,0,0,0,0,48
APP-0467,CUS-0811,2023-11-03,Personal Loan,42000,33600.0,12.0,Part-time,79000.0,605,0,0,0,0,0,0,0,54
APP-0468,CUS-0581,2025-04-16,Personal Loan,42000,42000.0,24.0,Retired,37000.0,547,0,0,0,30,60,90,1,45
APP-0469,CUS-0488,2024-01-21,Personal Loan,33500,33500.0,36.0,Self-employed,110400.0,586,0,0,0,0,0,0,0,55
APP-0470,CUS-0506,2023-01-15,Credit Card,25000,20000.0,,Unemployed,90800.0,620,0,0,0,30,0,0,0,51
APP-0471,CUS-0751,2024-10-23,Personal Loan,5500,5000.0,24.0,Casual,54000.0,682,0,0,0,30,60,90,1,42
APP-0472,CUS-0157,2023-10-20,Credit Card,2000,1600.0,,Full-time,44700.0,709,0,30,0,0,0,0,0,53
APP-0473,CUS-0492,2024-08-24,Credit Card,8000,8000.0,,Retired,345600.0,539,0,0,0,0,0,0,0,46
APP-0474,CUS-0534,2024-06-05,Credit Card,8000,6400.0,,Full-time,88300.0,710,0,0,0,0,0,0,0,37
APP-0475,CUS-0446,2024-02-21,Credit Card,25000,12500.0,,Full-time,92400.0,881,0,0,30,60,0,0,0,24
APP-0476,CUS-0238,2023-06-14,Personal Loan,42500,29700.0,24.0,Full-time,137200.0,613,0,0,0,0,0,0,0,57
APP-0477,CUS-0349,2025-03-30,Credit Card,8000,8000.0,,Full-time,94200.0,666,30,0,0,0,0,0,0,30
APP-0478,CUS-0243,2025-02-17,Credit Card,15000,10500.0,,Full-time,66100.0,741,0,0,0,0,0,0,0,22
APP-0479,CUS-0888,2023-11-12,Personal Loan,21500,10800.0,12.0,Part-time,82900.0,788,0,0,0,0,0,0,0,46
APP-0480,CUS-0918,2024-03-13,Personal Loan,47000,32900.0,24.0,Retired,39400.0,617,30,0,0,0,0,0,0,61
APP-0481,CUS-0911,2024-08-28,Personal Loan,15000,12000.0,48.0,Full-time,83400.0,590,0,0,0,30,60,90,1,50
APP-0482,CUS-0191,2023-12-04,Personal Loan,37000,37000.0,48.0,Full-time,29500.0,586,0,0,0,0,0,0,0,50
APP-0483,CUS-0893,2024-07-03,Personal Loan,20000,16000.0,12.0,Part-time,72900.0,778,0,0,0,0,30,0,0,34
APP-0484,CUS-0266,2023-02-27,Credit Card,5000,2500.0,,Full-time,77600.0,760,0,0,0,0,0,0,0,42
APP-0485,CUS-0588,2025-03-29,Personal Loan,23000,23000.0,36.0,Full-time,29300.0,480,0,0,0,30,60,90,1,70
APP-0486,CUS-0061,2023-09-14,Credit Card,2000,1600.0,,Retired,145300.0,483,0,0,0,0,0,0,0,26
APP-0487,CUS-0372,2024-02-22,Credit Card,2000,2000.0,,Full-time,35300.0,565,0,0,0,0,0,0,0,29
APP-0488,CUS-0016,2024-06-21,Personal Loan,47500,38000.0,48.0,Part-time,97200.0,541,0,0,0,0,0,0,0,51
APP-0489,CUS-0728,2023-08-01,Credit Card,15000,15000.0,,Full-time,47100.0,715,0,0,0,0,0,0,0,67
APP-0490,CUS-0952,2023-09-14,Credit Card,5000,4000.0,,Self-employed,69300.0,698,0,0,0,0,0,0,0,30
APP-0491,CUS-0007,2024-03-28,Credit Card,8000,8000.0,,Full-time,44400.0,857,0,0,0,0,0,0,0,43
APP-0492,CUS-0278,2023-02-11,Credit Card,8000,8000.0,,Self-employed,189500.0,751,0,0,0,0,0,0,0,50
APP-0493,CUS-0305,2023-10-24,Credit Card,2000,1400.0,,Full-time,96700.0,689,0,0,0,0,30,60,0,38
APP-0494,CUS-0263,2024-06-11,Credit Card,5000,5000.0,,Retired,138500.0,786,0,30,60,90,120,150,1,63
APP-0495,CUS-0304,2023-05-10,Credit Card,5000,4500.0,,Full-time,86300.0,597,0,0,0,0,0,0,0,57
APP-0496,CUS-0648,2023-10-04,Personal Loan,30000,15000.0,36.0,Full-time,83000.0,550,0,0,0,0,0,0,0,22
APP-0497,CUS-0455,2025-05-26,Credit Card,15000,7500.0,,Full-time,64600.0,681,0,0,0,0,0,0,0,67
APP-0498,CUS-0501,2025-02-10,Credit Card,5000,4000.0,,Full-time,54000.0,764,0,0,0,0,30,0,0,43
APP-0499,CUS-0193,2023-06-24,Personal Loan,28500,20000.0,48.0,Full-time,79800.0,530,0,0,0,0,0,0,0,29
APP-0500,CUS-0607,2024-09-22,Credit Card,8000,4000.0,,Retired,64900.0,760,0,0,0,0,0,0,0,42
APP-0501,CUS-0991,2024-06-23,Credit Card,10000,10000.0,,Part-time,56300.0,757,0,0,0,0,0,0,0,21
APP-0502,CUS-0636,2024-10-19,Personal Loan,18000,18000.0,12.0,Self-employed,32000.0,632,0,0,0,30,60,90,1,56
APP-0503,CUS-0770,2023-07-22,Credit Card,10000,10000.0,,Self-employed,52400.0,693,0,0,0,0,0,0,0,65
APP-0504,CUS-0898,2025-03-21,Credit Card,5000,4000.0,,Full-time,79800.0,653,0,0,0,0,0,0,0,61
APP-0505,CUS-0406,2024-04-10,Credit Card,25000,25000.0,,Full-time,48600.0,685,0,30,60,90,120,150,1,32
APP-0506,CUS-0762,2025-01-07,Credit Card,15000,12000.0,,Self-employed,70900.0,752,0,0,0,0,0,0,0,55
APP-0507,CUS-0808,2024-11-24,Credit Card,10000,10000.0,,Self-employed,56600.0,605,0,0,0,0,0,0,0,67
APP-0508,CUS-0475,2023-10-27,Credit Card,8000,8000.0,,Part-time,37600.0,773,0,0,0,0,0,0,0,57
APP-0509,CUS-0572,2023-01-06,Credit Card,5000,5000.0,,Full-time,39800.0,758,0,0,0,0,0,0,0,36
APP-0510,CUS-0010,2024-06-02,Credit Card,2000,1600.0,,Full-time,43000.0,761,0,0,0,0,0,0,0,48
APP-0511,CUS-0472,2023-12-04,Personal Loan,47500,42800.0,12.0,Full-time,52900.0,498,0,0,0,30,0,0,0,67
APP-0512,CUS-0837,2023-08-24,Credit Card,2000,2000.0,,Full-time,53600.0,508,0,0,0,0,0,0,0,43
APP-0513,CUS-0969,2023-05-03,Credit Card,8000,8000.0,,Full-time,101300.0,741,0,0,0,0,0,0,0,60
APP-0514,CUS-0915,2023-07-03,Credit Card,25000,22500.0,,Full-time,36700.0,624,0,0,0,0,0,0,0,65
APP-0515,CUS-0147,2024-12-06,Credit Card,25000,20000.0,,Full-time,23600.0,615,0,0,0,0,0,0,0,46
APP-0516,CUS-0910,2023-07-07,Credit Card,2000,2000.0,,Self-employed,83000.0,608,0,0,0,0,0,0,0,62
APP-0517,CUS-0151,2024-11-15,Credit Card,10000,5000.0,,Self-employed,49000.0,555,0,0,0,0,0,0,0,46
APP-0518,CUS-0683,2023-04-12,Personal Loan,26000,20800.0,60.0,Casual,57300.0,652,0,0,0,0,0,0,0,56
APP-0519,CUS-0713,2025-04-04,Personal Loan,22500,22500.0,48.0,Part-time,196200.0,612,30,60,90,120,150,180,1,63
APP-0520,CUS-0895,2023-08-06,Credit Card,25000,20000.0,,Retired,118900.0,618,0,0,0,0,0,0,0,40
APP-0521,CUS-0015,2025-01-08,Personal Loan,26000,26000.0,48.0,Full-time,79500.0,722,0,0,0,0,0,0,0,45
APP-0522,CUS-0122,2023-07-24,Personal Loan,8500,4200.0,60.0,Part-time,93700.0,570,0,0,0,0,0,0,0,26
APP-0523,CUS-0835,2023-07-10,Personal Loan,50000,25000.0,60.0,Full-time,64000.0,781,0,0,0,0,0,0,0,59
APP-0524,CUS-0693,2024-09-04,Personal Loan,16500,11600.0,60.0,Retired,94300.0,475,30,0,0,0,0,0,0,36
APP-0525,CUS-0163,2023-03-31,Credit Card,5000,3500.0,,Full-time,45700.0,900,30,0,0,0,0,0,0,46
APP-0526,CUS-0993,2023-08-18,Personal Loan,45000,22500.0,12.0,Full-time,43600.0,554,0,0,30,0,0,0,0,45
APP-0527,CUS-0987,2024-07-14,Credit Card,5000,5000.0,,Self-employed,48900.0,731,0,0,30,0,0,0,0,47
APP-0528,CUS-0714,2023-02-12,Personal Loan,6500,3200.0,12.0,Self-employed,125700.0,761,0,0,0,0,0,0,0,28
APP-0529,CUS-0364,2023-09-06,Personal Loan,28000,28000.0,48.0,Casual,124400.0,678,0,0,0,0,0,0,0,66
APP-0530,CUS-0271,2024-01-20,Credit Card,2000,1600.0,,Self-employed,45800.0,746,0,0,0,0,0,0,0,34
APP-0531,CUS-0400,2024-07-04,Personal Loan,28000,14000.0,24.0,Full-time,103700.0,668,0,0,0,0,0,0,0,31
APP-0532,CUS-0619,2023-07-03,Credit Card,25000,25000.0,,Part-time,56400.0,517,0,0,0,30,60,90,1,60
APP-0533,CUS-0213,2024-05-24,Credit Card,15000,12000.0,,Part-time,99600.0,710,0,0,0,0,0,0,0,26
APP-0534,CUS-0303,2024-09-19,Credit Card,2000,1800.0,,Retired,52400.0,783,0,0,0,0,0,30,0,46
APP-0535,CUS-0927,2023-11-27,Personal Loan,47000,32900.0,36.0,Full-time,94400.0,627,0,0,30,0,0,0,0,42
APP-0536,CUS-0855,2023-07-21,Credit Card,10000,10000.0,,Full-time,57700.0,523,0,0,0,0,0,0,0,25
APP-0537,CUS-0698,2023-08-20,Personal Loan,31500,28400.0,48.0,Full-time,53200.0,623,0,0,0,0,0,0,0,62
APP-0538,CUS-0848,2024-05-22,Credit Card,15000,13500.0,,Part-time,60100.0,708,0,0,0,0,0,0,0,43
APP-0539,CUS-0124,2023-01-03,Credit Card,25000,25000.0,,Unemployed,65300.0,706,0,0,0,0,0,0,0,51
APP-0540,CUS-0489,2023-06-10,Credit Card,10000,10000.0,,Casual,46500.0,779,0,0,0,0,0,0,0,26
APP-0541,CUS-0413,2023-04-12,Personal Loan,48000,33600.0,36.0,Casual,32300.0,729,0,0,0,0,0,0,0,37
APP-0542,CUS-0256,2024-03-15,Credit Card,10000,9000.0,,Full-time,132900.0,724,0,0,0,0,0,0,0,63
APP-0543,CUS-0656,2025-01-13,Personal Loan,10000,7000.0,48.0,Full-time,50700.0,495,0,0,0,0,0,0,0,28
APP-0544,CUS-0879,2025-03-01,Credit Card,8000,5600.0,,Retired,26300.0,882,0,0,0,0,0,0,0,37
APP-0545,CUS-0272,2024-08-25,Credit Card,5000,3500.0,,Full-time,21300.0,682,0,0,0,30,0,0,0,51
APP-0546,CUS-0452,2023-10-04,Credit Card,5000,5000.0,,Full-time,16700.0,757,0,0,0,0,0,0,0,46
APP-0547,CUS-0356,2023-02-12,Credit Card,2000,1600.0,,Self-employed,45800.0,646,0,0,0,0,0,0,0,51
APP-0548,CUS-0739,2024-04-25,Personal Loan,20000,10000.0,12.0,Full-time,113900.0,664,0,0,30,0,0,0,0,46
APP-0549,CUS-0686,2023-06-29,Personal Loan,42000,29400.0,12.0,Full-time,28600.0,683,30,0,0,0,0,0,0,56
APP-0550,CUS-0538,2024-02-04,Personal Loan,31000,31000.0,12.0,Part-time,52400.0,822,0,0,0,0,0,0,0,54
APP-0551,CUS-0818,2024-06-29,Credit Card,5000,5000.0,,Self-employed,26000.0,817,0,0,0,0,0,0,0,64
APP-0552,CUS-0906,2023-03-05,Personal Loan,8500,7600.0,36.0,Full-time,101300.0,735,0,0,30,60,90,120,1,47
APP-0553,CUS-0072,2023-03-27,Credit Card,15000,10500.0,,Casual,72100.0,860,0,0,0,0,0,0,0,45
APP-0554,CUS-0099,2023-01-19,Credit Card,10000,10000.0,,Full-time,70700.0,642,0,0,0,0,0,0,0,49
APP-0555,CUS-0407,2025-04-13,Personal Loan,46500,41800.0,60.0,Part-time,113700.0,726,0,0,0,0,0,0,0,30
APP-0556,CUS-0884,2025-02-06,Credit Card,25000,25000.0,,Part-time,130300.0,636,0,0,0,30,60,0,0,27
APP-0557,CUS-0419,2023-06-23,Credit Card,25000,22500.0,,Part-time,98100.0,797,0,0,0,0,0,0,0,58
APP-0558,CUS-0517,2023-11-07,Personal Loan,43000,38700.0,12.0,Full-time,46600.0,682,0,0,0,0,0,0,0,43
APP-0559,CUS-0936,2024-07-04,Credit Card,10000,10000.0,,Part-time,33000.0,768,0,0,0,30,0,0,0,23
APP-0560,CUS-0001,2024-09-17,Personal Loan,19000,19000.0,12.0,Unemployed,37600.0,837,0,30,0,0,0,0,0,49
APP-0561,CUS-0549,2023-12-21,Credit Card,10000,8000.0,,Full-time,27100.0,488,0,0,30,60,90,120,1,63
APP-0562,CUS-0365,2024-01-11,Credit Card,25000,25000.0,,Full-time,140500.0,878,0,0,0,0,0,0,0,61
APP-0563,CUS-0096,2024-10-08,Credit Card,25000,17500.0,,Full-time,55800.0,708,0,0,30,60,0,0,0,36
APP-0564,CUS-0108,2025-02-02,Credit Card,10000,7000.0,,Full-time,64700.0,649,0,0,0,0,0,0,0,25
APP-0565,CUS-0614,2023-05-01,Credit Card,8000,8000.0,,Full-time,66700.0,503,30,60,90,120,150,180,1,23
APP-0566,CUS-0008,2023-06-27,Credit Card,10000,10000.0,,Retired,155100.0,651,0,30,60,0,0,0,0,55
APP-0567,CUS-0323,2024-11-12,Credit Card,10000,9000.0,,Full-time,47000.0,467,0,30,60,90,120,150,1,46
APP-0568,CUS-0384,2024-03-16,Credit Card,10000,5000.0,,Retired,105400.0,687,0,0,0,0,0,0,0,45
APP-0569,CUS-0316,2023-06-16,Credit Card,25000,12500.0,,Full-time,70200.0,663,0,0,0,0,0,30,0,52
APP-0570,CUS-0658,2024-05-14,Personal Loan,37000,29600.0,60.0,Casual,56800.0,846,30,0,0,0,0,0,0,58
APP-0571,CUS-0132,2023-02-18,Personal Loan,36000,36000.0,48.0,Part-time,25100.0,649,0,0,0,0,0,0,0,44
APP-0572,CUS-0878,2024-12-23,Personal Loan,36500,36500.0,48.0,Casual,93300.0,777,0,0,0,0,0,0,0,48
APP-0573,CUS-0167,2023-11-13,Credit Card,2000,1800.0,,Self-employed,43200.0,786,0,0,0,30,0,0,0,31
APP-0574,CUS-0791,2023-01-27,Personal Loan,44500,44500.0,60.0,Full-time,49300.0,869,0,0,0,0,0,0,0,47
APP-0575,CUS-0203,2025-04-30,Personal Loan,38500,38500.0,48.0,Casual,67700.0,656,0,0,0,0,0,0,0,59
APP-0576,CUS-0366,2023-11-27,Credit Card,2000,1400.0,,Full-time,63700.0,749,0,0,0,0,0,0,0,35
APP-0577,CUS-0485,2025-01-03,Credit Card,2000,2000.0,,Full-time,102600.0,539,30,60,90,120,150,180,1,29
APP-0578,CUS-0373,2024-03-08,Credit Card,25000,25000.0,,Self-employed,44700.0,577,0,30,0,0,0,0,0,49
APP-0579,CUS-0261,2023-02-08,Credit Card,10000,7000.0,,Part-time,65800.0,654,0,0,0,30,60,0,0,57
APP-0580,CUS-0390,2024-06-20,Credit Card,2000,1400.0,,Retired,69400.0,677,0,0,30,0,0,0,0,65
APP-0581,CUS-0495,2023-03-24,Personal Loan,39000,19500.0,24.0,Self-employed,61800.0,567,0,0,0,0,0,0,0,51
APP-0582,CUS-0047,2023-05-09,Credit Card,25000,22500.0,,Full-time,83600.0,641,0,30,0,0,0,0,0,25
APP-0583,CUS-0606,2025-05-14,Personal Loan,34500,34500.0,24.0,Full-time,54200.0,744,0,0,0,0,0,0,0,58
APP-0584,CUS-0362,2024-05-10,Personal Loan,38000,34200.0,60.0,Full-time,106700.0,637,0,0,30,60,90,120,1,38
APP-0585,CUS-0842,2023-08-19,Personal Loan,7500,7500.0,48.0,Full-time,43900.0,665,0,0,0,0,0,0,0,38
APP-0586,CUS-0554,2024-09-23,Credit Card,15000,15000.0,,Casual,31300.0,597,0,0,0,0,0,0,0,24
APP-0587,CUS-0326,2024-06-08,Credit Card,5000,2500.0,,Self-employed,59900.0,807,0,0,0,0,0,0,0,69
APP-0588,CUS-0397,2024-10-29,Personal Loan,13000,13000.0,48.0,Full-time,105500.0,843,0,0,0,0,0,0,0,34
APP-0589,CUS-0725,2024-08-29,Credit Card,10000,10000.0,,Full-time,48100.0,698,0,0,0,0,0,0,0,57
APP-0590,CUS-0141,2023-07-24,Credit Card,2000,2000.0,,Self-employed,45600.0,669,0,0,0,0,0,0,0,29
APP-0591,CUS-0719,2023-12-26,Personal Loan,5000,5000.0,60.0,Part-time,52000.0,833,0,0,30,0,0,0,0,42
APP-0592,CUS-0439,2024-02-06,Personal Loan,10500,7300.0,36.0,Full-time,65900.0,723,0,0,0,0,0,0,0,21
APP-0593,CUS-0679,2023-06-08,Personal Loan,39500,39500.0,60.0,Retired,56300.0,618,0,0,30,60,90,120,1,45
APP-0594,CUS-0421,2023-09-29,Personal Loan,14000,11200.0,36.0,Full-time,70500.0,555,0,0,0,0,0,0,0,38
APP-0595,CUS-0094,2024-07-26,Personal Loan,12500,12500.0,48.0,Full-time,27500.0,625,0,0,0,0,0,0,0,30
APP-0596,CUS-0055,2023-12-20,Credit Card,2000,2000.0,,Full-time,122200.0,882,0,0,0,0,0,0,0,56
APP-0597,CUS-0246,2023-11-03,Credit Card,5000,5000.0,,Full-time,79900.0,625,0,0,0,0,0,0,0,53
APP-0598,CUS-0620,2023-11-27,Personal Loan,23000,20700.0,24.0,Full-time,41000.0,900,0,0,0,0,0,0,0,57
APP-0599,CUS-0639,2023-06-06,Credit Card,2000,1400.0,,Full-time,115300.0,679,30,0,0,0,0,0,0,20
APP-0600,CUS-0039,2025-05-11,Personal Loan,30500,30500.0,24.0,Full-time,75200.0,659,0,0,0,0,0,0,0,42
APP-0601,CUS-0441,2024-09-10,Credit Card,10000,7000.0,,Part-time,120700.0,802,0,0,0,0,0,0,0,27
APP-0602,CUS-0995,2023-01-13,Credit Card,8000,6400.0,,Part-time,35400.0,657,0,0,0,0,0,0,0,23
APP-0603,CUS-0931,2024-12-22,Personal Loan,30000,24000.0,60.0,Casual,131600.0,714,0,0,0,0,30,0,0,29
APP-0604,CUS-0673,2025-05-13,Credit Card,25000,25000.0,,Full-time,62400.0,584,0,30,60,90,120,150,1,45
APP-0605,CUS-0545,2025-01-17,Credit Card,25000,25000.0,,Full-time,23500.0,565,0,0,0,30,0,0,0,22
APP-0606,CUS-0785,2023-01-31,Credit Card,5000,5000.0,,Casual,86500.0,611,0,0,0,0,0,0,0,43
APP-0607,CUS-0073,2023-07-28,Personal Loan,30500,24400.0,12.0,Full-time,53100.0,700,0,0,0,0,0,0,0,57
APP-0608,CUS-0355,2023-03-12,Credit Card,5000,5000.0,,Part-time,38200.0,618,0,0,0,0,0,0,0,30
APP-0609,CUS-0535,2023-01-09,Personal Loan,32500,22800.0,48.0,Full-time,55300.0,498,0,0,0,0,0,0,0,50
APP-0610,CUS-0541,2023-07-07,Personal Loan,48000,24000.0,12.0,Full-time,24800.0,724,30,0,0,0,0,0,0,65
APP-0611,CUS-0810,2025-05-03,Credit Card,10000,7000.0,,Full-time,80000.0,664,0,0,0,0,0,0,0,45
APP-0612,CUS-0957,2023-09-19,Credit Card,2000,1400.0,,Full-time,55200.0,654,0,0,0,0,0,0,0,54
APP-0613,CUS-0224,2024-06-02,Credit Card,5000,4000.0,,Part-time,53900.0,623,0,0,0,0,0,0,0,26
APP-0614,CUS-0388,2025-02-20,Credit Card,15000,15000.0,,Full-time,117500.0,472,0,0,0,0,0,0,0,64
APP-0615,CUS-0784,2025-05-18,Personal Loan,33000,33000.0,36.0,Full-time,62000.0,826,0,0,0,0,0,0,0,55
APP-0616,CUS-0553,2025-02-05,Credit Card,5000,3500.0,,Full-time,44900.0,635,0,0,0,0,0,0,0,55
APP-0617,CUS-0211,2023-02-17,Personal Loan,22000,17600.0,36.0,Casual,39300.0,728,0,0,0,0,0,0,0,30
APP-0618,CUS-0773,2025-05-01,Personal Loan,19500,19500.0,12.0,Full-time,59300.0,808,0,0,0,0,0,0,0,37
APP-0619,CUS-0869,2024-05-09,Credit Card,25000,25000.0,,Full-time,100000.0,784,0,0,0,0,0,0,0,27
APP-0620,CUS-0144,2023-12-22,Credit Card,8000,8000.0,,Part-time,46600.0,698,0,0,0,0,0,0,0,26
APP-0621,CUS-0447,2024-09-10,Credit Card,25000,25000.0,,Full-time,37700.0,681,0,0,0,0,30,60,0,41
APP-0622,CUS-0289,2023-01-15,Personal Loan,22500,11200.0,12.0,Unemployed,93600.0,708,0,0,0,0,0,0,0,35
APP-0623,CUS-0450,2024-06-24,Personal Loan,21500,10800.0,48.0,Part-time,62700.0,764,0,0,0,0,0,0,0,70
APP-0624,CUS-0593,2024-07-24,Credit Card,10000,10000.0,,Full-time,60300.0,733,0,0,0,0,0,0,0,28
APP-0625,CUS-0644,2023-04-26,Personal Loan,43000,43000.0,24.0,Part-time,160400.0,639,0,0,0,0,0,0,0,43
APP-0626,CUS-0650,2025-03-30,Personal Loan,29500,20600.0,36.0,Full-time,34800.0,721,0,0,0,0,0,0,0,68
APP-0627,CUS-0143,2023-04-07,Credit Card,25000,25000.0,,Full-time,66900.0,715,0,0,0,0,0,0,0,67
APP-0628,CUS-0945,2023-04-08,Credit Card,10000,5000.0,,Full-time,26800.0,744,0,0,0,0,0,0,0,29
APP-0629,CUS-0428,2024-01-24,Personal Loan,43000,21500.0,48.0,Part-time,53100.0,699,0,0,0,0,0,0,0,62
APP-0630,CUS-0857,2025-01-24,Personal Loan,38000,38000.0,36.0,Full-time,80100.0,806,0,0,0,0,0,0,0,55
APP-0631,CUS-0917,2024-01-07,Personal Loan,42000,37800.0,60.0,Retired,102800.0,698,0,0,0,0,0,0,0,33
APP-0632,CUS-0938,2023-01-02,Credit Card,2000,1000.0,,Full-time,33900.0,762,0,0,0,0,0,0,0,64
APP-0633,CUS-0779,2024-06-02,Credit Card,2000,2000.0,,Unemployed,89900.0,684,0,0,0,0,0,0,0,29
APP-0634,CUS-0071,2024-10-29,Credit Card,25000,17500.0,,Retired,87700.0,627,0,0,0,0,0,0,0,52
APP-0635,CUS-0308,2024-01-05,Credit Card,2000,2000.0,,Part-time,57600.0,592,0,0,0,0,30,0,0,62
APP-0636,CUS-0580,2024-03-25,Personal Loan,41500,41500.0,36.0,Full-time,190900.0,665,0,0,0,0,0,0,0,25
APP-0637,CUS-0279,2025-04-23,Credit Card,15000,12000.0,,Full-time,61000.0,729,0,0,0,0,0,0,0,35
APP-0638,CUS-0139,2025-04-07,Personal Loan,24000,21600.0,12.0,Casual,40600.0,797,0,0,0,0,0,0,0,39
APP-0639,CUS-0181,2024-04-15,Credit Card,10000,10000.0,,Full-time,74300.0,672,0,0,0,0,0,0,0,29
APP-0640,CUS-0923,2025-03-08,Personal Loan,33500,33500.0,60.0,Full-time,25700.0,632,0,0,0,0,0,0,0,66
APP-0641,CUS-0661,2023-06-18,Credit Card,10000,7000.0,,Full-time,125700.0,633,0,0,0,0,30,0,0,50
APP-0642,CUS-0664,2023-02-12,Personal Loan,30500,30500.0,60.0,Full-time,96400.0,799,30,0,0,0,0,0,0,68
APP-0643,CUS-0434,2024-08-19,Credit Card,15000,7500.0,,Full-time,50700.0,690,0,0,0,0,0,0,0,44
APP-0644,CUS-0085,2024-03-29,Personal Loan,40500,40500.0,60.0,Retired,81100.0,634,0,0,0,0,0,0,0,37
APP-0645,CUS-0116,2023-08-02,Credit Card,10000,10000.0,,Full-time,78200.0,748,0,30,60,0,0,0,0,62
APP-0646,CUS-0822,2023-08-09,Credit Card,10000,10000.0,,Full-time,149500.0,558,0,0,0,0,0,0,0,41
APP-0647,CUS-0632,2023-11-16,Credit Card,5000,5000.0,,Full-time,45900.0,691,0,0,0,0,0,0,0,45
APP-0648,CUS-0699,2024-02-05,Personal Loan,9000,9000.0,36.0,Full-time,33500.0,676,0,0,0,0,30,0,0,58
APP-0649,CUS-0379,2024-10-09,Personal Loan,11000,5500.0,12.0,Full-time,23800.0,668,0,0,0,0,0,0,0,65
APP-0650,CUS-0622,2023-03-02,Personal Loan,17500,17500.0,12.0,Full-time,53200.0,573,0,0,0,0,0,0,0,30
APP-0651,CUS-0997,2023-08-12,Credit Card,8000,4000.0,,Casual,29500.0,771,0,0,0,0,0,0,0,36
APP-0652,CUS-0601,2023-11-25,Credit Card,5000,5000.0,,Full-time,56300.0,835,30,0,0,0,0,0,0,35
APP-0653,CUS-0152,2025-01-18,Personal Loan,7500,3800.0,12.0,Self-employed,73800.0,558,0,0,30,60,90,120,1,27
APP-0654,CUS-0140,2024-01-08,Personal Loan,36000,28800.0,48.0,Unemployed,49700.0,691,0,0,0,0,0,0,0,30
APP-0655,CUS-0678,2023-11-22,Personal Loan,38000,38000.0,60.0,Retired,39400.0,739,0,0,0,0,0,0,0,28
APP-0656,CUS-0343,2023-01-04,Personal Loan,10000,8000.0,48.0,Full-time,106000.0,888,0,0,0,0,0,0,0,50
APP-0657,CUS-0540,2025-05-07,Credit Card,2000,2000.0,,Self-employed,55600.0,641,0,30,60,90,120,150,1,57
APP-0658,CUS-0514,2024-03-08,Personal Loan,9000,6300.0,48.0,Part-time,67900.0,592,0,0,0,0,0,30,0,26
APP-0659,CUS-0932,2024-11-28,Personal Loan,15500,14000.0,12.0,Retired,94800.0,680,0,0,0,0,30,60,0,57
APP-0660,CUS-0949,2025-03-26,Personal Loan,29000,23200.0,60.0,Full-time,33300.0,866,0,0,0,0,0,0,0,56
APP-0661,CUS-0578,2023-04-24,Credit Card,10000,10000.0,,Part-time,39800.0,686,0,0,0,0,0,0,0,44
APP-0662,CUS-0188,2023-02-25,Personal Loan,8000,4000.0,24.0,Part-time,194100.0,704,0,0,0,0,0,0,0,62
APP-0663,CUS-0265,2023-01-30,Personal Loan,10000,10000.0,24.0,Full-time,56700.0,844,0,0,0,0,0,0,0,66
APP-0664,CUS-0528,2025-05-10,Personal Loan,41000,36900.0,12.0,Part-time,37600.0,483,0,0,0,0,30,0,0,31
APP-0665,CUS-0036,2023-12-08,Credit Card,5000,5000.0,,Casual,54200.0,480,0,0,0,0,0,30,0,66
APP-0666,CUS-0670,2024-03-21,Personal Loan,19500,19500.0,60.0,Self-employed,46800.0,764,0,0,0,0,0,0,0,62
APP-0667,CUS-0004,2023-03-04,Credit Card,5000,2500.0,,Self-employed,34500.0,751,0,0,30,0,0,0,0,44
APP-0668,CUS-0598,2023-07-11,Credit Card,8000,8000.0,,Full-time,50500.0,552,0,0,30,60,90,120,1,66
APP-0669,CUS-0020,2023-07-25,Personal Loan,44500,44500.0,12.0,Self-employed,60400.0,728,0,0,0,0,0,0,0,25
APP-0670,CUS-0399,2025-06-01,Credit Card,25000,17500.0,,Full-time,60600.0,684,0,0,30,0,0,0,0,59
APP-0671,CUS-0162,2024-11-06,Credit Card,5000,5000.0,,Self-employed,78300.0,700,0,0,0,0,0,0,0,32
APP-0672,CUS-0169,2024-03-07,Personal Loan,49000,44100.0,36.0,Full-time,27300.0,606,30,60,90,120,150,180,1,22
APP-0673,CUS-0477,2024-06-12,Personal Loan,44500,35600.0,12.0,Full-time,30500.0,638,0,0,0,0,0,0,0,38
APP-0674,CUS-0177,2024-02-03,Credit Card,25000,25000.0,,Full-time,87900.0,599,0,0,0,0,0,0,0,27
APP-0675,CUS-0053,2023-02-13,Credit Card,2000,1600.0,,Casual,49700.0,685,0,0,0,0,0,0,0,57
APP-0676,CUS-0022,2023-12-09,Personal Loan,15000,13500.0,24.0,Part-time,107200.0,659,0,0,0,0,0,0,0,30
APP-0677,CUS-0550,2024-11-16,Personal Loan,15000,15000.0,12.0,Self-employed,70200.0,835,0,0,0,0,0,0,0,58
APP-0678,CUS-0559,2025-03-13,Credit Card,8000,4000.0,,Full-time,31700.0,738,0,0,0,0,0,0,0,62
APP-0679,CUS-0247,2025-01-09,Credit Card,2000,2000.0,,Full-time,78200.0,535,0,0,0,0,0,0,0,47
APP-0680,CUS-0274,2023-04-29,Personal Loan,40000,32000.0,48.0,Casual,38200.0,718,0,0,0,0,0,0,0,38
APP-0681,CUS-0357,2025-01-21,Credit Card,2000,2000.0,,Full-time,68800.0,812,0,0,0,30,60,90,1,40
APP-0682,CUS-0296,2023-07-11,Credit Card,8000,8000.0,,Self-employed,107800.0,706,0,0,0,0,0,0,0,39
APP-0683,CUS-0195,2023-01-09,Credit Card,10000,10000.0,,Full-time,162300.0,780,0,0,0,0,0,0,0,29
APP-0684,CUS-0748,2023-09-16,Personal Loan,12000,8400.0,12.0,Casual,59100.0,677,0,0,30,0,0,0,0,55
APP-0685,CUS-0833,2023-12-05,Personal Loan,8500,6000.0,12.0,Full-time,84300.0,745,0,0,0,0,0,0,0,25
APP-0686,CUS-0286,2023-02-26,Credit Card,5000,5000.0,,Retired,70100.0,594,0,0,0,0,0,0,0,54
APP-0687,CUS-0043,2024-07-16,Personal Loan,47000,32900.0,24.0,Full-time,88000.0,753,0,0,0,0,0,0,0,29
APP-0688,CUS-0302,2025-02-07,Personal Loan,18500,18500.0,12.0,Full-time,18700.0,553,0,0,0,0,0,0,0,57
APP-0689,CUS-0486,2025-02-28,Credit Card,25000,20000.0,,Full-time,50900.0,799,0,0,0,30,60,90,1,54
APP-0690,CUS-0002,2024-03-21,Credit Card,10000,10000.0,,Full-time,69800.0,540,30,60,90,120,150,180,1,32
APP-0691,CUS-0916,2023-08-31,Credit Card,5000,5000.0,,Part-time,75800.0,485,0,0,0,0,0,0,0,63
APP-0692,CUS-0726,2024-07-02,Credit Card,5000,2500.0,,Part-time,43000.0,729,0,0,0,0,0,0,0,33
APP-0693,CUS-0342,2023-08-19,Credit Card,10000,10000.0,,Self-employed,89400.0,664,0,0,0,0,0,0,0,37
APP-0694,CUS-0742,2025-03-17,Credit Card,8000,8000.0,,Unemployed,101700.0,691,0,0,0,0,0,0,0,25
APP-0695,CUS-0113,2024-01-30,Personal Loan,40000,40000.0,12.0,Self-employed,63000.0,719,0,0,0,0,0,0,0,28
APP-0696,CUS-0290,2024-03-26,Personal Loan,39000,27300.0,24.0,Casual,54900.0,677,0,0,0,0,0,0,0,49
APP-0697,CUS-0350,2024-06-09,Credit Card,5000,4500.0,,Full-time,51700.0,598,30,60,0,0,0,0,0,38
APP-0698,CUS-0268,2023-09-09,Personal Loan,22500,22500.0,48.0,Full-time,65100.0,699,0,0,30,60,90,120,1,63
APP-0699,CUS-0481,2025-06-28,Personal Loan,13500,13500.0,60.0,Full-time,105300.0,712,0,0,0,0,0,0,0,32
APP-0700,CUS-0934,2024-04-28,Personal Loan,24000,24000.0,36.0,Full-time,122100.0,725,0,0,0,0,0,0,0,56
APP-0701,CUS-0866,2023-01-05,Personal Loan,38500,38500.0,36.0,Self-employed,49100.0,863,30,60,0,0,0,0,0,28
APP-0702,CUS-0102,2024-03-31,Personal Loan,47500,47500.0,60.0,Full-time,39700.0,612,0,0,30,60,90,120,1,59
APP-0703,CUS-0294,2023-12-18,Personal Loan,44500,40000.0,60.0,Full-time,42300.0,686,0,0,0,0,0,0,0,57
APP-0704,CUS-0332,2023-09-30,Personal Loan,7000,7000.0,24.0,Full-time,96200.0,732,0,0,0,0,0,30,0,31
APP-0705,CUS-0456,2023-05-07,Personal Loan,19000,17100.0,36.0,Full-time,67600.0,639,0,0,0,0,0,0,0,46
APP-0706,CUS-0566,2023-07-31,Personal Loan,5500,5500.0,12.0,Full-time,70000.0,569,0,0,0,0,0,0,0,47
APP-0707,CUS-0951,2024-06-28,Credit Card,2000,2000.0,,Full-time,76200.0,628,0,0,0,0,0,0,0,42
APP-0708,CUS-0026,2023-11-22,Credit Card,25000,25000.0,,Full-time,72600.0,778,0,0,0,0,0,0,0,52
APP-0709,CUS-0206,2024-06-01,Credit Card,15000,7500.0,,Full-time,57600.0,655,0,0,0,0,0,0,0,27
APP-0710,CUS-0747,2024-10-31,Personal Loan,42000,29400.0,60.0,Full-time,37700.0,736,0,0,0,0,0,0,0,65
APP-0711,CUS-0467,2024-02-01,Personal Loan,48500,38800.0,60.0,Retired,45900.0,612,0,30,60,0,0,0,0,30
APP-0712,CUS-0680,2023-05-31,Credit Card,10000,9000.0,,Casual,64500.0,721,0,0,0,0,0,0,0,50
APP-0713,CUS-0025,2024-08-21,Credit Card,10000,7000.0,,Self-employed,73100.0,618,0,0,30,60,0,0,0,44
APP-0714,CUS-0123,2025-06-26,Credit Card,5000,5000.0,,Full-time,51400.0,602,0,0,0,30,60,90,1,54
APP-0715,CUS-0109,2025-01-18,Personal Loan,13500,9400.0,48.0,Retired,50400.0,690,0,0,0,0,0,0,0,62
APP-0716,CUS-0087,2023-08-03,Personal Loan,34500,24200.0,48.0,Self-employed,114800.0,685,0,0,0,0,0,0,0,63
APP-0717,CUS-0418,2025-01-27,Personal Loan,33500,23400.0,36.0,Full-time,49200.0,816,0,0,0,0,0,0,0,51
APP-0718,CUS-0028,2023-09-06,Personal Loan,41500,20800.0,24.0,Full-time,67600.0,530,0,0,30,60,90,120,1,60
APP-0719,CUS-0596,2023-04-12,Credit Card,8000,5600.0,,Self-employed,52700.0,727,0,0,0,0,0,0,0,38
APP-0720,CUS-0897,2023-04-22,Personal Loan,29000,26100.0,12.0,Full-time,41000.0,829,0,0,0,0,0,0,0,49
APP-0721,CUS-0561,2024-12-12,Personal Loan,45000,22500.0,36.0,Part-time,30300.0,806,0,0,0,0,0,0,0,68
APP-0722,CUS-0112,2023-12-23,Personal Loan,19500,19500.0,12.0,Self-employed,47600.0,645,0,0,0,0,0,0,0,53
APP-0723,CUS-0874,2025-04-14,Credit Card,10000,10000.0,,Retired,41800.0,617,0,0,0,0,0,0,0,42
APP-0724,CUS-0655,2023-12-05,Credit Card,8000,8000.0,,Retired,90200.0,634,0,0,0,0,0,0,0,38
APP-0725,CUS-0654,2023-02-25,Personal Loan,46500,46500.0,36.0,Full-time,35900.0,708,0,0,0,0,0,30,0,40
APP-0726,CUS-0060,2024-09-13,Credit Card,2000,2000.0,,Full-time,50400.0,697,0,0,0,30,60,90,1,34
APP-0727,CUS-0409,2024-06-18,Personal Loan,20500,20500.0,24.0,Full-time,82500.0,712,30,0,0,0,0,0,0,28
APP-0728,CUS-0121,2025-03-27,Credit Card,25000,25000.0,,Full-time,57900.0,735,0,0,0,0,0,0,0,49
APP-0729,CUS-0281,2025-05-27,Personal Loan,25500,25500.0,12.0,Part-time,76600.0,581,0,0,30,60,0,0,0,30
APP-0730,CUS-0127,2023-08-14,Credit Card,10000,10000.0,,Casual,89700.0,576,0,0,0,0,0,0,0,30
APP-0731,CUS-0067,2023-08-14,Credit Card,25000,20000.0,,Unemployed,28400.0,567,0,0,0,30,0,0,0,64
APP-0732,CUS-0415,2025-01-07,Credit Card,10000,5000.0,,Full-time,50500.0,556,30,60,90,120,150,180,1,65
APP-0733,CUS-0111,2023-12-11,Credit Card,25000,25000.0,,Full-time,39200.0,671,0,0,0,0,0,0,0,27
APP-0734,CUS-0708,2023-10-08,Credit Card,10000,8000.0,,Full-time,113500.0,709,0,0,0,0,30,60,0,34
APP-0735,CUS-0695,2023-05-19,Personal Loan,45000,31500.0,24.0,Self-employed,57800.0,900,0,0,0,0,0,0,0,67
APP-0736,CUS-0462,2024-01-06,Personal Loan,28000,28000.0,12.0,Full-time,76700.0,729,0,0,0,0,0,0,0,38
APP-0737,CUS-0627,2023-10-26,Credit Card,2000,2000.0,,Full-time,133300.0,682,0,0,0,0,0,0,0,59
APP-0738,CUS-0703,2023-04-27,Personal Loan,26000,20800.0,60.0,Part-time,51800.0,811,0,0,0,0,0,0,0,41
APP-0739,CUS-0849,2023-06-06,Credit Card,15000,15000.0,,Full-time,63100.0,612,0,0,0,0,0,0,0,36
APP-0740,CUS-0704,2025-03-24,Personal Loan,32500,32500.0,12.0,Self-employed,73600.0,711,0,0,0,0,0,0,0,65
APP-0741,CUS-0160,2023-04-20,Credit Card,2000,1400.0,,Full-time,53900.0,770,0,0,0,0,0,0,0,39
APP-0742,CUS-0539,2023-12-07,Personal Loan,48000,24000.0,60.0,Part-time,108600.0,753,0,0,0,0,0,0,0,66
APP-0743,CUS-0201,2023-12-22,Credit Card,15000,10500.0,,Full-time,88800.0,717,0,0,0,0,0,0,0,40
APP-0744,CUS-0459,2024-09-30,Credit Card,25000,22500.0,,Full-time,96700.0,648,0,0,0,0,0,0,0,50
APP-0745,CUS-0493,2024-01-21,Credit Card,15000,7500.0,,Full-time,62400.0,565,0,0,0,0,0,0,0,39
APP-0746,CUS-0354,2023-01-25,Credit Card,10000,8000.0,,Full-time,52100.0,666,0,0,0,0,0,30,0,24
APP-0747,CUS-0239,2024-07-01,Credit Card,8000,6400.0,,Full-time,51800.0,625,0,0,0,30,60,90,1,33
APP-0748,CUS-0089,2024-09-27,Credit Card,15000,15000.0,,Part-time,51600.0,744,30,60,0,0,0,0,0,43
APP-0749,CUS-0776,2024-05-12,Credit Card,10000,10000.0,,Casual,28700.0,667,30,60,90,120,150,180,1,60
APP-0750,CUS-0057,2023-07-26,Credit Card,5000,4500.0,,Retired,72000.0,732,0,0,0,0,0,0,0,51
APP-0751,CUS-0380,2025-05-17,Personal Loan,5000,5000.0,36.0,Full-time,88600.0,531,0,0,0,0,0,0,0,63
APP-0752,CUS-0331,2024-02-16,Personal Loan,14500,11600.0,24.0,Unemployed,60700.0,770,0,30,60,90,120,150,1,23
APP-0753,CUS-0209,2024-08-16,Personal Loan,17500,14000.0,48.0,Full-time,48600.0,601,0,0,0,0,30,60,0,37
APP-0754,CUS-0161,2024-09-05,Personal Loan,34000,34000.0,60.0,Self-employed,62000.0,536,0,0,0,0,0,0,0,33
APP-0755,CUS-0542,2023-06-13,Credit Card,25000,22500.0,,Full-time,67600.0,553,0,0,0,0,0,0,0,69
APP-0756,CUS-0117,2023-06-05,Credit Card,5000,5000.0,,Casual,70800.0,622,0,0,30,60,90,120,1,34
APP-0757,CUS-0207,2023-03-31,Credit Card,2000,1800.0,,Casual,139000.0,784,0,0,0,0,0,0,0,42
APP-0758,CUS-0034,2024-04-25,Credit Card,5000,4500.0,,Full-time,41200.0,746,0,0,0,0,0,0,0,39
APP-0759,CUS-0756,2023-12-16,Credit Card,5000,5000.0,,Retired,72000.0,572,0,0,0,0,0,0,0,35
APP-0760,CUS-0975,2025-01-31,Credit Card,5000,3500.0,,Full-time,83600.0,688,0,0,0,0,0,0,0,47
APP-0761,CUS-0368,2025-01-08,Credit Card,2000,1800.0,,Full-time,63200.0,670,0,0,0,0,0,30,0,68
APP-0762,CUS-0503,2023-05-29,Credit Card,5000,4500.0,,Full-time,54700.0,535,0,0,0,0,30,60,0,37
APP-0763,CUS-0640,2024-08-14,Credit Card,2000,1600.0,,Part-time,38100.0,589,0,0,0,0,0,0,0,34
APP-0764,CUS-0483,2024-03-01,Credit Card,15000,7500.0,,Full-time,46400.0,492,0,0,0,0,0,0,0,25
APP-0765,CUS-0164,2023-02-28,Credit Card,25000,22500.0,,Part-time,84200.0,600,0,0,0,0,0,0,0,45
APP-0766,CUS-0069,2023-06-17,Credit Card,10000,9000.0,,Self-employed,118400.0,435,0,0,0,0,0,0,0,39
APP-0767,CUS-0173,2025-01-13,Personal Loan,31500,25200.0,12.0,Part-time,45100.0,607,0,0,0,0,0,0,0,32
APP-0768,CUS-0219,2023-05-11,Credit Card,15000,7500.0,,Self-employed,75600.0,594,0,0,0,0,0,0,0,22
APP-0769,CUS-0337,2024-01-31,Credit Card,25000,25000.0,,Full-time,77300.0,606,30,60,90,120,150,180,1,66
APP-0770,CUS-0334,2024-03-22,Credit Card,25000,25000.0,,Casual,96600.0,604,0,0,0,0,0,0,0,49
APP-0771,CUS-0819,2024-12-24,Personal Loan,30500,24400.0,48.0,Full-time,68100.0,787,0,0,0,0,0,0,0,58
APP-0772,CUS-0314,2024-02-21,Credit Card,5000,4000.0,,Retired,74600.0,648,0,0,0,0,0,0,0,64
APP-0773,CUS-0738,2024-05-07,Credit Card,8000,8000.0,,Full-time,91700.0,702,0,0,0,0,0,0,0,69
APP-0774,CUS-0430,2024-08-09,Credit Card,25000,22500.0,,Self-employed,35800.0,750,0,0,0,0,0,30,0,30
APP-0775,CUS-0009,2023-11-24,Credit Card,25000,20000.0,,Full-time,62200.0,763,0,0,0,0,0,0,0,42
APP-0776,CUS-0522,2025-02-20,Personal Loan,15000,15000.0,48.0,Self-employed,27200.0,743,0,0,0,30,0,0,0,59
APP-0777,CUS-0198,2024-08-27,Credit Card,15000,15000.0,,Full-time,24800.0,629,0,0,0,0,0,0,0,59
APP-0778,CUS-0831,2024-10-05,Credit Card,10000,5000.0,,Casual,41800.0,579,0,0,0,0,0,0,0,26
APP-0779,CUS-0021,2025-05-01,Credit Card,25000,20000.0,,Full-time,30200.0,608,0,0,0,0,0,0,0,51
APP-0780,CUS-0633,2023-11-03,Personal Loan,39000,39000.0,48.0,Self-employed,76700.0,636,0,0,0,0,0,0,0,47
APP-0781,CUS-0250,2024-10-26,Credit Card,15000,15000.0,,Full-time,95800.0,680,0,0,30,60,0,0,0,23
APP-0782,CUS-0217,2024-03-18,Credit Card,10000,9000.0,,Full-time,53000.0,672,0,0,0,0,0,0,0,32
APP-0783,CUS-0722,2023-12-04,Personal Loan,43500,30400.0,60.0,Retired,57200.0,781,0,0,0,0,0,0,0,58
APP-0784,CUS-0119,2024-09-05,Personal Loan,12500,12500.0,36.0,Part-time,54700.0,670,0,0,30,60,0,0,0,23
APP-0785,CUS-0497,2023-05-17,Personal Loan,25500,25500.0,48.0,Self-employed,54100.0,845,0,0,0,0,0,0,0,32
APP-0786,CUS-0727,2025-02-03,Credit Card,2000,1000.0,,Self-employed,64800.0,775,0,0,0,0,0,0,0,51
APP-0787,CUS-0883,2025-04-25,Credit Card,5000,4000.0,,Full-time,71400.0,636,0,0,0,30,0,0,0,55
APP-0788,CUS-0733,2024-09-13,Credit Card,5000,3500.0,,Full-time,49300.0,759,0,0,0,0,0,0,0,50
APP-0789,CUS-0556,2023-12-17,Credit Card,5000,5000.0,,Casual,42600.0,415,0,0,30,60,90,120,1,25
APP-0790,CUS-0389,2024-04-02,Credit Card,15000,15000.0,,Self-employed,48000.0,807,0,0,0,0,0,0,0,47
APP-0791,CUS-0814,2023-09-25,Credit Card,5000,5000.0,,Full-time,87600.0,718,0,30,0,0,0,0,0,49
APP-0792,CUS-0872,2023-05-02,Personal Loan,10500,10500.0,60.0,Retired,50300.0,717,0,0,0,0,0,0,0,27
APP-0793,CUS-0340,2025-03-06,Personal Loan,47000,42300.0,60.0,Full-time,117700.0,525,0,0,0,30,60,0,0,69
APP-0794,CUS-0405,2025-03-02,Credit Card,15000,15000.0,,Self-employed,54500.0,900,0,0,0,0,0,0,0,57
APP-0795,CUS-0623,2024-07-16,Personal Loan,15500,14000.0,60.0,Part-time,113300.0,657,0,0,0,0,0,0,0,25
APP-0796,CUS-0641,2023-09-14,Credit Card,2000,2000.0,,Full-time,35400.0,667,0,0,0,0,0,0,0,36
APP-0797,CUS-0939,2025-06-16,Credit Card,10000,7000.0,,Full-time,44400.0,784,0,0,0,0,0,0,0,62
APP-0798,CUS-0216,2024-01-05,Personal Loan,13000,6500.0,36.0,Full-time,75600.0,662,0,0,0,0,0,30,0,68
APP-0799,CUS-0041,2024-05-30,Personal Loan,8500,6000.0,48.0,Full-time,76000.0,602,0,0,0,30,60,90,1,26
APP-0800,CUS-0101,2025-03-16,Credit Card,10000,5000.0,,Part-time,56700.0,741,0,30,0,0,0,0,0,34
APP-0801,CUS-0104,2023-02-07,Personal Loan,6000,3000.0,24.0,Full-time,153600.0,587,0,0,0,0,0,0,0,52
APP-0802,CUS-0530,2023-07-08,Credit Card,10000,7000.0,,Full-time,62900.0,748,0,0,0,0,0,0,0,61
APP-0803,CUS-0516,2024-10-25,Personal Loan,32000,28800.0,36.0,Part-time,69400.0,693,0,0,0,0,0,0,0,46
APP-0804,CUS-0547,2025-04-12,Credit Card,8000,8000.0,,Full-time,47000.0,784,0,0,0,0,0,0,0,40
APP-0805,CUS-0056,2025-02-26,Credit Card,8000,7200.0,,Full-time,128900.0,568,0,0,30,60,90,120,1,28
APP-0806,CUS-0863,2023-07-28,Credit Card,5000,4500.0,,Full-time,89700.0,795,0,0,0,0,0,0,0,23
APP-0807,CUS-0148,2024-12-19,Personal Loan,24000,24000.0,36.0,Full-time,73300.0,707,0,0,0,0,0,0,0,43
APP-0808,CUS-0469,2023-03-21,Credit Card,5000,4000.0,,Self-employed,29000.0,862,0,0,0,0,0,0,0,47
APP-0809,CUS-0502,2024-06-22,Personal Loan,15500,15500.0,36.0,Full-time,71700.0,620,0,30,60,90,120,150,1,35
APP-0810,CUS-0138,2024-04-12,Credit Card,15000,10500.0,,Part-time,49200.0,851,0,0,0,30,60,90,1,50
APP-0811,CUS-0792,2025-02-22,Personal Loan,38500,38500.0,12.0,Full-time,72700.0,745,0,0,0,0,0,0,0,36
APP-0812,CUS-0692,2024-12-25,Personal Loan,27500,27500.0,36.0,Casual,92000.0,753,0,0,0,0,0,0,0,60
APP-0813,CUS-0259,2023-02-05,Personal Loan,46000,23000.0,12.0,Unemployed,43300.0,613,0,0,0,0,0,0,0,45
APP-0814,CUS-0227,2024-01-02,Credit Card,5000,5000.0,,Self-employed,67100.0,731,0,0,0,0,0,0,0,43
APP-0815,CUS-0631,2023-03-10,Credit Card,25000,25000.0,,Self-employed,90500.0,742,0,0,0,0,0,0,0,48
APP-0816,CUS-0466,2025-02-06,Credit Card,25000,20000.0,,Full-time,65400.0,604,0,0,0,0,0,0,0,36
APP-0817,CUS-0500,2023-01-17,Credit Card,15000,15000.0,,Full-time,52400.0,573,0,0,0,0,0,0,0,53
APP-0818,CUS-0834,2023-12-28,Personal Loan,30500,30500.0,12.0,Retired,37600.0,609,0,0,0,0,0,0,0,35
APP-0819,CUS-0049,2024-08-28,Credit Card,10000,10000.0,,Full-time,44900.0,815,0,0,0,0,0,0,0,65
APP-0820,CUS-0291,2025-01-12,Credit Card,5000,2500.0,,Part-time,34200.0,694,0,0,0,0,0,0,0,70
APP-0821,CUS-0375,2025-04-04,Credit Card,2000,1400.0,,Casual,95000.0,766,0,0,0,0,0,0,0,28
APP-0822,CUS-0054,2023-04-13,Personal Loan,33000,33000.0,24.0,Full-time,63700.0,707,0,0,0,0,0,0,0,24
APP-0823,CUS-0864,2023-08-24,Credit Card,25000,25000.0,,Full-time,35100.0,691,0,0,0,0,0,0,0,59
APP-0824,CUS-0095,2023-09-16,Personal Loan,20500,10200.0,24.0,Full-time,60600.0,700,0,0,0,0,0,0,0,68
APP-0825,CUS-0105,2023-09-07,Personal Loan,18500,18500.0,12.0,Casual,33900.0,642,0,0,0,0,0,0,0,49
APP-0826,CUS-0752,2023-04-22,Credit Card,10000,10000.0,,Full-time,15000.0,792,0,0,0,0,0,0,0,26
APP-0827,CUS-0860,2024-11-01,Personal Loan,25000,17500.0,24.0,Full-time,104900.0,696,0,0,0,0,0,0,0,47
APP-0828,CUS-0223,2024-11-04,Credit Card,15000,15000.0,,Full-time,103200.0,701,0,0,0,0,0,0,0,40
APP-0829,CUS-0075,2024-02-24,Credit Card,8000,8000.0,,Casual,31200.0,553,0,0,0,0,0,0,0,39
APP-0830,CUS-0778,2024-03-03,Credit Card,25000,25000.0,,Full-time,43900.0,708,0,0,0,0,0,0,0,66
APP-0831,CUS-0787,2024-12-11,Credit Card,8000,4000.0,,Unemployed,66700.0,618,0,0,30,60,90,120,1,35
APP-0832,CUS-0490,2024-08-20,Credit Card,8000,6400.0,,Self-employed,51100.0,634,0,30,60,90,120,150,1,56
APP-0833,CUS-0908,2023-05-25,Personal Loan,42000,21000.0,60.0,Retired,41300.0,775,0,0,0,0,0,0,0,52
APP-0834,CUS-0460,2023-08-06,Personal Loan,16500,8200.0,60.0,Casual,48200.0,579,0,0,0,0,0,0,0,44
APP-0835,CUS-0963,2024-04-08,Personal Loan,43000,34400.0,60.0,Full-time,54500.0,662,0,0,0,0,0,0,0,35
APP-0836,CUS-0711,2024-10-31,Credit Card,8000,7200.0,,Full-time,47300.0,738,0,0,0,0,0,0,0,58
APP-0837,CUS-0491,2025-06-13,Personal Loan,32500,16200.0,24.0,Full-time,66800.0,786,0,0,0,0,0,0,0,50
APP-0838,CUS-0586,2025-06-23,Credit Card,10000,5000.0,,Full-time,54700.0,632,30,60,90,120,150,180,1,34
APP-0839,CUS-0763,2024-04-10,Personal Loan,19500,17600.0,24.0,Full-time,43100.0,709,0,0,0,30,0,0,0,31
APP-0840,CUS-0006,2023-03-14,Credit Card,2000,1000.0,,Self-employed,61400.0,706,0,0,0,30,0,0,0,66
APP-0841,CUS-0750,2024-06-13,Personal Loan,17000,15300.0,12.0,Part-time,28700.0,576,0,0,0,30,60,90,1,36
APP-0842,CUS-0080,2023-10-18,Personal Loan,17000,8500.0,12.0,Full-time,116500.0,483,0,0,30,0,0,0,0,59
APP-0843,CUS-0576,2023-07-04,Credit Card,2000,2000.0,,Casual,27700.0,503,0,0,0,0,0,0,0,25
APP-0844,CUS-0507,2025-03-03,Personal Loan,27500,27500.0,24.0,Unemployed,58500.0,735,0,0,0,0,0,0,0,55
APP-0845,CUS-0494,2025-02-08,Personal Loan,39500,39500.0,48.0,Full-time,70700.0,689,0,0,0,0,0,0,0,70
APP-0846,CUS-0666,2025-02-14,Credit Card,25000,22500.0,,Full-time,73200.0,557,0,0,0,30,0,0,0,68
APP-0847,CUS-0909,2023-02-01,Personal Loan,28000,28000.0,12.0,Casual,68300.0,621,0,0,0,0,0,0,0,47
APP-0848,CUS-0328,2025-03-05,Credit Card,25000,25000.0,,Part-time,107300.0,643,0,0,0,30,60,90,1,62
APP-0849,CUS-0825,2025-03-18,Personal Loan,36000,32400.0,48.0,Self-employed,36500.0,647,0,0,0,0,0,30,0,40
APP-0850,CUS-0720,2023-07-26,Credit Card,8000,8000.0,,Part-time,58800.0,677,0,0,0,0,0,0,0,28
APP-0851,CUS-0892,2024-05-17,Personal Loan,33000,16500.0,12.0,Retired,64800.0,883,0,0,0,0,0,0,0,28
APP-0852,CUS-0339,2024-05-28,Credit Card,8000,8000.0,,Full-time,48500.0,608,0,0,0,0,0,0,0,48
APP-0853,CUS-0783,2024-03-05,Credit Card,2000,1800.0,,Casual,46400.0,693,0,0,0,0,0,0,0,68
APP-0854,CUS-0062,2023-03-20,Personal Loan,50000,50000.0,12.0,Part-time,108300.0,609,0,30,0,0,0,0,0,58
APP-0855,CUS-0760,2023-04-13,Credit Card,2000,2000.0,,Self-employed,44000.0,622,30,60,0,0,0,0,0,64
APP-0856,CUS-0228,2024-01-28,Personal Loan,37500,26200.0,48.0,Full-time,48900.0,599,0,30,60,0,0,0,0,57
APP-0857,CUS-0745,2023-09-03,Credit Card,25000,20000.0,,Part-time,53500.0,659,0,0,0,0,0,30,0,30
APP-0858,CUS-0907,2024-06-08,Credit Card,8000,8000.0,,Full-time,55100.0,629,30,0,0,0,0,0,0,68
APP-0859,CUS-0668,2024-06-25,Personal Loan,23500,11800.0,24.0,Self-employed,65200.0,712,0,0,0,0,0,0,0,67
APP-0860,CUS-0051,2023-08-24,Credit Card,25000,25000.0,,Full-time,55200.0,700,0,30,60,0,0,0,0,59
APP-0861,CUS-0700,2024-01-16,Credit Card,2000,1600.0,,Full-time,71700.0,598,0,0,0,0,0,0,0,53
APP-0862,CUS-0924,2024-01-20,Personal Loan,41500,41500.0,36.0,Retired,64400.0,856,0,0,0,0,0,0,0,29
APP-0863,CUS-0875,2025-05-31,Personal Loan,26500,26500.0,36.0,Casual,75200.0,572,30,60,90,120,150,180,1,62
APP-0864,CUS-0298,2023-11-30,Credit Card,2000,2000.0,,Full-time,112200.0,713,0,0,0,0,0,0,0,44
APP-0865,CUS-0014,2024-04-27,Credit Card,5000,4000.0,,Full-time,41400.0,879,0,0,0,0,0,0,0,55
APP-0866,CUS-0933,2023-03-19,Credit Card,8000,5600.0,,Full-time,127300.0,614,30,60,0,0,0,0,0,38
APP-0867,CUS-0478,2023-12-11,Credit Card,10000,10000.0,,Full-time,49500.0,802,0,0,30,60,0,0,0,59
APP-0868,CUS-0744,2023-03-04,Credit Card,2000,1800.0,,Full-time,81700.0,810,0,0,0,0,0,0,0,54
APP-0869,CUS-0653,2023-03-13,Credit Card,10000,7000.0,,Unemployed,65100.0,711,30,60,90,120,150,180,1,67
APP-0870,CUS-0840,2024-12-12,Credit Card,8000,7200.0,,Full-time,53000.0,510,0,0,0,0,0,0,0,67
APP-0871,CUS-0134,2023-01-23,Credit Card,15000,15000.0,,Casual,25100.0,811,0,0,0,0,0,0,0,52
APP-0872,CUS-0285,2023-01-03,Personal Loan,20000,20000.0,60.0,Casual,125000.0,688,0,0,0,0,0,0,0,67
APP-0873,CUS-0479,2025-03-11,Credit Card,10000,7000.0,,Casual,43100.0,630,0,0,0,0,0,0,0,27
APP-0874,CUS-0836,2025-06-17,Credit Card,15000,7500.0,,Full-time,42500.0,797,0,0,0,0,0,0,0,34
APP-0875,CUS-0068,2023-06-08,Credit Card,2000,1400.0,,Full-time,97600.0,613,0,0,0,0,0,0,0,68
APP-0876,CUS-0571,2025-03-28,Personal Loan,48500,48500.0,24.0,Part-time,62600.0,778,0,0,0,0,0,0,0,28
APP-0877,CUS-0378,2025-01-20,Credit Card,15000,15000.0,,Unemployed,142200.0,630,0,0,0,30,60,90,1,56
APP-0878,CUS-0867,2025-06-18,Credit Card,10000,9000.0,,Full-time,128800.0,729,0,0,0,0,0,0,0,31
APP-0879,CUS-0065,2024-01-08,Personal Loan,34000,34000.0,60.0,Full-time,83200.0,581,0,0,0,0,0,0,0,41
APP-0880,CUS-0832,2024-12-16,Credit Card,10000,8000.0,,Part-time,67800.0,644,0,0,30,60,90,120,1,41
APP-0881,CUS-0536,2023-03-13,Personal Loan,14500,14500.0,24.0,Full-time,85200.0,596,0,0,30,0,0,0,0,62
APP-0882,CUS-0859,2023-01-03,Credit Card,10000,5000.0,,Full-time,33500.0,614,0,0,0,0,0,0,0,40
APP-0883,CUS-0616,2023-02-02,Personal Loan,17000,17000.0,60.0,Casual,65400.0,697,0,0,0,0,0,0,0,30
APP-0884,CUS-0287,2023-04-16,Personal Loan,24000,12000.0,60.0,Full-time,64600.0,664,0,0,0,0,0,0,0,23
APP-0885,CUS-0420,2025-03-29,Personal Loan,24500,24500.0,12.0,Full-time,49000.0,697,0,0,0,0,0,0,0,24
APP-0886,CUS-0821,2023-10-18,Credit Card,8000,4000.0,,Part-time,67800.0,798,0,0,0,0,0,0,0,26
APP-0887,CUS-0257,2023-11-21,Credit Card,10000,5000.0,,Full-time,31400.0,669,0,0,0,30,60,0,0,47
APP-0888,CUS-0743,2023-06-15,Credit Card,10000,10000.0,,Full-time,90700.0,509,30,0,0,0,0,0,0,30
APP-0889,CUS-0734,2024-04-06,Personal Loan,35500,17800.0,60.0,Unemployed,107800.0,653,30,60,90,120,150,180,1,27
APP-0890,CUS-0902,2023-02-25,Personal Loan,9500,4800.0,24.0,Self-employed,33800.0,687,0,0,0,0,30,0,0,30
APP-0891,CUS-0801,2023-07-26,Personal Loan,25000,25000.0,48.0,Retired,64600.0,774,0,30,60,0,0,0,0,30
APP-0892,CUS-0775,2025-04-15,Credit Card,25000,17500.0,,Part-time,120900.0,775,0,0,0,0,0,0,0,31
APP-0893,CUS-0638,2025-03-28,Credit Card,5000,5000.0,,Part-time,73000.0,767,0,0,0,0,0,0,0,62
APP-0894,CUS-0377,2025-04-09,Personal Loan,17000,17000.0,12.0,Full-time,38100.0,659,0,0,0,0,0,0,0,24
APP-0895,CUS-0202,2023-11-08,Personal Loan,39000,39000.0,36.0,Full-time,38800.0,739,0,0,0,0,0,0,0,57
APP-0896,CUS-0376,2024-11-29,Credit Card,25000,17500.0,,Full-time,88600.0,547,0,0,0,0,0,0,0,56
APP-0897,CUS-0594,2023-03-21,Credit Card,25000,25000.0,,Part-time,137500.0,799,0,0,0,0,0,0,0,61
APP-0898,CUS-0986,2023-08-19,Credit Card,15000,7500.0,,Full-time,37200.0,720,0,0,30,0,0,0,0,31
APP-0899,CUS-0886,2023-09-23,Credit Card,8000,6400.0,,Full-time,61500.0,727,0,0,0,0,0,0,0,60
APP-0900,CUS-0395,2025-02-15,Credit Card,2000,1400.0,,Full-time,42700.0,645,0,0,0,30,60,90,1,69
APP-0901,CUS-0438,2025-01-25,Credit Card,8000,8000.0,,Part-time,53200.0,685,0,0,30,60,0,0,0,45
APP-0902,CUS-0470,2025-01-16,Credit Card,15000,10500.0,,Full-time,69400.0,618,30,60,0,0,0,0,0,34
APP-0903,CUS-0059,2023-11-24,Credit Card,5000,2500.0,,Full-time,59300.0,732,0,0,0,0,0,0,0,51
APP-0904,CUS-0794,2023-10-22,Credit Card,8000,5600.0,,Full-time,44500.0,558,0,0,0,0,0,0,0,21
APP-0905,CUS-0574,2025-02-06,Credit Card,25000,25000.0,,Self-employed,154900.0,769,0,0,0,0,0,0,0,61
APP-0906,CUS-0473,2023-04-27,Credit Card,10000,5000.0,,Casual,56300.0,730,0,0,0,0,0,0,0,35
APP-0907,CUS-0351,2024-03-08,Personal Loan,47500,42800.0,36.0,Part-time,55700.0,866,0,0,0,0,30,0,0,67
APP-0908,CUS-0646,2023-05-04,Personal Loan,20500,14300.0,12.0,Full-time,99200.0,676,0,0,0,0,0,0,0,28
APP-0909,CUS-0612,2024-06-21,Personal Loan,11500,5800.0,48.0,Full-time,60800.0,671,0,0,0,0,0,0,0,53
APP-0910,CUS-0435,2024-01-08,Credit Card,15000,15000.0,,Full-time,55200.0,698,0,0,0,0,0,0,0,36
APP-0911,CUS-0480,2024-08-31,Credit Card,10000,9000.0,,Full-time,92300.0,683,0,0,30,60,90,120,1,41
APP-0912,CUS-0992,2025-01-28,Credit Card,8000,8000.0,,Full-time,38100.0,670,0,0,0,0,0,30,0,23
APP-0913,CUS-0523,2023-07-12,Credit Card,15000,15000.0,,Full-time,84400.0,579,0,0,0,30,0,0,0,41
APP-0914,CUS-0032,2023-03-11,Personal Loan,41000,41000.0,12.0,Part-time,95700.0,578,0,0,0,30,0,0,0,64
APP-0915,CUS-0846,2023-03-25,Personal Loan,20000,16000.0,36.0,Full-time,81200.0,628,0,0,0,0,0,0,0,39
APP-0916,CUS-0454,2024-01-27,Credit Card,5000,4500.0,,Full-time,55800.0,653,0,0,0,0,0,30,0,32
APP-0917,CUS-0942,2024-12-09,Personal Loan,6500,6500.0,36.0,Full-time,60200.0,571,0,0,30,60,90,120,1,35
APP-0918,CUS-0660,2023-11-20,Personal Loan,30500,30500.0,36.0,Full-time,28100.0,573,0,0,0,0,0,0,0,47
APP-0919,CUS-0082,2024-12-11,Personal Loan,17500,15800.0,12.0,Retired,57000.0,654,0,0,0,0,0,0,0,23
APP-0920,CUS-0889,2025-03-23,Credit Card,15000,13500.0,,Full-time,68700.0,748,0,0,0,0,0,0,0,54
APP-0921,CUS-0548,2025-06-02,Personal Loan,38500,30800.0,60.0,Part-time,89000.0,662,0,0,0,0,0,0,0,59
APP-0922,CUS-0701,2023-05-20,Personal Loan,7500,3800.0,24.0,Full-time,64400.0,742,0,0,0,0,0,0,0,64
APP-0923,CUS-0367,2024-07-13,Credit Card,15000,15000.0,,Full-time,50800.0,769,0,0,0,0,0,0,0,32
APP-0924,CUS-0398,2024-08-20,Credit Card,2000,1000.0,,Retired,41600.0,751,0,0,0,0,0,0,0,31
APP-0925,CUS-0371,2024-05-08,Credit Card,25000,12500.0,,Part-time,59200.0,641,0,0,30,0,0,0,0,37
APP-0926,CUS-0555,2023-10-22,Credit Card,25000,25000.0,,Full-time,64100.0,643,0,0,0,0,30,0,0,23
APP-0927,CUS-0231,2023-12-30,Personal Loan,30500,30500.0,60.0,Full-time,103600.0,509,0,30,0,0,0,0,0,32
APP-0928,CUS-0180,2024-08-11,Personal Loan,9000,7200.0,24.0,Unemployed,60600.0,617,0,0,0,0,0,0,0,62
APP-0929,CUS-0019,2024-03-24,Credit Card,10000,10000.0,,Self-employed,48300.0,723,0,0,0,30,0,0,0,29
APP-0930,CUS-0978,2025-01-19,Credit Card,10000,10000.0,,Full-time,57600.0,580,0,0,30,60,90,120,1,51
APP-0931,CUS-0396,2023-06-22,Credit Card,10000,7000.0,,Part-time,48700.0,804,0,0,0,0,30,60,0,33
APP-0932,CUS-0929,2025-01-21,Credit Card,5000,2500.0,,Full-time,54400.0,812,0,0,0,0,0,0,0,58
APP-0933,CUS-0146,2024-07-15,Credit Card,25000,20000.0,,Full-time,22600.0,646,0,0,0,0,0,0,0,35
APP-0934,CUS-0562,2025-02-09,Personal Loan,33500,33500.0,24.0,Unemployed,29700.0,765,0,0,0,0,0,0,0,34
APP-0935,CUS-0803,2023-01-16,Credit Card,5000,3500.0,,Full-time,35500.0,550,0,0,0,0,30,0,0,52
APP-0936,CUS-0759,2023-09-24,Credit Card,8000,8000.0,,Full-time,74300.0,584,0,0,0,0,0,0,0,57
APP-0937,CUS-0110,2025-05-07,Credit Card,2000,1600.0,,Full-time,58300.0,646,30,0,0,0,0,0,0,59
APP-0938,CUS-0740,2023-09-09,Personal Loan,23500,23500.0,24.0,Retired,64500.0,681,0,0,0,0,0,0,0,58
APP-0939,CUS-0498,2024-02-11,Credit Card,2000,1000.0,,Retired,101300.0,663,0,0,0,0,0,0,0,49
APP-0940,CUS-0155,2023-04-22,Credit Card,5000,5000.0,,Part-time,37900.0,601,0,0,0,0,0,30,0,63
APP-0941,CUS-0605,2025-03-23,Personal Loan,48500,48500.0,36.0,Part-time,100400.0,861,30,60,0,0,0,0,0,63
APP-0942,CUS-0982,2023-08-21,Credit Card,5000,4000.0,,Part-time,71600.0,707,30,0,0,0,0,0,0,38
APP-0943,CUS-0582,2025-04-30,Credit Card,8000,8000.0,,Full-time,43900.0,706,0,0,0,0,0,0,0,60
APP-0944,CUS-0115,2023-04-19,Credit Card,10000,10000.0,,Retired,117100.0,743,0,0,0,30,60,90,1,53
APP-0945,CUS-0311,2025-02-02,Credit Card,2000,1000.0,,Part-time,32000.0,696,0,0,0,0,0,0,0,48
APP-0946,CUS-0674,2024-12-15,Credit Card,2000,1400.0,,Self-employed,36600.0,659,0,0,0,0,0,0,0,36
APP-0947,CUS-0618,2023-01-20,Credit Card,2000,2000.0,,Casual,55000.0,629,0,0,30,0,0,0,0,25
APP-0948,CUS-0913,2023-02-13,Credit Card,25000,12500.0,,Casual,72300.0,530,30,60,90,120,150,180,1,64
APP-0949,CUS-0677,2024-07-10,Personal Loan,29000,20300.0,12.0,Casual,55400.0,817,0,0,0,0,0,0,0,62
APP-0950,CUS-0078,2023-06-24,Credit Card,10000,9000.0,,Self-employed,23300.0,595,0,0,0,0,0,0,0,40
APP-0951,CUS-0212,2025-05-27,Credit Card,25000,25000.0,,Self-employed,52800.0,527,0,0,0,0,0,0,0,39
APP-0952,CUS-0624,2024-12-20,Credit Card,25000,22500.0,,Casual,58100.0,606,0,0,0,0,0,0,0,46
APP-0953,CUS-0476,2024-06-26,Credit Card,8000,8000.0,,Full-time,187200.0,533,0,0,0,0,0,0,0,56
APP-0954,CUS-0960,2024-12-01,Credit Card,5000,2500.0,,Full-time,111200.0,863,0,0,30,60,90,120,1,54
APP-0955,CUS-0919,2023-01-08,Credit Card,10000,8000.0,,Full-time,63700.0,714,0,0,0,0,0,0,0,35
APP-0956,CUS-0715,2025-06-05,Credit Card,15000,15000.0,,Self-employed,37100.0,809,0,0,0,0,0,0,0,32
APP-0957,CUS-0318,2025-03-26,Credit Card,10000,8000.0,,Full-time,70200.0,814,0,0,0,0,0,0,0,62
APP-0958,CUS-0295,2023-12-16,Credit Card,5000,2500.0,,Full-time,35900.0,732,0,0,0,0,0,30,0,51
APP-0959,CUS-0208,2024-12-02,Personal Loan,48000,48000.0,36.0,Part-time,66000.0,733,0,30,60,90,120,150,1,47
APP-0960,CUS-0035,2023-02-11,Personal Loan,19000,15200.0,60.0,Self-employed,71000.0,614,0,0,0,0,0,0,0,21
APP-0961,CUS-0687,2023-10-02,Credit Card,8000,8000.0,,Retired,50500.0,672,0,0,0,30,0,0,0,35
APP-0962,CUS-0543,2025-01-06,Credit Card,8000,8000.0,,Retired,67400.0,624,0,0,0,0,0,0,0,30
APP-0963,CUS-0671,2023-05-08,Personal Loan,15000,15000.0,12.0,Self-employed,52100.0,684,0,30,60,0,0,0,0,41
APP-0964,CUS-0940,2023-09-18,Credit Card,8000,8000.0,,Full-time,46800.0,616,0,0,0,0,0,0,0,43
APP-0965,CUS-0510,2024-08-24,Personal Loan,12000,12000.0,36.0,Part-time,119300.0,796,0,0,0,0,0,0,0,35
APP-0966,CUS-0292,2024-12-05,Credit Card,10000,7000.0,,Casual,78100.0,750,0,30,60,90,120,150,1,34
APP-0967,CUS-0943,2025-01-07,Credit Card,5000,3500.0,,Part-time,52600.0,670,0,0,0,0,0,0,0,46
APP-0968,CUS-0275,2023-01-18,Credit Card,8000,8000.0,,Full-time,42900.0,526,0,0,0,0,0,0,0,27
APP-0969,CUS-0532,2024-01-22,Credit Card,10000,7000.0,,Full-time,65300.0,743,0,0,0,0,30,60,0,25
APP-0970,CUS-0320,2023-02-01,Personal Loan,21500,10800.0,12.0,Retired,77600.0,761,0,0,0,0,0,0,0,46
APP-0971,CUS-0786,2024-01-21,Credit Card,15000,13500.0,,Self-employed,88000.0,674,0,0,0,0,0,30,0,40
APP-0972,CUS-0196,2024-06-28,Personal Loan,15500,7800.0,12.0,Self-employed,116100.0,564,0,0,0,0,0,0,0,62
APP-0973,CUS-0029,2023-08-21,Personal Loan,29500,29500.0,60.0,Full-time,74000.0,720,0,0,0,30,0,0,0,50
APP-0974,CUS-0615,2024-09-15,Personal Loan,16000,11200.0,60.0,Full-time,36700.0,776,0,0,0,0,0,30,0,34
APP-0975,CUS-0816,2023-09-02,Credit Card,25000,25000.0,,Self-employed,148600.0,504,0,0,0,0,0,0,0,67
APP-0976,CUS-0935,2024-05-26,Credit Card,5000,3500.0,,Casual,101000.0,732,0,0,0,0,0,0,0,58
APP-0977,CUS-0309,2024-07-11,Credit Card,15000,10500.0,,Casual,87200.0,513,0,0,0,30,60,90,1,47
APP-0978,CUS-0449,2024-04-29,Credit Card,15000,12000.0,,Full-time,109200.0,687,30,0,0,0,0,0,0,64
APP-0979,CUS-0425,2023-01-14,Personal Loan,44000,44000.0,24.0,Full-time,31100.0,840,0,30,60,0,0,0,0,20
APP-0980,CUS-0048,2024-06-27,Personal Loan,42500,29700.0,12.0,Self-employed,51100.0,688,0,0,30,60,90,120,1,28
APP-0981,CUS-0070,2023-11-12,Credit Card,25000,25000.0,,Retired,48000.0,724,0,0,0,0,0,0,0,36
APP-0982,CUS-0965,2023-04-30,Credit Card,15000,13500.0,,Full-time,102300.0,650,0,0,0,0,0,0,0,42
APP-0983,CUS-0735,2024-08-13,Personal Loan,26000,20800.0,60.0,Retired,35700.0,679,0,0,0,0,0,0,0,51
APP-0984,CUS-0829,2023-02-27,Personal Loan,6500,6500.0,24.0,Full-time,52200.0,896,0,0,0,0,0,0,0,31
APP-0985,CUS-0950,2023-06-21,Credit Card,10000,10000.0,,Part-time,118300.0,802,0,0,0,0,0,0,0,45
APP-0986,CUS-0853,2023-11-15,Credit Card,25000,20000.0,,Full-time,80400.0,651,0,0,30,60,90,120,1,37
APP-0987,CUS-0416,2023-06-03,Credit Card,2000,2000.0,,Part-time,50800.0,645,0,0,0,0,0,0,0,44
APP-0988,CUS-0313,2024-05-14,Credit Card,5000,4500.0,,Full-time,138900.0,682,0,30,60,0,0,0,0,61
APP-0989,CUS-0611,2024-10-29,Credit Card,8000,7200.0,,Full-time,33400.0,881,30,0,0,0,0,0,0,49
APP-0990,CUS-0610,2023-08-15,Personal Loan,30000,30000.0,24.0,Full-time,73700.0,699,0,0,0,0,0,0,0,40
APP-0991,CUS-0092,2025-05-22,Credit Card,8000,8000.0,,Part-time,54500.0,782,0,0,0,0,0,0,0,33
APP-0992,CUS-0270,2023-06-13,Personal Loan,16000,16000.0,12.0,Full-time,75600.0,647,0,0,0,0,0,0,0,45
APP-0993,CUS-0280,2025-03-06,Credit Card,5000,4000.0,,Part-time,53300.0,563,0,0,0,0,0,0,0,46
APP-0994,CUS-0136,2024-02-11,Credit Card,10000,9000.0,,Full-time,41600.0,801,0,0,0,0,0,0,0,56
APP-0995,CUS-0565,2024-11-27,Personal Loan,25500,20400.0,24.0,Unemployed,66200.0,673,0,0,0,0,0,0,0,28
APP-0996,CUS-0681,2024-01-09,Personal Loan,47000,47000.0,60.0,Full-time,33600.0,608,0,0,0,0,0,0,0,50
APP-0997,CUS-0520,2025-03-09,Personal Loan,28000,19600.0,12.0,Full-time,76200.0,616,0,0,0,0,0,0,0,31
APP-0998,CUS-0868,2023-09-02,Credit Card,8000,5600.0,,Full-time,52300.0,618,0,0,0,0,0,0,0,42
APP-0999,CUS-0086,2023-01-31,Credit Card,10000,10000.0,,Part-time,90700.0,624,0,30,60,90,120,150,1,68
APP-1000,CUS-0870,2025-04-24,Credit Card,10000,7000.0,,Full-time,49400.0,539,0,0,0,0,0,0,0,53
APP-1001,CUS-0813,2024-07-24,Credit Card,25000,22500.0,,Casual,44700.0,790,0,0,0,0,30,60,0,67
APP-1002,CUS-0196,2025-05-09,Personal Loan,47000,32900.0,60.0,Full-time,71900.0,715,30,0,0,0,0,0,0,63
APP-1003,CUS-0829,2023-09-01,Credit Card,2000,1600.0,,Full-time,104100.0,769,0,0,0,0,0,0,0,32
APP-1004,CUS-0313,2023-02-12,Credit Card,15000,10500.0,,Part-time,24000.0,648,0,0,0,30,60,90,1,60
APP-1005,CUS-0732,2024-02-05,Credit Card,8000,4000.0,,Unemployed,63500.0,712,0,0,0,0,0,0,0,42
APP-1006,CUS-0456,2024-03-13,Credit Card,8000,8000.0,,Retired,79500.0,695,0,0,0,0,0,0,0,47
APP-1007,CUS-0321,2024-04-18,Credit Card,25000,25000.0,,Part-time,32000.0,788,0,0,0,0,0,0,0,45
APP-1008,CUS-0312,2023-08-05,Credit Card,15000,15000.0,,Full-time,40700.0,755,0,0,0,0,0,0,0,69
APP-1009,CUS-0295,2025-03-02,Personal Loan,45000,31500.0,24.0,Full-time,80100.0,713,30,0,0,0,0,0,0,52
APP-1010,CUS-0336,2023-11-03,Credit Card,15000,10500.0,,Part-time,41700.0,620,0,0,0,0,0,0,0,58
APP-1011,CUS-0506,2024-02-21,Personal Loan,17500,14000.0,60.0,Part-time,45300.0,570,0,0,30,60,90,120,1,52
APP-1012,CUS-0486,2023-01-26,Credit Card,10000,10000.0,,Full-time,128900.0,607,0,0,0,0,0,0,0,52
APP-1013,CUS-0667,2024-02-11,Credit Card,2000,2000.0,,Casual,39600.0,622,0,0,0,0,0,0,0,46
APP-1014,CUS-0683,2023-03-14,Credit Card,2000,1600.0,,Full-time,41000.0,631,0,0,0,0,0,0,0,56
APP-1015,CUS-0385,2024-04-30,Personal Loan,49000,34300.0,48.0,Self-employed,21600.0,567,0,0,0,0,0,0,0,67
APP-1016,CUS-0043,2023-01-31,Credit Card,10000,9000.0,,Full-time,37000.0,832,0,0,0,0,0,0,0,27
APP-1017,CUS-0537,2023-09-28,Credit Card,15000,15000.0,,Full-time,34900.0,705,0,0,0,0,0,0,0,65
APP-1018,CUS-0998,2023-04-25,Credit Card,8000,6400.0,,Retired,128700.0,495,0,0,0,0,0,0,0,51
APP-1019,CUS-0914,2023-03-22,Credit Card,2000,1600.0,,Part-time,103200.0,580,0,0,30,60,90,120,1,66
APP-1020,CUS-0431,2024-08-14,Credit Card,15000,12000.0,,Unemployed,34300.0,557,0,0,0,0,0,0,0,33
APP-1021,CUS-0927,2025-06-21,Personal Loan,32000,32000.0,60.0,Full-time,143900.0,702,0,30,0,0,0,0,0,43
APP-1022,CUS-0924,2023-03-13,Personal Loan,25000,20000.0,12.0,Retired,84700.0,778,0,0,0,0,30,60,0,28
APP-1023,CUS-0367,2024-03-14,Credit Card,5000,2500.0,,Full-time,55500.0,590,0,0,0,0,0,0,0,32
APP-1024,CUS-0008,2025-03-18,Personal Loan,37000,37000.0,36.0,Casual,86100.0,737,0,0,0,0,0,0,0,57
APP-1025,CUS-0562,2025-04-09,Credit Card,25000,12500.0,,Part-time,71200.0,655,0,0,0,0,30,0,0,35
APP-1026,CUS-0058,2025-01-01,Personal Loan,15000,15000.0,48.0,Full-time,42800.0,785,0,0,0,0,0,0,0,45
APP-1027,CUS-0760,2023-01-10,Credit Card,8000,8000.0,,Full-time,27600.0,805,0,0,0,30,0,0,0,63
APP-1028,CUS-0100,2023-09-03,Credit Card,2000,1000.0,,Full-time,40200.0,708,0,0,0,0,0,0,0,20
APP-1029,CUS-0170,2023-01-17,Credit Card,8000,8000.0,,Part-time,60000.0,746,0,0,0,0,0,0,0,21
APP-1030,CUS-0913,2024-09-21,Credit Card,15000,7500.0,,Full-time,51300.0,680,0,0,0,0,0,0,0,65
APP-1031,CUS-0570,2023-12-25,Personal Loan,46500,41800.0,48.0,Full-time,43300.0,646,0,0,0,0,0,0,0,57
APP-1032,CUS-0413,2025-05-17,Credit Card,25000,22500.0,,Unemployed,92600.0,574,0,0,0,0,0,0,0,39
APP-1033,CUS-0132,2023-07-27,Credit Card,10000,10000.0,,Full-time,37500.0,710,0,0,30,0,0,0,0,44
APP-1034,CUS-0847,2023-04-16,Credit Card,25000,20000.0,,Casual,89300.0,674,0,0,0,0,0,0,0,24
APP-1035,CUS-0500,2023-12-28,Personal Loan,29000,29000.0,12.0,Retired,48500.0,645,0,0,0,0,0,0,0,53
APP-1036,CUS-0695,2024-05-25,Credit Card,15000,15000.0,,Unemployed,63100.0,673,0,0,0,0,0,0,0,68
APP-1037,CUS-0047,2024-02-02,Credit Card,5000,5000.0,,Full-time,36600.0,663,0,0,0,0,0,0,0,25
APP-1038,CUS-0088,2024-02-29,Credit Card,8000,7200.0,,Retired,59900.0,585,0,0,30,60,90,120,1,48
APP-1039,CUS-0693,2024-03-28,Personal Loan,6500,5200.0,24.0,Part-time,42500.0,632,0,0,0,0,0,0,0,35
APP-1040,CUS-0362,2023-10-10,Credit Card,25000,20000.0,,Casual,27700.0,784,0,0,0,0,0,0,0,37
APP-1041,CUS-0772,2023-03-15,Credit Card,10000,7000.0,,Full-time,59600.0,659,0,0,0,0,0,0,0,68
APP-1042,CUS-0332,2023-09-20,Personal Loan,20500,16400.0,60.0,Full-time,58700.0,807,0,0,0,0,0,0,0,31
APP-1043,CUS-0275,2024-03-18,Credit Card,2000,1000.0,,Part-time,86800.0,575,0,0,30,60,90,120,1,28
APP-1044,CUS-0454,2023-03-20,Credit Card,5000,5000.0,,Retired,68200.0,556,0,0,0,30,60,0,0,32
APP-1045,CUS-0111,2023-12-25,Personal Loan,7000,3500.0,60.0,Full-time,38300.0,692,0,0,0,0,0,0,0,27
APP-1046,CUS-0754,2024-08-12,Personal Loan,27000,27000.0,60.0,Unemployed,45800.0,751,0,0,0,0,0,0,0,21
APP-1047,CUS-0623,2023-03-22,Credit Card,2000,2000.0,,Casual,20000.0,620,0,0,0,0,0,0,0,24
APP-1048,CUS-0084,2023-06-30,Personal Loan,16000,8000.0,12.0,Full-time,36500.0,737,0,0,0,0,0,0,0,62
APP-1049,CUS-0932,2025-05-17,Credit Card,10000,10000.0,,Retired,106800.0,765,0,0,0,0,30,60,0,58
APP-1050,CUS-0927,2024-01-21,Credit Card,15000,10500.0,,Full-time,117600.0,778,0,0,30,0,0,0,0,42
APP-1051,CUS-0697,2023-07-15,Personal Loan,39000,39000.0,12.0,Full-time,84200.0,670,0,0,0,0,0,0,0,20
APP-1052,CUS-0477,2025-04-25,Personal Loan,8500,8500.0,60.0,Part-time,68700.0,675,0,0,0,0,0,0,0,39
APP-1053,CUS-0460,2023-06-11,Personal Loan,8500,8500.0,48.0,Retired,77900.0,529,0,0,30,60,90,120,1,44
APP-1054,CUS-0366,2023-11-14,Credit Card,2000,1400.0,,Full-time,74500.0,682,0,0,0,0,0,0,0,35
APP-1055,CUS-0602,2025-03-08,Credit Card,10000,10000.0,,Full-time,27800.0,706,0,0,0,0,0,0,0,71
APP-1056,CUS-0698,2023-10-16,Credit Card,25000,17500.0,,Full-time,40800.0,809,0,0,0,0,30,0,0,62
APP-1057,CUS-0864,2023-05-06,Credit Card,25000,25000.0,,Full-time,101600.0,564,0,0,0,0,0,0,0,58
APP-1058,CUS-0277,2025-04-29,Personal Loan,25500,25500.0,60.0,Full-time,101400.0,603,0,0,0,0,0,0,0,60
APP-1059,CUS-0799,2025-06-17,Credit Card,8000,8000.0,,Part-time,66800.0,589,0,0,0,30,0,0,0,70
APP-1060,CUS-0713,2024-06-15,Personal Loan,34500,24200.0,60.0,Part-time,52300.0,762,0,0,0,0,0,0,0,62
APP-1061,CUS-0654,2023-07-19,Personal Loan,29500,29500.0,48.0,Full-time,50600.0,449,0,30,60,90,120,150,1,40
APP-1062,CUS-0416,2024-06-03,Credit Card,25000,25000.0,,Full-time,47200.0,581,30,60,90,120,150,180,1,45
APP-1063,CUS-0951,2023-07-30,Personal Loan,34500,27600.0,24.0,Full-time,39800.0,868,0,0,0,0,0,0,0,41
APP-1064,CUS-0479,2023-07-22,Credit Card,5000,5000.0,,Retired,25500.0,740,0,0,0,0,0,0,0,25
APP-1065,CUS-0400,2024-11-12,Personal Loan,48000,48000.0,12.0,Full-time,64100.0,559,0,0,0,0,0,0,0,31
APP-1066,CUS-0190,2024-08-07,Credit Card,8000,8000.0,,Part-time,49100.0,675,0,0,0,0,30,0,0,26
APP-1067,CUS-0419,2023-12-03,Credit Card,15000,12000.0,,Full-time,54600.0,757,0,0,30,60,0,0,0,59
APP-1068,CUS-0204,2023-12-12,Personal Loan,21000,16800.0,12.0,Self-employed,128500.0,730,0,30,60,0,0,0,0,54
APP-1069,CUS-0290,2024-05-14,Credit Card,8000,6400.0,,Part-time,78100.0,660,0,0,0,0,0,0,0,49
APP-1070,CUS-0862,2024-05-10,Personal Loan,12500,10000.0,12.0,Unemployed,43900.0,608,0,30,60,90,120,150,1,25
APP-1071,CUS-0748,2023-01-30,Personal Loan,15500,15500.0,60.0,Part-time,77700.0,756,0,0,0,30,60,90,1,55
APP-1072,CUS-0577,2023-12-29,Personal Loan,31500,28400.0,36.0,Full-time,30800.0,679,0,0,0,0,0,0,0,24
APP-1073,CUS-0954,2024-05-04,Credit Card,15000,15000.0,,Full-time,95800.0,754,0,0,0,0,0,0,0,50
APP-1074,CUS-0423,2023-03-15,Credit Card,25000,25000.0,,Self-employed,67500.0,716,0,0,0,0,0,0,0,47
APP-1075,CUS-0395,2024-09-26,Credit Card,2000,2000.0,,Full-time,55100.0,638,0,0,0,0,30,0,0,68
APP-1076,CUS-0775,2025-03-10,Credit Card,2000,1400.0,,Retired,77400.0,811,0,0,0,0,0,0,0,31
APP-1077,CUS-0217,2024-11-05,Credit Card,8000,8000.0,,Full-time,114600.0,635,0,30,60,90,120,150,1,33
APP-1078,CUS-0913,2024-09-22,Personal Loan,34000,34000.0,36.0,Retired,48800.0,719,0,0,0,0,0,0,0,65
APP-1079,CUS-0038,2025-02-17,Personal Loan,33000,29700.0,12.0,Full-time,38700.0,622,0,0,0,30,60,90,1,51
APP-1080,CUS-0159,2025-05-22,Credit Card,10000,10000.0,,Self-employed,153700.0,659,0,0,0,30,0,0,0,63
APP-1081,CUS-0567,2023-07-31,Personal Loan,29500,23600.0,36.0,Full-time,60400.0,657,0,0,0,0,0,0,0,58
APP-1082,CUS-0998,2023-10-07,Credit Card,5000,4000.0,,Full-time,116600.0,620,0,0,0,0,0,0,0,52
APP-1083,CUS-0679,2023-12-25,Personal Loan,17500,14000.0,24.0,Part-time,44400.0,702,0,0,0,0,0,0,0,46
APP-1084,CUS-0015,2023-09-14,Personal Loan,35000,35000.0,48.0,Full-time,71000.0,799,0,0,0,0,0,0,0,44
APP-1085,CUS-0863,2024-12-21,Personal Loan,26000,26000.0,48.0,Full-time,45100.0,849,0,0,0,0,0,0,0,24
APP-1086,CUS-0614,2023-05-04,Personal Loan,28500,14200.0,12.0,Self-employed,79500.0,811,0,0,0,30,60,0,0,23
APP-1087,CUS-0379,2023-05-11,Personal Loan,36500,32800.0,24.0,Part-time,53100.0,664,0,0,0,30,60,90,1,63
APP-1088,CUS-0264,2023-10-06,Personal Loan,47500,38000.0,36.0,Full-time,44500.0,812,0,0,0,0,0,0,0,26
APP-1089,CUS-0202,2024-12-08,Credit Card,8000,5600.0,,Full-time,119700.0,718,0,0,0,30,60,90,1,58
APP-1090,CUS-0253,2023-10-24,Credit Card,8000,5600.0,,Full-time,69800.0,843,0,0,0,0,0,0,0,38
APP-1091,CUS-0002,2024-08-13,Credit Card,2000,1000.0,,Full-time,24300.0,566,0,30,0,0,0,0,0,33
APP-1092,CUS-0495,2023-06-17,Personal Loan,19000,19000.0,24.0,Full-time,54000.0,815,0,0,30,0,0,0,0,52
APP-1093,CUS-0368,2024-01-20,Credit Card,25000,25000.0,,Full-time,39900.0,626,0,0,0,0,0,0,0,67
APP-1094,CUS-0605,2023-08-30,Personal Loan,28000,28000.0,12.0,Full-time,34900.0,785,0,0,0,0,0,0,0,61
APP-1095,CUS-0746,2023-10-30,Credit Card,8000,8000.0,,Full-time,46300.0,638,0,0,0,0,0,0,0,39
APP-1096,CUS-0437,2023-09-25,Personal Loan,48500,48500.0,36.0,Retired,48500.0,763,0,0,0,0,0,0,0,62
APP-1097,CUS-0458,2023-08-06,Personal Loan,12500,12500.0,60.0,Self-employed,60900.0,654,0,0,0,0,30,60,0,55
APP-1098,CUS-0714,2025-02-20,Personal Loan,8500,8500.0,36.0,Retired,42100.0,509,30,60,90,120,150,180,1,30
APP-1099,CUS-0716,2024-07-02,Credit Card,15000,10500.0,,Full-time,26200.0,592,0,0,0,0,0,0,0,63
APP-1100,CUS-0951,2024-02-11,Personal Loan,32000,32000.0,48.0,Full-time,47200.0,658,0,0,0,0,0,0,0,42
APP-1101,CUS-0520,2024-10-08,Credit Card,10000,10000.0,,Self-employed,88800.0,682,0,0,0,0,0,0,0,31
APP-1102,CUS-0169,2025-01-16,Personal Loan,46500,32500.0,12.0,Casual,32600.0,477,0,0,0,0,0,0,0,23
APP-1103,CUS-0529,2023-05-16,Credit Card,10000,7000.0,,Full-time,79000.0,571,0,0,0,0,0,0,0,49
APP-1104,CUS-0238,2023-02-15,Credit Card,2000,1800.0,,Full-time,73600.0,614,0,0,0,0,0,0,0,57
APP-1105,CUS-0491,2023-02-15,Personal Loan,28500,28500.0,36.0,Retired,49100.0,661,0,0,0,0,0,0,0,48
APP-1106,CUS-0610,2023-06-21,Personal Loan,37000,25900.0,12.0,Self-employed,68800.0,700,0,0,0,0,0,0,0,40
APP-1107,CUS-0201,2023-10-28,Personal Loan,44000,30800.0,48.0,Retired,42900.0,606,0,0,0,0,30,60,0,40
APP-1108,CUS-0411,2025-05-17,Credit Card,10000,10000.0,,Full-time,50100.0,542,0,0,0,0,0,0,0,27
APP-1109,CUS-0018,2023-02-13,Personal Loan,41500,20800.0,12.0,Full-time,38000.0,707,0,0,0,0,0,0,0,36
APP-1110,CUS-0316,2023-02-15,Personal Loan,21000,21000.0,48.0,Part-time,73800.0,650,0,0,0,0,0,0,0,52
APP-1111,CUS-0954,2023-09-17,Personal Loan,22500,18000.0,48.0,Full-time,110500.0,761,0,0,0,0,0,0,0,49
APP-1112,CUS-0505,2023-03-05,Credit Card,15000,15000.0,,Full-time,44300.0,632,0,0,0,0,0,0,0,32
APP-1113,CUS-0532,2024-10-02,Credit Card,8000,5600.0,,Full-time,102300.0,739,0,0,0,0,0,0,0,26
APP-1114,CUS-0697,2024-04-16,Credit Card,10000,5000.0,,Full-time,23100.0,599,0,0,0,0,0,0,0,21
APP-1115,CUS-0889,2024-08-22,Credit Card,5000,3500.0,,Full-time,40400.0,704,0,0,0,0,0,0,0,54
APP-1116,CUS-0909,2023-09-22,Credit Card,8000,8000.0,,Full-time,38100.0,688,0,0,0,0,0,0,0,48
APP-1117,CUS-0010,2025-06-16,Credit Card,2000,2000.0,,Casual,129300.0,721,0,0,0,0,0,0,0,49
APP-1118,CUS-0941,2023-06-26,Personal Loan,25500,23000.0,48.0,Casual,46000.0,595,0,0,0,0,0,0,0,43
APP-1119,CUS-0268,2025-01-02,Personal Loan,5500,5500.0,48.0,Full-time,84900.0,669,0,0,0,0,0,0,0,64
APP-1120,CUS-0820,2024-07-08,Credit Card,5000,4000.0,,Self-employed,24000.0,603,0,0,0,0,0,30,0,65
APP-1121,CUS-0097,2025-03-17,Credit Card,5000,2500.0,,Self-employed,63100.0,665,0,30,60,90,120,150,1,33
APP-1122,CUS-0347,2024-07-08,Personal Loan,6000,6000.0,24.0,Retired,77200.0,736,0,0,0,0,0,0,0,35
APP-1123,CUS-0322,2024-06-20,Personal Loan,49000,49000.0,36.0,Full-time,58900.0,900,0,0,0,0,0,0,0,56
APP-1124,CUS-0884,2023-06-21,Personal Loan,41500,20800.0,48.0,Casual,17700.0,683,0,0,0,0,0,0,0,26
APP-1125,CUS-0362,2023-07-11,Credit Card,15000,7500.0,,Part-time,64800.0,745,0,0,0,0,30,60,0,37
APP-1126,CUS-0710,2024-05-06,Credit Card,10000,5000.0,,Casual,86100.0,690,0,0,0,0,0,0,0,40
APP-1127,CUS-0394,2023-10-21,Personal Loan,37500,37500.0,48.0,Retired,108200.0,783,0,0,0,0,0,0,0,57
APP-1128,CUS-0175,2024-02-19,Credit Card,10000,10000.0,,Full-time,71600.0,722,0,0,0,0,0,0,0,37
APP-1129,CUS-0747,2023-12-16,Credit Card,10000,7000.0,,Self-employed,28100.0,775,0,0,30,60,0,0,0,64
APP-1130,CUS-0954,2025-02-10,Personal Loan,49000,49000.0,48.0,Self-employed,54500.0,712,0,0,0,0,30,60,0,51
APP-1131,CUS-0846,2025-05-24,Credit Card,10000,10000.0,,Part-time,89800.0,898,0,0,0,0,0,0,0,41
APP-1132,CUS-0248,2023-03-04,Credit Card,10000,8000.0,,Full-time,41500.0,805,0,0,0,0,0,0,0,30
APP-1133,CUS-0829,2024-09-25,Credit Card,25000,25000.0,,Part-time,77100.0,526,0,0,0,0,0,0,0,33
APP-1134,CUS-0683,2023-08-01,Personal Loan,45500,41000.0,24.0,Full-time,48300.0,707,0,0,0,0,0,0,0,56
APP-1135,CUS-0496,2023-08-17,Credit Card,15000,15000.0,,Casual,62400.0,687,0,0,30,60,90,120,1,62
APP-1136,CUS-0695,2024-05-29,Personal Loan,33000,26400.0,36.0,Part-time,84100.0,480,0,0,30,60,0,0,0,68
APP-1137,CUS-0588,2023-11-03,Credit Card,8000,8000.0,,Part-time,43600.0,602,0,0,0,0,0,0,0,68
APP-1138,CUS-0909,2023-01-31,Credit Card,5000,4000.0,,Casual,216300.0,639,0,0,30,60,90,120,1,47
APP-1139,CUS-0271,2023-10-18,Credit Card,25000,12500.0,,Full-time,64100.0,614,0,0,0,0,0,0,0,34
APP-1140,CUS-0667,2025-02-09,Credit Card,10000,5000.0,,Full-time,69800.0,692,30,60,0,0,0,0,0,47
APP-1141,CUS-0159,2024-12-17,Personal Loan,38500,38500.0,24.0,Full-time,42900.0,518,0,0,0,0,0,0,0,63
APP-1142,CUS-0984,2025-06-01,Credit Card,25000,17500.0,,Full-time,61600.0,748,0,0,0,0,0,0,0,46
APP-1143,CUS-0319,2024-08-06,Personal Loan,15500,7800.0,24.0,Self-employed,53100.0,750,0,0,0,0,0,0,0,57
APP-1144,CUS-0060,2023-10-27,Personal Loan,11000,11000.0,48.0,Full-time,31100.0,712,0,0,0,0,0,0,0,33
APP-1145,CUS-0783,2024-09-22,Credit Card,5000,5000.0,,Full-time,30100.0,650,0,0,0,0,0,0,0,68
APP-1146,CUS-0038,2024-12-06,Credit Card,15000,10500.0,,Casual,68100.0,681,0,0,0,0,0,0,0,51
APP-1147,CUS-0164,2023-11-14,Credit Card,2000,2000.0,,Full-time,57600.0,638,0,0,0,0,0,0,0,46
APP-1148,CUS-0196,2023-08-15,Credit Card,10000,9000.0,,Retired,18400.0,784,30,60,90,120,150,180,1,61
APP-1149,CUS-0356,2023-08-23,Personal Loan,19000,19000.0,36.0,Retired,22800.0,726,0,0,0,0,0,0,0,51
APP-1150,CUS-0576,2025-05-13,Credit Card,15000,7500.0,,Full-time,52100.0,861,0,0,0,0,0,0,0,27
APP-1151,CUS-0580,2025-05-14,Personal Loan,22000,19800.0,12.0,Part-time,58100.0,647,0,0,0,0,0,0,0,26
APP-1152,CUS-0424,2023-07-12,Credit Card,10000,9000.0,,Self-employed,78700.0,812,0,0,0,0,0,0,0,64
APP-1153,CUS-0882,2023-08-21,Credit Card,25000,25000.0,,Unemployed,34300.0,628,0,0,0,0,0,0,0,59
APP-1154,CUS-0083,2023-01-06,Credit Card,15000,15000.0,,Casual,78100.0,665,0,30,60,90,120,150,1,68
APP-1155,CUS-0178,2024-11-19,Personal Loan,48500,24200.0,36.0,Full-time,52100.0,586,0,0,0,30,60,90,1,57
APP-1156,CUS-0203,2023-03-04,Credit Card,8000,4000.0,,Full-time,47700.0,728,0,0,0,0,0,0,0,56
APP-1157,CUS-0162,2023-04-17,Personal Loan,36000,25200.0,48.0,Part-time,56200.0,675,0,0,0,30,0,0,0,30
APP-1158,CUS-0580,2024-02-22,Credit Card,25000,25000.0,,Casual,93300.0,737,0,0,0,0,0,0,0,25
APP-1159,CUS-0744,2023-08-03,Credit Card,10000,10000.0,,Casual,76900.0,815,0,0,0,0,0,0,0,55
APP-1160,CUS-0403,2023-02-04,Personal Loan,7500,5200.0,24.0,Full-time,89300.0,675,0,0,0,0,0,0,0,53
APP-1161,CUS-0501,2023-02-16,Personal Loan,12500,12500.0,12.0,Self-employed,43900.0,715,0,0,0,0,0,0,0,41
APP-1162,CUS-0764,2025-06-12,Personal Loan,40000,32000.0,24.0,Part-time,52700.0,762,0,0,0,0,0,0,0,58
APP-1163,CUS-0787,2023-01-23,Credit Card,8000,8000.0,,Full-time,35500.0,675,0,0,0,0,0,0,0,33
APP-1164,CUS-0467,2024-07-28,Credit Card,10000,7000.0,,Full-time,46700.0,631,0,0,0,0,30,0,0,31
APP-1165,CUS-0733,2024-02-09,Personal Loan,9000,6300.0,12.0,Full-time,50100.0,713,0,0,0,0,0,0,0,50
APP-1166,CUS-0878,2024-06-02,Credit Card,15000,10500.0,,Casual,48600.0,726,0,0,0,0,0,0,0,48
APP-1167,CUS-0462,2025-06-24,Credit Card,5000,5000.0,,Full-time,82500.0,751,0,0,0,0,0,0,0,39
APP-1168,CUS-0759,2024-07-24,Personal Loan,36000,18000.0,12.0,Self-employed,72500.0,756,0,0,0,0,0,0,0,58
APP-1169,CUS-0680,2024-02-03,Credit Card,15000,7500.0,,Full-time,84300.0,620,0,0,0,0,0,0,0,51
APP-1170,CUS-0495,2024-01-16,Personal Loan,17000,11900.0,12.0,Full-time,63400.0,721,0,0,0,0,0,0,0,52
APP-1171,CUS-0496,2023-01-06,Personal Loan,11500,10400.0,60.0,Self-employed,97000.0,792,0,0,0,0,0,0,0,62
APP-1172,CUS-0358,2025-03-17,Credit Card,10000,8000.0,,Full-time,63000.0,639,0,0,0,0,0,0,0,60
APP-1173,CUS-0864,2024-10-26,Credit Card,25000,25000.0,,Unemployed,92500.0,713,0,0,0,0,0,0,0,60
APP-1174,CUS-0214,2024-10-11,Credit Card,8000,8000.0,,Part-time,75100.0,625,0,0,30,60,90,120,1,46
APP-1175,CUS-0288,2023-11-08,Credit Card,25000,12500.0,,Retired,83400.0,696,0,0,0,0,0,0,0,36
APP-1176,CUS-0293,2024-01-28,Credit Card,8000,7200.0,,Full-time,58100.0,837,0,0,0,0,0,0,0,29
APP-1177,CUS-0188,2024-10-17,Credit Card,10000,10000.0,,Full-time,34300.0,696,0,0,0,0,0,0,0,64
APP-1178,CUS-0356,2023-09-16,Credit Card,5000,5000.0,,Full-time,31300.0,593,0,30,0,0,0,0,0,51
APP-1179,CUS-0704,2025-02-16,Credit Card,10000,10000.0,,Retired,144500.0,712,0,0,0,0,30,0,0,65
APP-1180,CUS-0362,2023-05-12,Credit Card,10000,10000.0,,Full-time,71300.0,700,0,0,0,0,0,0,0,37
APP-1181,CUS-0148,2023-08-03,Personal Loan,24000,12000.0,48.0,Casual,73100.0,781,0,0,30,0,0,0,0,42
APP-1182,CUS-0180,2023-10-15,Credit Card,25000,22500.0,,Part-time,55500.0,557,0,0,0,0,0,0,0,61
APP-1183,CUS-0455,2024-04-26,Credit Card,15000,7500.0,,Unemployed,48700.0,598,0,0,0,0,0,0,0,66
APP-1184,CUS-0474,2023-11-18,Personal Loan,40000,40000.0,24.0,Self-employed,218000.0,674,0,30,60,90,120,150,1,21
APP-1185,CUS-0380,2024-01-08,Personal Loan,41000,41000.0,24.0,Full-time,36200.0,540,0,0,0,0,0,0,0,62
APP-1186,CUS-0112,2023-03-15,Personal Loan,14000,14000.0,24.0,Full-time,58200.0,783,0,0,0,0,0,0,0,53
APP-1187,CUS-0487,2023-02-20,Personal Loan,31500,31500.0,24.0,Full-time,58500.0,498,0,0,0,0,0,0,0,40
APP-1188,CUS-0869,2025-04-22,Credit Card,2000,2000.0,,Full-time,36000.0,606,0,0,0,0,0,0,0,28
APP-1189,CUS-0446,2024-03-21,Personal Loan,7000,7000.0,48.0,Full-time,33800.0,547,30,60,90,120,150,180,1,24
APP-1190,CUS-0551,2023-08-24,Credit Card,25000,25000.0,,Casual,43600.0,621,0,0,0,30,0,0,0,40
APP-1191,CUS-0704,2023-06-11,Credit Card,25000,25000.0,,Self-employed,51300.0,753,0,0,0,0,0,0,0,63
APP-1192,CUS-0096,2024-05-06,Personal Loan,40000,40000.0,24.0,Self-employed,48100.0,735,0,30,60,0,0,0,0,36
APP-1193,CUS-0571,2024-04-16,Personal Loan,15500,15500.0,36.0,Full-time,86300.0,764,0,0,0,30,60,90,1,27
APP-1194,CUS-0328,2023-03-02,Credit Card,15000,12000.0,,Full-time,35200.0,735,0,0,0,30,0,0,0,60
APP-1195,CUS-0431,2024-04-05,Credit Card,15000,13500.0,,Casual,71800.0,497,30,60,0,0,0,0,0,32
APP-1196,CUS-0256,2024-05-17,Personal Loan,17500,17500.0,36.0,Casual,115900.0,708,0,0,0,0,0,0,0,63
APP-1197,CUS-0123,2024-08-27,Personal Loan,13500,6800.0,24.0,Self-employed,89500.0,514,0,0,30,60,90,120,1,53
APP-1198,CUS-0157,2024-08-11,Credit Card,25000,25000.0,,Retired,35900.0,635,0,0,0,0,0,0,0,54
APP-1199,CUS-0624,2023-08-28,Credit Card,10000,5000.0,,Full-time,15900.0,645,0,0,0,0,0,0,0,44
APP-1200,CUS-0481,2023-03-14,Credit Card,10000,10000.0,,Full-time,87600.0,632,0,0,30,0,0,0,0,30
APP-1201,CUS-0091,2023-01-15,Personal Loan,43000,30100.0,24.0,Full-time,74900.0,725,0,0,0,30,60,90,1,32
APP-1202,CUS-0184,2025-06-07,Credit Card,25000,20000.0,,Full-time,46000.0,608,0,0,0,0,0,0,0,36
APP-1203,CUS-0731,2023-03-26,Personal Loan,23500,18800.0,48.0,Full-time,106500.0,837,0,0,0,0,0,0,0,27
APP-1204,CUS-0152,2023-05-29,Credit Card,8000,8000.0,,Casual,49900.0,735,0,0,30,60,0,0,0,25
APP-1205,CUS-0855,2023-01-31,Credit Card,2000,2000.0,,Part-time,62900.0,787,0,0,0,0,0,0,0,24
APP-1206,CUS-0703,2023-08-28,Personal Loan,7000,7000.0,60.0,Part-time,37500.0,749,0,0,0,0,0,0,0,41
APP-1207,CUS-0667,2024-04-06,Personal Loan,28000,22400.0,12.0,Self-employed,69100.0,761,0,0,0,0,0,0,0,46
APP-1208,CUS-0430,2024-11-01,Personal Loan,31000,21700.0,24.0,Part-time,49300.0,677,0,0,30,0,0,0,0,30
APP-1209,CUS-0171,2024-06-10,Credit Card,8000,8000.0,,Retired,47700.0,858,0,0,0,0,0,0,0,37
APP-1210,CUS-0673,2023-11-03,Credit Card,2000,1800.0,,Self-employed,97300.0,586,0,0,0,0,0,0,0,43
APP-1211,CUS-0454,2024-07-18,Credit Card,25000,20000.0,,Part-time,65900.0,722,0,0,0,0,0,30,0,33
APP-1212,CUS-0470,2025-03-09,Credit Card,15000,10500.0,,Part-time,30500.0,681,0,0,0,0,0,0,0,34
APP-1213,CUS-0702,2023-02-16,Credit Card,8000,7200.0,,Full-time,81700.0,661,0,0,0,30,60,90,1,65
APP-1214,CUS-0504,2023-08-06,Personal Loan,6000,6000.0,24.0,Full-time,87200.0,709,0,0,0,0,0,30,0,66
APP-1215,CUS-0055,2024-01-31,Credit Card,10000,8000.0,,Casual,41200.0,613,0,0,30,60,90,120,1,56
APP-1216,CUS-0311,2023-10-14,Personal Loan,19000,19000.0,24.0,Part-time,50200.0,759,0,0,0,0,0,0,0,47
APP-1217,CUS-0628,2024-12-11,Personal Loan,26500,23800.0,48.0,Full-time,61300.0,752,0,0,0,0,0,0,0,33
APP-1218,CUS-0427,2024-09-22,Credit Card,2000,1800.0,,Casual,53500.0,690,0,0,0,0,0,0,0,45
APP-1219,CUS-0189,2025-03-29,Credit Card,2000,1600.0,,Part-time,63300.0,747,0,0,0,0,0,0,0,63
APP-1220,CUS-0481,2025-02-22,Credit Card,15000,15000.0,,Full-time,80200.0,587,0,30,60,90,120,150,1,32
APP-1221,CUS-0353,2023-05-05,Credit Card,25000,25000.0,,Casual,48000.0,518,0,0,0,0,0,0,0,26
APP-1222,CUS-0343,2025-03-16,Credit Card,2000,1000.0,,Full-time,152700.0,628,0,30,60,90,120,150,1,52
APP-1223,CUS-0240,2024-12-02,Personal Loan,43500,43500.0,24.0,Retired,43500.0,659,30,60,90,120,150,180,1,38
APP-1224,CUS-0827,2023-09-20,Personal Loan,10000,10000.0,36.0,Retired,47000.0,900,0,0,0,0,0,0,0,64
APP-1225,CUS-0580,2023-11-26,Credit Card,10000,10000.0,,Full-time,145200.0,660,0,0,0,0,0,0,0,24
APP-1226,CUS-0247,2024-04-28,Credit Card,8000,4000.0,,Full-time,175100.0,774,30,60,90,120,150,180,1,47
APP-1227,CUS-0752,2023-11-21,Personal Loan,33000,23100.0,60.0,Casual,60900.0,757,0,0,0,0,0,0,0,27
APP-1228,CUS-0221,2024-01-10,Credit Card,25000,20000.0,,Full-time,55000.0,871,0,0,0,0,0,0,0,64
APP-1229,CUS-0266,2024-12-16,Credit Card,25000,17500.0,,Self-employed,36900.0,691,0,0,0,0,0,30,0,44
APP-1230,CUS-0345,2024-09-07,Personal Loan,38500,27000.0,24.0,Casual,100100.0,740,0,0,0,0,0,0,0,67
APP-1231,CUS-0956,2024-11-03,Personal Loan,50000,35000.0,48.0,Unemployed,64700.0,663,0,0,0,0,0,0,0,41
APP-1232,CUS-0786,2023-07-27,Personal Loan,39000,39000.0,36.0,Full-time,40900.0,603,0,0,0,0,0,0,0,39
APP-1233,CUS-0638,2023-01-18,Credit Card,8000,4000.0,,Casual,71900.0,590,0,0,0,0,0,0,0,60
APP-1234,CUS-0848,2025-02-03,Personal Loan,33500,16800.0,36.0,Part-time,110900.0,610,0,0,0,0,0,0,0,43
APP-1235,CUS-0858,2024-07-08,Credit Card,25000,25000.0,,Casual,81500.0,810,0,0,0,0,0,0,0,33
APP-1236,CUS-0566,2024-10-11,Credit Card,2000,1800.0,,Retired,161700.0,707,0,30,60,0,0,0,0,48
APP-1237,CUS-0876,2023-08-22,Credit Card,5000,5000.0,,Full-time,100900.0,667,0,0,0,0,0,0,0,48
APP-1238,CUS-0361,2023-06-09,Credit Card,15000,15000.0,,Full-time,73000.0,682,0,0,0,0,0,0,0,36
APP-1239,CUS-0386,2023-11-30,Credit Card,2000,1600.0,,Self-employed,59000.0,630,0,30,60,90,120,150,1,38
APP-1240,CUS-0649,2023-10-14,Credit Card,2000,2000.0,,Full-time,76700.0,678,0,0,0,0,0,0,0,51
APP-1241,CUS-0969,2023-02-03,Personal Loan,14000,11200.0,36.0,Part-time,103500.0,677,0,30,60,90,120,150,1,60
APP-1242,CUS-0827,2023-11-03,Personal Loan,9500,9500.0,12.0,Retired,88100.0,740,30,60,90,120,150,180,1,64
APP-1243,CUS-0965,2024-07-16,Credit Card,25000,22500.0,,Self-employed,96200.0,763,30,60,0,0,0,0,0,43
APP-1244,CUS-0243,2025-04-27,Credit Card,25000,12500.0,,Casual,66200.0,533,0,0,0,0,0,0,0,22
APP-1245,CUS-0440,2025-05-25,Personal Loan,28000,19600.0,48.0,Full-time,84500.0,702,0,0,0,0,0,0,0,68
APP-1246,CUS-0668,2024-02-20,Credit Card,2000,1000.0,,Unemployed,103500.0,805,0,0,0,0,0,0,0,67
APP-1247,CUS-0934,2025-04-20,Credit Card,5000,5000.0,,Full-time,55600.0,589,0,0,0,0,0,0,0,57
APP-1248,CUS-0710,2024-07-15,Personal Loan,35500,35500.0,36.0,Full-time,33400.0,658,0,0,30,60,0,0,0,41
APP-1249,CUS-0914,2024-11-29,Credit Card,15000,7500.0,,Full-time,130200.0,696,0,0,0,0,0,0,0,67
APP-1250,CUS-0391,2025-04-27,Credit Card,8000,5600.0,,Full-time,77800.0,780,0,0,0,0,0,0,0,24
APP-1251,CUS-0625,2025-03-04,Personal Loan,27500,19200.0,36.0,Full-time,49100.0,735,0,0,0,0,0,0,0,60
APP-1252,CUS-0145,2023-12-28,Credit Card,5000,4000.0,,Part-time,66500.0,661,0,0,0,0,0,0,0,35
APP-1253,CUS-0253,2023-10-22,Credit Card,15000,15000.0,,Full-time,53600.0,726,0,0,0,0,0,0,0,38
APP-1254,CUS-0608,2025-05-11,Personal Loan,49500,44600.0,12.0,Full-time,27800.0,774,0,0,0,0,0,0,0,36
APP-1255,CUS-0242,2025-04-18,Personal Loan,44500,44500.0,48.0,Self-employed,55100.0,716,0,0,0,0,0,0,0,47
APP-1256,CUS-0211,2023-09-24,Personal Loan,48000,43200.0,24.0,Full-time,31500.0,848,0,0,0,0,30,0,0,31
APP-1257,CUS-0108,2024-01-16,Credit Card,5000,4000.0,,Full-time,65600.0,719,0,0,0,0,0,0,0,24
APP-1258,CUS-0369,2023-01-12,Credit Card,5000,4500.0,,Self-employed,57000.0,586,0,0,0,0,0,0,0,45
APP-1259,CUS-0279,2024-11-12,Credit Card,15000,15000.0,,Self-employed,99700.0,610,0,0,0,0,0,0,0,34
APP-1260,CUS-0545,2023-04-04,Credit Card,5000,5000.0,,Casual,56700.0,669,0,0,0,0,0,0,0,21
APP-1261,CUS-0580,2024-12-14,Credit Card,8000,8000.0,,Part-time,70800.0,662,0,0,0,0,0,0,0,26
APP-1262,CUS-0963,2024-09-22,Credit Card,25000,17500.0,,Full-time,52300.0,737,0,0,0,0,0,0,0,36
APP-1263,CUS-0612,2024-02-03,Credit Card,25000,25000.0,,Full-time,50500.0,713,0,0,0,0,0,0,0,52
APP-1264,CUS-0147,2023-12-14,Credit Card,25000,25000.0,,Casual,31900.0,836,0,0,0,0,0,0,0,45
APP-1265,CUS-0417,2025-05-10,Credit Card,2000,2000.0,,Self-employed,93500.0,754,0,0,0,0,0,0,0,53
APP-1266,CUS-0074,2025-01-29,Personal Loan,36000,32400.0,12.0,Part-time,64700.0,815,0,0,0,0,0,0,0,32
APP-1267,CUS-0545,2025-01-31,Personal Loan,11000,11000.0,24.0,Retired,46100.0,612,0,30,60,90,120,150,1,22
APP-1268,CUS-0539,2024-04-30,Credit Card,8000,8000.0,,Part-time,65800.0,643,0,0,0,0,0,0,0,66
APP-1269,CUS-0855,2024-12-09,Personal Loan,22500,22500.0,12.0,Self-employed,49700.0,743,0,0,0,0,0,0,0,26
APP-1270,CUS-0944,2024-09-16,Credit Card,10000,5000.0,,Retired,43200.0,689,0,0,0,0,0,0,0,23
APP-1271,CUS-0935,2025-04-07,Credit Card,10000,5000.0,,Full-time,67000.0,738,0,0,0,0,0,0,0,59
APP-1272,CUS-0047,2023-11-18,Credit Card,25000,25000.0,,Full-time,103400.0,704,0,30,0,0,0,0,0,25
APP-1273,CUS-0042,2024-04-02,Personal Loan,19500,13600.0,36.0,Unemployed,53000.0,625,0,0,0,30,60,90,1,61
APP-1274,CUS-0643,2024-06-19,Personal Loan,22500,15700.0,36.0,Full-time,31500.0,835,30,60,90,120,150,180,1,60
APP-1275,CUS-0955,2023-04-15,Personal Loan,11500,10400.0,36.0,Full-time,45400.0,784,0,0,0,0,30,0,0,50
APP-1276,CUS-0028,2024-09-27,Credit Card,15000,12000.0,,Full-time,134400.0,541,30,0,0,0,0,0,0,61
APP-1277,CUS-0801,2023-02-19,Personal Loan,34500,34500.0,24.0,Self-employed,41600.0,626,0,0,0,0,0,0,0,29
APP-1278,CUS-0552,2023-12-10,Credit Card,25000,25000.0,,Full-time,102200.0,683,0,0,0,0,0,0,0,55
APP-1279,CUS-0564,2024-03-08,Personal Loan,26000,18200.0,48.0,Full-time,53800.0,743,0,0,0,0,0,0,0,22
APP-1280,CUS-0120,2024-03-23,Personal Loan,30000,15000.0,24.0,Full-time,83500.0,675,0,0,0,0,0,0,0,41
APP-1281,CUS-0485,2024-08-31,Personal Loan,11500,11500.0,12.0,Full-time,57100.0,559,0,0,0,30,60,0,0,28
APP-1282,CUS-0660,2025-02-07,Credit Card,8000,8000.0,,Full-time,29400.0,756,30,60,0,0,0,0,0,48
APP-1283,CUS-0706,2023-03-31,Credit Card,2000,1800.0,,Retired,49700.0,663,0,0,0,30,0,0,0,23
APP-1284,CUS-0361,2025-04-26,Credit Card,25000,25000.0,,Full-time,154900.0,790,0,30,0,0,0,0,0,38
APP-1285,CUS-0691,2024-01-17,Personal Loan,48000,33600.0,24.0,Full-time,56400.0,709,0,0,30,60,0,0,0,31
APP-1286,CUS-0655,2023-11-16,Personal Loan,14000,14000.0,36.0,Part-time,77200.0,772,0,30,60,90,120,150,1,38
APP-1287,CUS-0724,2024-08-28,Personal Loan,12500,8800.0,24.0,Part-time,51500.0,757,30,0,0,0,0,0,0,32
APP-1288,CUS-0259,2023-03-03,Credit Card,8000,6400.0,,Self-employed,56400.0,761,0,30,0,0,0,0,0,45
APP-1289,CUS-0933,2025-04-11,Credit Card,25000,17500.0,,Full-time,69200.0,636,0,30,0,0,0,0,0,40
APP-1290,CUS-0075,2025-02-06,Credit Card,25000,20000.0,,Full-time,74100.0,774,0,30,0,0,0,0,0,40
APP-1291,CUS-0031,2023-04-20,Personal Loan,42500,42500.0,24.0,Full-time,162600.0,700,0,0,0,0,0,0,0,43
APP-1292,CUS-0182,2024-02-12,Personal Loan,15500,12400.0,60.0,Self-employed,59500.0,569,0,30,60,0,0,0,0,52
APP-1293,CUS-0068,2023-02-11,Credit Card,2000,2000.0,,Full-time,55200.0,646,0,30,60,0,0,0,0,68
APP-1294,CUS-0274,2025-06-02,Credit Card,10000,5000.0,,Full-time,44500.0,651,0,0,0,0,0,30,0,40
APP-1295,CUS-0521,2025-05-31,Personal Loan,45500,41000.0,60.0,Self-employed,33200.0,724,0,0,0,0,0,0,0,40
APP-1296,CUS-0165,2024-11-25,Credit Card,5000,5000.0,,Part-time,29000.0,743,0,0,0,0,0,0,0,34
APP-1297,CUS-0304,2024-05-08,Credit Card,2000,2000.0,,Full-time,80700.0,582,0,0,0,0,0,0,0,58
APP-1298,CUS-0199,2023-12-02,Credit Card,15000,13500.0,,Full-time,25900.0,747,0,0,0,0,0,0,0,65
APP-1299,CUS-0868,2023-07-09,Personal Loan,49000,49000.0,60.0,Retired,112800.0,676,0,0,0,30,60,90,1,42
APP-1300,CUS-0545,2025-02-13,Credit Card,8000,8000.0,,Full-time,88200.0,587,0,0,0,0,0,0,0,23
APP-1301,CUS-0613,2023-08-07,Credit Card,10000,7000.0,,Self-employed,52500.0,757,0,0,0,0,0,0,0,36
APP-1302,CUS-0438,2024-05-14,Personal Loan,24500,19600.0,24.0,Full-time,35600.0,613,0,0,0,0,0,0,0,44
APP-1303,CUS-0557,2025-02-07,Credit Card,5000,5000.0,,Casual,60700.0,575,0,0,30,60,90,120,1,48
APP-1304,CUS-0826,2024-10-11,Personal Loan,23000,20700.0,60.0,Full-time,60500.0,750,0,0,0,0,0,0,0,63
APP-1305,CUS-0987,2023-12-01,Credit Card,15000,7500.0,,Casual,99500.0,763,0,0,0,0,30,0,0,46
APP-1306,CUS-0498,2025-03-17,Credit Card,25000,25000.0,,Self-employed,42900.0,623,0,0,0,0,0,0,0,50
APP-1307,CUS-0469,2023-03-30,Credit Card,25000,20000.0,,Full-time,50600.0,777,0,0,0,0,0,0,0,47
APP-1308,CUS-0540,2024-06-12,Credit Card,10000,10000.0,,Unemployed,58500.0,772,0,0,0,0,0,0,0,56
APP-1309,CUS-0521,2024-11-07,Personal Loan,44000,44000.0,60.0,Full-time,52900.0,636,0,0,0,0,0,0,0,40
APP-1310,CUS-0711,2025-05-13,Personal Loan,30500,30500.0,12.0,Full-time,45300.0,862,0,0,0,0,0,0,0,59
APP-1311,CUS-0219,2025-06-19,Credit Card,15000,13500.0,,Self-employed,27700.0,677,30,0,0,0,0,0,0,24
APP-1312,CUS-0854,2023-12-29,Credit Card,8000,7200.0,,Part-time,28700.0,702,0,0,0,0,0,0,0,34
APP-1313,CUS-0062,2023-07-31,Credit Card,15000,15000.0,,Full-time,44200.0,468,0,0,0,0,30,0,0,58
APP-1314,CUS-0585,2023-12-12,Personal Loan,11500,11500.0,36.0,Casual,54200.0,739,0,0,0,0,0,0,0,50
APP-1315,CUS-0973,2023-10-19,Personal Loan,38000,34200.0,12.0,Part-time,94000.0,627,0,0,0,0,0,30,0,23
APP-1316,CUS-0037,2024-08-06,Credit Card,5000,5000.0,,Unemployed,169500.0,722,0,30,60,0,0,0,0,33
APP-1317,CUS-0889,2024-10-14,Credit Card,25000,25000.0,,Unemployed,129700.0,529,0,0,0,0,0,0,0,54
APP-1318,CUS-0460,2024-01-04,Credit Card,10000,8000.0,,Retired,71600.0,786,0,0,0,0,0,0,0,44
APP-1319,CUS-0845,2023-03-13,Credit Card,2000,2000.0,,Part-time,139600.0,813,0,0,0,0,0,30,0,35
APP-1320,CUS-0033,2024-10-06,Credit Card,10000,10000.0,,Self-employed,56900.0,852,0,0,0,0,0,0,0,44
APP-1321,CUS-0873,2024-03-22,Credit Card,8000,8000.0,,Casual,47300.0,417,0,0,30,60,90,120,1,70
APP-1322,CUS-0605,2024-04-28,Credit Card,5000,3500.0,,Full-time,169800.0,735,0,0,0,0,0,0,0,62
APP-1323,CUS-0686,2025-02-18,Personal Loan,48500,48500.0,24.0,Casual,37100.0,713,0,0,0,0,0,0,0,57
APP-1324,CUS-0066,2024-11-07,Personal Loan,17000,17000.0,36.0,Full-time,49800.0,411,0,0,30,0,0,0,0,22
APP-1325,CUS-0398,2024-06-16,Personal Loan,31500,28400.0,24.0,Full-time,53300.0,617,0,30,60,90,120,150,1,31
APP-1326,CUS-0540,2025-01-22,Personal Loan,28500,25600.0,36.0,Full-time,115700.0,675,0,0,0,0,0,0,0,56
APP-1327,CUS-0218,2025-04-29,Credit Card,5000,5000.0,,Full-time,45900.0,811,0,0,0,0,0,0,0,53
APP-1328,CUS-0150,2024-05-31,Credit Card,5000,4500.0,,Part-time,85200.0,608,0,0,0,0,0,0,0,27
APP-1329,CUS-0663,2023-09-25,Credit Card,2000,2000.0,,Self-employed,49900.0,701,0,0,0,0,0,30,0,45
APP-1330,CUS-0856,2025-04-13,Credit Card,8000,4000.0,,Self-employed,34600.0,678,0,0,0,0,0,0,0,35
APP-1331,CUS-0190,2023-11-03,Credit Card,5000,4000.0,,Full-time,66700.0,716,0,0,0,0,0,0,0,26
APP-1332,CUS-0095,2024-12-12,Credit Card,25000,20000.0,,Part-time,64700.0,647,0,0,0,30,60,90,1,70
APP-1333,CUS-0263,2025-01-25,Credit Card,15000,7500.0,,Full-time,35700.0,763,0,0,0,0,0,0,0,63
APP-1334,CUS-0660,2025-02-19,Credit Card,8000,4000.0,,Full-time,40600.0,770,0,0,0,0,0,0,0,48
APP-1335,CUS-0496,2024-12-26,Personal Loan,13000,6500.0,36.0,Full-time,42000.0,561,0,0,0,0,30,0,0,64
APP-1336,CUS-0704,2023-01-18,Personal Loan,14500,14500.0,60.0,Casual,92500.0,784,0,0,0,0,0,0,0,63
APP-1337,CUS-0939,2024-12-18,Personal Loan,10000,10000.0,60.0,Retired,73800.0,616,0,0,0,0,0,0,0,62
APP-1338,CUS-0276,2023-01-15,Credit Card,10000,5000.0,,Full-time,66800.0,659,0,0,0,0,0,0,0,28
APP-1339,CUS-0667,2024-10-11,Credit Card,2000,2000.0,,Full-time,74800.0,784,0,0,30,0,0,0,0,46
APP-1340,CUS-0593,2024-08-01,Personal Loan,49500,49500.0,48.0,Casual,48400.0,692,0,0,0,0,0,0,0,28
APP-1341,CUS-0856,2025-02-06,Credit Card,2000,1800.0,,Full-time,74400.0,735,0,0,30,0,0,0,0,35
APP-1342,CUS-0330,2023-10-31,Personal Loan,47500,23800.0,48.0,Full-time,45700.0,754,0,0,0,0,0,0,0,27
APP-1343,CUS-0113,2023-06-04,Personal Loan,20000,20000.0,60.0,Self-employed,33000.0,737,0,0,0,0,0,0,0,27
APP-1344,CUS-0259,2025-03-06,Personal Loan,26000,26000.0,12.0,Full-time,43700.0,635,0,0,0,0,0,0,0,47
APP-1345,CUS-0011,2023-02-14,Personal Loan,43500,43500.0,12.0,Retired,66000.0,598,0,0,0,30,60,0,0,44
APP-1346,CUS-0260,2023-12-23,Credit Card,15000,10500.0,,Full-time,62500.0,745,0,0,0,0,0,0,0,57
APP-1347,CUS-0851,2024-12-05,Credit Card,5000,5000.0,,Self-employed,96600.0,752,0,0,0,0,0,0,0,52
APP-1348,CUS-0016,2024-11-08,Personal Loan,37000,29600.0,24.0,Self-employed,28100.0,716,0,0,0,0,0,0,0,52
APP-1349,CUS-0179,2023-02-25,Credit Card,10000,8000.0,,Self-employed,54400.0,667,0,0,0,0,0,0,0,62
APP-1350,CUS-0673,2023-08-13,Credit Card,25000,20000.0,,Part-time,71700.0,761,0,0,0,0,0,0,0,43
APP-1351,CUS-0241,2024-08-27,Credit Card,5000,4000.0,,Part-time,38900.0,682,0,0,0,0,0,0,0,22
APP-1352,CUS-0072,2024-07-27,Credit Card,15000,15000.0,,Full-time,67200.0,561,0,0,30,60,90,120,1,46
APP-1353,CUS-0526,2025-04-12,Credit Card,25000,25000.0,,Full-time,49900.0,709,0,0,0,0,0,30,0,40
APP-1354,CUS-0198,2025-03-31,Personal Loan,5000,5000.0,36.0,Part-time,36100.0,730,0,0,0,0,0,0,0,60
APP-1355,CUS-0677,2023-04-10,Credit Card,5000,4000.0,,Full-time,99400.0,754,0,0,0,0,0,0,0,61
APP-1356,CUS-0087,2025-02-24,Personal Loan,7000,7000.0,24.0,Casual,32100.0,604,0,0,30,60,90,120,1,65
APP-1357,CUS-0041,2024-07-04,Credit Card,8000,8000.0,,Part-time,94200.0,617,0,0,0,0,0,0,0,26
APP-1358,CUS-0805,2023-11-30,Credit Card,25000,25000.0,,Casual,49900.0,714,0,0,0,0,0,0,0,57
APP-1359,CUS-0617,2023-09-06,Personal Loan,34000,34000.0,12.0,Self-employed,39300.0,644,0,0,0,0,0,0,0,68
APP-1360,CUS-0530,2024-03-14,Credit Card,10000,8000.0,,Full-time,40300.0,679,0,0,0,0,0,0,0,62
APP-1361,CUS-0591,2024-02-21,Credit Card,5000,3500.0,,Part-time,43100.0,769,0,0,0,0,0,0,0,41
APP-1362,CUS-0468,2024-05-02,Credit Card,25000,25000.0,,Full-time,41000.0,720,0,0,0,30,0,0,0,24
APP-1363,CUS-0565,2024-02-13,Personal Loan,25000,25000.0,48.0,Self-employed,67800.0,849,30,60,0,0,0,0,0,27
APP-1364,CUS-0584,2023-11-10,Personal Loan,17500,17500.0,12.0,Self-employed,25900.0,711,0,0,0,0,0,0,0,48
APP-1365,CUS-0112,2024-07-18,Credit Card,25000,22500.0,,Casual,104900.0,839,0,0,0,0,0,0,0,54
APP-1366,CUS-0809,2024-03-16,Personal Loan,49500,49500.0,60.0,Casual,87500.0,781,0,0,0,0,0,0,0,61
APP-1367,CUS-0663,2023-10-29,Credit Card,8000,5600.0,,Part-time,112100.0,900,0,0,0,0,0,0,0,45
APP-1368,CUS-0625,2025-05-28,Credit Card,10000,10000.0,,Full-time,38600.0,687,0,0,0,0,0,0,0,60
APP-1369,CUS-0990,2023-05-24,Personal Loan,14500,14500.0,24.0,Self-employed,21200.0,678,0,0,0,0,0,0,0,44
APP-1370,CUS-0514,2025-03-12,Credit Card,5000,5000.0,,Full-time,45400.0,803,0,0,0,0,0,0,0,27
APP-1371,CUS-0900,2024-04-05,Personal Loan,38000,30400.0,24.0,Part-time,55700.0,640,0,0,30,60,90,120,1,61
APP-1372,CUS-0314,2023-10-14,Credit Card,15000,13500.0,,Full-time,68900.0,645,0,0,0,30,60,90,1,64
APP-1373,CUS-0080,2025-02-15,Credit Card,8000,7200.0,,Casual,47600.0,708,0,0,0,0,0,0,0,60
APP-1374,CUS-0517,2024-09-15,Personal Loan,26000,13000.0,48.0,Part-time,57900.0,720,0,0,0,0,0,0,0,44
APP-1375,CUS-0851,2023-04-09,Credit Card,15000,15000.0,,Part-time,64300.0,561,0,0,30,60,90,120,1,50
APP-1376,CUS-0988,2025-05-14,Credit Card,10000,8000.0,,Full-time,29900.0,709,0,0,0,0,0,0,0,42
APP-1377,CUS-0657,2024-01-17,Credit Card,5000,4500.0,,Full-time,135400.0,659,0,0,0,0,0,0,0,55
APP-1378,CUS-0570,2023-11-26,Credit Card,15000,10500.0,,Casual,36300.0,684,0,0,0,0,0,0,0,57
APP-1379,CUS-0876,2023-12-18,Personal Loan,8000,6400.0,24.0,Full-time,67700.0,703,0,0,0,0,0,0,0,48
APP-1380,CUS-0478,2025-02-11,Personal Loan,19000,19000.0,60.0,Casual,97700.0,670,0,0,0,0,0,0,0,60
APP-1381,CUS-0850,2023-09-05,Credit Card,15000,15000.0,,Full-time,42300.0,783,0,0,0,0,0,0,0,48
APP-1382,CUS-0889,2024-12-27,Credit Card,2000,1600.0,,Full-time,60200.0,731,0,0,0,0,0,0,0,54
APP-1383,CUS-0822,2024-12-28,Credit Card,8000,8000.0,,Full-time,125300.0,671,0,0,0,0,0,0,0,42
APP-1384,CUS-0055,2025-03-18,Personal Loan,27000,13500.0,48.0,Casual,53000.0,694,0,0,0,0,0,0,0,57
APP-1385,CUS-0252,2025-01-13,Credit Card,2000,1800.0,,Full-time,96300.0,781,0,0,0,0,0,0,0,26
APP-1386,CUS-0064,2023-03-18,Credit Card,15000,7500.0,,Casual,68600.0,758,0,0,0,0,30,0,0,25
APP-1387,CUS-0463,2023-04-02,Credit Card,2000,2000.0,,Self-employed,66700.0,801,0,0,0,0,0,0,0,61
APP-1388,CUS-0790,2025-04-20,Personal Loan,28500,22800.0,36.0,Full-time,83100.0,676,0,0,0,0,0,0,0,44
APP-1389,CUS-0920,2024-02-25,Credit Card,5000,4000.0,,Part-time,54200.0,701,0,0,0,30,60,0,0,39
APP-1390,CUS-0943,2025-06-12,Personal Loan,33500,26800.0,24.0,Self-employed,54800.0,868,0,30,0,0,0,0,0,46
APP-1391,CUS-0062,2023-06-06,Credit Card,15000,15000.0,,Retired,92800.0,685,0,0,0,0,0,0,0,58
APP-1392,CUS-0051,2023-08-08,Credit Card,2000,1000.0,,Full-time,67700.0,839,0,0,0,0,0,0,0,59
APP-1393,CUS-0537,2024-02-06,Personal Loan,36500,36500.0,60.0,Full-time,75300.0,764,0,0,0,0,0,0,0,66
APP-1394,CUS-0025,2024-07-30,Personal Loan,42500,42500.0,48.0,Full-time,35200.0,650,0,0,0,0,0,0,0,44
APP-1395,CUS-0804,2023-06-22,Credit Card,25000,25000.0,,Self-employed,60700.0,564,0,0,0,30,0,0,0,32
APP-1396,CUS-0010,2023-03-24,Personal Loan,39000,27300.0,60.0,Full-time,103900.0,746,0,0,30,0,0,0,0,47
APP-1397,CUS-0518,2024-06-01,Credit Card,25000,20000.0,,Unemployed,90300.0,626,0,0,0,0,30,60,0,27
APP-1398,CUS-0577,2024-07-02,Personal Loan,39000,27300.0,60.0,Casual,70300.0,626,0,0,0,0,0,0,0,24
APP-1399,CUS-0426,2023-12-18,Personal Loan,45000,45000.0,36.0,Full-time,47700.0,534,0,0,0,0,0,0,0,69
APP-1400,CUS-0138,2024-10-07,Credit Card,5000,3500.0,,Casual,45700.0,795,0,0,0,0,0,0,0,51
