account_id,customer_id,card_type,credit_limit,open_date,account_status,balance,utilization_ratio,delinquency_count,default_flag
ACC500259,CUST100179,Gold,8500,2024-12-14,Active,3787.92,0.4456,0,0
ACC500468,CUST100322,Standard,8200,2026-04-27,Active,3892.99,0.4748,0,0
ACC502702,CUST101838,platinum,8100,2025-01-29,Active,2748.88,0.3394,4,0
ACC503198,CUST102183,Gold,28700,2020-12-07,Closed,9552.12,0.3328,0,0
ACC500675,CUST100451,Gold,17300,2018-04-24,Active,3851.75,0.2226,1,0
ACC503072,CUST102093,Standard,14000,2022-11-02,Closed,6493.6,0.4638,1,0
ACC500017,CUST100011,Standard,15500,2021-09-08,Active,4185.71,0.27,1,0
ACC500851,CUST100576,Secured,12800,2020-04-26,Active,8088.74,0.6319,1,0
ACC503083,CUST102099,Standard,19100,2018-03-06,Active,1146.7,0.06,0,0
ACC502472,CUST101685,Gold,9800,2024-04-08,Active,3974.12,0.4055,1,0
ACC800000,CUST999900,Standard,15900,2025-09-21,Frozen,3677.39,0.2313,2,0
ACC502707,CUST101842,Platinum,14000,2026-03-18,Active,7536.03,0.5383,0,0
ACC502684,CUST101825,Secured,16200,2021-03-09,Active,6476.8,0.3998,0,0
ACC501804,CUST101231,Standard,11000,2026-02-02,Active,4384.92,0.3986,0,0
ACC501601,CUST101087,Gold,12600,2024-09-03,Active,4513.0,0.3582,1,0
ACC500342,CUST100235,Secured,8400,2023-02-22,Active,2814.2,0.335,3,1
ACC500356,CUST100245,Standard,20400,2026-07-17,Active,4251.11,0.2084,1,0
ACC502450,CUST101670,Gold,8400,2023-10-27,Active,2561.27,0.3049,1,0
ACC502929,CUST101996,Standard,27300,2025-07-03,Active,8603.17,0.3151,0,0
ACC501730,CUST101183,Gold,12600,2024-07-29,Active,9374.1,0.744,1,0
ACC502421,CUST101652,Gold,11900,2024-06-18,Active,9350.89,0.7858,1,0
ACC500431,CUST100295,Standard,14800,2025-01-18,Active,6549.36,0.4425,3,1
ACC501116,CUST100753,Gold,23500,2025-02-07,Active,10685.9,0.4547,1,0
ACC501382,CUST100932,Standard,18300,2020-07-19,Active,6408.27,0.3502,2,0
ACC502002,CUST101369,standard,6800,2026-05-25,Active,1335.08,0.1963,1,0
ACC501310,CUST100883,Platinum,13000,2026-07-28,Frozen,9383.75,0.7218,2,0
ACC503467,CUST102363,Platinum,9200,2020-12-11,Active,104.79,0.0114,0,0
ACC503309,CUST102261,Gold,17300,2020-06-01,Active,4458.01,0.2577,1,0
ACC500892,CUST100602,Standard,6600,2019-06-07,Active,2021.3,0.3063,2,0
ACC500037,CUST100025,Standard,17500,2026-04-14,Active,6978.28,0.3988,0,0
ACC501470,CUST100996,gold,15600,2020-01-09,Frozen,4756.2,0.3049,1,0
ACC503357,CUST102293,Standard,18800,2017-12-25,Active,1407.79,0.0749,0,0
ACC503248,CUST102219,Gold,6200,2017-05-21,Active,1092.63,0.1762,0,0
ACC502545,CUST101734,Gold,6900,2014-10-22,Active,5941.91,0.8611,3,0
ACC501268,CUST100852,standard,4100,2024-04-11,,1122.53,0.2738,0,0
ACC500972,CUST100656,Standard,14000,2024-06-04,Active,2659.55,0.19,0,0
ACC502224,CUST101520,Standard,13800,2015-07-20,Active,2402.71,0.1741,1,0
ACC500849,CUST100574,Standard,22100,2017-12-03,Closed,5445.99,0.2464,0,0
ACC503603,CUST102452,Platinum,19100,2024-12-01,Active,9507.35,0.4978,0,0
ACC502739,CUST101863,Standard,18200,2026-04-21,Active,5790.68,0.3182,0,0
ACC501459,CUST100989,Secured,13400,2021-08-08,Active,0.0,0.0,0,0
ACC502646,CUST101801,Platinum,23100,2023-08-14,Active,7875.88,0.3409,2,0
ACC500534,CUST100363,Standard,15600,2023-09-22,Active,10138.01,0.6499,0,0
ACC501611,CUST101093,Standard,18700,2023-01-08,Closed,3683.42,0.197,1,0
ACC500373,CUST100256,Standard,15800,2021-01-02,Active,9841.68,0.6229,5,0
ACC503405,CUST102320,Standard,11500,2024-10-25,Closed,4491.61,0.3906,1,0
ACC503071,CUST102092,Gold,12100,2022-03-14,Closed,57.35,0.0047,0,0
ACC503341,CUST102281,Gold,10600,2025-10-21,Active,5570.94,0.5256,0,0
ACC502141,CUST101468,Gold,15500,2017-12-08,Active,7681.4,0.4956,0,0
ACC500697,CUST100467,Standard,12000,2026-03-02,Active,5337.85,0.4448,1,0
ACC500137,CUST100094,Standard,23300,2024-05-24,Active,6658.96,0.2858,0,0
ACC501069,CUST100726,Standard,13200,2025-03-12,Active,965.0,0.0731,2,0
ACC501742,CUST101193,Standard,10300,2020-07-04,Active,8723.39,0.8469,3,0
ACC500739,CUST100496,Standard,11900,2020-08-19,Active,6510.18,0.5471,0,0
ACC502846,CUST101937,Standard,15800,2023-12-12,Active,6168.72,0.3904,1,0
ACC502420,CUST101651,Standard,16500,2025-12-09,Closed,4195.08,0.2542,1,0
ACC502603,CUST101773,Standard,15500,2026-07-13,Active,4921.88,0.3175,0,0
ACC501745,CUST101195,Platinum,6200,2024-08-08,Active,3420.61,0.5517,0,0
ACC500688,CUST100460,Gold,15200,2017-11-20,Active,2472.05,0.1626,2,0
ACC502939,CUST102002,Standard,17300,2026-06-14,Active,11789.92,0.6815,1,1
ACC502438,CUST101663,Standard,8600,2022-01-03,Active,3168.58,0.3684,1,0
ACC501537,CUST101040,Standard,19100,2021-01-21,Active,10391.84,0.5441,0,0
ACC501410,CUST100953,Gold,14100,2021-11-09,Active,8132.65,-0.5768,1,0
ACC500861,CUST100583,Standard,14000,2024-10-06,Active,507.65,0.0363,0,0
ACC503080,CUST102097,Standard,14900,2020-09-09,Active,8901.33,0.5974,0,0
ACC502147,CUST101472,Standard,5600,2023-05-17,Active,1728.16,0.3086,1,0
ACC502554,CUST101741,Platinum,17600,2022-05-28,Active,5497.79,0.3124,0,0
ACC502446,CUST101667,Secured,17700,2026-02-10,Closed,3042.34,0.1719,0,0
ACC500907,CUST100612,Platinum,24200,2024-07-26,Active,12915.6,0.5337,1,0
ACC502148,CUST101473,Standard,19300,2025-10-12,Active,12155.07,0.6298,1,0
ACC503028,CUST102061,Platinum,18700,2022-06-25,Active,4419.18,0.2363,1,0
ACC500304,CUST100209,Standard,18700,2023-03-27,Active,8338.14,0.4459,1,1
ACC502325,CUST101588,Standard,15700,2024-01-20,Active,12483.88,0.7952,2,0
ACC502901,CUST101975,Secured,13600,2021-06-06,Active,4023.89,0.2959,0,0
ACC502135,CUST101465,Standard,18900,2022-02-23,Active,4629.65,0.245,2,0
ACC500959,CUST100649,Standard,31800,2019-03-10,Active,14756.27,0.464,2,0
ACC500184,CUST100122,Standard,15100,2019-04-11,Closed,1396.08,0.0925,0,0
ACC500362,CUST100249,Standard,13000,2026-08-05,Active,0.0,0.0,1,0
ACC500150,CUST100100,Gold,21500,2025-11-12,Active,8931.27,0.4154,2,0
ACC502035,CUST101394,Standard,8800,2025-08-13,Active,6211.26,0.7058,1,0
ACC500810,CUST100549,Platinum,14600,2017-12-24,Active,1442.47,0.0988,1,0
ACC502869,CUST101952,Gold,17800,2019-01-19,Active,7191.74,0.404,1,0
ACC500796,CUST100537,Gold,11200,2020-08-29,Active,2691.85,0.2403,1,0
ACC501004,CUST100680,Standard,19700,2021-06-02,Active,0.0,0.0,0,0
ACC500961,CUST100650,Platinum,12100,2023-04-23,Closed,7381.88,0.6101,0,0
ACC502741,CUST101864,secured,18700,2026-01-08,,13943.57,0.7456,4,0
ACC500344,CUST100236,Standard,12900,2025-11-17,Active,5643.1,0.4374,1,0
ACC503539,CUST102409,Gold,17900,2015-09-08,Closed,6661.59,0.3722,0,0
ACC501011,CUST100684,Secured,16100,2025-12-01,Active,6379.02,0.3962,1,0
ACC502065,CUST101417,Gold,10900,2025-01-11,Closed,4777.63,0.4383,0,0
ACC501654,CUST101128,Standard,16500,2018-01-25,Closed,4468.4,0.2708,2,0
ACC502197,CUST101501,Standard,19500,2026-08-29,Active,0.0,0.0,1,0
ACC502081,CUST101428,Platinum,21100,2026-04-03,Active,6373.11,0.302,1,0
ACC503516,CUST102396,Gold,9100,2020-07-18,,7802.32,0.8574,4,1
ACC501472,CUST100998,Gold,13400,2024-09-22,Active,1831.29,0.1367,3,0
ACC501646,CUST101121,Platinum,19300,2026-06-28,Active,3007.7,0.1558,1,0
ACC500329,CUST100225,gold,18600,2025-11-06,Closed,10499.96,0.5645,1,1
ACC503501,CUST102387,Standard,8800,2023-12-22,Active,4238.19,0.4816,3,1
ACC502841,CUST101934,Gold,31900,2014-12-05,Active,10105.5,0.3168,1,0
ACC502566,CUST101747,Gold,12700,2026-06-16,Closed,7448.3,0.5865,1,0
ACC503417,CUST102328,Secured,10700,2025-09-17,Active,0.0,0.0,1,0
ACC500690,CUST100461,Secured,21200,2016-02-20,Active,5615.94,0.2649,1,0
ACC501741,CUST101192,Standard,8100,2013-11-28,Active,2708.35,0.3344,1,0
ACC501488,CUST101009,Standard,13200,2026-01-25,Active,3721.67,0.2819,0,0
ACC501073,CUST100728,Standard,4500,2022-12-24,Frozen,1309.22,0.2909,0,0
ACC503401,CUST102319,Gold,12700,2026-02-21,Active,7488.02,0.5896,3,0
ACC501477,CUST101002,Standard,22700,2026-07-09,Active,10088.7,0.4444,1,0
ACC502366,CUST101617,Standard,10000,2018-01-18,Active,6127.57,0.6128,0,0
ACC502837,CUST101932,Gold,17800,2024-07-04,Active,4313.8,0.2423,2,0
ACC501629,CUST101108,gold,11500,2026-05-23,Active,2439.93,0.2122,2,0
ACC503348,CUST102286,Gold,10700,2022-07-13,Active,3998.25,0.3737,0,0
ACC501342,CUST100906,Standard,11800,2026-06-01,Active,5945.37,0.5038,1,0
ACC500115,CUST100079,Gold,16700,2016-09-18,Active,6808.07,0.4077,3,0
ACC502060,CUST101414,Standard,16000,2021-10-19,Active,7038.83,0.4399,0,0
ACC502151,CUST101475,Standard,15000,2019-01-21,Active,4763.68,0.3176,1,0
ACC503150,CUST102150,platinum,7300,2024-11-01,Active,1807.52,0.2476,1,0
ACC502947,CUST102007,Platinum,10200,2026-03-07,Active,6174.41,0.6053,0,0
ACC501061,CUST100721,Gold,11200,2020-07-21,Active,4318.78,0.3856,1,0
ACC502468,CUST101681,platinum,12900,2023-09-16,Active,4496.62,0.3486,2,0
ACC501738,CUST101190,Gold,15600,2022-09-13,Active,7306.68,0.4684,1,0
ACC502586,CUST101761,Gold,10600,2015-11-29,Active,204.03,0.0192,1,0
ACC500992,CUST100671,Secured,19100,2026-06-26,Active,6759.23,0.3539,0,0
ACC502629,CUST101791,Standard,9700,2026-03-29,Active,3368.43,0.3473,1,0
ACC501151,CUST100775,Standard,15500,2020-07-16,Active,9888.39,0.638,0,0
ACC500560,CUST100382,Standard,13600,2014-09-09,Active,5522.81,0.4061,1,0
ACC501904,CUST101301,Standard,14000,2023-07-07,Active,7890.53,0.5636,1,1
ACC502490,CUST101695,standard,18600,2021-02-24,Active,7771.72,0.4178,1,0
ACC501767,CUST101210,Gold,16800,2025-10-28,Closed,3246.6,0.1932,2,1
ACC501096,CUST100740,Gold,19600,2024-07-24,Active,414.27,0.0211,2,0
ACC502518,CUST101715,Standard,5300,2022-05-29,Active,2247.55,0.4241,1,0
ACC500674,CUST100450,Standard,12100,2020-06-26,Active,5785.94,0.4782,0,0
ACC500835,CUST100566,Secured,22200,2018-08-21,Active,7756.44,0.3494,1,0
ACC501490,CUST101010,Gold,17000,2018-01-11,Active,7164.99,0.4215,3,0
ACC502802,CUST101907,gold,11900,2026-05-02,Active,485.55,0.0408,0,0
ACC502803,CUST101908,Standard,6500,2024-09-18,Frozen,4329.26,0.666,1,0
ACC500709,CUST100475,Secured,14000,2026-07-17,Active,1270.27,0.0907,1,0
ACC500138,CUST100095,Standard,12600,2025-11-28,Active,5451.58,0.4327,3,1
ACC502190,CUST101498,Standard,11700,2015-11-24,Active,7454.81,-0.6372,1,0
ACC500705,CUST100472,Standard,16800,2026-04-23,Closed,953.27,0.0567,0,0
ACC502657,CUST101807,Standard,18700,2021-12-17,Closed,7558.83,0.4042,1,0
ACC500134,CUST100092,Platinum,21900,2019-03-23,,8315.41,0.3797,0,0
ACC501842,CUST101259,Standard,17900,2022-04-19,Frozen,4064.9,0.2271,0,0
ACC501955,CUST101337,Platinum,13300,2026-08-23,Active,4454.49,0.3349,0,0
ACC500217,CUST100150,Standard,22900,2022-08-22,Active,2336.37,0.102,0,0
ACC502105,CUST101445,Standard,16600,2021-06-01,Active,6006.47,0.3618,1,0
ACC500964,CUST100652,standard,11300,2020-10-24,Active,2857.95,0.2529,1,0
ACC502402,CUST101640,Standard,23500,2022-09-11,Active,19313.55,0.8219,2,0
ACC501137,CUST100766,Standard,11300,2024-11-03,Active,1249.26,0.1106,1,0
ACC502783,CUST101893,Standard,17600,2018-05-30,Active,1378.95,0.0783,1,0
ACC502073,CUST101424,standard,18300,2021-10-04,Active,4120.07,0.2251,1,0
ACC501091,CUST100737,Standard,15700,2021-08-14,Active,7307.6,0.4655,2,1
ACC502351,CUST101606,Gold,11100,2022-06-13,Active,3060.5,0.2757,1,0
ACC500920,CUST100623,Gold,20300,2025-04-14,Active,633.15,0.0312,1,0
ACC502376,CUST101622,Gold,20700,2017-09-08,Active,1562.13,0.0755,0,0
ACC502440,CUST101664,Standard,13300,2023-08-10,Active,3454.29,0.2597,0,0
ACC500782,CUST100525,Standard,20400,2022-12-03,Active,11656.01,0.5714,0,0
ACC503134,CUST102137,Standard,17500,2026-06-22,Active,5819.43,0.3325,1,0
ACC501469,CUST100995,Gold,10400,2023-05-26,Active,5976.08,0.5746,2,0
ACC500052,CUST100033,gold,26800,2019-09-27,Active,7305.44,0.2726,0,0
ACC500524,CUST100358,Secured,13200,2017-01-08,Active,10238.6,0.7757,3,0
ACC500623,CUST100420,Gold,8900,2024-06-21,Active,994.62,0.1118,0,0
ACC503009,CUST102047,Standard,19800,2018-05-31,Active,14503.41,0.7325,1,0
ACC500807,CUST100547,Standard,15700,2025-05-28,Active,5484.03,0.3493,2,0
ACC502207,CUST101508,platinum,31100,2024-07-08,Active,6183.7,0.1988,1,0
ACC500614,CUST100417,Gold,8800,2024-11-25,Closed,5111.09,0.5808,0,0
ACC500736,CUST100494,Standard,13200,2021-11-29,Active,7843.97,0.5942,2,0
ACC500405,CUST100277,Standard,16300,2015-09-10,Active,9035.17,0.5543,2,0
ACC501899,CUST101297,Standard,13700,2025-07-06,Active,6186.25,0.4516,1,0
ACC500579,CUST100394,Gold,11000,2022-03-05,Active,3225.89,0.2933,1,0
ACC502647,CUST101801,Gold,19200,2022-11-25,Active,9943.25,0.5179,4,1
ACC500488,CUST100334,Platinum,14700,2025-07-12,Closed,2400.24,0.1633,1,0
ACC500295,CUST100203,Secured,14400,2026-05-30,Active,9746.85,0.6769,3,0
ACC502775,CUST101889,Gold,11600,2021-11-11,Closed,5438.72,0.4689,3,0
ACC503274,CUST102237,Gold,9500,2024-11-24,Active,5356.8,0.5639,1,0
ACC501928,CUST101319,Gold,20800,2023-12-14,Active,12344.31,0.5935,3,0
ACC501148,CUST100773,platinum,12300,2021-12-28,Active,1606.02,0.1306,3,0
ACC501516,CUST101025,Gold,12700,2020-08-01,Active,3217.4,0.2533,0,0
ACC501204,CUST100808,standard,7800,2022-01-23,Active,1528.86,0.196,0,0
ACC501686,CUST101151,Standard,15900,2025-01-17,Active,10811.84,0.68,2,0
ACC503441,CUST102344,Standard,27600,2025-06-17,Active,10731.83,0.3888,0,0
ACC502264,CUST101544,Platinum,16200,2016-10-23,Active,4563.63,0.2817,0,0
ACC502339,CUST101598,Gold,28700,2023-05-09,Active,11477.24,0.3999,0,0
ACC502953,CUST102011,Gold,27900,2026-09-02,Active,13064.35,0.4683,0,0
ACC500741,CUST100497,Gold,8700,2020-07-18,Active,1955.29,0.2247,0,1
ACC503023,CUST102057,Gold,14200,2026-05-24,Active,5370.93,0.3782,2,0
ACC502880,CUST101960,Gold,14200,2019-08-23,Active,9252.7,0.6516,2,0
ACC503378,CUST102305,Standard,20900,2024-01-26,Active,7044.15,0.337,2,0
ACC501496,CUST101013,Platinum,17600,2024-09-26,Active,12713.89,0.7224,2,0
ACC500328,CUST100225,Gold,11800,2026-05-31,Active,3414.91,0.2894,0,0
ACC502503,CUST101705,Gold,18800,2014-09-28,Active,3843.21,0.2044,0,0
ACC500946,CUST100640,Gold,28900,2020-06-08,Closed,17971.05,0.6218,2,0
ACC503039,CUST102068,Gold,9300,2022-08-15,Active,6011.31,0.6464,1,0
ACC503518,CUST102398,Secured,23000,2019-04-04,Active,9306.23,0.4046,0,0
ACC502876,CUST101956,gold,22100,2023-05-23,Active,7319.46,0.3312,1,0
ACC503081,CUST102097,Standard,11600,2021-12-17,Active,9611.71,0.8286,1,0
ACC502515,CUST101712,Gold,13000,2025-03-24,Active,3857.87,0.2968,0,0
ACC503546,CUST102414,Gold,11000,2026-04-23,Active,1320.37,0.12,3,0
ACC500698,CUST100467,gold,16200,2026-07-02,Active,1716.19,0.1059,0,0
ACC502118,CUST101453,Platinum,24100,2021-12-18,Active,15333.07,0.6362,4,1
ACC501873,CUST101278,Standard,17200,2021-11-19,Active,9495.3,0.5521,0,0
ACC503590,CUST102444,Standard,11500,2024-09-10,Active,4427.14,0.385,0,0
ACC501850,CUST101264,Gold,9400,2019-09-16,Active,0.0,0.0,0,0
ACC500065,CUST100044,Standard,9000,2025-10-19,Closed,5161.34,0.5735,1,0
ACC500256,CUST100176,Standard,21800,2018-08-17,Active,7009.71,0.3215,1,0
ACC502664,CUST101812,Standard,8600,2026-08-14,Frozen,3887.16,0.452,1,0
ACC502805,CUST101910,platinum,6900,2018-05-28,Active,4554.46,0.6601,0,0
ACC500899,CUST100607,Standard,6100,2016-08-04,Active,1296.32,0.2125,0,0
ACC502589,CUST101762,Platinum,14600,2025-11-14,Active,11355.68,0.7778,1,0
ACC500738,CUST100495,Standard,19900,2026-01-14,Active,8603.18,0.4323,1,0
ACC500772,CUST100520,platinum,24600,2026-08-11,Active,10872.32,0.442,1,1
ACC503358,CUST102293,Gold,26100,2023-04-02,Active,8915.69,0.3416,1,0
ACC501618,CUST101100,Platinum,25900,2020-01-11,Active,15007.75,0.5794,1,0
ACC500271,CUST100187,Standard,15200,2025-10-20,Active,3070.81,0.202,2,0
ACC502744,CUST101865,Platinum,20700,2025-04-16,Active,4306.62,0.208,0,0
ACC502137,CUST101467,standard,11800,2023-11-06,Active,9912.4,0.84,4,0
ACC502913,CUST101984,Standard,11500,2023-05-02,Active,5243.7,0.456,0,0
ACC502104,CUST101444,Gold,15800,2025-09-19,Closed,0.0,0.0,1,0
ACC502557,CUST101742,Standard,15800,2026-07-07,Active,7841.58,0.4963,2,0
ACC503365,CUST102296,Gold,13600,2023-12-06,Active,12489.03,0.9183,1,0
ACC502935,CUST102000,Secured,14700,2023-07-05,Active,9681.32,0.6586,0,0
ACC503561,CUST102425,Standard,18900,2024-11-23,Active,10506.08,0.5559,3,0
ACC500076,CUST100050,Gold,17000,2021-12-27,Active,6551.34,0.3854,0,0
ACC501773,CUST101213,Gold,21700,2020-10-21,Closed,15191.62,0.7001,1,0
ACC503524,CUST102401,Standard,10900,2019-04-03,,6888.69,0.632,2,0
ACC502718,CUST101849,Standard,15300,2022-07-15,Active,7384.94,0.4827,0,0
ACC502426,CUST101655,Standard,11600,2024-09-04,Active,7217.28,0.6222,0,0
ACC502797,CUST101904,Platinum,16600,2020-02-17,Active,6500.35,0.3916,2,1
ACC500639,CUST100429,Gold,17600,2025-04-16,Active,381.73,0.0217,0,0
ACC500436,CUST100299,Secured,15700,2026-07-18,Active,5514.47,0.3512,2,0
ACC502467,CUST101680,Standard,19000,2023-12-10,Active,2230.13,0.1174,1,0
ACC501976,CUST101350,Gold,18300,2024-12-10,Active,9590.68,0.5241,1,0
ACC503369,CUST102299,Gold,11600,2022-02-10,Active,1164.6,0.1004,0,0
ACC502475,CUST101687,platinum,16600,2025-11-17,Active,0.0,0.0,0,0
ACC501044,CUST100707,Standard,5500,2023-04-27,Active,3002.32,0.5459,1,0
ACC503653,CUST102482,Standard,11400,2021-03-16,Frozen,6081.28,0.5334,1,0
ACC500453,CUST100312,Secured,12500,2019-12-02,Active,5253.82,0.4203,2,0
ACC500699,CUST100468,Platinum,17400,2021-07-29,Active,7457.08,0.4286,3,1
ACC502708,CUST101843,Gold,15000,2024-10-27,Active,6511.18,0.4341,0,0
ACC500484,CUST100332,Standard,14100,2020-04-18,Active,5095.27,0.3614,1,0
ACC500107,CUST100075,Gold,17500,2021-11-30,Active,0.0,0.0,0,0
ACC501461,CUST100991,Platinum,16400,2025-01-16,Active,13325.35,0.8125,0,0
ACC501880,CUST101283,Secured,15000,2025-04-18,Frozen,10897.24,0.7265,0,0
ACC501605,CUST101089,Standard,19800,2022-08-03,Active,17235.25,0.8705,2,0
ACC501682,CUST101149,Platinum,10400,2016-12-17,Active,4920.74,0.4731,2,0
ACC503519,CUST102399,Secured,18800,2024-03-22,Active,4780.48,0.2543,0,0
ACC500266,CUST100184,standard,15800,2022-09-26,Active,12531.28,0.7931,2,0
ACC500369,CUST100254,Standard,18500,2026-07-02,Active,5351.23,0.2893,0,0
ACC501822,CUST101246,Standard,17500,2024-09-19,Active,10061.73,0.575,1,0
ACC502771,CUST101886,Standard,16600,2020-05-08,Active,11470.75,0.691,0,0
ACC503459,CUST102358,Gold,24900,2025-06-30,Active,12845.97,0.5159,0,0
ACC503304,CUST102258,Gold,15000,2026-02-04,Active,4857.85,0.3239,0,0
ACC503637,CUST102472,Standard,21900,2026-05-03,Active,0.0,0.0,0,0
ACC500572,CUST100390,Gold,14500,2020-06-28,Active,782.41,0.054,1,0
ACC503140,CUST102142,standard,11200,2023-06-06,Active,4445.41,0.3969,3,0
ACC502820,CUST101921,Standard,20500,2016-08-26,Active,0.0,0.0,1,0
ACC502307,CUST101575,Gold,12000,2026-03-26,,5371.61,0.4476,1,0
ACC500894,CUST100604,Gold,7200,2025-05-11,Active,5647.35,0.7844,1,0
ACC500246,CUST100169,Platinum,14400,2020-06-25,Active,6265.12,0.4351,0,0
ACC502168,CUST101485,Secured,17800,2022-02-17,Active,6390.77,0.359,0,0
ACC501306,CUST100881,platinum,7600,2025-10-02,Active,3287.55,0.4326,1,0
ACC500425,CUST100292,Standard,11900,2024-07-24,Active,2023.89,0.1701,4,0
ACC503317,CUST102266,Gold,12900,2024-09-02,Active,8589.34,0.6658,1,0
ACC503601,CUST102451,Standard,13800,2021-09-18,,4933.55,0.3575,1,0
ACC501665,CUST101136,Standard,15600,2026-01-17,Active,3699.79,0.2372,2,0
ACC502483,CUST101691,Standard,18600,2024-04-17,Active,1013.21,0.0545,1,0
ACC502498,CUST101701,secured,14800,2024-10-01,Active,4283.61,0.2894,0,0
ACC502561,CUST101745,Standard,24800,2023-10-12,Active,4835.53,0.195,1,0
ACC500611,CUST100414,Standard,23900,2026-09-01,Active,11752.79,0.4917,2,0
ACC501942,CUST101329,Standard,10600,2026-08-27,Active,2978.39,0.281,1,0
ACC502943,CUST102005,Standard,6700,2025-06-13,Active,2083.68,0.311,2,0
ACC500795,CUST100536,platinum,15900,2026-03-12,Active,3210.67,0.2019,2,0
ACC500057,CUST100037,Platinum,6700,2014-03-23,Active,2181.05,0.3255,2,0
ACC503169,CUST102164,Standard,14500,2021-04-27,Active,578.58,0.0399,0,0
ACC503623,CUST102463,Gold,13100,2026-03-27,Active,4298.0,0.3281,1,0
ACC501894,CUST101294,Gold,19600,2023-11-13,Active,1214.99,0.062,0,0
ACC502525,CUST101719,Secured,16900,2020-12-07,Active,9197.82,0.5442,0,0
ACC501548,CUST101049,Standard,8900,2014-08-22,Active,4510.89,0.5068,1,0
ACC501255,CUST100846,Standard,9900,2025-09-05,Active,4219.07,0.4262,0,0
ACC503620,CUST102460,Gold,8500,2025-06-22,Active,3990.42,0.4695,3,0
ACC500135,CUST100093,Gold,10600,2024-10-11,Active,2077.41,0.196,2,0
ACC503353,CUST102290,Secured,10200,2025-08-11,Active,4880.54,0.4785,1,0
ACC500391,CUST100268,Standard,10200,2025-04-13,Active,5646.03,0.5535,0,0
ACC500294,CUST100203,Gold,17300,2026-08-25,Active,9871.98,0.5706,3,1
ACC502993,CUST102037,Standard,7300,2025-07-03,Active,3211.04,0.4399,1,0
ACC502344,CUST101602,Standard,8500,2019-03-02,Closed,4015.23,0.4724,1,0
ACC503289,CUST102247,Standard,12500,2017-05-08,Active,7153.73,0.5723,0,0
ACC500545,CUST100371,Gold,17400,2026-08-17,Active,11032.92,0.6341,0,0
ACC502343,CUST101601,Standard,19700,2021-05-18,Active,13014.64,0.6606,0,0
ACC501482,CUST101005,Gold,10600,2026-02-26,Frozen,6215.9,0.5864,0,0
ACC503659,CUST102488,Gold,15600,2024-11-25,Active,0.0,0.0,0,0
ACC501839,CUST101258,Platinum,15300,2025-08-28,Closed,7943.13,0.5192,0,0
ACC501128,CUST100761,gold,11200,2020-07-18,Active,7412.05,0.6618,4,0
ACC500542,CUST100368,Gold,5200,2024-07-07,Closed,181.05,0.0348,1,0
ACC500024,CUST100016,Standard,14400,2013-04-23,Active,10116.15,0.7025,2,0
ACC500549,CUST100373,Gold,8100,2025-06-17,Closed,7006.71,0.865,4,0
ACC502064,CUST101417,Gold,9200,2023-12-06,Active,2530.85,0.2751,1,0
ACC501411,CUST100954,Standard,18300,2024-12-19,Active,9433.45,0.5155,0,0
ACC503223,CUST102200,Gold,15700,2020-12-14,Active,2665.14,0.1698,0,0
ACC502174,CUST101488,Secured,13900,2019-12-10,Active,0.0,0.0,0,0
ACC502665,CUST101812,Platinum,13600,2026-07-17,Active,5399.81,0.397,1,0
ACC502976,CUST102025,Platinum,8200,2020-02-03,Active,4639.74,0.5658,0,0
ACC502145,CUST101471,Standard,19100,2018-01-17,Active,9892.84,0.5179,1,0
ACC500100,CUST100071,Standard,10400,2026-07-24,Closed,1580.5,0.152,2,0
ACC502350,CUST101606,Gold,13100,2021-06-10,Active,0.0,0.0,0,0
ACC500768,CUST100516,Standard,11800,2022-05-28,Closed,8555.17,0.725,4,1
ACC502844,CUST101936,Standard,10500,2023-05-01,Active,4003.92,0.3813,1,0
ACC500440,CUST100302,Standard,30700,2016-01-21,Active,0.0,0.0,0,0
ACC501162,CUST100783,Standard,14800,2022-03-01,Active,3895.14,0.2632,1,0
ACC503212,CUST102192,Standard,15600,2020-03-18,Active,9261.86,0.5937,2,0
ACC501172,CUST100788,Gold,12300,2025-03-11,Active,7797.4,0.6339,2,0
ACC502892,CUST101970,Standard,21000,2023-12-10,Active,5535.44,0.2636,0,0
ACC502766,CUST101882,Standard,16000,2014-07-21,Active,4225.07,0.2641,1,0
ACC501152,CUST100776,Gold,8800,2013-01-06,Closed,6381.34,0.7252,1,0
ACC500270,CUST100187,Platinum,12400,2024-04-29,Active,5659.39,0.4564,1,0
ACC502024,CUST101387,Standard,19700,2024-01-13,Active,1362.72,0.0692,1,0
ACC503062,CUST102087,Secured,17300,2026-09-06,Active,4727.13,0.2732,0,0
ACC501108,CUST100747,Gold,7300,2025-10-18,Active,4963.22,0.6799,2,1
ACC501315,CUST100886,Standard,17900,2020-10-15,Active,0.0,0.0,0,0
ACC502590,CUST101762,Secured,20400,2026-07-08,Active,11946.93,0.5856,1,0
ACC502511,CUST101710,Secured,15300,2023-10-27,Active,6750.9,0.4412,1,0
ACC501266,CUST100851,Standard,16600,2018-04-08,Active,6427.91,0.3872,2,0
ACC503219,CUST102197,Standard,18900,2024-09-19,Active,11645.29,0.6162,2,0
ACC500733,CUST100492,Gold,18100,2023-02-16,Closed,7202.31,0.3979,2,0
ACC501360,CUST100917,platinum,25200,2018-06-17,Active,7715.5,0.3062,1,0
ACC501529,CUST101032,Standard,17100,2025-09-27,Active,8860.96,0.5182,3,0
ACC502835,CUST101931,standard,22300,2026-05-30,Active,10161.74,0.4557,1,0
ACC502843,CUST101935,secured,19700,2026-08-17,,2814.74,0.1429,1,0
ACC503606,CUST102454,Platinum,16900,2023-09-20,Active,2584.44,0.1529,1,0
ACC500028,CUST100019,Gold,19000,2020-04-19,Active,3754.99,0.1976,0,0
ACC500203,CUST100139,Gold,13500,2026-01-11,Active,9406.77,0.6968,1,0
ACC502553,CUST101740,Gold,15300,2024-04-16,Active,9289.15,0.6071,0,0
ACC500839,CUST100570,Gold,17000,2024-04-13,Active,3572.39,0.2101,2,0
ACC503241,CUST102214,Standard,23600,2025-08-12,Closed,8248.33,0.3495,0,0
ACC500181,CUST100121,Standard,17300,2024-04-18,Active,6316.49,0.3651,0,0
ACC503527,CUST102402,Gold,21600,2024-11-24,Active,8566.48,0.3966,0,0
ACC501009,CUST100683,gold,10400,2024-12-31,Active,5148.14,0.495,0,0
ACC503511,CUST102393,Gold,18200,2020-09-02,,4421.5,0.2429,2,0
ACC502842,CUST101935,secured,15900,2025-07-26,Frozen,7138.88,0.449,0,0
ACC503578,CUST102438,gold,21300,2025-06-15,Active,1944.95,0.0913,1,0
ACC500357,CUST100246,Platinum,14000,2025-02-01,Closed,7382.88,0.5273,0,0
ACC502293,CUST101565,Gold,17500,2018-02-13,Active,7679.5,0.4388,1,0
ACC502040,CUST101398,gold,12000,2023-03-18,Active,1517.43,0.1265,0,0
ACC500142,CUST100096,Secured,23200,2019-08-23,Active,0.0,0.0,1,0
ACC502347,CUST101604,Standard,21300,2025-08-13,Active,11958.05,0.5614,0,0
ACC503210,CUST102191,Gold,14200,2025-12-12,Active,6683.58,0.4707,0,0
ACC503029,CUST102062,Standard,17300,2026-01-08,,9959.01,0.5757,0,0
ACC503627,CUST102465,Standard,21300,2017-12-10,Active,7342.41,0.3447,3,0
ACC500091,CUST100063,Platinum,14000,2022-08-24,Active,2464.91,0.1761,0,0
ACC502089,CUST101435,platinum,15300,2025-08-06,Active,6538.84,0.4274,0,0
ACC502530,CUST101722,Platinum,9000,2012-10-21,Closed,4002.28,0.4447,1,0
ACC503164,CUST102160,Standard,8600,2024-01-02,Active,2446.26,0.2844,2,0
ACC503197,CUST102183,standard,19900,2015-10-05,Active,4638.44,0.2331,0,0
ACC501870,CUST101277,standard,13400,2025-06-16,Active,2771.99,0.2069,1,0
ACC501663,CUST101134,Standard,13400,2014-10-22,Active,7133.97,0.5324,0,0
ACC500388,CUST100266,Gold,23600,2025-01-06,Active,0.0,0.0,0,0
ACC503531,CUST102404,Standard,16200,2022-04-27,Active,11064.46,0.683,0,0
ACC502726,CUST101853,Standard,17300,2021-07-19,Active,9595.75,0.5547,2,0
ACC501759,CUST101204,standard,17000,2023-11-28,Active,6029.29,0.3547,4,1
ACC502236,CUST101528,Secured,21800,2021-08-01,Active,5041.31,0.2313,0,0
ACC501860,CUST101270,Gold,11900,2023-02-23,Closed,2305.1,0.1937,0,0
ACC500152,CUST100102,Standard,10500,2017-02-09,Active,3217.95,0.3065,1,0
ACC501934,CUST101324,Standard,16700,2024-03-16,Active,3354.8,0.2009,0,0
ACC500617,CUST100418,Standard,11500,2024-04-28,Active,2931.02,0.2549,1,0
ACC502937,CUST102001,Standard,14300,2025-08-11,Closed,5962.19,0.4169,2,0
ACC502724,CUST101852,Platinum,22100,2024-01-31,Active,10622.14,0.4806,0,0
ACC502615,CUST101781,Standard,8200,2026-05-28,Active,3339.84,0.4073,2,1
ACC501339,CUST100904,standard,15300,2024-04-25,,8885.25,0.5807,2,0
ACC500866,CUST100586,Secured,9500,2020-12-09,Active,3528.98,0.3715,0,0
ACC500252,CUST100174,Standard,6200,2023-02-22,Active,2458.68,0.3966,0,0
ACC502482,CUST101690,Platinum,16500,2023-03-15,Frozen,5925.86,0.3591,1,0
ACC501409,CUST100953,Standard,13700,2025-12-27,Active,3816.93,0.2786,1,0
ACC502202,CUST101504,Platinum,8000,2019-05-27,Active,2805.77,0.3507,1,0
ACC501550,CUST101050,Gold,23800,2026-04-28,Active,9510.88,0.3996,1,0
ACC501285,CUST100865,Standard,16200,2024-02-20,Active,4607.14,0.2844,0,0
ACC500258,CUST100178,Gold,16600,2025-10-29,Active,4401.6,0.2652,0,0
ACC500625,CUST100421,Secured,7400,2025-06-09,Active,2509.38,0.3391,1,0
ACC502123,CUST101458,Platinum,22700,2025-10-01,Active,7690.01,0.3388,2,0
ACC500213,CUST100147,Standard,10200,2026-03-22,Active,5719.63,0.5607,1,0
ACC500504,CUST100345,Standard,16600,2026-06-27,,7112.81,0.4285,0,0
ACC501961,CUST101340,Gold,15900,2018-06-30,Frozen,8846.97,0.5564,1,0
ACC502140,CUST101468,Standard,13600,2019-02-17,Closed,1922.29,0.1413,0,0
ACC500087,CUST100060,Platinum,9000,2019-11-15,Active,4829.53,0.5366,3,0
ACC501424,CUST100964,Secured,11100,2019-10-26,Active,7865.44,0.7086,2,0
ACC500460,CUST100317,Gold,12900,2026-01-26,Active,4456.3,0.3454,0,0
ACC503416,CUST102327,Standard,2500,2021-01-27,Active,345.92,0.1384,0,0
ACC502456,CUST101673,Standard,15100,2026-06-20,Active,2160.44,0.1431,0,0
ACC502396,CUST101635,gold,12700,2025-12-08,Active,3145.23,0.2477,0,0
ACC502388,CUST101631,Standard,11100,2024-06-21,Active,1488.28,0.1341,0,0
ACC502761,CUST101878,Standard,19600,2026-02-17,Active,15121.88,0.7715,2,0
ACC502271,CUST101550,Secured,20300,2026-06-03,Active,8794.15,0.4332,0,0
ACC501935,CUST101324,Platinum,11900,2026-03-21,Active,3465.93,0.2913,2,0
ACC502165,CUST101483,Gold,10900,2014-11-10,Active,4037.73,0.3704,3,1
ACC502616,CUST101782,Gold,16100,2016-02-06,Active,6327.26,0.393,2,0
ACC502077,CUST101427,standard,15300,2014-12-02,Active,0.0,0.0,1,0
ACC501483,CUST101006,Standard,8500,2023-04-06,Active,3583.96,0.4216,2,0
ACC502839,CUST101933,Gold,12300,2024-05-04,Active,9692.44,0.788,0,0
ACC500075,CUST100049,Gold,14700,2026-08-21,Active,6244.01,0.4248,0,0
ACC502389,CUST101631,Gold,14000,2022-11-01,Active,3528.69,0.252,2,0
ACC501224,CUST100823,Gold,6900,2022-10-10,Active,4500.73,0.6523,1,0
ACC503354,CUST102290,Standard,14500,2015-12-20,Active,6133.66,0.423,3,0
ACC500643,CUST100431,Standard,17500,2026-03-15,Active,7228.1,0.413,2,0
ACC502980,CUST102029,Standard,10700,2023-12-31,Active,6268.62,0.5859,1,0
ACC503221,CUST102198,Standard,16800,2016-10-11,Active,10512.36,0.6257,0,0
ACC502968,CUST102020,Standard,14600,2024-01-03,Closed,0.0,0.0,1,0
ACC502531,CUST101723,Platinum,20500,2023-07-11,Active,6148.32,0.2999,1,0
ACC501371,CUST100925,Standard,14700,2025-04-25,Active,0.0,0.0,0,0
ACC500629,CUST100423,Standard,17900,2025-06-07,Active,5760.09,0.3218,2,0
ACC503153,CUST102153,Gold,20000,2021-03-25,Closed,5859.36,0.293,1,0
ACC503291,CUST102248,Standard,11500,2026-02-12,Closed,3260.92,0.2836,1,0
ACC501808,CUST101234,standard,20200,2022-06-02,Active,12274.8,0.6077,0,0
ACC503496,CUST102384,platinum,9800,2016-03-30,Active,5338.48,0.5447,0,0
ACC501101,CUST100743,Standard,10300,2023-02-28,Active,2815.62,0.2734,1,0
ACC501476,CUST101001,Gold,13100,2026-02-02,Active,4304.41,0.3286,0,0
ACC500034,CUST100024,Standard,22600,2018-05-23,Active,14087.76,0.6234,0,0
ACC502776,CUST101889,Gold,14100,2022-02-09,Active,10720.18,0.7603,1,0
ACC500132,CUST100091,Standard,7000,2022-12-01,Active,4710.41,0.6729,1,0
ACC500062,CUST100042,Standard,13700,2025-01-10,Active,3347.95,0.2444,1,0
ACC503610,CUST102457,standard,14000,2024-08-20,Active,7577.73,0.5413,0,0
ACC502478,CUST101689,Standard,19900,2024-01-31,Active,8594.95,0.4319,0,0
ACC500098,CUST100069,Standard,20600,2020-02-15,Closed,0.0,0.0,1,0
ACC500183,CUST100122,standard,10100,2019-11-15,Active,7105.68,0.7035,0,0
ACC500063,CUST100042,Gold,16100,2020-07-09,Active,5420.54,0.3367,0,0
ACC800001,CUST999901,Standard,11800,2023-09-18,Active,5214.03,0.4419,0,0
ACC502915,CUST101985,Platinum,11100,2018-07-13,Active,3487.5,0.3142,1,0
ACC501248,CUST100841,Standard,22400,2023-05-31,Active,10336.22,0.4614,1,0
ACC502204,CUST101506,Standard,13700,2024-01-15,Active,7503.2,0.5477,1,0
ACC500628,CUST100422,Standard,19600,2021-11-26,Active,22789.1,1.1627,0,0
ACC500492,CUST100337,Standard,19800,2024-09-18,Active,9119.66,0.4606,1,0
ACC502445,CUST101667,Platinum,12200,2026-02-25,Active,6206.77,0.5088,2,0
ACC500829,CUST100562,Standard,10600,2025-06-19,,3427.65,0.3234,0,0
ACC501377,CUST100929,secured,11100,2025-04-29,Active,5790.12,0.5216,0,0
ACC503460,CUST102359,Gold,15900,2022-04-10,Active,4752.81,0.2989,0,0
ACC500351,CUST100241,Secured,9800,2026-04-16,Frozen,5040.33,0.5143,3,0
ACC501858,CUST101269,Platinum,16900,2019-05-11,Active,0.0,0.0,5,0
ACC500874,CUST100592,Gold,14300,2026-05-10,Active,6333.53,0.4429,0,0
ACC502889,CUST101967,Gold,3000,2025-04-15,Active,1521.8,0.5073,1,1
ACC500108,CUST100076,Secured,21100,2016-05-12,Active,5877.76,0.2786,0,0
ACC502486,CUST101692,Standard,17200,2022-02-08,Active,4604.56,0.2677,1,0
ACC502063,CUST101416,Gold,13900,2024-08-10,Active,6738.8,0.4848,0,0
ACC502978,CUST102027,Secured,7500,2024-02-15,Active,4744.69,0.6326,1,1
ACC500477,CUST100327,Standard,12000,2026-07-26,Active,4580.98,0.3817,0,1
ACC500636,CUST100428,Gold,16200,2025-03-07,Active,5644.53,0.3484,1,0
ACC502182,CUST101493,Gold,10200,2025-11-11,Active,4767.85,0.4674,1,0
ACC501196,CUST100803,Standard,12400,2019-01-12,Active,7609.14,0.6136,0,0
ACC502497,CUST101700,Platinum,15900,2020-03-14,Active,5409.14,0.3402,1,0
ACC500337,CUST100231,Standard,22700,2017-04-17,Active,6180.7,0.2723,0,0
ACC501819,CUST101243,Gold,11000,2016-08-29,Closed,4051.43,0.3683,1,0
ACC501800,CUST101228,Gold,12600,2026-08-25,Active,5979.42,0.4746,2,0
ACC502128,CUST101461,Standard,14200,2021-09-30,Closed,4011.87,0.2825,0,0
ACC500077,CUST100051,Standard,18500,2024-11-01,Active,6552.03,0.3542,1,0
ACC502566,CUST101747,Gold,12700,2026-06-16,Closed,7448.3,0.5865,1,0
ACC800005,CUST999905,Standard,17300,2026-06-14,Active,11789.92,0.6815,1,1
ACC501359,CUST100917,Standard,17200,2021-01-14,Closed,2273.41,0.1322,0,0
ACC501104,CUST100745,Secured,16600,2020-10-31,Active,5699.48,0.3433,0,0
ACC500102,CUST100072,Platinum,16200,2019-02-11,Active,13817.2,0.8529,1,1
ACC502756,CUST101875,Gold,11800,2026-05-15,Active,5305.58,0.4496,0,1
ACC501969,CUST101345,Platinum,18800,2025-08-14,Active,0.0,0.0,0,0
ACC500926,CUST100626,Standard,15100,2012-12-01,Active,6443.15,0.4267,1,1
ACC500011,CUST100005,Gold,11700,2020-01-16,Closed,8868.89,0.758,0,0
ACC502963,CUST102016,Gold,18300,2020-04-23,Active,1978.82,0.1081,0,0
ACC503388,CUST102311,Standard,21400,2024-09-05,Active,672.01,0.0314,0,0
ACC500599,CUST100406,Gold,21400,2021-05-03,Active,396.79,0.0185,2,0
ACC502747,CUST101868,Platinum,11400,2026-08-17,Active,3006.02,0.2637,1,0
ACC500865,CUST100586,Standard,14000,2025-02-22,Active,10999.19,0.7857,1,1
ACC500573,CUST100391,Secured,22000,2026-01-16,Active,504.46,0.0229,1,0
ACC501293,CUST100871,Gold,13900,2021-09-01,Frozen,8056.47,0.5796,2,0
ACC502120,CUST101455,Gold,14700,2025-12-01,Active,6294.61,0.4282,2,0
ACC502117,CUST101452,Platinum,15100,2024-10-23,Active,3819.58,0.253,1,0
ACC501907,CUST101303,Secured,16800,2024-12-18,Active,6796.24,0.4045,2,0
ACC503592,CUST102445,gold,15500,2015-01-12,Closed,2579.33,0.1664,0,0
ACC503025,CUST102059,Gold,20000,2018-02-01,Active,8776.9,0.4388,0,0
ACC502277,CUST101554,Gold,8700,2015-05-23,Active,6505.93,0.7478,0,0
ACC502849,CUST101939,Gold,12900,2024-11-28,Active,8672.81,0.6723,1,0
ACC501813,CUST101239,Gold,21800,2019-02-21,Active,3599.92,0.1651,2,0
ACC503443,CUST102345,Standard,13000,2022-09-25,Active,4470.96,0.3439,0,0
ACC503146,CUST102148,Gold,19200,2025-03-26,Active,10209.47,0.5317,1,0
ACC500346,CUST100237,Standard,14000,2024-10-27,Active,3179.69,0.2271,0,0
ACC500725,CUST100486,Standard,13600,2019-11-25,Active,4696.92,0.3454,2,0
ACC500791,CUST100533,Gold,23900,2024-07-23,Frozen,4047.8,0.1694,1,0
ACC500354,CUST100243,Platinum,21300,2022-12-12,Active,8444.88,0.3965,1,0
ACC500704,CUST100472,Standard,15500,2022-08-30,Active,4445.98,0.2868,0,0
ACC501388,CUST100936,Platinum,5200,2025-09-28,Active,3352.26,0.6447,4,1
ACC502933,CUST101999,Standard,23600,2021-09-15,Active,12798.02,0.5423,1,0
ACC503115,CUST102121,Standard,18500,2022-09-01,Active,4667.84,0.2523,3,0
ACC502336,CUST101597,Standard,9100,2025-08-16,Active,3069.13,0.3373,1,0
ACC502328,CUST101590,Platinum,19900,2026-06-11,Active,10317.22,0.5185,1,0
ACC503046,CUST102074,Standard,10000,2022-08-26,Active,2878.63,0.2879,2,0
ACC501421,CUST100962,Standard,17300,2015-04-27,Active,4764.22,0.2754,0,0
ACC503218,CUST102196,Standard,17700,2022-08-17,Active,2978.56,0.1683,2,0
ACC502580,CUST101758,Platinum,13100,2025-06-26,Active,4217.66,0.322,2,0
ACC502608,CUST101778,Gold,23000,2021-10-18,Active,1842.06,0.0801,1,0
ACC503320,CUST102267,Secured,18100,2023-07-15,Active,0.0,0.0,2,0
ACC502121,CUST101456,Standard,8400,2024-10-10,Active,4285.63,0.5102,0,0
ACC502891,CUST101969,Gold,12800,2024-01-25,Closed,4434.62,0.3465,2,0
ACC503397,CUST102316,Standard,14100,2026-04-13,Active,0.0,0.0,1,0
ACC503382,CUST102307,Platinum,20100,2018-11-30,Closed,5692.65,0.2832,0,0
ACC501414,CUST100957,Standard,14500,2024-12-22,Closed,2997.81,0.2067,1,0
ACC501158,CUST100781,Gold,21800,2024-05-16,Active,0.0,0.0,1,0
ACC502410,CUST101646,Gold,8000,2021-02-21,Active,3696.03,0.462,3,1
ACC502950,CUST102009,Standard,14400,2014-04-29,Active,6505.34,0.4518,2,0
ACC503589,CUST102444,Gold,15900,2025-06-10,Active,2758.54,0.1735,1,0
ACC503423,CUST102332,Gold,9600,2025-06-24,Active,0.0,0.0,1,0
ACC500503,CUST100344,Standard,18700,2025-06-22,Frozen,0.0,0.0,1,0
ACC501142,CUST100770,Gold,14200,2024-11-14,Active,2956.38,0.2082,0,0
ACC501109,CUST100748,Gold,17500,2025-10-25,,7826.33,0.4472,1,0
ACC500165,CUST100111,Platinum,15000,2021-07-18,,9575.93,0.6384,2,0
ACC500846,CUST100573,Standard,10200,2018-11-29,Active,8046.58,0.7889,1,0
ACC502643,CUST101799,Standard,19800,2020-08-07,Active,12101.62,0.6112,0,0
ACC501811,CUST101237,Standard,16200,2024-09-04,Active,7339.81,0.4531,0,0
ACC501082,CUST100732,Platinum,16600,2026-04-22,Active,5359.89,0.3229,2,0
ACC503048,CUST102076,Gold,8500,2026-07-03,Active,2114.5,0.2488,2,0
ACC501027,CUST100695,Platinum,12600,2023-11-08,Active,6846.39,0.5434,2,0
ACC501325,CUST100893,Standard,8500,2018-06-07,Active,6615.5,0.7783,2,0
ACC501970,CUST101346,Standard,13000,2016-11-29,Active,4010.37,0.3085,1,0
ACC500711,CUST100476,Platinum,16000,2026-05-16,Active,0.0,0.0,0,0
ACC502102,CUST101443,Gold,13200,2026-08-02,Closed,6011.84,0.4554,0,0
ACC502013,CUST101378,Gold,10900,2025-05-20,Active,8333.68,0.7646,0,0
ACC500925,CUST100625,gold,16600,2025-06-05,,5707.16,0.3438,0,0
ACC500660,CUST100440,Standard,8300,2021-04-03,Active,5477.37,0.6599,1,1
ACC502459,CUST101674,Gold,16800,2026-05-10,Active,3989.93,0.2375,0,0
ACC501837,CUST101256,Gold,6900,2025-11-19,Active,491.35,0.0712,1,0
ACC501621,CUST101102,Gold,14100,2019-06-13,Closed,2240.84,0.1589,0,1
ACC501064,CUST100723,Standard,22900,2026-04-15,Active,0.0,0.0,1,0
ACC501094,CUST100739,Standard,19600,2023-11-15,,1270.07,0.0648,1,0
ACC500938,CUST100633,Standard,11800,2021-09-25,Closed,5510.3,0.467,0,0
ACC502725,CUST101852,standard,22900,2024-01-17,Active,14405.05,0.629,3,0
ACC501249,CUST100842,Platinum,16100,2026-06-11,Closed,6018.73,0.3738,0,0
ACC503426,CUST102334,Gold,20500,2025-04-30,Active,8584.08,0.4187,0,0
ACC501112,CUST100751,Standard,13500,2025-06-03,Active,10645.91,0.7886,3,0
ACC501149,CUST100774,Standard,24800,2026-07-04,Active,7663.36,0.309,2,0
ACC502606,CUST101776,Secured,11300,2017-04-15,Active,4748.63,0.4202,1,0
ACC500396,CUST100272,Platinum,11400,2025-01-06,Active,5779.69,0.507,0,0
ACC501588,CUST101077,standard,8900,2023-01-26,Active,6349.24,0.7134,1,0
ACC501103,CUST100744,Standard,12000,2026-09-04,Active,1367.16,0.1139,1,0
ACC501945,CUST101331,Gold,12200,2024-08-18,Active,6684.02,0.5479,1,1
ACC501014,CUST100687,gold,14500,2017-03-24,Active,4765.79,0.3287,2,0
ACC502888,CUST101966,Gold,18000,2018-04-02,Active,6179.5,0.3433,0,0
ACC500713,CUST100477,Standard,19400,2022-07-23,Active,8655.96,0.4462,0,0
ACC502681,CUST101822,Gold,6500,2026-06-12,Active,3535.0,0.5438,2,0
ACC501173,CUST100788,Standard,12400,2026-01-30,Active,870.51,0.0702,0,0
ACC503412,CUST102325,Platinum,11400,2022-02-09,Active,5640.2,0.4948,2,0
ACC501489,CUST101009,Standard,17300,2025-11-14,Active,10956.6,0.6333,1,0
ACC501178,CUST100791,Standard,10200,2024-09-20,Active,4475.4,0.4388,0,0
ACC501175,CUST100790,Platinum,17500,2024-06-07,Active,10122.79,0.5784,1,0
ACC503067,CUST102089,Secured,16100,2022-02-15,Active,4231.4,0.2628,1,0
ACC500681,CUST100453,Standard,12800,2014-02-09,Closed,1914.49,0.1496,2,0
ACC502680,CUST101822,Secured,8500,2026-08-05,Active,5456.59,0.642,1,0
ACC501441,CUST100975,Standard,10500,2022-10-07,Active,7393.46,0.7041,1,1
ACC502928,CUST101995,Standard,18100,2022-08-27,Active,5761.46,0.3183,0,0
ACC500110,CUST100076,Standard,17800,2020-06-11,Active,1001.35,0.0563,3,0
ACC500951,CUST100644,Standard,3900,2026-08-30,Active,1172.87,0.3007,0,0
ACC501022,CUST100693,Gold,19000,2025-07-01,Active,9662.37,0.5085,2,0
ACC502216,CUST101513,Standard,14600,2019-08-12,Active,3702.68,0.2536,2,0
ACC501582,CUST101073,Platinum,4900,2025-10-23,Active,787.84,0.1608,1,0
ACC501781,CUST101217,Platinum,7800,2024-08-24,Active,4689.58,0.6012,4,1
ACC500416,CUST100284,Standard,16300,2024-03-11,Active,5127.61,0.3146,0,0
ACC502428,CUST101657,Standard,13100,2023-11-15,Active,5358.37,0.409,1,0
ACC501000,CUST100678,standard,13600,2024-12-08,Frozen,3177.35,0.2336,0,0
ACC501557,CUST101054,Standard,22900,2025-07-01,Active,5838.95,0.255,0,0
ACC500245,CUST100168,Gold,15700,2020-01-25,Active,9654.81,0.615,0,0
ACC500189,CUST100127,Standard,19000,2025-06-03,Active,1534.63,0.0808,0,0
ACC503120,CUST102126,Standard,27200,2024-05-23,Active,3743.51,0.1376,0,0
ACC501527,CUST101031,Secured,5200,2019-03-11,Active,2487.85,0.4784,0,0
ACC502169,CUST101485,Gold,25600,2025-04-06,Active,10107.35,0.3948,0,0
ACC500092,CUST100064,Standard,14100,2019-08-23,Closed,6630.23,0.4702,1,0
ACC503207,CUST102189,Gold,13400,2022-04-16,Frozen,5356.91,0.3998,0,0
ACC500890,CUST100602,Standard,13800,2019-12-02,Active,7048.14,0.5107,2,0
ACC500386,CUST100264,Standard,18600,2020-10-06,Active,1251.27,0.0673,0,0
ACC503329,CUST102272,Secured,14400,2018-02-15,Active,8397.24,0.5831,0,0
ACC502658,CUST101808,gold,12900,2026-05-08,,0.0,0.0,1,0
ACC502887,CUST101966,Gold,15700,2012-11-23,Active,8093.17,0.5155,1,0
ACC502020,CUST101384,Platinum,12800,2026-05-06,Frozen,6702.19,0.5236,1,0
ACC501948,CUST101333,Secured,16800,2021-06-10,Active,8339.06,0.4964,2,0
ACC501885,CUST101286,Standard,11100,2021-02-13,Active,5215.11,0.4698,0,0
ACC502177,CUST101490,Standard,20300,2025-05-04,Active,2439.52,0.1202,1,0
ACC502399,CUST101638,Gold,18700,2025-07-27,Active,1921.93,0.1028,2,0
ACC503557,CUST102422,Standard,16800,2022-01-11,Closed,2421.44,0.1441,1,0
ACC501098,CUST100741,Gold,10600,2022-07-21,Active,4832.61,0.4559,2,0
ACC500580,CUST100395,gold,12300,2026-07-14,Active,0.0,0.0,0,0
ACC502944,CUST102005,gold,19700,2026-01-01,Active,5267.84,0.2674,1,0
ACC502562,CUST101745,Platinum,24300,2025-02-17,,11350.71,0.4671,1,0
ACC501077,CUST100730,Gold,19800,2018-02-04,Active,1889.91,0.0954,0,0
ACC502031,CUST101391,Gold,10100,2026-03-01,Active,3612.09,0.3576,1,0
ACC501595,CUST101082,Standard,16500,2024-02-03,Active,8606.38,0.5216,3,0
ACC502809,CUST101912,Standard,11700,2026-04-05,Active,5112.6,0.437,2,0
ACC502270,CUST101549,Standard,9000,2026-07-30,Closed,7021.63,0.7802,2,0
ACC501286,CUST100866,Standard,17800,2025-11-06,Closed,5889.62,0.3309,1,0
ACC502555,CUST101741,Gold,12900,2026-04-17,Active,5205.64,0.4035,2,0
ACC500015,CUST100009,Gold,14100,2021-10-27,Active,5338.6,0.3786,0,0
ACC502316,CUST101581,Secured,19100,2026-08-06,Active,9095.25,0.4762,0,0
ACC502624,CUST101788,Platinum,22600,2025-02-12,Active,6854.23,0.3033,2,0
ACC501896,CUST101295,Standard,17100,2018-01-02,Active,9102.42,0.5323,2,0
ACC500161,CUST100109,Gold,11200,2024-06-21,Active,6241.89,0.5573,0,0
ACC503286,CUST102244,Secured,17200,2026-08-11,Closed,3514.95,0.2044,1,0
ACC501460,CUST100990,Platinum,15600,2026-06-16,Active,465.93,0.0299,2,0
ACC503139,CUST102142,Standard,14000,2025-04-27,Active,5906.48,0.4219,1,1
ACC502860,CUST101946,Standard,15400,2025-04-22,Active,5132.22,0.3333,0,0
ACC502520,CUST101716,Gold,22700,2026-08-02,Active,8149.4,0.359,1,0
ACC500680,CUST100452,Platinum,18500,2020-11-28,Active,8017.71,0.4334,0,0
ACC502487,CUST101693,Standard,12400,2026-09-01,Closed,1499.84,0.121,0,0
ACC502958,CUST102013,Standard,14900,2026-03-20,Active,10466.23,0.7024,1,0
ACC503387,CUST102310,Standard,14200,2024-01-10,Active,8703.87,0.6129,1,0
ACC500262,CUST100180,Gold,20500,2023-07-05,Active,9925.7,0.4842,1,0
ACC501247,CUST100840,Standard,28500,2024-11-18,Active,17764.51,0.6233,4,0
ACC502703,CUST101838,Standard,8600,2026-07-31,Active,7219.08,0.8394,1,0
ACC501780,CUST101217,Standard,13500,2025-09-01,Active,3200.11,0.237,0,0
ACC500004,CUST100001,Standard,20400,2022-03-16,Active,13612.4,0.6673,1,0
ACC500303,CUST100208,Standard,15400,2026-07-09,Active,5016.66,0.3258,1,0
ACC501651,CUST101125,Standard,22400,2016-11-19,Active,1492.57,0.0666,0,0
ACC501807,CUST101234,Standard,22900,2022-05-30,Active,14069.83,0.6144,1,1
ACC503611,CUST102457,Secured,23700,2023-05-26,Active,6701.32,0.2828,0,0
ACC502201,CUST101504,Gold,6000,2019-04-14,Active,4376.15,0.7294,2,0
ACC500051,CUST100033,Platinum,20600,2019-09-22,Closed,8546.43,0.4149,2,0
ACC503246,CUST102217,Standard,15900,2026-06-23,,0.0,0.0,1,0
ACC500536,CUST100364,Standard,21900,2025-04-12,Active,8441.13,0.3854,1,0
ACC503597,CUST102448,Gold,9500,2023-08-31,,2546.39,0.268,1,0
ACC501408,CUST100953,Gold,12400,2026-01-18,Active,2267.89,0.1829,0,0
ACC500650,CUST100433,Standard,23500,2023-12-13,Active,4778.84,0.2034,1,0
ACC502528,CUST101721,Standard,24700,2026-05-05,Active,5390.19,0.2182,2,0
ACC501384,CUST100934,Standard,10900,2026-07-17,Closed,886.65,0.0813,1,0
ACC502092,CUST101437,Secured,11200,2022-05-11,Active,7770.28,0.6938,1,0
ACC502795,CUST101903,Standard,20800,2025-11-12,Active,174.79,0.0084,1,0
ACC501512,CUST101022,Standard,19900,2021-09-07,Active,1032.33,0.0519,0,0
ACC500943,CUST100638,Secured,9300,2024-09-16,Active,6281.05,0.6754,2,0
ACC501657,CUST101130,Standard,23600,2021-12-26,Closed,4757.68,0.2016,0,0
ACC500830,CUST100562,Gold,24700,2025-09-05,Active,8842.34,0.358,2,0
ACC501786,CUST101220,Gold,13900,2020-02-11,Closed,6315.15,0.4543,3,1
ACC503376,CUST102304,Standard,22000,2020-12-20,Active,1142.79,0.0519,1,0
ACC502422,CUST101652,Gold,24600,2024-12-25,Active,9412.34,0.3826,0,0
ACC500212,CUST100146,Gold,14900,2025-05-08,Active,2161.16,0.145,1,0
ACC502214,CUST101512,Standard,14900,2016-01-21,Active,11230.89,0.7538,1,0
ACC501373,CUST100927,Secured,12600,2026-09-01,Active,942.87,0.0748,2,0
ACC502146,CUST101471,Platinum,12300,2022-12-20,Active,0.0,0.0,2,0
ACC500559,CUST100381,standard,19100,2026-03-22,Active,8111.71,0.4247,0,0
ACC500799,CUST100540,Standard,15300,2026-07-26,Active,8070.95,0.5275,2,0
ACC501642,CUST101118,gold,9900,2024-04-19,Active,3503.8,0.3539,2,1
ACC500265,CUST100183,Gold,11600,2024-02-10,Active,8417.24,0.7256,2,1
ACC501417,CUST100960,Standard,11500,2019-04-27,Active,6211.68,0.5401,1,0
ACC501395,CUST100943,Secured,10600,2025-08-04,Active,3800.31,0.3585,1,0
ACC503069,CUST102091,Gold,16400,2017-01-08,Active,0.0,0.0,0,0
ACC501369,CUST100924,Standard,15200,2025-01-14,Active,6821.52,0.4488,2,0
ACC500423,CUST100290,Platinum,15200,2025-09-28,Active,2634.79,0.1733,1,0
ACC502341,CUST101599,Standard,9000,2019-08-31,,3673.1,0.4081,0,0
ACC503272,CUST102235,Secured,19200,2026-06-05,Active,3366.39,0.1753,1,0
ACC503109,CUST102115,Gold,16500,2023-05-20,Active,5480.58,0.3322,2,0
ACC501189,CUST100798,Gold,14500,2012-10-10,Active,2250.99,0.1552,2,0
ACC501229,CUST100827,Gold,24400,2023-05-23,Active,0.0,0.0,1,0
ACC502921,CUST101990,Gold,18800,2021-07-05,Active,12463.8,0.663,1,0
ACC502693,CUST101831,Gold,15900,2023-08-27,Active,7554.04,0.4751,1,0
ACC503676,CUST102497,Standard,10600,2025-09-17,Active,2289.83,0.216,1,0
ACC502349,CUST101605,Platinum,14200,2026-09-06,Active,5157.39,0.3632,0,0
ACC503435,CUST102340,Secured,26000,2021-12-16,Active,8779.5,0.3377,0,0
ACC503036,CUST102067,Platinum,10300,2024-10-05,Active,1212.84,0.1178,1,0
ACC501546,CUST101047,Standard,12900,2023-04-30,Active,5369.51,0.4162,1,0
ACC501327,CUST100895,Platinum,14300,2025-02-03,Active,8157.21,0.5704,1,0
ACC500501,CUST100342,Gold,19600,2018-10-31,Closed,0.0,0.0,0,0
ACC502949,CUST102008,Standard,17300,2017-12-27,Closed,6242.23,0.3608,3,0
ACC501393,CUST100941,Standard,16700,2017-02-28,Active,0.0,0.0,0,0
ACC500399,CUST100273,Platinum,15900,2022-06-10,Active,1253.33,0.0788,1,0
ACC502704,CUST101839,standard,8900,2022-11-06,Active,1863.32,0.2094,0,0
ACC502353,CUST101608,gold,20700,2025-09-30,Active,7516.5,0.3631,0,0
ACC500069,CUST100047,Platinum,12100,2024-12-31,Active,4140.03,0.3422,2,0
ACC500198,CUST100135,Standard,24500,2022-05-05,Frozen,0.0,0.0,0,0
ACC503481,CUST102373,Standard,22000,2019-05-13,Active,3364.64,0.1529,0,0
ACC503385,CUST102308,Gold,13200,2026-01-30,Active,7827.25,0.593,0,1
ACC502363,CUST101614,Secured,19700,2024-11-17,Active,13530.91,0.6868,2,0
ACC502532,CUST101723,Gold,18400,2020-02-12,Active,3109.13,0.169,1,0
ACC502510,CUST101709,Gold,17800,2026-06-01,Active,11394.56,0.6401,0,0
ACC501572,CUST101065,standard,13600,2019-03-20,Active,4271.84,0.3141,3,1
ACC500853,CUST100577,Gold,17400,2024-09-15,Active,1309.9,0.0753,1,0
ACC502852,CUST101941,Gold,13900,2022-12-11,Active,2510.77,0.1806,0,0
ACC500334,CUST100228,Platinum,15300,2021-08-25,Active,7493.38,0.4898,3,0
ACC502308,CUST101576,gold,18600,2018-08-21,Active,7213.9,0.3878,1,0
ACC502488,CUST101694,Platinum,18200,2026-02-22,Frozen,3592.6,0.1974,1,0
ACC503296,CUST102252,Platinum,13700,2026-08-06,Active,6171.16,0.4504,1,0
ACC500272,CUST100188,Secured,9500,2024-10-08,Active,4855.66,0.5111,3,0
ACC502543,CUST101733,Standard,17300,2020-12-28,Active,5056.74,0.2923,0,0
ACC501908,CUST101303,standard,22900,2018-02-16,Closed,0.0,0.0,0,0
ACC501849,CUST101263,Standard,14400,2025-06-10,Active,1295.97,0.09,1,0
ACC500192,CUST100130,Gold,9600,2023-12-29,Active,7199.08,0.7499,1,1
ACC502614,CUST101781,Standard,6900,2024-02-09,Active,2515.86,-0.3646,2,0
ACC500966,CUST100653,Standard,15400,2026-07-23,Active,8907.01,0.5784,0,0
ACC500805,CUST100545,Platinum,9700,2026-02-03,Active,5751.6,0.5929,2,0
ACC502463,CUST101677,Gold,6500,2019-01-28,Active,3356.53,0.5164,1,0
ACC503063,CUST102087,Standard,16600,2026-08-09,Closed,12387.99,0.7463,0,0
ACC500889,CUST100601,Standard,10400,2026-07-20,Closed,1519.19,0.1461,0,0
ACC501771,CUST101213,Secured,25300,2026-03-04,Active,10677.51,0.422,2,0
ACC503559,CUST102424,Gold,10500,2025-01-18,Active,7510.68,0.7153,1,0
ACC502628,CUST101790,Gold,18900,2015-08-23,Closed,13440.95,0.7112,0,0
ACC501213,CUST100815,Standard,10000,2026-05-19,Active,1413.94,0.1414,0,0
ACC500533,CUST100362,Platinum,11000,2021-04-21,Active,7821.84,0.7111,2,0
ACC503558,CUST102423,Gold,15500,2022-05-22,Active,10779.77,0.6955,1,0
ACC503078,CUST102096,Standard,10200,2022-02-05,Active,1926.85,0.1889,2,0
ACC502210,CUST101510,Standard,8400,2025-12-13,Closed,3708.49,0.4415,2,0
ACC502099,CUST101440,Standard,18000,2024-09-15,Active,10539.24,0.5855,3,0
ACC503400,CUST102318,Standard,10200,2019-04-15,Active,5592.66,0.5483,1,0
ACC503342,CUST102282,Standard,16000,2026-06-05,Closed,2170.6,0.1357,0,0
ACC500223,CUST100154,Standard,17800,2024-10-17,Active,0.0,0.0,0,0
ACC502872,CUST101953,Platinum,19500,2021-10-10,Closed,5109.2,0.262,2,0
ACC501965,CUST101343,Platinum,14400,2024-04-28,Active,3626.64,0.2519,0,0
ACC500205,CUST100141,Standard,20500,2019-08-05,Active,0.0,0.0,1,0
ACC500983,CUST100664,standard,19500,2026-04-17,Active,8542.91,0.4381,2,1
ACC500239,CUST100164,Secured,14000,2024-10-26,Active,7704.3,0.5503,1,0
ACC503162,CUST102159,Platinum,16800,2025-08-26,Active,7546.43,0.4492,1,0
ACC500240,CUST100165,Gold,9900,2022-11-19,Active,4331.5,0.4375,1,1
ACC501174,CUST100789,Gold,17300,2026-06-02,Active,7757.1,0.4484,0,0
ACC501662,CUST101134,Secured,12400,2025-04-15,Active,901.23,0.0727,0,0
ACC500457,CUST100316,Secured,19900,2022-12-09,Closed,14390.75,0.7232,0,0
ACC500694,CUST100464,Standard,9000,2026-03-08,Active,0.0,0.0,1,0
ACC503325,CUST102271,standard,12900,2025-05-02,Closed,5150.62,0.3993,0,0
ACC501500,CUST101016,Standard,13000,2025-11-02,Active,3735.78,0.2874,0,0
ACC501694,CUST101157,Gold,16000,2023-11-08,Closed,4366.14,0.2729,2,0
ACC500211,CUST100145,Platinum,17100,2015-06-08,Active,6401.42,0.3744,0,0
ACC502110,CUST101449,Gold,6600,2019-10-09,,1729.52,0.262,0,0
ACC503037,CUST102067,standard,12100,2025-07-31,Active,2090.13,0.1727,1,0
ACC503100,CUST102111,Secured,16600,2021-09-21,Active,2301.37,0.1386,0,0
ACC501997,CUST101366,Standard,22400,2025-03-01,Active,5077.88,0.2267,1,0
ACC501979,CUST101352,Standard,14000,2020-10-12,Active,5748.16,0.4106,2,0
ACC500746,CUST100500,Gold,18800,2025-07-30,Active,11080.86,0.5894,0,0
ACC502029,CUST101389,Secured,5500,2024-08-30,Closed,3315.72,0.6029,1,0
ACC503440,CUST102343,Gold,12800,2023-04-03,Active,1094.21,0.0855,0,0
ACC500400,CUST100274,Standard,16000,2022-08-28,Active,1694.29,0.1059,0,1
ACC502126,CUST101460,Secured,9800,2024-02-29,Active,5973.08,0.6095,1,0
ACC501217,CUST100817,Standard,16400,2023-09-25,Active,4984.72,0.3039,1,0
ACC500392,CUST100269,standard,19600,2025-06-13,Active,3520.93,0.1796,0,0
ACC501495,CUST101013,Secured,14000,2025-03-21,Active,1617.97,0.1156,0,0
ACC500020,CUST100014,Gold,12700,2015-10-23,Active,4848.92,0.3818,1,0
ACC501689,CUST101153,Standard,14100,2026-09-01,Closed,7824.88,0.555,1,1
ACC502055,CUST101410,Platinum,16300,2019-02-15,Active,1482.94,0.091,2,0
ACC502740,CUST101864,Standard,16600,2023-02-20,Active,5023.05,0.3026,0,0
ACC502687,CUST101827,Standard,11500,2022-10-24,Active,4091.97,0.3558,4,0
ACC503276,CUST102238,Platinum,11700,2025-09-12,Active,3314.95,0.2833,0,0
ACC501059,CUST100719,standard,19400,2021-07-22,Active,10840.57,0.5588,2,0
ACC500201,CUST100137,Standard,12400,2024-12-28,Active,5158.5,0.416,3,0
ACC501520,CUST101027,Standard,20500,2024-09-05,,10618.95,0.518,2,0
ACC502547,CUST101735,Gold,9100,2020-07-07,Active,1123.46,0.1235,1,0
ACC502721,CUST101850,Standard,17000,2015-09-07,Closed,5228.0,0.3075,2,0
ACC501305,CUST100880,Standard,16600,2026-07-20,Closed,4801.3,0.2892,0,1
ACC500124,CUST100086,Platinum,20800,2024-03-10,Active,10848.64,0.5216,2,1
ACC503463,CUST102361,Platinum,19600,2025-03-08,Active,8810.75,0.4495,4,0
ACC502279,CUST101556,Standard,18800,2021-09-17,Active,10089.37,0.5367,0,0
ACC501297,CUST100874,Secured,14100,2025-06-26,Active,6350.8,0.4504,0,0
ACC503173,CUST102167,Secured,4200,2012-10-02,Active,1866.19,0.4443,1,0
ACC502011,CUST101376,Secured,18900,2024-02-25,Frozen,4842.72,0.2562,0,0
ACC502780,CUST101892,Standard,21000,2024-09-19,Active,6812.69,0.3244,0,0
ACC502716,CUST101847,standard,25900,2021-11-17,Closed,14672.41,0.5665,2,0
ACC502374,CUST101622,Platinum,20800,2022-04-21,Active,9370.59,0.4505,1,0
ACC502838,CUST101933,Standard,17200,2022-10-16,Active,6717.11,0.3905,0,0
ACC502076,CUST101426,Gold,14800,2017-11-10,Active,7881.24,0.5325,2,0
ACC501693,CUST101157,Standard,21100,2015-02-14,Active,9341.76,0.4427,2,0
ACC501125,CUST100759,Platinum,14900,2025-09-16,Active,2478.77,0.1664,0,0
ACC500459,CUST100317,Gold,20200,2024-01-16,Active,2971.49,0.1471,0,0
ACC500268,CUST100186,Platinum,21500,2025-04-21,Active,7543.85,0.3509,1,0
ACC503007,CUST102047,Gold,14600,2020-09-25,Active,3618.7,0.2479,0,0
ACC500508,CUST100348,standard,23300,2012-08-22,Active,3118.67,0.1338,1,0
ACC502678,CUST101820,Standard,17900,2021-10-06,Frozen,9196.21,0.5138,2,0
ACC502633,CUST101794,Standard,17700,2024-12-06,Active,893.77,0.0505,0,0
ACC800002,CUST999902,Gold,16200,2025-03-07,Active,5644.53,0.3484,1,0
ACC500074,CUST100049,Platinum,17300,2026-09-04,Active,961.75,0.0556,0,0
ACC500042,CUST100028,Gold,16800,2025-08-08,Active,8294.88,0.4937,1,0
ACC500443,CUST100303,Gold,11500,2021-09-15,Active,3335.91,0.2901,1,0
ACC502070,CUST101422,Standard,7400,2017-04-30,Active,2848.84,0.385,0,0
ACC500025,CUST100017,Secured,15300,2025-10-12,Active,5998.0,0.392,0,0
ACC503666,CUST102492,Standard,11800,2024-11-01,Active,10808.47,0.916,2,0
ACC501555,CUST101052,Gold,11900,2025-01-23,Active,11473.32,0.9641,2,1
ACC501915,CUST101308,Standard,4500,2024-10-03,Active,1614.26,0.3587,1,0
ACC501474,CUST100999,Platinum,18000,2020-05-18,Active,9062.13,0.5035,0,0
ACC501129,CUST100761,secured,12500,2024-01-26,Closed,6928.65,0.5543,1,0
ACC500225,CUST100155,Standard,25100,2026-02-25,Active,8144.72,0.3245,1,0
ACC501769,CUST101212,Standard,17200,2024-08-29,Active,5671.54,0.3297,1,0
ACC501365,CUST100921,Gold,9000,2021-06-20,Active,5186.75,0.5763,1,1
ACC503529,CUST102404,gold,20800,2025-03-04,Active,13471.28,0.6477,0,0
ACC502423,CUST101653,Standard,14400,2026-02-15,Active,5636.89,0.3915,0,0
ACC501637,CUST101114,Standard,15200,2022-07-30,Active,5527.23,0.3636,0,0
ACC503014,CUST102052,Standard,18700,2024-08-17,,2388.22,0.1277,0,0
ACC500701,CUST100469,Secured,19600,2024-05-26,Active,8552.95,0.4364,0,0
ACC501093,CUST100738,Gold,19300,2023-05-07,Active,2491.86,0.1291,0,0
ACC503070,CUST102092,secured,13900,2026-02-13,Active,2489.96,0.1791,0,0
ACC500632,CUST100425,Platinum,16700,2025-11-26,Active,8385.89,0.5021,1,0
ACC500814,CUST100552,Standard,9800,2024-03-23,Closed,8200.19,0.8368,1,0
ACC502671,CUST101816,Gold,17600,2026-03-19,Active,3375.58,0.1918,0,0
ACC502112,CUST101450,Gold,15300,2022-01-27,Active,4269.98,0.2791,1,0
ACC501169,CUST100786,Standard,13300,2023-05-07,Active,3335.49,0.2508,0,0
ACC501236,CUST100832,standard,19400,2024-06-02,Closed,4462.37,0.23,0,0
ACC501164,CUST100784,Standard,18700,2017-12-30,Active,11845.83,0.6335,0,0
ACC500307,CUST100212,Standard,15800,2019-12-13,Active,10066.61,0.6371,0,0
ACC501734,CUST101187,Standard,19900,2022-02-18,Closed,9900.74,0.4975,0,0
ACC502694,CUST101832,Gold,8300,2018-04-04,Active,4884.11,0.5884,1,1
ACC502948,CUST102007,Platinum,8500,2024-03-07,Active,1195.95,0.1407,1,0
ACC502856,CUST101943,Gold,12100,2026-04-19,Active,6645.96,0.5493,1,0
ACC500682,CUST100454,Standard,21600,2024-09-08,Active,13035.06,0.6035,0,0
ACC501765,CUST101209,Gold,12800,2023-03-28,Active,2192.94,0.1713,1,0
ACC500260,CUST100179,Platinum,13900,2025-09-18,Active,8613.93,0.6197,4,0
ACC501787,CUST101220,standard,17000,2018-06-18,Closed,3319.9,0.1953,1,0
ACC501425,CUST100965,Platinum,26700,2026-03-04,Active,343.14,0.0129,1,0
ACC503454,CUST102354,Gold,18200,2026-08-17,Closed,1113.63,0.0612,1,0
ACC502794,CUST101902,Gold,7600,2026-07-25,Active,5585.75,0.735,3,0
ACC503506,CUST102390,Gold,20100,2026-08-29,Active,0.0,0.0,0,0
ACC501669,CUST101138,Standard,9000,2017-11-04,Active,4495.07,0.4995,2,0
ACC502882,CUST101962,Platinum,19900,2020-10-25,Active,0.0,0.0,0,0
ACC501415,CUST100958,Secured,12100,2019-04-06,Frozen,8653.62,0.7152,1,0
ACC500121,CUST100083,Gold,21200,2022-05-17,Active,298.09,0.0141,1,0
ACC500094,CUST100066,Standard,18000,2023-09-29,Active,7104.28,0.3947,1,0
ACC502752,CUST101872,Standard,27000,2018-06-27,Active,16953.55,0.6279,0,0
ACC502391,CUST101633,Standard,7100,2023-10-13,Active,1495.8,0.2107,1,0
ACC502695,CUST101833,Standard,9600,2018-04-09,Active,7465.24,0.7776,3,1
ACC500019,CUST100013,Standard,14200,2015-12-06,Active,10045.0,0.7074,1,0
ACC502131,CUST101463,standard,14500,2018-03-11,Active,3570.59,0.2462,1,0
ACC501709,CUST101166,Standard,23500,2022-08-17,Active,5188.15,0.2208,1,0
ACC500575,CUST100391,Gold,16700,2023-04-18,Active,3831.05,0.2294,4,0
ACC502596,CUST101768,Standard,25500,2026-07-24,Active,12067.95,0.4733,0,0
ACC502333,CUST101594,Gold,16500,2024-06-21,Active,9316.05,0.5646,2,1
ACC502720,CUST101850,Secured,14500,2021-01-14,Active,0.0,0.0,0,0
ACC502234,CUST101526,Standard,27800,2021-12-25,Active,1455.8,0.0524,1,0
ACC502636,CUST101797,Standard,7600,2026-06-07,Active,2891.25,0.3804,2,0
ACC503095,CUST102107,Standard,5600,2020-10-14,Active,3241.66,0.5789,0,0
ACC500299,CUST100206,Secured,9500,2023-12-17,Active,5277.61,0.5555,1,0
ACC503275,CUST102238,Standard,22200,2025-04-16,Active,15960.22,0.7189,3,0
ACC500960,CUST100650,Standard,23600,2021-09-01,Active,5131.07,0.2174,0,0
ACC500050,CUST100032,Platinum,23000,2021-05-30,Active,3653.98,0.1589,2,0
ACC503316,CUST102265,gold,16700,2022-05-11,Closed,694.35,0.0416,1,0
ACC502807,CUST101911,Platinum,11900,2020-03-03,Active,6747.68,0.567,1,0
ACC501680,CUST101147,gold,15300,2015-11-14,Active,1486.09,0.0971,1,0
ACC502418,CUST101650,gold,11800,2023-05-26,Closed,6721.91,0.5697,0,0
ACC502977,CUST102026,Standard,16300,2020-07-03,Active,6199.91,0.3804,1,0
ACC503363,CUST102295,Gold,15400,2024-08-25,Active,7597.9,0.4934,0,0
ACC501667,CUST101136,Gold,17200,2025-12-21,Active,3389.68,0.1971,0,0
ACC500678,CUST100452,Standard,23800,2026-04-25,Closed,6745.4,0.2834,2,0
ACC500289,CUST100198,Standard,12900,2020-03-04,Active,5607.18,0.4347,1,0
ACC501625,CUST101104,Secured,9900,2022-01-24,Closed,3886.47,0.3926,1,0
ACC501304,CUST100879,Gold,11900,2025-12-31,Active,3703.85,0.3112,0,0
ACC502969,CUST102021,Standard,19800,2018-05-07,Active,4476.04,0.2261,0,0
ACC502365,CUST101616,Platinum,20100,2015-01-22,Active,13311.03,0.6622,0,0
ACC500877,CUST100593,Gold,14600,2021-11-30,Active,7718.52,0.5287,1,0
ACC500554,CUST100378,Standard,15900,2013-05-03,Active,7920.67,0.4982,1,0
ACC501881,CUST101284,Gold,8200,2022-03-29,Active,3574.72,0.4359,1,0
ACC502392,CUST101634,gold,12500,2021-08-10,Active,0.0,0.0,1,0
ACC503523,CUST102400,Standard,17300,2025-05-01,Active,11223.5,0.6488,1,0
ACC501867,CUST101275,Platinum,19200,2016-06-14,Active,12886.99,0.6712,1,0
ACC503208,CUST102189,Secured,12200,2023-02-22,Active,2835.51,0.2324,2,0
ACC500793,CUST100535,Standard,17300,2025-03-13,Closed,8872.09,0.5128,3,0
ACC502109,CUST101448,Standard,14300,2020-04-06,Active,3910.79,0.2735,0,0
ACC501463,CUST100992,Standard,19800,2023-07-06,Active,2515.89,0.1271,0,0
ACC500588,CUST100400,Gold,26500,2024-10-12,,0.0,0.0,1,0
ACC500361,CUST100249,Gold,17000,2025-12-29,Active,2097.15,0.1234,1,0
ACC503472,CUST102367,Platinum,16500,2012-12-30,Closed,9950.95,0.6031,1,0
ACC500384,CUST100263,Standard,20300,2024-09-17,Active,10049.53,0.4951,0,0
ACC500228,CUST100158,Gold,8300,2021-09-06,Active,5636.63,0.6791,2,0
ACC501925,CUST101316,Standard,16800,2026-06-30,Active,10341.44,0.6156,1,0
ACC501953,CUST101335,Platinum,17500,2023-11-15,Active,1560.7,0.0892,1,0
ACC500876,CUST100593,Standard,10300,2023-11-14,Active,2789.93,0.2709,0,0
ACC500747,CUST100500,Standard,11200,2026-05-27,Active,0.0,0.0,0,0
ACC502836,CUST101931,Standard,14000,2024-03-29,Active,805.88,0.0576,0,0
ACC503434,CUST102339,Platinum,14400,2026-05-14,Active,5792.53,0.4023,1,0
ACC502493,CUST101697,gold,22300,2020-08-08,Active,4644.28,0.2083,1,0
ACC502854,CUST101942,Gold,14500,2017-11-15,Active,6099.81,0.4207,0,0
ACC501205,CUST100809,Standard,12000,2024-09-12,Closed,0.0,0.0,0,0
ACC502357,CUST101610,Secured,15200,2021-11-09,Active,11487.03,0.7557,1,0
ACC501126,CUST100760,Standard,16700,2024-03-11,Active,0.0,0.0,0,0
ACC502441,CUST101664,Gold,14600,2022-05-28,Active,1601.98,0.1097,0,0
ACC502567,CUST101747,Secured,14100,2026-07-11,Active,4765.45,0.338,1,0
ACC500831,CUST100563,Gold,9300,2025-10-21,Active,3022.17,0.325,0,0
ACC501897,CUST101296,platinum,16800,2022-12-21,Closed,3401.48,0.2025,2,0
ACC503495,CUST102383,Platinum,18400,2020-11-19,,4066.96,0.221,1,0
ACC502453,CUST101671,Gold,30900,2024-11-14,Active,15608.25,0.5051,0,0
ACC503019,CUST102055,Gold,19200,2020-01-13,Active,3302.88,0.172,2,0
ACC502256,CUST101539,Gold,14500,2026-04-28,Active,1686.11,0.1163,0,0
ACC501506,CUST101019,Standard,9900,2025-11-11,Closed,6347.68,0.6412,1,0
ACC501253,CUST100845,Gold,18500,2023-10-06,Active,3550.24,0.1919,1,0
ACC501329,CUST100897,Standard,16700,2022-09-20,Closed,2944.94,0.1763,1,0
ACC500363,CUST100250,gold,24300,2025-10-02,Active,685.33,0.0282,0,0
ACC503228,CUST102204,Secured,18400,2022-08-12,Closed,0.0,0.0,0,0
ACC502946,CUST102007,Standard,10400,2026-05-29,Active,2880.92,0.277,0,0
ACC503042,CUST102071,Gold,24000,2025-03-24,Active,12256.46,0.5107,0,0
ACC500765,CUST100514,Standard,17500,2019-12-19,Active,9453.65,0.5402,0,0
ACC500785,CUST100528,Secured,29800,2019-11-25,Active,7524.0,0.2525,1,0
ACC502593,CUST101765,standard,22700,2025-07-17,Active,5622.75,0.2477,1,0
ACC501251,CUST100844,gold,16400,2018-12-03,Closed,8509.69,0.5189,1,0
ACC501941,CUST101329,Standard,22300,2026-08-17,Active,0.0,0.0,0,0
ACC502917,CUST101987,Standard,5100,2020-12-14,Active,2822.17,0.5534,0,0
ACC503393,CUST102314,Platinum,24700,2024-11-11,Active,8285.6,0.3354,0,0
ACC500293,CUST100202,Standard,11000,2024-11-18,Active,5899.78,0.5363,1,0
ACC500939,CUST100634,Standard,21200,2025-10-02,Active,3801.66,0.1793,1,0
ACC501274,CUST100857,Platinum,20700,2023-08-28,Active,14375.87,0.6945,0,0
ACC501161,CUST100782,Standard,20200,2026-07-05,Active,6055.65,0.2998,0,0
ACC501833,CUST101253,gold,16300,2024-09-09,Active,878.4,0.0539,0,0
ACC502954,CUST102011,gold,24900,2026-01-18,Active,4248.59,0.1706,0,1
ACC500881,CUST100596,Standard,22900,2026-08-15,Active,11441.63,0.4996,1,0
ACC502138,CUST101467,standard,10400,2026-06-04,Active,5973.14,0.5743,0,0
ACC501551,CUST101050,Standard,19300,2014-07-13,Active,7214.99,0.3738,2,0
ACC503451,CUST102352,standard,14700,2024-05-15,Active,4907.67,0.3339,1,0
ACC502331,CUST101592,Gold,9600,2024-10-20,Frozen,3862.61,0.4024,1,0
ACC501033,CUST100699,platinum,21500,2025-12-05,Active,8641.82,0.4019,1,0
ACC500263,CUST100181,standard,17700,2015-02-06,Active,6553.73,0.3703,4,1
ACC502072,CUST101423,Standard,30600,2018-11-04,Active,12103.05,0.3955,0,0
ACC500231,CUST100160,Gold,17300,2021-07-12,Closed,8005.52,0.4627,0,0
ACC501544,CUST101045,Secured,11600,2016-06-30,Active,4240.77,0.3656,1,0
ACC502862,CUST101947,Standard,18900,2023-12-30,Active,1770.68,0.0937,0,0
ACC500816,CUST100554,Gold,15400,2023-03-09,Active,5026.13,0.3264,1,0
ACC501627,CUST101106,Standard,11800,2017-12-17,Active,8006.18,0.6785,3,0
ACC502162,CUST101481,Standard,22900,2019-01-17,,8421.13,0.3677,2,1
ACC501340,CUST100905,Gold,10400,2026-09-01,Active,4195.67,0.4034,1,0
ACC501963,CUST101342,Standard,13900,2020-01-12,Active,2975.76,0.2141,1,0
ACC502911,CUST101983,secured,19000,2026-07-30,Active,7616.87,0.4009,1,0
ACC502330,CUST101591,Gold,19100,2025-04-01,Active,2770.65,0.1451,0,0
ACC500378,CUST100259,Standard,13900,2026-09-02,Active,1868.87,0.1345,1,0
ACC502494,CUST101697,Gold,25900,2021-01-14,Active,6402.31,0.2472,1,0
ACC502663,CUST101811,Gold,18300,2026-06-02,Closed,7389.38,0.4038,1,0
ACC503594,CUST102446,Platinum,10000,2025-08-10,Active,1332.18,0.1332,1,0
ACC502983,CUST102031,Standard,23300,2023-01-01,Active,0.0,0.0,1,0
ACC500162,CUST100109,Standard,16500,2023-07-31,Active,8942.41,0.542,1,0
ACC503051,CUST102078,Standard,12600,2023-02-19,Active,6065.84,0.4814,1,0
ACC502258,CUST101540,Standard,12400,2019-08-02,Active,8350.95,0.6735,1,0
ACC501234,CUST100830,Standard,16800,2020-01-12,Active,6603.58,0.3931,0,0
ACC501296,CUST100873,Standard,8300,2022-02-10,Active,4713.48,0.5679,2,0
ACC500207,CUST100143,Secured,24600,2025-12-24,Frozen,2222.62,0.0904,0,0
ACC501981,CUST101353,Standard,17200,2020-04-09,Active,6616.28,0.3847,1,0
ACC500389,CUST100266,Platinum,17500,2026-04-01,Active,1597.45,0.0913,0,0
ACC500539,CUST100367,Standard,19300,2021-08-12,Active,4095.83,0.2122,0,0
ACC502149,CUST101474,Standard,17700,2022-11-10,Active,0.0,0.0,0,0
ACC500448,CUST100307,Standard,6300,2025-02-03,Frozen,6438.89,1.022,0,0
ACC502158,CUST101478,Standard,14600,2025-10-07,Active,4991.32,0.3419,0,0
ACC500957,CUST100648,Standard,10000,2025-07-23,Active,2191.72,0.2192,0,0
ACC503542,CUST102411,Platinum,22400,2016-10-05,Active,6109.91,0.2728,0,0
ACC501031,CUST100698,Platinum,9700,2020-03-16,Active,3090.14,0.3186,0,0
ACC502830,CUST101927,Secured,9100,2026-05-10,Active,2049.2,0.2252,1,0
ACC501246,CUST100839,Standard,16000,2020-03-09,Active,6553.73,0.4096,0,0
ACC500146,CUST100098,Platinum,15200,2021-01-20,Active,4745.11,0.3122,1,0
ACC500838,CUST100569,Standard,16600,2023-06-30,Active,5040.94,0.3037,2,0
ACC502774,CUST101888,Standard,13800,2021-06-11,Active,4530.07,0.3283,0,0
ACC502161,CUST101481,Platinum,8600,2024-07-17,Active,5968.47,0.694,1,0
ACC502951,CUST102009,Standard,17700,2023-04-14,Active,4693.04,0.2651,0,1
ACC500323,CUST100223,Gold,12700,2025-12-28,Active,5416.41,0.4265,1,0
ACC502730,CUST101856,Gold,14700,2025-02-16,Active,0.0,0.0,1,0
ACC501874,CUST101279,Platinum,16600,2022-02-02,Active,3495.43,0.2106,1,0
ACC502804,CUST101909,Standard,10200,2019-05-09,Active,4881.89,0.4786,0,0
ACC502332,CUST101593,standard,22400,2025-07-23,Active,5487.01,0.245,1,0
ACC500631,CUST100424,Gold,12100,2020-10-27,Active,6592.47,0.5448,3,0
ACC503270,CUST102234,Secured,10000,2019-03-13,Active,1701.09,0.1701,1,0
ACC500031,CUST100022,Gold,16200,2024-03-07,Active,7244.96,0.4472,2,0
ACC503163,CUST102159,Gold,10500,2021-10-14,Active,5439.09,0.518,1,0
ACC503533,CUST102405,Platinum,13100,2023-04-24,Active,6089.29,0.4648,2,0
ACC502142,CUST101469,Standard,18000,2022-12-14,Closed,5499.43,0.3055,0,0
ACC500322,CUST100222,Secured,21000,2026-06-14,Active,4626.35,0.2203,1,0
ACC502323,CUST101587,Standard,16500,2015-12-08,Active,1279.59,0.0776,0,0
ACC500173,CUST100115,Standard,29300,2023-04-06,Active,14124.98,0.4821,1,0
ACC502009,CUST101374,Standard,12100,2024-11-12,Active,4302.67,0.3556,1,0
ACC502021,CUST101385,Standard,14600,2018-07-28,Active,8716.11,0.597,0,0
ACC503127,CUST102131,Standard,12800,2022-01-25,Active,6986.5,0.5458,1,0
ACC502274,CUST101552,Secured,12700,2023-04-01,Closed,4944.88,0.3894,3,0
ACC501841,CUST101259,Platinum,20800,2025-01-13,Active,5290.32,0.2543,2,0
ACC501124,CUST100758,Gold,10300,2026-06-12,Active,2505.18,0.2432,0,0
ACC502036,CUST101394,Platinum,15800,2024-02-10,Active,2788.95,0.1765,0,0
ACC503261,CUST102229,Standard,15100,2025-10-24,Active,9547.82,0.6323,0,0
ACC500058,CUST100038,Gold,14700,2022-06-26,Frozen,4425.69,0.3011,0,0
ACC500032,CUST100023,Gold,13800,2026-08-03,Active,3662.17,0.2654,0,0
ACC502266,CUST101545,Platinum,15500,2014-08-17,Active,4446.18,0.2869,1,0
ACC501699,CUST101161,Standard,18700,2024-11-22,Active,4961.45,0.2653,0,0
ACC500056,CUST100037,Standard,18700,2013-11-05,Active,21749.25,1.1631,2,0
ACC502581,CUST101758,Platinum,20000,2024-06-19,Active,9833.07,0.4917,2,0
ACC502831,CUST101928,Standard,12400,2022-03-13,Active,4761.57,0.384,1,0
ACC502784,CUST101894,Platinum,22800,2022-07-28,Active,1426.42,0.0626,2,0
ACC500703,CUST100471,Gold,18800,2024-11-05,Active,7229.1,0.3845,0,0
ACC503129,CUST102132,Gold,5900,2026-07-18,Active,490.13,0.0831,0,0
ACC500886,CUST100600,standard,22000,2025-10-21,Active,17656.19,0.8026,2,0
ACC501521,CUST101028,Standard,8400,2018-10-14,Active,4872.93,0.5801,3,0
ACC502066,CUST101418,Standard,14000,2026-07-08,Active,2879.86,0.2057,0,0
ACC503311,CUST102263,standard,15400,2025-02-18,Active,4569.36,0.2967,1,0
ACC501256,CUST100847,Platinum,18100,2025-12-23,Active,1255.92,0.0694,0,0
ACC503420,CUST102330,Secured,17500,2024-03-20,Active,14545.34,0.8312,3,0
ACC502416,CUST101649,Secured,12500,2020-04-19,Active,5423.24,0.4339,2,0
ACC501001,CUST100678,Gold,11300,2023-08-04,Active,3636.95,0.3219,0,0
ACC501534,CUST101037,Platinum,11000,2021-02-28,Frozen,2625.71,0.2387,2,0
ACC502129,CUST101462,Platinum,15800,2025-05-04,Closed,2611.44,0.1653,0,0
ACC501652,CUST101126,Standard,10400,2022-05-13,Active,5679.15,0.5461,1,0
ACC501240,CUST100835,Gold,20200,2022-10-15,Frozen,10603.63,0.5249,2,0
ACC502320,CUST101584,Standard,15200,2020-04-14,Active,10833.68,0.7127,3,0
ACC502857,CUST101944,Standard,14700,2021-08-24,Closed,0.0,0.0,0,0
ACC500996,CUST100675,Platinum,12700,2025-12-23,Active,4913.3,0.3869,0,0
ACC500850,CUST100575,Standard,14400,2025-09-14,Active,1715.62,0.1191,0,0
ACC502834,CUST101930,Standard,22500,2023-03-23,Active,6908.31,0.307,0,0
ACC502822,CUST101922,Gold,4300,2019-05-26,Active,2239.52,0.5208,1,0
ACC500896,CUST100605,Secured,13400,2019-11-07,Active,2998.61,0.2238,0,0
ACC500626,CUST100421,Gold,8300,2021-04-03,Active,4950.51,0.5964,2,1
ACC502863,CUST101948,gold,20500,2025-10-03,Closed,9349.83,0.4561,0,0
ACC503332,CUST102275,Gold,26600,2018-11-05,Active,5635.79,0.2119,0,0
ACC503068,CUST102090,Standard,19400,2024-10-29,Active,6725.13,0.3467,0,0
ACC500541,CUST100368,Secured,18200,2024-05-04,Active,9130.22,0.5017,1,0
ACC502982,CUST102030,Standard,11900,2026-08-25,Active,6346.7,0.5333,1,0
ACC501018,CUST100690,Gold,18100,2020-09-30,Frozen,8971.39,0.4957,0,0
ACC500274,CUST100190,standard,17400,2026-06-13,Active,8488.44,0.4878,1,0
ACC502746,CUST101867,Platinum,13500,2024-09-16,Active,8997.2,0.6665,1,0
ACC501356,CUST100915,Gold,10100,2021-05-15,Active,142.3,0.0141,2,0
ACC500749,CUST100502,Gold,17400,2020-09-08,Active,4788.28,0.2752,0,0
ACC503487,CUST102378,Platinum,7300,2022-12-22,Active,3831.3,0.5248,1,0
ACC502981,CUST102029,Gold,16300,2024-10-15,,10301.88,0.632,1,0
ACC502573,CUST101752,Gold,9400,2023-12-13,Active,6271.13,0.6671,3,1
ACC501208,CUST100811,Gold,23200,2023-06-16,Active,10110.93,0.4358,0,0
ACC500913,CUST100616,Standard,11100,2022-04-18,Active,7320.36,0.6595,2,0
ACC502632,CUST101793,Standard,16900,2022-04-29,Active,5078.19,0.3005,1,0
ACC501219,CUST100819,Secured,13300,2025-12-03,Active,7958.83,0.5984,0,0
ACC501685,CUST101151,Gold,16500,2025-04-23,Active,15084.08,0.9142,2,0
ACC501631,CUST101110,Platinum,7600,2026-04-24,Active,3462.34,0.4556,2,0
ACC502372,CUST101620,Standard,11100,2019-10-10,Active,0.0,0.0,0,0
ACC501564,CUST101059,platinum,9300,2026-03-19,Active,2994.84,0.322,2,0
ACC500447,CUST100306,Gold,18800,2025-07-12,Active,2576.3,0.137,0,0
ACC500385,CUST100264,Platinum,19600,2021-04-28,Active,6483.69,0.3308,1,0
ACC501144,CUST100771,gold,15200,2023-01-15,Active,6841.18,0.4501,2,0
ACC502103,CUST101443,Gold,13800,2026-06-18,Active,4502.45,0.3263,1,0
ACC503254,CUST102224,Platinum,11600,2016-02-26,Active,2923.84,0.2521,0,0
ACC502300,CUST101570,Standard,18800,2017-07-24,Active,6036.88,0.3211,0,0
ACC501991,CUST101360,Standard,14800,2026-05-30,Active,7264.34,0.4908,1,0
ACC501951,CUST101335,Standard,13400,2019-11-10,Active,6527.36,0.4871,2,0
ACC501995,CUST101364,Gold,16300,2024-03-23,Active,5799.39,0.3558,2,0
ACC503636,CUST102472,Standard,19200,2026-04-25,Active,6036.35,0.3144,0,0
ACC502957,CUST102013,Standard,14400,2026-03-19,Active,5928.34,0.4117,0,0
ACC503535,CUST102406,Standard,20500,2024-09-19,Active,8974.58,0.4378,0,0
ACC501571,CUST101064,secured,20500,2026-05-03,Closed,12352.84,0.6026,1,0
ACC501768,CUST101211,Gold,7000,2026-02-24,Closed,2746.59,0.3924,1,0
ACC501426,CUST100966,Gold,6500,2022-06-20,Active,2991.67,0.4603,2,1
ACC502714,CUST101846,Secured,14800,2024-02-11,Active,3491.22,0.2359,0,0
ACC503488,CUST102379,Gold,18900,2024-03-02,Active,7612.37,0.4028,0,0
ACC503346,CUST102284,Standard,18800,2023-07-24,Active,3942.89,0.2097,2,1
ACC503431,CUST102337,Platinum,10400,2024-05-14,Closed,4852.84,0.4666,0,0
ACC502282,CUST101557,Gold,10600,2023-03-29,Active,16.73,0.0016,0,0
ACC501975,CUST101350,Gold,23600,2022-04-08,Active,3456.72,0.1465,1,0
ACC501283,CUST100864,Gold,12500,2025-09-07,Active,5689.63,0.4552,0,0
ACC501855,CUST101267,Standard,19200,2023-08-11,Closed,10268.06,0.5348,2,0
ACC500672,CUST100449,Platinum,19200,2017-10-16,Active,8064.31,0.42,2,0
ACC500942,CUST100637,Gold,12400,2020-12-08,Active,2742.33,0.2212,0,0
ACC502927,CUST101995,Standard,21100,2025-12-10,Active,5668.47,0.2686,0,0
ACC503103,CUST102112,Platinum,18700,2019-03-19,Active,4450.34,0.238,0,0
ACC501153,CUST100776,Secured,11800,2016-02-09,Frozen,2030.93,0.1721,0,0
ACC502246,CUST101533,Standard,21700,2015-10-25,Active,6448.36,0.2972,1,0
ACC503128,CUST102132,Standard,15900,2025-09-21,Frozen,3677.39,0.2313,2,0
ACC500822,CUST100557,gold,19200,2023-11-07,Active,5247.71,0.2733,0,0
ACC502380,CUST101625,Standard,19500,2018-11-05,Active,16854.48,0.8643,1,0
ACC502649,CUST101803,Standard,8700,2020-08-12,Active,2206.24,0.2536,0,0
ACC501608,CUST101091,Standard,8100,2023-02-26,Active,3331.06,0.4112,0,1
ACC502706,CUST101841,Platinum,11900,2026-03-31,Active,5054.06,0.4247,1,0
ACC501845,CUST101260,Platinum,17700,2026-07-27,Active,5078.6,0.2869,1,0
ACC500593,CUST100402,Standard,14400,2017-02-05,Active,8920.62,0.6195,1,0
ACC503255,CUST102225,Standard,29600,2020-02-12,Active,12036.87,0.4067,1,0
ACC501698,CUST101161,Platinum,11200,2024-05-31,Active,5223.56,0.4664,1,0
ACC501003,CUST100679,Gold,14900,2023-05-03,Closed,1515.95,0.1017,1,0
ACC501058,CUST100718,Gold,8300,2025-04-28,Closed,3445.51,0.4151,0,0
ACC501869,CUST101277,Standard,21100,2026-08-27,Active,11004.44,0.5215,2,0
ACC500049,CUST100032,Platinum,15800,2024-06-19,Active,10717.87,0.6783,2,0
ACC502094,CUST101438,Standard,15200,2021-07-29,Active,3117.94,0.2051,1,0
ACC501722,CUST101177,Standard,12500,2025-08-12,Active,4940.73,0.3953,2,0
ACC501066,CUST100724,Standard,10500,2025-02-27,Closed,6417.28,0.6112,1,0
ACC500748,CUST100501,Gold,11100,2020-04-18,Active,5644.88,0.5085,3,1
ACC500335,CUST100229,Standard,13900,2026-06-17,Active,8810.1,0.6338,0,0
ACC503553,CUST102420,Platinum,15400,2025-08-30,Active,3417.45,0.2219,1,0
ACC503290,CUST102248,Platinum,14600,2024-05-30,Closed,3916.95,0.2683,0,1
ACC501983,CUST101354,Standard,17900,2026-02-06,Active,8371.46,0.4677,1,0
ACC501193,CUST100801,Standard,8500,2017-05-05,Active,0.0,0.0,0,0
ACC501900,CUST101298,Standard,14300,2025-05-19,Active,627.14,0.0439,1,0
ACC501511,CUST101021,standard,15500,2024-06-03,Closed,8488.5,0.5476,4,1
ACC500450,CUST100309,Standard,10300,2026-08-02,Active,4566.48,0.4433,1,0
ACC502617,CUST101783,Standard,17300,2026-07-25,Active,6283.59,0.3632,0,0
ACC501978,CUST101351,Secured,17900,2023-12-01,Active,5583.6,0.3119,0,0
ACC502496,CUST101699,Standard,16800,2024-07-26,Active,10772.08,0.6412,2,1
ACC502936,CUST102001,Standard,13100,2023-01-21,Active,4371.35,0.3337,0,0
ACC500039,CUST100026,gold,4700,2013-06-24,Closed,2101.88,0.4472,1,0
ACC502058,CUST101413,Standard,16000,2026-08-25,Active,4703.72,0.294,0,0
ACC500478,CUST100328,Secured,14800,2016-09-23,Active,2792.31,0.1887,1,0
ACC500691,CUST100462,Platinum,22100,2023-11-15,Closed,4006.57,0.1813,0,0
ACC502623,CUST101787,Standard,17100,2023-08-24,Active,0.0,0.0,0,0
ACC500464,CUST100320,Gold,20200,2018-08-12,Closed,10461.75,0.5179,1,0
ACC500145,CUST100098,Standard,20200,2025-01-15,Active,4203.06,0.2081,0,0
ACC500106,CUST100074,Standard,10500,2025-06-05,,2096.64,0.1997,1,0
ACC502003,CUST101370,Gold,18300,2021-09-27,Active,5767.17,0.3151,1,0
ACC501883,CUST101286,Platinum,16200,2023-03-08,Active,274.39,0.0169,0,0
ACC502900,CUST101975,Gold,8200,2021-03-24,Active,4738.82,0.5779,1,0
ACC502367,CUST101617,Standard,10400,2020-04-19,Active,8116.39,0.7804,2,0
ACC501270,CUST100854,Standard,11500,2021-03-06,Active,4820.92,0.4192,0,0
ACC503621,CUST102461,Standard,12000,2026-06-30,Active,2956.58,0.2464,1,0
ACC502551,CUST101738,Standard,28700,2023-03-19,Active,15248.68,0.5313,3,0
ACC501735,CUST101188,standard,20000,2025-08-09,Active,8212.92,0.4106,1,0
ACC503245,CUST102216,Standard,22500,2026-04-23,Active,15996.59,0.711,3,0
ACC501647,CUST101122,Gold,18700,2020-11-15,Active,4567.45,0.2442,0,0
ACC503370,CUST102300,Standard,23100,2022-08-16,Active,1575.9,0.0682,0,0
ACC502569,CUST101749,Gold,13100,2025-09-16,Active,5399.54,0.4122,0,0
ACC501535,CUST101038,Gold,12900,2026-08-19,Active,10634.83,0.8244,2,0
ACC500287,CUST100197,gold,14800,2026-04-24,Active,6569.38,0.4439,0,0
ACC501452,CUST100983,platinum,21700,2021-12-30,Active,8059.54,0.3714,0,0
ACC502988,CUST102034,standard,8400,2025-01-06,Active,1608.15,0.1914,0,0
ACC501817,CUST101242,Platinum,12200,2018-02-02,Active,6318.82,0.5179,0,0
ACC501782,CUST101218,Gold,15800,2024-02-26,Closed,10893.16,0.6894,1,0
ACC501037,CUST100702,Standard,8000,2026-02-24,Active,2366.56,0.2958,2,0
ACC501355,CUST100914,Gold,8200,2023-02-03,Active,2757.41,0.3363,3,0
ACC503489,CUST102380,Gold,14700,2025-06-29,Active,8025.91,0.546,3,0
ACC500663,CUST100443,Standard,10300,2026-01-02,Active,6786.37,0.6589,1,0
ACC503465,CUST102362,Gold,19000,2014-08-27,Active,5822.22,0.3064,1,0
ACC500934,CUST100630,Gold,12300,2026-07-28,Active,2044.03,0.1662,0,0
ACC501062,CUST100722,Gold,8300,2026-02-18,Active,2905.65,0.3501,0,0
ACC501123,CUST100757,Secured,12600,2025-05-09,Active,7522.42,0.597,1,0
ACC502930,CUST101997,Platinum,22700,2022-07-31,,6162.36,0.2715,0,0
ACC503098,CUST102110,Standard,14700,2019-04-01,Active,7474.16,0.5084,1,0
ACC501666,CUST101136,Standard,17300,2023-11-21,Active,9343.54,0.5401,1,0
ACC503664,CUST102491,Secured,15700,2024-02-29,Active,9503.15,0.6053,1,0
ACC501790,CUST101222,Secured,14000,2013-09-26,Active,2225.59,0.159,1,0
ACC500817,CUST100554,Gold,13700,2026-07-02,Closed,6113.44,0.4462,1,0
ACC500586,CUST100398,Gold,15200,2023-12-09,Active,9708.62,0.6387,1,0
ACC500787,CUST100529,Standard,9500,2021-01-14,Active,2269.29,0.2389,0,0
ACC501816,CUST101242,Standard,15200,2017-12-04,Active,1563.62,0.1029,0,0
ACC502245,CUST101533,Gold,29100,2019-11-27,Closed,5898.73,0.2027,0,0
ACC500379,CUST100260,Standard,13100,2014-03-29,Active,4340.19,0.3313,1,0
ACC501501,CUST101016,Gold,25200,2024-09-09,Active,17844.28,0.7081,2,0
ACC500871,CUST100590,Gold,6900,2020-08-23,Active,956.13,0.1386,1,0
ACC502167,CUST101484,platinum,23900,2020-06-02,Active,5182.51,0.2168,0,0
ACC503464,CUST102361,Standard,25200,2025-01-01,Active,9465.81,0.3756,2,0
ACC501796,CUST101225,Standard,19400,2026-01-22,Closed,0.0,0.0,0,0
ACC503215,CUST102194,Standard,18700,2026-06-24,Closed,9533.22,0.5098,1,0
ACC503092,CUST102104,Gold,15600,2017-06-08,Active,6529.17,0.4185,2,0
ACC500117,CUST100080,Standard,17100,2025-08-12,Active,2471.9,0.1446,0,1
ACC500490,CUST100335,Secured,20800,2024-12-04,Active,3518.61,0.1692,0,0
ACC502412,CUST101647,Secured,13000,2026-08-03,Active,9674.91,0.7442,2,0
ACC502676,CUST101819,Standard,8900,2020-06-01,Active,1970.35,0.2214,2,0
ACC500917,CUST100620,Secured,8100,2019-04-04,Active,1112.0,0.1373,2,0
ACC503445,CUST102347,Gold,11500,2026-01-11,Active,5416.42,0.471,1,0
ACC501020,CUST100691,Standard,18700,2021-09-15,Active,12221.04,0.6535,0,0
ACC502920,CUST101989,Standard,17600,2023-06-03,Active,0.0,0.0,0,0
ACC500673,CUST100450,Gold,18900,2026-01-14,Active,7627.32,0.4036,2,0
ACC501294,CUST100871,standard,18100,2015-03-05,Closed,8873.72,0.4903,3,0
ACC501697,CUST101160,Platinum,9600,2025-09-01,Active,3048.27,0.3175,1,0
ACC501046,CUST100708,Standard,10700,2026-04-03,Closed,3342.91,0.3124,0,0
ACC502411,CUST101646,Gold,8300,2020-11-04,Active,7485.77,0.9019,0,1
ACC503630,CUST102467,Standard,10600,2017-06-23,Closed,9006.62,0.8497,2,1
ACC502709,CUST101844,platinum,27600,2023-05-22,Closed,12645.81,0.4582,1,0
ACC500693,CUST100463,Standard,25900,2026-05-17,Closed,7809.54,0.3015,0,0
ACC502535,CUST101726,Standard,15600,2020-11-24,Active,3916.6,0.2511,1,0
ACC501580,CUST101072,Standard,13000,2023-01-05,Active,9606.34,0.7389,3,0
ACC502405,CUST101643,standard,25200,2012-05-23,Active,0.0,0.0,0,0
ACC501524,CUST101029,Gold,14700,2019-10-04,Active,4818.84,0.3278,1,0
ACC502133,CUST101465,Standard,15300,2025-03-17,Active,854.29,0.0558,1,0
ACC501456,CUST100986,Secured,20400,2025-03-03,Active,6911.48,0.3388,4,0
ACC502712,CUST101845,Standard,9400,2020-09-04,Active,4647.8,0.4944,2,0
ACC503000,CUST102043,Standard,9800,2020-04-29,Active,7219.27,0.7367,4,1
ACC500204,CUST100140,Standard,18200,2026-04-22,Active,8909.45,0.4895,0,0
ACC503668,CUST102493,Secured,33900,2025-11-07,Active,16341.89,0.4821,1,0
ACC501688,CUST101153,Standard,9200,2026-04-30,Active,3871.44,0.4208,3,0
ACC501354,CUST100914,Secured,12800,2024-10-30,Active,8069.28,0.6304,2,0
ACC500314,CUST100217,Gold,12400,2023-08-24,Frozen,7351.42,0.5929,1,0
ACC502465,CUST101679,Gold,16600,2023-01-08,Active,608.8,0.0367,1,0
ACC500180,CUST100120,gold,9000,2025-09-11,Active,6818.82,0.7576,2,0
ACC500885,CUST100599,Gold,14500,2019-01-15,,7337.31,0.506,0,0
ACC503644,CUST102477,Standard,19100,2022-05-08,Active,6405.54,0.3354,2,0
ACC502417,CUST101650,Standard,10400,2022-11-02,Active,4464.61,0.4293,1,0
ACC500775,CUST100522,Standard,18800,2014-10-20,Active,8943.87,0.4757,1,0
ACC500719,CUST100482,Gold,5300,2025-12-04,Active,1316.5,0.2484,0,0
ACC501057,CUST100717,Gold,13500,2018-05-11,,9254.53,0.6855,0,0
ACC503381,CUST102307,Gold,14500,2025-12-26,Active,4131.24,0.2849,1,0
ACC503022,CUST102057,Standard,12400,2026-04-29,Active,6839.07,0.5515,3,0
ACC501468,CUST100995,Standard,9900,2023-10-25,Active,4484.96,0.453,1,0
ACC500790,CUST100532,Standard,28900,2020-09-05,Active,8592.83,0.2973,0,0
ACC502452,CUST101671,Secured,33700,2019-09-06,Active,0.0,0.0,1,0
ACC502956,CUST102012,Gold,19100,2022-09-12,Active,10426.67,0.5459,1,0
ACC502786,CUST101896,Gold,27200,2024-12-23,Active,16616.67,0.6109,1,0
ACC502227,CUST101523,Standard,18100,2023-07-10,Active,4159.94,0.2298,1,0
ACC500494,CUST100339,Secured,11900,2026-08-29,Active,4061.33,0.3413,2,0
ACC503413,CUST102325,Standard,14000,2024-12-10,Active,3589.49,0.2564,0,0
ACC501515,CUST101024,standard,21100,2022-07-18,Active,6034.12,0.286,2,0
ACC500658,CUST100439,Standard,16600,2025-08-03,Active,10810.59,0.6512,2,0
ACC500403,CUST100276,Gold,21500,2017-09-02,Active,15632.1,0.7271,1,0
ACC500364,CUST100251,Platinum,8100,2015-01-10,Active,7717.83,0.9528,8,1
ACC501803,CUST101230,Standard,19000,2024-02-08,Active,5317.04,0.2798,1,0
ACC502231,CUST101525,Platinum,-500,2021-10-04,Active,5607.46,0.603,2,1
ACC500318,CUST100219,Platinum,20000,2022-07-05,Active,7230.78,0.3615,1,0
ACC500804,CUST100544,Secured,15400,2024-08-06,Active,654.78,0.0425,0,0
ACC502782,CUST101893,Standard,12400,2014-04-08,Active,6620.94,0.5339,0,0
ACC500827,CUST100561,Standard,6700,2022-02-22,Closed,4637.05,0.6921,2,1
ACC502817,CUST101918,Platinum,17800,2016-09-05,Closed,8090.2,0.4545,1,0
ACC503514,CUST102395,Platinum,13600,2025-10-05,Active,2931.25,0.2155,0,0
ACC501530,CUST101033,Standard,8400,2026-03-27,Active,2503.31,0.298,1,0
ACC501554,CUST101052,Standard,5200,2024-12-23,Closed,3443.87,0.6623,1,1
ACC502461,CUST101675,Standard,4900,2021-03-11,Active,1743.65,0.3558,1,0
ACC500236,CUST100162,Gold,18300,2023-08-18,Active,1830.39,0.1,1,0
ACC501658,CUST101130,Standard,15900,2022-12-27,Active,8495.77,0.5343,3,0
ACC500061,CUST100041,Standard,14200,2019-09-11,Active,4340.47,0.3057,1,0
ACC501163,CUST100784,Standard,3500,2025-09-17,Active,1423.3,0.4067,5,0
ACC500310,CUST100214,Standard,29900,2025-04-19,Active,11436.43,0.3825,0,0
ACC502240,CUST101530,Gold,13500,2021-11-05,Active,2908.92,0.2155,1,0
ACC501007,CUST100681,Standard,15100,2018-06-05,Active,956.19,0.0633,3,0
ACC502397,CUST101636,Standard,11600,2023-11-18,Closed,6580.08,0.5672,1,1
ACC503231,CUST102206,Standard,18900,2022-11-16,Active,315.56,0.0167,0,0
ACC500229,CUST100159,gold,16400,2020-12-09,Frozen,7760.71,0.4732,2,0
ACC501613,CUST101095,Gold,15700,2021-02-06,Active,0.0,0.0,0,0
ACC503654,CUST102483,gold,12500,2019-08-20,Active,12683.29,1.0147,5,0
ACC501994,CUST101363,Gold,15300,2025-06-27,Active,0.0,0.0,0,0
ACC500783,CUST100526,Gold,10200,2017-03-04,Frozen,2076.0,0.2035,1,0
ACC502364,CUST101615,Standard,11300,2026-01-23,,4949.41,0.438,1,0
ACC501181,CUST100794,Gold,14300,2022-07-18,Active,7967.68,0.5572,1,0
ACC503386,CUST102309,Gold,7600,2022-05-05,Active,7102.3,0.9345,2,1
ACC502130,CUST101463,gold,14500,2017-12-02,Active,8278.08,0.5709,0,0
ACC502239,CUST101530,Standard,16600,2025-04-24,Active,13550.7,0.8163,3,0
ACC503008,CUST102047,Gold,10600,2018-01-15,Frozen,3377.7,0.3187,2,0
ACC502517,CUST101714,Gold,12900,2025-08-09,Active,1081.88,0.0839,0,1
ACC501065,CUST100723,Standard,20600,2023-07-10,Active,0.0,0.0,0,0
ACC501287,CUST100867,standard,16600,2025-09-27,Active,6907.66,0.4161,2,0
ACC501375,CUST100928,Standard,10100,2024-03-23,Active,0.0,0.0,2,0
ACC503239,CUST102212,Standard,17900,2024-04-17,Active,0.0,0.0,0,0
ACC503112,CUST102118,Standard,11500,2023-01-28,Active,6284.27,0.5465,3,0
ACC503064,CUST102088,Gold,12500,2023-09-05,Closed,5968.36,0.4775,3,0
ACC501379,CUST100931,Standard,16700,2023-02-03,Frozen,11710.32,0.7012,1,0
ACC500139,CUST100095,Platinum,5500,2019-10-22,Closed,3507.69,0.6378,4,0
ACC500740,CUST100496,Standard,17600,2022-12-09,Active,2653.02,0.1507,0,0
ACC502987,CUST102034,Secured,3600,2024-09-18,Active,1966.93,0.5464,0,0
ACC501973,CUST101348,Standard,11500,2025-06-14,Active,5242.61,0.4559,1,0
ACC500587,CUST100399,Standard,15000,2025-01-07,Frozen,2874.1,0.1916,1,1
ACC501801,CUST101229,gold,10500,2026-01-15,Active,4585.46,0.4367,2,0
ACC503075,CUST102094,Platinum,23200,2024-08-28,Active,10561.04,0.4552,1,0
ACC501358,CUST100917,standard,25100,2022-07-17,Active,6213.42,0.2475,0,0
ACC502505,CUST101706,Standard,18600,2018-11-12,Active,8869.65,0.4769,2,0
ACC501876,CUST101280,Standard,11600,2025-03-11,Active,5584.36,0.4814,0,0
ACC502037,CUST101395,Standard,6600,2026-05-20,Active,3070.74,0.4653,0,0
ACC500013,CUST100007,Gold,9700,2026-02-13,Active,5890.74,0.6073,0,0
ACC500952,CUST100644,Standard,21900,2026-08-22,Active,0.0,0.0,0,0
ACC503672,CUST102494,Standard,9400,2026-04-15,Active,3407.8,0.3625,1,0
ACC503187,CUST102177,secured,11900,2013-11-09,Active,7651.51,0.643,0,0
ACC500175,CUST100116,Platinum,10100,2024-07-08,Closed,5061.96,0.5012,1,1
ACC503184,CUST102174,Gold,19400,2024-08-27,Active,8764.4,0.4518,0,0
ACC502283,CUST101558,Standard,21100,2026-01-17,Active,6529.4,0.3095,0,0
ACC501661,CUST101133,Standard,6300,2023-10-18,Active,3668.08,0.5822,0,0
ACC501316,CUST100887,gold,17200,2025-03-03,Frozen,6309.6,0.3668,1,0
ACC502886,CUST101966,Secured,16700,2016-05-21,Active,2694.75,0.1614,1,0
ACC501192,CUST100800,Standard,7700,2025-05-03,Active,3105.41,0.4033,1,0
ACC502221,CUST101517,Platinum,19800,2025-07-30,Frozen,6694.38,0.3381,1,0
ACC503294,CUST102251,Standard,26100,2023-04-01,Active,11003.83,0.4216,1,0
ACC501231,CUST100828,Platinum,23800,2026-05-30,Active,3044.81,0.1279,1,0
ACC503220,CUST102197,Standard,22100,2025-02-09,Active,11714.96,0.5301,1,0
ACC500826,CUST100560,Gold,10100,2024-01-07,Closed,2879.86,0.2851,0,0
ACC500601,CUST100407,Standard,16500,2021-07-21,Active,13215.3,0.8009,0,0
ACC502302,CUST101571,Standard,19200,2025-02-13,Active,8833.37,0.4601,0,0
ACC502049,CUST101406,Gold,7500,2014-02-22,Active,3852.06,0.5136,0,0
ACC500635,CUST100427,Platinum,17600,2024-07-19,Active,7586.02,0.431,0,0
ACC502083,CUST101430,Platinum,16200,2026-04-22,Active,8457.45,0.5221,0,0
ACC500641,CUST100430,Gold,8500,2023-12-12,Active,5234.32,0.6158,1,0
ACC503189,CUST102178,Gold,24200,2024-01-26,Active,5499.63,0.2273,0,0
ACC502170,CUST101486,Platinum,20300,2022-11-30,Active,8165.87,0.4023,1,0
ACC500962,CUST100650,Standard,10400,2022-09-15,Active,1749.44,0.1682,2,0
ACC502171,CUST101486,Platinum,20300,2021-04-25,Active,14032.69,0.6913,1,0
ACC502265,CUST101545,Standard,25700,2012-03-30,Closed,6974.85,0.2714,2,0
ACC502098,CUST101440,Platinum,11300,2024-04-20,Active,5378.99,0.476,0,0
ACC501084,CUST100733,Platinum,18900,2023-03-18,Active,4296.24,0.2273,0,0
ACC501972,CUST101347,Standard,25000,2023-08-31,Active,2132.74,0.0853,0,0
ACC500224,CUST100154,Standard,15900,2024-02-06,Active,0.0,0.0,0,0
ACC503314,CUST102264,Secured,19900,2014-11-29,Active,2501.79,0.1257,0,0
ACC500600,CUST100407,Platinum,5500,2022-03-14,Active,1303.11,0.2369,0,0
ACC502212,CUST101511,Standard,14000,2022-09-12,Frozen,1678.68,0.1199,0,0
ACC501540,CUST101042,Standard,18700,2026-01-20,Active,10970.29,0.5866,0,0
ACC501612,CUST101094,standard,11800,2021-05-14,Active,754.77,0.064,0,1
ACC502431,CUST101659,Standard,20500,2026-03-21,Active,10790.97,0.5264,0,0
ACC501531,CUST101034,Standard,10900,2022-09-01,Active,5736.03,0.5262,1,0
ACC500727,CUST100488,Standard,14300,2026-02-27,Active,8274.0,0.5786,2,0
ACC501523,CUST101028,Standard,24400,2025-04-06,Active,4769.15,0.1955,1,0
ACC501025,CUST100694,gold,16900,2024-04-11,Active,9087.84,0.5377,0,0
ACC503232,CUST102206,Standard,14800,2022-06-28,Active,5192.24,0.3508,0,0
ACC501576,CUST101068,Standard,18800,2024-05-10,Active,7304.88,0.3886,0,0
ACC500463,CUST100319,Standard,12500,2022-08-25,Active,6066.43,0.4853,0,1
ACC501119,CUST100755,Secured,10000,2019-09-04,Active,5242.82,0.5243,1,0
ACC501233,CUST100830,Standard,14400,2019-01-16,,2623.95,0.1822,0,0
ACC503018,CUST102054,standard,16100,2024-05-11,Active,9452.52,0.5871,1,0
ACC502295,CUST101566,Platinum,14200,2025-07-09,Closed,4960.99,0.3494,1,0
ACC501024,CUST100693,Gold,11900,2022-05-24,Closed,2342.77,0.1969,1,0
ACC501906,CUST101302,standard,16800,2026-01-15,Active,2996.68,0.1784,0,0
ACC503077,CUST102096,platinum,9800,2022-06-08,Active,2879.3,0.2938,3,0
ACC501209,CUST100812,Standard,7100,2026-08-29,Active,3937.79,0.5546,1,0
ACC502329,CUST101591,Standard,18800,2015-10-01,,10785.73,0.5737,0,0
ACC502448,CUST101668,Secured,7000,2024-03-06,Active,4978.85,0.7113,1,0
ACC502419,CUST101650,standard,6800,2022-01-18,Active,2653.01,0.3901,2,1
ACC500101,CUST100071,Platinum,13200,2023-08-31,Active,5940.77,0.4501,1,0
ACC500177,CUST100117,Standard,31000,2021-02-03,Active,8102.93,0.2614,0,0
ACC502748,CUST101869,standard,17300,2020-03-31,Active,9208.94,0.5323,0,0
ACC500349,CUST100240,Standard,15400,2016-09-09,Closed,2787.86,0.181,2,0
ACC502619,CUST101784,Platinum,18300,2023-12-24,Active,7626.7,0.4168,0,0
ACC500066,CUST100045,Standard,21200,2025-08-10,Active,9841.64,0.4642,2,0
ACC502613,CUST101780,Standard,8600,2020-02-07,Active,7173.57,0.8341,1,0
ACC500941,CUST100636,Gold,18700,2025-01-30,,10869.87,0.5813,2,1
ACC501464,CUST100992,Platinum,17800,2023-12-13,Active,5573.69,0.3131,0,0
ACC502941,CUST102003,Gold,18100,2025-09-22,Active,2983.71,0.1648,0,0
ACC502427,CUST101656,Standard,14600,2026-06-20,Active,4712.17,0.3228,0,0
ACC500002,CUST100000,Standard,5600,2024-05-21,Active,1390.35,0.2483,3,1
ACC501323,CUST100892,gold,19200,2022-09-15,Active,3217.77,0.1676,0,0
ACC500278,CUST100192,Platinum,21900,2019-08-29,Active,4543.91,0.2075,0,0
ACC503333,CUST102276,Platinum,19300,2026-03-17,Active,4815.87,0.2495,0,0
ACC503677,CUST102498,Standard,7800,2026-07-29,Active,2265.7,0.2905,2,0
ACC500511,CUST100350,Standard,13200,2013-06-06,Active,4509.85,0.3417,0,0
ACC500081,CUST100055,Standard,13200,2026-01-19,Active,2618.2,0.1983,0,0
ACC503094,CUST102106,Standard,17100,2023-02-14,Active,8429.32,0.4929,3,0
ACC500149,CUST100100,Secured,24300,2026-03-02,Active,7157.58,0.2946,1,0
ACC500862,CUST100584,Gold,10600,2017-12-06,Active,4398.13,0.4149,3,0
ACC502536,CUST101727,Platinum,19100,2019-07-29,Active,6611.88,0.3462,2,0
ACC501591,CUST101079,Standard,20600,2020-06-29,Active,7276.51,0.3532,1,0
ACC501326,CUST100894,standard,26000,2013-02-15,Active,0.0,0.0,0,0
ACC501996,CUST101365,Standard,14800,2025-12-19,Active,0.0,0.0,0,0
ACC500802,CUST100542,Standard,17700,2026-05-24,Active,1226.01,0.0693,0,0
ACC502585,CUST101760,Secured,12400,2025-03-12,Active,3743.87,0.3019,0,0
ACC500327,CUST100225,Standard,8900,2023-09-05,Active,3919.58,0.4404,1,0
ACC500752,CUST100504,standard,13200,2026-03-11,Active,0.0,0.0,1,0
ACC501431,CUST100969,Gold,23000,2020-06-06,Active,17493.58,0.7606,0,0
ACC502962,CUST102015,Gold,18600,2022-11-25,Active,17875.94,0.9611,2,0
ACC500230,CUST100160,Gold,10100,2023-05-09,Active,6408.1,0.6345,0,0
ACC501818,CUST101243,Standard,17700,2018-07-29,Active,6539.16,0.3694,1,0
ACC502385,CUST101629,Standard,10300,2024-11-04,Active,6478.91,0.629,0,0
ACC503530,CUST102404,Standard,15500,2022-11-21,Active,5976.67,0.3856,1,0
ACC500321,CUST100221,Secured,5700,2026-09-04,Active,1306.77,0.2293,3,0
ACC501774,CUST101214,Platinum,17300,2020-04-26,Active,11048.3,0.6386,0,0
ACC500417,CUST100285,Standard,12500,2026-07-18,Active,7688.36,0.6151,2,0
ACC501165,CUST100784,Standard,15000,2018-07-05,Active,5208.5,0.3472,1,0
ACC503256,CUST102225,Platinum,27400,2026-02-03,Active,9711.44,0.3544,1,0
ACC501017,CUST100690,Secured,18400,2018-10-04,Active,8657.84,0.4705,2,0
ACC502048,CUST101405,Platinum,9400,2017-08-19,Active,2249.76,0.2393,1,0
ACC502598,CUST101769,Platinum,21000,2025-01-23,Active,0.0,0.0,0,0
ACC500006,CUST100002,Gold,21900,2020-06-25,Active,11183.55,0.5107,2,0
ACC502772,CUST101887,Platinum,20000,2021-01-28,Active,5545.72,0.2773,1,0
ACC503678,CUST102499,Standard,25900,2021-07-23,Closed,9490.1,0.3664,0,0
ACC502243,CUST101532,Platinum,14900,2025-01-13,Active,7221.66,0.4847,1,0
ACC502979,CUST102028,Platinum,9600,2026-05-16,Frozen,3785.43,0.3943,2,0
ACC502272,CUST101551,Standard,8800,2020-05-26,Active,3244.95,0.3687,1,0
ACC500220,CUST100153,Platinum,23100,2026-06-03,Closed,8566.3,0.3708,1,0
ACC501561,CUST101057,Gold,13200,2019-06-22,Active,2870.26,0.2174,1,0
ACC502965,CUST102018,Standard,11800,2023-09-18,Active,5214.03,0.4419,0,0
ACC501590,CUST101079,Standard,17500,2025-11-21,Active,8064.32,0.4608,2,0
ACC501265,CUST100850,Gold,16300,2020-02-03,Active,5089.69,0.3123,1,0
ACC501357,CUST100916,Standard,20300,2022-11-10,Closed,2766.89,0.1363,0,0
ACC502026,CUST101388,Standard,12900,2024-05-18,Active,3117.99,0.2417,0,0
ACC501353,CUST100914,Standard,14400,2025-10-13,Active,6548.14,0.4547,1,1
ACC500216,CUST100149,Standard,14600,2025-02-15,Active,10025.38,0.6867,1,0
ACC502075,CUST101425,Secured,9600,2023-10-17,Active,8539.28,0.8895,2,1
ACC502677,CUST101819,Standard,7400,2023-01-10,Active,4406.15,0.5954,2,1
ACC503632,CUST102469,Standard,15100,2026-02-10,Active,2639.33,0.1748,1,0
ACC500301,CUST100207,Secured,11000,2020-06-19,Active,6404.15,0.5822,0,0
ACC500123,CUST100085,Secured,20300,2021-09-16,Active,0.0,0.0,0,0
ACC502868,CUST101951,Platinum,21500,2019-06-26,Active,230.22,0.0107,0,0
ACC502206,CUST101507,Standard,19400,2021-09-02,Active,7504.88,0.3868,1,0
ACC500602,CUST100408,Platinum,22100,2024-07-06,Active,9204.03,0.4165,0,0
ACC500550,CUST100374,Platinum,9500,2024-02-05,Active,2624.24,0.2762,1,0
ACC500565,CUST100386,Gold,7000,2020-11-11,Active,0.0,0.0,0,0
ACC502546,CUST101734,Standard,18600,2018-04-02,Active,10551.11,0.5673,1,0
ACC503551,CUST102418,Gold,21300,2022-03-16,Active,0.0,0.0,1,0
ACC502242,CUST101531,Standard,16100,2019-12-04,Active,9153.4,0.5685,2,0
ACC500869,CUST100589,gold,15700,2023-01-11,Active,10627.32,0.6769,4,1
ACC502675,CUST101818,Platinum,12500,2016-11-18,Active,0.0,0.0,1,0
ACC500089,CUST100061,Standard,24600,2025-03-26,Active,11353.81,0.4615,0,0
ACC500582,CUST100395,Gold,21700,2025-11-23,Active,1574.19,0.0725,0,0
ACC502485,CUST101692,Standard,13700,2025-09-17,Active,3952.95,0.2885,1,0
ACC501200,CUST100806,Standard,12100,2025-10-07,Active,2552.99,0.211,0,0
ACC500870,CUST100590,Gold,12500,2020-10-31,Closed,3239.26,0.2591,3,0
ACC500404,CUST100276,Gold,14000,2026-06-15,Active,7528.94,0.5378,0,0
ACC501980,CUST101353,Standard,16400,2021-06-26,Active,10404.75,0.6344,1,0
ACC502760,CUST101878,Platinum,11200,2025-06-06,Active,4484.63,0.4004,2,0
ACC502602,CUST101772,Standard,18800,2025-08-19,Active,5769.65,0.3069,0,0
ACC502634,CUST101795,Gold,6900,2017-06-29,Active,3048.73,0.4418,1,0
ACC502474,CUST101687,Secured,6700,2024-08-26,Active,3961.24,0.5912,0,0
ACC502183,CUST101494,Standard,10200,2025-01-21,Active,2146.94,0.2105,2,0
ACC503669,CUST102493,Standard,14700,2025-11-26,Active,3836.41,0.261,0,0
ACC503114,CUST102120,standard,8200,2016-12-03,Active,74.45,0.0091,1,0
ACC501032,CUST100698,gold,10600,2023-01-09,Active,8649.39,0.816,1,0
ACC501295,CUST100872,Standard,15700,2024-12-01,Active,790.42,0.0503,1,0
ACC500257,CUST100177,gold,8200,2026-03-24,Active,3505.89,0.4275,3,0
ACC501998,CUST101367,Standard,16700,2021-12-12,Frozen,4047.81,0.2424,0,0
ACC503355,CUST102291,Standard,14300,2021-10-13,Active,8446.14,0.5906,1,0
ACC503406,CUST102321,Standard,20300,2020-05-27,Active,10464.42,0.5155,0,0
ACC502226,CUST101522,Standard,21900,2024-04-01,Active,1952.14,0.0891,1,0
ACC503436,CUST102341,Gold,17700,2020-10-30,Active,7056.27,0.3987,2,0
ACC502523,CUST101718,Gold,18000,2023-08-09,Active,8243.9,0.458,0,1
ACC501012,CUST100685,Standard,14500,2026-08-24,Active,5606.92,0.3867,1,0
ACC503211,CUST102191,Standard,12900,2018-04-14,Frozen,6613.55,0.5127,0,0
ACC503340,CUST102280,Standard,28100,2026-01-30,Closed,4889.55,0.174,1,0
ACC500186,CUST100124,Secured,13400,2025-01-03,Active,4183.6,0.3122,1,0
ACC500903,CUST100610,Gold,7700,2026-02-10,Active,3792.19,0.4925,1,1
ACC500551,CUST100375,Gold,21700,2019-09-09,Active,9059.64,0.4175,2,0
ACC500844,CUST100572,Standard,20600,2025-07-11,Active,4560.22,0.2214,1,0
ACC503350,CUST102288,Secured,15400,2019-11-22,Active,11595.51,0.753,1,0
ACC502552,CUST101739,Standard,15900,2025-10-05,Active,4718.32,0.2967,0,0
ACC503414,CUST102326,Platinum,9600,2025-06-05,Closed,2265.29,0.236,1,0
ACC501602,CUST101088,Standard,11700,2025-08-27,Active,3892.51,0.3327,1,0
ACC503541,CUST102410,standard,16900,2025-08-15,Active,3875.17,0.2293,1,0
ACC503259,CUST102227,Platinum,21800,2025-05-29,Active,14336.83,0.6577,1,0
ACC501824,CUST101247,Gold,11200,2022-04-14,Active,3864.33,0.345,2,1
ACC502166,CUST101484,Platinum,21400,2025-06-11,Active,4243.77,0.1983,0,0
ACC503359,CUST102294,Platinum,23600,2025-05-13,Active,9790.15,0.4148,3,0
ACC500120,CUST100083,Gold,17000,2023-08-28,Active,11339.1,0.667,2,0
ACC502085,CUST101432,standard,10300,2023-11-27,Active,1365.5,0.1326,0,0
ACC501952,CUST101335,Gold,24500,2025-07-22,Active,12857.42,0.5248,2,0
ACC501361,CUST100918,Standard,21100,2016-08-27,Active,12346.08,0.5851,0,0
ACC501676,CUST101144,Gold,21300,2024-01-06,Active,15002.6,0.7043,0,0
ACC501376,CUST100929,Gold,6300,2026-04-15,Active,5062.1,0.8035,0,0
ACC501330,CUST100897,standard,19600,2024-01-21,Active,759.32,0.0387,0,0
ACC500430,CUST100295,Standard,13000,2025-05-26,Active,3605.29,0.2773,1,0
ACC500547,CUST100371,Platinum,14800,2025-09-19,Closed,3600.76,0.2433,2,0
ACC502250,CUST101536,standard,13700,2021-02-18,Active,5169.48,0.3773,2,0
ACC502588,CUST101762,Gold,17200,2026-06-27,Active,12923.73,0.7514,0,0
ACC503052,CUST102079,gold,12100,2022-11-07,Active,4589.03,0.3793,0,0
ACC502111,CUST101450,standard,21500,2019-05-30,Active,0.0,0.0,1,0
ACC501731,CUST101184,Standard,9800,2024-11-12,Active,4501.52,0.4593,1,1
ACC503264,CUST102231,Gold,14600,2016-06-13,Active,7879.6,0.5397,1,0
ACC500243,CUST100167,Gold,17900,2024-03-24,Active,0.0,0.0,1,0
ACC501122,CUST100757,Gold,12100,2026-06-23,Active,5651.53,0.4671,0,0
ACC503321,CUST102268,Gold,13900,2022-11-12,Closed,3555.29,0.2558,0,0
ACC503191,CUST102179,Secured,17700,2017-04-22,Active,10107.33,0.571,0,0
ACC503125,CUST102130,standard,16400,2022-08-05,Active,4102.17,0.2501,0,0
ACC500642,CUST100430,Platinum,12000,2025-10-09,Active,9212.12,0.7677,2,0
ACC502914,CUST101985,Gold,13800,2024-07-09,Active,3919.41,0.284,1,0
ACC500398,CUST100273,Gold,20700,2023-09-01,Closed,4277.13,0.2066,0,0
ACC501072,CUST100728,Platinum,12500,2025-09-02,Active,4431.94,0.3546,2,0
ACC500249,CUST100172,Platinum,17500,2020-06-20,Active,2260.71,0.1292,0,0
ACC500955,CUST100646,Secured,15400,2026-02-28,Active,9928.11,0.6447,2,0
ACC501328,CUST100896,Gold,23100,2026-01-10,Active,6555.85,0.2838,1,0
ACC502622,CUST101787,Standard,22100,2023-06-30,Closed,10490.93,0.4747,1,0
ACC500664,CUST100443,Standard,12200,2019-11-14,Active,6878.06,0.5638,0,0
ACC500923,CUST100625,Secured,13900,2026-03-18,Closed,6986.49,0.5026,0,0
ACC502812,CUST101915,Standard,12500,2022-07-06,Active,7014.03,0.5611,0,1
ACC501621,CUST101102,Gold,14100,2019-06-13,Closed,2240.84,0.1589,0,1
ACC503203,CUST102186,Standard,21100,2022-05-14,Frozen,16085.87,0.7624,0,0
ACC501134,CUST100765,Gold,20500,2026-05-24,Active,0.0,0.0,0,0
ACC501155,CUST100778,Gold,12100,2021-11-28,Active,0.0,0.0,0,0
ACC501157,CUST100780,Platinum,11400,2024-07-15,Active,6791.27,0.5957,1,0
ACC503044,CUST102073,standard,12500,2017-10-18,Active,4217.89,0.3374,0,0
ACC501141,CUST100769,Platinum,9400,2025-09-05,,2766.31,0.2943,1,0
ACC500215,CUST100148,Standard,17500,2024-06-04,Active,6102.84,0.3487,0,0
ACC502501,CUST101703,Platinum,18700,2024-01-18,Active,0.0,0.0,0,0
ACC503556,CUST102421,Gold,12800,2021-01-29,Active,6275.3,0.4903,0,0
ACC501931,CUST101321,Standard,19500,2025-09-02,Closed,0.0,0.0,0,0
ACC500305,CUST100210,Gold,17300,2026-08-07,Active,0.0,0.0,0,0
ACC501332,CUST100898,Gold,17900,2018-08-06,Active,3712.31,0.2074,1,0
ACC500558,CUST100381,Standard,15700,2026-01-30,Active,4392.03,0.2797,1,0
ACC503532,CUST102405,Standard,7900,2023-02-10,Active,3211.92,0.4066,1,0
ACC501932,CUST101322,platinum,12800,2026-05-02,Active,7425.98,0.5802,0,0
ACC500797,CUST100538,Standard,18100,2020-09-22,Active,5052.94,0.2792,0,0
ACC502508,CUST101708,Standard,17000,2019-01-05,Active,8768.37,0.5158,0,1
ACC501919,CUST101311,Standard,14000,2026-01-04,Active,7779.92,0.5557,1,0
ACC502213,CUST101512,Gold,10400,2014-07-31,Closed,4022.26,0.3868,0,0
ACC500578,CUST100393,gold,23100,2021-01-30,Active,18255.5,0.7903,1,0
ACC501744,CUST101194,standard,12600,2013-07-23,Closed,4491.47,0.3565,1,0
ACC500873,CUST100591,Platinum,9200,2024-07-31,Active,5889.63,0.6402,4,0
ACC502025,CUST101388,Gold,16500,2021-09-21,Active,6630.9,0.4019,0,0
ACC503652,CUST102482,Gold,12000,2018-06-19,Active,1828.19,0.1523,0,0
ACC501743,CUST101193,Platinum,15900,2025-10-18,Active,7454.75,0.4689,0,0
ACC502254,CUST101537,Platinum,18600,2023-08-22,Active,9984.59,0.5368,1,0
ACC502974,CUST102024,Standard,27100,2024-10-08,Active,16317.96,0.6021,0,0
ACC500195,CUST100133,Standard,18900,2020-09-05,Closed,14065.67,0.7442,1,0
ACC502550,CUST101737,Standard,8500,2019-03-08,Active,0.0,0.0,0,0
ACC502577,CUST101756,Standard,14200,2017-03-17,Active,3869.97,0.2725,1,0
ACC501170,CUST100787,Standard,20500,2023-12-14,Active,2797.99,0.1365,0,0
ACC502509,CUST101709,Gold,22000,2024-06-11,Active,958.36,0.0436,0,0
ACC500510,CUST100349,Gold,16800,2017-06-29,Active,3801.56,0.2263,1,0
ACC502188,CUST101497,Standard,14500,2016-05-14,Closed,0.0,0.0,2,0
ACC500352,CUST100242,Platinum,12100,2018-10-30,Closed,6819.85,0.5636,1,0
ACC502125,CUST101459,Standard,24000,2022-06-10,Active,8649.12,0.3604,0,0
ACC501834,CUST101253,Platinum,13500,2022-02-16,Active,7899.13,0.5851,0,0
ACC500232,CUST100160,Gold,16900,2023-03-13,Active,4719.25,0.2792,2,0
ACC502290,CUST101562,Standard,22200,2025-05-21,Active,12025.34,0.5417,0,0
ACC501898,CUST101297,standard,12200,2021-08-19,Closed,7408.16,0.6072,0,0
ACC501633,CUST101111,Standard,10700,2015-10-11,Active,4310.38,0.4028,2,0
ACC500598,CUST100406,Gold,13300,2017-09-09,Active,4409.01,0.3315,0,0
ACC500722,CUST100484,Standard,11100,2016-06-30,Active,6744.29,0.6076,2,0
ACC502273,CUST101551,Gold,11400,2024-01-12,,4788.56,0.42,1,0
ACC501372,CUST100926,standard,22600,2026-07-30,Active,9343.19,0.4134,0,0
ACC800004,CUST999904,Standard,16700,2013-12-29,Active,9625.66,0.5764,0,0
ACC502447,CUST101668,Platinum,7500,2026-06-07,Active,3981.22,0.5308,2,0
ACC501321,CUST100890,Gold,18100,2016-08-24,Active,14613.56,0.8074,0,0
ACC502006,CUST101373,Platinum,11800,2026-07-28,Active,8739.68,0.7407,5,0
ACC503143,CUST102145,Gold,15300,2026-07-15,Active,3737.16,0.2443,1,0
ACC503118,CUST102124,Gold,10200,2019-06-30,Active,3470.84,0.3403,1,0
ACC502193,CUST101500,Gold,5500,2022-06-08,Active,939.75,0.1709,0,0
ACC502705,CUST101840,standard,9400,2021-06-12,Active,3732.04,0.397,1,0
ACC502491,CUST101696,Secured,9400,2014-06-23,Active,6486.29,0.69,0,0
ACC503283,CUST102243,Standard,23000,2024-06-30,Closed,9982.18,0.434,1,0
ACC503168,CUST102163,Gold,14100,2026-07-08,Active,2553.01,0.1811,2,0
ACC502778,CUST101890,Gold,15800,2018-05-03,Active,5808.42,0.3676,2,0
ACC503647,CUST102479,Secured,26000,2018-10-09,Active,6818.86,0.2623,1,0
ACC501498,CUST101015,Gold,4700,2026-08-03,Active,1812.01,0.3855,1,0
ACC502409,CUST101646,Platinum,6300,2023-10-30,Closed,4405.38,0.6993,1,0
ACC501292,CUST100871,Gold,21400,2026-02-23,Closed,15631.67,0.7305,1,0
ACC503616,CUST102459,Standard,14800,2024-02-02,Active,972.41,0.0657,0,0
ACC501875,CUST101279,Standard,13700,2025-12-21,Active,6323.72,0.4616,2,0
ACC500375,CUST100258,Platinum,14000,2018-12-09,Active,7569.85,0.5407,1,0
ACC500439,CUST100301,gold,16400,2019-10-05,Closed,665.15,0.0406,0,0
ACC500449,CUST100308,Gold,17500,2024-07-18,Active,13281.3,0.7589,2,0
ACC501021,CUST100692,Standard,15400,2020-09-11,Frozen,5575.1,0.362,1,0
ACC502371,CUST101619,Standard,9900,2025-06-29,Active,3093.97,0.3125,1,0
ACC500612,CUST100415,Standard,8200,2026-01-07,Active,3748.81,0.4572,3,1
ACC502641,CUST101798,Gold,15000,2024-11-26,Active,2431.05,0.1621,0,0
ACC500860,CUST100582,Gold,16400,2026-05-07,Closed,6159.78,0.3756,0,0
ACC500016,CUST100010,standard,13700,2024-11-18,Active,1583.42,0.1156,1,0
ACC501541,CUST101043,standard,17600,2023-07-15,Active,6756.32,0.3839,0,0
ACC500060,CUST100040,Standard,21900,2026-07-21,Active,0.0,0.0,0,0
ACC503020,CUST102056,Standard,19900,2014-08-09,Active,7977.38,0.4009,2,0
ACC503582,CUST102441,secured,13300,2015-04-23,Active,5212.71,0.3919,0,0
ACC500409,CUST100280,Gold,16200,2025-04-27,Active,1266.18,0.0782,0,0
ACC501026,CUST100695,Gold,18200,2025-04-04,Active,6500.11,0.3571,1,0
ACC501599,CUST101086,Secured,10100,2023-06-23,Active,2308.22,0.2285,0,0
ACC503550,CUST102418,Gold,19500,2023-05-19,,2100.07,0.1077,1,0
ACC500282,CUST100194,Standard,10300,2023-06-30,Active,6376.04,0.619,0,0
ACC501086,CUST100733,Gold,15400,2023-03-19,Active,0.0,0.0,0,0
ACC501626,CUST101105,Gold,21500,2019-10-22,Active,7305.11,0.3398,1,0
ACC501924,CUST101315,Standard,12300,2026-03-11,Active,8385.38,0.6817,0,0
ACC503271,CUST102235,Standard,25300,2026-07-25,Active,0.0,0.0,1,0
ACC501721,CUST101176,Secured,17500,2025-01-07,Active,6804.8,0.3888,1,0
ACC503244,CUST102215,Standard,18400,2024-05-31,Active,9508.11,0.5167,1,0
ACC501960,CUST101340,Standard,19700,2023-05-30,Closed,4835.55,0.2455,0,0
ACC502312,CUST101579,Standard,14100,2023-07-09,Active,4814.78,0.3415,1,0
ACC503133,CUST102136,Secured,11000,2025-10-12,Active,3159.13,0.2872,0,0
ACC502934,CUST101999,standard,15700,2024-01-18,Active,5268.04,0.3355,2,0
ACC500429,CUST100294,Standard,15500,2023-11-14,Active,9456.04,0.6101,0,0
ACC500248,CUST100171,Standard,17200,2023-06-26,Active,7178.29,0.4173,1,0
ACC500035,CUST100024,Gold,21000,2018-10-02,Active,4404.54,0.2097,0,0
ACC502176,CUST101489,Standard,8200,2018-01-22,Active,3452.88,0.4211,1,0
ACC501147,CUST100772,Platinum,6000,2026-02-20,Active,3213.38,0.5356,0,0
ACC503086,CUST102101,Gold,12800,2025-10-20,Active,4605.61,0.3598,0,0
ACC501852,CUST101266,Standard,6600,2023-12-13,Active,207.63,0.0315,1,0
ACC502208,CUST101509,platinum,20800,2025-12-12,Active,6926.34,0.333,0,0
ACC502814,CUST101917,Gold,17400,2025-11-17,Active,6320.05,0.3632,0,0
ACC500911,CUST100615,Standard,16000,2023-05-22,Active,10279.73,0.6425,0,0
ACC502153,CUST101476,Standard,19500,2025-05-19,Active,6573.12,0.3371,1,0
ACC503596,CUST102448,Gold,12800,2021-11-07,Active,535.82,0.0419,0,0
ACC502640,CUST101798,Standard,18600,2026-06-21,Active,1169.63,0.0629,0,0
ACC500757,CUST100507,Gold,19000,2023-05-08,Active,7047.54,0.3709,0,0
ACC500041,CUST100027,Standard,16100,2016-04-20,Active,2408.59,0.1496,2,0
ACC501930,CUST101320,Secured,17700,2026-07-24,Active,8928.4,0.5044,0,0
ACC502923,CUST101992,Standard,17100,2021-05-26,Active,10081.83,0.5896,0,1
ACC502154,CUST101476,Gold,15400,2026-01-02,Active,4035.35,0.262,0,0
ACC500687,CUST100459,Standard,12600,2020-11-11,Active,3701.23,0.2937,2,0
ACC503641,CUST102475,Gold,9200,2024-11-28,Active,3736.04,0.4061,1,1
ACC501016,CUST100689,Standard,19800,2024-10-17,Active,0.0,0.0,2,0
ACC501639,CUST101116,Platinum,13200,2018-11-05,Active,8736.06,0.6618,0,0
ACC501982,CUST101354,Platinum,19900,2026-04-27,Active,4327.43,0.2175,0,0
ACC502770,CUST101885,Standard,6900,2024-07-01,Closed,6600.49,0.9566,1,1
ACC502609,CUST101778,platinum,18100,2017-01-16,Frozen,8800.12,0.4862,1,0
ACC503438,CUST102342,standard,15900,2026-06-30,Active,4654.18,0.2927,0,0
ACC500858,CUST100581,Gold,9200,2024-03-23,Active,3393.92,0.3689,1,0
ACC501868,CUST101276,Standard,18700,2024-06-23,Active,13320.87,0.7123,1,0
ACC502315,CUST101581,Gold,18000,2025-04-07,Closed,0.0,0.0,0,0
ACC501267,CUST100851,Gold,17100,2023-08-23,Active,4309.84,0.252,0,0
ACC502061,CUST101415,Gold,13800,2019-10-14,Active,7782.12,0.5639,0,0
ACC502008,CUST101374,Gold,21200,2025-10-17,Active,1603.73,0.0756,1,0
ACC500411,CUST100281,Standard,15200,2017-12-11,Active,10378.92,0.6828,2,0
ACC501604,CUST101088,Gold,11000,2018-06-27,Active,1157.28,0.1052,1,0
ACC501041,CUST100705,Secured,14400,2017-02-19,Active,3281.9,0.2279,0,0
ACC503110,CUST102116,Standard,14600,2024-08-07,Active,3225.51,0.2209,2,0
ACC501432,CUST100969,Platinum,31200,2026-05-22,Active,8941.83,0.2866,0,0
ACC502247,CUST101534,Standard,17100,2026-04-20,Active,7659.73,0.4479,2,0
ACC501250,CUST100843,Gold,13400,2023-07-14,Active,10939.9,0.8164,0,0
ACC500556,CUST100380,Standard,6900,2022-05-29,Closed,4806.92,0.6967,3,1
ACC502610,CUST101779,Standard,12300,2021-10-25,Active,54.37,0.0044,2,0
ACC502317,CUST101582,Gold,6700,2026-06-06,,733.92,0.1095,1,0
ACC502991,CUST102036,Standard,12400,2017-06-11,Active,7238.26,0.5837,2,0
ACC501566,CUST101060,gold,16700,2014-02-28,,6957.9,0.4166,3,0
ACC501762,CUST101206,Standard,17400,2023-12-05,Active,0.0,0.0,1,0
ACC501806,CUST101233,gold,17000,2023-08-28,Active,10901.31,0.6413,2,0
ACC503121,CUST102126,Platinum,20900,2025-11-17,Active,4871.35,0.2331,0,0
ACC501284,CUST100864,Gold,7500,2025-02-18,Active,2907.69,0.3877,0,0
ACC500963,CUST100651,Gold,21200,2025-03-17,Active,13112.9,0.6185,2,0
ACC500221,CUST100153,Secured,12800,2026-06-10,Active,3379.9,0.2641,1,0
ACC501401,CUST100949,Standard,14800,2026-06-26,Frozen,5853.16,0.3955,1,0
ACC500646,CUST100432,Standard,19100,2022-01-26,Active,7084.87,0.3709,0,0
ACC501859,CUST101270,Platinum,9900,2025-03-05,Active,3884.13,0.3923,1,0
ACC503626,CUST102464,Gold,11700,2026-08-15,Active,7111.41,0.6078,0,0
ACC500302,CUST100208,Standard,12400,2021-07-31,Active,4798.58,0.387,0,0
ACC502443,CUST101665,Standard,26300,2020-02-28,Active,2505.93,0.0953,0,0
ACC500414,CUST100283,standard,18000,2024-07-16,Active,9358.94,0.5199,1,0
ACC501368,CUST100924,Standard,17700,2022-07-20,Active,7542.12,0.4261,2,0
ACC503111,CUST102117,gold,16200,2021-12-01,Active,7637.27,0.4714,1,0
ACC501060,CUST100720,Gold,20600,2023-08-22,Active,3913.12,0.19,0,0
ACC500811,CUST100550,Standard,17700,2023-05-21,Active,369.68,0.0209,0,0
ACC502481,CUST101690,Platinum,14100,2021-05-24,Active,7871.42,0.5583,3,1
ACC500569,CUST100388,Standard,24100,2018-10-09,Active,9209.98,0.3822,0,0
ACC500380,CUST100260,Standard,5900,2023-12-04,Active,2799.89,0.4746,5,1
ACC503306,CUST102259,Gold,15300,2023-06-05,Active,10370.28,0.6778,2,0
ACC501351,CUST100912,Gold,17300,2019-09-17,Active,11355.43,0.6564,0,1
ACC502572,CUST101751,Gold,7100,2025-08-09,Active,5579.09,0.7858,1,0
ACC500854,CUST100578,standard,17100,2025-04-04,Active,5898.9,0.345,1,0
ACC502119,CUST101454,Gold,21500,2018-10-27,Active,18233.0,0.848,2,0
ACC502281,CUST101557,Gold,12500,2019-08-17,Active,3928.14,0.3143,0,0
ACC502018,CUST101383,Standard,12200,2026-06-19,Active,5650.01,0.4631,2,0
ACC502406,CUST101644,Gold,12200,2024-05-16,Active,5299.93,0.4344,2,0
ACC502763,CUST101879,Platinum,11400,2026-09-02,Active,0.0,0.0,1,0
ACC502373,CUST101621,Standard,14200,2019-11-25,Active,5363.46,0.3777,0,0
ACC502285,CUST101559,Standard,17000,2023-10-30,Active,6850.34,0.403,1,0
ACC501832,CUST101252,Gold,9900,2024-11-10,Active,8542.42,0.8629,1,0
ACC500168,CUST100113,Gold,14300,2023-10-13,Active,5868.27,0.4104,1,0
ACC502931,CUST101998,Platinum,14100,2013-11-09,Active,845.84,0.06,1,0
ACC502904,CUST101977,Platinum,20200,2021-11-14,Active,0.0,0.0,0,0
ACC500046,CUST100030,Secured,22800,2013-12-07,Active,5470.1,0.2399,1,0
ACC503642,CUST102475,Standard,10000,2024-05-14,Frozen,4850.66,0.4851,0,0
ACC501390,CUST100938,Standard,9300,2025-12-20,Active,7964.42,0.8564,2,0
ACC502381,CUST101626,Secured,14800,2025-03-18,Active,2038.93,0.1378,1,0
ACC503457,CUST102357,Standard,16300,2026-01-16,Active,1714.31,0.1052,1,0
ACC502514,CUST101712,Standard,8000,2026-08-21,Closed,0.0,0.0,0,0
ACC502749,CUST101869,Standard,18700,2018-02-10,Active,10336.02,0.5527,1,0
ACC502377,CUST101623,standard,21200,2020-11-25,Active,6645.74,0.3135,0,0
ACC501040,CUST100705,Secured,8400,2017-03-11,Active,4127.57,0.4914,2,0
ACC502919,CUST101988,Standard,15100,2025-08-30,Active,4602.81,0.3048,1,0
ACC503105,CUST102113,Secured,7300,2022-08-26,Active,3485.88,0.4775,2,0
ACC503521,CUST102399,Standard,20300,2024-03-15,Active,13097.65,0.6452,2,0
ACC503002,CUST102044,Standard,11800,2025-10-24,Frozen,3475.41,0.2945,0,0
ACC503392,CUST102313,Platinum,8500,2017-11-09,Active,4176.23,0.4913,2,0
ACC501713,CUST101170,Platinum,18800,2025-01-17,Active,8727.22,0.4642,3,0
ACC502155,CUST101477,standard,28400,2026-03-01,Active,0.0,0.0,1,0
ACC500163,CUST100110,Standard,11600,2024-07-08,Frozen,1213.54,0.1046,1,0
ACC502945,CUST102006,Gold,21000,2023-06-11,Closed,5971.89,0.2844,0,0
ACC502097,CUST101440,Standard,16000,2024-11-29,Active,3938.06,0.2461,0,0
ACC503476,CUST102370,Gold,22800,2023-10-06,Active,8237.8,0.3613,3,0
ACC500311,CUST100215,Gold,21500,2021-02-16,Active,12824.07,0.5965,1,0
ACC500471,CUST100324,Standard,4600,2023-03-13,Active,2595.02,0.5641,3,0
ACC503650,CUST102481,Standard,13200,2022-09-23,Active,4059.56,0.3075,0,0
ACC501370,CUST100925,Standard,13500,2024-10-14,Active,4050.05,0.3,0,0
ACC501008,CUST100682,Standard,13200,2023-11-14,Active,1884.18,0.1427,0,0
ACC500498,CUST100341,Gold,14700,2022-03-31,Active,3714.74,0.2527,2,0
ACC501013,CUST100686,Platinum,15400,2023-01-18,Active,3227.33,0.2096,1,0
ACC501291,CUST100870,Gold,16000,2024-12-19,Active,3903.5,0.244,1,0
ACC501494,CUST101012,Standard,15800,2024-06-20,Active,6737.27,0.4264,0,0
ACC503456,CUST102356,Secured,12400,2022-02-20,Active,7105.26,0.573,1,0
ACC503202,CUST102185,Platinum,19200,2020-11-14,Active,14276.07,0.7435,1,0
ACC502278,CUST101555,Secured,15700,2017-10-01,Active,3133.36,0.1996,1,0
ACC501746,CUST101196,Secured,12300,2021-10-26,Active,6948.31,0.5649,1,0
ACC502444,CUST101666,Platinum,15600,2024-03-05,Active,3497.81,0.2242,0,0
ACC500122,CUST100084,Gold,16200,2026-08-19,Active,9281.28,0.5729,0,0
ACC500576,CUST100392,Standard,27200,2024-05-25,Active,10612.63,0.3902,1,0
ACC503096,CUST102108,Standard,13000,2019-01-20,Active,0.0,0.0,0,0
ACC503079,CUST102097,Standard,10000,2023-10-18,Active,2867.85,0.2868,0,0
ACC500027,CUST100018,Standard,18000,2023-01-14,Active,12369.06,0.6872,0,0
ACC500929,CUST100627,Gold,16900,2024-10-07,Active,4172.55,0.2469,1,0
ACC503602,CUST102452,secured,8700,2021-10-19,Active,3136.04,0.3605,0,0
ACC503147,CUST102149,Secured,18900,2016-09-14,Active,2604.64,0.1378,2,0
ACC500118,CUST100081,Standard,19800,2018-01-25,Active,4408.44,0.2226,0,0
ACC500912,CUST100615,Secured,11800,2023-10-03,Active,8241.09,0.6984,2,0
ACC500166,CUST100112,Standard,12400,2026-01-14,Active,8106.47,0.6537,0,0
ACC501407,CUST100952,Platinum,16000,2023-09-03,Active,3292.37,0.2058,0,0
ACC501345,CUST100907,Platinum,13800,2014-09-11,Active,9390.44,0.6805,2,0
ACC500141,CUST100096,Standard,17300,2016-05-20,Active,13102.46,0.7574,1,0
ACC503570,CUST102432,Gold,9300,2023-07-05,Active,623.75,0.0671,0,0
ACC500479,CUST100329,Standard,7300,2024-05-11,Active,4885.01,0.6692,2,1
ACC503238,CUST102211,Secured,8500,2015-11-12,Active,0.0,0.0,1,0
ACC500561,CUST100383,Standard,18300,2025-08-04,Active,0.0,0.0,0,0
ACC501450,CUST100981,Platinum,12000,2015-01-18,Active,2827.09,0.2356,2,0
ACC500155,CUST100105,Standard,14900,2022-11-26,Active,6358.38,0.4267,2,0
ACC501039,CUST100704,Standard,20800,2019-11-16,Active,4220.67,0.2029,1,0
ACC501435,CUST100971,Standard,11200,2021-10-27,Active,6423.7,0.5735,2,0
ACC503442,CUST102344,Gold,29500,2025-04-17,Active,12023.01,0.4076,0,1
ACC502012,CUST101377,Gold,15100,2026-06-13,Frozen,13268.53,0.8787,0,0
ACC502651,CUST101804,Platinum,9800,2017-08-04,Active,5447.49,0.5559,3,1
ACC500105,CUST100074,Platinum,12400,2014-11-15,Active,1879.12,0.1515,1,0
ACC502527,CUST101721,Platinum,19000,2026-08-02,Active,8163.74,0.4297,3,0
ACC502833,CUST101930,Standard,11900,2025-07-06,Active,0.0,0.0,0,0
ACC500209,CUST100145,standard,7400,2021-02-26,Closed,4727.04,0.6388,1,0
ACC500735,CUST100494,Platinum,16000,2024-03-07,Active,3910.85,0.2444,2,0
ACC500685,CUST100457,standard,11000,2024-03-04,Active,8671.24,0.7883,3,0
ACC501556,CUST101053,Platinum,20300,2026-04-08,Active,5032.47,0.2479,2,0
ACC501562,CUST101057,Gold,16600,2022-10-08,Active,0.0,0.0,1,0
ACC502237,CUST101528,Gold,12800,2025-09-19,,0.0,0.0,0,0
ACC503225,CUST102201,Standard,7300,2024-07-20,Active,1482.44,0.2031,1,0
ACC503661,CUST102489,Standard,25000,2020-04-23,,8813.8,0.3526,1,0
ACC501056,CUST100716,Gold,11400,2019-02-11,Active,6345.92,0.5567,0,0
ACC501882,CUST101285,Standard,14800,2019-08-04,Active,6685.96,0.4518,2,0
ACC500053,CUST100034,Standard,12800,2026-04-23,Active,2029.59,0.1586,1,0
ACC500487,CUST100334,Standard,14800,2016-03-19,Active,7432.35,0.5022,0,0
ACC502382,CUST101626,standard,10200,2026-01-18,Active,3039.82,0.298,1,0
ACC503389,CUST102311,Standard,13500,2023-02-23,Active,1601.78,0.1187,0,0
ACC500284,CUST100195,Secured,9200,2024-09-24,Closed,5085.87,0.5528,1,1
ACC501352,CUST100913,Standard,13700,2025-01-30,Active,0.0,0.0,1,0
ACC500522,CUST100357,Standard,13600,2023-01-09,Active,992.55,0.073,0,0
ACC503615,CUST102459,Standard,8800,2025-02-10,Closed,2299.99,0.2614,2,0
ACC503612,CUST102457,Gold,19300,2025-12-13,Active,6715.53,0.348,0,0
ACC500780,CUST100525,Standard,12800,2023-10-19,Active,1156.4,0.0903,2,0
ACC502875,CUST101955,Standard,8100,2025-02-05,Active,4490.99,0.5544,1,0
ACC500967,CUST100654,Gold,7900,2026-01-24,Active,5070.89,0.6419,1,1
ACC503233,CUST102207,Standard,15400,2024-10-07,Active,4373.59,0.284,1,0
ACC500153,CUST100103,Platinum,9600,2026-01-02,Frozen,4062.4,0.4232,3,0
ACC503288,CUST102246,Platinum,20900,2022-05-06,Active,6397.35,0.3061,1,0
ACC501581,CUST101072,Standard,18600,2019-04-01,Active,8475.61,0.4557,1,0
ACC502469,CUST101682,Platinum,17400,2020-11-21,Active,466.35,0.0268,1,0
ACC501864,CUST101272,Standard,20000,2014-10-14,Closed,11974.03,0.5987,2,0
ACC501049,CUST100711,Gold,15700,2022-03-28,Active,3948.08,0.2515,0,0
ACC503492,CUST102382,Standard,21700,2021-07-23,Active,4070.49,0.1876,1,0
ACC500496,CUST100339,Standard,24200,2026-08-13,Active,9798.79,0.4049,0,0
ACC501394,CUST100942,Secured,17500,2021-02-25,Active,9793.22,0.5596,0,0
ACC500079,CUST100053,Platinum,12000,2026-08-14,Closed,2494.75,0.2079,1,0
ACC502235,CUST101527,Standard,14600,2023-11-18,Active,8345.27,0.5716,0,0
ACC500745,CUST100500,Standard,19100,2024-12-24,,4871.51,0.2551,0,0
ACC502952,CUST102010,Standard,12600,2025-12-17,Active,11127.28,0.8831,3,1
ACC501136,CUST100766,Gold,11700,2026-06-12,Active,8062.71,0.6891,2,0
ACC502594,CUST101766,Platinum,19300,2026-05-31,Active,1183.85,0.0613,0,0
ACC501526,CUST101030,Standard,14100,2023-08-07,Active,11942.17,0.847,0,0
ACC500131,CUST100090,Gold,13000,2021-10-12,Active,4472.27,0.344,1,0
ACC500707,CUST100473,Standard,16000,2017-08-30,Active,8309.85,0.5194,1,0
ACC502321,CUST101585,Standard,7200,2024-09-12,Active,475.55,0.066,1,0
ACC502827,CUST101926,gold,15000,2025-06-08,Active,12505.06,0.8337,1,0
ACC500979,CUST100661,Platinum,14400,2024-06-20,Closed,7713.96,0.5357,3,0
ACC501160,CUST100782,Secured,16900,2025-09-14,Active,3001.7,0.1776,1,0
ACC500372,CUST100256,Standard,14900,2025-12-15,Active,8932.61,0.5995,0,0
ACC500737,CUST100495,Gold,17900,2026-01-28,Active,8384.66,0.4684,1,0
ACC501230,CUST100827,Gold,10400,2021-03-13,Active,5845.28,0.562,2,0
ACC503082,CUST102098,Standard,18600,2026-01-07,Active,9172.79,0.4932,2,0
ACC503217,CUST102196,Gold,19600,2012-12-25,Active,7046.06,0.3595,2,0
ACC503398,CUST102316,Platinum,10800,2026-08-17,Active,404.01,0.0374,5,0
ACC502209,CUST101509,Gold,20700,2021-04-04,Active,7095.47,0.3428,0,0
ACC501090,CUST100736,Secured,17900,2020-01-23,Active,8412.61,0.47,1,0
ACC501307,CUST100882,Platinum,18200,2026-05-22,,8954.07,0.492,0,0
ACC501984,CUST101355,Standard,14900,2024-11-30,Active,8084.95,0.5426,2,0
ACC502311,CUST101578,Standard,14400,2019-08-27,Active,5160.75,0.3584,0,1
ACC500656,CUST100438,Gold,22700,2025-12-01,Active,7785.56,0.343,2,0
ACC500648,CUST100432,Gold,15900,2025-04-01,Active,0.0,0.0,0,0
ACC502916,CUST101986,Platinum,9300,2026-06-14,Active,7873.1,0.8466,2,0
ACC501216,CUST100817,Secured,12000,2024-03-06,Active,1476.75,0.1231,0,1
ACC502601,CUST101772,Standard,15500,2025-10-23,Active,507.31,0.0327,3,0
ACC503657,CUST102486,Secured,15300,2021-09-14,Active,10736.28,0.7017,1,0
ACC502291,CUST101563,standard,10500,2026-08-20,Active,6435.18,0.6129,3,0
ACC501238,CUST100834,Secured,20700,2023-01-20,Active,11853.02,0.5726,0,0
ACC501949,CUST101333,standard,15100,2025-01-31,Active,6534.38,0.4327,0,0
ACC500981,CUST100662,Gold,14800,2021-02-09,Active,6090.65,0.4115,0,0
ACC501999,CUST101368,Platinum,16700,2026-01-19,Active,9899.64,0.5928,2,0
ACC502004,CUST101371,Standard,12600,2020-11-24,Active,1072.94,0.0852,2,0
ACC502107,CUST101446,Standard,6900,2021-01-29,Active,4768.96,0.6912,2,0
ACC500281,CUST100194,Secured,9000,2018-07-04,Active,3613.33,0.4015,2,0
ACC503525,CUST102402,Gold,24600,2025-01-29,Active,7514.18,0.3055,2,0
ACC500986,CUST100666,Standard,13800,2026-03-16,Active,4357.92,0.3158,0,1
ACC503065,CUST102089,Standard,20700,2020-12-04,Active,7494.26,0.362,2,0
ACC501254,CUST100846,Standard,9200,2025-03-13,Active,2125.11,0.231,1,0
ACC502881,CUST101961,Gold,12500,2017-04-13,Active,8768.69,0.7015,0,0
ACC502280,CUST101556,Gold,20900,2024-11-23,Active,9760.59,0.467,1,0
ACC500008,CUST100004,Standard,18900,2026-09-04,Active,10370.61,0.5487,0,0
ACC501718,CUST101173,Standard,17800,2024-02-21,Active,8345.07,0.4688,0,0
ACC502673,CUST101817,Gold,19700,2026-02-08,Active,2632.7,0.1336,0,0
ACC500987,CUST100667,Gold,16000,2026-05-30,Active,9112.0,0.5695,0,0
ACC503326,CUST102271,Standard,15500,2025-01-12,Active,0.0,0.0,0,0
ACC501583,CUST101074,Standard,18200,2023-03-02,,4525.2,0.2486,0,0
ACC501159,CUST100781,Platinum,10200,2025-04-15,Active,2945.33,0.2888,1,0
ACC503631,CUST102468,Platinum,10400,2025-03-02,Active,5027.31,0.4834,1,0
ACC501067,CUST100725,Standard,11800,2018-07-15,Active,1329.46,0.1127,1,0
ACC500521,CUST100356,Gold,12800,2023-11-23,Active,7091.26,0.554,1,0
ACC501886,CUST101287,Secured,17600,2022-08-03,Active,7857.9,0.4465,1,0
ACC500596,CUST100405,Gold,21500,2019-06-21,Closed,6434.21,0.2993,0,0
ACC503568,CUST102430,Standard,13200,2022-03-06,Active,10961.06,0.8304,0,0
ACC500261,CUST100179,Gold,14600,2026-02-13,Closed,6583.02,0.4509,1,0
ACC500595,CUST100404,platinum,12800,2026-06-08,Closed,6185.25,0.4832,1,0
ACC500994,CUST100673,standard,14400,2021-04-25,Active,7285.41,0.5059,0,0
ACC500702,CUST100470,Standard,13600,2023-06-27,Active,8699.71,0.6397,0,1
ACC502853,CUST101942,Gold,8900,2023-08-14,Active,4266.32,0.4794,4,0
ACC501542,CUST101043,Standard,10400,2025-05-04,,5799.96,0.5577,0,0
ACC501366,CUST100922,Standard,15500,2016-09-14,Active,5353.34,0.3454,2,0
ACC500456,CUST100315,Platinum,8900,2025-04-07,Active,2836.09,0.3187,3,0
ACC500908,CUST100613,Standard,27600,2025-04-17,Closed,4987.34,0.1807,2,0
ACC503656,CUST102485,Gold,24500,2021-04-04,Active,11437.41,0.4668,1,0
ACC500518,CUST100354,Standard,22600,2022-12-28,Active,4070.57,0.1801,0,0
ACC503205,CUST102187,Gold,8700,2023-07-06,,6125.6,0.7041,2,0
ACC500973,CUST100657,gold,12700,2026-02-06,Active,8383.62,0.6601,1,0
ACC503099,CUST102110,Gold,15800,2017-10-26,Active,8916.1,0.5643,1,0
ACC500276,CUST100190,Platinum,11500,2024-08-27,Active,6263.71,0.5447,0,0
ACC502429,CUST101658,Gold,12700,2022-07-31,Active,6519.69,0.5134,1,0
ACC502466,CUST101680,Gold,17900,2017-10-14,Active,6939.61,0.3877,1,0
ACC501271,CUST100855,Standard,11500,2016-02-04,Active,6259.55,0.5443,2,1
ACC503658,CUST102487,Standard,12000,2022-09-11,Active,3859.65,0.3216,2,0
ACC503663,CUST102490,Gold,21400,2019-03-21,Active,6669.32,0.3117,0,0
ACC501748,CUST101198,standard,21800,2018-04-07,Active,4359.67,0.2,4,0
ACC500954,CUST100645,Gold,19200,2013-06-06,Active,3845.41,0.2003,0,0
ACC501068,CUST100725,Gold,6100,2024-03-09,Active,3437.62,0.5635,1,0
ACC501398,CUST100946,Standard,4300,2022-08-08,Active,3409.97,0.793,2,1
ACC502124,CUST101459,Standard,13000,2024-06-27,Active,5353.64,0.4118,1,0
ACC501391,CUST100939,Secured,15200,2021-06-20,Active,8077.64,0.5314,0,0
ACC502865,CUST101949,Gold,22200,2025-02-04,Active,9442.19,0.4253,1,0
ACC502813,CUST101916,Standard,14300,2025-06-17,Active,3341.0,0.2336,0,0
ACC501262,CUST100849,Secured,17100,2025-08-16,Active,11191.7,0.6545,0,0
ACC502885,CUST101965,Standard,19500,2018-12-27,Active,2702.07,0.1386,1,0
ACC500825,CUST100559,Gold,20000,2026-06-09,Active,8629.81,0.4315,0,0
ACC501030,CUST100697,Platinum,18100,2025-03-06,Active,4323.0,0.2388,0,0
ACC500715,CUST100479,Standard,12600,2018-11-14,Frozen,5617.73,0.4459,1,0
ACC502859,CUST101945,Platinum,24000,2022-09-26,Closed,0.0,0.0,0,0
ACC503395,CUST102314,Gold,17200,2023-12-13,Active,8392.36,0.4879,0,0
ACC501764,CUST101208,Gold,9300,2024-07-27,Active,4627.05,0.4975,4,1
ACC501986,CUST101356,Gold,17600,2018-06-30,Active,5604.59,0.3184,0,0
ACC501950,CUST101334,Standard,12600,2026-07-16,Active,2326.18,0.1846,0,0
ACC500397,CUST100272,gold,16100,2019-04-18,Frozen,13539.91,0.841,0,0
ACC502251,CUST101536,Secured,11200,2018-10-28,Active,9628.86,0.8597,1,0
ACC500308,CUST100212,Secured,13000,2014-08-14,Active,5231.98,0.4025,0,0
ACC500103,CUST100073,Standard,13600,2020-10-24,Active,7719.24,0.5676,2,0
ACC501479,CUST101003,Standard,33900,2023-12-25,Active,18259.28,0.5386,2,0
ACC501085,CUST100733,Platinum,16300,2022-12-22,Active,0.0,0.0,1,0
ACC500622,CUST100420,Standard,6200,2022-06-15,Active,2535.03,0.4089,0,0
ACC500976,CUST100658,Platinum,14500,2013-03-01,Active,8752.98,0.6037,0,0
ACC500637,CUST100428,Gold,13300,2025-10-10,Active,5014.61,0.377,3,0
ACC500710,CUST100475,Platinum,21300,2026-03-20,Active,3665.63,0.1721,1,0
ACC501622,CUST101103,Platinum,20500,2012-12-01,Closed,9234.65,0.4505,0,0
ACC501185,CUST100796,Standard,13300,2025-06-02,Active,5659.36,0.4255,1,0
ACC501644,CUST101119,Standard,7600,2026-07-12,Active,5267.62,0.6931,0,0
ACC501783,CUST101219,Standard,15800,2020-06-12,Active,4282.58,0.271,1,0
ACC500567,CUST100386,Gold,25300,2017-12-10,Active,7139.11,0.2822,0,0
ACC503486,CUST102377,Standard,14200,2023-05-17,Active,6003.09,0.4228,3,0
ACC501990,CUST101359,Gold,30000,2025-03-06,Active,17444.75,0.5815,1,0
ACC503670,CUST102493,Standard,24600,2026-05-19,Closed,8066.86,0.3279,1,0
ACC502132,CUST101464,Standard,14400,2025-11-07,Active,2378.07,0.1651,2,0
ACC500489,CUST100334,Secured,7400,2019-11-21,Active,4595.65,0.621,2,0
ACC503674,CUST102496,Standard,15400,2024-01-12,Closed,6561.75,0.4261,2,0
ACC503372,CUST102302,Standard,12400,2025-11-29,Active,4183.38,0.3374,0,0
ACC501545,CUST101046,Standard,14000,2013-03-15,Active,3875.74,0.2768,0,0
ACC502433,CUST101660,Standard,12600,2023-03-09,Active,5285.13,0.4195,1,0
ACC503295,CUST102251,Standard,18400,2023-05-28,Active,530.19,0.0288,1,0
ACC503171,CUST102166,Secured,6600,2023-02-07,Closed,2620.06,0.397,1,0
ACC503126,CUST102130,Standard,18000,2022-11-19,Closed,8206.03,0.4559,2,1
ACC501111,CUST100750,Platinum,10200,2022-12-28,Active,4031.95,0.3953,1,0
ACC500670,CUST100447,Standard,8400,2026-07-13,Active,2623.51,0.3123,1,0
ACC503015,CUST102053,Secured,22800,2020-01-26,Closed,12759.29,0.5596,1,0
ACC502032,CUST101392,Gold,17800,2025-06-10,Active,10139.51,0.5696,2,0
ACC500383,CUST100262,platinum,13100,2020-06-14,Active,2746.82,0.2097,1,0
ACC500251,CUST100173,Secured,20900,2016-10-16,Active,4339.63,0.2076,0,0
ACC500286,CUST100196,Standard,13600,2023-12-11,,8133.54,0.5981,2,0
ACC500365,CUST100251,Gold,8100,2014-08-09,Active,6232.52,0.7694,0,0
ACC501574,CUST101067,Secured,23000,2025-09-21,Active,1083.99,0.0471,2,0
ACC500009,CUST100005,Standard,12400,2025-05-28,Active,4958.97,0.3999,2,0
ACC500277,CUST100191,Standard,19200,2018-01-05,Active,11660.02,0.6073,2,0
ACC502053,CUST101409,Platinum,15500,2026-06-11,Active,5480.4,0.3536,0,0
ACC503448,CUST102349,Standard,10800,2024-10-18,Active,1051.09,0.0973,1,0
ACC502698,CUST101836,Standard,21200,2014-07-11,Active,2366.1,0.1116,1,0
ACC501168,CUST100785,Gold,13700,2023-12-08,Active,4050.07,0.2956,0,0
ACC502672,CUST101817,Platinum,19100,2026-06-06,,3854.41,0.2018,1,0
ACC500616,CUST100417,Gold,12400,2019-06-07,Active,6576.67,0.5304,1,0
ACC500836,CUST100567,Gold,13500,2024-07-12,Active,9571.72,0.709,1,0
ACC501198,CUST100805,Gold,21400,2026-08-28,Active,5146.97,0.2405,1,0
ACC500532,CUST100361,Platinum,8700,2020-07-24,Active,2787.97,0.3205,0,0
ACC503497,CUST102385,Secured,8900,2023-03-08,Active,5886.05,0.6614,2,0
ACC500316,CUST100218,Platinum,21400,2020-11-04,Active,2263.28,0.1058,0,0
ACC501383,CUST100933,Standard,13200,2023-06-02,Active,4412.73,0.3343,0,0
ACC503324,CUST102270,Gold,17900,2026-01-02,Closed,9519.13,0.5318,1,1
ACC502230,CUST101524,Standard,12900,2023-04-30,Active,1954.13,0.1515,1,0
ACC502847,CUST101938,Secured,13300,2025-03-03,Active,9294.68,0.6988,0,0
ACC501664,CUST101135,Standard,16100,2025-01-26,Active,6760.65,0.4199,0,0
ACC500133,CUST100091,Gold,12000,2024-10-08,Active,4355.11,0.3629,1,0
ACC500878,CUST100594,Standard,12400,2021-09-01,Active,707.56,0.0571,1,0
ACC502044,CUST101401,gold,15600,2025-06-11,Active,4653.25,0.2983,1,0
ACC502851,CUST101941,standard,18400,2020-05-14,Active,9280.27,0.5044,1,0
ACC503278,CUST102240,Gold,14500,2023-06-24,Active,421.32,0.0291,0,0
ACC500367,CUST100253,Gold,23800,2022-04-19,Active,6857.3,0.2881,0,0
ACC502084,CUST101431,Standard,15400,2020-05-02,Closed,9602.04,0.6235,2,0
ACC500750,CUST100502,Standard,16300,2016-05-21,Active,232.92,0.0143,0,0
ACC501821,CUST101245,gold,18300,2023-05-06,Active,3573.81,0.1953,0,0
ACC503074,CUST102094,standard,12400,2018-06-01,Active,8524.51,0.6875,2,0
ACC501653,CUST101127,Platinum,7500,2018-10-08,Active,4246.62,0.5662,2,0
ACC500621,CUST100419,Platinum,15600,2018-12-10,Active,5854.25,0.3753,1,0
ACC501132,CUST100763,Platinum,9200,2025-06-30,Active,10247.66,1.1139,2,1
ACC500875,CUST100592,Platinum,12200,2021-07-24,Active,4706.64,0.3858,1,0
ACC502390,CUST101632,Gold,6700,2016-07-22,Active,3540.56,0.5284,1,0
ACC502327,CUST101589,Platinum,12500,2024-04-25,Active,7342.79,0.5874,2,0
ACC500537,CUST100365,standard,8100,2022-11-26,Closed,6495.92,0.802,1,0
ACC501587,CUST101077,Gold,14800,2022-07-10,Active,3313.65,0.2239,0,0
ACC500483,CUST100331,Gold,14700,2018-04-20,Active,3919.59,0.2666,1,0
ACC501182,CUST100795,Secured,15200,2025-01-31,Active,8580.91,0.5645,3,0
ACC500645,CUST100431,Standard,5800,2026-04-25,Active,534.77,0.0922,3,0
ACC501825,CUST101248,Standard,21000,2022-04-23,Active,8463.74,0.403,1,0
ACC501600,CUST101086,Gold,15500,2026-04-29,Active,10302.07,0.6646,1,0
ACC501252,CUST100844,Standard,17600,2026-06-09,Active,8092.66,0.4598,0,0
ACC501879,CUST101282,Platinum,15900,2024-01-25,Active,7929.45,0.4987,0,0
ACC500359,CUST100247,Standard,15000,2023-06-05,Active,532.69,0.0355,0,0
ACC500381,CUST100260,Gold,6400,2024-04-21,Active,1512.91,0.2364,0,0
ACC503345,CUST102283,Gold,23600,2026-05-03,Active,7390.14,0.3131,3,0
ACC500421,CUST100288,Platinum,15000,2019-12-12,Active,0.0,0.0,0,0
ACC502199,CUST101503,Gold,14300,2023-09-17,Closed,4800.59,0.3357,1,0
ACC501538,CUST101041,Platinum,16400,2022-03-31,Active,5834.49,0.3558,1,0
ACC502905,CUST101978,Gold,26200,2026-08-04,Closed,8217.7,0.3137,0,0
ACC501757,CUST101203,Platinum,10000,2021-05-26,Active,1632.23,0.1632,2,0
ACC502583,CUST101759,Gold,21900,2026-06-14,Closed,16387.69,0.7483,2,0
ACC501120,CUST100755,Standard,16000,2019-03-11,Active,11135.72,0.696,1,0
ACC503515,CUST102395,Platinum,8500,2026-06-01,Active,6569.53,0.7729,2,0
ACC502301,CUST101571,Platinum,9600,2026-03-22,Active,5839.47,0.6083,0,1
ACC500395,CUST100271,Gold,13400,2025-06-25,Active,2157.12,0.161,1,0
ACC500462,CUST100318,Standard,15300,2020-10-26,Active,6742.39,0.4407,1,0
ACC502559,CUST101744,Platinum,18800,2013-09-13,Active,4334.34,0.2305,0,0
ACC503391,CUST102312,Standard,22400,2021-11-27,Active,3569.68,0.1594,1,0
ACC501779,CUST101216,Standard,17700,2025-12-21,Frozen,2668.01,0.1507,1,0
ACC502999,CUST102042,Standard,18300,2013-05-23,Closed,8589.21,0.4694,0,0
ACC502777,CUST101890,Gold,7300,2024-11-03,Active,819.08,0.1122,0,0
ACC500148,CUST100099,Platinum,7300,2025-09-30,Active,4770.91,0.6535,0,0
ACC502015,CUST101380,Platinum,15500,2019-06-06,Active,1273.74,0.0822,0,0
ACC500433,CUST100297,Gold,17800,2022-03-07,Active,8777.45,0.4931,3,0
ACC500418,CUST100285,Gold,25700,2026-04-21,Active,9167.27,0.3567,1,0
ACC503234,CUST102208,Standard,12400,2021-05-22,Active,8019.75,0.6468,4,0
ACC501300,CUST100876,standard,16900,2014-09-30,Active,4369.27,0.2585,1,0
ACC502360,CUST101612,Standard,10700,2025-02-27,Active,8332.67,0.7788,1,0
ACC500784,CUST100527,Gold,12500,2024-03-19,Active,7541.82,0.6033,1,0
ACC503049,CUST102077,Standard,10900,2020-01-04,Active,8905.52,0.817,0,1
ACC503101,CUST102111,Gold,14900,2025-07-17,Active,7992.42,0.5364,0,0
ACC501347,CUST100908,Secured,9000,2025-06-03,Active,1922.29,0.2136,1,0
ACC502101,CUST101442,gold,19200,2017-06-18,Active,6916.05,0.3602,2,0
ACC502655,CUST101806,Gold,14800,2026-07-09,Closed,5976.06,0.4038,1,0
ACC503312,CUST102264,Gold,17700,2015-12-19,Active,7916.61,0.4473,1,0
ACC502257,CUST101540,platinum,16400,2026-08-22,Active,7635.37,0.4656,2,0
ACC501225,CUST100823,Standard,8500,2021-07-16,Active,4536.71,0.5337,2,0
ACC502815,CUST101917,Secured,7200,2022-08-26,Closed,3471.0,0.4821,6,0
ACC501947,CUST101332,Platinum,19600,2024-06-27,Closed,7755.34,0.3957,0,0
ACC502970,CUST102022,Platinum,12900,2025-08-20,Active,10932.74,0.8475,2,0
ACC503526,CUST102402,Gold,8300,2024-06-24,Active,1936.2,0.2333,0,0
ACC501237,CUST100833,Standard,20100,2026-08-26,Frozen,8010.98,0.3986,2,0
ACC500570,CUST100389,Gold,21100,2022-04-23,Active,263.64,0.0125,0,0
ACC503462,CUST102360,Gold,8900,2014-05-12,Active,5275.2,0.5927,0,0
ACC501430,CUST100968,gold,16000,2025-04-27,Active,0.0,0.0,0,0
ACC502717,CUST101848,Secured,21700,2021-10-18,Active,8962.79,0.413,1,0
ACC500764,CUST100513,Standard,10700,2023-10-08,,3062.77,0.2862,1,0
ACC501457,CUST100987,Gold,16400,2013-09-10,Active,471.82,0.0288,0,0
ACC501553,CUST101051,Gold,19000,2025-03-04,Active,13373.71,0.7039,0,0
ACC501279,CUST100861,Standard,8000,2021-08-25,Active,6150.28,0.7688,2,0
ACC501568,CUST101062,Standard,19200,2022-01-17,Active,6607.15,0.3441,1,0
ACC501751,CUST101199,Secured,17900,2019-12-30,Active,6750.78,0.3771,0,0
ACC503180,CUST102172,Standard,21900,2026-07-25,Closed,14888.69,0.6798,0,0
ACC501846,CUST101260,Standard,14900,2025-10-21,Active,5959.79,0.4,0,0
ACC503085,CUST102100,Secured,25900,2026-05-05,Active,428.9,0.0166,0,0
ACC500848,CUST100574,Platinum,10600,2018-07-12,Frozen,7064.3,0.6664,1,0
ACC501539,CUST101041,Platinum,15200,2019-07-07,Active,1784.24,0.1174,0,0
ACC502985,CUST102033,Platinum,18400,2025-06-07,Frozen,3701.27,0.2012,0,0
ACC500751,CUST100503,Gold,16700,2026-05-30,Active,13136.0,0.7866,3,0
ACC501815,CUST101241,standard,24200,2021-07-28,Closed,1064.44,0.044,0,0
ACC501143,CUST100770,Standard,10300,2024-10-26,Closed,1863.24,0.1809,1,0
ACC502799,CUST101905,Standard,21800,2020-05-17,Frozen,7690.96,0.3528,3,0
ACC503503,CUST102389,Platinum,8300,2023-04-21,Active,5793.39,0.698,1,0
ACC502995,CUST102039,Standard,13300,2024-10-16,Active,10600.2,0.797,1,0
ACC501726,CUST101180,Secured,14900,2025-09-18,Active,4451.06,0.2987,0,0
ACC502159,CUST101479,Standard,20200,2023-02-10,Active,15400.32,0.7624,1,0
ACC502841,CUST101934,Gold,31900,2014-12-05,Active,10105.5,0.3168,1,0
ACC503292,CUST102249,Standard,16500,2022-04-06,Active,8686.3,0.5264,1,0
ACC502524,CUST101719,Platinum,11300,2024-04-21,Closed,3295.66,0.2917,1,0
ACC501668,CUST101137,Standard,22600,2019-09-19,Active,9662.2,0.4275,2,0
ACC501705,CUST101163,Platinum,16400,2025-01-25,Active,5821.17,0.3549,0,0
ACC501276,CUST100858,Platinum,16200,2020-11-16,Active,3895.48,0.2405,1,0
ACC500887,CUST100600,Platinum,16200,2020-06-17,Active,534.94,0.033,0,0
ACC502654,CUST101806,Gold,16400,2026-04-14,Closed,4685.91,0.2857,1,0
ACC503651,CUST102482,Standard,9900,2016-03-27,Active,4008.47,0.4049,1,0
ACC503159,CUST102158,Standard,8900,2026-07-10,Active,3845.65,0.4321,0,0
ACC502309,CUST101577,standard,14700,2024-10-27,Closed,5392.05,0.3668,1,0
ACC502056,CUST101411,gold,17200,2026-04-01,Active,7872.3,0.4577,0,0
ACC501938,CUST101326,Standard,19000,2025-01-06,Active,4994.7,0.2629,0,0
ACC503141,CUST102143,Platinum,17800,2019-06-25,Active,1700.88,0.0956,1,0
ACC502940,CUST102002,Secured,16800,2023-02-28,Active,4532.05,0.2698,0,0
ACC501823,CUST101246,Gold,13900,2020-10-08,Active,3192.83,0.2297,1,0
ACC500407,CUST100278,platinum,10600,2016-09-02,Active,4832.22,0.4559,1,0
ACC500566,CUST100386,Gold,20600,2018-09-26,Active,8954.48,0.4347,0,0
ACC500968,CUST100655,Standard,12800,2022-09-15,,7985.09,0.6238,1,0
ACC500188,CUST100126,Gold,8400,2025-10-31,Active,1097.41,0.1306,1,0
ACC500717,CUST100481,Gold,17900,2024-07-23,Active,7260.81,0.4056,0,0
ACC503447,CUST102348,Gold,10700,2024-08-09,Active,4133.39,0.3863,1,0
ACC501988,CUST101358,Secured,11100,2018-12-29,Active,7183.07,0.6471,3,0
ACC500288,CUST100198,Gold,17700,2015-03-16,Closed,7599.63,0.4294,2,0
ACC503574,CUST102435,Standard,15700,2015-12-13,Active,8550.09,0.5446,3,0
ACC502825,CUST101925,secured,27000,2025-02-05,Active,9271.83,0.3434,2,0
ACC502570,CUST101750,Secured,14900,2023-02-13,Active,9355.02,0.6279,0,0
ACC501649,CUST101123,Gold,18500,2025-08-28,Active,8780.14,0.4746,0,0
ACC501387,CUST100935,platinum,15400,2025-10-23,Active,0.0,0.0,0,0
ACC503155,CUST102155,Standard,20300,2020-09-15,Active,0.0,0.0,1,0
ACC502088,CUST101435,Secured,15700,2021-03-23,Active,6373.94,0.406,0,0
ACC500977,CUST100659,Gold,15100,2021-09-03,Active,2154.97,0.1427,2,0
ACC501851,CUST101265,Gold,22800,2023-05-12,Active,4865.0,0.2134,1,0
ACC501923,CUST101314,Platinum,9900,2024-11-03,Active,5939.71,0.6,1,0
ACC503545,CUST102414,platinum,15300,2023-12-13,Active,8441.1,0.5517,2,0
ACC503595,CUST102447,Standard,10400,2025-09-26,Active,6202.03,0.5963,3,1
ACC501167,CUST100785,Standard,20400,2026-01-31,,6280.33,0.3079,0,0
ACC503033,CUST102064,Standard,14700,2025-09-09,Active,7407.69,0.5039,0,0
ACC502095,CUST101439,Standard,16100,2026-03-20,Active,6217.5,0.3862,0,1
ACC502345,CUST101603,Standard,4300,2016-11-09,Active,2125.54,0.4943,1,0
ACC501478,CUST101002,Gold,19000,2026-04-21,Closed,6755.41,0.3555,1,0
ACC500571,CUST100389,Standard,15900,2018-01-31,Active,5053.67,0.3178,0,0
ACC502395,CUST101635,Standard,16200,2026-04-11,Active,7780.0,0.4802,0,0
ACC502612,CUST101779,Standard,17000,2023-06-20,Active,10950.38,0.6441,0,0
ACC503562,CUST102425,Standard,7200,2021-09-06,Active,1867.45,0.2594,0,0
ACC500965,CUST100652,Standard,22200,2023-12-01,Active,8720.89,0.3928,1,0
ACC502143,CUST101470,gold,11300,2023-01-05,Active,6283.63,0.5561,3,0
ACC500368,CUST100254,Standard,17400,2026-03-09,Active,5609.37,0.3224,0,0
ACC502575,CUST101754,Standard,15900,2026-08-31,Active,2813.4,0.1769,2,0
ACC501593,CUST101080,gold,11800,2026-04-22,,6955.52,0.5895,1,0
ACC500340,CUST100233,Standard,13500,2026-04-01,Active,5180.66,0.3838,1,0
ACC503490,CUST102381,Gold,12500,2023-01-30,Active,11845.07,0.9476,2,0
ACC503339,CUST102279,Standard,13500,2023-09-26,,4456.42,0.3301,3,0
ACC501674,CUST101142,Standard,10900,2018-02-22,Active,5117.82,0.4695,1,0
ACC502637,CUST101797,secured,9600,2023-11-27,Active,3321.74,0.346,0,0
ACC503667,CUST102492,Gold,12500,2026-06-03,Closed,7399.35,0.5919,0,0
ACC501890,CUST101290,Standard,28600,2025-01-03,Active,2110.42,0.0738,2,1
ACC501737,CUST101189,Gold,16500,2021-01-22,Active,1620.38,0.0982,0,0
ACC500038,CUST100025,gold,22200,2024-02-12,Active,12279.66,0.5531,0,0
ACC502759,CUST101877,Standard,15000,2026-05-26,Active,5987.91,0.3992,0,0
ACC500753,CUST100505,Standard,16200,2021-06-05,Active,7390.59,0.4562,1,0
ACC503450,CUST102351,Gold,14700,2016-09-21,Active,9050.1,0.6157,1,0
ACC502078,CUST101427,Standard,6700,2018-05-06,Active,3673.09,0.5482,0,0
ACC501914,CUST101307,Standard,11100,2013-05-09,Active,3443.32,0.3102,1,0
ACC502912,CUST101984,Standard,10500,2023-07-21,Closed,6025.51,0.5739,1,0
ACC502942,CUST102004,Gold,21400,2026-01-21,Frozen,12183.84,0.5693,1,0
ACC502526,CUST101720,Gold,22400,2019-04-13,Active,10126.81,0.4521,0,0
ACC503586,CUST102442,Standard,15700,2020-03-22,Active,7131.55,0.4542,1,0
ACC502895,CUST101972,standard,10200,2018-12-22,Active,7272.49,0.713,0,0
ACC502620,CUST101785,Gold,7500,2026-03-27,Active,3323.35,0.4431,1,1
ACC500172,CUST100114,Secured,19700,2026-08-27,Active,0.0,0.0,0,0
ACC500109,CUST100076,Standard,16300,2018-12-05,Closed,6373.92,0.391,2,0
ACC502223,CUST101519,Gold,16500,2021-03-04,Active,5321.5,0.3225,0,0
ACC502539,CUST101729,Standard,24900,2026-05-15,Active,1130.7,0.0454,1,0
ACC502435,CUST101661,Secured,12700,2024-03-02,Closed,5545.71,0.4367,5,0
ACC503160,CUST102158,Gold,13400,2020-01-11,Active,0.0,0.0,0,0
ACC500317,CUST100218,Platinum,17000,2025-06-03,Active,15283.98,0.8991,1,0
ACC500478,CUST100328,Secured,14800,2016-09-23,Active,2792.31,0.1887,1,0
ACC502571,CUST101750,platinum,18800,2021-09-06,Active,2716.35,0.1445,2,0
ACC501724,CUST101178,Secured,6600,2025-07-04,Frozen,2480.37,0.3758,2,0
ACC501201,CUST100806,Gold,14000,2026-06-27,Active,8193.07,0.5852,2,0
ACC500714,CUST100478,Gold,13800,2026-04-07,Active,5082.05,0.3683,0,0
ACC500969,CUST100655,Platinum,7100,2025-10-10,Active,482.61,0.068,0,0
ACC503364,CUST102296,Platinum,14200,2024-08-19,Active,1093.3,0.077,1,0
ACC503142,CUST102144,gold,17100,2017-11-06,Closed,4661.08,0.2726,1,0
ACC500695,CUST100465,Gold,11600,2024-10-15,,7678.42,0.6619,1,0
ACC503624,CUST102463,Gold,12600,2023-12-09,Active,3076.56,0.2442,0,0
ACC502659,CUST101808,Secured,9800,2026-03-04,Active,3247.79,0.3314,3,0
ACC500159,CUST100108,Standard,12800,2023-09-09,Active,4556.62,0.356,0,0
ACC501491,CUST101011,Gold,21500,2025-05-09,Closed,6765.85,0.3147,1,0
ACC500843,CUST100571,Platinum,8600,2022-03-14,Active,990.01,0.1151,0,0
ACC501324,CUST100893,Platinum,13700,2015-02-21,Active,5327.17,0.3888,3,0
ACC502925,CUST101993,Gold,19400,2022-02-11,Closed,9253.99,0.477,1,0
ACC502660,CUST101809,Standard,13400,2024-05-16,Active,4265.96,0.3184,0,0
ACC501673,CUST101141,Standard,14700,2026-04-22,Closed,2416.61,0.1644,0,0
ACC501788,CUST101221,Gold,19700,2024-12-28,Active,6841.41,0.3473,1,0
ACC503058,CUST102084,Standard,9200,2024-09-30,Active,1667.0,0.1812,0,0
ACC501974,CUST101349,Standard,17100,2023-10-20,Active,3127.6,0.1829,1,0
ACC501099,CUST100741,standard,11700,2020-09-10,Active,7467.86,0.6383,4,0
ACC500798,CUST100539,Standard,14500,2026-05-16,Active,12264.26,0.8458,2,0
ACC500789,CUST100531,Platinum,16600,2025-01-17,Active,9113.64,0.549,1,0
ACC502268,CUST101547,Gold,14900,2024-10-27,Closed,4569.67,0.3067,0,0
ACC500958,CUST100648,Standard,15200,2025-06-12,Active,3133.92,0.2062,0,0
ACC501148,CUST100773,Platinum,12300,2021-12-28,Active,1606.02,0.1306,3,0
ACC502241,CUST101531,Gold,12900,2018-05-01,Active,8298.14,0.6433,1,0
ACC500528,CUST100360,Gold,14500,2024-09-19,Active,1003.93,0.0692,1,0
ACC501750,CUST101198,standard,11900,2017-04-23,Active,4081.37,0.343,1,0
ACC502455,CUST101672,Standard,18800,2023-03-04,Active,16642.8,0.8853,1,0
ACC502828,CUST101926,Standard,9200,2025-05-13,Closed,3472.49,0.3774,1,0
ACC500154,CUST100104,Standard,18100,2025-01-13,Active,0.0,0.0,0,0
ACC503124,CUST102129,Gold,18800,2026-02-03,Active,7672.39,0.4081,0,0
ACC501214,CUST100816,standard,7900,2017-12-22,Active,6818.93,0.8632,1,1
ACC500393,CUST100270,Standard,21100,2026-04-20,Active,6233.16,0.2954,0,0
ACC502864,CUST101949,Gold,13400,2025-05-02,Active,5666.88,0.4229,2,0
ACC503089,CUST102103,Standard,14000,2023-12-08,Closed,894.06,0.0639,0,0
ACC501656,CUST101129,Platinum,17000,2016-08-28,Active,1532.83,0.0902,1,0
ACC502292,CUST101564,Standard,19200,2021-10-25,Active,13757.9,0.7166,2,0
ACC503649,CUST102480,Gold,17700,2020-09-14,Active,9429.87,0.5328,2,0
ACC502735,CUST101860,Gold,13400,2020-03-14,Active,2698.05,0.2013,0,0
ACC502599,CUST101770,standard,14800,2026-03-29,Closed,460.33,0.0311,0,0
ACC500820,CUST100556,Standard,25300,2018-12-04,Active,5630.9,0.2226,1,0
ACC500194,CUST100132,Standard,25800,2020-06-11,Active,2863.18,0.111,0,0
ACC501830,CUST101251,Gold,16700,2017-12-23,Active,6340.23,0.3797,1,0
ACC503299,CUST102254,platinum,14800,2015-08-05,Active,4293.11,0.2901,1,0
ACC500525,CUST100358,Platinum,12400,2026-06-10,Active,5732.5,0.4623,4,0
ACC503473,CUST102368,Standard,20100,2025-01-19,Active,1837.25,0.0914,3,0
ACC502975,CUST102024,Standard,21300,2026-04-25,Active,2044.85,0.096,0,0
ACC502263,CUST101543,Standard,14900,2021-07-20,Active,10645.18,0.7144,2,0
ACC501847,CUST101261,Standard,14600,2022-07-05,Active,6230.28,0.4267,1,0
ACC503088,CUST102102,standard,11200,2022-04-19,Active,4423.47,0.395,1,0
ACC500909,CUST100613,standard,16700,2023-01-17,Active,5102.4,0.3055,3,0
ACC502286,CUST101559,Gold,16600,2024-05-27,Active,7024.12,0.4231,1,0
ACC503214,CUST102193,Gold,16400,2015-12-17,Active,5693.02,0.3471,1,0
ACC501681,CUST101148,Gold,7600,2021-11-01,Active,4601.4,0.6054,2,1
ACC501010,CUST100684,Platinum,20000,2023-12-22,Active,4810.66,0.2405,0,0
ACC502340,CUST101599,Gold,21700,2017-06-20,Active,17559.02,0.8092,2,0
ACC501918,CUST101311,Secured,20000,2026-08-09,Active,5914.4,0.2957,1,0
ACC500033,CUST100023,Standard,12300,2026-08-22,Active,2693.48,0.219,0,0
ACC502471,CUST101684,Standard,19100,2025-03-13,Active,0.0,0.0,0,0
ACC503249,CUST102220,Gold,13500,2025-11-06,Active,5964.75,0.4418,0,0
ACC501290,CUST100869,Standard,16000,2026-05-12,Closed,9473.94,0.5921,1,0
ACC500803,CUST100543,Standard,16700,2025-12-09,Active,2841.15,0.1701,0,0
ACC502288,CUST101561,Platinum,12700,2025-12-05,Active,1105.23,0.087,1,1
ACC503498,CUST102385,Standard,14900,2025-12-05,,9610.51,0.645,1,1
ACC502781,CUST101893,Platinum,17900,2018-07-04,Active,1029.45,0.0575,0,0
ACC503567,CUST102429,standard,10900,2024-02-09,Active,4963.25,0.4553,3,0
ACC501623,CUST101103,Standard,17400,2019-05-05,Active,6477.32,0.3723,0,0
ACC500657,CUST100439,Standard,11800,2024-11-07,Active,0.0,0.0,1,0
ACC500574,CUST100391,Gold,10800,2026-04-09,Active,3100.6,0.2871,4,0
ACC500980,CUST100661,Platinum,9500,2025-07-25,Active,6835.36,0.7195,1,0
ACC501532,CUST101035,Gold,21100,2015-10-07,Frozen,8627.12,0.4089,0,0
ACC501203,CUST100807,Platinum,10000,2020-12-11,Active,0.0,0.0,1,0
ACC500724,CUST100485,Platinum,12300,2014-09-09,Active,3871.0,0.3147,4,1
ACC501497,CUST101014,Gold,25100,2026-03-28,Active,10651.58,0.4244,3,0
ACC503399,CUST102317,Standard,4900,2026-03-09,Closed,3864.77,0.7887,1,1
ACC501429,CUST100968,Standard,22300,2023-01-29,Closed,5668.42,0.2542,1,0
ACC502408,CUST101645,Platinum,23500,2022-03-19,Active,16714.34,0.7112,3,0
ACC501712,CUST101169,Gold,16400,2026-08-19,Closed,5783.36,0.3526,2,0
ACC500507,CUST100347,Standard,9200,2024-09-27,Active,3324.25,0.3613,2,0
ACC500651,CUST100433,Standard,13700,2024-04-10,Active,4341.0,0.3169,1,0
ACC501156,CUST100779,Standard,14200,2026-06-24,Active,8506.66,0.5991,1,0
ACC501696,CUST101159,Standard,16000,2017-08-02,Frozen,6492.06,0.4058,2,0
ACC501035,CUST100700,Standard,9900,2019-07-02,Active,2461.84,0.2487,0,0
ACC501716,CUST101173,Standard,17300,2019-09-19,Active,10657.9,0.6161,1,0
ACC503591,CUST102445,Standard,14000,2018-05-08,,11890.42,0.8493,4,0
ACC500828,CUST100561,Gold,7600,2020-04-23,Closed,5543.02,0.7293,1,0
ACC501171,CUST100788,Gold,17800,2025-09-12,Active,7639.03,0.4292,2,0
ACC502017,CUST101382,Gold,16600,2021-03-14,Active,1354.45,0.0816,0,0
ACC503262,CUST102230,Standard,18000,2025-06-07,Active,3707.02,0.2059,1,0
ACC500486,CUST100333,Secured,17900,2023-03-02,Closed,3693.5,0.2063,0,0
ACC502793,CUST101902,Secured,11900,2026-01-14,Active,2429.89,0.2042,0,0
ACC500557,CUST100381,Gold,9400,2026-08-30,Active,0.0,0.0,1,0
ACC501397,CUST100945,Standard,17900,2019-10-10,,3381.15,0.1889,2,0
ACC501399,CUST100947,Secured,13000,2019-04-30,Active,4991.12,0.3839,1,0
ACC503260,CUST102228,Standard,11000,2025-10-23,Active,6211.3,0.5647,2,0
ACC500157,CUST100107,Gold,11700,2026-08-03,Active,8849.86,0.7564,1,1
ACC500147,CUST100098,Standard,17100,2015-02-17,Active,8525.79,0.4986,0,0
ACC500669,CUST100446,Platinum,23500,2026-08-20,Active,1648.55,0.0702,0,0
ACC502319,CUST101584,Platinum,15100,2017-09-26,Active,9945.85,0.6587,1,1
ACC501687,CUST101152,Gold,16100,2024-02-28,Active,7011.43,0.4355,2,0
ACC501131,CUST100762,Platinum,13700,2021-12-12,Closed,9454.95,0.6901,3,0
ACC503287,CUST102245,Platinum,25500,2026-05-28,Active,12265.8,0.481,3,0
ACC501045,CUST100707,Standard,9100,2025-07-19,Active,0.0,0.0,0,0
ACC501092,CUST100737,Gold,12200,2017-01-27,Active,8389.59,0.6877,1,1
ACC501528,CUST101032,Standard,19600,2025-03-23,Active,7864.71,0.4013,0,0
ACC502039,CUST101397,Platinum,13700,2019-12-14,Active,1862.14,0.1359,0,0
ACC502611,CUST101779,Standard,12900,2023-08-15,Active,7279.68,0.5643,0,0
ACC501927,CUST101318,Platinum,23600,2023-11-17,Active,11530.25,0.4886,2,0
ACC502544,CUST101733,Standard,19300,2025-11-01,Active,12358.86,0.6404,0,0
ACC502773,CUST101887,Gold,19300,2017-12-30,Closed,10346.25,0.5361,0,0
ACC503179,CUST102171,Standard,16500,2019-12-04,Active,6868.3,0.4163,0,0
ACC501335,CUST100901,Standard,17000,2025-12-15,Active,0.0,0.0,0,0
ACC502506,CUST101707,Gold,19400,2021-03-02,Active,8791.71,0.4532,0,0
ACC501220,CUST100820,Secured,15500,2024-11-24,Active,9309.53,0.6006,1,0
ACC501809,CUST101235,Standard,16300,2025-04-05,Active,3768.63,0.2312,0,0
ACC500096,CUST100067,Gold,14000,2023-03-28,Active,2022.77,0.1445,0,0
ACC503237,CUST102210,Gold,13900,2025-07-23,Closed,4760.27,0.3425,2,0
ACC500882,CUST100597,Standard,13700,2018-11-05,Active,4173.6,0.3046,0,0
ACC501549,CUST101050,Platinum,10000,2018-07-19,Active,2489.49,0.2489,0,0
ACC501106,CUST100746,Gold,25300,2025-03-12,Closed,6024.76,0.2381,1,0
ACC501341,CUST100905,Gold,8500,2026-08-11,,682.24,0.0803,1,0
ACC500377,CUST100258,Platinum,12700,2013-11-21,Closed,761.78,0.06,1,0
ACC502342,CUST101600,Gold,20600,2018-07-14,Closed,5774.05,0.2803,0,0
ACC501940,CUST101328,Standard,18000,2016-02-03,Closed,9010.43,0.5006,2,0
ACC503577,CUST102437,Standard,14600,2026-02-08,Active,9574.32,0.6558,1,0
ACC500382,CUST100261,Secured,22600,2017-07-23,Active,2511.58,0.1111,2,0
ACC502502,CUST101704,Gold,14900,2026-02-13,Active,16016.7,1.0749,1,0
ACC503583,CUST102441,Standard,11500,2024-03-28,Active,6168.68,0.5364,0,0
ACC501866,CUST101274,Standard,18700,2025-10-18,Active,8203.07,0.4387,0,0
ACC502727,CUST101853,Platinum,14600,2023-04-09,Active,2588.98,0.1773,1,0
ACC502597,CUST101768,Standard,31100,2026-08-01,Active,2568.51,0.0826,0,0
ACC500127,CUST100088,Standard,13900,2022-10-05,Active,1847.52,0.1329,0,0
ACC500112,CUST100077,Standard,19800,2024-08-11,Active,7280.49,0.3677,0,0
ACC501507,CUST101020,Platinum,13700,2021-11-27,Active,7210.21,0.5263,2,0
ACC500868,CUST100588,Standard,19600,2018-08-30,Active,10470.16,0.5342,0,0
ACC502229,CUST101524,Gold,24000,2020-11-07,Active,8130.34,0.3388,0,0
ACC500837,CUST100568,Standard,14000,2020-05-11,Active,10355.25,0.7397,1,0
ACC502413,CUST101647,Standard,23300,2024-12-04,Active,16489.8,0.7077,0,0
ACC500078,CUST100052,Platinum,14500,2025-10-13,,8630.65,0.5952,2,0
ACC502826,CUST101925,Standard,22500,2020-07-09,Active,11355.79,0.5047,2,0
ACC501916,CUST101309,Standard,17800,2026-08-19,Active,19824.16,1.1137,2,0
ACC500689,CUST100460,Standard,22100,2017-05-05,Frozen,0.0,0.0,0,0
ACC500358,CUST100247,Gold,15700,2025-04-26,Active,4927.16,0.3138,3,0
ACC500235,CUST100162,Standard,20100,2023-07-31,Frozen,7281.41,0.3623,0,0
ACC503003,CUST102044,Standard,19100,2022-12-21,Active,3971.45,0.2079,1,0
ACC503404,CUST102320,standard,25100,2024-09-18,Active,11792.03,0.4698,1,0
ACC500309,CUST100213,Standard,13400,2024-06-04,Active,4471.35,0.3337,0,0
ACC501610,CUST101092,Standard,22500,2025-08-13,Active,8724.84,0.3878,2,0
ACC500880,CUST100595,Standard,13700,2023-06-30,Active,8511.64,0.6213,1,0
ACC501242,CUST100836,Platinum,7500,2025-11-01,Active,1672.94,0.2231,1,1
ACC500984,CUST100665,Standard,19000,2022-08-02,Active,3375.85,0.1777,0,0
ACC501448,CUST100980,Standard,16300,2014-08-07,Active,1831.97,0.1124,2,0
ACC501517,CUST101025,Gold,8200,2019-07-22,Active,5508.03,0.6717,2,0
ACC503634,CUST102470,Standard,8600,2025-06-23,Active,3128.2,0.3637,1,0
ACC500099,CUST100070,secured,7300,2024-01-02,Closed,2265.93,0.3104,1,0
ACC501802,CUST101229,standard,14800,2024-05-27,Active,7027.44,0.4748,0,0
ACC503076,CUST102095,Platinum,10100,2016-06-16,Active,6322.86,0.626,1,0
ACC501406,CUST100952,Platinum,18600,2019-10-26,Active,8238.35,0.4429,0,0
ACC500718,CUST100482,Standard,9400,2022-11-09,Active,2588.84,0.2754,2,0
ACC502989,CUST102035,Standard,25000,2025-04-30,Active,10379.36,0.4152,1,0
ACC501725,CUST101179,Platinum,16100,2015-11-11,Active,5960.15,0.3702,0,0
ACC500815,CUST100553,Gold,12500,2022-10-08,Active,1218.9,0.0975,0,0
ACC500523,CUST100358,Platinum,7500,2026-06-23,Active,1839.32,0.2452,1,0
ACC500129,CUST100090,platinum,15100,2021-03-31,Active,3053.69,0.2022,0,0
ACC503522,CUST102400,Platinum,17000,2025-12-16,Active,3282.28,0.1931,1,0
ACC500300,CUST100207,Standard,17900,2022-11-10,Active,12279.05,0.686,3,0
ACC502122,CUST101457,Secured,22300,2015-08-22,Closed,10249.34,0.4596,3,0
ACC503301,CUST102255,Standard,17400,2024-02-21,Closed,12472.69,0.7168,0,0
ACC500762,CUST100512,gold,9000,2026-07-25,Active,2677.28,0.2975,0,1
ACC501578,CUST101070,Standard,17300,2025-07-04,Active,6981.04,0.4035,1,0
ACC502715,CUST101846,Standard,13800,2026-04-22,Active,3023.83,0.2191,1,0
ACC500801,CUST100542,Gold,13100,2022-11-11,Active,3738.74,0.2854,2,0
ACC502464,CUST101678,gold,16500,2023-12-27,Active,831.98,0.0504,1,0
ACC500071,CUST100048,Standard,17300,2024-06-10,Active,0.0,0.0,2,0
ACC502082,CUST101429,Standard,21400,2019-08-12,Active,5704.84,0.2666,0,0
ACC502653,CUST101805,Standard,13600,2025-09-23,Active,4083.13,0.3002,0,0
ACC501857,CUST101269,Standard,11100,2019-08-12,Active,4544.92,0.4095,2,0
ACC503176,CUST102169,Gold,14400,2023-11-07,Active,2416.28,0.1678,0,0
ACC500326,CUST100224,Standard,21400,2024-04-28,Active,0.0,0.0,0,0
ACC501615,CUST101097,Platinum,9100,2018-08-18,Active,6324.12,0.695,1,0
ACC500531,CUST100361,Gold,24500,2023-02-20,Active,7888.45,0.322,0,0
ACC503045,CUST102073,Standard,27200,2017-09-02,Active,7078.41,0.2602,0,0
ACC503491,CUST102382,Gold,18100,2025-08-10,Frozen,9732.95,0.5377,0,0
ACC502729,CUST101855,Gold,9400,2024-02-11,Active,3187.52,0.3391,0,0
ACC500190,CUST100128,Standard,13200,2020-01-20,Active,6664.01,0.5048,2,1
ACC500164,CUST100110,Gold,18100,2025-01-03,Active,8334.77,0.4605,1,0
ACC501301,CUST100876,Platinum,13800,2022-09-01,Active,3838.32,0.2781,1,0
ACC503011,CUST102049,Standard,18500,2020-08-01,Active,12123.86,0.6553,1,0
ACC501454,CUST100985,Standard,9900,2022-10-02,Closed,0.0,0.0,1,0
ACC503293,CUST102250,Gold,24500,2025-01-12,Active,6325.79,0.2582,0,0
ACC503427,CUST102335,Standard,10700,2024-12-02,Active,933.27,0.0872,0,0
ACC501392,CUST100940,Standard,16100,2026-06-03,Active,1419.24,0.0882,0,0
ACC503504,CUST102389,Standard,10400,2023-04-02,Active,4592.5,0.4416,3,0
ACC501344,CUST100907,Platinum,10600,2020-04-16,Active,3264.39,0.308,2,1
ACC502906,CUST101979,Gold,11700,2026-05-12,Active,1490.12,0.1274,1,0
ACC503605,CUST102453,Gold,22900,2024-06-24,,1352.65,0.0591,0,0
ACC500610,CUST100413,Platinum,11100,2017-05-21,Active,3256.81,0.2934,0,0
ACC503297,CUST102253,Standard,10500,2025-09-01,Active,5794.27,0.5518,3,0
ACC500821,CUST100557,Platinum,18200,2024-06-07,Active,2980.42,0.1638,0,0
ACC502269,CUST101548,Secured,11000,2026-06-17,Active,3889.39,0.3536,0,0
ACC501135,CUST100765,Standard,5900,2026-08-31,Active,2528.41,0.4285,2,0
ACC501418,CUST100961,Gold,24100,2026-04-18,Active,20044.19,0.8317,3,1
ACC502996,CUST102040,standard,8300,2021-01-23,Active,4532.83,0.5461,2,0
ACC502898,CUST101973,Standard,14500,2025-01-24,Active,431.92,0.0298,0,0
ACC502361,CUST101613,Standard,14800,2022-10-15,Active,4684.26,0.3165,0,0
ACC502631,CUST101793,standard,23700,2026-03-07,Active,13006.67,0.5488,0,0
ACC502907,CUST101980,platinum,11300,2016-03-06,Active,6438.71,0.5698,1,0
ACC503660,CUST102488,Standard,10800,2020-03-30,Closed,6180.44,0.5723,0,0
ACC501212,CUST100814,Gold,11800,2015-01-11,Active,6005.6,0.5089,2,1
ACC501445,CUST100978,Standard,16500,2020-02-09,Active,5563.47,0.3372,0,0
ACC501133,CUST100764,Standard,17400,2024-09-08,Active,2039.4,0.1172,0,0
ACC500706,CUST100472,Standard,19600,2025-10-22,Frozen,8813.55,0.4497,1,0
ACC502108,CUST101447,Standard,12700,2026-03-06,Active,4040.29,0.3181,0,0
ACC501706,CUST101164,platinum,10400,2025-07-02,Active,736.46,0.0708,0,0
ACC500167,CUST100112,Gold,14900,2025-10-23,Active,6605.69,0.4433,3,0
ACC501210,CUST100812,Gold,21800,2026-08-27,Closed,11558.52,0.5302,3,0
ACC501502,CUST101017,Platinum,19500,2026-03-11,Closed,12087.14,0.6199,2,0
ACC502560,CUST101744,Gold,14100,2026-01-27,Active,5223.54,0.3705,0,0
ACC502434,CUST101661,Gold,17700,2021-01-10,Closed,7186.18,0.406,0,0
ACC502667,CUST101813,gold,23100,2022-05-01,Active,0.0,0.0,1,0
ACC503054,CUST102080,Gold,8700,2018-06-09,Active,4561.22,0.5243,0,0
ACC501943,CUST101330,Standard,20900,2022-05-15,Active,5602.61,0.2681,0,0
ACC503104,CUST102113,Standard,8400,2013-03-03,,5707.67,0.6795,1,0
ACC501081,CUST100732,Standard,21600,2022-08-26,Active,4207.31,0.1948,1,0
ACC501190,CUST100799,Standard,10600,2018-03-05,Active,118.56,0.0112,1,0
ACC502902,CUST101975,Platinum,15600,2024-01-30,Active,3732.4,0.2393,1,0
ACC500297,CUST100205,Platinum,12000,2020-12-05,Active,1745.13,0.1454,1,0
ACC500218,CUST100151,Secured,18900,2025-08-07,Active,1150.38,0.0609,1,0
ACC500589,CUST100400,Standard,19300,2017-09-06,Active,8714.21,0.4515,0,0
ACC500023,CUST100015,Standard,21700,2015-01-19,Closed,4057.02,0.187,3,0
ACC502691,CUST101830,Standard,10700,2025-01-16,Active,6017.57,0.5624,1,0
ACC503090,CUST102103,Standard,17600,2025-05-11,Active,736.05,0.0418,0,0
ACC500315,CUST100217,Platinum,18100,2024-08-23,Active,11505.85,0.6357,1,0
ACC502922,CUST101991,standard,20300,2018-05-05,Active,3860.87,0.1902,0,0
ACC502005,CUST101372,Gold,21800,2016-02-25,,14878.02,0.6825,2,0
ACC500185,CUST100123,Gold,13000,2024-08-31,Active,4111.02,0.3162,0,0
ACC503374,CUST102303,Platinum,17800,2021-07-12,Active,6865.51,0.3857,2,0
ACC500064,CUST100043,Gold,21400,2017-07-07,Active,11108.65,0.5191,0,0
ACC502564,CUST101746,Standard,13700,2019-10-08,Active,3542.59,0.2586,1,0
ACC501877,CUST101280,Gold,8900,2020-11-28,Active,4396.88,0.494,2,0
ACC501273,CUST100857,Secured,22300,2020-11-22,Active,3288.58,0.1475,0,0
ACC503468,CUST102364,Gold,19500,2021-12-24,Active,12364.94,0.6341,0,0
ACC502042,CUST101400,Standard,23900,2018-01-02,Active,7366.92,0.3082,1,0
ACC500655,CUST100437,Secured,16100,2022-04-26,Active,8509.69,0.5286,1,0
ACC501784,CUST101219,gold,12400,2021-12-08,Active,6858.76,0.5531,4,1
ACC501028,CUST100696,Gold,18300,2024-04-10,Active,1624.8,0.0888,0,0
ACC500319,CUST100220,Standard,8600,2026-02-25,Active,5239.25,0.6092,1,0
ACC503344,CUST102283,Standard,15900,2025-10-11,Active,8423.32,0.5298,1,0
ACC502495,CUST101698,Gold,8400,2021-08-26,Active,4284.04,0.51,1,0
ACC500470,CUST100323,gold,11500,2026-04-16,Active,4275.58,0.3718,3,0
ACC503327,CUST102272,Standard,14100,2023-05-12,Active,5659.93,0.4014,1,0
ACC500126,CUST100087,Standard,13500,2020-11-14,Active,8519.93,0.6311,0,0
ACC502819,CUST101920,Gold,15100,2026-02-16,Active,3203.43,0.2121,2,0
ACC501636,CUST101114,gold,10100,2023-06-10,Active,7561.59,0.7487,1,1
ACC502696,CUST101834,Platinum,21700,2021-06-15,Active,7534.18,0.3472,1,0
ACC500847,CUST100574,Secured,20700,2018-02-20,Active,0.0,0.0,0,0
ACC501597,CUST101084,Standard,12400,2026-06-30,Active,6556.85,0.5288,1,0
ACC502355,CUST101609,Standard,14600,2023-02-06,Closed,10646.81,0.7292,1,0
ACC500956,CUST100647,Standard,11700,2023-07-24,,10419.92,0.8906,2,1
ACC500999,CUST100677,Platinum,15800,2026-05-21,Active,5956.31,0.377,0,0
ACC502897,CUST101973,Standard,21500,2025-03-20,Active,11314.98,0.5263,1,0
ACC502840,CUST101934,Platinum,13100,2022-07-04,Active,0.0,0.0,0,0
ACC501987,CUST101357,Secured,18600,2022-05-30,Frozen,9255.73,0.4976,1,0
ACC502867,CUST101951,platinum,14200,2026-07-31,Active,3603.53,0.2538,2,0
ACC501115,CUST100752,Secured,7500,2020-05-11,Closed,6299.76,0.84,0,0
ACC501789,CUST101221,Gold,13500,2025-10-23,Active,2061.94,0.1527,1,0
ACC502818,CUST101919,Gold,10100,2023-01-18,Active,2706.1,0.2679,3,0
ACC501453,CUST100984,Standard,24800,2025-06-12,Closed,9255.52,0.3732,1,0
ACC500347,CUST100238,Standard,9300,2026-05-07,Active,0.0,0.0,1,0
ACC501434,CUST100970,Secured,11600,2018-07-16,Active,0.0,0.0,0,0
ACC501207,CUST100810,Gold,21200,2020-03-16,,4218.46,0.199,0,0
ACC501909,CUST101304,Standard,25500,2023-06-17,Active,3367.75,0.1321,0,0
ACC501552,CUST101051,platinum,23400,2022-02-06,Active,6996.32,0.299,0,0
ACC501180,CUST100793,Platinum,18300,2021-11-11,Active,1920.24,0.1049,3,1
ACC500544,CUST100370,Standard,11600,2026-05-07,Active,5976.42,0.5152,3,0
ACC502050,CUST101407,Gold,22800,2025-04-14,Active,12586.82,0.5521,0,0
ACC502984,CUST102032,Standard,14000,2018-11-23,Frozen,1319.33,0.0942,2,1
ACC501901,CUST101298,Standard,19600,2023-04-13,Active,10286.04,0.5248,1,0
ACC502644,CUST101800,Gold,18600,2024-07-30,Active,7352.01,0.3953,0,0
ACC503422,CUST102332,Platinum,10800,2024-09-27,Active,2659.92,0.2463,3,0
ACC503469,CUST102365,Standard,13700,2024-09-27,Active,5537.76,0.4042,2,0
ACC501547,CUST101048,Platinum,14400,2026-05-12,Closed,7268.21,0.5047,0,0
ACC500940,CUST100635,standard,17200,2017-07-27,Active,3614.75,0.2102,0,0
ACC502967,CUST102020,Gold,21300,2024-10-22,Active,0.0,0.0,0,0
ACC502255,CUST101538,Standard,4200,2025-05-28,Active,1016.03,0.2419,1,0
ACC500012,CUST100006,Standard,18600,2017-05-02,Active,1560.6,0.0839,0,1
ACC503639,CUST102474,Gold,16200,2018-11-25,Closed,4184.26,0.2583,1,0
ACC503335,CUST102276,Standard,12400,2022-09-17,Active,3763.29,0.3035,0,0
ACC502811,CUST101914,Secured,12500,2025-11-21,Active,8963.64,0.7171,3,1
ACC502260,CUST101541,Gold,13000,2020-09-19,Active,4179.08,0.3215,1,0
ACC502437,CUST101663,standard,9000,2025-01-16,Active,6202.85,0.6892,0,0
ACC501993,CUST101362,Standard,11900,2020-12-30,Active,7234.66,0.608,0,0
ACC502289,CUST101562,Platinum,15800,2022-05-12,Active,12879.52,0.8152,3,0
ACC502067,CUST101419,Platinum,14200,2024-05-29,Closed,3652.95,0.2572,2,1
ACC500515,CUST100352,Gold,7200,2024-05-11,Active,2585.53,0.3591,0,0
ACC501579,CUST101071,Standard,18500,2023-12-23,Active,7498.22,0.4053,0,0
ACC501455,CUST100986,Standard,20600,2025-10-29,Active,12036.62,0.5843,1,0
ACC503432,CUST102338,Standard,13900,2022-05-31,Active,9857.57,0.7092,2,0
ACC501614,CUST101096,Standard,19600,2015-03-13,Active,6688.24,0.3412,1,0
ACC503564,CUST102427,Gold,13000,2026-02-12,Active,590.44,0.0454,0,0
ACC500936,CUST100631,Secured,3200,2019-03-18,Active,1274.5,0.3983,1,0
ACC500978,CUST100660,secured,22700,2026-04-17,Active,2760.27,0.1216,1,0
ACC500296,CUST100204,gold,17200,2024-10-11,Active,6998.5,0.4069,0,0
ACC503500,CUST102386,Gold,15300,2025-09-06,Closed,2857.68,0.1868,0,0
ACC502722,CUST101851,Secured,17000,2020-06-05,Active,4342.48,0.2554,1,0
ACC500742,CUST100498,Standard,15400,2021-10-13,Active,8898.28,0.5778,0,0
ACC500001,CUST100000,Gold,11500,2025-09-19,Active,7696.59,0.6693,2,0
ACC503419,CUST102329,Gold,15900,2025-05-02,Active,0.0,0.0,0,0
ACC503310,CUST102262,Standard,14900,2024-06-16,Active,2196.8,0.1474,0,0
ACC502796,CUST101904,Standard,7600,2019-02-19,Active,2176.31,0.2864,0,0
ACC501334,CUST100900,Standard,15100,2025-07-23,Active,0.0,0.0,0,0
ACC502924,CUST101992,Standard,14900,2026-03-20,Active,8043.03,0.5398,1,0
ACC500900,CUST100607,Secured,6500,2021-07-10,Active,4707.62,0.7242,1,0
ACC502249,CUST101535,Standard,11900,2019-11-28,Active,5819.09,0.489,1,0
ACC501920,CUST101312,Gold,16200,2023-12-01,Active,3948.5,0.2437,0,0
ACC501964,CUST101343,Standard,20200,2025-10-13,Frozen,6006.91,0.2974,0,0
ACC503181,CUST102172,Standard,12300,2025-09-22,Active,4159.5,0.3382,3,0
ACC502470,CUST101683,Gold,9400,2026-03-23,Active,5474.92,0.5824,4,0
ACC500390,CUST100267,Standard,12200,2021-11-11,Active,752.01,0.0616,0,0
ACC502093,CUST101437,Platinum,6600,2017-08-14,Active,1374.48,0.2083,2,0
ACC502473,CUST101686,Standard,13100,2026-04-19,Active,1870.32,0.1428,1,0
ACC501053,CUST100713,Gold,7500,2026-03-14,Active,877.92,0.1171,0,0
ACC500859,CUST100581,Gold,10100,2021-09-13,Active,1776.69,0.1759,0,0
ACC503243,CUST102215,Gold,8300,2016-06-18,Active,5786.59,0.6972,2,1
ACC501400,CUST100948,Gold,18700,2021-09-24,Active,11697.39,0.6255,1,0
ACC503564,CUST102427,Gold,13000,2026-02-12,Active,590.44,0.0454,0,0
ACC503421,CUST102331,Standard,10900,2024-08-23,Active,3972.26,0.3644,1,0
ACC501761,CUST101205,Secured,19800,2026-09-02,Active,8873.44,0.4482,0,0
ACC501659,CUST101131,Gold,7600,2022-06-17,Active,1546.56,0.2035,0,0
ACC503552,CUST102419,Standard,12900,2023-11-02,Active,2862.03,0.2219,1,0
ACC500721,CUST100484,Gold,16700,2023-10-18,Closed,4991.54,0.2989,1,0
ACC501513,CUST101023,Platinum,12700,2025-11-15,Active,9516.59,0.7493,1,0
ACC501560,CUST101056,Standard,19100,2023-09-02,Active,5624.61,0.2945,2,0
ACC503394,CUST102314,Standard,19100,2025-12-19,Active,2288.69,0.1198,1,0
ACC502253,CUST101537,Gold,19800,2025-04-15,Active,0.0,0.0,1,0
ACC501228,CUST100826,Standard,15700,2022-09-05,Closed,5246.7,0.3342,2,0
ACC501704,CUST101163,Gold,13700,2025-04-29,Active,1456.12,0.1063,0,0
ACC501509,CUST101021,Standard,13500,2024-02-17,Closed,4197.86,0.311,0,0
ACC502359,CUST101611,Gold,18700,2026-03-19,Active,8236.77,0.4405,1,0
ACC502578,CUST101757,Gold,11600,2023-01-27,,6275.25,0.541,4,0
ACC502719,CUST101849,Secured,12100,2022-12-14,Active,2629.79,0.2173,0,0
ACC500158,CUST100108,Secured,23600,2020-02-26,Active,6777.66,0.2872,0,0
ACC502994,CUST102038,Standard,27600,2023-09-04,Active,635.79,0.023,0,0
ACC503165,CUST102161,Standard,8900,2023-10-11,Active,1519.98,0.1708,1,0
ACC503375,CUST102303,Gold,20700,2020-09-06,Active,7760.24,0.3749,3,0
ACC502894,CUST101971,Standard,17900,2023-09-02,Closed,0.0,0.0,1,0
ACC503257,CUST102226,Platinum,10400,2025-10-11,Active,4344.07,0.4177,1,0
ACC502228,CUST101524,Gold,21100,2024-04-17,Active,16356.09,0.7752,0,0
ACC500513,CUST100350,Standard,20700,2024-08-20,Frozen,15644.84,0.7558,1,0
ACC500509,CUST100349,Platinum,21700,2025-08-30,Active,5145.35,0.2371,0,0
ACC500233,CUST100161,Standard,14700,2015-09-24,Active,8411.99,0.5722,0,0
ACC500059,CUST100039,Standard,10200,2025-12-03,Closed,1490.19,0.1461,0,0
ACC502516,CUST101713,Standard,17100,2024-09-01,Active,421.98,0.0247,0,0
ACC500505,CUST100346,Standard,9100,2024-07-04,Active,1747.08,0.192,2,0
ACC500497,CUST100340,Standard,9400,2024-07-17,Active,1928.54,0.2052,1,0
ACC500818,CUST100555,Standard,22900,2025-08-03,Frozen,6205.08,0.271,1,0
ACC503298,CUST102253,Gold,11700,2025-08-31,Active,1093.27,0.0934,2,0
ACC500734,CUST100493,Secured,14900,2026-03-21,Active,4649.96,0.3121,2,0
ACC500577,CUST100393,Standard,18300,2020-02-12,Active,5930.84,0.3241,0,0
ACC502007,CUST101373,Secured,13100,2026-08-18,Active,4772.98,0.3643,0,0
ACC500179,CUST100119,Gold,17800,2020-12-08,Closed,10261.28,0.5765,1,1
ACC502961,CUST102014,Standard,14600,2026-07-18,Active,6608.44,0.4526,1,0
ACC503302,CUST102256,Gold,9300,2023-10-22,Active,595.92,0.0641,1,0
ACC500668,CUST100445,Secured,11200,2023-08-23,Closed,1606.09,0.1434,1,0
ACC501708,CUST101165,Gold,12300,2025-10-11,Active,4608.59,0.3747,2,0
ACC502972,CUST102023,Platinum,21600,2021-06-07,Active,0.0,0.0,1,0
ACC502152,CUST101475,Standard,17000,2015-02-15,Active,6318.89,0.3717,4,0
ACC502368,CUST101618,Standard,11400,2021-12-14,Active,2924.0,0.2565,0,0
ACC501871,CUST101277,Standard,21600,2026-09-05,Active,6165.76,0.2855,2,0
ACC503107,CUST102114,Gold,23100,2024-06-13,Active,7303.55,0.3162,2,0
ACC502548,CUST101735,Platinum,11500,2019-01-11,Active,7361.14,0.6401,2,0
ACC500794,CUST100535,Standard,7700,2022-11-11,Active,1724.31,0.2239,3,0
ACC502215,CUST101513,Platinum,12800,2020-03-12,Active,6365.81,0.4973,3,0
ACC502425,CUST101655,Standard,12300,2026-09-05,Active,5365.78,0.4362,3,0
ACC502909,CUST101982,Standard,16600,2022-03-11,Active,6961.45,0.4194,1,0
ACC501793,CUST101224,Platinum,27300,2021-10-25,Active,2185.81,0.0801,0,0
ACC500197,CUST100134,Standard,6400,2025-05-17,Active,6512.36,-1.0176,0,1
ACC503566,CUST102429,Gold,11800,2025-09-18,Active,3635.43,0.3081,4,0
ACC502220,CUST101516,Standard,20000,2026-08-23,Active,9618.8,0.4809,0,0
ACC500527,CUST100359,Standard,20800,2026-04-27,Closed,11239.42,0.5404,2,0
ACC502762,CUST101878,Standard,13400,2026-01-14,Active,2470.65,0.1844,0,0
ACC501939,CUST101327,standard,14200,2023-01-22,Active,4478.54,0.3154,0,0
ACC501404,CUST100951,Standard,9400,2025-08-09,Active,3887.55,0.4136,1,0
ACC502767,CUST101882,Standard,22300,2019-05-06,Active,14776.47,0.6626,1,0
ACC501211,CUST100813,Platinum,20500,2025-06-19,Active,299.93,0.0146,0,0
ACC502513,CUST101711,Standard,14300,2018-09-20,Active,6892.72,0.482,0,0
ACC500526,CUST100359,Standard,18400,2020-11-28,Active,4184.7,0.2274,0,0
ACC502998,CUST102041,Gold,6800,2026-06-01,Active,4830.18,0.7103,1,0
ACC503226,CUST102202,Standard,12600,2022-07-27,Active,3630.99,0.2882,1,0
ACC501183,CUST100796,Standard,15300,2026-01-26,Active,12110.62,0.7915,0,0
ACC503251,CUST102221,Platinum,15300,2024-11-28,Active,0.0,0.0,0,1
ACC502194,CUST101500,platinum,13900,2019-06-08,Active,1151.94,0.0829,1,0
ACC502086,CUST101433,standard,11000,2026-03-13,Active,2844.62,0.2586,1,0
ACC503174,CUST102168,Platinum,12200,2025-11-24,,816.64,0.0669,0,0
ACC502745,CUST101866,Secured,8700,2025-11-07,Active,5752.6,0.6612,2,0
ACC503380,CUST102306,Gold,16800,2026-04-02,Active,6784.85,0.4039,0,0
ACC501363,CUST100920,Gold,17600,2023-07-25,Active,11180.45,0.6353,0,0
ACC500048,CUST100032,Gold,19100,2017-04-20,Active,1253.01,0.0656,0,0
ACC501437,CUST100972,Gold,23400,2019-09-25,Active,1569.67,0.0671,1,0
ACC503156,CUST102156,Standard,19000,2020-11-14,Closed,6083.77,0.3202,2,0
ACC500374,CUST100257,gold,15000,2021-12-26,Active,6351.9,0.4235,0,0
ACC500546,CUST100371,Standard,12400,2026-04-14,Active,3831.0,0.309,0,0
ACC500769,CUST100517,Standard,30600,2024-10-07,Active,8098.72,0.2647,0,0
ACC500630,CUST100424,Gold,15700,2026-04-27,Active,4338.45,0.2763,0,0
ACC501258,CUST100848,Standard,20200,2024-03-20,Active,11403.61,0.5645,0,0
ACC503066,CUST102089,Standard,19500,2020-09-12,Active,8929.33,0.4579,1,0
ACC500563,CUST100384,Gold,5000,2023-08-11,Active,1816.7,0.3633,2,1
ACC502512,CUST101711,Gold,23500,2017-11-08,Active,11097.12,0.4722,2,0
ACC503482,CUST102374,Standard,16500,2011-10-28,Active,8159.67,0.4945,2,0
ACC500187,CUST100125,Gold,12100,2026-08-22,Active,5018.76,0.4148,0,0
ACC501701,CUST101162,gold,11100,2026-07-01,Active,3707.65,0.334,1,0
ACC501740,CUST101191,Standard,15300,2026-01-30,Active,7196.23,0.4703,0,0
ACC501319,CUST100888,Secured,11500,2025-08-11,Active,1856.47,0.1614,1,0
ACC503587,CUST102443,Standard,16200,2024-12-23,Active,12668.05,0.782,1,0
ACC501367,CUST100923,Standard,11600,2026-04-03,Active,5805.86,0.5005,0,0
ACC501048,CUST100710,Gold,16000,2021-04-14,Active,5757.32,0.3598,0,0
ACC501630,CUST101109,Gold,21600,2019-10-22,Active,11442.71,0.5298,0,0
ACC502765,CUST101881,Platinum,10200,2014-08-25,Active,7832.11,0.7679,2,0
ACC501536,CUST101039,Standard,14300,2026-07-19,Active,3208.0,0.2243,1,0
ACC501473,CUST100999,gold,11500,2020-07-23,Active,7489.02,0.6512,2,0
ACC502848,CUST101939,Standard,8500,2021-08-06,Active,4296.1,0.5054,3,0
ACC501672,CUST101140,Standard,12500,2025-03-20,Active,7545.75,0.6037,1,0
ACC502180,CUST101493,Gold,7500,2023-02-22,Closed,2618.5,0.3491,0,0
ACC501243,CUST100837,Standard,13000,2025-11-08,Closed,8271.54,0.6363,1,0
ACC503579,CUST102438,Standard,20600,2022-01-24,Active,1552.33,0.0754,0,0
ACC501559,CUST101055,Standard,24400,2026-05-26,Active,8554.06,0.3506,1,0
ACC502674,CUST101817,Secured,23200,2026-06-19,Active,12381.49,0.5337,0,0
ACC503199,CUST102184,Standard,8900,2024-02-09,Closed,3834.9,0.4309,0,0
ACC503135,CUST102138,Platinum,18200,2022-03-10,Active,4478.64,0.2461,1,0
ACC500613,CUST100416,Platinum,24500,2026-01-21,Active,0.0,0.0,0,0
ACC502713,CUST101846,Standard,18600,2024-12-09,Active,8879.93,0.4774,0,0
ACC501843,CUST101259,secured,16700,2016-03-19,Active,8440.04,0.5054,0,0
ACC500474,CUST100325,Gold,10000,2025-09-10,Active,4060.53,0.4061,3,0
ACC501677,CUST101145,Standard,9400,2020-09-12,Active,1022.78,0.1088,0,0
ACC501675,CUST101143,standard,16000,2025-06-30,Active,11204.39,0.7003,0,0
ACC501278,CUST100860,Platinum,13300,2025-08-16,Active,10115.21,0.7605,1,1
ACC501660,CUST101132,Standard,20300,2014-10-18,Active,14625.69,0.7205,1,0
ACC501467,CUST100994,Secured,15500,2018-11-06,Active,6728.84,0.4341,0,0
ACC503411,CUST102324,Standard,18100,2024-12-22,Closed,8625.51,0.4765,1,1
ACC502033,CUST101392,Standard,16700,2025-10-19,,2815.41,0.1686,0,0
ACC503031,CUST102063,Gold,18800,2024-11-14,Active,8023.33,0.4268,0,0
ACC503281,CUST102242,Platinum,16000,2021-04-02,Active,3793.3,0.2371,0,0
ACC501438,CUST100973,Platinum,14000,2026-01-27,Active,7339.11,0.5242,2,0
ACC500930,CUST100627,Gold,22000,2024-03-28,Active,0.0,0.0,0,0
ACC502829,CUST101927,Gold,8300,2025-02-28,Active,2580.14,0.3109,1,0
ACC503247,CUST102218,Standard,6000,2026-02-23,Active,5826.2,0.971,1,0
ACC503640,CUST102475,Gold,4400,2025-03-28,Active,1873.06,0.4257,0,0
ACC500852,CUST100576,Platinum,17200,2018-10-09,Active,9517.2,0.5533,1,0
ACC500454,CUST100313,Gold,16700,2024-09-23,Active,4347.8,0.2603,1,0
ACC502824,CUST101924,Gold,7800,2024-04-11,Active,1399.28,0.1794,1,0
ACC503439,CUST102343,Standard,26900,2024-05-13,Closed,13189.88,0.4903,3,0
ACC502690,CUST101829,Standard,12900,2019-09-15,Active,5195.89,0.4028,1,0
ACC500143,CUST100096,Standard,7700,2025-01-07,Active,2561.35,0.3326,1,0
ACC502926,CUST101994,Gold,18700,2020-03-09,Active,8280.26,0.4428,1,0
ACC502432,CUST101660,Gold,12800,2023-10-20,Closed,7679.54,0.6,0,0
ACC501331,CUST100897,Platinum,20900,2024-10-23,Active,4309.66,0.2062,0,0
ACC501878,CUST101281,Gold,10100,2020-06-16,Active,2684.8,0.2658,1,0
ACC500824,CUST100558,Standard,26600,2026-05-22,Active,15203.55,0.5716,1,0
ACC502384,CUST101628,Gold,13100,2014-08-14,Active,7396.53,0.5646,1,0
ACC502806,CUST101910,Gold,17100,2025-06-28,Active,13184.74,0.771,0,0
ACC502043,CUST101400,Standard,19000,2018-08-22,Active,7825.09,0.4118,0,0
ACC501607,CUST101091,Gold,17500,2024-09-19,Active,9085.83,0.5192,0,0
ACC501187,CUST100797,Standard,20000,2023-01-18,Closed,6266.84,0.3133,1,0
ACC503599,CUST102449,platinum,20600,2025-06-29,Active,4657.91,0.2261,0,0
ACC500893,CUST100603,Standard,14600,2024-08-27,Active,11725.77,0.8031,4,0
ACC800003,CUST999903,Gold,18300,2024-04-10,,1624.8,0.0888,0,0
ACC501447,CUST100980,Standard,14100,2026-04-04,Active,6804.21,0.4826,1,0
ACC502541,CUST101731,Platinum,23200,2025-09-26,Active,16841.09,0.7259,1,0
ACC503092,CUST102104,Gold,15600,2017-06-08,Active,6529.17,0.4185,2,0
ACC503055,CUST102081,Gold,17400,2025-11-15,Active,10284.29,0.5911,2,0
ACC501865,CUST101273,Platinum,18500,2019-07-30,Active,5323.93,0.2878,1,0
ACC501029,CUST100697,Platinum,18700,2025-04-13,Active,6812.71,0.3643,2,0
ACC500241,CUST100166,Gold,18900,2019-12-16,Active,9036.03,0.4781,0,0
ACC501403,CUST100950,Gold,37800,2025-08-19,Frozen,24216.75,0.6407,1,0
ACC501002,CUST100679,standard,17200,2021-07-28,Active,0.0,0.0,1,0
ACC500770,CUST100518,gold,21400,2017-12-28,Active,12860.49,0.601,2,1
ACC500548,CUST100372,Platinum,13900,2023-03-19,Active,4813.74,0.3463,0,0
ACC502358,CUST101611,Standard,15500,2026-05-01,,9106.81,0.5875,1,0
ACC502605,CUST101775,Standard,16700,2022-12-19,Active,7329.16,0.4389,0,1
ACC501439,CUST100974,Gold,12000,2024-03-07,Active,0.0,0.0,1,0
ACC501308,CUST100883,Platinum,11200,2026-08-15,Active,8141.72,0.7269,1,0
ACC501912,CUST101306,Gold,19600,2026-06-28,Active,1044.24,0.0533,0,0
ACC503137,CUST102140,standard,23100,2026-05-04,Closed,11208.58,0.4852,1,0
ACC503303,CUST102257,Standard,11200,2020-06-17,Active,4533.86,0.4048,1,0
ACC503322,CUST102268,Gold,11900,2018-02-19,Active,8774.59,0.7374,0,0
ACC501797,CUST101226,standard,10500,2017-12-19,Active,4679.22,0.4456,1,0
ACC503188,CUST102177,standard,17300,2018-07-12,Closed,0.0,0.0,0,0
ACC501503,CUST101018,Standard,18400,2021-04-24,Active,10322.0,0.561,2,0
ACC503328,CUST102272,Gold,15200,2019-08-11,Closed,6541.59,0.4304,0,0
ACC503005,CUST102046,Gold,4500,2019-10-28,Active,998.7,0.2219,0,0
ACC500136,CUST100093,standard,13700,2024-03-07,Closed,2276.58,0.1662,0,0
ACC503343,CUST102283,Gold,16600,2026-08-23,Active,4965.65,0.2991,1,0
ACC503172,CUST102167,standard,15600,2023-01-09,Active,7059.02,0.4525,0,0
ACC501620,CUST101101,Secured,22400,2025-04-12,Active,1411.08,0.063,0,0
ACC500585,CUST100398,Standard,12200,2023-11-12,Active,8064.4,0.661,1,0
ACC501241,CUST100836,Standard,9700,2023-05-02,Closed,2580.97,0.2661,1,0
ACC500458,CUST100316,Standard,12800,2025-01-05,Active,4403.92,0.3441,0,0
ACC500603,CUST100408,Standard,7900,2024-08-03,Active,4729.77,0.5987,1,0
ACC503409,CUST102322,Gold,17000,2014-12-11,Active,7721.15,0.4542,1,0
ACC501635,CUST101113,Gold,24800,2025-10-26,Closed,13593.33,0.5481,2,1
ACC503338,CUST102278,Standard,13900,2023-08-10,Closed,1987.3,0.143,1,0
ACC503538,CUST102408,Gold,12800,2019-05-22,Active,4523.71,0.3534,0,0
ACC502832,CUST101929,Secured,15000,2025-10-21,Active,2439.9,0.1627,0,0
ACC500540,CUST100368,Platinum,15600,2022-12-10,Active,5541.81,0.3552,0,0
ACC500756,CUST100506,Gold,16300,2025-11-10,Closed,5841.36,0.3584,1,0
ACC503013,CUST102051,Gold,21200,2026-07-04,Active,7388.44,0.3485,1,0
ACC502764,CUST101880,Standard,16500,2022-01-28,Active,1187.23,0.072,0,0
ACC501088,CUST100734,Gold,14900,2022-10-09,Active,10885.41,0.7306,1,0
ACC502688,CUST101828,Standard,14100,2022-10-24,Active,5516.71,0.3913,1,0
ACC503408,CUST102321,Gold,16400,2022-08-01,Active,3800.68,0.2317,0,0
ACC502990,CUST102035,Gold,20100,2020-06-14,Active,11093.24,0.5519,0,0
ACC501362,CUST100919,platinum,16100,2024-04-07,Frozen,3849.06,0.2391,1,0
ACC503478,CUST102372,Standard,11000,2022-08-30,Active,3996.8,0.3633,0,0
ACC502218,CUST101515,Secured,12300,2023-04-01,Active,12695.14,1.0321,3,0
ACC500726,CUST100487,Gold,19100,2026-03-19,Active,8234.72,0.4311,0,0
ACC501929,CUST101319,standard,11900,2025-05-20,Active,7652.55,0.6431,2,0
ACC502953,CUST102011,Gold,27900,2026-09-02,Active,13064.35,0.4683,0,0
ACC500401,CUST100275,Gold,24700,2025-11-28,Active,8305.88,0.3363,0,0
ACC500516,CUST100353,Gold,7300,2023-08-30,Active,5563.14,0.7621,4,1
ACC500723,CUST100485,Platinum,8500,2024-01-29,Active,4060.98,0.4778,1,0
ACC501019,CUST100691,Gold,15500,2024-08-12,Active,5764.98,0.3719,0,0
ACC500970,CUST100655,Standard,18100,2025-12-10,Active,5406.57,0.2987,0,0
ACC500928,CUST100627,Platinum,11000,2022-01-09,Active,6550.31,0.5955,1,0
ACC503638,CUST102473,Platinum,21300,2021-04-01,Active,9524.2,0.4471,2,0
ACC500324,CUST100223,Standard,14800,2023-03-04,Active,2.66,0.0002,0,0
ACC501956,CUST101337,Secured,20000,2026-05-21,Closed,10642.47,0.5321,0,0
ACC502625,CUST101788,Standard,14000,2025-03-31,Active,6674.32,0.4767,0,0
ACC502047,CUST101404,Standard,19500,2025-05-31,Active,8339.7,0.4277,2,0
ACC503240,CUST102213,Gold,12700,2025-04-05,Active,6323.64,0.4979,3,0
ACC500654,CUST100436,Standard,11900,2014-10-03,Active,6247.66,0.525,0,0
ACC502810,CUST101913,Gold,11900,2022-02-14,Active,1212.18,0.1019,0,0
ACC501889,CUST101289,Platinum,8400,2021-02-07,Active,6515.83,0.7757,0,1
ACC501446,CUST100979,Standard,21600,2026-07-10,Active,10958.26,0.5073,2,0
ACC502136,CUST101466,standard,18400,2016-11-17,Active,6132.63,0.3333,1,0
ACC500182,CUST100122,Standard,17000,2018-12-08,Active,862.6,0.0507,2,0
ACC500280,CUST100193,Gold,8500,2021-09-19,Active,5067.03,0.5961,2,0
ACC500583,CUST100396,Secured,6900,2021-02-18,Active,8743.66,1.2672,2,0
ACC501510,CUST101021,Secured,7500,2024-03-02,Active,4228.27,0.5638,0,0
ACC501197,CUST100804,Platinum,11800,2025-09-24,Active,2657.5,0.2252,0,0
ACC503508,CUST102391,Standard,19700,2026-04-26,Active,8590.39,0.4361,0,0
ACC500441,CUST100302,Platinum,33000,2025-10-15,Active,2243.42,0.068,0,0
ACC503178,CUST102171,standard,18100,2024-05-30,Active,1082.52,0.0598,0,0
ACC502785,CUST101895,Gold,25700,2025-09-06,Active,6094.78,0.2372,1,0
ACC500895,CUST100604,Standard,10100,2025-09-07,Active,6752.21,0.6685,0,1
ACC501275,CUST100858,Secured,27100,2021-01-12,Active,9591.14,0.3539,0,0
ACC503367,CUST102297,Secured,10300,2024-06-04,Active,2839.91,0.2757,0,0
ACC503403,CUST102319,platinum,8000,2026-06-01,Active,3650.71,0.4563,2,0
ACC503479,CUST102372,Standard,12800,2013-07-24,Active,4341.76,0.3392,1,0
ACC500700,CUST100469,Standard,11800,2017-12-13,Active,3976.17,0.337,1,0
ACC502668,CUST101814,Standard,16800,2021-12-17,Active,5219.26,0.3107,0,0
ACC502884,CUST101964,Platinum,18400,2025-07-01,Active,3881.27,0.2109,0,0
ACC501683,CUST101149,Standard,22200,2017-10-03,Active,2911.24,0.1311,0,0
ACC501485,CUST101007,Secured,11600,2021-04-12,Active,7794.54,0.6719,3,1
ACC501895,CUST101295,Gold,12400,2013-10-16,Active,2616.23,0.211,0,0
ACC501118,CUST100755,secured,19300,2022-11-30,Active,5220.32,0.2705,1,0
ACC500944,CUST100639,Gold,14700,2021-04-06,Active,9461.32,0.6436,2,0
ACC501795,CUST101224,Standard,25300,2018-02-27,Active,0.0,0.0,1,0
ACC502792,CUST101901,Gold,15400,2025-10-30,Active,10831.08,0.7033,1,0
ACC500813,CUST100551,platinum,4800,2016-12-06,,2999.04,0.6248,2,0
ACC500269,CUST100186,Gold,10400,2026-03-10,Active,6394.15,0.6148,2,0
ACC502219,CUST101516,Gold,18400,2026-08-26,Active,5795.51,0.315,1,0
ACC503102,CUST102111,Standard,9200,2025-12-18,Active,5167.53,0.5617,2,0
ACC502798,CUST101905,Platinum,19100,2021-11-27,Frozen,8481.19,0.444,2,1
ACC500624,CUST100420,Standard,13000,2025-12-09,,11477.93,0.8829,4,1
ACC502238,CUST101529,Gold,12200,2021-02-16,Active,5987.98,0.4908,3,1
ACC503282,CUST102243,Platinum,23700,2024-06-25,Closed,225.82,0.0095,1,0
ACC501475,CUST101000,Gold,9500,2020-02-16,Active,6806.4,0.7165,3,0
ACC503484,CUST102376,Gold,8600,2024-05-18,Active,3365.79,0.3914,2,0
ACC502179,CUST101492,Standard,15300,2026-08-06,Frozen,6585.22,0.4304,1,0
ACC503267,CUST102233,Standard,25000,2018-09-25,Active,12597.15,0.5039,0,0
ACC501130,CUST100761,Secured,13500,2022-04-21,Active,5437.37,0.4028,1,0
ACC503148,CUST102149,Platinum,21200,2022-04-03,Active,7541.3,0.3557,2,0
ACC500883,CUST100598,Standard,23700,2020-12-12,Active,7591.0,0.3203,1,0
ACC500806,CUST100546,Standard,23200,2019-02-01,Active,10612.44,0.4574,0,0
ACC503053,CUST102079,Gold,18100,2026-08-01,Active,6139.19,0.3392,1,0
ACC503285,CUST102244,Platinum,22000,2026-08-12,Active,8830.27,0.4014,0,0
ACC503563,CUST102426,Gold,15000,2026-06-24,Active,3168.0,0.2112,2,0
ACC501756,CUST101202,Standard,20100,2019-05-01,Closed,3432.27,0.1708,2,0
ACC500864,CUST100585,Standard,19900,2026-01-12,Active,4819.74,0.2422,0,0
ACC501690,CUST101154,Gold,19800,2026-07-20,Active,4030.99,0.2036,0,0
ACC503415,CUST102326,Standard,11300,2025-07-14,Closed,3344.83,0.296,0,0
ACC501289,CUST100869,Standard,12200,2025-01-14,Active,5417.67,0.4441,2,0
ACC500451,CUST100310,Standard,24300,2022-02-14,Closed,8608.74,0.3543,0,0
ACC500255,CUST100175,Standard,18700,2025-10-07,Active,3544.91,0.1896,1,0
ACC501569,CUST101063,Gold,19400,2025-09-15,Active,7870.76,0.4057,0,0
ACC501337,CUST100903,Standard,12000,2025-11-30,Active,9565.08,0.7971,2,0
ACC501749,CUST101198,Standard,12000,2021-10-14,Closed,8042.74,0.6702,0,0
ACC502022,CUST101386,secured,14900,2020-06-28,Active,11244.06,0.7546,1,0
ACC502398,CUST101637,Standard,10900,2024-12-24,Active,9948.02,0.9127,2,0
ACC502284,CUST101558,Gold,23300,2026-01-13,Active,4305.88,0.1848,1,0
ACC503269,CUST102234,Platinum,12500,2016-11-02,Active,11006.43,0.8805,1,0
ACC500330,CUST100226,Standard,16300,2018-11-08,Active,0.0,0.0,1,0
ACC500360,CUST100248,platinum,18000,2026-03-23,Active,6808.62,0.3783,0,0
ACC501671,CUST101139,Standard,9100,2026-05-08,Active,4766.75,0.5238,0,0
ACC503216,CUST102195,secured,21400,2021-11-08,Active,4540.5,0.2122,0,0
ACC500196,CUST100134,standard,14300,2024-09-02,Active,7481.94,0.5232,1,0
ACC500998,CUST100677,Platinum,19900,2025-04-27,Active,11362.75,0.571,1,0
ACC503534,CUST102405,gold,13700,2021-11-19,,6734.05,0.4915,0,0
ACC500114,CUST100078,Gold,7600,2026-06-19,Active,3283.8,0.4321,1,0
ACC501263,CUST100850,standard,16200,2018-01-12,Active,7016.97,0.4331,1,0
ACC501244,CUST100838,Standard,13000,2021-12-07,Frozen,1911.48,0.147,1,0
ACC502955,CUST102012,Secured,19000,2025-06-08,Frozen,6190.26,0.3258,1,0
ACC502403,CUST101641,Standard,23200,2020-10-21,Active,7227.58,0.3115,1,0
ACC501078,CUST100730,Standard,12700,2019-04-27,Active,875.96,0.069,1,0
ACC503010,CUST102048,Standard,27600,2026-05-29,Active,11617.51,0.4209,1,0
ACC501913,CUST101307,Platinum,11700,2018-07-16,Closed,5158.35,0.4409,1,0
ACC502737,CUST101862,Standard,24400,2025-09-13,Active,6886.75,0.2822,1,0
ACC502181,CUST101493,Platinum,10900,2026-07-12,Active,2611.23,0.2396,0,0
ACC500809,CUST100549,Platinum,18700,2021-12-29,Active,3419.39,0.1829,3,0
ACC502736,CUST101861,Gold,15500,2020-08-23,,8883.16,0.5731,0,0
ACC502370,CUST101619,Standard,20300,2025-09-14,Active,6283.97,0.3096,1,0
ACC500018,CUST100012,Gold,13500,2020-03-02,Active,2367.6,0.1754,0,0
ACC501481,CUST101004,Platinum,14500,2024-05-15,Active,1682.76,0.1161,1,0
ACC503117,CUST102123,Standard,15600,2024-01-07,Closed,11533.78,0.7393,0,0
ACC500592,CUST100402,platinum,13500,2024-12-09,Active,6185.75,0.4582,3,0
ACC503483,CUST102375,Standard,17200,2025-06-08,Closed,2559.03,0.1488,0,0
ACC503319,CUST102267,Gold,16800,2021-05-04,Closed,4952.01,0.2948,4,0
ACC503351,CUST102289,Standard,5400,2019-03-17,Active,659.64,0.1222,0,0
ACC502460,CUST101674,Gold,10500,2023-07-03,Active,9939.95,0.9467,3,0
ACC502938,CUST102001,Standard,5900,2024-01-23,Active,3667.95,0.6217,1,0
ACC503004,CUST102045,Standard,17900,2018-03-12,Active,14351.78,0.8018,0,0
ACC502362,CUST101614,Gold,24600,2025-10-02,Active,2315.23,0.0941,0,0
ACC502790,CUST101899,platinum,8900,2018-12-02,Active,4454.7,0.5005,1,0
ACC501632,CUST101110,Standard,9800,2025-08-09,Active,6131.86,0.6257,0,0
ACC501176,CUST100791,Standard,10200,2025-08-14,Active,3637.54,0.3566,1,0
ACC500933,CUST100630,platinum,12400,2026-08-10,Closed,3974.13,0.3205,2,0
ACC503453,CUST102353,Standard,8200,2026-02-02,Active,5541.29,0.6758,3,1
ACC500476,CUST100326,Gold,12500,2022-04-30,Active,6680.03,0.5344,2,0
ACC500935,CUST100630,Standard,10700,2026-08-03,Active,5721.3,0.5347,1,0
ACC503643,CUST102476,gold,16100,2024-10-23,Active,7326.75,0.4551,2,0
ACC503384,CUST102308,Standard,7800,2020-09-21,Active,4242.73,0.5439,0,0
ACC501346,CUST100907,Standard,8100,2022-02-16,Active,4457.15,0.5503,2,0
ACC500948,CUST100642,Secured,16600,2021-02-21,Active,12233.42,0.737,1,0
ACC502449,CUST101669,Gold,7000,2025-07-29,Active,2089.02,0.2984,0,0
ACC501695,CUST101158,Gold,15300,2025-05-20,Active,7216.37,0.4717,0,0
ACC501005,CUST100681,Standard,25500,2020-10-26,Active,8862.03,0.3475,1,0
ACC500426,CUST100292,Gold,11600,2020-11-29,Active,4747.78,0.4093,0,0
ACC500320,CUST100221,Secured,15600,2026-08-05,Active,8468.62,0.5429,1,1
ACC500761,CUST100511,Gold,13700,2017-12-12,Active,7090.8,0.5176,1,0
ACC500619,CUST100418,gold,18300,2021-09-23,Active,1957.62,0.107,0,0
ACC500469,CUST100323,Standard,7800,2026-07-08,Active,3391.97,0.4349,2,0
ACC500104,CUST100073,Platinum,13300,2025-03-16,Active,0.0,0.0,1,0
ACC501309,CUST100883,Standard,17100,2026-07-29,Active,1955.18,0.1143,2,0
ACC502662,CUST101810,standard,9600,2015-03-06,Active,3403.66,0.3545,1,0
ACC501188,CUST100798,Standard,22500,2023-11-16,Active,4566.03,0.2029,0,0
ACC502175,CUST101488,Standard,10900,2018-01-26,Active,2337.2,0.2144,0,0
ACC500855,CUST100578,Standard,17800,2025-06-20,,11625.95,0.6531,3,0
ACC500832,CUST100564,Standard,21900,2025-07-10,Closed,11675.73,0.5331,1,0
ACC501314,CUST100886,standard,16200,2025-09-27,Active,6664.49,0.4114,5,0
ACC500732,CUST100491,gold,11600,2022-06-24,Active,5729.56,0.4939,1,0
ACC502314,CUST101580,Standard,15500,2023-08-07,Active,430.17,0.0278,1,0
ACC501166,CUST100785,Standard,17600,2025-10-28,Active,2360.19,0.1341,1,0
ACC501592,CUST101079,Standard,29100,2024-01-21,Active,1163.22,0.04,0,0
ACC503145,CUST102147,Gold,20200,2025-09-19,Active,9992.71,0.4947,0,0
ACC503050,CUST102077,Standard,15200,2023-07-02,,3983.82,0.2621,2,0
ACC502808,CUST101912,Standard,4600,2021-02-21,Active,3420.21,0.7435,0,0
ACC501609,CUST101092,Platinum,10000,2025-08-26,Active,6083.22,0.6083,1,0
ACC500010,CUST100005,Standard,8500,2016-08-11,Active,3876.31,0.456,3,0
ACC501466,CUST100994,Standard,23500,2024-07-20,Closed,7857.92,0.3344,0,0
ACC501420,CUST100961,Gold,12800,2026-06-09,Active,0.0,0.0,1,0
ACC503665,CUST102492,Standard,12700,2024-10-07,Active,5294.91,0.4169,0,0
ACC501117,CUST100754,Standard,18300,2024-11-11,Active,1068.31,0.0584,0,0
ACC501113,CUST100751,Standard,11800,2016-08-06,Frozen,7000.05,0.5932,3,0
ACC502504,CUST101705,Standard,12300,2015-10-27,Active,3581.02,0.2911,1,0
ACC503635,CUST102471,Standard,11000,2023-12-03,Active,3066.99,0.2788,1,0
ACC501747,CUST101197,Secured,9600,2025-02-22,Active,4819.01,0.502,0,0
ACC503229,CUST102205,Platinum,13000,2020-10-11,Active,3274.41,0.2519,0,0
ACC501962,CUST101341,Standard,8700,2025-07-05,Closed,6776.09,0.7789,0,0
ACC501753,CUST101200,Standard,17600,2026-07-24,Closed,3863.25,0.2195,0,1
ACC501105,CUST100745,Standard,13500,2016-02-12,Closed,8588.78,0.6362,2,0
ACC501921,CUST101313,Secured,15000,2026-06-19,Active,5108.87,0.3406,2,0
ACC500590,CUST100401,gold,15300,2025-10-20,Active,0.0,0.0,1,0
ACC501487,CUST101008,Standard,9100,2025-09-26,Active,3355.86,0.3688,0,1
ACC502751,CUST101871,Standard,20000,2025-08-08,Active,14094.11,0.7047,2,0
ACC501451,CUST100982,Standard,18800,2021-03-17,Active,3944.82,0.2098,1,0
ACC500030,CUST100021,Gold,15300,2018-09-30,Active,7587.8,0.4959,4,1
ACC502305,CUST101573,Gold,13900,2019-09-20,Active,1253.56,0.0902,1,0
ACC500014,CUST100008,gold,15300,2022-12-01,Active,6432.67,0.4204,1,0
ACC501828,CUST101249,Gold,17900,2025-02-28,Closed,9517.24,0.5317,0,0
ACC501281,CUST100862,Platinum,16500,2025-05-11,Active,3020.88,0.1831,0,0
ACC501634,CUST101112,Platinum,13600,2026-07-16,Active,7742.19,0.5693,2,0
ACC501433,CUST100970,Standard,14800,2021-07-07,Active,6786.6,0.4586,1,0
ACC502890,CUST101968,gold,14100,2023-01-20,Active,4307.35,0.3055,1,0
ACC501772,CUST101213,Gold,7400,2025-02-19,Active,469.66,0.0635,1,0
ACC502538,CUST101728,Secured,31000,2026-03-27,Active,13574.06,0.4379,1,0
ACC500502,CUST100343,Platinum,14400,2020-12-11,Active,9526.38,0.6616,0,0
ACC500692,CUST100462,Gold,13200,2022-11-26,Active,2457.25,0.1862,0,0
ACC502489,CUST101695,Secured,17700,2019-09-12,Active,3019.57,0.1706,0,0
ACC501177,CUST100791,Standard,10000,2026-07-24,Active,7275.76,0.7276,3,1
ACC502259,CUST101541,Standard,13100,2017-03-07,Active,7984.04,0.6095,0,0
ACC503038,CUST102068,Platinum,7600,2023-04-29,Active,4432.82,0.5833,4,1
ACC500562,CUST100384,Platinum,6800,2017-12-31,Active,1729.54,0.2543,2,0
ACC500898,CUST100606,Standard,5200,2025-11-23,Active,2235.67,0.4299,1,0
ACC500872,CUST100591,Platinum,9700,2017-03-21,Closed,8648.66,0.8916,0,1
ACC503280,CUST102241,Gold,21900,2026-02-05,Active,574.76,0.0262,1,0
ACC502304,CUST101573,Gold,9300,2018-07-28,Active,4135.53,0.4447,0,0
ACC500128,CUST100089,Standard,18700,2025-08-04,Active,6674.53,0.3569,1,0
ACC502584,CUST101760,gold,19500,2025-08-21,Active,2967.83,0.1522,1,0
ACC500671,CUST100448,secured,17100,2023-09-29,Closed,11561.86,0.6761,2,0
ACC501862,CUST101271,Standard,20000,2026-07-26,Active,8427.15,0.4214,0,0
ACC503655,CUST102484,Standard,11200,2023-04-26,Active,3933.96,0.3512,0,0
ACC500644,CUST100431,Standard,15400,2025-11-23,Active,5465.45,0.3549,1,0
ACC501598,CUST101085,Gold,16100,2026-01-17,Active,6469.08,0.4018,1,0
ACC500130,CUST100090,Standard,18600,2025-11-13,Active,2591.31,0.1393,0,0
ACC500119,CUST100082,Standard,7300,2015-09-26,Active,553.32,0.0758,0,0
ACC500677,CUST100451,Standard,16800,2023-03-17,Active,490.53,0.0292,0,0
ACC500774,CUST100521,Secured,20100,2024-01-30,Active,5635.31,0.2804,1,0
ACC503170,CUST102165,standard,17600,2022-06-06,Active,7313.59,0.4155,0,0
ACC500499,CUST100341,Standard,13600,2019-11-30,Active,8762.22,0.6443,1,0
ACC503480,CUST102373,Standard,19400,2025-11-29,Active,3583.6,0.1847,0,0
ACC501848,CUST101262,Standard,12700,2024-10-30,Active,6745.48,0.5311,2,0
ACC500512,CUST100350,Gold,11400,2021-10-26,Active,6147.91,0.5393,1,1
ACC501385,CUST100935,Gold,20900,2025-07-01,Active,12131.31,0.5804,1,0
ACC500779,CUST100524,Standard,12200,2021-12-08,Active,951.33,0.078,0,0
ACC503012,CUST102050,Platinum,18000,2018-02-10,Active,8222.58,0.4568,0,0
ACC500437,CUST100300,Platinum,10600,2024-09-05,Active,4541.98,0.4285,1,0
ACC503424,CUST102333,Secured,10500,2022-07-27,Closed,3903.56,0.3718,0,0
ACC502639,CUST101798,Gold,16700,2024-07-28,Active,8339.03,0.4993,0,0
ACC502156,CUST101477,Platinum,19500,2024-06-08,Active,5915.98,0.3034,1,0
ACC503618,CUST102460,Standard,17100,2020-05-10,Active,0.0,0.0,1,0
ACC501440,CUST100975,secured,9600,2016-11-26,Active,2144.47,0.2234,0,0
ACC501910,CUST101305,Standard,14600,2026-08-03,Active,8028.96,0.5499,2,0
ACC502576,CUST101755,Gold,15700,2025-08-22,Active,10573.49,0.6735,0,0
ACC503001,CUST102044,Gold,10900,2024-02-03,Active,2875.62,0.2638,1,0
ACC502476,CUST101688,Standard,12500,2026-02-02,Active,4029.18,0.3223,1,0
ACC500666,CUST100444,Standard,22500,2022-11-25,Active,0.0,0.0,1,0
ACC500355,CUST100244,Platinum,13200,2013-05-17,Active,1971.79,0.1494,0,0
ACC503548,CUST102416,Standard,18100,2025-12-06,Active,9424.06,0.5207,0,0
ACC502878,CUST101958,Standard,9000,2025-04-04,Active,5762.15,0.6402,2,0
ACC502679,CUST101821,Standard,18000,2018-08-07,Active,620.34,0.0345,0,0
ACC500427,CUST100293,Secured,12100,2022-06-14,Active,5924.79,0.4897,3,0
ACC500953,CUST100645,Standard,24100,2022-11-28,Active,13491.34,0.5598,2,0
ACC500778,CUST100523,Standard,12200,2022-01-08,Active,4288.48,0.3515,0,0
ACC500424,CUST100291,Standard,20000,2023-08-30,Active,11791.48,0.5896,3,0
ACC503235,CUST102208,Platinum,12800,2020-03-15,Active,4372.83,0.3416,0,0
ACC502023,CUST101386,Standard,16900,2020-08-19,Closed,7505.96,0.4441,0,0
ACC500191,CUST100129,Platinum,17200,2022-06-05,Active,2297.91,0.1336,0,0
ACC501416,CUST100959,Gold,17500,2019-07-24,Active,1651.1,0.0943,0,0
ACC501810,CUST101236,Gold,8500,2025-11-03,Active,5758.25,0.6774,0,0
ACC502442,CUST101664,Gold,13800,2025-12-13,Active,2295.73,0.1664,1,0
ACC501127,CUST100760,Standard,13600,2025-07-15,Active,5548.82,0.408,3,0
ACC502801,CUST101907,Standard,13100,2026-08-20,Active,5033.86,0.3843,0,0
ACC501493,CUST101011,Standard,23200,2026-05-04,Active,10232.65,0.4411,0,0
ACC500085,CUST100058,Gold,19900,2026-07-27,Active,4238.89,0.213,0,0
ACC500279,CUST100193,standard,13600,2022-07-08,,7457.13,0.5483,4,0
ACC501519,CUST101026,Standard,11100,2025-12-23,,7131.81,0.6425,0,0
ACC502150,CUST101475,Secured,9700,2024-04-26,Active,3481.62,0.3589,2,0
ACC501777,CUST101215,Platinum,11900,2026-06-15,Active,648.99,0.0545,2,0
ACC500068,CUST100046,Platinum,15900,2023-03-23,Active,4679.26,0.2943,0,0
ACC503209,CUST102190,Standard,17800,2017-12-15,Active,10151.72,0.5703,1,0
ACC501303,CUST100878,Platinum,17300,2025-05-01,Active,3472.31,0.2007,0,0
ACC502233,CUST101526,Standard,11500,2021-11-25,Closed,3853.67,0.3351,0,0
ACC503366,CUST102296,Gold,11100,2022-07-27,Active,4161.49,0.3749,1,0
ACC501222,CUST100822,gold,17200,2021-03-10,Active,3871.25,0.2251,0,0
ACC502642,CUST101799,Standard,16600,2021-09-21,Closed,5187.37,0.3125,1,0
ACC502896,CUST101973,Gold,11500,2024-12-24,Active,8650.09,0.7522,2,0
ACC501089,CUST100735,Gold,24400,2013-06-28,Active,3683.74,0.151,0,0
ACC503175,CUST102168,Standard,20800,2024-08-10,Active,8552.79,0.4112,1,0
ACC502038,CUST101396,Standard,10900,2023-11-22,Active,4308.0,0.3952,0,0
ACC500921,CUST100624,Gold,13800,2023-01-14,Active,1140.16,0.0826,1,0
ACC502057,CUST101412,Gold,13900,2025-03-22,Active,1093.69,0.0787,0,0
ACC500819,CUST100555,Secured,13700,2026-05-09,Active,5556.65,0.4056,1,1
ACC503192,CUST102180,Standard,11800,2021-05-11,,3851.43,0.3264,0,0
ACC502356,CUST101609,Standard,18300,2019-04-06,Closed,8147.59,0.4452,0,0
ACC500991,CUST100670,Platinum,23400,2024-09-17,Active,4292.6,0.1834,2,0
ACC500242,CUST100166,Platinum,20500,2018-12-26,Active,1778.77,0.0868,1,0
ACC502457,CUST101673,Standard,28100,2023-10-19,Active,17901.63,0.6371,0,0
ACC502779,CUST101891,Gold,11600,2019-08-20,Active,5883.89,0.5072,1,0
ACC502874,CUST101954,Gold,20700,2026-08-19,Active,6559.3,0.3169,0,0
ACC503569,CUST102431,Standard,14100,2020-12-13,Active,3526.94,0.2501,0,0
ACC500413,CUST100282,Standard,7800,2022-06-25,Closed,5049.64,0.6474,2,0
ACC503571,CUST102433,Gold,19200,2024-10-13,Active,5050.1,0.263,2,0
ACC502379,CUST101624,Standard,17500,2017-08-23,Closed,3057.17,0.1747,0,0
ACC501641,CUST101117,Standard,13600,2021-09-05,Active,5165.7,0.3798,0,0
ACC501754,CUST101201,Platinum,13700,2026-07-16,Closed,3525.02,0.2573,0,0
ACC501038,CUST100703,Platinum,16300,2019-06-29,Active,1330.54,0.0816,0,0
ACC502638,CUST101797,standard,7500,2026-06-16,Active,2171.84,0.2896,0,0
ACC503041,CUST102070,Gold,23000,2024-09-26,Active,6190.58,0.2692,3,0
ACC500627,CUST100421,Standard,6400,2017-02-20,Active,2111.02,0.3298,0,0
ACC500160,CUST100109,Gold,11300,2022-08-10,Active,4051.37,0.3585,0,0
ACC502823,CUST101923,standard,15900,2024-09-02,Active,10705.76,0.6733,1,0
ACC501992,CUST101361,Gold,19600,2020-12-19,Active,13325.46,0.6799,1,0
ACC500234,CUST100162,Standard,14800,2025-04-20,Active,8237.85,0.5566,2,0
ACC503268,CUST102234,Standard,11300,2023-08-19,Active,1945.37,0.1722,2,0
ACC502059,CUST101413,Gold,16100,2026-01-14,Active,3299.48,0.2049,0,0
ACC501522,CUST101028,Standard,14800,2020-03-10,Active,7418.0,0.5012,1,0
ACC500767,CUST100515,Platinum,18100,2021-02-05,Active,956.15,0.0528,0,0
ACC501617,CUST101099,Standard,19000,2024-10-13,Active,15633.98,0.8228,1,0
ACC500914,CUST100617,Gold,13400,2025-07-02,Closed,5198.1,0.3879,1,0
ACC503509,CUST102392,Gold,11600,2022-12-05,Closed,0.0,0.0,0,0
ACC502115,CUST101451,Standard,13600,2026-03-02,Active,1444.83,0.1062,1,0
ACC503057,CUST102083,Gold,16300,2016-03-08,Active,2468.83,0.1515,2,0
ACC502529,CUST101722,gold,14900,2014-03-22,Active,6726.09,0.4514,0,0
ACC500760,CUST100510,gold,13400,2025-06-03,Active,5732.74,0.4278,2,0
ACC501343,CUST100906,Standard,11600,2026-07-18,Active,760.27,0.0655,2,0
ACC500021,CUST100015,Gold,15200,2024-10-25,Active,2126.42,0.1399,0,0
ACC502992,CUST102036,Platinum,17700,2023-01-31,Active,5940.25,0.3356,1,0
ACC501957,CUST101338,Standard,8400,2023-10-21,Frozen,4595.48,0.5471,2,1
ACC501736,CUST101189,Gold,20000,2026-09-03,Active,8933.77,0.4467,2,1
ACC501679,CUST101147,Standard,17100,2025-04-27,Closed,9104.45,0.5324,0,0
ACC500581,CUST100395,Standard,19600,2025-11-21,Active,0.0,0.0,2,0
ACC500652,CUST100434,Gold,12900,2020-03-06,Active,6624.9,0.5136,1,0
ACC502997,CUST102040,Gold,12800,2021-10-09,Active,1115.47,0.0871,0,0
ACC500568,CUST100387,Gold,10200,2024-11-02,,2705.65,0.2653,2,0
ACC500857,CUST100580,Secured,14100,2026-08-16,Active,10302.07,0.7306,1,0
ACC502276,CUST101554,Standard,11900,2017-09-06,Active,8764.68,0.7365,1,0
ACC501333,CUST100899,Gold,20600,2026-02-24,Closed,4997.81,0.2426,1,0
ACC502899,CUST101974,Platinum,11000,2024-06-14,Active,4196.36,0.3815,3,0
ACC502743,CUST101865,Gold,22100,2025-03-22,Active,8402.23,0.3802,2,0
ACC502244,CUST101533,Secured,23100,2017-03-03,Active,10665.34,0.4617,3,0
ACC500993,CUST100672,Gold,12600,2025-11-19,Active,6804.76,0.5401,1,1
ACC503383,CUST102308,Secured,11700,2022-06-28,Active,5648.85,0.4828,0,0
ACC501778,CUST101216,Platinum,24000,2022-04-16,Active,9455.71,0.394,0,0
ACC503673,CUST102495,standard,19000,2025-05-07,Active,10681.39,0.5622,1,0
ACC501349,CUST100910,Gold,13100,2024-09-25,Active,6383.32,0.4873,0,0
ACC501844,CUST101260,Standard,8000,2026-01-10,Active,2255.26,0.2819,0,0
ACC501691,CUST101155,Platinum,13500,2025-03-01,Active,2325.41,0.1723,0,0
ACC502507,CUST101707,Standard,22900,2024-07-18,Active,13089.52,0.5716,0,0
ACC500884,CUST100598,Gold,18600,2026-09-06,Active,11229.45,0.6037,3,0
ACC501888,CUST101289,gold,7400,2022-06-04,Active,3370.68,0.4555,0,0
ACC503517,CUST102397,Secured,9300,2022-07-20,Active,3621.58,0.3894,1,0
ACC501121,CUST100756,Standard,14300,2024-06-16,Active,13486.44,0.9431,3,0
ACC500950,CUST100643,Platinum,18500,2016-01-14,Closed,7042.75,0.3807,1,0
ACC503407,CUST102321,Platinum,26000,2024-04-05,Active,2025.82,0.0779,0,0
ACC502261,CUST101541,standard,7800,2019-12-08,Active,3709.17,0.4755,1,0
ACC500113,CUST100078,Gold,19300,2026-09-06,Active,10644.14,0.5515,0,0
ACC501863,CUST101272,Platinum,20900,2025-10-09,Active,10127.28,0.4846,0,0
ACC500054,CUST100035,Standard,16300,2026-04-25,Active,4262.85,0.2615,1,0
ACC501589,CUST101078,Standard,16200,2020-09-26,Active,4732.81,0.2921,0,0
ACC500434,CUST100298,Standard,22600,2026-07-01,Closed,6127.9,0.2711,0,0
ACC501936,CUST101325,Standard,15200,2023-05-31,Active,4425.22,0.2911,0,0
ACC503138,CUST102141,Platinum,15700,2024-05-17,Frozen,8265.58,0.5265,1,0
ACC503154,CUST102154,Secured,16500,2026-04-30,Closed,0.0,0.0,1,0
ACC500093,CUST100065,Gold,15600,2022-07-20,,5720.81,0.3667,0,0
ACC501245,CUST100839,Gold,14800,2023-09-25,Active,7631.64,0.5157,0,0
ACC503410,CUST102323,Gold,9500,2026-05-23,,3260.79,0.3432,0,0
ACC500371,CUST100256,Platinum,15600,2025-09-23,Active,8680.87,0.5565,2,0
ACC501872,CUST101278,Standard,9700,2023-01-27,Active,3468.82,0.3576,0,0
ACC501138,CUST100767,Standard,20800,2024-05-23,Active,12425.68,0.5974,1,0
ACC501413,CUST100956,Secured,9400,2026-01-24,Active,7132.77,0.7588,3,0
ACC501079,CUST100731,Gold,14600,2026-03-05,Active,4528.0,0.3101,0,0
ACC500519,CUST100354,Gold,18900,2021-04-05,Active,14761.77,0.781,1,0
ACC500744,CUST100499,Standard,19700,2021-11-26,Active,7424.24,0.3769,2,0
ACC502845,CUST101936,Gold,8800,2023-09-27,Active,4676.44,0.5314,1,0
ACC500435,CUST100298,Gold,16500,2025-05-18,Active,11875.03,0.7197,0,0
ACC500029,CUST100020,Gold,25900,2025-12-23,Closed,2725.66,0.1052,0,0
ACC503609,CUST102456,Platinum,12600,2023-11-21,Active,9365.26,0.7433,0,0
ACC502027,CUST101388,Standard,13000,2023-01-13,Active,10510.74,0.8085,1,0
ACC501402,CUST100949,Gold,19400,2024-12-13,Closed,3055.1,0.1575,2,0
ACC501100,CUST100742,Platinum,13800,2025-02-06,Active,4343.16,0.3147,0,0
ACC500781,CUST100525,Standard,12100,2024-02-28,Closed,4018.76,0.3321,1,0
ACC503151,CUST102151,Standard,10100,2023-03-02,Active,4706.96,0.466,1,1
ACC501650,CUST101124,Gold,15600,2026-05-23,Active,2637.3,0.1691,0,0
ACC500455,CUST100314,Standard,10000,2022-06-10,Active,6174.83,0.6175,2,0
ACC502700,CUST101837,Gold,13100,2014-03-09,Active,4864.91,0.3714,1,0
ACC500684,CUST100456,Standard,12700,2022-05-13,Active,6759.72,0.5323,1,0
ACC502225,CUST101521,Gold,28100,2022-10-05,Frozen,9708.58,0.3455,0,0
ACC503021,CUST102056,Standard,12500,2020-10-18,Active,7271.02,0.5817,2,0
ACC503027,CUST102060,Secured,12800,2025-04-09,Active,5740.53,0.4485,1,0
ACC500283,CUST100194,Gold,11100,2016-02-09,Closed,6312.0,0.5686,0,0
ACC503458,CUST102358,Standard,17800,2025-05-03,Active,8088.78,0.4544,0,0
ACC500082,CUST100056,Standard,21700,2023-07-14,Closed,8374.36,0.3859,0,0
ACC500902,CUST100609,gold,15100,2023-11-21,Active,4746.3,0.3143,0,0
ACC503543,CUST102412,Standard,18100,2026-08-05,Active,15253.41,0.8427,2,0
ACC502191,CUST101499,Gold,19000,2024-05-10,Active,3725.94,0.1961,1,0
ACC501269,CUST100853,standard,10700,2023-12-21,Active,5336.96,0.4988,0,0
ACC502187,CUST101496,Standard,20400,2018-06-29,Active,8364.94,0.41,0,0
ACC501640,CUST101116,Gold,9600,2022-05-28,Active,4371.77,0.4554,1,0
ACC502354,CUST101608,Gold,10800,2017-07-21,Active,1616.14,0.1496,0,0
ACC500679,CUST100452,Standard,17300,2021-09-05,Active,7779.06,0.4497,1,0
ACC502816,CUST101918,Secured,23300,2016-04-03,Active,6592.6,0.2829,0,0
ACC500336,CUST100230,standard,20600,2025-11-26,Active,6938.73,0.3368,1,0
ACC501146,CUST100771,standard,16800,2024-09-21,Active,6091.18,0.3626,1,0
ACC501533,CUST101036,Gold,17000,2021-07-26,Active,10377.29,0.6104,1,1
ACC501826,CUST101248,Gold,15200,2021-06-03,,13173.04,0.8666,0,0
ACC502211,CUST101511,Standard,6100,2017-01-18,Active,3321.78,0.5446,0,0
ACC502164,CUST101482,platinum,17800,2026-01-29,Active,4113.83,0.2311,1,0
ACC502401,CUST101640,Platinum,10900,2021-11-02,Active,1752.41,0.1608,2,0
ACC500331,CUST100226,Platinum,28400,2018-09-17,,0.0,0.0,0,1
ACC500584,CUST100397,Gold,17700,2023-10-06,Active,4960.15,0.2802,0,1
ACC502600,CUST101771,Standard,10600,2024-03-25,Active,6312.54,0.5955,1,0
ACC500156,CUST100106,Gold,16000,2026-07-16,Active,6326.03,0.3954,1,0
ACC501563,CUST101058,Standard,10900,2026-08-17,Active,8404.84,0.7711,3,0
ACC500927,CUST100626,Gold,14800,2019-12-08,Closed,3151.78,0.213,1,0
ACC500238,CUST100163,Gold,16800,2024-12-20,Active,9063.82,0.5395,2,0
ACC502932,CUST101998,Secured,8900,2024-06-01,Active,0.0,0.0,1,0
ACC502163,CUST101482,Platinum,7300,2024-04-06,Closed,5929.12,0.8122,2,0
ACC503425,CUST102333,standard,26900,2022-09-21,Active,6180.72,0.2298,1,0
ACC500491,CUST100336,Standard,14100,2026-04-09,Active,5828.35,0.4134,0,0
ACC502893,CUST101970,Platinum,16100,2026-06-17,Active,10015.61,0.6221,0,0
ACC503157,CUST102156,Gold,22800,2023-07-25,Closed,6275.77,0.2753,0,0
ACC502701,CUST101838,Platinum,8400,2025-12-18,Closed,5731.45,0.6823,1,0
ACC502973,CUST102023,Standard,18200,2022-08-27,Active,7248.09,0.3982,0,0
ACC500591,CUST100402,Gold,10400,2022-08-19,Active,7270.02,0.699,2,1
ACC500776,CUST100522,Standard,24900,2021-12-03,Active,5778.15,0.2321,0,0
ACC502338,CUST101598,Standard,16400,2024-10-19,Closed,7478.28,0.456,0,0
ACC502861,CUST101947,Standard,12900,2019-09-20,Active,7252.2,0.5622,0,0
ACC502918,CUST101987,Standard,25000,2020-09-01,Active,7529.11,0.3012,2,0
ACC502232,CUST101526,Standard,19800,2024-11-09,Active,3750.5,0.1894,0,0
ACC500788,CUST100530,Standard,17100,2021-09-06,Closed,6560.48,0.3837,0,0
ACC501364,CUST100921,Gold,3900,2026-08-12,Active,1857.56,0.4763,1,0
ACC500989,CUST100669,Gold,8400,2025-12-04,Active,3103.7,0.3695,0,0
ACC503265,CUST102231,Standard,13700,2018-09-19,Active,9306.34,0.6793,2,0
ACC502306,CUST101574,Secured,11600,2026-07-23,Active,6740.98,0.5811,2,0
ACC501280,CUST100861,Platinum,7800,2025-08-20,Closed,4425.0,0.5673,2,1
ACC502565,CUST101746,Platinum,12800,2018-05-06,Active,2571.78,0.2009,1,0
ACC503544,CUST102413,Standard,20100,2025-06-19,Active,8050.32,0.4005,0,0
ACC501261,CUST100849,Standard,14300,2024-11-29,Active,14589.79,1.0203,1,0
ACC503263,CUST102230,Standard,16100,2026-03-14,Closed,8498.69,0.5279,0,0
ACC500070,CUST100047,Platinum,12400,2024-07-04,Active,1780.33,0.1436,3,0
ACC502971,CUST102022,Gold,14600,2025-02-19,Active,5645.25,0.3867,1,0
ACC501922,CUST101314,gold,11800,2025-12-12,Active,6536.45,0.5539,0,0
ACC501505,CUST101019,Gold,11200,2021-06-29,Active,2711.2,0.2421,1,1
ACC501114,CUST100751,Gold,14000,2025-08-12,Closed,5431.61,0.388,2,0
ACC501755,CUST101202,Gold,22100,2022-12-22,Active,8517.17,0.3854,0,0
ACC502711,CUST101845,Gold,17000,2019-10-26,Active,7023.47,0.4131,3,0
ACC500325,CUST100223,Gold,18400,2024-11-07,Active,10896.63,0.5922,2,0
ACC503455,CUST102355,Platinum,21800,2017-08-05,,4428.81,0.2032,0,0
ACC500728,CUST100488,Gold,20200,2025-09-08,Active,0.0,0.0,1,0
ACC501715,CUST101172,Gold,9200,2026-08-18,Active,5850.96,0.636,0,0
ACC501338,CUST100904,Gold,18000,2025-03-28,Active,19582.12,1.0879,2,0
ACC503555,CUST102421,Standard,13000,2026-09-01,Active,7988.46,0.6145,1,0
ACC503047,CUST102075,Platinum,15500,2025-11-06,Active,8257.24,0.5327,1,1
ACC503122,CUST102127,Standard,8300,2025-01-23,Active,4989.75,0.6012,0,0
ACC501954,CUST101336,Secured,16500,2021-11-12,Active,8175.95,0.4955,1,0
ACC500661,CUST100441,Standard,17400,2020-12-06,Active,8085.91,0.4647,0,0
ACC500919,CUST100622,secured,17200,2026-07-09,Active,5049.01,0.2935,0,0
ACC503158,CUST102157,Standard,15500,2025-08-01,Closed,6100.93,0.3936,0,0
ACC503106,CUST102114,Standard,15600,2020-05-05,Closed,3487.19,0.2235,2,0
ACC501723,CUST101178,gold,22300,2026-01-14,Active,1782.6,0.0799,0,0
ACC501887,CUST101288,Gold,21300,2026-01-06,Active,10455.97,0.4909,0,0
ACC501396,CUST100944,Gold,16300,2022-02-24,Active,3109.03,0.1907,2,0
ACC502682,CUST101823,Platinum,23300,2025-05-31,Active,9859.5,0.4232,1,0
ACC501902,CUST101299,Standard,11100,2022-02-16,Active,3461.6,0.3119,1,0
ACC502430,CUST101659,Standard,16900,2026-06-02,Active,7739.69,0.458,1,0
ACC501892,CUST101292,Secured,6400,2026-06-25,Closed,2825.15,0.4414,1,0
ACC502910,CUST101983,Gold,16400,2026-09-06,Active,3592.58,0.2191,1,0
ACC500988,CUST100668,Secured,26700,2024-04-16,Active,4608.36,0.1726,1,0
ACC501074,CUST100728,standard,12100,2019-02-08,Closed,6905.85,0.5707,2,0
ACC503307,CUST102260,Standard,12500,2026-01-21,Active,3110.67,0.2489,0,0
ACC503258,CUST102226,Standard,14000,2021-12-09,Active,7171.37,0.5122,1,0
ACC503361,CUST102295,Standard,11100,2021-10-31,Active,6938.62,0.6251,3,0
ACC501422,CUST100963,Gold,22800,2026-08-12,Closed,18389.68,0.8066,4,0
ACC501616,CUST101098,Standard,18700,2024-03-06,Active,0.0,0.0,0,0
ACC503614,CUST102458,Platinum,23600,2025-06-15,Active,14799.38,0.6271,1,0
ACC501202,CUST100807,Standard,17500,2021-03-19,Closed,12453.21,0.7116,0,0
ACC500618,CUST100418,Gold,14700,2020-09-06,Active,6993.11,0.4757,1,0
ACC501480,CUST101003,Standard,21200,2015-09-13,Active,4411.89,0.2081,1,0
ACC501226,CUST100824,Standard,19100,2017-06-29,Active,10200.47,0.5341,1,0
ACC500553,CUST100377,Standard,23700,2025-05-25,Active,379.5,0.016,0,0
ACC502400,CUST101639,Platinum,14200,2026-02-03,Active,2777.76,0.1956,0,0
ACC500771,CUST100519,Standard,7200,2026-03-09,Active,4329.87,0.6014,2,0
ACC500222,CUST100153,Standard,4000,2025-11-19,Active,1635.18,0.4088,3,0
ACC502074,CUST101424,Standard,15900,2024-08-27,Active,0.0,0.0,2,0
ACC503675,CUST102497,Platinum,14100,2023-07-18,Active,1678.95,0.1191,2,0
ACC502352,CUST101607,gold,12500,2021-10-20,Active,7362.85,0.589,1,0
ACC502686,CUST101826,Secured,8200,2025-01-23,Closed,5363.09,0.654,2,0
ACC503252,CUST102222,Gold,7700,2014-07-19,Active,3359.44,0.4363,1,1
ACC500485,CUST100333,platinum,16800,2022-08-26,Active,11122.0,0.662,0,0
ACC501042,CUST100706,Standard,16300,2022-12-14,Active,6990.21,0.4288,2,0
ACC500800,CUST100541,Standard,14500,2026-08-21,Active,3633.26,0.2506,0,0
ACC502337,CUST101598,Standard,20800,2024-06-08,Active,6165.5,0.2964,1,0
ACC501684,CUST101150,Standard,5500,2025-12-11,Active,3641.96,0.6622,1,0
ACC503123,CUST102128,standard,18400,2020-12-07,Active,0.0,0.0,2,0
ACC502106,CUST101446,Gold,9700,2014-08-02,Active,5374.24,0.554,1,0
ACC503549,CUST102417,Standard,20800,2019-10-21,Frozen,19059.96,0.9163,1,0
ACC500615,CUST100417,Standard,9700,2021-03-22,Active,354.23,0.0365,0,0
ACC503236,CUST102209,Secured,13900,2020-02-07,Active,6108.9,0.4395,0,0
ACC503093,CUST102105,Gold,11400,2019-07-09,Active,1000.74,0.0878,1,0
ACC502383,CUST101627,Gold,19300,2024-07-11,Closed,10148.88,0.5258,0,1
ACC501770,CUST101212,Standard,15500,2022-11-27,Active,16519.02,1.0657,2,1
ACC500291,CUST100200,Standard,19300,2017-10-02,Active,3490.95,0.1809,0,0
ACC501076,CUST100729,Gold,16200,2013-09-21,Closed,9337.32,0.5764,1,0
ACC503461,CUST102360,Gold,5500,2017-07-17,Active,2437.81,0.4432,0,0
ACC503390,CUST102311,Standard,16500,2023-07-03,Active,4895.18,0.2967,3,0
ACC500891,CUST100602,Standard,6700,2015-05-23,Active,5557.63,0.8295,1,1
ACC502394,CUST101635,Standard,20100,2016-02-01,Active,5548.22,0.276,0,0
ACC502173,CUST101488,Gold,12700,2020-03-26,Active,1708.18,0.1345,0,0
ACC500306,CUST100211,Secured,16200,2025-09-19,Active,7014.75,0.433,1,0
ACC502318,CUST101583,Platinum,12200,2020-05-27,Active,610.64,0.0501,3,1
ACC503645,CUST102478,Standard,22900,2025-09-29,Active,14893.22,0.6504,0,0
ACC503030,CUST102062,Gold,15500,2024-07-28,,8119.2,0.5238,2,0
ACC502160,CUST101480,Gold,13200,2014-05-29,Active,9081.77,0.688,1,0
ACC502052,CUST101409,Secured,17700,2024-07-06,Active,10981.15,0.6204,1,0
ACC501232,CUST100829,Standard,15300,2025-12-11,Active,10326.64,0.6749,2,0
ACC500755,CUST100506,Standard,14000,2026-03-03,Active,1159.97,0.0829,0,0
ACC501006,CUST100681,Standard,24200,2024-02-11,Active,12991.7,0.5368,1,0
ACC503373,CUST102302,Standard,23900,2018-06-12,Active,8640.25,0.3615,2,0
ACC502689,CUST101828,Standard,14100,2018-10-24,Active,5535.08,0.3926,2,1
ACC501710,CUST101167,Platinum,4100,2023-03-28,Active,0.0,0.0,1,0
ACC500931,CUST100628,Platinum,5800,2025-10-18,Frozen,2679.61,0.462,2,1
ACC503250,CUST102220,Platinum,11800,2022-11-04,,8229.95,0.6975,2,0
ACC501714,CUST101171,Standard,15700,2025-07-13,Active,5405.89,0.3443,1,0
ACC500696,CUST100466,Secured,17600,2019-03-13,Active,9193.14,0.5223,3,0
ACC502172,CUST101487,Platinum,15500,2020-04-30,Active,1242.99,0.0802,0,0
ACC501071,CUST100727,Platinum,20900,2022-02-24,Active,10704.54,0.5122,1,0
ACC503429,CUST102336,Platinum,16700,2025-01-01,Active,3146.77,0.1884,0,0
ACC502205,CUST101507,Standard,11800,2013-06-19,Active,2957.66,0.2506,0,0
ACC501729,CUST101183,Standard,16500,2024-06-14,Active,9430.07,0.5715,0,0
ACC500754,CUST100505,standard,15800,2017-12-08,Active,8623.56,0.5458,0,0
ACC500461,CUST100318,Secured,11600,2023-10-28,Active,5664.06,0.4883,2,0
ACC501486,CUST101007,Secured,5500,2022-04-12,Active,2134.49,0.3881,1,0
ACC500116,CUST100079,Standard,18700,2016-06-08,Active,6110.22,0.3267,0,0
ACC503502,CUST102388,Standard,25200,2026-08-24,Active,7168.95,0.2845,1,0
ACC501194,CUST100801,gold,13400,2016-11-03,Active,4420.65,0.3299,1,0
ACC501054,CUST100714,Gold,15300,2024-12-26,Active,7540.48,0.4928,0,0
ACC501140,CUST100768,Secured,17800,2026-02-28,Active,8052.67,0.4524,0,0
ACC501711,CUST101168,Standard,14100,2024-02-09,Active,8590.95,0.6093,1,0
ACC503190,CUST102178,Platinum,19700,2024-03-05,Active,2496.53,0.1267,0,0
ACC500422,CUST100289,Standard,8500,2020-04-12,Active,6856.74,0.8067,0,0
ACC502184,CUST101495,Standard,17800,2020-01-29,,10736.11,0.6032,2,0
ACC502821,CUST101922,Gold,13200,2023-02-21,Active,13179.33,0.9984,3,1
ACC501075,CUST100729,Platinum,16900,2024-06-09,Active,4090.72,0.2421,0,0
ACC501766,CUST101210,Standard,23700,2026-02-24,Active,12341.69,0.5207,0,0
ACC502203,CUST101505,Secured,9400,2025-03-03,Active,3319.98,0.3532,0,0
ACC501322,CUST100891,Standard,24100,2026-04-19,Active,2235.84,0.0928,0,0
ACC502960,CUST102014,Platinum,10700,2023-05-07,Active,4863.43,0.4545,3,0
ACC502519,CUST101715,Standard,10000,2023-08-27,Active,7129.99,0.713,3,0
ACC501624,CUST101104,Platinum,12300,2025-09-21,Active,5940.82,0.483,1,0
ACC501702,CUST101162,Standard,10600,2024-06-07,Active,4411.43,0.4162,1,1
ACC502626,CUST101788,Standard,13100,2025-06-07,Active,1572.41,0.12,1,0
ACC500095,CUST100066,Gold,19800,2024-12-21,Closed,8274.4,0.4179,0,0
ACC503452,CUST102352,Platinum,15100,2024-08-05,Active,9227.63,0.6111,0,0
ACC501508,CUST101020,standard,13000,2015-03-14,Active,4617.57,0.3552,0,0
ACC502100,CUST101441,Gold,14500,2025-06-19,Active,3661.54,0.2525,0,0
ACC500743,CUST100498,Standard,15300,2021-10-21,Active,6270.11,0.4098,3,0
ACC502451,CUST101670,Gold,10800,2024-11-16,Active,1325.31,0.1227,0,0
ACC501282,CUST100863,Gold,19800,2019-05-29,Active,12582.07,0.6355,0,0
ACC501412,CUST100955,Gold,19600,2025-06-22,Frozen,11184.41,0.5706,0,0
ACC502139,CUST101467,Standard,10100,2023-09-13,Active,3833.68,0.3796,0,0
ACC502296,CUST101567,standard,10200,2026-04-25,Frozen,5886.15,0.5771,1,0
ACC503186,CUST102176,Standard,17300,2023-04-14,Closed,12249.41,0.7081,0,0
ACC501836,CUST101255,Standard,21500,2024-12-24,Active,8897.16,0.4138,0,0
ACC502879,CUST101959,Secured,15600,2025-05-14,Active,9166.75,0.5876,1,0
ACC503161,CUST102158,Secured,23600,2017-11-26,Active,3468.1,0.147,2,0
ACC502621,CUST101786,Platinum,11400,2018-05-25,Active,4063.05,0.3564,1,0
ACC501648,CUST101122,Gold,15800,2023-02-26,Active,6719.53,0.4253,1,0
ACC500665,CUST100443,Gold,7200,2024-05-08,Active,3753.98,0.5214,1,0
ACC502198,CUST101502,Gold,14100,2026-05-04,Active,3721.57,0.2639,0,0
ACC500758,CUST100508,Standard,18700,2025-08-21,Active,9299.18,0.4973,1,0
ACC500916,CUST100619,Standard,13100,2020-12-20,Active,408.08,0.0312,0,0
ACC501812,CUST101238,Standard,13400,2014-09-05,Active,3661.44,0.2732,0,0
ACC500997,CUST100676,Gold,8800,2015-08-05,,4258.55,0.4839,2,0
ACC503428,CUST102336,Standard,20700,2025-07-09,Active,9842.25,0.4755,1,0
ACC503485,CUST102376,standard,13500,2025-12-14,Active,6430.22,0.4763,0,0
ACC500376,CUST100258,Gold,9600,2015-01-09,Active,3177.72,0.331,1,0
ACC500543,CUST100369,secured,13300,2024-06-23,,0.0,0.0,0,0
ACC500500,CUST100342,Platinum,20900,2021-01-11,Active,9701.97,0.4642,0,0
ACC501958,CUST101339,Gold,20800,2022-10-16,Active,5568.2,0.2677,3,0
ACC502415,CUST101648,Standard,18700,2023-04-21,Active,6900.69,0.369,1,0
ACC500647,CUST100432,platinum,18900,2024-03-17,Active,8672.73,0.4589,0,0
ACC502346,CUST101604,Standard,11000,2026-03-01,Closed,3756.05,0.3415,1,0
ACC502986,CUST102034,Platinum,13500,2025-09-24,Active,6509.6,0.4822,1,0
ACC502549,CUST101736,Standard,11200,2024-02-08,Active,7368.56,0.6579,2,0
ACC503016,CUST102053,Platinum,12300,2025-07-11,Active,5251.4,0.4269,0,0
ACC500292,CUST100201,Gold,17200,2019-06-01,Active,10774.75,0.6264,1,0
ACC501389,CUST100937,Standard,20400,2024-03-18,Active,7410.89,0.3633,0,0
ACC502378,CUST101623,Standard,15300,2023-08-10,Active,7894.59,0.516,2,0
ACC501861,CUST101271,Gold,22400,2018-09-15,Active,659.49,0.0294,0,0
ACC503475,CUST102370,Gold,14000,2024-08-06,Active,5259.28,0.3757,2,0
ACC501095,CUST100740,Standard,18800,2024-01-05,Closed,12030.32,0.6399,0,0
ACC503584,CUST102442,Standard,16400,2020-03-16,Active,5987.54,0.3651,1,0
ACC501484,CUST101007,Platinum,9300,2025-06-12,Active,5305.44,0.5705,1,0
ACC502200,CUST101503,Standard,7700,2023-10-21,Active,4986.4,0.6476,1,0
ACC500597,CUST100406,Gold,9100,2016-05-24,Active,3488.19,0.3833,0,1
ACC500214,CUST100148,Standard,20600,2021-10-30,Active,12917.3,0.6271,0,0
ACC501097,CUST100741,Secured,7700,2025-07-07,Active,3704.45,0.4811,2,1
ACC502697,CUST101835,Platinum,14000,2023-12-23,Frozen,3038.18,0.217,0,0
ACC503185,CUST102175,platinum,16200,2026-03-03,Active,11511.76,0.7106,1,1
ACC502335,CUST101596,Gold,13000,2016-12-10,,11700.0,0.9,1,0
ACC500947,CUST100641,standard,26500,2021-05-10,Active,7788.75,0.2939,0,0
ACC500055,CUST100036,Standard,8100,2025-09-27,Active,5790.35,0.7149,1,0
ACC501967,CUST101344,Standard,14200,2025-04-23,Active,8811.98,0.6206,1,0
ACC501946,CUST101331,Gold,18700,2024-09-27,Active,9204.72,0.4922,1,0
ACC502733,CUST101859,Secured,11700,2023-03-24,Active,3558.53,0.3041,1,0
ACC500932,CUST100629,Secured,18500,2021-11-01,Active,11710.64,0.633,2,0
ACC502568,CUST101748,gold,24800,2025-01-06,Active,8892.35,0.3586,0,0
ACC500254,CUST100174,Gold,10300,2018-09-19,Active,4709.18,0.4572,2,0
ACC502769,CUST101884,Secured,18800,2026-07-02,Active,1581.54,0.0841,1,0
ACC501565,CUST101060,Standard,14100,2023-05-03,Active,10748.56,0.7623,2,0
ACC502287,CUST101560,Gold,16300,2026-01-20,Active,11067.37,0.679,0,0
ACC501492,CUST101011,Secured,28800,2025-09-02,Active,745.08,0.0259,1,0
ACC503315,CUST102265,Secured,12900,2024-07-14,Closed,4398.06,0.3409,0,0
ACC501763,CUST101207,Platinum,9200,2018-06-19,Active,4971.24,0.5404,1,0
ACC503371,CUST102301,Standard,10700,2026-03-21,Active,4142.94,0.3872,2,0
ACC502964,CUST102017,Secured,16600,2026-05-13,Active,745.29,0.0449,0,0
ACC500144,CUST100097,standard,13500,2026-02-20,Active,3298.2,0.2443,0,0
ACC503284,CUST102243,Gold,10700,2026-03-04,Active,6435.81,0.6015,1,0
ACC500312,CUST100216,Standard,12900,2024-03-09,Active,5916.62,0.4587,0,0
ACC503149,CUST102149,gold,23600,2017-01-03,Closed,10961.66,0.4645,2,0
ACC503360,CUST102294,Standard,23200,2025-02-12,Active,6068.93,0.2616,1,0
ACC500366,CUST100252,Gold,10300,2019-01-13,Closed,0.0,0.0,0,0
ACC503588,CUST102444,Standard,18400,2024-04-01,Active,2212.11,0.1202,1,0
ACC502248,CUST101535,Secured,17000,2020-11-07,Active,3396.64,0.1998,1,0
ACC502750,CUST101870,Standard,21400,2021-09-12,Active,7476.38,0.3494,1,0
ACC502866,CUST101950,Platinum,14700,2023-10-30,Closed,4380.95,0.298,1,0
ACC501063,CUST100722,Gold,14100,2024-11-02,Active,5060.79,0.3589,1,0
ACC500901,CUST100608,Gold,12600,2024-06-11,Active,1841.13,0.1461,1,0
ACC500667,CUST100445,Standard,16300,2021-07-12,Active,6937.1,0.4256,0,0
ACC500343,CUST100235,Gold,9900,2025-02-05,Closed,6264.83,0.6328,3,1
ACC501838,CUST101257,Standard,20100,2025-12-16,Active,5743.86,0.2858,0,0
ACC502522,CUST101717,Standard,15800,2026-06-16,Active,5672.34,0.359,1,0
ACC502252,CUST101536,Platinum,12500,2022-06-09,Active,4316.78,0.3453,0,0
ACC500472,CUST100324,standard,7800,2025-03-23,Active,4209.27,0.5397,0,1
ACC500350,CUST100240,standard,16500,2024-03-28,Active,9505.13,0.5761,1,0
ACC500047,CUST100031,Standard,16900,2023-08-01,Active,2525.23,0.1494,1,0
ACC502326,CUST101588,Standard,12800,2019-06-12,Active,3578.19,0.2795,0,0
ACC501080,CUST100731,Standard,20100,2024-10-03,Active,6859.22,0.3413,0,0
ACC503362,CUST102295,Gold,11100,2022-10-11,Active,3771.98,0.3398,1,0
ACC503593,CUST102446,Gold,9400,2017-05-05,,3046.05,0.324,0,0
ACC501911,CUST101305,platinum,17200,2024-10-16,Active,5344.85,0.3107,0,0
ACC500564,CUST100385,Platinum,14700,2020-09-11,Active,5220.93,0.3552,1,1
ACC500348,CUST100239,Standard,9300,2024-07-21,Active,0.0,0.0,0,0
ACC503040,CUST102069,Standard,14900,2026-04-03,Active,6522.64,0.4378,1,0
ACC501206,CUST100809,Gold,11900,2024-01-31,Active,3991.33,0.3354,0,0
ACC502873,CUST101954,Gold,19000,2026-08-13,Active,13348.82,0.7026,2,0
ACC501758,CUST101203,Platinum,7700,2020-02-05,Active,4416.88,0.5736,6,1
ACC502542,CUST101732,Platinum,12700,2026-07-18,Active,6457.95,0.5085,2,0
ACC501023,CUST100693,Standard,11600,2026-05-21,Active,5562.89,0.4796,1,0
ACC503331,CUST102274,Standard,16400,2024-12-05,Active,3567.87,0.2176,1,0
ACC503633,CUST102470,Secured,14800,2024-12-22,Active,7217.4,0.4877,2,0
ACC501917,CUST101310,Gold,20000,2020-08-18,Closed,8226.32,0.4113,1,0
ACC502959,CUST102013,Gold,14000,2026-02-18,Frozen,7261.11,0.5187,0,0
ACC501776,CUST101215,Gold,14500,2026-02-18,Active,3626.85,0.2501,1,0
ACC502604,CUST101774,Gold,9500,2025-01-06,Active,5297.5,0.5576,1,0
ACC503528,CUST102403,Standard,8700,2025-09-05,Active,2150.73,0.2472,1,0
ACC502728,CUST101854,Standard,13700,2020-05-14,Closed,7026.03,0.5128,0,1
ACC502477,CUST101688,Gold,9800,2024-04-03,Active,4974.99,0.5077,1,0
ACC501575,CUST101068,Platinum,12600,2025-04-03,Active,1773.74,0.1408,0,0
ACC500169,CUST100113,Gold,16500,2020-03-10,Active,8924.47,0.5409,0,0
ACC503227,CUST102203,Gold,15800,2025-10-27,Active,7388.46,0.4676,1,0
ACC501320,CUST100889,Gold,15900,2025-11-01,Active,7479.63,0.4704,2,0
ACC500922,CUST100624,Platinum,7300,2020-10-08,Active,3879.78,0.5315,0,0
ACC500833,CUST100565,Gold,23800,2018-01-14,Active,7745.24,0.3254,0,1
ACC503662,CUST102489,Standard,14600,2020-10-05,Active,5892.51,0.4036,1,0
ACC500273,CUST100189,Standard,15100,2026-01-22,Active,1872.17,0.124,0,0
ACC501465,CUST100993,Platinum,10000,2024-05-19,Active,4208.91,0.4209,2,0
ACC502069,CUST101421,Platinum,12100,2021-02-15,Active,1216.79,0.1006,0,0
ACC500420,CUST100287,Standard,22500,2023-03-29,Active,2580.4,0.1147,0,0
ACC501312,CUST100884,Standard,20800,2026-07-24,Active,1942.06,0.0934,2,0
ACC500607,CUST100411,Secured,13800,2019-04-12,Active,121.28,0.0088,0,0
ACC501959,CUST101340,gold,19800,2025-09-25,Active,8660.03,0.4374,1,0
ACC501968,CUST101344,Standard,11300,2020-06-16,Active,0.0,0.0,0,0
ACC502540,CUST101730,standard,15800,2022-04-22,Active,6919.73,0.438,0,0
ACC500945,CUST100639,Standard,11400,2022-07-28,Active,1384.65,0.1215,0,0
ACC500649,CUST100433,Standard,18000,2021-07-15,Active,10713.39,0.5952,2,1
ACC503505,CUST102389,Standard,10600,2023-11-25,Closed,4612.07,0.4351,0,0
ACC502369,CUST101618,Gold,19700,2017-03-10,Active,6452.27,0.3275,0,0
ACC502189,CUST101497,Gold,13600,2017-04-26,Active,9152.59,0.673,1,0
ACC502091,CUST101436,Standard,14400,2015-06-23,Active,2569.83,0.1785,0,0
ACC502858,CUST101944,Platinum,10500,2026-07-29,Active,7752.56,0.7383,0,0
ACC501471,CUST100997,Secured,17400,2022-08-09,Active,3980.66,0.2288,1,0
ACC501670,CUST101139,Standard,17700,2026-03-10,Active,2937.68,0.166,0,0
ACC500313,CUST100217,Standard,21100,2020-10-14,Active,3717.29,0.1762,0,0
ACC501728,CUST101182,Secured,16700,2024-10-08,Active,6489.65,0.3886,1,0
ACC501525,CUST101030,Standard,12900,2020-01-08,Active,5437.7,0.4215,2,0
ACC501543,CUST101044,Platinum,29100,2025-07-30,Active,1709.52,0.0587,0,0
ACC502297,CUST101568,Gold,16200,2021-03-17,Active,11951.39,0.7377,1,0
ACC501760,CUST101204,Standard,15300,2020-01-20,Active,3817.01,0.2495,0,0
ACC500659,CUST100440,Standard,16100,2022-04-08,Active,3429.48,0.213,0,0
ACC503308,CUST102261,Gold,-1000,2025-07-23,Active,7175.48,0.35,0,0
ACC501585,CUST101075,Standard,11900,2023-06-15,Active,0.0,0.0,1,0
ACC503499,CUST102386,Standard,12100,2022-09-09,Active,2241.75,0.1853,2,0
ACC501977,CUST101351,Platinum,12400,2022-08-14,Active,3915.96,0.3158,0,0
ACC501302,CUST100877,Gold,9500,2026-07-26,Active,952.08,0.1002,1,0
ACC502787,CUST101896,secured,27100,2026-07-24,Active,20407.86,0.7531,0,0
ACC502334,CUST101595,Standard,19700,2018-10-10,Closed,11610.93,0.5894,1,0
ACC500856,CUST100579,Standard,13200,2024-10-26,Active,4082.65,0.3093,1,0
ACC500535,CUST100363,Gold,13200,2021-09-15,Active,1172.53,0.0888,1,0
ACC500949,CUST100642,Gold,11700,2023-10-07,Active,5401.35,0.4617,1,0
ACC502618,CUST101783,Standard,16100,2026-08-23,Active,8879.29,0.5515,0,0
ACC502096,CUST101439,Platinum,15800,2025-10-30,Active,7726.07,0.489,4,1
ACC500897,CUST100605,Platinum,14100,2017-07-28,Active,5488.92,0.3893,0,0
ACC502127,CUST101460,Standard,12500,2016-08-06,Active,799.53,0.064,0,1
ACC501381,CUST100932,Gold,18900,2025-03-02,Active,5493.41,0.2907,0,0
ACC503279,CUST102241,Standard,20200,2025-11-22,Active,4400.46,0.2178,1,0
ACC501971,CUST101347,Platinum,19700,2024-04-28,Active,6565.98,0.3333,0,0
ACC501419,CUST100961,Standard,20100,2026-05-21,Active,7391.45,0.3677,1,0
ACC500840,CUST100570,Standard,17600,2025-04-02,Active,13744.29,0.7809,3,0
ACC503493,CUST102383,Standard,19800,2017-03-22,Active,12137.76,0.613,0,0
ACC500043,CUST100029,Secured,14900,2026-03-24,Active,2593.99,0.1741,0,0
ACC500040,CUST100027,Gold,16800,2022-04-28,Active,8369.49,0.4982,0,0
ACC501775,CUST101214,Platinum,17200,2018-02-15,Active,7207.88,0.4191,1,0
ACC502322,CUST101586,Standard,14100,2019-07-23,Active,444.39,0.0315,0,0
ACC502499,CUST101702,platinum,10500,2024-08-31,Active,5649.9,0.5381,2,0
ACC501195,CUST100802,Platinum,10200,2020-06-13,Active,6309.91,0.6186,1,0
ACC503356,CUST102292,Standard,21900,2021-12-17,Active,5680.9,0.2594,0,0
ACC503418,CUST102328,Standard,15300,2021-10-07,Active,9753.75,0.6375,2,0
ACC503466,CUST102363,Standard,9000,2019-03-19,Active,5268.12,0.5853,2,1
ACC503132,CUST102135,Standard,14100,2017-05-15,Active,8182.72,0.5803,2,0
ACC501752,CUST101199,Gold,12500,2016-05-27,Active,0.0,0.0,1,0
ACC503600,CUST102450,Standard,17600,2025-08-30,Active,2010.54,0.1142,0,0
ACC502014,CUST101379,Gold,22900,2024-03-06,Active,0.0,0.0,1,0
ACC502294,CUST101566,Standard,15600,2019-03-23,Active,8414.93,0.5394,0,0
ACC500111,CUST100077,Standard,15800,2016-03-12,Active,4268.93,0.2702,0,0
ACC502574,CUST101753,Standard,14200,2026-07-02,Active,4306.93,0.3033,1,0
ACC503213,CUST102192,secured,13500,2025-05-18,Active,2794.2,0.207,2,0
ACC500937,CUST100632,Standard,26400,2026-04-02,Frozen,7454.15,0.2824,1,0
ACC500394,CUST100270,Gold,18700,2026-06-13,Active,9488.67,0.5074,0,0
ACC502019,CUST101383,Secured,16200,2026-08-21,Active,6888.75,0.4252,1,0
ACC501083,CUST100732,platinum,11200,2025-11-12,Active,7659.42,0.6839,2,0
ACC500402,CUST100275,secured,14800,2026-06-28,Active,9397.49,0.635,1,0
ACC500786,CUST100528,Standard,28700,2014-12-12,Active,10437.83,0.3637,0,0
ACC501150,CUST100775,Standard,12800,2018-11-04,Active,5840.93,0.4563,2,0
ACC503444,CUST102346,Gold,5700,2025-06-05,Active,476.21,0.0835,0,0
ACC501791,CUST101223,Gold,14900,2019-07-09,Active,6308.69,0.4234,1,0
ACC501179,CUST100792,Standard,14600,2025-09-16,Active,733.8,0.0503,2,0
ACC503266,CUST102232,Gold,16800,2025-11-27,Closed,1325.0,0.0789,0,0
ACC500906,CUST100612,Gold,19500,2026-08-04,Frozen,3367.34,0.1727,0,0
ACC502185,CUST101496,Standard,18800,2026-04-05,Active,5950.37,0.3165,1,0
ACC500264,CUST100182,Standard,13600,2017-09-25,Active,6895.57,0.507,0,0
ACC502157,CUST101478,gold,18200,2026-08-28,Active,6389.85,0.3511,0,0
ACC502087,CUST101434,Secured,8500,2020-12-05,Active,4536.96,0.5338,1,0
ACC501215,CUST100816,Gold,7400,2026-05-19,Active,2982.31,0.403,1,0
ACC503032,CUST102063,Gold,17900,2020-09-12,Active,2942.78,0.1644,0,0
ACC500594,CUST100403,Standard,11400,2024-01-03,Active,4230.07,0.3711,2,0
ACC502635,CUST101796,Standard,9700,2025-06-29,Active,4839.73,0.4989,1,1
ACC502683,CUST101824,Platinum,18400,2021-08-10,Active,7316.28,0.3976,0,0
ACC501717,CUST101173,Secured,10400,2016-03-04,Active,6635.81,0.6381,0,0
ACC502685,CUST101826,Gold,7700,2022-01-12,Frozen,5015.95,0.6514,1,0
ACC500244,CUST100167,Standard,15900,2025-01-29,Active,7083.71,0.4455,2,0
ACC503625,CUST102464,Gold,14500,2026-07-10,Active,9236.29,0.637,1,0
ACC502001,CUST101369,Standard,17100,2026-09-01,Active,11117.37,0.6501,2,0
ACC502870,CUST101952,Standard,8700,2020-05-08,Active,5470.2,0.6288,0,0
ACC500086,CUST100059,Standard,19600,2024-09-04,Active,6993.38,0.3568,1,0
ACC500406,CUST100277,Secured,13200,2015-04-22,Active,6112.42,0.4631,0,0
ACC503607,CUST102455,Gold,14200,2025-09-04,Active,7728.65,0.5443,1,0
ACC501299,CUST100876,Standard,17700,2020-05-16,Active,9451.66,0.534,1,0
ACC502313,CUST101580,Standard,15800,2023-08-31,Active,12171.37,0.7703,0,0
ACC503195,CUST102182,Standard,30700,2024-10-20,Active,6378.55,0.2078,0,0
ACC503449,CUST102350,standard,13500,2016-02-20,Active,15383.42,1.1395,4,1
ACC501603,CUST101088,Standard,12700,2020-12-16,Active,6238.02,0.4912,0,1
ACC500990,CUST100669,Standard,8300,2024-05-23,Active,822.91,0.0991,3,0
ACC501504,CUST101018,Gold,12500,2019-09-03,Closed,10484.95,0.8388,3,0
ACC500090,CUST100062,Secured,15200,2026-01-25,Active,1394.96,0.0918,1,0
ACC502303,CUST101572,Standard,8400,2015-01-13,Active,3684.98,0.4387,1,0
ACC500633,CUST100425,Gold,13500,2020-04-03,Active,5723.29,0.4239,1,0
ACC502458,CUST101674,Gold,20900,2025-09-20,Active,3916.93,0.1874,2,0
ACC503560,CUST102424,secured,16800,2026-09-05,,0.0,0.0,0,0
ACC502028,CUST101389,standard,5800,2023-02-01,Active,3867.44,0.6668,2,1
ACC501154,CUST100777,Standard,11700,2026-01-04,Active,4108.16,0.3511,0,0
ACC500174,CUST100116,Secured,6400,2024-07-06,Active,2787.58,0.4356,0,0
ACC503474,CUST102369,gold,16700,2015-11-21,Active,4610.69,0.2761,1,0
ACC500975,CUST100657,Secured,16500,2025-06-30,Active,4596.75,0.2786,0,0
ACC502652,CUST101804,Standard,9300,2019-09-27,Active,5898.51,0.6342,2,0
ACC502592,CUST101764,Standard,10700,2017-08-16,Frozen,4353.62,0.4069,1,0
ACC500219,CUST100152,Standard,20900,2025-06-02,Active,9226.07,0.4414,1,0
ACC503087,CUST102101,Standard,17000,2026-06-04,Active,5563.05,0.3272,2,0
ACC501442,CUST100976,Secured,20600,2020-06-04,Active,3114.28,0.1512,1,0
ACC500370,CUST100255,Gold,12100,2026-04-12,Active,2403.66,0.1986,0,0
ACC500007,CUST100003,Standard,17400,2026-06-06,Frozen,3301.65,0.1898,1,0
ACC501444,CUST100977,Platinum,21400,2019-03-19,Frozen,6350.78,0.2968,1,0
ACC503446,CUST102347,Standard,6700,2026-03-17,,0.0,0.0,0,0
ACC500867,CUST100587,Secured,10500,2017-11-17,Closed,5592.82,0.5326,1,1
ACC501107,CUST100746,Standard,16300,2024-03-21,Active,9949.77,0.6104,0,0
ACC500773,CUST100520,Gold,11400,2026-05-26,Active,2983.63,0.2617,1,0
ACC501700,CUST101162,standard,7300,2024-04-25,Closed,6451.63,0.8838,1,1
ACC502791,CUST101900,platinum,23500,2022-06-16,Active,10917.35,0.4646,0,0
ACC503377,CUST102304,Platinum,17900,2020-07-25,Closed,3748.27,0.2094,1,0
ACC502079,CUST101428,Gold,19800,2023-11-21,Active,11964.15,0.6042,0,0
ACC501643,CUST101118,platinum,11900,2026-04-18,Active,9720.8,0.8169,1,0
ACC503242,CUST102214,Secured,22400,2023-08-05,Active,5825.04,0.26,0,0
ACC503323,CUST102269,Platinum,15500,2026-04-27,Active,7183.86,0.4635,0,0
ACC500841,CUST100570,Standard,17600,2026-03-15,Closed,12462.02,0.7081,0,0
ACC501727,CUST101181,Standard,12100,2026-07-17,Active,9004.14,0.7441,0,0
ACC503347,CUST102285,Standard,16100,2023-11-05,Active,5421.08,0.3367,1,0
ACC500506,CUST100346,Platinum,7900,2022-02-04,Frozen,4394.53,0.5563,0,0
ACC501594,CUST101081,Standard,9900,2026-07-28,Active,3693.46,0.3731,1,1
ACC500888,CUST100600,Secured,16400,2021-08-02,Closed,10100.63,0.6159,2,0
ACC500339,CUST100233,Gold,13000,2021-04-08,,4405.76,0.3389,2,0
ACC502742,CUST101864,standard,17100,2017-09-25,Active,5044.74,0.295,0,0
ACC503336,CUST102277,Gold,16200,2021-01-12,Active,2817.08,0.1739,0,0
ACC500366,CUST100252,Gold,10300,2019-01-13,Closed,0.0,0.0,0,0
ACC500438,CUST100301,Standard,21200,2022-05-16,Active,5812.89,0.2742,0,0
ACC501423,CUST100964,Secured,11800,2017-03-21,Active,4378.95,0.3711,0,0
ACC502062,CUST101416,Platinum,19100,2026-03-09,Active,11996.41,0.6281,2,0
ACC501798,CUST101227,Standard,9500,2012-03-18,Active,0.0,0.0,0,0
ACC501336,CUST100902,standard,26100,2020-01-17,Active,8918.59,0.3417,0,0
ACC502310,CUST101577,Standard,14400,2025-12-10,Closed,6580.8,0.457,0,0
ACC500445,CUST100305,Secured,8400,2022-08-20,Active,3610.79,0.4299,1,0
ACC503477,CUST102371,Standard,9800,2026-07-07,Active,7525.17,0.7679,0,0
ACC502789,CUST101898,Standard,17400,2016-02-27,,4862.98,0.2795,1,0
ACC501223,CUST100822,Standard,16400,2026-05-21,Active,7367.38,0.4492,0,0
ACC501264,CUST100850,Platinum,11600,2026-05-29,Active,8013.89,0.6909,2,0
ACC503196,CUST102182,Standard,20800,2024-11-16,Active,2716.84,0.1306,1,0
ACC503084,CUST102099,Standard,10200,2025-11-09,Active,1383.79,0.1357,0,0
ACC501619,CUST101101,Standard,14400,2024-05-27,Active,72.23,0.005,2,0
ACC501378,CUST100930,Standard,13800,2026-01-28,Active,4652.68,0.3372,0,0
ACC503671,CUST102494,Platinum,13500,2026-09-06,Active,1589.6,0.1177,0,0
ACC500290,CUST100199,Gold,11500,2025-12-30,Active,4760.13,0.4139,0,0
ACC503194,CUST102181,Gold,18000,2015-06-20,Active,6323.27,0.3513,0,0
ACC503629,CUST102467,Gold,22100,2025-04-22,Active,11331.54,0.5127,2,0
ACC501856,CUST101268,Standard,16700,2013-12-29,Active,9625.66,0.5764,0,0
ACC501218,CUST100818,Secured,10100,2024-08-05,Active,5588.01,0.5533,2,0
ACC502298,CUST101568,Standard,10600,2014-12-11,,7580.6,0.7152,2,0
ACC501905,CUST101302,Gold,15600,2025-11-21,Active,1857.14,0.119,1,0
ACC501893,CUST101293,Gold,11300,2025-07-31,Active,5137.91,0.4547,1,0
ACC500125,CUST100087,standard,18800,2023-04-23,Active,11120.9,0.5915,0,0
ACC502533,CUST101724,Secured,16400,2023-11-15,Active,3960.26,0.2415,0,0
ACC500763,CUST100513,Standard,20000,2025-11-22,Active,8311.17,0.4156,3,0
ACC503471,CUST102366,Standard,18600,2026-04-06,Active,8165.23,0.439,0,0
ACC502645,CUST101800,Gold,18800,2026-08-12,Active,9314.07,0.4954,0,0
ACC501427,CUST100966,Standard,9200,2018-02-06,Active,4517.68,0.4911,1,0
ACC500529,CUST100360,Gold,12500,2021-02-19,Closed,4248.91,0.3399,0,0
ACC500452,CUST100311,Gold,22900,2017-10-03,Active,717.05,0.0313,0,0
ACC503313,CUST102264,Standard,25600,2018-08-23,Active,8392.27,0.3278,3,0
ACC501596,CUST101083,Standard,9700,2025-05-13,Active,1902.71,0.1962,2,0
ACC502045,CUST101402,Standard,11800,2023-06-24,Active,10613.99,0.8995,0,0
ACC503183,CUST102174,Gold,15200,2024-10-13,Active,9985.35,0.6569,0,0
ACC503613,CUST102458,Gold,20600,2023-07-31,Closed,12286.66,0.5964,1,0
ACC503318,CUST102266,Standard,9900,2023-09-27,Active,2912.69,0.2942,2,0
ACC502267,CUST101546,Standard,23700,2025-12-05,Active,2017.72,0.0851,0,0
ACC500026,CUST100018,Platinum,15300,2024-08-22,Active,4189.4,0.2738,0,0
ACC502484,CUST101692,Standard,12600,2021-11-09,Closed,7462.3,0.5922,1,0
ACC500467,CUST100322,Platinum,10900,2025-08-06,Active,5191.5,0.4763,1,0
ACC500905,CUST100611,Standard,0,2022-09-11,Active,7238.02,0.4334,0,0
ACC501374,CUST100927,Standard,8000,2026-08-23,Closed,2998.24,0.3748,2,1
ACC503470,CUST102366,Platinum,20500,2026-04-05,Active,2981.03,0.1454,0,0
ACC503396,CUST102315,Standard,10500,2024-06-13,Active,8505.31,0.81,0,0
ACC501840,CUST101258,Platinum,9900,2017-12-23,Active,4592.91,0.4639,0,0
ACC502492,CUST101697,Platinum,22900,2025-08-15,Active,0.0,0.0,0,0
ACC503193,CUST102181,Standard,17500,2024-01-24,,12503.01,0.7145,0,0
ACC501260,CUST100848,Gold,-1000,2021-02-17,Active,4477.11,0.3131,0,0
ACC502407,CUST101645,standard,9900,2017-08-06,Active,3231.12,0.3264,0,1
ACC502788,CUST101897,Platinum,19300,2026-05-17,Active,9394.23,0.4867,3,0
ACC500410,CUST100281,Standard,13700,2016-02-18,Active,10493.99,0.766,2,0
ACC502595,CUST101767,Secured,17400,2023-07-22,Closed,6138.67,0.3528,0,0
ACC502582,CUST101759,Standard,20600,2018-11-18,Active,2436.91,0.1183,0,0
ACC501235,CUST100831,Secured,19500,2025-05-31,Active,7031.14,0.3606,2,0
ACC500237,CUST100163,Standard,21800,2023-07-31,Active,0.0,0.0,0,0
ACC501584,CUST101075,Secured,11400,2025-03-12,Active,6159.35,0.5403,1,1
ACC503646,CUST102479,standard,12900,2024-03-28,Active,5736.66,0.4447,1,0
ACC502656,CUST101807,Secured,13900,2020-11-27,Active,12094.79,0.8701,2,0
ACC501102,CUST100744,Standard,21800,2026-06-27,Active,5429.69,0.2491,1,0
ACC503206,CUST102188,Standard,19500,2023-03-05,Active,3601.79,0.1847,3,0
ACC501036,CUST100701,gold,10200,2026-07-24,Active,6614.54,0.6485,2,0
ACC502648,CUST101802,Platinum,21700,2019-11-16,Active,17671.57,0.8144,1,1
ACC502462,CUST101676,Standard,20200,2023-02-20,Active,12628.11,0.6252,1,0
ACC502627,CUST101789,Platinum,15800,2016-09-24,Active,0.0,0.0,0,0
ACC502661,CUST101809,Standard,29100,2020-01-29,Active,8278.42,0.2845,3,0
ACC500686,CUST100458,Platinum,17600,2026-05-29,Active,8180.74,0.4648,0,1
ACC501518,CUST101026,Gold,15800,2026-09-06,Active,9386.84,0.5941,2,0
ACC500812,CUST100550,Secured,23000,2013-10-11,Frozen,256.17,0.0111,0,0
ACC503131,CUST102134,Platinum,20000,2019-12-05,,12412.42,0.6206,3,0
ACC503608,CUST102456,Gold,16300,2024-11-22,Active,6926.75,0.425,4,0
ACC501692,CUST101156,standard,10800,2024-02-04,Active,728.45,0.0674,1,0
ACC500514,CUST100351,Secured,19300,2023-07-11,Active,7021.21,0.3638,1,0
ACC500073,CUST100048,Gold,8900,2021-06-07,Active,0.0,0.0,0,0
ACC501944,CUST101330,Standard,15200,2020-05-09,,0.0,0.0,2,0
ACC503536,CUST102406,Standard,14300,2023-09-05,Active,10145.22,0.7095,2,0
ACC500863,CUST100584,Standard,18000,2019-07-02,Active,6994.33,0.3886,1,0
ACC500442,CUST100303,Gold,12600,2025-05-19,Active,1614.63,0.1281,0,0
ACC500226,CUST100156,standard,10700,2018-06-29,Active,6094.11,0.5695,1,0
ACC502054,CUST101410,Platinum,13800,2023-02-03,Active,4001.5,0.29,2,1
ACC501829,CUST101250,gold,16200,2025-11-05,Active,759.38,0.0469,0,0
ACC502217,CUST101514,Gold,13900,2025-03-31,Active,7320.31,0.5266,2,0
ACC502534,CUST101725,Standard,22400,2021-04-26,Active,8987.93,0.4012,1,0
ACC503622,CUST102462,Platinum,9800,2018-03-28,Active,7757.7,0.7916,1,0
ACC501221,CUST100821,Platinum,9200,2025-01-15,Active,3000.8,0.3262,1,0
ACC503152,CUST102152,Gold,5400,2019-11-11,Active,4195.08,0.7769,4,1
ACC503061,CUST102086,Standard,19100,2013-05-21,Active,16305.54,0.8537,1,0
ACC503119,CUST102125,Standard,12400,2020-09-14,Active,4608.11,0.3716,0,0
ACC501070,CUST100726,Standard,15300,2024-09-07,Closed,2634.84,0.1722,3,0
ACC500475,CUST100326,Platinum,16200,2021-05-18,Closed,2839.29,0.1753,0,0
ACC501707,CUST101164,gold,18900,2019-09-17,,5735.86,0.3035,2,0
ACC501926,CUST101317,Platinum,11200,2025-05-26,Active,7639.36,0.6821,2,0
ACC500446,CUST100305,Standard,10500,2025-07-15,Active,5966.55,0.5682,3,0
ACC500982,CUST100663,Platinum,18500,2023-08-16,Closed,0.0,0.0,2,0
ACC501311,CUST100884,Platinum,23200,2026-08-03,Active,10166.89,0.4382,0,0
ACC503433,CUST102339,Secured,18600,2026-07-31,Closed,10411.98,0.5598,1,0
ACC500333,CUST100228,platinum,12800,2023-11-06,Active,7106.02,0.5552,1,0
ACC500022,CUST100015,Gold,28100,2019-02-23,Active,0.0,0.0,1,0
ACC501087,CUST100734,Gold,17300,2015-03-13,Active,15059.57,0.8705,1,0
ACC500176,CUST100116,Gold,8300,2025-05-25,Active,3303.6,0.398,0,0
ACC501139,CUST100767,platinum,12800,2021-03-11,Active,4352.26,0.34,0,1
ACC503554,CUST102421,Gold,12900,2026-05-13,Active,3189.02,0.2472,1,0
ACC501191,CUST100799,Gold,16500,2016-03-16,Active,3745.1,0.227,0,0
ACC501638,CUST101115,Gold,16100,2021-10-10,Active,3846.18,0.2389,1,0
ACC503043,CUST102072,Gold,15900,2026-08-10,Active,6067.14,0.3816,0,0
ACC500178,CUST100118,Gold,10700,2026-04-03,Closed,5120.85,0.4786,1,0
ACC502579,CUST101757,Standard,11600,2022-11-26,Active,6374.71,0.5495,1,0
ACC502016,CUST101381,Gold,13800,2022-12-24,Active,6237.61,0.452,1,1
ACC502768,CUST101883,Standard,19000,2022-01-28,Active,6414.13,0.3376,2,0
ACC500298,CUST100205,Standard,6000,2022-08-13,Active,3888.24,0.648,1,0
ACC502196,CUST101501,Gold,18800,2026-08-19,Closed,0.0,0.0,2,0
ACC503430,CUST102336,Standard,17400,2024-11-26,Active,6734.15,0.387,1,0
ACC501047,CUST100709,Secured,4000,2024-05-27,Active,1769.53,0.4424,0,0
ACC501405,CUST100951,Platinum,9600,2026-06-10,Active,6495.08,0.6766,1,0
ACC503108,CUST102114,Gold,17700,2022-06-10,Active,7016.45,0.3964,2,1
ACC501558,CUST101054,Secured,11600,2024-11-10,Active,1791.44,0.1544,1,0
ACC500879,CUST100595,Standard,16700,2020-01-31,Active,8340.16,0.4994,2,0
ACC500408,CUST100279,Standard,24100,2025-07-30,Active,8500.64,0.3527,1,0
ACC500777,CUST100522,Standard,15100,2016-06-23,Active,7911.55,0.5239,1,0
ACC501186,CUST100797,Secured,18800,2021-11-16,Active,7587.51,0.4036,0,0
ACC500634,CUST100426,Standard,12900,2020-04-18,Closed,4638.54,0.3596,0,0
ACC503572,CUST102433,Gold,22200,2025-06-10,Active,12540.93,0.5649,2,0
ACC500067,CUST100046,Standard,20900,2023-02-09,Closed,3653.3,0.1748,1,0
ACC502650,CUST101803,Gold,15300,2020-10-27,Active,5400.59,0.353,2,0
ACC502424,CUST101654,Platinum,12300,2026-09-02,Active,2167.54,0.1762,0,0
ACC503091,CUST102104,Platinum,15300,2021-11-19,Active,5089.87,0.3327,0,0
ACC503201,CUST102185,Gold,16400,2018-01-24,Active,4160.4,0.2537,2,0
ACC500712,CUST100477,Standard,18200,2026-02-04,Active,2497.04,0.1372,0,0
ACC502753,CUST101872,Platinum,16300,2022-08-12,Active,1733.69,0.1064,2,0
ACC500412,CUST100282,Standard,10200,2017-02-24,Active,3404.62,0.3338,2,0
ACC503224,CUST102201,Standard,17000,2024-06-11,,4283.32,0.252,1,0
ACC500170,CUST100113,Standard,13300,2020-01-07,Active,1184.35,0.089,0,0
ACC503177,CUST102170,Secured,16400,2026-08-12,Active,1277.53,0.0779,0,0
ACC501436,CUST100971,Standard,9000,2025-06-11,Active,4689.34,0.521,2,0
ACC502738,CUST101863,standard,16700,2022-06-15,Closed,12061.43,0.7222,2,0
ACC502051,CUST101408,Secured,17700,2020-01-11,Closed,9701.48,0.5481,1,1
ACC502439,CUST101663,Gold,10800,2023-03-27,Active,4390.54,0.4065,1,0
ACC503512,CUST102394,Gold,14800,2020-02-10,,8497.84,0.5742,1,0
ACC501541,CUST101043,Standard,17600,2023-07-15,Active,6756.32,0.3839,0,0
ACC500766,CUST100514,Standard,15800,2023-05-21,Active,871.24,0.0551,0,0
ACC500845,CUST100572,Standard,12600,2025-12-16,Active,1438.64,0.1142,0,0
ACC500465,CUST100321,Standard,23800,2022-01-27,Active,12646.47,0.5314,1,0
ACC503648,CUST102479,Standard,24300,2023-09-08,Active,1228.68,0.0506,0,0
ACC502113,CUST101451,Standard,15900,2017-07-12,Active,14837.05,0.9331,1,0
ACC501577,CUST101069,Gold,11100,2025-11-11,Active,3768.76,0.3395,0,0
ACC502090,CUST101435,Standard,15000,2021-09-01,Active,4430.71,0.2954,0,0
ACC501586,CUST101076,Platinum,12300,2020-04-22,Closed,7894.75,0.6418,1,1
ACC503113,CUST102119,Standard,16600,2024-06-08,Active,6427.69,0.3872,2,0
ACC502480,CUST101690,standard,500,2022-05-19,Active,1.8,0.0036,1,0
ACC500250,CUST100173,Platinum,30700,2018-08-09,Active,0.0,0.0,0,0
ACC500253,CUST100174,secured,14200,2015-09-18,Active,4815.43,0.3391,0,1
ACC500482,CUST100331,Standard,13600,2018-08-09,Active,2521.27,0.1854,0,0
ACC501719,CUST101174,Gold,10800,2025-09-10,Active,1179.13,0.1092,1,0
ACC502537,CUST101728,Standard,21000,2026-02-06,Active,9866.98,0.4699,1,0
ACC500924,CUST100625,Gold,20000,2024-11-20,Active,0.0,0.0,0,0
ACC503598,CUST102448,Gold,9700,2024-05-05,Active,7539.17,0.7772,0,0
ACC500353,CUST100243,Secured,12000,2023-03-29,Active,903.71,0.0753,0,0
ACC502222,CUST101518,Secured,7200,2025-03-19,Active,3603.48,0.5005,2,0
ACC501227,CUST100825,Gold,11600,2026-06-05,Active,3380.63,0.2914,5,1
ACC503204,CUST102186,Gold,22800,2022-09-25,Active,5000.85,0.2193,1,0
ACC502414,CUST101648,Platinum,18500,2022-08-05,Closed,11058.78,0.5978,1,0
ACC500520,CUST100355,Standard,19200,2026-09-03,Active,5286.47,0.2753,3,0
ACC500084,CUST100058,Gold,20900,2026-08-03,Active,7184.14,0.3437,1,0
ACC502699,CUST101837,Standard,12000,2021-10-10,Active,11168.22,0.9307,1,1
ACC503580,CUST102439,Platinum,20700,2024-12-21,Active,2040.68,0.0986,2,0
ACC503576,CUST102436,gold,22600,2025-05-25,Active,8220.12,0.3637,2,0
ACC503507,CUST102391,Gold,11700,2021-06-01,Active,6525.21,0.5577,2,0
ACC501792,CUST101223,Standard,18000,2026-08-23,Active,3492.68,0.194,0,0
ACC500730,CUST100490,Platinum,22300,2018-05-21,Active,8949.67,0.4013,1,0
ACC500466,CUST100321,Gold,10100,2025-04-11,Active,5377.87,0.5325,0,0
ACC503277,CUST102239,Standard,12200,2016-08-18,Active,4417.31,0.3621,1,0
ACC500206,CUST100142,Gold,19500,2024-10-16,Active,3484.85,0.1787,1,0
ACC501606,CUST101090,gold,9300,2026-02-22,Active,982.58,0.1057,1,0
ACC501348,CUST100909,gold,27700,2024-08-14,Active,0.0,0.0,0,0
ACC502080,CUST101428,Gold,17000,2021-06-16,Active,3880.0,0.2282,1,0
ACC501050,CUST100711,Standard,14700,2022-03-30,,4611.37,0.3137,1,0
ACC501903,CUST101300,Standard,10500,2022-03-28,Active,3131.6,0.2982,2,0
ACC503167,CUST102162,Gold,7000,2024-06-02,Active,3402.18,0.486,0,0
ACC500480,CUST100329,Secured,10200,2022-01-27,Active,4444.5,0.4357,0,0
ACC502755,CUST101874,Standard,8400,2018-10-03,Active,4119.49,0.4904,1,0
ACC502732,CUST101858,Platinum,17300,2021-11-09,Active,12240.9,0.7076,3,0
ACC502195,CUST101500,Standard,18600,2020-09-19,Active,367.91,0.0198,0,0
ACC503573,CUST102434,Platinum,19200,2023-08-05,Active,5823.38,0.3033,0,0
ACC500609,CUST100412,Standard,13000,2022-09-12,Active,5068.68,0.3899,0,0
ACC503300,CUST102254,Gold,16400,2026-01-16,Active,0.0,0.0,0,0
ACC503017,CUST102054,Secured,12300,2024-08-06,Closed,7645.75,0.6216,3,0
ACC501277,CUST100859,Platinum,20100,2023-01-14,Active,273.92,0.0136,1,0
ACC500045,CUST100030,Platinum,21900,2016-05-02,Closed,8477.25,0.3871,0,0
ACC500995,CUST100674,platinum,12400,2014-11-29,Active,8283.96,0.6681,1,0
ACC500608,CUST100412,Standard,12600,2015-12-03,Active,0.0,0.0,1,0
ACC502071,CUST101423,Platinum,8900,2019-10-10,Active,136.58,0.0153,1,0
ACC503059,CUST102084,Gold,15800,2024-03-01,Active,2653.77,0.168,0,0
ACC502521,CUST101716,Standard,19400,2026-08-22,Active,7606.09,0.3921,1,0
ACC500140,CUST100095,Platinum,8100,2018-10-21,Active,1745.66,0.2155,1,0
ACC501989,CUST101358,platinum,10700,2022-03-26,Active,5491.74,0.5132,1,0
ACC503581,CUST102440,Platinum,18000,2017-04-25,Active,7404.76,0.4114,1,0
ACC501891,CUST101291,Standard,13700,2023-10-07,Active,9132.25,0.6666,3,0
ACC501350,CUST100911,Standard,13700,2023-11-26,Active,6310.68,0.4606,0,0
ACC501317,CUST100887,Gold,17700,2023-07-28,Active,8877.27,0.5015,1,0
ACC502034,CUST101393,standard,11100,2024-06-03,Active,7130.53,0.6424,2,0
ACC500338,CUST100232,Standard,13200,2024-08-07,Active,1837.9,0.1392,0,0
ACC500275,CUST100190,Standard,16700,2025-01-30,Active,12509.8,0.7491,3,1
ACC500729,CUST100489,Gold,20400,2020-02-25,Active,7268.89,0.3563,0,0
ACC500097,CUST100068,Standard,14500,2025-05-02,Active,2450.12,0.169,2,0
ACC502479,CUST101689,Gold,12200,2020-11-01,Active,959.52,0.0786,0,1
ACC500842,CUST100571,Standard,12300,2024-10-29,,7313.66,0.5946,0,0
ACC500227,CUST100157,Standard,14500,2023-07-23,Active,10242.24,0.7064,3,1
ACC500495,CUST100339,Secured,22400,2026-08-17,Active,4121.26,0.184,0,0
ACC503619,CUST102460,Gold,12700,2016-02-29,Active,6018.29,0.4739,2,0
ACC501259,CUST100848,Gold,19300,2021-02-06,Active,11663.36,0.6043,2,0
ACC500285,CUST100195,Standard,15600,2024-12-24,Active,2704.04,0.1733,0,0
ACC503273,CUST102236,Gold,16300,2024-05-09,Closed,8345.48,0.512,1,0
ACC500247,CUST100170,Standard,18700,2022-12-22,Active,0.0,0.0,0,0
ACC500716,CUST100480,Standard,15000,2026-06-18,Active,9598.93,0.6399,1,0
ACC501814,CUST101240,Gold,20600,2017-12-25,Active,5480.58,0.266,0,0
ACC503136,CUST102139,Standard,18300,2021-03-25,Active,669.27,0.0366,1,0
ACC500444,CUST100304,Gold,9400,2025-01-27,Active,6310.68,0.6713,1,0
ACC502800,CUST101906,gold,13700,2014-03-12,Active,5321.92,0.3885,2,0
ACC500419,CUST100286,Gold,15500,2026-04-30,Active,2659.47,0.1716,2,0
ACC500151,CUST100101,Gold,20900,2025-12-23,Active,765.21,0.0366,1,0
ACC500974,CUST100657,Standard,12700,2025-06-29,Active,4240.03,0.3339,0,0
ACC500640,CUST100429,gold,11200,2017-09-15,Active,5236.67,0.4676,1,0
ACC502178,CUST101491,Gold,11400,2026-04-27,Active,2152.47,0.1888,1,0
ACC502192,CUST101499,Platinum,14400,2025-05-20,Active,1754.39,0.1218,0,0
ACC500428,CUST100293,Standard,15300,2024-06-06,Active,1806.99,0.1181,1,0
ACC501288,CUST100868,Standard,13000,2024-08-12,Active,0.0,0.0,0,0
ACC502630,CUST101792,Standard,12400,2025-05-01,Active,1722.1,0.1389,1,0
ACC501272,CUST100856,Standard,14800,2025-11-24,Active,5515.72,0.3727,0,0
ACC500606,CUST100410,Secured,26900,2019-05-28,Active,718.96,0.0267,0,1
ACC501110,CUST100749,Standard,13600,2021-09-16,Active,4970.44,0.3655,1,0
ACC502723,CUST101851,Secured,18200,2021-01-16,Active,5218.91,0.2868,0,0
ACC501785,CUST101220,Gold,16500,2019-08-23,Active,6964.21,0.4221,0,0
ACC500267,CUST100185,Standard,10500,2026-01-31,Active,8266.7,0.7873,4,1
ACC500083,CUST100057,Standard,21300,2023-12-21,Active,7601.42,0.3569,2,0
ACC501985,CUST101356,Standard,13700,2020-03-22,Active,7920.16,0.5781,0,0
ACC502758,CUST101876,Standard,20100,2016-10-03,Active,1932.76,0.0962,1,0
ACC501827,CUST101249,Standard,19900,2025-07-02,Active,11400.96,0.5729,1,0
ACC503368,CUST102298,Standard,18900,2026-06-15,Active,4398.45,0.2327,1,0
ACC502348,CUST101604,Standard,17400,2024-12-30,Active,2908.11,0.1671,0,0
ACC500638,CUST100429,Gold,16000,2023-04-26,Closed,2733.68,0.1709,1,0
ACC501462,CUST100991,Gold,6400,2022-10-07,Active,2408.28,0.3763,0,0
ACC502607,CUST101777,Standard,12000,2018-03-17,Active,5371.16,0.4476,4,1
ACC502134,CUST101465,Standard,9400,2023-05-21,Active,5152.56,0.5481,0,0
ACC500731,CUST100490,Platinum,14900,2024-12-23,Active,7476.71,0.5018,2,1
ACC502068,CUST101420,Standard,18900,2020-05-30,Closed,7935.16,0.4198,0,0
ACC501794,CUST101224,Standard,22800,2026-09-03,Active,348.67,0.0153,0,0
ACC500530,CUST100360,Standard,16900,2022-05-04,Active,15744.98,0.9317,1,0
ACC501199,CUST100805,standard,21000,2019-04-18,Active,4334.75,0.2064,1,0
ACC502591,CUST101763,Standard,8800,2012-06-12,Active,3176.37,0.361,1,0
ACC503230,CUST102206,Standard,18400,2022-11-29,Active,4029.47,0.219,2,0
ACC503334,CUST102276,Standard,14600,2020-01-01,Active,6424.38,0.44,0,0
ACC501820,CUST101244,Standard,18100,2024-01-03,Closed,10371.71,0.573,0,0
ACC503060,CUST102085,Gold,10000,2026-07-28,Active,2692.94,0.2693,1,0
ACC500005,CUST100002,gold,18300,2021-02-20,Active,7225.26,0.3948,1,0
ACC500708,CUST100474,Platinum,18700,2025-06-28,Active,6497.39,0.3475,0,0
ACC500199,CUST100136,Standard,22600,2025-12-26,Active,8456.19,0.3742,2,0
ACC502000,CUST101369,Secured,19400,2026-03-19,Active,4785.75,0.2467,0,0
ACC501499,CUST101016,gold,12600,2024-12-02,Active,4634.61,0.3678,1,0
ACC501055,CUST100715,gold,20300,2023-07-20,Active,11535.28,0.5682,2,0
ACC502387,CUST101630,platinum,13800,2022-05-10,Active,2969.9,0.2152,0,0
ACC501043,CUST100707,Secured,12800,2023-06-09,Closed,6644.87,0.5191,2,0
ACC501318,CUST100888,Standard,10400,2024-12-08,Closed,3361.68,0.3232,1,0
ACC502731,CUST101857,Standard,8800,2024-10-24,Closed,4414.61,0.5017,2,0
ACC500171,CUST100114,Secured,19400,2026-05-31,Active,8677.33,0.4473,1,0
ACC502966,CUST102019,Platinum,24900,2019-06-01,Active,16166.23,0.6492,2,0
ACC500808,CUST100548,Standard,10300,2026-03-25,Active,4635.27,0.45,1,0
ACC503337,CUST102278,Secured,26500,2025-08-23,Active,11401.29,0.4302,0,0
ACC503513,CUST102394,standard,5600,2022-01-31,Active,2129.94,0.3803,3,0
ACC500332,CUST100227,Standard,11000,2023-11-01,Closed,2775.3,0.2523,1,0
ACC503330,CUST102273,Standard,12500,2025-08-27,Active,5944.82,0.4756,1,0
ACC501678,CUST101146,Standard,16900,2026-02-21,Active,11452.64,0.6777,2,0
ACC502454,CUST101672,Gold,18000,2024-04-17,Active,9422.12,0.5235,2,1
ACC502558,CUST101743,Gold,17300,2016-10-24,Active,6923.78,0.4002,1,0
ACC502186,CUST101496,Standard,18200,2021-04-22,Active,5014.37,0.2755,2,0
ACC500415,CUST100284,Standard,16100,2023-07-02,Active,7275.04,0.4519,0,0
ACC503073,CUST102093,Gold,7600,2022-10-25,Closed,32.98,0.0043,1,0
ACC503130,CUST102133,Platinum,21900,2026-06-03,Active,4248.32,0.194,1,1
ACC502871,CUST101952,Platinum,16200,2015-03-27,Active,5290.34,0.3266,1,0
ACC501628,CUST101107,Platinum,21300,2019-02-01,Active,6839.82,0.3211,0,0
ACC502375,CUST101622,Standard,20800,2015-05-21,Active,2636.58,0.1268,1,0
ACC501458,CUST100988,Secured,21800,2025-02-15,Active,11770.44,0.5399,2,0
ACC503024,CUST102058,Platinum,12000,2026-07-20,Closed,10441.4,0.8701,3,0
ACC500823,CUST100558,Gold,16600,2026-04-05,Active,5996.87,0.3613,0,0
ACC501966,CUST101344,Gold,10900,2021-05-13,Active,4522.47,0.4149,0,0
ACC502903,CUST101976,Gold,16400,2016-04-08,Active,4632.1,0.2824,0,0
ACC501733,CUST101186,standard,15800,2022-10-19,Active,5130.85,0.3247,1,0
ACC500088,CUST100060,Gold,10100,2020-06-04,Active,1357.63,0.1344,0,0
ACC500605,CUST100409,Standard,21400,2026-01-06,Active,1364.48,0.0638,0,0
ACC501184,CUST100796,Standard,14900,2025-07-31,Active,8864.87,0.595,1,1
ACC502116,CUST101452,Gold,13800,2024-03-21,Closed,3510.0,0.2543,0,0
ACC503575,CUST102436,standard,18100,2022-08-18,Active,7016.74,0.3877,0,0
ACC500834,CUST100566,Standard,13500,2021-11-22,Active,0.0,0.0,0,0
ACC502587,CUST101761,platinum,17000,2014-06-15,Active,9618.46,0.5658,2,0
ACC503006,CUST102046,Standard,14800,2019-08-25,Active,1805.65,0.122,2,0
ACC501570,CUST101063,Platinum,-1000,2026-08-04,Active,1100.6,0.0925,0,0
ACC501645,CUST101120,Gold,13700,2026-08-28,Active,5690.48,0.4154,0,0
ACC501145,CUST100771,Secured,19700,2025-11-30,Active,3267.73,0.1659,0,0
ACC500904,CUST100610,Standard,10800,2023-09-24,Active,5107.12,0.4729,2,0
ACC502734,CUST101860,Standard,9300,2022-08-02,Active,4939.13,0.5311,3,0
ACC503222,CUST102199,Secured,16200,2026-04-12,Active,7383.73,0.4558,0,0
ACC500910,CUST100614,Secured,12300,2018-08-09,Active,1086.9,0.0884,1,0
ACC501313,CUST100885,Standard,21200,2026-01-26,Active,4128.88,0.1948,0,0
ACC500662,CUST100442,Platinum,14600,2025-05-22,Active,5090.72,0.3487,0,0
ACC500517,CUST100354,Secured,15700,2025-10-09,Active,3981.94,0.2536,2,0
ACC502692,CUST101830,Gold,15200,2019-09-10,Active,12358.23,0.813,4,0
ACC501015,CUST100688,Standard,13500,2025-01-23,Active,3164.2,0.2344,1,1
ACC501937,CUST101325,Platinum,23400,2020-05-21,Closed,8100.58,0.3462,1,0
ACC500653,CUST100435,Standard,12400,2023-12-03,Active,4151.8,0.3348,1,0
ACC502030,CUST101390,Standard,17200,2022-01-30,Closed,7339.25,0.4267,0,0
ACC503349,CUST102287,Standard,17900,2023-05-18,Active,9361.3,0.523,1,0
ACC500552,CUST100376,Standard,15200,2022-05-02,Active,2120.22,0.1395,0,0
ACC501052,CUST100712,Standard,15800,2026-04-01,Active,10323.78,0.6534,1,1
ACC503537,CUST102407,Platinum,10700,2025-06-20,Active,4280.31,0.4,1,1
ACC502883,CUST101963,Standard,13200,2025-05-14,Active,2079.4,0.1575,0,0
ACC502046,CUST101403,Gold,15200,2023-02-27,Active,10468.36,0.6887,1,0
ACC502855,CUST101942,Standard,10600,2023-11-02,Active,2941.83,0.2775,0,0
ACC503182,CUST102173,Secured,19900,2022-12-01,Active,15827.19,0.7953,1,0
ACC500683,CUST100455,gold,9600,2023-08-25,Active,8162.68,0.8503,1,0
ACC501573,CUST101066,Platinum,18100,2021-04-08,Active,8588.26,0.4745,1,0
ACC500493,CUST100338,Secured,16500,2024-11-14,Active,0.0,0.0,0,0
ACC500345,CUST100236,Gold,11300,2024-05-04,Active,3867.98,0.3423,2,1
ACC500080,CUST100054,Standard,15500,2026-04-18,Active,7992.37,0.5156,2,0
ACC502275,CUST101553,Gold,12100,2022-11-15,Active,4834.93,0.3996,0,0
ACC502666,CUST101813,Platinum,21600,2025-06-02,Active,10433.06,0.483,1,0
ACC500432,CUST100296,platinum,9600,2018-10-15,Active,7211.6,0.7512,2,0
ACC503494,CUST102383,Platinum,16700,2019-02-05,Active,1900.01,0.1138,2,0
ACC500473,CUST100325,Secured,7400,2023-10-08,,6521.08,0.8812,2,1
ACC500481,CUST100330,standard,16200,2015-10-14,Active,11300.82,0.6976,1,0
ACC501428,CUST100967,gold,17100,2023-11-03,Active,14602.59,0.854,2,0
ACC503628,CUST102466,Standard,10800,2022-10-13,Active,5460.53,0.5056,0,0
ACC501386,CUST100935,Platinum,14200,2026-02-02,,5018.79,0.3534,0,0
ACC503305,CUST102258,Gold,18000,2022-11-05,Closed,2038.78,0.1133,0,0
ACC501739,CUST101191,Standard,15800,2026-02-07,Active,5120.02,0.3241,0,0
ACC503540,CUST102410,Standard,7900,2025-06-23,Active,0.0,0.0,1,0
ACC503056,CUST102082,Standard,12600,2025-11-26,Active,5898.02,0.4681,1,0
ACC500676,CUST100451,Platinum,15000,2017-09-04,Active,1023.96,0.0683,0,0
ACC502404,CUST101642,Gold,9300,2024-05-28,Active,5016.61,0.5394,2,0
ACC503026,CUST102060,Standard,18000,2025-01-30,Active,12515.14,0.6953,2,0
ACC502850,CUST101940,Standard,19900,2025-04-01,Active,10280.57,0.5166,1,0
ACC501853,CUST101267,Standard,9700,2018-12-31,Active,4929.69,0.5082,2,1
ACC501380,CUST100931,Platinum,13900,2023-08-23,Closed,7034.85,0.5061,2,0
ACC503585,CUST102442,Secured,14800,2018-08-23,Active,5014.12,0.3388,1,0
ACC501933,CUST101323,Standard,11400,2025-03-18,Active,8771.81,0.7695,2,1
ACC503565,CUST102428,Secured,14700,2026-08-23,Active,3096.63,0.2107,2,0
ACC502754,CUST101873,Standard,10300,2018-10-15,Active,8150.41,0.7913,2,0
ACC501703,CUST101163,Standard,17700,2024-06-22,Active,2218.59,0.1253,3,0
ACC503034,CUST102065,Secured,12700,2023-04-27,Active,1410.24,0.111,0,0
ACC501298,CUST100875,standard,14000,2026-06-06,Active,4819.14,0.3442,1,0
ACC501884,CUST101286,Standard,14600,2024-10-21,,6976.19,0.4778,2,0
ACC500193,CUST100131,Standard,23700,2019-10-03,Frozen,3493.66,0.1474,0,0
ACC503166,CUST102162,Platinum,11300,2025-07-18,Active,6210.13,0.5496,1,0
ACC502144,CUST101471,Gold,19700,2013-04-09,Closed,0.0,0.0,0,0
ACC501051,CUST100712,Platinum,24100,2025-10-15,Active,10908.36,0.4526,1,0
ACC500620,CUST100419,Gold,13500,2023-01-22,Active,7266.1,0.5382,0,0
ACC503097,CUST102109,Standard,20800,2023-03-05,Active,14923.9,0.7175,3,0
ACC502670,CUST101815,Gold,8800,2022-02-20,Active,5451.9,0.6195,2,1
ACC501732,CUST101185,Gold,9900,2018-05-31,Active,3211.88,0.3244,1,0
ACC500210,CUST100145,Platinum,15300,2019-02-22,Active,5303.05,0.3466,0,0
ACC503352,CUST102290,Standard,8700,2020-12-20,Active,4312.2,0.4957,0,0
ACC502041,CUST101399,Platinum,12100,2024-02-18,Active,2049.45,0.1694,1,0
ACC501449,CUST100981,Standard,15800,2026-03-18,Active,4098.32,0.2594,1,0
ACC503617,CUST102459,Standard,16600,2024-05-15,Frozen,0.0,0.0,0,0
ACC502500,CUST101702,Standard,10800,2025-03-28,Active,540.96,0.0501,1,0
ACC500208,CUST100144,Secured,12600,2018-07-14,Active,3174.16,0.2519,0,0
ACC503144,CUST102146,Gold,16200,2019-01-02,Active,5936.36,0.3664,0,0
ACC502393,CUST101634,Standard,17500,2021-07-03,Active,10144.47,0.5797,1,1
ACC503437,CUST102342,Secured,8600,2018-04-17,Active,5376.21,0.6251,2,0
ACC501805,CUST101232,Gold,17900,2016-07-30,Active,7474.34,0.4176,2,0
ACC500200,CUST100136,Secured,22100,2026-04-15,Active,9619.99,0.4353,1,0
ACC502556,CUST101741,Gold,22600,2023-06-01,Active,9203.33,0.4072,2,0
ACC502324,CUST101588,Secured,17400,2023-02-13,Active,3829.92,0.2201,0,0
ACC501835,CUST101254,Standard,14800,2017-09-13,Active,10202.56,0.6894,2,0
ACC503116,CUST102122,Gold,12000,2020-04-24,Active,2149.16,0.1791,0,0
ACC501443,CUST100976,Standard,12500,2019-08-27,Active,2529.04,0.2023,1,0
ACC502669,CUST101815,gold,6700,2021-06-29,Active,4413.4,0.6587,2,1
ACC500036,CUST100024,Gold,16700,2024-06-27,Active,0.0,0.0,0,0
ACC503200,CUST102184,Secured,14700,2025-10-15,Active,5044.36,0.3432,0,0
ACC502877,CUST101957,Gold,13100,2022-07-08,Active,3765.59,0.2874,0,0
ACC503604,CUST102453,Secured,26300,2024-02-16,Active,0.0,0.0,0,0
ACC501720,CUST101175,Standard,14100,2021-02-11,Active,6942.41,0.4924,0,0
ACC501854,CUST101267,Platinum,15000,2018-12-11,Active,0.0,0.0,1,0
ACC500985,CUST100665,Gold,2500,2023-09-23,Active,1386.54,0.5546,1,0
ACC502386,CUST101629,Secured,8800,2024-06-29,Active,2504.72,0.2846,0,0
ACC501257,CUST100847,Standard,12500,2026-07-06,Active,4103.68,0.3283,0,0
ACC501239,CUST100834,Standard,21200,2026-07-07,Active,14531.22,0.6854,3,0
ACC500538,CUST100366,Gold,17600,2023-12-13,Active,4219.71,0.2398,3,0
ACC503510,CUST102393,Gold,26900,2025-06-21,Active,11542.85,0.4291,0,0
ACC500044,CUST100029,Gold,14200,2026-07-24,Active,6409.58,0.4514,1,0
ACC503379,CUST102306,gold,15400,2026-02-17,Active,3404.32,0.2211,2,0
ACC502299,CUST101569,Standard,11000,2023-04-19,Active,108.86,0.0099,1,0
ACC501567,CUST101061,Standard,19900,2021-04-15,Active,8547.73,0.4295,0,0
ACC500971,CUST100656,Gold,8300,2026-04-01,Active,3090.04,0.3723,2,0
ACC501655,CUST101129,Gold,16500,2016-10-24,Active,4684.44,0.2839,1,0
ACC502262,CUST101542,Standard,8600,2025-01-17,Active,3318.19,0.3858,0,0
ACC502710,CUST101844,Platinum,22100,2024-02-12,Active,8887.47,0.4021,1,0
ACC501034,CUST100699,Standard,15400,2026-08-23,Active,524.32,0.034,0,0
ACC500759,CUST100509,Gold,12800,2026-06-23,Active,14229.62,1.1117,5,1
ACC500915,CUST100618,Gold,18700,2015-10-13,Active,4958.36,0.2652,2,0
ACC500202,CUST100138,Gold,19600,2024-11-14,Active,7158.6,0.3652,0,0
ACC500341,CUST100234,secured,15800,2025-06-25,Closed,0.0,0.0,0,0
ACC501799,CUST101227,platinum,6000,2013-06-25,Active,3628.55,0.6048,2,0
ACC502908,CUST101981,Standard,18700,2025-03-31,Active,3746.37,0.2003,2,0
ACC500720,CUST100483,Standard,16900,2025-04-21,Active,6329.37,0.3745,0,0
ACC502436,CUST101662,Platinum,19100,2023-07-27,Active,9323.12,0.4881,2,0
ACC503035,CUST102066,Gold,15100,2023-08-05,Active,8942.16,0.5922,0,0
ACC500387,CUST100265,Platinum,20000,2026-06-30,Active,8348.85,0.4174,1,0
ACC500918,CUST100621,Gold,7500,2025-08-24,Closed,4176.83,0.5569,2,0
ACC503402,CUST102319,Secured,12900,2022-05-10,Active,6210.46,0.4814,1,0
ACC500003,CUST100001,Gold,19100,2023-04-01,Active,2971.98,0.1556,3,0
ACC500792,CUST100534,Gold,10400,2024-09-30,Active,858.34,0.0825,0,0
ACC502563,CUST101746,Standard,16100,2018-10-09,Active,8207.86,0.5098,2,0
ACC501514,CUST101023,Gold,20000,2024-10-10,Active,12022.65,0.6011,1,0
ACC501831,CUST101251,gold,12400,2022-03-28,Active,6551.85,0.5284,0,0
ACC500072,CUST100048,Gold,13300,2020-01-04,Active,3176.89,0.2389,2,0
ACC502757,CUST101875,Secured,12200,2024-01-08,,4207.31,0.3449,0,0
ACC502114,CUST101451,Gold,14000,2021-06-09,Active,8457.75,0.6041,0,0
ACC502010,CUST101375,gold,15400,2024-08-29,Closed,6697.28,0.4349,2,0
ACC500604,CUST100409,Gold,21200,2025-10-29,Active,1432.93,0.0676,0,0
ACC503520,CUST102399,Standard,18700,2025-12-25,Active,0.0,0.0,1,0
ACC503253,CUST102223,Secured,23600,2018-12-22,Active,12888.42,0.5461,0,0
ACC500555,CUST100379,Secured,15600,2024-09-05,Closed,11065.93,0.7094,1,0
ACC503547,CUST102415,Platinum,13600,2023-05-11,Closed,5282.75,0.3884,1,0
