customer_id,first_name,last_name,date_of_birth,age,state,branch_id,email,phone,employment_status,employment_length_years,annual_income,credit_score,customer_since
CUST100432,Tonya,Savage,1993-12-01,32,VA,BR102,nsims@example.org,+1-921-941-6141x5093, Employed ,13.3,42933.44,729,2021-10-05
CUST101956,Mark,Higgins,1975-08-05,51,MA,BR101,tiffany92@example.net,318-657-2350,Employed,20.4,111314.07,839,2018-08-05
CUST102252,Katie,Mills,2003-04-24,23,MO,BR103,ocampos@example.net,001-907-345-6256x7032,Employed,1.6,60923.12,726,2025-09-26
CUST100778,Michaela,Kelly,2008-01-18,18,MI,BR107,amandasnyder@example.com,+1-501-919-2360, Self-Employed ,0.0,43008.09,710,2017-11-15
CUST100747,Joseph,Case,1986-02-27,40,MI,BR105,victor60@example.net,741-828-3337x2188,Unemployed,0.0,12905.47,570,2022-10-20
CUST100819,  Brian  ,Hayes,1982-01-03,44,WA,BR107,marilyn67@example.net,427-378-2210,Self-Employed,5.7,29118.02,667,2024-10-28
CUST100015,Jade,Carr,1973-07-23,53,Texas,BR103,contrerasangela@example.net,524-711-8244,Employed,0.5,87252.64,772,2014-10-05
CUST101207,Darlene,Cox,1968-12-01,57,NJ,BR103,hmoses@example.org,(539)645-6452,Employed,0.9,48919.58,674,2014-06-29
CUST101661,Derek,Scott,1983-03-27,43,PA,BR107,cjoseph@example.org,307-269-5559x35588,Employed,3.4,13575.46,706,2019-04-19
CUST101727,Sandra,Thomas,1981-03-22,45,IL,BR108,,387.503.2381x2817,Employed,0.0,"$30,435.48",723,2016-12-29
CUST100570,Kelsey,Wright,2006-12-14,19,TN,BR110,karen66@example.org,001-841-511-8600x8921,Employed,1.0,67094.48,697,2024-02-16
CUST100780,Patricia,Davis,1975-08-12,51,GA,BR103,cheryldavis@example.com,,employed,5.0,69600.31,706,2013-01-17
CUST100052,Makayla,Olson,1985-12-24,40,MO,BR103,julie51@example.com,623-368-5160,Employed,22.0,83248.86,704,2018-07-05
CUST101913,Nicholas,Brown,1986-12-10,39,WA,BR108,melissa74@example.org,(508)418-0368,employed,21.0,31120.79,689,2017-01-10
CUST100574,Anna,Burns,1982-12-07,43,NJ,BR104,pedwards@example.org,377-488-1161x62028,Self-Employed,22.4,104427.1,762,2014-09-01
CUST100910,  Cheryl  ,Walker,2006-04-14,20,WA,BR105,caseystafford@example.org,001-857-248-3526x8064,Employed,0.9,37375.26,641,2022-11-04
CUST102265,Sean,Park,1984-10-28,41,WI,BR109,smithalyssa@example.org,+1-376-363-5215x26737,Employed,6.2,60191.5,749,2011-11-29
CUST101916,Chelsea,Suarez,1984-12-28,41,MI,BR109,,+1-453-995-2608x853,Employed,6.1,134796.67,748,2024-11-05
CUST100887,Ruben,Torres,1992-05-26,34,PA,BR106,justin75@example.net,(931)312-3274,Employed,0.7,"$56,644.95",685,2018-06-13
CUST102354,  Michael  ,Anderson,1994-07-28,32,CA,BR106,angelarivera@example.net,+1-604-845-0398x6383,Employed,14.0,,685,2026-05-06
CUST100203,Michelle,Coleman,1978-07-01,48,CA,BR104,harrismaria@example.net,001-361-520-7501x10248,Employed,3.4,59889.36,747,2025-04-24
CUST101351,Mary,Kelley,1996-08-01,30,FL,BR110,jeansmith@example.com,001-625-465-9950x891,Employed,4.3,52982.25,685,2022-03-09
CUST102244,Joan,Jenkins,1987-04-07,39,MI,BR106,ryanturner@example.org,598-792-8914,Employed,0.3,57671.33,738,2026-05-17
CUST100267,Stephen,Foley,1984-12-23,41,MI,BR111,franklintrevor@example.org,001-577-667-1990,Employed,11.2,22623.48,701,2020-12-20
CUST101056,Lawrence,Nelson,1998-11-06,27,WA,BR101,kyleparker@example.com,001-768-621-2156x4952,Employed,9.0,76685.54,669,2020-04-19
CUST100998,Ralph,Smith,1986-03-28,40,WA,BR107,davidclay@example.org,(262)270-6648,Self-Employed,9.0,67228.38,669,2024-04-02
CUST101283,  Patricia  ,Norman,1995-03-01,31,MI,BR111,timothy93@example.net,929-356-5188,Employed,1.0,79201.77,711,2021-05-24
CUST101196,Charles,Hinton,1980-04-08,46,WA,BR101,jstanton@example.org,(875)390-1779x15244,Employed,0.3,42047.58,737,2015-10-25
CUST100736,Shawn,Carter,2002-08-28,24,WA,BR106,,(842)481-3190x92487,Employed,1.2,"$86,558.43",769,2015-04-01
CUST101026,Mariah,Wang,1972-06-06,54,TN,BR101,ftaylor@example.org,543.606.8811x640,Employed,1.2,5934.75,644,2025-11-07
CUST100069,Miguel,Mitchell,1992-10-05,33,MO,BR100,,001-480-279-3597,Employed,7.6,109901.81,766,2018-06-11
CUST102367,Gabriel,Gonzales,1993-11-24,32,NC,BR103,wgarcia@example.com,+1-873-478-1561,employed,13.9,9017.97,649,2012-09-10
CUST100961,Allison,Ford,1968-11-01,57,MI,BR101,ronaldyoung@example.org,594-689-8959x65466,Employed,1.5,88918.03,751,2026-03-25
CUST101502,Peter,Zuniga,2001-10-31,24,NY,BR111,john98@example.org,+1-985-590-7996x585,Employed,6.0,"$64,407.74",736,2025-06-23
CUST100930,Rebecca,Davis,1986-01-29,40,IN,BR108,davidjones@example.org,+1-529-316-1746x9029,EMPLOYED,1.2,43070.87,680,2025-10-22
CUST102111,Denise,Irwin,1987-12-16,38,WA,BR105,lwilliamson@example.com,(533)302-3042x33388,Employed,4.2,69660.67,691,2021-08-04
CUST100360,Joseph,Burke,1984-02-11,42,CO,BR104,avilalisa@example.net,(466)910-8573,Employed,3.6,29892.26,675,2019-08-04
CUST100622,Lauren,Williamson,1977-06-18,49,MA,BR110,ggates@example.org,525.679.7067,Employed,0.3,66738.04,748,2026-06-12
CUST101140,Joanna,Williams,1960-06-28,66,PA,BR104,rose88@example.com,+1-840-678-8026x52951, Retired ,0.0,43036.47,716,2022-01-17
CUST100261,David,Johnson,1992-11-29,33,CO,BR111,,930.751.7289,Employed,3.2,65929.36,706,2014-06-20
CUST102188,Debbie,Harper,1995-10-30,30,TX,BR104,jasonsmith@example.com,(719)288-9060x917,Employed,6.8,59846.54,709,2018-07-14
CUST100642,Sharon,Smith,1988-11-10,37,WA,BR104,jeanette43@example.net,+1-891-806-2272x362,Employed,9.7,29522.76,674,2020-07-18
CUST101111,Pamela,Alvarez,1989-02-22,37,NJ,BR106,kimberly90@example.net,588.865.3859x067,Employed,3.1,30943.06,683,2014-10-09
CUST100575,Daniel,Mcclure,1977-08-05,49,MO,BR107,zjackson@example.net,728.466.0416x4485,Employed,0.1,54794.94,695,2013-11-01
CUST100282,Heather,Reynolds,1997-12-07,28,NC,BR109,vbradley@example.net,001-332-919-7199x758,Unemployed,0.0,,599,2014-05-08
CUST101532,  William  ,Stephenson,2001-01-01,25,NJ,BR103,tammy34@example.org,892-493-6059,Employed,2.2,59625.26,661,2022-02-05
CUST101944,  Allison  ,Thomas,1973-01-28,53,CO,BR111,james22@example.org,4728487641,SELF-EMPLOYED,4.8,35993.71,642,2013-03-13
CUST101353,Kyle,Parker,1978-02-06,48,AZ,BR101,jasongarza@example.org,778-652-4744x203,EMPLOYED,2.2,44909.93,700,2015-12-06
CUST101427,Andrew,Cobb,1966-11-21,59,TN,BR108,maria74@example.net,442-848-7396,Self-Employed,5.1,39845.31,725,2013-08-31
CUST100523,Samantha,Gray,2000-10-24,25,CO,BR102,sheppardnatalie@example.net,+1-878-624-5569,EMPLOYED,5.5,63216.25,686,2016-05-03
CUST100598,Michael,Small,2001-03-19,25,VA,BR105,johnny54@example.org,+1-642-245-6075,Employed,2.7,79717.4,737,2020-08-11
CUST101697,Lisa,Richard,1975-01-29,51,NC,BR107,michealallen@example.net,001-974-789-2500,employed,10.7,101669.32,746,2013-04-20
CUST100362,Robert,Marshall,1984-03-26,42,TX,BR104,michael91@example.net,6177226016, Employed ,4.1,12637.87,683,2020-06-25
CUST102236,  Stacy  ,Monroe,1973-02-12,53,NJ,BR101,tholt@example.net,(831)377-1862x6678,Employed,5.3,90714.46,776,2017-09-30
CUST100329,Carl,Contreras,1983-12-23,42,NY,BR107,pattonsamantha@example.org,001-732-750-1249,Unemployed,0.0,16831.77,597,2014-02-12
CUST101253,Breanna,Lewis,1959-05-04,67,WA,BR105,michelle12@example.net,946-950-2234,Employed,6.9,26379.77,695,2019-12-06
CUST102033,Dustin,Perez,1980-06-23,46,TN,BR103,newmanpatricia@example.com,(711)368-4603,Employed,5.3,"$69,417.94",709,2021-02-02
CUST101543,Isabella,Walker,1999-06-14,27,WI,BR103,dstafford@example.net,7418167881,EMPLOYED,0.2,66645.53,722,2021-03-27
CUST102478,Mia,Morales,1995-10-02,30,IL,BR100,hmatthews@example.org,001-451-928-4836x95595,Employed,1.9,53250.33,676,2018-08-19
CUST101471,Jennifer,Price,1990-11-04,35,WI,BR108,angel98@example.net,954.264.6398,employed,7.1,98788.71,779,2013-03-28
CUST102200,Heather,Pitts,1950-04-26,76,WI,BR100,navarromark@example.com,797-609-5744,Self-Employed,7.0,45268.14,672,2012-02-02
CUST101470,Sara,Allen,1979-10-20,46,CO,BR110,kyliekline@example.com,+1-767-906-0558x173,Employed,6.7,27419.47,685,2020-10-14
CUST100141,  Lawrence  ,Ibarra,1994-10-29,31,MO,BR102,patrickli@example.org,+1-921-589-0927x5326,employed,0.8,71031.88,715,2013-01-06
CUST100182,Kenneth,Carter,1951-07-19,75,TN,BR100,,(432)360-3323x098,Retired,0.0,24714.75,740,2017-03-11
CUST100581,Stephanie,Dougherty,1982-07-26,44,TN,BR111,jennifer68@example.com,541.886.5205x7563,Unemployed,0.0,6439.01,563,2017-04-22
CUST102347,Angel,Marshall,2007-05-30,19,IL,BR102,ipadilla@example.com,666-619-0764,,0.0,16228.76,545,2025-02-01
CUST100833,Kelly,Rodriguez,1985-10-24,40,VA,BR102,james32@example.com,+1-636-478-1367x500,employed,3.0,103198.47,726,2022-02-14
CUST101113,Jacob,Brown,1971-02-11,55,GA,BR101,moralesfrancisco@example.net,4739992891,Employed,3.7,,741,2013-07-06
CUST100936,Michael,Young,1991-05-23,35,NY,BR101,joseharris@example.org,001-931-815-8760x545,unemployed,0.0,18925.8,532,2025-05-23
CUST101729,William,Martin,1983-09-20,43,NJ,BR107,brianreynolds@example.com,001-540-803-8180,Employed,0.5,102539.79,716,2016-03-01
CUST102281,Steven,King,1993-04-16,33,CO,BR102,loribowman@example.net,228.202.3865x626, Self-Employed ,1.3,11746.96,649,2019-12-30
CUST102459,  Philip  ,Torres,1988-04-15,38,MA,BR103,alvaradojesse@example.net,292-203-1759x145,Employed,7.6,87128.39,783,2020-09-11
CUST100538,Melissa,Solis,1977-08-16,49,PA,BR104,ypatterson@example.org,001-212-784-1173,Employed,6.7,75691.05,732,2012-01-22
CUST101248,  Julie  ,Chavez,1983-10-02,42,MO,BR105,kendra39@example.net,001-823-813-2465,Self_Employed,3.6,48710.51,681,2020-11-11
CUST100124,Michelle,Alexander,1958-02-07,68,OH,BR106,pochoa@example.net,(745)693-7526,Retired,0.0,34167.68,683,2022-09-08
CUST102191,Kenneth,King,1997-02-06,29,PA,BR110,jenniferpage@example.net,219.274.5314x5955,Employed,11.0,59263.82,715,2012-06-19
CUST100531,Peter,Howe,1987-03-25,39,WI,BR107,richard23@example.net,597-991-6202x232,Employed,5.0,60483.39,748,2018-11-22
CUST102385,Andrea,Haynes,1988-02-19,38,AZ,BR102,michael16@example.net,001-532-340-5741x1935,Unemployed,0.0,8684.43,591,2021-01-27
CUST101046,  Mary  ,Benton,1987-10-27,38,FL,BR103,noblealexandra@example.org,619-285-4582x94203,Employed,3.3,79488.26,703,2012-09-28
CUST102099,Nicole,Dean,1990-05-05,36,MI,BR109,david76@example.org,(862)996-5863x60253,Self_Employed,16.2,60215.9,737,2014-07-12
CUST102158,Bryan,Rodriguez,1976-07-21,50,WA,BR107,fletcherpatrick@example.net,6046790464,Employed,5.1,81373.54,727,2012-08-13
CUST100958,Tom,Gray,2008-07-01,18,VA,BR107,anna74@example.com,6008268764,Employed,0.0,67108.48,640,2019-02-16
CUST102045,Donna,Fields,1987-10-29,38,FL,BR100,dianawilliams@example.org,453.550.2469x4841,self-employed,16.8,70639.59,734,2013-10-20
CUST100600,Tiffany,Little,1956-11-14,69,VA,BR106,reyestina@example.org,546-260-2416x13944,Retired,0.0,35035.69,687,2017-04-22
CUST100638,Maurice,Fuller,2004-03-17,22,WI,BR106,nhayes@example.com,+1-948-971-4855x245,Employed,4.0,92929.9,706,2021-08-14
CUST100680,Travis,Powers,1978-09-29,47,IN,BR108,nicole15@example.org,(629)346-2135,Employed,12.7,86021.92,755,2017-01-05
CUST101472,Tiffany,Brewer,1993-01-08,33,NJ,BR108,todd39@example.net,442.771.8669,Employed,3.9,56784.65,636,2016-07-12
CUST102195,Barry,Wise,1985-03-04,41,TX,BR101,angela81@example.com,493.839.6910,Employed,0.7,80319.69,790,2021-06-12
CUST101618,  Mariah  ,Smith,2003-06-20,23,MI,BR109,julie89@example.com,+1-561-772-1505x205,Employed,4.2,48936.8,732,2014-09-11
CUST100909,Joshua,Kennedy,1978-04-27,48,NJ,BR106,gutierrezjessica@example.net,001-282-473-4813x1045,Self-Employed,5.2,"$131,337.48",746,2016-12-20
CUST100644,Lynn,Weaver,1984-02-29,42,TN,BR107,whernandez@example.net,340-364-1769x27438,Employed,1.4,44279.12,754,2026-08-09
CUST101688,Courtney,Sutton,1990-07-05,36,Florida,BR111,,511-654-8805x1093, Employed ,1.1,35466.57,739,2017-07-24
CUST101676,Samantha,Mann,1988-02-20,38,PA,BR107,tyler30@example.com,759-765-7657x86800,employed,4.7,99622.65,763,2012-09-21
CUST101327,Christy,Lee,1966-12-09,59,Texas,BR108,,(417)434-0242,Employed,5.7,85505.0,753,2022-09-08
CUST100940,John,Merritt,1983-04-22,43,MA,BR105,tvelasquez@example.com,330-979-6373x1008,Employed,9.1,77192.94,698,2025-09-30
CUST100707,  Heather  ,Nelson,1966-08-11,60,IL,BR104,warnertimothy@example.net,001-423-216-6007x676,Unemployed,0.0,,574,2020-04-29
CUST100789,Elizabeth,Fernandez,1981-11-14,44,OH,BR100,travis12@example.org,001-248-290-5670x86700,Employed,7.9,82070.54,684,2021-08-07
CUST100929,Melissa,Martinez,1977-03-22,49,NC,BR103,sanchezjennifer@example.org,001-528-916-5064x63005, Employed ,7.7,23846.19,692,2018-07-16
CUST101831,Lauren,Wilson,1975-02-01,51,CO,BR107,james42@example.org,,Employed,8.1,53022.54,739,2021-04-17
CUST101698,Joseph,Cochran,1966-03-11,60,FL,BR107,mfowler@example.com,+1-918-621-7748,Self-Employed,10.9,51136.04,662,2019-03-03
CUST100623,Brian,Brown,2004-04-23,22,IL,BR108,joshua57@example.com,672-515-6229,Employed,4.0,91350.64,693,2020-02-08
CUST102034,Eduardo,Ramirez,2004-01-23,22,MI,BR103,jmyers@example.org,001-874-264-5331x64950,Employed,4.0,33991.75,678,2023-05-07
CUST102336,Jonathan,Hernandez,1970-08-03,56,IN,BR110,joseph34@example.net,,Self-Employed,2.7,56255.88,713,2024-10-31
CUST101311,Catherine,Thomas,1988-02-01,38,NJ,BR105,ycooper@example.org,+1-827-467-1377x188,Self Employed,4.7,61308.03,720,2024-05-08
CUST101611,Richard,Kelley,1978-04-18,48,AZ,BR105,michael52@example.org,620-336-0816,Self-Employed,0.0,28046.77,733,2025-10-07
CUST100314,Walter,Gallegos,1999-03-06,27,WI,BR109,rmckinney@example.net,,Employed,3.5,26558.68,645,2015-11-03
CUST100951,  Melissa  ,Wilson,1999-12-20,26,OH,BR104,nelsongabriela@example.com,413-207-5384x185,Employed,3.1,0.0,634,2024-12-23
CUST100766,Michael,Jimenez,1981-09-12,45,WI,BR101,richard04@example.com,(312)689-9151,Employed,3.3,24567.29,655,2023-03-07
CUST100142,Karen,Lawrence,1978-10-28,47,WA,BR110,bbell@example.com,(634)213-8999, Employed ,14.0,61792.37,699,2024-05-16
CUST102272,  Lauren  ,Henry,1981-11-13,44,IL,BR103,john96@example.com,442.793.2683x4870,Self-Employed,9.9,52840.41,694,2013-04-12
CUST100515,Allison,Garrison,1989-04-25,37,IN,BR101,jeanette28@example.org,(535)367-9836,Employed,19.0,94501.24,754,2015-11-13
CUST101236,Shaun,Hill,1965-12-18,60,PA,BR103,fenglish@example.com,727-561-3681x49802,Unemployed,0.0,14084.9,581,2021-03-13
CUST101469,Jay,Bradley,1999-09-19,27,NJ,BR109,kathryn24@example.net,923.385.8653x9276,employed,3.7,69595.74,740,2015-08-12
CUST101347,Logan,Ruiz,1985-10-24,40,AZ,BR107,deniseclark@example.net,001-800-709-4065,Employed,7.3,78685.9,787,2022-07-21
CUST101058,Karl,Baxter,1996-04-23,30,NY,BR104,jenniferrice@example.com,001-368-306-6405,Employed,12.0,0.0,719,2026-07-15
CUST100932,Tanya,Butler,2008-08-10,18,WA,BR107,wstevens@example.org,(636)621-9865x5049,Employed,0.0,117377.27,741,2016-03-16
CUST101709,Shelley,Kerr,1988-01-10,38,NJ,BR106,robert20@example.org,,Employed,2.2,61021.45,716,2019-01-14
CUST100356,Billy,Kelly,1977-08-26,49,WA,BR104,hellis@example.net,(615)513-4228,unemployed,0.0,,580,2020-06-05
CUST101014,Karl,Santos,1981-01-06,45,AZ,BR103,ghill@example.net,799-479-5728x5759,Employed,4.6,63420.75,728,2025-10-29
CUST100163,Jonathan,Rodriguez,1978-10-16,47,MA,BR109,williamssamuel@example.com,(567)465-8617,Employed,12.1,54964.3,742,2018-06-16
CUST100472,Joseph,Perkins,1971-12-11,54,CA,BR105,omoore@example.net,001-965-427-1727x2239,Employed,15.6,108475.95,790,2021-05-20
CUST101424,Eric,Taylor,1990-09-13,36,IN,BR102,vjones@example.net,+1-258-319-7015,Employed,8.3,84367.33,753,2020-02-28
CUST101288,Jared,Brewer,1990-03-20,36,CA,BR108,shelby34@example.com,001-514-666-8865x8348,Employed,4.9,70902.03,743,2020-02-06
CUST102267,Jacob,Jackson,1983-01-06,43,NJ,BR103,ywallace@example.net,001-897-273-9516,Employed,0.1,49701.95,688,2015-01-27
CUST100074,Tara,Bishop,1964-06-11,62,MA,BR104,pyoung@example.com,435.697.7468x8623,Unemployed,0.0,21939.58,604,2012-07-02
CUST100974,Amber,Herrera,1977-01-31,49,WI,BR100,rmoore@example.com,+1-825-681-2259x0956,Employed,2.5,68876.01,751,2022-05-10
CUST102482,Thomas,Nguyen,1977-12-16,48,CO,BR101,jareddavis@example.org,(941)870-7127,Employed,10.4,20550.17,679,2015-04-21
CUST101241,Kayla,Stein,1969-04-07,57,WA,BR108,gabrielle92@example.com,(493)270-6325x0313,Employed,1.3,90559.4,783,2016-03-24
CUST102465,Nicole,Gibson,1969-08-19,57,NY,BR101,lisa75@example.com,826-537-0079,Employed,1.3,48364.77,755,2014-10-28
CUST100464,Christina,Davis,1979-02-24,47,CA,BR107,jamesalicia@example.net,+1-733-656-7086x0414,employed,7.8,57727.3,682,2025-10-16
CUST100697,Dylan,Garrett,1988-08-19,38,PA,BR107,brittneyblake@example.org,374-239-7429x250,Employed,0.6,61656.76,749,2024-09-01
CUST102410,  Jose  ,Hernandez,1983-07-02,43,NJ,BR110,suzannematthews@example.org,+1-429-785-6724x0555,Employed,6.2,69968.63,710,2024-06-03
CUST100338,John,Young,1978-10-12,47,FL,BR107,brittany14@example.org,220-785-0769x86407,Self-Employed,3.1,34830.88,740,2017-05-11
CUST102162,Caleb,Hartman,1986-10-22,39,MA,BR106,wdavis@example.net,+1-896-622-4947,Employed,3.0,"$37,788.62",583,2021-05-08
CUST100032,Elizabeth,Rogers,1970-04-17,56,MI,BR106,lrosales@example.com,554.354.9480, Employed ,1.9,83550.26,716,2015-04-29
CUST100304,Shannon,Allen,1980-12-29,45,IL,BR107,cheryljohnson@example.org,001-379-714-5608x331,Unemployed,0.0,10095.72,626,2024-08-05
CUST102198,Matthew,Wall,1999-01-25,27,CA,BR100,,220-732-8659x18198,Employed,8.5,69287.2,708,2014-06-29
CUST102021,Natasha,Leon,1982-10-26,43,MO,BR105,victoria80@example.com,233.315.6964,Employed,3.3,83588.85,739,2012-06-13
CUST100995,Emily,Fuller,1971-04-29,55,NC,BR110,gallagherjoanna@example.org,001-890-674-7296,Unemployed,0.0,19233.18,592,2012-08-29
CUST100607,John,Hudson,1987-01-18,39,TN,BR103,xcohen@example.org,001-796-488-3275x3273,Unemployed,0.0,4758.51,649,2016-02-04
CUST102226,Joe,Warren,1989-02-05,37,IL,BR100,lisacollins@example.net,001-969-766-0818,Employed,8.8,70989.12,659,2019-06-12
CUST102080,Alisha,Collier,1988-08-08,38,NY,BR104,solismelissa@example.com,628.277.4786x910,Employed,11.1,"$31,871.72",765,2018-05-02
CUST100218,Linda,Ortiz,1998-12-05,27,WI,BR104,mooredenise@example.com,986-495-9463x688,Employed,9.0,91381.97,771,2017-03-31
CUST102279,Alan,Garcia,1987-08-14,39,NJ,BR103,iwells@example.com,615.968.5390x9174,Employed,13.4,27665.4,733,2020-03-23
CUST101649,April,Forbes,1990-03-12,36,FL,BR108,simmonsjoseph@example.org,475-947-8935x05260,Employed,14.9,41998.45,726,2012-02-26
CUST101721,Keith,Brown,1979-02-26,47,TN,BR108,,001-839-585-2381x82893, Employed ,6.2,57333.53,669,2026-03-13
CUST100798,Brittney,Mccoy,1996-12-03,29,VA,BR110,travistaylor@example.net,830-260-1198x75617,Employed,3.6,109431.44,739,2011-11-19
CUST101445,Michael,Johnson,1979-10-08,46,MO,BR104,zcook@example.net,+1-426-972-8007,Employed,2.5,97149.41,756,2014-01-22
CUST100519,  Holly  ,Sullivan,1993-08-10,33,TN,BR103,ugarcia@example.net,973-623-5494x012,Unemployed,0.0,"$12,991.14",566,2024-06-10
CUST101312,Michael,Rodriguez,1972-12-18,53,MI,BR107,yhubbard@example.com,+1-530-955-7371,Employed,1.0,88669.14,737,2022-11-15
CUST102368,  Nicholas  ,Wells,2005-03-19,21,MO,BR107,youngallison@example.com,814.803.1916,Employed,3.0,98304.97,716,2024-08-29
CUST102476,Travis,Frank,2003-02-01,23,MA,BR101,josechambers@example.com,(494)821-0420x841,Employed,5.0,39969.02,706,2016-07-03
CUST100171,Thomas,Adams,1978-10-09,47,MO,BR101,andrew44@example.com,513.824.7546x9137,Employed,6.5,70506.34,687,2022-10-11
CUST100704,Jerry,Zamora,1987-05-16,39,NC,BR104,jay04@example.org,425.937.6576,employed,0.0,118863.53,784,2018-11-20
CUST102313,Lisa,Robinson,2007-10-31,18,NY,BR108,wshelton@example.org,602-545-4224x922,Employed,0.0,45810.38,679,2012-01-21
CUST100487,  Steven  ,Mcclure,1991-11-16,34,CO,BR105,cisnerosjesse@example.org,+1-822-288-9857x25459,,2.4,76483.8,819,2025-01-04
CUST100917,Anthony,Lewis,1964-11-07,61,IL,BR111,hunterholly@example.com,418-749-1359,Employed,12.3,123057.69,767,2016-11-19
CUST100026,Perry,Carrillo,1990-07-23,36,PA,BR110,gateskathy@example.com,805.946.6889x3734,employed,11.9,25948.61,588,2012-02-27
CUST100530,Tammy,Taylor,1977-04-15,49,OH,BR105,kevincollins@example.org,393.911.0291x8133,Self-Employed,1.3,60687.42,746,2012-02-03
CUST100564,James,Harrison,1967-12-11,58,VA,BR104,ucervantes@example.com,,Employed,13.3,55677.61,743,2017-12-17
CUST100221,Danielle,Gonzales,1968-07-18,58,WI,BR109,melissagalvan@example.net,430-398-8392x0530,Self-Employed,2.3,50169.18,706,2026-08-05
CUST101633,David,Salas,1976-12-26,49,CA,BR103,taylorfleming@example.com,001-704-783-6481x16595,Employed,10.2,40393.41,701,2020-04-07
CUST101678,Lauren,Thompson,1982-08-10,44,California,BR100,carterchristopher@example.net,767.247.1520x35191,Employed,1.7,89079.65,770,2023-09-22
CUST100637,Dustin,Doyle,1993-02-05,33,WI,BR104,adkinslauren@example.net,7322020326, Employed ,3.0,"$37,935.73",651,2020-04-04
CUST102078,Julie,Bright,1980-08-02,46,FL,BR106,alyssaevans@example.org,373.948.5030x2772, Employed ,18.2,29338.15,711,2020-04-22
CUST100219,Jon,Parker,1986-04-12,40,GA,BR101,kim62@example.net,237-421-3865,EMPLOYED,12.4,-51898.3,737,2017-07-12
CUST100996,Christine,Washington,1992-02-29,34,IL,BR103,trancaitlin@example.com,+1-674-385-9946x41839,Employed,3.7,72647.8,723,2017-11-08
CUST101332,Jesus,Medina,1985-04-17,41,MI,BR102,carrollchristopher@example.org,+1-883-890-9342x4240, Self-Employed ,4.8,50593.44,744,2021-10-08
CUST101964,Sean,Fitzgerald,1963-01-18,63,MA,BR110,uburns@example.net,6789107283,Employed,3.2,55415.59,791,2024-04-09
CUST101188,Karen,Mayer,1970-06-05,56,NJ,BR102,,915.268.9109x779,Employed,12.7,88512.5,795,2024-10-03
CUST102410,Jose,Hernandez,1983-07-02,43,NJ,BR110,suzannematthews@example.org,+1-429-785-6724x0555,Employed,6.2,69968.63,710,2024-06-03
CUST100792,Claudia,Fields,1972-09-28,53,NJ,BR103,davidbrown@example.org,664-481-8804,Employed,32.3,102289.44,720,2019-11-22
CUST100401,Douglas,Alexander,2000-04-12,26,GA,BR105,bradley03@example.org,323-242-5832x3024,Employed,8.0,58565.4,673,2024-02-16
CUST100083,Michael,Herring,1973-05-15,53,GA,BR106,jacobserika@example.com,(271)492-8565x431,Employed,11.5,"$78,345.16",713,2019-03-03
CUST101867,Alan,Mccann,2008-01-09,18,TN,BR109,robinsonjulie@example.com,803.524.8274,Employed,0.0,53355.01,701,2022-11-19
CUST101524,Kimberly,Clark,1899-13-45,45,WI,BR107,benjamin51@example.org,979.837.6699,Employed,10.3,63684.27,720,2019-09-07
CUST102041,Edgar,Mckenzie,1985-08-08,41,IL,BR101,jasonsosa@example.org,967-372-5038x56162,Self-Employed,0.1,41142.1,632,2026-01-05
CUST100654,William,Alvarez,1989-07-05,37,NJ,BR103,daniel93@example.net,(883)374-9079x779,Unemployed,0.0,4258.67,574,2025-12-10
CUST100669,Austin,Mendoza,1998-03-30,28,CO,BR110,,213-569-5727,,6.3,9539.01,575,2023-03-10
CUST101547,  Amy  ,Wright,1981-02-06,45,WI,BR111,ddunn@example.com,+1-910-680-1533,Employed,12.9,67001.51,721,2024-03-21
CUST100030,Brittany,Rivas,1983-12-03,42,FL,BR110,curtisbarton@example.net,+1-819-905-8651x850,Employed,0.4,128044.29,790,2013-04-19
CUST102413,Vickie,Mccann,1987-04-19,39,VA,BR102,peter93@example.org,3507650696,Employed,17.5,56011.6,757,2025-05-18
CUST101706,Joseph,Schroeder,1979-04-19,47,MA,BR101,joseph10@example.net,504-727-9749,Self-Employed,3.2,71711.2,696,2015-11-17
CUST102461,  Sean  ,Cordova,1959-03-30,67,NY,BR107,lori48@example.net,4245966899,Retired,0.0,,724,2026-02-01
CUST100396,Kevin,Sims,1979-03-02,47,MA,BR101,garciabrian@example.org,866-319-6399x0767,unemployed,0.0,10091.86,571,2016-10-15
CUST101834,Debra,Robles,1987-09-15,39,AZ,BR111,melissacastillo@example.net,(530)357-8245,Employed,6.5,100379.93,788,2012-02-09
CUST101815,  Jennifer  ,Thompson,1994-04-29,32,OH,BR110,paynedominic@example.net,001-852-976-2520x21311,Unemployed,0.0,3696.87,519,2020-02-20
CUST101286,Jeremy,Lopez,1973-11-27,52,MA,BR104,loriwalters@example.org,(620)907-3024x2662,Employed,14.5,38874.01,668,2017-02-22
CUST100086,Kyle,Key,1967-10-23,58,WI,BR109,xfox@example.com,,Employed,2.7,64546.1,721,2023-03-06
CUST102490,Aaron,Baker,2007-12-25,18,TX,BR102,snguyen@example.com,446-857-4814x525,Employed,0.0,102836.45,716,2016-03-02
CUST100728,Sarah,Reilly,2007-11-30,18,NJ,BR104,,889-863-4067x917,Employed,0.0,"$80,653.87",738,2016-05-24
CUST102012,Michael,Hampton,1979-10-18,46,OH,BR111,annastephens@example.org,,Employed,2.1,,747,2015-03-29
CUST101025,Brady,Simpson,1982-04-19,44,FL,BR106,heather90@example.net,(728)784-9874,Employed,3.3,38172.67,661,2013-05-23
CUST102255,Claudia,Chambers,1981-04-07,45,OH,BR104,jonesbrian@example.org,001-867-629-1694x26166,Employed,3.5,53963.41,679,2018-12-08
CUST100407,Frances,Hill,1968-07-16,58,PA,BR104,yeseniagoodwin@example.net,+1-240-944-5669,employed,7.2,49651.69,806,2021-06-25
CUST101317,Dustin,Davis,1998-08-29,28,TX,BR102,gjackson@example.org,271-983-0181x796,Employed,0.9,29158.13,694,2016-09-18
CUST100524,Abigail,Cooper,1980-10-07,45,IL,BR102,hamiltonspencer@example.com,910-672-7284x9824,Employed,5.3,76160.02,718,2012-09-08
CUST101095,Sherri,Martin,1988-08-06,38,GA,BR102,qmoran@example.com,(940)485-8588x38256,Self-Employed,5.9,80497.01,724,2017-10-04
CUST100264,Kevin,Carey,1976-02-14,50,MO,BR101,sjackson@example.net,4828771812,Employed,1.0,98557.97,797,2017-11-22
CUST101105,Kimberly,Flynn,1974-01-26,52,VA,BR107,carmstrong@example.net,001-602-954-8536x26890,Employed,0.5,80883.48,768,2014-04-21
CUST100033,Angela,Allen,1967-02-17,59,CA,BR111,fbrewer@example.com,9147363495,Employed,5.4,100535.34,810,2018-01-26
CUST101326,Amanda,Taylor,1995-07-06,31,AZ,BR107,robin08@example.net,+1-392-317-7351x668,Employed,6.9,56862.68,686,2024-10-23
CUST100928,Julie,Jones,1970-08-01,56,AZ,BR101,barbara30@example.net,(402)403-0423,Unemployed,0.0,25611.92,658,2022-06-02
CUST100001,Robert,Cole,1965-06-04,61,FL,BR105,lisa02@example.net,(254)923-5116x15594,Employed,0.4,57912.01,716,2019-09-21
CUST100115,Tracy,Jackson,1983-05-14,43,MO,BR106,gary87@example.org,+1-508-301-0062, Employed ,5.6,94661.73,748,2022-04-10
CUST102229,Angela,Anderson,1977-07-30,49,WI,BR101,briandavidson@example.com,(878)937-1510x413,Employed,0.1,34569.73,669,2018-07-08
CUST100502,Jeffrey,Lee,1972-05-17,54,MA,BR107,jessicaroman@example.com,001-440-641-2091x17911,Employed,8.3,75107.05,800,2015-08-19
CUST100012,Sara,Glover,1986-02-11,40,MO,BR111,rodney87@example.org,243.909.8050, Employed ,3.4,56171.3,737,2019-03-24
CUST100333,Brittany,Garcia,1973-02-15,53,WA,BR105,calvinhester@example.com,696.813.6749,Self-Employed,6.6,49151.51,741,2017-01-13
CUST101608,Eric,Cole,1972-01-27,54,CA,BR109,pricedaniel@example.net,(362)803-0695,employed,17.7,64019.64,722,2016-06-19
CUST100208,Leslie,Patterson,1983-02-02,43,Florida,BR109,edwardskristen@example.net,001-364-452-5777x5478,Employed,1.7,68654.96,703,2021-05-09
CUST100068,Dawn,Downs,1995-08-09,31,MO,BR101,michelle52@example.com,,Employed,1.3,107193.84,731,2018-08-12
CUST100671,Monica,Jones,1984-02-29,42,NJ,BR108,carolynroberts@example.org,(285)401-1688,Employed,0.8,84622.4,735,2022-07-11
CUST100965,Joshua,Reynolds,1997-10-07,28,MO,BR111,patrick12@example.net,+1-739-800-2512x137,Employed,3.9,119244.06,803,2024-08-13
CUST101104,Meghan,Harvey,1995-10-23,30,IN,BR106,geraldterry@example.org,(948)437-4441,Unemployed,0.0,,611,2014-12-28
CUST100562,Mike,Campbell,1979-07-19,47,IN,BR108,hdennis@example.org,741.317.6741x241,employed,4.9,60750.63,668,2022-10-29
CUST100405,Selena,Brooks,1989-04-18,37,CA,BR102,taylorchristopher@example.com,753.990.7895x67766,Employed,15.2,108901.06,740,2016-06-14
CUST102372,Leroy,Braun,1982-01-26,44,VA,BR106,stacygrant@example.net,317-519-0706x77693,Self Employed,7.1,60832.21,705,2013-03-04
CUST101962,  Samuel  ,Davis,1987-05-16,39,NJ,BR111,ruizthomas@example.net,+1-928-606-1990x74666,Employed,15.5,82396.1,782,2018-10-20
CUST100113,Jane,Sanders,1978-06-02,48,TX,BR105,andrearowe@example.com,585.744.5877x175,Employed,6.7,82501.99,699,2016-05-23
CUST100516,Kurt,Kane,2004-11-20,21,AZ,BR108,,930-772-4078,Employed,2.9,25356.8,629,2015-09-08
CUST101406,Carrie,Garcia,2007-06-25,19,MI,BR108,fmiller@example.net,6303568709,Unemployed,0.0,21378.53,584,2013-08-28
CUST100495,Laura,Craig,1988-01-15,38,WA,BR107,,+1-779-510-3368x2963,Employed,0.5,103556.36,732,2025-12-06
CUST100554,Lawrence,Baldwin,1973-12-08,52,CO,BR107,shelby69@example.org,+1-226-911-3989x86818,Employed,2.7,41454.61,696,2021-07-22
CUST101040,Kara,Gonzales,1967-09-30,58,GA,BR108,daviladaniel@example.org,549.892.1640x0698,Employed,0.2,35213.92,665,2020-10-16
99999,Katie,Hubbard,1964-04-13,62,IN,BR104,bgreene@example.com,679.658.1877,Employed,0.3,32486.53,700,2020-10-24
CUST101643,Diana,Hughes,1996-03-29,30,MO,BR109,lori47@example.net,455-634-7450,Employed,5.2,65875.98,737,2012-01-28
CUST101331,Paul,Jones,1981-07-19,45,GA,BR111,johnsonjames@example.com,894-429-9202x37666,Employed,2.9,30445.4,686,2023-04-16
CUST101384,Joseph,Salazar,1989-07-21,37,FL,BR106,tuckerstacey@example.net,341.253.5977,Unemployed,0.0,8377.3,559,2021-08-18
CUST101781,Donald,Perry,1985-07-11,41,WI,BR111,charris@example.org,(514)530-3183,unemployed,0.0,19814.24,534,2023-12-20
CUST100853,Elizabeth,Carlson,2006-12-09,19,GA,BR104,kimberlysilva@example.org,001-813-671-2436x58585,Employed,0.2,53861.98,699,2023-02-06
CUST102380,Evelyn,Terry,1998-09-11,28,IL,BR109,fmeyer@example.net,001-331-343-3605x74321,Self Employed,7.4,48158.04,668,2025-04-19
CUST101881,Kimberly,Kline,1959-09-16,67,TX,BR103,elliottzachary@example.com,2142615970,Retired,0.0,34510.22,686,2012-10-09
CUST102017,Timothy,Chen,1993-07-09,33,CA,BR102,travis85@example.net,398.788.9213x273,Employed,15.0,95950.27,756,2025-09-26
CUST102270,Lisa,Vega,1990-09-17,36,GA,BR101,hamiltonamy@example.net,256-760-3098,employed,2.5,107171.1,725,2025-10-09
CUST101642,Timothy,Greer,1979-09-17,47,NY,BR101,maria36@example.com,870-626-3276x765,Employed,1.1,70380.51,721,2022-09-10
CUST101013,Teresa,Peterson,1992-02-26,34,PA,BR107,norrisdaniel@example.net,+1-385-873-9083x521,Employed,14.1,93598.8,739,2021-08-15
CUST100854,Meghan,Green,1963-11-08,62,NY,BR110,beasleykimberly@example.org,(570)961-5927,EMPLOYED,1.5,41653.0,664,2015-11-14
CUST102130,Robin,Brown,1979-05-25,47,NY,BR103,teresa47@example.com,+1-941-716-0285x95388,Self-Employed,7.8,66993.17,701,2017-01-30
CUST101042,Gary,Cuevas,1994-07-31,32,CA,BR110,juliavasquez@example.net,(205)250-3300,Self-Employed,1.0,52138.29,667,2019-11-28
CUST101702,  Hannah  ,Brown,1972-11-25,53,CO,BR103,kimberly74@example.com,,Employed,0.3,35925.04,694,2023-09-01
CUST100330,Jessica,Allen,1969-03-23,57,NC,BR105,garciabelinda@example.org,933.342.8013x87592,Self-Employed,12.9,"$-69,519.15",693,2014-06-03
CUST102366,Linda,Brown,1981-07-28,45,WI,BR108,lori80@example.com,001-568-686-9890x876,Employed,27.0,80516.58,758,2025-09-19
CUST101990,Lonnie,Kelley,1989-04-05,37,PA,BR107,lharrington@example.com,953.379.8214x92413,Self-Employed,12.5,34120.33,692,2018-11-16
CUST101619,Jennifer,Robertson,1994-10-23,31,WA,BR111,samantha05@example.net,+1-634-623-2210x912,Employed,13.0,62473.27,725,2024-12-26
CUST101693,  Jennifer  ,Soto,1983-01-27,43,IN,BR108,maria59@example.org,(970)776-5094x620, Employed ,25.0,87665.61,0,2018-01-25
CUST101780,Wendy,Mcdonald,1973-03-23,53,GA,BR100,joy22@example.org,(618)250-6929x87386, Employed ,2.1,74964.64,750,2012-08-23
CUST101223,Amanda,Rosales,1976-11-09,49,NC,BR103,logan71@example.net,567.385.7646,Employed,5.4,99012.73,709,2015-04-15
CUST101766,Rebecca,Thomas,1985-05-31,41,NC,BR106,qmcdowell@example.net,,Self-Employed,0.8,92705.01,693,2026-03-05
CUST100602,  Mark  ,Brown,2001-09-28,24,CA,BR111,jessica97@example.net,(995)986-7805x55572,Unemployed,0.0,,578,2014-11-12
CUST102137,Marissa,Moore,1967-06-01,59,MI,BR104,charlesgarcia@example.org,(664)921-8154,Unemployed,0.0,12952.11,648,2026-04-07
CUST101537,Nicole,Reed,1973-01-16,53,PA,BR110,william63@example.com,(854)818-0288x25212,Employed,16.5,97285.6,745,2020-06-08
CUST100027,Erin,Powell,1980-01-23,46,NY,BR106,marycalhoun@example.net,+1-906-499-0162,Employed,2.9,53716.57,702,2012-06-22
CUST102419,Andrea,Lynch,1994-12-27,31,IN,BR108,robert41@example.net,(561)565-5427,Employed,5.5,,727,2021-07-20
CUST101391,Michael,Gonzalez,1983-05-27,43,GA,BR107,ptucker@example.com,+1-658-396-0707x22883, Employed ,7.7,60768.57,708,2026-02-24
CUST101503,Robert,Andersen,1958-03-22,68,New York,BR105,grayalicia@example.org,207-230-7177x6135,Employed,10.1,42171.98,754,2019-01-23
CUST100873,Jonathan,Mendoza,1995-11-11,30,TX,BR101,eguzman@example.com,5917141319,Unemployed,0.0,,585,2021-08-02
CUST100019,Mark,Lin,1984-12-01,41,WA,BR110,michael86@example.net,+1-350-814-2940,Employed,5.8,89297.05,767,2016-11-17
CUST100791,Kyle,Jackson,1977-10-09,48,WI,BR105,jblair@example.net,9707633699,Self-Employed,19.8,29119.39,642,2023-06-16
CUST102185,Craig,Walker,1996-09-02,30,NJ,BR104,anthonyfoster@example.org,7928407413,Employed,0.6,73281.22,716,2017-11-29
CUST101298,Brian,Duncan,1985-05-06,41,TN,BR104,munozryan@example.org,799.251.6704,Employed,10.5,55255.2,736,2022-05-08
CUST100376,Shelly,West,1970-06-25,56,NC,BR109,chaveztonya@example.net,001-498-893-5449,employed,4.0,34858.62,726,2019-06-23
CUST101739,Elizabeth,Frost,1991-11-12,34,IL,BR105,mackchristine@example.com,001-211-624-6175x78041,Employed,3.2,64884.24,739,2019-12-16
CUST101625,Derek,Anderson,1990-06-22,36,CA,BR101,castillokenneth@example.org,843-601-0614x452,Employed,5.1,77064.99,694,2016-12-24
CUST100544,David,White,1986-10-19,39,CA,BR105,edwardscarrie@example.org,529-967-1114x8375,EMPLOYED,16.6,82219.14,722,2022-05-12
CUST100595,Edward,Collins,2000-11-26,25,GA,BR110,ajohnson@example.org,(268)417-1516,employed,7.0,39001.3,714,2016-06-25
CUST101604,Megan,Perry,1981-02-05,45,NC,BR107,osmith@example.net,450-602-9573x80101,Employed,3.7,67057.12,707,2023-10-26
CUST100385,Patricia,Scott,1964-11-12,61,MO,BR102,williamsjohn@example.net,001-737-988-6140,Employed,6.7,55610.32,714,2019-12-22
CUST100217,Brianna,Figueroa,1985-02-08,41,MO,BR107,colemanjonathan@example.org,349-286-4300,SELF-EMPLOYED,0.2,82554.54,723,2017-04-26
CUST100040,Michelle,Matthews,2003-05-26,23,CA,BR101,keyemily@example.com,001-802-978-7429,Employed,3.0,94958.91,750,2026-03-07
CUST101180,Ashley,Johnson,2007-05-27,19,WI,BR102,rstewart@example.net,+1-670-384-7795,EMPLOYED,1.0,49802.91,704,2021-01-29
CUST101614,Tonya,Miller,1977-11-12,48,VA,BR109,elizabethbarrett@example.com,+1-857-376-2538x476,Employed,15.8,83597.13,704,2024-10-27
CUST100788,Scott,Shannon,1987-07-12,39,WA,BR107,,(455)361-8444,Employed,21.0,62331.11,732,2019-11-12
CUST100774,Thomas,Farmer,1978-06-29,48,MO,BR102,willismichael@example.net,573.947.6427,Employed,9.7,95953.49,745,2025-03-22
CUST102059,  Cassidy  ,Heath,1989-04-11,37,NY,BR104,ucoleman@example.com,(301)838-0795x11812,EMPLOYED,19.0,101324.85,683,2016-12-26
CUST100233,Natasha,Kelley,1992-10-15,33,VA,BR107,wisealexandria@example.org,649-921-6433,Employed,15.0,51104.8,695,2021-01-25
CUST101736,Daniel,Walter,1983-05-11,43,NY,BR107,william93@example.net,685-536-2054,Employed,4.0,55517.92,729,2023-03-03
CUST100993,Robert,Murray,1961-03-03,65,IN,BR110,gomezbrittney@example.net,+1-838-845-7202,UNEMPLOYED,0.0,8838.84,677,2017-03-22
CUST100088,George,Weber,1983-04-21,43,NJ,BR103,megan90@example.org,909-643-9690,Employed,7.0,79474.08,669,2021-04-19
CUST101294,Rebecca,Rodriguez,1996-06-12,30,MI,BR103,dianejohnston@example.com,(865)427-4286, Employed ,4.3,50464.55,715,2023-10-01
CUST101127,Regina,Gould,1992-09-16,34,GA,BR101,briannamclaughlin@example.net,+1-933-958-7688,Employed,4.4,51552.28,714,2018-06-14
CUST100451,  Victoria  ,Hamilton,1965-11-17,60,NJ,BR109,maynardjohn@example.com,781-686-1515,Employed,0.1,33085.71,694,2013-11-27
CUST100202,Daniel,Scott,1981-07-09,45,PA,BR104,angel85@example.net,377.504.3581x12880,Employed,6.4,89549.97,707,2021-09-21
CUST102324,  Jasmine  ,Stafford,1989-05-11,37,MI,BR107,flynnjulie@example.org,001-655-262-4126x67680,Self-Employed,1.4,86827.97,707,2022-09-30
CUST101411,Robert,Murray,1982-06-20,44,VA,BR111,yhernandez@example.net,001-234-685-4039,Employed,8.3,75537.22,713,2025-12-29
CUST100583,Michelle,Pennington,1966-07-19,60,AZ,BR101,ehenry@example.net,+1-281-905-0922x2161,Self-Employed,6.1,67771.22,705,2021-03-26
CUST100501,Marcus,Davis,1990-11-19,35,PA,BR100,kimcristina@example.net,(909)781-9602,Employed,9.1,13055.85,695,2014-07-04
CUST101787,  Michael  ,Jones,1986-08-02,40,FL,BR102,waltersrachel@example.net,(524)546-2201x6566,Employed,1.1,103382.58,765,2020-09-12
CUST101263,Manuel,Johnson,1997-10-07,28,IN,BR102,nicholasscott@example.net,, Self-Employed ,9.0,82683.48,676,2017-03-01
CUST101098,Karl,Berry,1986-12-30,39,CA,BR105,frenchcatherine@example.net,(862)570-2660x45095,Self-Employed,1.5,106594.74,722,2014-06-26
CUST102152,Timothy,Garrison,1981-08-04,45,CO,BR102,reynoldsdavid@example.net,3363705904,Unemployed,0.0,,595,2018-08-03
CUST101803,Deborah,Vargas,1994-02-26,32,NY,BR110,james08@example.com,+1-934-476-7900,EMPLOYED,0.0,76301.78,697,2016-05-11
CUST102222,Alexis,Gutierrez,1986-08-01,40,MO,BR102,mendezbrittney@example.org,783.693.1329x4027,Unemployed,0.0,,613,2014-06-07
CUST100756,William,Simpson,1979-11-12,46,MO,BR108,rebecca26@example.org,001-705-659-5501x78332,Employed,2.2,37894.58,668,2019-08-23
CUST101969,Cody,Carter,1994-04-29,32,IL,BR102,terrieverett@example.org,5299331326,Employed,1.3,"$34,169.12",659,2023-11-20
CUST101710,Karen,Sanchez,1990-08-01,36,WI,BR106,jeremy66@example.org,+1-254-970-0603x981,Employed,18.0,88173.25,703,2020-05-07
CUST102064,Amy,Prince,1988-06-26,38,CO,BR109,nicolepope@example.org,+1-648-987-8073x7676, Employed ,5.6,93877.56,768,2025-07-11
CUST100498,Elizabeth,Christian,1975-07-13,51,CO,BR107,jeffreygibson@example.com,,Employed,6.6,70063.62,743,2019-04-18
CUST101662,Elizabeth,Griffin,1964-06-08,62,OH,BR109,kevin77@example.com,659-525-4123x872,Employed,4.2,48094.25,741,2018-12-03
CUST101723,Ronald,Lane,1978-10-21,47,NY,BR101,emilycurtis@example.com,947.705.0707,Self-Employed,8.8,109046.98,744,2011-10-25
CUST101526,Brian,Blanchard,1974-10-04,51,GA,BR101,wesley24@example.net,8575445099,Employed,1.8,82631.32,746,2014-06-13
CUST100009,Carlos,Johnson,1959-10-13,66,VA,BR102,chad34@example.net,838.729.9737x6311,Retired,0.0,37838.03,665,2018-01-16
CUST100670,Bradley,Smith,1992-06-13,34,IL,BR101,matthewclements@example.org,(573)706-6248x132,Employed,4.1,"$86,349.29",708,2021-07-16
CUST101883,Amanda,Shah,1983-10-31,42,NY,BR101,hjimenez@example.org,(413)705-4284,Self-Employed,0.1,67629.93,741,2021-02-15
CUST100771,Barbara,Olsen,1987-06-01,39,AZ,BR105,coffeyjohn@example.net,3332016234,Self-Employed,9.5,93391.76,733,2021-06-12
CUST101961,Mark,Blackburn,1995-09-01,31,OH,BR107,cbrooks@example.net,377.234.2658x7503,Self-Employed,13.0,6469.84,654,2016-03-11
CUST100386,  Anthony  ,Schultz,1975-10-15,50,VA,BR110,adamstabitha@example.net,538-424-9671,Employed,5.3,95840.3,728,2017-04-17
CUST102002,Clifford,Coleman,1990-07-01,36,WI,BR109,gerald14@example.com,616.750.4415x264,Employed,4.4,71642.68,726,2021-11-25
CUST101379,Makayla,Powell,1984-08-27,42,TX,BR102,tylerwilliams@example.com,001-936-449-9119x2856,Employed,7.3,90747.99,759,2023-09-14
CUST100269,Heather,Larson,1993-05-03,33,NC,BR110,tammycurry@example.com,3146556168,Employed,2.4,,750,2018-09-30
CUST102228,Gwendolyn,Phillips,1974-04-29,52,FL,BR107,parkschristopher@example.org,855-879-9900x725,Self-Employed,8.8,25968.32,683,2023-05-21
CUST102010,Kimberly,Sawyer,1992-06-09,34,AZ,BR100,acole@example.com,340.738.8333,Unemployed,0.0,13807.75,543,2023-08-04
CUST102314,David,Park,1979-12-15,46,OH,BR102,johnsonjames@example.com,792.582.4350x97913,Employed,8.3,129136.9,774,2023-01-17
CUST100038,Justin,Heath,1974-01-05,52,PA,BR108,mcdanielsandra@example.net,001-336-218-3242,Employed,11.9,31997.53,745,2014-03-14
CUST100897,  Leslie  ,Rhodes,2001-09-15,25,AZ,BR104,johnsonjames@example.org,262.205.4596x715,Employed,2.0,115242.47,750,2018-03-24
CUST101392,Michael,Rodriguez,1985-12-15,40,WA,BR102,cheryljones@example.org,8978427493,Employed,6.5,89738.68,757,2024-06-02
CUST102447,Vanessa,Perez,1994-05-16,32,FL,BR103,zgonzalez@example.org,671.717.1653x59553,Unemployed,0.0,11352.42,591,2023-10-05
CUST101823,Christopher,Shannon,2004-05-09,22,GA,BR108,maria79@example.org,748-813-8819x0114, Employed ,4.0,91835.07,726,2019-03-07
CUST101850,Curtis,Best,1993-10-06,32,WI,BR103,castillolinda@example.com,3336308544,Employed,9.0,64147.83,690,2015-06-14
CUST100957,Kayla,Murphy,1984-10-25,41,WA,BR109,ANTHONYHUNT@EXAMPLE.NET,001-352-731-2021,Employed,6.4,48738.63494730972,650,2024-04-14
CUST102186,Anna,Walker,1984-12-18,41,NY,BR104,hperez@example.com,643.339.1958x0008,Employed,6.8,85287.92,720,2017-07-27
CUST101764,Amy,Snyder,2007-03-28,19,WA,BR101,zachary75@example.com,+1-485-509-5914x50497,Employed,0.2,59385.21,644,2017-07-21
CUST100541,Carly,Salazar,1982-09-03,44,VA,BR100,claytimothy@example.org,201-207-8356x743,Self-Employed,9.5,"$58,036.16",671,2012-02-12
CUST100189,Diana,Smith,1974-10-15,51,WA,BR105,tiffanysantiago@example.com,489.916.3756x28900,Employed,9.0,57751.54,705,2024-06-06
CUST102362,  Wendy  ,Gill,1995-01-08,31,MO,BR101,melvin37@example.com,+1-702-882-6565x29367,Employed,3.2,81080.16,753,2014-05-22
CUST102331,William,Dunn,2001-06-14,25,CA,BR104,hughesalexis@example.com,251.741.4835x156,Unemployed,0.0,21176.63,614,2013-07-09
CUST101039,Nicole,Holder,1978-02-25,48,GA,BR104,jessica86@example.com,686.686.2376x0088,Self-Employed,1.2,100306.41,733,2018-07-12
CUST102486,  Michael  ,Wilson,1966-12-20,59,NJ,BR108,,7156297968,Employed,13.6,20434.91,704,2017-10-01
CUST100914,Jacqueline,Jackson,1982-10-11,43,MI,BR111,sullivanchristine@example.org,441-820-1227x59500,Employed,16.7,43415.56,646,2023-01-20
CUST100820,Brianna,Wilcox,1982-08-14,44,VA,BR104,fullerjose@example.com,(598)557-9736,Employed,0.6,76672.76,755,2024-10-19
CUST101054,Kara,Martinez,1989-06-25,37,TX,BR106,lbarnett@example.com,908.866.6562x241,Employed,0.4,92436.14,798,2024-06-09
CUST101634,Charles,Wright,1994-12-25,31,IN,BR104,sandraclark@example.com,865.997.2767,Self-Employed,2.2,90916.61,707,2018-10-30
CUST101258,Carol,Johnson,1989-08-07,37,GA,BR102,samantha49@example.net,5137249519,Employed,0.7,39533.41,662,2012-06-20
CUST100023,Melissa,Jones,1975-03-14,51,WA,BR105,kmercado@example.org,001-967-263-2016x328,Self-Employed,1.1,51635.16,683,2020-01-15
CUST100810,Michael,Sanchez,2003-04-29,23,NY,BR103,dianehoffman@example.org,805-761-2996x5082,EMPLOYED,5.0,80983.02,758,2019-11-05
CUST100332,Justin,Burke,1987-11-03,38,NJ,BR110,gloria73@example.net,(346)331-7520x71678,Employed,1.9,83535.78,707,2013-11-11
CUST101087,Michael,Williams,1973-11-22,52,TX,BR106,rebecca55@example.org,693-554-5036,Self-Employed,3.6,83866.71,677,2021-01-10
CUST101782,Daniel,Rodriguez,1982-08-15,44,CO,BR102,elizabeth65@example.com,385.758.7552x45296,Employed,0.7,43455.58,725,2012-11-02
CUST101987,Hannah,Hernandez,1965-06-08,61,PA,BR102,dylan82@example.com,963-905-9415x6711,Employed,26.1,78618.22,700,2016-06-27
CUST101276,Jennifer,Lawrence,2007-10-13,18,TX,BR102,cameronramos@example.org,001-404-280-2835x4158,employed,0.0,118921.09,757,2020-12-30
CUST101673,Paul,Griffin,1992-11-22,33,WI,BR102,torresstephanie@example.com,+1-439-595-3155x664,Employed,0.8,89580.16,739,2020-11-24
CUST100494,Amanda,Bowers,1988-03-16,38,NY,BR109,sgomez@example.net,(908)493-1992x5502,Employed,4.3,40829.0,664,2019-03-05
CUST101201,Alexis,Morris,1968-09-24,57,PA,BR106,scottcurtis@example.com,383-908-5800,Employed,0.7,79515.72,671,2026-02-13
CUST100722,Cynthia,Weaver,1980-02-10,46,GA,BR108,thomasdavid@example.net,(717)581-9236,Employed,0.3,23315.13,642,2024-01-28
CUST100500,James,Newman,1985-09-12,41,NJ,BR111,solisbecky@example.org,+1-862-665-8263x1281,Employed,2.4,58588.96,806,2024-03-19
CUST101544,Ricardo,Newman,1971-08-03,55,MO,BR104,allisonskinner@example.com,(390)444-8467x3322,Self_Employed,2.2,52286.61,709,2015-12-14
CUST101868,Frances,Perez,1979-01-18,47,MO,BR106,mary11@example.net,720.538.0695x86218,Employed,4.0,45353.27,669,2025-06-04
CUST100136,Candice,Jackson,1996-04-03,30,OH,BR105,keith48@example.net,726-504-2232,Employed,5.4,63914.31,763,2023-01-31
CUST101052,Amanda,Brooks,1994-12-27,31,NY,BR100,bmoss@example.com,844.560.4227,Unemployed,0.0,,559,2024-06-08
CUST101777,William,Leblanc,1967-12-30,58,FL,BR103,robert71@example.com,+1-341-376-6045x68939,employed,9.5,11109.53,639,2017-09-19
CUST100797,Kathy,Kelly,1988-12-07,37,MO,BR107,brenda16@example.net,,Employed,6.0,85443.47,762,2020-10-08
CUST101206,David,Ortega,1975-09-13,51,AZ,BR102,watsondonald@example.org,590-511-3484,,6.1,100363.37,785,2020-04-24
CUST100307,Jeffrey,Ruiz,1971-02-06,55,GA,BR107,bbrown@example.org,797.626.5273,Unemployed,0.0,20633.16,646,2014-09-27
CUST101700,Cheryl,Brown,1996-07-26,30,MO,BR104,,001-812-567-1919,Employed,4.3,46324.48,728,2014-11-13
CUST100967,Amber,Watson,1982-12-12,43,MI,BR102,kennethwhite@example.com,(620)833-4742,Employed,11.7,45305.83,648,2014-10-28
CUST100016,Joseph,Freeman,1995-05-11,31,NJ,BR106,davisrodney@example.com,2053242786,Self-Employed,11.9,48723.63,630,2012-11-05
CUST101362,David,Mcdaniel,1988-03-24,38,FL,BR109,okelly@example.com,(669)996-2083,Employed,6.9,22051.19,736,2020-04-08
CUST102026,Julia,Smith,1977-02-20,49,VA,BR101,bianca35@example.com,574.414.9057x175,Employed,7.8,67993.58,724,2013-08-22
CUST101912,  Jennifer  ,Johnson,1994-12-22,31,WA,BR110,michael88@example.net,886-257-3744x966,EMPLOYED,2.9,47050.9,630,2018-04-29
CUST102092,Elizabeth,Wilson,1985-06-13,41,CO,BR106,morganmcintosh@example.com,(981)470-0681x4365,Employed,11.0,27041.92,776,2021-09-29
CUST101565,Jonathan,Diaz,1980-12-16,45,VA,BR109,robert48@example.com,001-974-716-3712x0631,Employed,3.6,65383.52,692,2016-11-15
CUST101538,Leslie,Farley,1983-08-20,43,NC,BR102,peter98@example.com,(488)228-4705,Employed,2.3,37060.27,700,2015-05-05
CUST100119,Suzanne,Matthews,1986-01-14,40,GA,BR104,thickman@example.org,001-739-268-5621,Self-Employed,9.2,64004.03,626,2013-03-07
CUST100438,Jill,James,1993-06-10,33,IL,BR110,ostokes@example.com,741-411-5931,Employed,1.3,43221.01,735,2024-06-14
CUST102276,Linda,Gonzales,2006-09-30,19,IL,BR100,jenna07@example.com,(248)978-4138x31276,Employed,1.0,"$75,801.54",740,2019-09-19
CUST101829,Jeremiah,Young,2001-09-14,25,PA,BR108,patty62@example.org,466-333-4014,Employed,7.0,58400.93,737,2017-04-23
CUST102089,Matthew,Scott,1980-06-26,46,CO,BR107,rodgerserik@example.com,214-388-1605,Employed,22.0,85060.71,714,2020-03-10
CUST102008,Jennifer,Gonzales,1996-03-03,30,MA,BR110,vmacias@example.net,519.346.8774x92944,employed,0.0,83747.0,698,2014-09-22
CUST100187,George,Howard,1968-05-21,58,NY,BR110,rfriedman@example.net,,Employed,0.1,82763.47,705,2023-08-28
CUST101754,Ashley,Moore,1984-03-08,42,TN,BR103,,001-749-964-5495,Employed,11.0,69425.25,680,2022-08-29
CUST101439,Joshua,Hernandez,1997-06-03,29,OH,BR109,stacey64@example.org,599-225-5125,Employed,2.4,56276.51,692,2025-10-07
CUST102499,  Daniel  ,Hays,1994-01-10,32,WA,BR109,thomasmartin@example.com,595-320-7699x1528,Employed,13.7,67379.95,677,2013-01-24
CUST101428,Zachary,Gardner,1993-04-29,33,PA,BR111,thompsondenise@example.com,001-673-967-7244x3435,self-employed,2.2,99779.65,774,2019-06-19
CUST102338,Trevor,Dixon,1980-10-16,45,NJ,BR107,johnbrown@example.net,451.233.1579,Employed,2.6,36756.94,727,2020-02-08
CUST101957,Ashley,Taylor,2000-03-20,26,FL,BR102,williamcasey@example.com,,Employed,0.6,83616.37,723,2019-12-06
CUST100090,Vanessa,Reed,1976-01-16,50,MA,BR105,xanderson@example.net,+1-415-337-1473,Employed,0.7,80336.98,713,2012-06-23
CUST101837,Samuel,Bell,1991-07-01,35,NC,BR105,garciarachel@example.com,4239160040,Unemployed,0.0,10280.27,561,2014-03-09
CUST101077,Vincent,Macias,1984-06-17,42,GA,BR111,wpage@example.com,(461)990-3842,Employed,17.7,9976.89,660,2014-11-09
CUST101908,Katherine,Woods,1969-07-29,57,IN,BR104,valerietaylor@example.net,+1-913-694-3032x502,Unemployed,0.0,8379.23,547,2020-09-05
CUST100700,Jared,Moore,1981-10-24,44,GA,BR104,jeremy08@example.org,7377003322,Employed,0.5,49446.7,749,2017-07-03
CUST101600,Michael,Obrien,1988-07-16,38,TX,BR111,nromero@example.org,806.425.0230x89964,Employed,4.9,53502.36,723,2015-09-06
CUST100586,Brittany,Sheppard,1988-11-28,37,MI,BR104,kristinarobinson@example.com,,Employed,1.1,67945.71,680,2017-11-24
CUST101422,Richard,Anderson,1980-08-12,46,WI,BR101,vflores@example.org,001-915-726-9744x20360, Unemployed ,0.0,19808.62,610,2016-02-01
CUST101249,Timothy,Brandt,1983-11-07,42,NC,BR106,dakota83@example.net,265.891.5382x0114,Self-Employed,3.5,107642.63,720,2023-09-19
CUST101309,Veronica,Rodgers,1977-06-05,49,VA,BR103,owenswilliam@example.net,276-972-0005x2141,Employed,3.1,59934.56,768,2025-05-07
CUST101680,Melissa,Powers,1970-12-05,55,VA,BR109,chandavid@example.org,+1-210-260-8917,Employed,3.7,"$63,445.02",704,2017-02-23
CUST102321,Rebecca,Howe,1976-10-21,49,VA,BR107,petersonkathryn@example.net,+1-445-587-5950x8257, Employed ,2.3,128052.48,774,2014-06-09
CUST101968,Frank,Pham,1983-05-09,43,PA,BR105,beverly86@example.com,470.855.4899x071,Employed,2.0,53106.95,745,2020-10-22
CUST101008,Jonathan,Gibson,1989-04-28,37,MI,BR105,thomas53@example.com,001-524-678-4171x59497,Employed,1.7,28950.78,701,2016-01-15
CUST101148,Charlene,Morgan,1993-11-10,32,VA,BR107,katrinastevens@example.com,001-279-253-1926,Unemployed,0.0,12573.73,503,2021-01-08
CUST102074,Alyssa,Castillo,1971-05-03,55,CA,BR101,jaredmendoza@example.org,5819334902, Employed ,0.1,27368.1,655,2016-03-11
CUST102151,Mary,Sampson,1994-07-24,32,NJ,BR101,jeffrey73@example.org,234-828-9078x16293,Self Employed,1.1,30597.25,667,2013-05-21
CUST100582,Wendy,Gonzalez,1989-08-28,37,IN,BR104,,615-248-0940x47604,Employed,6.8,55739.41,721,2026-03-18
CUST100132,Daryl,Brooks,1972-12-18,53,IN,BR101,williambarnes@example.org,001-966-627-8282,Employed,15.8,38313.67,811,2013-10-25
CUST100478,Jennifer,Floyd,1986-02-11,40,NJ,BR102,hbriggs@example.net,(742)415-2265x57676,Employed,6.5,88774.74,781,2023-09-09
CUST101437,Jesse,Peterson,1994-08-29,32,MO,BR105,brentodom@example.com,412-224-7409x8537, Self-Employed ,0.5,3533.75,663,2015-05-01
CUST100731,Tiffany,Nelson,1984-06-19,42,OH,BR101,,237.592.2341,Employed,8.6,54863.23,765,2021-09-26
CUST102257,Gregory,Rivera,1987-04-01,39,TN,BR107,,666-443-0860,Employed,6.7,28523.76,653,2020-01-08
CUST100200,Megan,Turner,1982-05-08,44,NC,BR105,charles58@example.org,(381)782-6886, Employed ,2.2,38562.31,767,2015-01-09
CUST101295,  Heather  ,Mills,2008-01-25,18,GA,BR100,mwalker@example.net,001-555-745-1460x919,Employed,0.0,10690.71,682,2013-02-13
CUST100725,Tony,Todd,1983-03-12,43,WA,BR107,taylordavis@example.com,588-591-4444x98355,Unemployed,0.0,20968.39,568,2016-12-03
CUST100539,Kelly,Clayton,1996-07-18,30,IN,BR102,,318-993-8984x6908,Employed,3.7,59760.26,680,2025-09-13
CUST101717,James,Hernandez,1961-09-09,65,CA,BR102,castroanthony@example.org,830-485-2315,Retired,0.0,35043.98,619,2024-12-16
CUST101719,Lauren,Li,1993-02-23,33,NY,BR103,tcruz@example.org,+1-939-487-6674x087,Employed,9.2,74289.12,726,2012-11-03
CUST100167,Steven,Perez,1990-12-27,35,GA,BR110,anne21@example.org,+1-558-969-3806x86879,Employed,3.6,68435.45,746,2016-03-07
CUST101926,Richard,Tate,1976-12-02,49,MI,BR107,alvarezsarah@example.net,3405256004,Unemployed,0.0,14595.88,581,2025-02-26
CUST100548,Matthew,Clayton,1961-06-24,65,CO,BR100,lisa93@example.org,696-460-1864x87699,Retired,0.0,,723,2026-01-18
CUST101858,Nancy,Nash,1981-11-18,44,CO,BR100,xsimpson@example.com,670-818-9779x501,Employed,6.4,42813.43,645,2018-06-16
CUST100416,Todd,Jones,1989-06-22,37,TN,BR111,jenniferkim@example.com,322-209-1241x862,Employed,5.9,92307.46,695,2021-10-30
CUST101699,Nathaniel,Mercer,1976-05-01,50,NC,BR105,diamond43@example.net,756.499.9712,Employed,0.9,39842.46,663,2023-04-04
CUST102274,Ann,Marshall,1988-09-04,38,IL,BR107,awalker@example.com,497-644-7652, Employed ,1.3,29899.72,748,2017-09-14
CUST100266,George,Rogers,1992-10-08,33,TN,BR104,fernandothomas@example.net,5642474212,Employed,1.6,110824.45,727,2021-01-04
CUST101947,Elizabeth,Harper,2006-11-25,19,TX,BR108,stephaniegraham@example.org,(536)683-1275,Employed,1.0,92774.47,648,2013-07-21
CUST100207,Emily,King,1970-10-18,55,MI,BR110,jessicafreeman@example.com,(623)414-9135x775,Employed,7.6,39315.63,797,2020-02-28
CUST102481,Ashley,Hunt,1985-03-14,41,NJ,BR102,brittany13@example.net,+1-378-370-1881,Employed,7.4,40757.86,739,2022-06-23
CUST100520,George,Maldonado,2008-05-30,18,IL,BR102,jacobyoder@example.org,2767502412,Employed,0.0,83445.67,713,2026-03-10
CUST101805,Kristin,Simmons,1991-11-27,34,TN,BR108,ysparks@example.com,001-623-825-7273,Employed,8.2,98114.19,775,2025-06-22
CUST101627,Christopher,Brady,1974-03-11,52,NY,BR104,latoyaturner@example.com,399-975-8586x1888, Employed ,4.5,88806.21,789,2019-05-11
CUST102432,  Lisa  ,Smith,1985-02-24,41,TN,BR106,maria52@example.net,001-566-447-1181, Employed ,23.0,55285.66,704,2021-07-18
CUST102381,Autumn,Harvey,1983-01-25,43,IL,BR103,beckyblake@example.com,+1-919-869-0913x641,Employed,4.0,51014.27,731,2016-06-14
CUST101341,Nicholas,Rivas,1985-11-23,40,OH,BR111,sotokathleen@example.org,349.236.8063x58530,Unemployed,0.0,18804.59,579,2023-03-17
CUST100081,Paul,Beltran,1991-08-14,35,IN,BR101,xholt@example.net,716-616-9284x511,Employed,8.4,47821.83,687,2016-04-18
CUST100757,Victoria,Salazar,1985-08-12,41,MO,BR102,ryandodson@example.org,398.948.7045x069,Employed,12.1,14970.06,661,2024-02-06
CUST101168,Zachary,Parks,1994-05-27,32,NJ,BR109,ashley63@example.net,+1-230-297-2361,Employed,11.7,90943.88,718,2020-04-14
CUST101177,Randy,Robertson,1976-03-30,50,TN,BR110,daniel62@example.org,+1-932-660-5869x4276,Unemployed,0.0,15844.42,568,2025-07-27
CUST101071,Tyler,Garcia,1999-06-28,27,NC,BR108,jordan60@example.net,+1-872-936-0244x654,Self Employed,7.8,68426.85,700,2018-09-18
CUST100840,Christopher,Sanchez,1998-09-24,27,CA,BR103,tracy38@example.com,(908)927-6817x225, Employed ,1.9,72953.25,733,2016-07-05
CUST100053,Emily,Richards,2004-05-25,22,CA,BR101,daniel37@example.org,+1-285-693-1746x120,Employed,1.3,52390.61,725,2026-07-31
CUST100761,Kyle,Daniels,1974-08-28,52,Texas,BR107,joneseric@example.org,9313421751,Employed,9.5,62728.67,674,2018-11-26
CUST102202,Frank,Bennett,2025-02-30,53,New York,BR108,tperez@example.com,224.737.0391,Employed,15.3,,716,2017-10-29
CUST102050,David,Dixon,1995-10-29,30,MI,BR110,annettereese@example.net,502-984-7798x25875,Employed,12.0,47425.33,694,2012-10-08
CUST100732,Michelle,Atkinson,2002-02-27,24,MA,BR110,,(777)726-9608x43768,EMPLOYED,6.0,49617.0,706,2012-01-12
CUST102159,  Linda  ,Brown,1971-01-26,55,MO,BR103,jacobsjeffrey@example.com,(278)291-1926,employed,2.3,56510.37,735,2021-01-10
CUST101215,Jared,Anderson,1975-12-31,50,CA,BR103,wernerraymond@example.org,001-447-862-5429,Employed,6.3,76268.42,703,2024-04-16
CUST100962,Nancy,Mcmahon,1972-06-23,54,IL,BR108,julie44@example.org,991-669-9939x3449,Employed,6.4,68805.07,720,2015-02-06
CUST100434,Evelyn,Cooper,1995-01-22,31,Florida,BR106,lisa56@example.com,+1-605-551-0762x091,,4.3,66239.74,668,2017-03-21
CUST102210,  Jessica  ,Gonzalez,2008-04-21,18,MO,BR100,gpeters@example.org,772.727.8181,Employed,0.0,96157.64,703,2025-02-13
CUST102199,Lisa,Wise,1973-07-31,53,NC,BR102,hornmatthew@example.org,(973)908-3038x84016,Employed,5.2,84559.74,742,2023-07-15
CUST101078,  Mary  ,Gibson,1984-02-16,42,TX,BR100,henrymccarthy@example.org,+1-327-811-1757x6917,Employed,9.4,56972.8,682,2014-03-05
CUST101959,Karen,Williams,1967-04-22,59,NJ,BR107,ogriffin@example.net,+1-608-800-4587x24227,Employed,0.2,60174.37,703,2018-01-15
CUST101936,Miranda,Aguirre,1968-12-28,57,TN,BR107,alyssa01@example.net,462.813.4616x4615,Self Employed,9.4,1257.28,700,2023-03-18
CUST100295,Shawn,Carney,2000-10-19,25,IN,BR105,qschwartz@example.com,,employed,3.9,"$89,902.94",712,2019-01-22
CUST100667,Robin,Ortiz,1981-05-18,45,WA,BR108,perryrobert@example.com,574.390.6072,Employed,7.7,85068.97,729,2021-03-27
CUST101549,Matthew,Hudson,1985-01-24,41,NY,BR106,anthony55@example.net,762.691.7148,Employed,7.1,4993.06,659,2025-02-10
CUST101991,Olivia,Barker,1978-09-23,47,VA,BR100,pooleallison@example.net,306.884.8368,Employed,8.1,69552.59,719,2018-05-02
CUST102304,Dennis,Haynes,1972-02-19,54,NJ,BR108,jamiemarshall@example.net,5286106076,Employed,7.4,68712.6,771,2015-10-22
CUST101343,Brett,Lee,1970-02-20,56,TX,BR106,tlewis@example.net,439-546-8963x3181,Employed,4.6,56344.15,772,2015-01-15
CUST102355,Carrie,Johnson,1957-09-18,69,MA,BR105,duartekelly@example.net,(202)996-5328x3153,Self-Employed,9.5,70668.75,726,2011-12-21
CUST102409,Cynthia,Cooper,2005-06-29,21,PA,BR108,oharper@example.org,001-379-907-7045x5300,Employed,0.8,54553.89,706,2014-08-24
CUST101914,Krystal,Gregory,1984-07-31,42,CO,BR110,adam39@example.org,001-851-660-2695x77526,Unemployed,0.0,,577,2025-11-08
CUST101578,Morgan,Burns,1992-06-28,34,CA,BR103,tara23@example.com,001-774-587-7007x8812,Self-Employed,0.1,40005.36,671,2014-04-19
CUST100862,Bridget,Fischer,1975-01-20,51,WI,BR107,williamsbrianna@example.net,614.200.4938x819,Self_Employed,11.4,1505.49,687,2016-06-03
CUST101692,Patricia,Lawrence,1995-06-12,31,PA,BR106,jobrien@example.org,617.693.6470,Self-Employed,3.8,46410.87,666,2012-05-14
CUST101136,  Joseph  ,Reynolds,1983-09-23,42,MA,BR100,ibrady@example.com,(335)910-7651,Employed,0.1,78516.75,719,2021-02-13
CUST101504,Paul,Moore,1993-04-05,33,FL,BR104,jamesdawson@example.com,403-536-9995x2850,Unemployed,0.0,0.0,613,2013-01-08
CUST101506,Joseph,Freeman,1981-11-07,44,MA,BR106,rodney95@example.org,001-235-255-5702,Employed,1.0,77046.57,770,2017-11-08
CUST100521,Tracy,Wright,1999-04-22,27,FL,BR108,williamsandre@example.net,638-982-2114x5775,Employed,3.6,58662.54,785,2015-07-04
CUST100258,Andrew,Sutton,1987-06-20,39,WA,BR107,colleen38@example.com,8464084325,Self-Employed,17.3,23591.24,731,2013-01-12
CUST102406,Theresa,Kirk,1987-10-16,38,IN,BR110,crystal40@example.org,(574)989-4244,Employed,3.6,91320.13,725,2020-10-13
CUST100020,Samuel,Joyce,1985-07-06,41,NC,BR102,cruzbarbara@example.com,7607883561,Employed,5.2,104680.74,739,2021-08-14
CUST101684,Ronald,Bell,1979-11-26,46,AZ,BR103,thompsonjames@example.org,(955)480-6247x55526,Employed,1.3,76879.88,751,2025-01-23
CUST101534,Tina,Ortiz,1990-08-11,36,IL,BR110,itaylor@example.net,207.706.5948,Self-Employed,13.5,35644.97,669,2026-02-28
CUST101667,Beverly,Johnson,1979-07-12,47,FL,BR101,dmalone@example.com,417.315.5785, Employed ,0.1,36969.64,697,2021-01-21
CUST100231,James,Johnston,1993-09-08,33,NY,BR104,tiffanymitchell@example.com,+1-887-371-6947x22569,Self Employed,4.3,93013.09,779,2012-11-26
CUST100313,Michael,Wong,1987-10-06,38,MI,BR111,castrokim@example.org,238-317-9335x54864,Self-Employed,0.0,61615.0,662,2017-04-14
CUST101836,Michelle,Sims,2008-02-07,18,WA,BR108,karengentry@example.net,221-887-9065,Employed,0.0,107494.57,749,2012-11-17
CUST102029,Charles,Chambers,1980-02-29,46,PA,BR109,scottleblanc@example.com,001-741-990-6695x450,Employed,4.4,30576.88,646,2022-10-07
CUST100567,Jose,Stewart,1996-06-30,30,NJ,BR102,blamb@example.com,404-573-5047x639,Employed,7.2,41388.76,730,2023-05-09
CUST100152,April,Haynes,1978-08-15,48,OH,BR102,stephen19@example.org,726.719.9062x34456,Employed,12.9,"$105,083.49",769,2018-06-24
CUST100980,Leslie,Hall,2004-04-27,22,MO,BR105,shaunjimenez@example.com,(725)392-0616,Employed,0.5,,644,2013-11-02
CUST101405,Kevin,Solomon,1991-06-17,35,NY,BR109,hernandezamy@example.org,295-558-9799,employed,5.3,67885.86,744,2016-10-11
CUST101068,Melissa,Gordon,1979-01-05,47,NC,BR102,andrewturner@example.org,001-969-710-5302x1516,Employed,4.0,86887.41,743,2023-02-12
CUST100047,Tony,Weaver,1994-08-11,32,OH,BR108,younggabrielle@example.com,,Employed,14.0,40872.62,663,2023-08-08
CUST100093,Andrea,Bryan,1992-03-04,34,OH,BR108,andersoncolin@example.com,985-923-9868x00025,Employed,0.6,42622.27,703,2013-12-11
CUST101938,Nichole,Barrett,1992-04-12,34,CA,BR104,SETHGIBBS@EXAMPLE.COM,+1-212-268-1793,Employed,8.8,81348.14783140871,728,2019-07-01
CUST102015,Dawn,White,1982-05-03,44,Florida,BR110,aschmidt@example.com,3836681682,Self-Employed,12.9,115558.19,737,2012-05-07
CUST101272,Richard,Castro,1977-10-03,48,PA,BR107,elizabethkirk@example.com,+1-378-433-5488x357,Employed,1.6,78239.05,1200,2013-05-01
CUST101631,Kathryn,Anderson,1965-07-07,61,CO,BR100,jeanette39@example.org,804.859.6920,Employed,5.1,65937.25,768,2021-07-28
CUST100674,Brad,Jenkins,1977-01-09,49,TX,BR102,vanessamartinez@example.net,(736)866-7776x755,employed,14.9,36989.65,719,2013-09-16
CUST101443,Paul,Stokes,1991-04-15,35,VA,BR108,dlarson@example.org,833-360-8090x1014,Employed,2.7,80123.87,602,2024-05-25
CUST101212,Michelle,Wolfe,2000-05-13,26,TN,BR102,vtapia@example.net,+1-835-543-4685,Employed,8.0,71430.89,695,2021-09-13
CUST101670,Pamela,Daniels,1991-05-22,35,VA,BR109,pstone@example.org,+1-389-838-4478,Self-Employed,1.3,46686.46,664,2023-04-03
CUST101146,Allen,Brooks,1984-04-04,42,IN,BR103,ysmith@example.net,(205)406-3066x3605,Employed,13.9,76257.44,736,2022-08-17
CUST102147,Megan,Hayes,1980-05-22,46,PA,BR109,elizabethgutierrez@example.com,3702518251,Employed,8.9,98808.23,689,2025-09-17
CUST101418,Michele,Bean,2004-03-15,22,OH,BR103,bstephens@example.net,(903)292-2131,Employed,2.7,50909.98,679,2025-03-06
CUST100488,Paul,Clark,1987-07-01,39,NJ,BR102,rubioashley@example.com,702-448-1717,Self-Employed,0.5,78140.2,682,2025-08-28
CUST100584,Connor,Stephens,1963-10-14,62,PA,BR108,dianamclaughlin@example.com,+1-652-395-8066x01382,Employed,2.1,37607.55,729,2014-04-19
CUST100351,Stacey,Wilson,1996-02-03,30,AZ,BR111,dayala@example.net,513.633.4476x2639,Employed,12.0,45688.52,686,2022-07-25
CUST102044,Gabriella,Vasquez,1976-07-28,50,WA,BR111,randallpowers@example.org,437.395.7238x1612,Employed,8.4,42605.75,718,2015-04-18
CUST100232,  Lawrence  ,Delgado,1993-01-25,33,GA,BR104,catherine64@example.com,001-459-887-6220x23413,EMPLOYED,1.7,50194.08,719,2013-04-05
CUST101413,Nicholas,Williams,1988-02-29,38,NJ,BR105,ashleyorozco@example.com,(363)277-9271,Employed,7.1,72003.64,795,2025-11-03
CUST101006,Christopher,Melton,1972-11-28,53,WA,BR103,xyoung@example.net,(777)726-4883,Self-Employed,32.7,7832.51,689,2022-05-08
CUST100640,Tracey,Miller,1999-02-28,27,MO,BR104,raymondpugh@example.net,223.703.5892,Self_Employed,0.3,95074.35,739,2019-10-09
CUST100806,Christina,Martinez,1998-05-15,28,NJ,BR110,estradashannon@example.net,6904859914,employed,10.0,61474.93,760,2025-09-02
CUST101145,Robert,Sparks,2005-04-20,21,WA,BR102,icuevas@example.com,(435)896-0530,Employed,3.0,68271.66,785,2012-10-27
CUST101870,John,Perry,1994-10-18,31,IL,BR102,bonnie45@example.org,537.990.2940,Employed,4.6,86182.3,720,2017-02-10
CUST100573,John,Thomas,1977-03-19,49,Texas,BR103,kmills@example.org,8742645205,Employed,10.4,33298.87,735,2015-09-22
CUST101892,Jill,Snyder,1977-02-25,49,IN,BR100,banksbrian@example.com,001-280-498-3831x93465,employed,6.9,100891.87,802,2023-01-19
CUST100908,Rebecca,Greer,1959-03-17,67,TN,BR109,wileyaudrey@example.com,+1-554-832-9876,Retired,0.0,28648.45,700,2016-11-11
CUST100692,Javier,Henry,1973-03-21,53,OH,BR106,crystal54@example.net,+1-969-319-2845x525,Employed,1.6,57899.87,626,2011-12-27
CUST102302,Danielle,Perry,1983-07-25,43,VA,BR110,,731.483.5941x234,Self Employed,1.6,93365.3,718,2014-09-25
CUST101731,Thomas,Griffin,1989-05-11,37,IL,BR111,isaiahbrown@example.net,+1-597-503-2043x474,employed,3.3,89117.06,784,2016-04-19
CUST100763,Crystal,Johnson,1989-08-25,37,MO,BR107,bsparks@example.org,763.723.9791x37876,Employed,4.2,19699.34,644,2014-09-10
CUST101153,Brian,Rose,1991-01-15,35,NC,BR100,,233-895-4794, Self-Employed ,4.1,17242.78,620,2026-03-05
CUST100832,Madison,Jones,2008-08-14,18,TN,BR107,sloancarol@example.org,7385593401,Employed,0.0,67733.29,697,2017-08-10
CUST102105,Patrick,Dixon,1990-01-12,36,MO,BR105,,732-405-2851x55013,Employed,1.4,67057.3,722,2015-07-01
CUST100738,Joseph,Li,1958-11-23,67,IL,BR107,longgary@example.com,(923)495-9473,Employed,12.7,50194.76,736,2022-04-26
CUST102310,David,Soto,1994-06-17,32,TX,BR101,lanekeith@example.com,775-201-7505x665,Employed,4.9,55966.16,625,2021-05-09
CUST100885,Jose,Martin,1988-02-18,38,MI,BR107,ujones@example.org,(803)784-3753,Employed,0.6,79818.6,826,2022-02-10
CUST102388,Micheal,Arnold,1985-11-16,40,TX,BR104,sbradley@example.com,753.307.4878x13409,Employed,3.9,66282.31,738,2025-07-05
CUST100022,Kristi,Lawson,1986-12-07,39,WI,BR106,steven73@example.net,221.248.9513x4332,Employed,3.7,73284.93,696,2015-05-18
CUST100880,Teresa,Wright,1988-01-09,38,CO,BR104,carternicholas@example.com,+1-648-796-6760x56420,Employed,9.1,65196.07,757,2018-01-16
CUST100389,Marc,Clark,1980-05-21,46,TN,BR109,allen20@example.net,900.326.8768x1180,Employed,1.8,78477.34,726,2016-12-27
CUST100898,  Elizabeth  ,Henderson,1973-09-11,53,TN,BR101,jonesrebecca@example.com,(641)913-4078x516,Employed,16.0,23811.03,703,2012-05-07
CUST100721,Julie,Myers,1966-01-09,60,TX,BR101,brian01@example.net,+1-949-580-4253x73377,Employed,2.1,52038.02,717,2013-03-14
CUST101795,Jason,Martin,1986-01-05,40,VA,BR105,qchapman@example.org,(500)772-2768,Employed,11.4,56792.72,727,2014-01-25
CUST101884,Tammy,Aguilar,1993-10-29,32,GA,BR109,gonzalezmichael@example.com,,employed,5.8,108439.39,704,2023-01-25
CUST102171,Sara,Sherman,1996-03-02,30,PA,BR105,flewis@example.org,779.598.7080,Employed,1.6,40382.17,673,2019-04-09
CUST102212,Carla,Smith,1962-03-20,64,VA,BR107,robertvazquez@example.com,581.905.0391x67812,Self-Employed,1.0,100676.81,769,2020-10-25
CUST102214,Brittany,Daniel,1977-07-01,49,TX,BR103,staceyparsons@example.org,824.986.1156x230,Employed,0.6,87167.83,795,2019-12-19
CUST100146,Darren,Salazar,1990-08-25,36,NJ,BR107,parkerjudith@example.net,(610)420-2758,Employed,6.6,56025.37,729,2017-04-09
CUST100311,Christopher,Castillo,1972-05-16,54,AZ,BR105,evan79@example.net,001-207-372-6257,Self-Employed,9.9,93684.11,694,2017-06-19
CUST101195,Robert,Chavez,1968-08-12,58,TN,BR106,greenenicholas@example.com,(561)602-5634x20222,Self_Employed,2.3,28261.29,715,2020-11-17
CUST101789,Nicole,Moreno,1988-10-14,37,VA,BR107,karenreed@example.com,950-293-3280x999,Self-Employed,5.3,49719.67,675,2013-10-22
CUST101328,Clifford,Jensen,1990-09-01,36,VA,BR100,lisabrown@example.net,323.665.4018,Employed,13.0,34592.9,736,2016-01-20
CUST102368,Nicholas,Wells,2005-03-19,21,MO,BR107,youngallison@example.com,814.803.1916,EMPLOYED,3.0,98304.97,716,2024-08-29
CUST100272,Linda,Lewis,1985-01-27,41,NC,BR102,hannahking@example.org,448-585-0155x6990,Employed,6.7,33882.52,710,2016-08-26
CUST101417,Crystal,Duran,1979-09-08,47,AZ,BR101,scottmichael@example.com,(780)753-7642,Self-Employed,1.6,29026.52,657,2023-09-02
CUST100657,Bryce,Gutierrez,1981-10-17,44,WA,BR108,jessicawright@example.net,001-922-407-1511x69666,Employed,4.0,22257.91,668,2024-05-12
CUST100900,Amber,Grant,2002-04-02,24,CO,BR109,kennedywanda@example.net,+1-979-815-0596x2571,Employed,6.0,60126.8,632,2012-01-27
CUST101045,Stephanie,Bender,1953-09-17,73,Texas,BR103,qcastillo@example.com,500.809.9843,Retired,0.0,32357.08,683,2013-06-30
CUST100108,Jennifer,Coleman,1975-03-09,51,AZ,BR108,pmorrow@example.com,(324)231-0690x331,Employed,3.8,102393.12,799,2018-05-20
CUST102379,Elizabeth,Deleon,1976-09-23,49,AZ,BR111,christy47@example.com,668-206-8030,Employed,0.2,45626.6,732,2011-10-25
CUST102461,Sean,Cordova,1959-03-30,67,NY,BR107,LORI48@EXAMPLE.NET,4245966899,retired,0.0,,724,2026-02-01
CUST102068,Sara,Taylor,2002-03-11,24,MA,BR109,wendy01@example.com,(444)794-0998x575,UNEMPLOYED,0.0,15405.46,564,2017-07-14
CUST101187,Christine,Lowe,1969-04-01,57,New York,BR103,zacharypage@example.com,904-258-8311x414,Employed,0.2,72342.79,729,2021-06-10
CUST101779,Sarah,Horn,2003-05-24,23,NC,BR109,brendacollins@example.com,(917)450-4998,Employed,1.3,77563.97,623,2020-07-28
CUST100749,Joe,Koch,1993-11-04,32,MA,BR111,zreilly@example.net,466.734.3925,Employed,2.2,59403.87,653,2020-07-29
CUST102086,Jason,James,1975-02-20,51,MO,BR111,,6259143580,Self-Employed,9.2,53783.4,688,2012-12-19
CUST100668,Rachel,Freeman,1987-11-03,38,MO,BR104,amandajackson@example.net,364-984-4941x163,Employed,7.0,101784.78,777,2014-09-20
CUST100077,Ana,Acosta,1984-07-23,42,TX,BR109,srodriguez@example.org,510-436-9711x7980,Employed,6.0,80826.23,737,2016-01-26
CUST101202,Jamie,Miller,1977-10-23,48,NY,BR108,maysjohn@example.com,886.721.0781x8710,Employed,1.4,102914.47,738,2018-01-14
CUST101363,Christopher,Smith,1980-08-28,46,IL,BR101,ashley25@example.com,(228)970-3220,Employed,0.6,76976.49,673,2025-05-05
CUST101775,David,Hernandez,1990-02-28,36,MI,BR103,rparker@example.org,585.631.4198x8726,Employed,4.2,54505.25,688,2021-12-16
CUST101651,Carmen,Chapman,1981-12-23,44,MA,BR106,susan13@example.org,768.370.5807x9106,Employed,7.5,103788.7,727,2024-12-12
CUST102009,Dana,Simpson,1978-03-19,48,OH,BR109,,+1-305-836-6783x203,Self-Employed,2.9,50438.53,682,2013-07-25
CUST100317,Christine,Martin,1971-09-06,55,MO,BR106,ian22@example.org,410.559.2745,Employed,3.3,46108.09,790,2020-02-11
CUST100323,Brenda,Snyder,1999-01-10,27,IL,BR107,ywalker@example.org,(544)271-4627,Unemployed,0.0,15079.36,629,2013-07-03
CUST100614,Joshua,Strickland,1996-12-12,29,FL,BR103,santosmichael@example.com,001-708-333-5061,Employed,11.0,74989.03,657,2015-10-10
CUST101660,John,Giles,1987-04-25,39,NJ,BR101,andrewsjessica@example.net,344-787-6150x48849,Employed,1.8,40131.5,637,2022-09-20
CUST101060,Douglas,Reeves,1974-12-18,51,WA,BR109,dbrown@example.org,(203)319-7899,Employed,12.8,33125.9,656,2013-01-21
CUST101380,Brad,Zavala,1984-02-02,42,WI,BR107,tara38@example.org,8774558212,employed,0.9,84945.44,699,2017-12-10
CUST101193,Gabriel,Palmer,1970-11-19,55,CA,BR100,sullivanandrea@example.net,913-644-7609x4837,Self-Employed,21.6,35588.82,689,2012-02-09
CUST101584,Cheryl,Davila,2002-11-26,23,MI,BR101,robinsonmegan@example.com,+1-845-525-7330x90740,Employed,2.1,51459.12,615,2016-09-20
CUST102391,Jennifer,Schwartz,1986-05-22,40,CA,BR102,dbrown@example.net,821.352.9417,employed,15.8,62224.56,706,2013-05-17
CUST101416,Kimberly,George,1988-02-12,38,TN,BR102,taylormatthew@example.com,001-700-564-4885x487,self-employed,3.2,73308.29,737,2013-04-25
CUST101460,Leslie,Wilson,2003-12-15,22,VA,BR109,collinsshannon@example.net,(560)394-0671x487,Unemployed,0.0,20901.6,575,2012-01-18
CUST101355,Emily,Smith,1987-10-19,38,FL,BR107,willie34@example.com,001-758-715-3988x52178,EMPLOYED,17.7,65991.84,699,2024-10-20
CUST100373,Zachary,Jones,1958-06-10,68,MO,BR105,leroy26@example.org,(202)690-8466x8455,Unemployed,0.0,6841.64,594,2025-02-25
CUST100712,Tracy,Nguyen,1997-07-06,29,FL,BR109,amy68@example.net,(939)456-1372x3081,,1.6,88264.04,692,2025-05-21
CUST101002,  Desiree  ,Schmidt,1987-08-20,39,NC,BR111,,6136651034,employed,7.6,61235.24,659,2025-11-21
CUST101216,Karen,Harris,1995-01-08,31,MI,BR101,carlastevens@example.net,001-394-303-6948,Employed,4.2,91998.05,743,2014-06-07
CUST101480,Mary,Stewart,1979-03-15,47,VA,BR107,brittney06@example.net,(378)479-0259,Employed,0.4,30832.25,735,2011-12-17
CUST101613,Michael,Wilkins,1992-04-16,34,NC,BR108,garzalisa@example.net,,Employed,1.5,43275.05,696,2018-12-28
CUST100255,Misty,Wilkins,1985-08-26,41,GA,BR101,cooperlinda@example.com,970.453.8338x848,Employed,2.2,49564.81,771,2022-02-03
CUST100830,Paul,Schmitt,1969-09-01,57,NJ,BR104,richardlawrence@example.net,858.795.1381,Employed,4.0,67649.36,757,2017-03-07
CUST101421,Harold,Freeman,1995-06-05,31,AZ,BR100,gail20@example.org,+1-420-317-5454x16487,Employed,2.0,,716,2012-07-20
CUST101408,Bruce,Hughes,1980-02-28,46,TX,BR103,kyledavid@example.net,001-897-931-7303x324,Employed,2.0,77111.48,702,2016-09-11
CUST102383,Dorothy,Branch,1993-09-15,33,WI,BR106,ysmith@example.com,,Employed,3.7,69404.37,721,2011-10-08
CUST100173,James,Richardson,1974-01-31,52,OH,BR101,owagner@example.org,,Employed,3.6,130005.97,800,2015-12-23
CUST101383,Kimberly,Aguilar,1992-01-28,34,IL,BR107,olsonmichael@example.com,001-494-434-3687x7156,Employed,3.7,22856.87,706,2022-07-21
CUST102221,Kathryn,Chapman,1958-02-19,68,IN,BR107,walkerlaura@example.net,2438741269,Retired,0.0,18371.85,676,2016-06-24
CUST100953,Lauren,Zuniga,2002-04-17,24,MO,BR102,richardsonronnie@example.net,811-595-5640x919,Employed,6.0,27679.71,686,2020-07-16
CUST100094,Donald,Velazquez,1990-08-13,36,VA,BR101,francisco94@example.net,688-287-9470x55169,EMPLOYED,12.1,69299.39,702,2020-08-17
CUST101869,  Nancy  ,Mckinney,1988-09-10,38,WA,BR108,riosfrank@example.org,679.903.6666x369,Employed,4.5,35922.34,692,2014-05-03
CUST101313,  Brandon  ,Blair,1981-07-19,45,TN,BR100,gracepennington@example.com,+1-361-344-6627x63304,Self Employed,2.8,26603.88,644,2023-09-28
CUST100762,Kristen,Kelly,2008-05-03,18,AZ,BR107,gomezpaul@example.org,+1-440-591-1225,Employed,0.0,25807.99,702,2018-11-12
CUST100436,James,Thomas,1976-01-07,50,MI,BR109,,+1-887-227-1783x33211,Employed,0.5,117494.88,819,2014-02-11
CUST101657,Michael,Davis,1956-05-08,70,AZ,BR105,,382-206-8204,Self-Employed,6.3,47108.5,650,2020-03-05
CUST102415,Stacey,Jenkins,1987-01-08,39,TN,BR106,sonyadavis@example.com,875-219-6792,Employed,9.9,55337.99,661,2016-10-03
CUST102453,Emily,Singleton,1963-12-24,62,NJ,BR101,christinabrown@example.com,(752)937-8390x497,Employed,12.1,92499.07,762,2022-03-14
CUST100316,Matthew,Lane,2001-03-30,25,TN,BR105,todd88@example.com,449.724.2437x540,Employed,0.5,48374.68,751,2015-12-19
CUST100281,Michael,Andrews,1991-01-03,35,WI,BR109,,981-848-7696x39382,Self-Employed,17.0,48389.58,700,2012-09-15
CUST101155,Jimmy,Ibarra,1979-11-06,46,WI,BR103,qbaker@example.net,668.505.7023x771,Employed,28.0,118423.15,715,2024-06-26
CUST102356,Lauren,Garcia,1986-08-13,40,MO,BR108,flynnjanice@example.net,486.401.5083x3451,EMPLOYED,4.5,56916.9,750,2020-09-19
CUST102098,Julia,Heath,1995-02-20,31,OH,BR110,hernandeztravis@example.net,5167206370,Employed,5.8,63054.21,677,2025-07-21
CUST100857,Mckenzie,Taylor,1971-12-22,54,CA,BR111,steven01@example.org,,EMPLOYED,1.2,54237.16,759,2018-06-05
CUST100002,Nicholas,Arnold,1981-09-12,45,CO,BR104,barbara10@example.net,441.731.6475,SELF-EMPLOYED,7.4,88315.46,710,2017-01-08
CUST101290,Sandra,Santana,1985-03-12,41,CO,BR104,,744.236.9580,Employed,4.5,95263.73,787,2023-02-09
CUST100767,David,Ray,1979-01-16,47,VA,BR111,halljoshua@example.net,001-381-789-8484x16046,Employed,2.3,30420.33,702,2015-09-27
CUST101874,Mark,Adams,1993-04-17,33,NC,BR106,prestonsusan@example.net,584-894-3457x7661,Employed,15.0,57709.26,694,2016-11-04
CUST102392,Kyle,Montes,1997-08-10,29,TN,BR101,johnwarner@example.net,(252)261-2166x9481,Employed,2.5,39504.83,649,2012-11-14
CUST100824,Keith,Payne,1992-05-01,34,WI,BR103,bentondavid@example.org,,Employed,3.5,69314.11,704,2015-12-15
CUST101993,Benjamin,Murphy,1995-09-26,30,WA,BR101,johnsonamber@example.com,287-423-5784x57208,Employed,11.5,149186.38,803,2016-01-09
CUST100111,Melissa,Turner,1992-03-13,34,WI,BR108,lindamelendez@example.net,(568)282-6343x51751,Self Employed,8.8,58157.31,694,2015-09-23
CUST100943,Adam,Ramirez,1984-12-02,41,PA,BR111,,001-252-478-1055x800,EMPLOYED,3.0,59238.09,701,2018-12-10
CUST101250,Ronnie,Carter,1995-11-20,30,WI,BR109,ywallace@example.org,(812)772-4553x375,Employed,11.7,84066.7,680,2025-08-08
CUST102052,  Matthew  ,Robinson,1995-04-25,31,NC,BR108,tracybarber@example.org,503-277-9170x379,Employed,3.3,,740,2017-11-25
CUST101542,Kimberly,Walker,1990-08-31,36,WI,BR109,georgecooper@example.com,6428402555,Employed,4.6,32415.04,639,2019-07-02
CUST101527,John,Thomas,1975-02-05,51,NY,BR103,gdoyle@example.org,810-785-1846,Employed,6.5,65000.96,641,2020-08-15
CUST100748,Mark,Miller,1980-02-22,46,GA,BR102,cindyfry@example.net,250-766-6267,Employed,19.5,72019.7,720,2025-09-16
CUST100625,Donald,May,1987-08-28,39,TX,BR101,ffoster@example.org,708.350.9608x58749,Employed,8.8,77897.15,759,2022-09-05
CUST101930,Luke,Pope,1991-08-19,35,WI,BR109,antonio26@example.org,240.897.3122,Employed,5.1,103822.7,796,2017-06-13
CUST100709,Justin,Davis,1986-06-20,40,NC,BR111,stephen78@example.org,(958)782-5562x965,Unemployed,0.0,16136.02,598,2023-03-04
CUST101792,Jasmine,Collier,1976-11-26,49,TN,BR111,reedsarah@example.org,743.439.0627,Self-Employed,5.0,29902.24,701,2025-01-09
CUST101430,Susan,Sims,1975-08-03,51,CO,BR109,bradleyalbert@example.org,(657)437-6242x66225,Employed,12.2,38507.79,693,2025-06-28
CUST100050,Daniel,James,1997-07-30,29,MA,BR101,bailey40@example.net,(640)490-9743x9533,Self-Employed,0.1,87315.4,677,2021-02-04
CUST100440,Stephen,Guzman,1988-03-22,38,VA,BR101,juliesweeney@example.net,5959481497,Self-Employed,20.0,11104.28,652,2016-01-27
CUST100796,Angela,Mason,1983-02-03,43,PA,BR110,mariahill@example.net,,Self-Employed,1.7,0.0,721,2025-05-24
CUST101950,Allison,Massey,1973-11-06,52,TX,BR108,kburch@example.net,3663747720,Employed,7.1,"$58,951.33",698,2021-08-06
CUST101986,  Diane  ,Forbes,1971-04-17,55,NY,BR100,sarah00@example.net,+1-244-950-7296x2901,Employed,4.1,83869.54,716,2020-11-08
CUST102389,Brian,Jones,1992-09-27,33,MI,BR107,sanchezmegan@example.com,370-400-4854,Self-Employed,2.7,0.0,629,2021-11-24
CUST101675,Theresa,Brewer,2006-05-17,20,TX,BR108,patrick72@example.org,8373337840,unemployed,0.0,,533,2014-10-06
CUST101007,Mark,White,1986-01-17,40,OH,BR107,george52@example.net,216-218-5759x17105,Unemployed,0.0,11252.91,580,2017-02-21
CUST101572,Lisa,Wheeler,1979-11-06,46,OH,BR102,,001-954-721-7562,Employed,3.9,32889.49,637,2014-03-28
CUST101029,Michelle,Hall,1983-07-28,43,MI,BR102,carrjennifer@example.com,372.504.4100x794,,0.3,31123.04,627,2014-02-07
CUST100827,Virginia,Johnson,1987-12-02,38,MI,BR102,erin06@example.net,(735)904-0566,Employed,3.6,99630.65,796,2020-03-19
CUST101194,Brittany,Ball,1989-09-20,37,AZ,BR102,amandaroberts@example.net,830.426.5099,Employed,3.1,6322.96,704,2013-06-18
CUST100662,Susan,Henry,1961-11-12,64,FL,BR106,,+1-691-781-5899x88683,Retired,0.0,34390.36,756,2013-09-29
CUST101143,Joshua,Morgan,1989-01-22,37,TN,BR106,cooperlauren@example.org,(411)296-0472,Employed,6.0,101785.16,745,2016-05-26
CUST102444,Matthew,Lloyd,1983-03-06,43,CA,BR108,peter16@example.org,738-940-3972x6754,SELF-EMPLOYED,11.6,43003.87,735,2017-12-17
CUST101094,Isabella,Fernandez,1965-05-26,61,OH,BR111,garzajill@example.org,887-770-6769x3332,Unemployed,0.0,,638,2013-02-22
CUST102479,Robert,Harvey,1997-10-14,28,TX,BR101,OLIVIAPERRY@EXAMPLE.NET,456-994-9060,Employed,1.7,78722.68644456171,804,2018-01-22
CUST102071,Ronald,Powell,1975-05-15,51,GA,BR102,roberthenderson@example.net,+1-602-576-4482,Employed,9.3,110741.08,753,2022-01-17
CUST101160,Phillip,Mitchell,1969-06-10,57,PA,BR102,jasonmoore@example.com,+1-822-877-7733x1680,Unemployed,0.0,4836.99,555,2025-07-29
CUST101605,Cody,Weaver,1958-07-31,68,NY,BR104,angelica61@example.net,399-591-3650x5519,Unemployed,0.0,9124.73,671,2024-02-26
CUST100503,Chris,Kirk,1993-11-26,32,CO,BR102,peterhenry@example.org,(217)313-6657x22402, Employed ,10.9,39459.88,652,2026-04-13
CUST101172,Shawn,Mullen,1972-06-15,54,FL,BR108,nlee@example.com,523-286-0205x089,Unemployed,0.0,,667,2026-05-23
CUST102284,Nicholas,Holland,1989-04-25,37,OH,BR109,danieladams@example.com,001-619-480-7027x292,SE,3.3,57025.57,733,2021-08-08
CUST101368,Joshua,Rivas,1971-09-25,54,MI,BR105,elizabeth71@example.net,+1-503-480-3514x895,Self-Employed,3.0,46313.72,684,2025-11-27
CUST102148,  Amanda  ,Chavez,1992-10-24,33,MA,BR105,woodsbeth@example.com,756-261-9667x601,Employed,15.0,50724.18,707,2022-05-30
CUST101366,Tina,Church,1987-02-14,39,MI,BR104,robbinsandrew@example.org,+1-789-885-6643x0165,EMPLOYED,14.5,71433.06,680,2023-09-26
CUST101324,Rebecca,Rodriguez,1990-08-15,36,TN,BR101,,386-539-9454,Self-Employed,2.7,69336.5,668,2022-07-07
CUST101690,Danielle,Thomas,1983-03-04,43,WA,BR103,vsmith@example.com,301.925.9283x397,Employed,0.4,47351.71,707,2021-04-19
CUST100085,Jennifer,Ho,1969-07-29,57,TX,BR109,laurahicks@example.org,923.470.5895,Employed,9.8,104374.35,748,2020-11-07
CUST101477,Carl,Abbott,2008-05-02,18,NJ,BR105,phill@example.org,491.893.2528,Employed,0.0,,765,2023-09-25
CUST102256,Tracy,Berry,1974-09-18,52,FL,BR102,ian56@example.com,(808)331-3001,Employed,14.5,64534.62,719,2021-03-16
CUST101571,Krystal,Chase,2000-07-12,26,NY,BR108,allenlisa@example.net,784-737-7006x279,Employed,8.0,81217.29,684,2024-10-17
CUST102101,  Amanda  ,Gonzalez,1989-07-17,37,VA,BR101,patricia00@example.net,5662584843,Employed,2.1,67752.06,654,2023-01-03
CUST100799,Lori,Osborn,1976-11-28,49,IN,BR105,willismatthew@example.com,982-998-0365,Employed,1.5,35285.31,730,2015-08-29
CUST101350,Seth,Hickman,1980-06-22,46,CA,BR104,tsimmons@example.net,877-861-8687x0479,,5.0,110343.81,789,2021-09-26
CUST102485,Lauren,Valdez,1989-11-06,36,TN,BR108,melissaglover@example.org,374.934.0305x7925,Employed,18.0,76458.66,730,2015-01-20
CUST100684,Daniel,Jones,1988-07-13,38,CA,BR109,calvin93@example.org,700-359-1297,Employed,3.1,75049.12,717,2020-11-10
CUST102463,Heather,Foley,1966-06-14,60,TN,BR110,msmith@example.net,(421)777-5990,Employed,7.5,55623.26,708,2023-04-27
CUST101704,Stephen,Harris,1986-04-15,40,MI,BR105,elizabethlewis@example.net,435-238-1157x50927,Unemployed,0.0,23274.4,568,2020-12-15
CUST100983,Jeffrey,Foley,1977-07-29,49,GA,BR104,fuenteschristopher@example.org,421-854-8158, Employed ,20.3,75564.12,704,2019-10-31
CUST100028,Jason,Murphy,1987-02-07,39,MA,BR108,aramirez@example.com,270-580-5310,Employed,5.1,74505.32,692,2014-09-12
CUST100569,Mary,Foster,1977-09-16,49,PA,BR110,kellymartin@example.com,,SE,0.7,41676.58,683,2030-01-01
CUST100105,Erin,Love,1972-03-01,54,NC,BR100,gdavis@example.com,9726867908,Employed,1.5,26225.91,721,2022-07-07
CUST101552,Kristi,Rojas,1983-08-30,43,IN,BR102,natalie40@example.net,001-329-236-3409x412,Employed,4.1,55709.99,657,2017-02-12
CUST100153,  Sherry  ,Taylor,1989-12-16,36,GA,BR107,moorefrank@example.com,261-585-3747x41124,Employed,1.3,51322.24,688,2024-03-11
CUST101320,Michelle,Perry,1989-11-25,36,PA,BR101,mcarlson@example.com,278.881.1938,Employed,0.5,76999.13,698,2019-08-21
CUST100954,Tyler,Ballard,1985-03-05,41,OH,BR107,woodsaaron@example.org,3424620197,Employed,10.6,59830.64,657,2022-08-07
CUST100253,Heidi,Gill,1994-02-27,32,TX,BR102,fhansen@example.com,+1-393-389-8331x4659,employed,0.3,95071.21,685,2021-09-29
CUST100342,Edward,Jennings,1977-11-14,48,AZ,BR109,megan65@example.org,,Employed,2.7,119064.25,813,2015-05-22
CUST102183,Richard,Walls,1991-12-17,34,NY,BR110,fthomas@example.org,7455098063,Employed,16.0,93884.64,781,2015-04-27
CUST101235,Barbara,Doyle,1979-01-01,47,MA,BR102,bmorrison@example.net,+1-804-752-8986x0610,EMPLOYED,7.6,46155.24,676,2017-12-29
CUST100767,David,Ray,1979-01-16,47,VA,BR111,halljoshua@example.net,001-381-789-8484x16046,Employed,2.3,"$30,420.33",702,2015-09-27
CUST100454,Terri,Zimmerman,1998-06-13,28,NC,BR107,erikabarnes@example.com,(575)678-4468,Employed,4.5,93636.84,729,2021-03-16
CUST102011,Olivia,Davis,1999-05-22,27,MO,BR110,garciarichard@example.net,5237628019,Employed,1.1,118893.7,725,2025-12-20
CUST101490,Aaron,Brooks,1979-12-06,46,NY,BR103,caleb06@example.org,(764)397-0084x45801,Employed,11.9,106073.0,751,2019-01-11
CUST101147,Christopher,Schultz,1999-08-11,27,MO,BR100,mary98@example.net,503-290-9120,Employed,8.9,70080.05,749,2013-11-10
CUST102337,Chad,Cannon,1978-10-05,47,WI,BR105,hollymcdonald@example.com,806.977.7983,Employed,5.3,"$75,011.20",675,2018-07-26
CUST101859,Sarah,Shelton,2007-10-07,18,WA,BR100,rodneythomas@example.net,802-280-0417x70734,Employed,0.0,,679,2021-10-05
CUST100257,Tiffany,Garcia,1975-02-07,51,CO,BR103,todd98@example.org,(638)778-0038,Employed,7.4,70338.82,710,2019-01-12
CUST100245,Jennifer,Smith,1964-12-11,61,Texas,BR108,,605.386.5094x801,Employed,14.9,,732,2025-10-25
CUST100918,Regina,Parks,1994-06-22,32,WA,BR101,dwayne56@example.org,8062799006,Employed,14.0,87364.86,747,2012-10-27
CUST100730,Jennifer,Mitchell,1972-09-13,54,IL,BR108,jerrymontgomery@example.net,001-248-453-2089x53263,Employed,6.2,72594.91,738,2013-01-30
CUST101686,Chad,Thompson,1983-10-19,42,NC,BR107,,+1-632-735-3933x054,self-employed,5.3,26313.28,657,2026-03-03
CUST102166,Michael,Richardson,2005-06-27,21,NC,BR105,ericmcconnell@example.com,(408)539-7317x525,unemployed,0.0,,565,2013-12-02
CUST100279,Ronald,White,1990-10-11,35,CO,BR104,tjensen@example.com,981.679.2171,Employed,4.2,98252.25,750,2021-12-07
CUST100821,Gregory,Maldonado,2008-07-28,0,IN,BR107,ricky53@example.net,001-570-879-8661x77067,Employed,0.0,94135.93,716,2019-06-16
CUST102208,Karen,Lambert,1957-05-06,69,NJ,BR101,justin62@example.net,326.617.3460x87363,Retired,0.0,45167.64,686,2020-02-20
CUST100390,Maria,Howard,1998-07-15,28,NC,BR100,marycain@example.org,775-537-0304,Employed,4.1,12874.73,685,2013-01-24
CUST101205,Joanna,Knight,2001-12-24,24,AZ,BR110,davismichelle@example.com,238.722.2240,Employed,0.2,23660.68,694,2015-03-09
CUST101555,Lori,Wilson,1976-12-18,49,VA,BR100,hernandezkerri@example.net,638-213-0149,Employed,13.8,27319.21,704,2014-02-24
CUST100633,Judy,Patrick,1984-09-09,42,WI,BR102,michaelbuckley@example.org,2732465495,Employed,11.3,57813.47,722,2016-09-01
CUST100392,  Faith  ,Cunningham,1981-04-16,45,GA,BR105,chapmanjulie@example.org,293-884-3089x487,Employed,2.4,85209.17,749,2021-04-14
CUST102319,Beverly,Thornton,1961-10-02,64,NC,BR108,richgrace@example.com,212-545-2292x4567,Retired,0.0,,649,2020-04-21
CUST101339,Olivia,Vega,1975-12-26,50,PA,BR106,justinclark@example.com,+1-569-985-0450x566,Self_Employed,3.4,89763.42,738,2016-11-03
CUST102369,Roger,Collins,1973-06-11,53,New York,BR108,iwilliamson@example.net,001-496-476-2182x2479,Employed,2.0,96661.13,795,2015-07-26
CUST100006,Aaron,Bowen,1992-11-18,33,NY,BR100,teresa28@example.org,+1-948-293-2528x8095,Employed,5.1,,706,2013-05-23
CUST102005,David,Bell,1986-02-27,40,TN,BR102,eric55@example.com,683-326-2138,Employed,13.0,45030.29,733,2024-08-06
CUST102006,Charles,Smith,1968-01-31,58,GA,BR111,joshua25@example.org,950.456.8808x4820,Self-Employed,10.4,50365.72,723,2018-09-30
CUST100839,Michael,Robertson,1980-09-24,45,GA,BR101,samantharoberts@example.org,332.281.2312x39204,Employed,0.7,58949.0,689,2017-05-08
CUST101999,Sierra,Clark,2008-04-21,18,IN,BR101,LSUMMERS@EXAMPLE.NET,666-888-1303,Employed,0.0,73936.08743583011,950,2020-09-18
CUST100660,Amanda,Daugherty,1980-03-22,46,CO,BR110,wigginsrita@example.net,(392)672-8270x908, Employed ,0.1,78766.49,706,2025-09-02
CUST102269,Tony,Henry,1996-05-17,30,AZ,BR103,jennifer61@example.net,859-453-3841,Employed,2.0,,723,2025-07-05
CUST100741,Shannon,Garza,1989-06-22,37,NJ,BR104,deborahturner@example.org,(703)574-7677,Self-Employed,15.3,8358.15,670,2018-08-20
CUST100532,Craig,Chapman,1976-01-05,50,MI,BR106,elizabeth66@example.net,876-262-0471,Employed,0.1,69063.14,796,2020-05-20
CUST100754,Marvin,Flores,1985-01-03,41,IN,BR111,jennifergraham@example.org,+1-289-243-7052x6351,Employed,2.5,41940.86,746,2024-04-09
CUST102454,Nicholas,Stephens,2004-01-07,22,IN,BR102,derek63@example.org,238.584.6519,Employed,4.0,50183.3,739,2022-05-11
CUST102488,Darren,Horton,1982-04-19,44,FL,BR106,bradley11@example.org,649-668-9509x291,,1.7,43738.23,661,2017-01-12
CUST101257,James,Haney,1986-08-05,40,TN,BR111,rodneyhayes@example.net,(608)628-9671x3605,Employed,5.5,121604.16,786,2025-01-04
CUST101070,William,Stokes,1951-11-17,74,CA,BR105,hfoley@example.com,438.555.1281x7751,Self-Employed,5.5,95578.47,728,2020-07-23
CUST101123,Kelly,Bennett,1965-08-23,61,GA,BR105,meganvance@example.com,9557364818,EMPLOYED,2.8,,699,2023-05-06
CUST102048,Charles,Cole,1972-05-07,54,TX,BR101,joseph98@example.net,001-938-203-7473x81133,Employed,0.3,70623.01,694,2021-09-26
CUST100273,Emily,Hendricks,1961-01-23,65,PA,BR104,brewertimothy@example.net,285.576.0849x588,,0.0,27484.18,695,2020-05-03
CUST100942,Debra,Shelton,1976-07-26,50,NJ,BR110,rodriguezjames@example.org,+1-808-765-2377x7296,Employed,5.5,91044.9,775,2017-10-16
CUST101840,Tracy,Wright,2007-12-12,18,IN,BR102,wjones@example.net,(928)459-9475x763,Employed,0.0,25490.21,773,2020-07-27
CUST100972,Christian,Berger,1983-12-08,42,TN,BR106,jessicahawkins@example.com,223.303.4202x8471,Employed,7.9,93915.8,771,2018-07-02
CUST101897,Lucas,Merritt,1979-05-03,47,VA,BR101,christophercannon@example.org,856.930.3282,SELF-EMPLOYED,5.4,67314.18,670,2014-07-27
CUST100116,William,Brooks,1970-09-25,55,IL,BR103,bhopkins@example.org,+1-286-800-8484,Unemployed,0.0,14996.53,563,2023-10-01
CUST100259,Susan,Salazar,1998-02-08,28,MI,BR109,robertberry@example.com,495-878-2329x8324,Self Employed,10.0,12234.24,625,2026-07-30
CUST100525,Shawn,Robinson,1981-01-07,45,CO,BR102,brownkevin@example.com,(400)542-5488x214, Employed ,14.7,46697.38,736,2018-03-03
CUST102358,Brandon,Gonzalez,1976-07-26,50,WI,BR110,margaret00@example.com,567.875.5005x35760,SELF-EMPLOYED,8.7,46734.73,740,2024-07-13
CUST101558,Michelle,Rodriguez,1986-01-17,40,OH,BR108,kimberlyjohnson@example.org,749-256-0714x876,Employed,5.0,114498.39,749,2024-01-19
CUST101237,James,Sharp,1988-03-27,38,IL,BR100,daniellesweeney@example.com,647-472-5084x232,self-employed,2.9,82267.58,696,2014-11-23
CUST101741,Eric,Ford,2000-12-15,25,TN,BR107,schwartzdonna@example.org,001-207-532-4668x99749,Employed,2.4,93662.33,691,2021-04-04
CUST100852,Felicia,Garrett,1990-07-07,36,MA,BR109,sandraheath@example.net,+1-352-229-4620x93556,Unemployed,0.0,,542,2023-09-27
CUST101035,  Madison  ,Stewart,1998-10-01,27,MA,BR103,julia17@example.org,001-528-817-0744,Employed,1.1,27550.39,723,2012-07-11
CUST101624,Nicholas,Williams,1985-02-07,41,TX,BR102,amberbooker@example.com,587-312-0753x13685,Employed,2.8,53217.74,651,2017-04-06
CUST100271,Tyler,Daniel,1992-05-03,34,GA,BR110,lvasquez@example.net,843.801.0713,Employed,16.0,57153.63,693,2012-05-26
CUST100063,Christopher,Moreno,1970-09-11,56,FL,BR100,vbarnes@example.org,(645)999-1022x901,employed,10.3,65671.28,691,2021-08-06
CUST101402,Douglas,Myers,1995-09-19,31,TN,BR111,fordgregory@example.com,219.436.2526,employed,0.4,170.69,675,2014-04-28
CUST100359,Michelle,Davis,1982-09-09,44,VA,BR103,frankchan@example.com,+1-521-947-6492x5158,Employed,10.1,128086.82,764,2018-05-15
CUST101510,  Barbara  ,Burke,1984-09-16,42,IL,BR104,erika60@example.org,923.769.6269x02220,Unemployed,0.0,5693.46,589,2025-11-17
CUST101214,Diana,Neal,1979-07-04,47,CO,BR107,johnsonandrew@example.org,226.407.2014x8967,Employed,4.9,48974.06,665,2017-06-28
CUST102309,Jorge,Clark,1987-11-17,38,IN,BR110,yphillips@example.com,001-280-905-5733,Unemployed,0.0,17288.43,594,2021-01-10
CUST100292,Stacy,Nielsen,2000-03-14,26,FL,BR106,noahthornton@example.com,,Employed,3.5,72299.81,669,2020-10-30
CUST100468,Stephanie,Gibbs,1978-04-01,48,TX,BR106,carolhorton@example.org,809-803-6788x1278,Employed,9.8,"$57,251.79",747,2017-09-14
CUST100044,Robert,Villa,2000-07-07,26,MO,BR102,lori44@example.net,001-872-978-7558,Unemployed,0.0,17939.32,548,2025-08-22
CUST101493,Matthew,Berg,1986-11-24,39,New York,BR111,,915-925-5862, Self-Employed ,4.6,47042.77,628,2022-03-24
CUST101579,Eric,Potter,1982-08-27,44,WI,BR109,piercefrank@example.org,(779)590-9666x0286,Employed,1.0,44503.95,670,2019-12-02
CUST100126,Melanie,Pope,1985-10-17,40,IN,BR106,ttaylor@example.org,,Employed,1.6,37083.7,695,2023-07-09
CUST101515,Jane,Diaz,2000-12-25,25,MI,BR103,derrick47@example.com,7964064724,Unemployed,0.0,17673.44,595,2017-02-13
CUST100686,Tyler,Mccarthy,1986-06-07,40,TX,BR109,rroberts@example.net,4725801234,Employed,1.9,48583.91,739,2022-03-02
CUST100352,Henry,Sparks,2007-11-30,18,MI,BR103,robertsjose@example.net,835.897.1072x563,Employed,0.0,77207.77,789,2022-09-15
CUST102452,Victor,Palmer,1977-06-19,49,GA,BR106,donaldmatthews@example.com,339-300-2950,Employed,11.7,42825.53,738,2016-04-03
CUST101323,Jessica,Munoz,1985-01-01,41,PA,BR109,dustinmorris@example.com,674-919-2581,Employed,10.4,"$20,098.87",640,2024-08-31
CUST101192,Laura,Bradford,1998-01-09,28,VA,BR104,paul15@example.net,,Employed,10.0,0.0,605,2011-12-02
CUST102307,Matthew,Rios,1993-09-18,33,OH,BR110,nataliescott@example.com,001-453-906-1139x0045, Employed ,11.0,101550.76,694,2017-02-24
CUST101089,Carmen,Edwards,2000-01-22,26,MI,BR105,stephaniewilson@example.org,863.417.7495x4210,Self-Employed,5.7,,709,2020-08-08
CUST101274,Michele,Vargas,1983-01-21,43,NC,BR111,vanessajimenez@example.org,700-302-0860x1460,Employed,6.0,33382.11,717,2020-07-06
CUST100198,Larry,Arnold,1980-09-13,46,IL,BR107,manningjames@example.com,459.389.3347,Employed,7.0,19535.62,660,2014-07-06
CUST100168,Melissa,Johnson,1976-02-13,50,IN,BR107,davidtodd@example.org,(433)620-6163,Employed,1.2,-62554.8,728,2016-06-29
CUST100589,Michael,Santana,1992-10-30,33,VA,BR109,robertcook@example.net,925-942-7820,Self Employed,3.4,123629.5,682,2020-07-30
CUST102031,Maria,Miller,1991-03-31,35,MI,BR111,anthonysanchez@example.com,496.856.4001x9154,Employed,12.3,100148.66,791,2022-07-04
CUST100618,Kevin,Camacho,1988-09-04,38,NY,BR101,matthewbyrd@example.net,871-627-0587x7221,Employed,2.5,"$93,474.21",783,2013-02-18
CUST100420,Robert,Saunders,2000-08-11,26,NJ,BR106,gbird@example.net,+1-792-441-9562,Employed,1.0,0.0,659,2021-03-15
CUST101120,Jennifer,Wilkerson,1978-05-30,48,MI,BR111,kgarrison@example.com,(262)408-0820x3917,self-employed,4.9,43677.68,624,2026-07-22
CUST101561,Tammy,Sanders,1982-08-02,44,NJ,BR101,michelletaylor@example.org,270.907.1580,Employed,4.2,73849.67,752,2024-08-26
CUST100751,Craig,Davies,1971-01-13,55,TN,BR108,mcneilchristina@example.org,(367)614-9498,EMPLOYED,1.0,,677,2013-10-16
CUST100939,Melissa,Allen,1960-11-27,65,VA,BR107,rberg@example.org,259.614.2614,Retired,0.0,6309.23,664,2021-06-06
CUST101176,Scott,Stevens,1992-04-15,34,PA,BR111,amanda75@example.net,(414)718-6482x308,Employed,10.5,72265.62,740,2023-06-17
CUST100921,Ashley,Maxwell,1990-05-21,36,AZ,BR108,kristinaparker@example.org,200-890-6053,unemployed,0.0,,567,2019-05-04
CUST101027,Kathleen,Santana,1978-04-25,48,NY,BR111,eharris@example.com,+1-558-233-3647x7041,Employed,11.1,64902.56,654,2020-09-30
CUST101453,Alejandra,Lindsey,1998-01-31,28,MO,BR103,dustinmoore@example.com,+1-860-902-2302x3405,Employed,0.7,81852.33,719,2018-06-17
CUST102297,Daniel,Jones,1994-01-22,32,NY,BR100,garzadeborah@example.org,+1-475-395-5942,Employed,3.3,57326.98,688,2021-08-24
CUST100042,Michael,Avila,1992-11-29,33,WI,BR101,nwolf@example.com,+1-424-677-1093,Employed,1.2,70038.6,725,2019-12-10
CUST100872,Ann,Garcia,1997-09-26,28,IN,BR111,ernestmahoney@example.net,001-536-248-8208x93486,Employed,5.6,113696.9,733,2024-11-08
CUST100137,Tracy,Ray,1977-05-26,49,NJ,BR109,,+1-716-384-5775x9017,Employed,2.3,37031.6,693,2023-08-05
CUST102194,Ruth,Guerrero,1991-01-17,35,MA,BR111,lopezjulia@example.com,(822)580-9541x75401,Employed,1.9,25468.3,718,2026-04-22
CUST100947,Ronald,Hunter,1963-12-13,62,PA,BR110,harrisonchristopher@example.org,+1-470-582-6971, Employed ,11.4,95226.38,767,2017-05-29
CUST102423,Erin,White,1986-06-08,40,VA,BR102,sullivankelly@example.org,001-822-392-5384x18757,Employed,2.6,59247.14,682,2019-01-12
CUST101626,Joseph,Harris,1993-03-09,33,TN,BR109,larsoncheryl@example.com,415-833-3497,Self_Employed,5.4,27288.07,694,2024-04-14
CUST100248,Jonathan,Nixon,1982-08-26,44,WI,BR104,,5495082404,Self-Employed,6.0,59393.1,727,2024-06-27
CUST101357,Ashley,Kelley,1979-06-27,47,OH,BR105,oconnorvictoria@example.net,446-334-2924,Self-Employed,1.6,56262.77,674,2022-01-02
CUST100681,Troy,Howell,1977-09-16,49,WI,BR104,xfrey@example.com,584.680.7520,Employed,1.2,117470.13,729,2015-08-25
CUST100107,  Molly  ,Knox,1980-02-08,46,PA,BR111,qmiller@example.net,(251)228-6823,Unemployed,0.0,17428.09,629,2026-04-27
CUST100419,Jamie,Weaver,1986-11-30,39,CO,BR110,nmartinez@example.org,(652)706-5063x731,EMPLOYED,11.4,54410.41,722,2012-05-18
CUST101726,Cole,Gutierrez,1983-01-28,43,MI,BR107,daniel10@example.net,(674)351-3636x59050,Employed,2.4,30574.63,659,2019-01-19
CUST101848,Terry,Flores,1995-06-19,31,GA,BR103,chad39@example.com,(635)229-4614x2620,Self-Employed,5.1,131829.89,715,2019-05-08
CUST100078,Michael,Duncan,1963-09-23,62,TX,BR111,,288-888-8067,Employed,4.3,31816.8,726,2026-05-11
CUST101744,  Katherine  ,Nelson,1995-12-19,30,AZ,BR108,,740.653.6251x2311,Employed,1.3,51442.42,627,2013-05-09
CUST101841,Leonard,Woods,1985-10-02,40,MI,BR100,,+1-236-776-0741,Unemployed,0.0,24597.44,615,2020-06-22
CUST102258,  Cole  ,Henry,1972-05-21,54,TX,BR100,davidesparza@example.com,001-944-971-0606x0673,Employed,5.2,"$75,725.93",740,2019-08-10
CUST101081,Nicole,Malone,1976-03-04,50,TX,BR108,lindamiller@example.org,405.600.4933x267,Unemployed,0.0,14135.79,546,2025-05-26
CUST101434,Mark,Williams,1986-12-17,39,MI,BR107,douglashart@example.net,4069476144,Unemployed,0.0,22228.85,560,2019-03-26
CUST100991,Teresa,Lee,1960-10-31,65,CO,BR108,jamesperez@example.net,(318)983-5279,Employed,1.3,54881.53,759,2016-07-29
CUST101302,Timothy,Gregory,1985-04-23,41,GA,BR110,floresricky@example.net,001-517-492-6517,Employed,0.6,29458.93,685,2019-04-27
CUST100433,Bruce,Walton,1949-10-28,76,MO,BR108,ortegakristina@example.org,938-706-9847,Employed,8.6,56315.93,729,2020-09-27
CUST101166,Teresa,Warner,1990-07-17,36,TX,BR103,sheila42@example.net,(456)478-7188,Employed,8.1,90154.04,723,2014-10-13
CUST100101,James,Rodriguez,1979-03-11,47,NC,BR104,jessicawong@example.net,(805)749-3296,Employed,29.0,65810.97,757,2013-01-06
CUST101594,Jamie,Rhodes,1982-03-02,44,IL,BR109,mperez@example.com,+1-759-840-3895x546,Employed,20.5,,634,2023-05-05
CUST100211,Kathleen,Hall,1960-10-06,65,NJ,BR100,mike03@example.net,(467)870-0518x449,Retired,0.0,30476.4,759,2021-06-22
CUST101756,Thomas,Garcia,not_a_date,49,CA,BR102,,4408465511,Unemployed,0.0,29242.35,610,2015-03-05
CUST100195,Tara,Chavez,1962-09-08,64,NY,BR110,devonmorrison@example.net,748.358.3339x45228,Retired,0.0,"$40,532.21",701,2023-01-27
CUST100412,David,Barnes,2008-09-18,18,CO,BR100,pricerebecca@example.org,(534)967-2994,Employed,0.0,84824.35,695,2015-10-31
CUST100992,Jill,Graves,1982-08-30,44,MI,BR104,ecisneros@example.com,(310)465-9208x8143,Employed,1.5,95959.58,750,2018-09-10
CUST100849,Adam,Perry,1994-12-02,31,OH,BR109,rmiller@example.net,919.812.6022x1321,Employed,4.1,63715.62,687,2018-09-07
CUST102084,Heidi,Jones,1982-10-08,43,OH,BR111,mhill@example.org,556.507.3021x737,Employed,0.1,20534.21,685,2024-02-29
CUST102117,  Jason  ,Hansen,2007-10-14,18,AZ,BR107,williamsonrobin@example.com,001-844-787-8904x8334,EMPLOYED,0.0,"$37,236.57",734,2019-10-08
CUST101429,  Terri  ,Bennett,1986-11-21,39,IL,BR101,zrodriguez@example.net,438-602-9903x4804,Employed,7.6,66068.91,744,2018-09-30
CUST102349,Stacey,Jackson,1995-07-07,31,MA,BR104,lsmith@example.net,+1-846-655-9218x9568, Employed ,13.0,55952.74,710,2024-10-02
CUST102061,Marissa,Garcia,1984-07-17,42,IL,BR100,vazquezpatricia@example.org,001-331-897-6702x546,Employed,5.7,88578.11,720,2019-05-01
CUST102070,Ethan,Mcfarland,1994-05-30,32,MA,BR107,oanderson@example.net,001-627-469-5887x089,Employed,1.3,41228.81,724,2022-09-11
CUST100912,Sean,Hill,1956-03-03,70,MO,BR100,longshane@example.com,(715)762-3920x908,Employed,14.4,94954.26,692,2013-04-27
CUST100838,James,Schultz,1988-10-04,37,CA,BR106,evelyncampbell@example.com,689.866.9972x73677,Employed,3.8,55199.16,721,2013-12-15
CUST100025,Justin,Nelson,1981-10-20,44,TX,BR101,patricia12@example.org,962.831.6658,Employed,0.8,55958.5,736,2012-08-26
CUST100350,Nicholas,Davenport,1975-02-12,51,VA,BR109,andrewjohnson@example.net,+1-693-417-3420x6969,Employed,0.3,88874.26,708,2013-01-19
CUST101224,Christopher,Hardin,1969-07-06,57,WI,BR100,hturner@example.net,(319)742-3215x4013,SELF-EMPLOYED,5.9,,772,2014-12-21
CUST101560,Julie,Hammond,1988-07-30,38,MA,BR100,kaylee70@example.org,001-699-863-0667x00599,Employed,4.8,61238.95,669,2025-05-11
CUST100558,David,Camacho,1966-09-18,60,CO,BR105,wstrong@example.org,(783)941-5599x9101,Employed,0.0,88081.6,769,2025-04-23
CUST102353,Erik,Campos,1988-08-15,38,MO,BR104,vvasquez@example.org,696.401.0665x89782,Unemployed,0.0,22868.73,543,2022-09-09
CUST100091,  Michelle  ,Barnes,1985-09-02,41,NY,BR100,lisapeck@example.net,532-578-7747x01687,Unemployed,0.0,1459.89,640,2020-06-04
CUST102407,Peter,Krueger,1998-12-05,27,IN,BR103,kyle67@example.org,988-516-1827,Unemployed,0.0,11997.45,610,2016-02-20
CUST101691,Neil,Rice,1972-07-27,54,IL,BR107,cgray@example.com,3592173930,Employed,1.1,89146.63,765,2021-12-14
CUST102113,William,Barnes,1965-03-14,61,IL,BR102,gharris@example.org,(937)238-0882x330,Unemployed,0.0,8650.74,599,2013-02-11
CUST100960,Theresa,Cunningham,1996-06-18,30,IL,BR105,sydneyalexander@example.org,+1-295-429-6353x0597,Employed,6.9,62392.16,632,2017-03-19
CUST102494,Russell,Martin,1992-10-10,33,WI,BR110,nhurley@example.org,(421)808-5837x558,Self-Employed,2.2,1998.98,646,2025-10-22
CUST101800,Jillian,Black,2005-07-26,21,CA,BR110,christopherelliott@example.org,(551)945-5795,EMPLOYED,1.4,66115.07,695,2021-04-15
CUST101389,Sheila,Watson,1991-12-10,34,NJ,BR108,djohnson@example.org,296.210.1759,Unemployed,0.0,17792.73,566,2023-01-12
CUST102110,Michael,Steele,1970-09-10,56,TN,BR102,,001-394-656-8150x895,Employed,0.0,55117.19,742,2017-05-31
CUST100431,Robert,Roberts,1980-02-21,46,NY,BR101,,001-223-472-8179x323,Employed,1.1,42981.08,691,2023-10-18
CUST102230,Wendy,Obrien,1991-09-05,35,FL,BR101,juliaball@example.org,996-373-7196x755,Self Employed,5.7,46342.95,687,2023-10-17
CUST102047,Jeffrey,Archer,1992-11-22,33,NY,BR105,vcabrera@example.net,(926)308-0993,Self-Employed,2.4,37782.36,724,2017-04-12
CUST101352,Adam,White,1997-06-01,29,CO,BR109,tylerodonnell@example.org,547-339-8622x14051,employed,7.3,,727,2019-08-29
CUST100597,Patrick,Leonard,1964-04-03,62,IL,BR110,adamvaughan@example.net,001-643-289-7607,Employed,1.8,80080.7,737,2013-07-15
CUST100174,Frank,Armstrong,1987-02-10,39,NJ,BR108,mercedesholland@example.net,246.580.0722,Employed,11.4,52901.09,736,2015-06-28
CUST102245,Lisa,Baker,1979-01-23,47,TN,BR111,matthewespinoza@example.com,(686)907-8138,Employed,6.2,83405.96,734,2023-08-02
CUST101974,Sheri,Christensen,1997-07-17,29,CA,BR109,amy05@example.net,6106886797,Unemployed,0.0,"$21,460.57",600,2019-03-06
CUST100945,Austin,Martinez,2001-11-21,24,MO,BR106,wdean@example.net,(586)720-9297,Employed,1.4,72397.34,711,2013-08-18
CUST101372,Sheri,Henderson,1964-01-09,62,NJ,BR105,,+1-964-758-3744x959,Employed,5.8,66220.1,697,2013-11-28
CUST101945,Michelle,Diaz,1968-12-10,57,NJ,BR106,tracy58@example.com,280-558-3934,self-employed,3.1,"$129,022.43",756,2017-03-24
CUST102357,John,Hill,1998-05-15,28,MI,BR107,romerojames@example.com,+1-981-647-4250, Employed ,10.0,78210.8,748,2015-01-15
CUST102232,Tommy,Miranda,1996-02-11,30,OH,BR106,mrandall@example.net,(590)787-8639x1418,Employed,11.1,93526.14,682,2020-06-08
CUST100587,Joshua,Gonzalez,1987-07-23,39,AZ,BR102,jordan74@example.org,,employed,1.9,64984.41,737,2016-11-24
CUST101281,Alex,Lyons,1979-06-01,47,PA,BR109,sethsanders@example.com,322-489-8907x49935,Unemployed,0.0,23626.03,591,2016-07-19
CUST100418,Christopher,Fisher,1982-12-18,43,IL,BR101,rogersjames@example.net,731-722-0681,Employed,2.5,"$18,020.58",715,2020-02-09
CUST102435,Joann,Gonzalez,2000-05-22,26,FL,BR104,terri49@example.org,(426)631-7774x42221,Employed,8.0,"$37,181.66",707,2013-09-05
CUST100922,Edward,Leach,1991-12-19,34,VA,BR111,cruzscott@example.org,+1-404-357-5988x759,Employed,6.4,60177.34,701,2014-04-10
CUST101743,Brian,Hunt,1986-05-28,40,CA,BR108,john31@example.com,(265)218-1275x917,Employed,2.1,103325.8,711,2015-05-22
CUST100865,Mariah,Gill,1973-12-21,52,PA,BR105,vwhite@example.net,499.249.9197x01426,Employed,2.7,87410.36,761,2014-12-02
CUST100886,Michelle,Patel,2008-06-14,18,NC,BR101,ospencer@example.org,(748)624-2183x854,Employed,0.0,86787.85,673,2012-06-04
CUST101110,Janice,Wallace,1994-10-05,31,GA,BR104,pvargas@example.org,4674730671,Unemployed,0.0,18499.7,581,2022-09-08
CUST101487,Michael,Davis,2008-06-15,18,MI,BR110,smithmichael@example.org,8814948422,Employed,0.0,46628.47,660,2014-10-29
CUST102301,Victoria,Smith,2007-10-15,18,WA,BR102,heidi74@example.org,(784)759-5876,Self-Employed,0.0,69708.35,666,2020-02-27
CUST100605,Tracey,Werner,1973-06-28,53,MA,BR103,nbell@example.com,+1-945-951-5888x636,Self_Employed,1.3,21664.84,950,2015-12-29
CUST100851,Jessica,Johnson,2000-05-07,26,NY,BR105,ryanrogers@example.net,3273481242,Self_Employed,1.0,76253.26,728,2015-12-19
CUST101639,  Hunter  ,Johnson,1983-02-10,43,NC,BR106,zwilson@example.org,001-937-426-4320x58699,Employed,1.9,61527.1,705,2025-02-01
CUST101976,Eric,Grimes,1975-08-02,51,TN,BR108,kgillespie@example.net,591-950-2374,Employed,12.0,102231.24,709,2015-05-18
CUST101141,Jamie,Harris,1984-06-07,42,IL,BR100,matthewbutler@example.org,2398744088,Employed,10.4,23157.08,730,2018-12-29
CUST101319,Michael,Rojas,1967-09-17,59,WI,BR107,cooleypatricia@example.org,(717)735-6316x31297,Employed,2.0,41837.94,727,2018-06-01
CUST101925,Marc,Hill,1984-07-19,42,NJ,BR106,william78@example.net,+1-937-310-5392x59067,Employed,2.6,49382.65,707,2020-01-19
CUST102056,Arthur,Edwards,1970-09-20,56,FL,BR103,housecynthia@example.org,(756)574-0920x167,employed,5.8,76791.83,708,2012-04-02
CUST100319,Sherry,Hooper,2006-01-05,20,GA,BR109,laurenchandler@example.com,317-702-8140x69375,Unemployed,0.0,,666,2012-07-17
CUST100156,Sandra,Hamilton,1992-10-10,33,WA,BR107,ycrawford@example.net,(625)932-4472x09993,,2.5,6011.42,662,2017-11-13
CUST102470,Lance,Martin,1981-03-07,45,WA,BR101,nicholas97@example.net,(708)204-6606x382,Employed,15.1,76597.34,696,2022-05-28
CUST100959,Seth,Cole,1985-01-08,41,MI,BR109,nicole16@example.org,(956)504-5006x3553,employed,1.3,80654.12,736,2012-04-14
CUST102124,  Alicia  ,Zhang,2005-05-24,21,AZ,BR108,lindaflowers@example.net,001-898-362-2546x86296,Employed,3.0,87039.59,730,2012-08-16
CUST101855,Julie,Phillips,1990-09-21,36,TX,BR105,gkim@example.com,283-842-7973x0294, Employed ,1.4,28971.4,652,2020-03-06
CUST100645,Carol,Cox,1992-04-29,34,CO,BR102,bcopeland@example.com,7143448564,Employed,3.0,47288.31,758,2011-12-01
CUST102262,Amy,Johnson,1985-05-03,41,TX,BR108,aallison@example.org,(867)655-4753,Employed,20.3,89185.73,747,2023-07-05
CUST101622,Sherry,Reed,1985-01-03,41,WA,BR105,robertsaunders@example.com,788.323.7254x42253, Employed ,6.5,107132.45,744,2012-09-24
CUST101811,John,Dunn,1989-10-08,36,FL,BR100,cwebb@example.org,(795)890-3177,EMPLOYED,14.7,62036.74,747,2025-03-18
CUST100596,Patrick,Gibson,1997-04-19,29,WA,BR109,qvaldez@example.com,(304)464-1978x57585,Employed,5.8,76282.56,720,2026-05-10
CUST100309,Michelle,Robinson,1981-03-31,45,IN,BR111,rhood@example.org,001-263-235-6939x2906,Unemployed,0.0,20030.86,588,2026-07-06
CUST100982,Kenneth,Gallagher,1989-05-07,37,OH,BR106,bradbennett@example.com,+1-249-680-8513x31380,Employed,13.7,82649.37,745,2020-04-14
CUST100812,Joseph,Weaver,1969-12-01,56,OH,BR107,brianamejia@example.net,800-327-3008x696,Employed,2.8,50516.19,662,2026-08-14
CUST100308,Heather,Brown,1975-11-07,50,WA,BR103,danielowens@example.com,(553)349-2929,Employed,3.5,34281.87,671,2017-11-12
CUST102341,Dawn,Snyder,1982-06-05,44,MI,BR102,connermatthew@example.org,200.250.9083x06925,Employed,8.5,77789.6,727,2016-12-19
CUST101190,Dorothy,Melton,1986-03-22,40,NJ,BR107,brandi75@example.com,001-429-327-3186x830,Employed,0.3,86018.93,774,2016-08-31
CUST100XYZ,Joseph,Reynolds,1979-03-28,47,AZ,BR106,andersonwilliam@example.net,499.930.7461x13997,Unemployed,0.0,,662,2013-04-16
CUST100946,Christina,Wilcox,1992-02-05,34,GA,BR106,reneehernandez@example.org,+1-573-793-8992x0457,Unemployed,0.0,20467.41,571,2015-02-01
CUST101751,Kristen,Ochoa,1995-04-26,31,NY,BR102,rebecca46@example.org,001-712-610-4072,employed,7.7,18641.31,639,2023-10-21
CUST101066,Victoria,Morrison,1979-10-05,46,IL,BR111,darnold@example.com,(470)367-5169x1395,,7.1,111790.62,742,2016-07-10
CUST101845,Mark,Morrow,2000-09-01,26,WI,BR102,xmorse@example.com,637.848.5251x225,Employed,2.7,88130.36,666,2018-07-22
CUST101535,Austin,Mann,1984-10-29,41,TN,BR107,treid@example.org,403.672.7186,employed,5.5,48638.47,701,2016-03-04
CUST100442,Michael,Myers,1981-03-13,45,MO,BR109,rosejustin@example.net,986.412.5904,Self-Employed,10.4,35446.27,726,2020-05-01
CUST101541,Jeremy,Walker,1984-05-22,42,CA,BR108,lisa57@example.org,762-932-7700x45358,Employed,1.5,21782.8,668,2014-12-24
CUST101423,Sheila,Lopez,2005-04-08,21,MA,BR107,berrynathan@example.com,(338)636-8060,Self-Employed,1.6,121432.45,752,2016-09-23
CUST101861,Matthew,Davis,1977-08-16,49,IL,BR105,erin66@example.net,615.257.1556x61668,Employed,4.7,35974.45,676,2020-02-29
CUST101162,Tyler,Smith,1962-11-09,63,CA,BR111,wkennedy@example.com,826.576.2590x62003,Unemployed,0.0,,577,2023-09-24
CUST101080,Jacob,Roach,1986-07-13,40,IL,BR102,kcooley@example.net,8142264710,Employed,3.9,22513.44,664,2024-09-04
CUST101171,  Jordan  ,Carrillo,1964-08-02,62,WI,BR111,afitzpatrick@example.org,738.968.6083,Employed,2.8,"$58,787.66",664,2024-08-29
CUST101174,  Joseph  ,Smith,2008-02-11,18,WA,BR109,robin73@example.com,001-267-448-0957x39405,Employed,0.0,61845.62,629,2021-07-15
CUST101161,Anthony,Lang,1983-06-15,43,NJ,BR111,clarkmichael@example.org,(905)695-2984x2410,Employed,1.7,38398.98,669,2022-08-01
CUST101441,Lee,Crawford,1973-08-01,53,PA,BR108,shannonphilip@example.org,(882)446-3061,Employed,2.4,57448.7,677,2024-05-02
CUST101599,Shirley,Nguyen,1955-07-06,71,AZ,BR108,hopkinspaul@example.com,583-978-4771,SELF-EMPLOYED,0.5,18373.65,702,2015-10-20
CUST100336,  Barry  ,Thompson,1969-03-02,57,MI,BR103,nicole27@example.com,(946)971-9788,Employed,5.5,106208.31,745,2020-02-10
CUST102496,  Ann  ,Mitchell,1982-08-12,44,TN,BR107,jenkinsjake@example.net,001-955-334-3349,Employed,11.6,0.0,732,2023-03-11
CUST101468,Rebecca,Walter,1992-01-31,34,IL,BR100,collinsheather@example.net,001-926-965-3619,Employed,2.4,47535.98,684,2015-03-27
CUST100891,Amanda,Weiss,1979-10-11,46,NJ,BR106,haley79@example.net,478.910.5391,Employed,8.4,"$109,033.28",784,2026-01-18
CUST100673,Tracy,Wright,1973-12-17,52,WA,BR108,jmendoza@example.com,+1-753-224-2642,Employed,0.5,56746.96,709,2018-03-01
CUST102437,William,Harris,1970-01-19,56,FL,BR101,thomasjohnson@example.com,351.935.6343,Employed,3.5,73509.84,776,2026-02-02
CUST101533,Vickie,Travis,1984-01-21,42,AZ,BR104,johnhuang@example.net,+1-701-824-8447x936,SE,7.5,93377.78,799,2013-06-30
CUST100409,  Jason  ,Cole,1969-06-03,57,NY,BR107,brooksbarbara@example.org,207-255-3666x8459,Employed,2.2,90625.63,772,2025-06-24
CUST100850,Brian,Obrien,1998-05-20,28,VA,BR104,wilsonpatrick@example.org,(920)519-0725,Employed,5.3,21586.83,681,2014-09-04
CUST100160,Andrew,Woods,1980-04-29,46,GA,BR101,samantha32@example.com,001-725-800-2921x851,Employed,6.8,53202.51,745,2020-06-19
CUST102139,Jonathan,Douglas,1999-11-26,26,WI,BR104,davidcook@example.org,5799804707,Employed,2.7,67875.03,764,2020-09-26
CUST102076,Melanie,Fisher,1993-11-24,32,PA,BR104,benjamin11@example.net,(787)391-4659,Employed,4.7,56207.9,679,2026-04-21
CUST101895,Regina,Gray,1996-05-30,30,CA,BR101,qbenjamin@example.com,(323)570-3854x78726,Employed,4.1,97551.98,741,2025-06-02
CUST102003,Cynthia,Greene,1994-03-23,32,IL,BR109,,(941)891-3780x498,Employed,5.1,,656,2013-09-26
CUST101659,Eric,Thomas,1988-10-22,37,GA,BR104,kathyberg@example.com,329-751-8525x576,Self-Employed,11.6,,683,2025-03-24
CUST102204,Arthur,Gomez,1984-06-21,42,TN,BR101,aguilarthomas@example.org,(942)536-3743,Self-Employed,3.8,85624.48,722,2019-09-10
CUST101703,Jeffrey,Alexander,1968-11-11,57,MO,BR102,vdixon@example.org,994.975.0557,Employed,7.9,31770.71,721,2023-05-17
CUST100957,Kayla,Murphy,1984-10-25,41,WA,BR109,anthonyhunt@example.net,001-352-731-2021,Employed,6.4,50182.18,650,2024-04-14
CUST101139,Maria,Smith,1988-12-20,37,AZ,BR102,luis41@example.net,803-898-2218x039, Employed ,1.8,129300.03,770,2023-03-12
CUST102305,Erin,Smith,1985-12-06,40,AZ,BR104,nwaller@example.org,001-456-341-6298x7025,Employed,2.4,92481.69,738,2017-02-03
CUST102153,Danielle,Becker,1989-07-25,37,AZ,BR106,rlynch@example.org,899-246-7099,self-employed,0.5,67742.75,723,2019-12-03
CUST102057,Charles,Henson,1996-09-15,30,MO,BR105,turnerarthur@example.net,+1-680-267-0914x4654,Employed,10.7,82510.89,692,2026-04-15
CUST100603,Emily,Scott,1983-06-03,43,IN,BR106,guerreroashley@example.org,+1-278-451-3854x4577,Employed,3.1,66613.52,741,2021-01-16
CUST101798,  Jeffrey  ,Joseph,1991-05-12,35,IL,BR107,ygomez@example.net,(784)315-4635x17573,Employed,7.4,70417.04,732,2023-12-03
CUST100017,Rebecca,Gardner,1970-08-10,56,OH,BR109,brandi26@example.org,8454053315,Employed,2.8,59378.96,709,2025-07-14
CUST102001,Evan,Avila,1982-06-30,44,CO,BR105,sarah94@example.com,550-380-9897x173,Employed,7.8,32052.62,693,2023-01-14
CUST100976,Haley,Perry,1978-01-26,48,GA,BR108,caldwellpatricia@example.org,607.740.3925x199,Employed,1.6,106184.96,689,2014-05-20
CUST101804,Tina,Bennett,1974-02-14,52,WA,BR103,gwendolyn36@example.net,2947386825,Unemployed,0.0,15074.68,567,2016-09-22
CUST102168,Jonathon,Vazquez,2003-02-22,23,WA,BR107,jennifer04@example.net,(494)707-8286,Employed,0.1,88594.17,1200,2022-09-07
CUST100776,Nicole,Allen,1997-04-17,29,MO,BR106,johnny38@example.net,001-882-778-0205,Employed,1.9,46637.73,692,2011-09-29
CUST101539,Mary,Jackson,1989-05-24,37,OH,BR104,udavis@example.org,420.936.6864,Self-Employed,10.0,53994.64,696,2025-08-03
CUST101593,  Christina  ,Zamora,1999-01-30,27,IN,BR108,hallmatthew@example.com,(876)522-1559,Employed,0.9,96559.38,742,2025-04-06
CUST102487,Paul,Hayes,1993-10-21,32,TX,BR106,butlerbradley@example.org,524-807-6645,Employed,3.6,29391.24,667,2013-12-30
CUST102311,Sarah,Dillon,1979-01-17,47,MA,BR109,vgrimes@example.net,001-822-532-4204x300,Employed,6.2,68522.63,704,2022-01-07
CUST100979,Linda,Smith,1993-03-10,33,WI,BR101,christina68@example.net,(519)453-7749x266,Employed,9.7,57864.78,733,2025-11-10
CUST101832,Lisa,Welch,1998-11-21,27,NJ,BR108,hayden46@example.org,815.612.9116x47924,Unemployed,0.0,,580,2014-05-19
CUST100134,Keith,Norman,1994-12-13,31,AZ,BR100,hdunn@example.net,848-358-0783,Employed,3.3,"$40,481.91",668,2022-09-14
CUST102350,Rachael,Horn,1983-05-08,43,OH,BR108,wkrause@example.org,+1-618-602-3848x761,Employed,5.3,9411.14,686,2015-07-12
CUST102181,Gary,Foster,1996-08-03,30,WI,BR102,smithmaurice@example.org,8014792513,Employed,0.1,81170.94,720,2014-01-19
CUST100624,Mark,Payne,1984-02-29,42,PA,BR102,angela40@example.org,001-615-657-3257x37553,Employed,5.0,39139.4,718,2020-09-23
CUST100981,Anthony,Wood,1985-04-30,41,TX,BR111,edwardmitchell@example.org,463-802-9559x63637,Employed,11.6,42913.98,660,2014-04-18
CUST100341,Zachary,Powers,1994-12-22,31,AZ,BR102,nicoleburton@example.net,(297)537-4896, Employed ,13.0,70078.43,661,2017-02-26
CUST100846,Krystal,Roy,1993-02-13,33,CA,BR108,glenware@example.com,001-787-497-8889x75358,Unemployed,0.0,14419.58,626,2015-04-04
CUST100287,Roger,Smith,1957-12-13,68,AZ,BR105,pbradford@example.net,346.489.5009x75197,Retired,0.0,36735.3,764,2022-08-13
CUST100172,Michelle,Nicholson,1964-06-25,62,GA,BR106,,(289)902-3303,Employed,19.1,50708.39,715,2012-06-23
CUST101167,  Amy  ,Webb,1987-04-01,39,CA,BR108,,606.813.4956x47998,Employed,8.3,,645,2012-02-02
CUST101778,Kyle,Alexander,2008-07-17,18,NJ,BR100,yvasquez@example.net,765.476.6647x608,Employed,0.0,98532.32,746,2011-11-06
CUST101232,Sara,Smith,1972-10-02,53,TX,BR108,johnsonkevin@example.net,853-941-9528x1447,Employed,0.2,38879.93,754,2016-01-07
CUST101645,Amanda,Gonzalez,1982-02-05,44,OH,BR107,sara93@example.org,001-591-936-9648x0407,Employed,9.3,,706,2014-11-04
CUST101300,Brian,Wood,1989-05-17,37,TX,BR109,richarddiaz@example.net,(782)731-3427,Employed,14.5,74785.44,770,2018-04-24
CUST101191,Janet,Torres,1990-02-03,36,OH,BR103,wendyperez@example.org,216-951-8548x3966,Employed,0.4,54303.55,770,2025-04-21
CUST102036,Gabrielle,Morris,2004-04-20,22,TX,BR103,jbrown@example.net,904.515.4474,Employed,4.0,,654,2015-04-11
CUST100894,Debbie,Dunn,1988-11-02,37,PA,BR110,myerslisa@example.net,,Employed,0.9,74827.6,813,2012-05-23
CUST101876,Beth,Mitchell,1995-08-25,31,AZ,BR106,danajohnson@example.com,285-936-0878,Employed,3.7,31458.23,686,2013-10-01
CUST102433,  James  ,Berry,1996-03-05,30,FL,BR100,medinateresa@example.com,(706)736-9851x676,Employed,12.0,79455.59,713,2020-12-21
CUST101181,Tyler,Edwards,1995-03-03,31,MI,BR102,zhangnatalie@example.net,+1-390-773-7815,EMPLOYED,0.8,-50989.96,715,2019-02-04
CUST102373,Rachel,Evans,1976-07-28,50,AZ,BR105,angelalee@example.com,(355)203-5332,EMPLOYED,7.2,72134.51,733,2013-03-21
CUST100848,Ashley,Mcfarland,1986-08-06,40,FL,BR108,JOHNSONEDWARD@EXAMPLE.NET,(595)201-4374,Employed,2.9,41533.89113945611,720,2020-11-08
CUST101231,  Janet  ,Boyle,1988-07-04,38,TN,BR104,elizabeth53@example.com,001-272-928-9206x41578,Self-Employed,7.7,64986.14,726,2019-07-18
CUST100458,Jason,Rojas,1969-01-07,57,MI,BR110,trobinson@example.net,207.797.0509x75451,Employed,3.0,103554.22,759,2025-01-01
CUST100143,Kevin,Holmes,1975-05-20,51,PA,BR109,juliephillips@example.org,276.713.7918,Employed,18.6,77023.85,701,2025-08-27
CUST102370,Theresa,Hebert,1972-02-17,54,TN,BR105,rgonzales@example.com,467-714-8957,Employed,10.0,51239.41,729,2018-07-12
CUST101508,Dale,Moore,2003-06-17,23,GA,BR102,rebeccaweaver@example.org,+1-705-764-4685x3045,Employed,0.5,81858.76,713,2023-10-29
CUST101872,Stephen,Jones,1990-04-12,36,WI,BR103,srivera@example.net,289-318-5298x3882,Employed,7.4,"$89,084.02",759,2016-08-13
CUST100180,Crystal,Thompson,1984-03-18,42,MO,BR109,smithjoshua@example.org,001-827-912-9666,Employed,6.3,68114.66,722,2017-06-10
CUST102163,Joseph,Sanford,1985-10-28,40,IN,BR110,michelle32@example.com,599-601-0263,Employed,5.0,34309.51,693,2025-08-18
CUST102241,Heather,Thomas,1976-05-31,50,PA,BR100,fholmes@example.net,(877)693-3335,EMPLOYED,3.7,71432.67,736,2025-03-20
CUST102348,Jeffrey,Lawrence,1969-10-09,56,TX,BR105,brobbins@example.net,(722)677-2610,Employed,19.4,20223.65,708,2023-05-15
CUST100463,Joseph,Haynes,2001-11-02,24,NC,BR104,tgonzalez@example.org,001-689-523-9231x260,self-employed,6.0,79708.32,728,2025-08-01
CUST101346,Suzanne,Bowers,1958-08-05,68,CA,BR100,aprice@example.net,940.742.0767x5149,Employed,2.2,71546.41,747,2014-09-14
CUST102108,Brandy,West,1972-08-13,54,WA,BR106,mhood@example.org,001-725-823-9060,Employed,0.3,77216.14,735,2014-09-08
CUST101900,Jason,Clark,2005-08-07,21,NJ,BR107,bharris@example.net,660-217-2628x0336,Employed,3.0,39758.35,718,2019-06-01
CUST100382,Jill,Brewer,1969-08-12,57,AZ,BR101,jasminearmstrong@example.net,981-281-3989x0983,Employed,7.6,46920.75,697,2013-07-08
CUST102132,Janet,Phillips,1989-03-21,37,WI,BR104,jeremy29@example.net,857-686-7404x7724,Employed,2.1,57752.18,685,2025-05-08
CUST101376,  Christopher  ,Doyle,1976-07-24,50,MA,BR104,jpearson@example.org,822-284-8349x276,Employed,1.5,56796.62,668,2020-03-11
CUST102468,Michael,Clark,2007-01-08,19,PA,BR101,mpatterson@example.com,001-782-756-4858x64766,Unemployed,0.0,,573,2021-10-27
CUST101088,John,Golden,1963-06-24,63,MA,BR104,melissa62@example.net,(420)280-5983x12441,Retired,0.0,36643.04,668,2018-05-09
CUST101414,Vanessa,Martinez,1976-06-25,50,MI,BR108,qjackson@example.org,(582)643-2333x02399,self-employed,5.3,49919.44,693,2015-11-25
CUST102471,Douglas,Marshall,2003-10-29,22,AZ,BR111,trevinocrystal@example.org,2924252123,Employed,4.0,103972.31,789,2020-05-22
CUST102273,Ann,Lawrence,1978-05-25,48,MA,BR102,michael82@example.com,(377)433-1258,Unemployed,0.0,9226.07,638,2021-09-22
CUST101178,Melinda,Ramos,1980-12-07,45,MO,BR111,cruzhunter@example.net,415.618.1788,employed,7.3,95082.5,807,2023-05-06
CUST102042,Jake,Moody,1991-12-26,34,IN,BR110,fdelgado@example.org,(635)473-7421,Self-Employed,0.3,73176.2,747,2011-11-25
CUST100014,John,Foster,1980-06-10,46,MO,BR103,stephen10@example.com,+1-791-618-3842x513,Employed,0.5,"$53,987.86",732,2014-01-28
CUST100191,  David  ,Jimenez,1976-03-03,50,WA,BR104,garciarobert@example.net,+1-901-799-4883,Self-Employed,0.1,75793.04,708,2017-02-21
CUST102073,Calvin,Rodriguez,1963-04-15,63,NJ,BR105,shirleypatterson@example.com,8723592501,Employed,6.5,82303.11,774,2016-12-03
CUST100424,Molly,Jones,1996-09-24,29,MO,BR111,brettbraun@example.org,(812)998-3381,Employed,2.0,,681,2016-05-15
CUST100048,Nicholas,Thomas,1973-01-07,53,OH,BR111,yknight@example.org,(421)596-9379,Self-Employed,6.0,50812.16,699,2018-08-08
CUST100619,Matthew,Mcdaniel,1997-08-02,29,TN,BR108,jamesrodriguez@example.org,548.445.8714,Employed,3.2,51925.49,715,2016-07-21
CUST101491,Betty,Gutierrez,1952-01-09,74,AZ,BR101,zacharywillis@example.com,815-305-0969,Self-Employed,6.6,"$26,330.82",670,2022-08-17
CUST101658,Brian,Yu,1995-08-20,31,CA,BR111,alyssa73@example.net,(577)397-3982x455,Employed,0.3,41361.08,666,2017-04-25
CUST102474,Erin,Miller,1988-03-13,38,CO,BR106,duncanbradley@example.net,674-897-3111,EMPLOYED,11.8,62794.11,751,2015-04-15
CUST102187,Tony,Williams,1971-05-28,55,WA,BR106,russell31@example.com,(450)203-9455x8464,self-employed,2.8,191.91,604,2013-03-07
CUST100794,  Natasha  ,Avila,1971-09-29,54,AZ,BR104,michealhardy@example.net,(631)244-1706x46255,Employed,19.2,51871.12,699,2014-07-04
CUST100679,Theresa,Beck,1996-08-17,30,WI,BR105,reginadavis@example.org,(967)467-2095,Self-Employed,1.3,63256.34,799,2018-05-25
CUST102318,Gabriel,Frey,1967-04-26,59,GA,BR105,jamesle@example.org,885.422.3590,Employed,7.5,74769.66,689,2018-12-18
CUST100580,Christian,Booker,1993-09-23,32,WA,BR105,williamgonzales@example.net,754.381.3866x6754,employed,14.0,62929.59,711,2024-11-25
CUST101860,Connor,Alvarado,2000-10-30,25,TX,BR105,francisbrenda@example.org,+1-416-845-7527x54283,Employed,2.0,75695.51,702,2019-01-12
CUST101720,Matthew,Leon,1987-03-04,39,FL,BR101,smithmarissa@example.net,4517097247,Employed,6.2,92560.61,742,2015-11-06
CUST100151,  Alec  ,Rogers,1987-06-02,39,GA,BR110,usweeney@example.com,338-236-7024,self-employed,16.7,69134.38,684,2025-06-20
CUST100481,Nicholas,Johnson,1987-06-05,39,IL,BR103,swatson@example.org,+1-891-479-2025x21310,Employed,9.5,67203.32,738,2023-02-21
CUST101030,Kimberly,Larsen,1986-02-04,40,IL,BR110,browntimothy@example.net,612-824-8709x8726,Employed,0.3,74714.84,712,2014-10-11
CUST100576,James,Mendez,1972-03-31,54,OH,BR104,,452.428.7056,employed,5.1,44702.03,666,2018-09-28
CUST101325,Lucas,Davis,1989-04-12,37,AZ,BR110,drobinson@example.net,807.696.8590,Employed,1.5,80757.48,762,2017-02-16
CUST102154,Robert,Jones,1984-12-29,41,MA,BR111,edwardroy@example.net,408.678.8477,Employed,13.1,98584.14,805,2023-04-29
CUST100039,  Kaitlyn  ,Carroll,1951-01-12,75,CA,BR109,scott74@example.net,(248)387-7190x6594,Unemployed,0.0,12053.05,593,2015-02-20
CUST102206,Timothy,Moody,1976-03-08,50,WA,BR100,jessicacollins@example.com,856-847-3116x88592,Employed,8.6,,759,2015-03-05
CUST101920,Kyle,Jones,2008-02-19,18,IN,BR102,bakermichele@example.com,+1-367-412-6572,Employed,0.0,40152.73,718,2024-04-08
CUST100383,Hector,Smith,1990-08-29,36,TX,BR104,johnthornton@example.net,418.895.6907x056,Employed,10.1,71346.13,696,2012-01-31
CUST101370,Jason,Brown,1981-02-18,45,FL,BR100,jessica26@example.com,,Employed,4.4,64083.46,679,2020-07-27
CUST100994,Reginald,Cruz,1980-09-04,46,IL,BR106,cherylgomez@example.org,(457)734-9899,Self Employed,7.4,69334.88,753,2016-08-03
CUST101810,Anthony,Burton,1966-02-02,60,OH,BR101,bethanycox@example.org,433-363-1409,Self-Employed,4.7,66542.64,688,2014-03-25
CUST100937,Joseph,Rivera,1983-04-15,43,IL,BR105,tmorales@example.net,853-353-6597x466,Self-Employed,0.9,"$67,574.81",711,2018-02-25
CUST100413,Douglas,Brown,2007-09-24,18,IN,BR104,pjacobs@example.net,497-877-9014x75469,Employed,0.0,61850.3,696,2015-06-10
CUST101844,  David  ,Ramirez,1981-08-07,45,MO,BR108,bruce59@example.net,956.953.5243,SELF-EMPLOYED,0.9,112779.92,761,2023-02-12
CUST101465,Rachael,Wright,2008-03-11,18,AZ,BR104,johnsonbrian@example.com,501.277.3759x493,Employed,0.0,26126.28,654,2018-05-08
CUST102025,Michael,Wood,1988-09-21,38,OH,BR109,pmarsh@example.com,(941)330-2286,Employed,2.7,2146.1,685,2012-07-14
CUST101998,Billy,Johnson,1973-10-04,52,CO,BR100,jason80@example.com,001-388-967-2514x096,EMPLOYED,3.3,40297.95,673,2012-06-25
CUST100122,Ricky,Johnson,1970-04-12,56,MA,BR105,angela99@example.com,(404)666-1839x8262,Employed,1.9,26528.91,708,2016-03-19
CUST100349,Kevin,Johnston,1981-12-04,44,MO,BR102,moorezachary@example.net,001-329-865-7724x29543,Self-Employed,10.5,42175.92,698,2017-03-17
CUST100916,Michael,Paul,1993-10-10,32,MI,BR103,dawn31@example.org,3642934039,Employed,14.0,68486.3,733,2015-11-11
CUST100826,Omar,Miller,2004-03-05,22,WI,BR109,,498.776.8299x6872,Employed,4.0,72361.42,724,2030-01-01
CUST101757,David,Smith,1961-10-21,64,IL,BR111,pacejasmine@example.org,+1-492-407-4595,Employed,0.2,15705.55,639,2018-04-28
CUST101705,Jessica,Lopez,1956-03-28,70,IN,BR107,shannon56@example.org,+1-743-739-1686x708,retired,0.0,,737,2011-12-21
CUST101454,Stephanie,Lopez,1974-07-28,52,MO,BR106,hopkinsapril@example.net,8418828051,Employed,16.4,64603.1,711,2018-02-27
CUST100522,Maria,Turner,1970-03-08,56,IN,BR100,patricia97@example.org,880-726-3257x039,Self-Employed,5.8,116750.42,742,2014-10-20
CUST101984,Ellen,Smith,1981-07-18,45,TX,BR102,kbright@example.net,(719)960-8787,Employed,6.7,57992.45,670,2019-03-31
CUST100896,Patrick,Davis,1981-11-30,44,TN,BR102,loweryjoe@example.net,753-619-8074x6823,Employed,5.5,40494.22,722,2017-10-26
CUST101382,Eric,Byrd,1976-02-04,210,VA,BR109,kerry49@example.org,631-964-9828x38597,Employed,3.4,,782,2018-05-12
CUST100112,Carrie,Russo,1989-05-25,37,IL,BR100,lindamatthews@example.net,+1-337-935-4033,Employed,1.0,22422.79,683,2025-05-13
CUST101826,Michelle,Chandler,1980-11-10,45,MO,BR111,williamsonmichael@example.net,+1-928-448-9873x5872,Unemployed,0.0,1080.34,547,2020-12-18
CUST102404,Troy,Orr,1985-11-03,40,NC,BR105,johnbrown@example.org,415.658.6026x4236,Employed,4.1,,698,2016-10-11
CUST102013,Brian,Sanders,1988-02-08,38,NY,BR104,robertzhang@example.org,(447)889-2251,Employed,8.1,"$31,851.56",732,2026-01-26
CUST102215,Barbara,Cruz,2007-10-15,18,WI,BR103,cooleyjoshua@example.org,(580)844-7120,Employed,0.0,58261.05,650,2013-08-20
CUST100278,Anita,Garcia,1979-09-06,47,TX,BR106,andrea42@example.net,,employed,11.3,81717.57,773,2013-04-21
CUST102164,Tonya,Ramos,1994-07-23,32,FL,BR108,eterry@example.org,+1-759-742-6823,Unemployed,0.0,10567.09,647,2015-08-30
CUST100882,Keith,Rodriguez,1981-01-22,45,WA,BR111,cassandra53@example.org,9628212242,Employed,0.8,80808.73,788,2026-02-09
CUST100737,James,Marquez,1963-07-13,63,NY,BR106,mejiajoseph@example.org,+1-517-285-2282,Retired,0.0,44754.57,677,2016-07-30
CUST100878,Larry,Stafford,1976-02-08,50,MO,BR106,murphybrianna@example.com,+1-701-319-2920x75360,Employed,8.0,91511.08,743,2012-10-09
CUST101919,Emily,Burch,1985-10-31,40,OH,BR102,ruben43@example.org,721.988.7716x9916,Employed,5.8,2445.58,676,2014-06-04
CUST102175,Brian,Fisher,2007-10-30,18,MI,BR104,cynthiaward@example.net,262-850-9694x12352,employed,0.0,71035.54,686,2023-02-06
CUST102100,Bruce,Hernandez,1976-11-13,49,MI,BR106,morgan50@example.net,,Self-Employed,0.0,86869.5,681,2025-04-27
CUST101065,Alexis,Sharp,1979-01-04,47,PA,BR101,kristen78@example.org,4243432362,Employed,1.3,56720.17,670,2017-07-20
CUST101407,Holly,Smith,1966-08-20,60,MA,BR105,richmondjon@example.org,001-989-953-3768x41876,Employed,2.6,82833.22,748,2024-08-21
CUST100504,Timothy,Mendez,1966-09-19,60,MI,BR106,moorejudy@example.org,790.380.8823,Employed,12.1,57498.79,661,2025-02-16
CUST102165,Jonathan,French,1999-06-02,27,AZ,BR109,allencynthia@example.org,355-576-9415,Employed,4.5,87770.75,769,2021-01-04
CUST102107,Curtis,Johnson,1973-07-18,53,WI,BR106,vasquezcrystal@example.org,451-856-9933x276,Employed,8.9,51151.06,724,2020-02-08
CUST100693,John,Blackburn,1981-02-04,45,CO,BR107,reneeorr@example.net,548.559.5325x9399,Employed,5.8,62811.79,692,2019-01-05
CUST102493,Joshua,Garcia,1965-05-27,61,WA,BR107,thomas23@example.com,(907)241-9753,employed,2.4,99044.3,792,2025-10-16
CUST101170,Thomas,Hill,1975-11-24,50,NJ,BR100,williamsalexandria@example.com,468.424.0516x65451,Employed,6.6,34004.0,712,2025-01-10
CUST100158,Carla,Johnson,1973-10-01,52,FL,BR106,brian78@example.com,001-493-421-3348x03965,Employed,16.6,6510.48,644,2015-04-02
CUST101246,Eileen,Robles,1993-10-12,32,WI,BR101,moorejohn@example.net,567-787-0676,Employed,9.3,46585.11,699,2015-05-24
CUST101783,Charlotte,Mayer,1971-12-01,54,NY,BR103,shawn83@example.com,779-783-8713,Employed,13.7,"$32,119.34",775,2026-03-06
CUST100547,Brian,Bond,1980-09-09,46,IL,BR111,ysimpson@example.com,703.236.2680x408, Employed ,4.2,64207.07,756,2025-04-19
CUST100708,Bryan,Hammond,1965-10-08,60,New York,BR105,jennifer73@example.com,9435370096,Employed,1.3,82145.49,751,2022-05-26
CUST100003,Jacqueline,Sutton,1977-05-24,49,MA,BR108,,527.264.8350,Self Employed,2.2,44097.47,674,2023-09-25
CUST101197,Frank,Sanchez,1980-10-01,45,WI,BR110,bryan46@example.com,(742)860-1863x72631,Self-Employed,3.7,54216.05,730,2025-01-20
CUST100388,Michael,Chen,1965-02-07,61,IL,BR106,brandon89@example.org,616-912-8463x9855,Employed,11.7,,712,2015-10-18
CUST100560,Kenneth,Peterson,1982-10-27,43,New York,BR108,ymitchell@example.com,001-422-303-6849x95154,Employed,2.5,69130.21,730,2016-01-07
CUST101601,Kim,Hall,1973-12-12,52,GA,BR107,allison95@example.org,321-256-0387,Employed,3.6,48370.71,752,2019-07-01
CUST100835,Alison,Gates,1991-07-27,35,MO,BR110,richard25@example.net,001-466-905-9867x87442,Employed,7.5,65909.3,703,2022-04-04
CUST102361,Bryan,Chandler,2008-06-13,18,TN,BR100,markrhodes@example.org,+1-659-262-7838x77765,Employed,0.0,106344.32,745,2013-09-21
CUST101049,Arthur,Reed,1982-02-11,44,IL,BR106,crawfordhaley@example.org,635.336.4235x700,Unemployed,0.0,2937.24,550,2014-02-06
CUST101131,Christine,Fletcher,2004-09-26,21,NY,BR109,brianwhite@example.com,609.876.6919,Employed,2.3,0.0,668,2013-08-03
CUST100107,Molly,Knox,1980-02-08,46,PA,BR111,qmiller@example.net,(251)228-6823,Unemployed,0.0,17428.09,629,2026-04-27
CUST100476,Ronald,Hernandez,1981-09-30,44,WA,BR108,jeremiah61@example.com,(313)714-5195,Employed,5.1,90027.2,679,2025-07-01
CUST101576,Audrey,Peters,2008-05-19,18,TN,BR107,brandontaylor@example.com,(247)671-1588x2187,Employed,0.0,50530.21,728,2012-10-23
CUST101021,Christine,Bush,1991-12-19,34,FL,BR100,amy61@example.com,+1-747-731-5663x9792,Employed,0.9,72225.32,689,2023-07-04
CUST100427,Catherine,Jones,1973-02-05,53,WA,BR106,jennifergonzalez@example.org,8089576665,SELF-EMPLOYED,0.1,80105.32,714,2016-04-25
CUST101904,  Tamara  ,Butler,1971-01-01,55,IN,BR104,sgardner@example.com,532.716.5024x2389,Employed,2.2,72441.11,636,2015-09-10
CUST100391,Kevin,Robbins,1983-05-03,43,OH,BR107,tinacoffey@example.org,479-530-3614x987,Employed,1.5,51420.91,696,2021-07-26
CUST102142,James,Harris,2003-06-17,23,CO,BR100,xandrews@example.org,334-975-6196,UNEMPLOYED,0.0,19867.23,573,2017-05-20
CUST100895,Jacob,Thompson,1992-11-03,33,IL,BR104,smithheather@example.com,266.310.0898x761,,0.4,"$41,814.11",696,2023-12-04
CUST102467,Anna,Fowler,1993-06-10,33,FL,BR111,suzanne56@example.org,692-695-9099,employed,0.3,46689.2,734,2012-11-04
CUST101906,Jeffrey,Gonzalez,1964-12-16,61,VA,BR110,porterchristopher@example.com,001-655-441-2982,Employed,5.9,79535.98,689,2014-01-22
CUST101707,Danny,Rosario,2003-04-23,23,MI,BR107,,+1-596-799-1329,Employed,5.0,50561.98,715,2018-05-30
CUST101301,Catherine,Brown,1996-03-10,30,WI,BR103,kelly04@example.net,231-483-4369x531,Employed,0.9,80317.76,714,2021-08-20
CUST100062,  Lindsay  ,Bruce,1990-04-19,36,TX,BR110,lynchdiane@example.net,302-444-5502x296,Employed,0.3,66085.17,699,2022-10-11
CUST100713,Kristopher,Campos,1995-06-02,31,GA,BR103,marcia81@example.org,6009413211,EMPLOYED,13.0,54366.79,653,2025-11-29
CUST100752,Melissa,Moore,1995-03-09,31,OH,BR103,crawfordjeffrey@example.com,6658277584,Self-Employed,6.7,,643,2017-12-16
CUST101284,Kyle,Patterson,1991-07-26,35,NC,BR106,,9927449287,Unemployed,0.0,15769.83,534,2021-04-06
CUST101646,Nancy,Miller,1989-09-10,37,WI,BR100,griffithpaul@example.org,001-940-851-0265x838,Unemployed,0.0,2768.17,536,2014-10-18
CUST100057,Brianna,Smith,1997-07-06,29,OH,BR108,brian68@example.org,001-617-975-8917x8390,Employed,11.0,77390.92,739,2021-04-27
CUST100716,Cassandra,Harrison,1972-01-23,54,TN,BR101,kyle73@example.net,(810)229-0871x82749,Employed,2.1,35437.68,707,2015-07-02
CUST100986,  Kevin  ,Brown,1979-11-27,46,FL,BR103,frank48@example.org,947-489-1179,Self-Employed,0.9,67371.35,704,2024-01-14
CUST101889,Jacob,Frazier,1991-06-23,35,IN,BR104,clarkalexander@example.com,987.319.2497x2655,Employed,1.1,56736.81,707,2014-07-19
CUST100140,Aaron,Woods,1995-06-05,31,NJ,BR106,brittneystone@example.com,8053162713,Employed,13.0,49825.6,700,2022-08-16
CUST101521,Beth,Dennis,1964-09-12,62,MO,BR107,,361-905-1109x0070,SELF-EMPLOYED,7.5,101433.89,780,2020-01-03
CUST100377,Mark,Aguilar,1990-12-21,35,VA,BR101,shawn26@example.com,710-862-7371,Employed,7.5,120090.01,741,2020-07-01
CUST100718,Matthew,Vega,1997-11-27,28,PA,BR106,cperez@example.net,912-722-9907,Unemployed,0.0,,531,2023-07-29
CUST101602,Mark,Collins,2000-10-08,25,WA,BR105,patrick04@example.net,3373647476,Self-Employed,0.4,45198.81,680,2018-01-29
CUST100018,Francisco,Marsh,1973-12-17,52,NJ,BR103,nicolejohnson@example.net,563-542-1607x33754,self-employed,13.1,98687.2,703,2012-01-28
CUST101297,Whitney,Taylor,2005-02-09,21,IL,BR111,contrerasmaria@example.com,(826)441-2608x48187,Employed,3.0,44785.25,710,2011-12-07
CUST100144,Michelle,Carroll,1957-11-09,68,CA,BR104,,6918043006,Employed,2.3,106109.92,743,2018-01-16
CUST101034,Jake,Osborne,1969-03-09,57,IL,BR106,fjackson@example.org,986.490.8716, Employed ,0.5,76503.61,695,2014-06-29
CUST102396,Joyce,Stein,1969-08-21,-5,NY,BR109,brooksmatthew@example.net,995-552-9643x5221,Unemployed,0.0,,574,2013-08-20
CUST100366,Brent,Smith,1990-07-23,36,OH,BR102,fpetty@example.net,001-998-540-7678,Employed,5.0,68430.82,664,2022-05-19
CUST101734,Samuel,Watson,1967-03-14,59,MO,BR104,robinsontimothy@example.net,923-498-1893,Employed,23.0,51869.07,711,2012-05-06
CUST102483,  Todd  ,Hess,1981-06-21,45,IN,BR107,skinnerjenny@example.org,+1-322-908-2204x48435,,15.7,44783.09,617,2019-05-28
CUST101918,Michael,Conner,2001-04-30,25,IL,BR109,bailey73@example.net,(210)234-0573x6891,Employed,7.0,86857.6,659,2016-02-06
CUST102428,  Robert  ,Liu,1984-03-22,42,IL,BR111,jessicahodges@example.com,001-398-832-4072x8195,SELF-EMPLOYED,4.1,,709,2025-06-13
CUST100177,  Paul  ,Johnson,1986-02-21,40,CA,BR109,matthewreeves@example.net,+1-375-984-2824,Unemployed,0.0,13960.08,542,2013-08-19
CUST102278,Michael,Russell,1996-06-04,30,MA,BR107,corey91@example.org,+1-614-673-9129x8358,Employed,3.3,105327.6,700,2020-01-29
CUST102192,Rachael,Whitney,1983-05-09,43,IL,BR108,kevin35@example.com,427-629-4361x090,Employed,5.3,58437.16,660,2016-07-19
CUST100237,Ian,Roberts,1982-07-30,44,GA,BR101,rwilliamson@example.net,+1-673-450-2080x214,Employed,1.0,54574.09,732,2022-05-24
CUST101142,Tammie,Hansen,1990-03-25,36,CO,BR103,carlsonblake@example.net,001-819-891-8431x132,Employed,3.0,34596.59,739,2013-03-21
CUST102144,Aaron,Mccullough,1991-05-04,35,NC,BR104,ydavenport@example.net,428.479.2746,Employed,6.6,63914.87,691,2017-08-14
CUST100285,Michael,Callahan,1982-07-18,44,WI,BR106,youngjacqueline@example.com,+1-856-766-6832x7238,Employed,9.1,92367.2,740,2024-04-02
CUST101279,  Donald  ,Grant,1972-01-06,54,IN,BR100,burgessdonald@example.com,+1-937-965-0167x671,Employed,6.9,43437.07,709,2017-08-30
CUST102174,James,George,1983-07-10,43,MA,BR105,charles68@example.org,729.921.6298x60427,Employed,6.8,67915.66,737,2023-08-01
CUST102126,Michelle,Wyatt,1987-02-25,39,VA,BR101,richardsryan@example.com,+1-709-610-0916x659,Employed,2.8,98354.22,792,2016-10-16
CUST102263,Roger,Rice,1968-10-24,57,CA,BR107,christopher72@example.net,803.558.2172,Employed,4.0,80258.28,736,2021-12-11
CUST101396,Joshua,Melendez,1996-05-09,30,TN,BR105,henryparks@example.com,541-218-1851x367,employed,0.4,100508.31,715,2021-12-22
CUST100769,Jeffery,Erickson,1986-09-28,39,TN,BR100,joannshort@example.net,836.508.4937x83063,Unemployed,0.0,,604,2024-01-12
CUST102426,Brandon,Cain,1980-10-10,45,CA,BR111,alutz@example.net,260.547.0928,Employed,0.1,46334.43,656,2025-01-26
CUST100305,William,Marshall,1987-09-17,39,MI,BR108,joshualee@example.org,+1-977-222-0054x36459,Unemployed,0.0,17283.3,558,2013-04-12
CUST100545,  Kimberly  ,Carter,2008-08-31,18,NJ,BR102,alisonadams@example.net,+1-381-505-6974,Unemployed,0.0,17812.51,534,2025-04-30
CUST102260,Joseph,Little,2003-06-29,23,NJ,BR109,isingh@example.net,(675)979-0336x759, Employed ,5.0,28345.83,729,2025-08-15
CUST101970,Eric,Wright,1990-02-22,36,PA,BR111,charles77@example.org,001-329-918-4251x956,Self-Employed,3.6,,772,2018-03-23
CUST101364,Matthew,Snyder,1964-12-28,61,NY,BR111,jonathanlee@example.com,729-251-4520,Self-Employed,7.1,42386.83,624,2022-04-06
CUST102327,Julie,Lopez,1982-09-03,44,PA,BR104,frank64@example.net,847.587.0676x442,Employed,0.6,45276.29,728,2012-04-10
CUST101877,  Anthony  ,Hodge,1961-05-24,65,OH,BR105,sarajoseph@example.net,+1-911-820-9966,Retired,0.0,70002.86,734,2026-04-27
CUST102247,Courtney,Jordan,1987-09-30,38,MA,BR106,weberkimberly@example.com,001-897-637-2530x31584,Employed,20.0,55205.33,750,2015-02-14
CUST101338,  Alexandra  ,Flynn,1964-12-09,61,TN,BR105,zgarcia@example.com,(866)950-5188x601,Unemployed,0.0,16192.23,571,2021-08-08
CUST101135,Christy,Houston,1979-01-21,47,NJ,BR101,garzazachary@example.org,970.634.2444,self-employed,0.0,83408.4,728,2019-12-05
CUST100630,Lisa,Davis,1999-02-07,27,MO,BR104,,523-517-9556,Employed,9.0,53935.41,674,2026-06-03
CUST101902,Louis,Jones,1979-02-01,47,IN,BR107,fergusonmark@example.net,,Employed,2.2,24419.31,620,2022-08-18
CUST102120,Jimmy,Gross,1947-05-12,79,MA,BR106,jennifercampbell@example.org,675-662-4799,RETIRED,0.0,27176.09,792,2015-05-25
CUST102046,Howard,Chase,1996-06-14,30,TX,BR110,grantkristen@example.net,001-957-509-4391x37085,Employed,4.1,79806.64,718,2018-11-18
CUST102394,Gregory,Wagner,1993-08-13,33,GA,BR100,mbaker@example.net,2536890595,employed,0.7,,667,2014-02-19
CUST101316,Christian,Cooper,1951-05-31,75,WA,BR108,juliethomas@example.net,+1-612-270-6593x410,Employed,1.3,93576.01,734,2017-05-07
CUST102118,Stephen,Fitzgerald,1990-08-23,36,CO,BR106,paulwhite@example.org,980-666-6405,self-employed,8.1,27472.46,694,2015-01-16
CUST101252,Beth,Arellano,2005-09-06,21,CO,BR109,imurphy@example.com,520-762-7672, Employed ,3.0,49978.07,671,2022-03-14
CUST101012,Jill,Ramos,1968-03-21,58,MA,BR100,lmahoney@example.com,001-614-833-6299,Employed,2.9,52346.16,785,2021-02-08
CUST101103,Paul,Cox,1990-05-20,36,NY,BR100,wshannon@example.org,(334)994-2904x61755,,18.0,35435.87,739,2012-01-07
CUST100566,Darrell,Marshall,1972-05-21,54,FL,BR109,donna56@example.net,(577)896-3044,Employed,2.4,105658.58,775,2012-08-18
CUST101802,David,Harvey,2001-04-14,25,VA,BR109,michaeltodd@example.com,+1-639-222-9501x49628,,2.7,69481.19,650,2018-08-07
CUST101420,Glenn,Roth,1979-07-09,47,OH,BR111,ksexton@example.com,241-260-3328x8807,Employed,9.9,71510.49,769,2016-07-23
CUST101882,Brian,Small,1983-04-21,43,VA,BR102,hayesapril@example.com,267-634-7436x939,Employed,6.8,45967.94,750,2013-04-14
CUST102125,Nathan,Adams,1971-01-31,55,TX,BR100,hansenlarry@example.com,+1-214-392-6273x5060,Employed,0.2,32951.15,664,2013-12-09
CUST100568,Tammy,Bishop,1963-11-01,62,MO,BR105,cassidysmith@example.net,5617558108, Employed ,1.6,44203.4,701,2019-09-17
CUST101758,Robert,Olson,1989-08-27,37,CA,BR103,ian93@example.com,001-443-337-3278x396, Employed ,6.2,84983.21,726,2024-01-11
CUST101573,Alexander,Perry,1988-09-24,37,VA,BR109,wongsean@example.com,579-445-9235x1638,Employed,5.5,62456.45,759,2018-01-10
CUST102275,Zachary,Rivera,1968-05-02,58,VA,BR104,gutierrezgregory@example.com,(217)713-5284x547,Employed,0.9,117070.95,791,2011-10-30
CUST100222,Michael,Foster,1966-07-03,60,NJ,BR100,aprilmclaughlin@example.org,584-989-5543,Employed,2.7,69110.42,765,2025-08-05
CUST100651,Clarence,Dawson,1995-10-19,30,FL,BR100,jphelps@example.net,285-562-6149x91537, Employed ,12.0,90459.2,742,2019-11-24
CUST101759,Blake,Taylor,1969-01-25,57,California,BR107,burnskatherine@example.org,734-986-9653x715,Employed,8.3,77030.45,740,2015-06-07
CUST102466,Henry,Bailey,1985-09-30,40,WA,BR111,bhughes@example.net,+1-692-712-7462x133,Employed,16.4,,682,2020-05-01
CUST102365,Amber,Conway,1959-12-18,66,TX,BR109,michellestone@example.org,(783)644-3029x973,Retired,0.0,32060.12,666,2015-10-03
CUST100899,Michael,Hoffman,1968-05-04,58,GA,BR111,russellkelley@example.com,+1-826-989-9962,Employed,7.2,43143.98,758,2023-06-07
CUST100249,Lynn,Norris,2001-09-29,24,MA,BR105,samantha88@example.net,001-721-507-5224,Employed,0.8,102873.48,747,2015-03-14
CUST101589,Donna,Fernandez,1971-02-22,55,NC,BR102,tphillips@example.com,242-715-7837x9264,Employed,4.1,40762.6,693,2014-10-19
CUST101838,Christine,Perry,2003-08-26,23,MA,BR106,daniellerodriguez@example.org,7862149842,Unemployed,0.0,11261.58,511,2024-05-30
CUST102317,  Casey  ,Reese,1988-11-20,37,WI,BR111,rubenmatthews@example.com,398-697-7738x24382,UNEMPLOYED,0.0,14906.95,518,2018-03-03
CUST100461,Mark,Johnson,1978-02-22,48,CO,BR100,stacymoyer@example.com,867-487-2568,Employed,7.2,50760.92,738,2013-05-11
CUST102475,Anthony,Daniels,2008-02-24,18,IN,BR104,noblebrian@example.net,2452961974,Unemployed,0.0,15483.63,606,2024-05-10
CUST102000,Andrea,Diaz,1989-05-27,37,CO,BR111,jamesmark@example.com,(825)973-1253x6127,Employed,1.9,33555.95,639,2017-08-11
CUST101595,James,Harrison,1996-05-17,30,TN,BR109,drobinson@example.org,001-510-427-3663x2567,employed,12.0,81482.12,731,2014-04-05
CUST100183,Benjamin,Mcdowell,2008-05-17,18,WA,BR111,kelsey90@example.net,,Employed,0.0,,612,2022-03-12
CUST101419,Tanya,Berger,1993-10-25,32,WA,BR103,nbrandt@example.net,001-492-687-9872x87314,Employed,3.0,21697.87,745,2020-03-09
CUST100888,Raymond,Clark,1966-08-16,60,MO,BR108,deanna27@example.org,2382862175,Employed,14.5,0.0,655,2023-09-04
CUST100711,Erik,Lindsey,1972-07-22,54,MO,BR111,tiffanysparks@example.net,,Employed,4.5,37154.38,717,2021-12-05
CUST101927,Randy,Snyder,1978-02-18,48,NC,BR102,dylan07@example.org,(279)871-7635,Employed,17.9,47034.26,686,2024-10-01
CUST101266,Lisa,Mckinney,1993-05-12,33,OH,BR103,luisgolden@example.com,261-930-8730x8972,Employed,2.3,"$44,658.96",645,2023-02-22
CUST102249,Melinda,Allen,1980-04-21,46,CO,BR102,cynthia32@example.net,+1-626-920-5555x628,Employed,10.5,54213.01,723,2017-04-07
CUST100491,Clayton,Owens,1993-03-09,33,NY,BR104,,966-536-5155,Employed,3.7,28179.78,616,2022-03-14
CUST100653,Beverly,Burton,1969-07-28,57,PA,BR105,tfrancis@example.com,465-353-5851x253,Employed,6.1,58035.84,721,2026-05-11
CUST100727,Danielle,Harris,1988-08-07,38,WI,BR109,isaac75@example.org,(874)897-8524x9141,Employed,10.7,62978.01,710,2011-10-09
CUST102051,  Kayla  ,Garcia,1989-02-04,37,NJ,BR103,javierjohnson@example.org,(366)370-6331x1916,Self-Employed,4.2,57570.42,679,2026-06-25
CUST100123,Bryan,Hamilton,1997-03-20,29,GA,BR103,yevans@example.org,(843)779-9371x240,Employed,11.0,,661,2024-04-11
CUST101813,William,Strickland,1963-07-05,63,TX,BR105,watsoncharles@example.com,001-974-469-1170x8702,Employed,3.3,,764,2019-09-04
CUST100758,Steven,Wilkerson,1986-02-21,40,IN,BR107,sandradavenport@example.org,244.503.9464x083,Employed,4.3,47475.5,721,2025-12-04
CUST100617,Carmen,Evans,1999-04-25,27,MO,BR102,perkinsmichelle@example.org,001-773-999-7046x9472,Employed,9.0,81663.71,683,2019-05-24
CUST100685,Dominic,Hardin,1988-10-12,37,WI,BR109,lopezjennifer@example.org,5639301658,Employed,2.0,127094.63,784,2023-12-02
CUST100561,Jeffrey,Jackson,1988-03-18,38,NY,BR108,vanessa13@example.net,521-238-8209x088,,0.0,,590,2019-01-04
CUST100764,Shawn,Smith,1990-10-07,35,MI,BR111,andre55@example.com,001-905-971-2198x8192,Employed,1.5,72968.57,788,2019-12-25
CUST100106,Lisa,Reese,2008-02-13,18,IL,BR110,williamsmelvin@example.org,+1-801-770-4622,Employed,0.0,50330.37,623,2026-07-15
CUST101796,Melanie,Hunter,1973-03-26,53,NC,BR109,udorsey@example.net,210.293.3853x0009,Employed,2.4,0.0,654,2021-08-26
CUST101225,Candice,Hamilton,1985-10-10,40,FL,BR101,paulrussell@example.com,(952)352-7410x254,Employed,22.0,95660.15,753,2025-08-29
CUST101689,John,Hooper,1974-02-02,52,GA,BR108,kathrynsmith@example.com,001-654-537-0098x416,Employed,21.0,59896.22,732,2018-06-13
CUST100772,Maria,Smith,1978-06-10,48,WA,BR107,petersonsergio@example.org,001-715-556-6847x3236,Unemployed,0.0,8132.98,565,2024-09-13
CUST102054,Sarah,Sanchez,1995-04-13,31,IL,BR102,natasha50@example.com,429-290-5367x91207,Employed,2.0,50879.52,703,2020-12-28
CUST102363,Johnathan,Craig,1978-02-03,48,WA,BR109,alexander49@example.net,293.697.5955x36422, Employed ,13.3,34957.75,621,2018-04-04
CUST100154,  Christopher  ,Wright,1977-01-19,49,NY,BR107,randy04@example.com,(306)478-8317,Employed,5.2,90907.94,776,2013-07-14
CUST102169,  Kaitlyn  ,Ray,1980-03-30,46,GA,BR111,bjohnson@example.org,+1-458-873-6080x5582,Self-Employed,8.6,63306.58,717,2013-11-12
CUST101169,Christopher,Morales,2007-11-12,18,IL,BR105,garciamarcus@example.com,001-778-364-5786x5557,Employed,0.0,88230.3,761,2026-07-06
CUST101982,Billy,Maxwell,1995-07-16,31,MO,BR103,morrisalexander@example.com,(317)536-5854x059,,8.6,30522.26,712,2015-11-10
CUST101790,Kevin,French,1989-12-29,36,CA,BR111,johnsonchristine@example.com,,Employed,7.2,62921.73,658,2015-07-24
CUST101677,Sabrina,Walsh,1974-06-17,52,IN,BR107,qpearson@example.net,694-836-3270x561,Unemployed,0.0,3799.88,585,2017-01-08
CUST100787,Charles,Le,1987-05-08,39,TX,BR103,rojasmarc@example.org,+1-345-500-0000x15291,Employed,1.9,103880.23,755,2018-11-23
CUST101238,Katie,Hill,1988-03-27,38,AZ,BR103,,001-255-836-9158x5574,Employed,20.0,46764.43,659,2014-04-27
CUST100310,William,Simmons,1980-06-16,46,NY,BR104,zmendoza@example.net,477-731-8063,Self_Employed,8.0,101055.45,729,2016-02-19
CUST100127,Paula,Herrera,2008-01-31,18,MO,BR105,rodriguezjohn@example.net,(529)509-6561x014,Employed,0.0,61349.31,701,2018-05-17
CUST101873,  Steven  ,Crawford,1962-12-31,63,IN,BR103,autumn36@example.net,465-876-5282,Unemployed,0.0,20047.14,542,2013-05-05
CUST102332,Sarah,Wells,1975-06-11,51,MO,BR102,calvinosborne@example.net,(711)551-1162x7143,employed,9.3,61822.64,803,2015-08-26
CUST100659,Tina,Brown,1976-04-30,50,TX,BR100,cody08@example.org,4565409951,Employed,1.6,50922.66,721,2021-03-21
CUST101871,Haley,Wade,1970-01-25,56,OH,BR107,kellereric@example.com,001-752-875-6719x5030,Employed,3.6,"$57,493.86",711,2019-03-15
CUST100664,Allison,Williams,1984-06-03,42,WA,BR105,parkerbriana@example.net,+1-525-708-0046,Employed,1.6,83309.74,784,2026-02-08
CUST102063,Caitlin,Page,1989-08-28,37,New York,BR106,ugoodman@example.net,,employed,3.5,62351.86,730,2016-10-16
CUST100043,Christopher,Gay,1973-04-11,53,TN,BR101,murraydavid@example.org,448.346.7737x8263,employed,8.2,68545.66,687,2015-11-05
CUST100456,Whitney,Barron,1997-03-28,29,NC,BR103,sullivanchristina@example.net,9684538909,EMPLOYED,8.7,50875.85,678,2021-10-14
CUST102122,Danny,Ramos,1985-09-26,40,WI,BR107,richard62@example.org,+1-697-785-6525x542,Employed,1.4,46093.17,746,2020-02-10
CUST101794,Christopher,Roberts,00/00/0000,25,OH,BR109,christopherstevenson@example.com,+1-622-506-5910x04436,Employed,7.0,103940.08,749,2017-07-29
CUST101856,Samantha,Cooper,1996-07-19,30,AZ,BR106,moorejoy@example.com,393.677.1258x28488,Employed,4.2,85980.18,736,2024-02-09
CUST100987,Chelsea,Davila,1980-02-17,46,WI,BR111,barbara81@example.net,(883)818-0036,Employed,11.7,95279.24,775,2012-01-14
CUST100201,Martin,Ward,1974-12-08,51,CO,BR111,stephaniemontgomery@example.com,+1-201-757-3993,Employed,0.1,51802.16,732,2017-05-31
CUST102479,Robert,Harvey,1997-10-14,28,TX,BR101,oliviaperry@example.net,456-994-9060,Employed,1.7,81309.76,804,2018-01-22
CUST102480,Gene,Perez,1990-09-29,35,CA,BR102,barrettanthony@example.net,001-745-896-9157x34943,Employed,4.9,47696.74,675,2014-09-18
CUST101668,  Brandy  ,Walker,1970-04-21,56,TN,BR109,xeaton@example.net,+1-731-760-8988x85010,Unemployed,0.0,7541.71,570,2023-07-06
CUST101003,Carolyn,Hurley,1961-12-23,64,TN,BR105,qwebb@example.com,(886)952-4062x21559,Employed,1.5,100381.37,748,2013-10-07
CUST101436,Autumn,Matthews,1969-12-15,56,IN,BR104,luis39@example.org,,Employed,4.5,"$69,467.88",676,2015-05-25
CUST100206,Rebecca,Cooper,2004-06-21,22,GA,BR101,gwhitehead@example.org,(223)994-3129, Employed ,3.1,43240.58,652,2021-05-04
CUST102180,  Misty  ,Snyder,2003-06-05,23,IL,BR106,alicia81@example.org,+1-359-820-6304,self-employed,3.9,65054.06,651,2016-11-08
CUST101725,Michael,Carr,1962-08-20,64,MI,BR103,andrea54@example.net,(225)795-5133,Self-Employed,1.7,87187.33,703,2020-11-09
CUST100365,Ryan,Garrett,1990-05-17,36,NJ,BR111,christophercarrillo@example.org,560.612.2777x0793,Self-Employed,0.6,46983.27,659,2020-03-20
CUST102268,Elizabeth,Wright,1978-11-19,47,NJ,BR103,bsingh@example.org,509-450-7151x996,self-employed,5.7,67739.1,689,2015-01-22
CUST102382,David,Stout,1995-06-04,31,IN,BR105,tiffany48@example.net,360.390.1680,Employed,4.1,112170.12,747,2016-10-19
CUST101580,Ashley,Bright,1992-12-09,33,IN,BR100,tbrown@example.com,001-982-210-0370x90703,Employed,1.0,69416.39,669,2019-08-06
CUST100643,  Michael  ,Perez,1990-12-21,35,TX,BR102,donald61@example.net,001-392-937-2450x1848,Employed,17.0,50816.03,643,2015-03-10
CUST100275,Shannon,Sampson,1987-12-17,38,MA,BR111,aliciathompson@example.com,5317780782,Employed,11.3,110739.85,778,2025-07-02
CUST100688,  Bryan  ,Snyder,1959-11-20,66,WA,BR102,harveylisa@example.org,+1-970-715-9591x94575,Self-Employed,7.3,69688.43,720,2019-03-06
CUST101017,Christopher,Sanchez,1990-11-02,35,NC,BR101,fflowers@example.com,490-809-9217x79055,Employed,0.5,43667.91,669,2025-07-08
CUST101150,Ann,Higgins,1974-09-27,51,IN,BR105,wbailey@example.net,744.456.6229,Unemployed,0.0,12249.45,592,2013-07-25
CUST101988,Mary,Bernard,1990-04-23,36,CO,BR110,zmartin@example.net,581-298-7088x40755,Employed,7.8,14360.87,713,2017-02-28
CUST100746,  Lisa  ,Cooper,1981-05-24,45,FL,BR110,melissa49@example.net,+1-555-582-9849,self-employed,21.8,82610.32,763,2023-11-18
CUST102285,Martin,Mack,1957-02-18,69,MA,BR104,kirkjackson@example.com,389.287.4955,Retired,0.0,26347.92,707,2020-10-24
CUST101863,Charles,Hernandez,1977-02-04,49,WA,BR107,elawson@example.net,(912)669-7486,Employed,1.3,57068.06,682,2019-07-25
CUST101971,Michael,Grant,1984-09-17,42,MI,BR104,ericschwartz@example.com,(485)487-0630,Employed,0.3,93892.6,761,2019-11-19
CUST100978,Luke,Cochran,1991-02-06,35,TN,BR108,mhorn@example.org,001-908-733-4447x0488,Employed,2.2,27130.44,702,2011-11-24
CUST102411,Taylor,Walters,1964-10-30,61,NC,BR110,ryan26@example.com,(243)474-2822,Self_Employed,1.7,38229.29,739,2013-08-15
CUST100482,Donald,Rose,1955-03-12,71,NC,BR103,theodore57@example.net,001-804-812-0092x820,Retired,0.0,,700,2021-11-12
CUST100546,Abigail,Torres,1984-07-25,42,MI,BR107,davidhardy@example.org,6378710704,EMPLOYED,3.1,71211.8,694,2016-03-15
CUST102016,Thomas,Gonzalez,1989-09-05,37,WA,BR111,rmiller@example.org,001-703-890-9200,Employed,0.8,80185.81,717,2014-05-13
CUST101776,Cynthia,Taylor,1963-11-23,62,TX,BR110,barbararichards@example.net,(415)290-0713,Employed,4.2,66691.99,750,2016-01-16
CUST100234,Mary,Johnson,1965-11-08,60,VA,BR106,michelle57@example.com,+1-948-872-8299,Employed,8.3,49160.6,729,2019-07-14
CUST101410,  Brett  ,Wheeler,1986-11-20,39,CO,BR107,lisa47@example.com,911-707-9764,SE,4.0,30136.24,718,2016-01-18
CUST101636,Melissa,Lee,1962-07-06,64,GA,BR109,fraziertracy@example.com,350-701-1139,retired,0.0,28750.17,650,2016-04-26
CUST101922,Jason,Nolan,1978-07-09,48,PA,BR105,davidflores@example.net,(270)271-6944x8144,unemployed,0.0,18176.39,581,2012-08-09
CUST100902,Michael,Dixon,1998-07-05,28,WA,BR105,murraystephen@example.net,427-646-9211,Employed,7.9,95980.01,786,2013-02-03
CUST101254,Sarah,Lyons,2008-07-31,18,TX,BR111,mitchellmichael@example.com,001-497-325-1840x7033,Employed,0.0,0.0,708,2016-02-02
CUST100968,Kevin,Alvarado,1970-10-31,55,MA,BR109,sgordon@example.net,+1-368-900-8529x46902,Employed,18.9,79707.14,736,2018-04-05
CUST100831,Tracy,Baker,1987-09-04,39,TN,BR111,jherring@example.com,6953744303,Self-Employed,4.0,77640.3,696,2024-10-25
CUST100131,Tracy,Church,1967-05-24,59,NJ,BR106,candice96@example.net,355-479-2499,Employed,0.3,106769.16,758,2016-05-24
CUST100649,Kimberly,Jackson,1988-06-23,38,NJ,BR103,vgates@example.com,+1-883-554-1165x972,Employed,7.3,107509.75,800,2015-09-03
CUST101277,Sandra,Mccarthy,1990-12-14,35,OH,BR103,fbutler@example.org,001-666-928-0812x26815,Self_Employed,4.0,105780.1,735,2025-01-23
CUST100224,Stephen,Murray,1983-09-07,43,VA,BR104,olsonjonathan@example.com,+1-833-756-5880x4341,Employed,19.6,91702.49,785,2012-11-09
CUST101842,Jessica,Nichols,1992-04-30,34,GA,BR103,adam43@example.net,8358602858,Employed,11.7,45260.92,644,2018-01-26
CUST101086,Shirley,Macias,1982-07-02,44,PA,BR103,christineramirez@example.net,001-509-432-2533,Self-Employed,20.3,48201.3,747,2011-10-27
CUST101125,Edwin,Gonzalez,1985-02-15,41,PA,BR100,jerryjohnson@example.com,999.486.4912x594,Employed,8.7,61428.82,749,2013-09-26
CUST102402,Kimberly,Reid,1997-05-20,29,NJ,BR107,brandonjones@example.com,5423259332,Employed,3.1,122264.09,764,2023-10-12
CUST100300,  Matthew  ,Morgan,1985-09-27,40,CO,BR103,sullivanjason@example.net,+1-287-582-9310x27079,Employed,19.0,37091.17,696,2022-03-09
CUST102077,Anthony,Lopez,1975-05-18,51,CO,BR109,annabullock@example.org,(596)966-9423x943,Self-Employed,28.7,30825.39,652,2017-01-19
CUST100260,  Dustin  ,Fitzpatrick,1973-09-13,53,MI,BR109,lonniegrant@example.net,925-620-5664,Unemployed,0.0,12760.6,571,2013-12-28
CUST100223,Jose,Russell,1981-04-19,45,NJ,BR102,hansenwesley@example.com,984-589-4769,Employed,0.2,28913.95,710,2023-01-09
CUST101932,Angela,Jones,1991-09-26,34,VA,BR101,,736-778-8645,Employed,4.4,35361.42,729,2013-09-17
CUST101079,Eric,Ware,1985-07-03,41,TN,BR105,daniel48@example.com,001-283-505-2169,Employed,6.7,64468.44,734,2020-06-11
CUST100479,John,Barnes,1962-05-18,64,FL,BR108,fryan@example.net,+1-336-519-6893,Retired,0.0,25826.97,719,2017-02-12
CUST102377,Joshua,Dillon,1991-07-05,35,MA,BR111,,892-947-4350,Employed,17.0,60312.8,638,2019-10-20
CUST101653,Adrian,Carter,1992-05-31,34,MA,BR110,christine72@example.net,8906317883,Unemployed,0.0,,595,2015-05-22
CUST101211,Jennifer,Estrada,1979-02-12,47,WA,BR109,jared96@example.org,001-798-953-2436x79241,Employed,2.6,87364.06,694,2012-12-10
CUST100512,Miguel,Leach,1977-08-17,49,WA,BR102,villamiranda@example.com,6104414596, Unemployed ,0.0,14038.53,579,2025-07-09
CUST100919,Scott,Baker,2008-02-10,18,CO,BR107,wendymason@example.net,+1-923-839-4495x30067,Employed,0.0,81733.81,722,2023-01-16
CUST100870,David,Conway,1980-12-14,45,NJ,BR106,tylerrodney@example.com,(307)983-2748x83565,Self_Employed,11.4,28363.8,664,2020-05-23
CUST100410,Stephanie,Rivera,1984-11-17,41,VA,BR108,nbaird@example.com,686-337-1597,Employed,0.6,98122.62,741,2014-04-13
CUST100411,Gregory,Serrano,1990-05-26,36,MA,BR108,mjohnson@example.org,(743)834-8170x5802,Employed,10.9,82106.07,763,2017-07-23
CUST100874,  Danielle  ,Martin,1963-09-17,63,NY,BR105,jenniferrodriguez@example.org,760.252.3045x8816,Retired,0.0,61413.7,696,2025-04-19
CUST100262,Thomas,Martin,1986-02-10,40,OH,BR110,antonioduran@example.org,563-833-1279x757,employed,22.0,93049.69,751,2017-10-06
CUST101911,Leslie,Hawkins,1986-10-02,39,GA,BR102,stevenjackson@example.org,+1-907-344-4793x911,Unemployed,0.0,16057.56,633,2018-12-13
CUST101828,Erica,Wright,2007-12-28,18,AZ,BR101,luisblake@example.net,(923)591-8867x622,Employed,0.0,33627.38,701,2016-09-12
CUST102216,Kyle,Rivera,1970-04-10,56,NY,BR108,jasonwest@example.net,+1-261-873-2776,Employed,12.8,46435.54,744,2026-04-04
CUST102449,Kayla,Evans,1997-06-04,29,PA,BR107,christopherprince@example.net,842-915-4409,Employed,8.6,131003.41,773,2024-04-17
CUST101375,Ryan,Tanner,1978-07-03,48,PA,BR101,malexander@example.com,300.893.5820,Self-Employed,11.0,60535.55,679,2023-06-04
CUST100726,Margaret,Holmes,1980-01-12,46,MI,BR100,mramirez@example.com,+1-439-324-3588x53798,Employed,28.0,72208.86,692,2022-07-14
CUST101004,Kayla,Lopez,1978-08-28,48,NY,BR111,davidsmith@example.org,647.604.7476,Employed,3.8,91814.06,688,2021-12-09
CUST101133,Ashley,Spence,1993-04-02,33,OH,BR110,katherinepearson@example.net,+1-540-943-4741x2531,unemployed,0.0,16964.38,486,2021-07-29
CUST100801,Bailey,Rodriguez,1962-05-13,64,PA,BR108,jeremiah68@example.com,509-926-3223x99821,Retired,0.0,37248.03,637,2015-10-29
CUST102135,Aaron,Day,1977-04-26,49,TN,BR109,kelliott@example.org,(584)634-5651x234,Employed,17.9,40438.4,707,2015-10-30
CUST100129,Luis,Evans,1987-06-03,39,NC,BR100,johnsonmatthew@example.org,+1-423-882-8258x67362,Employed,1.4,79968.33,756,2017-08-16
CUST101259,Pamela,Smith,1957-05-18,69,MA,BR105,nolankelly@example.org,358.208.0388x9044,Retired,0.0,29703.38,719,2015-12-05
CUST100509,Troy,Williams,1993-10-10,32,CO,BR102,robert17@example.org,+1-659-463-9040x907,Self Employed,5.6,91309.07,679,2024-04-12
CUST100408,Stephanie,Grimes,1983-09-18,43,AZ,BR108,jeremycurry@example.com,589.887.7515,Employed,5.8,46113.63,775,2023-03-19
CUST100724,Anthony,Jones,1980-02-27,46,PA,BR100,bushkimberly@example.net,7546647548,Employed,2.0,72220.05,703,2024-06-25
CUST100455,Kevin,Townsend,1967-10-23,58,TN,BR109,walterschase@example.org,829-401-4870,Employed,12.3,61629.6,648,2018-11-17
CUST102160,Ronald,Gregory,2003-07-27,23,WA,BR107,,441-266-6117x7294,Employed,1.8,52524.67,770,2017-10-29
CUST102374,Kevin,Powell,1962-01-23,64,CA,BR104,kayla91@example.com,,Retired,0.0,48357.05,668,2011-10-02
CUST101632,Paige,Daniels,1965-02-13,61,PA,BR110,,735-384-9811x846,Unemployed,0.0,16883.11,685,2014-01-08
CUST100610,Debra,Patterson,1989-03-27,37,NJ,BR110,garciamelanie@example.net,001-912-956-5237x34151,Self-Employed,1.4,0.0,600,2022-12-13
CUST100678,Regina,Silva,1999-02-01,27,CO,BR111,talvarez@example.org,941-682-2261x8962,Employed,4.9,28552.31,669,2022-01-06
CUST102364,Nicole,Simpson,1994-01-21,32,MA,BR105,thoward@example.net,990.218.7692, Self-Employed ,2.3,86678.07,739,2015-10-16
CUST100372,Justin,Jackson,1985-03-13,41,GA,BR110,nathan65@example.net,+1-932-486-3266x67850,self-employed,0.7,75378.74,644,2023-03-19
CUST102075,Vanessa,Andrews,1972-11-25,53,VA,BR107,katherineramirez@example.com,380-316-9599,Employed,2.6,90370.63,771,2021-05-05
CUST102088,Robert,Boone,1975-05-01,51,WI,BR107,roberta56@example.org,875-304-2246x40694,Unemployed,0.0,22351.53,604,2023-05-14
CUST101617,Travis,Sutton,1993-03-22,33,MO,BR108,moorepenny@example.com,(731)425-2423,Employed,15.0,39506.44,672,2016-10-26
CUST100076,Jeffrey,Flores,1996-10-21,29,IL,BR103,,(304)272-7790,Employed,0.5,76014.69,713,2015-07-17
CUST101505,Devon,Underwood,1964-09-21,62,MI,BR109,kedwards@example.com,255.514.9724,Self Employed,0.6,41404.68,686,2013-10-21
CUST101567,Curtis,Hughes,1977-02-08,49,GA,BR108,heathnatalie@example.org,689-826-0555,Employed,26.1,47117.93,698,2026-03-19
CUST100045,  Tina  ,Allen,1974-08-05,52,TN,BR108,xhall@example.com,7573662702,Employed,7.3,94123.49,722,2024-10-06
CUST100301,Gerald,Williams,2007-11-08,18,MI,BR108,,(391)511-7993,Employed,0.0,87824.52,735,2018-01-30
CUST101462,Samantha,Fox,1973-04-21,53,OH,BR104,munozjerry@example.net,,,1.4,34890.22,672,2024-02-27
CUST100735,  Jeremy  ,Richardson,1964-12-24,61,OH,BR102,timothy23@example.net,+1-289-683-0650x3121,Employed,8.4,115027.27,774,2012-11-26
CUST102439,Hannah,Thomas,1998-09-08,28,CA,BR101,ileblanc@example.net,+1-894-358-0284x5718,Employed,4.6,101101.15,722,2023-01-04
CUST101899,Rebecca,Edwards,1997-04-07,29,IN,BR111,susan34@example.com,(608)882-3092x5872,Unemployed,0.0,23632.14,632,2018-09-08
CUST100214,Ashley,Brown,1984-10-06,41,MA,BR111,sandra86@example.net,001-404-513-7977, Self-Employed ,1.2,76620.16,750,2024-02-10
CUST101260,Caleb,Sullivan,1988-12-30,37,AZ,BR109,charles35@example.org,214.383.7475x58030,Employed,18.3,33881.26,666,2025-06-24
CUST102213,  Deborah  ,Murphy,1975-12-12,50,MA,BR111,shellycowan@example.net,(527)781-4695,,19.5,43537.06,671,2015-05-19
CUST101952,Christina,Anderson,1996-12-13,29,WA,BR104,michaelduran@example.com,727.474.5750x218,Employed,11.0,39745.56,658,2013-02-11
CUST101342,Donald,Dunn,1989-07-29,37,IN,BR102,fburke@example.net,,Employed,0.6,85609.12,700,2017-07-02
CUST100423,Abigail,Madden,1981-06-26,45,FL,BR110,karen35@example.com,738.403.3968,employed,22.0,83918.09,780,2018-04-28
CUST100327,  Lori  ,Mclean,1981-10-19,44,MA,BR100,sbailey@example.com,(579)485-2401,Employed,2.1,68172.38,690,2024-07-03
CUST100100,Mary,French,1985-10-05,40,FL,BR111,sharonhayden@example.com,9044991547,Employed,2.4,74444.5,714,2024-06-02
CUST101596,Justin,Wagner,1981-06-15,45,MO,BR108,anne91@example.com,+1-260-919-1090x48866,Employed,12.0,40671.37,666,2014-10-28
CUST101381,Catherine,Sanders,1982-12-10,43,MA,BR102,keith60@example.com,+1-390-975-1991,self-employed,5.8,43580.56,775,2018-12-07
CUST100628,Lorraine,Schaefer,2000-12-04,25,IN,BR104,jacobhernandez@example.com,(310)789-0285,Unemployed,0.0,6666.73,609,2024-09-16
CUST100075,Nathan,Villa,1991-03-16,35,MO,BR110,mitchellkathryn@example.com,782.561.3750x606,Employed,13.6,65521.23,797,2017-06-26
CUST100683,Joseph,Brooks,1988-06-02,38,FL,BR106,linda66@example.net,325-248-3744x17158,Employed,5.1,89371.23,769,2023-10-26
CUST102289,Brenda,Williams,1971-03-17,55,WI,BR100,johnstongrant@example.org,+1-286-258-0720,Unemployed,0.0,29032.69,596,2017-01-10
CUST102424,Todd,Moore,1987-02-05,39,CO,BR108,michelle58@example.net,666.207.9833,Self-Employed,8.5,77976.33,778,2019-05-22
CUST101546,Daisy,Wheeler,1980-02-20,46,IL,BR105,,9333980138,Employed,1.6,38192.97,806,2024-08-29
CUST100934,Mary,Davis,1962-02-27,64,VA,BR100,jonathanfloyd@example.net,(258)954-2188,Retired,0.0,"$60,767.46",728,2025-11-18
CUST102060,Nathan,Hawkins,1984-05-28,42,NJ,BR108,richardsonmark@example.org,931-850-7174x1647,Employed,2.8,44013.33,685,2024-10-27
CUST100037,Brianna,Patterson,1987-01-08,39,OH,BR102,lynchjody@example.org,+1-934-612-3281x2067, Employed ,0.8,53905.13,676,2012-03-17
CUST102239,Melanie,Haynes,1992-05-17,34,GA,BR109,peggyhardin@example.org,,Employed,0.7,"$16,181.57",644,2016-01-12
CUST100665,Marcia,Russo,1975-10-11,50,TX,BR109,williammaldonado@example.org,517.223.5137,Employed,0.5,68012.75,787,2012-05-25
CUST101152,Robert,Dorsey,1971-11-17,54,GA,BR100,andersonmichael@example.org,,,0.4,40598.59,701,2023-10-17
CUST102201,Sherry,Gamble,1986-02-28,40,TN,BR107,john76@example.com,884.731.5567, Employed ,0.7,49871.07,749,2020-08-31
CUST100128,Kelsey,Chapman,1994-02-11,32,FL,BR104,michaeljohnson@example.org,961-312-5457x3875,Unemployed,0.0,15283.88,580,2018-04-05
CUST101679,Courtney,Young,1993-02-18,33,WA,BR109,,+1-814-832-2987,Employed,3.5,71571.27,706,2022-04-26
CUST100507,Johnny,Ortiz,2000-09-06,26,MO,BR110,raymond12@example.com,(725)531-3552x51050,Employed,0.2,38925.49,671,2018-08-31
CUST102296,John,Mitchell,2007-01-24,19,MI,BR103,derek48@example.com,270-841-4505x6337,Employed,1.0,36561.57,669,2020-09-21
CUST101064,Natasha,Chapman,1969-05-27,57,CO,BR100,fking@example.org,+1-337-253-0768,Employed,2.9,61731.34,745,2014-06-10
CUST101948,Jodi,Padilla,1998-12-06,27,MA,BR100,tammy78@example.net,001-602-728-0177x10629,Employed,4.8,63772.89,706,2024-08-31
CUST102335,Corey,Mejia,1974-04-25,52,CA,BR103,kendra09@example.net,+1-381-729-7192x28874,Employed,13.2,93144.35,805,2022-04-25
CUST102179,Jeremy,Martinez,1979-06-01,47,Florida,BR101,skelly@example.com,960-230-2312x1781, Employed ,2.2,,726,2016-04-28
CUST100689,Lawrence,Duarte,2001-06-27,25,GA,BR100,jeremyjackson@example.net,(867)275-6777x226,Self-Employed,6.0,88456.84,704,2024-10-01
CUST100447,Henry,George,1978-08-15,48,WA,BR101,adamwest@example.com,202-393-2184,Employed,15.7,49790.81,692,2026-05-05
CUST102106,Laurie,Tran,1970-10-21,55,MI,BR100,xchambers@example.com,2517391841,Employed,0.6,38368.93,725,2022-11-22
CUST100636,Sheri,Perez,1975-11-08,50,California,BR101,pauljennifer@example.com,+1-613-434-2457x988,Employed,5.9,28485.15,695,2016-08-12
CUST100355,Jillian,Henry,1985-11-21,40,MI,BR100,angelalivingston@example.net,803.320.3207x427,Employed,14.2,,727,2026-07-27
CUST100056,Brenda,Li,1973-04-12,53,GA,BR104,markhernandez@example.net,4422284210,Employed,8.5,91721.16,701,2017-01-25
CUST102091,Crystal,Moreno,2001-03-21,25,WA,BR101,gravesmelanie@example.org,413-678-6268x49704,Employed,7.0,98169.89,761,2012-08-29
CUST100855,Christine,Ramos,1973-11-21,52,TX,BR101,reynoldsmichelle@example.org,(232)524-8155x42034, Unemployed ,0.0,7986.7,565,2012-08-06
CUST100931,John,Sanford,1991-10-02,34,WI,BR103,carl66@example.org,(291)731-6708,Employed,3.6,50005.86,696,2017-10-11
CUST100321,Michael,Parker,1978-09-26,47,TN,BR111,fsawyer@example.org,001-576-674-2662x9912,,0.7,59088.69,736,2018-10-21
CUST100024,David,Anderson,1973-08-22,53,IL,BR108,jcontreras@example.net,979-586-8727x74348,Employed,11.4,72547.53,781,2015-10-27
CUST100529,Steven,Hines,1988-05-24,38,MI,BR107,fcombs@example.org,215-591-4975x019,Employed,10.1,95042.86,730,2019-06-05
CUST100008,Karina,Vaughn,1992-08-26,34,Florida,BR106,raymond57@example.net,213.331.5098x393,Self-Employed,0.6,86423.19,696,2022-04-14
CUST100031,Cynthia,Poole,1988-09-07,38,NC,BR110,ryangross@example.net,998-577-6945x314,Self-Employed,4.0,40758.72,665,2022-12-02
CUST102055,Lisa,Booker,2005-03-14,21,CA,BR109,boonelee@example.net,308-919-9684x45657,Employed,1.5,80829.45,722,2015-08-28
CUST101960,David,Evans,1979-06-05,47,MA,BR109,melissadodson@example.com,571-697-2512,Employed,16.9,11855.02,683,2014-10-16
CUST101799,Daniel,Daniel,1983-03-28,43,NC,BR108,rfoster@example.com,(795)496-5600x337,Employed,0.7,88337.46,767,2014-06-11
CUST100837,Nicole,Williams,1977-07-29,49,NY,BR110,nathan39@example.net,213.721.5513,SE,3.2,71518.1,649,2016-10-17
CUST100809,Tanya,Powell,1995-11-12,30,CO,BR109,,526.717.6072x3483,Employed,1.8,53246.26,767,2021-09-20
CUST100594,Anthony,Blackwell,1979-09-11,47,MA,BR100,katrinawood@example.com,309.796.1327x30346,Self-Employed,8.5,58574.43,699,2017-06-14
CUST102250,Jessica,Ramos,2001-07-09,25,CO,BR101,marypatrick@example.net,399.743.1095,Employed,2.1,109599.46,761,2023-02-02
CUST100380,Brittany,Williams,1986-11-12,39,GA,BR110,pamela32@example.net,701.885.1067x9497,Unemployed,0.0,14540.26,596,2018-10-24
CUST100579,Alexa,Newman,1994-11-07,31,WA,BR111,xrivera@example.net,+1-449-473-2033x192,Employed,9.6,"$61,315.38",651,2018-10-25
CUST101374,Paige,Mcfarland,1983-02-09,43,NY,BR105,wwallace@example.org,001-719-397-6453x4965,Self-Employed,4.6,45276.89,687,2023-03-05
CUST101447,  Tiffany  ,Lawson,1987-12-24,38,CA,BR106,robertsnow@example.com,(774)990-6688x6751,Employed,0.8,46062.18,701,2025-01-18
CUST100698,Miguel,Stewart,1968-04-11,58,NJ,BR108,opierce@example.com,,Unemployed,0.0,11256.19,596,2019-02-18
CUST101763,Michael,Clarke,1990-11-02,35,IL,BR100,gonzalezjames@example.net,580.260.9417x50241,EMPLOYED,5.0,40498.28,630,2012-06-04
CUST100485,Daniel,Lewis,2007-11-20,18,WI,BR107,avilakyle@example.net,903.241.9909,Self Employed,0.0,71561.0,650,2012-06-09
CUST100828,David,Ramirez,1981-10-03,44,GA,BR106,kimberlycooper@example.com,642-486-7963x259,Employed,7.9,106428.28,813,2021-03-31
CUST101219,Gina,Ferguson,1987-12-06,38,NC,BR101,campbellmargaret@example.net,001-341-301-6793x014,Self-Employed,14.3,66798.25,677,2017-09-12
CUST101980,Sarah,Brown,1963-06-12,63,CO,BR100,ksanchez@example.com,(957)447-7743,Retired,0.0,38418.35,688,2012-11-27
CUST101529,Stacy,Bates,1991-05-04,35,MI,BR111,alanyork@example.com,+1-329-687-8192,Employed,10.2,35809.66,693,2018-09-28
CUST100306,Amanda,Moore,1984-10-11,41,AZ,BR107,,001-579-895-6353x1531,Employed,6.7,116088.59,769,2024-09-13
CUST102004,Lisa,Morton,1983-04-30,43,IN,BR111,zwright@example.com,001-624-227-6074x1464,Employed,6.1,84493.31,756,2023-08-11
CUST102010,Kimberly,Sawyer,1992-06-09,34,AZ,BR100,ACOLE@EXAMPLE.COM,340.738.8333,Unemployed,0.0,,543,2023-08-04
CUST101641,Lindsey,Cross,1984-12-06,41,IN,BR100,lsmith@example.com,556.788.8861x08597,Employed,0.0,83379.38,737,2019-03-13
CUST102464,Courtney,Hurley,1970-06-22,56,MA,BR108,audreyjohnson@example.org,(304)210-3728,Employed,21.0,54184.19,702,2026-06-14
CUST100480,Melissa,Cox,1996-12-05,29,VA,BR105,hrosario@example.org,(452)347-2863x330,Employed,3.4,64784.2,786,2026-01-28
CUST100608,Jamie,Murray,1977-08-14,49,NY,BR107,gabrielawallace@example.org,(378)219-5237,Employed,10.0,132489.77,751,2022-11-22
CUST100856,Michael,Stein,2003-09-28,22,WA,BR108,xelliott@example.net,,Employed,4.0,50963.54,711,2025-10-31
CUST101281,Alex,Lyons,1979-06-01,47,PA,BR109,sethsanders@example.com,322-489-8907x49935,Unemployed,0.0,,591,2016-07-19
CUST101310,Ryan,Adams,1992-03-07,34,MI,BR106,MONICA08@EXAMPLE.NET,612-737-0851x19194,Employed,5.0,75504.0713432671,805,2015-08-06
CUST101747,Laura,Miller,1974-11-12,51,NY,BR106,melissa55@example.org,658.626.8295x081,Employed,0.9,10338.99,704,2026-02-26
CUST101566,Scott,Ross,1994-11-22,31,NY,BR108,greenwilliam@example.org,311.344.1572x81436,EMPLOYED,3.9,"$68,579.91",779,2017-11-25
CUST100923,Kelli,Collins,1974-06-17,52,MO,BR109,pwilliams@example.com,+1-420-227-5582x14770,Self-Employed,0.3,49197.83,646,2025-04-05
CUST102298,Sarah,Hernandez,1977-12-20,48,MI,BR102,gilbertchristina@example.com,001-611-280-1677x4360,Employed,7.2,99963.06,737,2024-08-23
CUST102112,Kayla,Nguyen,2006-02-10,20,IL,BR104,tylergreen@example.org,001-243-486-6684x70726,Self-Employed,2.0,43004.81,726,2018-08-24
CUST101513,Jeffrey,Castillo,1985-07-29,41,CA,BR109,,+1-922-283-7742,EMPLOYED,20.3,39652.4,655,2016-06-06
CUST101394,  Terri  ,Cooper,2000-03-28,26,PA,BR108,,,Employed,4.1,64237.66,717,2023-10-24
CUST100858,  Sherry  ,Burns,1994-12-31,31,TN,BR106,iblack@example.org,215.871.2901x50713,Employed,7.8,98594.95,727,2018-06-25
CUST100453,George,Potts,1977-08-15,49,CO,BR100,zwhite@example.net,+1-888-696-7924x08222,Employed,5.4,71045.34,739,2012-07-06
CUST101620,Daniel,Olsen,1999-12-13,26,FL,BR111,campbellanthony@example.net,383.343.7798x2402,Employed,8.0,69882.85,789,2018-02-04
CUST100528,Anthony,Wang,1992-08-20,34,MA,BR103,camposchristina@example.com,298.852.9894,Employed,5.0,99735.39,839,2013-08-08
CUST101963,Rachael,Brady,1994-07-08,32,PA,BR111,kwilson@example.com,001-735-466-8303x25369,Employed,14.0,36577.68,685,2024-11-26
CUST100080,Nina,Stewart,1981-07-07,45,IN,BR102,zachary87@example.com,8348505415,,0.5,47809.81,737,2022-10-24
CUST101586,Ricky,Galvan,1970-08-25,56,PA,BR103,derekhamilton@example.org,922-485-6283x723,self-employed,6.3,46575.61,642,2014-07-02
CUST101516,Andrea,Neal,1964-12-10,61,VA,BR103,isimpson@example.com,,Employed,0.9,92902.18,729,2026-07-21
CUST101816,Gabriel,Blevins,1991-06-13,35,NY,BR107,,9118678116,Employed,6.3,69068.17,739,2022-09-19
CUST101824,Steven,Butler,1958-06-02,68,OH,BR108,silvamatthew@example.com,001-960-817-0921,retired,0.0,39897.14,733,2016-04-17
CUST101910,Robert,Scott,1987-10-01,38,California,BR108,robertsrobert@example.org,(990)385-0504,Self-Employed,7.2,58852.85,715,2016-09-18
CUST100402,Diana,Dyer,1980-11-11,45,CO,BR100,sharon47@example.org,(852)789-6112x233,Self-Employed,7.9,15984.76,621,2016-06-19
CUST102351,Melanie,Caldwell,1988-06-15,38,NJ,BR105,ymckee@example.net,+1-809-508-5753x7947,Employed,2.5,52268.31,701,2013-04-14
CUST100443,Timothy,Merritt,1992-03-01,34,MO,BR100,jefferygoodman@example.net,+1-405-291-2662x0157,Employed,11.0,16400.02,678,2013-06-22
CUST100065,Tyler,Jordan,1992-11-04,33,OH,BR108,omarpadilla@example.net,+1-751-860-6071,Employed,9.1,119742.55,782,2020-04-11
CUST100702,Rachel,Martin,2001-02-03,25,OH,BR111,edwinsmith@example.net,001-594-748-5862x3945,SE,0.4,13872.74,627,2025-02-12
CUST101425,  Tina  ,Cantrell,2008-03-21,18,California,BR108,anthonyanderson@example.org,001-520-518-2852, Unemployed ,0.0,18063.25,539,2022-03-29
CUST101043,Laura,Manning,1988-02-06,38,OH,BR108,lchavez@example.org,+1-200-288-9911x416,Self-Employed,2.2,26161.19,666,2020-05-15
CUST102457,Elizabeth,Carroll,1994-08-10,32,Florida,BR106,carlmcfarland@example.com,+1-981-210-8023x8836, Employed ,14.0,74689.73,686,2023-03-20
CUST100058,Yolanda,Boone,1983-10-03,42,WI,BR109,fparks@example.net,711.859.2124x998,EMPLOYED,4.9,86669.76,758,2026-07-24
CUST101891,Megan,Munoz,1978-02-22,48,CA,BR106,mannlisa@example.com,,Unemployed,0.0,14314.18,597,2016-06-29
CUST101730,Jennifer,Byrd,1979-09-04,47,MO,BR104,andersonvincent@example.com,640-881-7028, Employed ,5.4,61443.94,696,2012-08-28
CUST101361,Gabrielle,Donovan,1978-02-21,48,CA,BR110,johnsonteresa@example.net,001-866-491-0082x2421,EMPLOYED,0.2,82609.09,822,2017-12-13
CUST102492,Tony,Webb,1988-05-04,38,AZ,BR102,kaitlyndavies@example.net,254-522-4125,Employed,4.2,13924.58,702,2024-06-06
CUST100565,Omar,Silva,1998-12-27,27,VA,BR101,todd24@example.org,877-969-5874x1314,Employed,1.7,91016.91,729,2016-07-30
CUST102443,Gene,Gonzalez,2008-04-11,18,NY,BR101,newmanpamela@example.net,+1-775-586-4740x1925,Employed,0.0,52119.69,658,2024-10-21
CUST100868,William,Kim,1994-03-01,32,WI,BR103,ryanbryan@example.org,380-667-5712x369,Employed,8.3,82758.46,749,2020-08-10
CUST101330,Joshua,Salazar,1999-02-21,27,CA,BR110,dakota75@example.org,+1-389-213-7054x245,employed,9.0,73476.47,700,2019-04-24
CUST100254,Michael,Flores,1980-02-24,46,WI,BR104,carrillogary@example.com,+1-279-527-0335x211,Employed,0.2,50329.06,764,2025-11-17
CUST101097,Isaac,Daniel,1980-10-30,45,VA,BR110,tjackson@example.com,(486)439-4201,Employed,1.4,"$33,079.96",730,2015-05-22
CUST100227,David,Fox,1974-06-22,52,OH,BR101,imendoza@example.org,356.727.1875x00369,Employed,2.4,56190.63,690,2017-02-12
CUST101431,Kimberly,Hall,1969-12-11,56,IN,BR106,robbinsjoseph@example.net,4154273117,Self-Employed,1.6,54128.98,674,2017-08-18
CUST101041,David,Gonzalez,1970-06-15,56,CO,BR104,tina48@example.com,864.470.8213x98654,Employed,1.9,67713.04,710,2013-12-06
CUST100004,Carl,Gentry,2008-02-15,18,WA,BR101,jason76@example.net,724.523.8849x696,Employed,0.0,88709.61,688,2026-08-08
CUST100836,Tonya,Barry,1994-03-27,32,IN,BR100,,(759)242-8249x116,Unemployed,0.0,16168.5,540,2013-10-02
CUST101292,Rebecca,Richard,1949-06-18,77,NC,BR110,joseph50@example.org,+1-701-262-5851,Retired,0.0,34332.67,725,2021-10-25
CUST102025,Michael,Wood,1988-09-21,38,OH,BR109,PMARSH@EXAMPLE.COM,(941)330-2286,Employed,2.7,2224.6850626447585,685,2012-07-14
CUST102299,Cassandra,Gonzales,1980-03-30,46,WI,BR111,jeffrey69@example.com,349.834.7688x9386,EMPLOYED,6.0,77503.0,762,2021-02-23
CUST100099,Jennifer,Garcia,1995-02-19,31,FL,BR102,adampierce@example.org,(877)434-5401x93802,unemployed,0.0,17116.08,639,2025-08-27
CUST101373,  Daisy  ,Miller,1982-12-15,43,CO,BR104,wmorris@example.net,001-359-628-9748x741,Self_Employed,1.9,60534.0,663,2026-03-16
CUST100363,Ellen,Hanson,1995-03-07,31,TX,BR109,matthew23@example.org,394-216-8006,Self-Employed,6.3,74203.38,660,2014-04-14
CUST101550,Claudia,Mcmahon,1987-04-14,39,CA,BR110,david52@example.org,688.721.6511x921,Employed,2.2,36900.94,726,2019-01-20
CUST101825,Rachel,Berg,1986-10-19,39,WI,BR110,cchang@example.org,(438)904-5347,Employed,5.3,71727.91,781,2018-08-04
CUST100036,Travis,Ray,1997-10-15,28,MI,BR110,hernandezlisa@example.com,831-986-9993,Self-Employed,7.0,72207.77,722,2025-04-11
CUST100096,Samantha,Salas,1993-07-01,33,MO,BR111,thorntonapril@example.net,578-565-2785x85497,Employed,0.6,99362.9,753,2015-11-20
CUST102342,Nathan,Jordan,2008-09-13,18,GA,BR107,larry19@example.net,001-241-924-3616x0502,SELF-EMPLOYED,0.0,23683.38,648,2017-09-03
CUST100353,Cody,Brown,1998-12-24,27,TN,BR101,sarah75@example.net,+1-490-604-8964x65280,Unemployed,0.0,,585,2014-04-04
CUST101158,Ian,Johnston,1964-12-17,61,TX,BR103,haley01@example.com,+1-433-228-4423x471,Self-Employed,1.4,76168.19,721,2023-08-27
CUST102448,Ashley,Gilbert,1982-02-24,44,TN,BR105,catherinemedina@example.org,3999728554,Unemployed,0.0,21273.56,588,2020-05-19
CUST101545,Michael,Marshall,1989-04-29,37,MO,BR107,,(839)645-9942,Employed,0.4,97625.79,812,2012-03-13
CUST102398,Matthew,Henry,2007-01-14,19,NC,BR110,,(262)253-0302x413,Employed,1.0,85474.01,720,2013-06-12
CUST100240,Michael,Williams,1985-01-09,41,TN,BR104,teresayoung@example.com,702-349-1630x09792, Employed ,0.6,110658.5,782,2015-06-08
CUST102431,Jacob,Russo,1985-08-03,41,FL,BR101,gking@example.org,001-365-516-0862x495,Employed,6.8,58308.97,721,2014-09-11
CUST101665,James,Brown,1965-02-14,61,NC,BR103,lisa13@example.com,570-605-4558,Employed,4.1,69067.59,771,2016-12-28
CUST100907,Leslie,Simmons,2006-05-19,20,WA,BR105,manningjeremy@example.com,7922300716,Employed,2.0,17358.8,615,2011-10-17
CUST101318,Chloe,Tyler,1977-03-04,49,OH,BR105,,+1-679-890-5221x711,Employed,2.5,79960.52,771,2023-07-08
CUST100294,Jessica,King,2005-01-28,21,MA,BR106,johnsonchristopher@example.net,+1-639-911-1926x92124,Self_Employed,0.5,49828.12,679,2021-07-29
CUST101809,Joseph,Fisher,1990-06-19,36,IL,BR102,ballarddeanna@example.org,579.339.8012x2016,Self-Employed,6.0,78539.84,749,2019-03-14
CUST100970,Karen,Blair,1996-11-27,29,OH,BR106,jamesanderson@example.org,+1-230-520-2569x133,Employed,11.0,90185.47,722,2012-01-19
CUST101308,Diane,Jackson,1986-12-16,39,NJ,BR110,glennwise@example.net,516.381.6360,UNEMPLOYED,0.0,,590,2021-05-25
CUST101247,Gabriella,Martinez,2007-11-16,18,WI,BR101,brenda12@example.com,+1-684-585-6371x1429,Unemployed,0.0,22651.67,563,2012-01-17
CUST100666,Rachel,Wilson,1976-02-08,50,VA,BR108,adam35@example.org,(635)560-2293x9469,Employed,6.1,58557.84,658,2025-10-01
CUST100393,  Brett  ,Mcmillan,1981-09-01,45,VA,BR108,arichard@example.com,687-875-8030,Employed,4.3,85776.63,710,2019-09-01
CUST102386,Dawn,Riley,1999-12-16,26,WI,BR102,zolsen@example.com,609.552.1858x680,Employed,5.0,76272.3,755,2020-10-06
CUST100400,Tyler,Mora,1980-08-20,46,MO,BR103,heatherowens@example.org,275.363.6205, Employed ,10.0,87405.95,736,2017-01-23
CUST100705,Laura,Estrada,1976-04-27,50,MO,BR106,chrisrodriguez@example.org,4903040476, Employed ,10.2,44911.48,710,2012-07-09
CUST102040,Hannah,Cummings,2003-10-04,22,IN,BR104,fthompson@example.net,+1-990-788-0683x1121,Employed,3.3,47156.0,615,2020-09-17
CUST100616,Rebecca,Anderson,1976-08-22,50,MO,BR109,bruce33@example.net,001-997-571-8051x37171,Employed,0.4,0.0,630,2013-03-19
CUST100615,Melanie,Medina,1980-09-07,46,GA,BR107,wallerbrian@example.net,333.542.3372x09484,Self-Employed,0.8,42874.61,684,2022-08-30
CUST100369,  Robert  ,Chaney,1988-10-28,37,TN,BR104,jimmy80@example.org,(545)322-8015x619,Employed,0.1,86844.73,761,2020-02-09
CUST100679,Theresa,Beck,1996-08-17,30,WI,BR105,reginadavis@example.org,(967)467-2095,Self-Employed,1.3,63256.34,799,2018-05-25
CUST100781,Sandy,Ramirez,1984-04-22,42,IL,BR104,whorton@example.com,+1-420-519-0432,Employed,4.0,65464.74,701,2022-09-22
CUST102254,Jared,Smith,1980-09-14,46,MO,BR108,ipetersen@example.com,373.992.0244x4073,Employed,14.2,78526.69,790,2012-12-04
CUST101523,Desiree,Dalton,1985-05-26,41,NC,BR101,danielle96@example.com,+1-674-342-5269x420,employed,0.7,99840.15,725,2017-10-03
CUST101047,Kathryn,Ramirez,1968-12-05,57,CO,BR101,ujohnson@example.com,001-999-444-9466,Employed,0.4,88700.41,758,2022-05-29
CUST101728,Emily,Harmon,1989-08-02,37,CA,BR100,natalie11@example.org,559.363.7311x493,Self-Employed,9.0,73128.12,720,2025-02-11
CUST100199,Willie,Bennett,1989-11-24,36,WI,BR103,qramirez@example.org,(794)205-7202,Employed,2.2,30500.37,688,2023-04-07
CUST101329,Kathleen,Tran,1967-11-22,58,IN,BR103,eric02@example.net,835-309-4765x118,Self-Employed,8.5,107911.98,762,2026-05-05
CUST101269,Chelsea,Bailey,1968-02-02,58,VA,BR107,dpowell@example.com,709-496-8334x4009,Employed,2.6,67284.17,715,2014-02-17
CUST101830,Jonathan,Barker,1969-05-31,57,NJ,BR110,gregory63@example.com,(288)662-3357,Employed,0.1,64228.5,675,2015-11-03
CUST101116,Scott,Smith,1984-07-17,42,NJ,BR106,wendy82@example.com,388.843.0217,Employed,16.9,0.0,684,2018-10-04
CUST100467,Corey,Mcmahon,1997-03-03,29,VA,BR101,,001-820-323-6848x5571,Employed,11.0,58231.62,719,2018-12-04
CUST100655,Ann,Hansen,1977-11-23,48,TN,BR108,huangthomas@example.net,(915)814-9409,Self-Employed,6.7,46438.5,706,2022-03-25
CUST101536,Michael,Lopez,1989-08-06,37,MI,BR107,marshdaniel@example.net,238-807-8287,Employed,6.6,9769.4,681,2017-12-06
CUST100703,Debra,Hayes,2008-02-12,18,NJ,BR107,pmorrison@example.net,663.721.0613x39439,Employed,0.0,87323.72,767,2018-08-23
CUST101401,  Laura  ,Carroll,2008-08-20,18,TN,BR107,obrewer@example.com,(751)397-0181,Employed,0.0,54407.57,701,2014-07-11
CUST102094,Monica,Bailey,1974-05-31,52,IL,BR109,pageamanda@example.org,7779842845,Employed,11.7,40300.74,740,2018-03-29
CUST100322,Valerie,Jones,2007-08-04,19,WA,BR106,adavis@example.net,962-287-9232x648,Unemployed,0.0,13409.96,539,2023-12-31
CUST100403,Daisy,Mccall,1979-02-25,47,IL,BR102,melissaphillips@example.org,830-742-8973x17912,Employed,5.7,95112.42,727,2019-02-28
CUST100225,Thomas,Gomez,1993-08-27,33,CO,BR111,ian37@example.net,733.443.3339,Employed,6.9,50743.7,614,2023-05-06
CUST100534,  Jennifer  ,Morgan,1997-01-28,29,CO,BR102,joshuafarmer@example.com,(717)867-9298x8425,Self_Employed,9.8,16611.46,622,2012-09-24
CUST100783,Nicholas,Jackson,1987-11-19,38,AZ,BR109,patelgabrielle@example.com,512-431-2616,Self-Employed,2.0,65475.36,670,2015-09-11
CUST101200,  Heather  ,Brooks,1977-06-15,49,NC,BR101,mcarter@example.org,(311)449-7887x953,Employed,0.3,81685.99,731,2024-10-10
CUST100613,Wendy,Sullivan,1979-06-21,47,PA,BR105,teresaschneider@example.net,758.556.7287x27601,Employed,10.3,96130.34,712,2016-05-03
CUST100793,Nicole,Wright,2001-03-13,25,IL,BR110,nicholasgallagher@example.net,+1-616-843-2126x9428,Employed,2.1,61176.58,676,2016-02-29
CUST100084,Anna,Green,1985-02-10,41,WI,BR103,jane39@example.com,001-373-612-1727x155,Employed,3.3,67050.51,697,2025-01-07
CUST102333,Daniel,Vincent,2002-10-05,23,AZ,BR107,alex47@example.org,753-210-7371x22072,Employed,5.0,84707.19,781,2019-11-12
CUST102438,Tamara,Burch,1958-04-30,68,OH,BR102,zhall@example.org,001-954-871-5433x82541,employed,1.3,104112.98,705,2019-11-06
CUST101073,Jeremy,Smith,1998-01-12,28,MA,BR108,pamelaphillips@example.org,885-472-6029x2546,Employed,4.7,99426.63,797,2025-01-19
CUST101412,Michele,Harmon,1961-02-07,65,FL,BR110,cameronnicholas@example.net,001-992-961-3826x8709,Retired,0.0,44073.89,671,2025-01-02
CUST100817,Richard,Mcdonald,1991-08-22,35,OH,BR106,marshalljamie@example.org,+1-911-992-0613x63852,Employed,7.5,34169.63,677,2019-11-14
CUST102376,Cynthia,Collier,1977-12-16,48,NY,BR103,jennifer98@example.org,2638267392,Self-Employed,0.8,20648.46,695,2023-12-19
CUST101016,Ruth,Baker,2003-04-03,23,NC,BR101,lisa43@example.com,728.868.1123x0388,Employed,5.0,50554.44,729,2024-05-21
CUST100977,Nina,Duran,1984-01-16,42,MA,BR109,lgarcia@example.org,464.333.8722x0542, Employed ,9.6,113341.94,728,2017-04-30
CUST102217,Nancy,Parks,1990-11-29,35,TN,BR108,mccarthyrickey@example.net,001-606-557-4169,Employed,16.7,52751.42,780,2026-01-06
CUST101977,Brent,Stuart,1991-09-17,35,CO,BR107,burkealan@example.net,8474260979,self-employed,4.6,146291.45,795,2020-08-08
CUST100813,Tina,Hughes,2007-11-03,18,NJ,BR104,charlesbarnett@example.net,200-916-8094x14915,Employed,0.0,52269.87,711,2017-10-22
CUST102155,Christy,Andersen,1973-03-07,53,OH,BR109,bmedina@example.org,948.723.0097x154,Employed,0.3,45606.57,787,2020-07-13
CUST100213,Carolyn,Montoya,1971-11-18,54,VA,BR110,robertrivera@example.org,477.439.2603x0299,employed,0.7,18165.46,726,2021-02-11
CUST101031,Christian,Crawford,1999-11-25,26,IL,BR101,laura24@example.org,832-861-1890x034,Unemployed,0.0,11600.61,586,2013-03-15
CUST101708,Jason,Parker,1991-09-04,35,IL,BR102,garciamark@example.com,6344756016,Employed,7.2,93199.02,723,2017-06-16
CUST101386,Joseph,Burch,1982-12-12,43,California,BR111,zparker@example.net,257-739-5232x85558,Employed,13.5,,709,2018-12-22
CUST102340,Andrew,Nelson,1982-07-29,44,MI,BR109,colleennewton@example.org,+1-776-273-6086x33399,Employed,2.0,66255.0,739,2017-07-23
CUST100559,  Joy  ,Graham,1995-05-10,31,AZ,BR102,ugraves@example.org,,Employed,10.0,68979.18,717,2025-10-26
CUST101765,Erica,Anderson,1964-05-06,62,PA,BR103,waltermoses@example.org,+1-714-220-4384,Employed,9.6,83224.65,732,2021-11-24
CUST100696,  James  ,Lindsey,1970-06-17,56,TN,BR108,john66@example.net,3447324006,Employed,4.2,47732.39,725,2018-08-29
CUST101640,Christine,Harrison,1994-08-20,32,WA,BR106,michael79@example.org,(377)901-1549,Employed,14.0,61545.13,718,2021-10-22
CUST101446,Danielle,Spencer,2005-09-23,20,AZ,BR100,seth37@example.org,(964)707-8308x306,self-employed,2.0,30851.57,638,2013-04-06
CUST100511,Heather,Gibson,1991-02-12,35,VA,BR104,cameronsharon@example.org,4303021563,employed,0.2,62804.78,672,2014-07-29
CUST100236,  Kelly  ,Hall,1954-02-26,72,MA,BR104,kelleyjacob@example.net,(663)626-6341x63894,Retired,0.0,49254.06,683,2017-11-18
CUST102280,Alexis,Fox,1977-09-01,49,CO,BR102,,+1-622-290-6419x965,Self-Employed,2.7,100045.01,762,2014-01-11
CUST101917,Michelle,Davis,2003-01-05,23,MO,BR102,christine97@example.net,875-947-3770x4990,Employed,0.8,58279.53,950,2019-09-09
CUST101711,Daniel,Lee,1986-07-01,40,NY,BR101,charleschen@example.net,820-322-4175,Self-Employed,19.4,53690.21,687,2017-06-08
CUST100406,Hayden,Hall,2007-02-08,19,GA,BR109,howardchristopher@example.net,781.643.1115x08353,Employed,1.0,101887.09,682,2016-03-28
CUST101530,Chelsea,Fernandez,1997-05-29,29,WI,BR109,atorres@example.com,(493)371-7847,Employed,5.1,55112.63,681,2015-08-21
CUST100179,Michelle,Silva,1970-03-12,56,WA,BR106,kennedyjames@example.org,+1-768-446-0223x56972, Employed ,0.6,57008.89,683,2023-05-06
CUST100578,Joshua,Hoover,1976-08-26,50,FL,BR105,tsilva@example.com,+1-464-688-3192x134,Employed,4.3,81601.13,683,2020-02-18
CUST101132,Shelby,Wilcox,2006-08-30,20,NY,BR100,banksmeredith@example.com,,Employed,2.0,79719.4,721,2013-03-22
CUST100818,Nicholas,Lee,1984-09-13,42,MO,BR105,qjones@example.net,244-390-2950x2648,Unemployed,0.0,,580,2018-02-26
CUST101055,Melissa,Adams,1997-03-02,29,IN,BR106,,9356006184,Employed,3.1,,734,2026-03-31
CUST100829,Dean,Patel,1991-05-11,35,GA,BR107,kristine33@example.net,001-715-962-4152,Employed,12.5,56236.48,716,2014-05-18
CUST101999,Sierra,Clark,2008-04-21,18,IN,BR101,lsummers@example.net,666-888-1303,Employed,0.0,77354.51,652,2020-09-18
CUST100367,Robert,Stewart,1973-04-02,53,VA,BR108,adamsdeborah@example.com,579-957-6024,Self_Employed,3.3,72985.81,798,2016-11-07
CUST101663,Benjamin,Snyder,2008-03-11,18,OH,BR107,morgan59@example.com,,Employed,0.0,29078.74,658,2021-11-01
CUST101519,James,Martinez,1981-04-22,45,OH,BR101,kathleenbarajas@example.org,+1-353-654-1601,Self_Employed,4.4,81592.19,701,2020-01-08
CUST100299,Michael,Miller,1987-05-10,39,TN,BR101,imoss@example.org,909.937.6184,Employed,5.3,62138.37,713,2026-02-21
CUST101695,Angela,Valdez,1983-09-23,42,WI,BR100,williamsjames@example.org,662.980.5877x7701,Employed,9.2,66949.86,727,2013-09-21
CUST101072,Calvin,Garcia,1982-10-05,43,WI,BR110,gharris@example.com,556-347-8370,Employed,6.3,,741,2018-12-25
CUST100536,Sandra,Morris,1975-07-25,51,VA,BR108,ogray@example.net,+1-433-847-7433, Employed ,9.4,77420.64,750,2023-11-12
CUST100147,Morgan,Quinn,2006-06-22,20,OH,BR108,wiseanthony@example.com,481-749-1778x507,employed,2.0,62281.93,659,2014-01-26
CUST101835,Donald,Sullivan,1980-03-24,46,GA,BR109,rebecca37@example.net,+1-862-343-0146x0669,Employed,2.2,,664,2022-07-18
CUST100742,Brett,Gould,1962-02-20,64,NC,BR110,phillipsbrian@example.com,(761)594-5887x0715,EMPLOYED,3.1,104898.51,737,2016-05-09
CUST101310,Ryan,Adams,1992-03-07,34,MI,BR106,monica08@example.net,,Employed,5.0,76463.38,805,2015-08-06
CUST101494,Gregory,Williams,1970-04-11,56,CA,BR107,birdjoshua@example.net,9303458809,Employed,3.5,80872.53,708,2024-03-16
CUST100743,Alex,Garcia,1986-03-25,40,GA,BR100,brian83@example.net,350.976.5975x95450,Employed,15.0,88220.85,747,2023-01-15
CUST100378,Ralph,Baker,1981-03-30,45,TN,BR100,cfields@example.net,,Employed,6.7,84786.98,739,2012-03-17
CUST100650,Michael,Shaffer,1969-06-07,57,NC,BR107,kari25@example.org,439-848-8488,Employed,6.6,90355.57,712,2020-12-13
CUST100193,Julia,Ortiz,1971-07-18,55,TN,BR100,cheryl31@example.com,973.951.6091,,5.4,36869.69,639,2021-07-18
CUST100938,David,Thompson,1972-08-18,54,MA,BR103,mitchell80@example.net,894-681-5269x25596,Employed,0.6,9253.18,640,2024-04-26
CUST101616,Kayla,Fernandez,1998-02-10,28,MO,BR107,msmith@example.com,+1-782-846-8967x016,Employed,6.9,78542.77,682,2014-01-26
CUST100542,James,Franklin,1987-07-04,39,WA,BR108,vfleming@example.org,+1-470-366-2668,Employed,0.5,66145.33,662,2018-04-04
CUST100648,Sonya,Garcia,1982-09-30,43,VA,BR108,upham@example.com,555-753-4705x742,Employed,0.6,74294.33,708,2022-10-10
CUST100768,  Casey  ,Rush,1991-10-11,34,TX,BR101,rodriguezthomas@example.com,(468)314-2983x152,Employed,12.2,49982.81,714,2021-02-18
CUST100904,Ryan,Wagner,1990-10-08,35,AZ,BR110,kirkdonald@example.com,409.500.1635x6407,Employed,6.1,55136.4,703,2024-01-24
CUST102190,Monica,Grant,1990-08-09,36,TN,BR103,kmueller@example.org,(704)587-1036,Employed,13.1,60574.29,742,2015-12-19
CUST101714,Justin,Hudson,1984-10-29,41,WA,BR104,william41@example.com,3136856993,Employed,2.8,55089.63,785,2024-06-22
CUST101221,Megan,Gonzalez,1991-11-05,34,WA,BR105,kevin42@example.org,953.316.0791,Employed,1.1,49093.16,690,2014-10-15
CUST102427,Christopher,Thomas,1986-03-06,40,GA,BR102,,(679)739-2268,SE,3.7,63162.79,703,2015-08-08
CUST100439,Barbara,Smith,1994-09-05,32,FL,BR105,lawrencejames@example.com,(455)628-9931x60875,Employed,14.0,26400.67,682,2024-03-18
CUST101101,Jennifer,Gomez,2008-06-07,18,GA,BR106,armstrongjeremy@example.org,546.517.6231,Employed,0.0,98090.35,724,2023-06-16
CUST100468,Stephanie,Gibbs,1978-04-01,48,TX,BR106,carolhorton@example.org,809-803-6788x1278,employed,9.8,57251.79,747,2017-09-14
CUST100331,Noah,Lewis,1993-01-29,33,WA,BR110,rickjuarez@example.com,271-382-7548,Employed,12.8,27532.26,742,2016-08-13
CUST101814,Antonio,Scott,1994-11-29,31,NY,BR100,hansondiane@example.net,001-280-283-4912x3216,Employed,13.0,58189.71,714,2017-04-24
CUST102178,Taylor,Schmitt,1986-04-25,40,OH,BR109,susan68@example.net,421-381-8018x747,SELF-EMPLOYED,9.6,92085.74,776,2022-05-14
CUST101114,Jacqueline,Church,1987-11-17,38,IL,BR109,kendrahall@example.org,208.564.9426x942,,0.0,14013.73,624,2022-06-08
CUST100585,  Charlotte  ,Barker,1987-10-08,38,FL,BR101,vthompson@example.org,348-451-5791x9711,Employed,15.5,57162.55,645,2022-08-10
CUST100717,Zachary,Thompson,1976-11-03,49,IL,BR100,kcarter@example.org,495-861-2137x7306,Employed,1.5,33434.54,665,2012-05-18
CUST101907,Hector,Mullen,1976-07-18,50,MI,BR103,kellydesiree@example.org,495.721.7680x12696,Employed,5.7,60567.9,693,2026-02-12
CUST101280,Dominique,Daniels,1975-08-15,51,CA,BR107,robertyoung@example.net,850.916.2762x92266,self-employed,10.2,39268.05,688,2019-05-27
CUST101934,Sarah,Willis,1999-11-30,26,CO,BR107,urios@example.net,(392)763-5600x6255,,0.5,115709.32,819,2013-01-10
CUST101746,Sara,Valdez,1971-02-23,55,WA,BR106,kaitlindiaz@example.org,+1-742-656-1161,Employed,14.4,,696,2015-10-02
CUST101742,Lauren,Perez,1993-10-12,32,AZ,BR104,langscott@example.net,001-389-392-4692x4704,Employed,1.5,67228.57,737,2025-08-01
CUST101271,John,Williams,1986-03-15,40,VA,BR107,cookkristina@example.net,,Employed,4.6,100580.3,731,2012-03-07
CUST101164,Chris,George,1993-04-28,33,OH,BR107,vjohnson@example.net,650-849-3266x43223,Employed,0.5,83030.84,689,2013-03-27
CUST101621,Jeremy,Robinson,1982-04-03,44,PA,BR101,shawdenise@example.org,+1-796-924-2657x89635,Employed,16.2,60169.15,750,2018-06-18
CUST100289,Taylor,Gross,1967-03-28,59,TN,BR104,zgomez@example.com,620-294-9407x9290,Employed,8.8,47735.37,729,2016-01-01
CUST_BAD,Jonathan,Jacobs,1980-10-10,45,MA,BR108,alopez@example.net,+1-520-766-6179x962,Unemployed,0.0,10944.72,559,2017-05-07
CUST100465,John,Jacobson,1983-06-08,43,PA,BR102,blakewilliams@example.net,334-374-9162x47554,Employed,14.0,19673.16,601,2021-09-14
CUST101941,Charles,Gaines,1990-09-07,36,MA,BR109,,(481)225-9836,Employed,18.0,57916.06,739,2018-07-17
CUST100612,Jennifer,Nunez,1984-01-11,150,MI,BR102,julianeal@example.org,+1-646-743-0394x290,Employed,3.7,82450.67,749,2022-06-25
CUST100162,Lisa,Carr,1974-01-16,52,MO,BR109,zunigadonald@example.net,635-552-1570,Employed,0.2,41741.82,758,2015-06-12
CUST101137,Hailey,Castaneda,2006-09-13,20,WI,BR106,christopher32@example.net,001-351-745-6340, Employed ,2.0,92390.6,760,2019-04-25
CUST101939,Zachary,Drake,1975-09-28,50,GA,BR111,riveradestiny@example.net,7812403340,unemployed,0.0,,658,2019-12-21
CUST101683,Karl,Lara,1977-04-24,49,NJ,BR105,madelinerodriguez@example.com,620.543.1927,Unemployed,0.0,17953.72,582,2023-08-28
CUST100719,Jeanette,Hurst,1976-02-26,50,TN,BR107,cynthia16@example.com,7469861114,Employed,10.5,91157.36,766,2017-09-16
CUST100903,Richard,Taylor,1992-06-08,34,WA,BR105,gregory29@example.com,789-917-0454x21854,Self-Employed,16.0,0.0,601,2024-02-27
CUST101853,James,Ingram,1971-06-02,55,MI,BR100,,+1-539-555-3308x923,Employed,1.7,92464.76,723,2021-06-18
CUST102325,Kevin,Johnson,1965-04-17,61,NY,BR103,rogeradams@example.com,001-653-220-6543x26143,Employed,7.6,"$65,279.15",724,2022-02-05
CUST100555,Logan,Lee,1995-03-30,31,TN,BR109,rhonda53@example.com,775.313.7651,Employed,2.6,"$82,945.80",710,2025-05-14
CUST102497,Colleen,Nelson,1983-03-03,43,PA,BR108,jacobhernandez@example.org,+1-500-291-7316x3324,Employed,2.0,68217.54,689,2021-07-14
CUST102167,Holly,Davis,1954-12-16,71,FL,BR104,ashleysalinas@example.com,001-565-762-8073,Retired,0.0,,694,2030-01-01
CUST102462,Michael,Rivera,1975-02-01,51,VA,BR102,anthonysmith@example.org,+1-254-744-8479x2074,,0.0,11676.13,596,2013-04-15
CUST100803,  Julia  ,Stone,1983-09-09,43,IL,BR107,wilsondavid@example.org,3302835669,self-employed,6.4,95911.2,702,2017-06-26
CUST100430,Heather,Mason,2002-02-24,24,TN,BR101,uwillis@example.com,001-311-395-2436x40270,Unemployed,0.0,28488.75,593,2023-04-08
CUST101958,Andrew,Johnson,1959-05-15,67,MO,BR102,gregory66@example.net,, Unemployed ,0.0,14071.28,615,2015-07-03
CUST101500,  Kimberly  ,Costa,1985-06-28,41,WA,BR110,pfoster@example.org,001-690-607-3794x999,Employed,1.2,50139.65,689,2016-05-21
CUST101818,Latoya,Jones,1973-09-26,52,AZ,BR105,kimberly05@example.org,955.908.4852x846,employed,16.1,66150.2,667,2012-08-26
CUST101367,Angelica,Schmidt,1998-12-11,27,FL,BR102,yluna@example.com,(399)531-3606x22901,Employed,0.3,82443.17,725,2020-01-07
CUST100283,Chad,Rodriguez,1970-09-05,56,PA,BR107,pmurphy@example.net,6138290227,Employed,8.9,141090.27,791,2020-11-27
CUST100005,Trevor,Campos,1979-11-11,46,CO,BR105,hernandezernest@example.net,(791)366-9784x80184,Employed,4.3,40391.37,651,2016-02-07
CUST100325,Michael,Fields,1971-10-11,54,NJ,BR101,brandon48@example.net,783-621-9285,unemployed,0.0,8105.08,585,2015-10-10
CUST101444,Carol,Washington,1977-06-16,49,WI,BR110,,(716)838-8168x7851,Employed,19.5,73761.85,745,2025-08-11
CUST100611,Matthew,Norris,1980-06-25,46,NY,BR108,kristin49@example.com,+1-602-428-4035x954,Employed,1.6,87059.07,726,2020-03-11
CUST100755,Perry,Hess,1981-07-12,45,WI,BR101,zbarrett@example.net,772-456-5920x24617,Employed,4.9,70146.86,688,2012-05-07
CUST101354,  Phyllis  ,Russo,1983-09-28,42,CO,BR101,sabrinaperez@example.net,335.518.6647x7413,Employed,8.7,71405.46,725,2025-06-05
CUST101393,Lee,Joseph,1991-08-24,35,MO,BR109,ealexander@example.net,480-830-0735x658,,4.9,31921.39,670,2024-01-08
CUST100675,John,Marquez,1972-04-02,54,TN,BR108,stacydaniel@example.net,(978)665-4362x718,Employed,2.6,55385.98,697,2025-03-21
CUST101296,Rachel,Torres,1986-03-14,40,CO,BR106,larry37@example.net,5625728167,Self_Employed,1.8,69295.3,697,2018-04-27
CUST100102,Jack,Taylor,1983-05-24,43,NJ,BR103,shari04@example.com,774.554.9904,Employed,24.4,43901.75,781,2012-08-25
CUST101299,Lorraine,Fernandez,2008-06-11,18,AZ,BR106,robinpadilla@example.com,731.323.4388x804,Employed,0.0,81145.73,689,2021-07-14
CUST101293,Cynthia,Evans,1993-05-31,33,NC,BR104,,735-531-2794x3379,EMPLOYED,0.8,9652.12,659,2012-11-23
CUST101652,Joseph,Crawford,2003-07-17,23,GA,BR105,wrose@example.net,,Employed,3.3,85494.28,734,2021-07-26
CUST101377,Jonathan,Pena,1962-03-30,64,TN,BR106,friedmanlinda@example.net,7405334801,Employed,2.2,61007.15,715,2018-04-08
CUST101349,Ashley,Miller,1976-07-31,50,IL,BR103,,,Employed,4.4,61015.14,741,2019-03-21
CUST102119,Victor,Peters,1968-09-30,57,MA,BR108,seanthompson@example.net,001-753-971-2688x70415,Employed,5.9,76441.79,688,2019-10-15
CUST100842,Hunter,Gonzales,1983-04-10,43,CO,BR107,brewergregory@example.com,+1-533-873-9920x52229,Employed,3.5,50480.65,709,2024-11-15
CUST100070,Mary,Haas,1980-07-14,46,GA,BR102,wagnergerald@example.org,001-777-288-9255x466,Unemployed,0.0,23908.11,554,2023-07-01
CUST100466,Kaylee,Anderson,2008-05-28,18,GA,BR108,judith59@example.net,,Employed,0.0,86032.96,714,2014-08-08
CUST100046,Alicia,Bryant,1979-03-01,47,IN,BR109,robertpena@example.org,874-759-6158,Employed,5.9,88453.93,734,2021-01-27
CUST101451,Abigail,Mendoza,1960-03-07,66,MO,BR100,nicholas63@example.org,343.683.0009,,23.6,75601.25,741,2015-01-21
CUST101163,Michael,Bradford,2001-05-21,25,WI,BR109,yware@example.com,(914)697-4597x93183,Employed,7.0,71634.87,711,2024-04-14
CUST100397,Krista,Gibson,1977-08-30,49,CO,BR100,briana11@example.org,+1-919-439-2845x679,Employed,9.2,96195.36,751,2015-05-08
CUST100825,Amy,Ellis,1989-03-05,37,California,BR104,dominguezscott@example.com,(438)267-6738,Employed,14.8,32803.65,677,2025-08-27
CUST101074,Zachary,Evans,2007-11-29,18,TN,BR109,westroy@example.org,5768327135,Employed,0.0,73261.63,729,2018-10-28
CUST102384,Arthur,Wilson,1962-04-22,64,AZ,BR110,matthewbrock@example.org,(632)956-2488x880,retired,0.0,30253.38,744,2012-05-14
CUST102320,Nancy,Schneider,1989-12-13,36,NC,BR100,,+1-933-774-1535x833,EMPLOYED,0.0,79124.81,687,2023-06-23
CUST100883,Diane,Collins,1993-03-15,33,IL,BR111,kathrynaustin@example.com,6118241158,Self-Employed,0.0,46673.36,692,2026-07-17
CUST100784,Angela,Byrd,1990-03-30,36,California,BR103,olivia29@example.net,+1-593-876-2974x54930,Self-Employed,9.7,24097.92,714,2016-02-18
CUST101563,Jessica,Pittman,2008-01-22,18,NC,BR109,hlopez@example.com,+1-525-385-4551,Self-Employed,0.0,19268.81,660,2025-01-23
CUST102149,Wanda,Mack,1983-12-16,42,NC,BR111,archerphilip@example.com,976-647-5665x73297,Self Employed,1.5,95915.62,695,2012-12-20
CUST100701,Randy,Dixon,1991-05-11,35,GA,BR104,travis68@example.org,7393033970,Employed,1.7,15209.63,693,2020-05-26
CUST101540,Amy,Taylor,1979-06-22,47,NY,BR111,jacob28@example.com,001-360-232-0877x8347,Employed,2.7,57194.28,693,2017-10-16
CUST102484,Anna,Perry,1985-08-08,41,OH,BR104,brenda71@example.org,325-999-0028x4224,Self-Employed,0.7,24798.01,635,2012-05-17
CUST101175,Gary,Jensen,1984-02-27,42,MI,BR105,dylan03@example.org,(489)225-8490x734,Employed,1.0,57524.13,654,2015-02-11
CUST100924,Laurie,Wilkinson,1978-11-02,47,NY,BR101,jenniferpierce@example.org,362.919.2158,Employed,6.2,74873.35,771,2022-07-04
CUST102197,Deborah,Lutz,2004-05-28,22,TN,BR102,john99@example.net,(357)209-9286,Employed,0.9,88082.69,712,2013-11-16
CUST100816,Sarah,Jones,1980-04-15,46,TN,BR103,andrew88@example.com,733-437-3125,,0.0,25743.05,602,2014-09-30
CUST100517,Christopher,Reynolds,1983-08-26,43,VA,BR104,randyjordan@example.com,6745510663, Employed ,10.0,109045.39,836,2017-09-24
CUST102150,Aaron,Stone,1982-10-13,43,PA,BR108,sparkslaurie@example.org,930.294.6214,Employed,2.7,19391.58,662,2024-08-10
CUST101556,Carrie,Hawkins,1984-04-01,42,TN,BR103,laneerica@example.com,(523)519-1990x821,Employed,3.0,82147.32,763,2016-07-05
CUST102128,James,Rodriguez,1997-07-01,29,IN,BR104,xbrooks@example.com,001-910-370-8611,employed,6.5,50590.05,737,2014-11-27
CUST102446,Ronald,Hunt,1975-05-06,51,MO,BR100,james58@example.net,+1-459-491-9776x38586,Employed,8.1,75650.04,738,2016-09-15
CUST102014,Laura,Sanchez,1966-10-28,59,MO,BR105,mosesdavid@example.org,340.215.7997x06298,Employed,21.7,62528.09,649,2020-02-22
CUST101694,Jennifer,Cole,1998-05-18,28,TN,BR104,robertwolf@example.net,+1-361-618-6801x09360,Employed,10.0,74948.21,676,2024-04-26
CUST100072,David,Warner,1988-01-20,38,Texas,BR102,lucasrodney@example.com,4544235733,Self-Employed,0.6,114160.17,630,2012-11-15
CUST101018,Jeffrey,Mccormick,1981-04-23,45,PA,BR100,burtondiane@example.net,380.270.5326x01193,Employed,2.4,29529.36,626,2015-06-07
CUST100474,  Margaret  ,Hines,1983-09-29,42,VA,BR101,andersonkayla@example.com,(490)901-8513,self-employed,0.4,92856.35,740,2023-01-21
CUST101597,Eric,Collins,1995-08-01,31,NY,BR107,jayala@example.net,+1-237-585-9541x7609,Self-Employed,4.9,61087.52,612,2019-02-12
CUST101099,Justin,Williams,1983-03-15,43,WA,BR111,christinawilliams@example.org,001-433-653-8922,Employed,1.1,54558.97,640,2024-03-14
CUST102184,Anthony,Blevins,2007-12-06,18,NC,BR106,robertnguyen@example.org,7493461730,Employed,0.0,46346.51,611,2023-10-23
CUST100358,Brooke,Smith,1984-09-05,42,MI,BR103,douglasstephanie@example.com,001-892-630-4501x8961,Employed,7.2,63762.91,710,2014-05-18
CUST101827,James,Fuller,1961-08-07,65,WI,BR105,jackie02@example.net,809-639-8663x984, Employed ,1.2,82684.97,761,2019-09-08
CUST101458,Joseph,Arias,2007-10-23,18,NC,BR103,,619-992-5692,Employed,0.0,72098.76,720,2017-10-29
CUST101378,Laura,Rose,1979-12-19,46,PA,BR101,fhatfield@example.org,(854)946-0539x260,Employed,2.2,67375.63,697,2024-06-28
CUST102264,Amy,Meadows,2008-08-03,18,NY,BR103,angela08@example.net,961.912.5804x43065,Employed,0.0,107185.79,717,2013-08-13
CUST101551,Luis,Brown,1993-06-08,33,CO,BR110,billyroman@example.org,769.547.3088x2403,Employed,3.2,14471.67,678,2014-04-17
CUST100988,Gary,Smith,1986-05-31,40,CO,BR110,baileyjames@example.org,+1-253-786-3105,Employed,13.7,72805.87,738,2023-10-20
CUST101981,Joshua,Gibson,1991-12-12,34,MO,BR104,patrick19@example.org,+1-598-475-5798, Employed ,3.0,44663.38,714,2022-08-15
CUST102473,Ann,Allen,1991-06-24,35,WA,BR105,jeffrey35@example.net,+1-449-499-9169x53595,Employed,3.0,51244.08,692,2019-12-06
CUST102039,  Sandra  ,Hernandez,1992-01-28,34,NJ,BR107,schmidtsergio@example.org,(368)706-3992x4161,Employed,9.4,35770.56,689,2024-07-31
CUST101267,Michelle,Kirk,1990-12-12,35,GA,BR100,eleon@example.com,001-211-284-2527x8630, Self-Employed ,2.5,55518.55,699,2018-04-29
CUST101449,John,Harrison,1974-07-07,52,PA,BR104,polson@example.org,+1-931-467-8719x26154,Employed,2.7,16191.81,655,2011-11-29
CUST102182,Andrew,Lewis,1984-04-07,42,PA,BR104,lfriedman@example.org,001-881-394-0146,Self-Employed,12.4,137100.07,775,2024-08-19
CUST101483,Christopher,Brown,1980-12-29,45,WA,BR101,vanessarichmond@example.com,3383625676,Self-Employed,3.8,39091.52,622,2014-02-11
CUST102028,John,Woods,2004-04-11,22,WA,BR110,stewartsusan@example.org,742-641-2484,Employed,4.0,10713.66,615,2026-02-19
CUST102283,Crystal,Hartman,1966-06-17,60,IN,BR107,brentcampos@example.org,4715081692,Employed,14.2,89951.03,760,2024-09-30
CUST100188,  Laura  ,Wilson,1983-05-16,43,MA,BR102,jarvismegan@example.org,(397)897-2965x90277,Employed,1.4,60611.03,673,2018-04-19
CUST101270,Juan,Taylor,1968-07-19,58,Florida,BR110,xfleming@example.org,001-279-732-2191x43907,Employed,11.7,47734.9,735,2022-01-24
CUST101497,Dalton,Osborn,1974-08-04,52,WI,BR103,dunntiffany@example.com,897.201.5221x33689, Employed ,11.4,,700,2011-11-03
CUST101983,  Kelly  ,Martinez,2008-08-25,18,IL,BR100,igarcia@example.org,+1-933-706-5335x359,Employed,0.0,101702.26,690,2025-08-21
CUST102458,Mary,Mcguire,1971-11-12,54,CO,BR111,,(864)541-1935x472,Employed,0.8,"$78,964.61",754,2020-07-20
CUST102127,Jennifer,Williams,1986-01-13,40,New York,BR102,wellsapril@example.com,(927)542-0522x5898,Employed,3.3,29156.75,669,2012-07-25
CUST100343,Steven,Castro,2000-07-20,26,PA,BR102,chenderson@example.org,(942)204-4820,Employed,4.4,107486.88,760,2012-07-19
CUST102405,Jennifer,Mitchell,1978-03-26,48,VA,BR100,,747-987-5080,Employed,1.4,16854.25,703,2021-01-28
CUST100007,Tricia,Roman,1983-02-01,43,MI,BR101,brianhumphrey@example.org,671-882-2782,EMPLOYED,0.5,34074.17,706,2026-02-09
CUST100759,Randy,Jordan,1963-03-04,63,OH,BR111,langjoshua@example.net,(808)749-0793x88413,Retired,0.0,51553.68,738,2014-05-14
CUST102445,Brian,Phillips,1994-04-24,32,OH,BR104,david09@example.com,(336)503-8552x8823,Employed,1.1,27156.01,730,2013-12-09
CUST100270,Michele,Murphy,1973-11-05,52,OH,BR106,swarren@example.org,+1-601-798-1794x695,,10.6,75061.9,733,2025-07-21
CUST100215,Laura,Hoover,1983-04-29,43,PA,BR111,cindydixon@example.org,001-857-499-1366x2103,Employed,7.5,85234.16,759,2020-10-03
CUST100109,Monica,Sanchez,1991-05-25,35,NY,BR111,moralesjimmy@example.org,001-502-884-3959x95342,Employed,17.0,19458.5,722,2016-03-16
CUST101243,Brian,Smith,2007-10-14,18,California,BR111,russell62@example.org,464-571-8559x40799,Employed,0.0,,707,2011-09-24
CUST101923,Barry,Wallace,1989-06-16,37,MO,BR111,pwilliams@example.org,,employed,0.2,56248.6,650,2014-05-10
CUST101716,Charles,Daniels,1973-01-08,53,MA,BR106,zlopez@example.net,636-375-9164,Employed,2.0,,785,2026-08-01
CUST100054,Jimmy,Medina,1974-11-03,51,TX,BR103,qchavez@example.net,001-786-592-6179x640,Employed,8.3,66404.45,695,2018-05-03
CUST102009,Dana,Simpson,1978-03-19,48,OH,BR109,qortiz@example.net,+1-305-836-6783x203,SE,2.9,50438.53,682,2013-07-25
CUST101750,Brenda,Johnson,1971-12-27,54,MO,BR104,dcampbell@example.org,(706)598-8264x86275, Employed ,6.9,81252.19,757,2019-02-19
CUST100715,  Roberto  ,Matthews,1965-06-29,61,TX,BR101,stacy70@example.com,3719748113,Employed,11.1,77280.59,778,2017-05-22
CUST101051,Andrew,Miller,1988-02-25,38,PA,BR107,alexandraellis@example.org,423-229-6151, Employed ,11.7,103346.74,763,2021-06-29
CUST100230,Ashley,Ross,1972-04-14,54,TN,BR107,,+1-317-754-5588x4506,Employed,20.3,58436.29,802,2024-08-30
CUST100606,Eric,Marks,2004-08-25,22,MI,BR111,iroberts@example.com,,Unemployed,0.0,,584,2025-10-29
CUST100506,Briana,Martin,1971-07-08,55,NJ,BR101,stephaniefreeman@example.com,(994)459-1966x39551,Employed,3.3,93294.33,743,2024-12-28
CUST100415,Daniel,Miranda,1976-10-19,49,WA,BR106,,307.401.7656x36004,UNEMPLOYED,0.0,,560,2016-08-08
CUST102421,Tracy,Camacho,1987-12-28,38,NY,BR101,christineperry@example.org,203-656-2372x46456,Employed,6.1,30787.13,700,2019-09-27
CUST102334,Manuel,Hardy,2002-09-17,24,CA,BR104,,(509)369-2533x60109,Employed,1.7,38526.69,697,2024-02-25
CUST101495,Lauren,Atkinson,1979-02-26,47,TX,BR101,margaret22@example.net,755.845.9205,Employed,9.2,59511.64,740,2018-05-01
CUST100808,Patrick,Crane,2007-02-02,19,OH,BR100,dylancunningham@example.com,4845993231,Employed,1.0,79138.36,649,2016-02-12
CUST100926,Sally,Mendoza,1978-07-01,48,TX,BR109,carloswerner@example.net,(289)372-8454,Employed,3.7,99001.87,754,2026-07-29
CUST101647,Sandra,Mcdonald,1980-08-13,46,AZ,BR108,yadams@example.com,(403)232-7399x74159,Employed,7.6,41410.0,738,2022-04-18
CUST100881,Katelyn,Morgan,2001-02-01,25,NY,BR101,duncankimberly@example.com,001-453-438-9062x35466,Self-Employed,0.9,0.0,661,2023-03-21
CUST101610,Julie,Mack,1963-04-23,63,OH,BR111,brianfrench@example.org,245-896-8891,Retired,0.0,45477.05,717,2021-03-03
CUST102053,Beverly,Koch,1976-07-14,50,MA,BR110,mitchellsamantha@example.net,(607)421-6247,Employed,1.6,127410.27,807,2016-03-05
CUST100800,Tiffany,Wilson,1991-01-03,35,AZ,BR102,nrangel@example.net,365.395.2014,Employed,3.9,36529.5,698,2024-09-18
CUST100375,Adrienne,Sherman,2005-04-11,21,FL,BR107,andrewzamora@example.net,001-643-746-8105, Employed ,3.0,102250.43,730,2013-07-27
CUST101582,Travis,Torres,1995-06-01,31,PA,BR108,,+1-865-907-4456x572,Employed,5.4,72353.58,660,2017-08-14
CUST100196,Brandi,Bender,1992-04-14,34,CA,BR103,icraig@example.com,(408)210-6200x34244,EMPLOYED,14.2,74377.54,756,2022-01-10
CUST102065,Brandon,Wright,1995-03-06,31,MA,BR109,michaelhart@example.net,816.828.9747x676, Employed ,10.6,99679.05,747,2022-12-19
CUST101336,Stephen,Lang,1955-10-08,70,NJ,BR106,adamgill@example.net,842-988-7344x96686,Employed,7.4,95182.76,731,2020-07-05
CUST101183,Henry,Walls,1980-05-28,46,WA,BR109,chenmatthew@example.org,+1-481-229-8861,unemployed,0.0,16553.57,633,2021-05-27
,Scott,Nelson,1977-03-18,49,NJ,BR101,reeddaniel@example.net,+1-497-684-0369x00343,Employed,0.6,30957.33,696,2016-01-16
CUST101210,  Susan  ,Wood,1974-08-15,52,MI,BR103,monicadixon@example.net,(964)614-7533x69524,Employed,0.4,77365.63,759,2025-07-03
CUST102266,Sharon,Ferguson,1974-06-28,52,OH,BR111,vhill@example.com,747-535-9468,Employed,0.7,37552.49,699,2021-03-17
CUST101847,Jonathan,Marks,1996-02-14,30,NC,BR105,thomaslori@example.net,654.407.0084x15912,Employed,12.0,127471.76,780,2017-11-29
CUST102498,Elizabeth,Hubbard,1959-05-19,67,NC,BR107,kevincastillo@example.org,001-807-312-1257,Retired,0.0,26061.72,665,2012-06-19
CUST102134,Frederick,Hudson,1981-05-03,45,TN,BR107,grayjordan@example.org,(282)465-8597,Self-Employed,2.5,80273.33,708,2015-12-18
CUST100847,Sandra,Lindsey,1988-04-04,38,AZ,BR102,harrisjoshua@example.com,,SE,1.5,40275.49,703,2025-12-15
CUST100379,Angelica,Dorsey,1993-11-18,32,MO,BR105,guzmanricky@example.org,(994)208-2154x544,Employed,5.0,75959.28,698,2023-07-12
CUST101291,Luis,Brown,1985-07-07,41,FL,BR107,carlsonamanda@example.com,920.907.3429x390,Employed,2.8,55182.61,750,2015-02-11
CUST102242,Andrea,Scott,1994-09-29,31,New York,BR100,seth61@example.com,001-629-350-6410x318,Self_Employed,3.4,"$43,212.45",728,2021-03-20
CUST100971,Ricky,Alexander,1978-12-03,47,IN,BR110,santiagoronald@example.com,(407)662-7995x530,Unemployed,0.0,11156.81,578,2021-04-18
CUST101486,Shane,Johnson,1977-10-15,48,IN,BR107,devin74@example.net,362-479-6365,Employed,3.0,80290.0,758,2021-01-16
CUST101954,Connie,Wilkerson,1985-08-16,41,MI,BR109,miguelshaw@example.net,277-406-9392x8532,Employed,3.7,62015.4,727,2026-07-03
CUST101713,Natasha,Arnold,1994-06-03,32,MI,BR111,glucas@example.net,(378)329-0524x922,Employed,7.0,136279.05,738,2021-04-26
CUST100138,Tammy,Summers,1966-02-14,60,FL,BR111,sadams@example.com,+1-992-297-5001,Employed,5.9,29949.12,652,2013-07-29
CUST101598,Kelly,Pace,1995-08-23,31,CO,BR108,danielle81@example.org,957-234-6694x4733,Employed,6.6,98376.35,784,2022-10-29
CUST102429,Anthony,Lloyd,1972-05-22,54,IL,BR103,greeneanna@example.org,409-433-6272x445,EMPLOYED,4.1,24889.59,701,2018-12-10
CUST101461,Lisa,Gomez,1969-10-30,56,CO,BR103,enelson@example.org,001-627-657-9407x40337,Employed,10.3,50310.18,697,2020-12-11
CUST100357,Alicia,Duncan,1988-09-11,38,TX,BR109,pknapp@example.com,+1-915-904-1659x15201,Employed,8.3,33114.27,676,2018-07-01
CUST100483,Angela,Gallegos,1987-08-07,39,IL,BR110,jenna62@example.com,886-423-6903,Employed,0.3,52570.69,629,2023-12-29
CUST101230,Michelle,Fox,1980-03-12,46,TN,BR109,zoe99@example.com,3045108479,Self-Employed,1.7,75529.42,711,2017-04-15
CUST100235,Kyle,Reed,1989-05-13,37,MO,BR105,lindaramos@example.com,(942)640-0825x47807,Unemployed,0.0,9768.74,558,2011-11-10
CUST102136,Tanner,Johnson,1989-06-10,37,AZ,BR105,perrydenise@example.org,,EMPLOYED,5.7,50951.86,725,2014-11-05
CUST102157,Maria,Flynn,1991-05-02,35,Florida,BR100,davidsonshannon@example.com,509-342-3159x63781,Employed,6.9,59518.25,734,2024-11-17
CUST101898,Monica,Smith,1985-05-23,41,WA,BR103,wriley@example.net,(257)816-8962x1325,Employed,1.8,70578.22,741,2014-04-19
CUST101656,Joseph,Smith,1985-02-14,41,GA,BR110,anthonyharper@example.net,354-402-7320,Employed,2.9,81766.44,779,2024-08-24
CUST101404,  Christopher  ,Russell,1979-05-06,47,MO,BR108,zallen@example.com,374-254-6935,Employed,2.2,80122.08,724,2024-10-16
CUST100786,Brent,Garrison,1975-12-19,50,CO,BR110,allenandrea@example.com,581.344.5822x06732,Employed,18.5,112063.83,743,2019-06-14
CUST102251,Alyssa,Lopez,1974-04-09,52,MI,BR105,,(883)797-8301,Employed,0.7,121029.69,808,2021-02-20
CUST102146,Krista,Wilson,1991-12-28,34,California,BR111,ukeller@example.net,001-462-943-8409, Self-Employed ,2.8,44190.8,691,2018-05-22
CUST102019,  Joseph  ,Payne,1991-01-31,35,TN,BR100,alvarezcrystal@example.net,(946)736-6983,,4.8,50580.97,776,2017-01-31
CUST102371,Gerald,Frye,2008-02-04,18,IN,BR100,carlabrown@example.org,+1-934-313-7345x424,Employed,0.0,41461.0,681,2026-02-08
CUST100703,Debra,Hayes,2008-02-12,18,NJ,BR107,pmorrison@example.net,,Employed,0.0,87323.72,767,2018-08-23
CUST101124,Allen,Sanchez,1987-01-01,39,TX,BR110,rwilcox@example.net,+1-721-659-7738,employed,21.0,76779.15,681,2025-09-24
CUST100590,Jessica,Wells,2003-06-02,23,NC,BR110,johnnybrooks@example.com,264.403.8166x4969,unemployed,0.0,12400.09,561,2019-05-14
CUST102141,Eric,Martin,1970-08-12,56,TX,BR110,juliasmith@example.com,,Employed,15.7,64610.2,786,2021-04-24
CUST100944,Jessica,Jones,1978-05-29,48,PA,BR108,luisbates@example.org,860-394-3913,Employed,12.4,54944.37,697,2019-02-05
CUST101356,Brian,Ray,1984-07-13,42,OH,BR104,janice12@example.net,(355)581-6759x2383,Employed,4.3,76848.69,735,2016-05-12
CUST100175,Kevin,Rasmussen,2008-07-12,18,TX,BR103,,637-648-9691x085,Employed,0.0,58023.13,719,2021-12-07
CUST101630,Richard,Jenkins,1974-09-28,51,IN,BR104,richard07@example.com,001-822-482-1282x193,Employed,2.9,74144.0,745,2018-11-23
CUST102081,Melody,Martin,2008-06-06,18,WA,BR109,,624-315-7318x02040,Employed,0.0,23796.77,713,2022-03-26
CUST100435,Donna,Alvarez,1985-05-05,41,AZ,BR111,akeller@example.net,905-305-7397x69156,Employed,3.7,52342.11,778,2022-09-05
CUST100822,Michelle,Smith,2005-07-13,21,TN,BR105,bennettdouglas@example.net,(223)755-2165,Employed,2.1,99875.81,725,2019-10-07
CUST100556,Cassie,Cole,1981-05-18,45,IN,BR109,ihall@example.net,369.329.4455,Employed,4.0,69033.34,716,2017-10-25
CUST101282,Timothy,Hernandez,1983-05-07,43,GA,BR104,terri76@example.com,3836858050,Self-Employed,4.7,25416.21,664,2013-08-02
CUST101674,Elijah,Gray,1990-09-25,35,AZ,BR107,bradfordsheila@example.com,496-566-8118x229,Employed,3.5,78576.97,695,2021-08-23
CUST100374,Dylan,Powell,1969-05-02,57,WA,BR100,paigeweber@example.net,+1-675-563-4108x5628,EMPLOYED,4.5,41564.46,661,2013-02-08
CUST101767,Patricia,Castro,1976-03-01,50,FL,BR111,velliott@example.net,(485)874-9110x667,Self-Employed,10.5,36543.37,681,2016-01-17
CUST101965,Jessica,Curry,1984-12-28,41,IN,BR111,WHITENICHOLAS@EXAMPLE.COM,+1-693-663-1962x756,Employed,8.4,91866.47136983028,708,2015-01-18
CUST100802,Chase,Scott,1974-01-23,52,GA,BR104,,(988)860-5053, Employed ,4.0,21755.25,720,2018-02-12
CUST100082,Ronald,Norris,1973-04-29,53,NY,BR109,sergio59@example.com,401-365-8202x970,Self-Employed,8.0,,691,2015-03-30
CUST101213,Kristen,Long,1992-10-01,33,CA,BR106,kennethruiz@example.net,399.381.6153,Employed,1.7,86462.61,731,2017-08-06
CUST101085,Tyler,Cox,1974-02-21,52,IN,BR110,bmathis@example.org,4803192902, Employed ,3.2,46355.28,698,2025-03-18
CUST100437,Raven,Miranda,1984-08-27,42,FL,BR109,jenniferwade@example.net,,Employed,10.8,47171.74,701,2017-05-07
CUST100552,Bruce,Klein,1994-06-10,32,MI,BR103,theresa05@example.net,001-509-535-1187x181,Employed,7.0,53358.66,680,2016-08-01
CUST101909,Kristina,Allen,1969-07-16,57,NC,BR106,williamcampbell@example.org,001-237-565-4399x94285,Self-Employed,6.1,79956.94,771,2015-01-28
CUST100805,Douglas,Clark,1997-05-15,29,WA,BR103,kelly01@example.org,880-287-3543x7882,Employed,6.0,60809.57,710,2014-11-19
CUST101096,Jodi,Adams,1989-11-23,36,AZ,BR100,lmartinez@example.org,(443)755-1962x822,Employed,1.6,44044.7,703,2011-11-07
CUST101549,Matthew,Hudson,1985-01-24,41,NY,BR106,anthony55@example.net,762.691.7148,,7.1,4993.06,659,2025-02-10
CUST102018,Kristen,Clark,1983-11-16,42,NJ,BR110,baileylambert@example.org,001-354-801-4938x47543,EMPLOYED,0.3,4783.37,630,2023-06-21
CUST101108,Amy,Hayes,1971-02-05,55,NY,BR109,natalie46@example.com,(763)268-1541,SE,1.2,52393.43,742,2025-09-21
CUST101568,Gregory,Sanders,1992-08-19,34,VA,BR107,noahmullins@example.org,871.840.3445x4595,Employed,7.3,20463.79,613,2012-02-25
CUST101395,Summer,Robles,2008-05-25,18,TN,BR102,charlessims@example.org,726-911-9789x25946,Self-Employed,0.0,55241.3,680,2026-02-06
CUST101251,  Taylor  ,Jenkins,1979-02-09,47,PA,BR104,ldixon@example.com,(824)494-5104, Employed ,12.4,80637.49,690,2016-06-02
CUST100210,Kelsey,Quinn,1988-12-12,37,VA,BR101,dennis88@example.org,(458)903-9282x7229,Employed,0.5,70305.53,719,2025-09-25
CUST101531,Isaac,Rogers,1993-10-20,32,NJ,BR106,,+1-926-976-9889x798,Employed,11.1,19371.44,625,2016-08-27
CUST101615,James,Davis,1978-07-13,48,WA,BR103,tyler86@example.org,346.385.9026x2976,EMPLOYED,2.7,86451.73,747,2023-01-15
CUST102007,Jacob,Parker,1995-11-16,30,OH,BR100,dianelewis@example.net,432-867-2733,Employed,2.5,37424.46,650,2013-08-05
CUST102399,Juan,Turner,1987-12-08,38,FL,BR105,jackson43@example.com,+1-878-205-5922x7702,Employed,1.7,73833.52,694,2022-10-08
CUST101784,Robin,Reynolds,1985-09-05,41,NY,BR110,dianeharris@example.net,001-295-386-4178x256,Employed,18.8,79624.4,769,2020-09-03
CUST100368,Jeffrey,Stout,2001-12-15,24,NC,BR102,sandra72@example.com,001-566-457-2934x1722,Employed,3.2,58156.1,743,2020-10-04
CUST100450,Robert,Pierce,1986-06-15,40,NJ,BR102,patrick26@example.com,746-428-3143,employed,22.0,75761.67,767,2017-12-25
CUST100277,Julie,Johnson,1972-06-28,54,TN,BR107,danielle35@example.org,444.685.7142,Employed,8.6,65550.39,705,2013-06-06
CUST101322,Brandon,Norris,1998-06-24,28,CA,BR107,sanchezemily@example.net,(345)485-8356x399,Employed,0.4,20132.18,633,2018-11-29
CUST102177,Jason,Wall,1977-06-30,49,CO,BR110,kimberlypittman@example.org,(677)563-8319x18043,Employed,2.8,66360.56,665,2012-06-02
CUST101785,Victoria,Hampton,1954-06-22,72,TX,BR100,banderson@example.net,376-929-3684x2685,unemployed,0.0,5367.68,586,2026-02-19
CUST101989,Matthew,Sims,1983-06-19,43,CO,BR109,samuelrobinson@example.net,(407)305-1306x967,employed,13.6,73735.47,759,2023-05-09
CUST100571,Kristen,Coleman,1997-08-01,29,IL,BR101,turnerstephen@example.org,697-564-6136x847,Employed,5.3,0.0,647,2017-06-05
CUST100676,  Molly  ,Jenkins,1983-09-05,43,CO,BR108,jeffarnold@example.org,+1-868-562-7036x92492,Employed,5.4,20846.35,634,2013-12-21
CUST102233,Rachel,Mitchell,2008-06-20,18,WA,BR105,mcdanielkristy@example.com,942.870.7254x452,employed,0.0,111892.0,747,2012-09-03
CUST101933,David,Alexander,1994-11-01,31,TN,BR102,elizabeth70@example.com,(695)308-6874, Employed ,3.6,41783.17,677,2013-08-12
CUST100871,Donna,Davidson,2008-08-01,18,IL,BR111,kellywilliams@example.net,(649)466-8349x60478, Self-Employed ,0.0,51729.37,695,2012-09-08
CUST101738,Jennifer,Campos,2002-05-16,24,CA,BR100,,001-296-277-8889x221,Employed,1.9,87444.95,711,2018-07-09
CUST100714,Michael,Powell,2002-02-22,24,IN,BR103,matthew53@example.com,(999)879-9070x75504,Employed,0.6,64807.17,675,2022-12-15
CUST101156,Craig,Lopez,1974-07-13,52,FL,BR103,morrisonryan@example.org,832.697.3239,Unemployed,0.0,7337.45,617,2015-08-03
CUST102219,Robert,Nichols,1984-03-24,42,TX,BR105,scottcollins@example.net,(739)260-4244,Employed,10.0,97905.73,711,2014-06-11
CUST100067,Charles,Schultz,1973-07-03,53,GA,BR101,rebeccabailey@example.net,+1-923-912-4329x2127,Employed,0.2,43394.46,703,2021-11-19
CUST100593,Jason,Kennedy,1984-02-13,42,CA,BR102,tguerra@example.org,001-716-925-2654x69681,Employed,16.7,78266.41,710,2021-09-19
CUST102238,Mandy,Bradley,1994-02-02,32,VA,BR108,ujohnson@example.org,(444)234-9541x2176,Employed,14.0,67610.26,719,2025-03-23
CUST100627,  Matthew  ,Rose,1979-05-16,47,GA,BR105,zpreston@example.net,709-960-0356x2439,Employed,1.5,85812.45,719,2021-06-22
CUST100428,Charles,Dyer,1981-09-17,45,NJ,BR106,cruzariel@example.org,001-764-258-7506x63370,Employed,5.7,66270.61,667,2022-02-16
CUST101773,Tyrone,Williams,1968-10-02,57,TX,BR111,,343-937-0049,Employed,2.3,48179.16,679,2026-07-09
CUST101587,Jared,Johnson,1970-06-23,56,CO,BR102,jennifersummers@example.net,001-200-689-4234x037, Self-Employed ,3.0,59126.26,746,2014-09-02
CUST101032,Brent,Smith,1985-02-08,41,CA,BR109,pwest@example.org,4203095366,Employed,10.4,68745.03,763,2020-03-30
CUST100720,Rebecca,Hutchinson,1994-08-23,32,MI,BR105,johnsonchristopher@example.org,+1-237-585-8471x29618, Employed ,0.6,79132.69,691,2014-09-29
CUST100344,Lee,Evans,1983-08-15,43,CO,BR106,lesterrichard@example.com,+1-316-523-1981x89847,Employed,22.1,46296.93,722,2020-09-02
CUST102295,Jenny,Simmons,1991-01-31,35,AZ,BR103,gadams@example.com,626.848.7130x00255,Self-Employed,2.5,53286.96,683,2021-04-15
CUST101222,Brian,Nguyen,1987-04-08,39,TX,BR104,sgarcia@example.org,313.621.9402x4702,employed,11.1,40266.92,655,2013-02-04
CUST101951,Aaron,Hall,1967-10-14,58,TX,BR103,john78@example.org,(401)787-7795x3342,Employed,2.2,57316.64,733,2014-11-18
CUST101240,Rhonda,Taylor,1975-01-02,51,NY,BR101,slong@example.net,+1-617-321-7429x220,Employed,4.8,67553.47,720,2017-10-19
CUST100425,John,Thompson,1980-06-12,46,AZ,BR107,kevinray@example.net,947.815.6627,Self-Employed,3.6,85407.54,696,2019-04-06
CUST101843,Christina,Lewis,1984-09-27,41,CA,BR111,,612-310-1842x62264,Self_Employed,0.9,52814.63,677,2019-07-30
CUST100051,Debbie,Parker,1978-08-17,48,NY,BR105,xjohnson@example.net,(714)656-2328,EMPLOYED,0.1,58189.97,742,2024-02-11
CUST102436,Lisa,Bauer,1996-05-15,30,MI,BR110,glee@example.org,+1-790-534-7317x51029,Employed,6.6,78909.63,690,2022-08-05
CUST101793,Thomas,Lewis,1970-07-15,56,MI,BR108,guerracarrie@example.net,5377191275,Employed,4.1,73014.14,711,2016-06-03
CUST101345,  William  ,Winters,2002-06-03,24,CO,BR100,qcervantes@example.com,001-959-644-3485x29537,Employed,3.1,99840.21,741,2024-10-28
CUST100973,Frank,Robles,1994-11-20,31,MA,BR107,brett50@example.com,001-464-687-1775x4619,Employed,3.7,43723.82,731,2012-06-20
CUST102417,Jessica,Tucker,1985-04-16,41,IN,BR103,frank60@example.org,267.787.3880x1113,Employed,1.3,60625.92,714,2014-04-16
CUST102293,Carrie,Duffy,1984-05-23,42,FL,BR107,trevinoemily@example.org,001-463-447-4180x420, Self-Employed ,0.5,89030.8,758,2014-08-18
CUST102308,James,Williams,1979-05-11,47,NJ,BR111,xjohnson@example.com,+1-733-355-5638,Employed,8.6,19221.32,691,2019-07-27
CUST101740,Christopher,Barnes,1988-02-18,38,MO,BR100,eduardo62@example.com,970-949-8671x1018,employed,2.9,89224.55,719,2023-05-04
CUST100518,Alyssa,Snyder,1987-04-26,39,OH,BR105,drodriguez@example.net,313.310.0943,Employed,2.5,95920.74,716,2015-10-31
CUST101801,Randy,Williams,1980-12-14,45,PA,BR100,mitchellshari@example.com,902.497.0813,Employed,1.4,82594.53,734,2014-05-24
CUST101118,Tiffany,Gutierrez,2004-08-29,22,MA,BR104,brad03@example.org,480.681.7262x82968,Employed,3.4,0.0,622,2024-02-24
CUST100879,Felicia,Brown,1980-10-20,45,WI,BR110,uclark@example.org,(221)689-4559x06700,Employed,7.0,80968.81,695,2023-10-06
CUST101650,Allison,Cook,1986-02-16,40,MO,BR109,,,Unemployed,0.0,14886.54,562,2019-01-23
CUST101975,Jason,Schmidt,2007-10-21,18,CA,BR107,ybennett@example.net,565-933-3477x4963,self-employed,0.0,77059.88,694,2020-05-01
CUST100296,  Chelsey  ,White,1976-08-26,50,TN,BR110,irodriguez@example.com,691.974.1011,Employed,8.6,27808.1,680,2012-01-02
CUST101399,John,Marshall,2008-09-11,18,GA,BR101,joybrooks@example.com,(271)662-1720x48886,Employed,0.0,60752.94,700,2013-04-05
CUST100952,Kim,Thompson,1964-10-18,61,NY,BR109,hicksjustin@example.com,297.756.1547,Self-Employed,1.1,113731.07,848,2016-06-22
CUST101159,Lori,Atkins,1969-03-17,57,WA,BR105,megan52@example.com,5753699913, Employed ,21.4,52497.0,706,2012-02-29
CUST101050,Kelsey,Clements,1984-10-26,41,WI,BR106,daniel16@example.org,+1-425-559-0461x0079,Self-Employed,4.0,74088.73,735,2012-07-19
CUST100861,Pamela,Kim,1993-07-24,33,GA,BR103,christianrichards@example.net,827.300.0466,Unemployed,0.0,4789.76,510,2016-05-10
CUST102058,Pamela,Johnson,1959-09-26,66,MI,BR109,jennifer45@example.com,+1-276-683-4875x256,Retired,0.0,32986.6,660,2026-07-18
CUST101189,Danielle,Turner,1966-11-12,59,NY,BR111,michael84@example.com,(779)940-3664x01632,Employed,28.3,73159.55,707,2014-12-26
CUST102037,  Nathan  ,Pena,1996-06-04,30,MA,BR108,wwright@example.net,601.268.5253x1750,Unemployed,0.0,,581,2023-08-02
CUST101053,Mandy,Johnson,1971-01-09,55,CA,BR104,cookadam@example.com,001-434-472-4358x6176,Employed,11.4,100229.82,783,2025-10-01
CUST102328,  Jillian  ,Stevens,1963-09-15,63,PA,BR104,navarrojessica@example.net,6124448056,Employed,5.7,43968.96,697,2013-04-14
CUST100345,Lawrence,Collier,1996-06-30,30,GA,BR107,vshaffer@example.org,(732)312-3476x49078,Employed,0.7,68403.38,664,2016-06-11
CUST101712,Catherine,Graham,1971-10-07,54,GA,BR105,ricestephanie@example.com,313-733-6650x285,Employed,3.5,80221.29,699,2025-03-22
CUST100997,Mary,Stone,1981-12-19,44,NJ,BR103,jamie98@example.net,264-498-0445,Employed,2.0,"$27,978.87",716,2021-08-12
CUST101774,Justin,Hughes,1993-08-13,33,IN,BR101,umiller@example.net,(638)776-2157x7405,Unemployed,0.0,14269.24,597,2024-02-26
CUST101256,Melinda,Bowers,2006-05-24,20,MI,BR104,hgonzalez@example.org,(820)608-4842,Employed,2.0,58036.06,711,2023-04-05
CUST101358,Audrey,Garner,2008-08-07,18,MI,BR102,tiffanyboone@example.net,001-812-318-5273x4114,Employed,0.0,20429.41,628,2014-08-28
CUST101997,Kevin,Nguyen,2007-08-05,19,IN,BR103,washingtonalexandria@example.org,851.542.4496, Employed ,1.0,80458.95,719,2021-09-26
CUST101590,Madison,Gonzalez,2007-11-14,18,NJ,BR107,xboyd@example.net,942.988.3903,Employed,0.0,61455.88,717,2025-05-09
CUST101564,Kimberly,Maynard,1970-09-05,56,PA,BR106,april23@example.com,288.238.7369x3238,Employed,0.7,101490.5,727,2015-07-29
CUST100695,Kimberly,Wells,1983-02-01,43,OH,BR108,cynthiamurphy@example.net,382.645.7598x3399,Employed,4.6,73397.49,739,2022-08-31
CUST102085,Cynthia,Williams,2007-03-16,19,AZ,BR109,davisnicole@example.com,001-626-221-8922,Employed,1.0,83596.04,724,2026-05-21
CUST100192,  Jeffrey  ,Gibson,2005-10-11,20,AZ,BR104,xmoran@example.net,211.430.5548x851,Self-Employed,2.0,110940.61,711,2019-01-26
CUST101482,Ashley,Burns,1982-05-06,44,TX,BR110,jennifercordova@example.net,495.679.5519,Employed,19.1,28067.54,699,2022-06-18
CUST100288,Michele,Christensen,2006-04-02,20,Florida,BR102,steven18@example.net,737-218-9490,Employed,2.0,49108.02,742,2018-09-19
CUST102129,Aaron,Thomas,1985-08-21,41,NY,BR108,,(776)443-4946,employed,10.1,66225.46,709,2025-05-31
CUST101020,Derek,Lewis,1997-10-14,28,GA,BR106,eclark@example.com,001-887-536-6271x358,Employed,2.7,36478.9,701,2014-11-03
CUST102422,Michael,Miller,2008-08-15,18,CA,BR107,pruittluke@example.com,001-332-426-7911x1785,Self-Employed,0.0,62464.26,660,2016-11-28
CUST100125,Tammy,Casey,1991-05-11,35,NY,BR104,nicholas65@example.org,001-939-682-8073,Employed,0.7,42797.02,675,2024-02-15
CUST100364,Heather,Melton,1987-03-15,39,IL,BR101,nturner@example.com,001-564-912-2031x030,Employed,0.4,102758.88,730,2021-05-26
CUST101307,Charles,Sanchez,1992-10-27,33,MO,BR102,seanjones@example.com,433-446-0184,Employed,0.1,43034.2,696,2011-10-07
CUST101929,John,Jones,1979-01-26,47,CO,BR109,autumnflores@example.com,(847)225-6046x78203,Employed,0.2,64891.07,663,2017-07-21
CUST102035,Keith,Davis,1972-05-15,54,PA,BR101,thomaskidd@example.net,234-963-1078,Employed,0.8,54653.03,760,2019-09-18
CUST100985,Marie,Meyer,1956-03-15,70,NY,BR107,slittle@example.com,,Retired,0.0,,673,2012-11-04
CUST100876,  Joy  ,Mosley,1987-03-12,39,NJ,BR100,bartondavid@example.com,+1-389-680-8806x782,Employed,1.1,84069.92,698,2012-11-28
CUST101102,  Dawn  ,Sparks,1982-11-02,43,TX,BR102,justin16@example.com,(931)465-4413,EMPLOYED,17.1,41659.94,739,2018-08-23
CUST102196,Ryan,Rodriguez,1996-09-13,30,NC,BR107,harringtonsherri@example.com,(646)776-4785x6250,Employed,10.8,77305.01,704,2012-08-02
CUST101525,Rachel,Wang,2004-06-20,22,VA,BR102,monroeluke@example.com,001-617-649-0584x96881,Unemployed,0.0,11074.2,523,2020-07-01
CUST102291,Anna,Anderson,1988-06-02,38,IN,BR100,omarhernandez@example.net,(349)247-0025,Unemployed,0.0,,563,2017-08-03
CUST100298,Michael,Maldonado,1980-08-29,46,IL,BR104,pbrown@example.org,(685)817-4328x063,Employed,14.2,97767.2,741,2025-02-04
CUST100527,James,Torres,1971-02-20,55,GA,BR107,ashley78@example.org,(861)828-7585x7567,Employed,1.6,26350.53,665,2018-08-09
CUST100758,Steven,Wilkerson,1986-02-21,40,IN,BR107,SANDRADAVENPORT@EXAMPLE.ORG,244.503.9464x083,Employed,4.3,45842.316785022136,721,2025-12-04
CUST101059,Eugene,Humphrey,1981-11-27,44,OH,BR102,james41@example.net,(830)216-0498,Employed,0.9,54992.91,655,2024-01-05
CUST102326,Maureen,Cooley,1999-08-18,27,MA,BR101,timothyreed@example.net,731-509-1568x309,Self-Employed,2.5,22967.28,643,2022-07-25
CUST100588,Laura,Clark,1958-07-14,68,TX,BR111,christopher34@example.org,840.218.2727x955,Employed,0.6,64176.8,760,2016-07-13
CUST102472,Juan,Graves,1982-05-25,44,WI,BR109,iwerner@example.com,(435)714-8749x7151,Employed,12.0,63093.85,777,2015-11-02
CUST100499,Donna,Parker,1975-12-28,50,TX,BR107,anunez@example.com,4008258955,Employed,1.1,65517.13,699,2015-05-01
CUST101305,Vanessa,Smith,1999-09-25,26,MO,BR102,hnewton@example.org,+1-478-790-3450,Self-Employed,4.3,75635.68,724,2019-03-24
CUST101518,Michelle,Jones,1988-01-25,38,GA,BR109,yjohnson@example.net,001-768-380-3166x479,Employed,6.7,"$25,988.16",670,2013-11-16
CUST101459,Kimberly,Roberts,2001-04-11,25,MA,BR103,robinsonchristian@example.org,718.311.8140,Employed,0.6,64103.35,727,2022-02-16
CUST101949,Kaitlyn,Guerrero,1984-09-28,41,GA,BR108,joseph35@example.net,441.543.9103,Self_Employed,6.5,62819.5,724,2022-09-14
CUST101894,Michelle,Russo,1978-10-20,47,CO,BR104,ocastaneda@example.org,(838)480-3242x7161,Employed,1.7,72464.19,727,2022-05-24
CUST101061,Shawna,Clark,1981-12-31,44,NY,BR104,pli@example.org,001-671-397-8601x62590,Employed,9.2,81459.81,788,2020-05-27
CUST100706,James,Henderson,1965-12-09,60,WA,BR105,charles60@example.com,001-301-542-4731x07201,Self_Employed,8.4,70439.44,723,2018-07-07
CUST101479,Suzanne,Solis,1972-01-01,54,MO,BR110,uwang@example.net,(281)711-4330x64098,Employed,4.5,100587.98,715,2020-02-08
CUST100963,Natalie,Baker,1967-08-09,59,CO,BR102,dustinwilliams@example.com,362.297.3988x94132,Employed,5.9,72340.43,743,2026-08-10
CUST102491,Andre,Castro,1980-01-16,46,MI,BR111,pattywright@example.org,784.621.3913x6997,Employed,1.6,72041.35,707,2019-08-02
CUST101203,Kathleen,Combs,1990-11-08,35,NY,BR105,pmay@example.org,(569)233-1542,UNEMPLOYED,0.0,14744.27,564,2017-10-02
CUST102378,Barbara,Rojas,1991-11-23,34,MA,BR104,htaylor@example.org,(203)382-9983,unemployed,0.0,,627,2017-03-25
CUST100646,Todd,Willis,2004-06-08,22,NJ,BR111,brittanywade@example.org,001-378-399-6986x09191,Employed,1.6,,629,2026-02-22
CUST101129,Alejandro,Smith,1980-11-07,45,GA,BR102,robertsbrandon@example.net,001-576-629-1430x491,Employed,4.5,97386.49,664,2013-06-27
CUST101287,Laura,Reid,1981-03-12,45,CO,BR106,terrymark@example.net,244-869-5674,Employed,8.4,33240.54,684,2019-10-27
CUST100733,Paul,Ramos,2008-03-25,18,PA,BR100,nathanwarner@example.net,001-562-863-3556x434,Employed,0.0,80263.21,747,2020-09-05
CUST102330,Jennifer,Perry,1980-12-06,45,OH,BR108,beasleychristopher@example.org,2705431055,Employed,7.5,34744.86,679,2013-01-14
CUST101149,Bradley,Roy,1996-04-04,30,TN,BR105,fbailey@example.com,,Employed,12.0,54094.09,721,2013-07-30
CUST101577,Aaron,Luna,2001-06-12,25,PA,BR110,wilsonrobert@example.org,764-646-1198x3097,Employed,4.3,31795.2,712,2014-04-18
CUST100975,Jenny,Hernandez,1975-08-21,51,GA,BR104,toddburton@example.com,001-912-212-1101,Self-Employed,6.7,28425.89,668,2015-03-29
CUST101084,Robert,Foster,1956-02-26,70,NY,BR109,madison72@example.net,+1-845-639-7499x5070,Retired,0.0,20915.81,623,2023-11-24
CUST102062,Joshua,Wheeler,2007-08-24,19,TX,BR101,michael89@example.org,,Employed,1.0,53423.84,732,2023-03-04
CUST101701,  Benjamin  ,Burton,1969-12-18,56,AZ,BR101,kathymendoza@example.org,5567828753,Employed,9.9,13369.1,718,2024-04-20
CUST100384,  Patrick  ,Davis,1972-04-02,54,FL,BR101,weaverjustin@example.org,612-846-2095x200,Unemployed,0.0,9459.23,544,2013-03-13
CUST101623,Alicia,Hawkins,1983-03-11,43,CO,BR111,angelarivera@example.org,955-838-8287x204,Self_Employed,0.3,90145.48,674,2018-10-11
CUST100161,Marcus,Daugherty,1983-01-22,43,MA,BR110,fconner@example.net,828-295-3926x44220,Employed,2.6,51327.73,722,2014-06-10
CUST101966,Benjamin,Flores,1985-08-04,41,IN,BR109,phillip63@example.org,8636621051,Employed,17.2,113192.31,657,2012-07-25
CUST100429,Jose,Gibson,1991-05-15,35,NC,BR105,jonathanguzman@example.net,(501)816-6918,Employed,1.5,84650.88,687,2014-03-13
CUST100489,Joshua,Cox,1980-11-19,45,TN,BR107,jonesjennifer@example.com,874-472-1970x546,Employed,14.5,66692.15,647,2018-04-20
CUST101010,William,Preston,1997-03-28,29,NJ,BR110,gomezgrant@example.net,630.848.6251x5217, Self-Employed ,4.3,52554.91,641,2016-08-06
CUST101735,Jeffrey,Hill,1998-03-25,28,TN,BR108,matthewsluis@example.net,668.217.3418x80796,Self_Employed,2.7,0.0,626,2015-06-04
CUST100477,Paula,Munoz,1993-08-23,33,MI,BR111,royrogers@example.org,+1-462-449-4514x75410,Employed,6.4,102325.46,733,2016-07-02
CUST101797,Theresa,Peterson,2006-12-08,19,MO,BR102,ebrewer@example.com,646-658-6172x84703,Unemployed,0.0,14639.21,572,2023-09-16
CUST101005,Carla,Burke,1988-01-19,38,VA,BR101,george38@example.org,507-812-4553x12900,Unemployed,0.0,14505.94,645,2013-08-17
CUST101397,Jamie,Petersen,1998-11-13,27,NC,BR100,vaughnjavier@example.net,(684)518-4714x62201,Employed,1.2,72057.26,670,2014-09-06
CUST100441,Brian,Patrick,1994-09-09,32,WI,BR103,mariaclark@example.net,802.776.4208,Self Employed,4.1,60500.41,724,2018-01-09
CUST100631,Michael,Scott,1966-07-10,60,MI,BR109,duffyallen@example.com,(661)755-4164x31670,Employed,1.9,62432.49,745,2012-05-26
CUST102420,Brian,Martinez,1987-04-18,39,FL,BR106,ellen16@example.net,001-304-276-1029x6544,Employed,14.9,33951.6,731,2023-01-10
CUST100592,Nicole,Turner,1957-11-14,68,IN,BR111,lopezmichaela@example.com,332-985-0725,Employed,0.5,28557.48,705,2019-12-05
CUST100639,Matthew,Stone,1986-05-23,40,CA,BR107,caseyronald@example.org,+1-421-737-1184,EMPLOYED,4.0,45704.98,733,2016-04-21
CUST101520,Aaron,Park,2008-03-31,18,WI,BR100,gsmith@example.net,+1-667-515-2077x10740, Employed ,0.0,53673.03,672,2015-01-29
CUST102211,Jacob,Barker,1991-05-20,35,OH,BR104,austinthompson@example.org,(871)260-3384x1787,Unemployed,0.0,11161.27,558,2014-01-11
CUST101234,Madison,Oliver,1997-10-27,28,CO,BR102,pking@example.net,(699)205-5855x7599,Employed,6.3,108695.06,739,2019-11-07
CUST101398,Theresa,Lam,1967-01-18,59,MO,BR110,lopezgary@example.org,,Employed,5.7,38025.84,661,2018-03-21
CUST100723,Karen,Williams,1969-02-17,57,TX,BR102,kimberly03@example.net,001-656-979-3279x8623,Employed,38.9,81439.26,733,2023-04-04
CUST102339,Lacey,Cruz,1980-05-24,46,IN,BR108,bday@example.org,829.351.2660x869,Employed,5.0,34850.52,744,2026-04-22
CUST100493,Chad,Sullivan,1991-10-22,34,MI,BR101,morgan76@example.net,542.701.6542,Employed,8.1,,694,2025-10-10
CUST101879,Brianna,Burns,1983-07-27,43,VA,BR109,stewartpeter@example.com,793.616.4909,Employed,0.3,44394.9,770,2026-06-17
CUST102096,Laura,Rodriguez,1969-05-11,57,MA,BR108,shaunthompson@example.com,+1-478-233-6740x891,employed,4.9,18360.78,695,2016-11-15
CUST100118,Thomas,Walsh,1971-02-06,55,NJ,BR106,christopherbruce@example.net,291-480-3397x40148,Employed,3.5,18272.77,718,2025-07-30
CUST102224,Connie,Frye,1990-04-01,36,TN,BR110,darrell96@example.org,,Employed,3.9,36541.1,731,2016-01-29
CUST101928,Gregory,Horton,1979-06-26,47,FL,BR102,ashleylawson@example.org,001-943-288-1767x622,SELF-EMPLOYED,3.0,73818.6,602,2013-11-13
CUST102489,Jennifer,Ramirez,1989-05-24,37,WA,BR107,staylor@example.com,(704)874-4217,Employed,5.9,63475.01,753,2015-03-03
CUST101090,Danielle,Knight,2006-08-04,20,MA,BR100,ypeterson@example.org,001-722-567-1317,Employed,2.0,71790.84,717,2022-07-03
CUST100889,Kristen,Rivers,1970-10-16,55,CA,BR101,scottjennifer@example.org,5697358824,Employed,7.8,42739.4,651,2024-05-15
CUST102030,Jonathan,Orozco,1993-09-23,32,PA,BR109,fitzpatrickrichard@example.org,506.313.0112x738,Employed,1.1,55915.62,703,2021-08-21
CUST100414,Jessica,Ellis,1982-08-16,44,CA,BR100,hollydavis@example.net,8323484137,EMPLOYED,3.8,78995.71,775,2026-07-28
CUST101995,Patrick,Kim,1998-02-02,28,IL,BR101,deborahsmith@example.com,450.400.4584x089,Employed,2.5,89582.01,723,2021-01-24
CUST101931,Tara,Mitchell,1994-02-27,32,GA,BR103,nguyenjill@example.org,, Employed ,9.0,81850.76,753,2019-12-06
CUST100770,Derek,Beltran,1989-01-06,37,PA,BR102,sbartlett@example.com,891.564.9701,Employed,11.2,38102.71,667,2022-11-12
CUST100804,Charles,Bentley,1960-05-29,66,AZ,BR108,corythompson@example.org,955-806-8826x917, Employed ,16.0,85057.12,690,2023-02-08
CUST101807,Jessica,Hughes,1974-01-08,52,NJ,BR101,bairdmolly@example.com,(688)668-8792,Employed,3.9,59753.99,762,2020-09-25
CUST102425,Leah,Kennedy,1981-06-16,45,NJ,BR102,philipreid@example.com,+1-792-866-8668x0807,self-employed,2.7,96140.0,737,2016-09-25
CUST101637,Kyle,White,1996-09-09,30,TX,BR105,robertking@example.net,(814)399-0108,Employed,0.4,29249.22,727,2023-08-30
CUST100948,Travis,Moore,1994-10-28,31,WA,BR100,gomezmegan@example.net,688.821.7648,Employed,3.8,75034.24,643,2018-11-11
CUST102315,Teresa,Wilson,1987-04-30,39,GA,BR108,lbright@example.net,,Unemployed,0.0,11382.42,622,2017-05-01
CUST101275,Matthew,Clark,1983-04-14,43,NY,BR104,tylerwilson@example.net,503.235.6369,SELF-EMPLOYED,0.1,88214.72,743,2013-01-21
CUST100572,Jessica,Bean,1986-09-19,40,MA,BR100,chavezbecky@example.org,(437)557-9145x2118,Employed,4.4,64390.5,718,2024-08-16
CUST100205,Anthony,Moore,1982-07-19,44,OH,BR101,derekmyers@example.net,824-350-8821x0099,Unemployed,0.0,5393.81,604,2016-04-08
CUST101000,Wanda,Tran,2003-07-30,23,MA,BR101,,(875)800-0305,Employed,3.0,29788.79,580,2013-03-29
CUST102066,Christopher,Martinez,1975-06-01,51,NJ,BR103,patriciamartin@example.com,(959)293-1769,Employed,11.3,39969.97,667,2019-08-24
CUST101822,Taylor,Reeves,1978-10-16,47,IN,BR101,melissa71@example.net,870-864-8579,unemployed,0.0,15726.19,588,2025-12-05
CUST100672,Benjamin,Valenzuela,1991-01-17,35,IL,BR103,adamsmith@example.org,(891)930-9810x7964,Unemployed,0.0,22661.79,548,2025-04-20
CUST102393,Jamie,Rowland,1957-11-21,68,AZ,BR102,martinezshawn@example.com,556-673-2383x68414,Self-Employed,6.7,73910.29,734,2015-12-04
CUST100399,Anita,Brown,1983-07-18,43,WI,BR103,james33@example.org,337-979-5995x94652,Unemployed,0.0,24868.25,622,2024-10-16
CUST101575,Joan,Allen,1976-09-04,50,NJ,BR111,morgan94@example.net,914-723-5528x3372,Employed,3.8,40423.0,758,2024-07-18
CUST100551,Joshua,Bishop,1991-08-30,35,CO,BR108,stephanie72@example.com,001-944-772-3229x03102,Unemployed,0.0,13846.55,523,2012-05-07
CUST102282,Amy,Caldwell,1978-02-02,48,MO,BR103,roykayla@example.net,4038005378,Employed,1.8,48992.05,618,2024-08-18
CUST101198,Michael,Chang,1982-05-11,44,GA,BR102,toddgonzales@example.com,449-700-3850,self-employed,10.3,41153.27,668,2016-11-04
CUST100320,Brandy,Walker,1967-05-14,59,AZ,BR100,james18@example.com,+1-818-763-7599x80562,Employed,11.7,78661.64,733,2017-06-25
CUST101548,Richard,Smith,1988-12-03,37,IL,BR107,ghenry@example.com,656-759-6957,Self-Employed,0.7,64068.41,656,2026-01-20
CUST100469,Jack,Moore,1990-12-30,35,NY,BR105,brittanysmith@example.net,288.544.3448x123,Employed,0.8,81143.9,715,2016-01-29
CUST102145,  Cheryl  ,Stewart,1963-03-29,63,NC,BR104,jonesnicole@example.org,+1-643-687-2075x79314,Retired,0.0,28638.27,720,2021-06-25
CUST100229,Gina,Olsen,2000-09-14,26,GA,BR111,linda86@example.com,722.970.2672,Employed,8.0,,707,2016-03-13
CUST101992,Ralph,Rogers,1967-12-03,58,MI,BR105,zwilliams@example.com,955.495.7354x1057,Employed,3.8,66028.19,709,2016-12-31
CUST101942,Christy,Colon,1961-07-14,65,NJ,BR107,brenda59@example.org,(660)892-0331,Retired,0.0,20249.65,692,2017-03-27
CUST101978,Stefanie,Tucker,1975-12-29,50,WI,BR110,tiffanyortiz@example.org,001-685-991-9817,Employed,16.3,66334.41,734,2026-04-19
CUST100079,Allen,Kramer,1983-12-23,42,TX,BR109,john19@example.net,001-252-605-8527x72217,Employed,16.5,75422.51,724,2014-09-24
CUST100533,  Debra  ,Sandoval,1987-10-04,38,AZ,BR102,wwilliams@example.org,374.402.5883x586,Employed,1.0,88750.97,775,2021-07-05
CUST102248,Kimberly,Nelson,1951-06-27,75,PA,BR109,amywatts@example.com,+1-200-792-3195x07873,Retired,0.0,22037.28,619,2021-12-08
CUST100457,Alexandra,Walker,1990-08-09,36,FL,BR105,richardsondennis@example.com,3676625153,Self_Employed,8.3,38118.59,605,2016-03-09
CUST100290,William,York,1979-10-22,46,WA,BR108,johnathan94@example.com,901-492-9275x243,Employed,4.7,56421.26,733,2023-08-25
CUST100893,Jesse,Patrick,1965-12-23,60,MO,BR103,lpage@example.com,(538)339-7283,,5.8,44213.53,637,2013-12-22
CUST100370,  Victoria  ,Glover,1992-03-18,34,NJ,BR101,carrilloangela@example.org,001-289-310-7711x991,Employed,0.1,0.0,687,2014-03-20
CUST100265,Harold,Garza,1978-03-05,48,AZ,BR107,,001-421-811-7518x689,Employed,0.9,37201.34,697,2019-12-07
CUST101612,Kayla,King,1983-08-12,43,AZ,BR110,ilarsen@example.net,897-714-0834,Employed,7.9,37054.51,751,2015-08-28
CUST101501,Dawn,King,1999-05-29,27,CA,BR110,joshua07@example.com,001-926-726-5434,Employed,0.5,115369.13,715,2026-07-18
CUST100999,Amanda,King,1987-11-26,38,NC,BR110,,,Employed,20.0,"$64,621.27",707,2015-08-19
CUST100164,Arthur,Smith,1988-07-10,38,IN,BR106,stephanie15@example.org,(821)481-5997x0629,Self-Employed,9.6,,655,2012-07-09
CUST100927,Jennifer,Woods,1976-11-11,49,WA,BR105,brownandrea@example.net,582-432-2041x4474,UNEMPLOYED,0.0,,605,2025-07-07
CUST102297,  Daniel  ,Jones,1994-01-22,32,NY,BR100,garzadeborah@example.org,+1-475-395-5942,EMPLOYED,3.3,57326.98,688,2021-08-24
CUST101117,Adam,Walters,1963-08-01,63,VA,BR103,elizabeth15@example.net,290.316.4928x15037,Retired,0.0,,717,2018-10-28
CUST100473,Frank,Thompson,1992-09-29,33,CO,BR107,mmcdaniel@example.org,(216)337-6182,Employed,15.0,66161.18,697,2017-05-12
CUST100875,Stephanie,Christensen,1984-01-31,42,CO,BR109,hthomas@example.net,865-803-4409,Employed,2.9,69103.91,694,2024-05-01
CUST100197,Karen,Johnson,1985-01-07,41,CA,BR109,rgarcia@example.net,+1-838-863-8406,,0.2,55271.41,757,2025-12-30
CUST100185,Marie,Dudley,1978-07-02,48,MO,BR100,jade42@example.org,+1-373-975-3001,Unemployed,0.0,18999.34,552,2013-12-12
CUST102109,Scott,Hernandez,1987-07-15,39,MO,BR103,harrisjamie@example.com,+1-512-858-1936x694,EMPLOYED,17.5,68969.23,680,2016-02-28
CUST100421,Louis,York,1989-08-10,37,IN,BR104,bjones@example.net,001-276-383-8903,Unemployed,0.0,,569,2016-04-30
CUST101475,Sarah,Jones,1991-12-02,34,MO,BR106,elizabeth81@example.com,+1-473-465-5619x22188,Employed,1.8,50163.52,714,2012-01-14
CUST100256,Nicholas,Escobar,2000-05-23,26,AZ,BR109,scottbrian@example.org,001-694-807-0164x510,Employed,8.0,59378.75,668,2015-03-04
CUST100135,John,Golden,1999-05-18,27,MO,BR110,colemichael@example.org,513.239.5962x923,Employed,9.0,"$107,865.68",777,2020-03-24
CUST100371,Jamie,Ward,1994-11-04,31,NY,BR102,jean87@example.net,225-552-1376,Employed,1.7,66829.99,674,2024-03-05
CUST101888,Shane,Kirby,1972-02-29,54,MO,BR103,ijones@example.net,+1-288-792-0302x87574,Employed,2.6,91914.17,740,2019-03-27
CUST102020,Michael,Smith,1977-05-13,49,TN,BR102,amy87@example.com,3079709903, Employed ,1.7,61701.6,781,2023-07-03
CUST100877,Zachary,Carney,1970-12-29,55,MA,BR107,marydean@example.com,+1-964-686-9893x9698,Employed,16.1,113440.54,778,2025-08-08
CUST102203,Felicia,Cantrell,1970-06-28,56,WA,BR111,bryan34@example.org,8763832987, Employed ,3.2,105602.54,817,2021-04-14
CUST101854,Jamie,Shelton,1972-08-08,54,WI,BR106,collinsdiana@example.com,607-302-6406x26067,Employed,9.0,56147.19,672,2016-06-29
CUST101994,Laura,Miller,1979-11-02,46,MO,BR101,mccormickjill@example.com,001-331-366-0816,SE,9.1,98965.79,765,2016-11-04
CUST101607,Sydney,Robinson,1973-10-22,52,CA,BR111,charleslee@example.net,(922)709-4003x717,Employed,8.9,43990.57,719,2019-07-07
CUST100866,Steven,Strong,1972-10-10,53,OH,BR109,danieljenkins@example.org,+1-904-418-1359x98989,Employed,6.5,107899.5,789,2025-02-10
CUST100318,  Logan  ,Cooper,1983-10-04,42,NJ,BR103,shane28@example.com,706-672-7520, Employed ,4.6,93279.04,695,2018-10-17
CUST100274,Sabrina,Flynn,1988-01-21,38,WI,BR104,montesjuan@example.org,868-329-9629x14504,Employed,0.6,61760.4,678,2019-02-20
CUST101037,Sharon,Cross,1989-06-16,37,WI,BR111,kevin77@example.org,(390)932-6551x3276,Self_Employed,6.2,34561.1,638,2020-09-17
CUST100297,Denise,Smith,1989-03-22,37,Texas,BR103,ortegajoseph@example.net,969-308-7766x18306,Employed,13.0,55637.49,780,2020-03-08
CUST100049,Jonathan,Smith,1965-12-23,60,VA,BR107,,(617)559-4647,Employed,1.5,57118.92,819,2026-08-19
CUST101365,Crystal,Black,1984-11-14,41,NC,BR110,shafferbradley@example.net,6229406547,Employed,8.1,93168.4,736,2025-12-18
CUST101821,Margaret,Scott,1977-11-18,48,MI,BR101,ywoodard@example.net,2198905024,Employed,2.2,50839.08,704,2016-06-02
CUST101218,Daniel,Parsons,2005-04-18,21,TN,BR107,ashleynelson@example.net,8139334437,SELF-EMPLOYED,3.0,70389.97,712,2021-07-09
CUST100526,Kelly,Johnson,1980-08-23,46,TX,BR106,john66@example.com,444-594-2965,,4.6,63239.17,729,2015-06-15
CUST100452,Joshua,Garcia,1969-07-10,57,TX,BR102,nicholasgarcia@example.org,(684)697-1859,Employed,8.9,131328.65,758,2020-10-14
CUST102173,Gary,Smith,1983-11-17,42,Florida,BR108,kristeningram@example.com,+1-242-899-6138x07186,Employed,5.9,43744.64,688,2020-03-25
CUST100682,Matthew,Nelson,1997-09-20,29,CA,BR105,vhopkins@example.net,9298090463,Employed,8.3,"$77,904.24",707,2017-07-08
CUST100462,Andrew,Moore,1982-10-31,43,MI,BR103,saundersjoel@example.net,469-506-7447x16392,Employed,2.6,114412.15,798,2015-12-01
CUST101228,Kelly,Duarte,1982-10-07,43,WA,BR108,daniel30@example.com,262.640.8710x06689,Employed,3.4,66261.23,684,2026-06-20
CUST100935,Grace,Garcia,1971-04-26,55,MI,BR106,,919-496-4338x5324,Employed,7.3,68557.46,684,2024-12-25
CUST102083,Christian,Clark,1983-01-16,43,TN,BR106,ravenstanley@example.org,558-945-6731,Employed,0.1,64284.26,667,2012-07-31
CUST101371,Kim,Crosby,1986-11-21,39,IL,BR110,moniquemoore@example.org,001-780-818-3235x306,Employed,8.9,79847.68,675,2019-09-16
CUST101492,  David  ,Copeland,1976-06-30,50,AZ,BR110,nathan32@example.org,,Employed,6.2,,729,2026-07-27
CUST100647,Betty,Fletcher,1985-12-18,40,VA,BR106,tochoa@example.net,2575798066,Unemployed,0.0,"$19,690.68",548,2020-03-07
CUST102209,Zachary,Lee,1984-05-31,42,MI,BR110,kathrynlawrence@example.org,604.950.3083x49116,Self-Employed,6.3,59098.6,758,2017-11-16
CUST101057,Tara,Keller,1981-11-23,44,MO,BR109,laurie11@example.org,+1-697-538-8182x73063,Employed,4.6,90246.27,712,2016-10-03
CUST101440,Charles,Davis,1989-06-30,37,VA,BR110,lynnoconnor@example.com,3537494197,Employed,0.8,84040.86,744,2022-01-17
CUST101833,Walter,Ramos,1990-04-27,36,NJ,BR105,scott35@example.org,+1-799-387-5915x3007,Unemployed,0.0,19340.35,569,2015-08-14
CUST100859,Steven,Perez,1986-12-20,39,NJ,BR109,novaklisa@example.com,(884)474-3621x300,Employed,6.0,79735.82,769,2016-12-05
CUST100247,Henry,Morales,1977-11-21,48,TN,BR101,diane89@example.com,(558)855-6659x398,Self-Employed,4.2,70547.58,727,2023-02-23
CUST100990,Pamela,Macias,1985-04-12,41,OH,BR100,nnunez@example.org,861.685.1862x6713,Self-Employed,0.3,60186.22,692,2026-02-14
CUST101179,Madeline,Underwood,2008-08-11,18,CO,BR105,robert89@example.org,(423)427-2371x79890,,0.0,60900.28,673,2015-02-15
CUST101001,Kimberly,Kelly,1972-08-12,54,NY,BR106,andredonaldson@example.com,(241)984-9378x4679,Employed,5.0,64395.9,763,2025-05-11
CUST100691,Philip,Torres,1994-09-29,31,NJ,BR106,jeremy79@example.net,466.527.0511x5794,Employed,1.6,75270.73,692,2019-06-18
CUST101463,Gary,Blake,2007-09-28,18,New York,BR102,ebell@example.net,+1-880-757-6310x1089,Employed,0.0,49171.83,648,2016-02-17
CUST100339,Ashley,Stokes,1992-02-11,34,MI,BR100,vazquezjamie@example.com,252.694.5637x18344,EMPLOYED,2.2,78793.56,782,2026-08-02
CUST101581,Jessica,Ellison,1969-03-27,57,IL,BR100,lwalton@example.org,(607)409-8348,Self-Employed,1.8,72642.86,782,2021-10-02
CUST100216,Rachel,Greene,1973-11-25,52,NC,BR109,davisdonna@example.net,+1-506-986-5086,Employed,2.0,75938.68,682,2023-07-03
CUST100239,Patrick,Smith,1982-12-22,43,PA,BR103,paulproctor@example.org,001-303-671-8376x4520,Employed,2.1,18537.78,635,2018-11-26
CUST101276,Jennifer,Lawrence,2007-10-13,18,TX,BR102,cameronramos@example.org,001-404-280-2835x4158,EMPLOYED,0.0,118921.09,757,2020-12-30
CUST100543,Toni,Richardson,1994-08-15,32,WA,BR101,matthewhull@example.org,219.503.6890,Employed,11.4,44002.3,661,2023-11-05
CUST102218,Sarah,Sanchez,2003-02-20,23,MA,BR100,thomasflowers@example.com,(418)645-3577x77859,Unemployed,0.0,8645.1,463,2026-02-10
CUST101715,Eric,Bullock,2005-02-19,21,VA,BR111,lorijohnson@example.com,802-809-8446x9888,Self-Employed,3.0,0.0,581,2017-02-25
CUST101924,Dorothy,Rivera,1967-04-15,59,NJ,BR102,eric34@example.com,001-579-892-5197,Employed,21.4,13713.72,732,2017-10-22
CUST101517,Rebecca,Palmer,1972-10-23,53,IN,BR102,jashley@example.net,326-980-9282x6164,Employed,9.8,67936.48,739,2012-02-15
CUST101628,Jennifer,Arias,1988-10-11,37,NY,BR109,darrellarmstrong@example.org,594.537.6382x7490, Employed ,6.8,66842.85,717,2013-06-23
CUST101488,Jason,Smith,1995-10-09,30,IN,BR101,ptaylor@example.com,5289303424,Employed,4.9,48097.52,683,2016-08-29
CUST101415,Richard,Erickson,1994-09-30,31,FL,BR100,davenportstephanie@example.com,,Employed,4.8,83522.69,750,2019-09-29
CUST101682,Cody,Wilson,1962-05-06,64,NC,BR107,jason83@example.org,407-375-1306x1092,Retired,0.0,,662,2017-09-17
CUST100438,  Jill  ,James,1993-06-10,33,IL,BR110,ostokes@example.com,741-411-5931,Employed,1.3,43221.01,735,2024-06-14
CUST102176,Christopher,Huang,1984-04-01,42,CA,BR109,mgarcia@example.net,(736)603-6808,EMPLOYED,8.6,54575.03,689,2015-08-14
CUST101606,Amanda,Miller,1984-04-19,42,MO,BR106,fnorton@example.org,908.304.9293x2850,Employed,5.3,"$28,236.72",708,2020-09-04
CUST101985,Dustin,Miles,1988-08-01,38,WI,BR109,,809.877.3983,Self_Employed,10.0,39487.65,640,2017-11-13
CUST101268,Charles,Wilcox,1987-10-22,38,VA,BR111,donald44@example.com,305.977.7196,Employed,1.2,-71041.75,739,2013-05-04
CUST100860,Erica,Griffin,1990-08-01,36,FL,BR108,fcarlson@example.org,418.905.3396,Unemployed,0.0,,669,2025-06-23
CUST100950,  Joy  ,Moore,1997-05-24,29,WA,BR100,gregorymullen@example.com,5629953506,Employed,1.0,106358.33,794,2024-08-14
CUST100326,Michael,Ferguson,1977-06-03,49,MA,BR101,madeline02@example.net,357-865-2132x8338,self-employed,1.2,28949.67,742,2018-08-05
CUST100226,Christian,Sosa,1989-11-04,36,MO,BR100,waustin@example.net,,self-employed,3.3,101601.53,701,2017-08-29
CUST100851,Jessica,Johnson,2000-05-07,26,NY,BR105,ryanrogers@example.net,3273481242, Self-Employed ,1.0,76253.26,728,2015-12-19
CUST101489,Danny,Graham,1976-12-05,49,PA,BR108,melissacastro@example.net,966-631-6696,unemployed,0.0,12682.13,571,2011-11-11
CUST100553,Mackenzie,Perry,1984-02-04,42,TX,BR103,jliu@example.org,495-256-5749x02504,Employed,0.5,88832.51,703,2013-04-22
CUST100061,Karen,Parrish,1983-05-22,43,AZ,BR106,schmittcaroline@example.com,798-332-7315,Employed,2.4,124181.12,705,2023-02-06
CUST102243,Vickie,Barron,2008-08-30,18,NY,BR111,daniellerichardson@example.org,246.555.4612,Employed,0.0,103476.39,754,2023-01-27
CUST101442,  Elizabeth  ,Herrera,1988-10-19,37,NJ,BR111,patricia63@example.com,(400)276-1504,Employed,19.0,,747,2016-05-31
CUST100034,Mark,Warner,1997-06-21,29,NC,BR108,kristopher31@example.net,651.382.3374,self-employed,0.2,41011.07,734,2024-02-22
CUST101732,  Bradley  ,Ward,1977-11-08,48,WI,BR109,ballardkelly@example.com,7107413135,Employed,2.7,58043.89,725,2026-01-17
CUST102499,Daniel,Hays,1994-01-10,32,WA,BR109,thomasmartin@example.com,,EMPLOYED,13.7,"$67,379.95",677,2013-01-24
CUST101562,Diana,Hansen,1968-10-15,57,IN,BR110,johnrobinson@example.org,5654874488,Employed,4.6,"$67,555.41",727,2015-05-10
CUST101955,Lance,Miller,1994-08-28,32,IN,BR102,tmarquez@example.net,894.367.7818x9863,Unemployed,0.0,,622,2024-09-30
CUST100155,Kimberly,Walker,1988-10-14,37,WI,BR103,madisonwatson@example.net,+1-319-294-1013x7215,Employed,4.0,95231.56,727,2025-10-12
CUST101820,Gary,Davidson,1975-11-20,50,TX,BR111,usanchez@example.org,+1-729-301-8320, Employed ,0.5,53007.23,680,2013-01-24
CUST102292,Rebecca,Parker,1992-05-17,34,WA,BR107,kimberly09@example.com,572.748.7747x6308,Employed,16.0,79432.03,756,2018-04-12
CUST102090,Michelle,Gomez,1974-05-24,52,FL,BR107,kwilliams@example.com,686.450.4441x4429,Employed,4.3,106463.97,712,2022-11-22
CUST101839,Kathryn,Williamson,1969-05-05,57,TX,BR104,qwagner@example.org,8012414424,Employed,1.6,108000.57,685,2021-04-18
CUST102290,Christopher,Berger,1960-07-11,66,Texas,BR100,michelle57@example.com,+1-229-225-5568x08469,Retired,0.0,34842.06,652,2013-04-10
CUST101106,Jessica,Adams,2004-03-28,22,NY,BR109,krauseaaron@example.com,,Unemployed,0.0,9326.98,620,2016-07-07
CUST102193,Darren,Mckinney,1986-05-15,40,OH,BR109,scott23@example.com,4747170602,Self-Employed,4.8,30744.92,694,2014-04-04
CUST101893,  Stephanie  ,Williams,1966-01-16,60,TX,BR104,julie56@example.org,001-733-989-2349x524,Employed,9.2,71575.85,738,2012-07-10
CUST101390,Austin,Reyes,1990-02-28,36,CO,BR101,autumn78@example.com,001-592-885-5162x159,employed,12.9,91508.58,770,2018-05-13
CUST101753,Dalton,Woods,1961-08-13,65,MA,BR104,davidlong@example.org,625.603.9439,Retired,0.0,33005.48,719,2025-09-18
CUST101885,Angela,Mckinney,1966-11-11,59,MI,BR100,yarcher@example.com,2625895134,,0.0,12338.66,576,2020-02-21
CUST100661,Felicia,Lawrence,1992-10-31,33,MI,BR108,racheljimenez@example.net,(395)778-6718,Employed,0.5,40179.01,662,2015-05-25
CUST101635,Jason,Kramer,1978-02-02,48,CO,BR108,xjones@example.com,274-691-9538,Employed,7.9,81226.63,742,2014-05-25
CUST100348,Thomas,Gutierrez,1969-08-31,57,CA,BR107,jennifer12@example.net,981-456-9857x002,Employed,5.2,67684.64,705,2011-10-08
CUST101574,  Wyatt  ,Tucker,1996-08-19,30,FL,BR110,mcdanielfrances@example.org,6177078129,Employed,0.6,49299.78,666,2018-05-31
CUST100297,Denise,Smith,1989-03-22,37,TX,BR103,,969-308-7766x18306,Employed,13.0,55637.49,780,2020-03-08
CUST100166,Caroline,Gonzalez,1979-05-21,47,TN,BR107,clarkdanielle@example.org,714.467.7418x6256,,1.7,114303.87,713,2018-05-17
CUST101880,Desiree,Simpson,1985-08-14,41,MA,BR109,jenniferwilliams@example.com,886.481.0253x12926,Self-Employed,0.2,82792.1,712,2016-06-10
CUST100092,Juan,Harper,1988-10-09,37,WI,BR101,amitchell@example.org,(624)356-5060x98358,Employed,0.9,84899.14,747,2017-06-27
CUST101967,Molly,Hanna,1993-03-27,33,WA,BR108,pittsmary@example.net,713-453-7396,Unemployed,0.0,10244.5,546,2018-12-04
CUST100535,Jessica,Hall,1992-10-02,33,TX,BR110,portererin@example.com,001-933-712-6610x94101,Self-Employed,0.1,41931.6,708,2020-10-08
CUST102430,Derek,Freeman,1968-04-29,58,NY,BR106,hannahpage@example.com,(222)315-5325,Employed,15.8,62417.91,717,2017-07-29
CUST100204,Shannon,Sullivan,1993-02-17,33,WA,BR106,andre18@example.org,+1-691-990-1581x4491,EMPLOYED,1.3,64678.37,700,2017-05-31
CUST101569,Adam,Miller,1980-12-15,45,CO,BR100,ischneider@example.org,523.786.9742x1736,Self-Employed,1.7,67409.21,731,2021-07-17
CUST101733,Kevin,Williams,2006-03-07,20,WI,BR106,jwolf@example.net,+1-923-995-6721x76189,Employed,2.0,78882.02,686,2019-01-19
CUST100906,Shelly,Daniels,2000-10-18,25,OH,BR107,adam10@example.com,+1-901-319-5092,Employed,7.0,64570.54,667,2026-05-11
CUST100913,Holly,Cross,1973-03-21,53,MA,BR111,prestoncory@example.org,678-961-9025,Unemployed,0.0,15109.21,647,2021-11-24
CUST101629,  Jermaine  ,Guzman,1964-11-22,61,WA,BR106,angela70@example.com,931.648.3687x477,Employed,7.2,29029.62,670,2011-10-26
CUST102418,Edward,Clark,1969-08-29,57,MO,BR109,michaelhanna@example.org,877.550.4480,Self-Employed,9.3,105653.42,778,2021-02-09
CUST100186,William,Cummings,1988-10-24,37,WI,BR109,,247-201-2045x5611, Self-Employed ,1.0,55912.31,725,2024-06-07
CUST100777,Daniel,Torres,1972-12-01,53,GA,BR100,zking@example.com,001-936-599-9516,Employed,1.2,105366.5,754,2025-01-02
CUST102495,Christopher,Munoz,1997-11-19,28,MO,BR110,natasha08@example.net,(489)398-1811x994,Employed,1.7,75208.29,741,2019-02-19
CUST100599,Benjamin,Rodgers,1975-01-30,51,NY,BR109,gregorynichols@example.org,001-327-764-5793x8970,Employed,0.2,60000.52,690,2017-04-14
CUST101033,Susan,Silva,2003-12-02,22,MA,BR105,morganthomas@example.com,,Employed,4.0,54109.41,684,2014-12-13
CUST100010,Jessica,Nunez,1974-03-11,52,OH,BR110,brownjessica@example.org,933.587.2624,Employed,2.6,32258.07,794,2024-10-08
CUST101576,  Audrey  ,Peters,2008-05-19,18,TN,BR107,brandontaylor@example.com,(247)671-1588x2187,Employed,0.0,50530.21,728,2012-10-23
CUST101304,Kimberly,Wilson,1971-03-09,55,MI,BR102,howardannette@example.net,670.674.5991x530,Employed,31.6,97335.53,786,2016-06-18
CUST101745,Brittany,Mora,1971-10-16,54,GA,BR102,bowmananthony@example.org,613.469.3005x2214,Employed,2.6,138389.55,801,2021-05-16
CUST101654,Ronnie,Manning,1995-09-03,31,WI,BR100,julie84@example.com,908-789-5930x320,Employed,2.8,34173.85,686,2018-03-23
CUST101769,Samuel,Smith,1978-09-17,48,TX,BR103,csmith@example.com,+1-493-265-1875x6926,employed,4.3,100878.47,742,2024-02-28
CUST101770,Shelby,Walker,1985-07-01,41,FL,BR108,terrenceclark@example.com,001-771-925-6721x23008,Employed,4.3,82388.02,754,2021-07-25
CUST101233,David,Johnson,2003-08-10,23,IN,BR109,,906.335.7803,Employed,1.9,71235.77,701,2021-09-06
CUST102294,Miranda,Woods,1997-01-15,29,NY,BR108,,001-728-876-5755x52586,Employed,10.8,97499.27,775,2024-10-20
CUST101585,Matthew,Holland,1989-02-26,37,CO,BR107,,(758)537-9900,Employed,3.3,58079.29,735,2017-09-06
CUST101817,Adrian,Flores,1978-09-04,48,Texas,BR105,jacob64@example.org,(273)602-2099x41753,Self-Employed,4.0,82351.17,734,2025-10-29
CUST100898,Elizabeth,Henderson,1973-09-11,53,TN,BR101,jonesrebecca@example.com,(641)913-4078x516,employed,16.0,23811.03,703,2012-05-07
CUST101591,April,Robinson,1986-05-27,40,NY,BR103,christopherwatson@example.org,(319)285-9655,Employed,0.8,96698.1,759,2013-08-18
CUST100121,Eric,Dawson,1984-10-21,41,TN,BR103,jodistewart@example.org,404-875-4121,SELF-EMPLOYED,4.1,69521.96,706,2018-06-02
CUST100656,Valerie,Lewis,1985-09-01,41,MI,BR107,scollins@example.net,753-398-6289x5090,Employed,0.7,59466.79,724,2023-04-12
CUST101791,Samuel,Wallace,1992-02-14,34,IL,BR104,varroyo@example.com,581-447-1266x6153,employed,3.8,79523.89,686,2020-10-12
CUST101896,Eric,Ramsey,1972-07-09,54,NC,BR110,christopher23@example.org,606.325.3941x85455,Employed,0.3,,824,2024-04-21
CUST101938,Nichole,Barrett,1992-04-12,34,CA,BR104,sethgibbs@example.com,+1-212-268-1793,Employed,8.8,80553.42,728,2019-07-01
CUST100130,Nicole,Cole,1992-06-17,34,AZ,BR105,tprice@example.org,541.991.8255,Employed,4.6,32070.6,632,2013-06-03
CUST101485,Regina,Lin,1972-12-12,53,IN,BR105,williamsthomas@example.net,283.912.7365x48522,EMPLOYED,6.8,57446.02,743,2013-09-19
CUST101722,Kimberly,Stevens,1991-05-08,35,WA,BR108,eblack@example.net,7425357318,Employed,11.3,60710.51,666,2012-10-11
CUST100133,Shannon,Brown,1970-01-14,56,WI,BR103,stephanie72@example.org,,Employed,5.3,60674.14,691,2012-03-18
CUST100000,Angel,Hill,1978-05-13,48,NJ,BR101,donaldgarcia@example.net,+1-219-560-0133,UNEMPLOYED,0.0,,616,2022-05-28
CUST100251,Nichole,Hamilton,2099-01-01,23,TN,BR101,kanejeremy@example.net,+1-506-404-8058x925,Unemployed,0.0,15053.27,592,2012-06-23
CUST101069,Veronica,Wolfe,1975-06-09,51,NC,BR111,pmarquez@example.org,+1-895-634-8110x50147,Employed,2.5,48186.11,723,2023-03-11
CUST101887,John,Jackson,1985-06-23,41,CA,BR105,kennedymichael@example.com,,Employed,8.2,89877.55,719,2012-07-25
CUST100699,Donald,Garcia,1984-08-26,42,NC,BR109,shelbyyoung@example.com,(851)465-1768x086,Employed,24.0,86059.2,658,2019-11-25
CUST102097,Joseph,Mitchell,1984-04-22,42,CO,BR109,xburton@example.com,001-488-201-2256,Employed,13.9,66760.76,698,2019-08-30
CUST100238,Jesse,Hernandez,1981-06-14,45,NJ,BR101,arobinson@example.com,457.505.1204x6187,Employed,7.5,72695.88,698,2025-01-31
CUST101435,  Joan  ,Nguyen,1989-12-22,36,IL,BR106,donna04@example.org,+1-531-569-7920x6754,Self Employed,0.0,77635.17,714,2016-04-14
CUST102049,Randall,Torres,1989-04-19,37,MI,BR100,lawrence07@example.com,5056355882,Employed,7.7,47343.56,711,2019-12-15
CUST100956,  Lauren  ,Galloway,1975-12-15,50,NJ,BR109,davidpearson@example.net,001-607-559-8897x86533,Unemployed,0.0,22799.25,564,2013-06-11
CUST101476,Christopher,Acosta,1986-12-08,39,GA,BR103,hshort@example.com,(513)702-3641x6936, Employed ,4.1,106555.24,775,2025-05-06
CUST101062,Tiffany,Owens,2008-01-04,18,GA,BR100,michelle01@example.org,975.435.8210,Employed,0.0,86470.33,709,2020-01-19
CUST101953,Julian,Parker,1993-08-29,33,MI,BR107,,296.687.8842,Self-Employed,5.0,78968.59,688,2018-08-14
CUST101903,Julie,Singh,1974-07-01,52,CA,BR100,whitepedro@example.org,869-401-7495x3891,Employed,13.3,93077.91,702,2025-03-04
CUST102223,Cameron,Shepard,1941-08-17,85,NY,BR100,shane55@example.com,786-732-8107x0560,Employed,17.0,75831.72,741,2018-11-13
CUST101878,Sheryl,Gonzalez,1970-03-02,56,CA,BR104,xwalker@example.com,936.656.7071x90565,Employed,1.9,70034.46,741,2024-03-28
CUST100729,David,Wolf,1966-11-12,59,MO,BR108,williamschad@example.org,+1-284-221-6309,,5.8,74057.02,776,2013-05-21
CUST101464,Gabriel,Perez,2008-07-05,18,IN,BR101,pricekeith@example.org,674-686-7948x698,Unemployed,0.0,18667.83,572,2019-06-07
CUST101009,James,Cook,1976-08-16,50,IL,BR109,bdixon@example.org,418.836.1133,Employed,18.5,67884.91,717,2025-09-10
CUST100549,Victoria,Allen,1991-03-11,35,CA,BR104,,638-745-9609,Self-Employed,10.4,82213.68,680,2015-09-25
CUST101337,Jonathan,Smith,2002-05-03,24,IL,BR105,ellismelissa@example.net,3692014971,Self_Employed,6.0,46429.82,691,2026-02-04
CUST100969,  Steven  ,Lopez,1972-01-04,54,VA,BR100,turnermckenzie@example.org,(638)850-2289,Employed,8.0,"$113,485.61",795,2017-07-21
CUST101359,Nicole,Kelly,1989-10-22,36,TN,BR103,melindafarley@example.com,303.304.4077,Employed,7.6,97489.97,743,2025-01-20
CUST101724,Samantha,Barrera,2008-04-13,18,IL,BR101,donna99@example.com,557.268.6621,,0.0,63901.09,668,2023-11-01
CUST100110,Stacy,Hobbs,1980-10-14,45,MO,BR100,conniesimmons@example.com,8564856624, Self-Employed ,3.8,66361.69,651,2022-12-23
CUST100159,Joanna,Howard,1981-01-16,45,IN,BR107,warnermichael@example.net,001-229-337-8427,Employed,2.9,68295.05,744,2012-07-24
CUST100609,Richard,Meyer,2002-05-28,24,MA,BR101,eatkins@example.com,781-898-0770x460,Employed,6.0,59082.87,734,2022-05-31
CUST100915,Brent,Flores,1995-06-04,31,AZ,BR110,jason25@example.net,+1-494-979-5074x07173,Employed,4.0,62076.71,706,2020-08-06
CUST100291,Matthew,Miller,1989-08-02,37,NY,BR105,caitlinunderwood@example.com,001-966-837-2395x04102,Employed,3.1,84064.17,632,2018-10-29
CUST100745,Ashley,Butler,1981-12-01,44,IN,BR111,ronaldcarroll@example.org,4129047137,Employed,11.4,40715.54,734,2013-06-05
CUST102161,Brendan,Costa,1972-08-03,54,IN,BR106,joy58@example.org,204-597-7957x240,Employed,17.3,1987.04,652,2012-08-06
CUST100775,Jimmy,Tucker,1999-09-28,26,VA,BR101,valeriearnold@example.net,(614)858-4148,Employed,4.7,45421.78,682,2012-01-10
CUST101727,Sandra,Thomas,1981-03-22,45,IL,BR108,JOSEBARNES@EXAMPLE.NET,, Employed ,0.0,31447.28513452284,723,2016-12-29
CUST100577,Adam,Miles,2004-09-19,22,TX,BR110,heathermedina@example.com,509-779-2158,Employed,4.0,68283.78,710,2021-02-07
CUST101457,Chase,Richardson,2003-12-16,22,NJ,BR108,sherrymonroe@example.org,+1-502-866-9141, Employed ,4.0,75869.06,706,2011-10-26
CUST100263,Jill,James,1986-10-07,39,NY,BR102,phillip99@example.net,208.517.7038x86086,Employed,13.0,82400.6,757,2016-01-25
CUST101255,Mary,Acevedo,1990-04-12,36,NC,BR105,kimlee@example.net,001-520-894-5167x6706,Employed,1.5,57928.68,801,2021-02-14
CUST100302,Tina,Gregory,2008-07-15,18,AZ,BR101,david98@example.org,430-992-5114x26258,Employed,0.0,140381.57,807,2015-05-11
CUST101771,Michael,Matthews,1978-08-02,48,OH,BR107,jim42@example.com,001-266-500-9805x78369,Employed,4.4,30330.59,700,2012-03-07
CUST101199,Tiffany,Decker,2004-06-14,22,TX,BR104,kimberly48@example.com,622.788.3904x7331,,1.5,72082.31,656,2015-11-03
CUST102225,Carolyn,Park,1992-02-06,34,CO,BR100,dixonkelly@example.org,001-669-475-7554x60683,Employed,13.4,131708.12,802,2017-12-16
CUST100149,Jennifer,Nelson,1992-02-21,34,IN,BR110,duncandavid@example.net,6237806174,Employed,10.0,85727.99,692,2013-01-04
CUST100814,Crystal,Gonzalez,1977-11-25,48,CA,BR103,omay@example.org,6538440777,Unemployed,0.0,16770.0,568,2014-02-22
CUST100071,Cameron,Davis,1961-05-16,65,TN,BR103,umitchell@example.net,+1-625-819-2546x291, Retired ,0.0,29231.1,650,2021-04-28
CUST100089,John,Aguirre,1990-01-10,36,IL,BR110,eevans@example.net,4277677359,employed,9.8,95328.0,699,2024-07-29
CUST100117,Daniel,Davis,1988-08-19,38,PA,BR106,johnharvey@example.com,(246)315-6793x341,SELF-EMPLOYED,1.4,102671.36,765,2017-10-08
CUST101511,Richard,Ellis,1990-05-26,36,VA,BR100,reynoldssheena@example.com,5156120039,Employed,0.9,86281.9,739,2016-05-03
CUST102271,Jason,Galvan,1986-05-13,40,TN,BR100,lisa36@example.org,368-808-7793x47244,Employed,9.0,47442.02,728,2018-08-23
CUST100459,Michael,Garcia,1968-11-28,57,TN,BR108,hgonzalez@example.net,(861)770-2437,Employed,0.9,64986.71,734,2016-03-09
CUST102189,Samantha,Paul,2000-01-25,26,NC,BR102,peterberger@example.com,+1-850-746-1622x8439,Unemployed,0.0,12905.62,649,2018-01-23
CUST100241,Gina,Morgan,1998-03-23,28,IN,BR109,browndeanna@example.net,+1-512-273-5857,EMPLOYED,6.3,0.0,623,2022-01-02
CUST100841,Michael,Burton,1989-06-21,37,VA,BR100,jtaylor@example.net,5523918768,Employed,0.4,60375.67,737,2017-07-30
CUST101937,Lisa,Anderson,1996-12-21,29,OH,BR103,rebecca70@example.net,+1-681-201-4812x97198,Employed,1.1,53219.61,675,2023-04-11
CUST100744,Willie,Estrada,1999-02-27,27,MA,BR104,lutzeric@example.com,674-222-3196x46300, Employed ,9.0,80190.49,716,2025-12-12
CUST100785,Steven,Davis,1992-06-30,34,Florida,BR109,hogandavid@example.org,481.587.6920,Employed,1.9,72450.37,704,2023-08-23
CUST100496,  Barbara  ,Smith,1987-09-11,39,TX,BR107,allen48@example.org,001-477-966-5586x851,Employed,19.9,47099.93,744,2018-02-11
CUST101865,Shelly,Anderson,1985-12-16,40,AZ,BR104,richard01@example.com,(731)591-9863x7085,Employed,2.9,83067.05,708,2023-11-04
CUST101522,Jessica,Smith,2006-02-01,20,NY,BR104,hernandezelizabeth@example.net,923.692.0102x9759,Employed,1.9,56316.94,732,2021-05-25
CUST100220,Linda,Morrow,1983-05-12,43,MA,BR103,bfrost@example.org,643-251-9066,Employed,1.8,51980.84,672,2025-10-31
CUST100404,Marc,Brooks,2003-03-10,23,PA,BR101,,696-890-3337x363,Employed,1.1,"$35,235.99",706,2024-12-24
CUST101360,Pamela,Russell,1978-05-05,48,TN,BR105,elizabeth55@example.com,(663)745-4182x99126,Employed,17.0,59093.54,743,2014-01-01
CUST100920,Matthew,Smith,1967-07-27,59,MO,BR108,cynthiapoole@example.org,436.254.2624x1784,Employed,21.0,61832.12,704,2021-02-01
CUST102220,Peter,Bowman,1973-07-22,53,TX,BR106,,(295)598-8161,Self-Employed,3.0,28388.61,670,2018-04-05
CUST100984,Victoria,Evans,1999-04-05,27,Texas,BR107,garciabrandi@example.net,948-980-6442x00629,Self Employed,4.2,94893.23,725,2021-03-30
CUST102234,Johnny,Wilcox,1983-04-29,43,WI,BR108,andrearamirez@example.org,,Employed,2.8,37382.35,766,2015-02-17
CUST101333,Jacob,Ortiz,1970-03-28,56,IN,BR109,lindacraig@example.net,+1-633-243-7518x669,Employed,0.9,52046.12,736,2019-04-19
CUST101915,Jay,Yang,1963-08-29,63,WI,BR102,egonzalez@example.net,575-924-8135,Employed,2.5,26026.98,739,2017-06-22
CUST100312,Alyssa,Phillips,1975-06-01,51,IN,BR104,helen98@example.net,819.750.8501,Unemployed,0.0,17812.38,644,2018-08-31
CUST100677,John,Rodgers,2002-01-15,24,CO,BR105,wstewart@example.net,501.611.0005x15532,Employed,2.6,76528.52,736,2024-04-06
CUST102460,James,Leonard,1991-09-30,34,MI,BR106,ytaylor@example.net,595.539.1067,Employed,10.7,61347.84,700,2014-11-26
CUST100328,Jeremy,Martinez,1984-11-12,41,AZ,BR110,tinacoleman@example.org,207-960-3108, Employed ,11.5,78364.74,709,2013-07-01
CUST101036,Mandy,Malone,1968-09-14,58,Florida,BR102,,(616)302-5239,Employed,3.4,73873.96,727,2013-11-03
CUST102133,Kristin,Mccormick,1978-03-16,48,NJ,BR108,dorisphillips@example.net,6676100997,Employed,0.0,,792,2026-05-29
CUST102131,Ann,Leblanc,1977-05-13,49,NY,BR110,briancummings@example.net,(552)482-3016x430,EMPLOYED,0.0,55215.18,715,2020-09-20
CUST100103,Kurt,Sullivan,1978-11-04,47,NC,BR108,hannah45@example.net,932.572.7956,Employed,6.9,52769.5,777,2023-02-02
CUST100734,Andrew,Mcconnell,1985-03-12,41,MI,BR109,debbiebrown@example.net,9698556076,Employed,7.9,47019.62,666,2013-01-21
CUST101204,James,Lopez,1982-10-11,43,CO,BR107,psawyer@example.net,205-322-4114x20667,Employed,12.0,48573.55,665,2016-06-03
CUST100694,  Andrew  ,Dixon,1965-03-12,61,TX,BR111,cruzeddie@example.com,587-679-4176, Self-Employed ,1.8,87905.76,779,2022-05-06
CUST100497,Brooke,Daniels,1968-11-25,57,WI,BR110,qmitchell@example.net,+1-364-991-1110x96179,,0.1,93285.25,678,2019-03-26
CUST101340,Mallory,Curry,1984-10-08,41,GA,BR111,rachel86@example.org,789.925.7140x2503,Employed,1.1,77080.35,747,2018-02-08
CUST101165,Jennifer,Willis,1995-10-28,30,PA,BR107,guerrerorenee@example.com,+1-448-453-4001x276,Employed,12.0,103856.27,746,2025-04-17
CUST101348,Julie,Bowen,1982-11-15,43,MO,BR104,john56@example.com,252.632.6600,Employed,5.0,55284.61,638,2018-09-06
CUST100346,Felicia,Richmond,1964-02-24,62,IL,BR103,michaelbaldwin@example.com,,Unemployed,0.0,12159.32,646,2019-09-14
CUST101852,  Sarah  ,Jimenez,1983-09-13,43,WI,BR101,dlogan@example.org,(357)764-5545x90348,Employed,8.2,95446.86,745,2023-09-30
CUST100514,Michael,Houston,2008-06-08,18,NJ,BR102,donnamoss@example.org,001-311-770-3037x637, Employed ,0.0,54770.33,718,2014-11-01
CUST101028,Daniel,Lynn,1974-05-07,52,FL,BR105,williamwalsh@example.com,2286262542,Self_Employed,1.0,97015.81,708,2012-09-25
CUST100864,Gina,Cervantes,1997-04-25,29,MO,BR109,vmorrison@example.com,966-912-3740,,0.0,9938.03,550,2020-03-29
CUST101226,Amy,Bush,1978-03-11,48,MO,BR106,abigail56@example.com,+1-848-999-3005x195,Employed,7.9,41159.68,664,2016-11-29
CUST100563,Charles,Moore,2007-12-12,18,TN,BR100,joshua81@example.net,001-450-861-8538x003,Employed,0.0,49686.04,647,2024-09-25
CUST102172,  Brandy  ,Rodgers,1991-04-06,35,CA,BR101,yatesjanet@example.net,001-439-765-7537x64451,Employed,0.2,76127.56,732,2025-07-19
CUST101011,Sara,Daniel,2004-05-20,22,TX,BR101,yburnett@example.net,6186915673,self-employed,0.7,101667.42,751,2024-09-10
CUST101303,Donald,Mendez,1981-07-26,45,TN,BR110,simontracy@example.net,(721)998-3691,Employed,2.2,66197.13,750,2014-12-21
CUST100890,  Alexander  ,Hodge,1999-08-09,27,NY,BR109,,778.648.1652x444,employed,1.0,93570.18,702,2015-08-19
CUST101261,Louis,Campbell,1963-03-29,63,OH,BR106,tuckerlisa@example.net,501-990-2716x988,EMPLOYED,29.2,41739.58,712,2022-03-11
CUST100632,Gregory,Smith,1973-07-28,53,IN,BR110,donaldharrison@example.org,4934459626,Employed,5.5,78955.33,802,2025-09-09
CUST100194,Dennis,Porter,1975-09-06,51,TX,BR105,tranryan@example.net,,employed,3.7,,619,2015-10-21
CUST100513,David,Flores,1986-04-22,40,NY,BR104,karenbarron@example.com,+1-371-688-3977x4573,Employed,1.2,61702.56,702,2023-02-26
CUST101638,Lori,Morrow,1984-02-09,42,CA,BR102,bpadilla@example.com,+1-899-915-7380x6799,Employed,10.0,51613.66,750,2021-08-30
CUST101455,Laurie,Horn,1998-06-08,28,MI,BR111,bethfreeman@example.net,947-890-9863x6152,Employed,10.0,35966.33,698,2020-11-05
CUST100209,Juan,Serrano,1982-10-21,43,VA,BR108,josemercado@example.org,001-910-480-9969x3084,Self Employed,2.4,134802.54,762,2017-03-07
CUST101186,Lauren,Ramos,1980-03-03,46,FL,BR107,cannonmary@example.net,715.455.0570,Employed,2.3,50149.14,660,2021-04-29
CUST100635,Dennis,Morrison,1998-04-05,28,NJ,BR109,collinsterrance@example.com,(558)459-1779,self-employed,9.6,69297.22,727,2014-12-30
CUST102231,Cassandra,Cook,2000-10-02,25,CO,BR103,livingstonamanda@example.net,001-644-338-8269x769,Employed,0.2,21110.06,695,2015-03-28
CUST102306,Christopher,Gregory,1972-06-12,54,CO,BR108,staceydickerson@example.org,223.468.5044x8526,Employed,19.4,69420.79,731,2023-12-26
CUST100087,  Wesley  ,Oneill,1972-11-08,53,NC,BR103,,335-484-1438x42498,Employed,21.0,56952.95,698,2020-07-20
CUST101369,Kyle,Lawrence,2002-04-17,24,NJ,BR106,greenlisa@example.net,7533472839,Self_Employed,6.0,80309.55,698,2026-01-02
CUST102253,William,Kelly,1981-07-13,45,IN,BR101,dcarson@example.net,+1-802-207-5204,Employed,7.3,29585.11,675,2024-12-13
CUST101193,Gabriel,Palmer,1970-11-19,55,CA,BR100,sullivanandrea@example.net,913-644-7609x4837,Self-Employed,21.6,35588.82,689,2012-02-09
CUST100190,Charles,Vasquez,1981-08-05,45,NJ,BR105,markramirez@example.net,986.363.1779, Employed ,3.5,70571.64,688,2024-07-02
CUST100178,Lindsey,Hines,1973-12-25,52,CA,BR105,staceylam@example.net,,Employed,3.2,59912.44,786,2024-06-03
CUST102023,Paul,Massey,1990-11-08,35,IN,BR104,jerrygray@example.com,9823310171,Employed,0.6,109366.4,837,2020-09-14
CUST102103,Cheryl,Williams,1992-03-11,34,IL,BR104,julie30@example.com,502.278.9027x6451,Employed,3.8,75127.03,783,2021-12-13
CUST102401,Omar,Jackson,1994-05-05,32,PA,BR109,mmann@example.org,001-668-900-7119,Self-Employed,14.0,0.0,669,2016-05-29
CUST101128,Sabrina,Hamilton,2001-11-29,24,IL,BR101,david48@example.org,5843931539,Employed,0.2,114294.1,763,2014-01-12
CUST101812,Alexander,Lyons,1962-06-03,64,TN,BR108,douglasdanielle@example.net,576-653-2448,Self-Employed,9.8,83795.01,695,2026-07-05
CUST102261,Martha,Smith,1989-09-13,37,MA,BR100,juliadavid@example.net,686-552-3080x4533,SELF-EMPLOYED,5.1,32878.58,704,2012-02-04
CUST102323,Joseph,Wright,1991-05-06,35,MO,BR110,stephanie65@example.org,+1-469-722-7025,Employed,14.4,108361.7,690,2023-09-13
CUST101752,James,Graham,1979-01-29,47,FL,BR110,camposbruce@example.net,424.770.7926,Employed,17.1,28379.31,646,2021-09-11
CUST100471,Cheryl,Nguyen,1988-02-18,38,AZ,BR104,garrettalex@example.com,642.540.8916,employed,2.5,22234.2,706,2023-11-28
CUST100398,  Bruce  ,Collins,1955-07-09,71,NJ,BR103,ppalmer@example.com,498-222-7495x4508,retired,0.0,50905.2,647,2015-04-07
CUST100035,Michael,Turner,1973-01-08,53,IN,BR101,joshuamccann@example.net,627-910-9477x7520,Self-Employed,1.5,58274.33,693,2013-06-04
CUST100252,Philip,Griffin,1987-06-16,39,WA,BR107,walkerkeith@example.com,(625)317-9086,Self-Employed,7.4,45860.03,690,2017-09-01
CUST101067,  Mary  ,Kline,1992-06-17,34,TN,BR105,paulsmith@example.org,335.508.4243,employed,5.7,61583.45,702,2020-05-05
CUST101285,Courtney,Day,1968-09-19,58,VA,BR107,brittanysmith@example.org,001-825-701-8607x4290,,6.1,38037.33,716,2013-12-13
CUST101875,Kimberly,Frye,1975-01-24,51,WI,BR101,mannbrandi@example.org,001-559-856-7832x395,Employed,3.5,29356.34,735,2023-10-06
CUST100228,Jacob,Baker,1998-08-02,28,AZ,BR107,thomas95@example.com,(976)436-5564,Employed,0.3,,624,2020-03-31
CUST101748,James,Lee,1974-11-27,51,IN,BR109,brittany58@example.org,001-935-328-8050x750,Employed,1.6,"$128,959.19",830,2020-06-18
CUST100655,Ann,Hansen,1977-11-23,48,TN,BR108,huangthomas@example.net,(915)814-9409,Self-Employed,6.7,46438.5,706,2022-03-25
CUST101644,Scott,Jackson,1975-02-02,51,NC,BR103,hansenjoshua@example.net,296.953.9450x37548,EMPLOYED,1.6,69927.77,709,2019-07-22
CUST101124,Allen,Sanchez,1987-01-01,39,Texas,BR110,,+1-721-659-7738,Employed,21.0,74138.09035973258,681,2025-09-24
CUST102412,Adam,Carter,1991-12-31,34,VA,BR101,kwilliams@example.com,420-714-8760x96737,Employed,16.0,105717.73,771,2012-03-22
CUST101609,Gary,Wilson,1989-05-25,37,IN,BR100,pwilliams@example.org,+1-211-423-9933,Employed,9.6,33715.22,693,2016-07-25
CUST100629,Dominique,Harris,1972-08-26,54,NC,BR103,rogernelson@example.org,001-850-527-1607x36077,SE,4.1,77008.35,725,2014-10-16
CUST100925,Ariana,Hamilton,1992-05-30,34,VA,BR102,,288-219-5977x21688,Self-Employed,6.0,96075.18,733,2022-12-01
CUST101019,David,Berry,2000-07-31,26,MI,BR111,pparker@example.com,(313)260-9085x818,Employed,0.8,10034.71,658,2015-12-14
CUST102441,Steven,Carter,1965-12-12,60,PA,BR108,gmiller@example.com,8549337073,Employed,3.6,47060.29,718,2012-11-21
CUST102082,Linda,Knight,1979-09-24,46,CO,BR103,brookeballard@example.org,001-837-502-6578x149,Employed,5.5,68328.82,716,2023-08-31
CUST101786,Ryan,Cunningham,2008-03-07,18,IL,BR111,davisnatalie@example.org,+1-371-490-9520x3872,Employed,0.0,69008.94,668,2013-07-29
CUST102123,Shawn,Bishop,1985-02-22,41,GA,BR111,mcknightfernando@example.net,(979)540-6015x41382,self-employed,2.6,62247.87,717,2020-01-13
CUST101075,Michael,Martinez,1992-06-01,34,PA,BR104,ebowen@example.net,4602488693,Employed,4.0,,729,2022-01-28
CUST102416,Jimmy,Avery,1964-02-26,62,PA,BR101,josephthompson@example.org,604.731.0772x2287, Employed ,2.3,87187.86,729,2025-05-03
CUST101244,Maurice,Lara,1967-07-08,59,IN,BR106,derrickyoung@example.com,+1-277-381-4564x7437,Employed,6.3,55807.39,715,2020-11-23
CUST100508,Rachel,Hoffman,1967-07-09,59,NC,BR111,ncampbell@example.net,718.749.1966,Employed,2.9,100287.78,755,2014-09-05
CUST100710,Emily,Preston,1976-11-14,49,OH,BR108,bward@example.org,+1-442-755-7782x058,Employed,7.4,101484.64,762,2019-10-13
CUST102360,Amy,Jones,1972-02-21,54,MA,BR105,heathermaldonado@example.net,873.606.1460x1741,self-employed,6.2,19142.24,737,2012-02-08
CUST100607,John,Hudson,1987-01-18,39,TN,BR103,xcohen@example.org,001-796-488-3275x3273,Unemployed,0.0,4758.51,649,2016-02-04
CUST100387,Kimberly,Medina,1972-09-16,54,MO,BR106,jali@example.com,6076942007,Unemployed,0.0,14342.08,607,2024-03-31
CUST100867,Sean,Johnson,1960-10-22,65,WA,BR101,sarah80@example.org,+1-764-548-2217,Retired,0.0,,667,2020-03-29
CUST100911,Brianna,Robinson,1989-03-04,37,WI,BR103,patricia88@example.org,+1-242-753-6462,Employed,0.4,42149.82,719,2016-09-14
CUST101921,David,Atkinson,1990-04-24,36,IL,BR110,rhonda24@example.net,+1-991-596-0841x58553,EMPLOYED,0.8,109583.06,741,2012-08-23
CUST100148,Patricia,Craig,1986-07-01,40,PA,BR110,perezwilliam@example.org,8305756220,Employed,1.0,53406.04,743,2016-07-10
CUST100753,Laura,Boone,1980-08-27,46,CO,BR101,jason72@example.net,(401)409-1217,Employed,1.2,86910.77,727,2022-07-04
CUST101273,Thomas,Davis,1980-04-17,46,VA,BR105,patrick86@example.net,(443)620-3172x6652,Employed,0.4,,721,2017-08-01
CUST100340,Jeremiah,Newton,1999-02-15,27,TX,BR104,robbinsbelinda@example.net,741-598-7635x14846, Employed ,3.1,45506.24,693,2017-11-26
CUST102316,Adam,Lopez,1998-08-18,28,TN,BR111,dwilliams@example.com,836.902.7315,Employed,0.5,72980.77,702,2024-03-31
CUST101115,Gloria,Ortega,1968-04-25,58,FL,BR102,craigjohn@example.com,490-314-5996x7069,Employed,27.1,,713,2020-12-04
CUST100540,Denise,Johnson,1987-09-16,39,NY,BR103,vgreen@example.org,(238)750-3719,Self-Employed,0.7,41546.81,615,2026-05-11
CUST101466,Sarah,Jones,1982-10-29,43,IL,BR102,,3497021444,Employed,2.1,55026.18,726,2016-09-15
CUST101265,Misty,Smith,1992-03-17,34,IN,BR109,adamkramer@example.com,527.627.6698,Employed,8.1,102246.9,721,2016-06-12
CUST100955,Kyle,Everett,1978-10-24,47,TN,BR108,karenjordan@example.net,(878)997-6098x7312,Employed,11.1,79985.88,797,2025-01-18
CUST100280,  Steven  ,Hall,1979-06-08,47,GA,BR110,,(962)955-7701x715,Employed,9.2,120745.18,748,2024-05-04
CUST100510,Paula,Hull,2001-02-16,25,WI,BR110,rogersallen@example.com,764-945-5618,Employed,7.0,48595.93,759,2020-11-09
CUST101592,Ryan,Mcdowell,2005-09-26,20,IL,BR101,xlittle@example.org,(573)447-6714x9986,EMPLOYED,2.0,36955.68,702,2020-01-26
CUST101514,Mario,Moss,1989-05-06,37,MO,BR108,jmccormick@example.org,8632228012,Employed,7.8,17735.63,673,2025-03-04
CUST100687,Charles,Lopez,1957-06-05,69,IN,BR110,katelyn32@example.com,,Retired,0.0,18968.2,620,2015-12-03
CUST100335,Cole,Jones,1980-05-06,46,NY,BR103,msparks@example.com,+1-977-784-8588x00616,Employed,1.7,80478.2,749,2024-06-12
CUST100642,Sharon,Smith,1988-11-10,37,WA,BR104,jeanette43@example.net,+1-891-806-2272x362,Employed,9.7,29522.76,674,2020-07-18
CUST102027,Faith,Conrad,1995-03-22,31,NC,BR100,rbenson@example.com,(361)858-7898,Unemployed,0.0,20095.62,573,2023-11-22
CUST100782,James,Clark,1988-06-16,38,FL,BR100,kennethbrown@example.com,492.301.3546,Employed,0.2,71470.55,667,2024-02-28
CUST102259,Franklin,Scott,2003-08-11,23,MI,BR103,,9842798011,Employed,1.7,106383.38,755,2022-09-08
CUST102477,Marissa,Payne,1976-04-17,50,TN,BR107,markjohnson@example.com,915-819-0937x5770,Employed,12.5,89171.12,679,2021-07-13
CUST100621,Kathryn,Smith,1995-04-15,31,NJ,BR110,abrown@example.com,+1-827-740-3344x5056,Employed,10.6,42408.45,710,2020-01-18
CUST102390,  William  ,Garcia,1982-05-22,44,MA,BR103,erika25@example.com,696.325.5614,Employed,8.9,93922.79,757,2025-09-12
CUST102140,Troy,Murphy,2003-03-29,23,TN,BR109,christinehowell@example.org,(791)984-5441x9838,Employed,1.1,,761,2026-03-29
CUST100834,Daniel,Clements,1971-05-14,55,MO,BR107,johnsonmichael@example.com,(698)719-8780x9270,Employed,20.5,79172.15,787,2013-08-29
CUST102043,Austin,Wheeler,1975-12-23,50,OH,BR111,xgreen@example.net,271.799.4250x59253,Unemployed,0.0,13830.69,643,2017-01-28
CUST101450,Jose,Brown,1998-10-29,27,IL,BR100,stephanie45@example.com,5059490809,Employed,1.9,62235.34,701,2017-09-17
CUST100394,Philip,Cook,1978-01-15,48,VA,BR100,mooneyjeremiah@example.net,(713)632-5411x07609,SE,9.0,80046.33,685,2015-05-30
CUST100845,Chad,Brown,1997-11-24,28,NC,BR108,elizabethcarlson@example.net,,employed,3.3,,710,2023-07-23
CUST102440,Willie,Miller,1986-05-22,40,NC,BR109,mikecarter@example.net,514.853.6513,Employed,3.8,71860.4,732,2013-05-18
CUST102469,Adam,Wilson,1964-03-17,62,OH,BR105,dhensley@example.com,499.764.5115x905, Employed ,18.5,39571.31,646,2017-11-18
CUST101761,Christopher,Collins,1983-12-31,42,TN,BR105,brett27@example.net,(490)482-6800x907,Self-Employed,1.8,72513.37,730,2012-02-18
CUST100337,Brian,Baker,2001-11-18,24,AZ,BR101,wjensen@example.com,700-790-2559x05616,Employed,6.0,61704.67,794,2017-11-13
CUST102056,Arthur,Edwards,1970-09-20,56,FL,BR103,housecynthia@example.org,,Employed,5.8,76791.83,708,2012-04-02
CUST101109,Thomas,Dominguez,1994-11-15,31,AZ,BR110,,8782604356,Employed,4.1,104528.52,692,2016-10-03
CUST100293,Joseph,Nelson,1969-05-18,57,CA,BR110,scottbreanna@example.com,001-339-338-5258x00106,Self-Employed,21.0,43968.96,708,2021-12-13
CUST102116,Nicholas,Gordon,2000-05-24,26,IL,BR101,hendersonkimberly@example.net,592.324.1997x970,Employed,5.0,40964.76,708,2030-01-01
CUST102205,Tara,Fox,1982-10-16,43,VA,BR105,james13@example.com,+1-271-968-2611x14762,Employed,11.8,65401.33,673,2014-10-12
CUST102072,Susan,Morrison,1990-10-08,35,CO,BR104,bpham@example.com,377.878.4247,Self-Employed,1.2,74290.97,700,2026-07-19
CUST100470,  Sheri  ,Ramirez,1980-05-13,46,WI,BR106,josephgibbs@example.net,338.610.5955,Employed,0.7,111792.78,696,2022-06-30
CUST100557,Eddie,Snyder,1975-03-25,51,IL,BR104,rachelwalter@example.org,(816)248-7120,Employed,3.4,62295.76,792,2022-01-07
CUST102038,Andrew,Barr,1990-12-09,35,TN,BR108,,001-774-709-5290,Employed,3.7,76703.94,765,2012-03-17
CUST102414,Joseph,Bell,1963-03-30,63,IN,BR104,,910-802-0896,Retired,0.0,33995.59,645,2022-11-11
CUST101262,Daniel,Black,2001-02-28,25,IN,BR105,zcoleman@example.net,(811)399-7675x98332,Employed,6.2,88896.42,745,2018-10-31
CUST101022,Noah,Sanchez,1977-11-03,48,NY,BR102,kellermary@example.org,572.670.2896x6605,employed,5.5,51836.62,732,2014-05-13
CUST100120,Charles,Jacobs,1962-12-15,63,FL,BR106,unovak@example.org,+1-647-573-5866x2961,Retired,0.0,21438.78,628,2022-05-12
CUST100905,Michelle,Braun,1980-01-01,46,IL,BR104,samanthacarr@example.net,300-417-8822x473,unemployed,0.0,12911.69,574,2026-07-19
CUST101306,Randy,Young,1995-03-06,31,TN,BR102,nelsoncassandra@example.net,546.875.4182,Employed,2.3,51918.85,747,2019-10-21
CUST101388,Theresa,Schultz,2005-04-26,21,WI,BR103,scotttiffany@example.net,001-773-241-8559,Employed,3.0,65305.92,690,2019-06-15
CUST101334,Michael,Roberts,1987-07-02,39,NY,BR100,john82@example.com,+1-728-455-0743x509,Employed,21.0,68894.07,720,2026-04-03
CUST102227,Daniel,Fowler,1991-10-05,34,TX,BR104,robertwalker@example.com,474.551.2619x37902,Employed,3.1,63522.74,690,2024-11-02
CUST101935,Stephanie,Brennan,1986-07-11,40,VA,BR102,xneal@example.org,001-437-984-9531,Employed,2.4,92215.78,742,2023-09-12
CUST101093,Bonnie,Garcia,1991-11-12,34,WI,BR107,elizabethwilliams@example.com,597.624.7925x4221,Employed,0.9,"$67,228.07",740,2021-02-04
CUST101559,Michael,Warner,2007-03-22,19,VA,BR106,jasmine72@example.org,363-316-0378,Self_Employed,1.0,113531.63,721,2021-06-15
CUST100815,Shane,Taylor,2008-06-09,18,FL,BR111,ahines@example.net,(892)250-8177,Unemployed,0.0,16464.57,569,2026-05-16
CUST100863,  Jasmine  ,Stewart,1977-05-23,49,New York,BR110,,5943976987,Employed,0.1,102209.15,766,2014-09-08
CUST101082,  Jeffrey  ,Wilson,1997-02-06,29,AZ,BR103,rmoore@example.com,(738)308-3906x54025,Self-Employed,0.2,63960.4,735,2022-02-24
CUST101208,Kendra,Evans,1980-02-15,46,AZ,BR111,,898-966-3420x953,Unemployed,0.0,9171.44,548,2021-03-22
CUST101580,Ashley,Bright,1992-12-09,33,IN,BR100,TBROWN@EXAMPLE.COM,001-982-210-0370x90703,Employed,1.0,-71026.80819424179,669,2019-08-06
CUST101289,  Donna  ,Mcintosh,1984-07-31,42,VA,BR108,asoto@example.com,966.948.5320,Unemployed,0.0,78.11,605,2017-03-02
CUST101857,Christopher,Shelton,1985-01-30,41,Florida,BR103,colleen19@example.com,764-446-4523x90041,unemployed,0.0,9626.24,579,2016-03-30
CUST100095,Diana,Stanton,1980-12-27,45,VA,BR104,jennifersilva@example.org,896.523.0913x07562,Self-Employed,10.1,14557.47,613,2017-11-05
CUST100604,Michael,Reynolds,1992-11-21,33,FL,BR104,potterjustin@example.net,636.482.6911x6331,Unemployed,0.0,18743.75,519,2024-08-16
CUST102114,Beverly,Jackson,1993-07-09,33,CA,BR102,oporter@example.net,,Employed,4.5,55507.16,732,2019-08-04
CUST100550,Denise,Ingram,1980-12-22,45,IL,BR108,martinezashley@example.com,527-870-7070x578,Employed,5.1,99612.43,765,2012-08-06
CUST100475,Lisa,Parker,1969-08-13,57,FL,BR103,dmoore@example.net,001-448-210-0184x186,Employed,12.4,70894.04,756,2025-05-01
CUST101499,  Mark  ,Long,1982-08-18,44,WA,BR106,gainesmelissa@example.org,887.388.5285,Employed,6.4,52379.36,721,2019-11-14
CUST100212,Denise,Houston,1975-02-02,51,TN,BR101,nicholas38@example.com,(657)579-0827x231,Self-Employed,9.6,41126.0,651,2013-12-18
CUST101588,  Kathleen  ,Vega,1956-12-16,69,PA,BR109,amandarichardson@example.net,001-712-357-8047x37198, Self-Employed ,0.1,56938.3,704,2018-11-05
CUST102024,Leslie,Morse,1972-04-22,54,NJ,BR108,brandon19@example.net,+1-795-408-1900x5673,,1.5,102467.71,822,2023-09-12
CUST100276,Alexandra,Rowe,1991-06-16,35,WA,BR104,kaylagarcia@example.net,+1-923-207-6810x40915,Employed,0.8,52430.43,752,2013-04-05
CUST100505,Dillon,Miller,1993-10-02,32,NJ,BR110,josepholson@example.org,(684)877-6863x423,Employed,6.4,16272.9,711,2013-04-04
CUST101335,Cynthia,Boyle,1969-07-30,57,MI,BR107,chelsea70@example.org,001-369-964-5359,Employed,3.0,89549.76,701,2017-10-06
CUST100901,David,Harding,1974-04-27,52,FL,BR102,ryanmiles@example.com,789.482.6041x809,Employed,10.2,54271.31,711,2025-10-04
CUST100448,Michael,Stephens,1997-03-25,29,CA,BR101,qrowland@example.org,940.784.8729,Employed,4.1,,693,2019-07-10
CUST101409,Vincent,Whitney,1976-06-24,50,NJ,BR108,darren04@example.net,280-794-7318x156,SELF-EMPLOYED,7.8,58922.43,622,2024-05-01
CUST100989,Olivia,Nolan,1993-12-29,32,CO,BR102,mcconnellangela@example.org,(592)599-0076x86276,Employed,2.0,85983.68,771,2014-05-15
CUST100303,Dennis,Moody,1998-04-22,28,Florida,BR107,bstrickland@example.com,400-521-9467,Employed,10.0,79932.12,686,2013-11-09
CUST102352,Desiree,White,2008-06-09,18,MA,BR108,smithjustin@example.net,(778)352-3461,,0.0,85383.24,728,2023-07-02
CUST102455,Latoya,Hansen,1988-04-14,38,VA,BR111,christopher01@example.com,5646490359,Employed,9.8,39409.94,694,2025-07-22
CUST101996,  Morgan  ,Duncan,2007-09-30,18,NC,BR105,mcintoshpatrick@example.net,893-656-5803x6383,Employed,0.0,94679.7,719,2018-12-28
CUST102115,Gordon,Banks,1980-09-16,46,TN,BR110,suarezamy@example.net,(400)766-8812x7904,Employed,2.0,31139.1,-100,2014-04-15
CUST102067,Karen,West,1991-01-29,35,MO,BR101,johnsonnicholas@example.net,(739)967-0447x77140,Employed,3.0,63894.11,712,2024-05-05
CUST101901,Krista,Contreras,1988-07-14,38,MO,BR101,ashley16@example.org,430-431-0166x366,Self-Employed,12.0,52016.69,705,2019-07-18
CUST100324,Virginia,Jones,1973-01-01,53,IL,BR108,bianca96@example.com,+1-971-458-9042x9025,Unemployed,0.0,,554,2017-01-20
CUST102434,Beverly,David,1987-08-30,39,IN,BR109,abolton@example.net,360.622.3644x995,Self-Employed,5.9,54551.47,737,2015-03-22
CUST101433,Barbara,Walsh,1967-11-20,58,NC,BR106,christina67@example.com,653-990-2262,,2.5,33847.14,694,2022-08-05
CUST101473,  Melissa  ,Brown,1988-04-30,38,PA,BR108,howellglenn@example.org,8013101561,Employed,2.6,63682.08,771,2024-05-06
CUST102102,Bryan,Miles,1978-12-31,47,CO,BR108,mary60@example.net,+1-797-206-4937,Employed,0.7,29586.0,686,2015-12-20
CUST102456,Todd,Webb,1989-11-04,36,Texas,BR101,jameshiggins@example.net,307.818.2182,Employed,0.6,19675.57,708,2021-09-22
CUST100150,Miguel,Carter,1994-03-07,32,NJ,BR101,jodi37@example.com,001-573-783-2060,EMPLOYED,3.7,127280.05,786,2021-03-18
CUST102451,  Luke  ,Estrada,2008-05-01,18,WA,BR106,aguilarrandall@example.net,(219)640-7234x615,Self-Employed,0.0,60148.55,707,2013-06-27
CUST101121,Emily,Khan,1983-02-22,43,TX,BR103,,+1-424-758-7012x0424,Employed,2.5,93800.63,741,2014-12-06
CUST102329,  Timothy  ,Moran,1974-06-18,52,IL,BR107,johnsonjonathan@example.org,2076231492,Employed,3.1,17542.91,786,2020-03-15
CUST101130,  Lisa  ,Simpson,1972-12-05,53,WA,BR105,rachelbridges@example.com,(409)498-6564,Employed,15.7,57358.55,758,2016-02-25
CUST102343,Kathryn,Wagner,2000-04-21,26,MI,BR100,,384.990.3217x7491,employed,8.0,105392.65,723,2018-03-21
CUST101048,Andrea,Adams,1987-10-26,38,CA,BR105,,282-423-8794,Employed,1.8,20583.44,688,2026-01-22
CUST100811,Donna,Davis,1990-11-14,35,WI,BR111,wberry@example.com,+1-713-308-7612x3859,SE,2.6,55190.91,737,2015-06-25
CUST101557,Jessica,Horton,2001-09-08,25,VA,BR103,ramosedward@example.com,+1-367-904-1710x3891,Employed,3.5,81647.31,724,2016-01-22
CUST101063,Mary,Mills,1995-05-26,31,AZ,BR101,ruizkimberly@example.net,001-403-471-6160x88197,Employed,3.5,73857.98,762,2025-01-21
CUST102303,Heather,Brown,1996-07-14,30,CA,BR110,keithflores@example.com,616-427-4351,Employed,12.0,65202.29,652,2019-05-25
CUST100869,Deborah,Miller,2001-10-25,24,WA,BR110,williamporter@example.net,629-268-8276x970,Employed,0.4,42986.32,713,2020-07-04
CUST102442,Jordan,Smith,1975-03-22,51,CO,BR103,sylvia12@example.org,489.240.6972x967,Self-Employed,6.8,47574.25,714,2015-10-17
CUST100892,Jonathan,Ryan,1978-03-28,48,AZ,BR106,klara@example.net,(698)982-9045x79271,EMPLOYED,4.9,73403.19,756,2021-11-18
CUST101403,Jessica,Sherman,1992-02-23,34,FL,BR106,rrichardson@example.net,6295335838,Employed,3.4,15989.1,656,2021-11-26
CUST101100,Stefanie,Walker,1987-10-26,38,FL,BR103,nealrobert@example.org,427.870.5646x16076,Employed,10.3,54597.55,766,2015-12-03
CUST101315,Tiffany,Hughes,1983-02-06,43,NY,BR107,nmcintosh@example.com,+1-583-800-4837,Unemployed,0.0,14267.65,635,2022-08-06
CUST101134,Richard,Smith,1996-01-15,30,IL,BR101,mhenry@example.net,(417)250-3619,Employed,0.6,34722.6,679,2013-11-28
CUST101648,Justin,Cabrera,1978-06-25,48,NY,BR108,,960.978.1951x6484,Employed,1.0,41302.29,649,2020-02-29
CUST101023,Lindsay,Scott,1989-10-22,36,IN,BR110,gjones@example.net,001-275-535-8464x051,Employed,0.1,70687.17,711,2021-09-15
CUST100246,Colton,Hardy,1987-09-07,39,IL,BR110,hlopez@example.net,,Employed,2.9,,695,2024-11-22
CUST100145,Danielle,Medina,1977-02-15,49,AZ,BR109,joshuacollins@example.net,528.256.9146,Employed,5.0,44155.26,642,2015-05-16
CUST100795,Jennifer,Wood,2000-07-06,26,MO,BR109,kellychung@example.net,2175646448,Employed,8.0,35519.58,693,2022-08-17
CUST100589,  Michael  ,Santana,1992-10-30,33,VA,BR109,robertcook@example.net,925-942-7820,Self-Employed,3.4,123629.5,682,2020-07-30
CUST100073,Craig,Wise,1998-07-27,28,WA,BR104,stanleynancy@example.net,(296)822-2927,Employed,3.6,57433.23,659,2017-02-27
CUST100460,Ian,Cain,2000-02-25,26,TX,BR103,mayodiana@example.com,(625)260-5313,Employed,8.0,94879.66,720,2013-09-19
CUST100486,Kyle,Hooper,1982-10-26,43,WI,BR110,susan83@example.com,001-965-221-5681x82096,Employed,0.0,26103.66,724,2016-01-19
CUST100446,Ryan,Duncan,1993-05-15,33,PA,BR102,nguyenjennifer@example.net,(360)568-8871,Employed,13.6,90778.98,726,2026-02-16
CUST102138,Jeff,Marshall,1987-03-25,39,CO,BR111,dwilliams@example.com,5704950626,Employed,5.2,86089.2,641,2018-05-06
CUST101229,  Craig  ,Taylor,1959-07-12,67,MO,BR110,adrianrussell@example.org,611.252.2328x22282, Retired ,0.0,16146.97,663,2019-09-20
CUST100492,Joshua,Johnson,1981-03-14,45,TX,BR100,stacythomas@example.org,690-696-0567x30306,employed,6.6,77226.85,764,2021-03-16
CUST100170,Justin,Nichols,1982-10-28,43,NC,BR105,natalie46@example.net,899.770.2462x9960,employed,8.4,82869.93,743,2022-01-09
CUST102450,Renee,Pierce,1985-11-14,40,FL,BR102,troy04@example.org,001-952-977-0354x76630,Employed,4.2,99810.71,759,2020-03-25
CUST102104,  Malik  ,Mccoy,2008-06-29,18,MO,BR100,princedavid@example.net,+1-257-654-7388,Employed,0.0,89068.65,729,2014-05-29
CUST101265,Misty,Smith,1992-03-17,34,IN,BR109,adamkramer@example.com,527.627.6698,Employed,8.1,102246.9,721,2016-06-12
CUST101015,  Megan  ,Williams,2006-06-19,20,IL,BR110,charlesmcgee@example.com,,Unemployed,0.0,,557,2022-12-03
CUST100097,Shelly,Hendrix,1965-01-08,61,IN,BR100,janet75@example.com,(284)641-9866x524,Employed,0.8,86299.15,744,2025-12-22
CUST101217,Rhonda,Higgins,1985-02-19,41,FL,BR104,adavis@example.com,+1-406-783-3539x10161,Employed,3.1,37201.46,658,2023-06-09
CUST101772,Joseph,Nicholson,1957-08-17,69,MI,BR105,lydiasullivan@example.net,929.985.6849,Retired,0.0,32362.83,703,2023-11-26
CUST101467,Seth,Perez,1980-04-25,46,NC,BR100,elizabethstone@example.net,001-265-552-3917,Employed,26.7,0.0,647,2022-07-26
CUST101749,Crystal,Hayes,1987-08-10,39,NC,BR104,michaelkramer@example.com,(652)647-7774,Self-Employed,4.8,32419.45,680,2020-02-28
CUST102408,Keith,Butler,1988-03-03,38,PA,BR101,nicholas27@example.org,001-531-788-1567x541,self-employed,11.9,48986.65,711,2015-11-10
CUST101478,Gregory,Barron,2008-08-20,18,CO,BR108,stevengreen@example.net,001-652-625-2964,Employed,0.0,83373.92,671,2021-12-03
CUST101890,Barbara,Perry,1974-02-16,52,CO,BR111,helen14@example.com,475.725.7448, Employed ,0.5,17780.29,679,2013-10-21
CUST100098,Sandra,Douglas,1987-10-20,38,MO,BR104,ilewis@example.com,+1-542-519-9330,Employed,4.4,63881.37,726,2012-07-04
CUST102344,Andrew,Steele,1983-01-21,43,MI,BR107,ramirezmargaret@example.com,+1-831-257-5229x5083,Employed,2.1,78923.39,793,2025-04-04
CUST100347,Scott,Smith,1999-12-17,26,NC,BR107,,634-332-7560,Employed,1.2,50118.36,646,2024-01-02
CUST100601,  Kathleen  ,Kim,1993-03-13,33,NC,BR103,joshuapowers@example.net,(724)340-6306x2447,Employed,15.0,83348.99,722,2015-01-09
CUST100395,Susan,Wall,1978-03-13,48,OH,BR101,april31@example.net,,employed,19.4,72483.14,730,2025-06-08
CUST100426,Kathleen,Weiss,1991-06-17,35,AZ,BR105,ysmith@example.com,949-682-8246,self-employed,0.4,57579.41,608,2018-06-28
CUST100021,Rachel,Hunter,1984-11-06,41,MO,BR108,snguyen@example.com,+1-823-266-2994,Employed,5.0,27112.49,722,2016-04-03
CUST101583,Christopher,George,1990-05-27,36,CO,BR109,waynegriffin@example.net,277-495-0034x522,Unemployed,0.0,,600,2018-04-01
CUST101038,Angela,Waller,1964-01-09,62,AZ,BR105,josephcooper@example.net,(798)351-6021x191,employed,3.2,85533.97,732,2014-04-09
CUST102300,Sandra,Ortega,1979-10-25,46,MA,BR107,ureyes@example.com,208.743.1965x21790,Employed,1.6,80799.37,727,2014-08-12
CUST102286,Julie,Bentley,1999-06-30,27,AZ,BR111,michael88@example.com,,Employed,9.0,77042.63,764,2016-07-07
CUST101864,Margaret,Burton,1996-04-18,30,WI,BR108,fstevenson@example.net,(330)852-7043x69225,Self-Employed,4.9,31282.94,687,2015-06-17
CUST101144,Thomas,Smith,1971-04-29,55,TN,BR100,xcrane@example.net,347-708-2317x146,Self-Employed,1.6,41595.76,693,2022-08-08
CUST100844,Jenny,Ford,1979-11-05,46,AZ,BR100,zrobinson@example.com,930-295-4497x9127,Employed,5.5,62066.42,752,2014-07-05
CUST101220,Beth,Page,1976-09-12,50,WA,BR102,ingrambrandon@example.com,+1-220-528-8661x6801,Employed,7.9,"$62,192.16",689,2016-01-29
CUST100250,Christopher,Ross,1981-07-15,45,TX,BR104,jessicacummings@example.com,(379)219-4096,Employed,23.1,"$105,013.79",798,2025-06-23
CUST100739,  Fernando  ,Obrien,1967-06-09,59,GA,BR100,jonesnicholas@example.org,878-676-8868x7859,Employed,11.4,86009.47,766,2019-07-14
CUST100964,Sean,Brown,1992-06-26,0,AZ,BR102,,454.285.3465x5792,Employed,1.6,43459.67,666,2015-05-15
CUST101669,Carla,Davis,1972-04-10,54,MO,BR100,maureen20@example.org,(240)409-3339x6379,Employed,3.7,0.0,665,2025-04-17
CUST102246,John,Duran,1971-07-28,55,IL,BR110,fordjoshua@example.org,450.258.2405x54651,Employed,2.5,74092.83,761,2017-09-17
CUST101509,Mason,Martinez,1972-01-24,54,MO,BR104,vlewis@example.com,4779789433,Employed,3.7,74887.76,743,2017-11-02
CUST102375,Diane,Martinez,1972-02-25,54,MI,BR107,jacobjones@example.com,554.856.3679,Employed,1.2,96312.83,811,2019-03-11
CUST101314,  Colin  ,Evans,1985-02-20,41,WI,BR109,brookskenneth@example.org,296-686-3647,Self-Employed,3.1,7459.97,635,2017-07-07
CUST101846,Danielle,Miller,1986-04-26,40,MA,BR105,,(479)529-4965,Employed,1.5,60863.02,779,2023-06-16
CUST101182,Bianca,Wood,2007-10-13,18,CA,BR111,jjackson@example.org,448.587.6380x20761,Employed,0.0,117093.81,779,2020-07-30
CUST100243,Kenneth,Baker,1977-11-17,48,VA,BR102,shawn86@example.net,(809)559-3518,Employed,7.5,70240.59,738,2019-07-17
CUST100066,Robert,Wilson,1984-06-07,42,AZ,BR102,burchgeorge@example.net,651.761.3696x816,Employed,2.7,75493.92,705,2015-01-11
CUST100658,Larry,Thompson,1961-11-27,64,GA,BR103,fkoch@example.org,(346)633-5157, Retired ,0.0,"$54,577.45",672,2012-01-11
CUST100933,Tammy,Myers,1981-10-05,44,WI,BR111,gailjacobs@example.org,001-439-465-0496x273,Self-Employed,0.4,36169.83,681,2017-06-21
CUST102143,Douglas,Lang,2003-05-10,23,NY,BR102,hartmangeorge@example.net,(249)895-8700x51253,Employed,5.0,99153.02,809,2014-08-10
CUST101655,Mallory,Moore,1984-07-27,42,NC,BR101,martinezmichael@example.org,+1-502-799-9663x3092,Employed,0.2,0.0,703,2024-05-25
CUST101528,Charles,Kelly,1993-07-17,33,MA,BR105,qwilson@example.org,8736480022,employed,4.9,137432.6,791,2014-01-12
CUST101496,Carol,Haas,1971-03-03,55,PA,BR104,rodriguezjacob@example.com,001-983-604-5762,Employed,5.2,63063.45,725,2016-07-28
CUST100535,Jessica,Hall,1992-10-02,33,TX,BR110,portererin@example.com,001-933-712-6610x94101,SE,0.1,41931.6,708,2020-10-08
CUST101344,Robert,Woods,1992-02-29,34,NC,BR108,westjeffrey@example.org,844.957.7626x263,Self-Employed,3.5,97261.5,675,2019-10-02
CUST101554,Sylvia,Madden,1992-01-10,34,IL,BR111,laurie57@example.org,839.396.2768,Unemployed,0.0,10300.2,554,2014-06-29
CUST101432,Jonathan,Choi,1972-08-20,54,CO,BR111,robert00@example.net,684-929-3359,Employed,0.5,44581.95,700,2023-09-04
CUST100361,Christopher,Mcdonald,1997-05-16,29,IL,BR110,,(343)286-4908,Employed,4.0,77201.7,723,2019-05-20
CUST101456,Lisa,Foley,2002-07-21,24,WA,BR106,kevin20@example.org,(348)524-8863,,6.0,7372.84,695,2024-09-04
CUST100484,Cassie,Jones,1990-09-13,36,TN,BR107,pwoods@example.net,(762)205-6341x1159, Employed ,18.0,45997.05,691,2015-04-19
CUST102359,Wendy,Jones,1994-12-07,31,WI,BR111,,(416)632-9566x148,Employed,5.3,68277.07,706,2021-06-16
CUST101808,Pamela,Molina,1988-09-16,38,NY,BR100,christopher69@example.net,261-334-4088x33183, Employed ,5.4,33760.89,687,2017-08-13
CUST101157,Ann,Anderson,1964-11-28,61,NC,BR108,kathrynochoa@example.com,(799)424-2773x9238,Employed,0.5,70817.58,715,2012-06-02
CUST102079,Richard,Howard,2000-07-15,26,FL,BR105,michael26@example.com,+1-992-544-8372x687,self-employed,2.5,74482.89,678,2022-09-02
CUST100765,Kathleen,Wilson,1963-04-11,63,NC,BR100,hartmandanielle@example.org,786-840-1042x4624,Retired,0.0,,720,2026-05-13
CUST101806,Catherine,Martin,1999-07-18,27,MI,BR105,lunajoseph@example.org,734.346.6610,Employed,9.0,42580.24,687,2025-09-15
CUST101185,Elizabeth,Atkinson,1977-06-06,49,CO,BR103,catherine70@example.org,001-550-767-5789x683,Unemployed,0.0,17089.3,626,2017-01-03
CUST102387,Alexis,Barajas,1982-11-13,43,WA,BR104,markbuck@example.net,+1-957-583-9803x7037,Employed,1.8,18027.92,668,2022-12-08
CUST100286,Whitney,Santiago,1990-11-17,35,TN,BR101,alexanderwong@example.org,001-876-921-2679x6927,,3.0,104923.66,694,2017-06-18
CUST100949,Karen,Anderson,1970-01-18,56,OH,BR107,tinabrandt@example.net,(422)780-1944,Employed,1.0,68088.72,731,2020-01-30
CUST101603,Darrell,Morgan,1983-11-29,42,WI,BR101,jessicacabrera@example.com,001-755-586-8190x041,Employed,12.4,45369.09,730,2014-12-05
CUST100139,Scott,Smith,1977-08-01,49,IN,BR104,sharris@example.org,+1-542-841-5415x2064,Self-Employed,1.2,38480.72,668,2021-07-02
CUST100848,Ashley,Mcfarland,1986-08-06,40,FL,BR108,johnsonedward@example.net,(595)201-4374,Employed,2.9,40687.3,720,2020-11-08
CUST101687,Robert,Kennedy,2008-08-05,18,IL,BR109,kempbonnie@example.org,(618)830-2426,Employed,0.0,100133.87,686,2022-11-29
CUST101760,Michael,Smith,1977-09-10,49,AZ,BR104,cameronchavez@example.org,+1-995-507-9337x73129,Employed,6.7,75961.1,725,2024-12-26
CUST101965,Jessica,Curry,1984-12-28,41,IN,BR111,whitenicholas@example.com,+1-693-663-1962x756,Employed,8.4,96492.47,708,2015-01-18
CUST101138,Amy,Miller,1980-01-26,46,WA,BR107,morrismary@example.com,296-653-9160x770,Self-Employed,4.6,3884.12,612,2011-11-22
CUST102312,Michelle,Serrano,1978-04-19,48,VA,BR102,gmassey@example.net,263.459.1142,Employed,2.5,57407.36,781,2019-11-22
CUST102322,James,Smith,1975-06-03,51,IN,BR101,hansenmorgan@example.org,+1-969-748-4674,Employed,2.7,105196.85,779,2014-03-26
CUST101943,Michael,Baldwin,1984-09-10,42,AZ,BR106,blakepeter@example.com,613.304.9950x43896,Self-Employed,4.4,82398.41,689,2017-08-29
CUST101664,Robert,Bruce,1987-01-24,39,GA,BR111,,902-476-7490x64122,Employed,6.5,32535.82,656,2021-11-10
CUST100444,Matthew,Hamilton,1960-03-28,66,NC,BR100,courtneypowell@example.org,936-874-9261,Employed,11.2,92081.25,781,2015-10-30
CUST102087,Jennifer,Johnson,1988-07-21,38,NY,BR111,fryematthew@example.org,631-919-5960x27693,Employed,10.9,80684.44,796,2026-08-04
CUST101122,Brenda,Mcmillan,1988-04-27,38,NJ,BR102,summerellis@example.org,8289497603,Self_Employed,2.1,50608.5,683,2011-09-26
CUST101264,John,Douglas,1970-12-18,55,IN,BR106,justinhughes@example.net,(617)875-8015,Employed,15.6,104661.4,754,2018-02-07
CUST102069,Tracy,Dodson,1976-05-09,50,MA,BR101,sarah84@example.com,757-566-3354x20509,Employed,4.8,61166.13,667,2023-05-14
CUST101438,  Mario  ,Jones,1981-01-26,45,MO,BR110,martinezlorraine@example.com,207-615-5587,Employed,27.0,95026.09,712,2021-03-07
CUST101173,Joshua,Jones,1971-07-02,55,NY,BR105,elizabeth09@example.com,+1-619-379-7972x4528,Self-Employed,1.6,38383.05,690,2014-11-07
CUST101849,Raymond,Sanchez,1993-11-12,32,MI,BR101,nicole11@example.net,+1-578-573-7282x659,Employed,9.5,64835.72,652,2022-01-15
CUST101671,John,Macias,1999-02-26,27,WI,BR104,jocelynstephens@example.com,212.642.6647x42644,Employed,7.4,123589.69,825,2018-08-19
CUST100354,Matthew,Mcdonald,1981-03-20,45,WI,BR105,stewartalyssa@example.org,615-702-7456x449,Employed,13.3,63959.69,723,2018-03-23
CUST102345,Brian,Coleman,1976-09-02,50,CO,BR102,angela75@example.com,953.251.5347x4392,Unemployed,0.0,,610,2019-06-15
CUST101940,Heather,Barry,1988-06-19,38,OH,BR103,,869.290.2131x16694,Employed,6.5,11348.96,743,2024-12-30
CUST101076,  Kimberly  ,Green,1979-07-03,47,WI,BR110,,739.861.5976x4053,Self-Employed,2.6,6936.14,585,2018-06-10
CUST102170,Jasmine,Miller,1992-12-05,33,OH,BR108,xchaney@example.org,315-632-7034,employed,5.2,45625.62,677,2025-09-14
CUST101227,Richard,Diaz,1974-05-22,52,WI,BR103,olivia27@example.net,001-217-926-6256x5046,Unemployed,0.0,12908.65,600,2012-01-22
CUST101091,Rodney,Sampson,1969-11-07,56,MI,BR109,qflores@example.net,+1-264-461-2096x1730,Employed,0.1,39548.03,707,2021-07-26
CUST101151,Brian,Lyons,1978-05-05,48,PA,BR100,zsmith@example.com,662-948-6070, Employed ,8.1,71563.32,659,2024-08-10
CUST101862,Julie,Hughes,1972-02-22,54,GA,BR102,vfowler@example.net,(451)461-1339x563,Employed,1.3,65430.08,747,2015-08-13
CUST100417,Michael,Robinson,1979-11-17,46,NY,BR101,staffordamanda@example.com,001-508-516-4709x006,Self-Employed,0.2,15675.27,623,2017-04-24
CUST100966,  Brooke  ,Lee,1994-04-02,32,PA,BR108,courtney70@example.net,(819)593-1458x43456,Unemployed,0.0,15200.09,532,2012-12-26
CUST101242,Lori,Smith,1967-07-03,59,NC,BR108,brandondavis@example.net,9199333593,Employed,0.5,28151.11,717,2012-12-26
CUST101570,Sheri,Nguyen,1982-08-07,44,IL,BR107,ysmith@example.net,340.399.1650,Employed,5.9,53079.28,650,2014-07-17
CUST101866,Kristin,Thompson,1970-09-23,55,IL,BR102,gutierrezmichael@example.com,657.375.6942,Self-Employed,5.0,19420.01,656,2011-10-02
CUST100157,Bruce,Ramirez,1963-04-11,63,IL,BR110,robertday@example.net,780.865.7875,Retired,0.0,41923.13,698,2015-10-04
CUST101762,Tim,Savage,1997-05-19,29,TX,BR105,boydmegan@example.com,(723)995-9602x331,Employed,0.3,82094.23,706,2025-11-02
CUST101154,Michael,Davis,1998-06-16,28,TN,BR108,heather79@example.org,871-791-8986x64693,SE,2.2,40409.18,671,2017-07-08
CUST101278,Kayla,Bradford,1979-09-15,47,OH,BR104,rhonda31@example.org,5589330967,Employed,1.3,38990.99,710,2020-12-14
CUST102237,Jeremy,Hoffman,1979-12-16,46,IL,BR106,kyliewilson@example.org,226.624.9864,Employed,10.1,13525.24,624,2017-09-22
CUST101426,Shannon,Smith,1981-09-10,45,MO,BR106,barbara37@example.net,982-391-5855x11639,Employed,9.5,99290.85,708,2015-12-08
CUST100760,Alexis,Jordan,1990-05-19,36,NY,BR108,deborah70@example.org,(442)744-6263,Employed,5.4,84953.15,722,2013-03-06
CUST100242,Dennis,Roach,1991-01-30,35,FL,BR103,jmann@example.com,+1-673-492-8557,Employed,7.9,91148.18,679,2012-10-01
CUST100884,Rebecca,Herrera,1995-09-24,30,VA,BR101,wellszachary@example.com,978.423.1299x5704,Employed,2.1,99241.51,741,2026-07-22
CUST100620,Randy,Jackson,1965-12-01,60,AZ,BR109,chelseamoore@example.net,796.943.4745x2455,Employed,7.6,19277.33,694,2016-04-26
CUST102207,Andrew,Gardner,1990-05-12,36,NY,BR105,jeffrey30@example.org,685-378-1656x0880,Employed,1.0,62158.24,716,2019-04-22
CUST100537,James,Perkins,1992-07-13,34,IN,BR101,harrislisa@example.org,(969)781-5287x339,Unemployed,0.0,"$18,182.62",629,2017-01-15
CUST102288,  Caitlin  ,Hendricks,1975-11-29,50,GA,BR109,hillmelissa@example.net,718-691-7284,Employed,7.0,47530.21,647,2019-09-20
CUST100013,Eric,Yu,1991-07-30,35,MA,BR106,yorkcasey@example.org,+1-736-619-3990x91699,EMPLOYED,5.5,28986.37,652,2014-10-09
CUST101681,Christopher,Adams,1983-11-07,42,PA,BR108,,001-265-499-0527,Self-Employed,0.7,35321.48,691,2016-12-18
CUST100740,Wesley,Porter,1984-02-18,42,GA,BR107,clarkcarol@example.com,519-866-6450x5730,Employed,4.7,78511.63,692,2023-04-15
CUST101400,Autumn,Williams,1979-02-11,47,WI,BR107,paulevans@example.com,(549)267-4199x1605,Employed,2.2,69889.14,763,2017-06-30
CUST101385,Stephanie,Schneider,1976-11-01,49,NY,BR104,ogibson@example.com,+1-743-814-8722x557,Employed,0.1,62687.96,692,2015-07-10
CUST101389,Sheila,Watson,1991-12-10,34,NJ,BR108,DJOHNSON@EXAMPLE.ORG,296.210.1759,Unemployed,0.0,,566,2023-01-12
CUST101696,David,Benjamin,1996-02-10,30,PA,BR100,hartronald@example.net,001-396-446-0773x59569,Employed,1.7,80664.98,688,2013-12-13
CUST102403,Daniel,Jacobson,1976-12-15,49,IL,BR105,reynoldsrichard@example.net,+1-774-346-9707x11989,SE,0.3,14113.48,679,2023-07-15
CUST100334,Stephanie,Archer,1981-05-23,45,TN,BR108,dylan71@example.org,877-732-0101x702,Employed,4.2,43667.54,661,2014-01-01
CUST100184,Gina,Smith,1988-12-06,37,MA,BR102,qstanley@example.net,999-526-1891x411,Employed,13.9,54342.54,701,2020-10-22
CUST100823,Daniel,Baker,1995-03-04,31,VA,BR105,jessicamills@example.org,692-559-6790,Unemployed,0.0,24409.62,561,2018-02-19
CUST102235,Stefanie,Lynch,1995-02-20,31,OH,BR100,loweandrew@example.net,+1-558-477-7075x0139,EMPLOYED,5.5,125969.88,760,2026-06-02
CUST100941,  Samantha  ,Thomas,2005-07-19,21,TX,BR111,millerjessica@example.com,884-952-3542,Employed,1.4,55497.55,689,2015-08-07
CUST100284,Jamie,Rich,1984-03-03,42,MA,BR104,ashley46@example.net,(219)209-8624x058,Employed,1.6,67120.81,703,2022-03-20
CUST102262,  Amy  ,Johnson,1985-05-03,41,TX,BR108,aallison@example.org,(867)655-4753,Employed,20.3,89185.73,747,2023-07-05
CUST100165,Terri,Ortiz,1992-01-21,34,MO,BR107,donna43@example.org,8693872050,Self_Employed,6.1,86915.51,752,2016-02-12
CUST102395,Ryan,Hall,1982-05-13,44,NC,BR107,markgriffin@example.org,708-372-7410,Employed,2.3,52980.33,683,2025-05-24
CUST102346,Stephen,Williams,1965-11-23,60,MI,BR102,,303-820-8234,Employed,0.3,41270.82,661,2011-11-13
CUST102277,Michael,Mitchell,1998-12-16,27,TX,BR104,danarusso@example.org,652-348-8160x353,Employed,9.0,65369.74,654,2018-12-28
CUST101851,Michelle,Brown,1973-05-18,53,NJ,BR107,ericamccoy@example.org,537-888-0210, Employed ,15.4,42528.35,771,2018-12-19
CUST101718,Isaac,King,1994-12-17,31,NC,BR111,acostadylan@example.net,001-646-426-7132x0253,Employed,1.7,52903.09,712,2015-05-01
CUST100041,Ricky,Morris,1981-03-12,45,MI,BR103,hodgemark@example.net,246.980.7154x5168,Unemployed,0.0,,605,2017-11-20
CUST100779,Charles,Becker,1989-09-20,37,MO,BR106,ohiggins@example.net,335.610.4096,Employed,5.0,48416.47,662,2021-04-25
CUST101886,Thomas,Robinson,2001-07-17,25,FL,BR104,qmitchell@example.net,+1-930-281-8363x2939,Employed,6.2,49569.57,677,2014-05-31
CUST102397,Joseph,Warren,1973-01-11,53,WI,BR107,ashleybrown@example.org,5296172651,Employed,8.6,44818.36,640,2013-11-23
CUST102093,Kaitlin,Buchanan,2006-12-13,19,TX,BR101,gjenkins@example.net,9548171500,Employed,1.0,82039.41,759,2011-12-06
CUST102156,  Darrell  ,Gamble,1973-01-29,53,VA,BR100,patrickhodge@example.net,+1-611-856-7814x08282,Employed,5.6,114123.14,768,2016-04-29
CUST101685,Richard,Snow,1976-05-25,50,VA,BR105,thomasjennifer@example.org,2057687069,Employed,2.1,19949.35,720,2018-08-15
CUST100029,Elijah,Martinez,1965-09-29,60,MO,BR100,,852-899-1241x904,Employed,2.5,63517.68,671,2025-10-08
CUST100181,James,Watson,1984-10-05,41,TN,BR103,mcclainkatherine@example.net,800.633.5421,Self-Employed,1.4,63942.54,697,2014-03-20
CUST100634,Austin,Wiggins,2008-08-12,18,CO,BR111,ywilliams@example.net,001-982-821-0531x6117,Employed,0.0,92525.97,688,2024-06-30
CUST100104,  Caitlin  ,Cobb,1973-05-28,53,TX,BR101,xrice@example.org,001-410-788-3982,Employed,0.3,68766.89,726,2024-06-21
CUST100060,Elijah,Leblanc,1999-02-05,27,FL,BR110,davischristopher@example.com,352-880-9885, Employed ,0.7,24980.02,657,2016-12-30
CUST101107,Allen,Yates,1973-04-25,53,IL,BR110,thomasjones@example.net,,Employed,11.3,62371.37,732,2017-08-19
CUST100490,Colleen,Edwards,1960-03-27,66,WI,BR100,flemingwilliam@example.com,+1-309-503-8021x46296,self-employed,29.6,56180.18,694,2017-07-07
CUST100315,Tyler,Golden,1964-06-03,62,TN,BR102,cartertara@example.net,(275)567-0431,Unemployed,0.0,4683.64,583,2024-03-06
CUST101474,Anna,French,1981-03-08,45,IN,BR102,taylorchristopher@example.org,2088823846,Employed,7.8,70484.86,729,2018-11-09
CUST102032,Morgan,Tran,1984-06-07,42,TX,BR104,melissajones@example.com,834-424-1147x546,,7.2,28576.36,714,2015-10-28
CUST100381,Catherine,Gill,1990-06-11,36,MA,BR111,qgill@example.com,(751)299-6636,Employed,2.5,43135.19,741,2026-01-06
CUST100422,Katherine,Harvey,1973-06-18,53,CO,BR106,taylorvictor@example.org,(663)703-9752,Employed,1.2,84230.84,708,2021-04-28
CUST101406,Carrie,Garcia,2007-06-25,19,MI,BR108,fmiller@example.net,6303568709,Unemployed,0.0,21378.53,584,2013-08-28
CUST100445,Michael,Wilson,1987-05-18,39,MI,BR105,martinezdarlene@example.net,409.899.7419,Employed,8.3,32303.02,693,2018-12-12
CUST100663,Kelly,Sims,1972-06-27,54,NC,BR111,fgraham@example.com,9716587964,Employed,12.1,74604.8,751,2023-03-23
CUST101024,Derek,Baird,1964-04-09,62,CA,BR111,bakertommy@example.org,(528)214-4471x89395,Employed,19.1,65784.56,726,2020-04-22
CUST100626,Terri,Norman,1974-04-16,52,MI,BR102,laurenmathis@example.org,001-479-731-6477,Employed,8.3,62070.51,746,2012-10-23
CUST101481,Stephanie,Mckay,2008-06-15,18,CO,BR109,ajackson@example.org,001-466-703-2358x4180,Employed,0.0,105113.07,723,2016-11-12
CUST101512,Samuel,Alvarez,1970-10-04,55,MO,BR102,ritareyes@example.net,883-433-9192,Employed,3.7,66422.12,702,2013-05-26
CUST101112,Gary,Robertson,1992-05-27,34,NJ,BR105,barcher@example.net,850-949-2217x04861,Employed,6.1,60429.91,768,2012-03-02
CUST101507,Charles,Barnes,2007-03-12,19,CA,BR107,joseph59@example.com,861.721.8939x1270,Employed,0.1,74645.4,702,2012-03-01
CUST101484,Kelly,Horn,1987-09-03,39,MO,BR111,jaredhogan@example.net,6564308292,Employed,18.5,60314.3,776,2019-05-08
CUST100268,Marcia,Williams,1990-04-13,36,MA,BR101,brianbailey@example.org,4994451016,Employed,0.1,14871.94,665,2021-10-01
CUST101321,Heidi,Wilson,1964-09-02,62,PA,BR105,dawnsmith@example.org,(775)632-1633x61317,Employed,0.7,69914.89,757,2020-05-08
CUST101905,Mary,Murray,1969-12-23,56,WA,BR111,mayalexis@example.com,001-329-685-0230x50667,Employed,7.6,64779.85,719,2019-10-17
CUST101119,  Mark  ,Potts,1985-07-26,41,NY,BR102,elliszachary@example.net,001-259-827-4116,Self-Employed,12.6,0.0,693,2025-09-14
CUST100011,Lindsey,Chase,1968-10-19,57,NY,BR109,williamsyvette@example.org,432-867-7360,Employed,17.8,69684.6,764,2011-10-03
CUST100114,Michelle,Figueroa,1994-10-08,31,GA,BR110,greensarah@example.net,001-664-923-5369x3785,Employed,7.8,56099.52,758,2026-02-21
CUST100843,Jessica,Lloyd,1990-09-05,36,CA,BR100,bowmanjoel@example.net,(732)655-3983,Employed,6.2,61679.91,711,2015-09-14
CUST101452,Kyle,Giles,1976-11-18,49,MA,BR101,vasquezterri@example.com,479-996-5466,Employed,1.5,49514.61,733,2022-01-24
CUST101755,Glen,Hardy,1966-08-07,60,IL,BR100,snydermorgan@example.net,001-527-818-3224x0239,Employed,2.9,104332.38,796,2024-08-03
CUST101973,Michael,Johnson,1999-01-01,27,FL,BR102,pennysanchez@example.org,785-808-8087, Employed ,3.4,118245.76,765,2022-10-06
CUST101788,Michael,Boyd,2005-09-16,21,NJ,BR108,jacob26@example.org,338-614-0307x55984,Employed,1.8,75887.54,690,2025-01-22
CUST102400,  Reginald  ,Donovan,2002-04-15,24,WI,BR100,vsalazar@example.net,925.869.6411x350,Employed,5.6,56196.65,715,2023-06-15
CUST100773,Eileen,Burns,1993-08-01,33,WA,BR106,samuel40@example.com,620.607.8436x142,Self-Employed,1.8,47180.56,701,2014-05-13
CUST101979,Ryan,Harris,1980-12-15,45,AZ,BR107,hbrewer@example.com,674.689.5571x31984,Employed,13.1,63048.92,658,2026-01-06
CUST100690,Patrick,Berg,1998-07-06,28,FL,BR103,reginaldsmith@example.net,(429)623-1067,employed,6.5,66227.87,699,2016-10-03
CUST101946,Sara,Pittman,1962-05-11,64,CO,BR108,wrobertson@example.net,+1-781-892-0696,Employed,3.7,66217.39,693,2020-11-14
CUST100790,Nicholas,Fields,1973-08-11,53,MI,BR103,wardzachary@example.net,(566)791-3624,Employed,20.6,52155.97,727,2017-03-27
CUST100169,Lindsay,Miller,1950-06-14,76,NY,BR111,rarnold@example.net,309.398.6162x299,Employed,14.4,58726.0,727,2020-02-13
CUST102287,Tracy,Clark,1997-08-20,29,GA,BR105,brendamiller@example.net,001-790-494-1679,Self-Employed,7.3,54605.25,667,2021-06-14
CUST101184,Rose,Hughes,1990-03-19,36,CO,BR105,,(537)529-8268,Employed,3.4,47962.4,705,2015-10-28
CUST102121,Tyler,Stephens,1989-07-23,37,PA,BR106,zperez@example.org,(697)866-2084x078,Employed,9.7,48595.9,713,2015-07-01
CUST101553,Fred,Mendoza,1948-07-21,78,PA,BR109,brandy00@example.com,394.312.3254x6018,Retired,0.0,33312.36,705,2014-10-07
CUST100750,Craig,Miller,2007-07-30,19,VA,BR106,hernandezroy@example.org,001-320-207-2024x559,Unemployed,0.0,"$11,223.11",550,2014-03-10
CUST101819,William,Graham,1990-07-04,36,TX,BR109,awilliams@example.net,+1-230-376-4405x8355,Self-Employed,2.0,10960.35,601,2019-02-23
CUST102095,Ronnie,Webb,1998-04-03,28,CA,BR102,hamiltontony@example.net,692-528-3491,Self-Employed,10.0,51166.87,650,2011-11-19
CUST100591,Olivia,Sanford,1977-08-24,49,TX,BR101,stephaniebradley@example.org,(450)914-2576,Unemployed,0.0,,602,2011-09-26
CUST100807,  Shawn  ,Scott,1977-06-09,49,MA,BR105,richardharper@example.net,,Employed,5.3,65872.96,717,2019-09-16
CUST101083,Cassandra,Martinez,1986-12-10,39,AZ,BR111,vickiesnyder@example.net,829-216-3504,Employed,0.3,50457.54,649,2013-08-05
CUST101044,Christopher,Bradley,1980-07-31,46,OH,BR111,loritaylor@example.com,279.789.7906, Employed ,15.1,106994.05,812,2016-03-14
CUST101448,Kevin,Jordan,1986-10-22,39,Texas,BR103,elizabeth56@example.org,731-880-7392x0025,Employed,4.0,25066.39,705,2016-08-31
CUST100652,  Joshua  ,Simpson,1987-05-23,39,WA,BR109,johnperez@example.net,820.543.0977, Employed ,6.2,71196.63,759,2017-11-15
CUST102240,Alicia,Montgomery,1996-01-29,30,FL,BR110,johnsonchristopher@example.org,731.952.4041,Employed,0.8,134156.55,821,2016-08-08
CUST101666,Matthew,Rivas,1985-05-07,41,GA,BR109,hsolis@example.com,+1-733-257-6680,Employed,12.0,44531.21,740,2016-03-21
CUST101239,Lisa,Smith,1961-03-23,65,CO,BR104,franklin70@example.org,001-433-829-5945x23158,Employed,0.5,49273.74,746,2015-02-06
CUST100244,Andrea,Austin,1974-03-22,52,MO,BR102,robert51@example.org,910.622.0317x31096,Employed,8.4,77189.12,771,2012-06-15
CUST101387,Marissa,Cox,1983-04-28,43,IN,BR111,valdezrichard@example.org,341.636.2334x70407,Self-Employed,9.6,73615.06,727,2017-09-12
CUST102022,Anthony,Tanner,1996-01-14,30,AZ,BR111,vanessasellers@example.com,(306)822-6093,Employed,6.6,62001.74,680,2022-10-23
CUST100059,Shawn,Jacobs,1970-04-03,56,TN,BR106,mcguiredanny@example.net,+1-883-767-3657x6615,Employed,15.5,,772,2021-08-24
CUST101245,Michael,Byrd,1972-09-01,54,IL,BR102,moraelizabeth@example.com,(366)750-5276x12092,Employed,3.8,106511.73,809,2018-11-02
CUST100176,Matthew,Hill,1989-03-16,37,WA,BR109,michelle44@example.org,,Self-Employed,1.5,108070.65,698,2015-08-05
CUST100449,Michael,Medina,1982-09-16,44,OH,BR106,haileybates@example.org,503.724.3298,Employed,4.9,68979.55,732,2015-11-11
CUST100055,Melissa,Garcia,1983-09-03,43,TX,BR105,amy50@example.com,531-371-3900x532,Employed,14.7,65513.43,680,2024-02-07
CUST101972,Gregory,Hebert,1998-08-05,28,MA,BR104,michaelthomas@example.com,697.915.3596x47268,Employed,1.1,38720.25,651,2015-09-10
CUST101092,Rachel,Stewart,1986-08-08,40,CO,BR103,josephlee@example.net,615-535-5051,Self-Employed,5.5,69799.21,715,2022-06-18
CUST101768,  Seth  ,Young,1985-10-25,40,MA,BR103,,470.612.4931x645,Employed,9.5,92914.62,784,2026-05-17
CUST101737,Shane,Craig,1991-04-22,35,AZ,BR104,,267-702-0715x37842, Employed ,2.5,62345.7,761,2017-01-29
CUST101209,Rebecca,Nicholson,1978-03-13,48,MO,BR104,dorothy85@example.org,+1-373-656-1526x655,Employed,10.6,112547.83,808,2019-01-01
CUST100641,Wendy,Jackson,1986-06-02,40,MI,BR107,craigmartin@example.net,+1-832-989-6340x646,Employed,7.0,100068.69,788,2018-09-15
